exit_code,stdout,stderr,command,cwd,timestamp_utc,outer_start_ns,outer_stop_ns,boot_id,outer_wall_ns,stage,case,variant,engine,N,rep,order,permutation,schedule_index,mode,cohort,flags,binary_sha256,script_sha256,adapters,design_sha256,checksum,expected_checksum,payload,elapsed_ms,elapsed_per_call_ms,errors,valid
0,"WB_RESULT:{""mode"":""MAIN_MONOTONIC_V1_DERIVED"",""variant"":""navier_array"",""N"":256,""checksum"":925519576,""correctness"":""PASS"",""warmup_calls"":0,""start_ms"":0,""stop_ms"":1206.58,""elapsed_ms"":1206.58}
",,"[""/home/mzyx/jsc_build_fd3406f/JSCOnly/Release/bin/jsc"",""--useJIT=false"",""--useLLInt=true"",""--validateOptions=true"",""/mnt/c/Users/mzyx/Desktop/0921/js-interpreter-bench/experiments/three_engine_baseline/adapters/jsc.js"",""/mnt/c/Users/mzyx/Desktop/0921/js-interpreter-bench/experiments/timer_recovery/adapters/jsc.js"",""/mnt/c/Users/mzyx/Desktop/0921/js-interpreter-bench/experiments/whitebox_analysis/attempt01/microbench/generated/navier_array.N256.js""]",/mnt/c/Users/mzyx/Desktop/0921/js-interpreter-bench,2026-10-05T09:10:20.213102+00:00,299245618528,300478424160,b3ee321e-69da-462d-8718-4589949b17d0,1232805632,formal,navier,navier_array,jsc,256,1,3,"[""quickjs"",""v8"",""jsc""]",33,MAIN_MONOTONIC_V1_DERIVED,wsl2-ubuntu2404-x64-20261004,"[""--useJIT=false"",""--useLLInt=true"",""--validateOptions=true""]",65c824a055405bf62b05e21d54515a72a1f0187a4d91225d00a6da969d35879f,220c29be96768ad6b45909316a0b62927e388b12cdcd01a996e5a1a141b324a3,"[{""path"":""/mnt/c/Users/mzyx/Desktop/0921/js-interpreter-bench/experiments/three_engine_baseline/adapters/jsc.js"",""sha256"":""f9ddbb9556352e283b9c9feebc8bdd0ef1abac5bcdf1ab7a5d83945fa3c9437b""},{""path"":""/mnt/c/Users/mzyx/Desktop/0921/js-interpreter-bench/experiments/timer_recovery/adapters/jsc.js"",""sha256"":""0c485996a598b7e36f2f292b66397adc0390cbe6b69b55199e47e1c6c1e37010""}]",7354c1868ce2f8a6cc0d43c8be772c69eece3966b70d20df8f98270cddf07e2b,925519576,925519576,"{""mode"":""MAIN_MONOTONIC_V1_DERIVED"",""variant"":""navier_array"",""N"":256,""checksum"":925519576,""correctness"":""PASS"",""warmup_calls"":0,""start_ms"":0,""stop_ms"":1206.58,""elapsed_ms"":1206.58}",1206.58,4.713203125,[],True
0,"WB_RESULT:{""mode"":""MAIN_MONOTONIC_V1_DERIVED"",""variant"":""navier_array"",""N"":256,""checksum"":925519576,""correctness"":""PASS"",""warmup_calls"":0,""start_ms"":295941.952237,""stop_ms"":297251.976356,""elapsed_ms"":1310.0241190000088}
",,"[""/home/mzyx/three_engine_20261004/quickjs-04be246001599f5995fa2f2d8c91a0f198d3f34c/qjs"",""-I"",""/mnt/c/Users/mzyx/Desktop/0921/js-interpreter-bench/experiments/three_engine_baseline/adapters/quickjs.js"",""-I"",""/mnt/c/Users/mzyx/Desktop/0921/js-interpreter-bench/experiments/timer_recovery/adapters/quickjs.js"",""/mnt/c/Users/mzyx/Desktop/0921/js-interpreter-bench/experiments/whitebox_analysis/attempt01/microbench/generated/navier_array.N256.js""]",/mnt/c/Users/mzyx/Desktop/0921/js-interpreter-bench,2026-10-05T09:10:16.987690+00:00,295930133385,297253013305,b3ee321e-69da-462d-8718-4589949b17d0,1322879920,formal,navier,navier_array,quickjs,256,1,1,"[""quickjs"",""v8"",""jsc""]",33,MAIN_MONOTONIC_V1_DERIVED,wsl2-ubuntu2404-x64-20261004,[],140d5233b0337d91cb0f994ae4a051e49aa04da8802acfaedf0a01b81a620b79,220c29be96768ad6b45909316a0b62927e388b12cdcd01a996e5a1a141b324a3,"[{""path"":""/mnt/c/Users/mzyx/Desktop/0921/js-interpreter-bench/experiments/three_engine_baseline/adapters/quickjs.js"",""sha256"":""f20aa7b460675d08600a58945203034feb50b2a3515aba579219f648b1235c6c""},{""path"":""/mnt/c/Users/mzyx/Desktop/0921/js-interpreter-bench/experiments/timer_recovery/adapters/quickjs.js"",""sha256"":""cd393c275173f20526562a008951f65a332deffed85e7c804519788b8ebffab7""}]",7354c1868ce2f8a6cc0d43c8be772c69eece3966b70d20df8f98270cddf07e2b,925519576,925519576,"{""mode"":""MAIN_MONOTONIC_V1_DERIVED"",""variant"":""navier_array"",""N"":256,""checksum"":925519576,""correctness"":""PASS"",""warmup_calls"":0,""start_ms"":295941.952237,""stop_ms"":297251.976356,""elapsed_ms"":1310.0241190000088}",1310.0241190000088,5.117281714843784,[],True
0,"WB_RESULT:{""mode"":""MAIN_MONOTONIC_V1_DERIVED"",""variant"":""navier_array"",""N"":256,""checksum"":925519576,""correctness"":""PASS"",""warmup_calls"":0,""start_ms"":31.331,""stop_ms"":1710.658,""elapsed_ms"":1679.327}
",,"[""/home/mzyx/three_engine_20261004/v8-linux64-rel-15.6.21/d8"",""--snapshot_blob=/home/mzyx/three_engine_20261004/v8-linux64-rel-15.6.21/snapshot_blob.bin"",""--max-opt=0"",""--no-lazy"",""/mnt/c/Users/mzyx/Desktop/0921/js-interpreter-bench/experiments/three_engine_baseline/adapters/v8.js"",""/mnt/c/Users/mzyx/Desktop/0921/js-interpreter-bench/experiments/timer_recovery/adapters/v8.js"",""/mnt/c/Users/mzyx/Desktop/0921/js-interpreter-bench/experiments/whitebox_analysis/attempt01/microbench/generated/navier_array.N256.js""]",/mnt/c/Users/mzyx/Desktop/0921/js-interpreter-bench,2026-10-05T09:10:18.846682+00:00,297391949181,299112003799,b3ee321e-69da-462d-8718-4589949b17d0,1720054618,formal,navier,navier_array,v8,256,1,2,"[""quickjs"",""v8"",""jsc""]",33,MAIN_MONOTONIC_V1_DERIVED,wsl2-ubuntu2404-x64-20261004,"[""--max-opt=0"",""--no-lazy""]",83b744a5953d2662ea723564d4035a333782a0cc85232d1025929a925150b133,220c29be96768ad6b45909316a0b62927e388b12cdcd01a996e5a1a141b324a3,"[{""path"":""/mnt/c/Users/mzyx/Desktop/0921/js-interpreter-bench/experiments/three_engine_baseline/adapters/v8.js"",""sha256"":""0ab3ed677381191d7e7839cbbc3f07895104a8b8299679ab9f37b856d76d3a22""},{""path"":""/mnt/c/Users/mzyx/Desktop/0921/js-interpreter-bench/experiments/timer_recovery/adapters/v8.js"",""sha256"":""e610d3aa3d2672a5e6d5eccd9aaf05c6ae6758d1b9c4468289f017a231ab7d9f""}]",7354c1868ce2f8a6cc0d43c8be772c69eece3966b70d20df8f98270cddf07e2b,925519576,925519576,"{""mode"":""MAIN_MONOTONIC_V1_DERIVED"",""variant"":""navier_array"",""N"":256,""checksum"":925519576,""correctness"":""PASS"",""warmup_calls"":0,""start_ms"":31.331,""stop_ms"":1710.658,""elapsed_ms"":1679.327}",1679.327,6.55987109375,[],True
0,"WB_RESULT:{""mode"":""MAIN_MONOTONIC_V1_DERIVED"",""variant"":""navier_array"",""N"":256,""checksum"":925519576,""correctness"":""PASS"",""warmup_calls"":0,""start_ms"":0,""stop_ms"":1185.9,""elapsed_ms"":1185.9}
",,"[""/home/mzyx/jsc_build_fd3406f/JSCOnly/Release/bin/jsc"",""--useJIT=false"",""--useLLInt=true"",""--validateOptions=true"",""/mnt/c/Users/mzyx/Desktop/0921/js-interpreter-bench/experiments/three_engine_baseline/adapters/jsc.js"",""/mnt/c/Users/mzyx/Desktop/0921/js-interpreter-bench/experiments/timer_recovery/adapters/jsc.js"",""/mnt/c/Users/mzyx/Desktop/0921/js-interpreter-bench/experiments/whitebox_analysis/attempt01/microbench/generated/navier_array.N256.js""]",/mnt/c/Users/mzyx/Desktop/0921/js-interpreter-bench,2026-10-05T09:16:38.956631+00:00,706734909390,707947041590,b3ee321e-69da-462d-8718-4589949b17d0,1212132200,formal,navier,navier_array,jsc,256,10,3,"[""quickjs"",""v8"",""jsc""]",108,MAIN_MONOTONIC_V1_DERIVED,wsl2-ubuntu2404-x64-20261004,"[""--useJIT=false"",""--useLLInt=true"",""--validateOptions=true""]",65c824a055405bf62b05e21d54515a72a1f0187a4d91225d00a6da969d35879f,220c29be96768ad6b45909316a0b62927e388b12cdcd01a996e5a1a141b324a3,"[{""path"":""/mnt/c/Users/mzyx/Desktop/0921/js-interpreter-bench/experiments/three_engine_baseline/adapters/jsc.js"",""sha256"":""f9ddbb9556352e283b9c9feebc8bdd0ef1abac5bcdf1ab7a5d83945fa3c9437b""},{""path"":""/mnt/c/Users/mzyx/Desktop/0921/js-interpreter-bench/experiments/timer_recovery/adapters/jsc.js"",""sha256"":""0c485996a598b7e36f2f292b66397adc0390cbe6b69b55199e47e1c6c1e37010""}]",7354c1868ce2f8a6cc0d43c8be772c69eece3966b70d20df8f98270cddf07e2b,925519576,925519576,"{""mode"":""MAIN_MONOTONIC_V1_DERIVED"",""variant"":""navier_array"",""N"":256,""checksum"":925519576,""correctness"":""PASS"",""warmup_calls"":0,""start_ms"":0,""stop_ms"":1185.9,""elapsed_ms"":1185.9}",1185.9,4.632421875,[],True
0,"WB_RESULT:{""mode"":""MAIN_MONOTONIC_V1_DERIVED"",""variant"":""navier_array"",""N"":256,""checksum"":925519576,""correctness"":""PASS"",""warmup_calls"":0,""start_ms"":703391.292112,""stop_ms"":704692.25801,""elapsed_ms"":1300.9658979999367}
",,"[""/home/mzyx/three_engine_20261004/quickjs-04be246001599f5995fa2f2d8c91a0f198d3f34c/qjs"",""-I"",""/mnt/c/Users/mzyx/Desktop/0921/js-interpreter-bench/experiments/three_engine_baseline/adapters/quickjs.js"",""-I"",""/mnt/c/Users/mzyx/Desktop/0921/js-interpreter-bench/experiments/timer_recovery/adapters/quickjs.js"",""/mnt/c/Users/mzyx/Desktop/0921/js-interpreter-bench/experiments/whitebox_analysis/attempt01/microbench/generated/navier_array.N256.js""]",/mnt/c/Users/mzyx/Desktop/0921/js-interpreter-bench,2026-10-05T09:16:35.703408+00:00,703379553334,704693829956,b3ee321e-69da-462d-8718-4589949b17d0,1314276622,formal,navier,navier_array,quickjs,256,10,1,"[""quickjs"",""v8"",""jsc""]",108,MAIN_MONOTONIC_V1_DERIVED,wsl2-ubuntu2404-x64-20261004,[],140d5233b0337d91cb0f994ae4a051e49aa04da8802acfaedf0a01b81a620b79,220c29be96768ad6b45909316a0b62927e388b12cdcd01a996e5a1a141b324a3,"[{""path"":""/mnt/c/Users/mzyx/Desktop/0921/js-interpreter-bench/experiments/three_engine_baseline/adapters/quickjs.js"",""sha256"":""f20aa7b460675d08600a58945203034feb50b2a3515aba579219f648b1235c6c""},{""path"":""/mnt/c/Users/mzyx/Desktop/0921/js-interpreter-bench/experiments/timer_recovery/adapters/quickjs.js"",""sha256"":""cd393c275173f20526562a008951f65a332deffed85e7c804519788b8ebffab7""}]",7354c1868ce2f8a6cc0d43c8be772c69eece3966b70d20df8f98270cddf07e2b,925519576,925519576,"{""mode"":""MAIN_MONOTONIC_V1_DERIVED"",""variant"":""navier_array"",""N"":256,""checksum"":925519576,""correctness"":""PASS"",""warmup_calls"":0,""start_ms"":703391.292112,""stop_ms"":704692.25801,""elapsed_ms"":1300.9658979999367}",1300.9658979999367,5.081898039062253,[],True
0,"WB_RESULT:{""mode"":""MAIN_MONOTONIC_V1_DERIVED"",""variant"":""navier_array"",""N"":256,""checksum"":925519576,""correctness"":""PASS"",""warmup_calls"":0,""start_ms"":38.898,""stop_ms"":1753.238,""elapsed_ms"":1714.3400000000001}
",,"[""/home/mzyx/three_engine_20261004/v8-linux64-rel-15.6.21/d8"",""--snapshot_blob=/home/mzyx/three_engine_20261004/v8-linux64-rel-15.6.21/snapshot_blob.bin"",""--max-opt=0"",""--no-lazy"",""/mnt/c/Users/mzyx/Desktop/0921/js-interpreter-bench/experiments/three_engine_baseline/adapters/v8.js"",""/mnt/c/Users/mzyx/Desktop/0921/js-interpreter-bench/experiments/timer_recovery/adapters/v8.js"",""/mnt/c/Users/mzyx/Desktop/0921/js-interpreter-bench/experiments/whitebox_analysis/attempt01/microbench/generated/navier_array.N256.js""]",/mnt/c/Users/mzyx/Desktop/0921/js-interpreter-bench,2026-10-05T09:16:37.602106+00:00,704829966050,706592516041,b3ee321e-69da-462d-8718-4589949b17d0,1762549991,formal,navier,navier_array,v8,256,10,2,"[""quickjs"",""v8"",""jsc""]",108,MAIN_MONOTONIC_V1_DERIVED,wsl2-ubuntu2404-x64-20261004,"[""--max-opt=0"",""--no-lazy""]",83b744a5953d2662ea723564d4035a333782a0cc85232d1025929a925150b133,220c29be96768ad6b45909316a0b62927e388b12cdcd01a996e5a1a141b324a3,"[{""path"":""/mnt/c/Users/mzyx/Desktop/0921/js-interpreter-bench/experiments/three_engine_baseline/adapters/v8.js"",""sha256"":""0ab3ed677381191d7e7839cbbc3f07895104a8b8299679ab9f37b856d76d3a22""},{""path"":""/mnt/c/Users/mzyx/Desktop/0921/js-interpreter-bench/experiments/timer_recovery/adapters/v8.js"",""sha256"":""e610d3aa3d2672a5e6d5eccd9aaf05c6ae6758d1b9c4468289f017a231ab7d9f""}]",7354c1868ce2f8a6cc0d43c8be772c69eece3966b70d20df8f98270cddf07e2b,925519576,925519576,"{""mode"":""MAIN_MONOTONIC_V1_DERIVED"",""variant"":""navier_array"",""N"":256,""checksum"":925519576,""correctness"":""PASS"",""warmup_calls"":0,""start_ms"":38.898,""stop_ms"":1753.238,""elapsed_ms"":1714.3400000000001}",1714.3400000000001,6.696640625000001,[],True
0,"WB_RESULT:{""mode"":""MAIN_MONOTONIC_V1_DERIVED"",""variant"":""navier_array"",""N"":256,""checksum"":925519576,""correctness"":""PASS"",""warmup_calls"":0,""start_ms"":0,""stop_ms"":1240.16,""elapsed_ms"":1240.16}
",,"[""/home/mzyx/jsc_build_fd3406f/JSCOnly/Release/bin/jsc"",""--useJIT=false"",""--useLLInt=true"",""--validateOptions=true"",""/mnt/c/Users/mzyx/Desktop/0921/js-interpreter-bench/experiments/three_engine_baseline/adapters/jsc.js"",""/mnt/c/Users/mzyx/Desktop/0921/js-interpreter-bench/experiments/timer_recovery/adapters/jsc.js"",""/mnt/c/Users/mzyx/Desktop/0921/js-interpreter-bench/experiments/whitebox_analysis/attempt01/microbench/generated/navier_array.N256.js""]",/mnt/c/Users/mzyx/Desktop/0921/js-interpreter-bench,2026-10-05T09:17:13.432880+00:00,743355026606,744633552479,b3ee321e-69da-462d-8718-4589949b17d0,1278525873,formal,navier,navier_array,jsc,256,11,1,"[""jsc"",""quickjs"",""v8""]",116,MAIN_MONOTONIC_V1_DERIVED,wsl2-ubuntu2404-x64-20261004,"[""--useJIT=false"",""--useLLInt=true"",""--validateOptions=true""]",65c824a055405bf62b05e21d54515a72a1f0187a4d91225d00a6da969d35879f,220c29be96768ad6b45909316a0b62927e388b12cdcd01a996e5a1a141b324a3,"[{""path"":""/mnt/c/Users/mzyx/Desktop/0921/js-interpreter-bench/experiments/three_engine_baseline/adapters/jsc.js"",""sha256"":""f9ddbb9556352e283b9c9feebc8bdd0ef1abac5bcdf1ab7a5d83945fa3c9437b""},{""path"":""/mnt/c/Users/mzyx/Desktop/0921/js-interpreter-bench/experiments/timer_recovery/adapters/jsc.js"",""sha256"":""0c485996a598b7e36f2f292b66397adc0390cbe6b69b55199e47e1c6c1e37010""}]",7354c1868ce2f8a6cc0d43c8be772c69eece3966b70d20df8f98270cddf07e2b,925519576,925519576,"{""mode"":""MAIN_MONOTONIC_V1_DERIVED"",""variant"":""navier_array"",""N"":256,""checksum"":925519576,""correctness"":""PASS"",""warmup_calls"":0,""start_ms"":0,""stop_ms"":1240.16,""elapsed_ms"":1240.16}",1240.16,4.844375,[],True
0,"WB_RESULT:{""mode"":""MAIN_MONOTONIC_V1_DERIVED"",""variant"":""navier_array"",""N"":256,""checksum"":925519576,""correctness"":""PASS"",""warmup_calls"":0,""start_ms"":744796.10701,""stop_ms"":746040.112924,""elapsed_ms"":1244.0059139999794}
",,"[""/home/mzyx/three_engine_20261004/quickjs-04be246001599f5995fa2f2d8c91a0f198d3f34c/qjs"",""-I"",""/mnt/c/Users/mzyx/Desktop/0921/js-interpreter-bench/experiments/three_engine_baseline/adapters/quickjs.js"",""-I"",""/mnt/c/Users/mzyx/Desktop/0921/js-interpreter-bench/experiments/timer_recovery/adapters/quickjs.js"",""/mnt/c/Users/mzyx/Desktop/0921/js-interpreter-bench/experiments/whitebox_analysis/attempt01/microbench/generated/navier_array.N256.js""]",/mnt/c/Users/mzyx/Desktop/0921/js-interpreter-bench,2026-10-05T09:17:14.840915+00:00,744781774091,746041403675,b3ee321e-69da-462d-8718-4589949b17d0,1259629584,formal,navier,navier_array,quickjs,256,11,2,"[""jsc"",""quickjs"",""v8""]",116,MAIN_MONOTONIC_V1_DERIVED,wsl2-ubuntu2404-x64-20261004,[],140d5233b0337d91cb0f994ae4a051e49aa04da8802acfaedf0a01b81a620b79,220c29be96768ad6b45909316a0b62927e388b12cdcd01a996e5a1a141b324a3,"[{""path"":""/mnt/c/Users/mzyx/Desktop/0921/js-interpreter-bench/experiments/three_engine_baseline/adapters/quickjs.js"",""sha256"":""f20aa7b460675d08600a58945203034feb50b2a3515aba579219f648b1235c6c""},{""path"":""/mnt/c/Users/mzyx/Desktop/0921/js-interpreter-bench/experiments/timer_recovery/adapters/quickjs.js"",""sha256"":""cd393c275173f20526562a008951f65a332deffed85e7c804519788b8ebffab7""}]",7354c1868ce2f8a6cc0d43c8be772c69eece3966b70d20df8f98270cddf07e2b,925519576,925519576,"{""mode"":""MAIN_MONOTONIC_V1_DERIVED"",""variant"":""navier_array"",""N"":256,""checksum"":925519576,""correctness"":""PASS"",""warmup_calls"":0,""start_ms"":744796.10701,""stop_ms"":746040.112924,""elapsed_ms"":1244.0059139999794}",1244.0059139999794,4.8593981015624195,[],True
0,"WB_RESULT:{""mode"":""MAIN_MONOTONIC_V1_DERIVED"",""variant"":""navier_array"",""N"":256,""checksum"":925519576,""correctness"":""PASS"",""warmup_calls"":0,""start_ms"":50.361,""stop_ms"":1746.027,""elapsed_ms"":1695.666}
",,"[""/home/mzyx/three_engine_20261004/v8-linux64-rel-15.6.21/d8"",""--snapshot_blob=/home/mzyx/three_engine_20261004/v8-linux64-rel-15.6.21/snapshot_blob.bin"",""--max-opt=0"",""--no-lazy"",""/mnt/c/Users/mzyx/Desktop/0921/js-interpreter-bench/experiments/three_engine_baseline/adapters/v8.js"",""/mnt/c/Users/mzyx/Desktop/0921/js-interpreter-bench/experiments/timer_recovery/adapters/v8.js"",""/mnt/c/Users/mzyx/Desktop/0921/js-interpreter-bench/experiments/whitebox_analysis/attempt01/microbench/generated/navier_array.N256.js""]",/mnt/c/Users/mzyx/Desktop/0921/js-interpreter-bench,2026-10-05T09:17:16.730295+00:00,746174352041,747930743335,b3ee321e-69da-462d-8718-4589949b17d0,1756391294,formal,navier,navier_array,v8,256,11,3,"[""jsc"",""quickjs"",""v8""]",116,MAIN_MONOTONIC_V1_DERIVED,wsl2-ubuntu2404-x64-20261004,"[""--max-opt=0"",""--no-lazy""]",83b744a5953d2662ea723564d4035a333782a0cc85232d1025929a925150b133,220c29be96768ad6b45909316a0b62927e388b12cdcd01a996e5a1a141b324a3,"[{""path"":""/mnt/c/Users/mzyx/Desktop/0921/js-interpreter-bench/experiments/three_engine_baseline/adapters/v8.js"",""sha256"":""0ab3ed677381191d7e7839cbbc3f07895104a8b8299679ab9f37b856d76d3a22""},{""path"":""/mnt/c/Users/mzyx/Desktop/0921/js-interpreter-bench/experiments/timer_recovery/adapters/v8.js"",""sha256"":""e610d3aa3d2672a5e6d5eccd9aaf05c6ae6758d1b9c4468289f017a231ab7d9f""}]",7354c1868ce2f8a6cc0d43c8be772c69eece3966b70d20df8f98270cddf07e2b,925519576,925519576,"{""mode"":""MAIN_MONOTONIC_V1_DERIVED"",""variant"":""navier_array"",""N"":256,""checksum"":925519576,""correctness"":""PASS"",""warmup_calls"":0,""start_ms"":50.361,""stop_ms"":1746.027,""elapsed_ms"":1695.666}",1695.666,6.6236953125,[],True
0,"WB_RESULT:{""mode"":""MAIN_MONOTONIC_V1_DERIVED"",""variant"":""navier_array"",""N"":256,""checksum"":925519576,""correctness"":""PASS"",""warmup_calls"":0,""start_ms"":0,""stop_ms"":1157.1,""elapsed_ms"":1157.1}
",,"[""/home/mzyx/jsc_build_fd3406f/JSCOnly/Release/bin/jsc"",""--useJIT=false"",""--useLLInt=true"",""--validateOptions=true"",""/mnt/c/Users/mzyx/Desktop/0921/js-interpreter-bench/experiments/three_engine_baseline/adapters/jsc.js"",""/mnt/c/Users/mzyx/Desktop/0921/js-interpreter-bench/experiments/timer_recovery/adapters/jsc.js"",""/mnt/c/Users/mzyx/Desktop/0921/js-interpreter-bench/experiments/whitebox_analysis/attempt01/microbench/generated/navier_array.N256.js""]",/mnt/c/Users/mzyx/Desktop/0921/js-interpreter-bench,2026-10-05T09:09:26.436675+00:00,241000031124,242185790800,b3ee321e-69da-462d-8718-4589949b17d0,1185759676,formal,navier,navier_array,jsc,256,12,1,"[""jsc"",""quickjs"",""v8""]",23,MAIN_MONOTONIC_V1_DERIVED,wsl2-ubuntu2404-x64-20261004,"[""--useJIT=false"",""--useLLInt=true"",""--validateOptions=true""]",65c824a055405bf62b05e21d54515a72a1f0187a4d91225d00a6da969d35879f,220c29be96768ad6b45909316a0b62927e388b12cdcd01a996e5a1a141b324a3,"[{""path"":""/mnt/c/Users/mzyx/Desktop/0921/js-interpreter-bench/experiments/three_engine_baseline/adapters/jsc.js"",""sha256"":""f9ddbb9556352e283b9c9feebc8bdd0ef1abac5bcdf1ab7a5d83945fa3c9437b""},{""path"":""/mnt/c/Users/mzyx/Desktop/0921/js-interpreter-bench/experiments/timer_recovery/adapters/jsc.js"",""sha256"":""0c485996a598b7e36f2f292b66397adc0390cbe6b69b55199e47e1c6c1e37010""}]",7354c1868ce2f8a6cc0d43c8be772c69eece3966b70d20df8f98270cddf07e2b,925519576,925519576,"{""mode"":""MAIN_MONOTONIC_V1_DERIVED"",""variant"":""navier_array"",""N"":256,""checksum"":925519576,""correctness"":""PASS"",""warmup_calls"":0,""start_ms"":0,""stop_ms"":1157.1,""elapsed_ms"":1157.1}",1157.1,4.519921875,[],True
0,"WB_RESULT:{""mode"":""MAIN_MONOTONIC_V1_DERIVED"",""variant"":""navier_array"",""N"":256,""checksum"":925519576,""correctness"":""PASS"",""warmup_calls"":0,""start_ms"":242337.967343,""stop_ms"":243623.688547,""elapsed_ms"":1285.7212040000013}
",,"[""/home/mzyx/three_engine_20261004/quickjs-04be246001599f5995fa2f2d8c91a0f198d3f34c/qjs"",""-I"",""/mnt/c/Users/mzyx/Desktop/0921/js-interpreter-bench/experiments/three_engine_baseline/adapters/quickjs.js"",""-I"",""/mnt/c/Users/mzyx/Desktop/0921/js-interpreter-bench/experiments/timer_recovery/adapters/quickjs.js"",""/mnt/c/Users/mzyx/Desktop/0921/js-interpreter-bench/experiments/whitebox_analysis/attempt01/microbench/generated/navier_array.N256.js""]",/mnt/c/Users/mzyx/Desktop/0921/js-interpreter-bench,2026-10-05T09:09:27.875615+00:00,242326627730,243624730424,b3ee321e-69da-462d-8718-4589949b17d0,1298102694,formal,navier,navier_array,quickjs,256,12,2,"[""jsc"",""quickjs"",""v8""]",23,MAIN_MONOTONIC_V1_DERIVED,wsl2-ubuntu2404-x64-20261004,[],140d5233b0337d91cb0f994ae4a051e49aa04da8802acfaedf0a01b81a620b79,220c29be96768ad6b45909316a0b62927e388b12cdcd01a996e5a1a141b324a3,"[{""path"":""/mnt/c/Users/mzyx/Desktop/0921/js-interpreter-bench/experiments/three_engine_baseline/adapters/quickjs.js"",""sha256"":""f20aa7b460675d08600a58945203034feb50b2a3515aba579219f648b1235c6c""},{""path"":""/mnt/c/Users/mzyx/Desktop/0921/js-interpreter-bench/experiments/timer_recovery/adapters/quickjs.js"",""sha256"":""cd393c275173f20526562a008951f65a332deffed85e7c804519788b8ebffab7""}]",7354c1868ce2f8a6cc0d43c8be772c69eece3966b70d20df8f98270cddf07e2b,925519576,925519576,"{""mode"":""MAIN_MONOTONIC_V1_DERIVED"",""variant"":""navier_array"",""N"":256,""checksum"":925519576,""correctness"":""PASS"",""warmup_calls"":0,""start_ms"":242337.967343,""stop_ms"":243623.688547,""elapsed_ms"":1285.7212040000013}",1285.7212040000013,5.022348453125005,[],True
0,"WB_RESULT:{""mode"":""MAIN_MONOTONIC_V1_DERIVED"",""variant"":""navier_array"",""N"":256,""checksum"":925519576,""correctness"":""PASS"",""warmup_calls"":0,""start_ms"":29.138,""stop_ms"":1731.688,""elapsed_ms"":1702.5500000000002}
",,"[""/home/mzyx/three_engine_20261004/v8-linux64-rel-15.6.21/d8"",""--snapshot_blob=/home/mzyx/three_engine_20261004/v8-linux64-rel-15.6.21/snapshot_blob.bin"",""--max-opt=0"",""--no-lazy"",""/mnt/c/Users/mzyx/Desktop/0921/js-interpreter-bench/experiments/three_engine_baseline/adapters/v8.js"",""/mnt/c/Users/mzyx/Desktop/0921/js-interpreter-bench/experiments/timer_recovery/adapters/v8.js"",""/mnt/c/Users/mzyx/Desktop/0921/js-interpreter-bench/experiments/whitebox_analysis/attempt01/microbench/generated/navier_array.N256.js""]",/mnt/c/Users/mzyx/Desktop/0921/js-interpreter-bench,2026-10-05T09:09:29.752233+00:00,243760474757,245501346846,b3ee321e-69da-462d-8718-4589949b17d0,1740872089,formal,navier,navier_array,v8,256,12,3,"[""jsc"",""quickjs"",""v8""]",23,MAIN_MONOTONIC_V1_DERIVED,wsl2-ubuntu2404-x64-20261004,"[""--max-opt=0"",""--no-lazy""]",83b744a5953d2662ea723564d4035a333782a0cc85232d1025929a925150b133,220c29be96768ad6b45909316a0b62927e388b12cdcd01a996e5a1a141b324a3,"[{""path"":""/mnt/c/Users/mzyx/Desktop/0921/js-interpreter-bench/experiments/three_engine_baseline/adapters/v8.js"",""sha256"":""0ab3ed677381191d7e7839cbbc3f07895104a8b8299679ab9f37b856d76d3a22""},{""path"":""/mnt/c/Users/mzyx/Desktop/0921/js-interpreter-bench/experiments/timer_recovery/adapters/v8.js"",""sha256"":""e610d3aa3d2672a5e6d5eccd9aaf05c6ae6758d1b9c4468289f017a231ab7d9f""}]",7354c1868ce2f8a6cc0d43c8be772c69eece3966b70d20df8f98270cddf07e2b,925519576,925519576,"{""mode"":""MAIN_MONOTONIC_V1_DERIVED"",""variant"":""navier_array"",""N"":256,""checksum"":925519576,""correctness"":""PASS"",""warmup_calls"":0,""start_ms"":29.138,""stop_ms"":1731.688,""elapsed_ms"":1702.5500000000002}",1702.5500000000002,6.650585937500001,[],True
0,"WB_RESULT:{""mode"":""MAIN_MONOTONIC_V1_DERIVED"",""variant"":""navier_array"",""N"":256,""checksum"":925519576,""correctness"":""PASS"",""warmup_calls"":0,""start_ms"":0,""stop_ms"":1191.74,""elapsed_ms"":1191.74}
",,"[""/home/mzyx/jsc_build_fd3406f/JSCOnly/Release/bin/jsc"",""--useJIT=false"",""--useLLInt=true"",""--validateOptions=true"",""/mnt/c/Users/mzyx/Desktop/0921/js-interpreter-bench/experiments/three_engine_baseline/adapters/jsc.js"",""/mnt/c/Users/mzyx/Desktop/0921/js-interpreter-bench/experiments/timer_recovery/adapters/jsc.js"",""/mnt/c/Users/mzyx/Desktop/0921/js-interpreter-bench/experiments/whitebox_analysis/attempt01/microbench/generated/navier_array.N256.js""]",/mnt/c/Users/mzyx/Desktop/0921/js-interpreter-bench,2026-10-05T09:10:08.234581+00:00,287254719745,288499914892,b3ee321e-69da-462d-8718-4589949b17d0,1245195147,formal,navier,navier_array,jsc,256,13,2,"[""v8"",""jsc"",""quickjs""]",31,MAIN_MONOTONIC_V1_DERIVED,wsl2-ubuntu2404-x64-20261004,"[""--useJIT=false"",""--useLLInt=true"",""--validateOptions=true""]",65c824a055405bf62b05e21d54515a72a1f0187a4d91225d00a6da969d35879f,220c29be96768ad6b45909316a0b62927e388b12cdcd01a996e5a1a141b324a3,"[{""path"":""/mnt/c/Users/mzyx/Desktop/0921/js-interpreter-bench/experiments/three_engine_baseline/adapters/jsc.js"",""sha256"":""f9ddbb9556352e283b9c9feebc8bdd0ef1abac5bcdf1ab7a5d83945fa3c9437b""},{""path"":""/mnt/c/Users/mzyx/Desktop/0921/js-interpreter-bench/experiments/timer_recovery/adapters/jsc.js"",""sha256"":""0c485996a598b7e36f2f292b66397adc0390cbe6b69b55199e47e1c6c1e37010""}]",7354c1868ce2f8a6cc0d43c8be772c69eece3966b70d20df8f98270cddf07e2b,925519576,925519576,"{""mode"":""MAIN_MONOTONIC_V1_DERIVED"",""variant"":""navier_array"",""N"":256,""checksum"":925519576,""correctness"":""PASS"",""warmup_calls"":0,""start_ms"":0,""stop_ms"":1191.74,""elapsed_ms"":1191.74}",1191.74,4.655234375,[],True
0,"WB_RESULT:{""mode"":""MAIN_MONOTONIC_V1_DERIVED"",""variant"":""navier_array"",""N"":256,""checksum"":925519576,""correctness"":""PASS"",""warmup_calls"":0,""start_ms"":288663.498418,""stop_ms"":289905.429719,""elapsed_ms"":1241.9313010000042}
",,"[""/home/mzyx/three_engine_20261004/quickjs-04be246001599f5995fa2f2d8c91a0f198d3f34c/qjs"",""-I"",""/mnt/c/Users/mzyx/Desktop/0921/js-interpreter-bench/experiments/three_engine_baseline/adapters/quickjs.js"",""-I"",""/mnt/c/Users/mzyx/Desktop/0921/js-interpreter-bench/experiments/timer_recovery/adapters/quickjs.js"",""/mnt/c/Users/mzyx/Desktop/0921/js-interpreter-bench/experiments/whitebox_analysis/attempt01/microbench/generated/navier_array.N256.js""]",/mnt/c/Users/mzyx/Desktop/0921/js-interpreter-bench,2026-10-05T09:10:09.640995+00:00,288650665605,289906317160,b3ee321e-69da-462d-8718-4589949b17d0,1255651555,formal,navier,navier_array,quickjs,256,13,3,"[""v8"",""jsc"",""quickjs""]",31,MAIN_MONOTONIC_V1_DERIVED,wsl2-ubuntu2404-x64-20261004,[],140d5233b0337d91cb0f994ae4a051e49aa04da8802acfaedf0a01b81a620b79,220c29be96768ad6b45909316a0b62927e388b12cdcd01a996e5a1a141b324a3,"[{""path"":""/mnt/c/Users/mzyx/Desktop/0921/js-interpreter-bench/experiments/three_engine_baseline/adapters/quickjs.js"",""sha256"":""f20aa7b460675d08600a58945203034feb50b2a3515aba579219f648b1235c6c""},{""path"":""/mnt/c/Users/mzyx/Desktop/0921/js-interpreter-bench/experiments/timer_recovery/adapters/quickjs.js"",""sha256"":""cd393c275173f20526562a008951f65a332deffed85e7c804519788b8ebffab7""}]",7354c1868ce2f8a6cc0d43c8be772c69eece3966b70d20df8f98270cddf07e2b,925519576,925519576,"{""mode"":""MAIN_MONOTONIC_V1_DERIVED"",""variant"":""navier_array"",""N"":256,""checksum"":925519576,""correctness"":""PASS"",""warmup_calls"":0,""start_ms"":288663.498418,""stop_ms"":289905.429719,""elapsed_ms"":1241.9313010000042}",1241.9313010000042,4.851294144531266,[],True
0,"WB_RESULT:{""mode"":""MAIN_MONOTONIC_V1_DERIVED"",""variant"":""navier_array"",""N"":256,""checksum"":925519576,""correctness"":""PASS"",""warmup_calls"":0,""start_ms"":37.002,""stop_ms"":1759.384,""elapsed_ms"":1722.382}
",,"[""/home/mzyx/three_engine_20261004/v8-linux64-rel-15.6.21/d8"",""--snapshot_blob=/home/mzyx/three_engine_20261004/v8-linux64-rel-15.6.21/snapshot_blob.bin"",""--max-opt=0"",""--no-lazy"",""/mnt/c/Users/mzyx/Desktop/0921/js-interpreter-bench/experiments/three_engine_baseline/adapters/v8.js"",""/mnt/c/Users/mzyx/Desktop/0921/js-interpreter-bench/experiments/timer_recovery/adapters/v8.js"",""/mnt/c/Users/mzyx/Desktop/0921/js-interpreter-bench/experiments/whitebox_analysis/attempt01/microbench/generated/navier_array.N256.js""]",/mnt/c/Users/mzyx/Desktop/0921/js-interpreter-bench,2026-10-05T09:10:06.838291+00:00,285334679602,287103614057,b3ee321e-69da-462d-8718-4589949b17d0,1768934455,formal,navier,navier_array,v8,256,13,1,"[""v8"",""jsc"",""quickjs""]",31,MAIN_MONOTONIC_V1_DERIVED,wsl2-ubuntu2404-x64-20261004,"[""--max-opt=0"",""--no-lazy""]",83b744a5953d2662ea723564d4035a333782a0cc85232d1025929a925150b133,220c29be96768ad6b45909316a0b62927e388b12cdcd01a996e5a1a141b324a3,"[{""path"":""/mnt/c/Users/mzyx/Desktop/0921/js-interpreter-bench/experiments/three_engine_baseline/adapters/v8.js"",""sha256"":""0ab3ed677381191d7e7839cbbc3f07895104a8b8299679ab9f37b856d76d3a22""},{""path"":""/mnt/c/Users/mzyx/Desktop/0921/js-interpreter-bench/experiments/timer_recovery/adapters/v8.js"",""sha256"":""e610d3aa3d2672a5e6d5eccd9aaf05c6ae6758d1b9c4468289f017a231ab7d9f""}]",7354c1868ce2f8a6cc0d43c8be772c69eece3966b70d20df8f98270cddf07e2b,925519576,925519576,"{""mode"":""MAIN_MONOTONIC_V1_DERIVED"",""variant"":""navier_array"",""N"":256,""checksum"":925519576,""correctness"":""PASS"",""warmup_calls"":0,""start_ms"":37.002,""stop_ms"":1759.384,""elapsed_ms"":1722.382}",1722.382,6.7280546875,[],True
0,"WB_RESULT:{""mode"":""MAIN_MONOTONIC_V1_DERIVED"",""variant"":""navier_array"",""N"":256,""checksum"":925519576,""correctness"":""PASS"",""warmup_calls"":0,""start_ms"":0,""stop_ms"":1177.16,""elapsed_ms"":1177.16}
",,"[""/home/mzyx/jsc_build_fd3406f/JSCOnly/Release/bin/jsc"",""--useJIT=false"",""--useLLInt=true"",""--validateOptions=true"",""/mnt/c/Users/mzyx/Desktop/0921/js-interpreter-bench/experiments/three_engine_baseline/adapters/jsc.js"",""/mnt/c/Users/mzyx/Desktop/0921/js-interpreter-bench/experiments/timer_recovery/adapters/jsc.js"",""/mnt/c/Users/mzyx/Desktop/0921/js-interpreter-bench/experiments/whitebox_analysis/attempt01/microbench/generated/navier_array.N256.js""]",/mnt/c/Users/mzyx/Desktop/0921/js-interpreter-bench,2026-10-05T09:17:12.017880+00:00,742010506113,743218328655,b3ee321e-69da-462d-8718-4589949b17d0,1207822542,formal,navier,navier_array,jsc,256,14,3,"[""v8"",""quickjs"",""jsc""]",115,MAIN_MONOTONIC_V1_DERIVED,wsl2-ubuntu2404-x64-20261004,"[""--useJIT=false"",""--useLLInt=true"",""--validateOptions=true""]",65c824a055405bf62b05e21d54515a72a1f0187a4d91225d00a6da969d35879f,220c29be96768ad6b45909316a0b62927e388b12cdcd01a996e5a1a141b324a3,"[{""path"":""/mnt/c/Users/mzyx/Desktop/0921/js-interpreter-bench/experiments/three_engine_baseline/adapters/jsc.js"",""sha256"":""f9ddbb9556352e283b9c9feebc8bdd0ef1abac5bcdf1ab7a5d83945fa3c9437b""},{""path"":""/mnt/c/Users/mzyx/Desktop/0921/js-interpreter-bench/experiments/timer_recovery/adapters/jsc.js"",""sha256"":""0c485996a598b7e36f2f292b66397adc0390cbe6b69b55199e47e1c6c1e37010""}]",7354c1868ce2f8a6cc0d43c8be772c69eece3966b70d20df8f98270cddf07e2b,925519576,925519576,"{""mode"":""MAIN_MONOTONIC_V1_DERIVED"",""variant"":""navier_array"",""N"":256,""checksum"":925519576,""correctness"":""PASS"",""warmup_calls"":0,""start_ms"":0,""stop_ms"":1177.16,""elapsed_ms"":1177.16}",1177.16,4.59828125,[],True
0,"WB_RESULT:{""mode"":""MAIN_MONOTONIC_V1_DERIVED"",""variant"":""navier_array"",""N"":256,""checksum"":925519576,""correctness"":""PASS"",""warmup_calls"":0,""start_ms"":740539.735263,""stop_ms"":741873.486778,""elapsed_ms"":1333.7515150000108}
",,"[""/home/mzyx/three_engine_20261004/quickjs-04be246001599f5995fa2f2d8c91a0f198d3f34c/qjs"",""-I"",""/mnt/c/Users/mzyx/Desktop/0921/js-interpreter-bench/experiments/three_engine_baseline/adapters/quickjs.js"",""-I"",""/mnt/c/Users/mzyx/Desktop/0921/js-interpreter-bench/experiments/timer_recovery/adapters/quickjs.js"",""/mnt/c/Users/mzyx/Desktop/0921/js-interpreter-bench/experiments/whitebox_analysis/attempt01/microbench/generated/navier_array.N256.js""]",/mnt/c/Users/mzyx/Desktop/0921/js-interpreter-bench,2026-10-05T09:17:10.674124+00:00,740526368648,741874616675,b3ee321e-69da-462d-8718-4589949b17d0,1348248027,formal,navier,navier_array,quickjs,256,14,2,"[""v8"",""quickjs"",""jsc""]",115,MAIN_MONOTONIC_V1_DERIVED,wsl2-ubuntu2404-x64-20261004,[],140d5233b0337d91cb0f994ae4a051e49aa04da8802acfaedf0a01b81a620b79,220c29be96768ad6b45909316a0b62927e388b12cdcd01a996e5a1a141b324a3,"[{""path"":""/mnt/c/Users/mzyx/Desktop/0921/js-interpreter-bench/experiments/three_engine_baseline/adapters/quickjs.js"",""sha256"":""f20aa7b460675d08600a58945203034feb50b2a3515aba579219f648b1235c6c""},{""path"":""/mnt/c/Users/mzyx/Desktop/0921/js-interpreter-bench/experiments/timer_recovery/adapters/quickjs.js"",""sha256"":""cd393c275173f20526562a008951f65a332deffed85e7c804519788b8ebffab7""}]",7354c1868ce2f8a6cc0d43c8be772c69eece3966b70d20df8f98270cddf07e2b,925519576,925519576,"{""mode"":""MAIN_MONOTONIC_V1_DERIVED"",""variant"":""navier_array"",""N"":256,""checksum"":925519576,""correctness"":""PASS"",""warmup_calls"":0,""start_ms"":740539.735263,""stop_ms"":741873.486778,""elapsed_ms"":1333.7515150000108}",1333.7515150000108,5.209966855468792,[],True
0,"WB_RESULT:{""mode"":""MAIN_MONOTONIC_V1_DERIVED"",""variant"":""navier_array"",""N"":256,""checksum"":925519576,""correctness"":""PASS"",""warmup_calls"":0,""start_ms"":33.608,""stop_ms"":1775.334,""elapsed_ms"":1741.726}
",,"[""/home/mzyx/three_engine_20261004/v8-linux64-rel-15.6.21/d8"",""--snapshot_blob=/home/mzyx/three_engine_20261004/v8-linux64-rel-15.6.21/snapshot_blob.bin"",""--max-opt=0"",""--no-lazy"",""/mnt/c/Users/mzyx/Desktop/0921/js-interpreter-bench/experiments/three_engine_baseline/adapters/v8.js"",""/mnt/c/Users/mzyx/Desktop/0921/js-interpreter-bench/experiments/timer_recovery/adapters/v8.js"",""/mnt/c/Users/mzyx/Desktop/0921/js-interpreter-bench/experiments/whitebox_analysis/attempt01/microbench/generated/navier_array.N256.js""]",/mnt/c/Users/mzyx/Desktop/0921/js-interpreter-bench,2026-10-05T09:17:09.175712+00:00,738591666416,740376159170,b3ee321e-69da-462d-8718-4589949b17d0,1784492754,formal,navier,navier_array,v8,256,14,1,"[""v8"",""quickjs"",""jsc""]",115,MAIN_MONOTONIC_V1_DERIVED,wsl2-ubuntu2404-x64-20261004,"[""--max-opt=0"",""--no-lazy""]",83b744a5953d2662ea723564d4035a333782a0cc85232d1025929a925150b133,220c29be96768ad6b45909316a0b62927e388b12cdcd01a996e5a1a141b324a3,"[{""path"":""/mnt/c/Users/mzyx/Desktop/0921/js-interpreter-bench/experiments/three_engine_baseline/adapters/v8.js"",""sha256"":""0ab3ed677381191d7e7839cbbc3f07895104a8b8299679ab9f37b856d76d3a22""},{""path"":""/mnt/c/Users/mzyx/Desktop/0921/js-interpreter-bench/experiments/timer_recovery/adapters/v8.js"",""sha256"":""e610d3aa3d2672a5e6d5eccd9aaf05c6ae6758d1b9c4468289f017a231ab7d9f""}]",7354c1868ce2f8a6cc0d43c8be772c69eece3966b70d20df8f98270cddf07e2b,925519576,925519576,"{""mode"":""MAIN_MONOTONIC_V1_DERIVED"",""variant"":""navier_array"",""N"":256,""checksum"":925519576,""correctness"":""PASS"",""warmup_calls"":0,""start_ms"":33.608,""stop_ms"":1775.334,""elapsed_ms"":1741.726}",1741.726,6.8036171875,[],True
0,"WB_RESULT:{""mode"":""MAIN_MONOTONIC_V1_DERIVED"",""variant"":""navier_array"",""N"":256,""checksum"":925519576,""correctness"":""PASS"",""warmup_calls"":0,""start_ms"":0,""stop_ms"":1164.28,""elapsed_ms"":1164.28}
",,"[""/home/mzyx/jsc_build_fd3406f/JSCOnly/Release/bin/jsc"",""--useJIT=false"",""--useLLInt=true"",""--validateOptions=true"",""/mnt/c/Users/mzyx/Desktop/0921/js-interpreter-bench/experiments/three_engine_baseline/adapters/jsc.js"",""/mnt/c/Users/mzyx/Desktop/0921/js-interpreter-bench/experiments/timer_recovery/adapters/jsc.js"",""/mnt/c/Users/mzyx/Desktop/0921/js-interpreter-bench/experiments/whitebox_analysis/attempt01/microbench/generated/navier_array.N256.js""]",/mnt/c/Users/mzyx/Desktop/0921/js-interpreter-bench,2026-10-05T09:08:24.366200+00:00,174540221420,175734396856,b3ee321e-69da-462d-8718-4589949b17d0,1194175436,formal,navier,navier_array,jsc,256,15,3,"[""quickjs"",""v8"",""jsc""]",10,MAIN_MONOTONIC_V1_DERIVED,wsl2-ubuntu2404-x64-20261004,"[""--useJIT=false"",""--useLLInt=true"",""--validateOptions=true""]",65c824a055405bf62b05e21d54515a72a1f0187a4d91225d00a6da969d35879f,220c29be96768ad6b45909316a0b62927e388b12cdcd01a996e5a1a141b324a3,"[{""path"":""/mnt/c/Users/mzyx/Desktop/0921/js-interpreter-bench/experiments/three_engine_baseline/adapters/jsc.js"",""sha256"":""f9ddbb9556352e283b9c9feebc8bdd0ef1abac5bcdf1ab7a5d83945fa3c9437b""},{""path"":""/mnt/c/Users/mzyx/Desktop/0921/js-interpreter-bench/experiments/timer_recovery/adapters/jsc.js"",""sha256"":""0c485996a598b7e36f2f292b66397adc0390cbe6b69b55199e47e1c6c1e37010""}]",7354c1868ce2f8a6cc0d43c8be772c69eece3966b70d20df8f98270cddf07e2b,925519576,925519576,"{""mode"":""MAIN_MONOTONIC_V1_DERIVED"",""variant"":""navier_array"",""N"":256,""checksum"":925519576,""correctness"":""PASS"",""warmup_calls"":0,""start_ms"":0,""stop_ms"":1164.28,""elapsed_ms"":1164.28}",1164.28,4.54796875,[],True
0,"WB_RESULT:{""mode"":""MAIN_MONOTONIC_V1_DERIVED"",""variant"":""navier_array"",""N"":256,""checksum"":925519576,""correctness"":""PASS"",""warmup_calls"":0,""start_ms"":171199.512043,""stop_ms"":172494.265988,""elapsed_ms"":1294.753945000004}
",,"[""/home/mzyx/three_engine_20261004/quickjs-04be246001599f5995fa2f2d8c91a0f198d3f34c/qjs"",""-I"",""/mnt/c/Users/mzyx/Desktop/0921/js-interpreter-bench/experiments/three_engine_baseline/adapters/quickjs.js"",""-I"",""/mnt/c/Users/mzyx/Desktop/0921/js-interpreter-bench/experiments/timer_recovery/adapters/quickjs.js"",""/mnt/c/Users/mzyx/Desktop/0921/js-interpreter-bench/experiments/whitebox_analysis/attempt01/microbench/generated/navier_array.N256.js""]",/mnt/c/Users/mzyx/Desktop/0921/js-interpreter-bench,2026-10-05T09:08:21.127098+00:00,171186657916,172495294964,b3ee321e-69da-462d-8718-4589949b17d0,1308637048,formal,navier,navier_array,quickjs,256,15,1,"[""quickjs"",""v8"",""jsc""]",10,MAIN_MONOTONIC_V1_DERIVED,wsl2-ubuntu2404-x64-20261004,[],140d5233b0337d91cb0f994ae4a051e49aa04da8802acfaedf0a01b81a620b79,220c29be96768ad6b45909316a0b62927e388b12cdcd01a996e5a1a141b324a3,"[{""path"":""/mnt/c/Users/mzyx/Desktop/0921/js-interpreter-bench/experiments/three_engine_baseline/adapters/quickjs.js"",""sha256"":""f20aa7b460675d08600a58945203034feb50b2a3515aba579219f648b1235c6c""},{""path"":""/mnt/c/Users/mzyx/Desktop/0921/js-interpreter-bench/experiments/timer_recovery/adapters/quickjs.js"",""sha256"":""cd393c275173f20526562a008951f65a332deffed85e7c804519788b8ebffab7""}]",7354c1868ce2f8a6cc0d43c8be772c69eece3966b70d20df8f98270cddf07e2b,925519576,925519576,"{""mode"":""MAIN_MONOTONIC_V1_DERIVED"",""variant"":""navier_array"",""N"":256,""checksum"":925519576,""correctness"":""PASS"",""warmup_calls"":0,""start_ms"":171199.512043,""stop_ms"":172494.265988,""elapsed_ms"":1294.753945000004}",1294.753945000004,5.057632597656266,[],True
0,"WB_RESULT:{""mode"":""MAIN_MONOTONIC_V1_DERIVED"",""variant"":""navier_array"",""N"":256,""checksum"":925519576,""correctness"":""PASS"",""warmup_calls"":0,""start_ms"":29.104,""stop_ms"":1759.223,""elapsed_ms"":1730.119}
",,"[""/home/mzyx/three_engine_20261004/v8-linux64-rel-15.6.21/d8"",""--snapshot_blob=/home/mzyx/three_engine_20261004/v8-linux64-rel-15.6.21/snapshot_blob.bin"",""--max-opt=0"",""--no-lazy"",""/mnt/c/Users/mzyx/Desktop/0921/js-interpreter-bench/experiments/three_engine_baseline/adapters/v8.js"",""/mnt/c/Users/mzyx/Desktop/0921/js-interpreter-bench/experiments/timer_recovery/adapters/v8.js"",""/mnt/c/Users/mzyx/Desktop/0921/js-interpreter-bench/experiments/whitebox_analysis/attempt01/microbench/generated/navier_array.N256.js""]",/mnt/c/Users/mzyx/Desktop/0921/js-interpreter-bench,2026-10-05T09:08:23.029963+00:00,172629841345,174398161619,b3ee321e-69da-462d-8718-4589949b17d0,1768320274,formal,navier,navier_array,v8,256,15,2,"[""quickjs"",""v8"",""jsc""]",10,MAIN_MONOTONIC_V1_DERIVED,wsl2-ubuntu2404-x64-20261004,"[""--max-opt=0"",""--no-lazy""]",83b744a5953d2662ea723564d4035a333782a0cc85232d1025929a925150b133,220c29be96768ad6b45909316a0b62927e388b12cdcd01a996e5a1a141b324a3,"[{""path"":""/mnt/c/Users/mzyx/Desktop/0921/js-interpreter-bench/experiments/three_engine_baseline/adapters/v8.js"",""sha256"":""0ab3ed677381191d7e7839cbbc3f07895104a8b8299679ab9f37b856d76d3a22""},{""path"":""/mnt/c/Users/mzyx/Desktop/0921/js-interpreter-bench/experiments/timer_recovery/adapters/v8.js"",""sha256"":""e610d3aa3d2672a5e6d5eccd9aaf05c6ae6758d1b9c4468289f017a231ab7d9f""}]",7354c1868ce2f8a6cc0d43c8be772c69eece3966b70d20df8f98270cddf07e2b,925519576,925519576,"{""mode"":""MAIN_MONOTONIC_V1_DERIVED"",""variant"":""navier_array"",""N"":256,""checksum"":925519576,""correctness"":""PASS"",""warmup_calls"":0,""start_ms"":29.104,""stop_ms"":1759.223,""elapsed_ms"":1730.119}",1730.119,6.75827734375,[],True
0,"WB_RESULT:{""mode"":""MAIN_MONOTONIC_V1_DERIVED"",""variant"":""navier_array"",""N"":256,""checksum"":925519576,""correctness"":""PASS"",""warmup_calls"":0,""start_ms"":0,""stop_ms"":1183.8,""elapsed_ms"":1183.8}
",,"[""/home/mzyx/jsc_build_fd3406f/JSCOnly/Release/bin/jsc"",""--useJIT=false"",""--useLLInt=true"",""--validateOptions=true"",""/mnt/c/Users/mzyx/Desktop/0921/js-interpreter-bench/experiments/three_engine_baseline/adapters/jsc.js"",""/mnt/c/Users/mzyx/Desktop/0921/js-interpreter-bench/experiments/timer_recovery/adapters/jsc.js"",""/mnt/c/Users/mzyx/Desktop/0921/js-interpreter-bench/experiments/whitebox_analysis/attempt01/microbench/generated/navier_array.N256.js""]",/mnt/c/Users/mzyx/Desktop/0921/js-interpreter-bench,2026-10-05T09:11:07.325233+00:00,350619066576,351830535818,b3ee321e-69da-462d-8718-4589949b17d0,1211469242,formal,navier,navier_array,jsc,256,16,3,"[""quickjs"",""v8"",""jsc""]",43,MAIN_MONOTONIC_V1_DERIVED,wsl2-ubuntu2404-x64-20261004,"[""--useJIT=false"",""--useLLInt=true"",""--validateOptions=true""]",65c824a055405bf62b05e21d54515a72a1f0187a4d91225d00a6da969d35879f,220c29be96768ad6b45909316a0b62927e388b12cdcd01a996e5a1a141b324a3,"[{""path"":""/mnt/c/Users/mzyx/Desktop/0921/js-interpreter-bench/experiments/three_engine_baseline/adapters/jsc.js"",""sha256"":""f9ddbb9556352e283b9c9feebc8bdd0ef1abac5bcdf1ab7a5d83945fa3c9437b""},{""path"":""/mnt/c/Users/mzyx/Desktop/0921/js-interpreter-bench/experiments/timer_recovery/adapters/jsc.js"",""sha256"":""0c485996a598b7e36f2f292b66397adc0390cbe6b69b55199e47e1c6c1e37010""}]",7354c1868ce2f8a6cc0d43c8be772c69eece3966b70d20df8f98270cddf07e2b,925519576,925519576,"{""mode"":""MAIN_MONOTONIC_V1_DERIVED"",""variant"":""navier_array"",""N"":256,""checksum"":925519576,""correctness"":""PASS"",""warmup_calls"":0,""start_ms"":0,""stop_ms"":1183.8,""elapsed_ms"":1183.8}",1183.8,4.62421875,[],True
0,"WB_RESULT:{""mode"":""MAIN_MONOTONIC_V1_DERIVED"",""variant"":""navier_array"",""N"":256,""checksum"":925519576,""correctness"":""PASS"",""warmup_calls"":0,""start_ms"":347110.649103,""stop_ms"":348515.715345,""elapsed_ms"":1405.0662419999717}
",,"[""/home/mzyx/three_engine_20261004/quickjs-04be246001599f5995fa2f2d8c91a0f198d3f34c/qjs"",""-I"",""/mnt/c/Users/mzyx/Desktop/0921/js-interpreter-bench/experiments/three_engine_baseline/adapters/quickjs.js"",""-I"",""/mnt/c/Users/mzyx/Desktop/0921/js-interpreter-bench/experiments/timer_recovery/adapters/quickjs.js"",""/mnt/c/Users/mzyx/Desktop/0921/js-interpreter-bench/experiments/whitebox_analysis/attempt01/microbench/generated/navier_array.N256.js""]",/mnt/c/Users/mzyx/Desktop/0921/js-interpreter-bench,2026-10-05T09:11:04.011386+00:00,347097878392,348516687685,b3ee321e-69da-462d-8718-4589949b17d0,1418809293,formal,navier,navier_array,quickjs,256,16,1,"[""quickjs"",""v8"",""jsc""]",43,MAIN_MONOTONIC_V1_DERIVED,wsl2-ubuntu2404-x64-20261004,[],140d5233b0337d91cb0f994ae4a051e49aa04da8802acfaedf0a01b81a620b79,220c29be96768ad6b45909316a0b62927e388b12cdcd01a996e5a1a141b324a3,"[{""path"":""/mnt/c/Users/mzyx/Desktop/0921/js-interpreter-bench/experiments/three_engine_baseline/adapters/quickjs.js"",""sha256"":""f20aa7b460675d08600a58945203034feb50b2a3515aba579219f648b1235c6c""},{""path"":""/mnt/c/Users/mzyx/Desktop/0921/js-interpreter-bench/experiments/timer_recovery/adapters/quickjs.js"",""sha256"":""cd393c275173f20526562a008951f65a332deffed85e7c804519788b8ebffab7""}]",7354c1868ce2f8a6cc0d43c8be772c69eece3966b70d20df8f98270cddf07e2b,925519576,925519576,"{""mode"":""MAIN_MONOTONIC_V1_DERIVED"",""variant"":""navier_array"",""N"":256,""checksum"":925519576,""correctness"":""PASS"",""warmup_calls"":0,""start_ms"":347110.649103,""stop_ms"":348515.715345,""elapsed_ms"":1405.0662419999717}",1405.0662419999717,5.488540007812389,[],True
0,"WB_RESULT:{""mode"":""MAIN_MONOTONIC_V1_DERIVED"",""variant"":""navier_array"",""N"":256,""checksum"":925519576,""correctness"":""PASS"",""warmup_calls"":0,""start_ms"":36.29,""stop_ms"":1806.218,""elapsed_ms"":1769.928}
",,"[""/home/mzyx/three_engine_20261004/v8-linux64-rel-15.6.21/d8"",""--snapshot_blob=/home/mzyx/three_engine_20261004/v8-linux64-rel-15.6.21/snapshot_blob.bin"",""--max-opt=0"",""--no-lazy"",""/mnt/c/Users/mzyx/Desktop/0921/js-interpreter-bench/experiments/three_engine_baseline/adapters/v8.js"",""/mnt/c/Users/mzyx/Desktop/0921/js-interpreter-bench/experiments/timer_recovery/adapters/v8.js"",""/mnt/c/Users/mzyx/Desktop/0921/js-interpreter-bench/experiments/whitebox_analysis/attempt01/microbench/generated/navier_array.N256.js""]",/mnt/c/Users/mzyx/Desktop/0921/js-interpreter-bench,2026-10-05T09:11:05.965880+00:00,348656370054,350471183021,b3ee321e-69da-462d-8718-4589949b17d0,1814812967,formal,navier,navier_array,v8,256,16,2,"[""quickjs"",""v8"",""jsc""]",43,MAIN_MONOTONIC_V1_DERIVED,wsl2-ubuntu2404-x64-20261004,"[""--max-opt=0"",""--no-lazy""]",83b744a5953d2662ea723564d4035a333782a0cc85232d1025929a925150b133,220c29be96768ad6b45909316a0b62927e388b12cdcd01a996e5a1a141b324a3,"[{""path"":""/mnt/c/Users/mzyx/Desktop/0921/js-interpreter-bench/experiments/three_engine_baseline/adapters/v8.js"",""sha256"":""0ab3ed677381191d7e7839cbbc3f07895104a8b8299679ab9f37b856d76d3a22""},{""path"":""/mnt/c/Users/mzyx/Desktop/0921/js-interpreter-bench/experiments/timer_recovery/adapters/v8.js"",""sha256"":""e610d3aa3d2672a5e6d5eccd9aaf05c6ae6758d1b9c4468289f017a231ab7d9f""}]",7354c1868ce2f8a6cc0d43c8be772c69eece3966b70d20df8f98270cddf07e2b,925519576,925519576,"{""mode"":""MAIN_MONOTONIC_V1_DERIVED"",""variant"":""navier_array"",""N"":256,""checksum"":925519576,""correctness"":""PASS"",""warmup_calls"":0,""start_ms"":36.29,""stop_ms"":1806.218,""elapsed_ms"":1769.928}",1769.928,6.91378125,[],True
0,"WB_RESULT:{""mode"":""MAIN_MONOTONIC_V1_DERIVED"",""variant"":""navier_array"",""N"":256,""checksum"":925519576,""correctness"":""PASS"",""warmup_calls"":0,""start_ms"":0,""stop_ms"":1155.88,""elapsed_ms"":1155.88}
",,"[""/home/mzyx/jsc_build_fd3406f/JSCOnly/Release/bin/jsc"",""--useJIT=false"",""--useLLInt=true"",""--validateOptions=true"",""/mnt/c/Users/mzyx/Desktop/0921/js-interpreter-bench/experiments/three_engine_baseline/adapters/jsc.js"",""/mnt/c/Users/mzyx/Desktop/0921/js-interpreter-bench/experiments/timer_recovery/adapters/jsc.js"",""/mnt/c/Users/mzyx/Desktop/0921/js-interpreter-bench/experiments/whitebox_analysis/attempt01/microbench/generated/navier_array.N256.js""]",/mnt/c/Users/mzyx/Desktop/0921/js-interpreter-bench,2026-10-05T09:17:29.624498+00:00,759641224534,760824945223,b3ee321e-69da-462d-8718-4589949b17d0,1183720689,formal,navier,navier_array,jsc,256,17,1,"[""jsc"",""quickjs"",""v8""]",119,MAIN_MONOTONIC_V1_DERIVED,wsl2-ubuntu2404-x64-20261004,"[""--useJIT=false"",""--useLLInt=true"",""--validateOptions=true""]",65c824a055405bf62b05e21d54515a72a1f0187a4d91225d00a6da969d35879f,220c29be96768ad6b45909316a0b62927e388b12cdcd01a996e5a1a141b324a3,"[{""path"":""/mnt/c/Users/mzyx/Desktop/0921/js-interpreter-bench/experiments/three_engine_baseline/adapters/jsc.js"",""sha256"":""f9ddbb9556352e283b9c9feebc8bdd0ef1abac5bcdf1ab7a5d83945fa3c9437b""},{""path"":""/mnt/c/Users/mzyx/Desktop/0921/js-interpreter-bench/experiments/timer_recovery/adapters/jsc.js"",""sha256"":""0c485996a598b7e36f2f292b66397adc0390cbe6b69b55199e47e1c6c1e37010""}]",7354c1868ce2f8a6cc0d43c8be772c69eece3966b70d20df8f98270cddf07e2b,925519576,925519576,"{""mode"":""MAIN_MONOTONIC_V1_DERIVED"",""variant"":""navier_array"",""N"":256,""checksum"":925519576,""correctness"":""PASS"",""warmup_calls"":0,""start_ms"":0,""stop_ms"":1155.88,""elapsed_ms"":1155.88}",1155.88,4.51515625,[],True
0,"WB_RESULT:{""mode"":""MAIN_MONOTONIC_V1_DERIVED"",""variant"":""navier_array"",""N"":256,""checksum"":925519576,""correctness"":""PASS"",""warmup_calls"":0,""start_ms"":760977.671459,""stop_ms"":762234.004433,""elapsed_ms"":1256.332974000019}
",,"[""/home/mzyx/three_engine_20261004/quickjs-04be246001599f5995fa2f2d8c91a0f198d3f34c/qjs"",""-I"",""/mnt/c/Users/mzyx/Desktop/0921/js-interpreter-bench/experiments/three_engine_baseline/adapters/quickjs.js"",""-I"",""/mnt/c/Users/mzyx/Desktop/0921/js-interpreter-bench/experiments/timer_recovery/adapters/quickjs.js"",""/mnt/c/Users/mzyx/Desktop/0921/js-interpreter-bench/experiments/whitebox_analysis/attempt01/microbench/generated/navier_array.N256.js""]",/mnt/c/Users/mzyx/Desktop/0921/js-interpreter-bench,2026-10-05T09:17:31.034752+00:00,760965476164,762235208028,b3ee321e-69da-462d-8718-4589949b17d0,1269731864,formal,navier,navier_array,quickjs,256,17,2,"[""jsc"",""quickjs"",""v8""]",119,MAIN_MONOTONIC_V1_DERIVED,wsl2-ubuntu2404-x64-20261004,[],140d5233b0337d91cb0f994ae4a051e49aa04da8802acfaedf0a01b81a620b79,220c29be96768ad6b45909316a0b62927e388b12cdcd01a996e5a1a141b324a3,"[{""path"":""/mnt/c/Users/mzyx/Desktop/0921/js-interpreter-bench/experiments/three_engine_baseline/adapters/quickjs.js"",""sha256"":""f20aa7b460675d08600a58945203034feb50b2a3515aba579219f648b1235c6c""},{""path"":""/mnt/c/Users/mzyx/Desktop/0921/js-interpreter-bench/experiments/timer_recovery/adapters/quickjs.js"",""sha256"":""cd393c275173f20526562a008951f65a332deffed85e7c804519788b8ebffab7""}]",7354c1868ce2f8a6cc0d43c8be772c69eece3966b70d20df8f98270cddf07e2b,925519576,925519576,"{""mode"":""MAIN_MONOTONIC_V1_DERIVED"",""variant"":""navier_array"",""N"":256,""checksum"":925519576,""correctness"":""PASS"",""warmup_calls"":0,""start_ms"":760977.671459,""stop_ms"":762234.004433,""elapsed_ms"":1256.332974000019}",1256.332974000019,4.907550679687574,[],True
0,"WB_RESULT:{""mode"":""MAIN_MONOTONIC_V1_DERIVED"",""variant"":""navier_array"",""N"":256,""checksum"":925519576,""correctness"":""PASS"",""warmup_calls"":0,""start_ms"":31.834,""stop_ms"":1747.756,""elapsed_ms"":1715.922}
",,"[""/home/mzyx/three_engine_20261004/v8-linux64-rel-15.6.21/d8"",""--snapshot_blob=/home/mzyx/three_engine_20261004/v8-linux64-rel-15.6.21/snapshot_blob.bin"",""--max-opt=0"",""--no-lazy"",""/mnt/c/Users/mzyx/Desktop/0921/js-interpreter-bench/experiments/three_engine_baseline/adapters/v8.js"",""/mnt/c/Users/mzyx/Desktop/0921/js-interpreter-bench/experiments/timer_recovery/adapters/v8.js"",""/mnt/c/Users/mzyx/Desktop/0921/js-interpreter-bench/experiments/whitebox_analysis/attempt01/microbench/generated/navier_array.N256.js""]",/mnt/c/Users/mzyx/Desktop/0921/js-interpreter-bench,2026-10-05T09:17:32.928723+00:00,762372401422,764129169812,b3ee321e-69da-462d-8718-4589949b17d0,1756768390,formal,navier,navier_array,v8,256,17,3,"[""jsc"",""quickjs"",""v8""]",119,MAIN_MONOTONIC_V1_DERIVED,wsl2-ubuntu2404-x64-20261004,"[""--max-opt=0"",""--no-lazy""]",83b744a5953d2662ea723564d4035a333782a0cc85232d1025929a925150b133,220c29be96768ad6b45909316a0b62927e388b12cdcd01a996e5a1a141b324a3,"[{""path"":""/mnt/c/Users/mzyx/Desktop/0921/js-interpreter-bench/experiments/three_engine_baseline/adapters/v8.js"",""sha256"":""0ab3ed677381191d7e7839cbbc3f07895104a8b8299679ab9f37b856d76d3a22""},{""path"":""/mnt/c/Users/mzyx/Desktop/0921/js-interpreter-bench/experiments/timer_recovery/adapters/v8.js"",""sha256"":""e610d3aa3d2672a5e6d5eccd9aaf05c6ae6758d1b9c4468289f017a231ab7d9f""}]",7354c1868ce2f8a6cc0d43c8be772c69eece3966b70d20df8f98270cddf07e2b,925519576,925519576,"{""mode"":""MAIN_MONOTONIC_V1_DERIVED"",""variant"":""navier_array"",""N"":256,""checksum"":925519576,""correctness"":""PASS"",""warmup_calls"":0,""start_ms"":31.834,""stop_ms"":1747.756,""elapsed_ms"":1715.922}",1715.922,6.7028203125,[],True
0,"WB_RESULT:{""mode"":""MAIN_MONOTONIC_V1_DERIVED"",""variant"":""navier_array"",""N"":256,""checksum"":925519576,""correctness"":""PASS"",""warmup_calls"":0,""start_ms"":0,""stop_ms"":1160.16,""elapsed_ms"":1160.16}
",,"[""/home/mzyx/jsc_build_fd3406f/JSCOnly/Release/bin/jsc"",""--useJIT=false"",""--useLLInt=true"",""--validateOptions=true"",""/mnt/c/Users/mzyx/Desktop/0921/js-interpreter-bench/experiments/three_engine_baseline/adapters/jsc.js"",""/mnt/c/Users/mzyx/Desktop/0921/js-interpreter-bench/experiments/timer_recovery/adapters/jsc.js"",""/mnt/c/Users/mzyx/Desktop/0921/js-interpreter-bench/experiments/whitebox_analysis/attempt01/microbench/generated/navier_array.N256.js""]",/mnt/c/Users/mzyx/Desktop/0921/js-interpreter-bench,2026-10-05T09:07:50.475730+00:00,138883471280,140072021779,b3ee321e-69da-462d-8718-4589949b17d0,1188550499,formal,navier,navier_array,jsc,256,18,1,"[""jsc"",""v8"",""quickjs""]",4,MAIN_MONOTONIC_V1_DERIVED,wsl2-ubuntu2404-x64-20261004,"[""--useJIT=false"",""--useLLInt=true"",""--validateOptions=true""]",65c824a055405bf62b05e21d54515a72a1f0187a4d91225d00a6da969d35879f,220c29be96768ad6b45909316a0b62927e388b12cdcd01a996e5a1a141b324a3,"[{""path"":""/mnt/c/Users/mzyx/Desktop/0921/js-interpreter-bench/experiments/three_engine_baseline/adapters/jsc.js"",""sha256"":""f9ddbb9556352e283b9c9feebc8bdd0ef1abac5bcdf1ab7a5d83945fa3c9437b""},{""path"":""/mnt/c/Users/mzyx/Desktop/0921/js-interpreter-bench/experiments/timer_recovery/adapters/jsc.js"",""sha256"":""0c485996a598b7e36f2f292b66397adc0390cbe6b69b55199e47e1c6c1e37010""}]",7354c1868ce2f8a6cc0d43c8be772c69eece3966b70d20df8f98270cddf07e2b,925519576,925519576,"{""mode"":""MAIN_MONOTONIC_V1_DERIVED"",""variant"":""navier_array"",""N"":256,""checksum"":925519576,""correctness"":""PASS"",""warmup_calls"":0,""start_ms"":0,""stop_ms"":1160.16,""elapsed_ms"":1160.16}",1160.16,4.531875,[],True
0,"WB_RESULT:{""mode"":""MAIN_MONOTONIC_V1_DERIVED"",""variant"":""navier_array"",""N"":256,""checksum"":925519576,""correctness"":""PASS"",""warmup_calls"":0,""start_ms"":142118.598272,""stop_ms"":143418.258887,""elapsed_ms"":1299.6606150000007}
",,"[""/home/mzyx/three_engine_20261004/quickjs-04be246001599f5995fa2f2d8c91a0f198d3f34c/qjs"",""-I"",""/mnt/c/Users/mzyx/Desktop/0921/js-interpreter-bench/experiments/three_engine_baseline/adapters/quickjs.js"",""-I"",""/mnt/c/Users/mzyx/Desktop/0921/js-interpreter-bench/experiments/timer_recovery/adapters/quickjs.js"",""/mnt/c/Users/mzyx/Desktop/0921/js-interpreter-bench/experiments/whitebox_analysis/attempt01/microbench/generated/navier_array.N256.js""]",/mnt/c/Users/mzyx/Desktop/0921/js-interpreter-bench,2026-10-05T09:07:53.822965+00:00,142107500181,143419258004,b3ee321e-69da-462d-8718-4589949b17d0,1311757823,formal,navier,navier_array,quickjs,256,18,3,"[""jsc"",""v8"",""quickjs""]",4,MAIN_MONOTONIC_V1_DERIVED,wsl2-ubuntu2404-x64-20261004,[],140d5233b0337d91cb0f994ae4a051e49aa04da8802acfaedf0a01b81a620b79,220c29be96768ad6b45909316a0b62927e388b12cdcd01a996e5a1a141b324a3,"[{""path"":""/mnt/c/Users/mzyx/Desktop/0921/js-interpreter-bench/experiments/three_engine_baseline/adapters/quickjs.js"",""sha256"":""f20aa7b460675d08600a58945203034feb50b2a3515aba579219f648b1235c6c""},{""path"":""/mnt/c/Users/mzyx/Desktop/0921/js-interpreter-bench/experiments/timer_recovery/adapters/quickjs.js"",""sha256"":""cd393c275173f20526562a008951f65a332deffed85e7c804519788b8ebffab7""}]",7354c1868ce2f8a6cc0d43c8be772c69eece3966b70d20df8f98270cddf07e2b,925519576,925519576,"{""mode"":""MAIN_MONOTONIC_V1_DERIVED"",""variant"":""navier_array"",""N"":256,""checksum"":925519576,""correctness"":""PASS"",""warmup_calls"":0,""start_ms"":142118.598272,""stop_ms"":143418.258887,""elapsed_ms"":1299.6606150000007}",1299.6606150000007,5.076799277343753,[],True
0,"WB_RESULT:{""mode"":""MAIN_MONOTONIC_V1_DERIVED"",""variant"":""navier_array"",""N"":256,""checksum"":925519576,""correctness"":""PASS"",""warmup_calls"":0,""start_ms"":27.679,""stop_ms"":1742.445,""elapsed_ms"":1714.7659999999998}
",,"[""/home/mzyx/three_engine_20261004/v8-linux64-rel-15.6.21/d8"",""--snapshot_blob=/home/mzyx/three_engine_20261004/v8-linux64-rel-15.6.21/snapshot_blob.bin"",""--max-opt=0"",""--no-lazy"",""/mnt/c/Users/mzyx/Desktop/0921/js-interpreter-bench/experiments/three_engine_baseline/adapters/v8.js"",""/mnt/c/Users/mzyx/Desktop/0921/js-interpreter-bench/experiments/timer_recovery/adapters/v8.js"",""/mnt/c/Users/mzyx/Desktop/0921/js-interpreter-bench/experiments/whitebox_analysis/attempt01/microbench/generated/navier_array.N256.js""]",/mnt/c/Users/mzyx/Desktop/0921/js-interpreter-bench,2026-10-05T09:07:52.371151+00:00,140215597434,141967445691,b3ee321e-69da-462d-8718-4589949b17d0,1751848257,formal,navier,navier_array,v8,256,18,2,"[""jsc"",""v8"",""quickjs""]",4,MAIN_MONOTONIC_V1_DERIVED,wsl2-ubuntu2404-x64-20261004,"[""--max-opt=0"",""--no-lazy""]",83b744a5953d2662ea723564d4035a333782a0cc85232d1025929a925150b133,220c29be96768ad6b45909316a0b62927e388b12cdcd01a996e5a1a141b324a3,"[{""path"":""/mnt/c/Users/mzyx/Desktop/0921/js-interpreter-bench/experiments/three_engine_baseline/adapters/v8.js"",""sha256"":""0ab3ed677381191d7e7839cbbc3f07895104a8b8299679ab9f37b856d76d3a22""},{""path"":""/mnt/c/Users/mzyx/Desktop/0921/js-interpreter-bench/experiments/timer_recovery/adapters/v8.js"",""sha256"":""e610d3aa3d2672a5e6d5eccd9aaf05c6ae6758d1b9c4468289f017a231ab7d9f""}]",7354c1868ce2f8a6cc0d43c8be772c69eece3966b70d20df8f98270cddf07e2b,925519576,925519576,"{""mode"":""MAIN_MONOTONIC_V1_DERIVED"",""variant"":""navier_array"",""N"":256,""checksum"":925519576,""correctness"":""PASS"",""warmup_calls"":0,""start_ms"":27.679,""stop_ms"":1742.445,""elapsed_ms"":1714.7659999999998}",1714.7659999999998,6.698304687499999,[],True
0,"WB_RESULT:{""mode"":""MAIN_MONOTONIC_V1_DERIVED"",""variant"":""navier_array"",""N"":256,""checksum"":925519576,""correctness"":""PASS"",""warmup_calls"":0,""start_ms"":0,""stop_ms"":1149.18,""elapsed_ms"":1149.18}
",,"[""/home/mzyx/jsc_build_fd3406f/JSCOnly/Release/bin/jsc"",""--useJIT=false"",""--useLLInt=true"",""--validateOptions=true"",""/mnt/c/Users/mzyx/Desktop/0921/js-interpreter-bench/experiments/three_engine_baseline/adapters/jsc.js"",""/mnt/c/Users/mzyx/Desktop/0921/js-interpreter-bench/experiments/timer_recovery/adapters/jsc.js"",""/mnt/c/Users/mzyx/Desktop/0921/js-interpreter-bench/experiments/whitebox_analysis/attempt01/microbench/generated/navier_array.N256.js""]",/mnt/c/Users/mzyx/Desktop/0921/js-interpreter-bench,2026-10-05T09:10:44.501109+00:00,325908401851,327084758672,b3ee321e-69da-462d-8718-4589949b17d0,1176356821,formal,navier,navier_array,jsc,256,19,1,"[""jsc"",""v8"",""quickjs""]",39,MAIN_MONOTONIC_V1_DERIVED,wsl2-ubuntu2404-x64-20261004,"[""--useJIT=false"",""--useLLInt=true"",""--validateOptions=true""]",65c824a055405bf62b05e21d54515a72a1f0187a4d91225d00a6da969d35879f,220c29be96768ad6b45909316a0b62927e388b12cdcd01a996e5a1a141b324a3,"[{""path"":""/mnt/c/Users/mzyx/Desktop/0921/js-interpreter-bench/experiments/three_engine_baseline/adapters/jsc.js"",""sha256"":""f9ddbb9556352e283b9c9feebc8bdd0ef1abac5bcdf1ab7a5d83945fa3c9437b""},{""path"":""/mnt/c/Users/mzyx/Desktop/0921/js-interpreter-bench/experiments/timer_recovery/adapters/jsc.js"",""sha256"":""0c485996a598b7e36f2f292b66397adc0390cbe6b69b55199e47e1c6c1e37010""}]",7354c1868ce2f8a6cc0d43c8be772c69eece3966b70d20df8f98270cddf07e2b,925519576,925519576,"{""mode"":""MAIN_MONOTONIC_V1_DERIVED"",""variant"":""navier_array"",""N"":256,""checksum"":925519576,""correctness"":""PASS"",""warmup_calls"":0,""start_ms"":0,""stop_ms"":1149.18,""elapsed_ms"":1149.18}",1149.18,4.488984375,[],True
0,"WB_RESULT:{""mode"":""MAIN_MONOTONIC_V1_DERIVED"",""variant"":""navier_array"",""N"":256,""checksum"":925519576,""correctness"":""PASS"",""warmup_calls"":0,""start_ms"":329200.373365,""stop_ms"":330569.60656,""elapsed_ms"":1369.2331949999789}
",,"[""/home/mzyx/three_engine_20261004/quickjs-04be246001599f5995fa2f2d8c91a0f198d3f34c/qjs"",""-I"",""/mnt/c/Users/mzyx/Desktop/0921/js-interpreter-bench/experiments/three_engine_baseline/adapters/quickjs.js"",""-I"",""/mnt/c/Users/mzyx/Desktop/0921/js-interpreter-bench/experiments/timer_recovery/adapters/quickjs.js"",""/mnt/c/Users/mzyx/Desktop/0921/js-interpreter-bench/experiments/whitebox_analysis/attempt01/microbench/generated/navier_array.N256.js""]",/mnt/c/Users/mzyx/Desktop/0921/js-interpreter-bench,2026-10-05T09:10:47.987026+00:00,329188643521,330570665190,b3ee321e-69da-462d-8718-4589949b17d0,1382021669,formal,navier,navier_array,quickjs,256,19,3,"[""jsc"",""v8"",""quickjs""]",39,MAIN_MONOTONIC_V1_DERIVED,wsl2-ubuntu2404-x64-20261004,[],140d5233b0337d91cb0f994ae4a051e49aa04da8802acfaedf0a01b81a620b79,220c29be96768ad6b45909316a0b62927e388b12cdcd01a996e5a1a141b324a3,"[{""path"":""/mnt/c/Users/mzyx/Desktop/0921/js-interpreter-bench/experiments/three_engine_baseline/adapters/quickjs.js"",""sha256"":""f20aa7b460675d08600a58945203034feb50b2a3515aba579219f648b1235c6c""},{""path"":""/mnt/c/Users/mzyx/Desktop/0921/js-interpreter-bench/experiments/timer_recovery/adapters/quickjs.js"",""sha256"":""cd393c275173f20526562a008951f65a332deffed85e7c804519788b8ebffab7""}]",7354c1868ce2f8a6cc0d43c8be772c69eece3966b70d20df8f98270cddf07e2b,925519576,925519576,"{""mode"":""MAIN_MONOTONIC_V1_DERIVED"",""variant"":""navier_array"",""N"":256,""checksum"":925519576,""correctness"":""PASS"",""warmup_calls"":0,""start_ms"":329200.373365,""stop_ms"":330569.60656,""elapsed_ms"":1369.2331949999789}",1369.2331949999789,5.3485671679686675,[],True
0,"WB_RESULT:{""mode"":""MAIN_MONOTONIC_V1_DERIVED"",""variant"":""navier_array"",""N"":256,""checksum"":925519576,""correctness"":""PASS"",""warmup_calls"":0,""start_ms"":27.948,""stop_ms"":1823.379,""elapsed_ms"":1795.4309999999998}
",,"[""/home/mzyx/three_engine_20261004/v8-linux64-rel-15.6.21/d8"",""--snapshot_blob=/home/mzyx/three_engine_20261004/v8-linux64-rel-15.6.21/snapshot_blob.bin"",""--max-opt=0"",""--no-lazy"",""/mnt/c/Users/mzyx/Desktop/0921/js-interpreter-bench/experiments/three_engine_baseline/adapters/v8.js"",""/mnt/c/Users/mzyx/Desktop/0921/js-interpreter-bench/experiments/timer_recovery/adapters/v8.js"",""/mnt/c/Users/mzyx/Desktop/0921/js-interpreter-bench/experiments/whitebox_analysis/attempt01/microbench/generated/navier_array.N256.js""]",/mnt/c/Users/mzyx/Desktop/0921/js-interpreter-bench,2026-10-05T09:10:46.470619+00:00,327221457978,329054257630,b3ee321e-69da-462d-8718-4589949b17d0,1832799652,formal,navier,navier_array,v8,256,19,2,"[""jsc"",""v8"",""quickjs""]",39,MAIN_MONOTONIC_V1_DERIVED,wsl2-ubuntu2404-x64-20261004,"[""--max-opt=0"",""--no-lazy""]",83b744a5953d2662ea723564d4035a333782a0cc85232d1025929a925150b133,220c29be96768ad6b45909316a0b62927e388b12cdcd01a996e5a1a141b324a3,"[{""path"":""/mnt/c/Users/mzyx/Desktop/0921/js-interpreter-bench/experiments/three_engine_baseline/adapters/v8.js"",""sha256"":""0ab3ed677381191d7e7839cbbc3f07895104a8b8299679ab9f37b856d76d3a22""},{""path"":""/mnt/c/Users/mzyx/Desktop/0921/js-interpreter-bench/experiments/timer_recovery/adapters/v8.js"",""sha256"":""e610d3aa3d2672a5e6d5eccd9aaf05c6ae6758d1b9c4468289f017a231ab7d9f""}]",7354c1868ce2f8a6cc0d43c8be772c69eece3966b70d20df8f98270cddf07e2b,925519576,925519576,"{""mode"":""MAIN_MONOTONIC_V1_DERIVED"",""variant"":""navier_array"",""N"":256,""checksum"":925519576,""correctness"":""PASS"",""warmup_calls"":0,""start_ms"":27.948,""stop_ms"":1823.379,""elapsed_ms"":1795.4309999999998}",1795.4309999999998,7.013402343749999,[],True
0,"WB_RESULT:{""mode"":""MAIN_MONOTONIC_V1_DERIVED"",""variant"":""navier_array"",""N"":256,""checksum"":925519576,""correctness"":""PASS"",""warmup_calls"":0,""start_ms"":0,""stop_ms"":1171.88,""elapsed_ms"":1171.88}
",,"[""/home/mzyx/jsc_build_fd3406f/JSCOnly/Release/bin/jsc"",""--useJIT=false"",""--useLLInt=true"",""--validateOptions=true"",""/mnt/c/Users/mzyx/Desktop/0921/js-interpreter-bench/experiments/three_engine_baseline/adapters/jsc.js"",""/mnt/c/Users/mzyx/Desktop/0921/js-interpreter-bench/experiments/timer_recovery/adapters/jsc.js"",""/mnt/c/Users/mzyx/Desktop/0921/js-interpreter-bench/experiments/whitebox_analysis/attempt01/microbench/generated/navier_array.N256.js""]",/mnt/c/Users/mzyx/Desktop/0921/js-interpreter-bench,2026-10-05T09:16:47.111609+00:00,714898893347,716102020264,b3ee321e-69da-462d-8718-4589949b17d0,1203126917,formal,navier,navier_array,jsc,256,2,2,"[""quickjs"",""jsc"",""v8""]",110,MAIN_MONOTONIC_V1_DERIVED,wsl2-ubuntu2404-x64-20261004,"[""--useJIT=false"",""--useLLInt=true"",""--validateOptions=true""]",65c824a055405bf62b05e21d54515a72a1f0187a4d91225d00a6da969d35879f,220c29be96768ad6b45909316a0b62927e388b12cdcd01a996e5a1a141b324a3,"[{""path"":""/mnt/c/Users/mzyx/Desktop/0921/js-interpreter-bench/experiments/three_engine_baseline/adapters/jsc.js"",""sha256"":""f9ddbb9556352e283b9c9feebc8bdd0ef1abac5bcdf1ab7a5d83945fa3c9437b""},{""path"":""/mnt/c/Users/mzyx/Desktop/0921/js-interpreter-bench/experiments/timer_recovery/adapters/jsc.js"",""sha256"":""0c485996a598b7e36f2f292b66397adc0390cbe6b69b55199e47e1c6c1e37010""}]",7354c1868ce2f8a6cc0d43c8be772c69eece3966b70d20df8f98270cddf07e2b,925519576,925519576,"{""mode"":""MAIN_MONOTONIC_V1_DERIVED"",""variant"":""navier_array"",""N"":256,""checksum"":925519576,""correctness"":""PASS"",""warmup_calls"":0,""start_ms"":0,""stop_ms"":1171.88,""elapsed_ms"":1171.88}",1171.88,4.57765625,[],True
0,"WB_RESULT:{""mode"":""MAIN_MONOTONIC_V1_DERIVED"",""variant"":""navier_array"",""N"":256,""checksum"":925519576,""correctness"":""PASS"",""warmup_calls"":0,""start_ms"":713429.02288,""stop_ms"":714761.687377,""elapsed_ms"":1332.6644970000489}
",,"[""/home/mzyx/three_engine_20261004/quickjs-04be246001599f5995fa2f2d8c91a0f198d3f34c/qjs"",""-I"",""/mnt/c/Users/mzyx/Desktop/0921/js-interpreter-bench/experiments/three_engine_baseline/adapters/quickjs.js"",""-I"",""/mnt/c/Users/mzyx/Desktop/0921/js-interpreter-bench/experiments/timer_recovery/adapters/quickjs.js"",""/mnt/c/Users/mzyx/Desktop/0921/js-interpreter-bench/experiments/whitebox_analysis/attempt01/microbench/generated/navier_array.N256.js""]",/mnt/c/Users/mzyx/Desktop/0921/js-interpreter-bench,2026-10-05T09:16:45.772410+00:00,713415795537,714762833881,b3ee321e-69da-462d-8718-4589949b17d0,1347038344,formal,navier,navier_array,quickjs,256,2,1,"[""quickjs"",""jsc"",""v8""]",110,MAIN_MONOTONIC_V1_DERIVED,wsl2-ubuntu2404-x64-20261004,[],140d5233b0337d91cb0f994ae4a051e49aa04da8802acfaedf0a01b81a620b79,220c29be96768ad6b45909316a0b62927e388b12cdcd01a996e5a1a141b324a3,"[{""path"":""/mnt/c/Users/mzyx/Desktop/0921/js-interpreter-bench/experiments/three_engine_baseline/adapters/quickjs.js"",""sha256"":""f20aa7b460675d08600a58945203034feb50b2a3515aba579219f648b1235c6c""},{""path"":""/mnt/c/Users/mzyx/Desktop/0921/js-interpreter-bench/experiments/timer_recovery/adapters/quickjs.js"",""sha256"":""cd393c275173f20526562a008951f65a332deffed85e7c804519788b8ebffab7""}]",7354c1868ce2f8a6cc0d43c8be772c69eece3966b70d20df8f98270cddf07e2b,925519576,925519576,"{""mode"":""MAIN_MONOTONIC_V1_DERIVED"",""variant"":""navier_array"",""N"":256,""checksum"":925519576,""correctness"":""PASS"",""warmup_calls"":0,""start_ms"":713429.02288,""stop_ms"":714761.687377,""elapsed_ms"":1332.6644970000489}",1332.6644970000489,5.205720691406441,[],True
0,"WB_RESULT:{""mode"":""MAIN_MONOTONIC_V1_DERIVED"",""variant"":""navier_array"",""N"":256,""checksum"":925519576,""correctness"":""PASS"",""warmup_calls"":0,""start_ms"":27.105,""stop_ms"":1718.096,""elapsed_ms"":1690.991}
",,"[""/home/mzyx/three_engine_20261004/v8-linux64-rel-15.6.21/d8"",""--snapshot_blob=/home/mzyx/three_engine_20261004/v8-linux64-rel-15.6.21/snapshot_blob.bin"",""--max-opt=0"",""--no-lazy"",""/mnt/c/Users/mzyx/Desktop/0921/js-interpreter-bench/experiments/three_engine_baseline/adapters/v8.js"",""/mnt/c/Users/mzyx/Desktop/0921/js-interpreter-bench/experiments/timer_recovery/adapters/v8.js"",""/mnt/c/Users/mzyx/Desktop/0921/js-interpreter-bench/experiments/whitebox_analysis/attempt01/microbench/generated/navier_array.N256.js""]",/mnt/c/Users/mzyx/Desktop/0921/js-interpreter-bench,2026-10-05T09:16:48.976797+00:00,716240391351,717967205593,b3ee321e-69da-462d-8718-4589949b17d0,1726814242,formal,navier,navier_array,v8,256,2,3,"[""quickjs"",""jsc"",""v8""]",110,MAIN_MONOTONIC_V1_DERIVED,wsl2-ubuntu2404-x64-20261004,"[""--max-opt=0"",""--no-lazy""]",83b744a5953d2662ea723564d4035a333782a0cc85232d1025929a925150b133,220c29be96768ad6b45909316a0b62927e388b12cdcd01a996e5a1a141b324a3,"[{""path"":""/mnt/c/Users/mzyx/Desktop/0921/js-interpreter-bench/experiments/three_engine_baseline/adapters/v8.js"",""sha256"":""0ab3ed677381191d7e7839cbbc3f07895104a8b8299679ab9f37b856d76d3a22""},{""path"":""/mnt/c/Users/mzyx/Desktop/0921/js-interpreter-bench/experiments/timer_recovery/adapters/v8.js"",""sha256"":""e610d3aa3d2672a5e6d5eccd9aaf05c6ae6758d1b9c4468289f017a231ab7d9f""}]",7354c1868ce2f8a6cc0d43c8be772c69eece3966b70d20df8f98270cddf07e2b,925519576,925519576,"{""mode"":""MAIN_MONOTONIC_V1_DERIVED"",""variant"":""navier_array"",""N"":256,""checksum"":925519576,""correctness"":""PASS"",""warmup_calls"":0,""start_ms"":27.105,""stop_ms"":1718.096,""elapsed_ms"":1690.991}",1690.991,6.60543359375,[],True
0,"WB_RESULT:{""mode"":""MAIN_MONOTONIC_V1_DERIVED"",""variant"":""navier_array"",""N"":256,""checksum"":925519576,""correctness"":""PASS"",""warmup_calls"":0,""start_ms"":0,""stop_ms"":1174.24,""elapsed_ms"":1174.24}
",,"[""/home/mzyx/jsc_build_fd3406f/JSCOnly/Release/bin/jsc"",""--useJIT=false"",""--useLLInt=true"",""--validateOptions=true"",""/mnt/c/Users/mzyx/Desktop/0921/js-interpreter-bench/experiments/three_engine_baseline/adapters/jsc.js"",""/mnt/c/Users/mzyx/Desktop/0921/js-interpreter-bench/experiments/timer_recovery/adapters/jsc.js"",""/mnt/c/Users/mzyx/Desktop/0921/js-interpreter-bench/experiments/whitebox_analysis/attempt01/microbench/generated/navier_array.N256.js""]",/mnt/c/Users/mzyx/Desktop/0921/js-interpreter-bench,2026-10-05T09:17:02.525016+00:00,730314146507,731515428782,b3ee321e-69da-462d-8718-4589949b17d0,1201282275,formal,navier,navier_array,jsc,256,20,2,"[""v8"",""jsc"",""quickjs""]",113,MAIN_MONOTONIC_V1_DERIVED,wsl2-ubuntu2404-x64-20261004,"[""--useJIT=false"",""--useLLInt=true"",""--validateOptions=true""]",65c824a055405bf62b05e21d54515a72a1f0187a4d91225d00a6da969d35879f,220c29be96768ad6b45909316a0b62927e388b12cdcd01a996e5a1a141b324a3,"[{""path"":""/mnt/c/Users/mzyx/Desktop/0921/js-interpreter-bench/experiments/three_engine_baseline/adapters/jsc.js"",""sha256"":""f9ddbb9556352e283b9c9feebc8bdd0ef1abac5bcdf1ab7a5d83945fa3c9437b""},{""path"":""/mnt/c/Users/mzyx/Desktop/0921/js-interpreter-bench/experiments/timer_recovery/adapters/jsc.js"",""sha256"":""0c485996a598b7e36f2f292b66397adc0390cbe6b69b55199e47e1c6c1e37010""}]",7354c1868ce2f8a6cc0d43c8be772c69eece3966b70d20df8f98270cddf07e2b,925519576,925519576,"{""mode"":""MAIN_MONOTONIC_V1_DERIVED"",""variant"":""navier_array"",""N"":256,""checksum"":925519576,""correctness"":""PASS"",""warmup_calls"":0,""start_ms"":0,""stop_ms"":1174.24,""elapsed_ms"":1174.24}",1174.24,4.586875,[],True
0,"WB_RESULT:{""mode"":""MAIN_MONOTONIC_V1_DERIVED"",""variant"":""navier_array"",""N"":256,""checksum"":925519576,""correctness"":""PASS"",""warmup_calls"":0,""start_ms"":731670.473788,""stop_ms"":733001.209363,""elapsed_ms"":1330.735575000057}
",,"[""/home/mzyx/three_engine_20261004/quickjs-04be246001599f5995fa2f2d8c91a0f198d3f34c/qjs"",""-I"",""/mnt/c/Users/mzyx/Desktop/0921/js-interpreter-bench/experiments/three_engine_baseline/adapters/quickjs.js"",""-I"",""/mnt/c/Users/mzyx/Desktop/0921/js-interpreter-bench/experiments/timer_recovery/adapters/quickjs.js"",""/mnt/c/Users/mzyx/Desktop/0921/js-interpreter-bench/experiments/whitebox_analysis/attempt01/microbench/generated/navier_array.N256.js""]",/mnt/c/Users/mzyx/Desktop/0921/js-interpreter-bench,2026-10-05T09:17:04.011862+00:00,731658187925,733002272508,b3ee321e-69da-462d-8718-4589949b17d0,1344084583,formal,navier,navier_array,quickjs,256,20,3,"[""v8"",""jsc"",""quickjs""]",113,MAIN_MONOTONIC_V1_DERIVED,wsl2-ubuntu2404-x64-20261004,[],140d5233b0337d91cb0f994ae4a051e49aa04da8802acfaedf0a01b81a620b79,220c29be96768ad6b45909316a0b62927e388b12cdcd01a996e5a1a141b324a3,"[{""path"":""/mnt/c/Users/mzyx/Desktop/0921/js-interpreter-bench/experiments/three_engine_baseline/adapters/quickjs.js"",""sha256"":""f20aa7b460675d08600a58945203034feb50b2a3515aba579219f648b1235c6c""},{""path"":""/mnt/c/Users/mzyx/Desktop/0921/js-interpreter-bench/experiments/timer_recovery/adapters/quickjs.js"",""sha256"":""cd393c275173f20526562a008951f65a332deffed85e7c804519788b8ebffab7""}]",7354c1868ce2f8a6cc0d43c8be772c69eece3966b70d20df8f98270cddf07e2b,925519576,925519576,"{""mode"":""MAIN_MONOTONIC_V1_DERIVED"",""variant"":""navier_array"",""N"":256,""checksum"":925519576,""correctness"":""PASS"",""warmup_calls"":0,""start_ms"":731670.473788,""stop_ms"":733001.209363,""elapsed_ms"":1330.735575000057}",1330.735575000057,5.198185839843973,[],True
0,"WB_RESULT:{""mode"":""MAIN_MONOTONIC_V1_DERIVED"",""variant"":""navier_array"",""N"":256,""checksum"":925519576,""correctness"":""PASS"",""warmup_calls"":0,""start_ms"":30.554,""stop_ms"":1749.874,""elapsed_ms"":1719.32}
",,"[""/home/mzyx/three_engine_20261004/v8-linux64-rel-15.6.21/d8"",""--snapshot_blob=/home/mzyx/three_engine_20261004/v8-linux64-rel-15.6.21/snapshot_blob.bin"",""--max-opt=0"",""--no-lazy"",""/mnt/c/Users/mzyx/Desktop/0921/js-interpreter-bench/experiments/three_engine_baseline/adapters/v8.js"",""/mnt/c/Users/mzyx/Desktop/0921/js-interpreter-bench/experiments/timer_recovery/adapters/v8.js"",""/mnt/c/Users/mzyx/Desktop/0921/js-interpreter-bench/experiments/whitebox_analysis/attempt01/microbench/generated/navier_array.N256.js""]",/mnt/c/Users/mzyx/Desktop/0921/js-interpreter-bench,2026-10-05T09:17:01.185870+00:00,728417154353,730176282187,b3ee321e-69da-462d-8718-4589949b17d0,1759127834,formal,navier,navier_array,v8,256,20,1,"[""v8"",""jsc"",""quickjs""]",113,MAIN_MONOTONIC_V1_DERIVED,wsl2-ubuntu2404-x64-20261004,"[""--max-opt=0"",""--no-lazy""]",83b744a5953d2662ea723564d4035a333782a0cc85232d1025929a925150b133,220c29be96768ad6b45909316a0b62927e388b12cdcd01a996e5a1a141b324a3,"[{""path"":""/mnt/c/Users/mzyx/Desktop/0921/js-interpreter-bench/experiments/three_engine_baseline/adapters/v8.js"",""sha256"":""0ab3ed677381191d7e7839cbbc3f07895104a8b8299679ab9f37b856d76d3a22""},{""path"":""/mnt/c/Users/mzyx/Desktop/0921/js-interpreter-bench/experiments/timer_recovery/adapters/v8.js"",""sha256"":""e610d3aa3d2672a5e6d5eccd9aaf05c6ae6758d1b9c4468289f017a231ab7d9f""}]",7354c1868ce2f8a6cc0d43c8be772c69eece3966b70d20df8f98270cddf07e2b,925519576,925519576,"{""mode"":""MAIN_MONOTONIC_V1_DERIVED"",""variant"":""navier_array"",""N"":256,""checksum"":925519576,""correctness"":""PASS"",""warmup_calls"":0,""start_ms"":30.554,""stop_ms"":1749.874,""elapsed_ms"":1719.32}",1719.32,6.71609375,[],True
0,"WB_RESULT:{""mode"":""MAIN_MONOTONIC_V1_DERIVED"",""variant"":""navier_array"",""N"":256,""checksum"":925519576,""correctness"":""PASS"",""warmup_calls"":0,""start_ms"":0,""stop_ms"":1163.92,""elapsed_ms"":1163.92}
",,"[""/home/mzyx/jsc_build_fd3406f/JSCOnly/Release/bin/jsc"",""--useJIT=false"",""--useLLInt=true"",""--validateOptions=true"",""/mnt/c/Users/mzyx/Desktop/0921/js-interpreter-bench/experiments/three_engine_baseline/adapters/jsc.js"",""/mnt/c/Users/mzyx/Desktop/0921/js-interpreter-bench/experiments/timer_recovery/adapters/jsc.js"",""/mnt/c/Users/mzyx/Desktop/0921/js-interpreter-bench/experiments/whitebox_analysis/attempt01/microbench/generated/navier_array.N256.js""]",/mnt/c/Users/mzyx/Desktop/0921/js-interpreter-bench,2026-10-05T09:16:53.750406+00:00,721551217455,722740816113,b3ee321e-69da-462d-8718-4589949b17d0,1189598658,formal,navier,navier_array,jsc,256,21,3,"[""quickjs"",""v8"",""jsc""]",111,MAIN_MONOTONIC_V1_DERIVED,wsl2-ubuntu2404-x64-20261004,"[""--useJIT=false"",""--useLLInt=true"",""--validateOptions=true""]",65c824a055405bf62b05e21d54515a72a1f0187a4d91225d00a6da969d35879f,220c29be96768ad6b45909316a0b62927e388b12cdcd01a996e5a1a141b324a3,"[{""path"":""/mnt/c/Users/mzyx/Desktop/0921/js-interpreter-bench/experiments/three_engine_baseline/adapters/jsc.js"",""sha256"":""f9ddbb9556352e283b9c9feebc8bdd0ef1abac5bcdf1ab7a5d83945fa3c9437b""},{""path"":""/mnt/c/Users/mzyx/Desktop/0921/js-interpreter-bench/experiments/timer_recovery/adapters/jsc.js"",""sha256"":""0c485996a598b7e36f2f292b66397adc0390cbe6b69b55199e47e1c6c1e37010""}]",7354c1868ce2f8a6cc0d43c8be772c69eece3966b70d20df8f98270cddf07e2b,925519576,925519576,"{""mode"":""MAIN_MONOTONIC_V1_DERIVED"",""variant"":""navier_array"",""N"":256,""checksum"":925519576,""correctness"":""PASS"",""warmup_calls"":0,""start_ms"":0,""stop_ms"":1163.92,""elapsed_ms"":1163.92}",1163.92,4.5465625,[],True
0,"WB_RESULT:{""mode"":""MAIN_MONOTONIC_V1_DERIVED"",""variant"":""navier_array"",""N"":256,""checksum"":925519576,""correctness"":""PASS"",""warmup_calls"":0,""start_ms"":718106.963579,""stop_ms"":719494.897995,""elapsed_ms"":1387.9344160000328}
",,"[""/home/mzyx/three_engine_20261004/quickjs-04be246001599f5995fa2f2d8c91a0f198d3f34c/qjs"",""-I"",""/mnt/c/Users/mzyx/Desktop/0921/js-interpreter-bench/experiments/three_engine_baseline/adapters/quickjs.js"",""-I"",""/mnt/c/Users/mzyx/Desktop/0921/js-interpreter-bench/experiments/timer_recovery/adapters/quickjs.js"",""/mnt/c/Users/mzyx/Desktop/0921/js-interpreter-bench/experiments/whitebox_analysis/attempt01/microbench/generated/navier_array.N256.js""]",/mnt/c/Users/mzyx/Desktop/0921/js-interpreter-bench,2026-10-05T09:16:50.505445+00:00,718095943134,719495855401,b3ee321e-69da-462d-8718-4589949b17d0,1399912267,formal,navier,navier_array,quickjs,256,21,1,"[""quickjs"",""v8"",""jsc""]",111,MAIN_MONOTONIC_V1_DERIVED,wsl2-ubuntu2404-x64-20261004,[],140d5233b0337d91cb0f994ae4a051e49aa04da8802acfaedf0a01b81a620b79,220c29be96768ad6b45909316a0b62927e388b12cdcd01a996e5a1a141b324a3,"[{""path"":""/mnt/c/Users/mzyx/Desktop/0921/js-interpreter-bench/experiments/three_engine_baseline/adapters/quickjs.js"",""sha256"":""f20aa7b460675d08600a58945203034feb50b2a3515aba579219f648b1235c6c""},{""path"":""/mnt/c/Users/mzyx/Desktop/0921/js-interpreter-bench/experiments/timer_recovery/adapters/quickjs.js"",""sha256"":""cd393c275173f20526562a008951f65a332deffed85e7c804519788b8ebffab7""}]",7354c1868ce2f8a6cc0d43c8be772c69eece3966b70d20df8f98270cddf07e2b,925519576,925519576,"{""mode"":""MAIN_MONOTONIC_V1_DERIVED"",""variant"":""navier_array"",""N"":256,""checksum"":925519576,""correctness"":""PASS"",""warmup_calls"":0,""start_ms"":718106.963579,""stop_ms"":719494.897995,""elapsed_ms"":1387.9344160000328}",1387.9344160000328,5.421618812500128,[],True
0,"WB_RESULT:{""mode"":""MAIN_MONOTONIC_V1_DERIVED"",""variant"":""navier_array"",""N"":256,""checksum"":925519576,""correctness"":""PASS"",""warmup_calls"":0,""start_ms"":33.92,""stop_ms"":1764.347,""elapsed_ms"":1730.427}
",,"[""/home/mzyx/three_engine_20261004/v8-linux64-rel-15.6.21/d8"",""--snapshot_blob=/home/mzyx/three_engine_20261004/v8-linux64-rel-15.6.21/snapshot_blob.bin"",""--max-opt=0"",""--no-lazy"",""/mnt/c/Users/mzyx/Desktop/0921/js-interpreter-bench/experiments/three_engine_baseline/adapters/v8.js"",""/mnt/c/Users/mzyx/Desktop/0921/js-interpreter-bench/experiments/timer_recovery/adapters/v8.js"",""/mnt/c/Users/mzyx/Desktop/0921/js-interpreter-bench/experiments/whitebox_analysis/attempt01/microbench/generated/navier_array.N256.js""]",/mnt/c/Users/mzyx/Desktop/0921/js-interpreter-bench,2026-10-05T09:16:52.419839+00:00,719635840328,721410328609,b3ee321e-69da-462d-8718-4589949b17d0,1774488281,formal,navier,navier_array,v8,256,21,2,"[""quickjs"",""v8"",""jsc""]",111,MAIN_MONOTONIC_V1_DERIVED,wsl2-ubuntu2404-x64-20261004,"[""--max-opt=0"",""--no-lazy""]",83b744a5953d2662ea723564d4035a333782a0cc85232d1025929a925150b133,220c29be96768ad6b45909316a0b62927e388b12cdcd01a996e5a1a141b324a3,"[{""path"":""/mnt/c/Users/mzyx/Desktop/0921/js-interpreter-bench/experiments/three_engine_baseline/adapters/v8.js"",""sha256"":""0ab3ed677381191d7e7839cbbc3f07895104a8b8299679ab9f37b856d76d3a22""},{""path"":""/mnt/c/Users/mzyx/Desktop/0921/js-interpreter-bench/experiments/timer_recovery/adapters/v8.js"",""sha256"":""e610d3aa3d2672a5e6d5eccd9aaf05c6ae6758d1b9c4468289f017a231ab7d9f""}]",7354c1868ce2f8a6cc0d43c8be772c69eece3966b70d20df8f98270cddf07e2b,925519576,925519576,"{""mode"":""MAIN_MONOTONIC_V1_DERIVED"",""variant"":""navier_array"",""N"":256,""checksum"":925519576,""correctness"":""PASS"",""warmup_calls"":0,""start_ms"":33.92,""stop_ms"":1764.347,""elapsed_ms"":1730.427}",1730.427,6.75948046875,[],True
0,"WB_RESULT:{""mode"":""MAIN_MONOTONIC_V1_DERIVED"",""variant"":""navier_array"",""N"":256,""checksum"":925519576,""correctness"":""PASS"",""warmup_calls"":0,""start_ms"":0,""stop_ms"":1079.18,""elapsed_ms"":1079.18}
",,"[""/home/mzyx/jsc_build_fd3406f/JSCOnly/Release/bin/jsc"",""--useJIT=false"",""--useLLInt=true"",""--validateOptions=true"",""/mnt/c/Users/mzyx/Desktop/0921/js-interpreter-bench/experiments/three_engine_baseline/adapters/jsc.js"",""/mnt/c/Users/mzyx/Desktop/0921/js-interpreter-bench/experiments/timer_recovery/adapters/jsc.js"",""/mnt/c/Users/mzyx/Desktop/0921/js-interpreter-bench/experiments/whitebox_analysis/attempt01/microbench/generated/navier_array.N256.js""]",/mnt/c/Users/mzyx/Desktop/0921/js-interpreter-bench,2026-10-05T09:10:35.114399+00:00,316588135792,317698036703,b3ee321e-69da-462d-8718-4589949b17d0,1109900911,formal,navier,navier_array,jsc,256,22,1,"[""jsc"",""v8"",""quickjs""]",37,MAIN_MONOTONIC_V1_DERIVED,wsl2-ubuntu2404-x64-20261004,"[""--useJIT=false"",""--useLLInt=true"",""--validateOptions=true""]",65c824a055405bf62b05e21d54515a72a1f0187a4d91225d00a6da969d35879f,220c29be96768ad6b45909316a0b62927e388b12cdcd01a996e5a1a141b324a3,"[{""path"":""/mnt/c/Users/mzyx/Desktop/0921/js-interpreter-bench/experiments/three_engine_baseline/adapters/jsc.js"",""sha256"":""f9ddbb9556352e283b9c9feebc8bdd0ef1abac5bcdf1ab7a5d83945fa3c9437b""},{""path"":""/mnt/c/Users/mzyx/Desktop/0921/js-interpreter-bench/experiments/timer_recovery/adapters/jsc.js"",""sha256"":""0c485996a598b7e36f2f292b66397adc0390cbe6b69b55199e47e1c6c1e37010""}]",7354c1868ce2f8a6cc0d43c8be772c69eece3966b70d20df8f98270cddf07e2b,925519576,925519576,"{""mode"":""MAIN_MONOTONIC_V1_DERIVED"",""variant"":""navier_array"",""N"":256,""checksum"":925519576,""correctness"":""PASS"",""warmup_calls"":0,""start_ms"":0,""stop_ms"":1079.18,""elapsed_ms"":1079.18}",1079.18,4.215546875,[],True
0,"WB_RESULT:{""mode"":""MAIN_MONOTONIC_V1_DERIVED"",""variant"":""navier_array"",""N"":256,""checksum"":925519576,""correctness"":""PASS"",""warmup_calls"":0,""start_ms"":319804.688397,""stop_ms"":321107.246446,""elapsed_ms"":1302.5580489999847}
",,"[""/home/mzyx/three_engine_20261004/quickjs-04be246001599f5995fa2f2d8c91a0f198d3f34c/qjs"",""-I"",""/mnt/c/Users/mzyx/Desktop/0921/js-interpreter-bench/experiments/three_engine_baseline/adapters/quickjs.js"",""-I"",""/mnt/c/Users/mzyx/Desktop/0921/js-interpreter-bench/experiments/timer_recovery/adapters/quickjs.js"",""/mnt/c/Users/mzyx/Desktop/0921/js-interpreter-bench/experiments/whitebox_analysis/attempt01/microbench/generated/navier_array.N256.js""]",/mnt/c/Users/mzyx/Desktop/0921/js-interpreter-bench,2026-10-05T09:10:38.524629+00:00,319792857437,321108280849,b3ee321e-69da-462d-8718-4589949b17d0,1315423412,formal,navier,navier_array,quickjs,256,22,3,"[""jsc"",""v8"",""quickjs""]",37,MAIN_MONOTONIC_V1_DERIVED,wsl2-ubuntu2404-x64-20261004,[],140d5233b0337d91cb0f994ae4a051e49aa04da8802acfaedf0a01b81a620b79,220c29be96768ad6b45909316a0b62927e388b12cdcd01a996e5a1a141b324a3,"[{""path"":""/mnt/c/Users/mzyx/Desktop/0921/js-interpreter-bench/experiments/three_engine_baseline/adapters/quickjs.js"",""sha256"":""f20aa7b460675d08600a58945203034feb50b2a3515aba579219f648b1235c6c""},{""path"":""/mnt/c/Users/mzyx/Desktop/0921/js-interpreter-bench/experiments/timer_recovery/adapters/quickjs.js"",""sha256"":""cd393c275173f20526562a008951f65a332deffed85e7c804519788b8ebffab7""}]",7354c1868ce2f8a6cc0d43c8be772c69eece3966b70d20df8f98270cddf07e2b,925519576,925519576,"{""mode"":""MAIN_MONOTONIC_V1_DERIVED"",""variant"":""navier_array"",""N"":256,""checksum"":925519576,""correctness"":""PASS"",""warmup_calls"":0,""start_ms"":319804.688397,""stop_ms"":321107.246446,""elapsed_ms"":1302.5580489999847}",1302.5580489999847,5.08811737890619,[],True
0,"WB_RESULT:{""mode"":""MAIN_MONOTONIC_V1_DERIVED"",""variant"":""navier_array"",""N"":256,""checksum"":925519576,""correctness"":""PASS"",""warmup_calls"":0,""start_ms"":30.412,""stop_ms"":1811.315,""elapsed_ms"":1780.903}
",,"[""/home/mzyx/three_engine_20261004/v8-linux64-rel-15.6.21/d8"",""--snapshot_blob=/home/mzyx/three_engine_20261004/v8-linux64-rel-15.6.21/snapshot_blob.bin"",""--max-opt=0"",""--no-lazy"",""/mnt/c/Users/mzyx/Desktop/0921/js-interpreter-bench/experiments/three_engine_baseline/adapters/v8.js"",""/mnt/c/Users/mzyx/Desktop/0921/js-interpreter-bench/experiments/timer_recovery/adapters/v8.js"",""/mnt/c/Users/mzyx/Desktop/0921/js-interpreter-bench/experiments/whitebox_analysis/attempt01/microbench/generated/navier_array.N256.js""]",/mnt/c/Users/mzyx/Desktop/0921/js-interpreter-bench,2026-10-05T09:10:37.076903+00:00,317839273019,319660541662,b3ee321e-69da-462d-8718-4589949b17d0,1821268643,formal,navier,navier_array,v8,256,22,2,"[""jsc"",""v8"",""quickjs""]",37,MAIN_MONOTONIC_V1_DERIVED,wsl2-ubuntu2404-x64-20261004,"[""--max-opt=0"",""--no-lazy""]",83b744a5953d2662ea723564d4035a333782a0cc85232d1025929a925150b133,220c29be96768ad6b45909316a0b62927e388b12cdcd01a996e5a1a141b324a3,"[{""path"":""/mnt/c/Users/mzyx/Desktop/0921/js-interpreter-bench/experiments/three_engine_baseline/adapters/v8.js"",""sha256"":""0ab3ed677381191d7e7839cbbc3f07895104a8b8299679ab9f37b856d76d3a22""},{""path"":""/mnt/c/Users/mzyx/Desktop/0921/js-interpreter-bench/experiments/timer_recovery/adapters/v8.js"",""sha256"":""e610d3aa3d2672a5e6d5eccd9aaf05c6ae6758d1b9c4468289f017a231ab7d9f""}]",7354c1868ce2f8a6cc0d43c8be772c69eece3966b70d20df8f98270cddf07e2b,925519576,925519576,"{""mode"":""MAIN_MONOTONIC_V1_DERIVED"",""variant"":""navier_array"",""N"":256,""checksum"":925519576,""correctness"":""PASS"",""warmup_calls"":0,""start_ms"":30.412,""stop_ms"":1811.315,""elapsed_ms"":1780.903}",1780.903,6.95665234375,[],True
0,"WB_RESULT:{""mode"":""MAIN_MONOTONIC_V1_DERIVED"",""variant"":""navier_array"",""N"":256,""checksum"":925519576,""correctness"":""PASS"",""warmup_calls"":0,""start_ms"":0,""stop_ms"":1170.38,""elapsed_ms"":1170.38}
",,"[""/home/mzyx/jsc_build_fd3406f/JSCOnly/Release/bin/jsc"",""--useJIT=false"",""--useLLInt=true"",""--validateOptions=true"",""/mnt/c/Users/mzyx/Desktop/0921/js-interpreter-bench/experiments/three_engine_baseline/adapters/jsc.js"",""/mnt/c/Users/mzyx/Desktop/0921/js-interpreter-bench/experiments/timer_recovery/adapters/jsc.js"",""/mnt/c/Users/mzyx/Desktop/0921/js-interpreter-bench/experiments/whitebox_analysis/attempt01/microbench/generated/navier_array.N256.js""]",/mnt/c/Users/mzyx/Desktop/0921/js-interpreter-bench,2026-10-05T09:12:13.140375+00:00,420868531962,422065178701,b3ee321e-69da-462d-8718-4589949b17d0,1196646739,formal,navier,navier_array,jsc,256,23,2,"[""v8"",""jsc"",""quickjs""]",56,MAIN_MONOTONIC_V1_DERIVED,wsl2-ubuntu2404-x64-20261004,"[""--useJIT=false"",""--useLLInt=true"",""--validateOptions=true""]",65c824a055405bf62b05e21d54515a72a1f0187a4d91225d00a6da969d35879f,220c29be96768ad6b45909316a0b62927e388b12cdcd01a996e5a1a141b324a3,"[{""path"":""/mnt/c/Users/mzyx/Desktop/0921/js-interpreter-bench/experiments/three_engine_baseline/adapters/jsc.js"",""sha256"":""f9ddbb9556352e283b9c9feebc8bdd0ef1abac5bcdf1ab7a5d83945fa3c9437b""},{""path"":""/mnt/c/Users/mzyx/Desktop/0921/js-interpreter-bench/experiments/timer_recovery/adapters/jsc.js"",""sha256"":""0c485996a598b7e36f2f292b66397adc0390cbe6b69b55199e47e1c6c1e37010""}]",7354c1868ce2f8a6cc0d43c8be772c69eece3966b70d20df8f98270cddf07e2b,925519576,925519576,"{""mode"":""MAIN_MONOTONIC_V1_DERIVED"",""variant"":""navier_array"",""N"":256,""checksum"":925519576,""correctness"":""PASS"",""warmup_calls"":0,""start_ms"":0,""stop_ms"":1170.38,""elapsed_ms"":1170.38}",1170.38,4.571796875,[],True
0,"WB_RESULT:{""mode"":""MAIN_MONOTONIC_V1_DERIVED"",""variant"":""navier_array"",""N"":256,""checksum"":925519576,""correctness"":""PASS"",""warmup_calls"":0,""start_ms"":422228.682158,""stop_ms"":423463.128169,""elapsed_ms"":1234.4460109999636}
",,"[""/home/mzyx/three_engine_20261004/quickjs-04be246001599f5995fa2f2d8c91a0f198d3f34c/qjs"",""-I"",""/mnt/c/Users/mzyx/Desktop/0921/js-interpreter-bench/experiments/three_engine_baseline/adapters/quickjs.js"",""-I"",""/mnt/c/Users/mzyx/Desktop/0921/js-interpreter-bench/experiments/timer_recovery/adapters/quickjs.js"",""/mnt/c/Users/mzyx/Desktop/0921/js-interpreter-bench/experiments/whitebox_analysis/attempt01/microbench/generated/navier_array.N256.js""]",/mnt/c/Users/mzyx/Desktop/0921/js-interpreter-bench,2026-10-05T09:12:14.539382+00:00,422216941698,423464183760,b3ee321e-69da-462d-8718-4589949b17d0,1247242062,formal,navier,navier_array,quickjs,256,23,3,"[""v8"",""jsc"",""quickjs""]",56,MAIN_MONOTONIC_V1_DERIVED,wsl2-ubuntu2404-x64-20261004,[],140d5233b0337d91cb0f994ae4a051e49aa04da8802acfaedf0a01b81a620b79,220c29be96768ad6b45909316a0b62927e388b12cdcd01a996e5a1a141b324a3,"[{""path"":""/mnt/c/Users/mzyx/Desktop/0921/js-interpreter-bench/experiments/three_engine_baseline/adapters/quickjs.js"",""sha256"":""f20aa7b460675d08600a58945203034feb50b2a3515aba579219f648b1235c6c""},{""path"":""/mnt/c/Users/mzyx/Desktop/0921/js-interpreter-bench/experiments/timer_recovery/adapters/quickjs.js"",""sha256"":""cd393c275173f20526562a008951f65a332deffed85e7c804519788b8ebffab7""}]",7354c1868ce2f8a6cc0d43c8be772c69eece3966b70d20df8f98270cddf07e2b,925519576,925519576,"{""mode"":""MAIN_MONOTONIC_V1_DERIVED"",""variant"":""navier_array"",""N"":256,""checksum"":925519576,""correctness"":""PASS"",""warmup_calls"":0,""start_ms"":422228.682158,""stop_ms"":423463.128169,""elapsed_ms"":1234.4460109999636}",1234.4460109999636,4.822054730468608,[],True
0,"WB_RESULT:{""mode"":""MAIN_MONOTONIC_V1_DERIVED"",""variant"":""navier_array"",""N"":256,""checksum"":925519576,""correctness"":""PASS"",""warmup_calls"":0,""start_ms"":29.068,""stop_ms"":1796.935,""elapsed_ms"":1767.867}
",,"[""/home/mzyx/three_engine_20261004/v8-linux64-rel-15.6.21/d8"",""--snapshot_blob=/home/mzyx/three_engine_20261004/v8-linux64-rel-15.6.21/snapshot_blob.bin"",""--max-opt=0"",""--no-lazy"",""/mnt/c/Users/mzyx/Desktop/0921/js-interpreter-bench/experiments/three_engine_baseline/adapters/v8.js"",""/mnt/c/Users/mzyx/Desktop/0921/js-interpreter-bench/experiments/timer_recovery/adapters/v8.js"",""/mnt/c/Users/mzyx/Desktop/0921/js-interpreter-bench/experiments/whitebox_analysis/attempt01/microbench/generated/navier_array.N256.js""]",/mnt/c/Users/mzyx/Desktop/0921/js-interpreter-bench,2026-10-05T09:12:11.801113+00:00,418919848874,420725914376,b3ee321e-69da-462d-8718-4589949b17d0,1806065502,formal,navier,navier_array,v8,256,23,1,"[""v8"",""jsc"",""quickjs""]",56,MAIN_MONOTONIC_V1_DERIVED,wsl2-ubuntu2404-x64-20261004,"[""--max-opt=0"",""--no-lazy""]",83b744a5953d2662ea723564d4035a333782a0cc85232d1025929a925150b133,220c29be96768ad6b45909316a0b62927e388b12cdcd01a996e5a1a141b324a3,"[{""path"":""/mnt/c/Users/mzyx/Desktop/0921/js-interpreter-bench/experiments/three_engine_baseline/adapters/v8.js"",""sha256"":""0ab3ed677381191d7e7839cbbc3f07895104a8b8299679ab9f37b856d76d3a22""},{""path"":""/mnt/c/Users/mzyx/Desktop/0921/js-interpreter-bench/experiments/timer_recovery/adapters/v8.js"",""sha256"":""e610d3aa3d2672a5e6d5eccd9aaf05c6ae6758d1b9c4468289f017a231ab7d9f""}]",7354c1868ce2f8a6cc0d43c8be772c69eece3966b70d20df8f98270cddf07e2b,925519576,925519576,"{""mode"":""MAIN_MONOTONIC_V1_DERIVED"",""variant"":""navier_array"",""N"":256,""checksum"":925519576,""correctness"":""PASS"",""warmup_calls"":0,""start_ms"":29.068,""stop_ms"":1796.935,""elapsed_ms"":1767.867}",1767.867,6.90573046875,[],True
0,"WB_RESULT:{""mode"":""MAIN_MONOTONIC_V1_DERIVED"",""variant"":""navier_array"",""N"":256,""checksum"":925519576,""correctness"":""PASS"",""warmup_calls"":0,""start_ms"":0,""stop_ms"":1181.72,""elapsed_ms"":1181.72}
",,"[""/home/mzyx/jsc_build_fd3406f/JSCOnly/Release/bin/jsc"",""--useJIT=false"",""--useLLInt=true"",""--validateOptions=true"",""/mnt/c/Users/mzyx/Desktop/0921/js-interpreter-bench/experiments/three_engine_baseline/adapters/jsc.js"",""/mnt/c/Users/mzyx/Desktop/0921/js-interpreter-bench/experiments/timer_recovery/adapters/jsc.js"",""/mnt/c/Users/mzyx/Desktop/0921/js-interpreter-bench/experiments/whitebox_analysis/attempt01/microbench/generated/navier_array.N256.js""]",/mnt/c/Users/mzyx/Desktop/0921/js-interpreter-bench,2026-10-05T09:10:39.874605+00:00,321249855685,322458245134,b3ee321e-69da-462d-8718-4589949b17d0,1208389449,formal,navier,navier_array,jsc,256,24,1,"[""jsc"",""quickjs"",""v8""]",38,MAIN_MONOTONIC_V1_DERIVED,wsl2-ubuntu2404-x64-20261004,"[""--useJIT=false"",""--useLLInt=true"",""--validateOptions=true""]",65c824a055405bf62b05e21d54515a72a1f0187a4d91225d00a6da969d35879f,220c29be96768ad6b45909316a0b62927e388b12cdcd01a996e5a1a141b324a3,"[{""path"":""/mnt/c/Users/mzyx/Desktop/0921/js-interpreter-bench/experiments/three_engine_baseline/adapters/jsc.js"",""sha256"":""f9ddbb9556352e283b9c9feebc8bdd0ef1abac5bcdf1ab7a5d83945fa3c9437b""},{""path"":""/mnt/c/Users/mzyx/Desktop/0921/js-interpreter-bench/experiments/timer_recovery/adapters/jsc.js"",""sha256"":""0c485996a598b7e36f2f292b66397adc0390cbe6b69b55199e47e1c6c1e37010""}]",7354c1868ce2f8a6cc0d43c8be772c69eece3966b70d20df8f98270cddf07e2b,925519576,925519576,"{""mode"":""MAIN_MONOTONIC_V1_DERIVED"",""variant"":""navier_array"",""N"":256,""checksum"":925519576,""correctness"":""PASS"",""warmup_calls"":0,""start_ms"":0,""stop_ms"":1181.72,""elapsed_ms"":1181.72}",1181.72,4.61609375,[],True
0,"WB_RESULT:{""mode"":""MAIN_MONOTONIC_V1_DERIVED"",""variant"":""navier_array"",""N"":256,""checksum"":925519576,""correctness"":""PASS"",""warmup_calls"":0,""start_ms"":322605.290395,""stop_ms"":323941.885636,""elapsed_ms"":1336.5952410000027}
",,"[""/home/mzyx/three_engine_20261004/quickjs-04be246001599f5995fa2f2d8c91a0f198d3f34c/qjs"",""-I"",""/mnt/c/Users/mzyx/Desktop/0921/js-interpreter-bench/experiments/three_engine_baseline/adapters/quickjs.js"",""-I"",""/mnt/c/Users/mzyx/Desktop/0921/js-interpreter-bench/experiments/timer_recovery/adapters/quickjs.js"",""/mnt/c/Users/mzyx/Desktop/0921/js-interpreter-bench/experiments/whitebox_analysis/attempt01/microbench/generated/navier_array.N256.js""]",/mnt/c/Users/mzyx/Desktop/0921/js-interpreter-bench,2026-10-05T09:10:41.359144+00:00,322594010599,323942781032,b3ee321e-69da-462d-8718-4589949b17d0,1348770433,formal,navier,navier_array,quickjs,256,24,2,"[""jsc"",""quickjs"",""v8""]",38,MAIN_MONOTONIC_V1_DERIVED,wsl2-ubuntu2404-x64-20261004,[],140d5233b0337d91cb0f994ae4a051e49aa04da8802acfaedf0a01b81a620b79,220c29be96768ad6b45909316a0b62927e388b12cdcd01a996e5a1a141b324a3,"[{""path"":""/mnt/c/Users/mzyx/Desktop/0921/js-interpreter-bench/experiments/three_engine_baseline/adapters/quickjs.js"",""sha256"":""f20aa7b460675d08600a58945203034feb50b2a3515aba579219f648b1235c6c""},{""path"":""/mnt/c/Users/mzyx/Desktop/0921/js-interpreter-bench/experiments/timer_recovery/adapters/quickjs.js"",""sha256"":""cd393c275173f20526562a008951f65a332deffed85e7c804519788b8ebffab7""}]",7354c1868ce2f8a6cc0d43c8be772c69eece3966b70d20df8f98270cddf07e2b,925519576,925519576,"{""mode"":""MAIN_MONOTONIC_V1_DERIVED"",""variant"":""navier_array"",""N"":256,""checksum"":925519576,""correctness"":""PASS"",""warmup_calls"":0,""start_ms"":322605.290395,""stop_ms"":323941.885636,""elapsed_ms"":1336.5952410000027}",1336.5952410000027,5.221075160156261,[],True
0,"WB_RESULT:{""mode"":""MAIN_MONOTONIC_V1_DERIVED"",""variant"":""navier_array"",""N"":256,""checksum"":925519576,""correctness"":""PASS"",""warmup_calls"":0,""start_ms"":33.353,""stop_ms"":1680.49,""elapsed_ms"":1647.137}
",,"[""/home/mzyx/three_engine_20261004/v8-linux64-rel-15.6.21/d8"",""--snapshot_blob=/home/mzyx/three_engine_20261004/v8-linux64-rel-15.6.21/snapshot_blob.bin"",""--max-opt=0"",""--no-lazy"",""/mnt/c/Users/mzyx/Desktop/0921/js-interpreter-bench/experiments/three_engine_baseline/adapters/v8.js"",""/mnt/c/Users/mzyx/Desktop/0921/js-interpreter-bench/experiments/timer_recovery/adapters/v8.js"",""/mnt/c/Users/mzyx/Desktop/0921/js-interpreter-bench/experiments/whitebox_analysis/attempt01/microbench/generated/navier_array.N256.js""]",/mnt/c/Users/mzyx/Desktop/0921/js-interpreter-bench,2026-10-05T09:10:43.197288+00:00,324091800841,325780926371,b3ee321e-69da-462d-8718-4589949b17d0,1689125530,formal,navier,navier_array,v8,256,24,3,"[""jsc"",""quickjs"",""v8""]",38,MAIN_MONOTONIC_V1_DERIVED,wsl2-ubuntu2404-x64-20261004,"[""--max-opt=0"",""--no-lazy""]",83b744a5953d2662ea723564d4035a333782a0cc85232d1025929a925150b133,220c29be96768ad6b45909316a0b62927e388b12cdcd01a996e5a1a141b324a3,"[{""path"":""/mnt/c/Users/mzyx/Desktop/0921/js-interpreter-bench/experiments/three_engine_baseline/adapters/v8.js"",""sha256"":""0ab3ed677381191d7e7839cbbc3f07895104a8b8299679ab9f37b856d76d3a22""},{""path"":""/mnt/c/Users/mzyx/Desktop/0921/js-interpreter-bench/experiments/timer_recovery/adapters/v8.js"",""sha256"":""e610d3aa3d2672a5e6d5eccd9aaf05c6ae6758d1b9c4468289f017a231ab7d9f""}]",7354c1868ce2f8a6cc0d43c8be772c69eece3966b70d20df8f98270cddf07e2b,925519576,925519576,"{""mode"":""MAIN_MONOTONIC_V1_DERIVED"",""variant"":""navier_array"",""N"":256,""checksum"":925519576,""correctness"":""PASS"",""warmup_calls"":0,""start_ms"":33.353,""stop_ms"":1680.49,""elapsed_ms"":1647.137}",1647.137,6.43412890625,[],True
0,"WB_RESULT:{""mode"":""MAIN_MONOTONIC_V1_DERIVED"",""variant"":""navier_array"",""N"":256,""checksum"":925519576,""correctness"":""PASS"",""warmup_calls"":0,""start_ms"":0,""stop_ms"":1205.88,""elapsed_ms"":1205.88}
",,"[""/home/mzyx/jsc_build_fd3406f/JSCOnly/Release/bin/jsc"",""--useJIT=false"",""--useLLInt=true"",""--validateOptions=true"",""/mnt/c/Users/mzyx/Desktop/0921/js-interpreter-bench/experiments/three_engine_baseline/adapters/jsc.js"",""/mnt/c/Users/mzyx/Desktop/0921/js-interpreter-bench/experiments/timer_recovery/adapters/jsc.js"",""/mnt/c/Users/mzyx/Desktop/0921/js-interpreter-bench/experiments/whitebox_analysis/attempt01/microbench/generated/navier_array.N256.js""]",/mnt/c/Users/mzyx/Desktop/0921/js-interpreter-bench,2026-10-05T09:08:45.322407+00:00,197690974022,198923290315,b3ee321e-69da-462d-8718-4589949b17d0,1232316293,formal,navier,navier_array,jsc,256,25,1,"[""jsc"",""v8"",""quickjs""]",15,MAIN_MONOTONIC_V1_DERIVED,wsl2-ubuntu2404-x64-20261004,"[""--useJIT=false"",""--useLLInt=true"",""--validateOptions=true""]",65c824a055405bf62b05e21d54515a72a1f0187a4d91225d00a6da969d35879f,220c29be96768ad6b45909316a0b62927e388b12cdcd01a996e5a1a141b324a3,"[{""path"":""/mnt/c/Users/mzyx/Desktop/0921/js-interpreter-bench/experiments/three_engine_baseline/adapters/jsc.js"",""sha256"":""f9ddbb9556352e283b9c9feebc8bdd0ef1abac5bcdf1ab7a5d83945fa3c9437b""},{""path"":""/mnt/c/Users/mzyx/Desktop/0921/js-interpreter-bench/experiments/timer_recovery/adapters/jsc.js"",""sha256"":""0c485996a598b7e36f2f292b66397adc0390cbe6b69b55199e47e1c6c1e37010""}]",7354c1868ce2f8a6cc0d43c8be772c69eece3966b70d20df8f98270cddf07e2b,925519576,925519576,"{""mode"":""MAIN_MONOTONIC_V1_DERIVED"",""variant"":""navier_array"",""N"":256,""checksum"":925519576,""correctness"":""PASS"",""warmup_calls"":0,""start_ms"":0,""stop_ms"":1205.88,""elapsed_ms"":1205.88}",1205.88,4.71046875,[],True
0,"WB_RESULT:{""mode"":""MAIN_MONOTONIC_V1_DERIVED"",""variant"":""navier_array"",""N"":256,""checksum"":925519576,""correctness"":""PASS"",""warmup_calls"":0,""start_ms"":200976.032622,""stop_ms"":202271.572727,""elapsed_ms"":1295.5401049999928}
",,"[""/home/mzyx/three_engine_20261004/quickjs-04be246001599f5995fa2f2d8c91a0f198d3f34c/qjs"",""-I"",""/mnt/c/Users/mzyx/Desktop/0921/js-interpreter-bench/experiments/three_engine_baseline/adapters/quickjs.js"",""-I"",""/mnt/c/Users/mzyx/Desktop/0921/js-interpreter-bench/experiments/timer_recovery/adapters/quickjs.js"",""/mnt/c/Users/mzyx/Desktop/0921/js-interpreter-bench/experiments/whitebox_analysis/attempt01/microbench/generated/navier_array.N256.js""]",/mnt/c/Users/mzyx/Desktop/0921/js-interpreter-bench,2026-10-05T09:08:48.671615+00:00,200964025405,202272497407,b3ee321e-69da-462d-8718-4589949b17d0,1308472002,formal,navier,navier_array,quickjs,256,25,3,"[""jsc"",""v8"",""quickjs""]",15,MAIN_MONOTONIC_V1_DERIVED,wsl2-ubuntu2404-x64-20261004,[],140d5233b0337d91cb0f994ae4a051e49aa04da8802acfaedf0a01b81a620b79,220c29be96768ad6b45909316a0b62927e388b12cdcd01a996e5a1a141b324a3,"[{""path"":""/mnt/c/Users/mzyx/Desktop/0921/js-interpreter-bench/experiments/three_engine_baseline/adapters/quickjs.js"",""sha256"":""f20aa7b460675d08600a58945203034feb50b2a3515aba579219f648b1235c6c""},{""path"":""/mnt/c/Users/mzyx/Desktop/0921/js-interpreter-bench/experiments/timer_recovery/adapters/quickjs.js"",""sha256"":""cd393c275173f20526562a008951f65a332deffed85e7c804519788b8ebffab7""}]",7354c1868ce2f8a6cc0d43c8be772c69eece3966b70d20df8f98270cddf07e2b,925519576,925519576,"{""mode"":""MAIN_MONOTONIC_V1_DERIVED"",""variant"":""navier_array"",""N"":256,""checksum"":925519576,""correctness"":""PASS"",""warmup_calls"":0,""start_ms"":200976.032622,""stop_ms"":202271.572727,""elapsed_ms"":1295.5401049999928}",1295.5401049999928,5.060703535156222,[],True
0,"WB_RESULT:{""mode"":""MAIN_MONOTONIC_V1_DERIVED"",""variant"":""navier_array"",""N"":256,""checksum"":925519576,""correctness"":""PASS"",""warmup_calls"":0,""start_ms"":27.937,""stop_ms"":1751.309,""elapsed_ms"":1723.372}
",,"[""/home/mzyx/three_engine_20261004/v8-linux64-rel-15.6.21/d8"",""--snapshot_blob=/home/mzyx/three_engine_20261004/v8-linux64-rel-15.6.21/snapshot_blob.bin"",""--max-opt=0"",""--no-lazy"",""/mnt/c/Users/mzyx/Desktop/0921/js-interpreter-bench/experiments/three_engine_baseline/adapters/v8.js"",""/mnt/c/Users/mzyx/Desktop/0921/js-interpreter-bench/experiments/timer_recovery/adapters/v8.js"",""/mnt/c/Users/mzyx/Desktop/0921/js-interpreter-bench/experiments/whitebox_analysis/attempt01/microbench/generated/navier_array.N256.js""]",/mnt/c/Users/mzyx/Desktop/0921/js-interpreter-bench,2026-10-05T09:08:47.218505+00:00,199058615136,200819386487,b3ee321e-69da-462d-8718-4589949b17d0,1760771351,formal,navier,navier_array,v8,256,25,2,"[""jsc"",""v8"",""quickjs""]",15,MAIN_MONOTONIC_V1_DERIVED,wsl2-ubuntu2404-x64-20261004,"[""--max-opt=0"",""--no-lazy""]",83b744a5953d2662ea723564d4035a333782a0cc85232d1025929a925150b133,220c29be96768ad6b45909316a0b62927e388b12cdcd01a996e5a1a141b324a3,"[{""path"":""/mnt/c/Users/mzyx/Desktop/0921/js-interpreter-bench/experiments/three_engine_baseline/adapters/v8.js"",""sha256"":""0ab3ed677381191d7e7839cbbc3f07895104a8b8299679ab9f37b856d76d3a22""},{""path"":""/mnt/c/Users/mzyx/Desktop/0921/js-interpreter-bench/experiments/timer_recovery/adapters/v8.js"",""sha256"":""e610d3aa3d2672a5e6d5eccd9aaf05c6ae6758d1b9c4468289f017a231ab7d9f""}]",7354c1868ce2f8a6cc0d43c8be772c69eece3966b70d20df8f98270cddf07e2b,925519576,925519576,"{""mode"":""MAIN_MONOTONIC_V1_DERIVED"",""variant"":""navier_array"",""N"":256,""checksum"":925519576,""correctness"":""PASS"",""warmup_calls"":0,""start_ms"":27.937,""stop_ms"":1751.309,""elapsed_ms"":1723.372}",1723.372,6.731921875,[],True
0,"WB_RESULT:{""mode"":""MAIN_MONOTONIC_V1_DERIVED"",""variant"":""navier_array"",""N"":256,""checksum"":925519576,""correctness"":""PASS"",""warmup_calls"":0,""start_ms"":0,""stop_ms"":1200.04,""elapsed_ms"":1200.04}
",,"[""/home/mzyx/jsc_build_fd3406f/JSCOnly/Release/bin/jsc"",""--useJIT=false"",""--useLLInt=true"",""--validateOptions=true"",""/mnt/c/Users/mzyx/Desktop/0921/js-interpreter-bench/experiments/three_engine_baseline/adapters/jsc.js"",""/mnt/c/Users/mzyx/Desktop/0921/js-interpreter-bench/experiments/timer_recovery/adapters/jsc.js"",""/mnt/c/Users/mzyx/Desktop/0921/js-interpreter-bench/experiments/whitebox_analysis/attempt01/microbench/generated/navier_array.N256.js""]",/mnt/c/Users/mzyx/Desktop/0921/js-interpreter-bench,2026-10-05T09:07:49.149869+00:00,137520317718,138746161255,b3ee321e-69da-462d-8718-4589949b17d0,1225843537,formal,navier,navier_array,jsc,256,26,3,"[""v8"",""quickjs"",""jsc""]",3,MAIN_MONOTONIC_V1_DERIVED,wsl2-ubuntu2404-x64-20261004,"[""--useJIT=false"",""--useLLInt=true"",""--validateOptions=true""]",65c824a055405bf62b05e21d54515a72a1f0187a4d91225d00a6da969d35879f,220c29be96768ad6b45909316a0b62927e388b12cdcd01a996e5a1a141b324a3,"[{""path"":""/mnt/c/Users/mzyx/Desktop/0921/js-interpreter-bench/experiments/three_engine_baseline/adapters/jsc.js"",""sha256"":""f9ddbb9556352e283b9c9feebc8bdd0ef1abac5bcdf1ab7a5d83945fa3c9437b""},{""path"":""/mnt/c/Users/mzyx/Desktop/0921/js-interpreter-bench/experiments/timer_recovery/adapters/jsc.js"",""sha256"":""0c485996a598b7e36f2f292b66397adc0390cbe6b69b55199e47e1c6c1e37010""}]",7354c1868ce2f8a6cc0d43c8be772c69eece3966b70d20df8f98270cddf07e2b,925519576,925519576,"{""mode"":""MAIN_MONOTONIC_V1_DERIVED"",""variant"":""navier_array"",""N"":256,""checksum"":925519576,""correctness"":""PASS"",""warmup_calls"":0,""start_ms"":0,""stop_ms"":1200.04,""elapsed_ms"":1200.04}",1200.04,4.68765625,[],True
0,"WB_RESULT:{""mode"":""MAIN_MONOTONIC_V1_DERIVED"",""variant"":""navier_array"",""N"":256,""checksum"":925519576,""correctness"":""PASS"",""warmup_calls"":0,""start_ms"":136083.739969,""stop_ms"":137385.211219,""elapsed_ms"":1301.4712500000023}
",,"[""/home/mzyx/three_engine_20261004/quickjs-04be246001599f5995fa2f2d8c91a0f198d3f34c/qjs"",""-I"",""/mnt/c/Users/mzyx/Desktop/0921/js-interpreter-bench/experiments/three_engine_baseline/adapters/quickjs.js"",""-I"",""/mnt/c/Users/mzyx/Desktop/0921/js-interpreter-bench/experiments/timer_recovery/adapters/quickjs.js"",""/mnt/c/Users/mzyx/Desktop/0921/js-interpreter-bench/experiments/whitebox_analysis/attempt01/microbench/generated/navier_array.N256.js""]",/mnt/c/Users/mzyx/Desktop/0921/js-interpreter-bench,2026-10-05T09:07:47.790099+00:00,136071947584,137386390815,b3ee321e-69da-462d-8718-4589949b17d0,1314443231,formal,navier,navier_array,quickjs,256,26,2,"[""v8"",""quickjs"",""jsc""]",3,MAIN_MONOTONIC_V1_DERIVED,wsl2-ubuntu2404-x64-20261004,[],140d5233b0337d91cb0f994ae4a051e49aa04da8802acfaedf0a01b81a620b79,220c29be96768ad6b45909316a0b62927e388b12cdcd01a996e5a1a141b324a3,"[{""path"":""/mnt/c/Users/mzyx/Desktop/0921/js-interpreter-bench/experiments/three_engine_baseline/adapters/quickjs.js"",""sha256"":""f20aa7b460675d08600a58945203034feb50b2a3515aba579219f648b1235c6c""},{""path"":""/mnt/c/Users/mzyx/Desktop/0921/js-interpreter-bench/experiments/timer_recovery/adapters/quickjs.js"",""sha256"":""cd393c275173f20526562a008951f65a332deffed85e7c804519788b8ebffab7""}]",7354c1868ce2f8a6cc0d43c8be772c69eece3966b70d20df8f98270cddf07e2b,925519576,925519576,"{""mode"":""MAIN_MONOTONIC_V1_DERIVED"",""variant"":""navier_array"",""N"":256,""checksum"":925519576,""correctness"":""PASS"",""warmup_calls"":0,""start_ms"":136083.739969,""stop_ms"":137385.211219,""elapsed_ms"":1301.4712500000023}",1301.4712500000023,5.083872070312509,[],True
0,"WB_RESULT:{""mode"":""MAIN_MONOTONIC_V1_DERIVED"",""variant"":""navier_array"",""N"":256,""checksum"":925519576,""correctness"":""PASS"",""warmup_calls"":0,""start_ms"":27.84,""stop_ms"":1737.69,""elapsed_ms"":1709.8500000000001}
",,"[""/home/mzyx/three_engine_20261004/v8-linux64-rel-15.6.21/d8"",""--snapshot_blob=/home/mzyx/three_engine_20261004/v8-linux64-rel-15.6.21/snapshot_blob.bin"",""--max-opt=0"",""--no-lazy"",""/mnt/c/Users/mzyx/Desktop/0921/js-interpreter-bench/experiments/three_engine_baseline/adapters/v8.js"",""/mnt/c/Users/mzyx/Desktop/0921/js-interpreter-bench/experiments/timer_recovery/adapters/v8.js"",""/mnt/c/Users/mzyx/Desktop/0921/js-interpreter-bench/experiments/whitebox_analysis/attempt01/microbench/generated/navier_array.N256.js""]",/mnt/c/Users/mzyx/Desktop/0921/js-interpreter-bench,2026-10-05T09:07:46.330000+00:00,134179653216,135926289740,b3ee321e-69da-462d-8718-4589949b17d0,1746636524,formal,navier,navier_array,v8,256,26,1,"[""v8"",""quickjs"",""jsc""]",3,MAIN_MONOTONIC_V1_DERIVED,wsl2-ubuntu2404-x64-20261004,"[""--max-opt=0"",""--no-lazy""]",83b744a5953d2662ea723564d4035a333782a0cc85232d1025929a925150b133,220c29be96768ad6b45909316a0b62927e388b12cdcd01a996e5a1a141b324a3,"[{""path"":""/mnt/c/Users/mzyx/Desktop/0921/js-interpreter-bench/experiments/three_engine_baseline/adapters/v8.js"",""sha256"":""0ab3ed677381191d7e7839cbbc3f07895104a8b8299679ab9f37b856d76d3a22""},{""path"":""/mnt/c/Users/mzyx/Desktop/0921/js-interpreter-bench/experiments/timer_recovery/adapters/v8.js"",""sha256"":""e610d3aa3d2672a5e6d5eccd9aaf05c6ae6758d1b9c4468289f017a231ab7d9f""}]",7354c1868ce2f8a6cc0d43c8be772c69eece3966b70d20df8f98270cddf07e2b,925519576,925519576,"{""mode"":""MAIN_MONOTONIC_V1_DERIVED"",""variant"":""navier_array"",""N"":256,""checksum"":925519576,""correctness"":""PASS"",""warmup_calls"":0,""start_ms"":27.84,""stop_ms"":1737.69,""elapsed_ms"":1709.8500000000001}",1709.8500000000001,6.6791015625000005,[],True
0,"WB_RESULT:{""mode"":""MAIN_MONOTONIC_V1_DERIVED"",""variant"":""navier_array"",""N"":256,""checksum"":925519576,""correctness"":""PASS"",""warmup_calls"":0,""start_ms"":0,""stop_ms"":1165,""elapsed_ms"":1165}
",,"[""/home/mzyx/jsc_build_fd3406f/JSCOnly/Release/bin/jsc"",""--useJIT=false"",""--useLLInt=true"",""--validateOptions=true"",""/mnt/c/Users/mzyx/Desktop/0921/js-interpreter-bench/experiments/three_engine_baseline/adapters/jsc.js"",""/mnt/c/Users/mzyx/Desktop/0921/js-interpreter-bench/experiments/timer_recovery/adapters/jsc.js"",""/mnt/c/Users/mzyx/Desktop/0921/js-interpreter-bench/experiments/whitebox_analysis/attempt01/microbench/generated/navier_array.N256.js""]",/mnt/c/Users/mzyx/Desktop/0921/js-interpreter-bench,2026-10-05T09:09:20.403963+00:00,234953951060,236153077875,b3ee321e-69da-462d-8718-4589949b17d0,1199126815,formal,navier,navier_array,jsc,256,27,3,"[""v8"",""quickjs"",""jsc""]",21,MAIN_MONOTONIC_V1_DERIVED,wsl2-ubuntu2404-x64-20261004,"[""--useJIT=false"",""--useLLInt=true"",""--validateOptions=true""]",65c824a055405bf62b05e21d54515a72a1f0187a4d91225d00a6da969d35879f,220c29be96768ad6b45909316a0b62927e388b12cdcd01a996e5a1a141b324a3,"[{""path"":""/mnt/c/Users/mzyx/Desktop/0921/js-interpreter-bench/experiments/three_engine_baseline/adapters/jsc.js"",""sha256"":""f9ddbb9556352e283b9c9feebc8bdd0ef1abac5bcdf1ab7a5d83945fa3c9437b""},{""path"":""/mnt/c/Users/mzyx/Desktop/0921/js-interpreter-bench/experiments/timer_recovery/adapters/jsc.js"",""sha256"":""0c485996a598b7e36f2f292b66397adc0390cbe6b69b55199e47e1c6c1e37010""}]",7354c1868ce2f8a6cc0d43c8be772c69eece3966b70d20df8f98270cddf07e2b,925519576,925519576,"{""mode"":""MAIN_MONOTONIC_V1_DERIVED"",""variant"":""navier_array"",""N"":256,""checksum"":925519576,""correctness"":""PASS"",""warmup_calls"":0,""start_ms"":0,""stop_ms"":1165,""elapsed_ms"":1165}",1165,4.55078125,[],True
0,"WB_RESULT:{""mode"":""MAIN_MONOTONIC_V1_DERIVED"",""variant"":""navier_array"",""N"":256,""checksum"":925519576,""correctness"":""PASS"",""warmup_calls"":0,""start_ms"":233467.519647,""stop_ms"":234813.53783,""elapsed_ms"":1346.0181829999783}
",,"[""/home/mzyx/three_engine_20261004/quickjs-04be246001599f5995fa2f2d8c91a0f198d3f34c/qjs"",""-I"",""/mnt/c/Users/mzyx/Desktop/0921/js-interpreter-bench/experiments/three_engine_baseline/adapters/quickjs.js"",""-I"",""/mnt/c/Users/mzyx/Desktop/0921/js-interpreter-bench/experiments/timer_recovery/adapters/quickjs.js"",""/mnt/c/Users/mzyx/Desktop/0921/js-interpreter-bench/experiments/whitebox_analysis/attempt01/microbench/generated/navier_array.N256.js""]",/mnt/c/Users/mzyx/Desktop/0921/js-interpreter-bench,2026-10-05T09:09:19.065438+00:00,233456477333,234814568402,b3ee321e-69da-462d-8718-4589949b17d0,1358091069,formal,navier,navier_array,quickjs,256,27,2,"[""v8"",""quickjs"",""jsc""]",21,MAIN_MONOTONIC_V1_DERIVED,wsl2-ubuntu2404-x64-20261004,[],140d5233b0337d91cb0f994ae4a051e49aa04da8802acfaedf0a01b81a620b79,220c29be96768ad6b45909316a0b62927e388b12cdcd01a996e5a1a141b324a3,"[{""path"":""/mnt/c/Users/mzyx/Desktop/0921/js-interpreter-bench/experiments/three_engine_baseline/adapters/quickjs.js"",""sha256"":""f20aa7b460675d08600a58945203034feb50b2a3515aba579219f648b1235c6c""},{""path"":""/mnt/c/Users/mzyx/Desktop/0921/js-interpreter-bench/experiments/timer_recovery/adapters/quickjs.js"",""sha256"":""cd393c275173f20526562a008951f65a332deffed85e7c804519788b8ebffab7""}]",7354c1868ce2f8a6cc0d43c8be772c69eece3966b70d20df8f98270cddf07e2b,925519576,925519576,"{""mode"":""MAIN_MONOTONIC_V1_DERIVED"",""variant"":""navier_array"",""N"":256,""checksum"":925519576,""correctness"":""PASS"",""warmup_calls"":0,""start_ms"":233467.519647,""stop_ms"":234813.53783,""elapsed_ms"":1346.0181829999783}",1346.0181829999783,5.257883527343665,[],True
0,"WB_RESULT:{""mode"":""MAIN_MONOTONIC_V1_DERIVED"",""variant"":""navier_array"",""N"":256,""checksum"":925519576,""correctness"":""PASS"",""warmup_calls"":0,""start_ms"":28.083,""stop_ms"":1786.825,""elapsed_ms"":1758.742}
",,"[""/home/mzyx/three_engine_20261004/v8-linux64-rel-15.6.21/d8"",""--snapshot_blob=/home/mzyx/three_engine_20261004/v8-linux64-rel-15.6.21/snapshot_blob.bin"",""--max-opt=0"",""--no-lazy"",""/mnt/c/Users/mzyx/Desktop/0921/js-interpreter-bench/experiments/three_engine_baseline/adapters/v8.js"",""/mnt/c/Users/mzyx/Desktop/0921/js-interpreter-bench/experiments/timer_recovery/adapters/v8.js"",""/mnt/c/Users/mzyx/Desktop/0921/js-interpreter-bench/experiments/whitebox_analysis/attempt01/microbench/generated/navier_array.N256.js""]",/mnt/c/Users/mzyx/Desktop/0921/js-interpreter-bench,2026-10-05T09:09:17.569266+00:00,231522352344,233318380875,b3ee321e-69da-462d-8718-4589949b17d0,1796028531,formal,navier,navier_array,v8,256,27,1,"[""v8"",""quickjs"",""jsc""]",21,MAIN_MONOTONIC_V1_DERIVED,wsl2-ubuntu2404-x64-20261004,"[""--max-opt=0"",""--no-lazy""]",83b744a5953d2662ea723564d4035a333782a0cc85232d1025929a925150b133,220c29be96768ad6b45909316a0b62927e388b12cdcd01a996e5a1a141b324a3,"[{""path"":""/mnt/c/Users/mzyx/Desktop/0921/js-interpreter-bench/experiments/three_engine_baseline/adapters/v8.js"",""sha256"":""0ab3ed677381191d7e7839cbbc3f07895104a8b8299679ab9f37b856d76d3a22""},{""path"":""/mnt/c/Users/mzyx/Desktop/0921/js-interpreter-bench/experiments/timer_recovery/adapters/v8.js"",""sha256"":""e610d3aa3d2672a5e6d5eccd9aaf05c6ae6758d1b9c4468289f017a231ab7d9f""}]",7354c1868ce2f8a6cc0d43c8be772c69eece3966b70d20df8f98270cddf07e2b,925519576,925519576,"{""mode"":""MAIN_MONOTONIC_V1_DERIVED"",""variant"":""navier_array"",""N"":256,""checksum"":925519576,""correctness"":""PASS"",""warmup_calls"":0,""start_ms"":28.083,""stop_ms"":1786.825,""elapsed_ms"":1758.742}",1758.742,6.8700859375,[],True
0,"WB_RESULT:{""mode"":""MAIN_MONOTONIC_V1_DERIVED"",""variant"":""navier_array"",""N"":256,""checksum"":925519576,""correctness"":""PASS"",""warmup_calls"":0,""start_ms"":0,""stop_ms"":1155.98,""elapsed_ms"":1155.98}
",,"[""/home/mzyx/jsc_build_fd3406f/JSCOnly/Release/bin/jsc"",""--useJIT=false"",""--useLLInt=true"",""--validateOptions=true"",""/mnt/c/Users/mzyx/Desktop/0921/js-interpreter-bench/experiments/three_engine_baseline/adapters/jsc.js"",""/mnt/c/Users/mzyx/Desktop/0921/js-interpreter-bench/experiments/timer_recovery/adapters/jsc.js"",""/mnt/c/Users/mzyx/Desktop/0921/js-interpreter-bench/experiments/whitebox_analysis/attempt01/microbench/generated/navier_array.N256.js""]",/mnt/c/Users/mzyx/Desktop/0921/js-interpreter-bench,2026-10-05T09:11:27.003094+00:00,370320141160,371508395138,b3ee321e-69da-462d-8718-4589949b17d0,1188253978,formal,navier,navier_array,jsc,256,28,2,"[""quickjs"",""jsc"",""v8""]",47,MAIN_MONOTONIC_V1_DERIVED,wsl2-ubuntu2404-x64-20261004,"[""--useJIT=false"",""--useLLInt=true"",""--validateOptions=true""]",65c824a055405bf62b05e21d54515a72a1f0187a4d91225d00a6da969d35879f,220c29be96768ad6b45909316a0b62927e388b12cdcd01a996e5a1a141b324a3,"[{""path"":""/mnt/c/Users/mzyx/Desktop/0921/js-interpreter-bench/experiments/three_engine_baseline/adapters/jsc.js"",""sha256"":""f9ddbb9556352e283b9c9feebc8bdd0ef1abac5bcdf1ab7a5d83945fa3c9437b""},{""path"":""/mnt/c/Users/mzyx/Desktop/0921/js-interpreter-bench/experiments/timer_recovery/adapters/jsc.js"",""sha256"":""0c485996a598b7e36f2f292b66397adc0390cbe6b69b55199e47e1c6c1e37010""}]",7354c1868ce2f8a6cc0d43c8be772c69eece3966b70d20df8f98270cddf07e2b,925519576,925519576,"{""mode"":""MAIN_MONOTONIC_V1_DERIVED"",""variant"":""navier_array"",""N"":256,""checksum"":925519576,""correctness"":""PASS"",""warmup_calls"":0,""start_ms"":0,""stop_ms"":1155.98,""elapsed_ms"":1155.98}",1155.98,4.515546875,[],True
0,"WB_RESULT:{""mode"":""MAIN_MONOTONIC_V1_DERIVED"",""variant"":""navier_array"",""N"":256,""checksum"":925519576,""correctness"":""PASS"",""warmup_calls"":0,""start_ms"":368926.463412,""stop_ms"":370180.43932,""elapsed_ms"":1253.9759080000222}
",,"[""/home/mzyx/three_engine_20261004/quickjs-04be246001599f5995fa2f2d8c91a0f198d3f34c/qjs"",""-I"",""/mnt/c/Users/mzyx/Desktop/0921/js-interpreter-bench/experiments/three_engine_baseline/adapters/quickjs.js"",""-I"",""/mnt/c/Users/mzyx/Desktop/0921/js-interpreter-bench/experiments/timer_recovery/adapters/quickjs.js"",""/mnt/c/Users/mzyx/Desktop/0921/js-interpreter-bench/experiments/whitebox_analysis/attempt01/microbench/generated/navier_array.N256.js""]",/mnt/c/Users/mzyx/Desktop/0921/js-interpreter-bench,2026-10-05T09:11:25.676305+00:00,368915356378,370181607351,b3ee321e-69da-462d-8718-4589949b17d0,1266250973,formal,navier,navier_array,quickjs,256,28,1,"[""quickjs"",""jsc"",""v8""]",47,MAIN_MONOTONIC_V1_DERIVED,wsl2-ubuntu2404-x64-20261004,[],140d5233b0337d91cb0f994ae4a051e49aa04da8802acfaedf0a01b81a620b79,220c29be96768ad6b45909316a0b62927e388b12cdcd01a996e5a1a141b324a3,"[{""path"":""/mnt/c/Users/mzyx/Desktop/0921/js-interpreter-bench/experiments/three_engine_baseline/adapters/quickjs.js"",""sha256"":""f20aa7b460675d08600a58945203034feb50b2a3515aba579219f648b1235c6c""},{""path"":""/mnt/c/Users/mzyx/Desktop/0921/js-interpreter-bench/experiments/timer_recovery/adapters/quickjs.js"",""sha256"":""cd393c275173f20526562a008951f65a332deffed85e7c804519788b8ebffab7""}]",7354c1868ce2f8a6cc0d43c8be772c69eece3966b70d20df8f98270cddf07e2b,925519576,925519576,"{""mode"":""MAIN_MONOTONIC_V1_DERIVED"",""variant"":""navier_array"",""N"":256,""checksum"":925519576,""correctness"":""PASS"",""warmup_calls"":0,""start_ms"":368926.463412,""stop_ms"":370180.43932,""elapsed_ms"":1253.9759080000222}",1253.9759080000222,4.898343390625087,[],True
0,"WB_RESULT:{""mode"":""MAIN_MONOTONIC_V1_DERIVED"",""variant"":""navier_array"",""N"":256,""checksum"":925519576,""correctness"":""PASS"",""warmup_calls"":0,""start_ms"":39.126,""stop_ms"":1765.419,""elapsed_ms"":1726.2930000000001}
",,"[""/home/mzyx/three_engine_20261004/v8-linux64-rel-15.6.21/d8"",""--snapshot_blob=/home/mzyx/three_engine_20261004/v8-linux64-rel-15.6.21/snapshot_blob.bin"",""--max-opt=0"",""--no-lazy"",""/mnt/c/Users/mzyx/Desktop/0921/js-interpreter-bench/experiments/three_engine_baseline/adapters/v8.js"",""/mnt/c/Users/mzyx/Desktop/0921/js-interpreter-bench/experiments/timer_recovery/adapters/v8.js"",""/mnt/c/Users/mzyx/Desktop/0921/js-interpreter-bench/experiments/whitebox_analysis/attempt01/microbench/generated/navier_array.N256.js""]",/mnt/c/Users/mzyx/Desktop/0921/js-interpreter-bench,2026-10-05T09:11:28.930637+00:00,371660504470,373435940209,b3ee321e-69da-462d-8718-4589949b17d0,1775435739,formal,navier,navier_array,v8,256,28,3,"[""quickjs"",""jsc"",""v8""]",47,MAIN_MONOTONIC_V1_DERIVED,wsl2-ubuntu2404-x64-20261004,"[""--max-opt=0"",""--no-lazy""]",83b744a5953d2662ea723564d4035a333782a0cc85232d1025929a925150b133,220c29be96768ad6b45909316a0b62927e388b12cdcd01a996e5a1a141b324a3,"[{""path"":""/mnt/c/Users/mzyx/Desktop/0921/js-interpreter-bench/experiments/three_engine_baseline/adapters/v8.js"",""sha256"":""0ab3ed677381191d7e7839cbbc3f07895104a8b8299679ab9f37b856d76d3a22""},{""path"":""/mnt/c/Users/mzyx/Desktop/0921/js-interpreter-bench/experiments/timer_recovery/adapters/v8.js"",""sha256"":""e610d3aa3d2672a5e6d5eccd9aaf05c6ae6758d1b9c4468289f017a231ab7d9f""}]",7354c1868ce2f8a6cc0d43c8be772c69eece3966b70d20df8f98270cddf07e2b,925519576,925519576,"{""mode"":""MAIN_MONOTONIC_V1_DERIVED"",""variant"":""navier_array"",""N"":256,""checksum"":925519576,""correctness"":""PASS"",""warmup_calls"":0,""start_ms"":39.126,""stop_ms"":1765.419,""elapsed_ms"":1726.2930000000001}",1726.2930000000001,6.7433320312500005,[],True
0,"WB_RESULT:{""mode"":""MAIN_MONOTONIC_V1_DERIVED"",""variant"":""navier_array"",""N"":256,""checksum"":925519576,""correctness"":""PASS"",""warmup_calls"":0,""start_ms"":0,""stop_ms"":1133.92,""elapsed_ms"":1133.92}
",,"[""/home/mzyx/jsc_build_fd3406f/JSCOnly/Release/bin/jsc"",""--useJIT=false"",""--useLLInt=true"",""--validateOptions=true"",""/mnt/c/Users/mzyx/Desktop/0921/js-interpreter-bench/experiments/three_engine_baseline/adapters/jsc.js"",""/mnt/c/Users/mzyx/Desktop/0921/js-interpreter-bench/experiments/timer_recovery/adapters/jsc.js"",""/mnt/c/Users/mzyx/Desktop/0921/js-interpreter-bench/experiments/whitebox_analysis/attempt01/microbench/generated/navier_array.N256.js""]",/mnt/c/Users/mzyx/Desktop/0921/js-interpreter-bench,2026-10-05T09:16:25.179005+00:00,690778468651,691936328121,b3ee321e-69da-462d-8718-4589949b17d0,1157859470,formal,navier,navier_array,jsc,256,29,3,"[""v8"",""quickjs"",""jsc""]",105,MAIN_MONOTONIC_V1_DERIVED,wsl2-ubuntu2404-x64-20261004,"[""--useJIT=false"",""--useLLInt=true"",""--validateOptions=true""]",65c824a055405bf62b05e21d54515a72a1f0187a4d91225d00a6da969d35879f,220c29be96768ad6b45909316a0b62927e388b12cdcd01a996e5a1a141b324a3,"[{""path"":""/mnt/c/Users/mzyx/Desktop/0921/js-interpreter-bench/experiments/three_engine_baseline/adapters/jsc.js"",""sha256"":""f9ddbb9556352e283b9c9feebc8bdd0ef1abac5bcdf1ab7a5d83945fa3c9437b""},{""path"":""/mnt/c/Users/mzyx/Desktop/0921/js-interpreter-bench/experiments/timer_recovery/adapters/jsc.js"",""sha256"":""0c485996a598b7e36f2f292b66397adc0390cbe6b69b55199e47e1c6c1e37010""}]",7354c1868ce2f8a6cc0d43c8be772c69eece3966b70d20df8f98270cddf07e2b,925519576,925519576,"{""mode"":""MAIN_MONOTONIC_V1_DERIVED"",""variant"":""navier_array"",""N"":256,""checksum"":925519576,""correctness"":""PASS"",""warmup_calls"":0,""start_ms"":0,""stop_ms"":1133.92,""elapsed_ms"":1133.92}",1133.92,4.429375,[],True
0,"WB_RESULT:{""mode"":""MAIN_MONOTONIC_V1_DERIVED"",""variant"":""navier_array"",""N"":256,""checksum"":925519576,""correctness"":""PASS"",""warmup_calls"":0,""start_ms"":689362.075284,""stop_ms"":690651.03333,""elapsed_ms"":1288.9580459999852}
",,"[""/home/mzyx/three_engine_20261004/quickjs-04be246001599f5995fa2f2d8c91a0f198d3f34c/qjs"",""-I"",""/mnt/c/Users/mzyx/Desktop/0921/js-interpreter-bench/experiments/three_engine_baseline/adapters/quickjs.js"",""-I"",""/mnt/c/Users/mzyx/Desktop/0921/js-interpreter-bench/experiments/timer_recovery/adapters/quickjs.js"",""/mnt/c/Users/mzyx/Desktop/0921/js-interpreter-bench/experiments/whitebox_analysis/attempt01/microbench/generated/navier_array.N256.js""]",/mnt/c/Users/mzyx/Desktop/0921/js-interpreter-bench,2026-10-05T09:16:23.894700+00:00,689349181645,690652022259,b3ee321e-69da-462d-8718-4589949b17d0,1302840614,formal,navier,navier_array,quickjs,256,29,2,"[""v8"",""quickjs"",""jsc""]",105,MAIN_MONOTONIC_V1_DERIVED,wsl2-ubuntu2404-x64-20261004,[],140d5233b0337d91cb0f994ae4a051e49aa04da8802acfaedf0a01b81a620b79,220c29be96768ad6b45909316a0b62927e388b12cdcd01a996e5a1a141b324a3,"[{""path"":""/mnt/c/Users/mzyx/Desktop/0921/js-interpreter-bench/experiments/three_engine_baseline/adapters/quickjs.js"",""sha256"":""f20aa7b460675d08600a58945203034feb50b2a3515aba579219f648b1235c6c""},{""path"":""/mnt/c/Users/mzyx/Desktop/0921/js-interpreter-bench/experiments/timer_recovery/adapters/quickjs.js"",""sha256"":""cd393c275173f20526562a008951f65a332deffed85e7c804519788b8ebffab7""}]",7354c1868ce2f8a6cc0d43c8be772c69eece3966b70d20df8f98270cddf07e2b,925519576,925519576,"{""mode"":""MAIN_MONOTONIC_V1_DERIVED"",""variant"":""navier_array"",""N"":256,""checksum"":925519576,""correctness"":""PASS"",""warmup_calls"":0,""start_ms"":689362.075284,""stop_ms"":690651.03333,""elapsed_ms"":1288.9580459999852}",1288.9580459999852,5.034992367187442,[],True
0,"WB_RESULT:{""mode"":""MAIN_MONOTONIC_V1_DERIVED"",""variant"":""navier_array"",""N"":256,""checksum"":925519576,""correctness"":""PASS"",""warmup_calls"":0,""start_ms"":28.465,""stop_ms"":1767.404,""elapsed_ms"":1738.939}
",,"[""/home/mzyx/three_engine_20261004/v8-linux64-rel-15.6.21/d8"",""--snapshot_blob=/home/mzyx/three_engine_20261004/v8-linux64-rel-15.6.21/snapshot_blob.bin"",""--max-opt=0"",""--no-lazy"",""/mnt/c/Users/mzyx/Desktop/0921/js-interpreter-bench/experiments/three_engine_baseline/adapters/v8.js"",""/mnt/c/Users/mzyx/Desktop/0921/js-interpreter-bench/experiments/timer_recovery/adapters/v8.js"",""/mnt/c/Users/mzyx/Desktop/0921/js-interpreter-bench/experiments/whitebox_analysis/attempt01/microbench/generated/navier_array.N256.js""]",/mnt/c/Users/mzyx/Desktop/0921/js-interpreter-bench,2026-10-05T09:16:22.444013+00:00,687424743062,689201334081,b3ee321e-69da-462d-8718-4589949b17d0,1776591019,formal,navier,navier_array,v8,256,29,1,"[""v8"",""quickjs"",""jsc""]",105,MAIN_MONOTONIC_V1_DERIVED,wsl2-ubuntu2404-x64-20261004,"[""--max-opt=0"",""--no-lazy""]",83b744a5953d2662ea723564d4035a333782a0cc85232d1025929a925150b133,220c29be96768ad6b45909316a0b62927e388b12cdcd01a996e5a1a141b324a3,"[{""path"":""/mnt/c/Users/mzyx/Desktop/0921/js-interpreter-bench/experiments/three_engine_baseline/adapters/v8.js"",""sha256"":""0ab3ed677381191d7e7839cbbc3f07895104a8b8299679ab9f37b856d76d3a22""},{""path"":""/mnt/c/Users/mzyx/Desktop/0921/js-interpreter-bench/experiments/timer_recovery/adapters/v8.js"",""sha256"":""e610d3aa3d2672a5e6d5eccd9aaf05c6ae6758d1b9c4468289f017a231ab7d9f""}]",7354c1868ce2f8a6cc0d43c8be772c69eece3966b70d20df8f98270cddf07e2b,925519576,925519576,"{""mode"":""MAIN_MONOTONIC_V1_DERIVED"",""variant"":""navier_array"",""N"":256,""checksum"":925519576,""correctness"":""PASS"",""warmup_calls"":0,""start_ms"":28.465,""stop_ms"":1767.404,""elapsed_ms"":1738.939}",1738.939,6.79273046875,[],True
0,"WB_RESULT:{""mode"":""MAIN_MONOTONIC_V1_DERIVED"",""variant"":""navier_array"",""N"":256,""checksum"":925519576,""correctness"":""PASS"",""warmup_calls"":0,""start_ms"":0,""stop_ms"":1177.64,""elapsed_ms"":1177.64}
",,"[""/home/mzyx/jsc_build_fd3406f/JSCOnly/Release/bin/jsc"",""--useJIT=false"",""--useLLInt=true"",""--validateOptions=true"",""/mnt/c/Users/mzyx/Desktop/0921/js-interpreter-bench/experiments/three_engine_baseline/adapters/jsc.js"",""/mnt/c/Users/mzyx/Desktop/0921/js-interpreter-bench/experiments/timer_recovery/adapters/jsc.js"",""/mnt/c/Users/mzyx/Desktop/0921/js-interpreter-bench/experiments/whitebox_analysis/attempt01/microbench/generated/navier_array.N256.js""]",/mnt/c/Users/mzyx/Desktop/0921/js-interpreter-bench,2026-10-05T09:15:16.616273+00:00,617626427698,618833978625,b3ee321e-69da-462d-8718-4589949b17d0,1207550927,formal,navier,navier_array,jsc,256,3,2,"[""v8"",""jsc"",""quickjs""]",92,MAIN_MONOTONIC_V1_DERIVED,wsl2-ubuntu2404-x64-20261004,"[""--useJIT=false"",""--useLLInt=true"",""--validateOptions=true""]",65c824a055405bf62b05e21d54515a72a1f0187a4d91225d00a6da969d35879f,220c29be96768ad6b45909316a0b62927e388b12cdcd01a996e5a1a141b324a3,"[{""path"":""/mnt/c/Users/mzyx/Desktop/0921/js-interpreter-bench/experiments/three_engine_baseline/adapters/jsc.js"",""sha256"":""f9ddbb9556352e283b9c9feebc8bdd0ef1abac5bcdf1ab7a5d83945fa3c9437b""},{""path"":""/mnt/c/Users/mzyx/Desktop/0921/js-interpreter-bench/experiments/timer_recovery/adapters/jsc.js"",""sha256"":""0c485996a598b7e36f2f292b66397adc0390cbe6b69b55199e47e1c6c1e37010""}]",7354c1868ce2f8a6cc0d43c8be772c69eece3966b70d20df8f98270cddf07e2b,925519576,925519576,"{""mode"":""MAIN_MONOTONIC_V1_DERIVED"",""variant"":""navier_array"",""N"":256,""checksum"":925519576,""correctness"":""PASS"",""warmup_calls"":0,""start_ms"":0,""stop_ms"":1177.64,""elapsed_ms"":1177.64}",1177.64,4.60015625,[],True
0,"WB_RESULT:{""mode"":""MAIN_MONOTONIC_V1_DERIVED"",""variant"":""navier_array"",""N"":256,""checksum"":925519576,""correctness"":""PASS"",""warmup_calls"":0,""start_ms"":618985.798929,""stop_ms"":620260.465581,""elapsed_ms"":1274.6666519999271}
",,"[""/home/mzyx/three_engine_20261004/quickjs-04be246001599f5995fa2f2d8c91a0f198d3f34c/qjs"",""-I"",""/mnt/c/Users/mzyx/Desktop/0921/js-interpreter-bench/experiments/three_engine_baseline/adapters/quickjs.js"",""-I"",""/mnt/c/Users/mzyx/Desktop/0921/js-interpreter-bench/experiments/timer_recovery/adapters/quickjs.js"",""/mnt/c/Users/mzyx/Desktop/0921/js-interpreter-bench/experiments/whitebox_analysis/attempt01/microbench/generated/navier_array.N256.js""]",/mnt/c/Users/mzyx/Desktop/0921/js-interpreter-bench,2026-10-05T09:15:18.043683+00:00,618973931890,620261386605,b3ee321e-69da-462d-8718-4589949b17d0,1287454715,formal,navier,navier_array,quickjs,256,3,3,"[""v8"",""jsc"",""quickjs""]",92,MAIN_MONOTONIC_V1_DERIVED,wsl2-ubuntu2404-x64-20261004,[],140d5233b0337d91cb0f994ae4a051e49aa04da8802acfaedf0a01b81a620b79,220c29be96768ad6b45909316a0b62927e388b12cdcd01a996e5a1a141b324a3,"[{""path"":""/mnt/c/Users/mzyx/Desktop/0921/js-interpreter-bench/experiments/three_engine_baseline/adapters/quickjs.js"",""sha256"":""f20aa7b460675d08600a58945203034feb50b2a3515aba579219f648b1235c6c""},{""path"":""/mnt/c/Users/mzyx/Desktop/0921/js-interpreter-bench/experiments/timer_recovery/adapters/quickjs.js"",""sha256"":""cd393c275173f20526562a008951f65a332deffed85e7c804519788b8ebffab7""}]",7354c1868ce2f8a6cc0d43c8be772c69eece3966b70d20df8f98270cddf07e2b,925519576,925519576,"{""mode"":""MAIN_MONOTONIC_V1_DERIVED"",""variant"":""navier_array"",""N"":256,""checksum"":925519576,""correctness"":""PASS"",""warmup_calls"":0,""start_ms"":618985.798929,""stop_ms"":620260.465581,""elapsed_ms"":1274.6666519999271}",1274.6666519999271,4.979166609374715,[],True
0,"WB_RESULT:{""mode"":""MAIN_MONOTONIC_V1_DERIVED"",""variant"":""navier_array"",""N"":256,""checksum"":925519576,""correctness"":""PASS"",""warmup_calls"":0,""start_ms"":30.437,""stop_ms"":1768.711,""elapsed_ms"":1738.2740000000001}
",,"[""/home/mzyx/three_engine_20261004/v8-linux64-rel-15.6.21/d8"",""--snapshot_blob=/home/mzyx/three_engine_20261004/v8-linux64-rel-15.6.21/snapshot_blob.bin"",""--max-opt=0"",""--no-lazy"",""/mnt/c/Users/mzyx/Desktop/0921/js-interpreter-bench/experiments/three_engine_baseline/adapters/v8.js"",""/mnt/c/Users/mzyx/Desktop/0921/js-interpreter-bench/experiments/timer_recovery/adapters/v8.js"",""/mnt/c/Users/mzyx/Desktop/0921/js-interpreter-bench/experiments/whitebox_analysis/attempt01/microbench/generated/navier_array.N256.js""]",/mnt/c/Users/mzyx/Desktop/0921/js-interpreter-bench,2026-10-05T09:15:15.267491+00:00,615707681940,617485194549,b3ee321e-69da-462d-8718-4589949b17d0,1777512609,formal,navier,navier_array,v8,256,3,1,"[""v8"",""jsc"",""quickjs""]",92,MAIN_MONOTONIC_V1_DERIVED,wsl2-ubuntu2404-x64-20261004,"[""--max-opt=0"",""--no-lazy""]",83b744a5953d2662ea723564d4035a333782a0cc85232d1025929a925150b133,220c29be96768ad6b45909316a0b62927e388b12cdcd01a996e5a1a141b324a3,"[{""path"":""/mnt/c/Users/mzyx/Desktop/0921/js-interpreter-bench/experiments/three_engine_baseline/adapters/v8.js"",""sha256"":""0ab3ed677381191d7e7839cbbc3f07895104a8b8299679ab9f37b856d76d3a22""},{""path"":""/mnt/c/Users/mzyx/Desktop/0921/js-interpreter-bench/experiments/timer_recovery/adapters/v8.js"",""sha256"":""e610d3aa3d2672a5e6d5eccd9aaf05c6ae6758d1b9c4468289f017a231ab7d9f""}]",7354c1868ce2f8a6cc0d43c8be772c69eece3966b70d20df8f98270cddf07e2b,925519576,925519576,"{""mode"":""MAIN_MONOTONIC_V1_DERIVED"",""variant"":""navier_array"",""N"":256,""checksum"":925519576,""correctness"":""PASS"",""warmup_calls"":0,""start_ms"":30.437,""stop_ms"":1768.711,""elapsed_ms"":1738.2740000000001}",1738.2740000000001,6.7901328125000004,[],True
0,"WB_RESULT:{""mode"":""MAIN_MONOTONIC_V1_DERIVED"",""variant"":""navier_array"",""N"":256,""checksum"":925519576,""correctness"":""PASS"",""warmup_calls"":0,""start_ms"":0,""stop_ms"":1151.04,""elapsed_ms"":1151.04}
",,"[""/home/mzyx/jsc_build_fd3406f/JSCOnly/Release/bin/jsc"",""--useJIT=false"",""--useLLInt=true"",""--validateOptions=true"",""/mnt/c/Users/mzyx/Desktop/0921/js-interpreter-bench/experiments/three_engine_baseline/adapters/jsc.js"",""/mnt/c/Users/mzyx/Desktop/0921/js-interpreter-bench/experiments/timer_recovery/adapters/jsc.js"",""/mnt/c/Users/mzyx/Desktop/0921/js-interpreter-bench/experiments/whitebox_analysis/attempt01/microbench/generated/navier_array.N256.js""]",/mnt/c/Users/mzyx/Desktop/0921/js-interpreter-bench,2026-10-05T09:14:03.959721+00:00,540713037147,541895243279,b3ee321e-69da-462d-8718-4589949b17d0,1182206132,formal,navier,navier_array,jsc,256,30,2,"[""quickjs"",""jsc"",""v8""]",78,MAIN_MONOTONIC_V1_DERIVED,wsl2-ubuntu2404-x64-20261004,"[""--useJIT=false"",""--useLLInt=true"",""--validateOptions=true""]",65c824a055405bf62b05e21d54515a72a1f0187a4d91225d00a6da969d35879f,220c29be96768ad6b45909316a0b62927e388b12cdcd01a996e5a1a141b324a3,"[{""path"":""/mnt/c/Users/mzyx/Desktop/0921/js-interpreter-bench/experiments/three_engine_baseline/adapters/jsc.js"",""sha256"":""f9ddbb9556352e283b9c9feebc8bdd0ef1abac5bcdf1ab7a5d83945fa3c9437b""},{""path"":""/mnt/c/Users/mzyx/Desktop/0921/js-interpreter-bench/experiments/timer_recovery/adapters/jsc.js"",""sha256"":""0c485996a598b7e36f2f292b66397adc0390cbe6b69b55199e47e1c6c1e37010""}]",7354c1868ce2f8a6cc0d43c8be772c69eece3966b70d20df8f98270cddf07e2b,925519576,925519576,"{""mode"":""MAIN_MONOTONIC_V1_DERIVED"",""variant"":""navier_array"",""N"":256,""checksum"":925519576,""correctness"":""PASS"",""warmup_calls"":0,""start_ms"":0,""stop_ms"":1151.04,""elapsed_ms"":1151.04}",1151.04,4.49625,[],True
0,"WB_RESULT:{""mode"":""MAIN_MONOTONIC_V1_DERIVED"",""variant"":""navier_array"",""N"":256,""checksum"":925519576,""correctness"":""PASS"",""warmup_calls"":0,""start_ms"":539239.826264,""stop_ms"":540576.93839,""elapsed_ms"":1337.1121259999927}
",,"[""/home/mzyx/three_engine_20261004/quickjs-04be246001599f5995fa2f2d8c91a0f198d3f34c/qjs"",""-I"",""/mnt/c/Users/mzyx/Desktop/0921/js-interpreter-bench/experiments/three_engine_baseline/adapters/quickjs.js"",""-I"",""/mnt/c/Users/mzyx/Desktop/0921/js-interpreter-bench/experiments/timer_recovery/adapters/quickjs.js"",""/mnt/c/Users/mzyx/Desktop/0921/js-interpreter-bench/experiments/whitebox_analysis/attempt01/microbench/generated/navier_array.N256.js""]",/mnt/c/Users/mzyx/Desktop/0921/js-interpreter-bench,2026-10-05T09:14:04.989927+00:00,539228866713,540577947265,b3ee321e-69da-462d-8718-4589949b17d0,1349080552,formal,navier,navier_array,quickjs,256,30,1,"[""quickjs"",""jsc"",""v8""]",78,MAIN_MONOTONIC_V1_DERIVED,wsl2-ubuntu2404-x64-20261004,[],140d5233b0337d91cb0f994ae4a051e49aa04da8802acfaedf0a01b81a620b79,220c29be96768ad6b45909316a0b62927e388b12cdcd01a996e5a1a141b324a3,"[{""path"":""/mnt/c/Users/mzyx/Desktop/0921/js-interpreter-bench/experiments/three_engine_baseline/adapters/quickjs.js"",""sha256"":""f20aa7b460675d08600a58945203034feb50b2a3515aba579219f648b1235c6c""},{""path"":""/mnt/c/Users/mzyx/Desktop/0921/js-interpreter-bench/experiments/timer_recovery/adapters/quickjs.js"",""sha256"":""cd393c275173f20526562a008951f65a332deffed85e7c804519788b8ebffab7""}]",7354c1868ce2f8a6cc0d43c8be772c69eece3966b70d20df8f98270cddf07e2b,925519576,925519576,"{""mode"":""MAIN_MONOTONIC_V1_DERIVED"",""variant"":""navier_array"",""N"":256,""checksum"":925519576,""correctness"":""PASS"",""warmup_calls"":0,""start_ms"":539239.826264,""stop_ms"":540576.93839,""elapsed_ms"":1337.1121259999927}",1337.1121259999927,5.2230942421874715,[],True
0,"WB_RESULT:{""mode"":""MAIN_MONOTONIC_V1_DERIVED"",""variant"":""navier_array"",""N"":256,""checksum"":925519576,""correctness"":""PASS"",""warmup_calls"":0,""start_ms"":34.247,""stop_ms"":1750.196,""elapsed_ms"":1715.9489999999998}
",,"[""/home/mzyx/three_engine_20261004/v8-linux64-rel-15.6.21/d8"",""--snapshot_blob=/home/mzyx/three_engine_20261004/v8-linux64-rel-15.6.21/snapshot_blob.bin"",""--max-opt=0"",""--no-lazy"",""/mnt/c/Users/mzyx/Desktop/0921/js-interpreter-bench/experiments/three_engine_baseline/adapters/v8.js"",""/mnt/c/Users/mzyx/Desktop/0921/js-interpreter-bench/experiments/timer_recovery/adapters/v8.js"",""/mnt/c/Users/mzyx/Desktop/0921/js-interpreter-bench/experiments/whitebox_analysis/attempt01/microbench/generated/navier_array.N256.js""]",/mnt/c/Users/mzyx/Desktop/0921/js-interpreter-bench,2026-10-05T09:14:05.864330+00:00,542038460080,543799851263,b3ee321e-69da-462d-8718-4589949b17d0,1761391183,formal,navier,navier_array,v8,256,30,3,"[""quickjs"",""jsc"",""v8""]",78,MAIN_MONOTONIC_V1_DERIVED,wsl2-ubuntu2404-x64-20261004,"[""--max-opt=0"",""--no-lazy""]",83b744a5953d2662ea723564d4035a333782a0cc85232d1025929a925150b133,220c29be96768ad6b45909316a0b62927e388b12cdcd01a996e5a1a141b324a3,"[{""path"":""/mnt/c/Users/mzyx/Desktop/0921/js-interpreter-bench/experiments/three_engine_baseline/adapters/v8.js"",""sha256"":""0ab3ed677381191d7e7839cbbc3f07895104a8b8299679ab9f37b856d76d3a22""},{""path"":""/mnt/c/Users/mzyx/Desktop/0921/js-interpreter-bench/experiments/timer_recovery/adapters/v8.js"",""sha256"":""e610d3aa3d2672a5e6d5eccd9aaf05c6ae6758d1b9c4468289f017a231ab7d9f""}]",7354c1868ce2f8a6cc0d43c8be772c69eece3966b70d20df8f98270cddf07e2b,925519576,925519576,"{""mode"":""MAIN_MONOTONIC_V1_DERIVED"",""variant"":""navier_array"",""N"":256,""checksum"":925519576,""correctness"":""PASS"",""warmup_calls"":0,""start_ms"":34.247,""stop_ms"":1750.196,""elapsed_ms"":1715.9489999999998}",1715.9489999999998,6.702925781249999,[],True
0,"WB_RESULT:{""mode"":""MAIN_MONOTONIC_V1_DERIVED"",""variant"":""navier_array"",""N"":256,""checksum"":925519576,""correctness"":""PASS"",""warmup_calls"":0,""start_ms"":0,""stop_ms"":1161.4,""elapsed_ms"":1161.4}
",,"[""/home/mzyx/jsc_build_fd3406f/JSCOnly/Release/bin/jsc"",""--useJIT=false"",""--useLLInt=true"",""--validateOptions=true"",""/mnt/c/Users/mzyx/Desktop/0921/js-interpreter-bench/experiments/three_engine_baseline/adapters/jsc.js"",""/mnt/c/Users/mzyx/Desktop/0921/js-interpreter-bench/experiments/timer_recovery/adapters/jsc.js"",""/mnt/c/Users/mzyx/Desktop/0921/js-interpreter-bench/experiments/whitebox_analysis/attempt01/microbench/generated/navier_array.N256.js""]",/mnt/c/Users/mzyx/Desktop/0921/js-interpreter-bench,2026-10-05T09:10:23.045105+00:00,302119088048,303310429663,b3ee321e-69da-462d-8718-4589949b17d0,1191341615,formal,navier,navier_array,jsc,256,4,2,"[""quickjs"",""jsc"",""v8""]",34,MAIN_MONOTONIC_V1_DERIVED,wsl2-ubuntu2404-x64-20261004,"[""--useJIT=false"",""--useLLInt=true"",""--validateOptions=true""]",65c824a055405bf62b05e21d54515a72a1f0187a4d91225d00a6da969d35879f,220c29be96768ad6b45909316a0b62927e388b12cdcd01a996e5a1a141b324a3,"[{""path"":""/mnt/c/Users/mzyx/Desktop/0921/js-interpreter-bench/experiments/three_engine_baseline/adapters/jsc.js"",""sha256"":""f9ddbb9556352e283b9c9feebc8bdd0ef1abac5bcdf1ab7a5d83945fa3c9437b""},{""path"":""/mnt/c/Users/mzyx/Desktop/0921/js-interpreter-bench/experiments/timer_recovery/adapters/jsc.js"",""sha256"":""0c485996a598b7e36f2f292b66397adc0390cbe6b69b55199e47e1c6c1e37010""}]",7354c1868ce2f8a6cc0d43c8be772c69eece3966b70d20df8f98270cddf07e2b,925519576,925519576,"{""mode"":""MAIN_MONOTONIC_V1_DERIVED"",""variant"":""navier_array"",""N"":256,""checksum"":925519576,""correctness"":""PASS"",""warmup_calls"":0,""start_ms"":0,""stop_ms"":1161.4,""elapsed_ms"":1161.4}",1161.4,4.53671875,[],True
0,"WB_RESULT:{""mode"":""MAIN_MONOTONIC_V1_DERIVED"",""variant"":""navier_array"",""N"":256,""checksum"":925519576,""correctness"":""PASS"",""warmup_calls"":0,""start_ms"":300644.805505,""stop_ms"":301973.831648,""elapsed_ms"":1329.0261429999955}
",,"[""/home/mzyx/three_engine_20261004/quickjs-04be246001599f5995fa2f2d8c91a0f198d3f34c/qjs"",""-I"",""/mnt/c/Users/mzyx/Desktop/0921/js-interpreter-bench/experiments/three_engine_baseline/adapters/quickjs.js"",""-I"",""/mnt/c/Users/mzyx/Desktop/0921/js-interpreter-bench/experiments/timer_recovery/adapters/quickjs.js"",""/mnt/c/Users/mzyx/Desktop/0921/js-interpreter-bench/experiments/whitebox_analysis/attempt01/microbench/generated/navier_array.N256.js""]",/mnt/c/Users/mzyx/Desktop/0921/js-interpreter-bench,2026-10-05T09:10:21.709620+00:00,300632578023,301974945671,b3ee321e-69da-462d-8718-4589949b17d0,1342367648,formal,navier,navier_array,quickjs,256,4,1,"[""quickjs"",""jsc"",""v8""]",34,MAIN_MONOTONIC_V1_DERIVED,wsl2-ubuntu2404-x64-20261004,[],140d5233b0337d91cb0f994ae4a051e49aa04da8802acfaedf0a01b81a620b79,220c29be96768ad6b45909316a0b62927e388b12cdcd01a996e5a1a141b324a3,"[{""path"":""/mnt/c/Users/mzyx/Desktop/0921/js-interpreter-bench/experiments/three_engine_baseline/adapters/quickjs.js"",""sha256"":""f20aa7b460675d08600a58945203034feb50b2a3515aba579219f648b1235c6c""},{""path"":""/mnt/c/Users/mzyx/Desktop/0921/js-interpreter-bench/experiments/timer_recovery/adapters/quickjs.js"",""sha256"":""cd393c275173f20526562a008951f65a332deffed85e7c804519788b8ebffab7""}]",7354c1868ce2f8a6cc0d43c8be772c69eece3966b70d20df8f98270cddf07e2b,925519576,925519576,"{""mode"":""MAIN_MONOTONIC_V1_DERIVED"",""variant"":""navier_array"",""N"":256,""checksum"":925519576,""correctness"":""PASS"",""warmup_calls"":0,""start_ms"":300644.805505,""stop_ms"":301973.831648,""elapsed_ms"":1329.0261429999955}",1329.0261429999955,5.191508371093732,[],True
0,"WB_RESULT:{""mode"":""MAIN_MONOTONIC_V1_DERIVED"",""variant"":""navier_array"",""N"":256,""checksum"":925519576,""correctness"":""PASS"",""warmup_calls"":0,""start_ms"":30.054,""stop_ms"":1746.635,""elapsed_ms"":1716.581}
",,"[""/home/mzyx/three_engine_20261004/v8-linux64-rel-15.6.21/d8"",""--snapshot_blob=/home/mzyx/three_engine_20261004/v8-linux64-rel-15.6.21/snapshot_blob.bin"",""--max-opt=0"",""--no-lazy"",""/mnt/c/Users/mzyx/Desktop/0921/js-interpreter-bench/experiments/three_engine_baseline/adapters/v8.js"",""/mnt/c/Users/mzyx/Desktop/0921/js-interpreter-bench/experiments/timer_recovery/adapters/v8.js"",""/mnt/c/Users/mzyx/Desktop/0921/js-interpreter-bench/experiments/whitebox_analysis/attempt01/microbench/generated/navier_array.N256.js""]",/mnt/c/Users/mzyx/Desktop/0921/js-interpreter-bench,2026-10-05T09:10:24.949486+00:00,303457619835,305214806885,b3ee321e-69da-462d-8718-4589949b17d0,1757187050,formal,navier,navier_array,v8,256,4,3,"[""quickjs"",""jsc"",""v8""]",34,MAIN_MONOTONIC_V1_DERIVED,wsl2-ubuntu2404-x64-20261004,"[""--max-opt=0"",""--no-lazy""]",83b744a5953d2662ea723564d4035a333782a0cc85232d1025929a925150b133,220c29be96768ad6b45909316a0b62927e388b12cdcd01a996e5a1a141b324a3,"[{""path"":""/mnt/c/Users/mzyx/Desktop/0921/js-interpreter-bench/experiments/three_engine_baseline/adapters/v8.js"",""sha256"":""0ab3ed677381191d7e7839cbbc3f07895104a8b8299679ab9f37b856d76d3a22""},{""path"":""/mnt/c/Users/mzyx/Desktop/0921/js-interpreter-bench/experiments/timer_recovery/adapters/v8.js"",""sha256"":""e610d3aa3d2672a5e6d5eccd9aaf05c6ae6758d1b9c4468289f017a231ab7d9f""}]",7354c1868ce2f8a6cc0d43c8be772c69eece3966b70d20df8f98270cddf07e2b,925519576,925519576,"{""mode"":""MAIN_MONOTONIC_V1_DERIVED"",""variant"":""navier_array"",""N"":256,""checksum"":925519576,""correctness"":""PASS"",""warmup_calls"":0,""start_ms"":30.054,""stop_ms"":1746.635,""elapsed_ms"":1716.581}",1716.581,6.70539453125,[],True
0,"WB_RESULT:{""mode"":""MAIN_MONOTONIC_V1_DERIVED"",""variant"":""navier_array"",""N"":256,""checksum"":925519576,""correctness"":""PASS"",""warmup_calls"":0,""start_ms"":0,""stop_ms"":1179.44,""elapsed_ms"":1179.44}
",,"[""/home/mzyx/jsc_build_fd3406f/JSCOnly/Release/bin/jsc"",""--useJIT=false"",""--useLLInt=true"",""--validateOptions=true"",""/mnt/c/Users/mzyx/Desktop/0921/js-interpreter-bench/experiments/three_engine_baseline/adapters/jsc.js"",""/mnt/c/Users/mzyx/Desktop/0921/js-interpreter-bench/experiments/timer_recovery/adapters/jsc.js"",""/mnt/c/Users/mzyx/Desktop/0921/js-interpreter-bench/experiments/whitebox_analysis/attempt01/microbench/generated/navier_array.N256.js""]",/mnt/c/Users/mzyx/Desktop/0921/js-interpreter-bench,2026-10-05T09:13:14.773692+00:00,486814624665,488024617249,b3ee321e-69da-462d-8718-4589949b17d0,1209992584,formal,navier,navier_array,jsc,256,5,2,"[""v8"",""jsc"",""quickjs""]",68,MAIN_MONOTONIC_V1_DERIVED,wsl2-ubuntu2404-x64-20261004,"[""--useJIT=false"",""--useLLInt=true"",""--validateOptions=true""]",65c824a055405bf62b05e21d54515a72a1f0187a4d91225d00a6da969d35879f,220c29be96768ad6b45909316a0b62927e388b12cdcd01a996e5a1a141b324a3,"[{""path"":""/mnt/c/Users/mzyx/Desktop/0921/js-interpreter-bench/experiments/three_engine_baseline/adapters/jsc.js"",""sha256"":""f9ddbb9556352e283b9c9feebc8bdd0ef1abac5bcdf1ab7a5d83945fa3c9437b""},{""path"":""/mnt/c/Users/mzyx/Desktop/0921/js-interpreter-bench/experiments/timer_recovery/adapters/jsc.js"",""sha256"":""0c485996a598b7e36f2f292b66397adc0390cbe6b69b55199e47e1c6c1e37010""}]",7354c1868ce2f8a6cc0d43c8be772c69eece3966b70d20df8f98270cddf07e2b,925519576,925519576,"{""mode"":""MAIN_MONOTONIC_V1_DERIVED"",""variant"":""navier_array"",""N"":256,""checksum"":925519576,""correctness"":""PASS"",""warmup_calls"":0,""start_ms"":0,""stop_ms"":1179.44,""elapsed_ms"":1179.44}",1179.44,4.6071875,[],True
0,"WB_RESULT:{""mode"":""MAIN_MONOTONIC_V1_DERIVED"",""variant"":""navier_array"",""N"":256,""checksum"":925519576,""correctness"":""PASS"",""warmup_calls"":0,""start_ms"":488175.278957,""stop_ms"":489493.211034,""elapsed_ms"":1317.9320769999758}
",,"[""/home/mzyx/three_engine_20261004/quickjs-04be246001599f5995fa2f2d8c91a0f198d3f34c/qjs"",""-I"",""/mnt/c/Users/mzyx/Desktop/0921/js-interpreter-bench/experiments/three_engine_baseline/adapters/quickjs.js"",""-I"",""/mnt/c/Users/mzyx/Desktop/0921/js-interpreter-bench/experiments/timer_recovery/adapters/quickjs.js"",""/mnt/c/Users/mzyx/Desktop/0921/js-interpreter-bench/experiments/whitebox_analysis/attempt01/microbench/generated/navier_array.N256.js""]",/mnt/c/Users/mzyx/Desktop/0921/js-interpreter-bench,2026-10-05T09:13:16.243588+00:00,488163177212,489494511040,b3ee321e-69da-462d-8718-4589949b17d0,1331333828,formal,navier,navier_array,quickjs,256,5,3,"[""v8"",""jsc"",""quickjs""]",68,MAIN_MONOTONIC_V1_DERIVED,wsl2-ubuntu2404-x64-20261004,[],140d5233b0337d91cb0f994ae4a051e49aa04da8802acfaedf0a01b81a620b79,220c29be96768ad6b45909316a0b62927e388b12cdcd01a996e5a1a141b324a3,"[{""path"":""/mnt/c/Users/mzyx/Desktop/0921/js-interpreter-bench/experiments/three_engine_baseline/adapters/quickjs.js"",""sha256"":""f20aa7b460675d08600a58945203034feb50b2a3515aba579219f648b1235c6c""},{""path"":""/mnt/c/Users/mzyx/Desktop/0921/js-interpreter-bench/experiments/timer_recovery/adapters/quickjs.js"",""sha256"":""cd393c275173f20526562a008951f65a332deffed85e7c804519788b8ebffab7""}]",7354c1868ce2f8a6cc0d43c8be772c69eece3966b70d20df8f98270cddf07e2b,925519576,925519576,"{""mode"":""MAIN_MONOTONIC_V1_DERIVED"",""variant"":""navier_array"",""N"":256,""checksum"":925519576,""correctness"":""PASS"",""warmup_calls"":0,""start_ms"":488175.278957,""stop_ms"":489493.211034,""elapsed_ms"":1317.9320769999758}",1317.9320769999758,5.148172175781156,[],True
0,"WB_RESULT:{""mode"":""MAIN_MONOTONIC_V1_DERIVED"",""variant"":""navier_array"",""N"":256,""checksum"":925519576,""correctness"":""PASS"",""warmup_calls"":0,""start_ms"":26.81,""stop_ms"":1705.568,""elapsed_ms"":1678.758}
",,"[""/home/mzyx/three_engine_20261004/v8-linux64-rel-15.6.21/d8"",""--snapshot_blob=/home/mzyx/three_engine_20261004/v8-linux64-rel-15.6.21/snapshot_blob.bin"",""--max-opt=0"",""--no-lazy"",""/mnt/c/Users/mzyx/Desktop/0921/js-interpreter-bench/experiments/three_engine_baseline/adapters/v8.js"",""/mnt/c/Users/mzyx/Desktop/0921/js-interpreter-bench/experiments/timer_recovery/adapters/v8.js"",""/mnt/c/Users/mzyx/Desktop/0921/js-interpreter-bench/experiments/whitebox_analysis/attempt01/microbench/generated/navier_array.N256.js""]",/mnt/c/Users/mzyx/Desktop/0921/js-interpreter-bench,2026-10-05T09:13:13.421983+00:00,484958154581,486672906599,b3ee321e-69da-462d-8718-4589949b17d0,1714752018,formal,navier,navier_array,v8,256,5,1,"[""v8"",""jsc"",""quickjs""]",68,MAIN_MONOTONIC_V1_DERIVED,wsl2-ubuntu2404-x64-20261004,"[""--max-opt=0"",""--no-lazy""]",83b744a5953d2662ea723564d4035a333782a0cc85232d1025929a925150b133,220c29be96768ad6b45909316a0b62927e388b12cdcd01a996e5a1a141b324a3,"[{""path"":""/mnt/c/Users/mzyx/Desktop/0921/js-interpreter-bench/experiments/three_engine_baseline/adapters/v8.js"",""sha256"":""0ab3ed677381191d7e7839cbbc3f07895104a8b8299679ab9f37b856d76d3a22""},{""path"":""/mnt/c/Users/mzyx/Desktop/0921/js-interpreter-bench/experiments/timer_recovery/adapters/v8.js"",""sha256"":""e610d3aa3d2672a5e6d5eccd9aaf05c6ae6758d1b9c4468289f017a231ab7d9f""}]",7354c1868ce2f8a6cc0d43c8be772c69eece3966b70d20df8f98270cddf07e2b,925519576,925519576,"{""mode"":""MAIN_MONOTONIC_V1_DERIVED"",""variant"":""navier_array"",""N"":256,""checksum"":925519576,""correctness"":""PASS"",""warmup_calls"":0,""start_ms"":26.81,""stop_ms"":1705.568,""elapsed_ms"":1678.758}",1678.758,6.5576484375,[],True
0,"WB_RESULT:{""mode"":""MAIN_MONOTONIC_V1_DERIVED"",""variant"":""navier_array"",""N"":256,""checksum"":925519576,""correctness"":""PASS"",""warmup_calls"":0,""start_ms"":0,""stop_ms"":1157.7,""elapsed_ms"":1157.7}
",,"[""/home/mzyx/jsc_build_fd3406f/JSCOnly/Release/bin/jsc"",""--useJIT=false"",""--useLLInt=true"",""--validateOptions=true"",""/mnt/c/Users/mzyx/Desktop/0921/js-interpreter-bench/experiments/three_engine_baseline/adapters/jsc.js"",""/mnt/c/Users/mzyx/Desktop/0921/js-interpreter-bench/experiments/timer_recovery/adapters/jsc.js"",""/mnt/c/Users/mzyx/Desktop/0921/js-interpreter-bench/experiments/whitebox_analysis/attempt01/microbench/generated/navier_array.N256.js""]",/mnt/c/Users/mzyx/Desktop/0921/js-interpreter-bench,2026-10-05T09:14:51.099959+00:00,590095186918,591282650551,b3ee321e-69da-462d-8718-4589949b17d0,1187463633,formal,navier,navier_array,jsc,256,6,2,"[""quickjs"",""jsc"",""v8""]",87,MAIN_MONOTONIC_V1_DERIVED,wsl2-ubuntu2404-x64-20261004,"[""--useJIT=false"",""--useLLInt=true"",""--validateOptions=true""]",65c824a055405bf62b05e21d54515a72a1f0187a4d91225d00a6da969d35879f,220c29be96768ad6b45909316a0b62927e388b12cdcd01a996e5a1a141b324a3,"[{""path"":""/mnt/c/Users/mzyx/Desktop/0921/js-interpreter-bench/experiments/three_engine_baseline/adapters/jsc.js"",""sha256"":""f9ddbb9556352e283b9c9feebc8bdd0ef1abac5bcdf1ab7a5d83945fa3c9437b""},{""path"":""/mnt/c/Users/mzyx/Desktop/0921/js-interpreter-bench/experiments/timer_recovery/adapters/jsc.js"",""sha256"":""0c485996a598b7e36f2f292b66397adc0390cbe6b69b55199e47e1c6c1e37010""}]",7354c1868ce2f8a6cc0d43c8be772c69eece3966b70d20df8f98270cddf07e2b,925519576,925519576,"{""mode"":""MAIN_MONOTONIC_V1_DERIVED"",""variant"":""navier_array"",""N"":256,""checksum"":925519576,""correctness"":""PASS"",""warmup_calls"":0,""start_ms"":0,""stop_ms"":1157.7,""elapsed_ms"":1157.7}",1157.7,4.522265625,[],True
0,"WB_RESULT:{""mode"":""MAIN_MONOTONIC_V1_DERIVED"",""variant"":""navier_array"",""N"":256,""checksum"":925519576,""correctness"":""PASS"",""warmup_calls"":0,""start_ms"":588641.928029,""stop_ms"":589955.076703,""elapsed_ms"":1313.1486740000546}
",,"[""/home/mzyx/three_engine_20261004/quickjs-04be246001599f5995fa2f2d8c91a0f198d3f34c/qjs"",""-I"",""/mnt/c/Users/mzyx/Desktop/0921/js-interpreter-bench/experiments/three_engine_baseline/adapters/quickjs.js"",""-I"",""/mnt/c/Users/mzyx/Desktop/0921/js-interpreter-bench/experiments/timer_recovery/adapters/quickjs.js"",""/mnt/c/Users/mzyx/Desktop/0921/js-interpreter-bench/experiments/whitebox_analysis/attempt01/microbench/generated/navier_array.N256.js""]",/mnt/c/Users/mzyx/Desktop/0921/js-interpreter-bench,2026-10-05T09:14:49.773397+00:00,588630387315,589956102852,b3ee321e-69da-462d-8718-4589949b17d0,1325715537,formal,navier,navier_array,quickjs,256,6,1,"[""quickjs"",""jsc"",""v8""]",87,MAIN_MONOTONIC_V1_DERIVED,wsl2-ubuntu2404-x64-20261004,[],140d5233b0337d91cb0f994ae4a051e49aa04da8802acfaedf0a01b81a620b79,220c29be96768ad6b45909316a0b62927e388b12cdcd01a996e5a1a141b324a3,"[{""path"":""/mnt/c/Users/mzyx/Desktop/0921/js-interpreter-bench/experiments/three_engine_baseline/adapters/quickjs.js"",""sha256"":""f20aa7b460675d08600a58945203034feb50b2a3515aba579219f648b1235c6c""},{""path"":""/mnt/c/Users/mzyx/Desktop/0921/js-interpreter-bench/experiments/timer_recovery/adapters/quickjs.js"",""sha256"":""cd393c275173f20526562a008951f65a332deffed85e7c804519788b8ebffab7""}]",7354c1868ce2f8a6cc0d43c8be772c69eece3966b70d20df8f98270cddf07e2b,925519576,925519576,"{""mode"":""MAIN_MONOTONIC_V1_DERIVED"",""variant"":""navier_array"",""N"":256,""checksum"":925519576,""correctness"":""PASS"",""warmup_calls"":0,""start_ms"":588641.928029,""stop_ms"":589955.076703,""elapsed_ms"":1313.1486740000546}",1313.1486740000546,5.129487007812713,[],True
0,"WB_RESULT:{""mode"":""MAIN_MONOTONIC_V1_DERIVED"",""variant"":""navier_array"",""N"":256,""checksum"":925519576,""correctness"":""PASS"",""warmup_calls"":0,""start_ms"":27.508,""stop_ms"":1682.316,""elapsed_ms"":1654.808}
",,"[""/home/mzyx/three_engine_20261004/v8-linux64-rel-15.6.21/d8"",""--snapshot_blob=/home/mzyx/three_engine_20261004/v8-linux64-rel-15.6.21/snapshot_blob.bin"",""--max-opt=0"",""--no-lazy"",""/mnt/c/Users/mzyx/Desktop/0921/js-interpreter-bench/experiments/three_engine_baseline/adapters/v8.js"",""/mnt/c/Users/mzyx/Desktop/0921/js-interpreter-bench/experiments/timer_recovery/adapters/v8.js"",""/mnt/c/Users/mzyx/Desktop/0921/js-interpreter-bench/experiments/whitebox_analysis/attempt01/microbench/generated/navier_array.N256.js""]",/mnt/c/Users/mzyx/Desktop/0921/js-interpreter-bench,2026-10-05T09:14:52.930301+00:00,591422036448,593112990553,b3ee321e-69da-462d-8718-4589949b17d0,1690954105,formal,navier,navier_array,v8,256,6,3,"[""quickjs"",""jsc"",""v8""]",87,MAIN_MONOTONIC_V1_DERIVED,wsl2-ubuntu2404-x64-20261004,"[""--max-opt=0"",""--no-lazy""]",83b744a5953d2662ea723564d4035a333782a0cc85232d1025929a925150b133,220c29be96768ad6b45909316a0b62927e388b12cdcd01a996e5a1a141b324a3,"[{""path"":""/mnt/c/Users/mzyx/Desktop/0921/js-interpreter-bench/experiments/three_engine_baseline/adapters/v8.js"",""sha256"":""0ab3ed677381191d7e7839cbbc3f07895104a8b8299679ab9f37b856d76d3a22""},{""path"":""/mnt/c/Users/mzyx/Desktop/0921/js-interpreter-bench/experiments/timer_recovery/adapters/v8.js"",""sha256"":""e610d3aa3d2672a5e6d5eccd9aaf05c6ae6758d1b9c4468289f017a231ab7d9f""}]",7354c1868ce2f8a6cc0d43c8be772c69eece3966b70d20df8f98270cddf07e2b,925519576,925519576,"{""mode"":""MAIN_MONOTONIC_V1_DERIVED"",""variant"":""navier_array"",""N"":256,""checksum"":925519576,""correctness"":""PASS"",""warmup_calls"":0,""start_ms"":27.508,""stop_ms"":1682.316,""elapsed_ms"":1654.808}",1654.808,6.46409375,[],True
0,"WB_RESULT:{""mode"":""MAIN_MONOTONIC_V1_DERIVED"",""variant"":""navier_array"",""N"":256,""checksum"":925519576,""correctness"":""PASS"",""warmup_calls"":0,""start_ms"":0,""stop_ms"":1161.96,""elapsed_ms"":1161.96}
",,"[""/home/mzyx/jsc_build_fd3406f/JSCOnly/Release/bin/jsc"",""--useJIT=false"",""--useLLInt=true"",""--validateOptions=true"",""/mnt/c/Users/mzyx/Desktop/0921/js-interpreter-bench/experiments/three_engine_baseline/adapters/jsc.js"",""/mnt/c/Users/mzyx/Desktop/0921/js-interpreter-bench/experiments/timer_recovery/adapters/jsc.js"",""/mnt/c/Users/mzyx/Desktop/0921/js-interpreter-bench/experiments/whitebox_analysis/attempt01/microbench/generated/navier_array.N256.js""]",/mnt/c/Users/mzyx/Desktop/0921/js-interpreter-bench,2026-10-05T09:09:21.731469+00:00,236292507276,237480584048,b3ee321e-69da-462d-8718-4589949b17d0,1188076772,formal,navier,navier_array,jsc,256,7,1,"[""jsc"",""quickjs"",""v8""]",22,MAIN_MONOTONIC_V1_DERIVED,wsl2-ubuntu2404-x64-20261004,"[""--useJIT=false"",""--useLLInt=true"",""--validateOptions=true""]",65c824a055405bf62b05e21d54515a72a1f0187a4d91225d00a6da969d35879f,220c29be96768ad6b45909316a0b62927e388b12cdcd01a996e5a1a141b324a3,"[{""path"":""/mnt/c/Users/mzyx/Desktop/0921/js-interpreter-bench/experiments/three_engine_baseline/adapters/jsc.js"",""sha256"":""f9ddbb9556352e283b9c9feebc8bdd0ef1abac5bcdf1ab7a5d83945fa3c9437b""},{""path"":""/mnt/c/Users/mzyx/Desktop/0921/js-interpreter-bench/experiments/timer_recovery/adapters/jsc.js"",""sha256"":""0c485996a598b7e36f2f292b66397adc0390cbe6b69b55199e47e1c6c1e37010""}]",7354c1868ce2f8a6cc0d43c8be772c69eece3966b70d20df8f98270cddf07e2b,925519576,925519576,"{""mode"":""MAIN_MONOTONIC_V1_DERIVED"",""variant"":""navier_array"",""N"":256,""checksum"":925519576,""correctness"":""PASS"",""warmup_calls"":0,""start_ms"":0,""stop_ms"":1161.96,""elapsed_ms"":1161.96}",1161.96,4.53890625,[],True
0,"WB_RESULT:{""mode"":""MAIN_MONOTONIC_V1_DERIVED"",""variant"":""navier_array"",""N"":256,""checksum"":925519576,""correctness"":""PASS"",""warmup_calls"":0,""start_ms"":237639.63205,""stop_ms"":238946.046647,""elapsed_ms"":1306.4145970000245}
",,"[""/home/mzyx/three_engine_20261004/quickjs-04be246001599f5995fa2f2d8c91a0f198d3f34c/qjs"",""-I"",""/mnt/c/Users/mzyx/Desktop/0921/js-interpreter-bench/experiments/three_engine_baseline/adapters/quickjs.js"",""-I"",""/mnt/c/Users/mzyx/Desktop/0921/js-interpreter-bench/experiments/timer_recovery/adapters/quickjs.js"",""/mnt/c/Users/mzyx/Desktop/0921/js-interpreter-bench/experiments/whitebox_analysis/attempt01/microbench/generated/navier_array.N256.js""]",/mnt/c/Users/mzyx/Desktop/0921/js-interpreter-bench,2026-10-05T09:09:23.198006+00:00,237627599206,238947123739,b3ee321e-69da-462d-8718-4589949b17d0,1319524533,formal,navier,navier_array,quickjs,256,7,2,"[""jsc"",""quickjs"",""v8""]",22,MAIN_MONOTONIC_V1_DERIVED,wsl2-ubuntu2404-x64-20261004,[],140d5233b0337d91cb0f994ae4a051e49aa04da8802acfaedf0a01b81a620b79,220c29be96768ad6b45909316a0b62927e388b12cdcd01a996e5a1a141b324a3,"[{""path"":""/mnt/c/Users/mzyx/Desktop/0921/js-interpreter-bench/experiments/three_engine_baseline/adapters/quickjs.js"",""sha256"":""f20aa7b460675d08600a58945203034feb50b2a3515aba579219f648b1235c6c""},{""path"":""/mnt/c/Users/mzyx/Desktop/0921/js-interpreter-bench/experiments/timer_recovery/adapters/quickjs.js"",""sha256"":""cd393c275173f20526562a008951f65a332deffed85e7c804519788b8ebffab7""}]",7354c1868ce2f8a6cc0d43c8be772c69eece3966b70d20df8f98270cddf07e2b,925519576,925519576,"{""mode"":""MAIN_MONOTONIC_V1_DERIVED"",""variant"":""navier_array"",""N"":256,""checksum"":925519576,""correctness"":""PASS"",""warmup_calls"":0,""start_ms"":237639.63205,""stop_ms"":238946.046647,""elapsed_ms"":1306.4145970000245}",1306.4145970000245,5.103182019531346,[],True
0,"WB_RESULT:{""mode"":""MAIN_MONOTONIC_V1_DERIVED"",""variant"":""navier_array"",""N"":256,""checksum"":925519576,""correctness"":""PASS"",""warmup_calls"":0,""start_ms"":29.045,""stop_ms"":1768.361,""elapsed_ms"":1739.316}
",,"[""/home/mzyx/three_engine_20261004/v8-linux64-rel-15.6.21/d8"",""--snapshot_blob=/home/mzyx/three_engine_20261004/v8-linux64-rel-15.6.21/snapshot_blob.bin"",""--max-opt=0"",""--no-lazy"",""/mnt/c/Users/mzyx/Desktop/0921/js-interpreter-bench/experiments/three_engine_baseline/adapters/v8.js"",""/mnt/c/Users/mzyx/Desktop/0921/js-interpreter-bench/experiments/timer_recovery/adapters/v8.js"",""/mnt/c/Users/mzyx/Desktop/0921/js-interpreter-bench/experiments/whitebox_analysis/attempt01/microbench/generated/navier_array.N256.js""]",/mnt/c/Users/mzyx/Desktop/0921/js-interpreter-bench,2026-10-05T09:09:25.116590+00:00,239087988173,240865706270,b3ee321e-69da-462d-8718-4589949b17d0,1777718097,formal,navier,navier_array,v8,256,7,3,"[""jsc"",""quickjs"",""v8""]",22,MAIN_MONOTONIC_V1_DERIVED,wsl2-ubuntu2404-x64-20261004,"[""--max-opt=0"",""--no-lazy""]",83b744a5953d2662ea723564d4035a333782a0cc85232d1025929a925150b133,220c29be96768ad6b45909316a0b62927e388b12cdcd01a996e5a1a141b324a3,"[{""path"":""/mnt/c/Users/mzyx/Desktop/0921/js-interpreter-bench/experiments/three_engine_baseline/adapters/v8.js"",""sha256"":""0ab3ed677381191d7e7839cbbc3f07895104a8b8299679ab9f37b856d76d3a22""},{""path"":""/mnt/c/Users/mzyx/Desktop/0921/js-interpreter-bench/experiments/timer_recovery/adapters/v8.js"",""sha256"":""e610d3aa3d2672a5e6d5eccd9aaf05c6ae6758d1b9c4468289f017a231ab7d9f""}]",7354c1868ce2f8a6cc0d43c8be772c69eece3966b70d20df8f98270cddf07e2b,925519576,925519576,"{""mode"":""MAIN_MONOTONIC_V1_DERIVED"",""variant"":""navier_array"",""N"":256,""checksum"":925519576,""correctness"":""PASS"",""warmup_calls"":0,""start_ms"":29.045,""stop_ms"":1768.361,""elapsed_ms"":1739.316}",1739.316,6.794203125,[],True
0,"WB_RESULT:{""mode"":""MAIN_MONOTONIC_V1_DERIVED"",""variant"":""navier_array"",""N"":256,""checksum"":925519576,""correctness"":""PASS"",""warmup_calls"":0,""start_ms"":0,""stop_ms"":1208.18,""elapsed_ms"":1208.18}
",,"[""/home/mzyx/jsc_build_fd3406f/JSCOnly/Release/bin/jsc"",""--useJIT=false"",""--useLLInt=true"",""--validateOptions=true"",""/mnt/c/Users/mzyx/Desktop/0921/js-interpreter-bench/experiments/three_engine_baseline/adapters/jsc.js"",""/mnt/c/Users/mzyx/Desktop/0921/js-interpreter-bench/experiments/timer_recovery/adapters/jsc.js"",""/mnt/c/Users/mzyx/Desktop/0921/js-interpreter-bench/experiments/whitebox_analysis/attempt01/microbench/generated/navier_array.N256.js""]",/mnt/c/Users/mzyx/Desktop/0921/js-interpreter-bench,2026-10-05T09:13:32.812638+00:00,504829636896,506063562867,b3ee321e-69da-462d-8718-4589949b17d0,1233925971,formal,navier,navier_array,jsc,256,8,3,"[""v8"",""quickjs"",""jsc""]",71,MAIN_MONOTONIC_V1_DERIVED,wsl2-ubuntu2404-x64-20261004,"[""--useJIT=false"",""--useLLInt=true"",""--validateOptions=true""]",65c824a055405bf62b05e21d54515a72a1f0187a4d91225d00a6da969d35879f,220c29be96768ad6b45909316a0b62927e388b12cdcd01a996e5a1a141b324a3,"[{""path"":""/mnt/c/Users/mzyx/Desktop/0921/js-interpreter-bench/experiments/three_engine_baseline/adapters/jsc.js"",""sha256"":""f9ddbb9556352e283b9c9feebc8bdd0ef1abac5bcdf1ab7a5d83945fa3c9437b""},{""path"":""/mnt/c/Users/mzyx/Desktop/0921/js-interpreter-bench/experiments/timer_recovery/adapters/jsc.js"",""sha256"":""0c485996a598b7e36f2f292b66397adc0390cbe6b69b55199e47e1c6c1e37010""}]",7354c1868ce2f8a6cc0d43c8be772c69eece3966b70d20df8f98270cddf07e2b,925519576,925519576,"{""mode"":""MAIN_MONOTONIC_V1_DERIVED"",""variant"":""navier_array"",""N"":256,""checksum"":925519576,""correctness"":""PASS"",""warmup_calls"":0,""start_ms"":0,""stop_ms"":1208.18,""elapsed_ms"":1208.18}",1208.18,4.719453125,[],True
0,"WB_RESULT:{""mode"":""MAIN_MONOTONIC_V1_DERIVED"",""variant"":""navier_array"",""N"":256,""checksum"":925519576,""correctness"":""PASS"",""warmup_calls"":0,""start_ms"":503358.343906,""stop_ms"":504698.567714,""elapsed_ms"":1340.2238079999806}
",,"[""/home/mzyx/three_engine_20261004/quickjs-04be246001599f5995fa2f2d8c91a0f198d3f34c/qjs"",""-I"",""/mnt/c/Users/mzyx/Desktop/0921/js-interpreter-bench/experiments/three_engine_baseline/adapters/quickjs.js"",""-I"",""/mnt/c/Users/mzyx/Desktop/0921/js-interpreter-bench/experiments/timer_recovery/adapters/quickjs.js"",""/mnt/c/Users/mzyx/Desktop/0921/js-interpreter-bench/experiments/whitebox_analysis/attempt01/microbench/generated/navier_array.N256.js""]",/mnt/c/Users/mzyx/Desktop/0921/js-interpreter-bench,2026-10-05T09:13:31.448719+00:00,503345523173,504699650184,b3ee321e-69da-462d-8718-4589949b17d0,1354127011,formal,navier,navier_array,quickjs,256,8,2,"[""v8"",""quickjs"",""jsc""]",71,MAIN_MONOTONIC_V1_DERIVED,wsl2-ubuntu2404-x64-20261004,[],140d5233b0337d91cb0f994ae4a051e49aa04da8802acfaedf0a01b81a620b79,220c29be96768ad6b45909316a0b62927e388b12cdcd01a996e5a1a141b324a3,"[{""path"":""/mnt/c/Users/mzyx/Desktop/0921/js-interpreter-bench/experiments/three_engine_baseline/adapters/quickjs.js"",""sha256"":""f20aa7b460675d08600a58945203034feb50b2a3515aba579219f648b1235c6c""},{""path"":""/mnt/c/Users/mzyx/Desktop/0921/js-interpreter-bench/experiments/timer_recovery/adapters/quickjs.js"",""sha256"":""cd393c275173f20526562a008951f65a332deffed85e7c804519788b8ebffab7""}]",7354c1868ce2f8a6cc0d43c8be772c69eece3966b70d20df8f98270cddf07e2b,925519576,925519576,"{""mode"":""MAIN_MONOTONIC_V1_DERIVED"",""variant"":""navier_array"",""N"":256,""checksum"":925519576,""correctness"":""PASS"",""warmup_calls"":0,""start_ms"":503358.343906,""stop_ms"":504698.567714,""elapsed_ms"":1340.2238079999806}",1340.2238079999806,5.235249249999924,[],True
0,"WB_RESULT:{""mode"":""MAIN_MONOTONIC_V1_DERIVED"",""variant"":""navier_array"",""N"":256,""checksum"":925519576,""correctness"":""PASS"",""warmup_calls"":0,""start_ms"":29.343,""stop_ms"":1738.581,""elapsed_ms"":1709.2379999999998}
",,"[""/home/mzyx/three_engine_20261004/v8-linux64-rel-15.6.21/d8"",""--snapshot_blob=/home/mzyx/three_engine_20261004/v8-linux64-rel-15.6.21/snapshot_blob.bin"",""--max-opt=0"",""--no-lazy"",""/mnt/c/Users/mzyx/Desktop/0921/js-interpreter-bench/experiments/three_engine_baseline/adapters/v8.js"",""/mnt/c/Users/mzyx/Desktop/0921/js-interpreter-bench/experiments/timer_recovery/adapters/v8.js"",""/mnt/c/Users/mzyx/Desktop/0921/js-interpreter-bench/experiments/whitebox_analysis/attempt01/microbench/generated/navier_array.N256.js""]",/mnt/c/Users/mzyx/Desktop/0921/js-interpreter-bench,2026-10-05T09:13:29.954815+00:00,501458561410,503205739874,b3ee321e-69da-462d-8718-4589949b17d0,1747178464,formal,navier,navier_array,v8,256,8,1,"[""v8"",""quickjs"",""jsc""]",71,MAIN_MONOTONIC_V1_DERIVED,wsl2-ubuntu2404-x64-20261004,"[""--max-opt=0"",""--no-lazy""]",83b744a5953d2662ea723564d4035a333782a0cc85232d1025929a925150b133,220c29be96768ad6b45909316a0b62927e388b12cdcd01a996e5a1a141b324a3,"[{""path"":""/mnt/c/Users/mzyx/Desktop/0921/js-interpreter-bench/experiments/three_engine_baseline/adapters/v8.js"",""sha256"":""0ab3ed677381191d7e7839cbbc3f07895104a8b8299679ab9f37b856d76d3a22""},{""path"":""/mnt/c/Users/mzyx/Desktop/0921/js-interpreter-bench/experiments/timer_recovery/adapters/v8.js"",""sha256"":""e610d3aa3d2672a5e6d5eccd9aaf05c6ae6758d1b9c4468289f017a231ab7d9f""}]",7354c1868ce2f8a6cc0d43c8be772c69eece3966b70d20df8f98270cddf07e2b,925519576,925519576,"{""mode"":""MAIN_MONOTONIC_V1_DERIVED"",""variant"":""navier_array"",""N"":256,""checksum"":925519576,""correctness"":""PASS"",""warmup_calls"":0,""start_ms"":29.343,""stop_ms"":1738.581,""elapsed_ms"":1709.2379999999998}",1709.2379999999998,6.676710937499999,[],True
0,"WB_RESULT:{""mode"":""MAIN_MONOTONIC_V1_DERIVED"",""variant"":""navier_array"",""N"":256,""checksum"":925519576,""correctness"":""PASS"",""warmup_calls"":0,""start_ms"":0,""stop_ms"":1157.5,""elapsed_ms"":1157.5}
",,"[""/home/mzyx/jsc_build_fd3406f/JSCOnly/Release/bin/jsc"",""--useJIT=false"",""--useLLInt=true"",""--validateOptions=true"",""/mnt/c/Users/mzyx/Desktop/0921/js-interpreter-bench/experiments/three_engine_baseline/adapters/jsc.js"",""/mnt/c/Users/mzyx/Desktop/0921/js-interpreter-bench/experiments/timer_recovery/adapters/jsc.js"",""/mnt/c/Users/mzyx/Desktop/0921/js-interpreter-bench/experiments/whitebox_analysis/attempt01/microbench/generated/navier_array.N256.js""]",/mnt/c/Users/mzyx/Desktop/0921/js-interpreter-bench,2026-10-05T09:12:15.851082+00:00,423587791335,424775884155,b3ee321e-69da-462d-8718-4589949b17d0,1188092820,formal,navier,navier_array,jsc,256,9,1,"[""jsc"",""v8"",""quickjs""]",57,MAIN_MONOTONIC_V1_DERIVED,wsl2-ubuntu2404-x64-20261004,"[""--useJIT=false"",""--useLLInt=true"",""--validateOptions=true""]",65c824a055405bf62b05e21d54515a72a1f0187a4d91225d00a6da969d35879f,220c29be96768ad6b45909316a0b62927e388b12cdcd01a996e5a1a141b324a3,"[{""path"":""/mnt/c/Users/mzyx/Desktop/0921/js-interpreter-bench/experiments/three_engine_baseline/adapters/jsc.js"",""sha256"":""f9ddbb9556352e283b9c9feebc8bdd0ef1abac5bcdf1ab7a5d83945fa3c9437b""},{""path"":""/mnt/c/Users/mzyx/Desktop/0921/js-interpreter-bench/experiments/timer_recovery/adapters/jsc.js"",""sha256"":""0c485996a598b7e36f2f292b66397adc0390cbe6b69b55199e47e1c6c1e37010""}]",7354c1868ce2f8a6cc0d43c8be772c69eece3966b70d20df8f98270cddf07e2b,925519576,925519576,"{""mode"":""MAIN_MONOTONIC_V1_DERIVED"",""variant"":""navier_array"",""N"":256,""checksum"":925519576,""correctness"":""PASS"",""warmup_calls"":0,""start_ms"":0,""stop_ms"":1157.5,""elapsed_ms"":1157.5}",1157.5,4.521484375,[],True
0,"WB_RESULT:{""mode"":""MAIN_MONOTONIC_V1_DERIVED"",""variant"":""navier_array"",""N"":256,""checksum"":925519576,""correctness"":""PASS"",""warmup_calls"":0,""start_ms"":426859.68889,""stop_ms"":428202.8432,""elapsed_ms"":1343.1543100000126}
",,"[""/home/mzyx/three_engine_20261004/quickjs-04be246001599f5995fa2f2d8c91a0f198d3f34c/qjs"",""-I"",""/mnt/c/Users/mzyx/Desktop/0921/js-interpreter-bench/experiments/three_engine_baseline/adapters/quickjs.js"",""-I"",""/mnt/c/Users/mzyx/Desktop/0921/js-interpreter-bench/experiments/timer_recovery/adapters/quickjs.js"",""/mnt/c/Users/mzyx/Desktop/0921/js-interpreter-bench/experiments/whitebox_analysis/attempt01/microbench/generated/navier_array.N256.js""]",/mnt/c/Users/mzyx/Desktop/0921/js-interpreter-bench,2026-10-05T09:12:19.279030+00:00,426847461700,428203832506,b3ee321e-69da-462d-8718-4589949b17d0,1356370806,formal,navier,navier_array,quickjs,256,9,3,"[""jsc"",""v8"",""quickjs""]",57,MAIN_MONOTONIC_V1_DERIVED,wsl2-ubuntu2404-x64-20261004,[],140d5233b0337d91cb0f994ae4a051e49aa04da8802acfaedf0a01b81a620b79,220c29be96768ad6b45909316a0b62927e388b12cdcd01a996e5a1a141b324a3,"[{""path"":""/mnt/c/Users/mzyx/Desktop/0921/js-interpreter-bench/experiments/three_engine_baseline/adapters/quickjs.js"",""sha256"":""f20aa7b460675d08600a58945203034feb50b2a3515aba579219f648b1235c6c""},{""path"":""/mnt/c/Users/mzyx/Desktop/0921/js-interpreter-bench/experiments/timer_recovery/adapters/quickjs.js"",""sha256"":""cd393c275173f20526562a008951f65a332deffed85e7c804519788b8ebffab7""}]",7354c1868ce2f8a6cc0d43c8be772c69eece3966b70d20df8f98270cddf07e2b,925519576,925519576,"{""mode"":""MAIN_MONOTONIC_V1_DERIVED"",""variant"":""navier_array"",""N"":256,""checksum"":925519576,""correctness"":""PASS"",""warmup_calls"":0,""start_ms"":426859.68889,""stop_ms"":428202.8432,""elapsed_ms"":1343.1543100000126}",1343.1543100000126,5.246696523437549,[],True
0,"WB_RESULT:{""mode"":""MAIN_MONOTONIC_V1_DERIVED"",""variant"":""navier_array"",""N"":256,""checksum"":925519576,""correctness"":""PASS"",""warmup_calls"":0,""start_ms"":28.972,""stop_ms"":1779.757,""elapsed_ms"":1750.785}
",,"[""/home/mzyx/three_engine_20261004/v8-linux64-rel-15.6.21/d8"",""--snapshot_blob=/home/mzyx/three_engine_20261004/v8-linux64-rel-15.6.21/snapshot_blob.bin"",""--max-opt=0"",""--no-lazy"",""/mnt/c/Users/mzyx/Desktop/0921/js-interpreter-bench/experiments/three_engine_baseline/adapters/v8.js"",""/mnt/c/Users/mzyx/Desktop/0921/js-interpreter-bench/experiments/timer_recovery/adapters/v8.js"",""/mnt/c/Users/mzyx/Desktop/0921/js-interpreter-bench/experiments/whitebox_analysis/attempt01/microbench/generated/navier_array.N256.js""]",/mnt/c/Users/mzyx/Desktop/0921/js-interpreter-bench,2026-10-05T09:12:17.781034+00:00,424916294547,426705839225,b3ee321e-69da-462d-8718-4589949b17d0,1789544678,formal,navier,navier_array,v8,256,9,2,"[""jsc"",""v8"",""quickjs""]",57,MAIN_MONOTONIC_V1_DERIVED,wsl2-ubuntu2404-x64-20261004,"[""--max-opt=0"",""--no-lazy""]",83b744a5953d2662ea723564d4035a333782a0cc85232d1025929a925150b133,220c29be96768ad6b45909316a0b62927e388b12cdcd01a996e5a1a141b324a3,"[{""path"":""/mnt/c/Users/mzyx/Desktop/0921/js-interpreter-bench/experiments/three_engine_baseline/adapters/v8.js"",""sha256"":""0ab3ed677381191d7e7839cbbc3f07895104a8b8299679ab9f37b856d76d3a22""},{""path"":""/mnt/c/Users/mzyx/Desktop/0921/js-interpreter-bench/experiments/timer_recovery/adapters/v8.js"",""sha256"":""e610d3aa3d2672a5e6d5eccd9aaf05c6ae6758d1b9c4468289f017a231ab7d9f""}]",7354c1868ce2f8a6cc0d43c8be772c69eece3966b70d20df8f98270cddf07e2b,925519576,925519576,"{""mode"":""MAIN_MONOTONIC_V1_DERIVED"",""variant"":""navier_array"",""N"":256,""checksum"":925519576,""correctness"":""PASS"",""warmup_calls"":0,""start_ms"":28.972,""stop_ms"":1779.757,""elapsed_ms"":1750.785}",1750.785,6.83900390625,[],True
0,"WB_RESULT:{""mode"":""MAIN_MONOTONIC_V1_DERIVED"",""variant"":""navier_f64"",""N"":256,""checksum"":925519576,""correctness"":""PASS"",""warmup_calls"":0,""start_ms"":0,""stop_ms"":1580.42,""elapsed_ms"":1580.42}
",,"[""/home/mzyx/jsc_build_fd3406f/JSCOnly/Release/bin/jsc"",""--useJIT=false"",""--useLLInt=true"",""--validateOptions=true"",""/mnt/c/Users/mzyx/Desktop/0921/js-interpreter-bench/experiments/three_engine_baseline/adapters/jsc.js"",""/mnt/c/Users/mzyx/Desktop/0921/js-interpreter-bench/experiments/timer_recovery/adapters/jsc.js"",""/mnt/c/Users/mzyx/Desktop/0921/js-interpreter-bench/experiments/whitebox_analysis/attempt01/microbench/generated/navier_f64.N256.js""]",/mnt/c/Users/mzyx/Desktop/0921/js-interpreter-bench,2026-10-05T09:16:44.278960+00:00,711653441092,713269370873,b3ee321e-69da-462d-8718-4589949b17d0,1615929781,formal,navier,navier_f64,jsc,256,1,3,"[""quickjs"",""v8"",""jsc""]",109,MAIN_MONOTONIC_V1_DERIVED,wsl2-ubuntu2404-x64-20261004,"[""--useJIT=false"",""--useLLInt=true"",""--validateOptions=true""]",65c824a055405bf62b05e21d54515a72a1f0187a4d91225d00a6da969d35879f,938ce8e351a82dbf96016843d08030b8ae02cea5bf23fc6555a234cb49531eaf,"[{""path"":""/mnt/c/Users/mzyx/Desktop/0921/js-interpreter-bench/experiments/three_engine_baseline/adapters/jsc.js"",""sha256"":""f9ddbb9556352e283b9c9feebc8bdd0ef1abac5bcdf1ab7a5d83945fa3c9437b""},{""path"":""/mnt/c/Users/mzyx/Desktop/0921/js-interpreter-bench/experiments/timer_recovery/adapters/jsc.js"",""sha256"":""0c485996a598b7e36f2f292b66397adc0390cbe6b69b55199e47e1c6c1e37010""}]",7354c1868ce2f8a6cc0d43c8be772c69eece3966b70d20df8f98270cddf07e2b,925519576,925519576,"{""mode"":""MAIN_MONOTONIC_V1_DERIVED"",""variant"":""navier_f64"",""N"":256,""checksum"":925519576,""correctness"":""PASS"",""warmup_calls"":0,""start_ms"":0,""stop_ms"":1580.42,""elapsed_ms"":1580.42}",1580.42,6.173515625,[],True
0,"WB_RESULT:{""mode"":""MAIN_MONOTONIC_V1_DERIVED"",""variant"":""navier_f64"",""N"":256,""checksum"":925519576,""correctness"":""PASS"",""warmup_calls"":0,""start_ms"":708098.227619,""stop_ms"":709559.314059,""elapsed_ms"":1461.0864399999846}
",,"[""/home/mzyx/three_engine_20261004/quickjs-04be246001599f5995fa2f2d8c91a0f198d3f34c/qjs"",""-I"",""/mnt/c/Users/mzyx/Desktop/0921/js-interpreter-bench/experiments/three_engine_baseline/adapters/quickjs.js"",""-I"",""/mnt/c/Users/mzyx/Desktop/0921/js-interpreter-bench/experiments/timer_recovery/adapters/quickjs.js"",""/mnt/c/Users/mzyx/Desktop/0921/js-interpreter-bench/experiments/whitebox_analysis/attempt01/microbench/generated/navier_f64.N256.js""]",/mnt/c/Users/mzyx/Desktop/0921/js-interpreter-bench,2026-10-05T09:16:40.569898+00:00,708086282843,709560307862,b3ee321e-69da-462d-8718-4589949b17d0,1474025019,formal,navier,navier_f64,quickjs,256,1,1,"[""quickjs"",""v8"",""jsc""]",109,MAIN_MONOTONIC_V1_DERIVED,wsl2-ubuntu2404-x64-20261004,[],140d5233b0337d91cb0f994ae4a051e49aa04da8802acfaedf0a01b81a620b79,938ce8e351a82dbf96016843d08030b8ae02cea5bf23fc6555a234cb49531eaf,"[{""path"":""/mnt/c/Users/mzyx/Desktop/0921/js-interpreter-bench/experiments/three_engine_baseline/adapters/quickjs.js"",""sha256"":""f20aa7b460675d08600a58945203034feb50b2a3515aba579219f648b1235c6c""},{""path"":""/mnt/c/Users/mzyx/Desktop/0921/js-interpreter-bench/experiments/timer_recovery/adapters/quickjs.js"",""sha256"":""cd393c275173f20526562a008951f65a332deffed85e7c804519788b8ebffab7""}]",7354c1868ce2f8a6cc0d43c8be772c69eece3966b70d20df8f98270cddf07e2b,925519576,925519576,"{""mode"":""MAIN_MONOTONIC_V1_DERIVED"",""variant"":""navier_f64"",""N"":256,""checksum"":925519576,""correctness"":""PASS"",""warmup_calls"":0,""start_ms"":708098.227619,""stop_ms"":709559.314059,""elapsed_ms"":1461.0864399999846}",1461.0864399999846,5.70736890624994,[],True
0,"WB_RESULT:{""mode"":""MAIN_MONOTONIC_V1_DERIVED"",""variant"":""navier_f64"",""N"":256,""checksum"":925519576,""correctness"":""PASS"",""warmup_calls"":0,""start_ms"":26.274,""stop_ms"":1817.585,""elapsed_ms"":1791.3110000000001}
",,"[""/home/mzyx/three_engine_20261004/v8-linux64-rel-15.6.21/d8"",""--snapshot_blob=/home/mzyx/three_engine_20261004/v8-linux64-rel-15.6.21/snapshot_blob.bin"",""--max-opt=0"",""--no-lazy"",""/mnt/c/Users/mzyx/Desktop/0921/js-interpreter-bench/experiments/three_engine_baseline/adapters/v8.js"",""/mnt/c/Users/mzyx/Desktop/0921/js-interpreter-bench/experiments/timer_recovery/adapters/v8.js"",""/mnt/c/Users/mzyx/Desktop/0921/js-interpreter-bench/experiments/whitebox_analysis/attempt01/microbench/generated/navier_f64.N256.js""]",/mnt/c/Users/mzyx/Desktop/0921/js-interpreter-bench,2026-10-05T09:16:42.522935+00:00,709685379131,711513346404,b3ee321e-69da-462d-8718-4589949b17d0,1827967273,formal,navier,navier_f64,v8,256,1,2,"[""quickjs"",""v8"",""jsc""]",109,MAIN_MONOTONIC_V1_DERIVED,wsl2-ubuntu2404-x64-20261004,"[""--max-opt=0"",""--no-lazy""]",83b744a5953d2662ea723564d4035a333782a0cc85232d1025929a925150b133,938ce8e351a82dbf96016843d08030b8ae02cea5bf23fc6555a234cb49531eaf,"[{""path"":""/mnt/c/Users/mzyx/Desktop/0921/js-interpreter-bench/experiments/three_engine_baseline/adapters/v8.js"",""sha256"":""0ab3ed677381191d7e7839cbbc3f07895104a8b8299679ab9f37b856d76d3a22""},{""path"":""/mnt/c/Users/mzyx/Desktop/0921/js-interpreter-bench/experiments/timer_recovery/adapters/v8.js"",""sha256"":""e610d3aa3d2672a5e6d5eccd9aaf05c6ae6758d1b9c4468289f017a231ab7d9f""}]",7354c1868ce2f8a6cc0d43c8be772c69eece3966b70d20df8f98270cddf07e2b,925519576,925519576,"{""mode"":""MAIN_MONOTONIC_V1_DERIVED"",""variant"":""navier_f64"",""N"":256,""checksum"":925519576,""correctness"":""PASS"",""warmup_calls"":0,""start_ms"":26.274,""stop_ms"":1817.585,""elapsed_ms"":1791.3110000000001}",1791.3110000000001,6.997308593750001,[],True
0,"WB_RESULT:{""mode"":""MAIN_MONOTONIC_V1_DERIVED"",""variant"":""navier_f64"",""N"":256,""checksum"":925519576,""correctness"":""PASS"",""warmup_calls"":0,""start_ms"":0,""stop_ms"":1571.06,""elapsed_ms"":1571.06}
",,"[""/home/mzyx/jsc_build_fd3406f/JSCOnly/Release/bin/jsc"",""--useJIT=false"",""--useLLInt=true"",""--validateOptions=true"",""/mnt/c/Users/mzyx/Desktop/0921/js-interpreter-bench/experiments/three_engine_baseline/adapters/jsc.js"",""/mnt/c/Users/mzyx/Desktop/0921/js-interpreter-bench/experiments/timer_recovery/adapters/jsc.js"",""/mnt/c/Users/mzyx/Desktop/0921/js-interpreter-bench/experiments/whitebox_analysis/attempt01/microbench/generated/navier_f64.N256.js""]",/mnt/c/Users/mzyx/Desktop/0921/js-interpreter-bench,2026-10-05T09:16:04.263654+00:00,667062484357,668661500232,b3ee321e-69da-462d-8718-4589949b17d0,1599015875,formal,navier,navier_f64,jsc,256,10,2,"[""v8"",""jsc"",""quickjs""]",101,MAIN_MONOTONIC_V1_DERIVED,wsl2-ubuntu2404-x64-20261004,"[""--useJIT=false"",""--useLLInt=true"",""--validateOptions=true""]",65c824a055405bf62b05e21d54515a72a1f0187a4d91225d00a6da969d35879f,938ce8e351a82dbf96016843d08030b8ae02cea5bf23fc6555a234cb49531eaf,"[{""path"":""/mnt/c/Users/mzyx/Desktop/0921/js-interpreter-bench/experiments/three_engine_baseline/adapters/jsc.js"",""sha256"":""f9ddbb9556352e283b9c9feebc8bdd0ef1abac5bcdf1ab7a5d83945fa3c9437b""},{""path"":""/mnt/c/Users/mzyx/Desktop/0921/js-interpreter-bench/experiments/timer_recovery/adapters/jsc.js"",""sha256"":""0c485996a598b7e36f2f292b66397adc0390cbe6b69b55199e47e1c6c1e37010""}]",7354c1868ce2f8a6cc0d43c8be772c69eece3966b70d20df8f98270cddf07e2b,925519576,925519576,"{""mode"":""MAIN_MONOTONIC_V1_DERIVED"",""variant"":""navier_f64"",""N"":256,""checksum"":925519576,""correctness"":""PASS"",""warmup_calls"":0,""start_ms"":0,""stop_ms"":1571.06,""elapsed_ms"":1571.06}",1571.06,6.136953125,[],True
0,"WB_RESULT:{""mode"":""MAIN_MONOTONIC_V1_DERIVED"",""variant"":""navier_f64"",""N"":256,""checksum"":925519576,""correctness"":""PASS"",""warmup_calls"":0,""start_ms"":668820.226966,""stop_ms"":670371.209341,""elapsed_ms"":1550.982374999905}
",,"[""/home/mzyx/three_engine_20261004/quickjs-04be246001599f5995fa2f2d8c91a0f198d3f34c/qjs"",""-I"",""/mnt/c/Users/mzyx/Desktop/0921/js-interpreter-bench/experiments/three_engine_baseline/adapters/quickjs.js"",""-I"",""/mnt/c/Users/mzyx/Desktop/0921/js-interpreter-bench/experiments/timer_recovery/adapters/quickjs.js"",""/mnt/c/Users/mzyx/Desktop/0921/js-interpreter-bench/experiments/whitebox_analysis/attempt01/microbench/generated/navier_f64.N256.js""]",/mnt/c/Users/mzyx/Desktop/0921/js-interpreter-bench,2026-10-05T09:16:05.974416+00:00,668808575412,670372263374,b3ee321e-69da-462d-8718-4589949b17d0,1563687962,formal,navier,navier_f64,quickjs,256,10,3,"[""v8"",""jsc"",""quickjs""]",101,MAIN_MONOTONIC_V1_DERIVED,wsl2-ubuntu2404-x64-20261004,[],140d5233b0337d91cb0f994ae4a051e49aa04da8802acfaedf0a01b81a620b79,938ce8e351a82dbf96016843d08030b8ae02cea5bf23fc6555a234cb49531eaf,"[{""path"":""/mnt/c/Users/mzyx/Desktop/0921/js-interpreter-bench/experiments/three_engine_baseline/adapters/quickjs.js"",""sha256"":""f20aa7b460675d08600a58945203034feb50b2a3515aba579219f648b1235c6c""},{""path"":""/mnt/c/Users/mzyx/Desktop/0921/js-interpreter-bench/experiments/timer_recovery/adapters/quickjs.js"",""sha256"":""cd393c275173f20526562a008951f65a332deffed85e7c804519788b8ebffab7""}]",7354c1868ce2f8a6cc0d43c8be772c69eece3966b70d20df8f98270cddf07e2b,925519576,925519576,"{""mode"":""MAIN_MONOTONIC_V1_DERIVED"",""variant"":""navier_f64"",""N"":256,""checksum"":925519576,""correctness"":""PASS"",""warmup_calls"":0,""start_ms"":668820.226966,""stop_ms"":670371.209341,""elapsed_ms"":1550.982374999905}",1550.982374999905,6.058524902343379,[],True
0,"WB_RESULT:{""mode"":""MAIN_MONOTONIC_V1_DERIVED"",""variant"":""navier_f64"",""N"":256,""checksum"":925519576,""correctness"":""PASS"",""warmup_calls"":0,""start_ms"":29.897,""stop_ms"":1930.482,""elapsed_ms"":1900.585}
",,"[""/home/mzyx/three_engine_20261004/v8-linux64-rel-15.6.21/d8"",""--snapshot_blob=/home/mzyx/three_engine_20261004/v8-linux64-rel-15.6.21/snapshot_blob.bin"",""--max-opt=0"",""--no-lazy"",""/mnt/c/Users/mzyx/Desktop/0921/js-interpreter-bench/experiments/three_engine_baseline/adapters/v8.js"",""/mnt/c/Users/mzyx/Desktop/0921/js-interpreter-bench/experiments/timer_recovery/adapters/v8.js"",""/mnt/c/Users/mzyx/Desktop/0921/js-interpreter-bench/experiments/whitebox_analysis/attempt01/microbench/generated/navier_f64.N256.js""]",/mnt/c/Users/mzyx/Desktop/0921/js-interpreter-bench,2026-10-05T09:16:02.524522+00:00,664982257929,666922371411,b3ee321e-69da-462d-8718-4589949b17d0,1940113482,formal,navier,navier_f64,v8,256,10,1,"[""v8"",""jsc"",""quickjs""]",101,MAIN_MONOTONIC_V1_DERIVED,wsl2-ubuntu2404-x64-20261004,"[""--max-opt=0"",""--no-lazy""]",83b744a5953d2662ea723564d4035a333782a0cc85232d1025929a925150b133,938ce8e351a82dbf96016843d08030b8ae02cea5bf23fc6555a234cb49531eaf,"[{""path"":""/mnt/c/Users/mzyx/Desktop/0921/js-interpreter-bench/experiments/three_engine_baseline/adapters/v8.js"",""sha256"":""0ab3ed677381191d7e7839cbbc3f07895104a8b8299679ab9f37b856d76d3a22""},{""path"":""/mnt/c/Users/mzyx/Desktop/0921/js-interpreter-bench/experiments/timer_recovery/adapters/v8.js"",""sha256"":""e610d3aa3d2672a5e6d5eccd9aaf05c6ae6758d1b9c4468289f017a231ab7d9f""}]",7354c1868ce2f8a6cc0d43c8be772c69eece3966b70d20df8f98270cddf07e2b,925519576,925519576,"{""mode"":""MAIN_MONOTONIC_V1_DERIVED"",""variant"":""navier_f64"",""N"":256,""checksum"":925519576,""correctness"":""PASS"",""warmup_calls"":0,""start_ms"":29.897,""stop_ms"":1930.482,""elapsed_ms"":1900.585}",1900.585,7.42416015625,[],True
0,"WB_RESULT:{""mode"":""MAIN_MONOTONIC_V1_DERIVED"",""variant"":""navier_f64"",""N"":256,""checksum"":925519576,""correctness"":""PASS"",""warmup_calls"":0,""start_ms"":0,""stop_ms"":1578.24,""elapsed_ms"":1578.24}
",,"[""/home/mzyx/jsc_build_fd3406f/JSCOnly/Release/bin/jsc"",""--useJIT=false"",""--useLLInt=true"",""--validateOptions=true"",""/mnt/c/Users/mzyx/Desktop/0921/js-interpreter-bench/experiments/three_engine_baseline/adapters/jsc.js"",""/mnt/c/Users/mzyx/Desktop/0921/js-interpreter-bench/experiments/timer_recovery/adapters/jsc.js"",""/mnt/c/Users/mzyx/Desktop/0921/js-interpreter-bench/experiments/whitebox_analysis/attempt01/microbench/generated/navier_f64.N256.js""]",/mnt/c/Users/mzyx/Desktop/0921/js-interpreter-bench,2026-10-05T09:08:28.113539+00:00,177874702240,179481733857,b3ee321e-69da-462d-8718-4589949b17d0,1607031617,formal,navier,navier_f64,jsc,256,11,2,"[""v8"",""jsc"",""quickjs""]",11,MAIN_MONOTONIC_V1_DERIVED,wsl2-ubuntu2404-x64-20261004,"[""--useJIT=false"",""--useLLInt=true"",""--validateOptions=true""]",65c824a055405bf62b05e21d54515a72a1f0187a4d91225d00a6da969d35879f,938ce8e351a82dbf96016843d08030b8ae02cea5bf23fc6555a234cb49531eaf,"[{""path"":""/mnt/c/Users/mzyx/Desktop/0921/js-interpreter-bench/experiments/three_engine_baseline/adapters/jsc.js"",""sha256"":""f9ddbb9556352e283b9c9feebc8bdd0ef1abac5bcdf1ab7a5d83945fa3c9437b""},{""path"":""/mnt/c/Users/mzyx/Desktop/0921/js-interpreter-bench/experiments/timer_recovery/adapters/jsc.js"",""sha256"":""0c485996a598b7e36f2f292b66397adc0390cbe6b69b55199e47e1c6c1e37010""}]",7354c1868ce2f8a6cc0d43c8be772c69eece3966b70d20df8f98270cddf07e2b,925519576,925519576,"{""mode"":""MAIN_MONOTONIC_V1_DERIVED"",""variant"":""navier_f64"",""N"":256,""checksum"":925519576,""correctness"":""PASS"",""warmup_calls"":0,""start_ms"":0,""stop_ms"":1578.24,""elapsed_ms"":1578.24}",1578.24,6.165,[],True
0,"WB_RESULT:{""mode"":""MAIN_MONOTONIC_V1_DERIVED"",""variant"":""navier_f64"",""N"":256,""checksum"":925519576,""correctness"":""PASS"",""warmup_calls"":0,""start_ms"":179641.49996,""stop_ms"":181192.07176,""elapsed_ms"":1550.5718000000052}
",,"[""/home/mzyx/three_engine_20261004/quickjs-04be246001599f5995fa2f2d8c91a0f198d3f34c/qjs"",""-I"",""/mnt/c/Users/mzyx/Desktop/0921/js-interpreter-bench/experiments/three_engine_baseline/adapters/quickjs.js"",""-I"",""/mnt/c/Users/mzyx/Desktop/0921/js-interpreter-bench/experiments/timer_recovery/adapters/quickjs.js"",""/mnt/c/Users/mzyx/Desktop/0921/js-interpreter-bench/experiments/whitebox_analysis/attempt01/microbench/generated/navier_f64.N256.js""]",/mnt/c/Users/mzyx/Desktop/0921/js-interpreter-bench,2026-10-05T09:08:29.824913+00:00,179629495473,181193121051,b3ee321e-69da-462d-8718-4589949b17d0,1563625578,formal,navier,navier_f64,quickjs,256,11,3,"[""v8"",""jsc"",""quickjs""]",11,MAIN_MONOTONIC_V1_DERIVED,wsl2-ubuntu2404-x64-20261004,[],140d5233b0337d91cb0f994ae4a051e49aa04da8802acfaedf0a01b81a620b79,938ce8e351a82dbf96016843d08030b8ae02cea5bf23fc6555a234cb49531eaf,"[{""path"":""/mnt/c/Users/mzyx/Desktop/0921/js-interpreter-bench/experiments/three_engine_baseline/adapters/quickjs.js"",""sha256"":""f20aa7b460675d08600a58945203034feb50b2a3515aba579219f648b1235c6c""},{""path"":""/mnt/c/Users/mzyx/Desktop/0921/js-interpreter-bench/experiments/timer_recovery/adapters/quickjs.js"",""sha256"":""cd393c275173f20526562a008951f65a332deffed85e7c804519788b8ebffab7""}]",7354c1868ce2f8a6cc0d43c8be772c69eece3966b70d20df8f98270cddf07e2b,925519576,925519576,"{""mode"":""MAIN_MONOTONIC_V1_DERIVED"",""variant"":""navier_f64"",""N"":256,""checksum"":925519576,""correctness"":""PASS"",""warmup_calls"":0,""start_ms"":179641.49996,""stop_ms"":181192.07176,""elapsed_ms"":1550.5718000000052}",1550.5718000000052,6.05692109375002,[],True
0,"WB_RESULT:{""mode"":""MAIN_MONOTONIC_V1_DERIVED"",""variant"":""navier_f64"",""N"":256,""checksum"":925519576,""correctness"":""PASS"",""warmup_calls"":0,""start_ms"":26.515,""stop_ms"":1860.583,""elapsed_ms"":1834.068}
",,"[""/home/mzyx/three_engine_20261004/v8-linux64-rel-15.6.21/d8"",""--snapshot_blob=/home/mzyx/three_engine_20261004/v8-linux64-rel-15.6.21/snapshot_blob.bin"",""--max-opt=0"",""--no-lazy"",""/mnt/c/Users/mzyx/Desktop/0921/js-interpreter-bench/experiments/three_engine_baseline/adapters/v8.js"",""/mnt/c/Users/mzyx/Desktop/0921/js-interpreter-bench/experiments/timer_recovery/adapters/v8.js"",""/mnt/c/Users/mzyx/Desktop/0921/js-interpreter-bench/experiments/whitebox_analysis/attempt01/microbench/generated/navier_f64.N256.js""]",/mnt/c/Users/mzyx/Desktop/0921/js-interpreter-bench,2026-10-05T09:08:26.371720+00:00,175870095991,177739915759,b3ee321e-69da-462d-8718-4589949b17d0,1869819768,formal,navier,navier_f64,v8,256,11,1,"[""v8"",""jsc"",""quickjs""]",11,MAIN_MONOTONIC_V1_DERIVED,wsl2-ubuntu2404-x64-20261004,"[""--max-opt=0"",""--no-lazy""]",83b744a5953d2662ea723564d4035a333782a0cc85232d1025929a925150b133,938ce8e351a82dbf96016843d08030b8ae02cea5bf23fc6555a234cb49531eaf,"[{""path"":""/mnt/c/Users/mzyx/Desktop/0921/js-interpreter-bench/experiments/three_engine_baseline/adapters/v8.js"",""sha256"":""0ab3ed677381191d7e7839cbbc3f07895104a8b8299679ab9f37b856d76d3a22""},{""path"":""/mnt/c/Users/mzyx/Desktop/0921/js-interpreter-bench/experiments/timer_recovery/adapters/v8.js"",""sha256"":""e610d3aa3d2672a5e6d5eccd9aaf05c6ae6758d1b9c4468289f017a231ab7d9f""}]",7354c1868ce2f8a6cc0d43c8be772c69eece3966b70d20df8f98270cddf07e2b,925519576,925519576,"{""mode"":""MAIN_MONOTONIC_V1_DERIVED"",""variant"":""navier_f64"",""N"":256,""checksum"":925519576,""correctness"":""PASS"",""warmup_calls"":0,""start_ms"":26.515,""stop_ms"":1860.583,""elapsed_ms"":1834.068}",1834.068,7.164328125,[],True
0,"WB_RESULT:{""mode"":""MAIN_MONOTONIC_V1_DERIVED"",""variant"":""navier_f64"",""N"":256,""checksum"":925519576,""correctness"":""PASS"",""warmup_calls"":0,""start_ms"":0,""stop_ms"":1568.76,""elapsed_ms"":1568.76}
",,"[""/home/mzyx/jsc_build_fd3406f/JSCOnly/Release/bin/jsc"",""--useJIT=false"",""--useLLInt=true"",""--validateOptions=true"",""/mnt/c/Users/mzyx/Desktop/0921/js-interpreter-bench/experiments/three_engine_baseline/adapters/jsc.js"",""/mnt/c/Users/mzyx/Desktop/0921/js-interpreter-bench/experiments/timer_recovery/adapters/jsc.js"",""/mnt/c/Users/mzyx/Desktop/0921/js-interpreter-bench/experiments/whitebox_analysis/attempt01/microbench/generated/navier_f64.N256.js""]",/mnt/c/Users/mzyx/Desktop/0921/js-interpreter-bench,2026-10-05T09:16:34.436042+00:00,699591788119,701193366142,b3ee321e-69da-462d-8718-4589949b17d0,1601578023,formal,navier,navier_f64,jsc,256,12,2,"[""quickjs"",""jsc"",""v8""]",107,MAIN_MONOTONIC_V1_DERIVED,wsl2-ubuntu2404-x64-20261004,"[""--useJIT=false"",""--useLLInt=true"",""--validateOptions=true""]",65c824a055405bf62b05e21d54515a72a1f0187a4d91225d00a6da969d35879f,938ce8e351a82dbf96016843d08030b8ae02cea5bf23fc6555a234cb49531eaf,"[{""path"":""/mnt/c/Users/mzyx/Desktop/0921/js-interpreter-bench/experiments/three_engine_baseline/adapters/jsc.js"",""sha256"":""f9ddbb9556352e283b9c9feebc8bdd0ef1abac5bcdf1ab7a5d83945fa3c9437b""},{""path"":""/mnt/c/Users/mzyx/Desktop/0921/js-interpreter-bench/experiments/timer_recovery/adapters/jsc.js"",""sha256"":""0c485996a598b7e36f2f292b66397adc0390cbe6b69b55199e47e1c6c1e37010""}]",7354c1868ce2f8a6cc0d43c8be772c69eece3966b70d20df8f98270cddf07e2b,925519576,925519576,"{""mode"":""MAIN_MONOTONIC_V1_DERIVED"",""variant"":""navier_f64"",""N"":256,""checksum"":925519576,""correctness"":""PASS"",""warmup_calls"":0,""start_ms"":0,""stop_ms"":1568.76,""elapsed_ms"":1568.76}",1568.76,6.12796875,[],True
0,"WB_RESULT:{""mode"":""MAIN_MONOTONIC_V1_DERIVED"",""variant"":""navier_f64"",""N"":256,""checksum"":925519576,""correctness"":""PASS"",""warmup_calls"":0,""start_ms"":697966.293358,""stop_ms"":699454.577022,""elapsed_ms"":1488.2836639999878}
",,"[""/home/mzyx/three_engine_20261004/quickjs-04be246001599f5995fa2f2d8c91a0f198d3f34c/qjs"",""-I"",""/mnt/c/Users/mzyx/Desktop/0921/js-interpreter-bench/experiments/three_engine_baseline/adapters/quickjs.js"",""-I"",""/mnt/c/Users/mzyx/Desktop/0921/js-interpreter-bench/experiments/timer_recovery/adapters/quickjs.js"",""/mnt/c/Users/mzyx/Desktop/0921/js-interpreter-bench/experiments/whitebox_analysis/attempt01/microbench/generated/navier_f64.N256.js""]",/mnt/c/Users/mzyx/Desktop/0921/js-interpreter-bench,2026-10-05T09:16:32.698384+00:00,697954248033,699455708221,b3ee321e-69da-462d-8718-4589949b17d0,1501460188,formal,navier,navier_f64,quickjs,256,12,1,"[""quickjs"",""jsc"",""v8""]",107,MAIN_MONOTONIC_V1_DERIVED,wsl2-ubuntu2404-x64-20261004,[],140d5233b0337d91cb0f994ae4a051e49aa04da8802acfaedf0a01b81a620b79,938ce8e351a82dbf96016843d08030b8ae02cea5bf23fc6555a234cb49531eaf,"[{""path"":""/mnt/c/Users/mzyx/Desktop/0921/js-interpreter-bench/experiments/three_engine_baseline/adapters/quickjs.js"",""sha256"":""f20aa7b460675d08600a58945203034feb50b2a3515aba579219f648b1235c6c""},{""path"":""/mnt/c/Users/mzyx/Desktop/0921/js-interpreter-bench/experiments/timer_recovery/adapters/quickjs.js"",""sha256"":""cd393c275173f20526562a008951f65a332deffed85e7c804519788b8ebffab7""}]",7354c1868ce2f8a6cc0d43c8be772c69eece3966b70d20df8f98270cddf07e2b,925519576,925519576,"{""mode"":""MAIN_MONOTONIC_V1_DERIVED"",""variant"":""navier_f64"",""N"":256,""checksum"":925519576,""correctness"":""PASS"",""warmup_calls"":0,""start_ms"":697966.293358,""stop_ms"":699454.577022,""elapsed_ms"":1488.2836639999878}",1488.2836639999878,5.813608062499952,[],True
0,"WB_RESULT:{""mode"":""MAIN_MONOTONIC_V1_DERIVED"",""variant"":""navier_f64"",""N"":256,""checksum"":925519576,""correctness"":""PASS"",""warmup_calls"":0,""start_ms"":34.416,""stop_ms"":1891.292,""elapsed_ms"":1856.876}
",,"[""/home/mzyx/three_engine_20261004/v8-linux64-rel-15.6.21/d8"",""--snapshot_blob=/home/mzyx/three_engine_20261004/v8-linux64-rel-15.6.21/snapshot_blob.bin"",""--max-opt=0"",""--no-lazy"",""/mnt/c/Users/mzyx/Desktop/0921/js-interpreter-bench/experiments/three_engine_baseline/adapters/v8.js"",""/mnt/c/Users/mzyx/Desktop/0921/js-interpreter-bench/experiments/timer_recovery/adapters/v8.js"",""/mnt/c/Users/mzyx/Desktop/0921/js-interpreter-bench/experiments/whitebox_analysis/attempt01/microbench/generated/navier_f64.N256.js""]",/mnt/c/Users/mzyx/Desktop/0921/js-interpreter-bench,2026-10-05T09:16:36.490332+00:00,701346139609,703247653939,b3ee321e-69da-462d-8718-4589949b17d0,1901514330,formal,navier,navier_f64,v8,256,12,3,"[""quickjs"",""jsc"",""v8""]",107,MAIN_MONOTONIC_V1_DERIVED,wsl2-ubuntu2404-x64-20261004,"[""--max-opt=0"",""--no-lazy""]",83b744a5953d2662ea723564d4035a333782a0cc85232d1025929a925150b133,938ce8e351a82dbf96016843d08030b8ae02cea5bf23fc6555a234cb49531eaf,"[{""path"":""/mnt/c/Users/mzyx/Desktop/0921/js-interpreter-bench/experiments/three_engine_baseline/adapters/v8.js"",""sha256"":""0ab3ed677381191d7e7839cbbc3f07895104a8b8299679ab9f37b856d76d3a22""},{""path"":""/mnt/c/Users/mzyx/Desktop/0921/js-interpreter-bench/experiments/timer_recovery/adapters/v8.js"",""sha256"":""e610d3aa3d2672a5e6d5eccd9aaf05c6ae6758d1b9c4468289f017a231ab7d9f""}]",7354c1868ce2f8a6cc0d43c8be772c69eece3966b70d20df8f98270cddf07e2b,925519576,925519576,"{""mode"":""MAIN_MONOTONIC_V1_DERIVED"",""variant"":""navier_f64"",""N"":256,""checksum"":925519576,""correctness"":""PASS"",""warmup_calls"":0,""start_ms"":34.416,""stop_ms"":1891.292,""elapsed_ms"":1856.876}",1856.876,7.253421875,[],True
0,"WB_RESULT:{""mode"":""MAIN_MONOTONIC_V1_DERIVED"",""variant"":""navier_f64"",""N"":256,""checksum"":925519576,""correctness"":""PASS"",""warmup_calls"":0,""start_ms"":0,""stop_ms"":1533.3,""elapsed_ms"":1533.3}
",,"[""/home/mzyx/jsc_build_fd3406f/JSCOnly/Release/bin/jsc"",""--useJIT=false"",""--useLLInt=true"",""--validateOptions=true"",""/mnt/c/Users/mzyx/Desktop/0921/js-interpreter-bench/experiments/three_engine_baseline/adapters/jsc.js"",""/mnt/c/Users/mzyx/Desktop/0921/js-interpreter-bench/experiments/timer_recovery/adapters/jsc.js"",""/mnt/c/Users/mzyx/Desktop/0921/js-interpreter-bench/experiments/whitebox_analysis/attempt01/microbench/generated/navier_f64.N256.js""]",/mnt/c/Users/mzyx/Desktop/0921/js-interpreter-bench,2026-10-05T09:17:05.712641+00:00,733138187253,734703050818,b3ee321e-69da-462d-8718-4589949b17d0,1564863565,formal,navier,navier_f64,jsc,256,13,1,"[""jsc"",""quickjs"",""v8""]",114,MAIN_MONOTONIC_V1_DERIVED,wsl2-ubuntu2404-x64-20261004,"[""--useJIT=false"",""--useLLInt=true"",""--validateOptions=true""]",65c824a055405bf62b05e21d54515a72a1f0187a4d91225d00a6da969d35879f,938ce8e351a82dbf96016843d08030b8ae02cea5bf23fc6555a234cb49531eaf,"[{""path"":""/mnt/c/Users/mzyx/Desktop/0921/js-interpreter-bench/experiments/three_engine_baseline/adapters/jsc.js"",""sha256"":""f9ddbb9556352e283b9c9feebc8bdd0ef1abac5bcdf1ab7a5d83945fa3c9437b""},{""path"":""/mnt/c/Users/mzyx/Desktop/0921/js-interpreter-bench/experiments/timer_recovery/adapters/jsc.js"",""sha256"":""0c485996a598b7e36f2f292b66397adc0390cbe6b69b55199e47e1c6c1e37010""}]",7354c1868ce2f8a6cc0d43c8be772c69eece3966b70d20df8f98270cddf07e2b,925519576,925519576,"{""mode"":""MAIN_MONOTONIC_V1_DERIVED"",""variant"":""navier_f64"",""N"":256,""checksum"":925519576,""correctness"":""PASS"",""warmup_calls"":0,""start_ms"":0,""stop_ms"":1533.3,""elapsed_ms"":1533.3}",1533.3,5.989453125,[],True
0,"WB_RESULT:{""mode"":""MAIN_MONOTONIC_V1_DERIVED"",""variant"":""navier_f64"",""N"":256,""checksum"":925519576,""correctness"":""PASS"",""warmup_calls"":0,""start_ms"":734839.673401,""stop_ms"":736384.103241,""elapsed_ms"":1544.429839999997}
",,"[""/home/mzyx/three_engine_20261004/quickjs-04be246001599f5995fa2f2d8c91a0f198d3f34c/qjs"",""-I"",""/mnt/c/Users/mzyx/Desktop/0921/js-interpreter-bench/experiments/three_engine_baseline/adapters/quickjs.js"",""-I"",""/mnt/c/Users/mzyx/Desktop/0921/js-interpreter-bench/experiments/timer_recovery/adapters/quickjs.js"",""/mnt/c/Users/mzyx/Desktop/0921/js-interpreter-bench/experiments/whitebox_analysis/attempt01/microbench/generated/navier_f64.N256.js""]",/mnt/c/Users/mzyx/Desktop/0921/js-interpreter-bench,2026-10-05T09:17:07.394689+00:00,734829516987,736385102836,b3ee321e-69da-462d-8718-4589949b17d0,1555585849,formal,navier,navier_f64,quickjs,256,13,2,"[""jsc"",""quickjs"",""v8""]",114,MAIN_MONOTONIC_V1_DERIVED,wsl2-ubuntu2404-x64-20261004,[],140d5233b0337d91cb0f994ae4a051e49aa04da8802acfaedf0a01b81a620b79,938ce8e351a82dbf96016843d08030b8ae02cea5bf23fc6555a234cb49531eaf,"[{""path"":""/mnt/c/Users/mzyx/Desktop/0921/js-interpreter-bench/experiments/three_engine_baseline/adapters/quickjs.js"",""sha256"":""f20aa7b460675d08600a58945203034feb50b2a3515aba579219f648b1235c6c""},{""path"":""/mnt/c/Users/mzyx/Desktop/0921/js-interpreter-bench/experiments/timer_recovery/adapters/quickjs.js"",""sha256"":""cd393c275173f20526562a008951f65a332deffed85e7c804519788b8ebffab7""}]",7354c1868ce2f8a6cc0d43c8be772c69eece3966b70d20df8f98270cddf07e2b,925519576,925519576,"{""mode"":""MAIN_MONOTONIC_V1_DERIVED"",""variant"":""navier_f64"",""N"":256,""checksum"":925519576,""correctness"":""PASS"",""warmup_calls"":0,""start_ms"":734839.673401,""stop_ms"":736384.103241,""elapsed_ms"":1544.429839999997}",1544.429839999997,6.0329290624999885,[],True
0,"WB_RESULT:{""mode"":""MAIN_MONOTONIC_V1_DERIVED"",""variant"":""navier_f64"",""N"":256,""checksum"":925519576,""correctness"":""PASS"",""warmup_calls"":0,""start_ms"":33.896,""stop_ms"":1906.516,""elapsed_ms"":1872.6200000000001}
",,"[""/home/mzyx/three_engine_20261004/v8-linux64-rel-15.6.21/d8"",""--snapshot_blob=/home/mzyx/three_engine_20261004/v8-linux64-rel-15.6.21/snapshot_blob.bin"",""--max-opt=0"",""--no-lazy"",""/mnt/c/Users/mzyx/Desktop/0921/js-interpreter-bench/experiments/three_engine_baseline/adapters/v8.js"",""/mnt/c/Users/mzyx/Desktop/0921/js-interpreter-bench/experiments/timer_recovery/adapters/v8.js"",""/mnt/c/Users/mzyx/Desktop/0921/js-interpreter-bench/experiments/whitebox_analysis/attempt01/microbench/generated/navier_f64.N256.js""]",/mnt/c/Users/mzyx/Desktop/0921/js-interpreter-bench,2026-10-05T09:17:07.246477+00:00,736531362782,738446922952,b3ee321e-69da-462d-8718-4589949b17d0,1915560170,formal,navier,navier_f64,v8,256,13,3,"[""jsc"",""quickjs"",""v8""]",114,MAIN_MONOTONIC_V1_DERIVED,wsl2-ubuntu2404-x64-20261004,"[""--max-opt=0"",""--no-lazy""]",83b744a5953d2662ea723564d4035a333782a0cc85232d1025929a925150b133,938ce8e351a82dbf96016843d08030b8ae02cea5bf23fc6555a234cb49531eaf,"[{""path"":""/mnt/c/Users/mzyx/Desktop/0921/js-interpreter-bench/experiments/three_engine_baseline/adapters/v8.js"",""sha256"":""0ab3ed677381191d7e7839cbbc3f07895104a8b8299679ab9f37b856d76d3a22""},{""path"":""/mnt/c/Users/mzyx/Desktop/0921/js-interpreter-bench/experiments/timer_recovery/adapters/v8.js"",""sha256"":""e610d3aa3d2672a5e6d5eccd9aaf05c6ae6758d1b9c4468289f017a231ab7d9f""}]",7354c1868ce2f8a6cc0d43c8be772c69eece3966b70d20df8f98270cddf07e2b,925519576,925519576,"{""mode"":""MAIN_MONOTONIC_V1_DERIVED"",""variant"":""navier_f64"",""N"":256,""checksum"":925519576,""correctness"":""PASS"",""warmup_calls"":0,""start_ms"":33.896,""stop_ms"":1906.516,""elapsed_ms"":1872.6200000000001}",1872.6200000000001,7.3149218750000005,[],True
0,"WB_RESULT:{""mode"":""MAIN_MONOTONIC_V1_DERIVED"",""variant"":""navier_f64"",""N"":256,""checksum"":925519576,""correctness"":""PASS"",""warmup_calls"":0,""start_ms"":0,""stop_ms"":1579.24,""elapsed_ms"":1579.24}
",,"[""/home/mzyx/jsc_build_fd3406f/JSCOnly/Release/bin/jsc"",""--useJIT=false"",""--useLLInt=true"",""--validateOptions=true"",""/mnt/c/Users/mzyx/Desktop/0921/js-interpreter-bench/experiments/three_engine_baseline/adapters/jsc.js"",""/mnt/c/Users/mzyx/Desktop/0921/js-interpreter-bench/experiments/timer_recovery/adapters/jsc.js"",""/mnt/c/Users/mzyx/Desktop/0921/js-interpreter-bench/experiments/whitebox_analysis/attempt01/microbench/generated/navier_f64.N256.js""]",/mnt/c/Users/mzyx/Desktop/0921/js-interpreter-bench,2026-10-05T09:14:33.718993+00:00,570044787693,571654514892,b3ee321e-69da-462d-8718-4589949b17d0,1609727199,formal,navier,navier_f64,jsc,256,14,3,"[""quickjs"",""v8"",""jsc""]",83,MAIN_MONOTONIC_V1_DERIVED,wsl2-ubuntu2404-x64-20261004,"[""--useJIT=false"",""--useLLInt=true"",""--validateOptions=true""]",65c824a055405bf62b05e21d54515a72a1f0187a4d91225d00a6da969d35879f,938ce8e351a82dbf96016843d08030b8ae02cea5bf23fc6555a234cb49531eaf,"[{""path"":""/mnt/c/Users/mzyx/Desktop/0921/js-interpreter-bench/experiments/three_engine_baseline/adapters/jsc.js"",""sha256"":""f9ddbb9556352e283b9c9feebc8bdd0ef1abac5bcdf1ab7a5d83945fa3c9437b""},{""path"":""/mnt/c/Users/mzyx/Desktop/0921/js-interpreter-bench/experiments/timer_recovery/adapters/jsc.js"",""sha256"":""0c485996a598b7e36f2f292b66397adc0390cbe6b69b55199e47e1c6c1e37010""}]",7354c1868ce2f8a6cc0d43c8be772c69eece3966b70d20df8f98270cddf07e2b,925519576,925519576,"{""mode"":""MAIN_MONOTONIC_V1_DERIVED"",""variant"":""navier_f64"",""N"":256,""checksum"":925519576,""correctness"":""PASS"",""warmup_calls"":0,""start_ms"":0,""stop_ms"":1579.24,""elapsed_ms"":1579.24}",1579.24,6.16890625,[],True
0,"WB_RESULT:{""mode"":""MAIN_MONOTONIC_V1_DERIVED"",""variant"":""navier_f64"",""N"":256,""checksum"":925519576,""correctness"":""PASS"",""warmup_calls"":0,""start_ms"":566221.207505,""stop_ms"":567797.586801,""elapsed_ms"":1576.3792959999992}
",,"[""/home/mzyx/three_engine_20261004/quickjs-04be246001599f5995fa2f2d8c91a0f198d3f34c/qjs"",""-I"",""/mnt/c/Users/mzyx/Desktop/0921/js-interpreter-bench/experiments/three_engine_baseline/adapters/quickjs.js"",""-I"",""/mnt/c/Users/mzyx/Desktop/0921/js-interpreter-bench/experiments/timer_recovery/adapters/quickjs.js"",""/mnt/c/Users/mzyx/Desktop/0921/js-interpreter-bench/experiments/whitebox_analysis/attempt01/microbench/generated/navier_f64.N256.js""]",/mnt/c/Users/mzyx/Desktop/0921/js-interpreter-bench,2026-10-05T09:14:29.863125+00:00,566209237603,567798655253,b3ee321e-69da-462d-8718-4589949b17d0,1589417650,formal,navier,navier_f64,quickjs,256,14,1,"[""quickjs"",""v8"",""jsc""]",83,MAIN_MONOTONIC_V1_DERIVED,wsl2-ubuntu2404-x64-20261004,[],140d5233b0337d91cb0f994ae4a051e49aa04da8802acfaedf0a01b81a620b79,938ce8e351a82dbf96016843d08030b8ae02cea5bf23fc6555a234cb49531eaf,"[{""path"":""/mnt/c/Users/mzyx/Desktop/0921/js-interpreter-bench/experiments/three_engine_baseline/adapters/quickjs.js"",""sha256"":""f20aa7b460675d08600a58945203034feb50b2a3515aba579219f648b1235c6c""},{""path"":""/mnt/c/Users/mzyx/Desktop/0921/js-interpreter-bench/experiments/timer_recovery/adapters/quickjs.js"",""sha256"":""cd393c275173f20526562a008951f65a332deffed85e7c804519788b8ebffab7""}]",7354c1868ce2f8a6cc0d43c8be772c69eece3966b70d20df8f98270cddf07e2b,925519576,925519576,"{""mode"":""MAIN_MONOTONIC_V1_DERIVED"",""variant"":""navier_f64"",""N"":256,""checksum"":925519576,""correctness"":""PASS"",""warmup_calls"":0,""start_ms"":566221.207505,""stop_ms"":567797.586801,""elapsed_ms"":1576.3792959999992}",1576.3792959999992,6.157731624999997,[],True
0,"WB_RESULT:{""mode"":""MAIN_MONOTONIC_V1_DERIVED"",""variant"":""navier_f64"",""N"":256,""checksum"":925519576,""correctness"":""PASS"",""warmup_calls"":0,""start_ms"":28.153,""stop_ms"":1959.079,""elapsed_ms"":1930.926}
",,"[""/home/mzyx/three_engine_20261004/v8-linux64-rel-15.6.21/d8"",""--snapshot_blob=/home/mzyx/three_engine_20261004/v8-linux64-rel-15.6.21/snapshot_blob.bin"",""--max-opt=0"",""--no-lazy"",""/mnt/c/Users/mzyx/Desktop/0921/js-interpreter-bench/experiments/three_engine_baseline/adapters/v8.js"",""/mnt/c/Users/mzyx/Desktop/0921/js-interpreter-bench/experiments/timer_recovery/adapters/v8.js"",""/mnt/c/Users/mzyx/Desktop/0921/js-interpreter-bench/experiments/whitebox_analysis/attempt01/microbench/generated/navier_f64.N256.js""]",/mnt/c/Users/mzyx/Desktop/0921/js-interpreter-bench,2026-10-05T09:14:31.963592+00:00,567930607655,569899117579,b3ee321e-69da-462d-8718-4589949b17d0,1968509924,formal,navier,navier_f64,v8,256,14,2,"[""quickjs"",""v8"",""jsc""]",83,MAIN_MONOTONIC_V1_DERIVED,wsl2-ubuntu2404-x64-20261004,"[""--max-opt=0"",""--no-lazy""]",83b744a5953d2662ea723564d4035a333782a0cc85232d1025929a925150b133,938ce8e351a82dbf96016843d08030b8ae02cea5bf23fc6555a234cb49531eaf,"[{""path"":""/mnt/c/Users/mzyx/Desktop/0921/js-interpreter-bench/experiments/three_engine_baseline/adapters/v8.js"",""sha256"":""0ab3ed677381191d7e7839cbbc3f07895104a8b8299679ab9f37b856d76d3a22""},{""path"":""/mnt/c/Users/mzyx/Desktop/0921/js-interpreter-bench/experiments/timer_recovery/adapters/v8.js"",""sha256"":""e610d3aa3d2672a5e6d5eccd9aaf05c6ae6758d1b9c4468289f017a231ab7d9f""}]",7354c1868ce2f8a6cc0d43c8be772c69eece3966b70d20df8f98270cddf07e2b,925519576,925519576,"{""mode"":""MAIN_MONOTONIC_V1_DERIVED"",""variant"":""navier_f64"",""N"":256,""checksum"":925519576,""correctness"":""PASS"",""warmup_calls"":0,""start_ms"":28.153,""stop_ms"":1959.079,""elapsed_ms"":1930.926}",1930.926,7.5426796875,[],True
0,"WB_RESULT:{""mode"":""MAIN_MONOTONIC_V1_DERIVED"",""variant"":""navier_f64"",""N"":256,""checksum"":925519576,""correctness"":""PASS"",""warmup_calls"":0,""start_ms"":0,""stop_ms"":1590.12,""elapsed_ms"":1590.12}
",,"[""/home/mzyx/jsc_build_fd3406f/JSCOnly/Release/bin/jsc"",""--useJIT=false"",""--useLLInt=true"",""--validateOptions=true"",""/mnt/c/Users/mzyx/Desktop/0921/js-interpreter-bench/experiments/three_engine_baseline/adapters/jsc.js"",""/mnt/c/Users/mzyx/Desktop/0921/js-interpreter-bench/experiments/timer_recovery/adapters/jsc.js"",""/mnt/c/Users/mzyx/Desktop/0921/js-interpreter-bench/experiments/whitebox_analysis/attempt01/microbench/generated/navier_f64.N256.js""]",/mnt/c/Users/mzyx/Desktop/0921/js-interpreter-bench,2026-10-05T09:15:30.863420+00:00,631460552887,633081125224,b3ee321e-69da-462d-8718-4589949b17d0,1620572337,formal,navier,navier_f64,jsc,256,15,1,"[""jsc"",""v8"",""quickjs""]",95,MAIN_MONOTONIC_V1_DERIVED,wsl2-ubuntu2404-x64-20261004,"[""--useJIT=false"",""--useLLInt=true"",""--validateOptions=true""]",65c824a055405bf62b05e21d54515a72a1f0187a4d91225d00a6da969d35879f,938ce8e351a82dbf96016843d08030b8ae02cea5bf23fc6555a234cb49531eaf,"[{""path"":""/mnt/c/Users/mzyx/Desktop/0921/js-interpreter-bench/experiments/three_engine_baseline/adapters/jsc.js"",""sha256"":""f9ddbb9556352e283b9c9feebc8bdd0ef1abac5bcdf1ab7a5d83945fa3c9437b""},{""path"":""/mnt/c/Users/mzyx/Desktop/0921/js-interpreter-bench/experiments/timer_recovery/adapters/jsc.js"",""sha256"":""0c485996a598b7e36f2f292b66397adc0390cbe6b69b55199e47e1c6c1e37010""}]",7354c1868ce2f8a6cc0d43c8be772c69eece3966b70d20df8f98270cddf07e2b,925519576,925519576,"{""mode"":""MAIN_MONOTONIC_V1_DERIVED"",""variant"":""navier_f64"",""N"":256,""checksum"":925519576,""correctness"":""PASS"",""warmup_calls"":0,""start_ms"":0,""stop_ms"":1590.12,""elapsed_ms"":1590.12}",1590.12,6.21140625,[],True
0,"WB_RESULT:{""mode"":""MAIN_MONOTONIC_V1_DERIVED"",""variant"":""navier_f64"",""N"":256,""checksum"":925519576,""correctness"":""PASS"",""warmup_calls"":0,""start_ms"":635275.024158,""stop_ms"":636835.846322,""elapsed_ms"":1560.822164000012}
",,"[""/home/mzyx/three_engine_20261004/quickjs-04be246001599f5995fa2f2d8c91a0f198d3f34c/qjs"",""-I"",""/mnt/c/Users/mzyx/Desktop/0921/js-interpreter-bench/experiments/three_engine_baseline/adapters/quickjs.js"",""-I"",""/mnt/c/Users/mzyx/Desktop/0921/js-interpreter-bench/experiments/timer_recovery/adapters/quickjs.js"",""/mnt/c/Users/mzyx/Desktop/0921/js-interpreter-bench/experiments/whitebox_analysis/attempt01/microbench/generated/navier_f64.N256.js""]",/mnt/c/Users/mzyx/Desktop/0921/js-interpreter-bench,2026-10-05T09:15:34.619143+00:00,635262820504,636836850825,b3ee321e-69da-462d-8718-4589949b17d0,1574030321,formal,navier,navier_f64,quickjs,256,15,3,"[""jsc"",""v8"",""quickjs""]",95,MAIN_MONOTONIC_V1_DERIVED,wsl2-ubuntu2404-x64-20261004,[],140d5233b0337d91cb0f994ae4a051e49aa04da8802acfaedf0a01b81a620b79,938ce8e351a82dbf96016843d08030b8ae02cea5bf23fc6555a234cb49531eaf,"[{""path"":""/mnt/c/Users/mzyx/Desktop/0921/js-interpreter-bench/experiments/three_engine_baseline/adapters/quickjs.js"",""sha256"":""f20aa7b460675d08600a58945203034feb50b2a3515aba579219f648b1235c6c""},{""path"":""/mnt/c/Users/mzyx/Desktop/0921/js-interpreter-bench/experiments/timer_recovery/adapters/quickjs.js"",""sha256"":""cd393c275173f20526562a008951f65a332deffed85e7c804519788b8ebffab7""}]",7354c1868ce2f8a6cc0d43c8be772c69eece3966b70d20df8f98270cddf07e2b,925519576,925519576,"{""mode"":""MAIN_MONOTONIC_V1_DERIVED"",""variant"":""navier_f64"",""N"":256,""checksum"":925519576,""correctness"":""PASS"",""warmup_calls"":0,""start_ms"":635275.024158,""stop_ms"":636835.846322,""elapsed_ms"":1560.822164000012}",1560.822164000012,6.096961578125047,[],True
0,"WB_RESULT:{""mode"":""MAIN_MONOTONIC_V1_DERIVED"",""variant"":""navier_f64"",""N"":256,""checksum"":925519576,""correctness"":""PASS"",""warmup_calls"":0,""start_ms"":28.02,""stop_ms"":1889.216,""elapsed_ms"":1861.196}
",,"[""/home/mzyx/three_engine_20261004/v8-linux64-rel-15.6.21/d8"",""--snapshot_blob=/home/mzyx/three_engine_20261004/v8-linux64-rel-15.6.21/snapshot_blob.bin"",""--max-opt=0"",""--no-lazy"",""/mnt/c/Users/mzyx/Desktop/0921/js-interpreter-bench/experiments/three_engine_baseline/adapters/v8.js"",""/mnt/c/Users/mzyx/Desktop/0921/js-interpreter-bench/experiments/timer_recovery/adapters/v8.js"",""/mnt/c/Users/mzyx/Desktop/0921/js-interpreter-bench/experiments/whitebox_analysis/attempt01/microbench/generated/navier_f64.N256.js""]",/mnt/c/Users/mzyx/Desktop/0921/js-interpreter-bench,2026-10-05T09:15:32.905905+00:00,633225737290,635123609148,b3ee321e-69da-462d-8718-4589949b17d0,1897871858,formal,navier,navier_f64,v8,256,15,2,"[""jsc"",""v8"",""quickjs""]",95,MAIN_MONOTONIC_V1_DERIVED,wsl2-ubuntu2404-x64-20261004,"[""--max-opt=0"",""--no-lazy""]",83b744a5953d2662ea723564d4035a333782a0cc85232d1025929a925150b133,938ce8e351a82dbf96016843d08030b8ae02cea5bf23fc6555a234cb49531eaf,"[{""path"":""/mnt/c/Users/mzyx/Desktop/0921/js-interpreter-bench/experiments/three_engine_baseline/adapters/v8.js"",""sha256"":""0ab3ed677381191d7e7839cbbc3f07895104a8b8299679ab9f37b856d76d3a22""},{""path"":""/mnt/c/Users/mzyx/Desktop/0921/js-interpreter-bench/experiments/timer_recovery/adapters/v8.js"",""sha256"":""e610d3aa3d2672a5e6d5eccd9aaf05c6ae6758d1b9c4468289f017a231ab7d9f""}]",7354c1868ce2f8a6cc0d43c8be772c69eece3966b70d20df8f98270cddf07e2b,925519576,925519576,"{""mode"":""MAIN_MONOTONIC_V1_DERIVED"",""variant"":""navier_f64"",""N"":256,""checksum"":925519576,""correctness"":""PASS"",""warmup_calls"":0,""start_ms"":28.02,""stop_ms"":1889.216,""elapsed_ms"":1861.196}",1861.196,7.270296875,[],True
0,"WB_RESULT:{""mode"":""MAIN_MONOTONIC_V1_DERIVED"",""variant"":""navier_f64"",""N"":256,""checksum"":925519576,""correctness"":""PASS"",""warmup_calls"":0,""start_ms"":0,""stop_ms"":1565.4,""elapsed_ms"":1565.4}
",,"[""/home/mzyx/jsc_build_fd3406f/JSCOnly/Release/bin/jsc"",""--useJIT=false"",""--useLLInt=true"",""--validateOptions=true"",""/mnt/c/Users/mzyx/Desktop/0921/js-interpreter-bench/experiments/three_engine_baseline/adapters/jsc.js"",""/mnt/c/Users/mzyx/Desktop/0921/js-interpreter-bench/experiments/timer_recovery/adapters/jsc.js"",""/mnt/c/Users/mzyx/Desktop/0921/js-interpreter-bench/experiments/whitebox_analysis/attempt01/microbench/generated/navier_f64.N256.js""]",/mnt/c/Users/mzyx/Desktop/0921/js-interpreter-bench,2026-10-05T09:12:41.376067+00:00,450851151913,452450075526,b3ee321e-69da-462d-8718-4589949b17d0,1598923613,formal,navier,navier_f64,jsc,256,16,1,"[""jsc"",""quickjs"",""v8""]",62,MAIN_MONOTONIC_V1_DERIVED,wsl2-ubuntu2404-x64-20261004,"[""--useJIT=false"",""--useLLInt=true"",""--validateOptions=true""]",65c824a055405bf62b05e21d54515a72a1f0187a4d91225d00a6da969d35879f,938ce8e351a82dbf96016843d08030b8ae02cea5bf23fc6555a234cb49531eaf,"[{""path"":""/mnt/c/Users/mzyx/Desktop/0921/js-interpreter-bench/experiments/three_engine_baseline/adapters/jsc.js"",""sha256"":""f9ddbb9556352e283b9c9feebc8bdd0ef1abac5bcdf1ab7a5d83945fa3c9437b""},{""path"":""/mnt/c/Users/mzyx/Desktop/0921/js-interpreter-bench/experiments/timer_recovery/adapters/jsc.js"",""sha256"":""0c485996a598b7e36f2f292b66397adc0390cbe6b69b55199e47e1c6c1e37010""}]",7354c1868ce2f8a6cc0d43c8be772c69eece3966b70d20df8f98270cddf07e2b,925519576,925519576,"{""mode"":""MAIN_MONOTONIC_V1_DERIVED"",""variant"":""navier_f64"",""N"":256,""checksum"":925519576,""correctness"":""PASS"",""warmup_calls"":0,""start_ms"":0,""stop_ms"":1565.4,""elapsed_ms"":1565.4}",1565.4,6.11484375,[],True
0,"WB_RESULT:{""mode"":""MAIN_MONOTONIC_V1_DERIVED"",""variant"":""navier_f64"",""N"":256,""checksum"":925519576,""correctness"":""PASS"",""warmup_calls"":0,""start_ms"":452601.909019,""stop_ms"":454147.201111,""elapsed_ms"":1545.2920919999597}
",,"[""/home/mzyx/three_engine_20261004/quickjs-04be246001599f5995fa2f2d8c91a0f198d3f34c/qjs"",""-I"",""/mnt/c/Users/mzyx/Desktop/0921/js-interpreter-bench/experiments/three_engine_baseline/adapters/quickjs.js"",""-I"",""/mnt/c/Users/mzyx/Desktop/0921/js-interpreter-bench/experiments/timer_recovery/adapters/quickjs.js"",""/mnt/c/Users/mzyx/Desktop/0921/js-interpreter-bench/experiments/whitebox_analysis/attempt01/microbench/generated/navier_f64.N256.js""]",/mnt/c/Users/mzyx/Desktop/0921/js-interpreter-bench,2026-10-05T09:12:43.074319+00:00,452590135400,454148273688,b3ee321e-69da-462d-8718-4589949b17d0,1558138288,formal,navier,navier_f64,quickjs,256,16,2,"[""jsc"",""quickjs"",""v8""]",62,MAIN_MONOTONIC_V1_DERIVED,wsl2-ubuntu2404-x64-20261004,[],140d5233b0337d91cb0f994ae4a051e49aa04da8802acfaedf0a01b81a620b79,938ce8e351a82dbf96016843d08030b8ae02cea5bf23fc6555a234cb49531eaf,"[{""path"":""/mnt/c/Users/mzyx/Desktop/0921/js-interpreter-bench/experiments/three_engine_baseline/adapters/quickjs.js"",""sha256"":""f20aa7b460675d08600a58945203034feb50b2a3515aba579219f648b1235c6c""},{""path"":""/mnt/c/Users/mzyx/Desktop/0921/js-interpreter-bench/experiments/timer_recovery/adapters/quickjs.js"",""sha256"":""cd393c275173f20526562a008951f65a332deffed85e7c804519788b8ebffab7""}]",7354c1868ce2f8a6cc0d43c8be772c69eece3966b70d20df8f98270cddf07e2b,925519576,925519576,"{""mode"":""MAIN_MONOTONIC_V1_DERIVED"",""variant"":""navier_f64"",""N"":256,""checksum"":925519576,""correctness"":""PASS"",""warmup_calls"":0,""start_ms"":452601.909019,""stop_ms"":454147.201111,""elapsed_ms"":1545.2920919999597}",1545.2920919999597,6.0362972343748424,[],True
0,"WB_RESULT:{""mode"":""MAIN_MONOTONIC_V1_DERIVED"",""variant"":""navier_f64"",""N"":256,""checksum"":925519576,""correctness"":""PASS"",""warmup_calls"":0,""start_ms"":27.776,""stop_ms"":1903.845,""elapsed_ms"":1876.069}
",,"[""/home/mzyx/three_engine_20261004/v8-linux64-rel-15.6.21/d8"",""--snapshot_blob=/home/mzyx/three_engine_20261004/v8-linux64-rel-15.6.21/snapshot_blob.bin"",""--max-opt=0"",""--no-lazy"",""/mnt/c/Users/mzyx/Desktop/0921/js-interpreter-bench/experiments/three_engine_baseline/adapters/v8.js"",""/mnt/c/Users/mzyx/Desktop/0921/js-interpreter-bench/experiments/timer_recovery/adapters/v8.js"",""/mnt/c/Users/mzyx/Desktop/0921/js-interpreter-bench/experiments/whitebox_analysis/attempt01/microbench/generated/navier_f64.N256.js""]",/mnt/c/Users/mzyx/Desktop/0921/js-interpreter-bench,2026-10-05T09:12:45.119925+00:00,454281028982,456193875568,b3ee321e-69da-462d-8718-4589949b17d0,1912846586,formal,navier,navier_f64,v8,256,16,3,"[""jsc"",""quickjs"",""v8""]",62,MAIN_MONOTONIC_V1_DERIVED,wsl2-ubuntu2404-x64-20261004,"[""--max-opt=0"",""--no-lazy""]",83b744a5953d2662ea723564d4035a333782a0cc85232d1025929a925150b133,938ce8e351a82dbf96016843d08030b8ae02cea5bf23fc6555a234cb49531eaf,"[{""path"":""/mnt/c/Users/mzyx/Desktop/0921/js-interpreter-bench/experiments/three_engine_baseline/adapters/v8.js"",""sha256"":""0ab3ed677381191d7e7839cbbc3f07895104a8b8299679ab9f37b856d76d3a22""},{""path"":""/mnt/c/Users/mzyx/Desktop/0921/js-interpreter-bench/experiments/timer_recovery/adapters/v8.js"",""sha256"":""e610d3aa3d2672a5e6d5eccd9aaf05c6ae6758d1b9c4468289f017a231ab7d9f""}]",7354c1868ce2f8a6cc0d43c8be772c69eece3966b70d20df8f98270cddf07e2b,925519576,925519576,"{""mode"":""MAIN_MONOTONIC_V1_DERIVED"",""variant"":""navier_f64"",""N"":256,""checksum"":925519576,""correctness"":""PASS"",""warmup_calls"":0,""start_ms"":27.776,""stop_ms"":1903.845,""elapsed_ms"":1876.069}",1876.069,7.32839453125,[],True
0,"WB_RESULT:{""mode"":""MAIN_MONOTONIC_V1_DERIVED"",""variant"":""navier_f64"",""N"":256,""checksum"":925519576,""correctness"":""PASS"",""warmup_calls"":0,""start_ms"":0,""stop_ms"":1601,""elapsed_ms"":1601}
",,"[""/home/mzyx/jsc_build_fd3406f/JSCOnly/Release/bin/jsc"",""--useJIT=false"",""--useLLInt=true"",""--validateOptions=true"",""/mnt/c/Users/mzyx/Desktop/0921/js-interpreter-bench/experiments/three_engine_baseline/adapters/jsc.js"",""/mnt/c/Users/mzyx/Desktop/0921/js-interpreter-bench/experiments/timer_recovery/adapters/jsc.js"",""/mnt/c/Users/mzyx/Desktop/0921/js-interpreter-bench/experiments/whitebox_analysis/attempt01/microbench/generated/navier_f64.N256.js""]",/mnt/c/Users/mzyx/Desktop/0921/js-interpreter-bench,2026-10-05T09:13:34.209222+00:00,508169725504,509797246609,b3ee321e-69da-462d-8718-4589949b17d0,1627521105,formal,navier,navier_f64,jsc,256,17,2,"[""v8"",""jsc"",""quickjs""]",72,MAIN_MONOTONIC_V1_DERIVED,wsl2-ubuntu2404-x64-20261004,"[""--useJIT=false"",""--useLLInt=true"",""--validateOptions=true""]",65c824a055405bf62b05e21d54515a72a1f0187a4d91225d00a6da969d35879f,938ce8e351a82dbf96016843d08030b8ae02cea5bf23fc6555a234cb49531eaf,"[{""path"":""/mnt/c/Users/mzyx/Desktop/0921/js-interpreter-bench/experiments/three_engine_baseline/adapters/jsc.js"",""sha256"":""f9ddbb9556352e283b9c9feebc8bdd0ef1abac5bcdf1ab7a5d83945fa3c9437b""},{""path"":""/mnt/c/Users/mzyx/Desktop/0921/js-interpreter-bench/experiments/timer_recovery/adapters/jsc.js"",""sha256"":""0c485996a598b7e36f2f292b66397adc0390cbe6b69b55199e47e1c6c1e37010""}]",7354c1868ce2f8a6cc0d43c8be772c69eece3966b70d20df8f98270cddf07e2b,925519576,925519576,"{""mode"":""MAIN_MONOTONIC_V1_DERIVED"",""variant"":""navier_f64"",""N"":256,""checksum"":925519576,""correctness"":""PASS"",""warmup_calls"":0,""start_ms"":0,""stop_ms"":1601,""elapsed_ms"":1601}",1601,6.25390625,[],True
0,"WB_RESULT:{""mode"":""MAIN_MONOTONIC_V1_DERIVED"",""variant"":""navier_f64"",""N"":256,""checksum"":925519576,""correctness"":""PASS"",""warmup_calls"":0,""start_ms"":509924.208264,""stop_ms"":511541.902391,""elapsed_ms"":1617.6941269999952}
",,"[""/home/mzyx/three_engine_20261004/quickjs-04be246001599f5995fa2f2d8c91a0f198d3f34c/qjs"",""-I"",""/mnt/c/Users/mzyx/Desktop/0921/js-interpreter-bench/experiments/three_engine_baseline/adapters/quickjs.js"",""-I"",""/mnt/c/Users/mzyx/Desktop/0921/js-interpreter-bench/experiments/timer_recovery/adapters/quickjs.js"",""/mnt/c/Users/mzyx/Desktop/0921/js-interpreter-bench/experiments/whitebox_analysis/attempt01/microbench/generated/navier_f64.N256.js""]",/mnt/c/Users/mzyx/Desktop/0921/js-interpreter-bench,2026-10-05T09:13:35.958241+00:00,509907696823,511546511186,b3ee321e-69da-462d-8718-4589949b17d0,1638814363,formal,navier,navier_f64,quickjs,256,17,3,"[""v8"",""jsc"",""quickjs""]",72,MAIN_MONOTONIC_V1_DERIVED,wsl2-ubuntu2404-x64-20261004,[],140d5233b0337d91cb0f994ae4a051e49aa04da8802acfaedf0a01b81a620b79,938ce8e351a82dbf96016843d08030b8ae02cea5bf23fc6555a234cb49531eaf,"[{""path"":""/mnt/c/Users/mzyx/Desktop/0921/js-interpreter-bench/experiments/three_engine_baseline/adapters/quickjs.js"",""sha256"":""f20aa7b460675d08600a58945203034feb50b2a3515aba579219f648b1235c6c""},{""path"":""/mnt/c/Users/mzyx/Desktop/0921/js-interpreter-bench/experiments/timer_recovery/adapters/quickjs.js"",""sha256"":""cd393c275173f20526562a008951f65a332deffed85e7c804519788b8ebffab7""}]",7354c1868ce2f8a6cc0d43c8be772c69eece3966b70d20df8f98270cddf07e2b,925519576,925519576,"{""mode"":""MAIN_MONOTONIC_V1_DERIVED"",""variant"":""navier_f64"",""N"":256,""checksum"":925519576,""correctness"":""PASS"",""warmup_calls"":0,""start_ms"":509924.208264,""stop_ms"":511541.902391,""elapsed_ms"":1617.6941269999952}",1617.6941269999952,6.319117683593731,[],True
0,"WB_RESULT:{""mode"":""MAIN_MONOTONIC_V1_DERIVED"",""variant"":""navier_f64"",""N"":256,""checksum"":925519576,""correctness"":""PASS"",""warmup_calls"":0,""start_ms"":28.425,""stop_ms"":1886.346,""elapsed_ms"":1857.921}
",,"[""/home/mzyx/three_engine_20261004/v8-linux64-rel-15.6.21/d8"",""--snapshot_blob=/home/mzyx/three_engine_20261004/v8-linux64-rel-15.6.21/snapshot_blob.bin"",""--max-opt=0"",""--no-lazy"",""/mnt/c/Users/mzyx/Desktop/0921/js-interpreter-bench/experiments/three_engine_baseline/adapters/v8.js"",""/mnt/c/Users/mzyx/Desktop/0921/js-interpreter-bench/experiments/timer_recovery/adapters/v8.js"",""/mnt/c/Users/mzyx/Desktop/0921/js-interpreter-bench/experiments/whitebox_analysis/attempt01/microbench/generated/navier_f64.N256.js""]",/mnt/c/Users/mzyx/Desktop/0921/js-interpreter-bench,2026-10-05T09:13:34.815975+00:00,506171436843,508066898513,b3ee321e-69da-462d-8718-4589949b17d0,1895461670,formal,navier,navier_f64,v8,256,17,1,"[""v8"",""jsc"",""quickjs""]",72,MAIN_MONOTONIC_V1_DERIVED,wsl2-ubuntu2404-x64-20261004,"[""--max-opt=0"",""--no-lazy""]",83b744a5953d2662ea723564d4035a333782a0cc85232d1025929a925150b133,938ce8e351a82dbf96016843d08030b8ae02cea5bf23fc6555a234cb49531eaf,"[{""path"":""/mnt/c/Users/mzyx/Desktop/0921/js-interpreter-bench/experiments/three_engine_baseline/adapters/v8.js"",""sha256"":""0ab3ed677381191d7e7839cbbc3f07895104a8b8299679ab9f37b856d76d3a22""},{""path"":""/mnt/c/Users/mzyx/Desktop/0921/js-interpreter-bench/experiments/timer_recovery/adapters/v8.js"",""sha256"":""e610d3aa3d2672a5e6d5eccd9aaf05c6ae6758d1b9c4468289f017a231ab7d9f""}]",7354c1868ce2f8a6cc0d43c8be772c69eece3966b70d20df8f98270cddf07e2b,925519576,925519576,"{""mode"":""MAIN_MONOTONIC_V1_DERIVED"",""variant"":""navier_f64"",""N"":256,""checksum"":925519576,""correctness"":""PASS"",""warmup_calls"":0,""start_ms"":28.425,""stop_ms"":1886.346,""elapsed_ms"":1857.921}",1857.921,7.25750390625,[],True
0,"WB_RESULT:{""mode"":""MAIN_MONOTONIC_V1_DERIVED"",""variant"":""navier_f64"",""N"":256,""checksum"":925519576,""correctness"":""PASS"",""warmup_calls"":0,""start_ms"":0,""stop_ms"":1571.34,""elapsed_ms"":1571.34}
",,"[""/home/mzyx/jsc_build_fd3406f/JSCOnly/Release/bin/jsc"",""--useJIT=false"",""--useLLInt=true"",""--validateOptions=true"",""/mnt/c/Users/mzyx/Desktop/0921/js-interpreter-bench/experiments/three_engine_baseline/adapters/jsc.js"",""/mnt/c/Users/mzyx/Desktop/0921/js-interpreter-bench/experiments/timer_recovery/adapters/jsc.js"",""/mnt/c/Users/mzyx/Desktop/0921/js-interpreter-bench/experiments/whitebox_analysis/attempt01/microbench/generated/navier_f64.N256.js""]",/mnt/c/Users/mzyx/Desktop/0921/js-interpreter-bench,2026-10-05T09:10:58.900083+00:00,339880044278,341483723649,b3ee321e-69da-462d-8718-4589949b17d0,1603679371,formal,navier,navier_f64,jsc,256,18,3,"[""quickjs"",""v8"",""jsc""]",41,MAIN_MONOTONIC_V1_DERIVED,wsl2-ubuntu2404-x64-20261004,"[""--useJIT=false"",""--useLLInt=true"",""--validateOptions=true""]",65c824a055405bf62b05e21d54515a72a1f0187a4d91225d00a6da969d35879f,938ce8e351a82dbf96016843d08030b8ae02cea5bf23fc6555a234cb49531eaf,"[{""path"":""/mnt/c/Users/mzyx/Desktop/0921/js-interpreter-bench/experiments/three_engine_baseline/adapters/jsc.js"",""sha256"":""f9ddbb9556352e283b9c9feebc8bdd0ef1abac5bcdf1ab7a5d83945fa3c9437b""},{""path"":""/mnt/c/Users/mzyx/Desktop/0921/js-interpreter-bench/experiments/timer_recovery/adapters/jsc.js"",""sha256"":""0c485996a598b7e36f2f292b66397adc0390cbe6b69b55199e47e1c6c1e37010""}]",7354c1868ce2f8a6cc0d43c8be772c69eece3966b70d20df8f98270cddf07e2b,925519576,925519576,"{""mode"":""MAIN_MONOTONIC_V1_DERIVED"",""variant"":""navier_f64"",""N"":256,""checksum"":925519576,""correctness"":""PASS"",""warmup_calls"":0,""start_ms"":0,""stop_ms"":1571.34,""elapsed_ms"":1571.34}",1571.34,6.138046875,[],True
0,"WB_RESULT:{""mode"":""MAIN_MONOTONIC_V1_DERIVED"",""variant"":""navier_f64"",""N"":256,""checksum"":925519576,""correctness"":""PASS"",""warmup_calls"":0,""start_ms"":336193.750397,""stop_ms"":337740.797224,""elapsed_ms"":1547.0468269999838}
",,"[""/home/mzyx/three_engine_20261004/quickjs-04be246001599f5995fa2f2d8c91a0f198d3f34c/qjs"",""-I"",""/mnt/c/Users/mzyx/Desktop/0921/js-interpreter-bench/experiments/three_engine_baseline/adapters/quickjs.js"",""-I"",""/mnt/c/Users/mzyx/Desktop/0921/js-interpreter-bench/experiments/timer_recovery/adapters/quickjs.js"",""/mnt/c/Users/mzyx/Desktop/0921/js-interpreter-bench/experiments/whitebox_analysis/attempt01/microbench/generated/navier_f64.N256.js""]",/mnt/c/Users/mzyx/Desktop/0921/js-interpreter-bench,2026-10-05T09:10:55.158503+00:00,336178616709,337742162814,b3ee321e-69da-462d-8718-4589949b17d0,1563546105,formal,navier,navier_f64,quickjs,256,18,1,"[""quickjs"",""v8"",""jsc""]",41,MAIN_MONOTONIC_V1_DERIVED,wsl2-ubuntu2404-x64-20261004,[],140d5233b0337d91cb0f994ae4a051e49aa04da8802acfaedf0a01b81a620b79,938ce8e351a82dbf96016843d08030b8ae02cea5bf23fc6555a234cb49531eaf,"[{""path"":""/mnt/c/Users/mzyx/Desktop/0921/js-interpreter-bench/experiments/three_engine_baseline/adapters/quickjs.js"",""sha256"":""f20aa7b460675d08600a58945203034feb50b2a3515aba579219f648b1235c6c""},{""path"":""/mnt/c/Users/mzyx/Desktop/0921/js-interpreter-bench/experiments/timer_recovery/adapters/quickjs.js"",""sha256"":""cd393c275173f20526562a008951f65a332deffed85e7c804519788b8ebffab7""}]",7354c1868ce2f8a6cc0d43c8be772c69eece3966b70d20df8f98270cddf07e2b,925519576,925519576,"{""mode"":""MAIN_MONOTONIC_V1_DERIVED"",""variant"":""navier_f64"",""N"":256,""checksum"":925519576,""correctness"":""PASS"",""warmup_calls"":0,""start_ms"":336193.750397,""stop_ms"":337740.797224,""elapsed_ms"":1547.0468269999838}",1547.0468269999838,6.0431516679686865,[],True
0,"WB_RESULT:{""mode"":""MAIN_MONOTONIC_V1_DERIVED"",""variant"":""navier_f64"",""N"":256,""checksum"":925519576,""correctness"":""PASS"",""warmup_calls"":0,""start_ms"":29.631,""stop_ms"":1858.081,""elapsed_ms"":1828.4499999999998}
",,"[""/home/mzyx/three_engine_20261004/v8-linux64-rel-15.6.21/d8"",""--snapshot_blob=/home/mzyx/three_engine_20261004/v8-linux64-rel-15.6.21/snapshot_blob.bin"",""--max-opt=0"",""--no-lazy"",""/mnt/c/Users/mzyx/Desktop/0921/js-interpreter-bench/experiments/three_engine_baseline/adapters/v8.js"",""/mnt/c/Users/mzyx/Desktop/0921/js-interpreter-bench/experiments/timer_recovery/adapters/v8.js"",""/mnt/c/Users/mzyx/Desktop/0921/js-interpreter-bench/experiments/whitebox_analysis/attempt01/microbench/generated/navier_f64.N256.js""]",/mnt/c/Users/mzyx/Desktop/0921/js-interpreter-bench,2026-10-05T09:10:57.160829+00:00,337877681276,339744467580,b3ee321e-69da-462d-8718-4589949b17d0,1866786304,formal,navier,navier_f64,v8,256,18,2,"[""quickjs"",""v8"",""jsc""]",41,MAIN_MONOTONIC_V1_DERIVED,wsl2-ubuntu2404-x64-20261004,"[""--max-opt=0"",""--no-lazy""]",83b744a5953d2662ea723564d4035a333782a0cc85232d1025929a925150b133,938ce8e351a82dbf96016843d08030b8ae02cea5bf23fc6555a234cb49531eaf,"[{""path"":""/mnt/c/Users/mzyx/Desktop/0921/js-interpreter-bench/experiments/three_engine_baseline/adapters/v8.js"",""sha256"":""0ab3ed677381191d7e7839cbbc3f07895104a8b8299679ab9f37b856d76d3a22""},{""path"":""/mnt/c/Users/mzyx/Desktop/0921/js-interpreter-bench/experiments/timer_recovery/adapters/v8.js"",""sha256"":""e610d3aa3d2672a5e6d5eccd9aaf05c6ae6758d1b9c4468289f017a231ab7d9f""}]",7354c1868ce2f8a6cc0d43c8be772c69eece3966b70d20df8f98270cddf07e2b,925519576,925519576,"{""mode"":""MAIN_MONOTONIC_V1_DERIVED"",""variant"":""navier_f64"",""N"":256,""checksum"":925519576,""correctness"":""PASS"",""warmup_calls"":0,""start_ms"":29.631,""stop_ms"":1858.081,""elapsed_ms"":1828.4499999999998}",1828.4499999999998,7.142382812499999,[],True
0,"WB_RESULT:{""mode"":""MAIN_MONOTONIC_V1_DERIVED"",""variant"":""navier_f64"",""N"":256,""checksum"":925519576,""correctness"":""PASS"",""warmup_calls"":0,""start_ms"":0,""stop_ms"":1564.44,""elapsed_ms"":1564.44}
",,"[""/home/mzyx/jsc_build_fd3406f/JSCOnly/Release/bin/jsc"",""--useJIT=false"",""--useLLInt=true"",""--validateOptions=true"",""/mnt/c/Users/mzyx/Desktop/0921/js-interpreter-bench/experiments/three_engine_baseline/adapters/jsc.js"",""/mnt/c/Users/mzyx/Desktop/0921/js-interpreter-bench/experiments/timer_recovery/adapters/jsc.js"",""/mnt/c/Users/mzyx/Desktop/0921/js-interpreter-bench/experiments/whitebox_analysis/attempt01/microbench/generated/navier_f64.N256.js""]",/mnt/c/Users/mzyx/Desktop/0921/js-interpreter-bench,2026-10-05T09:12:30.574149+00:00,437902262113,439498950731,b3ee321e-69da-462d-8718-4589949b17d0,1596688618,formal,navier,navier_f64,jsc,256,19,3,"[""v8"",""quickjs"",""jsc""]",59,MAIN_MONOTONIC_V1_DERIVED,wsl2-ubuntu2404-x64-20261004,"[""--useJIT=false"",""--useLLInt=true"",""--validateOptions=true""]",65c824a055405bf62b05e21d54515a72a1f0187a4d91225d00a6da969d35879f,938ce8e351a82dbf96016843d08030b8ae02cea5bf23fc6555a234cb49531eaf,"[{""path"":""/mnt/c/Users/mzyx/Desktop/0921/js-interpreter-bench/experiments/three_engine_baseline/adapters/jsc.js"",""sha256"":""f9ddbb9556352e283b9c9feebc8bdd0ef1abac5bcdf1ab7a5d83945fa3c9437b""},{""path"":""/mnt/c/Users/mzyx/Desktop/0921/js-interpreter-bench/experiments/timer_recovery/adapters/jsc.js"",""sha256"":""0c485996a598b7e36f2f292b66397adc0390cbe6b69b55199e47e1c6c1e37010""}]",7354c1868ce2f8a6cc0d43c8be772c69eece3966b70d20df8f98270cddf07e2b,925519576,925519576,"{""mode"":""MAIN_MONOTONIC_V1_DERIVED"",""variant"":""navier_f64"",""N"":256,""checksum"":925519576,""correctness"":""PASS"",""warmup_calls"":0,""start_ms"":0,""stop_ms"":1564.44,""elapsed_ms"":1564.44}",1564.44,6.11109375,[],True
0,"WB_RESULT:{""mode"":""MAIN_MONOTONIC_V1_DERIVED"",""variant"":""navier_f64"",""N"":256,""checksum"":925519576,""correctness"":""PASS"",""warmup_calls"":0,""start_ms"":436187.830482,""stop_ms"":437747.483579,""elapsed_ms"":1559.653096999973}
",,"[""/home/mzyx/three_engine_20261004/quickjs-04be246001599f5995fa2f2d8c91a0f198d3f34c/qjs"",""-I"",""/mnt/c/Users/mzyx/Desktop/0921/js-interpreter-bench/experiments/three_engine_baseline/adapters/quickjs.js"",""-I"",""/mnt/c/Users/mzyx/Desktop/0921/js-interpreter-bench/experiments/timer_recovery/adapters/quickjs.js"",""/mnt/c/Users/mzyx/Desktop/0921/js-interpreter-bench/experiments/whitebox_analysis/attempt01/microbench/generated/navier_f64.N256.js""]",/mnt/c/Users/mzyx/Desktop/0921/js-interpreter-bench,2026-10-05T09:12:28.823638+00:00,436175995408,437748440827,b3ee321e-69da-462d-8718-4589949b17d0,1572445419,formal,navier,navier_f64,quickjs,256,19,2,"[""v8"",""quickjs"",""jsc""]",59,MAIN_MONOTONIC_V1_DERIVED,wsl2-ubuntu2404-x64-20261004,[],140d5233b0337d91cb0f994ae4a051e49aa04da8802acfaedf0a01b81a620b79,938ce8e351a82dbf96016843d08030b8ae02cea5bf23fc6555a234cb49531eaf,"[{""path"":""/mnt/c/Users/mzyx/Desktop/0921/js-interpreter-bench/experiments/three_engine_baseline/adapters/quickjs.js"",""sha256"":""f20aa7b460675d08600a58945203034feb50b2a3515aba579219f648b1235c6c""},{""path"":""/mnt/c/Users/mzyx/Desktop/0921/js-interpreter-bench/experiments/timer_recovery/adapters/quickjs.js"",""sha256"":""cd393c275173f20526562a008951f65a332deffed85e7c804519788b8ebffab7""}]",7354c1868ce2f8a6cc0d43c8be772c69eece3966b70d20df8f98270cddf07e2b,925519576,925519576,"{""mode"":""MAIN_MONOTONIC_V1_DERIVED"",""variant"":""navier_f64"",""N"":256,""checksum"":925519576,""correctness"":""PASS"",""warmup_calls"":0,""start_ms"":436187.830482,""stop_ms"":437747.483579,""elapsed_ms"":1559.653096999973}",1559.653096999973,6.092394910156145,[],True
0,"WB_RESULT:{""mode"":""MAIN_MONOTONIC_V1_DERIVED"",""variant"":""navier_f64"",""N"":256,""checksum"":925519576,""correctness"":""PASS"",""warmup_calls"":0,""start_ms"":26.998,""stop_ms"":1864.6,""elapsed_ms"":1837.6019999999999}
",,"[""/home/mzyx/three_engine_20261004/v8-linux64-rel-15.6.21/d8"",""--snapshot_blob=/home/mzyx/three_engine_20261004/v8-linux64-rel-15.6.21/snapshot_blob.bin"",""--max-opt=0"",""--no-lazy"",""/mnt/c/Users/mzyx/Desktop/0921/js-interpreter-bench/experiments/three_engine_baseline/adapters/v8.js"",""/mnt/c/Users/mzyx/Desktop/0921/js-interpreter-bench/experiments/timer_recovery/adapters/v8.js"",""/mnt/c/Users/mzyx/Desktop/0921/js-interpreter-bench/experiments/whitebox_analysis/attempt01/microbench/generated/navier_f64.N256.js""]",/mnt/c/Users/mzyx/Desktop/0921/js-interpreter-bench,2026-10-05T09:12:27.121435+00:00,434172008822,436046236619,b3ee321e-69da-462d-8718-4589949b17d0,1874227797,formal,navier,navier_f64,v8,256,19,1,"[""v8"",""quickjs"",""jsc""]",59,MAIN_MONOTONIC_V1_DERIVED,wsl2-ubuntu2404-x64-20261004,"[""--max-opt=0"",""--no-lazy""]",83b744a5953d2662ea723564d4035a333782a0cc85232d1025929a925150b133,938ce8e351a82dbf96016843d08030b8ae02cea5bf23fc6555a234cb49531eaf,"[{""path"":""/mnt/c/Users/mzyx/Desktop/0921/js-interpreter-bench/experiments/three_engine_baseline/adapters/v8.js"",""sha256"":""0ab3ed677381191d7e7839cbbc3f07895104a8b8299679ab9f37b856d76d3a22""},{""path"":""/mnt/c/Users/mzyx/Desktop/0921/js-interpreter-bench/experiments/timer_recovery/adapters/v8.js"",""sha256"":""e610d3aa3d2672a5e6d5eccd9aaf05c6ae6758d1b9c4468289f017a231ab7d9f""}]",7354c1868ce2f8a6cc0d43c8be772c69eece3966b70d20df8f98270cddf07e2b,925519576,925519576,"{""mode"":""MAIN_MONOTONIC_V1_DERIVED"",""variant"":""navier_f64"",""N"":256,""checksum"":925519576,""correctness"":""PASS"",""warmup_calls"":0,""start_ms"":26.998,""stop_ms"":1864.6,""elapsed_ms"":1837.6019999999999}",1837.6019999999999,7.1781328124999995,[],True
0,"WB_RESULT:{""mode"":""MAIN_MONOTONIC_V1_DERIVED"",""variant"":""navier_f64"",""N"":256,""checksum"":925519576,""correctness"":""PASS"",""warmup_calls"":0,""start_ms"":0,""stop_ms"":1591.98,""elapsed_ms"":1591.98}
",,"[""/home/mzyx/jsc_build_fd3406f/JSCOnly/Release/bin/jsc"",""--useJIT=false"",""--useLLInt=true"",""--validateOptions=true"",""/mnt/c/Users/mzyx/Desktop/0921/js-interpreter-bench/experiments/three_engine_baseline/adapters/jsc.js"",""/mnt/c/Users/mzyx/Desktop/0921/js-interpreter-bench/experiments/timer_recovery/adapters/jsc.js"",""/mnt/c/Users/mzyx/Desktop/0921/js-interpreter-bench/experiments/whitebox_analysis/attempt01/microbench/generated/navier_f64.N256.js""]",/mnt/c/Users/mzyx/Desktop/0921/js-interpreter-bench,2026-10-05T09:11:02.326358+00:00,343285574497,344909997140,b3ee321e-69da-462d-8718-4589949b17d0,1624422643,formal,navier,navier_f64,jsc,256,2,2,"[""quickjs"",""jsc"",""v8""]",42,MAIN_MONOTONIC_V1_DERIVED,wsl2-ubuntu2404-x64-20261004,"[""--useJIT=false"",""--useLLInt=true"",""--validateOptions=true""]",65c824a055405bf62b05e21d54515a72a1f0187a4d91225d00a6da969d35879f,938ce8e351a82dbf96016843d08030b8ae02cea5bf23fc6555a234cb49531eaf,"[{""path"":""/mnt/c/Users/mzyx/Desktop/0921/js-interpreter-bench/experiments/three_engine_baseline/adapters/jsc.js"",""sha256"":""f9ddbb9556352e283b9c9feebc8bdd0ef1abac5bcdf1ab7a5d83945fa3c9437b""},{""path"":""/mnt/c/Users/mzyx/Desktop/0921/js-interpreter-bench/experiments/timer_recovery/adapters/jsc.js"",""sha256"":""0c485996a598b7e36f2f292b66397adc0390cbe6b69b55199e47e1c6c1e37010""}]",7354c1868ce2f8a6cc0d43c8be772c69eece3966b70d20df8f98270cddf07e2b,925519576,925519576,"{""mode"":""MAIN_MONOTONIC_V1_DERIVED"",""variant"":""navier_f64"",""N"":256,""checksum"":925519576,""correctness"":""PASS"",""warmup_calls"":0,""start_ms"":0,""stop_ms"":1591.98,""elapsed_ms"":1591.98}",1591.98,6.218671875,[],True
0,"WB_RESULT:{""mode"":""MAIN_MONOTONIC_V1_DERIVED"",""variant"":""navier_f64"",""N"":256,""checksum"":925519576,""correctness"":""PASS"",""warmup_calls"":0,""start_ms"":341637.955775,""stop_ms"":343148.027574,""elapsed_ms"":1510.0717990000267}
",,"[""/home/mzyx/three_engine_20261004/quickjs-04be246001599f5995fa2f2d8c91a0f198d3f34c/qjs"",""-I"",""/mnt/c/Users/mzyx/Desktop/0921/js-interpreter-bench/experiments/three_engine_baseline/adapters/quickjs.js"",""-I"",""/mnt/c/Users/mzyx/Desktop/0921/js-interpreter-bench/experiments/timer_recovery/adapters/quickjs.js"",""/mnt/c/Users/mzyx/Desktop/0921/js-interpreter-bench/experiments/whitebox_analysis/attempt01/microbench/generated/navier_f64.N256.js""]",/mnt/c/Users/mzyx/Desktop/0921/js-interpreter-bench,2026-10-05T09:11:00.565441+00:00,341624764472,343149080863,b3ee321e-69da-462d-8718-4589949b17d0,1524316391,formal,navier,navier_f64,quickjs,256,2,1,"[""quickjs"",""jsc"",""v8""]",42,MAIN_MONOTONIC_V1_DERIVED,wsl2-ubuntu2404-x64-20261004,[],140d5233b0337d91cb0f994ae4a051e49aa04da8802acfaedf0a01b81a620b79,938ce8e351a82dbf96016843d08030b8ae02cea5bf23fc6555a234cb49531eaf,"[{""path"":""/mnt/c/Users/mzyx/Desktop/0921/js-interpreter-bench/experiments/three_engine_baseline/adapters/quickjs.js"",""sha256"":""f20aa7b460675d08600a58945203034feb50b2a3515aba579219f648b1235c6c""},{""path"":""/mnt/c/Users/mzyx/Desktop/0921/js-interpreter-bench/experiments/timer_recovery/adapters/quickjs.js"",""sha256"":""cd393c275173f20526562a008951f65a332deffed85e7c804519788b8ebffab7""}]",7354c1868ce2f8a6cc0d43c8be772c69eece3966b70d20df8f98270cddf07e2b,925519576,925519576,"{""mode"":""MAIN_MONOTONIC_V1_DERIVED"",""variant"":""navier_f64"",""N"":256,""checksum"":925519576,""correctness"":""PASS"",""warmup_calls"":0,""start_ms"":341637.955775,""stop_ms"":343148.027574,""elapsed_ms"":1510.0717990000267}",1510.0717990000267,5.898717964843854,[],True
0,"WB_RESULT:{""mode"":""MAIN_MONOTONIC_V1_DERIVED"",""variant"":""navier_f64"",""N"":256,""checksum"":925519576,""correctness"":""PASS"",""warmup_calls"":0,""start_ms"":27.383,""stop_ms"":1883.556,""elapsed_ms"":1856.173}
",,"[""/home/mzyx/three_engine_20261004/v8-linux64-rel-15.6.21/d8"",""--snapshot_blob=/home/mzyx/three_engine_20261004/v8-linux64-rel-15.6.21/snapshot_blob.bin"",""--max-opt=0"",""--no-lazy"",""/mnt/c/Users/mzyx/Desktop/0921/js-interpreter-bench/experiments/three_engine_baseline/adapters/v8.js"",""/mnt/c/Users/mzyx/Desktop/0921/js-interpreter-bench/experiments/timer_recovery/adapters/v8.js"",""/mnt/c/Users/mzyx/Desktop/0921/js-interpreter-bench/experiments/whitebox_analysis/attempt01/microbench/generated/navier_f64.N256.js""]",/mnt/c/Users/mzyx/Desktop/0921/js-interpreter-bench,2026-10-05T09:11:02.439405+00:00,345052063651,346944714348,b3ee321e-69da-462d-8718-4589949b17d0,1892650697,formal,navier,navier_f64,v8,256,2,3,"[""quickjs"",""jsc"",""v8""]",42,MAIN_MONOTONIC_V1_DERIVED,wsl2-ubuntu2404-x64-20261004,"[""--max-opt=0"",""--no-lazy""]",83b744a5953d2662ea723564d4035a333782a0cc85232d1025929a925150b133,938ce8e351a82dbf96016843d08030b8ae02cea5bf23fc6555a234cb49531eaf,"[{""path"":""/mnt/c/Users/mzyx/Desktop/0921/js-interpreter-bench/experiments/three_engine_baseline/adapters/v8.js"",""sha256"":""0ab3ed677381191d7e7839cbbc3f07895104a8b8299679ab9f37b856d76d3a22""},{""path"":""/mnt/c/Users/mzyx/Desktop/0921/js-interpreter-bench/experiments/timer_recovery/adapters/v8.js"",""sha256"":""e610d3aa3d2672a5e6d5eccd9aaf05c6ae6758d1b9c4468289f017a231ab7d9f""}]",7354c1868ce2f8a6cc0d43c8be772c69eece3966b70d20df8f98270cddf07e2b,925519576,925519576,"{""mode"":""MAIN_MONOTONIC_V1_DERIVED"",""variant"":""navier_f64"",""N"":256,""checksum"":925519576,""correctness"":""PASS"",""warmup_calls"":0,""start_ms"":27.383,""stop_ms"":1883.556,""elapsed_ms"":1856.173}",1856.173,7.25067578125,[],True
0,"WB_RESULT:{""mode"":""MAIN_MONOTONIC_V1_DERIVED"",""variant"":""navier_f64"",""N"":256,""checksum"":925519576,""correctness"":""PASS"",""warmup_calls"":0,""start_ms"":0,""stop_ms"":1612.84,""elapsed_ms"":1612.84}
",,"[""/home/mzyx/jsc_build_fd3406f/JSCOnly/Release/bin/jsc"",""--useJIT=false"",""--useLLInt=true"",""--validateOptions=true"",""/mnt/c/Users/mzyx/Desktop/0921/js-interpreter-bench/experiments/three_engine_baseline/adapters/jsc.js"",""/mnt/c/Users/mzyx/Desktop/0921/js-interpreter-bench/experiments/timer_recovery/adapters/jsc.js"",""/mnt/c/Users/mzyx/Desktop/0921/js-interpreter-bench/experiments/whitebox_analysis/attempt01/microbench/generated/navier_f64.N256.js""]",/mnt/c/Users/mzyx/Desktop/0921/js-interpreter-bench,2026-10-05T09:11:38.120365+00:00,383146776947,384789432567,b3ee321e-69da-462d-8718-4589949b17d0,1642655620,formal,navier,navier_f64,jsc,256,20,3,"[""quickjs"",""v8"",""jsc""]",49,MAIN_MONOTONIC_V1_DERIVED,wsl2-ubuntu2404-x64-20261004,"[""--useJIT=false"",""--useLLInt=true"",""--validateOptions=true""]",65c824a055405bf62b05e21d54515a72a1f0187a4d91225d00a6da969d35879f,938ce8e351a82dbf96016843d08030b8ae02cea5bf23fc6555a234cb49531eaf,"[{""path"":""/mnt/c/Users/mzyx/Desktop/0921/js-interpreter-bench/experiments/three_engine_baseline/adapters/jsc.js"",""sha256"":""f9ddbb9556352e283b9c9feebc8bdd0ef1abac5bcdf1ab7a5d83945fa3c9437b""},{""path"":""/mnt/c/Users/mzyx/Desktop/0921/js-interpreter-bench/experiments/timer_recovery/adapters/jsc.js"",""sha256"":""0c485996a598b7e36f2f292b66397adc0390cbe6b69b55199e47e1c6c1e37010""}]",7354c1868ce2f8a6cc0d43c8be772c69eece3966b70d20df8f98270cddf07e2b,925519576,925519576,"{""mode"":""MAIN_MONOTONIC_V1_DERIVED"",""variant"":""navier_f64"",""N"":256,""checksum"":925519576,""correctness"":""PASS"",""warmup_calls"":0,""start_ms"":0,""stop_ms"":1612.84,""elapsed_ms"":1612.84}",1612.84,6.30015625,[],True
0,"WB_RESULT:{""mode"":""MAIN_MONOTONIC_V1_DERIVED"",""variant"":""navier_f64"",""N"":256,""checksum"":925519576,""correctness"":""PASS"",""warmup_calls"":0,""start_ms"":379430.422188,""stop_ms"":380981.361068,""elapsed_ms"":1550.9388800000306}
",,"[""/home/mzyx/three_engine_20261004/quickjs-04be246001599f5995fa2f2d8c91a0f198d3f34c/qjs"",""-I"",""/mnt/c/Users/mzyx/Desktop/0921/js-interpreter-bench/experiments/three_engine_baseline/adapters/quickjs.js"",""-I"",""/mnt/c/Users/mzyx/Desktop/0921/js-interpreter-bench/experiments/timer_recovery/adapters/quickjs.js"",""/mnt/c/Users/mzyx/Desktop/0921/js-interpreter-bench/experiments/whitebox_analysis/attempt01/microbench/generated/navier_f64.N256.js""]",/mnt/c/Users/mzyx/Desktop/0921/js-interpreter-bench,2026-10-05T09:11:34.313429+00:00,379418923639,380982511278,b3ee321e-69da-462d-8718-4589949b17d0,1563587639,formal,navier,navier_f64,quickjs,256,20,1,"[""quickjs"",""v8"",""jsc""]",49,MAIN_MONOTONIC_V1_DERIVED,wsl2-ubuntu2404-x64-20261004,[],140d5233b0337d91cb0f994ae4a051e49aa04da8802acfaedf0a01b81a620b79,938ce8e351a82dbf96016843d08030b8ae02cea5bf23fc6555a234cb49531eaf,"[{""path"":""/mnt/c/Users/mzyx/Desktop/0921/js-interpreter-bench/experiments/three_engine_baseline/adapters/quickjs.js"",""sha256"":""f20aa7b460675d08600a58945203034feb50b2a3515aba579219f648b1235c6c""},{""path"":""/mnt/c/Users/mzyx/Desktop/0921/js-interpreter-bench/experiments/timer_recovery/adapters/quickjs.js"",""sha256"":""cd393c275173f20526562a008951f65a332deffed85e7c804519788b8ebffab7""}]",7354c1868ce2f8a6cc0d43c8be772c69eece3966b70d20df8f98270cddf07e2b,925519576,925519576,"{""mode"":""MAIN_MONOTONIC_V1_DERIVED"",""variant"":""navier_f64"",""N"":256,""checksum"":925519576,""correctness"":""PASS"",""warmup_calls"":0,""start_ms"":379430.422188,""stop_ms"":380981.361068,""elapsed_ms"":1550.9388800000306}",1550.9388800000306,6.05835500000012,[],True
0,"WB_RESULT:{""mode"":""MAIN_MONOTONIC_V1_DERIVED"",""variant"":""navier_f64"",""N"":256,""checksum"":925519576,""correctness"":""PASS"",""warmup_calls"":0,""start_ms"":36.48,""stop_ms"":1876.324,""elapsed_ms"":1839.844}
",,"[""/home/mzyx/three_engine_20261004/v8-linux64-rel-15.6.21/d8"",""--snapshot_blob=/home/mzyx/three_engine_20261004/v8-linux64-rel-15.6.21/snapshot_blob.bin"",""--max-opt=0"",""--no-lazy"",""/mnt/c/Users/mzyx/Desktop/0921/js-interpreter-bench/experiments/three_engine_baseline/adapters/v8.js"",""/mnt/c/Users/mzyx/Desktop/0921/js-interpreter-bench/experiments/timer_recovery/adapters/v8.js"",""/mnt/c/Users/mzyx/Desktop/0921/js-interpreter-bench/experiments/whitebox_analysis/attempt01/microbench/generated/navier_f64.N256.js""]",/mnt/c/Users/mzyx/Desktop/0921/js-interpreter-bench,2026-10-05T09:11:36.330722+00:00,381113980747,382999788723,b3ee321e-69da-462d-8718-4589949b17d0,1885807976,formal,navier,navier_f64,v8,256,20,2,"[""quickjs"",""v8"",""jsc""]",49,MAIN_MONOTONIC_V1_DERIVED,wsl2-ubuntu2404-x64-20261004,"[""--max-opt=0"",""--no-lazy""]",83b744a5953d2662ea723564d4035a333782a0cc85232d1025929a925150b133,938ce8e351a82dbf96016843d08030b8ae02cea5bf23fc6555a234cb49531eaf,"[{""path"":""/mnt/c/Users/mzyx/Desktop/0921/js-interpreter-bench/experiments/three_engine_baseline/adapters/v8.js"",""sha256"":""0ab3ed677381191d7e7839cbbc3f07895104a8b8299679ab9f37b856d76d3a22""},{""path"":""/mnt/c/Users/mzyx/Desktop/0921/js-interpreter-bench/experiments/timer_recovery/adapters/v8.js"",""sha256"":""e610d3aa3d2672a5e6d5eccd9aaf05c6ae6758d1b9c4468289f017a231ab7d9f""}]",7354c1868ce2f8a6cc0d43c8be772c69eece3966b70d20df8f98270cddf07e2b,925519576,925519576,"{""mode"":""MAIN_MONOTONIC_V1_DERIVED"",""variant"":""navier_f64"",""N"":256,""checksum"":925519576,""correctness"":""PASS"",""warmup_calls"":0,""start_ms"":36.48,""stop_ms"":1876.324,""elapsed_ms"":1839.844}",1839.844,7.186890625,[],True
0,"WB_RESULT:{""mode"":""MAIN_MONOTONIC_V1_DERIVED"",""variant"":""navier_f64"",""N"":256,""checksum"":925519576,""correctness"":""PASS"",""warmup_calls"":0,""start_ms"":0,""stop_ms"":1568.42,""elapsed_ms"":1568.42}
",,"[""/home/mzyx/jsc_build_fd3406f/JSCOnly/Release/bin/jsc"",""--useJIT=false"",""--useLLInt=true"",""--validateOptions=true"",""/mnt/c/Users/mzyx/Desktop/0921/js-interpreter-bench/experiments/three_engine_baseline/adapters/jsc.js"",""/mnt/c/Users/mzyx/Desktop/0921/js-interpreter-bench/experiments/timer_recovery/adapters/jsc.js"",""/mnt/c/Users/mzyx/Desktop/0921/js-interpreter-bench/experiments/whitebox_analysis/attempt01/microbench/generated/navier_f64.N256.js""]",/mnt/c/Users/mzyx/Desktop/0921/js-interpreter-bench,2026-10-05T09:08:34.911362+00:00,186916079968,188512244215,b3ee321e-69da-462d-8718-4589949b17d0,1596164247,formal,navier,navier_f64,jsc,256,21,1,"[""jsc"",""quickjs"",""v8""]",13,MAIN_MONOTONIC_V1_DERIVED,wsl2-ubuntu2404-x64-20261004,"[""--useJIT=false"",""--useLLInt=true"",""--validateOptions=true""]",65c824a055405bf62b05e21d54515a72a1f0187a4d91225d00a6da969d35879f,938ce8e351a82dbf96016843d08030b8ae02cea5bf23fc6555a234cb49531eaf,"[{""path"":""/mnt/c/Users/mzyx/Desktop/0921/js-interpreter-bench/experiments/three_engine_baseline/adapters/jsc.js"",""sha256"":""f9ddbb9556352e283b9c9feebc8bdd0ef1abac5bcdf1ab7a5d83945fa3c9437b""},{""path"":""/mnt/c/Users/mzyx/Desktop/0921/js-interpreter-bench/experiments/timer_recovery/adapters/jsc.js"",""sha256"":""0c485996a598b7e36f2f292b66397adc0390cbe6b69b55199e47e1c6c1e37010""}]",7354c1868ce2f8a6cc0d43c8be772c69eece3966b70d20df8f98270cddf07e2b,925519576,925519576,"{""mode"":""MAIN_MONOTONIC_V1_DERIVED"",""variant"":""navier_f64"",""N"":256,""checksum"":925519576,""correctness"":""PASS"",""warmup_calls"":0,""start_ms"":0,""stop_ms"":1568.42,""elapsed_ms"":1568.42}",1568.42,6.126640625,[],True
0,"WB_RESULT:{""mode"":""MAIN_MONOTONIC_V1_DERIVED"",""variant"":""navier_f64"",""N"":256,""checksum"":925519576,""correctness"":""PASS"",""warmup_calls"":0,""start_ms"":188667.724363,""stop_ms"":190205.395803,""elapsed_ms"":1537.6714400000055}
",,"[""/home/mzyx/three_engine_20261004/quickjs-04be246001599f5995fa2f2d8c91a0f198d3f34c/qjs"",""-I"",""/mnt/c/Users/mzyx/Desktop/0921/js-interpreter-bench/experiments/three_engine_baseline/adapters/quickjs.js"",""-I"",""/mnt/c/Users/mzyx/Desktop/0921/js-interpreter-bench/experiments/timer_recovery/adapters/quickjs.js"",""/mnt/c/Users/mzyx/Desktop/0921/js-interpreter-bench/experiments/whitebox_analysis/attempt01/microbench/generated/navier_f64.N256.js""]",/mnt/c/Users/mzyx/Desktop/0921/js-interpreter-bench,2026-10-05T09:08:36.605484+00:00,188656566468,190206380486,b3ee321e-69da-462d-8718-4589949b17d0,1549814018,formal,navier,navier_f64,quickjs,256,21,2,"[""jsc"",""quickjs"",""v8""]",13,MAIN_MONOTONIC_V1_DERIVED,wsl2-ubuntu2404-x64-20261004,[],140d5233b0337d91cb0f994ae4a051e49aa04da8802acfaedf0a01b81a620b79,938ce8e351a82dbf96016843d08030b8ae02cea5bf23fc6555a234cb49531eaf,"[{""path"":""/mnt/c/Users/mzyx/Desktop/0921/js-interpreter-bench/experiments/three_engine_baseline/adapters/quickjs.js"",""sha256"":""f20aa7b460675d08600a58945203034feb50b2a3515aba579219f648b1235c6c""},{""path"":""/mnt/c/Users/mzyx/Desktop/0921/js-interpreter-bench/experiments/timer_recovery/adapters/quickjs.js"",""sha256"":""cd393c275173f20526562a008951f65a332deffed85e7c804519788b8ebffab7""}]",7354c1868ce2f8a6cc0d43c8be772c69eece3966b70d20df8f98270cddf07e2b,925519576,925519576,"{""mode"":""MAIN_MONOTONIC_V1_DERIVED"",""variant"":""navier_f64"",""N"":256,""checksum"":925519576,""correctness"":""PASS"",""warmup_calls"":0,""start_ms"":188667.724363,""stop_ms"":190205.395803,""elapsed_ms"":1537.6714400000055}",1537.6714400000055,6.006529062500022,[],True
0,"WB_RESULT:{""mode"":""MAIN_MONOTONIC_V1_DERIVED"",""variant"":""navier_f64"",""N"":256,""checksum"":925519576,""correctness"":""PASS"",""warmup_calls"":0,""start_ms"":27.7,""stop_ms"":1826.116,""elapsed_ms"":1798.416}
",,"[""/home/mzyx/three_engine_20261004/v8-linux64-rel-15.6.21/d8"",""--snapshot_blob=/home/mzyx/three_engine_20261004/v8-linux64-rel-15.6.21/snapshot_blob.bin"",""--max-opt=0"",""--no-lazy"",""/mnt/c/Users/mzyx/Desktop/0921/js-interpreter-bench/experiments/three_engine_baseline/adapters/v8.js"",""/mnt/c/Users/mzyx/Desktop/0921/js-interpreter-bench/experiments/timer_recovery/adapters/v8.js"",""/mnt/c/Users/mzyx/Desktop/0921/js-interpreter-bench/experiments/whitebox_analysis/attempt01/microbench/generated/navier_f64.N256.js""]",/mnt/c/Users/mzyx/Desktop/0921/js-interpreter-bench,2026-10-05T09:08:38.578963+00:00,190345371818,192179846356,b3ee321e-69da-462d-8718-4589949b17d0,1834474538,formal,navier,navier_f64,v8,256,21,3,"[""jsc"",""quickjs"",""v8""]",13,MAIN_MONOTONIC_V1_DERIVED,wsl2-ubuntu2404-x64-20261004,"[""--max-opt=0"",""--no-lazy""]",83b744a5953d2662ea723564d4035a333782a0cc85232d1025929a925150b133,938ce8e351a82dbf96016843d08030b8ae02cea5bf23fc6555a234cb49531eaf,"[{""path"":""/mnt/c/Users/mzyx/Desktop/0921/js-interpreter-bench/experiments/three_engine_baseline/adapters/v8.js"",""sha256"":""0ab3ed677381191d7e7839cbbc3f07895104a8b8299679ab9f37b856d76d3a22""},{""path"":""/mnt/c/Users/mzyx/Desktop/0921/js-interpreter-bench/experiments/timer_recovery/adapters/v8.js"",""sha256"":""e610d3aa3d2672a5e6d5eccd9aaf05c6ae6758d1b9c4468289f017a231ab7d9f""}]",7354c1868ce2f8a6cc0d43c8be772c69eece3966b70d20df8f98270cddf07e2b,925519576,925519576,"{""mode"":""MAIN_MONOTONIC_V1_DERIVED"",""variant"":""navier_f64"",""N"":256,""checksum"":925519576,""correctness"":""PASS"",""warmup_calls"":0,""start_ms"":27.7,""stop_ms"":1826.116,""elapsed_ms"":1798.416}",1798.416,7.0250625,[],True
0,"WB_RESULT:{""mode"":""MAIN_MONOTONIC_V1_DERIVED"",""variant"":""navier_f64"",""N"":256,""checksum"":925519576,""correctness"":""PASS"",""warmup_calls"":0,""start_ms"":0,""stop_ms"":1580.58,""elapsed_ms"":1580.58}
",,"[""/home/mzyx/jsc_build_fd3406f/JSCOnly/Release/bin/jsc"",""--useJIT=false"",""--useLLInt=true"",""--validateOptions=true"",""/mnt/c/Users/mzyx/Desktop/0921/js-interpreter-bench/experiments/three_engine_baseline/adapters/jsc.js"",""/mnt/c/Users/mzyx/Desktop/0921/js-interpreter-bench/experiments/timer_recovery/adapters/jsc.js"",""/mnt/c/Users/mzyx/Desktop/0921/js-interpreter-bench/experiments/whitebox_analysis/attempt01/microbench/generated/navier_f64.N256.js""]",/mnt/c/Users/mzyx/Desktop/0921/js-interpreter-bench,2026-10-05T09:11:18.612642+00:00,361503231643,363117946727,b3ee321e-69da-462d-8718-4589949b17d0,1614715084,formal,navier,navier_f64,jsc,256,22,3,"[""v8"",""quickjs"",""jsc""]",45,MAIN_MONOTONIC_V1_DERIVED,wsl2-ubuntu2404-x64-20261004,"[""--useJIT=false"",""--useLLInt=true"",""--validateOptions=true""]",65c824a055405bf62b05e21d54515a72a1f0187a4d91225d00a6da969d35879f,938ce8e351a82dbf96016843d08030b8ae02cea5bf23fc6555a234cb49531eaf,"[{""path"":""/mnt/c/Users/mzyx/Desktop/0921/js-interpreter-bench/experiments/three_engine_baseline/adapters/jsc.js"",""sha256"":""f9ddbb9556352e283b9c9feebc8bdd0ef1abac5bcdf1ab7a5d83945fa3c9437b""},{""path"":""/mnt/c/Users/mzyx/Desktop/0921/js-interpreter-bench/experiments/timer_recovery/adapters/jsc.js"",""sha256"":""0c485996a598b7e36f2f292b66397adc0390cbe6b69b55199e47e1c6c1e37010""}]",7354c1868ce2f8a6cc0d43c8be772c69eece3966b70d20df8f98270cddf07e2b,925519576,925519576,"{""mode"":""MAIN_MONOTONIC_V1_DERIVED"",""variant"":""navier_f64"",""N"":256,""checksum"":925519576,""correctness"":""PASS"",""warmup_calls"":0,""start_ms"":0,""stop_ms"":1580.58,""elapsed_ms"":1580.58}",1580.58,6.174140625,[],True
0,"WB_RESULT:{""mode"":""MAIN_MONOTONIC_V1_DERIVED"",""variant"":""navier_f64"",""N"":256,""checksum"":925519576,""correctness"":""PASS"",""warmup_calls"":0,""start_ms"":359905.314951,""stop_ms"":361365.002782,""elapsed_ms"":1459.6878310000175}
",,"[""/home/mzyx/three_engine_20261004/quickjs-04be246001599f5995fa2f2d8c91a0f198d3f34c/qjs"",""-I"",""/mnt/c/Users/mzyx/Desktop/0921/js-interpreter-bench/experiments/three_engine_baseline/adapters/quickjs.js"",""-I"",""/mnt/c/Users/mzyx/Desktop/0921/js-interpreter-bench/experiments/timer_recovery/adapters/quickjs.js"",""/mnt/c/Users/mzyx/Desktop/0921/js-interpreter-bench/experiments/whitebox_analysis/attempt01/microbench/generated/navier_f64.N256.js""]",/mnt/c/Users/mzyx/Desktop/0921/js-interpreter-bench,2026-10-05T09:11:16.860822+00:00,359893039749,361366122302,b3ee321e-69da-462d-8718-4589949b17d0,1473082553,formal,navier,navier_f64,quickjs,256,22,2,"[""v8"",""quickjs"",""jsc""]",45,MAIN_MONOTONIC_V1_DERIVED,wsl2-ubuntu2404-x64-20261004,[],140d5233b0337d91cb0f994ae4a051e49aa04da8802acfaedf0a01b81a620b79,938ce8e351a82dbf96016843d08030b8ae02cea5bf23fc6555a234cb49531eaf,"[{""path"":""/mnt/c/Users/mzyx/Desktop/0921/js-interpreter-bench/experiments/three_engine_baseline/adapters/quickjs.js"",""sha256"":""f20aa7b460675d08600a58945203034feb50b2a3515aba579219f648b1235c6c""},{""path"":""/mnt/c/Users/mzyx/Desktop/0921/js-interpreter-bench/experiments/timer_recovery/adapters/quickjs.js"",""sha256"":""cd393c275173f20526562a008951f65a332deffed85e7c804519788b8ebffab7""}]",7354c1868ce2f8a6cc0d43c8be772c69eece3966b70d20df8f98270cddf07e2b,925519576,925519576,"{""mode"":""MAIN_MONOTONIC_V1_DERIVED"",""variant"":""navier_f64"",""N"":256,""checksum"":925519576,""correctness"":""PASS"",""warmup_calls"":0,""start_ms"":359905.314951,""stop_ms"":361365.002782,""elapsed_ms"":1459.6878310000175}",1459.6878310000175,5.701905589843818,[],True
0,"WB_RESULT:{""mode"":""MAIN_MONOTONIC_V1_DERIVED"",""variant"":""navier_f64"",""N"":256,""checksum"":925519576,""correctness"":""PASS"",""warmup_calls"":0,""start_ms"":67.373,""stop_ms"":1917.24,""elapsed_ms"":1849.867}
",,"[""/home/mzyx/three_engine_20261004/v8-linux64-rel-15.6.21/d8"",""--snapshot_blob=/home/mzyx/three_engine_20261004/v8-linux64-rel-15.6.21/snapshot_blob.bin"",""--max-opt=0"",""--no-lazy"",""/mnt/c/Users/mzyx/Desktop/0921/js-interpreter-bench/experiments/three_engine_baseline/adapters/v8.js"",""/mnt/c/Users/mzyx/Desktop/0921/js-interpreter-bench/experiments/timer_recovery/adapters/v8.js"",""/mnt/c/Users/mzyx/Desktop/0921/js-interpreter-bench/experiments/whitebox_analysis/attempt01/microbench/generated/navier_f64.N256.js""]",/mnt/c/Users/mzyx/Desktop/0921/js-interpreter-bench,2026-10-05T09:11:15.237961+00:00,357814401775,359743261473,b3ee321e-69da-462d-8718-4589949b17d0,1928859698,formal,navier,navier_f64,v8,256,22,1,"[""v8"",""quickjs"",""jsc""]",45,MAIN_MONOTONIC_V1_DERIVED,wsl2-ubuntu2404-x64-20261004,"[""--max-opt=0"",""--no-lazy""]",83b744a5953d2662ea723564d4035a333782a0cc85232d1025929a925150b133,938ce8e351a82dbf96016843d08030b8ae02cea5bf23fc6555a234cb49531eaf,"[{""path"":""/mnt/c/Users/mzyx/Desktop/0921/js-interpreter-bench/experiments/three_engine_baseline/adapters/v8.js"",""sha256"":""0ab3ed677381191d7e7839cbbc3f07895104a8b8299679ab9f37b856d76d3a22""},{""path"":""/mnt/c/Users/mzyx/Desktop/0921/js-interpreter-bench/experiments/timer_recovery/adapters/v8.js"",""sha256"":""e610d3aa3d2672a5e6d5eccd9aaf05c6ae6758d1b9c4468289f017a231ab7d9f""}]",7354c1868ce2f8a6cc0d43c8be772c69eece3966b70d20df8f98270cddf07e2b,925519576,925519576,"{""mode"":""MAIN_MONOTONIC_V1_DERIVED"",""variant"":""navier_f64"",""N"":256,""checksum"":925519576,""correctness"":""PASS"",""warmup_calls"":0,""start_ms"":67.373,""stop_ms"":1917.24,""elapsed_ms"":1849.867}",1849.867,7.22604296875,[],True
0,"WB_RESULT:{""mode"":""MAIN_MONOTONIC_V1_DERIVED"",""variant"":""navier_f64"",""N"":256,""checksum"":925519576,""correctness"":""PASS"",""warmup_calls"":0,""start_ms"":0,""stop_ms"":1584.24,""elapsed_ms"":1584.24}
",,"[""/home/mzyx/jsc_build_fd3406f/JSCOnly/Release/bin/jsc"",""--useJIT=false"",""--useLLInt=true"",""--validateOptions=true"",""/mnt/c/Users/mzyx/Desktop/0921/js-interpreter-bench/experiments/three_engine_baseline/adapters/jsc.js"",""/mnt/c/Users/mzyx/Desktop/0921/js-interpreter-bench/experiments/timer_recovery/adapters/jsc.js"",""/mnt/c/Users/mzyx/Desktop/0921/js-interpreter-bench/experiments/whitebox_analysis/attempt01/microbench/generated/navier_f64.N256.js""]",/mnt/c/Users/mzyx/Desktop/0921/js-interpreter-bench,2026-10-05T09:12:33.958319+00:00,441271825562,442883121680,b3ee321e-69da-462d-8718-4589949b17d0,1611296118,formal,navier,navier_f64,jsc,256,23,2,"[""quickjs"",""jsc"",""v8""]",60,MAIN_MONOTONIC_V1_DERIVED,wsl2-ubuntu2404-x64-20261004,"[""--useJIT=false"",""--useLLInt=true"",""--validateOptions=true""]",65c824a055405bf62b05e21d54515a72a1f0187a4d91225d00a6da969d35879f,938ce8e351a82dbf96016843d08030b8ae02cea5bf23fc6555a234cb49531eaf,"[{""path"":""/mnt/c/Users/mzyx/Desktop/0921/js-interpreter-bench/experiments/three_engine_baseline/adapters/jsc.js"",""sha256"":""f9ddbb9556352e283b9c9feebc8bdd0ef1abac5bcdf1ab7a5d83945fa3c9437b""},{""path"":""/mnt/c/Users/mzyx/Desktop/0921/js-interpreter-bench/experiments/timer_recovery/adapters/jsc.js"",""sha256"":""0c485996a598b7e36f2f292b66397adc0390cbe6b69b55199e47e1c6c1e37010""}]",7354c1868ce2f8a6cc0d43c8be772c69eece3966b70d20df8f98270cddf07e2b,925519576,925519576,"{""mode"":""MAIN_MONOTONIC_V1_DERIVED"",""variant"":""navier_f64"",""N"":256,""checksum"":925519576,""correctness"":""PASS"",""warmup_calls"":0,""start_ms"":0,""stop_ms"":1584.24,""elapsed_ms"":1584.24}",1584.24,6.1884375,[],True
0,"WB_RESULT:{""mode"":""MAIN_MONOTONIC_V1_DERIVED"",""variant"":""navier_f64"",""N"":256,""checksum"":925519576,""correctness"":""PASS"",""warmup_calls"":0,""start_ms"":439635.041636,""stop_ms"":441130.42049,""elapsed_ms"":1495.3788540000096}
",,"[""/home/mzyx/three_engine_20261004/quickjs-04be246001599f5995fa2f2d8c91a0f198d3f34c/qjs"",""-I"",""/mnt/c/Users/mzyx/Desktop/0921/js-interpreter-bench/experiments/three_engine_baseline/adapters/quickjs.js"",""-I"",""/mnt/c/Users/mzyx/Desktop/0921/js-interpreter-bench/experiments/timer_recovery/adapters/quickjs.js"",""/mnt/c/Users/mzyx/Desktop/0921/js-interpreter-bench/experiments/whitebox_analysis/attempt01/microbench/generated/navier_f64.N256.js""]",/mnt/c/Users/mzyx/Desktop/0921/js-interpreter-bench,2026-10-05T09:12:32.206684+00:00,439623754153,441131496085,b3ee321e-69da-462d-8718-4589949b17d0,1507741932,formal,navier,navier_f64,quickjs,256,23,1,"[""quickjs"",""jsc"",""v8""]",60,MAIN_MONOTONIC_V1_DERIVED,wsl2-ubuntu2404-x64-20261004,[],140d5233b0337d91cb0f994ae4a051e49aa04da8802acfaedf0a01b81a620b79,938ce8e351a82dbf96016843d08030b8ae02cea5bf23fc6555a234cb49531eaf,"[{""path"":""/mnt/c/Users/mzyx/Desktop/0921/js-interpreter-bench/experiments/three_engine_baseline/adapters/quickjs.js"",""sha256"":""f20aa7b460675d08600a58945203034feb50b2a3515aba579219f648b1235c6c""},{""path"":""/mnt/c/Users/mzyx/Desktop/0921/js-interpreter-bench/experiments/timer_recovery/adapters/quickjs.js"",""sha256"":""cd393c275173f20526562a008951f65a332deffed85e7c804519788b8ebffab7""}]",7354c1868ce2f8a6cc0d43c8be772c69eece3966b70d20df8f98270cddf07e2b,925519576,925519576,"{""mode"":""MAIN_MONOTONIC_V1_DERIVED"",""variant"":""navier_f64"",""N"":256,""checksum"":925519576,""correctness"":""PASS"",""warmup_calls"":0,""start_ms"":439635.041636,""stop_ms"":441130.42049,""elapsed_ms"":1495.3788540000096}",1495.3788540000096,5.8413236484375375,[],True
0,"WB_RESULT:{""mode"":""MAIN_MONOTONIC_V1_DERIVED"",""variant"":""navier_f64"",""N"":256,""checksum"":925519576,""correctness"":""PASS"",""warmup_calls"":0,""start_ms"":28.977,""stop_ms"":1889.01,""elapsed_ms"":1860.033}
",,"[""/home/mzyx/three_engine_20261004/v8-linux64-rel-15.6.21/d8"",""--snapshot_blob=/home/mzyx/three_engine_20261004/v8-linux64-rel-15.6.21/snapshot_blob.bin"",""--max-opt=0"",""--no-lazy"",""/mnt/c/Users/mzyx/Desktop/0921/js-interpreter-bench/experiments/three_engine_baseline/adapters/v8.js"",""/mnt/c/Users/mzyx/Desktop/0921/js-interpreter-bench/experiments/timer_recovery/adapters/v8.js"",""/mnt/c/Users/mzyx/Desktop/0921/js-interpreter-bench/experiments/whitebox_analysis/attempt01/microbench/generated/navier_f64.N256.js""]",/mnt/c/Users/mzyx/Desktop/0921/js-interpreter-bench,2026-10-05T09:12:33.846702+00:00,443022228511,444920650434,b3ee321e-69da-462d-8718-4589949b17d0,1898421923,formal,navier,navier_f64,v8,256,23,3,"[""quickjs"",""jsc"",""v8""]",60,MAIN_MONOTONIC_V1_DERIVED,wsl2-ubuntu2404-x64-20261004,"[""--max-opt=0"",""--no-lazy""]",83b744a5953d2662ea723564d4035a333782a0cc85232d1025929a925150b133,938ce8e351a82dbf96016843d08030b8ae02cea5bf23fc6555a234cb49531eaf,"[{""path"":""/mnt/c/Users/mzyx/Desktop/0921/js-interpreter-bench/experiments/three_engine_baseline/adapters/v8.js"",""sha256"":""0ab3ed677381191d7e7839cbbc3f07895104a8b8299679ab9f37b856d76d3a22""},{""path"":""/mnt/c/Users/mzyx/Desktop/0921/js-interpreter-bench/experiments/timer_recovery/adapters/v8.js"",""sha256"":""e610d3aa3d2672a5e6d5eccd9aaf05c6ae6758d1b9c4468289f017a231ab7d9f""}]",7354c1868ce2f8a6cc0d43c8be772c69eece3966b70d20df8f98270cddf07e2b,925519576,925519576,"{""mode"":""MAIN_MONOTONIC_V1_DERIVED"",""variant"":""navier_f64"",""N"":256,""checksum"":925519576,""correctness"":""PASS"",""warmup_calls"":0,""start_ms"":28.977,""stop_ms"":1889.01,""elapsed_ms"":1860.033}",1860.033,7.26575390625,[],True
0,"WB_RESULT:{""mode"":""MAIN_MONOTONIC_V1_DERIVED"",""variant"":""navier_f64"",""N"":256,""checksum"":925519576,""correctness"":""PASS"",""warmup_calls"":0,""start_ms"":0,""stop_ms"":1603.46,""elapsed_ms"":1603.46}
",,"[""/home/mzyx/jsc_build_fd3406f/JSCOnly/Release/bin/jsc"",""--useJIT=false"",""--useLLInt=true"",""--validateOptions=true"",""/mnt/c/Users/mzyx/Desktop/0921/js-interpreter-bench/experiments/three_engine_baseline/adapters/jsc.js"",""/mnt/c/Users/mzyx/Desktop/0921/js-interpreter-bench/experiments/timer_recovery/adapters/jsc.js"",""/mnt/c/Users/mzyx/Desktop/0921/js-interpreter-bench/experiments/whitebox_analysis/attempt01/microbench/generated/navier_f64.N256.js""]",/mnt/c/Users/mzyx/Desktop/0921/js-interpreter-bench,2026-10-05T09:09:53.453591+00:00,269848367948,271485715716,b3ee321e-69da-462d-8718-4589949b17d0,1637347768,formal,navier,navier_f64,jsc,256,24,2,"[""quickjs"",""jsc"",""v8""]",28,MAIN_MONOTONIC_V1_DERIVED,wsl2-ubuntu2404-x64-20261004,"[""--useJIT=false"",""--useLLInt=true"",""--validateOptions=true""]",65c824a055405bf62b05e21d54515a72a1f0187a4d91225d00a6da969d35879f,938ce8e351a82dbf96016843d08030b8ae02cea5bf23fc6555a234cb49531eaf,"[{""path"":""/mnt/c/Users/mzyx/Desktop/0921/js-interpreter-bench/experiments/three_engine_baseline/adapters/jsc.js"",""sha256"":""f9ddbb9556352e283b9c9feebc8bdd0ef1abac5bcdf1ab7a5d83945fa3c9437b""},{""path"":""/mnt/c/Users/mzyx/Desktop/0921/js-interpreter-bench/experiments/timer_recovery/adapters/jsc.js"",""sha256"":""0c485996a598b7e36f2f292b66397adc0390cbe6b69b55199e47e1c6c1e37010""}]",7354c1868ce2f8a6cc0d43c8be772c69eece3966b70d20df8f98270cddf07e2b,925519576,925519576,"{""mode"":""MAIN_MONOTONIC_V1_DERIVED"",""variant"":""navier_f64"",""N"":256,""checksum"":925519576,""correctness"":""PASS"",""warmup_calls"":0,""start_ms"":0,""stop_ms"":1603.46,""elapsed_ms"":1603.46}",1603.46,6.263515625,[],True
0,"WB_RESULT:{""mode"":""MAIN_MONOTONIC_V1_DERIVED"",""variant"":""navier_f64"",""N"":256,""checksum"":925519576,""correctness"":""PASS"",""warmup_calls"":0,""start_ms"":268176.275655,""stop_ms"":269707.817595,""elapsed_ms"":1531.5419399999664}
",,"[""/home/mzyx/three_engine_20261004/quickjs-04be246001599f5995fa2f2d8c91a0f198d3f34c/qjs"",""-I"",""/mnt/c/Users/mzyx/Desktop/0921/js-interpreter-bench/experiments/three_engine_baseline/adapters/quickjs.js"",""-I"",""/mnt/c/Users/mzyx/Desktop/0921/js-interpreter-bench/experiments/timer_recovery/adapters/quickjs.js"",""/mnt/c/Users/mzyx/Desktop/0921/js-interpreter-bench/experiments/whitebox_analysis/attempt01/microbench/generated/navier_f64.N256.js""]",/mnt/c/Users/mzyx/Desktop/0921/js-interpreter-bench,2026-10-05T09:09:51.677123+00:00,268164475032,269709255900,b3ee321e-69da-462d-8718-4589949b17d0,1544780868,formal,navier,navier_f64,quickjs,256,24,1,"[""quickjs"",""jsc"",""v8""]",28,MAIN_MONOTONIC_V1_DERIVED,wsl2-ubuntu2404-x64-20261004,[],140d5233b0337d91cb0f994ae4a051e49aa04da8802acfaedf0a01b81a620b79,938ce8e351a82dbf96016843d08030b8ae02cea5bf23fc6555a234cb49531eaf,"[{""path"":""/mnt/c/Users/mzyx/Desktop/0921/js-interpreter-bench/experiments/three_engine_baseline/adapters/quickjs.js"",""sha256"":""f20aa7b460675d08600a58945203034feb50b2a3515aba579219f648b1235c6c""},{""path"":""/mnt/c/Users/mzyx/Desktop/0921/js-interpreter-bench/experiments/timer_recovery/adapters/quickjs.js"",""sha256"":""cd393c275173f20526562a008951f65a332deffed85e7c804519788b8ebffab7""}]",7354c1868ce2f8a6cc0d43c8be772c69eece3966b70d20df8f98270cddf07e2b,925519576,925519576,"{""mode"":""MAIN_MONOTONIC_V1_DERIVED"",""variant"":""navier_f64"",""N"":256,""checksum"":925519576,""correctness"":""PASS"",""warmup_calls"":0,""start_ms"":268176.275655,""stop_ms"":269707.817595,""elapsed_ms"":1531.5419399999664}",1531.5419399999664,5.982585703124869,[],True
0,"WB_RESULT:{""mode"":""MAIN_MONOTONIC_V1_DERIVED"",""variant"":""navier_f64"",""N"":256,""checksum"":925519576,""correctness"":""PASS"",""warmup_calls"":0,""start_ms"":30.287,""stop_ms"":1883.27,""elapsed_ms"":1852.983}
",,"[""/home/mzyx/three_engine_20261004/v8-linux64-rel-15.6.21/d8"",""--snapshot_blob=/home/mzyx/three_engine_20261004/v8-linux64-rel-15.6.21/snapshot_blob.bin"",""--max-opt=0"",""--no-lazy"",""/mnt/c/Users/mzyx/Desktop/0921/js-interpreter-bench/experiments/three_engine_baseline/adapters/v8.js"",""/mnt/c/Users/mzyx/Desktop/0921/js-interpreter-bench/experiments/timer_recovery/adapters/v8.js"",""/mnt/c/Users/mzyx/Desktop/0921/js-interpreter-bench/experiments/whitebox_analysis/attempt01/microbench/generated/navier_f64.N256.js""]",/mnt/c/Users/mzyx/Desktop/0921/js-interpreter-bench,2026-10-05T09:09:55.484183+00:00,271623713982,273516307738,b3ee321e-69da-462d-8718-4589949b17d0,1892593756,formal,navier,navier_f64,v8,256,24,3,"[""quickjs"",""jsc"",""v8""]",28,MAIN_MONOTONIC_V1_DERIVED,wsl2-ubuntu2404-x64-20261004,"[""--max-opt=0"",""--no-lazy""]",83b744a5953d2662ea723564d4035a333782a0cc85232d1025929a925150b133,938ce8e351a82dbf96016843d08030b8ae02cea5bf23fc6555a234cb49531eaf,"[{""path"":""/mnt/c/Users/mzyx/Desktop/0921/js-interpreter-bench/experiments/three_engine_baseline/adapters/v8.js"",""sha256"":""0ab3ed677381191d7e7839cbbc3f07895104a8b8299679ab9f37b856d76d3a22""},{""path"":""/mnt/c/Users/mzyx/Desktop/0921/js-interpreter-bench/experiments/timer_recovery/adapters/v8.js"",""sha256"":""e610d3aa3d2672a5e6d5eccd9aaf05c6ae6758d1b9c4468289f017a231ab7d9f""}]",7354c1868ce2f8a6cc0d43c8be772c69eece3966b70d20df8f98270cddf07e2b,925519576,925519576,"{""mode"":""MAIN_MONOTONIC_V1_DERIVED"",""variant"":""navier_f64"",""N"":256,""checksum"":925519576,""correctness"":""PASS"",""warmup_calls"":0,""start_ms"":30.287,""stop_ms"":1883.27,""elapsed_ms"":1852.983}",1852.983,7.23821484375,[],True
0,"WB_RESULT:{""mode"":""MAIN_MONOTONIC_V1_DERIVED"",""variant"":""navier_f64"",""N"":256,""checksum"":925519576,""correctness"":""PASS"",""warmup_calls"":0,""start_ms"":0,""stop_ms"":1520,""elapsed_ms"":1520}
",,"[""/home/mzyx/jsc_build_fd3406f/JSCOnly/Release/bin/jsc"",""--useJIT=false"",""--useLLInt=true"",""--validateOptions=true"",""/mnt/c/Users/mzyx/Desktop/0921/js-interpreter-bench/experiments/three_engine_baseline/adapters/jsc.js"",""/mnt/c/Users/mzyx/Desktop/0921/js-interpreter-bench/experiments/timer_recovery/adapters/jsc.js"",""/mnt/c/Users/mzyx/Desktop/0921/js-interpreter-bench/experiments/whitebox_analysis/attempt01/microbench/generated/navier_f64.N256.js""]",/mnt/c/Users/mzyx/Desktop/0921/js-interpreter-bench,2026-10-05T09:12:06.157422+00:00,413534261668,415082224342,b3ee321e-69da-462d-8718-4589949b17d0,1547962674,formal,navier,navier_f64,jsc,256,25,1,"[""jsc"",""quickjs"",""v8""]",55,MAIN_MONOTONIC_V1_DERIVED,wsl2-ubuntu2404-x64-20261004,"[""--useJIT=false"",""--useLLInt=true"",""--validateOptions=true""]",65c824a055405bf62b05e21d54515a72a1f0187a4d91225d00a6da969d35879f,938ce8e351a82dbf96016843d08030b8ae02cea5bf23fc6555a234cb49531eaf,"[{""path"":""/mnt/c/Users/mzyx/Desktop/0921/js-interpreter-bench/experiments/three_engine_baseline/adapters/jsc.js"",""sha256"":""f9ddbb9556352e283b9c9feebc8bdd0ef1abac5bcdf1ab7a5d83945fa3c9437b""},{""path"":""/mnt/c/Users/mzyx/Desktop/0921/js-interpreter-bench/experiments/timer_recovery/adapters/jsc.js"",""sha256"":""0c485996a598b7e36f2f292b66397adc0390cbe6b69b55199e47e1c6c1e37010""}]",7354c1868ce2f8a6cc0d43c8be772c69eece3966b70d20df8f98270cddf07e2b,925519576,925519576,"{""mode"":""MAIN_MONOTONIC_V1_DERIVED"",""variant"":""navier_f64"",""N"":256,""checksum"":925519576,""correctness"":""PASS"",""warmup_calls"":0,""start_ms"":0,""stop_ms"":1520,""elapsed_ms"":1520}",1520,5.9375,[],True
0,"WB_RESULT:{""mode"":""MAIN_MONOTONIC_V1_DERIVED"",""variant"":""navier_f64"",""N"":256,""checksum"":925519576,""correctness"":""PASS"",""warmup_calls"":0,""start_ms"":415217.71105,""stop_ms"":416745.029098,""elapsed_ms"":1527.3180480000447}
",,"[""/home/mzyx/three_engine_20261004/quickjs-04be246001599f5995fa2f2d8c91a0f198d3f34c/qjs"",""-I"",""/mnt/c/Users/mzyx/Desktop/0921/js-interpreter-bench/experiments/three_engine_baseline/adapters/quickjs.js"",""-I"",""/mnt/c/Users/mzyx/Desktop/0921/js-interpreter-bench/experiments/timer_recovery/adapters/quickjs.js"",""/mnt/c/Users/mzyx/Desktop/0921/js-interpreter-bench/experiments/whitebox_analysis/attempt01/microbench/generated/navier_f64.N256.js""]",/mnt/c/Users/mzyx/Desktop/0921/js-interpreter-bench,2026-10-05T09:12:07.821336+00:00,415207079352,416746138937,b3ee321e-69da-462d-8718-4589949b17d0,1539059585,formal,navier,navier_f64,quickjs,256,25,2,"[""jsc"",""quickjs"",""v8""]",55,MAIN_MONOTONIC_V1_DERIVED,wsl2-ubuntu2404-x64-20261004,[],140d5233b0337d91cb0f994ae4a051e49aa04da8802acfaedf0a01b81a620b79,938ce8e351a82dbf96016843d08030b8ae02cea5bf23fc6555a234cb49531eaf,"[{""path"":""/mnt/c/Users/mzyx/Desktop/0921/js-interpreter-bench/experiments/three_engine_baseline/adapters/quickjs.js"",""sha256"":""f20aa7b460675d08600a58945203034feb50b2a3515aba579219f648b1235c6c""},{""path"":""/mnt/c/Users/mzyx/Desktop/0921/js-interpreter-bench/experiments/timer_recovery/adapters/quickjs.js"",""sha256"":""cd393c275173f20526562a008951f65a332deffed85e7c804519788b8ebffab7""}]",7354c1868ce2f8a6cc0d43c8be772c69eece3966b70d20df8f98270cddf07e2b,925519576,925519576,"{""mode"":""MAIN_MONOTONIC_V1_DERIVED"",""variant"":""navier_f64"",""N"":256,""checksum"":925519576,""correctness"":""PASS"",""warmup_calls"":0,""start_ms"":415217.71105,""stop_ms"":416745.029098,""elapsed_ms"":1527.3180480000447}",1527.3180480000447,5.966086125000174,[],True
0,"WB_RESULT:{""mode"":""MAIN_MONOTONIC_V1_DERIVED"",""variant"":""navier_f64"",""N"":256,""checksum"":925519576,""correctness"":""PASS"",""warmup_calls"":0,""start_ms"":34.21,""stop_ms"":1889.974,""elapsed_ms"":1855.764}
",,"[""/home/mzyx/three_engine_20261004/v8-linux64-rel-15.6.21/d8"",""--snapshot_blob=/home/mzyx/three_engine_20261004/v8-linux64-rel-15.6.21/snapshot_blob.bin"",""--max-opt=0"",""--no-lazy"",""/mnt/c/Users/mzyx/Desktop/0921/js-interpreter-bench/experiments/three_engine_baseline/adapters/v8.js"",""/mnt/c/Users/mzyx/Desktop/0921/js-interpreter-bench/experiments/timer_recovery/adapters/v8.js"",""/mnt/c/Users/mzyx/Desktop/0921/js-interpreter-bench/experiments/whitebox_analysis/attempt01/microbench/generated/navier_f64.N256.js""]",/mnt/c/Users/mzyx/Desktop/0921/js-interpreter-bench,2026-10-05T09:12:09.864377+00:00,416889519069,418789179482,b3ee321e-69da-462d-8718-4589949b17d0,1899660413,formal,navier,navier_f64,v8,256,25,3,"[""jsc"",""quickjs"",""v8""]",55,MAIN_MONOTONIC_V1_DERIVED,wsl2-ubuntu2404-x64-20261004,"[""--max-opt=0"",""--no-lazy""]",83b744a5953d2662ea723564d4035a333782a0cc85232d1025929a925150b133,938ce8e351a82dbf96016843d08030b8ae02cea5bf23fc6555a234cb49531eaf,"[{""path"":""/mnt/c/Users/mzyx/Desktop/0921/js-interpreter-bench/experiments/three_engine_baseline/adapters/v8.js"",""sha256"":""0ab3ed677381191d7e7839cbbc3f07895104a8b8299679ab9f37b856d76d3a22""},{""path"":""/mnt/c/Users/mzyx/Desktop/0921/js-interpreter-bench/experiments/timer_recovery/adapters/v8.js"",""sha256"":""e610d3aa3d2672a5e6d5eccd9aaf05c6ae6758d1b9c4468289f017a231ab7d9f""}]",7354c1868ce2f8a6cc0d43c8be772c69eece3966b70d20df8f98270cddf07e2b,925519576,925519576,"{""mode"":""MAIN_MONOTONIC_V1_DERIVED"",""variant"":""navier_f64"",""N"":256,""checksum"":925519576,""correctness"":""PASS"",""warmup_calls"":0,""start_ms"":34.21,""stop_ms"":1889.974,""elapsed_ms"":1855.764}",1855.764,7.249078125,[],True
0,"WB_RESULT:{""mode"":""MAIN_MONOTONIC_V1_DERIVED"",""variant"":""navier_f64"",""N"":256,""checksum"":925519576,""correctness"":""PASS"",""warmup_calls"":0,""start_ms"":0,""stop_ms"":1600.96,""elapsed_ms"":1600.96}
",,"[""/home/mzyx/jsc_build_fd3406f/JSCOnly/Release/bin/jsc"",""--useJIT=false"",""--useLLInt=true"",""--validateOptions=true"",""/mnt/c/Users/mzyx/Desktop/0921/js-interpreter-bench/experiments/three_engine_baseline/adapters/jsc.js"",""/mnt/c/Users/mzyx/Desktop/0921/js-interpreter-bench/experiments/timer_recovery/adapters/jsc.js"",""/mnt/c/Users/mzyx/Desktop/0921/js-interpreter-bench/experiments/whitebox_analysis/attempt01/microbench/generated/navier_f64.N256.js""]",/mnt/c/Users/mzyx/Desktop/0921/js-interpreter-bench,2026-10-05T09:15:45.451639+00:00,648203127039,649849618481,b3ee321e-69da-462d-8718-4589949b17d0,1646491442,formal,navier,navier_f64,jsc,256,26,1,"[""jsc"",""v8"",""quickjs""]",98,MAIN_MONOTONIC_V1_DERIVED,wsl2-ubuntu2404-x64-20261004,"[""--useJIT=false"",""--useLLInt=true"",""--validateOptions=true""]",65c824a055405bf62b05e21d54515a72a1f0187a4d91225d00a6da969d35879f,938ce8e351a82dbf96016843d08030b8ae02cea5bf23fc6555a234cb49531eaf,"[{""path"":""/mnt/c/Users/mzyx/Desktop/0921/js-interpreter-bench/experiments/three_engine_baseline/adapters/jsc.js"",""sha256"":""f9ddbb9556352e283b9c9feebc8bdd0ef1abac5bcdf1ab7a5d83945fa3c9437b""},{""path"":""/mnt/c/Users/mzyx/Desktop/0921/js-interpreter-bench/experiments/timer_recovery/adapters/jsc.js"",""sha256"":""0c485996a598b7e36f2f292b66397adc0390cbe6b69b55199e47e1c6c1e37010""}]",7354c1868ce2f8a6cc0d43c8be772c69eece3966b70d20df8f98270cddf07e2b,925519576,925519576,"{""mode"":""MAIN_MONOTONIC_V1_DERIVED"",""variant"":""navier_f64"",""N"":256,""checksum"":925519576,""correctness"":""PASS"",""warmup_calls"":0,""start_ms"":0,""stop_ms"":1600.96,""elapsed_ms"":1600.96}",1600.96,6.25375,[],True
0,"WB_RESULT:{""mode"":""MAIN_MONOTONIC_V1_DERIVED"",""variant"":""navier_f64"",""N"":256,""checksum"":925519576,""correctness"":""PASS"",""warmup_calls"":0,""start_ms"":652027.574243,""stop_ms"":653600.06724,""elapsed_ms"":1572.492996999994}
",,"[""/home/mzyx/three_engine_20261004/quickjs-04be246001599f5995fa2f2d8c91a0f198d3f34c/qjs"",""-I"",""/mnt/c/Users/mzyx/Desktop/0921/js-interpreter-bench/experiments/three_engine_baseline/adapters/quickjs.js"",""-I"",""/mnt/c/Users/mzyx/Desktop/0921/js-interpreter-bench/experiments/timer_recovery/adapters/quickjs.js"",""/mnt/c/Users/mzyx/Desktop/0921/js-interpreter-bench/experiments/whitebox_analysis/attempt01/microbench/generated/navier_f64.N256.js""]",/mnt/c/Users/mzyx/Desktop/0921/js-interpreter-bench,2026-10-05T09:15:49.203301+00:00,652015427542,653601150649,b3ee321e-69da-462d-8718-4589949b17d0,1585723107,formal,navier,navier_f64,quickjs,256,26,3,"[""jsc"",""v8"",""quickjs""]",98,MAIN_MONOTONIC_V1_DERIVED,wsl2-ubuntu2404-x64-20261004,[],140d5233b0337d91cb0f994ae4a051e49aa04da8802acfaedf0a01b81a620b79,938ce8e351a82dbf96016843d08030b8ae02cea5bf23fc6555a234cb49531eaf,"[{""path"":""/mnt/c/Users/mzyx/Desktop/0921/js-interpreter-bench/experiments/three_engine_baseline/adapters/quickjs.js"",""sha256"":""f20aa7b460675d08600a58945203034feb50b2a3515aba579219f648b1235c6c""},{""path"":""/mnt/c/Users/mzyx/Desktop/0921/js-interpreter-bench/experiments/timer_recovery/adapters/quickjs.js"",""sha256"":""cd393c275173f20526562a008951f65a332deffed85e7c804519788b8ebffab7""}]",7354c1868ce2f8a6cc0d43c8be772c69eece3966b70d20df8f98270cddf07e2b,925519576,925519576,"{""mode"":""MAIN_MONOTONIC_V1_DERIVED"",""variant"":""navier_f64"",""N"":256,""checksum"":925519576,""correctness"":""PASS"",""warmup_calls"":0,""start_ms"":652027.574243,""stop_ms"":653600.06724,""elapsed_ms"":1572.492996999994}",1572.492996999994,6.142550769531226,[],True
0,"WB_RESULT:{""mode"":""MAIN_MONOTONIC_V1_DERIVED"",""variant"":""navier_f64"",""N"":256,""checksum"":925519576,""correctness"":""PASS"",""warmup_calls"":0,""start_ms"":50.345,""stop_ms"":1878.463,""elapsed_ms"":1828.118}
",,"[""/home/mzyx/three_engine_20261004/v8-linux64-rel-15.6.21/d8"",""--snapshot_blob=/home/mzyx/three_engine_20261004/v8-linux64-rel-15.6.21/snapshot_blob.bin"",""--max-opt=0"",""--no-lazy"",""/mnt/c/Users/mzyx/Desktop/0921/js-interpreter-bench/experiments/three_engine_baseline/adapters/v8.js"",""/mnt/c/Users/mzyx/Desktop/0921/js-interpreter-bench/experiments/timer_recovery/adapters/v8.js"",""/mnt/c/Users/mzyx/Desktop/0921/js-interpreter-bench/experiments/whitebox_analysis/attempt01/microbench/generated/navier_f64.N256.js""]",/mnt/c/Users/mzyx/Desktop/0921/js-interpreter-bench,2026-10-05T09:15:47.483215+00:00,649989200923,651881062432,b3ee321e-69da-462d-8718-4589949b17d0,1891861509,formal,navier,navier_f64,v8,256,26,2,"[""jsc"",""v8"",""quickjs""]",98,MAIN_MONOTONIC_V1_DERIVED,wsl2-ubuntu2404-x64-20261004,"[""--max-opt=0"",""--no-lazy""]",83b744a5953d2662ea723564d4035a333782a0cc85232d1025929a925150b133,938ce8e351a82dbf96016843d08030b8ae02cea5bf23fc6555a234cb49531eaf,"[{""path"":""/mnt/c/Users/mzyx/Desktop/0921/js-interpreter-bench/experiments/three_engine_baseline/adapters/v8.js"",""sha256"":""0ab3ed677381191d7e7839cbbc3f07895104a8b8299679ab9f37b856d76d3a22""},{""path"":""/mnt/c/Users/mzyx/Desktop/0921/js-interpreter-bench/experiments/timer_recovery/adapters/v8.js"",""sha256"":""e610d3aa3d2672a5e6d5eccd9aaf05c6ae6758d1b9c4468289f017a231ab7d9f""}]",7354c1868ce2f8a6cc0d43c8be772c69eece3966b70d20df8f98270cddf07e2b,925519576,925519576,"{""mode"":""MAIN_MONOTONIC_V1_DERIVED"",""variant"":""navier_f64"",""N"":256,""checksum"":925519576,""correctness"":""PASS"",""warmup_calls"":0,""start_ms"":50.345,""stop_ms"":1878.463,""elapsed_ms"":1828.118}",1828.118,7.1410859375,[],True
0,"WB_RESULT:{""mode"":""MAIN_MONOTONIC_V1_DERIVED"",""variant"":""navier_f64"",""N"":256,""checksum"":925519576,""correctness"":""PASS"",""warmup_calls"":0,""start_ms"":0,""stop_ms"":1603.04,""elapsed_ms"":1603.04}
",,"[""/home/mzyx/jsc_build_fd3406f/JSCOnly/Release/bin/jsc"",""--useJIT=false"",""--useLLInt=true"",""--validateOptions=true"",""/mnt/c/Users/mzyx/Desktop/0921/js-interpreter-bench/experiments/three_engine_baseline/adapters/jsc.js"",""/mnt/c/Users/mzyx/Desktop/0921/js-interpreter-bench/experiments/timer_recovery/adapters/jsc.js"",""/mnt/c/Users/mzyx/Desktop/0921/js-interpreter-bench/experiments/whitebox_analysis/attempt01/microbench/generated/navier_f64.N256.js""]",/mnt/c/Users/mzyx/Desktop/0921/js-interpreter-bench,2026-10-05T09:13:46.831850+00:00,520783277935,522419871280,b3ee321e-69da-462d-8718-4589949b17d0,1636593345,formal,navier,navier_f64,jsc,256,27,3,"[""v8"",""quickjs"",""jsc""]",74,MAIN_MONOTONIC_V1_DERIVED,wsl2-ubuntu2404-x64-20261004,"[""--useJIT=false"",""--useLLInt=true"",""--validateOptions=true""]",65c824a055405bf62b05e21d54515a72a1f0187a4d91225d00a6da969d35879f,938ce8e351a82dbf96016843d08030b8ae02cea5bf23fc6555a234cb49531eaf,"[{""path"":""/mnt/c/Users/mzyx/Desktop/0921/js-interpreter-bench/experiments/three_engine_baseline/adapters/jsc.js"",""sha256"":""f9ddbb9556352e283b9c9feebc8bdd0ef1abac5bcdf1ab7a5d83945fa3c9437b""},{""path"":""/mnt/c/Users/mzyx/Desktop/0921/js-interpreter-bench/experiments/timer_recovery/adapters/jsc.js"",""sha256"":""0c485996a598b7e36f2f292b66397adc0390cbe6b69b55199e47e1c6c1e37010""}]",7354c1868ce2f8a6cc0d43c8be772c69eece3966b70d20df8f98270cddf07e2b,925519576,925519576,"{""mode"":""MAIN_MONOTONIC_V1_DERIVED"",""variant"":""navier_f64"",""N"":256,""checksum"":925519576,""correctness"":""PASS"",""warmup_calls"":0,""start_ms"":0,""stop_ms"":1603.04,""elapsed_ms"":1603.04}",1603.04,6.261875,[],True
0,"WB_RESULT:{""mode"":""MAIN_MONOTONIC_V1_DERIVED"",""variant"":""navier_f64"",""N"":256,""checksum"":925519576,""correctness"":""PASS"",""warmup_calls"":0,""start_ms"":519097.94663,""stop_ms"":520636.995223,""elapsed_ms"":1539.048592999985}
",,"[""/home/mzyx/three_engine_20261004/quickjs-04be246001599f5995fa2f2d8c91a0f198d3f34c/qjs"",""-I"",""/mnt/c/Users/mzyx/Desktop/0921/js-interpreter-bench/experiments/three_engine_baseline/adapters/quickjs.js"",""-I"",""/mnt/c/Users/mzyx/Desktop/0921/js-interpreter-bench/experiments/timer_recovery/adapters/quickjs.js"",""/mnt/c/Users/mzyx/Desktop/0921/js-interpreter-bench/experiments/whitebox_analysis/attempt01/microbench/generated/navier_f64.N256.js""]",/mnt/c/Users/mzyx/Desktop/0921/js-interpreter-bench,2026-10-05T09:13:45.050095+00:00,519084618729,520638115438,b3ee321e-69da-462d-8718-4589949b17d0,1553496709,formal,navier,navier_f64,quickjs,256,27,2,"[""v8"",""quickjs"",""jsc""]",74,MAIN_MONOTONIC_V1_DERIVED,wsl2-ubuntu2404-x64-20261004,[],140d5233b0337d91cb0f994ae4a051e49aa04da8802acfaedf0a01b81a620b79,938ce8e351a82dbf96016843d08030b8ae02cea5bf23fc6555a234cb49531eaf,"[{""path"":""/mnt/c/Users/mzyx/Desktop/0921/js-interpreter-bench/experiments/three_engine_baseline/adapters/quickjs.js"",""sha256"":""f20aa7b460675d08600a58945203034feb50b2a3515aba579219f648b1235c6c""},{""path"":""/mnt/c/Users/mzyx/Desktop/0921/js-interpreter-bench/experiments/timer_recovery/adapters/quickjs.js"",""sha256"":""cd393c275173f20526562a008951f65a332deffed85e7c804519788b8ebffab7""}]",7354c1868ce2f8a6cc0d43c8be772c69eece3966b70d20df8f98270cddf07e2b,925519576,925519576,"{""mode"":""MAIN_MONOTONIC_V1_DERIVED"",""variant"":""navier_f64"",""N"":256,""checksum"":925519576,""correctness"":""PASS"",""warmup_calls"":0,""start_ms"":519097.94663,""stop_ms"":520636.995223,""elapsed_ms"":1539.048592999985}",1539.048592999985,6.011908566406191,[],True
0,"WB_RESULT:{""mode"":""MAIN_MONOTONIC_V1_DERIVED"",""variant"":""navier_f64"",""N"":256,""checksum"":925519576,""correctness"":""PASS"",""warmup_calls"":0,""start_ms"":30.231,""stop_ms"":1852.873,""elapsed_ms"":1822.642}
",,"[""/home/mzyx/three_engine_20261004/v8-linux64-rel-15.6.21/d8"",""--snapshot_blob=/home/mzyx/three_engine_20261004/v8-linux64-rel-15.6.21/snapshot_blob.bin"",""--max-opt=0"",""--no-lazy"",""/mnt/c/Users/mzyx/Desktop/0921/js-interpreter-bench/experiments/three_engine_baseline/adapters/v8.js"",""/mnt/c/Users/mzyx/Desktop/0921/js-interpreter-bench/experiments/timer_recovery/adapters/v8.js"",""/mnt/c/Users/mzyx/Desktop/0921/js-interpreter-bench/experiments/whitebox_analysis/attempt01/microbench/generated/navier_f64.N256.js""]",/mnt/c/Users/mzyx/Desktop/0921/js-interpreter-bench,2026-10-05T09:13:43.350717+00:00,517075965584,518938736318,b3ee321e-69da-462d-8718-4589949b17d0,1862770734,formal,navier,navier_f64,v8,256,27,1,"[""v8"",""quickjs"",""jsc""]",74,MAIN_MONOTONIC_V1_DERIVED,wsl2-ubuntu2404-x64-20261004,"[""--max-opt=0"",""--no-lazy""]",83b744a5953d2662ea723564d4035a333782a0cc85232d1025929a925150b133,938ce8e351a82dbf96016843d08030b8ae02cea5bf23fc6555a234cb49531eaf,"[{""path"":""/mnt/c/Users/mzyx/Desktop/0921/js-interpreter-bench/experiments/three_engine_baseline/adapters/v8.js"",""sha256"":""0ab3ed677381191d7e7839cbbc3f07895104a8b8299679ab9f37b856d76d3a22""},{""path"":""/mnt/c/Users/mzyx/Desktop/0921/js-interpreter-bench/experiments/timer_recovery/adapters/v8.js"",""sha256"":""e610d3aa3d2672a5e6d5eccd9aaf05c6ae6758d1b9c4468289f017a231ab7d9f""}]",7354c1868ce2f8a6cc0d43c8be772c69eece3966b70d20df8f98270cddf07e2b,925519576,925519576,"{""mode"":""MAIN_MONOTONIC_V1_DERIVED"",""variant"":""navier_f64"",""N"":256,""checksum"":925519576,""correctness"":""PASS"",""warmup_calls"":0,""start_ms"":30.231,""stop_ms"":1852.873,""elapsed_ms"":1822.642}",1822.642,7.1196953125,[],True
0,"WB_RESULT:{""mode"":""MAIN_MONOTONIC_V1_DERIVED"",""variant"":""navier_f64"",""N"":256,""checksum"":925519576,""correctness"":""PASS"",""warmup_calls"":0,""start_ms"":0,""stop_ms"":1570.48,""elapsed_ms"":1570.48}
",,"[""/home/mzyx/jsc_build_fd3406f/JSCOnly/Release/bin/jsc"",""--useJIT=false"",""--useLLInt=true"",""--validateOptions=true"",""/mnt/c/Users/mzyx/Desktop/0921/js-interpreter-bench/experiments/three_engine_baseline/adapters/jsc.js"",""/mnt/c/Users/mzyx/Desktop/0921/js-interpreter-bench/experiments/timer_recovery/adapters/jsc.js"",""/mnt/c/Users/mzyx/Desktop/0921/js-interpreter-bench/experiments/whitebox_analysis/attempt01/microbench/generated/navier_f64.N256.js""]",/mnt/c/Users/mzyx/Desktop/0921/js-interpreter-bench,2026-10-05T09:09:33.010538+00:00,249443966157,251042662310,b3ee321e-69da-462d-8718-4589949b17d0,1598696153,formal,navier,navier_f64,jsc,256,28,3,"[""quickjs"",""v8"",""jsc""]",24,MAIN_MONOTONIC_V1_DERIVED,wsl2-ubuntu2404-x64-20261004,"[""--useJIT=false"",""--useLLInt=true"",""--validateOptions=true""]",65c824a055405bf62b05e21d54515a72a1f0187a4d91225d00a6da969d35879f,938ce8e351a82dbf96016843d08030b8ae02cea5bf23fc6555a234cb49531eaf,"[{""path"":""/mnt/c/Users/mzyx/Desktop/0921/js-interpreter-bench/experiments/three_engine_baseline/adapters/jsc.js"",""sha256"":""f9ddbb9556352e283b9c9feebc8bdd0ef1abac5bcdf1ab7a5d83945fa3c9437b""},{""path"":""/mnt/c/Users/mzyx/Desktop/0921/js-interpreter-bench/experiments/timer_recovery/adapters/jsc.js"",""sha256"":""0c485996a598b7e36f2f292b66397adc0390cbe6b69b55199e47e1c6c1e37010""}]",7354c1868ce2f8a6cc0d43c8be772c69eece3966b70d20df8f98270cddf07e2b,925519576,925519576,"{""mode"":""MAIN_MONOTONIC_V1_DERIVED"",""variant"":""navier_f64"",""N"":256,""checksum"":925519576,""correctness"":""PASS"",""warmup_calls"":0,""start_ms"":0,""stop_ms"":1570.48,""elapsed_ms"":1570.48}",1570.48,6.1346875,[],True
0,"WB_RESULT:{""mode"":""MAIN_MONOTONIC_V1_DERIVED"",""variant"":""navier_f64"",""N"":256,""checksum"":925519576,""correctness"":""PASS"",""warmup_calls"":0,""start_ms"":245656.512546,""stop_ms"":247256.778743,""elapsed_ms"":1600.26619699999}
",,"[""/home/mzyx/three_engine_20261004/quickjs-04be246001599f5995fa2f2d8c91a0f198d3f34c/qjs"",""-I"",""/mnt/c/Users/mzyx/Desktop/0921/js-interpreter-bench/experiments/three_engine_baseline/adapters/quickjs.js"",""-I"",""/mnt/c/Users/mzyx/Desktop/0921/js-interpreter-bench/experiments/timer_recovery/adapters/quickjs.js"",""/mnt/c/Users/mzyx/Desktop/0921/js-interpreter-bench/experiments/whitebox_analysis/attempt01/microbench/generated/navier_f64.N256.js""]",/mnt/c/Users/mzyx/Desktop/0921/js-interpreter-bench,2026-10-05T09:09:31.508860+00:00,245644868371,247257976058,b3ee321e-69da-462d-8718-4589949b17d0,1613107687,formal,navier,navier_f64,quickjs,256,28,1,"[""quickjs"",""v8"",""jsc""]",24,MAIN_MONOTONIC_V1_DERIVED,wsl2-ubuntu2404-x64-20261004,[],140d5233b0337d91cb0f994ae4a051e49aa04da8802acfaedf0a01b81a620b79,938ce8e351a82dbf96016843d08030b8ae02cea5bf23fc6555a234cb49531eaf,"[{""path"":""/mnt/c/Users/mzyx/Desktop/0921/js-interpreter-bench/experiments/three_engine_baseline/adapters/quickjs.js"",""sha256"":""f20aa7b460675d08600a58945203034feb50b2a3515aba579219f648b1235c6c""},{""path"":""/mnt/c/Users/mzyx/Desktop/0921/js-interpreter-bench/experiments/timer_recovery/adapters/quickjs.js"",""sha256"":""cd393c275173f20526562a008951f65a332deffed85e7c804519788b8ebffab7""}]",7354c1868ce2f8a6cc0d43c8be772c69eece3966b70d20df8f98270cddf07e2b,925519576,925519576,"{""mode"":""MAIN_MONOTONIC_V1_DERIVED"",""variant"":""navier_f64"",""N"":256,""checksum"":925519576,""correctness"":""PASS"",""warmup_calls"":0,""start_ms"":245656.512546,""stop_ms"":247256.778743,""elapsed_ms"":1600.26619699999}",1600.26619699999,6.251039832031211,[],True
0,"WB_RESULT:{""mode"":""MAIN_MONOTONIC_V1_DERIVED"",""variant"":""navier_f64"",""N"":256,""checksum"":925519576,""correctness"":""PASS"",""warmup_calls"":0,""start_ms"":29.296,""stop_ms"":1895.961,""elapsed_ms"":1866.665}
",,"[""/home/mzyx/three_engine_20261004/v8-linux64-rel-15.6.21/d8"",""--snapshot_blob=/home/mzyx/three_engine_20261004/v8-linux64-rel-15.6.21/snapshot_blob.bin"",""--max-opt=0"",""--no-lazy"",""/mnt/c/Users/mzyx/Desktop/0921/js-interpreter-bench/experiments/three_engine_baseline/adapters/v8.js"",""/mnt/c/Users/mzyx/Desktop/0921/js-interpreter-bench/experiments/timer_recovery/adapters/v8.js"",""/mnt/c/Users/mzyx/Desktop/0921/js-interpreter-bench/experiments/whitebox_analysis/attempt01/microbench/generated/navier_f64.N256.js""]",/mnt/c/Users/mzyx/Desktop/0921/js-interpreter-bench,2026-10-05T09:09:31.273003+00:00,247400255175,249305126438,b3ee321e-69da-462d-8718-4589949b17d0,1904871263,formal,navier,navier_f64,v8,256,28,2,"[""quickjs"",""v8"",""jsc""]",24,MAIN_MONOTONIC_V1_DERIVED,wsl2-ubuntu2404-x64-20261004,"[""--max-opt=0"",""--no-lazy""]",83b744a5953d2662ea723564d4035a333782a0cc85232d1025929a925150b133,938ce8e351a82dbf96016843d08030b8ae02cea5bf23fc6555a234cb49531eaf,"[{""path"":""/mnt/c/Users/mzyx/Desktop/0921/js-interpreter-bench/experiments/three_engine_baseline/adapters/v8.js"",""sha256"":""0ab3ed677381191d7e7839cbbc3f07895104a8b8299679ab9f37b856d76d3a22""},{""path"":""/mnt/c/Users/mzyx/Desktop/0921/js-interpreter-bench/experiments/timer_recovery/adapters/v8.js"",""sha256"":""e610d3aa3d2672a5e6d5eccd9aaf05c6ae6758d1b9c4468289f017a231ab7d9f""}]",7354c1868ce2f8a6cc0d43c8be772c69eece3966b70d20df8f98270cddf07e2b,925519576,925519576,"{""mode"":""MAIN_MONOTONIC_V1_DERIVED"",""variant"":""navier_f64"",""N"":256,""checksum"":925519576,""correctness"":""PASS"",""warmup_calls"":0,""start_ms"":29.296,""stop_ms"":1895.961,""elapsed_ms"":1866.665}",1866.665,7.29166015625,[],True
0,"WB_RESULT:{""mode"":""MAIN_MONOTONIC_V1_DERIVED"",""variant"":""navier_f64"",""N"":256,""checksum"":925519576,""correctness"":""PASS"",""warmup_calls"":0,""start_ms"":0,""stop_ms"":1538.22,""elapsed_ms"":1538.22}
",,"[""/home/mzyx/jsc_build_fd3406f/JSCOnly/Release/bin/jsc"",""--useJIT=false"",""--useLLInt=true"",""--validateOptions=true"",""/mnt/c/Users/mzyx/Desktop/0921/js-interpreter-bench/experiments/three_engine_baseline/adapters/jsc.js"",""/mnt/c/Users/mzyx/Desktop/0921/js-interpreter-bench/experiments/timer_recovery/adapters/jsc.js"",""/mnt/c/Users/mzyx/Desktop/0921/js-interpreter-bench/experiments/whitebox_analysis/attempt01/microbench/generated/navier_f64.N256.js""]",/mnt/c/Users/mzyx/Desktop/0921/js-interpreter-bench,2026-10-05T09:08:10.470988+00:00,160268170427,161839184115,b3ee321e-69da-462d-8718-4589949b17d0,1571013688,formal,navier,navier_f64,jsc,256,29,1,"[""jsc"",""v8"",""quickjs""]",8,MAIN_MONOTONIC_V1_DERIVED,wsl2-ubuntu2404-x64-20261004,"[""--useJIT=false"",""--useLLInt=true"",""--validateOptions=true""]",65c824a055405bf62b05e21d54515a72a1f0187a4d91225d00a6da969d35879f,938ce8e351a82dbf96016843d08030b8ae02cea5bf23fc6555a234cb49531eaf,"[{""path"":""/mnt/c/Users/mzyx/Desktop/0921/js-interpreter-bench/experiments/three_engine_baseline/adapters/jsc.js"",""sha256"":""f9ddbb9556352e283b9c9feebc8bdd0ef1abac5bcdf1ab7a5d83945fa3c9437b""},{""path"":""/mnt/c/Users/mzyx/Desktop/0921/js-interpreter-bench/experiments/timer_recovery/adapters/jsc.js"",""sha256"":""0c485996a598b7e36f2f292b66397adc0390cbe6b69b55199e47e1c6c1e37010""}]",7354c1868ce2f8a6cc0d43c8be772c69eece3966b70d20df8f98270cddf07e2b,925519576,925519576,"{""mode"":""MAIN_MONOTONIC_V1_DERIVED"",""variant"":""navier_f64"",""N"":256,""checksum"":925519576,""correctness"":""PASS"",""warmup_calls"":0,""start_ms"":0,""stop_ms"":1538.22,""elapsed_ms"":1538.22}",1538.22,6.008671875,[],True
0,"WB_RESULT:{""mode"":""MAIN_MONOTONIC_V1_DERIVED"",""variant"":""navier_f64"",""N"":256,""checksum"":925519576,""correctness"":""PASS"",""warmup_calls"":0,""start_ms"":164040.27016,""stop_ms"":165562.866121,""elapsed_ms"":1522.5959610000136}
",,"[""/home/mzyx/three_engine_20261004/quickjs-04be246001599f5995fa2f2d8c91a0f198d3f34c/qjs"",""-I"",""/mnt/c/Users/mzyx/Desktop/0921/js-interpreter-bench/experiments/three_engine_baseline/adapters/quickjs.js"",""-I"",""/mnt/c/Users/mzyx/Desktop/0921/js-interpreter-bench/experiments/timer_recovery/adapters/quickjs.js"",""/mnt/c/Users/mzyx/Desktop/0921/js-interpreter-bench/experiments/whitebox_analysis/attempt01/microbench/generated/navier_f64.N256.js""]",/mnt/c/Users/mzyx/Desktop/0921/js-interpreter-bench,2026-10-05T09:08:14.195962+00:00,164028208901,165564158827,b3ee321e-69da-462d-8718-4589949b17d0,1535949926,formal,navier,navier_f64,quickjs,256,29,3,"[""jsc"",""v8"",""quickjs""]",8,MAIN_MONOTONIC_V1_DERIVED,wsl2-ubuntu2404-x64-20261004,[],140d5233b0337d91cb0f994ae4a051e49aa04da8802acfaedf0a01b81a620b79,938ce8e351a82dbf96016843d08030b8ae02cea5bf23fc6555a234cb49531eaf,"[{""path"":""/mnt/c/Users/mzyx/Desktop/0921/js-interpreter-bench/experiments/three_engine_baseline/adapters/quickjs.js"",""sha256"":""f20aa7b460675d08600a58945203034feb50b2a3515aba579219f648b1235c6c""},{""path"":""/mnt/c/Users/mzyx/Desktop/0921/js-interpreter-bench/experiments/timer_recovery/adapters/quickjs.js"",""sha256"":""cd393c275173f20526562a008951f65a332deffed85e7c804519788b8ebffab7""}]",7354c1868ce2f8a6cc0d43c8be772c69eece3966b70d20df8f98270cddf07e2b,925519576,925519576,"{""mode"":""MAIN_MONOTONIC_V1_DERIVED"",""variant"":""navier_f64"",""N"":256,""checksum"":925519576,""correctness"":""PASS"",""warmup_calls"":0,""start_ms"":164040.27016,""stop_ms"":165562.866121,""elapsed_ms"":1522.5959610000136}",1522.5959610000136,5.947640472656303,[],True
0,"WB_RESULT:{""mode"":""MAIN_MONOTONIC_V1_DERIVED"",""variant"":""navier_f64"",""N"":256,""checksum"":925519576,""correctness"":""PASS"",""warmup_calls"":0,""start_ms"":28.428,""stop_ms"":1906.44,""elapsed_ms"":1878.012}
",,"[""/home/mzyx/three_engine_20261004/v8-linux64-rel-15.6.21/d8"",""--snapshot_blob=/home/mzyx/three_engine_20261004/v8-linux64-rel-15.6.21/snapshot_blob.bin"",""--max-opt=0"",""--no-lazy"",""/mnt/c/Users/mzyx/Desktop/0921/js-interpreter-bench/experiments/three_engine_baseline/adapters/v8.js"",""/mnt/c/Users/mzyx/Desktop/0921/js-interpreter-bench/experiments/timer_recovery/adapters/v8.js"",""/mnt/c/Users/mzyx/Desktop/0921/js-interpreter-bench/experiments/whitebox_analysis/attempt01/microbench/generated/navier_f64.N256.js""]",/mnt/c/Users/mzyx/Desktop/0921/js-interpreter-bench,2026-10-05T09:08:12.518189+00:00,161970302516,163886385285,b3ee321e-69da-462d-8718-4589949b17d0,1916082769,formal,navier,navier_f64,v8,256,29,2,"[""jsc"",""v8"",""quickjs""]",8,MAIN_MONOTONIC_V1_DERIVED,wsl2-ubuntu2404-x64-20261004,"[""--max-opt=0"",""--no-lazy""]",83b744a5953d2662ea723564d4035a333782a0cc85232d1025929a925150b133,938ce8e351a82dbf96016843d08030b8ae02cea5bf23fc6555a234cb49531eaf,"[{""path"":""/mnt/c/Users/mzyx/Desktop/0921/js-interpreter-bench/experiments/three_engine_baseline/adapters/v8.js"",""sha256"":""0ab3ed677381191d7e7839cbbc3f07895104a8b8299679ab9f37b856d76d3a22""},{""path"":""/mnt/c/Users/mzyx/Desktop/0921/js-interpreter-bench/experiments/timer_recovery/adapters/v8.js"",""sha256"":""e610d3aa3d2672a5e6d5eccd9aaf05c6ae6758d1b9c4468289f017a231ab7d9f""}]",7354c1868ce2f8a6cc0d43c8be772c69eece3966b70d20df8f98270cddf07e2b,925519576,925519576,"{""mode"":""MAIN_MONOTONIC_V1_DERIVED"",""variant"":""navier_f64"",""N"":256,""checksum"":925519576,""correctness"":""PASS"",""warmup_calls"":0,""start_ms"":28.428,""stop_ms"":1906.44,""elapsed_ms"":1878.012}",1878.012,7.335984375,[],True
0,"WB_RESULT:{""mode"":""MAIN_MONOTONIC_V1_DERIVED"",""variant"":""navier_f64"",""N"":256,""checksum"":925519576,""correctness"":""PASS"",""warmup_calls"":0,""start_ms"":0,""stop_ms"":1577.96,""elapsed_ms"":1577.96}
",,"[""/home/mzyx/jsc_build_fd3406f/JSCOnly/Release/bin/jsc"",""--useJIT=false"",""--useLLInt=true"",""--validateOptions=true"",""/mnt/c/Users/mzyx/Desktop/0921/js-interpreter-bench/experiments/three_engine_baseline/adapters/jsc.js"",""/mnt/c/Users/mzyx/Desktop/0921/js-interpreter-bench/experiments/timer_recovery/adapters/jsc.js"",""/mnt/c/Users/mzyx/Desktop/0921/js-interpreter-bench/experiments/whitebox_analysis/attempt01/microbench/generated/navier_f64.N256.js""]",/mnt/c/Users/mzyx/Desktop/0921/js-interpreter-bench,2026-10-05T09:12:52.690639+00:00,462154688615,463764592640,b3ee321e-69da-462d-8718-4589949b17d0,1609904025,formal,navier,navier_f64,jsc,256,3,1,"[""jsc"",""quickjs"",""v8""]",64,MAIN_MONOTONIC_V1_DERIVED,wsl2-ubuntu2404-x64-20261004,"[""--useJIT=false"",""--useLLInt=true"",""--validateOptions=true""]",65c824a055405bf62b05e21d54515a72a1f0187a4d91225d00a6da969d35879f,938ce8e351a82dbf96016843d08030b8ae02cea5bf23fc6555a234cb49531eaf,"[{""path"":""/mnt/c/Users/mzyx/Desktop/0921/js-interpreter-bench/experiments/three_engine_baseline/adapters/jsc.js"",""sha256"":""f9ddbb9556352e283b9c9feebc8bdd0ef1abac5bcdf1ab7a5d83945fa3c9437b""},{""path"":""/mnt/c/Users/mzyx/Desktop/0921/js-interpreter-bench/experiments/timer_recovery/adapters/jsc.js"",""sha256"":""0c485996a598b7e36f2f292b66397adc0390cbe6b69b55199e47e1c6c1e37010""}]",7354c1868ce2f8a6cc0d43c8be772c69eece3966b70d20df8f98270cddf07e2b,925519576,925519576,"{""mode"":""MAIN_MONOTONIC_V1_DERIVED"",""variant"":""navier_f64"",""N"":256,""checksum"":925519576,""correctness"":""PASS"",""warmup_calls"":0,""start_ms"":0,""stop_ms"":1577.96,""elapsed_ms"":1577.96}",1577.96,6.16390625,[],True
0,"WB_RESULT:{""mode"":""MAIN_MONOTONIC_V1_DERIVED"",""variant"":""navier_f64"",""N"":256,""checksum"":925519576,""correctness"":""PASS"",""warmup_calls"":0,""start_ms"":463922.706991,""stop_ms"":465526.785384,""elapsed_ms"":1604.0783930000034}
",,"[""/home/mzyx/three_engine_20261004/quickjs-04be246001599f5995fa2f2d8c91a0f198d3f34c/qjs"",""-I"",""/mnt/c/Users/mzyx/Desktop/0921/js-interpreter-bench/experiments/three_engine_baseline/adapters/quickjs.js"",""-I"",""/mnt/c/Users/mzyx/Desktop/0921/js-interpreter-bench/experiments/timer_recovery/adapters/quickjs.js"",""/mnt/c/Users/mzyx/Desktop/0921/js-interpreter-bench/experiments/whitebox_analysis/attempt01/microbench/generated/navier_f64.N256.js""]",/mnt/c/Users/mzyx/Desktop/0921/js-interpreter-bench,2026-10-05T09:12:54.453888+00:00,463910609566,465527854113,b3ee321e-69da-462d-8718-4589949b17d0,1617244547,formal,navier,navier_f64,quickjs,256,3,2,"[""jsc"",""quickjs"",""v8""]",64,MAIN_MONOTONIC_V1_DERIVED,wsl2-ubuntu2404-x64-20261004,[],140d5233b0337d91cb0f994ae4a051e49aa04da8802acfaedf0a01b81a620b79,938ce8e351a82dbf96016843d08030b8ae02cea5bf23fc6555a234cb49531eaf,"[{""path"":""/mnt/c/Users/mzyx/Desktop/0921/js-interpreter-bench/experiments/three_engine_baseline/adapters/quickjs.js"",""sha256"":""f20aa7b460675d08600a58945203034feb50b2a3515aba579219f648b1235c6c""},{""path"":""/mnt/c/Users/mzyx/Desktop/0921/js-interpreter-bench/experiments/timer_recovery/adapters/quickjs.js"",""sha256"":""cd393c275173f20526562a008951f65a332deffed85e7c804519788b8ebffab7""}]",7354c1868ce2f8a6cc0d43c8be772c69eece3966b70d20df8f98270cddf07e2b,925519576,925519576,"{""mode"":""MAIN_MONOTONIC_V1_DERIVED"",""variant"":""navier_f64"",""N"":256,""checksum"":925519576,""correctness"":""PASS"",""warmup_calls"":0,""start_ms"":463922.706991,""stop_ms"":465526.785384,""elapsed_ms"":1604.0783930000034}",1604.0783930000034,6.265931222656263,[],True
0,"WB_RESULT:{""mode"":""MAIN_MONOTONIC_V1_DERIVED"",""variant"":""navier_f64"",""N"":256,""checksum"":925519576,""correctness"":""PASS"",""warmup_calls"":0,""start_ms"":30.159,""stop_ms"":1767.554,""elapsed_ms"":1737.395}
",,"[""/home/mzyx/three_engine_20261004/v8-linux64-rel-15.6.21/d8"",""--snapshot_blob=/home/mzyx/three_engine_20261004/v8-linux64-rel-15.6.21/snapshot_blob.bin"",""--max-opt=0"",""--no-lazy"",""/mnt/c/Users/mzyx/Desktop/0921/js-interpreter-bench/experiments/three_engine_baseline/adapters/v8.js"",""/mnt/c/Users/mzyx/Desktop/0921/js-interpreter-bench/experiments/timer_recovery/adapters/v8.js"",""/mnt/c/Users/mzyx/Desktop/0921/js-interpreter-bench/experiments/whitebox_analysis/attempt01/microbench/generated/navier_f64.N256.js""]",/mnt/c/Users/mzyx/Desktop/0921/js-interpreter-bench,2026-10-05T09:12:56.371615+00:00,465669164970,467445564588,b3ee321e-69da-462d-8718-4589949b17d0,1776399618,formal,navier,navier_f64,v8,256,3,3,"[""jsc"",""quickjs"",""v8""]",64,MAIN_MONOTONIC_V1_DERIVED,wsl2-ubuntu2404-x64-20261004,"[""--max-opt=0"",""--no-lazy""]",83b744a5953d2662ea723564d4035a333782a0cc85232d1025929a925150b133,938ce8e351a82dbf96016843d08030b8ae02cea5bf23fc6555a234cb49531eaf,"[{""path"":""/mnt/c/Users/mzyx/Desktop/0921/js-interpreter-bench/experiments/three_engine_baseline/adapters/v8.js"",""sha256"":""0ab3ed677381191d7e7839cbbc3f07895104a8b8299679ab9f37b856d76d3a22""},{""path"":""/mnt/c/Users/mzyx/Desktop/0921/js-interpreter-bench/experiments/timer_recovery/adapters/v8.js"",""sha256"":""e610d3aa3d2672a5e6d5eccd9aaf05c6ae6758d1b9c4468289f017a231ab7d9f""}]",7354c1868ce2f8a6cc0d43c8be772c69eece3966b70d20df8f98270cddf07e2b,925519576,925519576,"{""mode"":""MAIN_MONOTONIC_V1_DERIVED"",""variant"":""navier_f64"",""N"":256,""checksum"":925519576,""correctness"":""PASS"",""warmup_calls"":0,""start_ms"":30.159,""stop_ms"":1767.554,""elapsed_ms"":1737.395}",1737.395,6.78669921875,[],True
0,"WB_RESULT:{""mode"":""MAIN_MONOTONIC_V1_DERIVED"",""variant"":""navier_f64"",""N"":256,""checksum"":925519576,""correctness"":""PASS"",""warmup_calls"":0,""start_ms"":0,""stop_ms"":1476.36,""elapsed_ms"":1476.36}
",,"[""/home/mzyx/jsc_build_fd3406f/JSCOnly/Release/bin/jsc"",""--useJIT=false"",""--useLLInt=true"",""--validateOptions=true"",""/mnt/c/Users/mzyx/Desktop/0921/js-interpreter-bench/experiments/three_engine_baseline/adapters/jsc.js"",""/mnt/c/Users/mzyx/Desktop/0921/js-interpreter-bench/experiments/timer_recovery/adapters/jsc.js"",""/mnt/c/Users/mzyx/Desktop/0921/js-interpreter-bench/experiments/whitebox_analysis/attempt01/microbench/generated/navier_f64.N256.js""]",/mnt/c/Users/mzyx/Desktop/0921/js-interpreter-bench,2026-10-05T09:07:35.408521+00:00,123480699378,125004813059,b3ee321e-69da-462d-8718-4589949b17d0,1524113681,formal,navier,navier_f64,jsc,256,30,1,"[""jsc"",""v8"",""quickjs""]",1,MAIN_MONOTONIC_V1_DERIVED,wsl2-ubuntu2404-x64-20261004,"[""--useJIT=false"",""--useLLInt=true"",""--validateOptions=true""]",65c824a055405bf62b05e21d54515a72a1f0187a4d91225d00a6da969d35879f,938ce8e351a82dbf96016843d08030b8ae02cea5bf23fc6555a234cb49531eaf,"[{""path"":""/mnt/c/Users/mzyx/Desktop/0921/js-interpreter-bench/experiments/three_engine_baseline/adapters/jsc.js"",""sha256"":""f9ddbb9556352e283b9c9feebc8bdd0ef1abac5bcdf1ab7a5d83945fa3c9437b""},{""path"":""/mnt/c/Users/mzyx/Desktop/0921/js-interpreter-bench/experiments/timer_recovery/adapters/jsc.js"",""sha256"":""0c485996a598b7e36f2f292b66397adc0390cbe6b69b55199e47e1c6c1e37010""}]",7354c1868ce2f8a6cc0d43c8be772c69eece3966b70d20df8f98270cddf07e2b,925519576,925519576,"{""mode"":""MAIN_MONOTONIC_V1_DERIVED"",""variant"":""navier_f64"",""N"":256,""checksum"":925519576,""correctness"":""PASS"",""warmup_calls"":0,""start_ms"":0,""stop_ms"":1476.36,""elapsed_ms"":1476.36}",1476.36,5.76703125,[],True
0,"WB_RESULT:{""mode"":""MAIN_MONOTONIC_V1_DERIVED"",""variant"":""navier_f64"",""N"":256,""checksum"":925519576,""correctness"":""PASS"",""warmup_calls"":0,""start_ms"":127077.436959,""stop_ms"":128580.916611,""elapsed_ms"":1503.4796519999945}
",,"[""/home/mzyx/three_engine_20261004/quickjs-04be246001599f5995fa2f2d8c91a0f198d3f34c/qjs"",""-I"",""/mnt/c/Users/mzyx/Desktop/0921/js-interpreter-bench/experiments/three_engine_baseline/adapters/quickjs.js"",""-I"",""/mnt/c/Users/mzyx/Desktop/0921/js-interpreter-bench/experiments/timer_recovery/adapters/quickjs.js"",""/mnt/c/Users/mzyx/Desktop/0921/js-interpreter-bench/experiments/whitebox_analysis/attempt01/microbench/generated/navier_f64.N256.js""]",/mnt/c/Users/mzyx/Desktop/0921/js-interpreter-bench,2026-10-05T09:07:38.985744+00:00,127065765427,128582044884,b3ee321e-69da-462d-8718-4589949b17d0,1516279457,formal,navier,navier_f64,quickjs,256,30,3,"[""jsc"",""v8"",""quickjs""]",1,MAIN_MONOTONIC_V1_DERIVED,wsl2-ubuntu2404-x64-20261004,[],140d5233b0337d91cb0f994ae4a051e49aa04da8802acfaedf0a01b81a620b79,938ce8e351a82dbf96016843d08030b8ae02cea5bf23fc6555a234cb49531eaf,"[{""path"":""/mnt/c/Users/mzyx/Desktop/0921/js-interpreter-bench/experiments/three_engine_baseline/adapters/quickjs.js"",""sha256"":""f20aa7b460675d08600a58945203034feb50b2a3515aba579219f648b1235c6c""},{""path"":""/mnt/c/Users/mzyx/Desktop/0921/js-interpreter-bench/experiments/timer_recovery/adapters/quickjs.js"",""sha256"":""cd393c275173f20526562a008951f65a332deffed85e7c804519788b8ebffab7""}]",7354c1868ce2f8a6cc0d43c8be772c69eece3966b70d20df8f98270cddf07e2b,925519576,925519576,"{""mode"":""MAIN_MONOTONIC_V1_DERIVED"",""variant"":""navier_f64"",""N"":256,""checksum"":925519576,""correctness"":""PASS"",""warmup_calls"":0,""start_ms"":127077.436959,""stop_ms"":128580.916611,""elapsed_ms"":1503.4796519999945}",1503.4796519999945,5.872967390624979,[],True
0,"WB_RESULT:{""mode"":""MAIN_MONOTONIC_V1_DERIVED"",""variant"":""navier_f64"",""N"":256,""checksum"":925519576,""correctness"":""PASS"",""warmup_calls"":0,""start_ms"":39.682,""stop_ms"":1792.041,""elapsed_ms"":1752.359}
",,"[""/home/mzyx/three_engine_20261004/v8-linux64-rel-15.6.21/d8"",""--snapshot_blob=/home/mzyx/three_engine_20261004/v8-linux64-rel-15.6.21/snapshot_blob.bin"",""--max-opt=0"",""--no-lazy"",""/mnt/c/Users/mzyx/Desktop/0921/js-interpreter-bench/experiments/three_engine_baseline/adapters/v8.js"",""/mnt/c/Users/mzyx/Desktop/0921/js-interpreter-bench/experiments/timer_recovery/adapters/v8.js"",""/mnt/c/Users/mzyx/Desktop/0921/js-interpreter-bench/experiments/whitebox_analysis/attempt01/microbench/generated/navier_f64.N256.js""]",/mnt/c/Users/mzyx/Desktop/0921/js-interpreter-bench,2026-10-05T09:07:37.338663+00:00,125133238956,126934959331,b3ee321e-69da-462d-8718-4589949b17d0,1801720375,formal,navier,navier_f64,v8,256,30,2,"[""jsc"",""v8"",""quickjs""]",1,MAIN_MONOTONIC_V1_DERIVED,wsl2-ubuntu2404-x64-20261004,"[""--max-opt=0"",""--no-lazy""]",83b744a5953d2662ea723564d4035a333782a0cc85232d1025929a925150b133,938ce8e351a82dbf96016843d08030b8ae02cea5bf23fc6555a234cb49531eaf,"[{""path"":""/mnt/c/Users/mzyx/Desktop/0921/js-interpreter-bench/experiments/three_engine_baseline/adapters/v8.js"",""sha256"":""0ab3ed677381191d7e7839cbbc3f07895104a8b8299679ab9f37b856d76d3a22""},{""path"":""/mnt/c/Users/mzyx/Desktop/0921/js-interpreter-bench/experiments/timer_recovery/adapters/v8.js"",""sha256"":""e610d3aa3d2672a5e6d5eccd9aaf05c6ae6758d1b9c4468289f017a231ab7d9f""}]",7354c1868ce2f8a6cc0d43c8be772c69eece3966b70d20df8f98270cddf07e2b,925519576,925519576,"{""mode"":""MAIN_MONOTONIC_V1_DERIVED"",""variant"":""navier_f64"",""N"":256,""checksum"":925519576,""correctness"":""PASS"",""warmup_calls"":0,""start_ms"":39.682,""stop_ms"":1792.041,""elapsed_ms"":1752.359}",1752.359,6.84515234375,[],True
0,"WB_RESULT:{""mode"":""MAIN_MONOTONIC_V1_DERIVED"",""variant"":""navier_f64"",""N"":256,""checksum"":925519576,""correctness"":""PASS"",""warmup_calls"":0,""start_ms"":0,""stop_ms"":1571.62,""elapsed_ms"":1571.62}
",,"[""/home/mzyx/jsc_build_fd3406f/JSCOnly/Release/bin/jsc"",""--useJIT=false"",""--useLLInt=true"",""--validateOptions=true"",""/mnt/c/Users/mzyx/Desktop/0921/js-interpreter-bench/experiments/three_engine_baseline/adapters/jsc.js"",""/mnt/c/Users/mzyx/Desktop/0921/js-interpreter-bench/experiments/timer_recovery/adapters/jsc.js"",""/mnt/c/Users/mzyx/Desktop/0921/js-interpreter-bench/experiments/whitebox_analysis/attempt01/microbench/generated/navier_f64.N256.js""]",/mnt/c/Users/mzyx/Desktop/0921/js-interpreter-bench,2026-10-05T09:08:19.677104+00:00,169440631623,171045301256,b3ee321e-69da-462d-8718-4589949b17d0,1604669633,formal,navier,navier_f64,jsc,256,4,3,"[""v8"",""quickjs"",""jsc""]",9,MAIN_MONOTONIC_V1_DERIVED,wsl2-ubuntu2404-x64-20261004,"[""--useJIT=false"",""--useLLInt=true"",""--validateOptions=true""]",65c824a055405bf62b05e21d54515a72a1f0187a4d91225d00a6da969d35879f,938ce8e351a82dbf96016843d08030b8ae02cea5bf23fc6555a234cb49531eaf,"[{""path"":""/mnt/c/Users/mzyx/Desktop/0921/js-interpreter-bench/experiments/three_engine_baseline/adapters/jsc.js"",""sha256"":""f9ddbb9556352e283b9c9feebc8bdd0ef1abac5bcdf1ab7a5d83945fa3c9437b""},{""path"":""/mnt/c/Users/mzyx/Desktop/0921/js-interpreter-bench/experiments/timer_recovery/adapters/jsc.js"",""sha256"":""0c485996a598b7e36f2f292b66397adc0390cbe6b69b55199e47e1c6c1e37010""}]",7354c1868ce2f8a6cc0d43c8be772c69eece3966b70d20df8f98270cddf07e2b,925519576,925519576,"{""mode"":""MAIN_MONOTONIC_V1_DERIVED"",""variant"":""navier_f64"",""N"":256,""checksum"":925519576,""correctness"":""PASS"",""warmup_calls"":0,""start_ms"":0,""stop_ms"":1571.62,""elapsed_ms"":1571.62}",1571.62,6.139140625,[],True
0,"WB_RESULT:{""mode"":""MAIN_MONOTONIC_V1_DERIVED"",""variant"":""navier_f64"",""N"":256,""checksum"":925519576,""correctness"":""PASS"",""warmup_calls"":0,""start_ms"":167715.200312,""stop_ms"":169294.987129,""elapsed_ms"":1579.7868169999856}
",,"[""/home/mzyx/three_engine_20261004/quickjs-04be246001599f5995fa2f2d8c91a0f198d3f34c/qjs"",""-I"",""/mnt/c/Users/mzyx/Desktop/0921/js-interpreter-bench/experiments/three_engine_baseline/adapters/quickjs.js"",""-I"",""/mnt/c/Users/mzyx/Desktop/0921/js-interpreter-bench/experiments/timer_recovery/adapters/quickjs.js"",""/mnt/c/Users/mzyx/Desktop/0921/js-interpreter-bench/experiments/whitebox_analysis/attempt01/microbench/generated/navier_f64.N256.js""]",/mnt/c/Users/mzyx/Desktop/0921/js-interpreter-bench,2026-10-05T09:08:17.927847+00:00,167703775609,169296044771,b3ee321e-69da-462d-8718-4589949b17d0,1592269162,formal,navier,navier_f64,quickjs,256,4,2,"[""v8"",""quickjs"",""jsc""]",9,MAIN_MONOTONIC_V1_DERIVED,wsl2-ubuntu2404-x64-20261004,[],140d5233b0337d91cb0f994ae4a051e49aa04da8802acfaedf0a01b81a620b79,938ce8e351a82dbf96016843d08030b8ae02cea5bf23fc6555a234cb49531eaf,"[{""path"":""/mnt/c/Users/mzyx/Desktop/0921/js-interpreter-bench/experiments/three_engine_baseline/adapters/quickjs.js"",""sha256"":""f20aa7b460675d08600a58945203034feb50b2a3515aba579219f648b1235c6c""},{""path"":""/mnt/c/Users/mzyx/Desktop/0921/js-interpreter-bench/experiments/timer_recovery/adapters/quickjs.js"",""sha256"":""cd393c275173f20526562a008951f65a332deffed85e7c804519788b8ebffab7""}]",7354c1868ce2f8a6cc0d43c8be772c69eece3966b70d20df8f98270cddf07e2b,925519576,925519576,"{""mode"":""MAIN_MONOTONIC_V1_DERIVED"",""variant"":""navier_f64"",""N"":256,""checksum"":925519576,""correctness"":""PASS"",""warmup_calls"":0,""start_ms"":167715.200312,""stop_ms"":169294.987129,""elapsed_ms"":1579.7868169999856}",1579.7868169999856,6.171042253906194,[],True
0,"WB_RESULT:{""mode"":""MAIN_MONOTONIC_V1_DERIVED"",""variant"":""navier_f64"",""N"":256,""checksum"":925519576,""correctness"":""PASS"",""warmup_calls"":0,""start_ms"":27.856,""stop_ms"":1866.857,""elapsed_ms"":1839.001}
",,"[""/home/mzyx/three_engine_20261004/v8-linux64-rel-15.6.21/d8"",""--snapshot_blob=/home/mzyx/three_engine_20261004/v8-linux64-rel-15.6.21/snapshot_blob.bin"",""--max-opt=0"",""--no-lazy"",""/mnt/c/Users/mzyx/Desktop/0921/js-interpreter-bench/experiments/three_engine_baseline/adapters/v8.js"",""/mnt/c/Users/mzyx/Desktop/0921/js-interpreter-bench/experiments/timer_recovery/adapters/v8.js"",""/mnt/c/Users/mzyx/Desktop/0921/js-interpreter-bench/experiments/whitebox_analysis/attempt01/microbench/generated/navier_f64.N256.js""]",/mnt/c/Users/mzyx/Desktop/0921/js-interpreter-bench,2026-10-05T09:08:16.204772+00:00,165696895412,167572967068,b3ee321e-69da-462d-8718-4589949b17d0,1876071656,formal,navier,navier_f64,v8,256,4,1,"[""v8"",""quickjs"",""jsc""]",9,MAIN_MONOTONIC_V1_DERIVED,wsl2-ubuntu2404-x64-20261004,"[""--max-opt=0"",""--no-lazy""]",83b744a5953d2662ea723564d4035a333782a0cc85232d1025929a925150b133,938ce8e351a82dbf96016843d08030b8ae02cea5bf23fc6555a234cb49531eaf,"[{""path"":""/mnt/c/Users/mzyx/Desktop/0921/js-interpreter-bench/experiments/three_engine_baseline/adapters/v8.js"",""sha256"":""0ab3ed677381191d7e7839cbbc3f07895104a8b8299679ab9f37b856d76d3a22""},{""path"":""/mnt/c/Users/mzyx/Desktop/0921/js-interpreter-bench/experiments/timer_recovery/adapters/v8.js"",""sha256"":""e610d3aa3d2672a5e6d5eccd9aaf05c6ae6758d1b9c4468289f017a231ab7d9f""}]",7354c1868ce2f8a6cc0d43c8be772c69eece3966b70d20df8f98270cddf07e2b,925519576,925519576,"{""mode"":""MAIN_MONOTONIC_V1_DERIVED"",""variant"":""navier_f64"",""N"":256,""checksum"":925519576,""correctness"":""PASS"",""warmup_calls"":0,""start_ms"":27.856,""stop_ms"":1866.857,""elapsed_ms"":1839.001}",1839.001,7.18359765625,[],True
0,"WB_RESULT:{""mode"":""MAIN_MONOTONIC_V1_DERIVED"",""variant"":""navier_f64"",""N"":256,""checksum"":925519576,""correctness"":""PASS"",""warmup_calls"":0,""start_ms"":0,""stop_ms"":1564.9,""elapsed_ms"":1564.9}
",,"[""/home/mzyx/jsc_build_fd3406f/JSCOnly/Release/bin/jsc"",""--useJIT=false"",""--useLLInt=true"",""--validateOptions=true"",""/mnt/c/Users/mzyx/Desktop/0921/js-interpreter-bench/experiments/three_engine_baseline/adapters/jsc.js"",""/mnt/c/Users/mzyx/Desktop/0921/js-interpreter-bench/experiments/timer_recovery/adapters/jsc.js"",""/mnt/c/Users/mzyx/Desktop/0921/js-interpreter-bench/experiments/whitebox_analysis/attempt01/microbench/generated/navier_f64.N256.js""]",/mnt/c/Users/mzyx/Desktop/0921/js-interpreter-bench,2026-10-05T09:09:09.811342+00:00,223963375912,225560457458,b3ee321e-69da-462d-8718-4589949b17d0,1597081546,formal,navier,navier_f64,jsc,256,5,3,"[""v8"",""quickjs"",""jsc""]",19,MAIN_MONOTONIC_V1_DERIVED,wsl2-ubuntu2404-x64-20261004,"[""--useJIT=false"",""--useLLInt=true"",""--validateOptions=true""]",65c824a055405bf62b05e21d54515a72a1f0187a4d91225d00a6da969d35879f,938ce8e351a82dbf96016843d08030b8ae02cea5bf23fc6555a234cb49531eaf,"[{""path"":""/mnt/c/Users/mzyx/Desktop/0921/js-interpreter-bench/experiments/three_engine_baseline/adapters/jsc.js"",""sha256"":""f9ddbb9556352e283b9c9feebc8bdd0ef1abac5bcdf1ab7a5d83945fa3c9437b""},{""path"":""/mnt/c/Users/mzyx/Desktop/0921/js-interpreter-bench/experiments/timer_recovery/adapters/jsc.js"",""sha256"":""0c485996a598b7e36f2f292b66397adc0390cbe6b69b55199e47e1c6c1e37010""}]",7354c1868ce2f8a6cc0d43c8be772c69eece3966b70d20df8f98270cddf07e2b,925519576,925519576,"{""mode"":""MAIN_MONOTONIC_V1_DERIVED"",""variant"":""navier_f64"",""N"":256,""checksum"":925519576,""correctness"":""PASS"",""warmup_calls"":0,""start_ms"":0,""stop_ms"":1564.9,""elapsed_ms"":1564.9}",1564.9,6.112890625,[],True
0,"WB_RESULT:{""mode"":""MAIN_MONOTONIC_V1_DERIVED"",""variant"":""navier_f64"",""N"":256,""checksum"":925519576,""correctness"":""PASS"",""warmup_calls"":0,""start_ms"":222334.399662,""stop_ms"":223823.711036,""elapsed_ms"":1489.3113739999826}
",,"[""/home/mzyx/three_engine_20261004/quickjs-04be246001599f5995fa2f2d8c91a0f198d3f34c/qjs"",""-I"",""/mnt/c/Users/mzyx/Desktop/0921/js-interpreter-bench/experiments/three_engine_baseline/adapters/quickjs.js"",""-I"",""/mnt/c/Users/mzyx/Desktop/0921/js-interpreter-bench/experiments/timer_recovery/adapters/quickjs.js"",""/mnt/c/Users/mzyx/Desktop/0921/js-interpreter-bench/experiments/whitebox_analysis/attempt01/microbench/generated/navier_f64.N256.js""]",/mnt/c/Users/mzyx/Desktop/0921/js-interpreter-bench,2026-10-05T09:09:08.075551+00:00,222323044064,223824665973,b3ee321e-69da-462d-8718-4589949b17d0,1501621909,formal,navier,navier_f64,quickjs,256,5,2,"[""v8"",""quickjs"",""jsc""]",19,MAIN_MONOTONIC_V1_DERIVED,wsl2-ubuntu2404-x64-20261004,[],140d5233b0337d91cb0f994ae4a051e49aa04da8802acfaedf0a01b81a620b79,938ce8e351a82dbf96016843d08030b8ae02cea5bf23fc6555a234cb49531eaf,"[{""path"":""/mnt/c/Users/mzyx/Desktop/0921/js-interpreter-bench/experiments/three_engine_baseline/adapters/quickjs.js"",""sha256"":""f20aa7b460675d08600a58945203034feb50b2a3515aba579219f648b1235c6c""},{""path"":""/mnt/c/Users/mzyx/Desktop/0921/js-interpreter-bench/experiments/timer_recovery/adapters/quickjs.js"",""sha256"":""cd393c275173f20526562a008951f65a332deffed85e7c804519788b8ebffab7""}]",7354c1868ce2f8a6cc0d43c8be772c69eece3966b70d20df8f98270cddf07e2b,925519576,925519576,"{""mode"":""MAIN_MONOTONIC_V1_DERIVED"",""variant"":""navier_f64"",""N"":256,""checksum"":925519576,""correctness"":""PASS"",""warmup_calls"":0,""start_ms"":222334.399662,""stop_ms"":223823.711036,""elapsed_ms"":1489.3113739999826}",1489.3113739999826,5.817622554687432,[],True
0,"WB_RESULT:{""mode"":""MAIN_MONOTONIC_V1_DERIVED"",""variant"":""navier_f64"",""N"":256,""checksum"":925519576,""correctness"":""PASS"",""warmup_calls"":0,""start_ms"":28.33,""stop_ms"":1829.522,""elapsed_ms"":1801.192}
",,"[""/home/mzyx/three_engine_20261004/v8-linux64-rel-15.6.21/d8"",""--snapshot_blob=/home/mzyx/three_engine_20261004/v8-linux64-rel-15.6.21/snapshot_blob.bin"",""--max-opt=0"",""--no-lazy"",""/mnt/c/Users/mzyx/Desktop/0921/js-interpreter-bench/experiments/three_engine_baseline/adapters/v8.js"",""/mnt/c/Users/mzyx/Desktop/0921/js-interpreter-bench/experiments/timer_recovery/adapters/v8.js"",""/mnt/c/Users/mzyx/Desktop/0921/js-interpreter-bench/experiments/whitebox_analysis/attempt01/microbench/generated/navier_f64.N256.js""]",/mnt/c/Users/mzyx/Desktop/0921/js-interpreter-bench,2026-10-05T09:09:06.434752+00:00,220345312815,222183869178,b3ee321e-69da-462d-8718-4589949b17d0,1838556363,formal,navier,navier_f64,v8,256,5,1,"[""v8"",""quickjs"",""jsc""]",19,MAIN_MONOTONIC_V1_DERIVED,wsl2-ubuntu2404-x64-20261004,"[""--max-opt=0"",""--no-lazy""]",83b744a5953d2662ea723564d4035a333782a0cc85232d1025929a925150b133,938ce8e351a82dbf96016843d08030b8ae02cea5bf23fc6555a234cb49531eaf,"[{""path"":""/mnt/c/Users/mzyx/Desktop/0921/js-interpreter-bench/experiments/three_engine_baseline/adapters/v8.js"",""sha256"":""0ab3ed677381191d7e7839cbbc3f07895104a8b8299679ab9f37b856d76d3a22""},{""path"":""/mnt/c/Users/mzyx/Desktop/0921/js-interpreter-bench/experiments/timer_recovery/adapters/v8.js"",""sha256"":""e610d3aa3d2672a5e6d5eccd9aaf05c6ae6758d1b9c4468289f017a231ab7d9f""}]",7354c1868ce2f8a6cc0d43c8be772c69eece3966b70d20df8f98270cddf07e2b,925519576,925519576,"{""mode"":""MAIN_MONOTONIC_V1_DERIVED"",""variant"":""navier_f64"",""N"":256,""checksum"":925519576,""correctness"":""PASS"",""warmup_calls"":0,""start_ms"":28.33,""stop_ms"":1829.522,""elapsed_ms"":1801.192}",1801.192,7.03590625,[],True
0,"WB_RESULT:{""mode"":""MAIN_MONOTONIC_V1_DERIVED"",""variant"":""navier_f64"",""N"":256,""checksum"":925519576,""correctness"":""PASS"",""warmup_calls"":0,""start_ms"":0,""stop_ms"":1611.68,""elapsed_ms"":1611.68}
",,"[""/home/mzyx/jsc_build_fd3406f/JSCOnly/Release/bin/jsc"",""--useJIT=false"",""--useLLInt=true"",""--validateOptions=true"",""/mnt/c/Users/mzyx/Desktop/0921/js-interpreter-bench/experiments/three_engine_baseline/adapters/jsc.js"",""/mnt/c/Users/mzyx/Desktop/0921/js-interpreter-bench/experiments/timer_recovery/adapters/jsc.js"",""/mnt/c/Users/mzyx/Desktop/0921/js-interpreter-bench/experiments/whitebox_analysis/attempt01/microbench/generated/navier_f64.N256.js""]",/mnt/c/Users/mzyx/Desktop/0921/js-interpreter-bench,2026-10-05T09:14:15.020239+00:00,551314634815,552955762402,b3ee321e-69da-462d-8718-4589949b17d0,1641127587,formal,navier,navier_f64,jsc,256,6,2,"[""v8"",""jsc"",""quickjs""]",80,MAIN_MONOTONIC_V1_DERIVED,wsl2-ubuntu2404-x64-20261004,"[""--useJIT=false"",""--useLLInt=true"",""--validateOptions=true""]",65c824a055405bf62b05e21d54515a72a1f0187a4d91225d00a6da969d35879f,938ce8e351a82dbf96016843d08030b8ae02cea5bf23fc6555a234cb49531eaf,"[{""path"":""/mnt/c/Users/mzyx/Desktop/0921/js-interpreter-bench/experiments/three_engine_baseline/adapters/jsc.js"",""sha256"":""f9ddbb9556352e283b9c9feebc8bdd0ef1abac5bcdf1ab7a5d83945fa3c9437b""},{""path"":""/mnt/c/Users/mzyx/Desktop/0921/js-interpreter-bench/experiments/timer_recovery/adapters/jsc.js"",""sha256"":""0c485996a598b7e36f2f292b66397adc0390cbe6b69b55199e47e1c6c1e37010""}]",7354c1868ce2f8a6cc0d43c8be772c69eece3966b70d20df8f98270cddf07e2b,925519576,925519576,"{""mode"":""MAIN_MONOTONIC_V1_DERIVED"",""variant"":""navier_f64"",""N"":256,""checksum"":925519576,""correctness"":""PASS"",""warmup_calls"":0,""start_ms"":0,""stop_ms"":1611.68,""elapsed_ms"":1611.68}",1611.68,6.295625,[],True
0,"WB_RESULT:{""mode"":""MAIN_MONOTONIC_V1_DERIVED"",""variant"":""navier_f64"",""N"":256,""checksum"":925519576,""correctness"":""PASS"",""warmup_calls"":0,""start_ms"":553106.488205,""stop_ms"":554673.878065,""elapsed_ms"":1567.389860000112}
",,"[""/home/mzyx/three_engine_20261004/quickjs-04be246001599f5995fa2f2d8c91a0f198d3f34c/qjs"",""-I"",""/mnt/c/Users/mzyx/Desktop/0921/js-interpreter-bench/experiments/three_engine_baseline/adapters/quickjs.js"",""-I"",""/mnt/c/Users/mzyx/Desktop/0921/js-interpreter-bench/experiments/timer_recovery/adapters/quickjs.js"",""/mnt/c/Users/mzyx/Desktop/0921/js-interpreter-bench/experiments/whitebox_analysis/attempt01/microbench/generated/navier_f64.N256.js""]",/mnt/c/Users/mzyx/Desktop/0921/js-interpreter-bench,2026-10-05T09:14:16.739445+00:00,553094202237,554674967536,b3ee321e-69da-462d-8718-4589949b17d0,1580765299,formal,navier,navier_f64,quickjs,256,6,3,"[""v8"",""jsc"",""quickjs""]",80,MAIN_MONOTONIC_V1_DERIVED,wsl2-ubuntu2404-x64-20261004,[],140d5233b0337d91cb0f994ae4a051e49aa04da8802acfaedf0a01b81a620b79,938ce8e351a82dbf96016843d08030b8ae02cea5bf23fc6555a234cb49531eaf,"[{""path"":""/mnt/c/Users/mzyx/Desktop/0921/js-interpreter-bench/experiments/three_engine_baseline/adapters/quickjs.js"",""sha256"":""f20aa7b460675d08600a58945203034feb50b2a3515aba579219f648b1235c6c""},{""path"":""/mnt/c/Users/mzyx/Desktop/0921/js-interpreter-bench/experiments/timer_recovery/adapters/quickjs.js"",""sha256"":""cd393c275173f20526562a008951f65a332deffed85e7c804519788b8ebffab7""}]",7354c1868ce2f8a6cc0d43c8be772c69eece3966b70d20df8f98270cddf07e2b,925519576,925519576,"{""mode"":""MAIN_MONOTONIC_V1_DERIVED"",""variant"":""navier_f64"",""N"":256,""checksum"":925519576,""correctness"":""PASS"",""warmup_calls"":0,""start_ms"":553106.488205,""stop_ms"":554673.878065,""elapsed_ms"":1567.389860000112}",1567.389860000112,6.122616640625438,[],True
0,"WB_RESULT:{""mode"":""MAIN_MONOTONIC_V1_DERIVED"",""variant"":""navier_f64"",""N"":256,""checksum"":925519576,""correctness"":""PASS"",""warmup_calls"":0,""start_ms"":33.216,""stop_ms"":1863.53,""elapsed_ms"":1830.314}
",,"[""/home/mzyx/three_engine_20261004/v8-linux64-rel-15.6.21/d8"",""--snapshot_blob=/home/mzyx/three_engine_20261004/v8-linux64-rel-15.6.21/snapshot_blob.bin"",""--max-opt=0"",""--no-lazy"",""/mnt/c/Users/mzyx/Desktop/0921/js-interpreter-bench/experiments/three_engine_baseline/adapters/v8.js"",""/mnt/c/Users/mzyx/Desktop/0921/js-interpreter-bench/experiments/timer_recovery/adapters/v8.js"",""/mnt/c/Users/mzyx/Desktop/0921/js-interpreter-bench/experiments/whitebox_analysis/attempt01/microbench/generated/navier_f64.N256.js""]",/mnt/c/Users/mzyx/Desktop/0921/js-interpreter-bench,2026-10-05T09:14:13.243880+00:00,549305845252,551179403232,b3ee321e-69da-462d-8718-4589949b17d0,1873557980,formal,navier,navier_f64,v8,256,6,1,"[""v8"",""jsc"",""quickjs""]",80,MAIN_MONOTONIC_V1_DERIVED,wsl2-ubuntu2404-x64-20261004,"[""--max-opt=0"",""--no-lazy""]",83b744a5953d2662ea723564d4035a333782a0cc85232d1025929a925150b133,938ce8e351a82dbf96016843d08030b8ae02cea5bf23fc6555a234cb49531eaf,"[{""path"":""/mnt/c/Users/mzyx/Desktop/0921/js-interpreter-bench/experiments/three_engine_baseline/adapters/v8.js"",""sha256"":""0ab3ed677381191d7e7839cbbc3f07895104a8b8299679ab9f37b856d76d3a22""},{""path"":""/mnt/c/Users/mzyx/Desktop/0921/js-interpreter-bench/experiments/timer_recovery/adapters/v8.js"",""sha256"":""e610d3aa3d2672a5e6d5eccd9aaf05c6ae6758d1b9c4468289f017a231ab7d9f""}]",7354c1868ce2f8a6cc0d43c8be772c69eece3966b70d20df8f98270cddf07e2b,925519576,925519576,"{""mode"":""MAIN_MONOTONIC_V1_DERIVED"",""variant"":""navier_f64"",""N"":256,""checksum"":925519576,""correctness"":""PASS"",""warmup_calls"":0,""start_ms"":33.216,""stop_ms"":1863.53,""elapsed_ms"":1830.314}",1830.314,7.1496640625,[],True
0,"WB_RESULT:{""mode"":""MAIN_MONOTONIC_V1_DERIVED"",""variant"":""navier_f64"",""N"":256,""checksum"":925519576,""correctness"":""PASS"",""warmup_calls"":0,""start_ms"":0,""stop_ms"":1549.14,""elapsed_ms"":1549.14}
",,"[""/home/mzyx/jsc_build_fd3406f/JSCOnly/Release/bin/jsc"",""--useJIT=false"",""--useLLInt=true"",""--validateOptions=true"",""/mnt/c/Users/mzyx/Desktop/0921/js-interpreter-bench/experiments/three_engine_baseline/adapters/jsc.js"",""/mnt/c/Users/mzyx/Desktop/0921/js-interpreter-bench/experiments/timer_recovery/adapters/jsc.js"",""/mnt/c/Users/mzyx/Desktop/0921/js-interpreter-bench/experiments/whitebox_analysis/attempt01/microbench/generated/navier_f64.N256.js""]",/mnt/c/Users/mzyx/Desktop/0921/js-interpreter-bench,2026-10-05T09:15:52.618983+00:00,655431960413,657016830435,b3ee321e-69da-462d-8718-4589949b17d0,1584870022,formal,navier,navier_f64,jsc,256,7,2,"[""quickjs"",""jsc"",""v8""]",99,MAIN_MONOTONIC_V1_DERIVED,wsl2-ubuntu2404-x64-20261004,"[""--useJIT=false"",""--useLLInt=true"",""--validateOptions=true""]",65c824a055405bf62b05e21d54515a72a1f0187a4d91225d00a6da969d35879f,938ce8e351a82dbf96016843d08030b8ae02cea5bf23fc6555a234cb49531eaf,"[{""path"":""/mnt/c/Users/mzyx/Desktop/0921/js-interpreter-bench/experiments/three_engine_baseline/adapters/jsc.js"",""sha256"":""f9ddbb9556352e283b9c9feebc8bdd0ef1abac5bcdf1ab7a5d83945fa3c9437b""},{""path"":""/mnt/c/Users/mzyx/Desktop/0921/js-interpreter-bench/experiments/timer_recovery/adapters/jsc.js"",""sha256"":""0c485996a598b7e36f2f292b66397adc0390cbe6b69b55199e47e1c6c1e37010""}]",7354c1868ce2f8a6cc0d43c8be772c69eece3966b70d20df8f98270cddf07e2b,925519576,925519576,"{""mode"":""MAIN_MONOTONIC_V1_DERIVED"",""variant"":""navier_f64"",""N"":256,""checksum"":925519576,""correctness"":""PASS"",""warmup_calls"":0,""start_ms"":0,""stop_ms"":1549.14,""elapsed_ms"":1549.14}",1549.14,6.051328125,[],True
0,"WB_RESULT:{""mode"":""MAIN_MONOTONIC_V1_DERIVED"",""variant"":""navier_f64"",""N"":256,""checksum"":925519576,""correctness"":""PASS"",""warmup_calls"":0,""start_ms"":653754.207856,""stop_ms"":655294.255931,""elapsed_ms"":1540.0480749999406}
",,"[""/home/mzyx/three_engine_20261004/quickjs-04be246001599f5995fa2f2d8c91a0f198d3f34c/qjs"",""-I"",""/mnt/c/Users/mzyx/Desktop/0921/js-interpreter-bench/experiments/three_engine_baseline/adapters/quickjs.js"",""-I"",""/mnt/c/Users/mzyx/Desktop/0921/js-interpreter-bench/experiments/timer_recovery/adapters/quickjs.js"",""/mnt/c/Users/mzyx/Desktop/0921/js-interpreter-bench/experiments/whitebox_analysis/attempt01/microbench/generated/navier_f64.N256.js""]",/mnt/c/Users/mzyx/Desktop/0921/js-interpreter-bench,2026-10-05T09:15:50.897313+00:00,653742344425,655295164461,b3ee321e-69da-462d-8718-4589949b17d0,1552820036,formal,navier,navier_f64,quickjs,256,7,1,"[""quickjs"",""jsc"",""v8""]",99,MAIN_MONOTONIC_V1_DERIVED,wsl2-ubuntu2404-x64-20261004,[],140d5233b0337d91cb0f994ae4a051e49aa04da8802acfaedf0a01b81a620b79,938ce8e351a82dbf96016843d08030b8ae02cea5bf23fc6555a234cb49531eaf,"[{""path"":""/mnt/c/Users/mzyx/Desktop/0921/js-interpreter-bench/experiments/three_engine_baseline/adapters/quickjs.js"",""sha256"":""f20aa7b460675d08600a58945203034feb50b2a3515aba579219f648b1235c6c""},{""path"":""/mnt/c/Users/mzyx/Desktop/0921/js-interpreter-bench/experiments/timer_recovery/adapters/quickjs.js"",""sha256"":""cd393c275173f20526562a008951f65a332deffed85e7c804519788b8ebffab7""}]",7354c1868ce2f8a6cc0d43c8be772c69eece3966b70d20df8f98270cddf07e2b,925519576,925519576,"{""mode"":""MAIN_MONOTONIC_V1_DERIVED"",""variant"":""navier_f64"",""N"":256,""checksum"":925519576,""correctness"":""PASS"",""warmup_calls"":0,""start_ms"":653754.207856,""stop_ms"":655294.255931,""elapsed_ms"":1540.0480749999406}",1540.0480749999406,6.015812792968518,[],True
0,"WB_RESULT:{""mode"":""MAIN_MONOTONIC_V1_DERIVED"",""variant"":""navier_f64"",""N"":256,""checksum"":925519576,""correctness"":""PASS"",""warmup_calls"":0,""start_ms"":33.505,""stop_ms"":1861.197,""elapsed_ms"":1827.6919999999998}
",,"[""/home/mzyx/three_engine_20261004/v8-linux64-rel-15.6.21/d8"",""--snapshot_blob=/home/mzyx/three_engine_20261004/v8-linux64-rel-15.6.21/snapshot_blob.bin"",""--max-opt=0"",""--no-lazy"",""/mnt/c/Users/mzyx/Desktop/0921/js-interpreter-bench/experiments/three_engine_baseline/adapters/v8.js"",""/mnt/c/Users/mzyx/Desktop/0921/js-interpreter-bench/experiments/timer_recovery/adapters/v8.js"",""/mnt/c/Users/mzyx/Desktop/0921/js-interpreter-bench/experiments/whitebox_analysis/attempt01/microbench/generated/navier_f64.N256.js""]",/mnt/c/Users/mzyx/Desktop/0921/js-interpreter-bench,2026-10-05T09:15:54.636523+00:00,657163770521,659034369283,b3ee321e-69da-462d-8718-4589949b17d0,1870598762,formal,navier,navier_f64,v8,256,7,3,"[""quickjs"",""jsc"",""v8""]",99,MAIN_MONOTONIC_V1_DERIVED,wsl2-ubuntu2404-x64-20261004,"[""--max-opt=0"",""--no-lazy""]",83b744a5953d2662ea723564d4035a333782a0cc85232d1025929a925150b133,938ce8e351a82dbf96016843d08030b8ae02cea5bf23fc6555a234cb49531eaf,"[{""path"":""/mnt/c/Users/mzyx/Desktop/0921/js-interpreter-bench/experiments/three_engine_baseline/adapters/v8.js"",""sha256"":""0ab3ed677381191d7e7839cbbc3f07895104a8b8299679ab9f37b856d76d3a22""},{""path"":""/mnt/c/Users/mzyx/Desktop/0921/js-interpreter-bench/experiments/timer_recovery/adapters/v8.js"",""sha256"":""e610d3aa3d2672a5e6d5eccd9aaf05c6ae6758d1b9c4468289f017a231ab7d9f""}]",7354c1868ce2f8a6cc0d43c8be772c69eece3966b70d20df8f98270cddf07e2b,925519576,925519576,"{""mode"":""MAIN_MONOTONIC_V1_DERIVED"",""variant"":""navier_f64"",""N"":256,""checksum"":925519576,""correctness"":""PASS"",""warmup_calls"":0,""start_ms"":33.505,""stop_ms"":1861.197,""elapsed_ms"":1827.6919999999998}",1827.6919999999998,7.139421874999999,[],True
0,"WB_RESULT:{""mode"":""MAIN_MONOTONIC_V1_DERIVED"",""variant"":""navier_f64"",""N"":256,""checksum"":925519576,""correctness"":""PASS"",""warmup_calls"":0,""start_ms"":0,""stop_ms"":1539.18,""elapsed_ms"":1539.18}
",,"[""/home/mzyx/jsc_build_fd3406f/JSCOnly/Release/bin/jsc"",""--useJIT=false"",""--useLLInt=true"",""--validateOptions=true"",""/mnt/c/Users/mzyx/Desktop/0921/js-interpreter-bench/experiments/three_engine_baseline/adapters/jsc.js"",""/mnt/c/Users/mzyx/Desktop/0921/js-interpreter-bench/experiments/timer_recovery/adapters/jsc.js"",""/mnt/c/Users/mzyx/Desktop/0921/js-interpreter-bench/experiments/whitebox_analysis/attempt01/microbench/generated/navier_f64.N256.js""]",/mnt/c/Users/mzyx/Desktop/0921/js-interpreter-bench,2026-10-05T09:14:44.573590+00:00,583189568406,584756293074,b3ee321e-69da-462d-8718-4589949b17d0,1566724668,formal,navier,navier_f64,jsc,256,8,1,"[""jsc"",""v8"",""quickjs""]",86,MAIN_MONOTONIC_V1_DERIVED,wsl2-ubuntu2404-x64-20261004,"[""--useJIT=false"",""--useLLInt=true"",""--validateOptions=true""]",65c824a055405bf62b05e21d54515a72a1f0187a4d91225d00a6da969d35879f,938ce8e351a82dbf96016843d08030b8ae02cea5bf23fc6555a234cb49531eaf,"[{""path"":""/mnt/c/Users/mzyx/Desktop/0921/js-interpreter-bench/experiments/three_engine_baseline/adapters/jsc.js"",""sha256"":""f9ddbb9556352e283b9c9feebc8bdd0ef1abac5bcdf1ab7a5d83945fa3c9437b""},{""path"":""/mnt/c/Users/mzyx/Desktop/0921/js-interpreter-bench/experiments/timer_recovery/adapters/jsc.js"",""sha256"":""0c485996a598b7e36f2f292b66397adc0390cbe6b69b55199e47e1c6c1e37010""}]",7354c1868ce2f8a6cc0d43c8be772c69eece3966b70d20df8f98270cddf07e2b,925519576,925519576,"{""mode"":""MAIN_MONOTONIC_V1_DERIVED"",""variant"":""navier_f64"",""N"":256,""checksum"":925519576,""correctness"":""PASS"",""warmup_calls"":0,""start_ms"":0,""stop_ms"":1539.18,""elapsed_ms"":1539.18}",1539.18,6.012421875,[],True
0,"WB_RESULT:{""mode"":""MAIN_MONOTONIC_V1_DERIVED"",""variant"":""navier_f64"",""N"":256,""checksum"":925519576,""correctness"":""PASS"",""warmup_calls"":0,""start_ms"":586919.517426,""stop_ms"":588488.491156,""elapsed_ms"":1568.9737299999688}
",,"[""/home/mzyx/three_engine_20261004/quickjs-04be246001599f5995fa2f2d8c91a0f198d3f34c/qjs"",""-I"",""/mnt/c/Users/mzyx/Desktop/0921/js-interpreter-bench/experiments/three_engine_baseline/adapters/quickjs.js"",""-I"",""/mnt/c/Users/mzyx/Desktop/0921/js-interpreter-bench/experiments/timer_recovery/adapters/quickjs.js"",""/mnt/c/Users/mzyx/Desktop/0921/js-interpreter-bench/experiments/whitebox_analysis/attempt01/microbench/generated/navier_f64.N256.js""]",/mnt/c/Users/mzyx/Desktop/0921/js-interpreter-bench,2026-10-05T09:14:48.306919+00:00,586907100635,588489610829,b3ee321e-69da-462d-8718-4589949b17d0,1582510194,formal,navier,navier_f64,quickjs,256,8,3,"[""jsc"",""v8"",""quickjs""]",86,MAIN_MONOTONIC_V1_DERIVED,wsl2-ubuntu2404-x64-20261004,[],140d5233b0337d91cb0f994ae4a051e49aa04da8802acfaedf0a01b81a620b79,938ce8e351a82dbf96016843d08030b8ae02cea5bf23fc6555a234cb49531eaf,"[{""path"":""/mnt/c/Users/mzyx/Desktop/0921/js-interpreter-bench/experiments/three_engine_baseline/adapters/quickjs.js"",""sha256"":""f20aa7b460675d08600a58945203034feb50b2a3515aba579219f648b1235c6c""},{""path"":""/mnt/c/Users/mzyx/Desktop/0921/js-interpreter-bench/experiments/timer_recovery/adapters/quickjs.js"",""sha256"":""cd393c275173f20526562a008951f65a332deffed85e7c804519788b8ebffab7""}]",7354c1868ce2f8a6cc0d43c8be772c69eece3966b70d20df8f98270cddf07e2b,925519576,925519576,"{""mode"":""MAIN_MONOTONIC_V1_DERIVED"",""variant"":""navier_f64"",""N"":256,""checksum"":925519576,""correctness"":""PASS"",""warmup_calls"":0,""start_ms"":586919.517426,""stop_ms"":588488.491156,""elapsed_ms"":1568.9737299999688}",1568.9737299999688,6.128803632812378,[],True
0,"WB_RESULT:{""mode"":""MAIN_MONOTONIC_V1_DERIVED"",""variant"":""navier_f64"",""N"":256,""checksum"":925519576,""correctness"":""PASS"",""warmup_calls"":0,""start_ms"":30.327,""stop_ms"":1873.937,""elapsed_ms"":1843.61}
",,"[""/home/mzyx/three_engine_20261004/v8-linux64-rel-15.6.21/d8"",""--snapshot_blob=/home/mzyx/three_engine_20261004/v8-linux64-rel-15.6.21/snapshot_blob.bin"",""--max-opt=0"",""--no-lazy"",""/mnt/c/Users/mzyx/Desktop/0921/js-interpreter-bench/experiments/three_engine_baseline/adapters/v8.js"",""/mnt/c/Users/mzyx/Desktop/0921/js-interpreter-bench/experiments/timer_recovery/adapters/v8.js"",""/mnt/c/Users/mzyx/Desktop/0921/js-interpreter-bench/experiments/whitebox_analysis/attempt01/microbench/generated/navier_f64.N256.js""]",/mnt/c/Users/mzyx/Desktop/0921/js-interpreter-bench,2026-10-05T09:14:46.586807+00:00,584886043680,586769499048,b3ee321e-69da-462d-8718-4589949b17d0,1883455368,formal,navier,navier_f64,v8,256,8,2,"[""jsc"",""v8"",""quickjs""]",86,MAIN_MONOTONIC_V1_DERIVED,wsl2-ubuntu2404-x64-20261004,"[""--max-opt=0"",""--no-lazy""]",83b744a5953d2662ea723564d4035a333782a0cc85232d1025929a925150b133,938ce8e351a82dbf96016843d08030b8ae02cea5bf23fc6555a234cb49531eaf,"[{""path"":""/mnt/c/Users/mzyx/Desktop/0921/js-interpreter-bench/experiments/three_engine_baseline/adapters/v8.js"",""sha256"":""0ab3ed677381191d7e7839cbbc3f07895104a8b8299679ab9f37b856d76d3a22""},{""path"":""/mnt/c/Users/mzyx/Desktop/0921/js-interpreter-bench/experiments/timer_recovery/adapters/v8.js"",""sha256"":""e610d3aa3d2672a5e6d5eccd9aaf05c6ae6758d1b9c4468289f017a231ab7d9f""}]",7354c1868ce2f8a6cc0d43c8be772c69eece3966b70d20df8f98270cddf07e2b,925519576,925519576,"{""mode"":""MAIN_MONOTONIC_V1_DERIVED"",""variant"":""navier_f64"",""N"":256,""checksum"":925519576,""correctness"":""PASS"",""warmup_calls"":0,""start_ms"":30.327,""stop_ms"":1873.937,""elapsed_ms"":1843.61}",1843.61,7.2016015625,[],True
0,"WB_RESULT:{""mode"":""MAIN_MONOTONIC_V1_DERIVED"",""variant"":""navier_f64"",""N"":256,""checksum"":925519576,""correctness"":""PASS"",""warmup_calls"":0,""start_ms"":0,""stop_ms"":1576.84,""elapsed_ms"":1576.84}
",,"[""/home/mzyx/jsc_build_fd3406f/JSCOnly/Release/bin/jsc"",""--useJIT=false"",""--useLLInt=true"",""--validateOptions=true"",""/mnt/c/Users/mzyx/Desktop/0921/js-interpreter-bench/experiments/three_engine_baseline/adapters/jsc.js"",""/mnt/c/Users/mzyx/Desktop/0921/js-interpreter-bench/experiments/timer_recovery/adapters/jsc.js"",""/mnt/c/Users/mzyx/Desktop/0921/js-interpreter-bench/experiments/whitebox_analysis/attempt01/microbench/generated/navier_f64.N256.js""]",/mnt/c/Users/mzyx/Desktop/0921/js-interpreter-bench,2026-10-05T09:09:48.271051+00:00,264694896907,266303176177,b3ee321e-69da-462d-8718-4589949b17d0,1608279270,formal,navier,navier_f64,jsc,256,9,2,"[""v8"",""jsc"",""quickjs""]",27,MAIN_MONOTONIC_V1_DERIVED,wsl2-ubuntu2404-x64-20261004,"[""--useJIT=false"",""--useLLInt=true"",""--validateOptions=true""]",65c824a055405bf62b05e21d54515a72a1f0187a4d91225d00a6da969d35879f,938ce8e351a82dbf96016843d08030b8ae02cea5bf23fc6555a234cb49531eaf,"[{""path"":""/mnt/c/Users/mzyx/Desktop/0921/js-interpreter-bench/experiments/three_engine_baseline/adapters/jsc.js"",""sha256"":""f9ddbb9556352e283b9c9feebc8bdd0ef1abac5bcdf1ab7a5d83945fa3c9437b""},{""path"":""/mnt/c/Users/mzyx/Desktop/0921/js-interpreter-bench/experiments/timer_recovery/adapters/jsc.js"",""sha256"":""0c485996a598b7e36f2f292b66397adc0390cbe6b69b55199e47e1c6c1e37010""}]",7354c1868ce2f8a6cc0d43c8be772c69eece3966b70d20df8f98270cddf07e2b,925519576,925519576,"{""mode"":""MAIN_MONOTONIC_V1_DERIVED"",""variant"":""navier_f64"",""N"":256,""checksum"":925519576,""correctness"":""PASS"",""warmup_calls"":0,""start_ms"":0,""stop_ms"":1576.84,""elapsed_ms"":1576.84}",1576.84,6.15953125,[],True
0,"WB_RESULT:{""mode"":""MAIN_MONOTONIC_V1_DERIVED"",""variant"":""navier_f64"",""N"":256,""checksum"":925519576,""correctness"":""PASS"",""warmup_calls"":0,""start_ms"":266452.941419,""stop_ms"":268017.047352,""elapsed_ms"":1564.1059330000426}
",,"[""/home/mzyx/three_engine_20261004/quickjs-04be246001599f5995fa2f2d8c91a0f198d3f34c/qjs"",""-I"",""/mnt/c/Users/mzyx/Desktop/0921/js-interpreter-bench/experiments/three_engine_baseline/adapters/quickjs.js"",""-I"",""/mnt/c/Users/mzyx/Desktop/0921/js-interpreter-bench/experiments/timer_recovery/adapters/quickjs.js"",""/mnt/c/Users/mzyx/Desktop/0921/js-interpreter-bench/experiments/whitebox_analysis/attempt01/microbench/generated/navier_f64.N256.js""]",/mnt/c/Users/mzyx/Desktop/0921/js-interpreter-bench,2026-10-05T09:09:49.985979+00:00,266440446262,268018103040,b3ee321e-69da-462d-8718-4589949b17d0,1577656778,formal,navier,navier_f64,quickjs,256,9,3,"[""v8"",""jsc"",""quickjs""]",27,MAIN_MONOTONIC_V1_DERIVED,wsl2-ubuntu2404-x64-20261004,[],140d5233b0337d91cb0f994ae4a051e49aa04da8802acfaedf0a01b81a620b79,938ce8e351a82dbf96016843d08030b8ae02cea5bf23fc6555a234cb49531eaf,"[{""path"":""/mnt/c/Users/mzyx/Desktop/0921/js-interpreter-bench/experiments/three_engine_baseline/adapters/quickjs.js"",""sha256"":""f20aa7b460675d08600a58945203034feb50b2a3515aba579219f648b1235c6c""},{""path"":""/mnt/c/Users/mzyx/Desktop/0921/js-interpreter-bench/experiments/timer_recovery/adapters/quickjs.js"",""sha256"":""cd393c275173f20526562a008951f65a332deffed85e7c804519788b8ebffab7""}]",7354c1868ce2f8a6cc0d43c8be772c69eece3966b70d20df8f98270cddf07e2b,925519576,925519576,"{""mode"":""MAIN_MONOTONIC_V1_DERIVED"",""variant"":""navier_f64"",""N"":256,""checksum"":925519576,""correctness"":""PASS"",""warmup_calls"":0,""start_ms"":266452.941419,""stop_ms"":268017.047352,""elapsed_ms"":1564.1059330000426}",1564.1059330000426,6.109788800781416,[],True
0,"WB_RESULT:{""mode"":""MAIN_MONOTONIC_V1_DERIVED"",""variant"":""navier_f64"",""N"":256,""checksum"":925519576,""correctness"":""PASS"",""warmup_calls"":0,""start_ms"":34.043,""stop_ms"":1929.999,""elapsed_ms"":1895.9560000000001}
",,"[""/home/mzyx/three_engine_20261004/v8-linux64-rel-15.6.21/d8"",""--snapshot_blob=/home/mzyx/three_engine_20261004/v8-linux64-rel-15.6.21/snapshot_blob.bin"",""--max-opt=0"",""--no-lazy"",""/mnt/c/Users/mzyx/Desktop/0921/js-interpreter-bench/experiments/three_engine_baseline/adapters/v8.js"",""/mnt/c/Users/mzyx/Desktop/0921/js-interpreter-bench/experiments/timer_recovery/adapters/v8.js"",""/mnt/c/Users/mzyx/Desktop/0921/js-interpreter-bench/experiments/whitebox_analysis/attempt01/microbench/generated/navier_f64.N256.js""]",/mnt/c/Users/mzyx/Desktop/0921/js-interpreter-bench,2026-10-05T09:09:46.524119+00:00,262616940400,264556243618,b3ee321e-69da-462d-8718-4589949b17d0,1939303218,formal,navier,navier_f64,v8,256,9,1,"[""v8"",""jsc"",""quickjs""]",27,MAIN_MONOTONIC_V1_DERIVED,wsl2-ubuntu2404-x64-20261004,"[""--max-opt=0"",""--no-lazy""]",83b744a5953d2662ea723564d4035a333782a0cc85232d1025929a925150b133,938ce8e351a82dbf96016843d08030b8ae02cea5bf23fc6555a234cb49531eaf,"[{""path"":""/mnt/c/Users/mzyx/Desktop/0921/js-interpreter-bench/experiments/three_engine_baseline/adapters/v8.js"",""sha256"":""0ab3ed677381191d7e7839cbbc3f07895104a8b8299679ab9f37b856d76d3a22""},{""path"":""/mnt/c/Users/mzyx/Desktop/0921/js-interpreter-bench/experiments/timer_recovery/adapters/v8.js"",""sha256"":""e610d3aa3d2672a5e6d5eccd9aaf05c6ae6758d1b9c4468289f017a231ab7d9f""}]",7354c1868ce2f8a6cc0d43c8be772c69eece3966b70d20df8f98270cddf07e2b,925519576,925519576,"{""mode"":""MAIN_MONOTONIC_V1_DERIVED"",""variant"":""navier_f64"",""N"":256,""checksum"":925519576,""correctness"":""PASS"",""warmup_calls"":0,""start_ms"":34.043,""stop_ms"":1929.999,""elapsed_ms"":1895.9560000000001}",1895.9560000000001,7.4060781250000005,[],True
0,"WB_RESULT:{""mode"":""MAIN_MONOTONIC_V1_DERIVED"",""variant"":""richards_cached"",""N"":256,""checksum"":41943040,""correctness"":""PASS"",""warmup_calls"":0,""start_ms"":0,""stop_ms"":1422.64,""elapsed_ms"":1422.64}
",,"[""/home/mzyx/jsc_build_fd3406f/JSCOnly/Release/bin/jsc"",""--useJIT=false"",""--useLLInt=true"",""--validateOptions=true"",""/mnt/c/Users/mzyx/Desktop/0921/js-interpreter-bench/experiments/three_engine_baseline/adapters/jsc.js"",""/mnt/c/Users/mzyx/Desktop/0921/js-interpreter-bench/experiments/timer_recovery/adapters/jsc.js"",""/mnt/c/Users/mzyx/Desktop/0921/js-interpreter-bench/experiments/whitebox_analysis/attempt01/microbench/generated/richards_cached.N256.js""]",/mnt/c/Users/mzyx/Desktop/0921/js-interpreter-bench,2026-10-05T09:14:54.494435+00:00,593229578320,594677126609,b3ee321e-69da-462d-8718-4589949b17d0,1447548289,formal,richards,richards_cached,jsc,256,1,1,"[""jsc"",""quickjs"",""v8""]",88,MAIN_MONOTONIC_V1_DERIVED,wsl2-ubuntu2404-x64-20261004,"[""--useJIT=false"",""--useLLInt=true"",""--validateOptions=true""]",65c824a055405bf62b05e21d54515a72a1f0187a4d91225d00a6da969d35879f,cd82f87df8726d3925d311bc35b59c55c82f34d580c53045efc86fb1db040c6e,"[{""path"":""/mnt/c/Users/mzyx/Desktop/0921/js-interpreter-bench/experiments/three_engine_baseline/adapters/jsc.js"",""sha256"":""f9ddbb9556352e283b9c9feebc8bdd0ef1abac5bcdf1ab7a5d83945fa3c9437b""},{""path"":""/mnt/c/Users/mzyx/Desktop/0921/js-interpreter-bench/experiments/timer_recovery/adapters/jsc.js"",""sha256"":""0c485996a598b7e36f2f292b66397adc0390cbe6b69b55199e47e1c6c1e37010""}]",7354c1868ce2f8a6cc0d43c8be772c69eece3966b70d20df8f98270cddf07e2b,41943040,41943040,"{""mode"":""MAIN_MONOTONIC_V1_DERIVED"",""variant"":""richards_cached"",""N"":256,""checksum"":41943040,""correctness"":""PASS"",""warmup_calls"":0,""start_ms"":0,""stop_ms"":1422.64,""elapsed_ms"":1422.64}",1422.64,5.5571875,[],True
0,"WB_RESULT:{""mode"":""MAIN_MONOTONIC_V1_DERIVED"",""variant"":""richards_cached"",""N"":256,""checksum"":41943040,""correctness"":""PASS"",""warmup_calls"":0,""start_ms"":594817.236261,""stop_ms"":596826.290817,""elapsed_ms"":2009.05455599993}
",,"[""/home/mzyx/three_engine_20261004/quickjs-04be246001599f5995fa2f2d8c91a0f198d3f34c/qjs"",""-I"",""/mnt/c/Users/mzyx/Desktop/0921/js-interpreter-bench/experiments/three_engine_baseline/adapters/quickjs.js"",""-I"",""/mnt/c/Users/mzyx/Desktop/0921/js-interpreter-bench/experiments/timer_recovery/adapters/quickjs.js"",""/mnt/c/Users/mzyx/Desktop/0921/js-interpreter-bench/experiments/whitebox_analysis/attempt01/microbench/generated/richards_cached.N256.js""]",/mnt/c/Users/mzyx/Desktop/0921/js-interpreter-bench,2026-10-05T09:14:56.644817+00:00,594804520297,596827509270,b3ee321e-69da-462d-8718-4589949b17d0,2022988973,formal,richards,richards_cached,quickjs,256,1,2,"[""jsc"",""quickjs"",""v8""]",88,MAIN_MONOTONIC_V1_DERIVED,wsl2-ubuntu2404-x64-20261004,[],140d5233b0337d91cb0f994ae4a051e49aa04da8802acfaedf0a01b81a620b79,cd82f87df8726d3925d311bc35b59c55c82f34d580c53045efc86fb1db040c6e,"[{""path"":""/mnt/c/Users/mzyx/Desktop/0921/js-interpreter-bench/experiments/three_engine_baseline/adapters/quickjs.js"",""sha256"":""f20aa7b460675d08600a58945203034feb50b2a3515aba579219f648b1235c6c""},{""path"":""/mnt/c/Users/mzyx/Desktop/0921/js-interpreter-bench/experiments/timer_recovery/adapters/quickjs.js"",""sha256"":""cd393c275173f20526562a008951f65a332deffed85e7c804519788b8ebffab7""}]",7354c1868ce2f8a6cc0d43c8be772c69eece3966b70d20df8f98270cddf07e2b,41943040,41943040,"{""mode"":""MAIN_MONOTONIC_V1_DERIVED"",""variant"":""richards_cached"",""N"":256,""checksum"":41943040,""correctness"":""PASS"",""warmup_calls"":0,""start_ms"":594817.236261,""stop_ms"":596826.290817,""elapsed_ms"":2009.05455599993}",2009.05455599993,7.847869359374727,[],True
0,"WB_RESULT:{""mode"":""MAIN_MONOTONIC_V1_DERIVED"",""variant"":""richards_cached"",""N"":256,""checksum"":41943040,""correctness"":""PASS"",""warmup_calls"":0,""start_ms"":30.377,""stop_ms"":1728.087,""elapsed_ms"":1697.71}
",,"[""/home/mzyx/three_engine_20261004/v8-linux64-rel-15.6.21/d8"",""--snapshot_blob=/home/mzyx/three_engine_20261004/v8-linux64-rel-15.6.21/snapshot_blob.bin"",""--max-opt=0"",""--no-lazy"",""/mnt/c/Users/mzyx/Desktop/0921/js-interpreter-bench/experiments/three_engine_baseline/adapters/v8.js"",""/mnt/c/Users/mzyx/Desktop/0921/js-interpreter-bench/experiments/timer_recovery/adapters/v8.js"",""/mnt/c/Users/mzyx/Desktop/0921/js-interpreter-bench/experiments/whitebox_analysis/attempt01/microbench/generated/richards_cached.N256.js""]",/mnt/c/Users/mzyx/Desktop/0921/js-interpreter-bench,2026-10-05T09:14:58.506557+00:00,596952135020,598689247064,b3ee321e-69da-462d-8718-4589949b17d0,1737112044,formal,richards,richards_cached,v8,256,1,3,"[""jsc"",""quickjs"",""v8""]",88,MAIN_MONOTONIC_V1_DERIVED,wsl2-ubuntu2404-x64-20261004,"[""--max-opt=0"",""--no-lazy""]",83b744a5953d2662ea723564d4035a333782a0cc85232d1025929a925150b133,cd82f87df8726d3925d311bc35b59c55c82f34d580c53045efc86fb1db040c6e,"[{""path"":""/mnt/c/Users/mzyx/Desktop/0921/js-interpreter-bench/experiments/three_engine_baseline/adapters/v8.js"",""sha256"":""0ab3ed677381191d7e7839cbbc3f07895104a8b8299679ab9f37b856d76d3a22""},{""path"":""/mnt/c/Users/mzyx/Desktop/0921/js-interpreter-bench/experiments/timer_recovery/adapters/v8.js"",""sha256"":""e610d3aa3d2672a5e6d5eccd9aaf05c6ae6758d1b9c4468289f017a231ab7d9f""}]",7354c1868ce2f8a6cc0d43c8be772c69eece3966b70d20df8f98270cddf07e2b,41943040,41943040,"{""mode"":""MAIN_MONOTONIC_V1_DERIVED"",""variant"":""richards_cached"",""N"":256,""checksum"":41943040,""correctness"":""PASS"",""warmup_calls"":0,""start_ms"":30.377,""stop_ms"":1728.087,""elapsed_ms"":1697.71}",1697.71,6.6316796875,[],True
0,"WB_RESULT:{""mode"":""MAIN_MONOTONIC_V1_DERIVED"",""variant"":""richards_cached"",""N"":256,""checksum"":41943040,""correctness"":""PASS"",""warmup_calls"":0,""start_ms"":0,""stop_ms"":1297.42,""elapsed_ms"":1297.42}
",,"[""/home/mzyx/jsc_build_fd3406f/JSCOnly/Release/bin/jsc"",""--useJIT=false"",""--useLLInt=true"",""--validateOptions=true"",""/mnt/c/Users/mzyx/Desktop/0921/js-interpreter-bench/experiments/three_engine_baseline/adapters/jsc.js"",""/mnt/c/Users/mzyx/Desktop/0921/js-interpreter-bench/experiments/timer_recovery/adapters/jsc.js"",""/mnt/c/Users/mzyx/Desktop/0921/js-interpreter-bench/experiments/whitebox_analysis/attempt01/microbench/generated/richards_cached.N256.js""]",/mnt/c/Users/mzyx/Desktop/0921/js-interpreter-bench,2026-10-05T09:14:11.243281+00:00,547856508246,549178803266,b3ee321e-69da-462d-8718-4589949b17d0,1322295020,formal,richards,richards_cached,jsc,256,10,3,"[""quickjs"",""v8"",""jsc""]",79,MAIN_MONOTONIC_V1_DERIVED,wsl2-ubuntu2404-x64-20261004,"[""--useJIT=false"",""--useLLInt=true"",""--validateOptions=true""]",65c824a055405bf62b05e21d54515a72a1f0187a4d91225d00a6da969d35879f,cd82f87df8726d3925d311bc35b59c55c82f34d580c53045efc86fb1db040c6e,"[{""path"":""/mnt/c/Users/mzyx/Desktop/0921/js-interpreter-bench/experiments/three_engine_baseline/adapters/jsc.js"",""sha256"":""f9ddbb9556352e283b9c9feebc8bdd0ef1abac5bcdf1ab7a5d83945fa3c9437b""},{""path"":""/mnt/c/Users/mzyx/Desktop/0921/js-interpreter-bench/experiments/timer_recovery/adapters/jsc.js"",""sha256"":""0c485996a598b7e36f2f292b66397adc0390cbe6b69b55199e47e1c6c1e37010""}]",7354c1868ce2f8a6cc0d43c8be772c69eece3966b70d20df8f98270cddf07e2b,41943040,41943040,"{""mode"":""MAIN_MONOTONIC_V1_DERIVED"",""variant"":""richards_cached"",""N"":256,""checksum"":41943040,""correctness"":""PASS"",""warmup_calls"":0,""start_ms"":0,""stop_ms"":1297.42,""elapsed_ms"":1297.42}",1297.42,5.068046875,[],True
0,"WB_RESULT:{""mode"":""MAIN_MONOTONIC_V1_DERIVED"",""variant"":""richards_cached"",""N"":256,""checksum"":41943040,""correctness"":""PASS"",""warmup_calls"":0,""start_ms"":543940.447821,""stop_ms"":545962.997282,""elapsed_ms"":2022.549461000017}
",,"[""/home/mzyx/three_engine_20261004/quickjs-04be246001599f5995fa2f2d8c91a0f198d3f34c/qjs"",""-I"",""/mnt/c/Users/mzyx/Desktop/0921/js-interpreter-bench/experiments/three_engine_baseline/adapters/quickjs.js"",""-I"",""/mnt/c/Users/mzyx/Desktop/0921/js-interpreter-bench/experiments/timer_recovery/adapters/quickjs.js"",""/mnt/c/Users/mzyx/Desktop/0921/js-interpreter-bench/experiments/whitebox_analysis/attempt01/microbench/generated/richards_cached.N256.js""]",/mnt/c/Users/mzyx/Desktop/0921/js-interpreter-bench,2026-10-05T09:14:08.028220+00:00,543928743873,545963741777,b3ee321e-69da-462d-8718-4589949b17d0,2034997904,formal,richards,richards_cached,quickjs,256,10,1,"[""quickjs"",""v8"",""jsc""]",79,MAIN_MONOTONIC_V1_DERIVED,wsl2-ubuntu2404-x64-20261004,[],140d5233b0337d91cb0f994ae4a051e49aa04da8802acfaedf0a01b81a620b79,cd82f87df8726d3925d311bc35b59c55c82f34d580c53045efc86fb1db040c6e,"[{""path"":""/mnt/c/Users/mzyx/Desktop/0921/js-interpreter-bench/experiments/three_engine_baseline/adapters/quickjs.js"",""sha256"":""f20aa7b460675d08600a58945203034feb50b2a3515aba579219f648b1235c6c""},{""path"":""/mnt/c/Users/mzyx/Desktop/0921/js-interpreter-bench/experiments/timer_recovery/adapters/quickjs.js"",""sha256"":""cd393c275173f20526562a008951f65a332deffed85e7c804519788b8ebffab7""}]",7354c1868ce2f8a6cc0d43c8be772c69eece3966b70d20df8f98270cddf07e2b,41943040,41943040,"{""mode"":""MAIN_MONOTONIC_V1_DERIVED"",""variant"":""richards_cached"",""N"":256,""checksum"":41943040,""correctness"":""PASS"",""warmup_calls"":0,""start_ms"":543940.447821,""stop_ms"":545962.997282,""elapsed_ms"":2022.549461000017}",2022.549461000017,7.900583832031316,[],True
0,"WB_RESULT:{""mode"":""MAIN_MONOTONIC_V1_DERIVED"",""variant"":""richards_cached"",""N"":256,""checksum"":41943040,""correctness"":""PASS"",""warmup_calls"":0,""start_ms"":33.487,""stop_ms"":1639.792,""elapsed_ms"":1606.3049999999998}
",,"[""/home/mzyx/three_engine_20261004/v8-linux64-rel-15.6.21/d8"",""--snapshot_blob=/home/mzyx/three_engine_20261004/v8-linux64-rel-15.6.21/snapshot_blob.bin"",""--max-opt=0"",""--no-lazy"",""/mnt/c/Users/mzyx/Desktop/0921/js-interpreter-bench/experiments/three_engine_baseline/adapters/v8.js"",""/mnt/c/Users/mzyx/Desktop/0921/js-interpreter-bench/experiments/timer_recovery/adapters/v8.js"",""/mnt/c/Users/mzyx/Desktop/0921/js-interpreter-bench/experiments/whitebox_analysis/attempt01/microbench/generated/richards_cached.N256.js""]",/mnt/c/Users/mzyx/Desktop/0921/js-interpreter-bench,2026-10-05T09:14:09.809452+00:00,546096817740,547744974147,b3ee321e-69da-462d-8718-4589949b17d0,1648156407,formal,richards,richards_cached,v8,256,10,2,"[""quickjs"",""v8"",""jsc""]",79,MAIN_MONOTONIC_V1_DERIVED,wsl2-ubuntu2404-x64-20261004,"[""--max-opt=0"",""--no-lazy""]",83b744a5953d2662ea723564d4035a333782a0cc85232d1025929a925150b133,cd82f87df8726d3925d311bc35b59c55c82f34d580c53045efc86fb1db040c6e,"[{""path"":""/mnt/c/Users/mzyx/Desktop/0921/js-interpreter-bench/experiments/three_engine_baseline/adapters/v8.js"",""sha256"":""0ab3ed677381191d7e7839cbbc3f07895104a8b8299679ab9f37b856d76d3a22""},{""path"":""/mnt/c/Users/mzyx/Desktop/0921/js-interpreter-bench/experiments/timer_recovery/adapters/v8.js"",""sha256"":""e610d3aa3d2672a5e6d5eccd9aaf05c6ae6758d1b9c4468289f017a231ab7d9f""}]",7354c1868ce2f8a6cc0d43c8be772c69eece3966b70d20df8f98270cddf07e2b,41943040,41943040,"{""mode"":""MAIN_MONOTONIC_V1_DERIVED"",""variant"":""richards_cached"",""N"":256,""checksum"":41943040,""correctness"":""PASS"",""warmup_calls"":0,""start_ms"":33.487,""stop_ms"":1639.792,""elapsed_ms"":1606.3049999999998}",1606.3049999999998,6.274628906249999,[],True
0,"WB_RESULT:{""mode"":""MAIN_MONOTONIC_V1_DERIVED"",""variant"":""richards_cached"",""N"":256,""checksum"":41943040,""correctness"":""PASS"",""warmup_calls"":0,""start_ms"":0,""stop_ms"":1353.86,""elapsed_ms"":1353.86}
",,"[""/home/mzyx/jsc_build_fd3406f/JSCOnly/Release/bin/jsc"",""--useJIT=false"",""--useLLInt=true"",""--validateOptions=true"",""/mnt/c/Users/mzyx/Desktop/0921/js-interpreter-bench/experiments/three_engine_baseline/adapters/jsc.js"",""/mnt/c/Users/mzyx/Desktop/0921/js-interpreter-bench/experiments/timer_recovery/adapters/jsc.js"",""/mnt/c/Users/mzyx/Desktop/0921/js-interpreter-bench/experiments/whitebox_analysis/attempt01/microbench/generated/richards_cached.N256.js""]",/mnt/c/Users/mzyx/Desktop/0921/js-interpreter-bench,2026-10-05T09:08:06.974474+00:00,156961518336,158342670484,b3ee321e-69da-462d-8718-4589949b17d0,1381152148,formal,richards,richards_cached,jsc,256,11,2,"[""quickjs"",""jsc"",""v8""]",7,MAIN_MONOTONIC_V1_DERIVED,wsl2-ubuntu2404-x64-20261004,"[""--useJIT=false"",""--useLLInt=true"",""--validateOptions=true""]",65c824a055405bf62b05e21d54515a72a1f0187a4d91225d00a6da969d35879f,cd82f87df8726d3925d311bc35b59c55c82f34d580c53045efc86fb1db040c6e,"[{""path"":""/mnt/c/Users/mzyx/Desktop/0921/js-interpreter-bench/experiments/three_engine_baseline/adapters/jsc.js"",""sha256"":""f9ddbb9556352e283b9c9feebc8bdd0ef1abac5bcdf1ab7a5d83945fa3c9437b""},{""path"":""/mnt/c/Users/mzyx/Desktop/0921/js-interpreter-bench/experiments/timer_recovery/adapters/jsc.js"",""sha256"":""0c485996a598b7e36f2f292b66397adc0390cbe6b69b55199e47e1c6c1e37010""}]",7354c1868ce2f8a6cc0d43c8be772c69eece3966b70d20df8f98270cddf07e2b,41943040,41943040,"{""mode"":""MAIN_MONOTONIC_V1_DERIVED"",""variant"":""richards_cached"",""N"":256,""checksum"":41943040,""correctness"":""PASS"",""warmup_calls"":0,""start_ms"":0,""stop_ms"":1353.86,""elapsed_ms"":1353.86}",1353.86,5.288515625,[],True
0,"WB_RESULT:{""mode"":""MAIN_MONOTONIC_V1_DERIVED"",""variant"":""richards_cached"",""N"":256,""checksum"":41943040,""correctness"":""PASS"",""warmup_calls"":0,""start_ms"":154916.511566,""stop_ms"":156835.81554,""elapsed_ms"":1919.3039740000095}
",,"[""/home/mzyx/three_engine_20261004/quickjs-04be246001599f5995fa2f2d8c91a0f198d3f34c/qjs"",""-I"",""/mnt/c/Users/mzyx/Desktop/0921/js-interpreter-bench/experiments/three_engine_baseline/adapters/quickjs.js"",""-I"",""/mnt/c/Users/mzyx/Desktop/0921/js-interpreter-bench/experiments/timer_recovery/adapters/quickjs.js"",""/mnt/c/Users/mzyx/Desktop/0921/js-interpreter-bench/experiments/whitebox_analysis/attempt01/microbench/generated/richards_cached.N256.js""]",/mnt/c/Users/mzyx/Desktop/0921/js-interpreter-bench,2026-10-05T09:08:05.468336+00:00,154904962853,156836544788,b3ee321e-69da-462d-8718-4589949b17d0,1931581935,formal,richards,richards_cached,quickjs,256,11,1,"[""quickjs"",""jsc"",""v8""]",7,MAIN_MONOTONIC_V1_DERIVED,wsl2-ubuntu2404-x64-20261004,[],140d5233b0337d91cb0f994ae4a051e49aa04da8802acfaedf0a01b81a620b79,cd82f87df8726d3925d311bc35b59c55c82f34d580c53045efc86fb1db040c6e,"[{""path"":""/mnt/c/Users/mzyx/Desktop/0921/js-interpreter-bench/experiments/three_engine_baseline/adapters/quickjs.js"",""sha256"":""f20aa7b460675d08600a58945203034feb50b2a3515aba579219f648b1235c6c""},{""path"":""/mnt/c/Users/mzyx/Desktop/0921/js-interpreter-bench/experiments/timer_recovery/adapters/quickjs.js"",""sha256"":""cd393c275173f20526562a008951f65a332deffed85e7c804519788b8ebffab7""}]",7354c1868ce2f8a6cc0d43c8be772c69eece3966b70d20df8f98270cddf07e2b,41943040,41943040,"{""mode"":""MAIN_MONOTONIC_V1_DERIVED"",""variant"":""richards_cached"",""N"":256,""checksum"":41943040,""correctness"":""PASS"",""warmup_calls"":0,""start_ms"":154916.511566,""stop_ms"":156835.81554,""elapsed_ms"":1919.3039740000095}",1919.3039740000095,7.497281148437537,[],True
0,"WB_RESULT:{""mode"":""MAIN_MONOTONIC_V1_DERIVED"",""variant"":""richards_cached"",""N"":256,""checksum"":41943040,""correctness"":""PASS"",""warmup_calls"":0,""start_ms"":28.42,""stop_ms"":1655.326,""elapsed_ms"":1626.906}
",,"[""/home/mzyx/three_engine_20261004/v8-linux64-rel-15.6.21/d8"",""--snapshot_blob=/home/mzyx/three_engine_20261004/v8-linux64-rel-15.6.21/snapshot_blob.bin"",""--max-opt=0"",""--no-lazy"",""/mnt/c/Users/mzyx/Desktop/0921/js-interpreter-bench/experiments/three_engine_baseline/adapters/v8.js"",""/mnt/c/Users/mzyx/Desktop/0921/js-interpreter-bench/experiments/timer_recovery/adapters/v8.js"",""/mnt/c/Users/mzyx/Desktop/0921/js-interpreter-bench/experiments/whitebox_analysis/attempt01/microbench/generated/richards_cached.N256.js""]",/mnt/c/Users/mzyx/Desktop/0921/js-interpreter-bench,2026-10-05T09:08:08.764636+00:00,158469058891,160132835189,b3ee321e-69da-462d-8718-4589949b17d0,1663776298,formal,richards,richards_cached,v8,256,11,3,"[""quickjs"",""jsc"",""v8""]",7,MAIN_MONOTONIC_V1_DERIVED,wsl2-ubuntu2404-x64-20261004,"[""--max-opt=0"",""--no-lazy""]",83b744a5953d2662ea723564d4035a333782a0cc85232d1025929a925150b133,cd82f87df8726d3925d311bc35b59c55c82f34d580c53045efc86fb1db040c6e,"[{""path"":""/mnt/c/Users/mzyx/Desktop/0921/js-interpreter-bench/experiments/three_engine_baseline/adapters/v8.js"",""sha256"":""0ab3ed677381191d7e7839cbbc3f07895104a8b8299679ab9f37b856d76d3a22""},{""path"":""/mnt/c/Users/mzyx/Desktop/0921/js-interpreter-bench/experiments/timer_recovery/adapters/v8.js"",""sha256"":""e610d3aa3d2672a5e6d5eccd9aaf05c6ae6758d1b9c4468289f017a231ab7d9f""}]",7354c1868ce2f8a6cc0d43c8be772c69eece3966b70d20df8f98270cddf07e2b,41943040,41943040,"{""mode"":""MAIN_MONOTONIC_V1_DERIVED"",""variant"":""richards_cached"",""N"":256,""checksum"":41943040,""correctness"":""PASS"",""warmup_calls"":0,""start_ms"":28.42,""stop_ms"":1655.326,""elapsed_ms"":1626.906}",1626.906,6.3551015625,[],True
0,"WB_RESULT:{""mode"":""MAIN_MONOTONIC_V1_DERIVED"",""variant"":""richards_cached"",""N"":256,""checksum"":41943040,""correctness"":""PASS"",""warmup_calls"":0,""start_ms"":0,""stop_ms"":1400.08,""elapsed_ms"":1400.08}
",,"[""/home/mzyx/jsc_build_fd3406f/JSCOnly/Release/bin/jsc"",""--useJIT=false"",""--useLLInt=true"",""--validateOptions=true"",""/mnt/c/Users/mzyx/Desktop/0921/js-interpreter-bench/experiments/three_engine_baseline/adapters/jsc.js"",""/mnt/c/Users/mzyx/Desktop/0921/js-interpreter-bench/experiments/timer_recovery/adapters/jsc.js"",""/mnt/c/Users/mzyx/Desktop/0921/js-interpreter-bench/experiments/whitebox_analysis/attempt01/microbench/generated/richards_cached.N256.js""]",/mnt/c/Users/mzyx/Desktop/0921/js-interpreter-bench,2026-10-05T09:15:07.835148+00:00,608622668800,610052853330,b3ee321e-69da-462d-8718-4589949b17d0,1430184530,formal,richards,richards_cached,jsc,256,12,3,"[""v8"",""quickjs"",""jsc""]",90,MAIN_MONOTONIC_V1_DERIVED,wsl2-ubuntu2404-x64-20261004,"[""--useJIT=false"",""--useLLInt=true"",""--validateOptions=true""]",65c824a055405bf62b05e21d54515a72a1f0187a4d91225d00a6da969d35879f,cd82f87df8726d3925d311bc35b59c55c82f34d580c53045efc86fb1db040c6e,"[{""path"":""/mnt/c/Users/mzyx/Desktop/0921/js-interpreter-bench/experiments/three_engine_baseline/adapters/jsc.js"",""sha256"":""f9ddbb9556352e283b9c9feebc8bdd0ef1abac5bcdf1ab7a5d83945fa3c9437b""},{""path"":""/mnt/c/Users/mzyx/Desktop/0921/js-interpreter-bench/experiments/timer_recovery/adapters/jsc.js"",""sha256"":""0c485996a598b7e36f2f292b66397adc0390cbe6b69b55199e47e1c6c1e37010""}]",7354c1868ce2f8a6cc0d43c8be772c69eece3966b70d20df8f98270cddf07e2b,41943040,41943040,"{""mode"":""MAIN_MONOTONIC_V1_DERIVED"",""variant"":""richards_cached"",""N"":256,""checksum"":41943040,""correctness"":""PASS"",""warmup_calls"":0,""start_ms"":0,""stop_ms"":1400.08,""elapsed_ms"":1400.08}",1400.08,5.4690625,[],True
0,"WB_RESULT:{""mode"":""MAIN_MONOTONIC_V1_DERIVED"",""variant"":""richards_cached"",""N"":256,""checksum"":41943040,""correctness"":""PASS"",""warmup_calls"":0,""start_ms"":606490.028845,""stop_ms"":608498.610866,""elapsed_ms"":2008.5820209999802}
",,"[""/home/mzyx/three_engine_20261004/quickjs-04be246001599f5995fa2f2d8c91a0f198d3f34c/qjs"",""-I"",""/mnt/c/Users/mzyx/Desktop/0921/js-interpreter-bench/experiments/three_engine_baseline/adapters/quickjs.js"",""-I"",""/mnt/c/Users/mzyx/Desktop/0921/js-interpreter-bench/experiments/timer_recovery/adapters/quickjs.js"",""/mnt/c/Users/mzyx/Desktop/0921/js-interpreter-bench/experiments/whitebox_analysis/attempt01/microbench/generated/richards_cached.N256.js""]",/mnt/c/Users/mzyx/Desktop/0921/js-interpreter-bench,2026-10-05T09:15:06.281906+00:00,606478388025,608499609604,b3ee321e-69da-462d-8718-4589949b17d0,2021221579,formal,richards,richards_cached,quickjs,256,12,2,"[""v8"",""quickjs"",""jsc""]",90,MAIN_MONOTONIC_V1_DERIVED,wsl2-ubuntu2404-x64-20261004,[],140d5233b0337d91cb0f994ae4a051e49aa04da8802acfaedf0a01b81a620b79,cd82f87df8726d3925d311bc35b59c55c82f34d580c53045efc86fb1db040c6e,"[{""path"":""/mnt/c/Users/mzyx/Desktop/0921/js-interpreter-bench/experiments/three_engine_baseline/adapters/quickjs.js"",""sha256"":""f20aa7b460675d08600a58945203034feb50b2a3515aba579219f648b1235c6c""},{""path"":""/mnt/c/Users/mzyx/Desktop/0921/js-interpreter-bench/experiments/timer_recovery/adapters/quickjs.js"",""sha256"":""cd393c275173f20526562a008951f65a332deffed85e7c804519788b8ebffab7""}]",7354c1868ce2f8a6cc0d43c8be772c69eece3966b70d20df8f98270cddf07e2b,41943040,41943040,"{""mode"":""MAIN_MONOTONIC_V1_DERIVED"",""variant"":""richards_cached"",""N"":256,""checksum"":41943040,""correctness"":""PASS"",""warmup_calls"":0,""start_ms"":606490.028845,""stop_ms"":608498.610866,""elapsed_ms"":2008.5820209999802}",2008.5820209999802,7.8460235195311725,[],True
0,"WB_RESULT:{""mode"":""MAIN_MONOTONIC_V1_DERIVED"",""variant"":""richards_cached"",""N"":256,""checksum"":41943040,""correctness"":""PASS"",""warmup_calls"":0,""start_ms"":27.043,""stop_ms"":1781.711,""elapsed_ms"":1754.6680000000001}
",,"[""/home/mzyx/three_engine_20261004/v8-linux64-rel-15.6.21/d8"",""--snapshot_blob=/home/mzyx/three_engine_20261004/v8-linux64-rel-15.6.21/snapshot_blob.bin"",""--max-opt=0"",""--no-lazy"",""/mnt/c/Users/mzyx/Desktop/0921/js-interpreter-bench/experiments/three_engine_baseline/adapters/v8.js"",""/mnt/c/Users/mzyx/Desktop/0921/js-interpreter-bench/experiments/timer_recovery/adapters/v8.js"",""/mnt/c/Users/mzyx/Desktop/0921/js-interpreter-bench/experiments/whitebox_analysis/attempt01/microbench/generated/richards_cached.N256.js""]",/mnt/c/Users/mzyx/Desktop/0921/js-interpreter-bench,2026-10-05T09:15:06.172262+00:00,604564218223,606354954809,b3ee321e-69da-462d-8718-4589949b17d0,1790736586,formal,richards,richards_cached,v8,256,12,1,"[""v8"",""quickjs"",""jsc""]",90,MAIN_MONOTONIC_V1_DERIVED,wsl2-ubuntu2404-x64-20261004,"[""--max-opt=0"",""--no-lazy""]",83b744a5953d2662ea723564d4035a333782a0cc85232d1025929a925150b133,cd82f87df8726d3925d311bc35b59c55c82f34d580c53045efc86fb1db040c6e,"[{""path"":""/mnt/c/Users/mzyx/Desktop/0921/js-interpreter-bench/experiments/three_engine_baseline/adapters/v8.js"",""sha256"":""0ab3ed677381191d7e7839cbbc3f07895104a8b8299679ab9f37b856d76d3a22""},{""path"":""/mnt/c/Users/mzyx/Desktop/0921/js-interpreter-bench/experiments/timer_recovery/adapters/v8.js"",""sha256"":""e610d3aa3d2672a5e6d5eccd9aaf05c6ae6758d1b9c4468289f017a231ab7d9f""}]",7354c1868ce2f8a6cc0d43c8be772c69eece3966b70d20df8f98270cddf07e2b,41943040,41943040,"{""mode"":""MAIN_MONOTONIC_V1_DERIVED"",""variant"":""richards_cached"",""N"":256,""checksum"":41943040,""correctness"":""PASS"",""warmup_calls"":0,""start_ms"":27.043,""stop_ms"":1781.711,""elapsed_ms"":1754.6680000000001}",1754.6680000000001,6.8541718750000005,[],True
0,"WB_RESULT:{""mode"":""MAIN_MONOTONIC_V1_DERIVED"",""variant"":""richards_cached"",""N"":256,""checksum"":41943040,""correctness"":""PASS"",""warmup_calls"":0,""start_ms"":0,""stop_ms"":1437.58,""elapsed_ms"":1437.58}
",,"[""/home/mzyx/jsc_build_fd3406f/JSCOnly/Release/bin/jsc"",""--useJIT=false"",""--useLLInt=true"",""--validateOptions=true"",""/mnt/c/Users/mzyx/Desktop/0921/js-interpreter-bench/experiments/three_engine_baseline/adapters/jsc.js"",""/mnt/c/Users/mzyx/Desktop/0921/js-interpreter-bench/experiments/timer_recovery/adapters/jsc.js"",""/mnt/c/Users/mzyx/Desktop/0921/js-interpreter-bench/experiments/whitebox_analysis/attempt01/microbench/generated/richards_cached.N256.js""]",/mnt/c/Users/mzyx/Desktop/0921/js-interpreter-bench,2026-10-05T09:12:59.923189+00:00,469533388817,470997144244,b3ee321e-69da-462d-8718-4589949b17d0,1463755427,formal,richards,richards_cached,jsc,256,13,2,"[""v8"",""jsc"",""quickjs""]",65,MAIN_MONOTONIC_V1_DERIVED,wsl2-ubuntu2404-x64-20261004,"[""--useJIT=false"",""--useLLInt=true"",""--validateOptions=true""]",65c824a055405bf62b05e21d54515a72a1f0187a4d91225d00a6da969d35879f,cd82f87df8726d3925d311bc35b59c55c82f34d580c53045efc86fb1db040c6e,"[{""path"":""/mnt/c/Users/mzyx/Desktop/0921/js-interpreter-bench/experiments/three_engine_baseline/adapters/jsc.js"",""sha256"":""f9ddbb9556352e283b9c9feebc8bdd0ef1abac5bcdf1ab7a5d83945fa3c9437b""},{""path"":""/mnt/c/Users/mzyx/Desktop/0921/js-interpreter-bench/experiments/timer_recovery/adapters/jsc.js"",""sha256"":""0c485996a598b7e36f2f292b66397adc0390cbe6b69b55199e47e1c6c1e37010""}]",7354c1868ce2f8a6cc0d43c8be772c69eece3966b70d20df8f98270cddf07e2b,41943040,41943040,"{""mode"":""MAIN_MONOTONIC_V1_DERIVED"",""variant"":""richards_cached"",""N"":256,""checksum"":41943040,""correctness"":""PASS"",""warmup_calls"":0,""start_ms"":0,""stop_ms"":1437.58,""elapsed_ms"":1437.58}",1437.58,5.615546875,[],True
0,"WB_RESULT:{""mode"":""MAIN_MONOTONIC_V1_DERIVED"",""variant"":""richards_cached"",""N"":256,""checksum"":41943040,""correctness"":""PASS"",""warmup_calls"":0,""start_ms"":471142.957621,""stop_ms"":473260.50258,""elapsed_ms"":2117.5449589999625}
",,"[""/home/mzyx/three_engine_20261004/quickjs-04be246001599f5995fa2f2d8c91a0f198d3f34c/qjs"",""-I"",""/mnt/c/Users/mzyx/Desktop/0921/js-interpreter-bench/experiments/three_engine_baseline/adapters/quickjs.js"",""-I"",""/mnt/c/Users/mzyx/Desktop/0921/js-interpreter-bench/experiments/timer_recovery/adapters/quickjs.js"",""/mnt/c/Users/mzyx/Desktop/0921/js-interpreter-bench/experiments/whitebox_analysis/attempt01/microbench/generated/richards_cached.N256.js""]",/mnt/c/Users/mzyx/Desktop/0921/js-interpreter-bench,2026-10-05T09:13:02.187467+00:00,471130922355,473261421041,b3ee321e-69da-462d-8718-4589949b17d0,2130498686,formal,richards,richards_cached,quickjs,256,13,3,"[""v8"",""jsc"",""quickjs""]",65,MAIN_MONOTONIC_V1_DERIVED,wsl2-ubuntu2404-x64-20261004,[],140d5233b0337d91cb0f994ae4a051e49aa04da8802acfaedf0a01b81a620b79,cd82f87df8726d3925d311bc35b59c55c82f34d580c53045efc86fb1db040c6e,"[{""path"":""/mnt/c/Users/mzyx/Desktop/0921/js-interpreter-bench/experiments/three_engine_baseline/adapters/quickjs.js"",""sha256"":""f20aa7b460675d08600a58945203034feb50b2a3515aba579219f648b1235c6c""},{""path"":""/mnt/c/Users/mzyx/Desktop/0921/js-interpreter-bench/experiments/timer_recovery/adapters/quickjs.js"",""sha256"":""cd393c275173f20526562a008951f65a332deffed85e7c804519788b8ebffab7""}]",7354c1868ce2f8a6cc0d43c8be772c69eece3966b70d20df8f98270cddf07e2b,41943040,41943040,"{""mode"":""MAIN_MONOTONIC_V1_DERIVED"",""variant"":""richards_cached"",""N"":256,""checksum"":41943040,""correctness"":""PASS"",""warmup_calls"":0,""start_ms"":471142.957621,""stop_ms"":473260.50258,""elapsed_ms"":2117.5449589999625}",2117.5449589999625,8.271659996093604,[],True
0,"WB_RESULT:{""mode"":""MAIN_MONOTONIC_V1_DERIVED"",""variant"":""richards_cached"",""N"":256,""checksum"":41943040,""correctness"":""PASS"",""warmup_calls"":0,""start_ms"":28.835,""stop_ms"":1796.931,""elapsed_ms"":1768.096}
",,"[""/home/mzyx/three_engine_20261004/v8-linux64-rel-15.6.21/d8"",""--snapshot_blob=/home/mzyx/three_engine_20261004/v8-linux64-rel-15.6.21/snapshot_blob.bin"",""--max-opt=0"",""--no-lazy"",""/mnt/c/Users/mzyx/Desktop/0921/js-interpreter-bench/experiments/three_engine_baseline/adapters/v8.js"",""/mnt/c/Users/mzyx/Desktop/0921/js-interpreter-bench/experiments/timer_recovery/adapters/v8.js"",""/mnt/c/Users/mzyx/Desktop/0921/js-interpreter-bench/experiments/whitebox_analysis/attempt01/microbench/generated/richards_cached.N256.js""]",/mnt/c/Users/mzyx/Desktop/0921/js-interpreter-bench,2026-10-05T09:12:58.329122+00:00,467597939900,469403072454,b3ee321e-69da-462d-8718-4589949b17d0,1805132554,formal,richards,richards_cached,v8,256,13,1,"[""v8"",""jsc"",""quickjs""]",65,MAIN_MONOTONIC_V1_DERIVED,wsl2-ubuntu2404-x64-20261004,"[""--max-opt=0"",""--no-lazy""]",83b744a5953d2662ea723564d4035a333782a0cc85232d1025929a925150b133,cd82f87df8726d3925d311bc35b59c55c82f34d580c53045efc86fb1db040c6e,"[{""path"":""/mnt/c/Users/mzyx/Desktop/0921/js-interpreter-bench/experiments/three_engine_baseline/adapters/v8.js"",""sha256"":""0ab3ed677381191d7e7839cbbc3f07895104a8b8299679ab9f37b856d76d3a22""},{""path"":""/mnt/c/Users/mzyx/Desktop/0921/js-interpreter-bench/experiments/timer_recovery/adapters/v8.js"",""sha256"":""e610d3aa3d2672a5e6d5eccd9aaf05c6ae6758d1b9c4468289f017a231ab7d9f""}]",7354c1868ce2f8a6cc0d43c8be772c69eece3966b70d20df8f98270cddf07e2b,41943040,41943040,"{""mode"":""MAIN_MONOTONIC_V1_DERIVED"",""variant"":""richards_cached"",""N"":256,""checksum"":41943040,""correctness"":""PASS"",""warmup_calls"":0,""start_ms"":28.835,""stop_ms"":1796.931,""elapsed_ms"":1768.096}",1768.096,6.906625,[],True
0,"WB_RESULT:{""mode"":""MAIN_MONOTONIC_V1_DERIVED"",""variant"":""richards_cached"",""N"":256,""checksum"":41943040,""correctness"":""PASS"",""warmup_calls"":0,""start_ms"":0,""stop_ms"":1407.32,""elapsed_ms"":1407.32}
",,"[""/home/mzyx/jsc_build_fd3406f/JSCOnly/Release/bin/jsc"",""--useJIT=false"",""--useLLInt=true"",""--validateOptions=true"",""/mnt/c/Users/mzyx/Desktop/0921/js-interpreter-bench/experiments/three_engine_baseline/adapters/jsc.js"",""/mnt/c/Users/mzyx/Desktop/0921/js-interpreter-bench/experiments/timer_recovery/adapters/jsc.js"",""/mnt/c/Users/mzyx/Desktop/0921/js-interpreter-bench/experiments/whitebox_analysis/attempt01/microbench/generated/richards_cached.N256.js""]",/mnt/c/Users/mzyx/Desktop/0921/js-interpreter-bench,2026-10-05T09:14:18.302414+00:00,554801107080,556237937053,b3ee321e-69da-462d-8718-4589949b17d0,1436829973,formal,richards,richards_cached,jsc,256,14,1,"[""jsc"",""v8"",""quickjs""]",81,MAIN_MONOTONIC_V1_DERIVED,wsl2-ubuntu2404-x64-20261004,"[""--useJIT=false"",""--useLLInt=true"",""--validateOptions=true""]",65c824a055405bf62b05e21d54515a72a1f0187a4d91225d00a6da969d35879f,cd82f87df8726d3925d311bc35b59c55c82f34d580c53045efc86fb1db040c6e,"[{""path"":""/mnt/c/Users/mzyx/Desktop/0921/js-interpreter-bench/experiments/three_engine_baseline/adapters/jsc.js"",""sha256"":""f9ddbb9556352e283b9c9feebc8bdd0ef1abac5bcdf1ab7a5d83945fa3c9437b""},{""path"":""/mnt/c/Users/mzyx/Desktop/0921/js-interpreter-bench/experiments/timer_recovery/adapters/jsc.js"",""sha256"":""0c485996a598b7e36f2f292b66397adc0390cbe6b69b55199e47e1c6c1e37010""}]",7354c1868ce2f8a6cc0d43c8be772c69eece3966b70d20df8f98270cddf07e2b,41943040,41943040,"{""mode"":""MAIN_MONOTONIC_V1_DERIVED"",""variant"":""richards_cached"",""N"":256,""checksum"":41943040,""correctness"":""PASS"",""warmup_calls"":0,""start_ms"":0,""stop_ms"":1407.32,""elapsed_ms"":1407.32}",1407.32,5.49734375,[],True
0,"WB_RESULT:{""mode"":""MAIN_MONOTONIC_V1_DERIVED"",""variant"":""richards_cached"",""N"":256,""checksum"":41943040,""correctness"":""PASS"",""warmup_calls"":0,""start_ms"":558270.976898,""stop_ms"":560304.771051,""elapsed_ms"":2033.7941529999953}
",,"[""/home/mzyx/three_engine_20261004/quickjs-04be246001599f5995fa2f2d8c91a0f198d3f34c/qjs"",""-I"",""/mnt/c/Users/mzyx/Desktop/0921/js-interpreter-bench/experiments/three_engine_baseline/adapters/quickjs.js"",""-I"",""/mnt/c/Users/mzyx/Desktop/0921/js-interpreter-bench/experiments/timer_recovery/adapters/quickjs.js"",""/mnt/c/Users/mzyx/Desktop/0921/js-interpreter-bench/experiments/whitebox_analysis/attempt01/microbench/generated/richards_cached.N256.js""]",/mnt/c/Users/mzyx/Desktop/0921/js-interpreter-bench,2026-10-05T09:14:22.370063+00:00,558258828926,560305588060,b3ee321e-69da-462d-8718-4589949b17d0,2046759134,formal,richards,richards_cached,quickjs,256,14,3,"[""jsc"",""v8"",""quickjs""]",81,MAIN_MONOTONIC_V1_DERIVED,wsl2-ubuntu2404-x64-20261004,[],140d5233b0337d91cb0f994ae4a051e49aa04da8802acfaedf0a01b81a620b79,cd82f87df8726d3925d311bc35b59c55c82f34d580c53045efc86fb1db040c6e,"[{""path"":""/mnt/c/Users/mzyx/Desktop/0921/js-interpreter-bench/experiments/three_engine_baseline/adapters/quickjs.js"",""sha256"":""f20aa7b460675d08600a58945203034feb50b2a3515aba579219f648b1235c6c""},{""path"":""/mnt/c/Users/mzyx/Desktop/0921/js-interpreter-bench/experiments/timer_recovery/adapters/quickjs.js"",""sha256"":""cd393c275173f20526562a008951f65a332deffed85e7c804519788b8ebffab7""}]",7354c1868ce2f8a6cc0d43c8be772c69eece3966b70d20df8f98270cddf07e2b,41943040,41943040,"{""mode"":""MAIN_MONOTONIC_V1_DERIVED"",""variant"":""richards_cached"",""N"":256,""checksum"":41943040,""correctness"":""PASS"",""warmup_calls"":0,""start_ms"":558270.976898,""stop_ms"":560304.771051,""elapsed_ms"":2033.7941529999953}",2033.7941529999953,7.9445084101562315,[],True
0,"WB_RESULT:{""mode"":""MAIN_MONOTONIC_V1_DERIVED"",""variant"":""richards_cached"",""N"":256,""checksum"":41943040,""correctness"":""PASS"",""warmup_calls"":0,""start_ms"":33.863,""stop_ms"":1750.21,""elapsed_ms"":1716.347}
",,"[""/home/mzyx/three_engine_20261004/v8-linux64-rel-15.6.21/d8"",""--snapshot_blob=/home/mzyx/three_engine_20261004/v8-linux64-rel-15.6.21/snapshot_blob.bin"",""--max-opt=0"",""--no-lazy"",""/mnt/c/Users/mzyx/Desktop/0921/js-interpreter-bench/experiments/three_engine_baseline/adapters/v8.js"",""/mnt/c/Users/mzyx/Desktop/0921/js-interpreter-bench/experiments/timer_recovery/adapters/v8.js"",""/mnt/c/Users/mzyx/Desktop/0921/js-interpreter-bench/experiments/whitebox_analysis/attempt01/microbench/generated/richards_cached.N256.js""]",/mnt/c/Users/mzyx/Desktop/0921/js-interpreter-bench,2026-10-05T09:14:20.195855+00:00,556372313285,558131378426,b3ee321e-69da-462d-8718-4589949b17d0,1759065141,formal,richards,richards_cached,v8,256,14,2,"[""jsc"",""v8"",""quickjs""]",81,MAIN_MONOTONIC_V1_DERIVED,wsl2-ubuntu2404-x64-20261004,"[""--max-opt=0"",""--no-lazy""]",83b744a5953d2662ea723564d4035a333782a0cc85232d1025929a925150b133,cd82f87df8726d3925d311bc35b59c55c82f34d580c53045efc86fb1db040c6e,"[{""path"":""/mnt/c/Users/mzyx/Desktop/0921/js-interpreter-bench/experiments/three_engine_baseline/adapters/v8.js"",""sha256"":""0ab3ed677381191d7e7839cbbc3f07895104a8b8299679ab9f37b856d76d3a22""},{""path"":""/mnt/c/Users/mzyx/Desktop/0921/js-interpreter-bench/experiments/timer_recovery/adapters/v8.js"",""sha256"":""e610d3aa3d2672a5e6d5eccd9aaf05c6ae6758d1b9c4468289f017a231ab7d9f""}]",7354c1868ce2f8a6cc0d43c8be772c69eece3966b70d20df8f98270cddf07e2b,41943040,41943040,"{""mode"":""MAIN_MONOTONIC_V1_DERIVED"",""variant"":""richards_cached"",""N"":256,""checksum"":41943040,""correctness"":""PASS"",""warmup_calls"":0,""start_ms"":33.863,""stop_ms"":1750.21,""elapsed_ms"":1716.347}",1716.347,6.70448046875,[],True
0,"WB_RESULT:{""mode"":""MAIN_MONOTONIC_V1_DERIVED"",""variant"":""richards_cached"",""N"":256,""checksum"":41943040,""correctness"":""PASS"",""warmup_calls"":0,""start_ms"":0,""stop_ms"":1403.16,""elapsed_ms"":1403.16}
",,"[""/home/mzyx/jsc_build_fd3406f/JSCOnly/Release/bin/jsc"",""--useJIT=false"",""--useLLInt=true"",""--validateOptions=true"",""/mnt/c/Users/mzyx/Desktop/0921/js-interpreter-bench/experiments/three_engine_baseline/adapters/jsc.js"",""/mnt/c/Users/mzyx/Desktop/0921/js-interpreter-bench/experiments/timer_recovery/adapters/jsc.js"",""/mnt/c/Users/mzyx/Desktop/0921/js-interpreter-bench/experiments/whitebox_analysis/attempt01/microbench/generated/richards_cached.N256.js""]",/mnt/c/Users/mzyx/Desktop/0921/js-interpreter-bench,2026-10-05T09:13:48.392093+00:00,522551439097,523980114175,b3ee321e-69da-462d-8718-4589949b17d0,1428675078,formal,richards,richards_cached,jsc,256,15,1,"[""jsc"",""quickjs"",""v8""]",75,MAIN_MONOTONIC_V1_DERIVED,wsl2-ubuntu2404-x64-20261004,"[""--useJIT=false"",""--useLLInt=true"",""--validateOptions=true""]",65c824a055405bf62b05e21d54515a72a1f0187a4d91225d00a6da969d35879f,cd82f87df8726d3925d311bc35b59c55c82f34d580c53045efc86fb1db040c6e,"[{""path"":""/mnt/c/Users/mzyx/Desktop/0921/js-interpreter-bench/experiments/three_engine_baseline/adapters/jsc.js"",""sha256"":""f9ddbb9556352e283b9c9feebc8bdd0ef1abac5bcdf1ab7a5d83945fa3c9437b""},{""path"":""/mnt/c/Users/mzyx/Desktop/0921/js-interpreter-bench/experiments/timer_recovery/adapters/jsc.js"",""sha256"":""0c485996a598b7e36f2f292b66397adc0390cbe6b69b55199e47e1c6c1e37010""}]",7354c1868ce2f8a6cc0d43c8be772c69eece3966b70d20df8f98270cddf07e2b,41943040,41943040,"{""mode"":""MAIN_MONOTONIC_V1_DERIVED"",""variant"":""richards_cached"",""N"":256,""checksum"":41943040,""correctness"":""PASS"",""warmup_calls"":0,""start_ms"":0,""stop_ms"":1403.16,""elapsed_ms"":1403.16}",1403.16,5.48109375,[],True
0,"WB_RESULT:{""mode"":""MAIN_MONOTONIC_V1_DERIVED"",""variant"":""richards_cached"",""N"":256,""checksum"":41943040,""correctness"":""PASS"",""warmup_calls"":0,""start_ms"":524123.609326,""stop_ms"":526108.397103,""elapsed_ms"":1984.7877769999905}
",,"[""/home/mzyx/three_engine_20261004/quickjs-04be246001599f5995fa2f2d8c91a0f198d3f34c/qjs"",""-I"",""/mnt/c/Users/mzyx/Desktop/0921/js-interpreter-bench/experiments/three_engine_baseline/adapters/quickjs.js"",""-I"",""/mnt/c/Users/mzyx/Desktop/0921/js-interpreter-bench/experiments/timer_recovery/adapters/quickjs.js"",""/mnt/c/Users/mzyx/Desktop/0921/js-interpreter-bench/experiments/whitebox_analysis/attempt01/microbench/generated/richards_cached.N256.js""]",/mnt/c/Users/mzyx/Desktop/0921/js-interpreter-bench,2026-10-05T09:13:50.521204+00:00,524111213015,526109224629,b3ee321e-69da-462d-8718-4589949b17d0,1998011614,formal,richards,richards_cached,quickjs,256,15,2,"[""jsc"",""quickjs"",""v8""]",75,MAIN_MONOTONIC_V1_DERIVED,wsl2-ubuntu2404-x64-20261004,[],140d5233b0337d91cb0f994ae4a051e49aa04da8802acfaedf0a01b81a620b79,cd82f87df8726d3925d311bc35b59c55c82f34d580c53045efc86fb1db040c6e,"[{""path"":""/mnt/c/Users/mzyx/Desktop/0921/js-interpreter-bench/experiments/three_engine_baseline/adapters/quickjs.js"",""sha256"":""f20aa7b460675d08600a58945203034feb50b2a3515aba579219f648b1235c6c""},{""path"":""/mnt/c/Users/mzyx/Desktop/0921/js-interpreter-bench/experiments/timer_recovery/adapters/quickjs.js"",""sha256"":""cd393c275173f20526562a008951f65a332deffed85e7c804519788b8ebffab7""}]",7354c1868ce2f8a6cc0d43c8be772c69eece3966b70d20df8f98270cddf07e2b,41943040,41943040,"{""mode"":""MAIN_MONOTONIC_V1_DERIVED"",""variant"":""richards_cached"",""N"":256,""checksum"":41943040,""correctness"":""PASS"",""warmup_calls"":0,""start_ms"":524123.609326,""stop_ms"":526108.397103,""elapsed_ms"":1984.7877769999905}",1984.7877769999905,7.753077253906213,[],True
0,"WB_RESULT:{""mode"":""MAIN_MONOTONIC_V1_DERIVED"",""variant"":""richards_cached"",""N"":256,""checksum"":41943040,""correctness"":""PASS"",""warmup_calls"":0,""start_ms"":35.831,""stop_ms"":1739.752,""elapsed_ms"":1703.921}
",,"[""/home/mzyx/three_engine_20261004/v8-linux64-rel-15.6.21/d8"",""--snapshot_blob=/home/mzyx/three_engine_20261004/v8-linux64-rel-15.6.21/snapshot_blob.bin"",""--max-opt=0"",""--no-lazy"",""/mnt/c/Users/mzyx/Desktop/0921/js-interpreter-bench/experiments/three_engine_baseline/adapters/v8.js"",""/mnt/c/Users/mzyx/Desktop/0921/js-interpreter-bench/experiments/timer_recovery/adapters/v8.js"",""/mnt/c/Users/mzyx/Desktop/0921/js-interpreter-bench/experiments/whitebox_analysis/attempt01/microbench/generated/richards_cached.N256.js""]",/mnt/c/Users/mzyx/Desktop/0921/js-interpreter-bench,2026-10-05T09:13:52.405450+00:00,526245197518,527993472439,b3ee321e-69da-462d-8718-4589949b17d0,1748274921,formal,richards,richards_cached,v8,256,15,3,"[""jsc"",""quickjs"",""v8""]",75,MAIN_MONOTONIC_V1_DERIVED,wsl2-ubuntu2404-x64-20261004,"[""--max-opt=0"",""--no-lazy""]",83b744a5953d2662ea723564d4035a333782a0cc85232d1025929a925150b133,cd82f87df8726d3925d311bc35b59c55c82f34d580c53045efc86fb1db040c6e,"[{""path"":""/mnt/c/Users/mzyx/Desktop/0921/js-interpreter-bench/experiments/three_engine_baseline/adapters/v8.js"",""sha256"":""0ab3ed677381191d7e7839cbbc3f07895104a8b8299679ab9f37b856d76d3a22""},{""path"":""/mnt/c/Users/mzyx/Desktop/0921/js-interpreter-bench/experiments/timer_recovery/adapters/v8.js"",""sha256"":""e610d3aa3d2672a5e6d5eccd9aaf05c6ae6758d1b9c4468289f017a231ab7d9f""}]",7354c1868ce2f8a6cc0d43c8be772c69eece3966b70d20df8f98270cddf07e2b,41943040,41943040,"{""mode"":""MAIN_MONOTONIC_V1_DERIVED"",""variant"":""richards_cached"",""N"":256,""checksum"":41943040,""correctness"":""PASS"",""warmup_calls"":0,""start_ms"":35.831,""stop_ms"":1739.752,""elapsed_ms"":1703.921}",1703.921,6.65594140625,[],True
0,"WB_RESULT:{""mode"":""MAIN_MONOTONIC_V1_DERIVED"",""variant"":""richards_cached"",""N"":256,""checksum"":41943040,""correctness"":""PASS"",""warmup_calls"":0,""start_ms"":0,""stop_ms"":1385.78,""elapsed_ms"":1385.78}
",,"[""/home/mzyx/jsc_build_fd3406f/JSCOnly/Release/bin/jsc"",""--useJIT=false"",""--useLLInt=true"",""--validateOptions=true"",""/mnt/c/Users/mzyx/Desktop/0921/js-interpreter-bench/experiments/three_engine_baseline/adapters/jsc.js"",""/mnt/c/Users/mzyx/Desktop/0921/js-interpreter-bench/experiments/timer_recovery/adapters/jsc.js"",""/mnt/c/Users/mzyx/Desktop/0921/js-interpreter-bench/experiments/whitebox_analysis/attempt01/microbench/generated/richards_cached.N256.js""]",/mnt/c/Users/mzyx/Desktop/0921/js-interpreter-bench,2026-10-05T09:11:51.024038+00:00,396278851004,397693106251,b3ee321e-69da-462d-8718-4589949b17d0,1414255247,formal,richards,richards_cached,jsc,256,16,1,"[""jsc"",""v8"",""quickjs""]",52,MAIN_MONOTONIC_V1_DERIVED,wsl2-ubuntu2404-x64-20261004,"[""--useJIT=false"",""--useLLInt=true"",""--validateOptions=true""]",65c824a055405bf62b05e21d54515a72a1f0187a4d91225d00a6da969d35879f,cd82f87df8726d3925d311bc35b59c55c82f34d580c53045efc86fb1db040c6e,"[{""path"":""/mnt/c/Users/mzyx/Desktop/0921/js-interpreter-bench/experiments/three_engine_baseline/adapters/jsc.js"",""sha256"":""f9ddbb9556352e283b9c9feebc8bdd0ef1abac5bcdf1ab7a5d83945fa3c9437b""},{""path"":""/mnt/c/Users/mzyx/Desktop/0921/js-interpreter-bench/experiments/timer_recovery/adapters/jsc.js"",""sha256"":""0c485996a598b7e36f2f292b66397adc0390cbe6b69b55199e47e1c6c1e37010""}]",7354c1868ce2f8a6cc0d43c8be772c69eece3966b70d20df8f98270cddf07e2b,41943040,41943040,"{""mode"":""MAIN_MONOTONIC_V1_DERIVED"",""variant"":""richards_cached"",""N"":256,""checksum"":41943040,""correctness"":""PASS"",""warmup_calls"":0,""start_ms"":0,""stop_ms"":1385.78,""elapsed_ms"":1385.78}",1385.78,5.413203125,[],True
0,"WB_RESULT:{""mode"":""MAIN_MONOTONIC_V1_DERIVED"",""variant"":""richards_cached"",""N"":256,""checksum"":41943040,""correctness"":""PASS"",""warmup_calls"":0,""start_ms"":399681.223967,""stop_ms"":401805.082567,""elapsed_ms"":2123.8585999999777}
",,"[""/home/mzyx/three_engine_20261004/quickjs-04be246001599f5995fa2f2d8c91a0f198d3f34c/qjs"",""-I"",""/mnt/c/Users/mzyx/Desktop/0921/js-interpreter-bench/experiments/three_engine_baseline/adapters/quickjs.js"",""-I"",""/mnt/c/Users/mzyx/Desktop/0921/js-interpreter-bench/experiments/timer_recovery/adapters/quickjs.js"",""/mnt/c/Users/mzyx/Desktop/0921/js-interpreter-bench/experiments/whitebox_analysis/attempt01/microbench/generated/richards_cached.N256.js""]",/mnt/c/Users/mzyx/Desktop/0921/js-interpreter-bench,2026-10-05T09:11:55.136762+00:00,399669532978,401805828424,b3ee321e-69da-462d-8718-4589949b17d0,2136295446,formal,richards,richards_cached,quickjs,256,16,3,"[""jsc"",""v8"",""quickjs""]",52,MAIN_MONOTONIC_V1_DERIVED,wsl2-ubuntu2404-x64-20261004,[],140d5233b0337d91cb0f994ae4a051e49aa04da8802acfaedf0a01b81a620b79,cd82f87df8726d3925d311bc35b59c55c82f34d580c53045efc86fb1db040c6e,"[{""path"":""/mnt/c/Users/mzyx/Desktop/0921/js-interpreter-bench/experiments/three_engine_baseline/adapters/quickjs.js"",""sha256"":""f20aa7b460675d08600a58945203034feb50b2a3515aba579219f648b1235c6c""},{""path"":""/mnt/c/Users/mzyx/Desktop/0921/js-interpreter-bench/experiments/timer_recovery/adapters/quickjs.js"",""sha256"":""cd393c275173f20526562a008951f65a332deffed85e7c804519788b8ebffab7""}]",7354c1868ce2f8a6cc0d43c8be772c69eece3966b70d20df8f98270cddf07e2b,41943040,41943040,"{""mode"":""MAIN_MONOTONIC_V1_DERIVED"",""variant"":""richards_cached"",""N"":256,""checksum"":41943040,""correctness"":""PASS"",""warmup_calls"":0,""start_ms"":399681.223967,""stop_ms"":401805.082567,""elapsed_ms"":2123.8585999999777}",2123.8585999999777,8.296322656249913,[],True
0,"WB_RESULT:{""mode"":""MAIN_MONOTONIC_V1_DERIVED"",""variant"":""richards_cached"",""N"":256,""checksum"":41943040,""correctness"":""PASS"",""warmup_calls"":0,""start_ms"":32.837,""stop_ms"":1718.749,""elapsed_ms"":1685.912}
",,"[""/home/mzyx/three_engine_20261004/v8-linux64-rel-15.6.21/d8"",""--snapshot_blob=/home/mzyx/three_engine_20261004/v8-linux64-rel-15.6.21/snapshot_blob.bin"",""--max-opt=0"",""--no-lazy"",""/mnt/c/Users/mzyx/Desktop/0921/js-interpreter-bench/experiments/three_engine_baseline/adapters/v8.js"",""/mnt/c/Users/mzyx/Desktop/0921/js-interpreter-bench/experiments/timer_recovery/adapters/v8.js"",""/mnt/c/Users/mzyx/Desktop/0921/js-interpreter-bench/experiments/whitebox_analysis/attempt01/microbench/generated/richards_cached.N256.js""]",/mnt/c/Users/mzyx/Desktop/0921/js-interpreter-bench,2026-10-05T09:11:52.876298+00:00,397818233127,399545364062,b3ee321e-69da-462d-8718-4589949b17d0,1727130935,formal,richards,richards_cached,v8,256,16,2,"[""jsc"",""v8"",""quickjs""]",52,MAIN_MONOTONIC_V1_DERIVED,wsl2-ubuntu2404-x64-20261004,"[""--max-opt=0"",""--no-lazy""]",83b744a5953d2662ea723564d4035a333782a0cc85232d1025929a925150b133,cd82f87df8726d3925d311bc35b59c55c82f34d580c53045efc86fb1db040c6e,"[{""path"":""/mnt/c/Users/mzyx/Desktop/0921/js-interpreter-bench/experiments/three_engine_baseline/adapters/v8.js"",""sha256"":""0ab3ed677381191d7e7839cbbc3f07895104a8b8299679ab9f37b856d76d3a22""},{""path"":""/mnt/c/Users/mzyx/Desktop/0921/js-interpreter-bench/experiments/timer_recovery/adapters/v8.js"",""sha256"":""e610d3aa3d2672a5e6d5eccd9aaf05c6ae6758d1b9c4468289f017a231ab7d9f""}]",7354c1868ce2f8a6cc0d43c8be772c69eece3966b70d20df8f98270cddf07e2b,41943040,41943040,"{""mode"":""MAIN_MONOTONIC_V1_DERIVED"",""variant"":""richards_cached"",""N"":256,""checksum"":41943040,""correctness"":""PASS"",""warmup_calls"":0,""start_ms"":32.837,""stop_ms"":1718.749,""elapsed_ms"":1685.912}",1685.912,6.58559375,[],True
0,"WB_RESULT:{""mode"":""MAIN_MONOTONIC_V1_DERIVED"",""variant"":""richards_cached"",""N"":256,""checksum"":41943040,""correctness"":""PASS"",""warmup_calls"":0,""start_ms"":0,""stop_ms"":1381.72,""elapsed_ms"":1381.72}
",,"[""/home/mzyx/jsc_build_fd3406f/JSCOnly/Release/bin/jsc"",""--useJIT=false"",""--useLLInt=true"",""--validateOptions=true"",""/mnt/c/Users/mzyx/Desktop/0921/js-interpreter-bench/experiments/three_engine_baseline/adapters/jsc.js"",""/mnt/c/Users/mzyx/Desktop/0921/js-interpreter-bench/experiments/timer_recovery/adapters/jsc.js"",""/mnt/c/Users/mzyx/Desktop/0921/js-interpreter-bench/experiments/whitebox_analysis/attempt01/microbench/generated/richards_cached.N256.js""]",/mnt/c/Users/mzyx/Desktop/0921/js-interpreter-bench,2026-10-05T09:07:44.442121+00:00,132624649204,134038414706,b3ee321e-69da-462d-8718-4589949b17d0,1413765502,formal,richards,richards_cached,jsc,256,17,3,"[""quickjs"",""v8"",""jsc""]",2,MAIN_MONOTONIC_V1_DERIVED,wsl2-ubuntu2404-x64-20261004,"[""--useJIT=false"",""--useLLInt=true"",""--validateOptions=true""]",65c824a055405bf62b05e21d54515a72a1f0187a4d91225d00a6da969d35879f,cd82f87df8726d3925d311bc35b59c55c82f34d580c53045efc86fb1db040c6e,"[{""path"":""/mnt/c/Users/mzyx/Desktop/0921/js-interpreter-bench/experiments/three_engine_baseline/adapters/jsc.js"",""sha256"":""f9ddbb9556352e283b9c9feebc8bdd0ef1abac5bcdf1ab7a5d83945fa3c9437b""},{""path"":""/mnt/c/Users/mzyx/Desktop/0921/js-interpreter-bench/experiments/timer_recovery/adapters/jsc.js"",""sha256"":""0c485996a598b7e36f2f292b66397adc0390cbe6b69b55199e47e1c6c1e37010""}]",7354c1868ce2f8a6cc0d43c8be772c69eece3966b70d20df8f98270cddf07e2b,41943040,41943040,"{""mode"":""MAIN_MONOTONIC_V1_DERIVED"",""variant"":""richards_cached"",""N"":256,""checksum"":41943040,""correctness"":""PASS"",""warmup_calls"":0,""start_ms"":0,""stop_ms"":1381.72,""elapsed_ms"":1381.72}",1381.72,5.39734375,[],True
0,"WB_RESULT:{""mode"":""MAIN_MONOTONIC_V1_DERIVED"",""variant"":""richards_cached"",""N"":256,""checksum"":41943040,""correctness"":""PASS"",""warmup_calls"":0,""start_ms"":128714.903869,""stop_ms"":130658.834618,""elapsed_ms"":1943.930748999992}
",,"[""/home/mzyx/three_engine_20261004/quickjs-04be246001599f5995fa2f2d8c91a0f198d3f34c/qjs"",""-I"",""/mnt/c/Users/mzyx/Desktop/0921/js-interpreter-bench/experiments/three_engine_baseline/adapters/quickjs.js"",""-I"",""/mnt/c/Users/mzyx/Desktop/0921/js-interpreter-bench/experiments/timer_recovery/adapters/quickjs.js"",""/mnt/c/Users/mzyx/Desktop/0921/js-interpreter-bench/experiments/whitebox_analysis/attempt01/microbench/generated/richards_cached.N256.js""]",/mnt/c/Users/mzyx/Desktop/0921/js-interpreter-bench,2026-10-05T09:07:41.063352+00:00,128703365603,130659643021,b3ee321e-69da-462d-8718-4589949b17d0,1956277418,formal,richards,richards_cached,quickjs,256,17,1,"[""quickjs"",""v8"",""jsc""]",2,MAIN_MONOTONIC_V1_DERIVED,wsl2-ubuntu2404-x64-20261004,[],140d5233b0337d91cb0f994ae4a051e49aa04da8802acfaedf0a01b81a620b79,cd82f87df8726d3925d311bc35b59c55c82f34d580c53045efc86fb1db040c6e,"[{""path"":""/mnt/c/Users/mzyx/Desktop/0921/js-interpreter-bench/experiments/three_engine_baseline/adapters/quickjs.js"",""sha256"":""f20aa7b460675d08600a58945203034feb50b2a3515aba579219f648b1235c6c""},{""path"":""/mnt/c/Users/mzyx/Desktop/0921/js-interpreter-bench/experiments/timer_recovery/adapters/quickjs.js"",""sha256"":""cd393c275173f20526562a008951f65a332deffed85e7c804519788b8ebffab7""}]",7354c1868ce2f8a6cc0d43c8be772c69eece3966b70d20df8f98270cddf07e2b,41943040,41943040,"{""mode"":""MAIN_MONOTONIC_V1_DERIVED"",""variant"":""richards_cached"",""N"":256,""checksum"":41943040,""correctness"":""PASS"",""warmup_calls"":0,""start_ms"":128714.903869,""stop_ms"":130658.834618,""elapsed_ms"":1943.930748999992}",1943.930748999992,7.593479488281218,[],True
0,"WB_RESULT:{""mode"":""MAIN_MONOTONIC_V1_DERIVED"",""variant"":""richards_cached"",""N"":256,""checksum"":41943040,""correctness"":""PASS"",""warmup_calls"":0,""start_ms"":28.279,""stop_ms"":1693.987,""elapsed_ms"":1665.708}
",,"[""/home/mzyx/three_engine_20261004/v8-linux64-rel-15.6.21/d8"",""--snapshot_blob=/home/mzyx/three_engine_20261004/v8-linux64-rel-15.6.21/snapshot_blob.bin"",""--max-opt=0"",""--no-lazy"",""/mnt/c/Users/mzyx/Desktop/0921/js-interpreter-bench/experiments/three_engine_baseline/adapters/v8.js"",""/mnt/c/Users/mzyx/Desktop/0921/js-interpreter-bench/experiments/timer_recovery/adapters/v8.js"",""/mnt/c/Users/mzyx/Desktop/0921/js-interpreter-bench/experiments/whitebox_analysis/attempt01/microbench/generated/richards_cached.N256.js""]",/mnt/c/Users/mzyx/Desktop/0921/js-interpreter-bench,2026-10-05T09:07:42.887824+00:00,130782154232,132484116965,b3ee321e-69da-462d-8718-4589949b17d0,1701962733,formal,richards,richards_cached,v8,256,17,2,"[""quickjs"",""v8"",""jsc""]",2,MAIN_MONOTONIC_V1_DERIVED,wsl2-ubuntu2404-x64-20261004,"[""--max-opt=0"",""--no-lazy""]",83b744a5953d2662ea723564d4035a333782a0cc85232d1025929a925150b133,cd82f87df8726d3925d311bc35b59c55c82f34d580c53045efc86fb1db040c6e,"[{""path"":""/mnt/c/Users/mzyx/Desktop/0921/js-interpreter-bench/experiments/three_engine_baseline/adapters/v8.js"",""sha256"":""0ab3ed677381191d7e7839cbbc3f07895104a8b8299679ab9f37b856d76d3a22""},{""path"":""/mnt/c/Users/mzyx/Desktop/0921/js-interpreter-bench/experiments/timer_recovery/adapters/v8.js"",""sha256"":""e610d3aa3d2672a5e6d5eccd9aaf05c6ae6758d1b9c4468289f017a231ab7d9f""}]",7354c1868ce2f8a6cc0d43c8be772c69eece3966b70d20df8f98270cddf07e2b,41943040,41943040,"{""mode"":""MAIN_MONOTONIC_V1_DERIVED"",""variant"":""richards_cached"",""N"":256,""checksum"":41943040,""correctness"":""PASS"",""warmup_calls"":0,""start_ms"":28.279,""stop_ms"":1693.987,""elapsed_ms"":1665.708}",1665.708,6.506671875,[],True
0,"WB_RESULT:{""mode"":""MAIN_MONOTONIC_V1_DERIVED"",""variant"":""richards_cached"",""N"":256,""checksum"":41943040,""correctness"":""PASS"",""warmup_calls"":0,""start_ms"":0,""stop_ms"":1435.62,""elapsed_ms"":1435.62}
",,"[""/home/mzyx/jsc_build_fd3406f/JSCOnly/Release/bin/jsc"",""--useJIT=false"",""--useLLInt=true"",""--validateOptions=true"",""/mnt/c/Users/mzyx/Desktop/0921/js-interpreter-bench/experiments/three_engine_baseline/adapters/jsc.js"",""/mnt/c/Users/mzyx/Desktop/0921/js-interpreter-bench/experiments/timer_recovery/adapters/jsc.js"",""/mnt/c/Users/mzyx/Desktop/0921/js-interpreter-bench/experiments/whitebox_analysis/attempt01/microbench/generated/richards_cached.N256.js""]",/mnt/c/Users/mzyx/Desktop/0921/js-interpreter-bench,2026-10-05T09:15:21.759884+00:00,622514444258,623977592537,b3ee321e-69da-462d-8718-4589949b17d0,1463148279,formal,richards,richards_cached,jsc,256,18,2,"[""quickjs"",""jsc"",""v8""]",93,MAIN_MONOTONIC_V1_DERIVED,wsl2-ubuntu2404-x64-20261004,"[""--useJIT=false"",""--useLLInt=true"",""--validateOptions=true""]",65c824a055405bf62b05e21d54515a72a1f0187a4d91225d00a6da969d35879f,cd82f87df8726d3925d311bc35b59c55c82f34d580c53045efc86fb1db040c6e,"[{""path"":""/mnt/c/Users/mzyx/Desktop/0921/js-interpreter-bench/experiments/three_engine_baseline/adapters/jsc.js"",""sha256"":""f9ddbb9556352e283b9c9feebc8bdd0ef1abac5bcdf1ab7a5d83945fa3c9437b""},{""path"":""/mnt/c/Users/mzyx/Desktop/0921/js-interpreter-bench/experiments/timer_recovery/adapters/jsc.js"",""sha256"":""0c485996a598b7e36f2f292b66397adc0390cbe6b69b55199e47e1c6c1e37010""}]",7354c1868ce2f8a6cc0d43c8be772c69eece3966b70d20df8f98270cddf07e2b,41943040,41943040,"{""mode"":""MAIN_MONOTONIC_V1_DERIVED"",""variant"":""richards_cached"",""N"":256,""checksum"":41943040,""correctness"":""PASS"",""warmup_calls"":0,""start_ms"":0,""stop_ms"":1435.62,""elapsed_ms"":1435.62}",1435.62,5.607890625,[],True
0,"WB_RESULT:{""mode"":""MAIN_MONOTONIC_V1_DERIVED"",""variant"":""richards_cached"",""N"":256,""checksum"":41943040,""correctness"":""PASS"",""warmup_calls"":0,""start_ms"":620392.326183,""stop_ms"":622383.657295,""elapsed_ms"":1991.3311120000435}
",,"[""/home/mzyx/three_engine_20261004/quickjs-04be246001599f5995fa2f2d8c91a0f198d3f34c/qjs"",""-I"",""/mnt/c/Users/mzyx/Desktop/0921/js-interpreter-bench/experiments/three_engine_baseline/adapters/quickjs.js"",""-I"",""/mnt/c/Users/mzyx/Desktop/0921/js-interpreter-bench/experiments/timer_recovery/adapters/quickjs.js"",""/mnt/c/Users/mzyx/Desktop/0921/js-interpreter-bench/experiments/whitebox_analysis/attempt01/microbench/generated/richards_cached.N256.js""]",/mnt/c/Users/mzyx/Desktop/0921/js-interpreter-bench,2026-10-05T09:15:20.166755+00:00,620381636305,622384463983,b3ee321e-69da-462d-8718-4589949b17d0,2002827678,formal,richards,richards_cached,quickjs,256,18,1,"[""quickjs"",""jsc"",""v8""]",93,MAIN_MONOTONIC_V1_DERIVED,wsl2-ubuntu2404-x64-20261004,[],140d5233b0337d91cb0f994ae4a051e49aa04da8802acfaedf0a01b81a620b79,cd82f87df8726d3925d311bc35b59c55c82f34d580c53045efc86fb1db040c6e,"[{""path"":""/mnt/c/Users/mzyx/Desktop/0921/js-interpreter-bench/experiments/three_engine_baseline/adapters/quickjs.js"",""sha256"":""f20aa7b460675d08600a58945203034feb50b2a3515aba579219f648b1235c6c""},{""path"":""/mnt/c/Users/mzyx/Desktop/0921/js-interpreter-bench/experiments/timer_recovery/adapters/quickjs.js"",""sha256"":""cd393c275173f20526562a008951f65a332deffed85e7c804519788b8ebffab7""}]",7354c1868ce2f8a6cc0d43c8be772c69eece3966b70d20df8f98270cddf07e2b,41943040,41943040,"{""mode"":""MAIN_MONOTONIC_V1_DERIVED"",""variant"":""richards_cached"",""N"":256,""checksum"":41943040,""correctness"":""PASS"",""warmup_calls"":0,""start_ms"":620392.326183,""stop_ms"":622383.657295,""elapsed_ms"":1991.3311120000435}",1991.3311120000435,7.77863715625017,[],True
0,"WB_RESULT:{""mode"":""MAIN_MONOTONIC_V1_DERIVED"",""variant"":""richards_cached"",""N"":256,""checksum"":41943040,""correctness"":""PASS"",""warmup_calls"":0,""start_ms"":28.731,""stop_ms"":1698.749,""elapsed_ms"":1670.018}
",,"[""/home/mzyx/three_engine_20261004/v8-linux64-rel-15.6.21/d8"",""--snapshot_blob=/home/mzyx/three_engine_20261004/v8-linux64-rel-15.6.21/snapshot_blob.bin"",""--max-opt=0"",""--no-lazy"",""/mnt/c/Users/mzyx/Desktop/0921/js-interpreter-bench/experiments/three_engine_baseline/adapters/v8.js"",""/mnt/c/Users/mzyx/Desktop/0921/js-interpreter-bench/experiments/timer_recovery/adapters/v8.js"",""/mnt/c/Users/mzyx/Desktop/0921/js-interpreter-bench/experiments/whitebox_analysis/attempt01/microbench/generated/richards_cached.N256.js""]",/mnt/c/Users/mzyx/Desktop/0921/js-interpreter-bench,2026-10-05T09:15:23.599794+00:00,624109070158,625817499014,b3ee321e-69da-462d-8718-4589949b17d0,1708428856,formal,richards,richards_cached,v8,256,18,3,"[""quickjs"",""jsc"",""v8""]",93,MAIN_MONOTONIC_V1_DERIVED,wsl2-ubuntu2404-x64-20261004,"[""--max-opt=0"",""--no-lazy""]",83b744a5953d2662ea723564d4035a333782a0cc85232d1025929a925150b133,cd82f87df8726d3925d311bc35b59c55c82f34d580c53045efc86fb1db040c6e,"[{""path"":""/mnt/c/Users/mzyx/Desktop/0921/js-interpreter-bench/experiments/three_engine_baseline/adapters/v8.js"",""sha256"":""0ab3ed677381191d7e7839cbbc3f07895104a8b8299679ab9f37b856d76d3a22""},{""path"":""/mnt/c/Users/mzyx/Desktop/0921/js-interpreter-bench/experiments/timer_recovery/adapters/v8.js"",""sha256"":""e610d3aa3d2672a5e6d5eccd9aaf05c6ae6758d1b9c4468289f017a231ab7d9f""}]",7354c1868ce2f8a6cc0d43c8be772c69eece3966b70d20df8f98270cddf07e2b,41943040,41943040,"{""mode"":""MAIN_MONOTONIC_V1_DERIVED"",""variant"":""richards_cached"",""N"":256,""checksum"":41943040,""correctness"":""PASS"",""warmup_calls"":0,""start_ms"":28.731,""stop_ms"":1698.749,""elapsed_ms"":1670.018}",1670.018,6.5235078125,[],True
0,"WB_RESULT:{""mode"":""MAIN_MONOTONIC_V1_DERIVED"",""variant"":""richards_cached"",""N"":256,""checksum"":41943040,""correctness"":""PASS"",""warmup_calls"":0,""start_ms"":0,""stop_ms"":1328.9,""elapsed_ms"":1328.9}
",,"[""/home/mzyx/jsc_build_fd3406f/JSCOnly/Release/bin/jsc"",""--useJIT=false"",""--useLLInt=true"",""--validateOptions=true"",""/mnt/c/Users/mzyx/Desktop/0921/js-interpreter-bench/experiments/three_engine_baseline/adapters/jsc.js"",""/mnt/c/Users/mzyx/Desktop/0921/js-interpreter-bench/experiments/timer_recovery/adapters/jsc.js"",""/mnt/c/Users/mzyx/Desktop/0921/js-interpreter-bench/experiments/whitebox_analysis/attempt01/microbench/generated/richards_cached.N256.js""]",/mnt/c/Users/mzyx/Desktop/0921/js-interpreter-bench,2026-10-05T09:11:58.477605+00:00,403791887533,405146672841,b3ee321e-69da-462d-8718-4589949b17d0,1354785308,formal,richards,richards_cached,jsc,256,19,2,"[""v8"",""jsc"",""quickjs""]",53,MAIN_MONOTONIC_V1_DERIVED,wsl2-ubuntu2404-x64-20261004,"[""--useJIT=false"",""--useLLInt=true"",""--validateOptions=true""]",65c824a055405bf62b05e21d54515a72a1f0187a4d91225d00a6da969d35879f,cd82f87df8726d3925d311bc35b59c55c82f34d580c53045efc86fb1db040c6e,"[{""path"":""/mnt/c/Users/mzyx/Desktop/0921/js-interpreter-bench/experiments/three_engine_baseline/adapters/jsc.js"",""sha256"":""f9ddbb9556352e283b9c9feebc8bdd0ef1abac5bcdf1ab7a5d83945fa3c9437b""},{""path"":""/mnt/c/Users/mzyx/Desktop/0921/js-interpreter-bench/experiments/timer_recovery/adapters/jsc.js"",""sha256"":""0c485996a598b7e36f2f292b66397adc0390cbe6b69b55199e47e1c6c1e37010""}]",7354c1868ce2f8a6cc0d43c8be772c69eece3966b70d20df8f98270cddf07e2b,41943040,41943040,"{""mode"":""MAIN_MONOTONIC_V1_DERIVED"",""variant"":""richards_cached"",""N"":256,""checksum"":41943040,""correctness"":""PASS"",""warmup_calls"":0,""start_ms"":0,""stop_ms"":1328.9,""elapsed_ms"":1328.9}",1328.9,5.191015625,[],True
0,"WB_RESULT:{""mode"":""MAIN_MONOTONIC_V1_DERIVED"",""variant"":""richards_cached"",""N"":256,""checksum"":41943040,""correctness"":""PASS"",""warmup_calls"":0,""start_ms"":405287.477275,""stop_ms"":407448.843988,""elapsed_ms"":2161.366712999996}
",,"[""/home/mzyx/three_engine_20261004/quickjs-04be246001599f5995fa2f2d8c91a0f198d3f34c/qjs"",""-I"",""/mnt/c/Users/mzyx/Desktop/0921/js-interpreter-bench/experiments/three_engine_baseline/adapters/quickjs.js"",""-I"",""/mnt/c/Users/mzyx/Desktop/0921/js-interpreter-bench/experiments/timer_recovery/adapters/quickjs.js"",""/mnt/c/Users/mzyx/Desktop/0921/js-interpreter-bench/experiments/whitebox_analysis/attempt01/microbench/generated/richards_cached.N256.js""]",/mnt/c/Users/mzyx/Desktop/0921/js-interpreter-bench,2026-10-05T09:12:00.780616+00:00,405274240608,407449683579,b3ee321e-69da-462d-8718-4589949b17d0,2175442971,formal,richards,richards_cached,quickjs,256,19,3,"[""v8"",""jsc"",""quickjs""]",53,MAIN_MONOTONIC_V1_DERIVED,wsl2-ubuntu2404-x64-20261004,[],140d5233b0337d91cb0f994ae4a051e49aa04da8802acfaedf0a01b81a620b79,cd82f87df8726d3925d311bc35b59c55c82f34d580c53045efc86fb1db040c6e,"[{""path"":""/mnt/c/Users/mzyx/Desktop/0921/js-interpreter-bench/experiments/three_engine_baseline/adapters/quickjs.js"",""sha256"":""f20aa7b460675d08600a58945203034feb50b2a3515aba579219f648b1235c6c""},{""path"":""/mnt/c/Users/mzyx/Desktop/0921/js-interpreter-bench/experiments/timer_recovery/adapters/quickjs.js"",""sha256"":""cd393c275173f20526562a008951f65a332deffed85e7c804519788b8ebffab7""}]",7354c1868ce2f8a6cc0d43c8be772c69eece3966b70d20df8f98270cddf07e2b,41943040,41943040,"{""mode"":""MAIN_MONOTONIC_V1_DERIVED"",""variant"":""richards_cached"",""N"":256,""checksum"":41943040,""correctness"":""PASS"",""warmup_calls"":0,""start_ms"":405287.477275,""stop_ms"":407448.843988,""elapsed_ms"":2161.366712999996}",2161.366712999996,8.442838722656234,[],True
0,"WB_RESULT:{""mode"":""MAIN_MONOTONIC_V1_DERIVED"",""variant"":""richards_cached"",""N"":256,""checksum"":41943040,""correctness"":""PASS"",""warmup_calls"":0,""start_ms"":30.701,""stop_ms"":1726.112,""elapsed_ms"":1695.411}
",,"[""/home/mzyx/three_engine_20261004/v8-linux64-rel-15.6.21/d8"",""--snapshot_blob=/home/mzyx/three_engine_20261004/v8-linux64-rel-15.6.21/snapshot_blob.bin"",""--max-opt=0"",""--no-lazy"",""/mnt/c/Users/mzyx/Desktop/0921/js-interpreter-bench/experiments/three_engine_baseline/adapters/v8.js"",""/mnt/c/Users/mzyx/Desktop/0921/js-interpreter-bench/experiments/timer_recovery/adapters/v8.js"",""/mnt/c/Users/mzyx/Desktop/0921/js-interpreter-bench/experiments/whitebox_analysis/attempt01/microbench/generated/richards_cached.N256.js""]",/mnt/c/Users/mzyx/Desktop/0921/js-interpreter-bench,2026-10-05T09:11:56.997552+00:00,401931445682,403666619090,b3ee321e-69da-462d-8718-4589949b17d0,1735173408,formal,richards,richards_cached,v8,256,19,1,"[""v8"",""jsc"",""quickjs""]",53,MAIN_MONOTONIC_V1_DERIVED,wsl2-ubuntu2404-x64-20261004,"[""--max-opt=0"",""--no-lazy""]",83b744a5953d2662ea723564d4035a333782a0cc85232d1025929a925150b133,cd82f87df8726d3925d311bc35b59c55c82f34d580c53045efc86fb1db040c6e,"[{""path"":""/mnt/c/Users/mzyx/Desktop/0921/js-interpreter-bench/experiments/three_engine_baseline/adapters/v8.js"",""sha256"":""0ab3ed677381191d7e7839cbbc3f07895104a8b8299679ab9f37b856d76d3a22""},{""path"":""/mnt/c/Users/mzyx/Desktop/0921/js-interpreter-bench/experiments/timer_recovery/adapters/v8.js"",""sha256"":""e610d3aa3d2672a5e6d5eccd9aaf05c6ae6758d1b9c4468289f017a231ab7d9f""}]",7354c1868ce2f8a6cc0d43c8be772c69eece3966b70d20df8f98270cddf07e2b,41943040,41943040,"{""mode"":""MAIN_MONOTONIC_V1_DERIVED"",""variant"":""richards_cached"",""N"":256,""checksum"":41943040,""correctness"":""PASS"",""warmup_calls"":0,""start_ms"":30.701,""stop_ms"":1726.112,""elapsed_ms"":1695.411}",1695.411,6.62269921875,[],True
0,"WB_RESULT:{""mode"":""MAIN_MONOTONIC_V1_DERIVED"",""variant"":""richards_cached"",""N"":256,""checksum"":41943040,""correctness"":""PASS"",""warmup_calls"":0,""start_ms"":0,""stop_ms"":1410.78,""elapsed_ms"":1410.78}
",,"[""/home/mzyx/jsc_build_fd3406f/JSCOnly/Release/bin/jsc"",""--useJIT=false"",""--useLLInt=true"",""--validateOptions=true"",""/mnt/c/Users/mzyx/Desktop/0921/js-interpreter-bench/experiments/three_engine_baseline/adapters/jsc.js"",""/mnt/c/Users/mzyx/Desktop/0921/js-interpreter-bench/experiments/timer_recovery/adapters/jsc.js"",""/mnt/c/Users/mzyx/Desktop/0921/js-interpreter-bench/experiments/whitebox_analysis/attempt01/microbench/generated/richards_cached.N256.js""]",/mnt/c/Users/mzyx/Desktop/0921/js-interpreter-bench,2026-10-05T09:15:35.854877+00:00,638816577355,640252737652,b3ee321e-69da-462d-8718-4589949b17d0,1436160297,formal,richards,richards_cached,jsc,256,2,2,"[""v8"",""jsc"",""quickjs""]",96,MAIN_MONOTONIC_V1_DERIVED,wsl2-ubuntu2404-x64-20261004,"[""--useJIT=false"",""--useLLInt=true"",""--validateOptions=true""]",65c824a055405bf62b05e21d54515a72a1f0187a4d91225d00a6da969d35879f,cd82f87df8726d3925d311bc35b59c55c82f34d580c53045efc86fb1db040c6e,"[{""path"":""/mnt/c/Users/mzyx/Desktop/0921/js-interpreter-bench/experiments/three_engine_baseline/adapters/jsc.js"",""sha256"":""f9ddbb9556352e283b9c9feebc8bdd0ef1abac5bcdf1ab7a5d83945fa3c9437b""},{""path"":""/mnt/c/Users/mzyx/Desktop/0921/js-interpreter-bench/experiments/timer_recovery/adapters/jsc.js"",""sha256"":""0c485996a598b7e36f2f292b66397adc0390cbe6b69b55199e47e1c6c1e37010""}]",7354c1868ce2f8a6cc0d43c8be772c69eece3966b70d20df8f98270cddf07e2b,41943040,41943040,"{""mode"":""MAIN_MONOTONIC_V1_DERIVED"",""variant"":""richards_cached"",""N"":256,""checksum"":41943040,""correctness"":""PASS"",""warmup_calls"":0,""start_ms"":0,""stop_ms"":1410.78,""elapsed_ms"":1410.78}",1410.78,5.510859375,[],True
0,"WB_RESULT:{""mode"":""MAIN_MONOTONIC_V1_DERIVED"",""variant"":""richards_cached"",""N"":256,""checksum"":41943040,""correctness"":""PASS"",""warmup_calls"":0,""start_ms"":640391.99798,""stop_ms"":642439.178576,""elapsed_ms"":2047.1805960000493}
",,"[""/home/mzyx/three_engine_20261004/quickjs-04be246001599f5995fa2f2d8c91a0f198d3f34c/qjs"",""-I"",""/mnt/c/Users/mzyx/Desktop/0921/js-interpreter-bench/experiments/three_engine_baseline/adapters/quickjs.js"",""-I"",""/mnt/c/Users/mzyx/Desktop/0921/js-interpreter-bench/experiments/timer_recovery/adapters/quickjs.js"",""/mnt/c/Users/mzyx/Desktop/0921/js-interpreter-bench/experiments/whitebox_analysis/attempt01/microbench/generated/richards_cached.N256.js""]",/mnt/c/Users/mzyx/Desktop/0921/js-interpreter-bench,2026-10-05T09:15:38.042088+00:00,640379866191,642439939585,b3ee321e-69da-462d-8718-4589949b17d0,2060073394,formal,richards,richards_cached,quickjs,256,2,3,"[""v8"",""jsc"",""quickjs""]",96,MAIN_MONOTONIC_V1_DERIVED,wsl2-ubuntu2404-x64-20261004,[],140d5233b0337d91cb0f994ae4a051e49aa04da8802acfaedf0a01b81a620b79,cd82f87df8726d3925d311bc35b59c55c82f34d580c53045efc86fb1db040c6e,"[{""path"":""/mnt/c/Users/mzyx/Desktop/0921/js-interpreter-bench/experiments/three_engine_baseline/adapters/quickjs.js"",""sha256"":""f20aa7b460675d08600a58945203034feb50b2a3515aba579219f648b1235c6c""},{""path"":""/mnt/c/Users/mzyx/Desktop/0921/js-interpreter-bench/experiments/timer_recovery/adapters/quickjs.js"",""sha256"":""cd393c275173f20526562a008951f65a332deffed85e7c804519788b8ebffab7""}]",7354c1868ce2f8a6cc0d43c8be772c69eece3966b70d20df8f98270cddf07e2b,41943040,41943040,"{""mode"":""MAIN_MONOTONIC_V1_DERIVED"",""variant"":""richards_cached"",""N"":256,""checksum"":41943040,""correctness"":""PASS"",""warmup_calls"":0,""start_ms"":640391.99798,""stop_ms"":642439.178576,""elapsed_ms"":2047.1805960000493}",2047.1805960000493,7.996799203125192,[],True
0,"WB_RESULT:{""mode"":""MAIN_MONOTONIC_V1_DERIVED"",""variant"":""richards_cached"",""N"":256,""checksum"":41943040,""correctness"":""PASS"",""warmup_calls"":0,""start_ms"":25.179,""stop_ms"":1715.235,""elapsed_ms"":1690.0559999999998}
",,"[""/home/mzyx/three_engine_20261004/v8-linux64-rel-15.6.21/d8"",""--snapshot_blob=/home/mzyx/three_engine_20261004/v8-linux64-rel-15.6.21/snapshot_blob.bin"",""--max-opt=0"",""--no-lazy"",""/mnt/c/Users/mzyx/Desktop/0921/js-interpreter-bench/experiments/three_engine_baseline/adapters/v8.js"",""/mnt/c/Users/mzyx/Desktop/0921/js-interpreter-bench/experiments/timer_recovery/adapters/v8.js"",""/mnt/c/Users/mzyx/Desktop/0921/js-interpreter-bench/experiments/whitebox_analysis/attempt01/microbench/generated/richards_cached.N256.js""]",/mnt/c/Users/mzyx/Desktop/0921/js-interpreter-bench,2026-10-05T09:15:36.463021+00:00,636956938984,638680725553,b3ee321e-69da-462d-8718-4589949b17d0,1723786569,formal,richards,richards_cached,v8,256,2,1,"[""v8"",""jsc"",""quickjs""]",96,MAIN_MONOTONIC_V1_DERIVED,wsl2-ubuntu2404-x64-20261004,"[""--max-opt=0"",""--no-lazy""]",83b744a5953d2662ea723564d4035a333782a0cc85232d1025929a925150b133,cd82f87df8726d3925d311bc35b59c55c82f34d580c53045efc86fb1db040c6e,"[{""path"":""/mnt/c/Users/mzyx/Desktop/0921/js-interpreter-bench/experiments/three_engine_baseline/adapters/v8.js"",""sha256"":""0ab3ed677381191d7e7839cbbc3f07895104a8b8299679ab9f37b856d76d3a22""},{""path"":""/mnt/c/Users/mzyx/Desktop/0921/js-interpreter-bench/experiments/timer_recovery/adapters/v8.js"",""sha256"":""e610d3aa3d2672a5e6d5eccd9aaf05c6ae6758d1b9c4468289f017a231ab7d9f""}]",7354c1868ce2f8a6cc0d43c8be772c69eece3966b70d20df8f98270cddf07e2b,41943040,41943040,"{""mode"":""MAIN_MONOTONIC_V1_DERIVED"",""variant"":""richards_cached"",""N"":256,""checksum"":41943040,""correctness"":""PASS"",""warmup_calls"":0,""start_ms"":25.179,""stop_ms"":1715.235,""elapsed_ms"":1690.0559999999998}",1690.0559999999998,6.601781249999999,[],True
0,"WB_RESULT:{""mode"":""MAIN_MONOTONIC_V1_DERIVED"",""variant"":""richards_cached"",""N"":256,""checksum"":41943040,""correctness"":""PASS"",""warmup_calls"":0,""start_ms"":0,""stop_ms"":1415,""elapsed_ms"":1415}
",,"[""/home/mzyx/jsc_build_fd3406f/JSCOnly/Release/bin/jsc"",""--useJIT=false"",""--useLLInt=true"",""--validateOptions=true"",""/mnt/c/Users/mzyx/Desktop/0921/js-interpreter-bench/experiments/three_engine_baseline/adapters/jsc.js"",""/mnt/c/Users/mzyx/Desktop/0921/js-interpreter-bench/experiments/timer_recovery/adapters/jsc.js"",""/mnt/c/Users/mzyx/Desktop/0921/js-interpreter-bench/experiments/whitebox_analysis/attempt01/microbench/generated/richards_cached.N256.js""]",/mnt/c/Users/mzyx/Desktop/0921/js-interpreter-bench,2026-10-05T09:15:25.178290+00:00,625950965504,627395994340,b3ee321e-69da-462d-8718-4589949b17d0,1445028836,formal,richards,richards_cached,jsc,256,20,1,"[""jsc"",""quickjs"",""v8""]",94,MAIN_MONOTONIC_V1_DERIVED,wsl2-ubuntu2404-x64-20261004,"[""--useJIT=false"",""--useLLInt=true"",""--validateOptions=true""]",65c824a055405bf62b05e21d54515a72a1f0187a4d91225d00a6da969d35879f,cd82f87df8726d3925d311bc35b59c55c82f34d580c53045efc86fb1db040c6e,"[{""path"":""/mnt/c/Users/mzyx/Desktop/0921/js-interpreter-bench/experiments/three_engine_baseline/adapters/jsc.js"",""sha256"":""f9ddbb9556352e283b9c9feebc8bdd0ef1abac5bcdf1ab7a5d83945fa3c9437b""},{""path"":""/mnt/c/Users/mzyx/Desktop/0921/js-interpreter-bench/experiments/timer_recovery/adapters/jsc.js"",""sha256"":""0c485996a598b7e36f2f292b66397adc0390cbe6b69b55199e47e1c6c1e37010""}]",7354c1868ce2f8a6cc0d43c8be772c69eece3966b70d20df8f98270cddf07e2b,41943040,41943040,"{""mode"":""MAIN_MONOTONIC_V1_DERIVED"",""variant"":""richards_cached"",""N"":256,""checksum"":41943040,""correctness"":""PASS"",""warmup_calls"":0,""start_ms"":0,""stop_ms"":1415,""elapsed_ms"":1415}",1415,5.52734375,[],True
0,"WB_RESULT:{""mode"":""MAIN_MONOTONIC_V1_DERIVED"",""variant"":""richards_cached"",""N"":256,""checksum"":41943040,""correctness"":""PASS"",""warmup_calls"":0,""start_ms"":627537.19517,""stop_ms"":629470.151321,""elapsed_ms"":1932.9561509999912}
",,"[""/home/mzyx/three_engine_20261004/quickjs-04be246001599f5995fa2f2d8c91a0f198d3f34c/qjs"",""-I"",""/mnt/c/Users/mzyx/Desktop/0921/js-interpreter-bench/experiments/three_engine_baseline/adapters/quickjs.js"",""-I"",""/mnt/c/Users/mzyx/Desktop/0921/js-interpreter-bench/experiments/timer_recovery/adapters/quickjs.js"",""/mnt/c/Users/mzyx/Desktop/0921/js-interpreter-bench/experiments/whitebox_analysis/attempt01/microbench/generated/richards_cached.N256.js""]",/mnt/c/Users/mzyx/Desktop/0921/js-interpreter-bench,2026-10-05T09:15:27.253188+00:00,627524633566,629470892695,b3ee321e-69da-462d-8718-4589949b17d0,1946259129,formal,richards,richards_cached,quickjs,256,20,2,"[""jsc"",""quickjs"",""v8""]",94,MAIN_MONOTONIC_V1_DERIVED,wsl2-ubuntu2404-x64-20261004,[],140d5233b0337d91cb0f994ae4a051e49aa04da8802acfaedf0a01b81a620b79,cd82f87df8726d3925d311bc35b59c55c82f34d580c53045efc86fb1db040c6e,"[{""path"":""/mnt/c/Users/mzyx/Desktop/0921/js-interpreter-bench/experiments/three_engine_baseline/adapters/quickjs.js"",""sha256"":""f20aa7b460675d08600a58945203034feb50b2a3515aba579219f648b1235c6c""},{""path"":""/mnt/c/Users/mzyx/Desktop/0921/js-interpreter-bench/experiments/timer_recovery/adapters/quickjs.js"",""sha256"":""cd393c275173f20526562a008951f65a332deffed85e7c804519788b8ebffab7""}]",7354c1868ce2f8a6cc0d43c8be772c69eece3966b70d20df8f98270cddf07e2b,41943040,41943040,"{""mode"":""MAIN_MONOTONIC_V1_DERIVED"",""variant"":""richards_cached"",""N"":256,""checksum"":41943040,""correctness"":""PASS"",""warmup_calls"":0,""start_ms"":627537.19517,""stop_ms"":629470.151321,""elapsed_ms"":1932.9561509999912}",1932.9561509999912,7.550609964843716,[],True
0,"WB_RESULT:{""mode"":""MAIN_MONOTONIC_V1_DERIVED"",""variant"":""richards_cached"",""N"":256,""checksum"":41943040,""correctness"":""PASS"",""warmup_calls"":0,""start_ms"":32.703,""stop_ms"":1713.898,""elapsed_ms"":1681.195}
",,"[""/home/mzyx/three_engine_20261004/v8-linux64-rel-15.6.21/d8"",""--snapshot_blob=/home/mzyx/three_engine_20261004/v8-linux64-rel-15.6.21/snapshot_blob.bin"",""--max-opt=0"",""--no-lazy"",""/mnt/c/Users/mzyx/Desktop/0921/js-interpreter-bench/experiments/three_engine_baseline/adapters/v8.js"",""/mnt/c/Users/mzyx/Desktop/0921/js-interpreter-bench/experiments/timer_recovery/adapters/v8.js"",""/mnt/c/Users/mzyx/Desktop/0921/js-interpreter-bench/experiments/whitebox_analysis/attempt01/microbench/generated/richards_cached.N256.js""]",/mnt/c/Users/mzyx/Desktop/0921/js-interpreter-bench,2026-10-05T09:15:29.108207+00:00,629603449519,631325912456,b3ee321e-69da-462d-8718-4589949b17d0,1722462937,formal,richards,richards_cached,v8,256,20,3,"[""jsc"",""quickjs"",""v8""]",94,MAIN_MONOTONIC_V1_DERIVED,wsl2-ubuntu2404-x64-20261004,"[""--max-opt=0"",""--no-lazy""]",83b744a5953d2662ea723564d4035a333782a0cc85232d1025929a925150b133,cd82f87df8726d3925d311bc35b59c55c82f34d580c53045efc86fb1db040c6e,"[{""path"":""/mnt/c/Users/mzyx/Desktop/0921/js-interpreter-bench/experiments/three_engine_baseline/adapters/v8.js"",""sha256"":""0ab3ed677381191d7e7839cbbc3f07895104a8b8299679ab9f37b856d76d3a22""},{""path"":""/mnt/c/Users/mzyx/Desktop/0921/js-interpreter-bench/experiments/timer_recovery/adapters/v8.js"",""sha256"":""e610d3aa3d2672a5e6d5eccd9aaf05c6ae6758d1b9c4468289f017a231ab7d9f""}]",7354c1868ce2f8a6cc0d43c8be772c69eece3966b70d20df8f98270cddf07e2b,41943040,41943040,"{""mode"":""MAIN_MONOTONIC_V1_DERIVED"",""variant"":""richards_cached"",""N"":256,""checksum"":41943040,""correctness"":""PASS"",""warmup_calls"":0,""start_ms"":32.703,""stop_ms"":1713.898,""elapsed_ms"":1681.195}",1681.195,6.56716796875,[],True
0,"WB_RESULT:{""mode"":""MAIN_MONOTONIC_V1_DERIVED"",""variant"":""richards_cached"",""N"":256,""checksum"":41943040,""correctness"":""PASS"",""warmup_calls"":0,""start_ms"":0,""stop_ms"":1394.18,""elapsed_ms"":1394.18}
",,"[""/home/mzyx/jsc_build_fd3406f/JSCOnly/Release/bin/jsc"",""--useJIT=false"",""--useLLInt=true"",""--validateOptions=true"",""/mnt/c/Users/mzyx/Desktop/0921/js-interpreter-bench/experiments/three_engine_baseline/adapters/jsc.js"",""/mnt/c/Users/mzyx/Desktop/0921/js-interpreter-bench/experiments/timer_recovery/adapters/jsc.js"",""/mnt/c/Users/mzyx/Desktop/0921/js-interpreter-bench/experiments/whitebox_analysis/attempt01/microbench/generated/richards_cached.N256.js""]",/mnt/c/Users/mzyx/Desktop/0921/js-interpreter-bench,2026-10-05T09:14:01.654779+00:00,535815877634,537242797982,b3ee321e-69da-462d-8718-4589949b17d0,1426920348,formal,richards,richards_cached,jsc,256,21,2,"[""quickjs"",""jsc"",""v8""]",77,MAIN_MONOTONIC_V1_DERIVED,wsl2-ubuntu2404-x64-20261004,"[""--useJIT=false"",""--useLLInt=true"",""--validateOptions=true""]",65c824a055405bf62b05e21d54515a72a1f0187a4d91225d00a6da969d35879f,cd82f87df8726d3925d311bc35b59c55c82f34d580c53045efc86fb1db040c6e,"[{""path"":""/mnt/c/Users/mzyx/Desktop/0921/js-interpreter-bench/experiments/three_engine_baseline/adapters/jsc.js"",""sha256"":""f9ddbb9556352e283b9c9feebc8bdd0ef1abac5bcdf1ab7a5d83945fa3c9437b""},{""path"":""/mnt/c/Users/mzyx/Desktop/0921/js-interpreter-bench/experiments/timer_recovery/adapters/jsc.js"",""sha256"":""0c485996a598b7e36f2f292b66397adc0390cbe6b69b55199e47e1c6c1e37010""}]",7354c1868ce2f8a6cc0d43c8be772c69eece3966b70d20df8f98270cddf07e2b,41943040,41943040,"{""mode"":""MAIN_MONOTONIC_V1_DERIVED"",""variant"":""richards_cached"",""N"":256,""checksum"":41943040,""correctness"":""PASS"",""warmup_calls"":0,""start_ms"":0,""stop_ms"":1394.18,""elapsed_ms"":1394.18}",1394.18,5.446015625,[],True
0,"WB_RESULT:{""mode"":""MAIN_MONOTONIC_V1_DERIVED"",""variant"":""richards_cached"",""N"":256,""checksum"":41943040,""correctness"":""PASS"",""warmup_calls"":0,""start_ms"":533694.805607,""stop_ms"":535687.471715,""elapsed_ms"":1992.6661079999758}
",,"[""/home/mzyx/three_engine_20261004/quickjs-04be246001599f5995fa2f2d8c91a0f198d3f34c/qjs"",""-I"",""/mnt/c/Users/mzyx/Desktop/0921/js-interpreter-bench/experiments/three_engine_baseline/adapters/quickjs.js"",""-I"",""/mnt/c/Users/mzyx/Desktop/0921/js-interpreter-bench/experiments/timer_recovery/adapters/quickjs.js"",""/mnt/c/Users/mzyx/Desktop/0921/js-interpreter-bench/experiments/whitebox_analysis/attempt01/microbench/generated/richards_cached.N256.js""]",/mnt/c/Users/mzyx/Desktop/0921/js-interpreter-bench,2026-10-05T09:14:00.100315+00:00,533681330751,535688335050,b3ee321e-69da-462d-8718-4589949b17d0,2007004299,formal,richards,richards_cached,quickjs,256,21,1,"[""quickjs"",""jsc"",""v8""]",77,MAIN_MONOTONIC_V1_DERIVED,wsl2-ubuntu2404-x64-20261004,[],140d5233b0337d91cb0f994ae4a051e49aa04da8802acfaedf0a01b81a620b79,cd82f87df8726d3925d311bc35b59c55c82f34d580c53045efc86fb1db040c6e,"[{""path"":""/mnt/c/Users/mzyx/Desktop/0921/js-interpreter-bench/experiments/three_engine_baseline/adapters/quickjs.js"",""sha256"":""f20aa7b460675d08600a58945203034feb50b2a3515aba579219f648b1235c6c""},{""path"":""/mnt/c/Users/mzyx/Desktop/0921/js-interpreter-bench/experiments/timer_recovery/adapters/quickjs.js"",""sha256"":""cd393c275173f20526562a008951f65a332deffed85e7c804519788b8ebffab7""}]",7354c1868ce2f8a6cc0d43c8be772c69eece3966b70d20df8f98270cddf07e2b,41943040,41943040,"{""mode"":""MAIN_MONOTONIC_V1_DERIVED"",""variant"":""richards_cached"",""N"":256,""checksum"":41943040,""correctness"":""PASS"",""warmup_calls"":0,""start_ms"":533694.805607,""stop_ms"":535687.471715,""elapsed_ms"":1992.6661079999758}",1992.6661079999758,7.783851984374905,[],True
0,"WB_RESULT:{""mode"":""MAIN_MONOTONIC_V1_DERIVED"",""variant"":""richards_cached"",""N"":256,""checksum"":41943040,""correctness"":""PASS"",""warmup_calls"":0,""start_ms"":37.593,""stop_ms"":1711.759,""elapsed_ms"":1674.166}
",,"[""/home/mzyx/three_engine_20261004/v8-linux64-rel-15.6.21/d8"",""--snapshot_blob=/home/mzyx/three_engine_20261004/v8-linux64-rel-15.6.21/snapshot_blob.bin"",""--max-opt=0"",""--no-lazy"",""/mnt/c/Users/mzyx/Desktop/0921/js-interpreter-bench/experiments/three_engine_baseline/adapters/v8.js"",""/mnt/c/Users/mzyx/Desktop/0921/js-interpreter-bench/experiments/timer_recovery/adapters/v8.js"",""/mnt/c/Users/mzyx/Desktop/0921/js-interpreter-bench/experiments/whitebox_analysis/attempt01/microbench/generated/richards_cached.N256.js""]",/mnt/c/Users/mzyx/Desktop/0921/js-interpreter-bench,2026-10-05T09:14:03.502429+00:00,537369823160,539090449313,b3ee321e-69da-462d-8718-4589949b17d0,1720626153,formal,richards,richards_cached,v8,256,21,3,"[""quickjs"",""jsc"",""v8""]",77,MAIN_MONOTONIC_V1_DERIVED,wsl2-ubuntu2404-x64-20261004,"[""--max-opt=0"",""--no-lazy""]",83b744a5953d2662ea723564d4035a333782a0cc85232d1025929a925150b133,cd82f87df8726d3925d311bc35b59c55c82f34d580c53045efc86fb1db040c6e,"[{""path"":""/mnt/c/Users/mzyx/Desktop/0921/js-interpreter-bench/experiments/three_engine_baseline/adapters/v8.js"",""sha256"":""0ab3ed677381191d7e7839cbbc3f07895104a8b8299679ab9f37b856d76d3a22""},{""path"":""/mnt/c/Users/mzyx/Desktop/0921/js-interpreter-bench/experiments/timer_recovery/adapters/v8.js"",""sha256"":""e610d3aa3d2672a5e6d5eccd9aaf05c6ae6758d1b9c4468289f017a231ab7d9f""}]",7354c1868ce2f8a6cc0d43c8be772c69eece3966b70d20df8f98270cddf07e2b,41943040,41943040,"{""mode"":""MAIN_MONOTONIC_V1_DERIVED"",""variant"":""richards_cached"",""N"":256,""checksum"":41943040,""correctness"":""PASS"",""warmup_calls"":0,""start_ms"":37.593,""stop_ms"":1711.759,""elapsed_ms"":1674.166}",1674.166,6.5397109375,[],True
0,"WB_RESULT:{""mode"":""MAIN_MONOTONIC_V1_DERIVED"",""variant"":""richards_cached"",""N"":256,""checksum"":41943040,""correctness"":""PASS"",""warmup_calls"":0,""start_ms"":0,""stop_ms"":1415.4,""elapsed_ms"":1415.4}
",,"[""/home/mzyx/jsc_build_fd3406f/JSCOnly/Release/bin/jsc"",""--useJIT=false"",""--useLLInt=true"",""--validateOptions=true"",""/mnt/c/Users/mzyx/Desktop/0921/js-interpreter-bench/experiments/three_engine_baseline/adapters/jsc.js"",""/mnt/c/Users/mzyx/Desktop/0921/js-interpreter-bench/experiments/timer_recovery/adapters/jsc.js"",""/mnt/c/Users/mzyx/Desktop/0921/js-interpreter-bench/experiments/whitebox_analysis/attempt01/microbench/generated/richards_cached.N256.js""]",/mnt/c/Users/mzyx/Desktop/0921/js-interpreter-bench,2026-10-05T09:16:55.321581+00:00,722869694940,724312010915,b3ee321e-69da-462d-8718-4589949b17d0,1442315975,formal,richards,richards_cached,jsc,256,22,1,"[""jsc"",""v8"",""quickjs""]",112,MAIN_MONOTONIC_V1_DERIVED,wsl2-ubuntu2404-x64-20261004,"[""--useJIT=false"",""--useLLInt=true"",""--validateOptions=true""]",65c824a055405bf62b05e21d54515a72a1f0187a4d91225d00a6da969d35879f,cd82f87df8726d3925d311bc35b59c55c82f34d580c53045efc86fb1db040c6e,"[{""path"":""/mnt/c/Users/mzyx/Desktop/0921/js-interpreter-bench/experiments/three_engine_baseline/adapters/jsc.js"",""sha256"":""f9ddbb9556352e283b9c9feebc8bdd0ef1abac5bcdf1ab7a5d83945fa3c9437b""},{""path"":""/mnt/c/Users/mzyx/Desktop/0921/js-interpreter-bench/experiments/timer_recovery/adapters/jsc.js"",""sha256"":""0c485996a598b7e36f2f292b66397adc0390cbe6b69b55199e47e1c6c1e37010""}]",7354c1868ce2f8a6cc0d43c8be772c69eece3966b70d20df8f98270cddf07e2b,41943040,41943040,"{""mode"":""MAIN_MONOTONIC_V1_DERIVED"",""variant"":""richards_cached"",""N"":256,""checksum"":41943040,""correctness"":""PASS"",""warmup_calls"":0,""start_ms"":0,""stop_ms"":1415.4,""elapsed_ms"":1415.4}",1415.4,5.52890625,[],True
0,"WB_RESULT:{""mode"":""MAIN_MONOTONIC_V1_DERIVED"",""variant"":""richards_cached"",""N"":256,""checksum"":41943040,""correctness"":""PASS"",""warmup_calls"":0,""start_ms"":726310.082088,""stop_ms"":728269.642127,""elapsed_ms"":1959.5600390000036}
",,"[""/home/mzyx/three_engine_20261004/quickjs-04be246001599f5995fa2f2d8c91a0f198d3f34c/qjs"",""-I"",""/mnt/c/Users/mzyx/Desktop/0921/js-interpreter-bench/experiments/three_engine_baseline/adapters/quickjs.js"",""-I"",""/mnt/c/Users/mzyx/Desktop/0921/js-interpreter-bench/experiments/timer_recovery/adapters/quickjs.js"",""/mnt/c/Users/mzyx/Desktop/0921/js-interpreter-bench/experiments/whitebox_analysis/attempt01/microbench/generated/richards_cached.N256.js""]",/mnt/c/Users/mzyx/Desktop/0921/js-interpreter-bench,2026-10-05T09:16:59.280071+00:00,726299037579,728270482554,b3ee321e-69da-462d-8718-4589949b17d0,1971444975,formal,richards,richards_cached,quickjs,256,22,3,"[""jsc"",""v8"",""quickjs""]",112,MAIN_MONOTONIC_V1_DERIVED,wsl2-ubuntu2404-x64-20261004,[],140d5233b0337d91cb0f994ae4a051e49aa04da8802acfaedf0a01b81a620b79,cd82f87df8726d3925d311bc35b59c55c82f34d580c53045efc86fb1db040c6e,"[{""path"":""/mnt/c/Users/mzyx/Desktop/0921/js-interpreter-bench/experiments/three_engine_baseline/adapters/quickjs.js"",""sha256"":""f20aa7b460675d08600a58945203034feb50b2a3515aba579219f648b1235c6c""},{""path"":""/mnt/c/Users/mzyx/Desktop/0921/js-interpreter-bench/experiments/timer_recovery/adapters/quickjs.js"",""sha256"":""cd393c275173f20526562a008951f65a332deffed85e7c804519788b8ebffab7""}]",7354c1868ce2f8a6cc0d43c8be772c69eece3966b70d20df8f98270cddf07e2b,41943040,41943040,"{""mode"":""MAIN_MONOTONIC_V1_DERIVED"",""variant"":""richards_cached"",""N"":256,""checksum"":41943040,""correctness"":""PASS"",""warmup_calls"":0,""start_ms"":726310.082088,""stop_ms"":728269.642127,""elapsed_ms"":1959.5600390000036}",1959.5600390000036,7.654531402343764,[],True
0,"WB_RESULT:{""mode"":""MAIN_MONOTONIC_V1_DERIVED"",""variant"":""richards_cached"",""N"":256,""checksum"":41943040,""correctness"":""PASS"",""warmup_calls"":0,""start_ms"":28.66,""stop_ms"":1736.818,""elapsed_ms"":1708.158}
",,"[""/home/mzyx/three_engine_20261004/v8-linux64-rel-15.6.21/d8"",""--snapshot_blob=/home/mzyx/three_engine_20261004/v8-linux64-rel-15.6.21/snapshot_blob.bin"",""--max-opt=0"",""--no-lazy"",""/mnt/c/Users/mzyx/Desktop/0921/js-interpreter-bench/experiments/three_engine_baseline/adapters/v8.js"",""/mnt/c/Users/mzyx/Desktop/0921/js-interpreter-bench/experiments/timer_recovery/adapters/v8.js"",""/mnt/c/Users/mzyx/Desktop/0921/js-interpreter-bench/experiments/whitebox_analysis/attempt01/microbench/generated/richards_cached.N256.js""]",/mnt/c/Users/mzyx/Desktop/0921/js-interpreter-bench,2026-10-05T09:16:57.193731+00:00,724438702057,726184140640,b3ee321e-69da-462d-8718-4589949b17d0,1745438583,formal,richards,richards_cached,v8,256,22,2,"[""jsc"",""v8"",""quickjs""]",112,MAIN_MONOTONIC_V1_DERIVED,wsl2-ubuntu2404-x64-20261004,"[""--max-opt=0"",""--no-lazy""]",83b744a5953d2662ea723564d4035a333782a0cc85232d1025929a925150b133,cd82f87df8726d3925d311bc35b59c55c82f34d580c53045efc86fb1db040c6e,"[{""path"":""/mnt/c/Users/mzyx/Desktop/0921/js-interpreter-bench/experiments/three_engine_baseline/adapters/v8.js"",""sha256"":""0ab3ed677381191d7e7839cbbc3f07895104a8b8299679ab9f37b856d76d3a22""},{""path"":""/mnt/c/Users/mzyx/Desktop/0921/js-interpreter-bench/experiments/timer_recovery/adapters/v8.js"",""sha256"":""e610d3aa3d2672a5e6d5eccd9aaf05c6ae6758d1b9c4468289f017a231ab7d9f""}]",7354c1868ce2f8a6cc0d43c8be772c69eece3966b70d20df8f98270cddf07e2b,41943040,41943040,"{""mode"":""MAIN_MONOTONIC_V1_DERIVED"",""variant"":""richards_cached"",""N"":256,""checksum"":41943040,""correctness"":""PASS"",""warmup_calls"":0,""start_ms"":28.66,""stop_ms"":1736.818,""elapsed_ms"":1708.158}",1708.158,6.6724921875,[],True
0,"WB_RESULT:{""mode"":""MAIN_MONOTONIC_V1_DERIVED"",""variant"":""richards_cached"",""N"":256,""checksum"":41943040,""correctness"":""PASS"",""warmup_calls"":0,""start_ms"":0,""stop_ms"":1404.3,""elapsed_ms"":1404.3}
",,"[""/home/mzyx/jsc_build_fd3406f/JSCOnly/Release/bin/jsc"",""--useJIT=false"",""--useLLInt=true"",""--validateOptions=true"",""/mnt/c/Users/mzyx/Desktop/0921/js-interpreter-bench/experiments/three_engine_baseline/adapters/jsc.js"",""/mnt/c/Users/mzyx/Desktop/0921/js-interpreter-bench/experiments/timer_recovery/adapters/jsc.js"",""/mnt/c/Users/mzyx/Desktop/0921/js-interpreter-bench/experiments/whitebox_analysis/attempt01/microbench/generated/richards_cached.N256.js""]",/mnt/c/Users/mzyx/Desktop/0921/js-interpreter-bench,2026-10-05T09:07:59.373201+00:00,147534116009,148969492845,b3ee321e-69da-462d-8718-4589949b17d0,1435376836,formal,richards,richards_cached,jsc,256,23,3,"[""v8"",""quickjs"",""jsc""]",5,MAIN_MONOTONIC_V1_DERIVED,wsl2-ubuntu2404-x64-20261004,"[""--useJIT=false"",""--useLLInt=true"",""--validateOptions=true""]",65c824a055405bf62b05e21d54515a72a1f0187a4d91225d00a6da969d35879f,cd82f87df8726d3925d311bc35b59c55c82f34d580c53045efc86fb1db040c6e,"[{""path"":""/mnt/c/Users/mzyx/Desktop/0921/js-interpreter-bench/experiments/three_engine_baseline/adapters/jsc.js"",""sha256"":""f9ddbb9556352e283b9c9feebc8bdd0ef1abac5bcdf1ab7a5d83945fa3c9437b""},{""path"":""/mnt/c/Users/mzyx/Desktop/0921/js-interpreter-bench/experiments/timer_recovery/adapters/jsc.js"",""sha256"":""0c485996a598b7e36f2f292b66397adc0390cbe6b69b55199e47e1c6c1e37010""}]",7354c1868ce2f8a6cc0d43c8be772c69eece3966b70d20df8f98270cddf07e2b,41943040,41943040,"{""mode"":""MAIN_MONOTONIC_V1_DERIVED"",""variant"":""richards_cached"",""N"":256,""checksum"":41943040,""correctness"":""PASS"",""warmup_calls"":0,""start_ms"":0,""stop_ms"":1404.3,""elapsed_ms"":1404.3}",1404.3,5.485546875,[],True
0,"WB_RESULT:{""mode"":""MAIN_MONOTONIC_V1_DERIVED"",""variant"":""richards_cached"",""N"":256,""checksum"":41943040,""correctness"":""PASS"",""warmup_calls"":0,""start_ms"":145428.539738,""stop_ms"":147400.818603,""elapsed_ms"":1972.2788650000002}
",,"[""/home/mzyx/three_engine_20261004/quickjs-04be246001599f5995fa2f2d8c91a0f198d3f34c/qjs"",""-I"",""/mnt/c/Users/mzyx/Desktop/0921/js-interpreter-bench/experiments/three_engine_baseline/adapters/quickjs.js"",""-I"",""/mnt/c/Users/mzyx/Desktop/0921/js-interpreter-bench/experiments/timer_recovery/adapters/quickjs.js"",""/mnt/c/Users/mzyx/Desktop/0921/js-interpreter-bench/experiments/whitebox_analysis/attempt01/microbench/generated/richards_cached.N256.js""]",/mnt/c/Users/mzyx/Desktop/0921/js-interpreter-bench,2026-10-05T09:07:57.805749+00:00,145417241202,147402049626,b3ee321e-69da-462d-8718-4589949b17d0,1984808424,formal,richards,richards_cached,quickjs,256,23,2,"[""v8"",""quickjs"",""jsc""]",5,MAIN_MONOTONIC_V1_DERIVED,wsl2-ubuntu2404-x64-20261004,[],140d5233b0337d91cb0f994ae4a051e49aa04da8802acfaedf0a01b81a620b79,cd82f87df8726d3925d311bc35b59c55c82f34d580c53045efc86fb1db040c6e,"[{""path"":""/mnt/c/Users/mzyx/Desktop/0921/js-interpreter-bench/experiments/three_engine_baseline/adapters/quickjs.js"",""sha256"":""f20aa7b460675d08600a58945203034feb50b2a3515aba579219f648b1235c6c""},{""path"":""/mnt/c/Users/mzyx/Desktop/0921/js-interpreter-bench/experiments/timer_recovery/adapters/quickjs.js"",""sha256"":""cd393c275173f20526562a008951f65a332deffed85e7c804519788b8ebffab7""}]",7354c1868ce2f8a6cc0d43c8be772c69eece3966b70d20df8f98270cddf07e2b,41943040,41943040,"{""mode"":""MAIN_MONOTONIC_V1_DERIVED"",""variant"":""richards_cached"",""N"":256,""checksum"":41943040,""correctness"":""PASS"",""warmup_calls"":0,""start_ms"":145428.539738,""stop_ms"":147400.818603,""elapsed_ms"":1972.2788650000002}",1972.2788650000002,7.704214316406251,[],True
0,"WB_RESULT:{""mode"":""MAIN_MONOTONIC_V1_DERIVED"",""variant"":""richards_cached"",""N"":256,""checksum"":41943040,""correctness"":""PASS"",""warmup_calls"":0,""start_ms"":27.084,""stop_ms"":1741.258,""elapsed_ms"":1714.174}
",,"[""/home/mzyx/three_engine_20261004/v8-linux64-rel-15.6.21/d8"",""--snapshot_blob=/home/mzyx/three_engine_20261004/v8-linux64-rel-15.6.21/snapshot_blob.bin"",""--max-opt=0"",""--no-lazy"",""/mnt/c/Users/mzyx/Desktop/0921/js-interpreter-bench/experiments/three_engine_baseline/adapters/v8.js"",""/mnt/c/Users/mzyx/Desktop/0921/js-interpreter-bench/experiments/timer_recovery/adapters/v8.js"",""/mnt/c/Users/mzyx/Desktop/0921/js-interpreter-bench/experiments/whitebox_analysis/attempt01/microbench/generated/richards_cached.N256.js""]",/mnt/c/Users/mzyx/Desktop/0921/js-interpreter-bench,2026-10-05T09:07:55.696151+00:00,143542368237,145292443628,b3ee321e-69da-462d-8718-4589949b17d0,1750075391,formal,richards,richards_cached,v8,256,23,1,"[""v8"",""quickjs"",""jsc""]",5,MAIN_MONOTONIC_V1_DERIVED,wsl2-ubuntu2404-x64-20261004,"[""--max-opt=0"",""--no-lazy""]",83b744a5953d2662ea723564d4035a333782a0cc85232d1025929a925150b133,cd82f87df8726d3925d311bc35b59c55c82f34d580c53045efc86fb1db040c6e,"[{""path"":""/mnt/c/Users/mzyx/Desktop/0921/js-interpreter-bench/experiments/three_engine_baseline/adapters/v8.js"",""sha256"":""0ab3ed677381191d7e7839cbbc3f07895104a8b8299679ab9f37b856d76d3a22""},{""path"":""/mnt/c/Users/mzyx/Desktop/0921/js-interpreter-bench/experiments/timer_recovery/adapters/v8.js"",""sha256"":""e610d3aa3d2672a5e6d5eccd9aaf05c6ae6758d1b9c4468289f017a231ab7d9f""}]",7354c1868ce2f8a6cc0d43c8be772c69eece3966b70d20df8f98270cddf07e2b,41943040,41943040,"{""mode"":""MAIN_MONOTONIC_V1_DERIVED"",""variant"":""richards_cached"",""N"":256,""checksum"":41943040,""correctness"":""PASS"",""warmup_calls"":0,""start_ms"":27.084,""stop_ms"":1741.258,""elapsed_ms"":1714.174}",1714.174,6.6959921875,[],True
0,"WB_RESULT:{""mode"":""MAIN_MONOTONIC_V1_DERIVED"",""variant"":""richards_cached"",""N"":256,""checksum"":41943040,""correctness"":""PASS"",""warmup_calls"":0,""start_ms"":0,""stop_ms"":1430.26,""elapsed_ms"":1430.26}
",,"[""/home/mzyx/jsc_build_fd3406f/JSCOnly/Release/bin/jsc"",""--useJIT=false"",""--useLLInt=true"",""--validateOptions=true"",""/mnt/c/Users/mzyx/Desktop/0921/js-interpreter-bench/experiments/three_engine_baseline/adapters/jsc.js"",""/mnt/c/Users/mzyx/Desktop/0921/js-interpreter-bench/experiments/timer_recovery/adapters/jsc.js"",""/mnt/c/Users/mzyx/Desktop/0921/js-interpreter-bench/experiments/whitebox_analysis/attempt01/microbench/generated/richards_cached.N256.js""]",/mnt/c/Users/mzyx/Desktop/0921/js-interpreter-bench,2026-10-05T09:13:07.437821+00:00,479228859864,480688745275,b3ee321e-69da-462d-8718-4589949b17d0,1459885411,formal,richards,richards_cached,jsc,256,24,1,"[""jsc"",""v8"",""quickjs""]",67,MAIN_MONOTONIC_V1_DERIVED,wsl2-ubuntu2404-x64-20261004,"[""--useJIT=false"",""--useLLInt=true"",""--validateOptions=true""]",65c824a055405bf62b05e21d54515a72a1f0187a4d91225d00a6da969d35879f,cd82f87df8726d3925d311bc35b59c55c82f34d580c53045efc86fb1db040c6e,"[{""path"":""/mnt/c/Users/mzyx/Desktop/0921/js-interpreter-bench/experiments/three_engine_baseline/adapters/jsc.js"",""sha256"":""f9ddbb9556352e283b9c9feebc8bdd0ef1abac5bcdf1ab7a5d83945fa3c9437b""},{""path"":""/mnt/c/Users/mzyx/Desktop/0921/js-interpreter-bench/experiments/timer_recovery/adapters/jsc.js"",""sha256"":""0c485996a598b7e36f2f292b66397adc0390cbe6b69b55199e47e1c6c1e37010""}]",7354c1868ce2f8a6cc0d43c8be772c69eece3966b70d20df8f98270cddf07e2b,41943040,41943040,"{""mode"":""MAIN_MONOTONIC_V1_DERIVED"",""variant"":""richards_cached"",""N"":256,""checksum"":41943040,""correctness"":""PASS"",""warmup_calls"":0,""start_ms"":0,""stop_ms"":1430.26,""elapsed_ms"":1430.26}",1430.26,5.586953125,[],True
0,"WB_RESULT:{""mode"":""MAIN_MONOTONIC_V1_DERIVED"",""variant"":""richards_cached"",""N"":256,""checksum"":41943040,""correctness"":""PASS"",""warmup_calls"":0,""start_ms"":482678.309911,""stop_ms"":484807.006564,""elapsed_ms"":2128.6966529999627}
",,"[""/home/mzyx/three_engine_20261004/quickjs-04be246001599f5995fa2f2d8c91a0f198d3f34c/qjs"",""-I"",""/mnt/c/Users/mzyx/Desktop/0921/js-interpreter-bench/experiments/three_engine_baseline/adapters/quickjs.js"",""-I"",""/mnt/c/Users/mzyx/Desktop/0921/js-interpreter-bench/experiments/timer_recovery/adapters/quickjs.js"",""/mnt/c/Users/mzyx/Desktop/0921/js-interpreter-bench/experiments/whitebox_analysis/attempt01/microbench/generated/richards_cached.N256.js""]",/mnt/c/Users/mzyx/Desktop/0921/js-interpreter-bench,2026-10-05T09:13:11.556950+00:00,482665576726,484807878093,b3ee321e-69da-462d-8718-4589949b17d0,2142301367,formal,richards,richards_cached,quickjs,256,24,3,"[""jsc"",""v8"",""quickjs""]",67,MAIN_MONOTONIC_V1_DERIVED,wsl2-ubuntu2404-x64-20261004,[],140d5233b0337d91cb0f994ae4a051e49aa04da8802acfaedf0a01b81a620b79,cd82f87df8726d3925d311bc35b59c55c82f34d580c53045efc86fb1db040c6e,"[{""path"":""/mnt/c/Users/mzyx/Desktop/0921/js-interpreter-bench/experiments/three_engine_baseline/adapters/quickjs.js"",""sha256"":""f20aa7b460675d08600a58945203034feb50b2a3515aba579219f648b1235c6c""},{""path"":""/mnt/c/Users/mzyx/Desktop/0921/js-interpreter-bench/experiments/timer_recovery/adapters/quickjs.js"",""sha256"":""cd393c275173f20526562a008951f65a332deffed85e7c804519788b8ebffab7""}]",7354c1868ce2f8a6cc0d43c8be772c69eece3966b70d20df8f98270cddf07e2b,41943040,41943040,"{""mode"":""MAIN_MONOTONIC_V1_DERIVED"",""variant"":""richards_cached"",""N"":256,""checksum"":41943040,""correctness"":""PASS"",""warmup_calls"":0,""start_ms"":482678.309911,""stop_ms"":484807.006564,""elapsed_ms"":2128.6966529999627}",2128.6966529999627,8.315221300781104,[],True
0,"WB_RESULT:{""mode"":""MAIN_MONOTONIC_V1_DERIVED"",""variant"":""richards_cached"",""N"":256,""checksum"":41943040,""correctness"":""PASS"",""warmup_calls"":0,""start_ms"":29.164,""stop_ms"":1698.372,""elapsed_ms"":1669.208}
",,"[""/home/mzyx/three_engine_20261004/v8-linux64-rel-15.6.21/d8"",""--snapshot_blob=/home/mzyx/three_engine_20261004/v8-linux64-rel-15.6.21/snapshot_blob.bin"",""--max-opt=0"",""--no-lazy"",""/mnt/c/Users/mzyx/Desktop/0921/js-interpreter-bench/experiments/three_engine_baseline/adapters/v8.js"",""/mnt/c/Users/mzyx/Desktop/0921/js-interpreter-bench/experiments/timer_recovery/adapters/v8.js"",""/mnt/c/Users/mzyx/Desktop/0921/js-interpreter-bench/experiments/whitebox_analysis/attempt01/microbench/generated/richards_cached.N256.js""]",/mnt/c/Users/mzyx/Desktop/0921/js-interpreter-bench,2026-10-05T09:13:09.281782+00:00,480826131408,482532708964,b3ee321e-69da-462d-8718-4589949b17d0,1706577556,formal,richards,richards_cached,v8,256,24,2,"[""jsc"",""v8"",""quickjs""]",67,MAIN_MONOTONIC_V1_DERIVED,wsl2-ubuntu2404-x64-20261004,"[""--max-opt=0"",""--no-lazy""]",83b744a5953d2662ea723564d4035a333782a0cc85232d1025929a925150b133,cd82f87df8726d3925d311bc35b59c55c82f34d580c53045efc86fb1db040c6e,"[{""path"":""/mnt/c/Users/mzyx/Desktop/0921/js-interpreter-bench/experiments/three_engine_baseline/adapters/v8.js"",""sha256"":""0ab3ed677381191d7e7839cbbc3f07895104a8b8299679ab9f37b856d76d3a22""},{""path"":""/mnt/c/Users/mzyx/Desktop/0921/js-interpreter-bench/experiments/timer_recovery/adapters/v8.js"",""sha256"":""e610d3aa3d2672a5e6d5eccd9aaf05c6ae6758d1b9c4468289f017a231ab7d9f""}]",7354c1868ce2f8a6cc0d43c8be772c69eece3966b70d20df8f98270cddf07e2b,41943040,41943040,"{""mode"":""MAIN_MONOTONIC_V1_DERIVED"",""variant"":""richards_cached"",""N"":256,""checksum"":41943040,""correctness"":""PASS"",""warmup_calls"":0,""start_ms"":29.164,""stop_ms"":1698.372,""elapsed_ms"":1669.208}",1669.208,6.52034375,[],True
0,"WB_RESULT:{""mode"":""MAIN_MONOTONIC_V1_DERIVED"",""variant"":""richards_cached"",""N"":256,""checksum"":41943040,""correctness"":""PASS"",""warmup_calls"":0,""start_ms"":0,""stop_ms"":1449.48,""elapsed_ms"":1449.48}
",,"[""/home/mzyx/jsc_build_fd3406f/JSCOnly/Release/bin/jsc"",""--useJIT=false"",""--useLLInt=true"",""--validateOptions=true"",""/mnt/c/Users/mzyx/Desktop/0921/js-interpreter-bench/experiments/three_engine_baseline/adapters/jsc.js"",""/mnt/c/Users/mzyx/Desktop/0921/js-interpreter-bench/experiments/timer_recovery/adapters/jsc.js"",""/mnt/c/Users/mzyx/Desktop/0921/js-interpreter-bench/experiments/whitebox_analysis/attempt01/microbench/generated/richards_cached.N256.js""]",/mnt/c/Users/mzyx/Desktop/0921/js-interpreter-bench,2026-10-05T09:08:33.171890+00:00,185292119395,186772808770,b3ee321e-69da-462d-8718-4589949b17d0,1480689375,formal,richards,richards_cached,jsc,256,25,3,"[""v8"",""quickjs"",""jsc""]",12,MAIN_MONOTONIC_V1_DERIVED,wsl2-ubuntu2404-x64-20261004,"[""--useJIT=false"",""--useLLInt=true"",""--validateOptions=true""]",65c824a055405bf62b05e21d54515a72a1f0187a4d91225d00a6da969d35879f,cd82f87df8726d3925d311bc35b59c55c82f34d580c53045efc86fb1db040c6e,"[{""path"":""/mnt/c/Users/mzyx/Desktop/0921/js-interpreter-bench/experiments/three_engine_baseline/adapters/jsc.js"",""sha256"":""f9ddbb9556352e283b9c9feebc8bdd0ef1abac5bcdf1ab7a5d83945fa3c9437b""},{""path"":""/mnt/c/Users/mzyx/Desktop/0921/js-interpreter-bench/experiments/timer_recovery/adapters/jsc.js"",""sha256"":""0c485996a598b7e36f2f292b66397adc0390cbe6b69b55199e47e1c6c1e37010""}]",7354c1868ce2f8a6cc0d43c8be772c69eece3966b70d20df8f98270cddf07e2b,41943040,41943040,"{""mode"":""MAIN_MONOTONIC_V1_DERIVED"",""variant"":""richards_cached"",""N"":256,""checksum"":41943040,""correctness"":""PASS"",""warmup_calls"":0,""start_ms"":0,""stop_ms"":1449.48,""elapsed_ms"":1449.48}",1449.48,5.66203125,[],True
0,"WB_RESULT:{""mode"":""MAIN_MONOTONIC_V1_DERIVED"",""variant"":""richards_cached"",""N"":256,""checksum"":41943040,""correctness"":""PASS"",""warmup_calls"":0,""start_ms"":183169.246125,""stop_ms"":185158.289122,""elapsed_ms"":1989.0429969999823}
",,"[""/home/mzyx/three_engine_20261004/quickjs-04be246001599f5995fa2f2d8c91a0f198d3f34c/qjs"",""-I"",""/mnt/c/Users/mzyx/Desktop/0921/js-interpreter-bench/experiments/three_engine_baseline/adapters/quickjs.js"",""-I"",""/mnt/c/Users/mzyx/Desktop/0921/js-interpreter-bench/experiments/timer_recovery/adapters/quickjs.js"",""/mnt/c/Users/mzyx/Desktop/0921/js-interpreter-bench/experiments/whitebox_analysis/attempt01/microbench/generated/richards_cached.N256.js""]",/mnt/c/Users/mzyx/Desktop/0921/js-interpreter-bench,2026-10-05T09:08:31.558103+00:00,183157831840,185158985473,b3ee321e-69da-462d-8718-4589949b17d0,2001153633,formal,richards,richards_cached,quickjs,256,25,2,"[""v8"",""quickjs"",""jsc""]",12,MAIN_MONOTONIC_V1_DERIVED,wsl2-ubuntu2404-x64-20261004,[],140d5233b0337d91cb0f994ae4a051e49aa04da8802acfaedf0a01b81a620b79,cd82f87df8726d3925d311bc35b59c55c82f34d580c53045efc86fb1db040c6e,"[{""path"":""/mnt/c/Users/mzyx/Desktop/0921/js-interpreter-bench/experiments/three_engine_baseline/adapters/quickjs.js"",""sha256"":""f20aa7b460675d08600a58945203034feb50b2a3515aba579219f648b1235c6c""},{""path"":""/mnt/c/Users/mzyx/Desktop/0921/js-interpreter-bench/experiments/timer_recovery/adapters/quickjs.js"",""sha256"":""cd393c275173f20526562a008951f65a332deffed85e7c804519788b8ebffab7""}]",7354c1868ce2f8a6cc0d43c8be772c69eece3966b70d20df8f98270cddf07e2b,41943040,41943040,"{""mode"":""MAIN_MONOTONIC_V1_DERIVED"",""variant"":""richards_cached"",""N"":256,""checksum"":41943040,""correctness"":""PASS"",""warmup_calls"":0,""start_ms"":183169.246125,""stop_ms"":185158.289122,""elapsed_ms"":1989.0429969999823}",1989.0429969999823,7.769699207031181,[],True
0,"WB_RESULT:{""mode"":""MAIN_MONOTONIC_V1_DERIVED"",""variant"":""richards_cached"",""N"":256,""checksum"":41943040,""correctness"":""PASS"",""warmup_calls"":0,""start_ms"":29.356,""stop_ms"":1705.167,""elapsed_ms"":1675.811}
",,"[""/home/mzyx/three_engine_20261004/v8-linux64-rel-15.6.21/d8"",""--snapshot_blob=/home/mzyx/three_engine_20261004/v8-linux64-rel-15.6.21/snapshot_blob.bin"",""--max-opt=0"",""--no-lazy"",""/mnt/c/Users/mzyx/Desktop/0921/js-interpreter-bench/experiments/three_engine_baseline/adapters/v8.js"",""/mnt/c/Users/mzyx/Desktop/0921/js-interpreter-bench/experiments/timer_recovery/adapters/v8.js"",""/mnt/c/Users/mzyx/Desktop/0921/js-interpreter-bench/experiments/whitebox_analysis/attempt01/microbench/generated/richards_cached.N256.js""]",/mnt/c/Users/mzyx/Desktop/0921/js-interpreter-bench,2026-10-05T09:08:31.665539+00:00,181319795547,183033735577,b3ee321e-69da-462d-8718-4589949b17d0,1713940030,formal,richards,richards_cached,v8,256,25,1,"[""v8"",""quickjs"",""jsc""]",12,MAIN_MONOTONIC_V1_DERIVED,wsl2-ubuntu2404-x64-20261004,"[""--max-opt=0"",""--no-lazy""]",83b744a5953d2662ea723564d4035a333782a0cc85232d1025929a925150b133,cd82f87df8726d3925d311bc35b59c55c82f34d580c53045efc86fb1db040c6e,"[{""path"":""/mnt/c/Users/mzyx/Desktop/0921/js-interpreter-bench/experiments/three_engine_baseline/adapters/v8.js"",""sha256"":""0ab3ed677381191d7e7839cbbc3f07895104a8b8299679ab9f37b856d76d3a22""},{""path"":""/mnt/c/Users/mzyx/Desktop/0921/js-interpreter-bench/experiments/timer_recovery/adapters/v8.js"",""sha256"":""e610d3aa3d2672a5e6d5eccd9aaf05c6ae6758d1b9c4468289f017a231ab7d9f""}]",7354c1868ce2f8a6cc0d43c8be772c69eece3966b70d20df8f98270cddf07e2b,41943040,41943040,"{""mode"":""MAIN_MONOTONIC_V1_DERIVED"",""variant"":""richards_cached"",""N"":256,""checksum"":41943040,""correctness"":""PASS"",""warmup_calls"":0,""start_ms"":29.356,""stop_ms"":1705.167,""elapsed_ms"":1675.811}",1675.811,6.54613671875,[],True
0,"WB_RESULT:{""mode"":""MAIN_MONOTONIC_V1_DERIVED"",""variant"":""richards_cached"",""N"":256,""checksum"":41943040,""correctness"":""PASS"",""warmup_calls"":0,""start_ms"":0,""stop_ms"":1408.22,""elapsed_ms"":1408.22}
",,"[""/home/mzyx/jsc_build_fd3406f/JSCOnly/Release/bin/jsc"",""--useJIT=false"",""--useLLInt=true"",""--validateOptions=true"",""/mnt/c/Users/mzyx/Desktop/0921/js-interpreter-bench/experiments/three_engine_baseline/adapters/jsc.js"",""/mnt/c/Users/mzyx/Desktop/0921/js-interpreter-bench/experiments/timer_recovery/adapters/jsc.js"",""/mnt/c/Users/mzyx/Desktop/0921/js-interpreter-bench/experiments/whitebox_analysis/attempt01/microbench/generated/richards_cached.N256.js""]",/mnt/c/Users/mzyx/Desktop/0921/js-interpreter-bench,2026-10-05T09:13:57.949519+00:00,532103582765,533537541110,b3ee321e-69da-462d-8718-4589949b17d0,1433958345,formal,richards,richards_cached,jsc,256,26,3,"[""quickjs"",""v8"",""jsc""]",76,MAIN_MONOTONIC_V1_DERIVED,wsl2-ubuntu2404-x64-20261004,"[""--useJIT=false"",""--useLLInt=true"",""--validateOptions=true""]",65c824a055405bf62b05e21d54515a72a1f0187a4d91225d00a6da969d35879f,cd82f87df8726d3925d311bc35b59c55c82f34d580c53045efc86fb1db040c6e,"[{""path"":""/mnt/c/Users/mzyx/Desktop/0921/js-interpreter-bench/experiments/three_engine_baseline/adapters/jsc.js"",""sha256"":""f9ddbb9556352e283b9c9feebc8bdd0ef1abac5bcdf1ab7a5d83945fa3c9437b""},{""path"":""/mnt/c/Users/mzyx/Desktop/0921/js-interpreter-bench/experiments/timer_recovery/adapters/jsc.js"",""sha256"":""0c485996a598b7e36f2f292b66397adc0390cbe6b69b55199e47e1c6c1e37010""}]",7354c1868ce2f8a6cc0d43c8be772c69eece3966b70d20df8f98270cddf07e2b,41943040,41943040,"{""mode"":""MAIN_MONOTONIC_V1_DERIVED"",""variant"":""richards_cached"",""N"":256,""checksum"":41943040,""correctness"":""PASS"",""warmup_calls"":0,""start_ms"":0,""stop_ms"":1408.22,""elapsed_ms"":1408.22}",1408.22,5.500859375,[],True
0,"WB_RESULT:{""mode"":""MAIN_MONOTONIC_V1_DERIVED"",""variant"":""richards_cached"",""N"":256,""checksum"":41943040,""correctness"":""PASS"",""warmup_calls"":0,""start_ms"":528133.936995,""stop_ms"":530133.394025,""elapsed_ms"":1999.4570300000487}
",,"[""/home/mzyx/three_engine_20261004/quickjs-04be246001599f5995fa2f2d8c91a0f198d3f34c/qjs"",""-I"",""/mnt/c/Users/mzyx/Desktop/0921/js-interpreter-bench/experiments/three_engine_baseline/adapters/quickjs.js"",""-I"",""/mnt/c/Users/mzyx/Desktop/0921/js-interpreter-bench/experiments/timer_recovery/adapters/quickjs.js"",""/mnt/c/Users/mzyx/Desktop/0921/js-interpreter-bench/experiments/whitebox_analysis/attempt01/microbench/generated/richards_cached.N256.js""]",/mnt/c/Users/mzyx/Desktop/0921/js-interpreter-bench,2026-10-05T09:13:54.546696+00:00,528122150062,530134726180,b3ee321e-69da-462d-8718-4589949b17d0,2012576118,formal,richards,richards_cached,quickjs,256,26,1,"[""quickjs"",""v8"",""jsc""]",76,MAIN_MONOTONIC_V1_DERIVED,wsl2-ubuntu2404-x64-20261004,[],140d5233b0337d91cb0f994ae4a051e49aa04da8802acfaedf0a01b81a620b79,cd82f87df8726d3925d311bc35b59c55c82f34d580c53045efc86fb1db040c6e,"[{""path"":""/mnt/c/Users/mzyx/Desktop/0921/js-interpreter-bench/experiments/three_engine_baseline/adapters/quickjs.js"",""sha256"":""f20aa7b460675d08600a58945203034feb50b2a3515aba579219f648b1235c6c""},{""path"":""/mnt/c/Users/mzyx/Desktop/0921/js-interpreter-bench/experiments/timer_recovery/adapters/quickjs.js"",""sha256"":""cd393c275173f20526562a008951f65a332deffed85e7c804519788b8ebffab7""}]",7354c1868ce2f8a6cc0d43c8be772c69eece3966b70d20df8f98270cddf07e2b,41943040,41943040,"{""mode"":""MAIN_MONOTONIC_V1_DERIVED"",""variant"":""richards_cached"",""N"":256,""checksum"":41943040,""correctness"":""PASS"",""warmup_calls"":0,""start_ms"":528133.936995,""stop_ms"":530133.394025,""elapsed_ms"":1999.4570300000487}",1999.4570300000487,7.81037902343769,[],True
0,"WB_RESULT:{""mode"":""MAIN_MONOTONIC_V1_DERIVED"",""variant"":""richards_cached"",""N"":256,""checksum"":41943040,""correctness"":""PASS"",""warmup_calls"":0,""start_ms"":29.791,""stop_ms"":1706.439,""elapsed_ms"":1676.6480000000001}
",,"[""/home/mzyx/three_engine_20261004/v8-linux64-rel-15.6.21/d8"",""--snapshot_blob=/home/mzyx/three_engine_20261004/v8-linux64-rel-15.6.21/snapshot_blob.bin"",""--max-opt=0"",""--no-lazy"",""/mnt/c/Users/mzyx/Desktop/0921/js-interpreter-bench/experiments/three_engine_baseline/adapters/v8.js"",""/mnt/c/Users/mzyx/Desktop/0921/js-interpreter-bench/experiments/timer_recovery/adapters/v8.js"",""/mnt/c/Users/mzyx/Desktop/0921/js-interpreter-bench/experiments/whitebox_analysis/attempt01/microbench/generated/richards_cached.N256.js""]",/mnt/c/Users/mzyx/Desktop/0921/js-interpreter-bench,2026-10-05T09:13:56.394054+00:00,530266766008,531982075536,b3ee321e-69da-462d-8718-4589949b17d0,1715309528,formal,richards,richards_cached,v8,256,26,2,"[""quickjs"",""v8"",""jsc""]",76,MAIN_MONOTONIC_V1_DERIVED,wsl2-ubuntu2404-x64-20261004,"[""--max-opt=0"",""--no-lazy""]",83b744a5953d2662ea723564d4035a333782a0cc85232d1025929a925150b133,cd82f87df8726d3925d311bc35b59c55c82f34d580c53045efc86fb1db040c6e,"[{""path"":""/mnt/c/Users/mzyx/Desktop/0921/js-interpreter-bench/experiments/three_engine_baseline/adapters/v8.js"",""sha256"":""0ab3ed677381191d7e7839cbbc3f07895104a8b8299679ab9f37b856d76d3a22""},{""path"":""/mnt/c/Users/mzyx/Desktop/0921/js-interpreter-bench/experiments/timer_recovery/adapters/v8.js"",""sha256"":""e610d3aa3d2672a5e6d5eccd9aaf05c6ae6758d1b9c4468289f017a231ab7d9f""}]",7354c1868ce2f8a6cc0d43c8be772c69eece3966b70d20df8f98270cddf07e2b,41943040,41943040,"{""mode"":""MAIN_MONOTONIC_V1_DERIVED"",""variant"":""richards_cached"",""N"":256,""checksum"":41943040,""correctness"":""PASS"",""warmup_calls"":0,""start_ms"":29.791,""stop_ms"":1706.439,""elapsed_ms"":1676.6480000000001}",1676.6480000000001,6.5494062500000005,[],True
0,"WB_RESULT:{""mode"":""MAIN_MONOTONIC_V1_DERIVED"",""variant"":""richards_cached"",""N"":256,""checksum"":41943040,""correctness"":""PASS"",""warmup_calls"":0,""start_ms"":0,""stop_ms"":1396.02,""elapsed_ms"":1396.02}
",,"[""/home/mzyx/jsc_build_fd3406f/JSCOnly/Release/bin/jsc"",""--useJIT=false"",""--useLLInt=true"",""--validateOptions=true"",""/mnt/c/Users/mzyx/Desktop/0921/js-interpreter-bench/experiments/three_engine_baseline/adapters/jsc.js"",""/mnt/c/Users/mzyx/Desktop/0921/js-interpreter-bench/experiments/timer_recovery/adapters/jsc.js"",""/mnt/c/Users/mzyx/Desktop/0921/js-interpreter-bench/experiments/whitebox_analysis/attempt01/microbench/generated/richards_cached.N256.js""]",/mnt/c/Users/mzyx/Desktop/0921/js-interpreter-bench,2026-10-05T09:16:20.531908+00:00,685866264899,687289231571,b3ee321e-69da-462d-8718-4589949b17d0,1422966672,formal,richards,richards_cached,jsc,256,27,3,"[""quickjs"",""v8"",""jsc""]",104,MAIN_MONOTONIC_V1_DERIVED,wsl2-ubuntu2404-x64-20261004,"[""--useJIT=false"",""--useLLInt=true"",""--validateOptions=true""]",65c824a055405bf62b05e21d54515a72a1f0187a4d91225d00a6da969d35879f,cd82f87df8726d3925d311bc35b59c55c82f34d580c53045efc86fb1db040c6e,"[{""path"":""/mnt/c/Users/mzyx/Desktop/0921/js-interpreter-bench/experiments/three_engine_baseline/adapters/jsc.js"",""sha256"":""f9ddbb9556352e283b9c9feebc8bdd0ef1abac5bcdf1ab7a5d83945fa3c9437b""},{""path"":""/mnt/c/Users/mzyx/Desktop/0921/js-interpreter-bench/experiments/timer_recovery/adapters/jsc.js"",""sha256"":""0c485996a598b7e36f2f292b66397adc0390cbe6b69b55199e47e1c6c1e37010""}]",7354c1868ce2f8a6cc0d43c8be772c69eece3966b70d20df8f98270cddf07e2b,41943040,41943040,"{""mode"":""MAIN_MONOTONIC_V1_DERIVED"",""variant"":""richards_cached"",""N"":256,""checksum"":41943040,""correctness"":""PASS"",""warmup_calls"":0,""start_ms"":0,""stop_ms"":1396.02,""elapsed_ms"":1396.02}",1396.02,5.453203125,[],True
0,"WB_RESULT:{""mode"":""MAIN_MONOTONIC_V1_DERIVED"",""variant"":""richards_cached"",""N"":256,""checksum"":41943040,""correctness"":""PASS"",""warmup_calls"":0,""start_ms"":681881.871718,""stop_ms"":683859.706398,""elapsed_ms"":1977.8346799999708}
",,"[""/home/mzyx/three_engine_20261004/quickjs-04be246001599f5995fa2f2d8c91a0f198d3f34c/qjs"",""-I"",""/mnt/c/Users/mzyx/Desktop/0921/js-interpreter-bench/experiments/three_engine_baseline/adapters/quickjs.js"",""-I"",""/mnt/c/Users/mzyx/Desktop/0921/js-interpreter-bench/experiments/timer_recovery/adapters/quickjs.js"",""/mnt/c/Users/mzyx/Desktop/0921/js-interpreter-bench/experiments/whitebox_analysis/attempt01/microbench/generated/richards_cached.N256.js""]",/mnt/c/Users/mzyx/Desktop/0921/js-interpreter-bench,2026-10-05T09:16:17.103159+00:00,681869317380,683860483503,b3ee321e-69da-462d-8718-4589949b17d0,1991166123,formal,richards,richards_cached,quickjs,256,27,1,"[""quickjs"",""v8"",""jsc""]",104,MAIN_MONOTONIC_V1_DERIVED,wsl2-ubuntu2404-x64-20261004,[],140d5233b0337d91cb0f994ae4a051e49aa04da8802acfaedf0a01b81a620b79,cd82f87df8726d3925d311bc35b59c55c82f34d580c53045efc86fb1db040c6e,"[{""path"":""/mnt/c/Users/mzyx/Desktop/0921/js-interpreter-bench/experiments/three_engine_baseline/adapters/quickjs.js"",""sha256"":""f20aa7b460675d08600a58945203034feb50b2a3515aba579219f648b1235c6c""},{""path"":""/mnt/c/Users/mzyx/Desktop/0921/js-interpreter-bench/experiments/timer_recovery/adapters/quickjs.js"",""sha256"":""cd393c275173f20526562a008951f65a332deffed85e7c804519788b8ebffab7""}]",7354c1868ce2f8a6cc0d43c8be772c69eece3966b70d20df8f98270cddf07e2b,41943040,41943040,"{""mode"":""MAIN_MONOTONIC_V1_DERIVED"",""variant"":""richards_cached"",""N"":256,""checksum"":41943040,""correctness"":""PASS"",""warmup_calls"":0,""start_ms"":681881.871718,""stop_ms"":683859.706398,""elapsed_ms"":1977.8346799999708}",1977.8346799999708,7.725916718749886,[],True
0,"WB_RESULT:{""mode"":""MAIN_MONOTONIC_V1_DERIVED"",""variant"":""richards_cached"",""N"":256,""checksum"":41943040,""correctness"":""PASS"",""warmup_calls"":0,""start_ms"":29.556,""stop_ms"":1736.37,""elapsed_ms"":1706.8139999999999}
",,"[""/home/mzyx/three_engine_20261004/v8-linux64-rel-15.6.21/d8"",""--snapshot_blob=/home/mzyx/three_engine_20261004/v8-linux64-rel-15.6.21/snapshot_blob.bin"",""--max-opt=0"",""--no-lazy"",""/mnt/c/Users/mzyx/Desktop/0921/js-interpreter-bench/experiments/three_engine_baseline/adapters/v8.js"",""/mnt/c/Users/mzyx/Desktop/0921/js-interpreter-bench/experiments/timer_recovery/adapters/v8.js"",""/mnt/c/Users/mzyx/Desktop/0921/js-interpreter-bench/experiments/whitebox_analysis/attempt01/microbench/generated/richards_cached.N256.js""]",/mnt/c/Users/mzyx/Desktop/0921/js-interpreter-bench,2026-10-05T09:16:18.981696+00:00,683993730640,685739018707,b3ee321e-69da-462d-8718-4589949b17d0,1745288067,formal,richards,richards_cached,v8,256,27,2,"[""quickjs"",""v8"",""jsc""]",104,MAIN_MONOTONIC_V1_DERIVED,wsl2-ubuntu2404-x64-20261004,"[""--max-opt=0"",""--no-lazy""]",83b744a5953d2662ea723564d4035a333782a0cc85232d1025929a925150b133,cd82f87df8726d3925d311bc35b59c55c82f34d580c53045efc86fb1db040c6e,"[{""path"":""/mnt/c/Users/mzyx/Desktop/0921/js-interpreter-bench/experiments/three_engine_baseline/adapters/v8.js"",""sha256"":""0ab3ed677381191d7e7839cbbc3f07895104a8b8299679ab9f37b856d76d3a22""},{""path"":""/mnt/c/Users/mzyx/Desktop/0921/js-interpreter-bench/experiments/timer_recovery/adapters/v8.js"",""sha256"":""e610d3aa3d2672a5e6d5eccd9aaf05c6ae6758d1b9c4468289f017a231ab7d9f""}]",7354c1868ce2f8a6cc0d43c8be772c69eece3966b70d20df8f98270cddf07e2b,41943040,41943040,"{""mode"":""MAIN_MONOTONIC_V1_DERIVED"",""variant"":""richards_cached"",""N"":256,""checksum"":41943040,""correctness"":""PASS"",""warmup_calls"":0,""start_ms"":29.556,""stop_ms"":1736.37,""elapsed_ms"":1706.8139999999999}",1706.8139999999999,6.667242187499999,[],True
0,"WB_RESULT:{""mode"":""MAIN_MONOTONIC_V1_DERIVED"",""variant"":""richards_cached"",""N"":256,""checksum"":41943040,""correctness"":""PASS"",""warmup_calls"":0,""start_ms"":0,""stop_ms"":1342.54,""elapsed_ms"":1342.54}
",,"[""/home/mzyx/jsc_build_fd3406f/JSCOnly/Release/bin/jsc"",""--useJIT=false"",""--useLLInt=true"",""--validateOptions=true"",""/mnt/c/Users/mzyx/Desktop/0921/js-interpreter-bench/experiments/three_engine_baseline/adapters/jsc.js"",""/mnt/c/Users/mzyx/Desktop/0921/js-interpreter-bench/experiments/timer_recovery/adapters/jsc.js"",""/mnt/c/Users/mzyx/Desktop/0921/js-interpreter-bench/experiments/whitebox_analysis/attempt01/microbench/generated/richards_cached.N256.js""]",/mnt/c/Users/mzyx/Desktop/0921/js-interpreter-bench,2026-10-05T09:11:41.903460+00:00,387200288113,388572526448,b3ee321e-69da-462d-8718-4589949b17d0,1372238335,formal,richards,richards_cached,jsc,256,28,2,"[""quickjs"",""jsc"",""v8""]",50,MAIN_MONOTONIC_V1_DERIVED,wsl2-ubuntu2404-x64-20261004,"[""--useJIT=false"",""--useLLInt=true"",""--validateOptions=true""]",65c824a055405bf62b05e21d54515a72a1f0187a4d91225d00a6da969d35879f,cd82f87df8726d3925d311bc35b59c55c82f34d580c53045efc86fb1db040c6e,"[{""path"":""/mnt/c/Users/mzyx/Desktop/0921/js-interpreter-bench/experiments/three_engine_baseline/adapters/jsc.js"",""sha256"":""f9ddbb9556352e283b9c9feebc8bdd0ef1abac5bcdf1ab7a5d83945fa3c9437b""},{""path"":""/mnt/c/Users/mzyx/Desktop/0921/js-interpreter-bench/experiments/timer_recovery/adapters/jsc.js"",""sha256"":""0c485996a598b7e36f2f292b66397adc0390cbe6b69b55199e47e1c6c1e37010""}]",7354c1868ce2f8a6cc0d43c8be772c69eece3966b70d20df8f98270cddf07e2b,41943040,41943040,"{""mode"":""MAIN_MONOTONIC_V1_DERIVED"",""variant"":""richards_cached"",""N"":256,""checksum"":41943040,""correctness"":""PASS"",""warmup_calls"":0,""start_ms"":0,""stop_ms"":1342.54,""elapsed_ms"":1342.54}",1342.54,5.244296875,[],True
0,"WB_RESULT:{""mode"":""MAIN_MONOTONIC_V1_DERIVED"",""variant"":""richards_cached"",""N"":256,""checksum"":41943040,""correctness"":""PASS"",""warmup_calls"":0,""start_ms"":384926.384282,""stop_ms"":387066.360102,""elapsed_ms"":2139.9758199999924}
",,"[""/home/mzyx/three_engine_20261004/quickjs-04be246001599f5995fa2f2d8c91a0f198d3f34c/qjs"",""-I"",""/mnt/c/Users/mzyx/Desktop/0921/js-interpreter-bench/experiments/three_engine_baseline/adapters/quickjs.js"",""-I"",""/mnt/c/Users/mzyx/Desktop/0921/js-interpreter-bench/experiments/timer_recovery/adapters/quickjs.js"",""/mnt/c/Users/mzyx/Desktop/0921/js-interpreter-bench/experiments/whitebox_analysis/attempt01/microbench/generated/richards_cached.N256.js""]",/mnt/c/Users/mzyx/Desktop/0921/js-interpreter-bench,2026-10-05T09:11:40.398407+00:00,384914289949,387067484763,b3ee321e-69da-462d-8718-4589949b17d0,2153194814,formal,richards,richards_cached,quickjs,256,28,1,"[""quickjs"",""jsc"",""v8""]",50,MAIN_MONOTONIC_V1_DERIVED,wsl2-ubuntu2404-x64-20261004,[],140d5233b0337d91cb0f994ae4a051e49aa04da8802acfaedf0a01b81a620b79,cd82f87df8726d3925d311bc35b59c55c82f34d580c53045efc86fb1db040c6e,"[{""path"":""/mnt/c/Users/mzyx/Desktop/0921/js-interpreter-bench/experiments/three_engine_baseline/adapters/quickjs.js"",""sha256"":""f20aa7b460675d08600a58945203034feb50b2a3515aba579219f648b1235c6c""},{""path"":""/mnt/c/Users/mzyx/Desktop/0921/js-interpreter-bench/experiments/timer_recovery/adapters/quickjs.js"",""sha256"":""cd393c275173f20526562a008951f65a332deffed85e7c804519788b8ebffab7""}]",7354c1868ce2f8a6cc0d43c8be772c69eece3966b70d20df8f98270cddf07e2b,41943040,41943040,"{""mode"":""MAIN_MONOTONIC_V1_DERIVED"",""variant"":""richards_cached"",""N"":256,""checksum"":41943040,""correctness"":""PASS"",""warmup_calls"":0,""start_ms"":384926.384282,""stop_ms"":387066.360102,""elapsed_ms"":2139.9758199999924}",2139.9758199999924,8.35928054687497,[],True
0,"WB_RESULT:{""mode"":""MAIN_MONOTONIC_V1_DERIVED"",""variant"":""richards_cached"",""N"":256,""checksum"":41943040,""correctness"":""PASS"",""warmup_calls"":0,""start_ms"":30.407,""stop_ms"":1744.561,""elapsed_ms"":1714.154}
",,"[""/home/mzyx/three_engine_20261004/v8-linux64-rel-15.6.21/d8"",""--snapshot_blob=/home/mzyx/three_engine_20261004/v8-linux64-rel-15.6.21/snapshot_blob.bin"",""--max-opt=0"",""--no-lazy"",""/mnt/c/Users/mzyx/Desktop/0921/js-interpreter-bench/experiments/three_engine_baseline/adapters/v8.js"",""/mnt/c/Users/mzyx/Desktop/0921/js-interpreter-bench/experiments/timer_recovery/adapters/v8.js"",""/mnt/c/Users/mzyx/Desktop/0921/js-interpreter-bench/experiments/whitebox_analysis/attempt01/microbench/generated/richards_cached.N256.js""]",/mnt/c/Users/mzyx/Desktop/0921/js-interpreter-bench,2026-10-05T09:11:43.784271+00:00,388699196534,390453342017,b3ee321e-69da-462d-8718-4589949b17d0,1754145483,formal,richards,richards_cached,v8,256,28,3,"[""quickjs"",""jsc"",""v8""]",50,MAIN_MONOTONIC_V1_DERIVED,wsl2-ubuntu2404-x64-20261004,"[""--max-opt=0"",""--no-lazy""]",83b744a5953d2662ea723564d4035a333782a0cc85232d1025929a925150b133,cd82f87df8726d3925d311bc35b59c55c82f34d580c53045efc86fb1db040c6e,"[{""path"":""/mnt/c/Users/mzyx/Desktop/0921/js-interpreter-bench/experiments/three_engine_baseline/adapters/v8.js"",""sha256"":""0ab3ed677381191d7e7839cbbc3f07895104a8b8299679ab9f37b856d76d3a22""},{""path"":""/mnt/c/Users/mzyx/Desktop/0921/js-interpreter-bench/experiments/timer_recovery/adapters/v8.js"",""sha256"":""e610d3aa3d2672a5e6d5eccd9aaf05c6ae6758d1b9c4468289f017a231ab7d9f""}]",7354c1868ce2f8a6cc0d43c8be772c69eece3966b70d20df8f98270cddf07e2b,41943040,41943040,"{""mode"":""MAIN_MONOTONIC_V1_DERIVED"",""variant"":""richards_cached"",""N"":256,""checksum"":41943040,""correctness"":""PASS"",""warmup_calls"":0,""start_ms"":30.407,""stop_ms"":1744.561,""elapsed_ms"":1714.154}",1714.154,6.6959140625,[],True
0,"WB_RESULT:{""mode"":""MAIN_MONOTONIC_V1_DERIVED"",""variant"":""richards_cached"",""N"":256,""checksum"":41943040,""correctness"":""PASS"",""warmup_calls"":0,""start_ms"":0,""stop_ms"":1305.02,""elapsed_ms"":1305.02}
",,"[""/home/mzyx/jsc_build_fd3406f/JSCOnly/Release/bin/jsc"",""--useJIT=false"",""--useLLInt=true"",""--validateOptions=true"",""/mnt/c/Users/mzyx/Desktop/0921/js-interpreter-bench/experiments/three_engine_baseline/adapters/jsc.js"",""/mnt/c/Users/mzyx/Desktop/0921/js-interpreter-bench/experiments/timer_recovery/adapters/jsc.js"",""/mnt/c/Users/mzyx/Desktop/0921/js-interpreter-bench/experiments/whitebox_analysis/attempt01/microbench/generated/richards_cached.N256.js""]",/mnt/c/Users/mzyx/Desktop/0921/js-interpreter-bench,2026-10-05T09:13:37.411314+00:00,511645270837,512999334419,b3ee321e-69da-462d-8718-4589949b17d0,1354063582,formal,richards,richards_cached,jsc,256,29,1,"[""jsc"",""quickjs"",""v8""]",73,MAIN_MONOTONIC_V1_DERIVED,wsl2-ubuntu2404-x64-20261004,"[""--useJIT=false"",""--useLLInt=true"",""--validateOptions=true""]",65c824a055405bf62b05e21d54515a72a1f0187a4d91225d00a6da969d35879f,cd82f87df8726d3925d311bc35b59c55c82f34d580c53045efc86fb1db040c6e,"[{""path"":""/mnt/c/Users/mzyx/Desktop/0921/js-interpreter-bench/experiments/three_engine_baseline/adapters/jsc.js"",""sha256"":""f9ddbb9556352e283b9c9feebc8bdd0ef1abac5bcdf1ab7a5d83945fa3c9437b""},{""path"":""/mnt/c/Users/mzyx/Desktop/0921/js-interpreter-bench/experiments/timer_recovery/adapters/jsc.js"",""sha256"":""0c485996a598b7e36f2f292b66397adc0390cbe6b69b55199e47e1c6c1e37010""}]",7354c1868ce2f8a6cc0d43c8be772c69eece3966b70d20df8f98270cddf07e2b,41943040,41943040,"{""mode"":""MAIN_MONOTONIC_V1_DERIVED"",""variant"":""richards_cached"",""N"":256,""checksum"":41943040,""correctness"":""PASS"",""warmup_calls"":0,""start_ms"":0,""stop_ms"":1305.02,""elapsed_ms"":1305.02}",1305.02,5.097734375,[],True
0,"WB_RESULT:{""mode"":""MAIN_MONOTONIC_V1_DERIVED"",""variant"":""richards_cached"",""N"":256,""checksum"":41943040,""correctness"":""PASS"",""warmup_calls"":0,""start_ms"":513105.557232,""stop_ms"":515065.033299,""elapsed_ms"":1959.4760670000105}
",,"[""/home/mzyx/three_engine_20261004/quickjs-04be246001599f5995fa2f2d8c91a0f198d3f34c/qjs"",""-I"",""/mnt/c/Users/mzyx/Desktop/0921/js-interpreter-bench/experiments/three_engine_baseline/adapters/quickjs.js"",""-I"",""/mnt/c/Users/mzyx/Desktop/0921/js-interpreter-bench/experiments/timer_recovery/adapters/quickjs.js"",""/mnt/c/Users/mzyx/Desktop/0921/js-interpreter-bench/experiments/whitebox_analysis/attempt01/microbench/generated/richards_cached.N256.js""]",/mnt/c/Users/mzyx/Desktop/0921/js-interpreter-bench,2026-10-05T09:13:39.478164+00:00,513094388444,515066193354,b3ee321e-69da-462d-8718-4589949b17d0,1971804910,formal,richards,richards_cached,quickjs,256,29,2,"[""jsc"",""quickjs"",""v8""]",73,MAIN_MONOTONIC_V1_DERIVED,wsl2-ubuntu2404-x64-20261004,[],140d5233b0337d91cb0f994ae4a051e49aa04da8802acfaedf0a01b81a620b79,cd82f87df8726d3925d311bc35b59c55c82f34d580c53045efc86fb1db040c6e,"[{""path"":""/mnt/c/Users/mzyx/Desktop/0921/js-interpreter-bench/experiments/three_engine_baseline/adapters/quickjs.js"",""sha256"":""f20aa7b460675d08600a58945203034feb50b2a3515aba579219f648b1235c6c""},{""path"":""/mnt/c/Users/mzyx/Desktop/0921/js-interpreter-bench/experiments/timer_recovery/adapters/quickjs.js"",""sha256"":""cd393c275173f20526562a008951f65a332deffed85e7c804519788b8ebffab7""}]",7354c1868ce2f8a6cc0d43c8be772c69eece3966b70d20df8f98270cddf07e2b,41943040,41943040,"{""mode"":""MAIN_MONOTONIC_V1_DERIVED"",""variant"":""richards_cached"",""N"":256,""checksum"":41943040,""correctness"":""PASS"",""warmup_calls"":0,""start_ms"":513105.557232,""stop_ms"":515065.033299,""elapsed_ms"":1959.4760670000105}",1959.4760670000105,7.654203386718791,[],True
0,"WB_RESULT:{""mode"":""MAIN_MONOTONIC_V1_DERIVED"",""variant"":""richards_cached"",""N"":256,""checksum"":41943040,""correctness"":""PASS"",""warmup_calls"":0,""start_ms"":53.693,""stop_ms"":1769.117,""elapsed_ms"":1715.424}
",,"[""/home/mzyx/three_engine_20261004/v8-linux64-rel-15.6.21/d8"",""--snapshot_blob=/home/mzyx/three_engine_20261004/v8-linux64-rel-15.6.21/snapshot_blob.bin"",""--max-opt=0"",""--no-lazy"",""/mnt/c/Users/mzyx/Desktop/0921/js-interpreter-bench/experiments/three_engine_baseline/adapters/v8.js"",""/mnt/c/Users/mzyx/Desktop/0921/js-interpreter-bench/experiments/timer_recovery/adapters/v8.js"",""/mnt/c/Users/mzyx/Desktop/0921/js-interpreter-bench/experiments/whitebox_analysis/attempt01/microbench/generated/richards_cached.N256.js""]",/mnt/c/Users/mzyx/Desktop/0921/js-interpreter-bench,2026-10-05T09:13:41.354401+00:00,515163409219,516942422643,b3ee321e-69da-462d-8718-4589949b17d0,1779013424,formal,richards,richards_cached,v8,256,29,3,"[""jsc"",""quickjs"",""v8""]",73,MAIN_MONOTONIC_V1_DERIVED,wsl2-ubuntu2404-x64-20261004,"[""--max-opt=0"",""--no-lazy""]",83b744a5953d2662ea723564d4035a333782a0cc85232d1025929a925150b133,cd82f87df8726d3925d311bc35b59c55c82f34d580c53045efc86fb1db040c6e,"[{""path"":""/mnt/c/Users/mzyx/Desktop/0921/js-interpreter-bench/experiments/three_engine_baseline/adapters/v8.js"",""sha256"":""0ab3ed677381191d7e7839cbbc3f07895104a8b8299679ab9f37b856d76d3a22""},{""path"":""/mnt/c/Users/mzyx/Desktop/0921/js-interpreter-bench/experiments/timer_recovery/adapters/v8.js"",""sha256"":""e610d3aa3d2672a5e6d5eccd9aaf05c6ae6758d1b9c4468289f017a231ab7d9f""}]",7354c1868ce2f8a6cc0d43c8be772c69eece3966b70d20df8f98270cddf07e2b,41943040,41943040,"{""mode"":""MAIN_MONOTONIC_V1_DERIVED"",""variant"":""richards_cached"",""N"":256,""checksum"":41943040,""correctness"":""PASS"",""warmup_calls"":0,""start_ms"":53.693,""stop_ms"":1769.117,""elapsed_ms"":1715.424}",1715.424,6.700875,[],True
0,"WB_RESULT:{""mode"":""MAIN_MONOTONIC_V1_DERIVED"",""variant"":""richards_cached"",""N"":256,""checksum"":41943040,""correctness"":""PASS"",""warmup_calls"":0,""start_ms"":0,""stop_ms"":1412.46,""elapsed_ms"":1412.46}
",,"[""/home/mzyx/jsc_build_fd3406f/JSCOnly/Release/bin/jsc"",""--useJIT=false"",""--useLLInt=true"",""--validateOptions=true"",""/mnt/c/Users/mzyx/Desktop/0921/js-interpreter-bench/experiments/three_engine_baseline/adapters/jsc.js"",""/mnt/c/Users/mzyx/Desktop/0921/js-interpreter-bench/experiments/timer_recovery/adapters/jsc.js"",""/mnt/c/Users/mzyx/Desktop/0921/js-interpreter-bench/experiments/whitebox_analysis/attempt01/microbench/generated/richards_cached.N256.js""]",/mnt/c/Users/mzyx/Desktop/0921/js-interpreter-bench,2026-10-05T09:15:41.773737+00:00,644729893381,646171585730,b3ee321e-69da-462d-8718-4589949b17d0,1441692349,formal,richards,richards_cached,jsc,256,3,2,"[""quickjs"",""jsc"",""v8""]",97,MAIN_MONOTONIC_V1_DERIVED,wsl2-ubuntu2404-x64-20261004,"[""--useJIT=false"",""--useLLInt=true"",""--validateOptions=true""]",65c824a055405bf62b05e21d54515a72a1f0187a4d91225d00a6da969d35879f,cd82f87df8726d3925d311bc35b59c55c82f34d580c53045efc86fb1db040c6e,"[{""path"":""/mnt/c/Users/mzyx/Desktop/0921/js-interpreter-bench/experiments/three_engine_baseline/adapters/jsc.js"",""sha256"":""f9ddbb9556352e283b9c9feebc8bdd0ef1abac5bcdf1ab7a5d83945fa3c9437b""},{""path"":""/mnt/c/Users/mzyx/Desktop/0921/js-interpreter-bench/experiments/timer_recovery/adapters/jsc.js"",""sha256"":""0c485996a598b7e36f2f292b66397adc0390cbe6b69b55199e47e1c6c1e37010""}]",7354c1868ce2f8a6cc0d43c8be772c69eece3966b70d20df8f98270cddf07e2b,41943040,41943040,"{""mode"":""MAIN_MONOTONIC_V1_DERIVED"",""variant"":""richards_cached"",""N"":256,""checksum"":41943040,""correctness"":""PASS"",""warmup_calls"":0,""start_ms"":0,""stop_ms"":1412.46,""elapsed_ms"":1412.46}",1412.46,5.517421875,[],True
0,"WB_RESULT:{""mode"":""MAIN_MONOTONIC_V1_DERIVED"",""variant"":""richards_cached"",""N"":256,""checksum"":41943040,""correctness"":""PASS"",""warmup_calls"":0,""start_ms"":642581.500088,""stop_ms"":644591.750759,""elapsed_ms"":2010.250670999987}
",,"[""/home/mzyx/three_engine_20261004/quickjs-04be246001599f5995fa2f2d8c91a0f198d3f34c/qjs"",""-I"",""/mnt/c/Users/mzyx/Desktop/0921/js-interpreter-bench/experiments/three_engine_baseline/adapters/quickjs.js"",""-I"",""/mnt/c/Users/mzyx/Desktop/0921/js-interpreter-bench/experiments/timer_recovery/adapters/quickjs.js"",""/mnt/c/Users/mzyx/Desktop/0921/js-interpreter-bench/experiments/whitebox_analysis/attempt01/microbench/generated/richards_cached.N256.js""]",/mnt/c/Users/mzyx/Desktop/0921/js-interpreter-bench,2026-10-05T09:15:40.195606+00:00,642568715338,644593453349,b3ee321e-69da-462d-8718-4589949b17d0,2024738011,formal,richards,richards_cached,quickjs,256,3,1,"[""quickjs"",""jsc"",""v8""]",97,MAIN_MONOTONIC_V1_DERIVED,wsl2-ubuntu2404-x64-20261004,[],140d5233b0337d91cb0f994ae4a051e49aa04da8802acfaedf0a01b81a620b79,cd82f87df8726d3925d311bc35b59c55c82f34d580c53045efc86fb1db040c6e,"[{""path"":""/mnt/c/Users/mzyx/Desktop/0921/js-interpreter-bench/experiments/three_engine_baseline/adapters/quickjs.js"",""sha256"":""f20aa7b460675d08600a58945203034feb50b2a3515aba579219f648b1235c6c""},{""path"":""/mnt/c/Users/mzyx/Desktop/0921/js-interpreter-bench/experiments/timer_recovery/adapters/quickjs.js"",""sha256"":""cd393c275173f20526562a008951f65a332deffed85e7c804519788b8ebffab7""}]",7354c1868ce2f8a6cc0d43c8be772c69eece3966b70d20df8f98270cddf07e2b,41943040,41943040,"{""mode"":""MAIN_MONOTONIC_V1_DERIVED"",""variant"":""richards_cached"",""N"":256,""checksum"":41943040,""correctness"":""PASS"",""warmup_calls"":0,""start_ms"":642581.500088,""stop_ms"":644591.750759,""elapsed_ms"":2010.250670999987}",2010.250670999987,7.852541683593699,[],True
0,"WB_RESULT:{""mode"":""MAIN_MONOTONIC_V1_DERIVED"",""variant"":""richards_cached"",""N"":256,""checksum"":41943040,""correctness"":""PASS"",""warmup_calls"":0,""start_ms"":31.313,""stop_ms"":1745.952,""elapsed_ms"":1714.639}
",,"[""/home/mzyx/three_engine_20261004/v8-linux64-rel-15.6.21/d8"",""--snapshot_blob=/home/mzyx/three_engine_20261004/v8-linux64-rel-15.6.21/snapshot_blob.bin"",""--max-opt=0"",""--no-lazy"",""/mnt/c/Users/mzyx/Desktop/0921/js-interpreter-bench/experiments/three_engine_baseline/adapters/v8.js"",""/mnt/c/Users/mzyx/Desktop/0921/js-interpreter-bench/experiments/timer_recovery/adapters/v8.js"",""/mnt/c/Users/mzyx/Desktop/0921/js-interpreter-bench/experiments/whitebox_analysis/attempt01/microbench/generated/richards_cached.N256.js""]",/mnt/c/Users/mzyx/Desktop/0921/js-interpreter-bench,2026-10-05T09:15:43.658305+00:00,646298670122,648056253477,b3ee321e-69da-462d-8718-4589949b17d0,1757583355,formal,richards,richards_cached,v8,256,3,3,"[""quickjs"",""jsc"",""v8""]",97,MAIN_MONOTONIC_V1_DERIVED,wsl2-ubuntu2404-x64-20261004,"[""--max-opt=0"",""--no-lazy""]",83b744a5953d2662ea723564d4035a333782a0cc85232d1025929a925150b133,cd82f87df8726d3925d311bc35b59c55c82f34d580c53045efc86fb1db040c6e,"[{""path"":""/mnt/c/Users/mzyx/Desktop/0921/js-interpreter-bench/experiments/three_engine_baseline/adapters/v8.js"",""sha256"":""0ab3ed677381191d7e7839cbbc3f07895104a8b8299679ab9f37b856d76d3a22""},{""path"":""/mnt/c/Users/mzyx/Desktop/0921/js-interpreter-bench/experiments/timer_recovery/adapters/v8.js"",""sha256"":""e610d3aa3d2672a5e6d5eccd9aaf05c6ae6758d1b9c4468289f017a231ab7d9f""}]",7354c1868ce2f8a6cc0d43c8be772c69eece3966b70d20df8f98270cddf07e2b,41943040,41943040,"{""mode"":""MAIN_MONOTONIC_V1_DERIVED"",""variant"":""richards_cached"",""N"":256,""checksum"":41943040,""correctness"":""PASS"",""warmup_calls"":0,""start_ms"":31.313,""stop_ms"":1745.952,""elapsed_ms"":1714.639}",1714.639,6.69780859375,[],True
0,"WB_RESULT:{""mode"":""MAIN_MONOTONIC_V1_DERIVED"",""variant"":""richards_cached"",""N"":256,""checksum"":41943040,""correctness"":""PASS"",""warmup_calls"":0,""start_ms"":0,""stop_ms"":1418.32,""elapsed_ms"":1418.32}
",,"[""/home/mzyx/jsc_build_fd3406f/JSCOnly/Release/bin/jsc"",""--useJIT=false"",""--useLLInt=true"",""--validateOptions=true"",""/mnt/c/Users/mzyx/Desktop/0921/js-interpreter-bench/experiments/three_engine_baseline/adapters/jsc.js"",""/mnt/c/Users/mzyx/Desktop/0921/js-interpreter-bench/experiments/timer_recovery/adapters/jsc.js"",""/mnt/c/Users/mzyx/Desktop/0921/js-interpreter-bench/experiments/whitebox_analysis/attempt01/microbench/generated/richards_cached.N256.js""]",/mnt/c/Users/mzyx/Desktop/0921/js-interpreter-bench,2026-10-05T09:11:47.233476+00:00,392458169079,393902543706,b3ee321e-69da-462d-8718-4589949b17d0,1444374627,formal,richards,richards_cached,jsc,256,30,2,"[""v8"",""jsc"",""quickjs""]",51,MAIN_MONOTONIC_V1_DERIVED,wsl2-ubuntu2404-x64-20261004,"[""--useJIT=false"",""--useLLInt=true"",""--validateOptions=true""]",65c824a055405bf62b05e21d54515a72a1f0187a4d91225d00a6da969d35879f,cd82f87df8726d3925d311bc35b59c55c82f34d580c53045efc86fb1db040c6e,"[{""path"":""/mnt/c/Users/mzyx/Desktop/0921/js-interpreter-bench/experiments/three_engine_baseline/adapters/jsc.js"",""sha256"":""f9ddbb9556352e283b9c9feebc8bdd0ef1abac5bcdf1ab7a5d83945fa3c9437b""},{""path"":""/mnt/c/Users/mzyx/Desktop/0921/js-interpreter-bench/experiments/timer_recovery/adapters/jsc.js"",""sha256"":""0c485996a598b7e36f2f292b66397adc0390cbe6b69b55199e47e1c6c1e37010""}]",7354c1868ce2f8a6cc0d43c8be772c69eece3966b70d20df8f98270cddf07e2b,41943040,41943040,"{""mode"":""MAIN_MONOTONIC_V1_DERIVED"",""variant"":""richards_cached"",""N"":256,""checksum"":41943040,""correctness"":""PASS"",""warmup_calls"":0,""start_ms"":0,""stop_ms"":1418.32,""elapsed_ms"":1418.32}",1418.32,5.5403125,[],True
0,"WB_RESULT:{""mode"":""MAIN_MONOTONIC_V1_DERIVED"",""variant"":""richards_cached"",""N"":256,""checksum"":41943040,""correctness"":""PASS"",""warmup_calls"":0,""start_ms"":394041.760515,""stop_ms"":396161.582698,""elapsed_ms"":2119.8221830000402}
",,"[""/home/mzyx/three_engine_20261004/quickjs-04be246001599f5995fa2f2d8c91a0f198d3f34c/qjs"",""-I"",""/mnt/c/Users/mzyx/Desktop/0921/js-interpreter-bench/experiments/three_engine_baseline/adapters/quickjs.js"",""-I"",""/mnt/c/Users/mzyx/Desktop/0921/js-interpreter-bench/experiments/timer_recovery/adapters/quickjs.js"",""/mnt/c/Users/mzyx/Desktop/0921/js-interpreter-bench/experiments/whitebox_analysis/attempt01/microbench/generated/richards_cached.N256.js""]",/mnt/c/Users/mzyx/Desktop/0921/js-interpreter-bench,2026-10-05T09:11:49.493300+00:00,394029537434,396162368361,b3ee321e-69da-462d-8718-4589949b17d0,2132830927,formal,richards,richards_cached,quickjs,256,30,3,"[""v8"",""jsc"",""quickjs""]",51,MAIN_MONOTONIC_V1_DERIVED,wsl2-ubuntu2404-x64-20261004,[],140d5233b0337d91cb0f994ae4a051e49aa04da8802acfaedf0a01b81a620b79,cd82f87df8726d3925d311bc35b59c55c82f34d580c53045efc86fb1db040c6e,"[{""path"":""/mnt/c/Users/mzyx/Desktop/0921/js-interpreter-bench/experiments/three_engine_baseline/adapters/quickjs.js"",""sha256"":""f20aa7b460675d08600a58945203034feb50b2a3515aba579219f648b1235c6c""},{""path"":""/mnt/c/Users/mzyx/Desktop/0921/js-interpreter-bench/experiments/timer_recovery/adapters/quickjs.js"",""sha256"":""cd393c275173f20526562a008951f65a332deffed85e7c804519788b8ebffab7""}]",7354c1868ce2f8a6cc0d43c8be772c69eece3966b70d20df8f98270cddf07e2b,41943040,41943040,"{""mode"":""MAIN_MONOTONIC_V1_DERIVED"",""variant"":""richards_cached"",""N"":256,""checksum"":41943040,""correctness"":""PASS"",""warmup_calls"":0,""start_ms"":394041.760515,""stop_ms"":396161.582698,""elapsed_ms"":2119.8221830000402}",2119.8221830000402,8.280555402343907,[],True
0,"WB_RESULT:{""mode"":""MAIN_MONOTONIC_V1_DERIVED"",""variant"":""richards_cached"",""N"":256,""checksum"":41943040,""correctness"":""PASS"",""warmup_calls"":0,""start_ms"":27.901,""stop_ms"":1750.103,""elapsed_ms"":1722.202}
",,"[""/home/mzyx/three_engine_20261004/v8-linux64-rel-15.6.21/d8"",""--snapshot_blob=/home/mzyx/three_engine_20261004/v8-linux64-rel-15.6.21/snapshot_blob.bin"",""--max-opt=0"",""--no-lazy"",""/mnt/c/Users/mzyx/Desktop/0921/js-interpreter-bench/experiments/three_engine_baseline/adapters/v8.js"",""/mnt/c/Users/mzyx/Desktop/0921/js-interpreter-bench/experiments/timer_recovery/adapters/v8.js"",""/mnt/c/Users/mzyx/Desktop/0921/js-interpreter-bench/experiments/whitebox_analysis/attempt01/microbench/generated/richards_cached.N256.js""]",/mnt/c/Users/mzyx/Desktop/0921/js-interpreter-bench,2026-10-05T09:11:45.667843+00:00,390577722561,392336910431,b3ee321e-69da-462d-8718-4589949b17d0,1759187870,formal,richards,richards_cached,v8,256,30,1,"[""v8"",""jsc"",""quickjs""]",51,MAIN_MONOTONIC_V1_DERIVED,wsl2-ubuntu2404-x64-20261004,"[""--max-opt=0"",""--no-lazy""]",83b744a5953d2662ea723564d4035a333782a0cc85232d1025929a925150b133,cd82f87df8726d3925d311bc35b59c55c82f34d580c53045efc86fb1db040c6e,"[{""path"":""/mnt/c/Users/mzyx/Desktop/0921/js-interpreter-bench/experiments/three_engine_baseline/adapters/v8.js"",""sha256"":""0ab3ed677381191d7e7839cbbc3f07895104a8b8299679ab9f37b856d76d3a22""},{""path"":""/mnt/c/Users/mzyx/Desktop/0921/js-interpreter-bench/experiments/timer_recovery/adapters/v8.js"",""sha256"":""e610d3aa3d2672a5e6d5eccd9aaf05c6ae6758d1b9c4468289f017a231ab7d9f""}]",7354c1868ce2f8a6cc0d43c8be772c69eece3966b70d20df8f98270cddf07e2b,41943040,41943040,"{""mode"":""MAIN_MONOTONIC_V1_DERIVED"",""variant"":""richards_cached"",""N"":256,""checksum"":41943040,""correctness"":""PASS"",""warmup_calls"":0,""start_ms"":27.901,""stop_ms"":1750.103,""elapsed_ms"":1722.202}",1722.202,6.7273515625,[],True
0,"WB_RESULT:{""mode"":""MAIN_MONOTONIC_V1_DERIVED"",""variant"":""richards_cached"",""N"":256,""checksum"":41943040,""correctness"":""PASS"",""warmup_calls"":0,""start_ms"":0,""stop_ms"":1408.68,""elapsed_ms"":1408.68}
",,"[""/home/mzyx/jsc_build_fd3406f/JSCOnly/Release/bin/jsc"",""--useJIT=false"",""--useLLInt=true"",""--validateOptions=true"",""/mnt/c/Users/mzyx/Desktop/0921/js-interpreter-bench/experiments/three_engine_baseline/adapters/jsc.js"",""/mnt/c/Users/mzyx/Desktop/0921/js-interpreter-bench/experiments/timer_recovery/adapters/jsc.js"",""/mnt/c/Users/mzyx/Desktop/0921/js-interpreter-bench/experiments/whitebox_analysis/attempt01/microbench/generated/richards_cached.N256.js""]",/mnt/c/Users/mzyx/Desktop/0921/js-interpreter-bench,2026-10-05T09:11:20.175523+00:00,363248223114,364680825030,b3ee321e-69da-462d-8718-4589949b17d0,1432601916,formal,richards,richards_cached,jsc,256,4,1,"[""jsc"",""quickjs"",""v8""]",46,MAIN_MONOTONIC_V1_DERIVED,wsl2-ubuntu2404-x64-20261004,"[""--useJIT=false"",""--useLLInt=true"",""--validateOptions=true""]",65c824a055405bf62b05e21d54515a72a1f0187a4d91225d00a6da969d35879f,cd82f87df8726d3925d311bc35b59c55c82f34d580c53045efc86fb1db040c6e,"[{""path"":""/mnt/c/Users/mzyx/Desktop/0921/js-interpreter-bench/experiments/three_engine_baseline/adapters/jsc.js"",""sha256"":""f9ddbb9556352e283b9c9feebc8bdd0ef1abac5bcdf1ab7a5d83945fa3c9437b""},{""path"":""/mnt/c/Users/mzyx/Desktop/0921/js-interpreter-bench/experiments/timer_recovery/adapters/jsc.js"",""sha256"":""0c485996a598b7e36f2f292b66397adc0390cbe6b69b55199e47e1c6c1e37010""}]",7354c1868ce2f8a6cc0d43c8be772c69eece3966b70d20df8f98270cddf07e2b,41943040,41943040,"{""mode"":""MAIN_MONOTONIC_V1_DERIVED"",""variant"":""richards_cached"",""N"":256,""checksum"":41943040,""correctness"":""PASS"",""warmup_calls"":0,""start_ms"":0,""stop_ms"":1408.68,""elapsed_ms"":1408.68}",1408.68,5.50265625,[],True
0,"WB_RESULT:{""mode"":""MAIN_MONOTONIC_V1_DERIVED"",""variant"":""richards_cached"",""N"":256,""checksum"":41943040,""correctness"":""PASS"",""warmup_calls"":0,""start_ms"":364829.637325,""stop_ms"":366967.569218,""elapsed_ms"":2137.9318929999718}
",,"[""/home/mzyx/three_engine_20261004/quickjs-04be246001599f5995fa2f2d8c91a0f198d3f34c/qjs"",""-I"",""/mnt/c/Users/mzyx/Desktop/0921/js-interpreter-bench/experiments/three_engine_baseline/adapters/quickjs.js"",""-I"",""/mnt/c/Users/mzyx/Desktop/0921/js-interpreter-bench/experiments/timer_recovery/adapters/quickjs.js"",""/mnt/c/Users/mzyx/Desktop/0921/js-interpreter-bench/experiments/whitebox_analysis/attempt01/microbench/generated/richards_cached.N256.js""]",/mnt/c/Users/mzyx/Desktop/0921/js-interpreter-bench,2026-10-05T09:11:22.463004+00:00,364816803736,366968315655,b3ee321e-69da-462d-8718-4589949b17d0,2151511919,formal,richards,richards_cached,quickjs,256,4,2,"[""jsc"",""quickjs"",""v8""]",46,MAIN_MONOTONIC_V1_DERIVED,wsl2-ubuntu2404-x64-20261004,[],140d5233b0337d91cb0f994ae4a051e49aa04da8802acfaedf0a01b81a620b79,cd82f87df8726d3925d311bc35b59c55c82f34d580c53045efc86fb1db040c6e,"[{""path"":""/mnt/c/Users/mzyx/Desktop/0921/js-interpreter-bench/experiments/three_engine_baseline/adapters/quickjs.js"",""sha256"":""f20aa7b460675d08600a58945203034feb50b2a3515aba579219f648b1235c6c""},{""path"":""/mnt/c/Users/mzyx/Desktop/0921/js-interpreter-bench/experiments/timer_recovery/adapters/quickjs.js"",""sha256"":""cd393c275173f20526562a008951f65a332deffed85e7c804519788b8ebffab7""}]",7354c1868ce2f8a6cc0d43c8be772c69eece3966b70d20df8f98270cddf07e2b,41943040,41943040,"{""mode"":""MAIN_MONOTONIC_V1_DERIVED"",""variant"":""richards_cached"",""N"":256,""checksum"":41943040,""correctness"":""PASS"",""warmup_calls"":0,""start_ms"":364829.637325,""stop_ms"":366967.569218,""elapsed_ms"":2137.9318929999718}",2137.9318929999718,8.35129645703114,[],True
0,"WB_RESULT:{""mode"":""MAIN_MONOTONIC_V1_DERIVED"",""variant"":""richards_cached"",""N"":256,""checksum"":41943040,""correctness"":""PASS"",""warmup_calls"":0,""start_ms"":33.665,""stop_ms"":1666.642,""elapsed_ms"":1632.977}
",,"[""/home/mzyx/three_engine_20261004/v8-linux64-rel-15.6.21/d8"",""--snapshot_blob=/home/mzyx/three_engine_20261004/v8-linux64-rel-15.6.21/snapshot_blob.bin"",""--max-opt=0"",""--no-lazy"",""/mnt/c/Users/mzyx/Desktop/0921/js-interpreter-bench/experiments/three_engine_baseline/adapters/v8.js"",""/mnt/c/Users/mzyx/Desktop/0921/js-interpreter-bench/experiments/timer_recovery/adapters/v8.js"",""/mnt/c/Users/mzyx/Desktop/0921/js-interpreter-bench/experiments/whitebox_analysis/attempt01/microbench/generated/richards_cached.N256.js""]",/mnt/c/Users/mzyx/Desktop/0921/js-interpreter-bench,2026-10-05T09:11:24.270533+00:00,367100381088,368775834504,b3ee321e-69da-462d-8718-4589949b17d0,1675453416,formal,richards,richards_cached,v8,256,4,3,"[""jsc"",""quickjs"",""v8""]",46,MAIN_MONOTONIC_V1_DERIVED,wsl2-ubuntu2404-x64-20261004,"[""--max-opt=0"",""--no-lazy""]",83b744a5953d2662ea723564d4035a333782a0cc85232d1025929a925150b133,cd82f87df8726d3925d311bc35b59c55c82f34d580c53045efc86fb1db040c6e,"[{""path"":""/mnt/c/Users/mzyx/Desktop/0921/js-interpreter-bench/experiments/three_engine_baseline/adapters/v8.js"",""sha256"":""0ab3ed677381191d7e7839cbbc3f07895104a8b8299679ab9f37b856d76d3a22""},{""path"":""/mnt/c/Users/mzyx/Desktop/0921/js-interpreter-bench/experiments/timer_recovery/adapters/v8.js"",""sha256"":""e610d3aa3d2672a5e6d5eccd9aaf05c6ae6758d1b9c4468289f017a231ab7d9f""}]",7354c1868ce2f8a6cc0d43c8be772c69eece3966b70d20df8f98270cddf07e2b,41943040,41943040,"{""mode"":""MAIN_MONOTONIC_V1_DERIVED"",""variant"":""richards_cached"",""N"":256,""checksum"":41943040,""correctness"":""PASS"",""warmup_calls"":0,""start_ms"":33.665,""stop_ms"":1666.642,""elapsed_ms"":1632.977}",1632.977,6.37881640625,[],True
0,"WB_RESULT:{""mode"":""MAIN_MONOTONIC_V1_DERIVED"",""variant"":""richards_cached"",""N"":256,""checksum"":41943040,""correctness"":""PASS"",""warmup_calls"":0,""start_ms"":0,""stop_ms"":1405.06,""elapsed_ms"":1405.06}
",,"[""/home/mzyx/jsc_build_fd3406f/JSCOnly/Release/bin/jsc"",""--useJIT=false"",""--useLLInt=true"",""--validateOptions=true"",""/mnt/c/Users/mzyx/Desktop/0921/js-interpreter-bench/experiments/three_engine_baseline/adapters/jsc.js"",""/mnt/c/Users/mzyx/Desktop/0921/js-interpreter-bench/experiments/timer_recovery/adapters/jsc.js"",""/mnt/c/Users/mzyx/Desktop/0921/js-interpreter-bench/experiments/whitebox_analysis/attempt01/microbench/generated/richards_cached.N256.js""]",/mnt/c/Users/mzyx/Desktop/0921/js-interpreter-bench,2026-10-05T09:15:13.354678+00:00,614136752781,615572382918,b3ee321e-69da-462d-8718-4589949b17d0,1435630137,formal,richards,richards_cached,jsc,256,5,3,"[""v8"",""quickjs"",""jsc""]",91,MAIN_MONOTONIC_V1_DERIVED,wsl2-ubuntu2404-x64-20261004,"[""--useJIT=false"",""--useLLInt=true"",""--validateOptions=true""]",65c824a055405bf62b05e21d54515a72a1f0187a4d91225d00a6da969d35879f,cd82f87df8726d3925d311bc35b59c55c82f34d580c53045efc86fb1db040c6e,"[{""path"":""/mnt/c/Users/mzyx/Desktop/0921/js-interpreter-bench/experiments/three_engine_baseline/adapters/jsc.js"",""sha256"":""f9ddbb9556352e283b9c9feebc8bdd0ef1abac5bcdf1ab7a5d83945fa3c9437b""},{""path"":""/mnt/c/Users/mzyx/Desktop/0921/js-interpreter-bench/experiments/timer_recovery/adapters/jsc.js"",""sha256"":""0c485996a598b7e36f2f292b66397adc0390cbe6b69b55199e47e1c6c1e37010""}]",7354c1868ce2f8a6cc0d43c8be772c69eece3966b70d20df8f98270cddf07e2b,41943040,41943040,"{""mode"":""MAIN_MONOTONIC_V1_DERIVED"",""variant"":""richards_cached"",""N"":256,""checksum"":41943040,""correctness"":""PASS"",""warmup_calls"":0,""start_ms"":0,""stop_ms"":1405.06,""elapsed_ms"":1405.06}",1405.06,5.488515625,[],True
0,"WB_RESULT:{""mode"":""MAIN_MONOTONIC_V1_DERIVED"",""variant"":""richards_cached"",""N"":256,""checksum"":41943040,""correctness"":""PASS"",""warmup_calls"":0,""start_ms"":612020.708637,""stop_ms"":614004.054397,""elapsed_ms"":1983.3457600000547}
",,"[""/home/mzyx/three_engine_20261004/quickjs-04be246001599f5995fa2f2d8c91a0f198d3f34c/qjs"",""-I"",""/mnt/c/Users/mzyx/Desktop/0921/js-interpreter-bench/experiments/three_engine_baseline/adapters/quickjs.js"",""-I"",""/mnt/c/Users/mzyx/Desktop/0921/js-interpreter-bench/experiments/timer_recovery/adapters/quickjs.js"",""/mnt/c/Users/mzyx/Desktop/0921/js-interpreter-bench/experiments/whitebox_analysis/attempt01/microbench/generated/richards_cached.N256.js""]",/mnt/c/Users/mzyx/Desktop/0921/js-interpreter-bench,2026-10-05T09:15:11.787640+00:00,612010226078,614005410843,b3ee321e-69da-462d-8718-4589949b17d0,1995184765,formal,richards,richards_cached,quickjs,256,5,2,"[""v8"",""quickjs"",""jsc""]",91,MAIN_MONOTONIC_V1_DERIVED,wsl2-ubuntu2404-x64-20261004,[],140d5233b0337d91cb0f994ae4a051e49aa04da8802acfaedf0a01b81a620b79,cd82f87df8726d3925d311bc35b59c55c82f34d580c53045efc86fb1db040c6e,"[{""path"":""/mnt/c/Users/mzyx/Desktop/0921/js-interpreter-bench/experiments/three_engine_baseline/adapters/quickjs.js"",""sha256"":""f20aa7b460675d08600a58945203034feb50b2a3515aba579219f648b1235c6c""},{""path"":""/mnt/c/Users/mzyx/Desktop/0921/js-interpreter-bench/experiments/timer_recovery/adapters/quickjs.js"",""sha256"":""cd393c275173f20526562a008951f65a332deffed85e7c804519788b8ebffab7""}]",7354c1868ce2f8a6cc0d43c8be772c69eece3966b70d20df8f98270cddf07e2b,41943040,41943040,"{""mode"":""MAIN_MONOTONIC_V1_DERIVED"",""variant"":""richards_cached"",""N"":256,""checksum"":41943040,""correctness"":""PASS"",""warmup_calls"":0,""start_ms"":612020.708637,""stop_ms"":614004.054397,""elapsed_ms"":1983.3457600000547}",1983.3457600000547,7.747444375000214,[],True
0,"WB_RESULT:{""mode"":""MAIN_MONOTONIC_V1_DERIVED"",""variant"":""richards_cached"",""N"":256,""checksum"":41943040,""correctness"":""PASS"",""warmup_calls"":0,""start_ms"":28.553,""stop_ms"":1698.963,""elapsed_ms"":1670.4099999999999}
",,"[""/home/mzyx/three_engine_20261004/v8-linux64-rel-15.6.21/d8"",""--snapshot_blob=/home/mzyx/three_engine_20261004/v8-linux64-rel-15.6.21/snapshot_blob.bin"",""--max-opt=0"",""--no-lazy"",""/mnt/c/Users/mzyx/Desktop/0921/js-interpreter-bench/experiments/three_engine_baseline/adapters/v8.js"",""/mnt/c/Users/mzyx/Desktop/0921/js-interpreter-bench/experiments/timer_recovery/adapters/v8.js"",""/mnt/c/Users/mzyx/Desktop/0921/js-interpreter-bench/experiments/whitebox_analysis/attempt01/microbench/generated/richards_cached.N256.js""]",/mnt/c/Users/mzyx/Desktop/0921/js-interpreter-bench,2026-10-05T09:15:09.674705+00:00,610185773115,611892410593,b3ee321e-69da-462d-8718-4589949b17d0,1706637478,formal,richards,richards_cached,v8,256,5,1,"[""v8"",""quickjs"",""jsc""]",91,MAIN_MONOTONIC_V1_DERIVED,wsl2-ubuntu2404-x64-20261004,"[""--max-opt=0"",""--no-lazy""]",83b744a5953d2662ea723564d4035a333782a0cc85232d1025929a925150b133,cd82f87df8726d3925d311bc35b59c55c82f34d580c53045efc86fb1db040c6e,"[{""path"":""/mnt/c/Users/mzyx/Desktop/0921/js-interpreter-bench/experiments/three_engine_baseline/adapters/v8.js"",""sha256"":""0ab3ed677381191d7e7839cbbc3f07895104a8b8299679ab9f37b856d76d3a22""},{""path"":""/mnt/c/Users/mzyx/Desktop/0921/js-interpreter-bench/experiments/timer_recovery/adapters/v8.js"",""sha256"":""e610d3aa3d2672a5e6d5eccd9aaf05c6ae6758d1b9c4468289f017a231ab7d9f""}]",7354c1868ce2f8a6cc0d43c8be772c69eece3966b70d20df8f98270cddf07e2b,41943040,41943040,"{""mode"":""MAIN_MONOTONIC_V1_DERIVED"",""variant"":""richards_cached"",""N"":256,""checksum"":41943040,""correctness"":""PASS"",""warmup_calls"":0,""start_ms"":28.553,""stop_ms"":1698.963,""elapsed_ms"":1670.4099999999999}",1670.4099999999999,6.525039062499999,[],True
0,"WB_RESULT:{""mode"":""MAIN_MONOTONIC_V1_DERIVED"",""variant"":""richards_cached"",""N"":256,""checksum"":41943040,""correctness"":""PASS"",""warmup_calls"":0,""start_ms"":0,""stop_ms"":1422.98,""elapsed_ms"":1422.98}
",,"[""/home/mzyx/jsc_build_fd3406f/JSCOnly/Release/bin/jsc"",""--useJIT=false"",""--useLLInt=true"",""--validateOptions=true"",""/mnt/c/Users/mzyx/Desktop/0921/js-interpreter-bench/experiments/three_engine_baseline/adapters/jsc.js"",""/mnt/c/Users/mzyx/Desktop/0921/js-interpreter-bench/experiments/timer_recovery/adapters/jsc.js"",""/mnt/c/Users/mzyx/Desktop/0921/js-interpreter-bench/experiments/whitebox_analysis/attempt01/microbench/generated/richards_cached.N256.js""]",/mnt/c/Users/mzyx/Desktop/0921/js-interpreter-bench,2026-10-05T09:10:49.571175+00:00,330701630473,332154815203,b3ee321e-69da-462d-8718-4589949b17d0,1453184730,formal,richards,richards_cached,jsc,256,6,1,"[""jsc"",""v8"",""quickjs""]",40,MAIN_MONOTONIC_V1_DERIVED,wsl2-ubuntu2404-x64-20261004,"[""--useJIT=false"",""--useLLInt=true"",""--validateOptions=true""]",65c824a055405bf62b05e21d54515a72a1f0187a4d91225d00a6da969d35879f,cd82f87df8726d3925d311bc35b59c55c82f34d580c53045efc86fb1db040c6e,"[{""path"":""/mnt/c/Users/mzyx/Desktop/0921/js-interpreter-bench/experiments/three_engine_baseline/adapters/jsc.js"",""sha256"":""f9ddbb9556352e283b9c9feebc8bdd0ef1abac5bcdf1ab7a5d83945fa3c9437b""},{""path"":""/mnt/c/Users/mzyx/Desktop/0921/js-interpreter-bench/experiments/timer_recovery/adapters/jsc.js"",""sha256"":""0c485996a598b7e36f2f292b66397adc0390cbe6b69b55199e47e1c6c1e37010""}]",7354c1868ce2f8a6cc0d43c8be772c69eece3966b70d20df8f98270cddf07e2b,41943040,41943040,"{""mode"":""MAIN_MONOTONIC_V1_DERIVED"",""variant"":""richards_cached"",""N"":256,""checksum"":41943040,""correctness"":""PASS"",""warmup_calls"":0,""start_ms"":0,""stop_ms"":1422.98,""elapsed_ms"":1422.98}",1422.98,5.558515625,[],True
0,"WB_RESULT:{""mode"":""MAIN_MONOTONIC_V1_DERIVED"",""variant"":""richards_cached"",""N"":256,""checksum"":41943040,""correctness"":""PASS"",""warmup_calls"":0,""start_ms"":334072.689771,""stop_ms"":336035.395285,""elapsed_ms"":1962.705513999972}
",,"[""/home/mzyx/three_engine_20261004/quickjs-04be246001599f5995fa2f2d8c91a0f198d3f34c/qjs"",""-I"",""/mnt/c/Users/mzyx/Desktop/0921/js-interpreter-bench/experiments/three_engine_baseline/adapters/quickjs.js"",""-I"",""/mnt/c/Users/mzyx/Desktop/0921/js-interpreter-bench/experiments/timer_recovery/adapters/quickjs.js"",""/mnt/c/Users/mzyx/Desktop/0921/js-interpreter-bench/experiments/whitebox_analysis/attempt01/microbench/generated/richards_cached.N256.js""]",/mnt/c/Users/mzyx/Desktop/0921/js-interpreter-bench,2026-10-05T09:10:53.452569+00:00,334061956345,336036208724,b3ee321e-69da-462d-8718-4589949b17d0,1974252379,formal,richards,richards_cached,quickjs,256,6,3,"[""jsc"",""v8"",""quickjs""]",40,MAIN_MONOTONIC_V1_DERIVED,wsl2-ubuntu2404-x64-20261004,[],140d5233b0337d91cb0f994ae4a051e49aa04da8802acfaedf0a01b81a620b79,cd82f87df8726d3925d311bc35b59c55c82f34d580c53045efc86fb1db040c6e,"[{""path"":""/mnt/c/Users/mzyx/Desktop/0921/js-interpreter-bench/experiments/three_engine_baseline/adapters/quickjs.js"",""sha256"":""f20aa7b460675d08600a58945203034feb50b2a3515aba579219f648b1235c6c""},{""path"":""/mnt/c/Users/mzyx/Desktop/0921/js-interpreter-bench/experiments/timer_recovery/adapters/quickjs.js"",""sha256"":""cd393c275173f20526562a008951f65a332deffed85e7c804519788b8ebffab7""}]",7354c1868ce2f8a6cc0d43c8be772c69eece3966b70d20df8f98270cddf07e2b,41943040,41943040,"{""mode"":""MAIN_MONOTONIC_V1_DERIVED"",""variant"":""richards_cached"",""N"":256,""checksum"":41943040,""correctness"":""PASS"",""warmup_calls"":0,""start_ms"":334072.689771,""stop_ms"":336035.395285,""elapsed_ms"":1962.705513999972}",1962.705513999972,7.666818414062391,[],True
0,"WB_RESULT:{""mode"":""MAIN_MONOTONIC_V1_DERIVED"",""variant"":""richards_cached"",""N"":256,""checksum"":41943040,""correctness"":""PASS"",""warmup_calls"":0,""start_ms"":27.627,""stop_ms"":1659.039,""elapsed_ms"":1631.412}
",,"[""/home/mzyx/three_engine_20261004/v8-linux64-rel-15.6.21/d8"",""--snapshot_blob=/home/mzyx/three_engine_20261004/v8-linux64-rel-15.6.21/snapshot_blob.bin"",""--max-opt=0"",""--no-lazy"",""/mnt/c/Users/mzyx/Desktop/0921/js-interpreter-bench/experiments/three_engine_baseline/adapters/v8.js"",""/mnt/c/Users/mzyx/Desktop/0921/js-interpreter-bench/experiments/timer_recovery/adapters/v8.js"",""/mnt/c/Users/mzyx/Desktop/0921/js-interpreter-bench/experiments/whitebox_analysis/attempt01/microbench/generated/richards_cached.N256.js""]",/mnt/c/Users/mzyx/Desktop/0921/js-interpreter-bench,2026-10-05T09:10:51.366987+00:00,332282690387,333950626890,b3ee321e-69da-462d-8718-4589949b17d0,1667936503,formal,richards,richards_cached,v8,256,6,2,"[""jsc"",""v8"",""quickjs""]",40,MAIN_MONOTONIC_V1_DERIVED,wsl2-ubuntu2404-x64-20261004,"[""--max-opt=0"",""--no-lazy""]",83b744a5953d2662ea723564d4035a333782a0cc85232d1025929a925150b133,cd82f87df8726d3925d311bc35b59c55c82f34d580c53045efc86fb1db040c6e,"[{""path"":""/mnt/c/Users/mzyx/Desktop/0921/js-interpreter-bench/experiments/three_engine_baseline/adapters/v8.js"",""sha256"":""0ab3ed677381191d7e7839cbbc3f07895104a8b8299679ab9f37b856d76d3a22""},{""path"":""/mnt/c/Users/mzyx/Desktop/0921/js-interpreter-bench/experiments/timer_recovery/adapters/v8.js"",""sha256"":""e610d3aa3d2672a5e6d5eccd9aaf05c6ae6758d1b9c4468289f017a231ab7d9f""}]",7354c1868ce2f8a6cc0d43c8be772c69eece3966b70d20df8f98270cddf07e2b,41943040,41943040,"{""mode"":""MAIN_MONOTONIC_V1_DERIVED"",""variant"":""richards_cached"",""N"":256,""checksum"":41943040,""correctness"":""PASS"",""warmup_calls"":0,""start_ms"":27.627,""stop_ms"":1659.039,""elapsed_ms"":1631.412}",1631.412,6.372703125,[],True
0,"WB_RESULT:{""mode"":""MAIN_MONOTONIC_V1_DERIVED"",""variant"":""richards_cached"",""N"":256,""checksum"":41943040,""correctness"":""PASS"",""warmup_calls"":0,""start_ms"":0,""stop_ms"":1442.32,""elapsed_ms"":1442.32}
",,"[""/home/mzyx/jsc_build_fd3406f/JSCOnly/Release/bin/jsc"",""--useJIT=false"",""--useLLInt=true"",""--validateOptions=true"",""/mnt/c/Users/mzyx/Desktop/0921/js-interpreter-bench/experiments/three_engine_baseline/adapters/jsc.js"",""/mnt/c/Users/mzyx/Desktop/0921/js-interpreter-bench/experiments/timer_recovery/adapters/jsc.js"",""/mnt/c/Users/mzyx/Desktop/0921/js-interpreter-bench/experiments/whitebox_analysis/attempt01/microbench/generated/richards_cached.N256.js""]",/mnt/c/Users/mzyx/Desktop/0921/js-interpreter-bench,2026-10-05T09:09:58.932660+00:00,275493271215,276964919101,b3ee321e-69da-462d-8718-4589949b17d0,1471647886,formal,richards,richards_cached,jsc,256,7,2,"[""v8"",""jsc"",""quickjs""]",29,MAIN_MONOTONIC_V1_DERIVED,wsl2-ubuntu2404-x64-20261004,"[""--useJIT=false"",""--useLLInt=true"",""--validateOptions=true""]",65c824a055405bf62b05e21d54515a72a1f0187a4d91225d00a6da969d35879f,cd82f87df8726d3925d311bc35b59c55c82f34d580c53045efc86fb1db040c6e,"[{""path"":""/mnt/c/Users/mzyx/Desktop/0921/js-interpreter-bench/experiments/three_engine_baseline/adapters/jsc.js"",""sha256"":""f9ddbb9556352e283b9c9feebc8bdd0ef1abac5bcdf1ab7a5d83945fa3c9437b""},{""path"":""/mnt/c/Users/mzyx/Desktop/0921/js-interpreter-bench/experiments/timer_recovery/adapters/jsc.js"",""sha256"":""0c485996a598b7e36f2f292b66397adc0390cbe6b69b55199e47e1c6c1e37010""}]",7354c1868ce2f8a6cc0d43c8be772c69eece3966b70d20df8f98270cddf07e2b,41943040,41943040,"{""mode"":""MAIN_MONOTONIC_V1_DERIVED"",""variant"":""richards_cached"",""N"":256,""checksum"":41943040,""correctness"":""PASS"",""warmup_calls"":0,""start_ms"":0,""stop_ms"":1442.32,""elapsed_ms"":1442.32}",1442.32,5.6340625,[],True
0,"WB_RESULT:{""mode"":""MAIN_MONOTONIC_V1_DERIVED"",""variant"":""richards_cached"",""N"":256,""checksum"":41943040,""correctness"":""PASS"",""warmup_calls"":0,""start_ms"":277120.880784,""stop_ms"":279065.921783,""elapsed_ms"":1945.040999000019}
",,"[""/home/mzyx/three_engine_20261004/quickjs-04be246001599f5995fa2f2d8c91a0f198d3f34c/qjs"",""-I"",""/mnt/c/Users/mzyx/Desktop/0921/js-interpreter-bench/experiments/three_engine_baseline/adapters/quickjs.js"",""-I"",""/mnt/c/Users/mzyx/Desktop/0921/js-interpreter-bench/experiments/timer_recovery/adapters/quickjs.js"",""/mnt/c/Users/mzyx/Desktop/0921/js-interpreter-bench/experiments/whitebox_analysis/attempt01/microbench/generated/richards_cached.N256.js""]",/mnt/c/Users/mzyx/Desktop/0921/js-interpreter-bench,2026-10-05T09:10:01.035039+00:00,277106670648,279067335639,b3ee321e-69da-462d-8718-4589949b17d0,1960664991,formal,richards,richards_cached,quickjs,256,7,3,"[""v8"",""jsc"",""quickjs""]",29,MAIN_MONOTONIC_V1_DERIVED,wsl2-ubuntu2404-x64-20261004,[],140d5233b0337d91cb0f994ae4a051e49aa04da8802acfaedf0a01b81a620b79,cd82f87df8726d3925d311bc35b59c55c82f34d580c53045efc86fb1db040c6e,"[{""path"":""/mnt/c/Users/mzyx/Desktop/0921/js-interpreter-bench/experiments/three_engine_baseline/adapters/quickjs.js"",""sha256"":""f20aa7b460675d08600a58945203034feb50b2a3515aba579219f648b1235c6c""},{""path"":""/mnt/c/Users/mzyx/Desktop/0921/js-interpreter-bench/experiments/timer_recovery/adapters/quickjs.js"",""sha256"":""cd393c275173f20526562a008951f65a332deffed85e7c804519788b8ebffab7""}]",7354c1868ce2f8a6cc0d43c8be772c69eece3966b70d20df8f98270cddf07e2b,41943040,41943040,"{""mode"":""MAIN_MONOTONIC_V1_DERIVED"",""variant"":""richards_cached"",""N"":256,""checksum"":41943040,""correctness"":""PASS"",""warmup_calls"":0,""start_ms"":277120.880784,""stop_ms"":279065.921783,""elapsed_ms"":1945.040999000019}",1945.040999000019,7.597816402343824,[],True
0,"WB_RESULT:{""mode"":""MAIN_MONOTONIC_V1_DERIVED"",""variant"":""richards_cached"",""N"":256,""checksum"":41943040,""correctness"":""PASS"",""warmup_calls"":0,""start_ms"":30.959,""stop_ms"":1706.414,""elapsed_ms"":1675.455}
",,"[""/home/mzyx/three_engine_20261004/v8-linux64-rel-15.6.21/d8"",""--snapshot_blob=/home/mzyx/three_engine_20261004/v8-linux64-rel-15.6.21/snapshot_blob.bin"",""--max-opt=0"",""--no-lazy"",""/mnt/c/Users/mzyx/Desktop/0921/js-interpreter-bench/experiments/three_engine_baseline/adapters/v8.js"",""/mnt/c/Users/mzyx/Desktop/0921/js-interpreter-bench/experiments/timer_recovery/adapters/v8.js"",""/mnt/c/Users/mzyx/Desktop/0921/js-interpreter-bench/experiments/whitebox_analysis/attempt01/microbench/generated/richards_cached.N256.js""]",/mnt/c/Users/mzyx/Desktop/0921/js-interpreter-bench,2026-10-05T09:09:57.325219+00:00,273642655042,275357343603,b3ee321e-69da-462d-8718-4589949b17d0,1714688561,formal,richards,richards_cached,v8,256,7,1,"[""v8"",""jsc"",""quickjs""]",29,MAIN_MONOTONIC_V1_DERIVED,wsl2-ubuntu2404-x64-20261004,"[""--max-opt=0"",""--no-lazy""]",83b744a5953d2662ea723564d4035a333782a0cc85232d1025929a925150b133,cd82f87df8726d3925d311bc35b59c55c82f34d580c53045efc86fb1db040c6e,"[{""path"":""/mnt/c/Users/mzyx/Desktop/0921/js-interpreter-bench/experiments/three_engine_baseline/adapters/v8.js"",""sha256"":""0ab3ed677381191d7e7839cbbc3f07895104a8b8299679ab9f37b856d76d3a22""},{""path"":""/mnt/c/Users/mzyx/Desktop/0921/js-interpreter-bench/experiments/timer_recovery/adapters/v8.js"",""sha256"":""e610d3aa3d2672a5e6d5eccd9aaf05c6ae6758d1b9c4468289f017a231ab7d9f""}]",7354c1868ce2f8a6cc0d43c8be772c69eece3966b70d20df8f98270cddf07e2b,41943040,41943040,"{""mode"":""MAIN_MONOTONIC_V1_DERIVED"",""variant"":""richards_cached"",""N"":256,""checksum"":41943040,""correctness"":""PASS"",""warmup_calls"":0,""start_ms"":30.959,""stop_ms"":1706.414,""elapsed_ms"":1675.455}",1675.455,6.54474609375,[],True
0,"WB_RESULT:{""mode"":""MAIN_MONOTONIC_V1_DERIVED"",""variant"":""richards_cached"",""N"":256,""checksum"":41943040,""correctness"":""PASS"",""warmup_calls"":0,""start_ms"":0,""stop_ms"":1346.3,""elapsed_ms"":1346.3}
",,"[""/home/mzyx/jsc_build_fd3406f/JSCOnly/Release/bin/jsc"",""--useJIT=false"",""--useLLInt=true"",""--validateOptions=true"",""/mnt/c/Users/mzyx/Desktop/0921/js-interpreter-bench/experiments/three_engine_baseline/adapters/jsc.js"",""/mnt/c/Users/mzyx/Desktop/0921/js-interpreter-bench/experiments/timer_recovery/adapters/jsc.js"",""/mnt/c/Users/mzyx/Desktop/0921/js-interpreter-bench/experiments/whitebox_analysis/attempt01/microbench/generated/richards_cached.N256.js""]",/mnt/c/Users/mzyx/Desktop/0921/js-interpreter-bench,2026-10-05T09:08:43.961106+00:00,196184379032,197561988125,b3ee321e-69da-462d-8718-4589949b17d0,1377609093,formal,richards,richards_cached,jsc,256,8,3,"[""v8"",""quickjs"",""jsc""]",14,MAIN_MONOTONIC_V1_DERIVED,wsl2-ubuntu2404-x64-20261004,"[""--useJIT=false"",""--useLLInt=true"",""--validateOptions=true""]",65c824a055405bf62b05e21d54515a72a1f0187a4d91225d00a6da969d35879f,cd82f87df8726d3925d311bc35b59c55c82f34d580c53045efc86fb1db040c6e,"[{""path"":""/mnt/c/Users/mzyx/Desktop/0921/js-interpreter-bench/experiments/three_engine_baseline/adapters/jsc.js"",""sha256"":""f9ddbb9556352e283b9c9feebc8bdd0ef1abac5bcdf1ab7a5d83945fa3c9437b""},{""path"":""/mnt/c/Users/mzyx/Desktop/0921/js-interpreter-bench/experiments/timer_recovery/adapters/jsc.js"",""sha256"":""0c485996a598b7e36f2f292b66397adc0390cbe6b69b55199e47e1c6c1e37010""}]",7354c1868ce2f8a6cc0d43c8be772c69eece3966b70d20df8f98270cddf07e2b,41943040,41943040,"{""mode"":""MAIN_MONOTONIC_V1_DERIVED"",""variant"":""richards_cached"",""N"":256,""checksum"":41943040,""correctness"":""PASS"",""warmup_calls"":0,""start_ms"":0,""stop_ms"":1346.3,""elapsed_ms"":1346.3}",1346.3,5.258984375,[],True
0,"WB_RESULT:{""mode"":""MAIN_MONOTONIC_V1_DERIVED"",""variant"":""richards_cached"",""N"":256,""checksum"":41943040,""correctness"":""PASS"",""warmup_calls"":0,""start_ms"":194134.973791,""stop_ms"":196065.449107,""elapsed_ms"":1930.4753159999964}
",,"[""/home/mzyx/three_engine_20261004/quickjs-04be246001599f5995fa2f2d8c91a0f198d3f34c/qjs"",""-I"",""/mnt/c/Users/mzyx/Desktop/0921/js-interpreter-bench/experiments/three_engine_baseline/adapters/quickjs.js"",""-I"",""/mnt/c/Users/mzyx/Desktop/0921/js-interpreter-bench/experiments/timer_recovery/adapters/quickjs.js"",""/mnt/c/Users/mzyx/Desktop/0921/js-interpreter-bench/experiments/whitebox_analysis/attempt01/microbench/generated/richards_cached.N256.js""]",/mnt/c/Users/mzyx/Desktop/0921/js-interpreter-bench,2026-10-05T09:08:42.465417+00:00,194122835935,196066299962,b3ee321e-69da-462d-8718-4589949b17d0,1943464027,formal,richards,richards_cached,quickjs,256,8,2,"[""v8"",""quickjs"",""jsc""]",14,MAIN_MONOTONIC_V1_DERIVED,wsl2-ubuntu2404-x64-20261004,[],140d5233b0337d91cb0f994ae4a051e49aa04da8802acfaedf0a01b81a620b79,cd82f87df8726d3925d311bc35b59c55c82f34d580c53045efc86fb1db040c6e,"[{""path"":""/mnt/c/Users/mzyx/Desktop/0921/js-interpreter-bench/experiments/three_engine_baseline/adapters/quickjs.js"",""sha256"":""f20aa7b460675d08600a58945203034feb50b2a3515aba579219f648b1235c6c""},{""path"":""/mnt/c/Users/mzyx/Desktop/0921/js-interpreter-bench/experiments/timer_recovery/adapters/quickjs.js"",""sha256"":""cd393c275173f20526562a008951f65a332deffed85e7c804519788b8ebffab7""}]",7354c1868ce2f8a6cc0d43c8be772c69eece3966b70d20df8f98270cddf07e2b,41943040,41943040,"{""mode"":""MAIN_MONOTONIC_V1_DERIVED"",""variant"":""richards_cached"",""N"":256,""checksum"":41943040,""correctness"":""PASS"",""warmup_calls"":0,""start_ms"":194134.973791,""stop_ms"":196065.449107,""elapsed_ms"":1930.4753159999964}",1930.4753159999964,7.540919203124986,[],True
0,"WB_RESULT:{""mode"":""MAIN_MONOTONIC_V1_DERIVED"",""variant"":""richards_cached"",""N"":256,""checksum"":41943040,""correctness"":""PASS"",""warmup_calls"":0,""start_ms"":27.767,""stop_ms"":1682.221,""elapsed_ms"":1654.454}
",,"[""/home/mzyx/three_engine_20261004/v8-linux64-rel-15.6.21/d8"",""--snapshot_blob=/home/mzyx/three_engine_20261004/v8-linux64-rel-15.6.21/snapshot_blob.bin"",""--max-opt=0"",""--no-lazy"",""/mnt/c/Users/mzyx/Desktop/0921/js-interpreter-bench/experiments/three_engine_baseline/adapters/v8.js"",""/mnt/c/Users/mzyx/Desktop/0921/js-interpreter-bench/experiments/timer_recovery/adapters/v8.js"",""/mnt/c/Users/mzyx/Desktop/0921/js-interpreter-bench/experiments/whitebox_analysis/attempt01/microbench/generated/richards_cached.N256.js""]",/mnt/c/Users/mzyx/Desktop/0921/js-interpreter-bench,2026-10-05T09:08:40.395347+00:00,192305402341,193996228138,b3ee321e-69da-462d-8718-4589949b17d0,1690825797,formal,richards,richards_cached,v8,256,8,1,"[""v8"",""quickjs"",""jsc""]",14,MAIN_MONOTONIC_V1_DERIVED,wsl2-ubuntu2404-x64-20261004,"[""--max-opt=0"",""--no-lazy""]",83b744a5953d2662ea723564d4035a333782a0cc85232d1025929a925150b133,cd82f87df8726d3925d311bc35b59c55c82f34d580c53045efc86fb1db040c6e,"[{""path"":""/mnt/c/Users/mzyx/Desktop/0921/js-interpreter-bench/experiments/three_engine_baseline/adapters/v8.js"",""sha256"":""0ab3ed677381191d7e7839cbbc3f07895104a8b8299679ab9f37b856d76d3a22""},{""path"":""/mnt/c/Users/mzyx/Desktop/0921/js-interpreter-bench/experiments/timer_recovery/adapters/v8.js"",""sha256"":""e610d3aa3d2672a5e6d5eccd9aaf05c6ae6758d1b9c4468289f017a231ab7d9f""}]",7354c1868ce2f8a6cc0d43c8be772c69eece3966b70d20df8f98270cddf07e2b,41943040,41943040,"{""mode"":""MAIN_MONOTONIC_V1_DERIVED"",""variant"":""richards_cached"",""N"":256,""checksum"":41943040,""correctness"":""PASS"",""warmup_calls"":0,""start_ms"":27.767,""stop_ms"":1682.221,""elapsed_ms"":1654.454}",1654.454,6.4627109375,[],True
0,"WB_RESULT:{""mode"":""MAIN_MONOTONIC_V1_DERIVED"",""variant"":""richards_cached"",""N"":256,""checksum"":41943040,""correctness"":""PASS"",""warmup_calls"":0,""start_ms"":0,""stop_ms"":1404.7,""elapsed_ms"":1404.7}
",,"[""/home/mzyx/jsc_build_fd3406f/JSCOnly/Release/bin/jsc"",""--useJIT=false"",""--useLLInt=true"",""--validateOptions=true"",""/mnt/c/Users/mzyx/Desktop/0921/js-interpreter-bench/experiments/three_engine_baseline/adapters/jsc.js"",""/mnt/c/Users/mzyx/Desktop/0921/js-interpreter-bench/experiments/timer_recovery/adapters/jsc.js"",""/mnt/c/Users/mzyx/Desktop/0921/js-interpreter-bench/experiments/whitebox_analysis/attempt01/microbench/generated/richards_cached.N256.js""]",/mnt/c/Users/mzyx/Desktop/0921/js-interpreter-bench,2026-10-05T09:16:14.980578+00:00,680306979429,681737905537,b3ee321e-69da-462d-8718-4589949b17d0,1430926108,formal,richards,richards_cached,jsc,256,9,3,"[""quickjs"",""v8"",""jsc""]",103,MAIN_MONOTONIC_V1_DERIVED,wsl2-ubuntu2404-x64-20261004,"[""--useJIT=false"",""--useLLInt=true"",""--validateOptions=true""]",65c824a055405bf62b05e21d54515a72a1f0187a4d91225d00a6da969d35879f,cd82f87df8726d3925d311bc35b59c55c82f34d580c53045efc86fb1db040c6e,"[{""path"":""/mnt/c/Users/mzyx/Desktop/0921/js-interpreter-bench/experiments/three_engine_baseline/adapters/jsc.js"",""sha256"":""f9ddbb9556352e283b9c9feebc8bdd0ef1abac5bcdf1ab7a5d83945fa3c9437b""},{""path"":""/mnt/c/Users/mzyx/Desktop/0921/js-interpreter-bench/experiments/timer_recovery/adapters/jsc.js"",""sha256"":""0c485996a598b7e36f2f292b66397adc0390cbe6b69b55199e47e1c6c1e37010""}]",7354c1868ce2f8a6cc0d43c8be772c69eece3966b70d20df8f98270cddf07e2b,41943040,41943040,"{""mode"":""MAIN_MONOTONIC_V1_DERIVED"",""variant"":""richards_cached"",""N"":256,""checksum"":41943040,""correctness"":""PASS"",""warmup_calls"":0,""start_ms"":0,""stop_ms"":1404.7,""elapsed_ms"":1404.7}",1404.7,5.487109375,[],True
0,"WB_RESULT:{""mode"":""MAIN_MONOTONIC_V1_DERIVED"",""variant"":""richards_cached"",""N"":256,""checksum"":41943040,""correctness"":""PASS"",""warmup_calls"":0,""start_ms"":676282.355389,""stop_ms"":678334.957441,""elapsed_ms"":2052.602052000002}
",,"[""/home/mzyx/three_engine_20261004/quickjs-04be246001599f5995fa2f2d8c91a0f198d3f34c/qjs"",""-I"",""/mnt/c/Users/mzyx/Desktop/0921/js-interpreter-bench/experiments/three_engine_baseline/adapters/quickjs.js"",""-I"",""/mnt/c/Users/mzyx/Desktop/0921/js-interpreter-bench/experiments/timer_recovery/adapters/quickjs.js"",""/mnt/c/Users/mzyx/Desktop/0921/js-interpreter-bench/experiments/whitebox_analysis/attempt01/microbench/generated/richards_cached.N256.js""]",/mnt/c/Users/mzyx/Desktop/0921/js-interpreter-bench,2026-10-05T09:16:11.578581+00:00,676270131389,678335903439,b3ee321e-69da-462d-8718-4589949b17d0,2065772050,formal,richards,richards_cached,quickjs,256,9,1,"[""quickjs"",""v8"",""jsc""]",103,MAIN_MONOTONIC_V1_DERIVED,wsl2-ubuntu2404-x64-20261004,[],140d5233b0337d91cb0f994ae4a051e49aa04da8802acfaedf0a01b81a620b79,cd82f87df8726d3925d311bc35b59c55c82f34d580c53045efc86fb1db040c6e,"[{""path"":""/mnt/c/Users/mzyx/Desktop/0921/js-interpreter-bench/experiments/three_engine_baseline/adapters/quickjs.js"",""sha256"":""f20aa7b460675d08600a58945203034feb50b2a3515aba579219f648b1235c6c""},{""path"":""/mnt/c/Users/mzyx/Desktop/0921/js-interpreter-bench/experiments/timer_recovery/adapters/quickjs.js"",""sha256"":""cd393c275173f20526562a008951f65a332deffed85e7c804519788b8ebffab7""}]",7354c1868ce2f8a6cc0d43c8be772c69eece3966b70d20df8f98270cddf07e2b,41943040,41943040,"{""mode"":""MAIN_MONOTONIC_V1_DERIVED"",""variant"":""richards_cached"",""N"":256,""checksum"":41943040,""correctness"":""PASS"",""warmup_calls"":0,""start_ms"":676282.355389,""stop_ms"":678334.957441,""elapsed_ms"":2052.602052000002}",2052.602052000002,8.017976765625008,[],True
0,"WB_RESULT:{""mode"":""MAIN_MONOTONIC_V1_DERIVED"",""variant"":""richards_cached"",""N"":256,""checksum"":41943040,""correctness"":""PASS"",""warmup_calls"":0,""start_ms"":34.065,""stop_ms"":1707.323,""elapsed_ms"":1673.258}
",,"[""/home/mzyx/three_engine_20261004/v8-linux64-rel-15.6.21/d8"",""--snapshot_blob=/home/mzyx/three_engine_20261004/v8-linux64-rel-15.6.21/snapshot_blob.bin"",""--max-opt=0"",""--no-lazy"",""/mnt/c/Users/mzyx/Desktop/0921/js-interpreter-bench/experiments/three_engine_baseline/adapters/v8.js"",""/mnt/c/Users/mzyx/Desktop/0921/js-interpreter-bench/experiments/timer_recovery/adapters/v8.js"",""/mnt/c/Users/mzyx/Desktop/0921/js-interpreter-bench/experiments/whitebox_analysis/attempt01/microbench/generated/richards_cached.N256.js""]",/mnt/c/Users/mzyx/Desktop/0921/js-interpreter-bench,2026-10-05T09:16:13.427625+00:00,678468090209,680184948665,b3ee321e-69da-462d-8718-4589949b17d0,1716858456,formal,richards,richards_cached,v8,256,9,2,"[""quickjs"",""v8"",""jsc""]",103,MAIN_MONOTONIC_V1_DERIVED,wsl2-ubuntu2404-x64-20261004,"[""--max-opt=0"",""--no-lazy""]",83b744a5953d2662ea723564d4035a333782a0cc85232d1025929a925150b133,cd82f87df8726d3925d311bc35b59c55c82f34d580c53045efc86fb1db040c6e,"[{""path"":""/mnt/c/Users/mzyx/Desktop/0921/js-interpreter-bench/experiments/three_engine_baseline/adapters/v8.js"",""sha256"":""0ab3ed677381191d7e7839cbbc3f07895104a8b8299679ab9f37b856d76d3a22""},{""path"":""/mnt/c/Users/mzyx/Desktop/0921/js-interpreter-bench/experiments/timer_recovery/adapters/v8.js"",""sha256"":""e610d3aa3d2672a5e6d5eccd9aaf05c6ae6758d1b9c4468289f017a231ab7d9f""}]",7354c1868ce2f8a6cc0d43c8be772c69eece3966b70d20df8f98270cddf07e2b,41943040,41943040,"{""mode"":""MAIN_MONOTONIC_V1_DERIVED"",""variant"":""richards_cached"",""N"":256,""checksum"":41943040,""correctness"":""PASS"",""warmup_calls"":0,""start_ms"":34.065,""stop_ms"":1707.323,""elapsed_ms"":1673.258}",1673.258,6.5361640625,[],True
0,"WB_RESULT:{""mode"":""MAIN_MONOTONIC_V1_DERIVED"",""variant"":""richards_fields"",""N"":256,""checksum"":41943040,""correctness"":""PASS"",""warmup_calls"":0,""start_ms"":0,""stop_ms"":1526.16,""elapsed_ms"":1526.16}
",,"[""/home/mzyx/jsc_build_fd3406f/JSCOnly/Release/bin/jsc"",""--useJIT=false"",""--useLLInt=true"",""--validateOptions=true"",""/mnt/c/Users/mzyx/Desktop/0921/js-interpreter-bench/experiments/three_engine_baseline/adapters/jsc.js"",""/mnt/c/Users/mzyx/Desktop/0921/js-interpreter-bench/experiments/timer_recovery/adapters/jsc.js"",""/mnt/c/Users/mzyx/Desktop/0921/js-interpreter-bench/experiments/whitebox_analysis/attempt01/microbench/generated/richards_fields.N256.js""]",/mnt/c/Users/mzyx/Desktop/0921/js-interpreter-bench,2026-10-05T09:16:26.857863+00:00,692063354667,693615185853,b3ee321e-69da-462d-8718-4589949b17d0,1551831186,formal,richards,richards_fields,jsc,256,1,1,"[""jsc"",""v8"",""quickjs""]",106,MAIN_MONOTONIC_V1_DERIVED,wsl2-ubuntu2404-x64-20261004,"[""--useJIT=false"",""--useLLInt=true"",""--validateOptions=true""]",65c824a055405bf62b05e21d54515a72a1f0187a4d91225d00a6da969d35879f,2d69cd0f378ac81268393d02ed0e875934a3b51acde0b9a357e02651d265c871,"[{""path"":""/mnt/c/Users/mzyx/Desktop/0921/js-interpreter-bench/experiments/three_engine_baseline/adapters/jsc.js"",""sha256"":""f9ddbb9556352e283b9c9feebc8bdd0ef1abac5bcdf1ab7a5d83945fa3c9437b""},{""path"":""/mnt/c/Users/mzyx/Desktop/0921/js-interpreter-bench/experiments/timer_recovery/adapters/jsc.js"",""sha256"":""0c485996a598b7e36f2f292b66397adc0390cbe6b69b55199e47e1c6c1e37010""}]",7354c1868ce2f8a6cc0d43c8be772c69eece3966b70d20df8f98270cddf07e2b,41943040,41943040,"{""mode"":""MAIN_MONOTONIC_V1_DERIVED"",""variant"":""richards_fields"",""N"":256,""checksum"":41943040,""correctness"":""PASS"",""warmup_calls"":0,""start_ms"":0,""stop_ms"":1526.16,""elapsed_ms"":1526.16}",1526.16,5.9615625,[],True
0,"WB_RESULT:{""mode"":""MAIN_MONOTONIC_V1_DERIVED"",""variant"":""richards_fields"",""N"":256,""checksum"":41943040,""correctness"":""PASS"",""warmup_calls"":0,""start_ms"":695712.432998,""stop_ms"":697808.655843,""elapsed_ms"":2096.2228450000985}
",,"[""/home/mzyx/three_engine_20261004/quickjs-04be246001599f5995fa2f2d8c91a0f198d3f34c/qjs"",""-I"",""/mnt/c/Users/mzyx/Desktop/0921/js-interpreter-bench/experiments/three_engine_baseline/adapters/quickjs.js"",""-I"",""/mnt/c/Users/mzyx/Desktop/0921/js-interpreter-bench/experiments/timer_recovery/adapters/quickjs.js"",""/mnt/c/Users/mzyx/Desktop/0921/js-interpreter-bench/experiments/whitebox_analysis/attempt01/microbench/generated/richards_fields.N256.js""]",/mnt/c/Users/mzyx/Desktop/0921/js-interpreter-bench,2026-10-05T09:16:31.052196+00:00,695700381326,697809519644,b3ee321e-69da-462d-8718-4589949b17d0,2109138318,formal,richards,richards_fields,quickjs,256,1,3,"[""jsc"",""v8"",""quickjs""]",106,MAIN_MONOTONIC_V1_DERIVED,wsl2-ubuntu2404-x64-20261004,[],140d5233b0337d91cb0f994ae4a051e49aa04da8802acfaedf0a01b81a620b79,2d69cd0f378ac81268393d02ed0e875934a3b51acde0b9a357e02651d265c871,"[{""path"":""/mnt/c/Users/mzyx/Desktop/0921/js-interpreter-bench/experiments/three_engine_baseline/adapters/quickjs.js"",""sha256"":""f20aa7b460675d08600a58945203034feb50b2a3515aba579219f648b1235c6c""},{""path"":""/mnt/c/Users/mzyx/Desktop/0921/js-interpreter-bench/experiments/timer_recovery/adapters/quickjs.js"",""sha256"":""cd393c275173f20526562a008951f65a332deffed85e7c804519788b8ebffab7""}]",7354c1868ce2f8a6cc0d43c8be772c69eece3966b70d20df8f98270cddf07e2b,41943040,41943040,"{""mode"":""MAIN_MONOTONIC_V1_DERIVED"",""variant"":""richards_fields"",""N"":256,""checksum"":41943040,""correctness"":""PASS"",""warmup_calls"":0,""start_ms"":695712.432998,""stop_ms"":697808.655843,""elapsed_ms"":2096.2228450000985}",2096.2228450000985,8.188370488281635,[],True
0,"WB_RESULT:{""mode"":""MAIN_MONOTONIC_V1_DERIVED"",""variant"":""richards_fields"",""N"":256,""checksum"":41943040,""correctness"":""PASS"",""warmup_calls"":0,""start_ms"":28.426,""stop_ms"":1807.483,""elapsed_ms"":1779.057}
",,"[""/home/mzyx/three_engine_20261004/v8-linux64-rel-15.6.21/d8"",""--snapshot_blob=/home/mzyx/three_engine_20261004/v8-linux64-rel-15.6.21/snapshot_blob.bin"",""--max-opt=0"",""--no-lazy"",""/mnt/c/Users/mzyx/Desktop/0921/js-interpreter-bench/experiments/three_engine_baseline/adapters/v8.js"",""/mnt/c/Users/mzyx/Desktop/0921/js-interpreter-bench/experiments/timer_recovery/adapters/v8.js"",""/mnt/c/Users/mzyx/Desktop/0921/js-interpreter-bench/experiments/whitebox_analysis/attempt01/microbench/generated/richards_fields.N256.js""]",/mnt/c/Users/mzyx/Desktop/0921/js-interpreter-bench,2026-10-05T09:16:28.802928+00:00,693744517881,695560251678,b3ee321e-69da-462d-8718-4589949b17d0,1815733797,formal,richards,richards_fields,v8,256,1,2,"[""jsc"",""v8"",""quickjs""]",106,MAIN_MONOTONIC_V1_DERIVED,wsl2-ubuntu2404-x64-20261004,"[""--max-opt=0"",""--no-lazy""]",83b744a5953d2662ea723564d4035a333782a0cc85232d1025929a925150b133,2d69cd0f378ac81268393d02ed0e875934a3b51acde0b9a357e02651d265c871,"[{""path"":""/mnt/c/Users/mzyx/Desktop/0921/js-interpreter-bench/experiments/three_engine_baseline/adapters/v8.js"",""sha256"":""0ab3ed677381191d7e7839cbbc3f07895104a8b8299679ab9f37b856d76d3a22""},{""path"":""/mnt/c/Users/mzyx/Desktop/0921/js-interpreter-bench/experiments/timer_recovery/adapters/v8.js"",""sha256"":""e610d3aa3d2672a5e6d5eccd9aaf05c6ae6758d1b9c4468289f017a231ab7d9f""}]",7354c1868ce2f8a6cc0d43c8be772c69eece3966b70d20df8f98270cddf07e2b,41943040,41943040,"{""mode"":""MAIN_MONOTONIC_V1_DERIVED"",""variant"":""richards_fields"",""N"":256,""checksum"":41943040,""correctness"":""PASS"",""warmup_calls"":0,""start_ms"":28.426,""stop_ms"":1807.483,""elapsed_ms"":1779.057}",1779.057,6.94944140625,[],True
0,"WB_RESULT:{""mode"":""MAIN_MONOTONIC_V1_DERIVED"",""variant"":""richards_fields"",""N"":256,""checksum"":41943040,""correctness"":""PASS"",""warmup_calls"":0,""start_ms"":0,""stop_ms"":1448.88,""elapsed_ms"":1448.88}
",,"[""/home/mzyx/jsc_build_fd3406f/JSCOnly/Release/bin/jsc"",""--useJIT=false"",""--useLLInt=true"",""--validateOptions=true"",""/mnt/c/Users/mzyx/Desktop/0921/js-interpreter-bench/experiments/three_engine_baseline/adapters/jsc.js"",""/mnt/c/Users/mzyx/Desktop/0921/js-interpreter-bench/experiments/timer_recovery/adapters/jsc.js"",""/mnt/c/Users/mzyx/Desktop/0921/js-interpreter-bench/experiments/whitebox_analysis/attempt01/microbench/generated/richards_fields.N256.js""]",/mnt/c/Users/mzyx/Desktop/0921/js-interpreter-bench,2026-10-05T09:15:02.325607+00:00,601025765881,602508299357,b3ee321e-69da-462d-8718-4589949b17d0,1482533476,formal,richards,richards_fields,jsc,256,10,2,"[""quickjs"",""jsc"",""v8""]",89,MAIN_MONOTONIC_V1_DERIVED,wsl2-ubuntu2404-x64-20261004,"[""--useJIT=false"",""--useLLInt=true"",""--validateOptions=true""]",65c824a055405bf62b05e21d54515a72a1f0187a4d91225d00a6da969d35879f,2d69cd0f378ac81268393d02ed0e875934a3b51acde0b9a357e02651d265c871,"[{""path"":""/mnt/c/Users/mzyx/Desktop/0921/js-interpreter-bench/experiments/three_engine_baseline/adapters/jsc.js"",""sha256"":""f9ddbb9556352e283b9c9feebc8bdd0ef1abac5bcdf1ab7a5d83945fa3c9437b""},{""path"":""/mnt/c/Users/mzyx/Desktop/0921/js-interpreter-bench/experiments/timer_recovery/adapters/jsc.js"",""sha256"":""0c485996a598b7e36f2f292b66397adc0390cbe6b69b55199e47e1c6c1e37010""}]",7354c1868ce2f8a6cc0d43c8be772c69eece3966b70d20df8f98270cddf07e2b,41943040,41943040,"{""mode"":""MAIN_MONOTONIC_V1_DERIVED"",""variant"":""richards_fields"",""N"":256,""checksum"":41943040,""correctness"":""PASS"",""warmup_calls"":0,""start_ms"":0,""stop_ms"":1448.88,""elapsed_ms"":1448.88}",1448.88,5.6596875,[],True
0,"WB_RESULT:{""mode"":""MAIN_MONOTONIC_V1_DERIVED"",""variant"":""richards_fields"",""N"":256,""checksum"":41943040,""correctness"":""PASS"",""warmup_calls"":0,""start_ms"":598826.153268,""stop_ms"":600910.329687,""elapsed_ms"":2084.176419000025}
",,"[""/home/mzyx/three_engine_20261004/quickjs-04be246001599f5995fa2f2d8c91a0f198d3f34c/qjs"",""-I"",""/mnt/c/Users/mzyx/Desktop/0921/js-interpreter-bench/experiments/three_engine_baseline/adapters/quickjs.js"",""-I"",""/mnt/c/Users/mzyx/Desktop/0921/js-interpreter-bench/experiments/timer_recovery/adapters/quickjs.js"",""/mnt/c/Users/mzyx/Desktop/0921/js-interpreter-bench/experiments/whitebox_analysis/attempt01/microbench/generated/richards_fields.N256.js""]",/mnt/c/Users/mzyx/Desktop/0921/js-interpreter-bench,2026-10-05T09:15:00.728518+00:00,598814306895,600911218095,b3ee321e-69da-462d-8718-4589949b17d0,2096911200,formal,richards,richards_fields,quickjs,256,10,1,"[""quickjs"",""jsc"",""v8""]",89,MAIN_MONOTONIC_V1_DERIVED,wsl2-ubuntu2404-x64-20261004,[],140d5233b0337d91cb0f994ae4a051e49aa04da8802acfaedf0a01b81a620b79,2d69cd0f378ac81268393d02ed0e875934a3b51acde0b9a357e02651d265c871,"[{""path"":""/mnt/c/Users/mzyx/Desktop/0921/js-interpreter-bench/experiments/three_engine_baseline/adapters/quickjs.js"",""sha256"":""f20aa7b460675d08600a58945203034feb50b2a3515aba579219f648b1235c6c""},{""path"":""/mnt/c/Users/mzyx/Desktop/0921/js-interpreter-bench/experiments/timer_recovery/adapters/quickjs.js"",""sha256"":""cd393c275173f20526562a008951f65a332deffed85e7c804519788b8ebffab7""}]",7354c1868ce2f8a6cc0d43c8be772c69eece3966b70d20df8f98270cddf07e2b,41943040,41943040,"{""mode"":""MAIN_MONOTONIC_V1_DERIVED"",""variant"":""richards_fields"",""N"":256,""checksum"":41943040,""correctness"":""PASS"",""warmup_calls"":0,""start_ms"":598826.153268,""stop_ms"":600910.329687,""elapsed_ms"":2084.176419000025}",2084.176419000025,8.141314136718847,[],True
0,"WB_RESULT:{""mode"":""MAIN_MONOTONIC_V1_DERIVED"",""variant"":""richards_fields"",""N"":256,""checksum"":41943040,""correctness"":""PASS"",""warmup_calls"":0,""start_ms"":27.157,""stop_ms"":1786.263,""elapsed_ms"":1759.106}
",,"[""/home/mzyx/three_engine_20261004/v8-linux64-rel-15.6.21/d8"",""--snapshot_blob=/home/mzyx/three_engine_20261004/v8-linux64-rel-15.6.21/snapshot_blob.bin"",""--max-opt=0"",""--no-lazy"",""/mnt/c/Users/mzyx/Desktop/0921/js-interpreter-bench/experiments/three_engine_baseline/adapters/v8.js"",""/mnt/c/Users/mzyx/Desktop/0921/js-interpreter-bench/experiments/timer_recovery/adapters/v8.js"",""/mnt/c/Users/mzyx/Desktop/0921/js-interpreter-bench/experiments/whitebox_analysis/attempt01/microbench/generated/richards_fields.N256.js""]",/mnt/c/Users/mzyx/Desktop/0921/js-interpreter-bench,2026-10-05T09:15:04.255006+00:00,602642675385,604437701916,b3ee321e-69da-462d-8718-4589949b17d0,1795026531,formal,richards,richards_fields,v8,256,10,3,"[""quickjs"",""jsc"",""v8""]",89,MAIN_MONOTONIC_V1_DERIVED,wsl2-ubuntu2404-x64-20261004,"[""--max-opt=0"",""--no-lazy""]",83b744a5953d2662ea723564d4035a333782a0cc85232d1025929a925150b133,2d69cd0f378ac81268393d02ed0e875934a3b51acde0b9a357e02651d265c871,"[{""path"":""/mnt/c/Users/mzyx/Desktop/0921/js-interpreter-bench/experiments/three_engine_baseline/adapters/v8.js"",""sha256"":""0ab3ed677381191d7e7839cbbc3f07895104a8b8299679ab9f37b856d76d3a22""},{""path"":""/mnt/c/Users/mzyx/Desktop/0921/js-interpreter-bench/experiments/timer_recovery/adapters/v8.js"",""sha256"":""e610d3aa3d2672a5e6d5eccd9aaf05c6ae6758d1b9c4468289f017a231ab7d9f""}]",7354c1868ce2f8a6cc0d43c8be772c69eece3966b70d20df8f98270cddf07e2b,41943040,41943040,"{""mode"":""MAIN_MONOTONIC_V1_DERIVED"",""variant"":""richards_fields"",""N"":256,""checksum"":41943040,""correctness"":""PASS"",""warmup_calls"":0,""start_ms"":27.157,""stop_ms"":1786.263,""elapsed_ms"":1759.106}",1759.106,6.8715078125,[],True
0,"WB_RESULT:{""mode"":""MAIN_MONOTONIC_V1_DERIVED"",""variant"":""richards_fields"",""N"":256,""checksum"":41943040,""correctness"":""PASS"",""warmup_calls"":0,""start_ms"":0,""stop_ms"":1524.24,""elapsed_ms"":1524.24}
",,"[""/home/mzyx/jsc_build_fd3406f/JSCOnly/Release/bin/jsc"",""--useJIT=false"",""--useLLInt=true"",""--validateOptions=true"",""/mnt/c/Users/mzyx/Desktop/0921/js-interpreter-bench/experiments/three_engine_baseline/adapters/jsc.js"",""/mnt/c/Users/mzyx/Desktop/0921/js-interpreter-bench/experiments/timer_recovery/adapters/jsc.js"",""/mnt/c/Users/mzyx/Desktop/0921/js-interpreter-bench/experiments/whitebox_analysis/attempt01/microbench/generated/richards_fields.N256.js""]",/mnt/c/Users/mzyx/Desktop/0921/js-interpreter-bench,2026-10-05T09:15:58.560876+00:00,661402594746,662958723272,b3ee321e-69da-462d-8718-4589949b17d0,1556128526,formal,richards,richards_fields,jsc,256,11,2,"[""quickjs"",""jsc"",""v8""]",100,MAIN_MONOTONIC_V1_DERIVED,wsl2-ubuntu2404-x64-20261004,"[""--useJIT=false"",""--useLLInt=true"",""--validateOptions=true""]",65c824a055405bf62b05e21d54515a72a1f0187a4d91225d00a6da969d35879f,2d69cd0f378ac81268393d02ed0e875934a3b51acde0b9a357e02651d265c871,"[{""path"":""/mnt/c/Users/mzyx/Desktop/0921/js-interpreter-bench/experiments/three_engine_baseline/adapters/jsc.js"",""sha256"":""f9ddbb9556352e283b9c9feebc8bdd0ef1abac5bcdf1ab7a5d83945fa3c9437b""},{""path"":""/mnt/c/Users/mzyx/Desktop/0921/js-interpreter-bench/experiments/timer_recovery/adapters/jsc.js"",""sha256"":""0c485996a598b7e36f2f292b66397adc0390cbe6b69b55199e47e1c6c1e37010""}]",7354c1868ce2f8a6cc0d43c8be772c69eece3966b70d20df8f98270cddf07e2b,41943040,41943040,"{""mode"":""MAIN_MONOTONIC_V1_DERIVED"",""variant"":""richards_fields"",""N"":256,""checksum"":41943040,""correctness"":""PASS"",""warmup_calls"":0,""start_ms"":0,""stop_ms"":1524.24,""elapsed_ms"":1524.24}",1524.24,5.9540625,[],True
0,"WB_RESULT:{""mode"":""MAIN_MONOTONIC_V1_DERIVED"",""variant"":""richards_fields"",""N"":256,""checksum"":41943040,""correctness"":""PASS"",""warmup_calls"":0,""start_ms"":659176.162968,""stop_ms"":661268.562886,""elapsed_ms"":2092.399917999981}
",,"[""/home/mzyx/three_engine_20261004/quickjs-04be246001599f5995fa2f2d8c91a0f198d3f34c/qjs"",""-I"",""/mnt/c/Users/mzyx/Desktop/0921/js-interpreter-bench/experiments/three_engine_baseline/adapters/quickjs.js"",""-I"",""/mnt/c/Users/mzyx/Desktop/0921/js-interpreter-bench/experiments/timer_recovery/adapters/quickjs.js"",""/mnt/c/Users/mzyx/Desktop/0921/js-interpreter-bench/experiments/whitebox_analysis/attempt01/microbench/generated/richards_fields.N256.js""]",/mnt/c/Users/mzyx/Desktop/0921/js-interpreter-bench,2026-10-05T09:15:56.872091+00:00,659163711921,661269946016,b3ee321e-69da-462d-8718-4589949b17d0,2106234095,formal,richards,richards_fields,quickjs,256,11,1,"[""quickjs"",""jsc"",""v8""]",100,MAIN_MONOTONIC_V1_DERIVED,wsl2-ubuntu2404-x64-20261004,[],140d5233b0337d91cb0f994ae4a051e49aa04da8802acfaedf0a01b81a620b79,2d69cd0f378ac81268393d02ed0e875934a3b51acde0b9a357e02651d265c871,"[{""path"":""/mnt/c/Users/mzyx/Desktop/0921/js-interpreter-bench/experiments/three_engine_baseline/adapters/quickjs.js"",""sha256"":""f20aa7b460675d08600a58945203034feb50b2a3515aba579219f648b1235c6c""},{""path"":""/mnt/c/Users/mzyx/Desktop/0921/js-interpreter-bench/experiments/timer_recovery/adapters/quickjs.js"",""sha256"":""cd393c275173f20526562a008951f65a332deffed85e7c804519788b8ebffab7""}]",7354c1868ce2f8a6cc0d43c8be772c69eece3966b70d20df8f98270cddf07e2b,41943040,41943040,"{""mode"":""MAIN_MONOTONIC_V1_DERIVED"",""variant"":""richards_fields"",""N"":256,""checksum"":41943040,""correctness"":""PASS"",""warmup_calls"":0,""start_ms"":659176.162968,""stop_ms"":661268.562886,""elapsed_ms"":2092.399917999981}",2092.399917999981,8.173437179687426,[],True
0,"WB_RESULT:{""mode"":""MAIN_MONOTONIC_V1_DERIVED"",""variant"":""richards_fields"",""N"":256,""checksum"":41943040,""correctness"":""PASS"",""warmup_calls"":0,""start_ms"":28.544,""stop_ms"":1731.303,""elapsed_ms"":1702.759}
",,"[""/home/mzyx/three_engine_20261004/v8-linux64-rel-15.6.21/d8"",""--snapshot_blob=/home/mzyx/three_engine_20261004/v8-linux64-rel-15.6.21/snapshot_blob.bin"",""--max-opt=0"",""--no-lazy"",""/mnt/c/Users/mzyx/Desktop/0921/js-interpreter-bench/experiments/three_engine_baseline/adapters/v8.js"",""/mnt/c/Users/mzyx/Desktop/0921/js-interpreter-bench/experiments/timer_recovery/adapters/v8.js"",""/mnt/c/Users/mzyx/Desktop/0921/js-interpreter-bench/experiments/whitebox_analysis/attempt01/microbench/generated/richards_fields.N256.js""]",/mnt/c/Users/mzyx/Desktop/0921/js-interpreter-bench,2026-10-05T09:16:00.435846+00:00,663093365051,664833694241,b3ee321e-69da-462d-8718-4589949b17d0,1740329190,formal,richards,richards_fields,v8,256,11,3,"[""quickjs"",""jsc"",""v8""]",100,MAIN_MONOTONIC_V1_DERIVED,wsl2-ubuntu2404-x64-20261004,"[""--max-opt=0"",""--no-lazy""]",83b744a5953d2662ea723564d4035a333782a0cc85232d1025929a925150b133,2d69cd0f378ac81268393d02ed0e875934a3b51acde0b9a357e02651d265c871,"[{""path"":""/mnt/c/Users/mzyx/Desktop/0921/js-interpreter-bench/experiments/three_engine_baseline/adapters/v8.js"",""sha256"":""0ab3ed677381191d7e7839cbbc3f07895104a8b8299679ab9f37b856d76d3a22""},{""path"":""/mnt/c/Users/mzyx/Desktop/0921/js-interpreter-bench/experiments/timer_recovery/adapters/v8.js"",""sha256"":""e610d3aa3d2672a5e6d5eccd9aaf05c6ae6758d1b9c4468289f017a231ab7d9f""}]",7354c1868ce2f8a6cc0d43c8be772c69eece3966b70d20df8f98270cddf07e2b,41943040,41943040,"{""mode"":""MAIN_MONOTONIC_V1_DERIVED"",""variant"":""richards_fields"",""N"":256,""checksum"":41943040,""correctness"":""PASS"",""warmup_calls"":0,""start_ms"":28.544,""stop_ms"":1731.303,""elapsed_ms"":1702.759}",1702.759,6.65140234375,[],True
0,"WB_RESULT:{""mode"":""MAIN_MONOTONIC_V1_DERIVED"",""variant"":""richards_fields"",""N"":256,""checksum"":41943040,""correctness"":""PASS"",""warmup_calls"":0,""start_ms"":0,""stop_ms"":1726.52,""elapsed_ms"":1726.52}
",,"[""/home/mzyx/jsc_build_fd3406f/JSCOnly/Release/bin/jsc"",""--useJIT=false"",""--useLLInt=true"",""--validateOptions=true"",""/mnt/c/Users/mzyx/Desktop/0921/js-interpreter-bench/experiments/three_engine_baseline/adapters/jsc.js"",""/mnt/c/Users/mzyx/Desktop/0921/js-interpreter-bench/experiments/timer_recovery/adapters/jsc.js"",""/mnt/c/Users/mzyx/Desktop/0921/js-interpreter-bench/experiments/whitebox_analysis/attempt01/microbench/generated/richards_fields.N256.js""]",/mnt/c/Users/mzyx/Desktop/0921/js-interpreter-bench,2026-10-05T09:08:50.557323+00:00,202402761899,204158204800,b3ee321e-69da-462d-8718-4589949b17d0,1755442901,formal,richards,richards_fields,jsc,256,12,1,"[""jsc"",""v8"",""quickjs""]",16,MAIN_MONOTONIC_V1_DERIVED,wsl2-ubuntu2404-x64-20261004,"[""--useJIT=false"",""--useLLInt=true"",""--validateOptions=true""]",65c824a055405bf62b05e21d54515a72a1f0187a4d91225d00a6da969d35879f,2d69cd0f378ac81268393d02ed0e875934a3b51acde0b9a357e02651d265c871,"[{""path"":""/mnt/c/Users/mzyx/Desktop/0921/js-interpreter-bench/experiments/three_engine_baseline/adapters/jsc.js"",""sha256"":""f9ddbb9556352e283b9c9feebc8bdd0ef1abac5bcdf1ab7a5d83945fa3c9437b""},{""path"":""/mnt/c/Users/mzyx/Desktop/0921/js-interpreter-bench/experiments/timer_recovery/adapters/jsc.js"",""sha256"":""0c485996a598b7e36f2f292b66397adc0390cbe6b69b55199e47e1c6c1e37010""}]",7354c1868ce2f8a6cc0d43c8be772c69eece3966b70d20df8f98270cddf07e2b,41943040,41943040,"{""mode"":""MAIN_MONOTONIC_V1_DERIVED"",""variant"":""richards_fields"",""N"":256,""checksum"":41943040,""correctness"":""PASS"",""warmup_calls"":0,""start_ms"":0,""stop_ms"":1726.52,""elapsed_ms"":1726.52}",1726.52,6.74421875,[],True
0,"WB_RESULT:{""mode"":""MAIN_MONOTONIC_V1_DERIVED"",""variant"":""richards_fields"",""N"":256,""checksum"":41943040,""correctness"":""PASS"",""warmup_calls"":0,""start_ms"":206352.277577,""stop_ms"":208430.883023,""elapsed_ms"":2078.6054460000014}
",,"[""/home/mzyx/three_engine_20261004/quickjs-04be246001599f5995fa2f2d8c91a0f198d3f34c/qjs"",""-I"",""/mnt/c/Users/mzyx/Desktop/0921/js-interpreter-bench/experiments/three_engine_baseline/adapters/quickjs.js"",""-I"",""/mnt/c/Users/mzyx/Desktop/0921/js-interpreter-bench/experiments/timer_recovery/adapters/quickjs.js"",""/mnt/c/Users/mzyx/Desktop/0921/js-interpreter-bench/experiments/whitebox_analysis/attempt01/microbench/generated/richards_fields.N256.js""]",/mnt/c/Users/mzyx/Desktop/0921/js-interpreter-bench,2026-10-05T09:08:54.830747+00:00,206339669870,208431630670,b3ee321e-69da-462d-8718-4589949b17d0,2091960800,formal,richards,richards_fields,quickjs,256,12,3,"[""jsc"",""v8"",""quickjs""]",16,MAIN_MONOTONIC_V1_DERIVED,wsl2-ubuntu2404-x64-20261004,[],140d5233b0337d91cb0f994ae4a051e49aa04da8802acfaedf0a01b81a620b79,2d69cd0f378ac81268393d02ed0e875934a3b51acde0b9a357e02651d265c871,"[{""path"":""/mnt/c/Users/mzyx/Desktop/0921/js-interpreter-bench/experiments/three_engine_baseline/adapters/quickjs.js"",""sha256"":""f20aa7b460675d08600a58945203034feb50b2a3515aba579219f648b1235c6c""},{""path"":""/mnt/c/Users/mzyx/Desktop/0921/js-interpreter-bench/experiments/timer_recovery/adapters/quickjs.js"",""sha256"":""cd393c275173f20526562a008951f65a332deffed85e7c804519788b8ebffab7""}]",7354c1868ce2f8a6cc0d43c8be772c69eece3966b70d20df8f98270cddf07e2b,41943040,41943040,"{""mode"":""MAIN_MONOTONIC_V1_DERIVED"",""variant"":""richards_fields"",""N"":256,""checksum"":41943040,""correctness"":""PASS"",""warmup_calls"":0,""start_ms"":206352.277577,""stop_ms"":208430.883023,""elapsed_ms"":2078.6054460000014}",2078.6054460000014,8.119552523437505,[],True
0,"WB_RESULT:{""mode"":""MAIN_MONOTONIC_V1_DERIVED"",""variant"":""richards_fields"",""N"":256,""checksum"":41943040,""correctness"":""PASS"",""warmup_calls"":0,""start_ms"":28.835,""stop_ms"":1905.105,""elapsed_ms"":1876.27}
",,"[""/home/mzyx/three_engine_20261004/v8-linux64-rel-15.6.21/d8"",""--snapshot_blob=/home/mzyx/three_engine_20261004/v8-linux64-rel-15.6.21/snapshot_blob.bin"",""--max-opt=0"",""--no-lazy"",""/mnt/c/Users/mzyx/Desktop/0921/js-interpreter-bench/experiments/three_engine_baseline/adapters/v8.js"",""/mnt/c/Users/mzyx/Desktop/0921/js-interpreter-bench/experiments/timer_recovery/adapters/v8.js"",""/mnt/c/Users/mzyx/Desktop/0921/js-interpreter-bench/experiments/whitebox_analysis/attempt01/microbench/generated/richards_fields.N256.js""]",/mnt/c/Users/mzyx/Desktop/0921/js-interpreter-bench,2026-10-05T09:08:52.610015+00:00,204296785871,206210898752,b3ee321e-69da-462d-8718-4589949b17d0,1914112881,formal,richards,richards_fields,v8,256,12,2,"[""jsc"",""v8"",""quickjs""]",16,MAIN_MONOTONIC_V1_DERIVED,wsl2-ubuntu2404-x64-20261004,"[""--max-opt=0"",""--no-lazy""]",83b744a5953d2662ea723564d4035a333782a0cc85232d1025929a925150b133,2d69cd0f378ac81268393d02ed0e875934a3b51acde0b9a357e02651d265c871,"[{""path"":""/mnt/c/Users/mzyx/Desktop/0921/js-interpreter-bench/experiments/three_engine_baseline/adapters/v8.js"",""sha256"":""0ab3ed677381191d7e7839cbbc3f07895104a8b8299679ab9f37b856d76d3a22""},{""path"":""/mnt/c/Users/mzyx/Desktop/0921/js-interpreter-bench/experiments/timer_recovery/adapters/v8.js"",""sha256"":""e610d3aa3d2672a5e6d5eccd9aaf05c6ae6758d1b9c4468289f017a231ab7d9f""}]",7354c1868ce2f8a6cc0d43c8be772c69eece3966b70d20df8f98270cddf07e2b,41943040,41943040,"{""mode"":""MAIN_MONOTONIC_V1_DERIVED"",""variant"":""richards_fields"",""N"":256,""checksum"":41943040,""correctness"":""PASS"",""warmup_calls"":0,""start_ms"":28.835,""stop_ms"":1905.105,""elapsed_ms"":1876.27}",1876.27,7.3291796875,[],True
0,"WB_RESULT:{""mode"":""MAIN_MONOTONIC_V1_DERIVED"",""variant"":""richards_fields"",""N"":256,""checksum"":41943040,""correctness"":""PASS"",""warmup_calls"":0,""start_ms"":0,""stop_ms"":1550.82,""elapsed_ms"":1550.82}
",,"[""/home/mzyx/jsc_build_fd3406f/JSCOnly/Release/bin/jsc"",""--useJIT=false"",""--useLLInt=true"",""--validateOptions=true"",""/mnt/c/Users/mzyx/Desktop/0921/js-interpreter-bench/experiments/three_engine_baseline/adapters/jsc.js"",""/mnt/c/Users/mzyx/Desktop/0921/js-interpreter-bench/experiments/timer_recovery/adapters/jsc.js"",""/mnt/c/Users/mzyx/Desktop/0921/js-interpreter-bench/experiments/whitebox_analysis/attempt01/microbench/generated/richards_fields.N256.js""]",/mnt/c/Users/mzyx/Desktop/0921/js-interpreter-bench,2026-10-05T09:10:11.364375+00:00,290046768895,291629698966,b3ee321e-69da-462d-8718-4589949b17d0,1582930071,formal,richards,richards_fields,jsc,256,13,1,"[""jsc"",""quickjs"",""v8""]",32,MAIN_MONOTONIC_V1_DERIVED,wsl2-ubuntu2404-x64-20261004,"[""--useJIT=false"",""--useLLInt=true"",""--validateOptions=true""]",65c824a055405bf62b05e21d54515a72a1f0187a4d91225d00a6da969d35879f,2d69cd0f378ac81268393d02ed0e875934a3b51acde0b9a357e02651d265c871,"[{""path"":""/mnt/c/Users/mzyx/Desktop/0921/js-interpreter-bench/experiments/three_engine_baseline/adapters/jsc.js"",""sha256"":""f9ddbb9556352e283b9c9feebc8bdd0ef1abac5bcdf1ab7a5d83945fa3c9437b""},{""path"":""/mnt/c/Users/mzyx/Desktop/0921/js-interpreter-bench/experiments/timer_recovery/adapters/jsc.js"",""sha256"":""0c485996a598b7e36f2f292b66397adc0390cbe6b69b55199e47e1c6c1e37010""}]",7354c1868ce2f8a6cc0d43c8be772c69eece3966b70d20df8f98270cddf07e2b,41943040,41943040,"{""mode"":""MAIN_MONOTONIC_V1_DERIVED"",""variant"":""richards_fields"",""N"":256,""checksum"":41943040,""correctness"":""PASS"",""warmup_calls"":0,""start_ms"":0,""stop_ms"":1550.82,""elapsed_ms"":1550.82}",1550.82,6.057890625,[],True
0,"WB_RESULT:{""mode"":""MAIN_MONOTONIC_V1_DERIVED"",""variant"":""richards_fields"",""N"":256,""checksum"":41943040,""correctness"":""PASS"",""warmup_calls"":0,""start_ms"":291775.318903,""stop_ms"":293810.295452,""elapsed_ms"":2034.9765490000136}
",,"[""/home/mzyx/three_engine_20261004/quickjs-04be246001599f5995fa2f2d8c91a0f198d3f34c/qjs"",""-I"",""/mnt/c/Users/mzyx/Desktop/0921/js-interpreter-bench/experiments/three_engine_baseline/adapters/quickjs.js"",""-I"",""/mnt/c/Users/mzyx/Desktop/0921/js-interpreter-bench/experiments/timer_recovery/adapters/quickjs.js"",""/mnt/c/Users/mzyx/Desktop/0921/js-interpreter-bench/experiments/whitebox_analysis/attempt01/microbench/generated/richards_fields.N256.js""]",/mnt/c/Users/mzyx/Desktop/0921/js-interpreter-bench,2026-10-05T09:10:13.546414+00:00,291763566405,293811748318,b3ee321e-69da-462d-8718-4589949b17d0,2048181913,formal,richards,richards_fields,quickjs,256,13,2,"[""jsc"",""quickjs"",""v8""]",32,MAIN_MONOTONIC_V1_DERIVED,wsl2-ubuntu2404-x64-20261004,[],140d5233b0337d91cb0f994ae4a051e49aa04da8802acfaedf0a01b81a620b79,2d69cd0f378ac81268393d02ed0e875934a3b51acde0b9a357e02651d265c871,"[{""path"":""/mnt/c/Users/mzyx/Desktop/0921/js-interpreter-bench/experiments/three_engine_baseline/adapters/quickjs.js"",""sha256"":""f20aa7b460675d08600a58945203034feb50b2a3515aba579219f648b1235c6c""},{""path"":""/mnt/c/Users/mzyx/Desktop/0921/js-interpreter-bench/experiments/timer_recovery/adapters/quickjs.js"",""sha256"":""cd393c275173f20526562a008951f65a332deffed85e7c804519788b8ebffab7""}]",7354c1868ce2f8a6cc0d43c8be772c69eece3966b70d20df8f98270cddf07e2b,41943040,41943040,"{""mode"":""MAIN_MONOTONIC_V1_DERIVED"",""variant"":""richards_fields"",""N"":256,""checksum"":41943040,""correctness"":""PASS"",""warmup_calls"":0,""start_ms"":291775.318903,""stop_ms"":293810.295452,""elapsed_ms"":2034.9765490000136}",2034.9765490000136,7.949127144531303,[],True
0,"WB_RESULT:{""mode"":""MAIN_MONOTONIC_V1_DERIVED"",""variant"":""richards_fields"",""N"":256,""checksum"":41943040,""correctness"":""PASS"",""warmup_calls"":0,""start_ms"":43.655,""stop_ms"":1842.387,""elapsed_ms"":1798.732}
",,"[""/home/mzyx/three_engine_20261004/v8-linux64-rel-15.6.21/d8"",""--snapshot_blob=/home/mzyx/three_engine_20261004/v8-linux64-rel-15.6.21/snapshot_blob.bin"",""--max-opt=0"",""--no-lazy"",""/mnt/c/Users/mzyx/Desktop/0921/js-interpreter-bench/experiments/three_engine_baseline/adapters/v8.js"",""/mnt/c/Users/mzyx/Desktop/0921/js-interpreter-bench/experiments/timer_recovery/adapters/v8.js"",""/mnt/c/Users/mzyx/Desktop/0921/js-interpreter-bench/experiments/whitebox_analysis/attempt01/microbench/generated/richards_fields.N256.js""]",/mnt/c/Users/mzyx/Desktop/0921/js-interpreter-bench,2026-10-05T09:10:15.528754+00:00,293941040356,295794078411,b3ee321e-69da-462d-8718-4589949b17d0,1853038055,formal,richards,richards_fields,v8,256,13,3,"[""jsc"",""quickjs"",""v8""]",32,MAIN_MONOTONIC_V1_DERIVED,wsl2-ubuntu2404-x64-20261004,"[""--max-opt=0"",""--no-lazy""]",83b744a5953d2662ea723564d4035a333782a0cc85232d1025929a925150b133,2d69cd0f378ac81268393d02ed0e875934a3b51acde0b9a357e02651d265c871,"[{""path"":""/mnt/c/Users/mzyx/Desktop/0921/js-interpreter-bench/experiments/three_engine_baseline/adapters/v8.js"",""sha256"":""0ab3ed677381191d7e7839cbbc3f07895104a8b8299679ab9f37b856d76d3a22""},{""path"":""/mnt/c/Users/mzyx/Desktop/0921/js-interpreter-bench/experiments/timer_recovery/adapters/v8.js"",""sha256"":""e610d3aa3d2672a5e6d5eccd9aaf05c6ae6758d1b9c4468289f017a231ab7d9f""}]",7354c1868ce2f8a6cc0d43c8be772c69eece3966b70d20df8f98270cddf07e2b,41943040,41943040,"{""mode"":""MAIN_MONOTONIC_V1_DERIVED"",""variant"":""richards_fields"",""N"":256,""checksum"":41943040,""correctness"":""PASS"",""warmup_calls"":0,""start_ms"":43.655,""stop_ms"":1842.387,""elapsed_ms"":1798.732}",1798.732,7.026296875,[],True
0,"WB_RESULT:{""mode"":""MAIN_MONOTONIC_V1_DERIVED"",""variant"":""richards_fields"",""N"":256,""checksum"":41943040,""correctness"":""PASS"",""warmup_calls"":0,""start_ms"":0,""stop_ms"":1505.12,""elapsed_ms"":1505.12}
",,"[""/home/mzyx/jsc_build_fd3406f/JSCOnly/Release/bin/jsc"",""--useJIT=false"",""--useLLInt=true"",""--validateOptions=true"",""/mnt/c/Users/mzyx/Desktop/0921/js-interpreter-bench/experiments/three_engine_baseline/adapters/jsc.js"",""/mnt/c/Users/mzyx/Desktop/0921/js-interpreter-bench/experiments/timer_recovery/adapters/jsc.js"",""/mnt/c/Users/mzyx/Desktop/0921/js-interpreter-bench/experiments/whitebox_analysis/attempt01/microbench/generated/richards_fields.N256.js""]",/mnt/c/Users/mzyx/Desktop/0921/js-interpreter-bench,2026-10-05T09:08:03.415491+00:00,153252537152,154783687515,b3ee321e-69da-462d-8718-4589949b17d0,1531150363,formal,richards,richards_fields,jsc,256,14,3,"[""quickjs"",""v8"",""jsc""]",6,MAIN_MONOTONIC_V1_DERIVED,wsl2-ubuntu2404-x64-20261004,"[""--useJIT=false"",""--useLLInt=true"",""--validateOptions=true""]",65c824a055405bf62b05e21d54515a72a1f0187a4d91225d00a6da969d35879f,2d69cd0f378ac81268393d02ed0e875934a3b51acde0b9a357e02651d265c871,"[{""path"":""/mnt/c/Users/mzyx/Desktop/0921/js-interpreter-bench/experiments/three_engine_baseline/adapters/jsc.js"",""sha256"":""f9ddbb9556352e283b9c9feebc8bdd0ef1abac5bcdf1ab7a5d83945fa3c9437b""},{""path"":""/mnt/c/Users/mzyx/Desktop/0921/js-interpreter-bench/experiments/timer_recovery/adapters/jsc.js"",""sha256"":""0c485996a598b7e36f2f292b66397adc0390cbe6b69b55199e47e1c6c1e37010""}]",7354c1868ce2f8a6cc0d43c8be772c69eece3966b70d20df8f98270cddf07e2b,41943040,41943040,"{""mode"":""MAIN_MONOTONIC_V1_DERIVED"",""variant"":""richards_fields"",""N"":256,""checksum"":41943040,""correctness"":""PASS"",""warmup_calls"":0,""start_ms"":0,""stop_ms"":1505.12,""elapsed_ms"":1505.12}",1505.12,5.879375,[],True
0,"WB_RESULT:{""mode"":""MAIN_MONOTONIC_V1_DERIVED"",""variant"":""richards_fields"",""N"":256,""checksum"":41943040,""correctness"":""PASS"",""warmup_calls"":0,""start_ms"":149113.654688,""stop_ms"":151170.243122,""elapsed_ms"":2056.588434000005}
",,"[""/home/mzyx/three_engine_20261004/quickjs-04be246001599f5995fa2f2d8c91a0f198d3f34c/qjs"",""-I"",""/mnt/c/Users/mzyx/Desktop/0921/js-interpreter-bench/experiments/three_engine_baseline/adapters/quickjs.js"",""-I"",""/mnt/c/Users/mzyx/Desktop/0921/js-interpreter-bench/experiments/timer_recovery/adapters/quickjs.js"",""/mnt/c/Users/mzyx/Desktop/0921/js-interpreter-bench/experiments/whitebox_analysis/attempt01/microbench/generated/richards_fields.N256.js""]",/mnt/c/Users/mzyx/Desktop/0921/js-interpreter-bench,2026-10-05T09:08:01.575079+00:00,149101817857,151171371195,b3ee321e-69da-462d-8718-4589949b17d0,2069553338,formal,richards,richards_fields,quickjs,256,14,1,"[""quickjs"",""v8"",""jsc""]",6,MAIN_MONOTONIC_V1_DERIVED,wsl2-ubuntu2404-x64-20261004,[],140d5233b0337d91cb0f994ae4a051e49aa04da8802acfaedf0a01b81a620b79,2d69cd0f378ac81268393d02ed0e875934a3b51acde0b9a357e02651d265c871,"[{""path"":""/mnt/c/Users/mzyx/Desktop/0921/js-interpreter-bench/experiments/three_engine_baseline/adapters/quickjs.js"",""sha256"":""f20aa7b460675d08600a58945203034feb50b2a3515aba579219f648b1235c6c""},{""path"":""/mnt/c/Users/mzyx/Desktop/0921/js-interpreter-bench/experiments/timer_recovery/adapters/quickjs.js"",""sha256"":""cd393c275173f20526562a008951f65a332deffed85e7c804519788b8ebffab7""}]",7354c1868ce2f8a6cc0d43c8be772c69eece3966b70d20df8f98270cddf07e2b,41943040,41943040,"{""mode"":""MAIN_MONOTONIC_V1_DERIVED"",""variant"":""richards_fields"",""N"":256,""checksum"":41943040,""correctness"":""PASS"",""warmup_calls"":0,""start_ms"":149113.654688,""stop_ms"":151170.243122,""elapsed_ms"":2056.588434000005}",2056.588434000005,8.033548570312519,[],True
0,"WB_RESULT:{""mode"":""MAIN_MONOTONIC_V1_DERIVED"",""variant"":""richards_fields"",""N"":256,""checksum"":41943040,""correctness"":""PASS"",""warmup_calls"":0,""start_ms"":31.158,""stop_ms"":1822.505,""elapsed_ms"":1791.3470000000002}
",,"[""/home/mzyx/three_engine_20261004/v8-linux64-rel-15.6.21/d8"",""--snapshot_blob=/home/mzyx/three_engine_20261004/v8-linux64-rel-15.6.21/snapshot_blob.bin"",""--max-opt=0"",""--no-lazy"",""/mnt/c/Users/mzyx/Desktop/0921/js-interpreter-bench/experiments/three_engine_baseline/adapters/v8.js"",""/mnt/c/Users/mzyx/Desktop/0921/js-interpreter-bench/experiments/timer_recovery/adapters/v8.js"",""/mnt/c/Users/mzyx/Desktop/0921/js-interpreter-bench/experiments/whitebox_analysis/attempt01/microbench/generated/richards_fields.N256.js""]",/mnt/c/Users/mzyx/Desktop/0921/js-interpreter-bench,2026-10-05T09:08:01.758782+00:00,151295767493,153126979526,b3ee321e-69da-462d-8718-4589949b17d0,1831212033,formal,richards,richards_fields,v8,256,14,2,"[""quickjs"",""v8"",""jsc""]",6,MAIN_MONOTONIC_V1_DERIVED,wsl2-ubuntu2404-x64-20261004,"[""--max-opt=0"",""--no-lazy""]",83b744a5953d2662ea723564d4035a333782a0cc85232d1025929a925150b133,2d69cd0f378ac81268393d02ed0e875934a3b51acde0b9a357e02651d265c871,"[{""path"":""/mnt/c/Users/mzyx/Desktop/0921/js-interpreter-bench/experiments/three_engine_baseline/adapters/v8.js"",""sha256"":""0ab3ed677381191d7e7839cbbc3f07895104a8b8299679ab9f37b856d76d3a22""},{""path"":""/mnt/c/Users/mzyx/Desktop/0921/js-interpreter-bench/experiments/timer_recovery/adapters/v8.js"",""sha256"":""e610d3aa3d2672a5e6d5eccd9aaf05c6ae6758d1b9c4468289f017a231ab7d9f""}]",7354c1868ce2f8a6cc0d43c8be772c69eece3966b70d20df8f98270cddf07e2b,41943040,41943040,"{""mode"":""MAIN_MONOTONIC_V1_DERIVED"",""variant"":""richards_fields"",""N"":256,""checksum"":41943040,""correctness"":""PASS"",""warmup_calls"":0,""start_ms"":31.158,""stop_ms"":1822.505,""elapsed_ms"":1791.3470000000002}",1791.3470000000002,6.997449218750001,[],True
0,"WB_RESULT:{""mode"":""MAIN_MONOTONIC_V1_DERIVED"",""variant"":""richards_fields"",""N"":256,""checksum"":41943040,""correctness"":""PASS"",""warmup_calls"":0,""start_ms"":0,""stop_ms"":1423.26,""elapsed_ms"":1423.26}
",,"[""/home/mzyx/jsc_build_fd3406f/JSCOnly/Release/bin/jsc"",""--useJIT=false"",""--useLLInt=true"",""--validateOptions=true"",""/mnt/c/Users/mzyx/Desktop/0921/js-interpreter-bench/experiments/three_engine_baseline/adapters/jsc.js"",""/mnt/c/Users/mzyx/Desktop/0921/js-interpreter-bench/experiments/timer_recovery/adapters/jsc.js"",""/mnt/c/Users/mzyx/Desktop/0921/js-interpreter-bench/experiments/whitebox_analysis/attempt01/microbench/generated/richards_fields.N256.js""]",/mnt/c/Users/mzyx/Desktop/0921/js-interpreter-bench,2026-10-05T09:07:29.820572+00:00,117963889126,119416865890,b3ee321e-69da-462d-8718-4589949b17d0,1452976764,formal,richards,richards_fields,jsc,256,15,1,"[""jsc"",""quickjs"",""v8""]",0,MAIN_MONOTONIC_V1_DERIVED,wsl2-ubuntu2404-x64-20261004,"[""--useJIT=false"",""--useLLInt=true"",""--validateOptions=true""]",65c824a055405bf62b05e21d54515a72a1f0187a4d91225d00a6da969d35879f,2d69cd0f378ac81268393d02ed0e875934a3b51acde0b9a357e02651d265c871,"[{""path"":""/mnt/c/Users/mzyx/Desktop/0921/js-interpreter-bench/experiments/three_engine_baseline/adapters/jsc.js"",""sha256"":""f9ddbb9556352e283b9c9feebc8bdd0ef1abac5bcdf1ab7a5d83945fa3c9437b""},{""path"":""/mnt/c/Users/mzyx/Desktop/0921/js-interpreter-bench/experiments/timer_recovery/adapters/jsc.js"",""sha256"":""0c485996a598b7e36f2f292b66397adc0390cbe6b69b55199e47e1c6c1e37010""}]",7354c1868ce2f8a6cc0d43c8be772c69eece3966b70d20df8f98270cddf07e2b,41943040,41943040,"{""mode"":""MAIN_MONOTONIC_V1_DERIVED"",""variant"":""richards_fields"",""N"":256,""checksum"":41943040,""correctness"":""PASS"",""warmup_calls"":0,""start_ms"":0,""stop_ms"":1423.26,""elapsed_ms"":1423.26}",1423.26,5.559609375,[],True
0,"WB_RESULT:{""mode"":""MAIN_MONOTONIC_V1_DERIVED"",""variant"":""richards_fields"",""N"":256,""checksum"":41943040,""correctness"":""PASS"",""warmup_calls"":0,""start_ms"":119542.753776,""stop_ms"":121480.987266,""elapsed_ms"":1938.2334899999987}
",,"[""/home/mzyx/three_engine_20261004/quickjs-04be246001599f5995fa2f2d8c91a0f198d3f34c/qjs"",""-I"",""/mnt/c/Users/mzyx/Desktop/0921/js-interpreter-bench/experiments/three_engine_baseline/adapters/quickjs.js"",""-I"",""/mnt/c/Users/mzyx/Desktop/0921/js-interpreter-bench/experiments/timer_recovery/adapters/quickjs.js"",""/mnt/c/Users/mzyx/Desktop/0921/js-interpreter-bench/experiments/whitebox_analysis/attempt01/microbench/generated/richards_fields.N256.js""]",/mnt/c/Users/mzyx/Desktop/0921/js-interpreter-bench,2026-10-05T09:07:31.885915+00:00,119531123500,121482334640,b3ee321e-69da-462d-8718-4589949b17d0,1951211140,formal,richards,richards_fields,quickjs,256,15,2,"[""jsc"",""quickjs"",""v8""]",0,MAIN_MONOTONIC_V1_DERIVED,wsl2-ubuntu2404-x64-20261004,[],140d5233b0337d91cb0f994ae4a051e49aa04da8802acfaedf0a01b81a620b79,2d69cd0f378ac81268393d02ed0e875934a3b51acde0b9a357e02651d265c871,"[{""path"":""/mnt/c/Users/mzyx/Desktop/0921/js-interpreter-bench/experiments/three_engine_baseline/adapters/quickjs.js"",""sha256"":""f20aa7b460675d08600a58945203034feb50b2a3515aba579219f648b1235c6c""},{""path"":""/mnt/c/Users/mzyx/Desktop/0921/js-interpreter-bench/experiments/timer_recovery/adapters/quickjs.js"",""sha256"":""cd393c275173f20526562a008951f65a332deffed85e7c804519788b8ebffab7""}]",7354c1868ce2f8a6cc0d43c8be772c69eece3966b70d20df8f98270cddf07e2b,41943040,41943040,"{""mode"":""MAIN_MONOTONIC_V1_DERIVED"",""variant"":""richards_fields"",""N"":256,""checksum"":41943040,""correctness"":""PASS"",""warmup_calls"":0,""start_ms"":119542.753776,""stop_ms"":121480.987266,""elapsed_ms"":1938.2334899999987}",1938.2334899999987,7.571224570312495,[],True
0,"WB_RESULT:{""mode"":""MAIN_MONOTONIC_V1_DERIVED"",""variant"":""richards_fields"",""N"":256,""checksum"":41943040,""correctness"":""PASS"",""warmup_calls"":0,""start_ms"":44.659,""stop_ms"":1721.968,""elapsed_ms"":1677.309}
",,"[""/home/mzyx/three_engine_20261004/v8-linux64-rel-15.6.21/d8"",""--snapshot_blob=/home/mzyx/three_engine_20261004/v8-linux64-rel-15.6.21/snapshot_blob.bin"",""--max-opt=0"",""--no-lazy"",""/mnt/c/Users/mzyx/Desktop/0921/js-interpreter-bench/experiments/three_engine_baseline/adapters/v8.js"",""/mnt/c/Users/mzyx/Desktop/0921/js-interpreter-bench/experiments/timer_recovery/adapters/v8.js"",""/mnt/c/Users/mzyx/Desktop/0921/js-interpreter-bench/experiments/whitebox_analysis/attempt01/microbench/generated/richards_fields.N256.js""]",/mnt/c/Users/mzyx/Desktop/0921/js-interpreter-bench,2026-10-05T09:07:33.752042+00:00,121614525473,123348502629,b3ee321e-69da-462d-8718-4589949b17d0,1733977156,formal,richards,richards_fields,v8,256,15,3,"[""jsc"",""quickjs"",""v8""]",0,MAIN_MONOTONIC_V1_DERIVED,wsl2-ubuntu2404-x64-20261004,"[""--max-opt=0"",""--no-lazy""]",83b744a5953d2662ea723564d4035a333782a0cc85232d1025929a925150b133,2d69cd0f378ac81268393d02ed0e875934a3b51acde0b9a357e02651d265c871,"[{""path"":""/mnt/c/Users/mzyx/Desktop/0921/js-interpreter-bench/experiments/three_engine_baseline/adapters/v8.js"",""sha256"":""0ab3ed677381191d7e7839cbbc3f07895104a8b8299679ab9f37b856d76d3a22""},{""path"":""/mnt/c/Users/mzyx/Desktop/0921/js-interpreter-bench/experiments/timer_recovery/adapters/v8.js"",""sha256"":""e610d3aa3d2672a5e6d5eccd9aaf05c6ae6758d1b9c4468289f017a231ab7d9f""}]",7354c1868ce2f8a6cc0d43c8be772c69eece3966b70d20df8f98270cddf07e2b,41943040,41943040,"{""mode"":""MAIN_MONOTONIC_V1_DERIVED"",""variant"":""richards_fields"",""N"":256,""checksum"":41943040,""correctness"":""PASS"",""warmup_calls"":0,""start_ms"":44.659,""stop_ms"":1721.968,""elapsed_ms"":1677.309}",1677.309,6.55198828125,[],True
0,"WB_RESULT:{""mode"":""MAIN_MONOTONIC_V1_DERIVED"",""variant"":""richards_fields"",""N"":256,""checksum"":41943040,""correctness"":""PASS"",""warmup_calls"":0,""start_ms"":0,""stop_ms"":1548.96,""elapsed_ms"":1548.96}
",,"[""/home/mzyx/jsc_build_fd3406f/JSCOnly/Release/bin/jsc"",""--useJIT=false"",""--useLLInt=true"",""--validateOptions=true"",""/mnt/c/Users/mzyx/Desktop/0921/js-interpreter-bench/experiments/three_engine_baseline/adapters/jsc.js"",""/mnt/c/Users/mzyx/Desktop/0921/js-interpreter-bench/experiments/timer_recovery/adapters/jsc.js"",""/mnt/c/Users/mzyx/Desktop/0921/js-interpreter-bench/experiments/whitebox_analysis/attempt01/microbench/generated/richards_fields.N256.js""]",/mnt/c/Users/mzyx/Desktop/0921/js-interpreter-bench,2026-10-05T09:11:32.607434+00:00,377696316183,379276501022,b3ee321e-69da-462d-8718-4589949b17d0,1580184839,formal,richards,richards_fields,jsc,256,16,3,"[""v8"",""quickjs"",""jsc""]",48,MAIN_MONOTONIC_V1_DERIVED,wsl2-ubuntu2404-x64-20261004,"[""--useJIT=false"",""--useLLInt=true"",""--validateOptions=true""]",65c824a055405bf62b05e21d54515a72a1f0187a4d91225d00a6da969d35879f,2d69cd0f378ac81268393d02ed0e875934a3b51acde0b9a357e02651d265c871,"[{""path"":""/mnt/c/Users/mzyx/Desktop/0921/js-interpreter-bench/experiments/three_engine_baseline/adapters/jsc.js"",""sha256"":""f9ddbb9556352e283b9c9feebc8bdd0ef1abac5bcdf1ab7a5d83945fa3c9437b""},{""path"":""/mnt/c/Users/mzyx/Desktop/0921/js-interpreter-bench/experiments/timer_recovery/adapters/jsc.js"",""sha256"":""0c485996a598b7e36f2f292b66397adc0390cbe6b69b55199e47e1c6c1e37010""}]",7354c1868ce2f8a6cc0d43c8be772c69eece3966b70d20df8f98270cddf07e2b,41943040,41943040,"{""mode"":""MAIN_MONOTONIC_V1_DERIVED"",""variant"":""richards_fields"",""N"":256,""checksum"":41943040,""correctness"":""PASS"",""warmup_calls"":0,""start_ms"":0,""stop_ms"":1548.96,""elapsed_ms"":1548.96}",1548.96,6.050625,[],True
0,"WB_RESULT:{""mode"":""MAIN_MONOTONIC_V1_DERIVED"",""variant"":""richards_fields"",""N"":256,""checksum"":41943040,""correctness"":""PASS"",""warmup_calls"":0,""start_ms"":375499.487012,""stop_ms"":377565.43698,""elapsed_ms"":2065.949968000001}
",,"[""/home/mzyx/three_engine_20261004/quickjs-04be246001599f5995fa2f2d8c91a0f198d3f34c/qjs"",""-I"",""/mnt/c/Users/mzyx/Desktop/0921/js-interpreter-bench/experiments/three_engine_baseline/adapters/quickjs.js"",""-I"",""/mnt/c/Users/mzyx/Desktop/0921/js-interpreter-bench/experiments/timer_recovery/adapters/quickjs.js"",""/mnt/c/Users/mzyx/Desktop/0921/js-interpreter-bench/experiments/whitebox_analysis/attempt01/microbench/generated/richards_fields.N256.js""]",/mnt/c/Users/mzyx/Desktop/0921/js-interpreter-bench,2026-10-05T09:11:33.060823+00:00,375487762377,377566124026,b3ee321e-69da-462d-8718-4589949b17d0,2078361649,formal,richards,richards_fields,quickjs,256,16,2,"[""v8"",""quickjs"",""jsc""]",48,MAIN_MONOTONIC_V1_DERIVED,wsl2-ubuntu2404-x64-20261004,[],140d5233b0337d91cb0f994ae4a051e49aa04da8802acfaedf0a01b81a620b79,2d69cd0f378ac81268393d02ed0e875934a3b51acde0b9a357e02651d265c871,"[{""path"":""/mnt/c/Users/mzyx/Desktop/0921/js-interpreter-bench/experiments/three_engine_baseline/adapters/quickjs.js"",""sha256"":""f20aa7b460675d08600a58945203034feb50b2a3515aba579219f648b1235c6c""},{""path"":""/mnt/c/Users/mzyx/Desktop/0921/js-interpreter-bench/experiments/timer_recovery/adapters/quickjs.js"",""sha256"":""cd393c275173f20526562a008951f65a332deffed85e7c804519788b8ebffab7""}]",7354c1868ce2f8a6cc0d43c8be772c69eece3966b70d20df8f98270cddf07e2b,41943040,41943040,"{""mode"":""MAIN_MONOTONIC_V1_DERIVED"",""variant"":""richards_fields"",""N"":256,""checksum"":41943040,""correctness"":""PASS"",""warmup_calls"":0,""start_ms"":375499.487012,""stop_ms"":377565.43698,""elapsed_ms"":2065.949968000001}",2065.949968000001,8.070117062500003,[],True
0,"WB_RESULT:{""mode"":""MAIN_MONOTONIC_V1_DERIVED"",""variant"":""richards_fields"",""N"":256,""checksum"":41943040,""correctness"":""PASS"",""warmup_calls"":0,""start_ms"":29.234,""stop_ms"":1792.419,""elapsed_ms"":1763.1850000000002}
",,"[""/home/mzyx/three_engine_20261004/v8-linux64-rel-15.6.21/d8"",""--snapshot_blob=/home/mzyx/three_engine_20261004/v8-linux64-rel-15.6.21/snapshot_blob.bin"",""--max-opt=0"",""--no-lazy"",""/mnt/c/Users/mzyx/Desktop/0921/js-interpreter-bench/experiments/three_engine_baseline/adapters/v8.js"",""/mnt/c/Users/mzyx/Desktop/0921/js-interpreter-bench/experiments/timer_recovery/adapters/v8.js"",""/mnt/c/Users/mzyx/Desktop/0921/js-interpreter-bench/experiments/whitebox_analysis/attempt01/microbench/generated/richards_fields.N256.js""]",/mnt/c/Users/mzyx/Desktop/0921/js-interpreter-bench,2026-10-05T09:11:30.852705+00:00,373556719696,375358009481,b3ee321e-69da-462d-8718-4589949b17d0,1801289785,formal,richards,richards_fields,v8,256,16,1,"[""v8"",""quickjs"",""jsc""]",48,MAIN_MONOTONIC_V1_DERIVED,wsl2-ubuntu2404-x64-20261004,"[""--max-opt=0"",""--no-lazy""]",83b744a5953d2662ea723564d4035a333782a0cc85232d1025929a925150b133,2d69cd0f378ac81268393d02ed0e875934a3b51acde0b9a357e02651d265c871,"[{""path"":""/mnt/c/Users/mzyx/Desktop/0921/js-interpreter-bench/experiments/three_engine_baseline/adapters/v8.js"",""sha256"":""0ab3ed677381191d7e7839cbbc3f07895104a8b8299679ab9f37b856d76d3a22""},{""path"":""/mnt/c/Users/mzyx/Desktop/0921/js-interpreter-bench/experiments/timer_recovery/adapters/v8.js"",""sha256"":""e610d3aa3d2672a5e6d5eccd9aaf05c6ae6758d1b9c4468289f017a231ab7d9f""}]",7354c1868ce2f8a6cc0d43c8be772c69eece3966b70d20df8f98270cddf07e2b,41943040,41943040,"{""mode"":""MAIN_MONOTONIC_V1_DERIVED"",""variant"":""richards_fields"",""N"":256,""checksum"":41943040,""correctness"":""PASS"",""warmup_calls"":0,""start_ms"":29.234,""stop_ms"":1792.419,""elapsed_ms"":1763.1850000000002}",1763.1850000000002,6.887441406250001,[],True
0,"WB_RESULT:{""mode"":""MAIN_MONOTONIC_V1_DERIVED"",""variant"":""richards_fields"",""N"":256,""checksum"":41943040,""correctness"":""PASS"",""warmup_calls"":0,""start_ms"":0,""stop_ms"":1547.34,""elapsed_ms"":1547.34}
",,"[""/home/mzyx/jsc_build_fd3406f/JSCOnly/Release/bin/jsc"",""--useJIT=false"",""--useLLInt=true"",""--validateOptions=true"",""/mnt/c/Users/mzyx/Desktop/0921/js-interpreter-bench/experiments/three_engine_baseline/adapters/jsc.js"",""/mnt/c/Users/mzyx/Desktop/0921/js-interpreter-bench/experiments/timer_recovery/adapters/jsc.js"",""/mnt/c/Users/mzyx/Desktop/0921/js-interpreter-bench/experiments/whitebox_analysis/attempt01/microbench/generated/richards_fields.N256.js""]",/mnt/c/Users/mzyx/Desktop/0921/js-interpreter-bench,2026-10-05T09:14:42.866871+00:00,581471705197,583049571594,b3ee321e-69da-462d-8718-4589949b17d0,1577866397,formal,richards,richards_fields,jsc,256,17,3,"[""quickjs"",""v8"",""jsc""]",85,MAIN_MONOTONIC_V1_DERIVED,wsl2-ubuntu2404-x64-20261004,"[""--useJIT=false"",""--useLLInt=true"",""--validateOptions=true""]",65c824a055405bf62b05e21d54515a72a1f0187a4d91225d00a6da969d35879f,2d69cd0f378ac81268393d02ed0e875934a3b51acde0b9a357e02651d265c871,"[{""path"":""/mnt/c/Users/mzyx/Desktop/0921/js-interpreter-bench/experiments/three_engine_baseline/adapters/jsc.js"",""sha256"":""f9ddbb9556352e283b9c9feebc8bdd0ef1abac5bcdf1ab7a5d83945fa3c9437b""},{""path"":""/mnt/c/Users/mzyx/Desktop/0921/js-interpreter-bench/experiments/timer_recovery/adapters/jsc.js"",""sha256"":""0c485996a598b7e36f2f292b66397adc0390cbe6b69b55199e47e1c6c1e37010""}]",7354c1868ce2f8a6cc0d43c8be772c69eece3966b70d20df8f98270cddf07e2b,41943040,41943040,"{""mode"":""MAIN_MONOTONIC_V1_DERIVED"",""variant"":""richards_fields"",""N"":256,""checksum"":41943040,""correctness"":""PASS"",""warmup_calls"":0,""start_ms"":0,""stop_ms"":1547.34,""elapsed_ms"":1547.34}",1547.34,6.044296875,[],True
0,"WB_RESULT:{""mode"":""MAIN_MONOTONIC_V1_DERIVED"",""variant"":""richards_fields"",""N"":256,""checksum"":41943040,""correctness"":""PASS"",""warmup_calls"":0,""start_ms"":577357.818708,""stop_ms"":579423.486541,""elapsed_ms"":2065.667832999956}
",,"[""/home/mzyx/three_engine_20261004/quickjs-04be246001599f5995fa2f2d8c91a0f198d3f34c/qjs"",""-I"",""/mnt/c/Users/mzyx/Desktop/0921/js-interpreter-bench/experiments/three_engine_baseline/adapters/quickjs.js"",""-I"",""/mnt/c/Users/mzyx/Desktop/0921/js-interpreter-bench/experiments/timer_recovery/adapters/quickjs.js"",""/mnt/c/Users/mzyx/Desktop/0921/js-interpreter-bench/experiments/whitebox_analysis/attempt01/microbench/generated/richards_fields.N256.js""]",/mnt/c/Users/mzyx/Desktop/0921/js-interpreter-bench,2026-10-05T09:14:39.241559+00:00,577346773297,579424250540,b3ee321e-69da-462d-8718-4589949b17d0,2077477243,formal,richards,richards_fields,quickjs,256,17,1,"[""quickjs"",""v8"",""jsc""]",85,MAIN_MONOTONIC_V1_DERIVED,wsl2-ubuntu2404-x64-20261004,[],140d5233b0337d91cb0f994ae4a051e49aa04da8802acfaedf0a01b81a620b79,2d69cd0f378ac81268393d02ed0e875934a3b51acde0b9a357e02651d265c871,"[{""path"":""/mnt/c/Users/mzyx/Desktop/0921/js-interpreter-bench/experiments/three_engine_baseline/adapters/quickjs.js"",""sha256"":""f20aa7b460675d08600a58945203034feb50b2a3515aba579219f648b1235c6c""},{""path"":""/mnt/c/Users/mzyx/Desktop/0921/js-interpreter-bench/experiments/timer_recovery/adapters/quickjs.js"",""sha256"":""cd393c275173f20526562a008951f65a332deffed85e7c804519788b8ebffab7""}]",7354c1868ce2f8a6cc0d43c8be772c69eece3966b70d20df8f98270cddf07e2b,41943040,41943040,"{""mode"":""MAIN_MONOTONIC_V1_DERIVED"",""variant"":""richards_fields"",""N"":256,""checksum"":41943040,""correctness"":""PASS"",""warmup_calls"":0,""start_ms"":577357.818708,""stop_ms"":579423.486541,""elapsed_ms"":2065.667832999956}",2065.667832999956,8.069014972656078,[],True
0,"WB_RESULT:{""mode"":""MAIN_MONOTONIC_V1_DERIVED"",""variant"":""richards_fields"",""N"":256,""checksum"":41943040,""correctness"":""PASS"",""warmup_calls"":0,""start_ms"":27.989,""stop_ms"":1758.145,""elapsed_ms"":1730.156}
",,"[""/home/mzyx/three_engine_20261004/v8-linux64-rel-15.6.21/d8"",""--snapshot_blob=/home/mzyx/three_engine_20261004/v8-linux64-rel-15.6.21/snapshot_blob.bin"",""--max-opt=0"",""--no-lazy"",""/mnt/c/Users/mzyx/Desktop/0921/js-interpreter-bench/experiments/three_engine_baseline/adapters/v8.js"",""/mnt/c/Users/mzyx/Desktop/0921/js-interpreter-bench/experiments/timer_recovery/adapters/v8.js"",""/mnt/c/Users/mzyx/Desktop/0921/js-interpreter-bench/experiments/whitebox_analysis/attempt01/microbench/generated/richards_fields.N256.js""]",/mnt/c/Users/mzyx/Desktop/0921/js-interpreter-bench,2026-10-05T09:14:41.143674+00:00,579558811521,581326366161,b3ee321e-69da-462d-8718-4589949b17d0,1767554640,formal,richards,richards_fields,v8,256,17,2,"[""quickjs"",""v8"",""jsc""]",85,MAIN_MONOTONIC_V1_DERIVED,wsl2-ubuntu2404-x64-20261004,"[""--max-opt=0"",""--no-lazy""]",83b744a5953d2662ea723564d4035a333782a0cc85232d1025929a925150b133,2d69cd0f378ac81268393d02ed0e875934a3b51acde0b9a357e02651d265c871,"[{""path"":""/mnt/c/Users/mzyx/Desktop/0921/js-interpreter-bench/experiments/three_engine_baseline/adapters/v8.js"",""sha256"":""0ab3ed677381191d7e7839cbbc3f07895104a8b8299679ab9f37b856d76d3a22""},{""path"":""/mnt/c/Users/mzyx/Desktop/0921/js-interpreter-bench/experiments/timer_recovery/adapters/v8.js"",""sha256"":""e610d3aa3d2672a5e6d5eccd9aaf05c6ae6758d1b9c4468289f017a231ab7d9f""}]",7354c1868ce2f8a6cc0d43c8be772c69eece3966b70d20df8f98270cddf07e2b,41943040,41943040,"{""mode"":""MAIN_MONOTONIC_V1_DERIVED"",""variant"":""richards_fields"",""N"":256,""checksum"":41943040,""correctness"":""PASS"",""warmup_calls"":0,""start_ms"":27.989,""stop_ms"":1758.145,""elapsed_ms"":1730.156}",1730.156,6.758421875,[],True
0,"WB_RESULT:{""mode"":""MAIN_MONOTONIC_V1_DERIVED"",""variant"":""richards_fields"",""N"":256,""checksum"":41943040,""correctness"":""PASS"",""warmup_calls"":0,""start_ms"":0,""stop_ms"":1555.54,""elapsed_ms"":1555.54}
",,"[""/home/mzyx/jsc_build_fd3406f/JSCOnly/Release/bin/jsc"",""--useJIT=false"",""--useLLInt=true"",""--validateOptions=true"",""/mnt/c/Users/mzyx/Desktop/0921/js-interpreter-bench/experiments/three_engine_baseline/adapters/jsc.js"",""/mnt/c/Users/mzyx/Desktop/0921/js-interpreter-bench/experiments/timer_recovery/adapters/jsc.js"",""/mnt/c/Users/mzyx/Desktop/0921/js-interpreter-bench/experiments/whitebox_analysis/attempt01/microbench/generated/richards_fields.N256.js""]",/mnt/c/Users/mzyx/Desktop/0921/js-interpreter-bench,2026-10-05T09:16:05.326859+00:00,670500715761,672084184423,b3ee321e-69da-462d-8718-4589949b17d0,1583468662,formal,richards,richards_fields,jsc,256,18,1,"[""jsc"",""v8"",""quickjs""]",102,MAIN_MONOTONIC_V1_DERIVED,wsl2-ubuntu2404-x64-20261004,"[""--useJIT=false"",""--useLLInt=true"",""--validateOptions=true""]",65c824a055405bf62b05e21d54515a72a1f0187a4d91225d00a6da969d35879f,2d69cd0f378ac81268393d02ed0e875934a3b51acde0b9a357e02651d265c871,"[{""path"":""/mnt/c/Users/mzyx/Desktop/0921/js-interpreter-bench/experiments/three_engine_baseline/adapters/jsc.js"",""sha256"":""f9ddbb9556352e283b9c9feebc8bdd0ef1abac5bcdf1ab7a5d83945fa3c9437b""},{""path"":""/mnt/c/Users/mzyx/Desktop/0921/js-interpreter-bench/experiments/timer_recovery/adapters/jsc.js"",""sha256"":""0c485996a598b7e36f2f292b66397adc0390cbe6b69b55199e47e1c6c1e37010""}]",7354c1868ce2f8a6cc0d43c8be772c69eece3966b70d20df8f98270cddf07e2b,41943040,41943040,"{""mode"":""MAIN_MONOTONIC_V1_DERIVED"",""variant"":""richards_fields"",""N"":256,""checksum"":41943040,""correctness"":""PASS"",""warmup_calls"":0,""start_ms"":0,""stop_ms"":1555.54,""elapsed_ms"":1555.54}",1555.54,6.076328125,[],True
0,"WB_RESULT:{""mode"":""MAIN_MONOTONIC_V1_DERIVED"",""variant"":""richards_fields"",""N"":256,""checksum"":41943040,""correctness"":""PASS"",""warmup_calls"":0,""start_ms"":674128.729217,""stop_ms"":676142.349793,""elapsed_ms"":2013.620576000074}
",,"[""/home/mzyx/three_engine_20261004/quickjs-04be246001599f5995fa2f2d8c91a0f198d3f34c/qjs"",""-I"",""/mnt/c/Users/mzyx/Desktop/0921/js-interpreter-bench/experiments/three_engine_baseline/adapters/quickjs.js"",""-I"",""/mnt/c/Users/mzyx/Desktop/0921/js-interpreter-bench/experiments/timer_recovery/adapters/quickjs.js"",""/mnt/c/Users/mzyx/Desktop/0921/js-interpreter-bench/experiments/whitebox_analysis/attempt01/microbench/generated/richards_fields.N256.js""]",/mnt/c/Users/mzyx/Desktop/0921/js-interpreter-bench,2026-10-05T09:16:09.385845+00:00,674117643697,676143168138,b3ee321e-69da-462d-8718-4589949b17d0,2025524441,formal,richards,richards_fields,quickjs,256,18,3,"[""jsc"",""v8"",""quickjs""]",102,MAIN_MONOTONIC_V1_DERIVED,wsl2-ubuntu2404-x64-20261004,[],140d5233b0337d91cb0f994ae4a051e49aa04da8802acfaedf0a01b81a620b79,2d69cd0f378ac81268393d02ed0e875934a3b51acde0b9a357e02651d265c871,"[{""path"":""/mnt/c/Users/mzyx/Desktop/0921/js-interpreter-bench/experiments/three_engine_baseline/adapters/quickjs.js"",""sha256"":""f20aa7b460675d08600a58945203034feb50b2a3515aba579219f648b1235c6c""},{""path"":""/mnt/c/Users/mzyx/Desktop/0921/js-interpreter-bench/experiments/timer_recovery/adapters/quickjs.js"",""sha256"":""cd393c275173f20526562a008951f65a332deffed85e7c804519788b8ebffab7""}]",7354c1868ce2f8a6cc0d43c8be772c69eece3966b70d20df8f98270cddf07e2b,41943040,41943040,"{""mode"":""MAIN_MONOTONIC_V1_DERIVED"",""variant"":""richards_fields"",""N"":256,""checksum"":41943040,""correctness"":""PASS"",""warmup_calls"":0,""start_ms"":674128.729217,""stop_ms"":676142.349793,""elapsed_ms"":2013.620576000074}",2013.620576000074,7.865705375000289,[],True
0,"WB_RESULT:{""mode"":""MAIN_MONOTONIC_V1_DERIVED"",""variant"":""richards_fields"",""N"":256,""checksum"":41943040,""correctness"":""PASS"",""warmup_calls"":0,""start_ms"":29.852,""stop_ms"":1770.279,""elapsed_ms"":1740.427}
",,"[""/home/mzyx/three_engine_20261004/v8-linux64-rel-15.6.21/d8"",""--snapshot_blob=/home/mzyx/three_engine_20261004/v8-linux64-rel-15.6.21/snapshot_blob.bin"",""--max-opt=0"",""--no-lazy"",""/mnt/c/Users/mzyx/Desktop/0921/js-interpreter-bench/experiments/three_engine_baseline/adapters/v8.js"",""/mnt/c/Users/mzyx/Desktop/0921/js-interpreter-bench/experiments/timer_recovery/adapters/v8.js"",""/mnt/c/Users/mzyx/Desktop/0921/js-interpreter-bench/experiments/whitebox_analysis/attempt01/microbench/generated/richards_fields.N256.js""]",/mnt/c/Users/mzyx/Desktop/0921/js-interpreter-bench,2026-10-05T09:16:07.241698+00:00,672219774613,673999068360,b3ee321e-69da-462d-8718-4589949b17d0,1779293747,formal,richards,richards_fields,v8,256,18,2,"[""jsc"",""v8"",""quickjs""]",102,MAIN_MONOTONIC_V1_DERIVED,wsl2-ubuntu2404-x64-20261004,"[""--max-opt=0"",""--no-lazy""]",83b744a5953d2662ea723564d4035a333782a0cc85232d1025929a925150b133,2d69cd0f378ac81268393d02ed0e875934a3b51acde0b9a357e02651d265c871,"[{""path"":""/mnt/c/Users/mzyx/Desktop/0921/js-interpreter-bench/experiments/three_engine_baseline/adapters/v8.js"",""sha256"":""0ab3ed677381191d7e7839cbbc3f07895104a8b8299679ab9f37b856d76d3a22""},{""path"":""/mnt/c/Users/mzyx/Desktop/0921/js-interpreter-bench/experiments/timer_recovery/adapters/v8.js"",""sha256"":""e610d3aa3d2672a5e6d5eccd9aaf05c6ae6758d1b9c4468289f017a231ab7d9f""}]",7354c1868ce2f8a6cc0d43c8be772c69eece3966b70d20df8f98270cddf07e2b,41943040,41943040,"{""mode"":""MAIN_MONOTONIC_V1_DERIVED"",""variant"":""richards_fields"",""N"":256,""checksum"":41943040,""correctness"":""PASS"",""warmup_calls"":0,""start_ms"":29.852,""stop_ms"":1770.279,""elapsed_ms"":1740.427}",1740.427,6.79854296875,[],True
0,"WB_RESULT:{""mode"":""MAIN_MONOTONIC_V1_DERIVED"",""variant"":""richards_fields"",""N"":256,""checksum"":41943040,""correctness"":""PASS"",""warmup_calls"":0,""start_ms"":0,""stop_ms"":1909.74,""elapsed_ms"":1909.74}
",,"[""/home/mzyx/jsc_build_fd3406f/JSCOnly/Release/bin/jsc"",""--useJIT=false"",""--useLLInt=true"",""--validateOptions=true"",""/mnt/c/Users/mzyx/Desktop/0921/js-interpreter-bench/experiments/three_engine_baseline/adapters/jsc.js"",""/mnt/c/Users/mzyx/Desktop/0921/js-interpreter-bench/experiments/timer_recovery/adapters/jsc.js"",""/mnt/c/Users/mzyx/Desktop/0921/js-interpreter-bench/experiments/whitebox_analysis/attempt01/microbench/generated/richards_fields.N256.js""]",/mnt/c/Users/mzyx/Desktop/0921/js-interpreter-bench,2026-10-05T09:10:02.754269+00:00,281073167827,283019591407,b3ee321e-69da-462d-8718-4589949b17d0,1946423580,formal,richards,richards_fields,jsc,256,19,2,"[""v8"",""jsc"",""quickjs""]",30,MAIN_MONOTONIC_V1_DERIVED,wsl2-ubuntu2404-x64-20261004,"[""--useJIT=false"",""--useLLInt=true"",""--validateOptions=true""]",65c824a055405bf62b05e21d54515a72a1f0187a4d91225d00a6da969d35879f,2d69cd0f378ac81268393d02ed0e875934a3b51acde0b9a357e02651d265c871,"[{""path"":""/mnt/c/Users/mzyx/Desktop/0921/js-interpreter-bench/experiments/three_engine_baseline/adapters/jsc.js"",""sha256"":""f9ddbb9556352e283b9c9feebc8bdd0ef1abac5bcdf1ab7a5d83945fa3c9437b""},{""path"":""/mnt/c/Users/mzyx/Desktop/0921/js-interpreter-bench/experiments/timer_recovery/adapters/jsc.js"",""sha256"":""0c485996a598b7e36f2f292b66397adc0390cbe6b69b55199e47e1c6c1e37010""}]",7354c1868ce2f8a6cc0d43c8be772c69eece3966b70d20df8f98270cddf07e2b,41943040,41943040,"{""mode"":""MAIN_MONOTONIC_V1_DERIVED"",""variant"":""richards_fields"",""N"":256,""checksum"":41943040,""correctness"":""PASS"",""warmup_calls"":0,""start_ms"":0,""stop_ms"":1909.74,""elapsed_ms"":1909.74}",1909.74,7.459921875,[],True
0,"WB_RESULT:{""mode"":""MAIN_MONOTONIC_V1_DERIVED"",""variant"":""richards_fields"",""N"":256,""checksum"":41943040,""correctness"":""PASS"",""warmup_calls"":0,""start_ms"":283165.5279,""stop_ms"":285183.818785,""elapsed_ms"":2018.290885000024}
",,"[""/home/mzyx/three_engine_20261004/quickjs-04be246001599f5995fa2f2d8c91a0f198d3f34c/qjs"",""-I"",""/mnt/c/Users/mzyx/Desktop/0921/js-interpreter-bench/experiments/three_engine_baseline/adapters/quickjs.js"",""-I"",""/mnt/c/Users/mzyx/Desktop/0921/js-interpreter-bench/experiments/timer_recovery/adapters/quickjs.js"",""/mnt/c/Users/mzyx/Desktop/0921/js-interpreter-bench/experiments/whitebox_analysis/attempt01/microbench/generated/richards_fields.N256.js""]",/mnt/c/Users/mzyx/Desktop/0921/js-interpreter-bench,2026-10-05T09:10:04.919291+00:00,283153458141,285184625527,b3ee321e-69da-462d-8718-4589949b17d0,2031167386,formal,richards,richards_fields,quickjs,256,19,3,"[""v8"",""jsc"",""quickjs""]",30,MAIN_MONOTONIC_V1_DERIVED,wsl2-ubuntu2404-x64-20261004,[],140d5233b0337d91cb0f994ae4a051e49aa04da8802acfaedf0a01b81a620b79,2d69cd0f378ac81268393d02ed0e875934a3b51acde0b9a357e02651d265c871,"[{""path"":""/mnt/c/Users/mzyx/Desktop/0921/js-interpreter-bench/experiments/three_engine_baseline/adapters/quickjs.js"",""sha256"":""f20aa7b460675d08600a58945203034feb50b2a3515aba579219f648b1235c6c""},{""path"":""/mnt/c/Users/mzyx/Desktop/0921/js-interpreter-bench/experiments/timer_recovery/adapters/quickjs.js"",""sha256"":""cd393c275173f20526562a008951f65a332deffed85e7c804519788b8ebffab7""}]",7354c1868ce2f8a6cc0d43c8be772c69eece3966b70d20df8f98270cddf07e2b,41943040,41943040,"{""mode"":""MAIN_MONOTONIC_V1_DERIVED"",""variant"":""richards_fields"",""N"":256,""checksum"":41943040,""correctness"":""PASS"",""warmup_calls"":0,""start_ms"":283165.5279,""stop_ms"":285183.818785,""elapsed_ms"":2018.290885000024}",2018.290885000024,7.883948769531344,[],True
0,"WB_RESULT:{""mode"":""MAIN_MONOTONIC_V1_DERIVED"",""variant"":""richards_fields"",""N"":256,""checksum"":41943040,""correctness"":""PASS"",""warmup_calls"":0,""start_ms"":45.892,""stop_ms"":1747.748,""elapsed_ms"":1701.856}
",,"[""/home/mzyx/three_engine_20261004/v8-linux64-rel-15.6.21/d8"",""--snapshot_blob=/home/mzyx/three_engine_20261004/v8-linux64-rel-15.6.21/snapshot_blob.bin"",""--max-opt=0"",""--no-lazy"",""/mnt/c/Users/mzyx/Desktop/0921/js-interpreter-bench/experiments/three_engine_baseline/adapters/v8.js"",""/mnt/c/Users/mzyx/Desktop/0921/js-interpreter-bench/experiments/timer_recovery/adapters/v8.js"",""/mnt/c/Users/mzyx/Desktop/0921/js-interpreter-bench/experiments/whitebox_analysis/attempt01/microbench/generated/richards_fields.N256.js""]",/mnt/c/Users/mzyx/Desktop/0921/js-interpreter-bench,2026-10-05T09:10:02.911589+00:00,279185959291,280943715276,b3ee321e-69da-462d-8718-4589949b17d0,1757755985,formal,richards,richards_fields,v8,256,19,1,"[""v8"",""jsc"",""quickjs""]",30,MAIN_MONOTONIC_V1_DERIVED,wsl2-ubuntu2404-x64-20261004,"[""--max-opt=0"",""--no-lazy""]",83b744a5953d2662ea723564d4035a333782a0cc85232d1025929a925150b133,2d69cd0f378ac81268393d02ed0e875934a3b51acde0b9a357e02651d265c871,"[{""path"":""/mnt/c/Users/mzyx/Desktop/0921/js-interpreter-bench/experiments/three_engine_baseline/adapters/v8.js"",""sha256"":""0ab3ed677381191d7e7839cbbc3f07895104a8b8299679ab9f37b856d76d3a22""},{""path"":""/mnt/c/Users/mzyx/Desktop/0921/js-interpreter-bench/experiments/timer_recovery/adapters/v8.js"",""sha256"":""e610d3aa3d2672a5e6d5eccd9aaf05c6ae6758d1b9c4468289f017a231ab7d9f""}]",7354c1868ce2f8a6cc0d43c8be772c69eece3966b70d20df8f98270cddf07e2b,41943040,41943040,"{""mode"":""MAIN_MONOTONIC_V1_DERIVED"",""variant"":""richards_fields"",""N"":256,""checksum"":41943040,""correctness"":""PASS"",""warmup_calls"":0,""start_ms"":45.892,""stop_ms"":1747.748,""elapsed_ms"":1701.856}",1701.856,6.647875,[],True
0,"WB_RESULT:{""mode"":""MAIN_MONOTONIC_V1_DERIVED"",""variant"":""richards_fields"",""N"":256,""checksum"":41943040,""correctness"":""PASS"",""warmup_calls"":0,""start_ms"":0,""stop_ms"":1532.86,""elapsed_ms"":1532.86}
",,"[""/home/mzyx/jsc_build_fd3406f/JSCOnly/Release/bin/jsc"",""--useJIT=false"",""--useLLInt=true"",""--validateOptions=true"",""/mnt/c/Users/mzyx/Desktop/0921/js-interpreter-bench/experiments/three_engine_baseline/adapters/jsc.js"",""/mnt/c/Users/mzyx/Desktop/0921/js-interpreter-bench/experiments/timer_recovery/adapters/jsc.js"",""/mnt/c/Users/mzyx/Desktop/0921/js-interpreter-bench/experiments/whitebox_analysis/attempt01/microbench/generated/richards_fields.N256.js""]",/mnt/c/Users/mzyx/Desktop/0921/js-interpreter-bench,2026-10-05T09:12:46.804703+00:00,456320477940,457878655288,b3ee321e-69da-462d-8718-4589949b17d0,1558177348,formal,richards,richards_fields,jsc,256,2,1,"[""jsc"",""v8"",""quickjs""]",63,MAIN_MONOTONIC_V1_DERIVED,wsl2-ubuntu2404-x64-20261004,"[""--useJIT=false"",""--useLLInt=true"",""--validateOptions=true""]",65c824a055405bf62b05e21d54515a72a1f0187a4d91225d00a6da969d35879f,2d69cd0f378ac81268393d02ed0e875934a3b51acde0b9a357e02651d265c871,"[{""path"":""/mnt/c/Users/mzyx/Desktop/0921/js-interpreter-bench/experiments/three_engine_baseline/adapters/jsc.js"",""sha256"":""f9ddbb9556352e283b9c9feebc8bdd0ef1abac5bcdf1ab7a5d83945fa3c9437b""},{""path"":""/mnt/c/Users/mzyx/Desktop/0921/js-interpreter-bench/experiments/timer_recovery/adapters/jsc.js"",""sha256"":""0c485996a598b7e36f2f292b66397adc0390cbe6b69b55199e47e1c6c1e37010""}]",7354c1868ce2f8a6cc0d43c8be772c69eece3966b70d20df8f98270cddf07e2b,41943040,41943040,"{""mode"":""MAIN_MONOTONIC_V1_DERIVED"",""variant"":""richards_fields"",""N"":256,""checksum"":41943040,""correctness"":""PASS"",""warmup_calls"":0,""start_ms"":0,""stop_ms"":1532.86,""elapsed_ms"":1532.86}",1532.86,5.987734375,[],True
0,"WB_RESULT:{""mode"":""MAIN_MONOTONIC_V1_DERIVED"",""variant"":""richards_fields"",""N"":256,""checksum"":41943040,""correctness"":""PASS"",""warmup_calls"":0,""start_ms"":459861.672955,""stop_ms"":462016.640788,""elapsed_ms"":2154.9678330000024}
",,"[""/home/mzyx/three_engine_20261004/quickjs-04be246001599f5995fa2f2d8c91a0f198d3f34c/qjs"",""-I"",""/mnt/c/Users/mzyx/Desktop/0921/js-interpreter-bench/experiments/three_engine_baseline/adapters/quickjs.js"",""-I"",""/mnt/c/Users/mzyx/Desktop/0921/js-interpreter-bench/experiments/timer_recovery/adapters/quickjs.js"",""/mnt/c/Users/mzyx/Desktop/0921/js-interpreter-bench/experiments/whitebox_analysis/attempt01/microbench/generated/richards_fields.N256.js""]",/mnt/c/Users/mzyx/Desktop/0921/js-interpreter-bench,2026-10-05T09:12:50.943785+00:00,459849810409,462017737851,b3ee321e-69da-462d-8718-4589949b17d0,2167927442,formal,richards,richards_fields,quickjs,256,2,3,"[""jsc"",""v8"",""quickjs""]",63,MAIN_MONOTONIC_V1_DERIVED,wsl2-ubuntu2404-x64-20261004,[],140d5233b0337d91cb0f994ae4a051e49aa04da8802acfaedf0a01b81a620b79,2d69cd0f378ac81268393d02ed0e875934a3b51acde0b9a357e02651d265c871,"[{""path"":""/mnt/c/Users/mzyx/Desktop/0921/js-interpreter-bench/experiments/three_engine_baseline/adapters/quickjs.js"",""sha256"":""f20aa7b460675d08600a58945203034feb50b2a3515aba579219f648b1235c6c""},{""path"":""/mnt/c/Users/mzyx/Desktop/0921/js-interpreter-bench/experiments/timer_recovery/adapters/quickjs.js"",""sha256"":""cd393c275173f20526562a008951f65a332deffed85e7c804519788b8ebffab7""}]",7354c1868ce2f8a6cc0d43c8be772c69eece3966b70d20df8f98270cddf07e2b,41943040,41943040,"{""mode"":""MAIN_MONOTONIC_V1_DERIVED"",""variant"":""richards_fields"",""N"":256,""checksum"":41943040,""correctness"":""PASS"",""warmup_calls"":0,""start_ms"":459861.672955,""stop_ms"":462016.640788,""elapsed_ms"":2154.9678330000024}",2154.9678330000024,8.41784309765626,[],True
0,"WB_RESULT:{""mode"":""MAIN_MONOTONIC_V1_DERIVED"",""variant"":""richards_fields"",""N"":256,""checksum"":41943040,""correctness"":""PASS"",""warmup_calls"":0,""start_ms"":26.224,""stop_ms"":1694.674,""elapsed_ms"":1668.45}
",,"[""/home/mzyx/three_engine_20261004/v8-linux64-rel-15.6.21/d8"",""--snapshot_blob=/home/mzyx/three_engine_20261004/v8-linux64-rel-15.6.21/snapshot_blob.bin"",""--max-opt=0"",""--no-lazy"",""/mnt/c/Users/mzyx/Desktop/0921/js-interpreter-bench/experiments/three_engine_baseline/adapters/v8.js"",""/mnt/c/Users/mzyx/Desktop/0921/js-interpreter-bench/experiments/timer_recovery/adapters/v8.js"",""/mnt/c/Users/mzyx/Desktop/0921/js-interpreter-bench/experiments/whitebox_analysis/attempt01/microbench/generated/richards_fields.N256.js""]",/mnt/c/Users/mzyx/Desktop/0921/js-interpreter-bench,2026-10-05T09:12:48.641509+00:00,458012609010,459715459123,b3ee321e-69da-462d-8718-4589949b17d0,1702850113,formal,richards,richards_fields,v8,256,2,2,"[""jsc"",""v8"",""quickjs""]",63,MAIN_MONOTONIC_V1_DERIVED,wsl2-ubuntu2404-x64-20261004,"[""--max-opt=0"",""--no-lazy""]",83b744a5953d2662ea723564d4035a333782a0cc85232d1025929a925150b133,2d69cd0f378ac81268393d02ed0e875934a3b51acde0b9a357e02651d265c871,"[{""path"":""/mnt/c/Users/mzyx/Desktop/0921/js-interpreter-bench/experiments/three_engine_baseline/adapters/v8.js"",""sha256"":""0ab3ed677381191d7e7839cbbc3f07895104a8b8299679ab9f37b856d76d3a22""},{""path"":""/mnt/c/Users/mzyx/Desktop/0921/js-interpreter-bench/experiments/timer_recovery/adapters/v8.js"",""sha256"":""e610d3aa3d2672a5e6d5eccd9aaf05c6ae6758d1b9c4468289f017a231ab7d9f""}]",7354c1868ce2f8a6cc0d43c8be772c69eece3966b70d20df8f98270cddf07e2b,41943040,41943040,"{""mode"":""MAIN_MONOTONIC_V1_DERIVED"",""variant"":""richards_fields"",""N"":256,""checksum"":41943040,""correctness"":""PASS"",""warmup_calls"":0,""start_ms"":26.224,""stop_ms"":1694.674,""elapsed_ms"":1668.45}",1668.45,6.5173828125,[],True
0,"WB_RESULT:{""mode"":""MAIN_MONOTONIC_V1_DERIVED"",""variant"":""richards_fields"",""N"":256,""checksum"":41943040,""correctness"":""PASS"",""warmup_calls"":0,""start_ms"":0,""stop_ms"":1461.04,""elapsed_ms"":1461.04}
",,"[""/home/mzyx/jsc_build_fd3406f/JSCOnly/Release/bin/jsc"",""--useJIT=false"",""--useLLInt=true"",""--validateOptions=true"",""/mnt/c/Users/mzyx/Desktop/0921/js-interpreter-bench/experiments/three_engine_baseline/adapters/jsc.js"",""/mnt/c/Users/mzyx/Desktop/0921/js-interpreter-bench/experiments/timer_recovery/adapters/jsc.js"",""/mnt/c/Users/mzyx/Desktop/0921/js-interpreter-bench/experiments/whitebox_analysis/attempt01/microbench/generated/richards_fields.N256.js""]",/mnt/c/Users/mzyx/Desktop/0921/js-interpreter-bench,2026-10-05T09:17:22.513172+00:00,752218895088,753713619036,b3ee321e-69da-462d-8718-4589949b17d0,1494723948,formal,richards,richards_fields,jsc,256,20,3,"[""quickjs"",""v8"",""jsc""]",117,MAIN_MONOTONIC_V1_DERIVED,wsl2-ubuntu2404-x64-20261004,"[""--useJIT=false"",""--useLLInt=true"",""--validateOptions=true""]",65c824a055405bf62b05e21d54515a72a1f0187a4d91225d00a6da969d35879f,2d69cd0f378ac81268393d02ed0e875934a3b51acde0b9a357e02651d265c871,"[{""path"":""/mnt/c/Users/mzyx/Desktop/0921/js-interpreter-bench/experiments/three_engine_baseline/adapters/jsc.js"",""sha256"":""f9ddbb9556352e283b9c9feebc8bdd0ef1abac5bcdf1ab7a5d83945fa3c9437b""},{""path"":""/mnt/c/Users/mzyx/Desktop/0921/js-interpreter-bench/experiments/timer_recovery/adapters/jsc.js"",""sha256"":""0c485996a598b7e36f2f292b66397adc0390cbe6b69b55199e47e1c6c1e37010""}]",7354c1868ce2f8a6cc0d43c8be772c69eece3966b70d20df8f98270cddf07e2b,41943040,41943040,"{""mode"":""MAIN_MONOTONIC_V1_DERIVED"",""variant"":""richards_fields"",""N"":256,""checksum"":41943040,""correctness"":""PASS"",""warmup_calls"":0,""start_ms"":0,""stop_ms"":1461.04,""elapsed_ms"":1461.04}",1461.04,5.7071875,[],True
0,"WB_RESULT:{""mode"":""MAIN_MONOTONIC_V1_DERIVED"",""variant"":""richards_fields"",""N"":256,""checksum"":41943040,""correctness"":""PASS"",""warmup_calls"":0,""start_ms"":748072.551878,""stop_ms"":750168.534647,""elapsed_ms"":2095.9827689999947}
",,"[""/home/mzyx/three_engine_20261004/quickjs-04be246001599f5995fa2f2d8c91a0f198d3f34c/qjs"",""-I"",""/mnt/c/Users/mzyx/Desktop/0921/js-interpreter-bench/experiments/three_engine_baseline/adapters/quickjs.js"",""-I"",""/mnt/c/Users/mzyx/Desktop/0921/js-interpreter-bench/experiments/timer_recovery/adapters/quickjs.js"",""/mnt/c/Users/mzyx/Desktop/0921/js-interpreter-bench/experiments/whitebox_analysis/attempt01/microbench/generated/richards_fields.N256.js""]",/mnt/c/Users/mzyx/Desktop/0921/js-interpreter-bench,2026-10-05T09:17:18.969031+00:00,748060229549,750169481578,b3ee321e-69da-462d-8718-4589949b17d0,2109252029,formal,richards,richards_fields,quickjs,256,20,1,"[""quickjs"",""v8"",""jsc""]",117,MAIN_MONOTONIC_V1_DERIVED,wsl2-ubuntu2404-x64-20261004,[],140d5233b0337d91cb0f994ae4a051e49aa04da8802acfaedf0a01b81a620b79,2d69cd0f378ac81268393d02ed0e875934a3b51acde0b9a357e02651d265c871,"[{""path"":""/mnt/c/Users/mzyx/Desktop/0921/js-interpreter-bench/experiments/three_engine_baseline/adapters/quickjs.js"",""sha256"":""f20aa7b460675d08600a58945203034feb50b2a3515aba579219f648b1235c6c""},{""path"":""/mnt/c/Users/mzyx/Desktop/0921/js-interpreter-bench/experiments/timer_recovery/adapters/quickjs.js"",""sha256"":""cd393c275173f20526562a008951f65a332deffed85e7c804519788b8ebffab7""}]",7354c1868ce2f8a6cc0d43c8be772c69eece3966b70d20df8f98270cddf07e2b,41943040,41943040,"{""mode"":""MAIN_MONOTONIC_V1_DERIVED"",""variant"":""richards_fields"",""N"":256,""checksum"":41943040,""correctness"":""PASS"",""warmup_calls"":0,""start_ms"":748072.551878,""stop_ms"":750168.534647,""elapsed_ms"":2095.9827689999947}",2095.9827689999947,8.18743269140623,[],True
0,"WB_RESULT:{""mode"":""MAIN_MONOTONIC_V1_DERIVED"",""variant"":""richards_fields"",""N"":256,""checksum"":41943040,""correctness"":""PASS"",""warmup_calls"":0,""start_ms"":34.416,""stop_ms"":1764.332,""elapsed_ms"":1729.9160000000002}
",,"[""/home/mzyx/three_engine_20261004/v8-linux64-rel-15.6.21/d8"",""--snapshot_blob=/home/mzyx/three_engine_20261004/v8-linux64-rel-15.6.21/snapshot_blob.bin"",""--max-opt=0"",""--no-lazy"",""/mnt/c/Users/mzyx/Desktop/0921/js-interpreter-bench/experiments/three_engine_baseline/adapters/v8.js"",""/mnt/c/Users/mzyx/Desktop/0921/js-interpreter-bench/experiments/timer_recovery/adapters/v8.js"",""/mnt/c/Users/mzyx/Desktop/0921/js-interpreter-bench/experiments/whitebox_analysis/attempt01/microbench/generated/richards_fields.N256.js""]",/mnt/c/Users/mzyx/Desktop/0921/js-interpreter-bench,2026-10-05T09:17:20.886648+00:00,750313157806,752087096655,b3ee321e-69da-462d-8718-4589949b17d0,1773938849,formal,richards,richards_fields,v8,256,20,2,"[""quickjs"",""v8"",""jsc""]",117,MAIN_MONOTONIC_V1_DERIVED,wsl2-ubuntu2404-x64-20261004,"[""--max-opt=0"",""--no-lazy""]",83b744a5953d2662ea723564d4035a333782a0cc85232d1025929a925150b133,2d69cd0f378ac81268393d02ed0e875934a3b51acde0b9a357e02651d265c871,"[{""path"":""/mnt/c/Users/mzyx/Desktop/0921/js-interpreter-bench/experiments/three_engine_baseline/adapters/v8.js"",""sha256"":""0ab3ed677381191d7e7839cbbc3f07895104a8b8299679ab9f37b856d76d3a22""},{""path"":""/mnt/c/Users/mzyx/Desktop/0921/js-interpreter-bench/experiments/timer_recovery/adapters/v8.js"",""sha256"":""e610d3aa3d2672a5e6d5eccd9aaf05c6ae6758d1b9c4468289f017a231ab7d9f""}]",7354c1868ce2f8a6cc0d43c8be772c69eece3966b70d20df8f98270cddf07e2b,41943040,41943040,"{""mode"":""MAIN_MONOTONIC_V1_DERIVED"",""variant"":""richards_fields"",""N"":256,""checksum"":41943040,""correctness"":""PASS"",""warmup_calls"":0,""start_ms"":34.416,""stop_ms"":1764.332,""elapsed_ms"":1729.9160000000002}",1729.9160000000002,6.757484375000001,[],True
0,"WB_RESULT:{""mode"":""MAIN_MONOTONIC_V1_DERIVED"",""variant"":""richards_fields"",""N"":256,""checksum"":41943040,""correctness"":""PASS"",""warmup_calls"":0,""start_ms"":0,""stop_ms"":1545.42,""elapsed_ms"":1545.42}
",,"[""/home/mzyx/jsc_build_fd3406f/JSCOnly/Release/bin/jsc"",""--useJIT=false"",""--useLLInt=true"",""--validateOptions=true"",""/mnt/c/Users/mzyx/Desktop/0921/js-interpreter-bench/experiments/three_engine_baseline/adapters/jsc.js"",""/mnt/c/Users/mzyx/Desktop/0921/js-interpreter-bench/experiments/timer_recovery/adapters/jsc.js"",""/mnt/c/Users/mzyx/Desktop/0921/js-interpreter-bench/experiments/whitebox_analysis/attempt01/microbench/generated/richards_fields.N256.js""]",/mnt/c/Users/mzyx/Desktop/0921/js-interpreter-bench,2026-10-05T09:10:30.756668+00:00,309444023973,311022001246,b3ee321e-69da-462d-8718-4589949b17d0,1577977273,formal,richards,richards_fields,jsc,256,21,3,"[""v8"",""quickjs"",""jsc""]",35,MAIN_MONOTONIC_V1_DERIVED,wsl2-ubuntu2404-x64-20261004,"[""--useJIT=false"",""--useLLInt=true"",""--validateOptions=true""]",65c824a055405bf62b05e21d54515a72a1f0187a4d91225d00a6da969d35879f,2d69cd0f378ac81268393d02ed0e875934a3b51acde0b9a357e02651d265c871,"[{""path"":""/mnt/c/Users/mzyx/Desktop/0921/js-interpreter-bench/experiments/three_engine_baseline/adapters/jsc.js"",""sha256"":""f9ddbb9556352e283b9c9feebc8bdd0ef1abac5bcdf1ab7a5d83945fa3c9437b""},{""path"":""/mnt/c/Users/mzyx/Desktop/0921/js-interpreter-bench/experiments/timer_recovery/adapters/jsc.js"",""sha256"":""0c485996a598b7e36f2f292b66397adc0390cbe6b69b55199e47e1c6c1e37010""}]",7354c1868ce2f8a6cc0d43c8be772c69eece3966b70d20df8f98270cddf07e2b,41943040,41943040,"{""mode"":""MAIN_MONOTONIC_V1_DERIVED"",""variant"":""richards_fields"",""N"":256,""checksum"":41943040,""correctness"":""PASS"",""warmup_calls"":0,""start_ms"":0,""stop_ms"":1545.42,""elapsed_ms"":1545.42}",1545.42,6.036796875,[],True
0,"WB_RESULT:{""mode"":""MAIN_MONOTONIC_V1_DERIVED"",""variant"":""richards_fields"",""N"":256,""checksum"":41943040,""correctness"":""PASS"",""warmup_calls"":0,""start_ms"":307293.537374,""stop_ms"":309314.136151,""elapsed_ms"":2020.5987769999774}
",,"[""/home/mzyx/three_engine_20261004/quickjs-04be246001599f5995fa2f2d8c91a0f198d3f34c/qjs"",""-I"",""/mnt/c/Users/mzyx/Desktop/0921/js-interpreter-bench/experiments/three_engine_baseline/adapters/quickjs.js"",""-I"",""/mnt/c/Users/mzyx/Desktop/0921/js-interpreter-bench/experiments/timer_recovery/adapters/quickjs.js"",""/mnt/c/Users/mzyx/Desktop/0921/js-interpreter-bench/experiments/whitebox_analysis/attempt01/microbench/generated/richards_fields.N256.js""]",/mnt/c/Users/mzyx/Desktop/0921/js-interpreter-bench,2026-10-05T09:10:29.049566+00:00,307281726199,309314903010,b3ee321e-69da-462d-8718-4589949b17d0,2033176811,formal,richards,richards_fields,quickjs,256,21,2,"[""v8"",""quickjs"",""jsc""]",35,MAIN_MONOTONIC_V1_DERIVED,wsl2-ubuntu2404-x64-20261004,[],140d5233b0337d91cb0f994ae4a051e49aa04da8802acfaedf0a01b81a620b79,2d69cd0f378ac81268393d02ed0e875934a3b51acde0b9a357e02651d265c871,"[{""path"":""/mnt/c/Users/mzyx/Desktop/0921/js-interpreter-bench/experiments/three_engine_baseline/adapters/quickjs.js"",""sha256"":""f20aa7b460675d08600a58945203034feb50b2a3515aba579219f648b1235c6c""},{""path"":""/mnt/c/Users/mzyx/Desktop/0921/js-interpreter-bench/experiments/timer_recovery/adapters/quickjs.js"",""sha256"":""cd393c275173f20526562a008951f65a332deffed85e7c804519788b8ebffab7""}]",7354c1868ce2f8a6cc0d43c8be772c69eece3966b70d20df8f98270cddf07e2b,41943040,41943040,"{""mode"":""MAIN_MONOTONIC_V1_DERIVED"",""variant"":""richards_fields"",""N"":256,""checksum"":41943040,""correctness"":""PASS"",""warmup_calls"":0,""start_ms"":307293.537374,""stop_ms"":309314.136151,""elapsed_ms"":2020.5987769999774}",2020.5987769999774,7.892963972656162,[],True
0,"WB_RESULT:{""mode"":""MAIN_MONOTONIC_V1_DERIVED"",""variant"":""richards_fields"",""N"":256,""checksum"":41943040,""correctness"":""PASS"",""warmup_calls"":0,""start_ms"":27.759,""stop_ms"":1795.947,""elapsed_ms"":1768.1879999999999}
",,"[""/home/mzyx/three_engine_20261004/v8-linux64-rel-15.6.21/d8"",""--snapshot_blob=/home/mzyx/three_engine_20261004/v8-linux64-rel-15.6.21/snapshot_blob.bin"",""--max-opt=0"",""--no-lazy"",""/mnt/c/Users/mzyx/Desktop/0921/js-interpreter-bench/experiments/three_engine_baseline/adapters/v8.js"",""/mnt/c/Users/mzyx/Desktop/0921/js-interpreter-bench/experiments/timer_recovery/adapters/v8.js"",""/mnt/c/Users/mzyx/Desktop/0921/js-interpreter-bench/experiments/whitebox_analysis/attempt01/microbench/generated/richards_fields.N256.js""]",/mnt/c/Users/mzyx/Desktop/0921/js-interpreter-bench,2026-10-05T09:10:26.889399+00:00,305349585996,307154723206,b3ee321e-69da-462d-8718-4589949b17d0,1805137210,formal,richards,richards_fields,v8,256,21,1,"[""v8"",""quickjs"",""jsc""]",35,MAIN_MONOTONIC_V1_DERIVED,wsl2-ubuntu2404-x64-20261004,"[""--max-opt=0"",""--no-lazy""]",83b744a5953d2662ea723564d4035a333782a0cc85232d1025929a925150b133,2d69cd0f378ac81268393d02ed0e875934a3b51acde0b9a357e02651d265c871,"[{""path"":""/mnt/c/Users/mzyx/Desktop/0921/js-interpreter-bench/experiments/three_engine_baseline/adapters/v8.js"",""sha256"":""0ab3ed677381191d7e7839cbbc3f07895104a8b8299679ab9f37b856d76d3a22""},{""path"":""/mnt/c/Users/mzyx/Desktop/0921/js-interpreter-bench/experiments/timer_recovery/adapters/v8.js"",""sha256"":""e610d3aa3d2672a5e6d5eccd9aaf05c6ae6758d1b9c4468289f017a231ab7d9f""}]",7354c1868ce2f8a6cc0d43c8be772c69eece3966b70d20df8f98270cddf07e2b,41943040,41943040,"{""mode"":""MAIN_MONOTONIC_V1_DERIVED"",""variant"":""richards_fields"",""N"":256,""checksum"":41943040,""correctness"":""PASS"",""warmup_calls"":0,""start_ms"":27.759,""stop_ms"":1795.947,""elapsed_ms"":1768.1879999999999}",1768.1879999999999,6.9069843749999995,[],True
0,"WB_RESULT:{""mode"":""MAIN_MONOTONIC_V1_DERIVED"",""variant"":""richards_fields"",""N"":256,""checksum"":41943040,""correctness"":""PASS"",""warmup_calls"":0,""start_ms"":0,""stop_ms"":1519.7,""elapsed_ms"":1519.7}
",,"[""/home/mzyx/jsc_build_fd3406f/JSCOnly/Release/bin/jsc"",""--useJIT=false"",""--useLLInt=true"",""--validateOptions=true"",""/mnt/c/Users/mzyx/Desktop/0921/js-interpreter-bench/experiments/three_engine_baseline/adapters/jsc.js"",""/mnt/c/Users/mzyx/Desktop/0921/js-interpreter-bench/experiments/timer_recovery/adapters/jsc.js"",""/mnt/c/Users/mzyx/Desktop/0921/js-interpreter-bench/experiments/whitebox_analysis/attempt01/microbench/generated/richards_fields.N256.js""]",/mnt/c/Users/mzyx/Desktop/0921/js-interpreter-bench,2026-10-05T09:12:04.475764+00:00,411855138989,413400570350,b3ee321e-69da-462d-8718-4589949b17d0,1545431361,formal,richards,richards_fields,jsc,256,22,3,"[""quickjs"",""v8"",""jsc""]",54,MAIN_MONOTONIC_V1_DERIVED,wsl2-ubuntu2404-x64-20261004,"[""--useJIT=false"",""--useLLInt=true"",""--validateOptions=true""]",65c824a055405bf62b05e21d54515a72a1f0187a4d91225d00a6da969d35879f,2d69cd0f378ac81268393d02ed0e875934a3b51acde0b9a357e02651d265c871,"[{""path"":""/mnt/c/Users/mzyx/Desktop/0921/js-interpreter-bench/experiments/three_engine_baseline/adapters/jsc.js"",""sha256"":""f9ddbb9556352e283b9c9feebc8bdd0ef1abac5bcdf1ab7a5d83945fa3c9437b""},{""path"":""/mnt/c/Users/mzyx/Desktop/0921/js-interpreter-bench/experiments/timer_recovery/adapters/jsc.js"",""sha256"":""0c485996a598b7e36f2f292b66397adc0390cbe6b69b55199e47e1c6c1e37010""}]",7354c1868ce2f8a6cc0d43c8be772c69eece3966b70d20df8f98270cddf07e2b,41943040,41943040,"{""mode"":""MAIN_MONOTONIC_V1_DERIVED"",""variant"":""richards_fields"",""N"":256,""checksum"":41943040,""correctness"":""PASS"",""warmup_calls"":0,""start_ms"":0,""stop_ms"":1519.7,""elapsed_ms"":1519.7}",1519.7,5.936328125,[],True
0,"WB_RESULT:{""mode"":""MAIN_MONOTONIC_V1_DERIVED"",""variant"":""richards_fields"",""N"":256,""checksum"":41943040,""correctness"":""PASS"",""warmup_calls"":0,""start_ms"":407604.1572,""stop_ms"":409780.030562,""elapsed_ms"":2175.873361999984}
",,"[""/home/mzyx/three_engine_20261004/quickjs-04be246001599f5995fa2f2d8c91a0f198d3f34c/qjs"",""-I"",""/mnt/c/Users/mzyx/Desktop/0921/js-interpreter-bench/experiments/three_engine_baseline/adapters/quickjs.js"",""-I"",""/mnt/c/Users/mzyx/Desktop/0921/js-interpreter-bench/experiments/timer_recovery/adapters/quickjs.js"",""/mnt/c/Users/mzyx/Desktop/0921/js-interpreter-bench/experiments/whitebox_analysis/attempt01/microbench/generated/richards_fields.N256.js""]",/mnt/c/Users/mzyx/Desktop/0921/js-interpreter-bench,2026-10-05T09:12:03.111853+00:00,407591394100,409780921389,b3ee321e-69da-462d-8718-4589949b17d0,2189527289,formal,richards,richards_fields,quickjs,256,22,1,"[""quickjs"",""v8"",""jsc""]",54,MAIN_MONOTONIC_V1_DERIVED,wsl2-ubuntu2404-x64-20261004,[],140d5233b0337d91cb0f994ae4a051e49aa04da8802acfaedf0a01b81a620b79,2d69cd0f378ac81268393d02ed0e875934a3b51acde0b9a357e02651d265c871,"[{""path"":""/mnt/c/Users/mzyx/Desktop/0921/js-interpreter-bench/experiments/three_engine_baseline/adapters/quickjs.js"",""sha256"":""f20aa7b460675d08600a58945203034feb50b2a3515aba579219f648b1235c6c""},{""path"":""/mnt/c/Users/mzyx/Desktop/0921/js-interpreter-bench/experiments/timer_recovery/adapters/quickjs.js"",""sha256"":""cd393c275173f20526562a008951f65a332deffed85e7c804519788b8ebffab7""}]",7354c1868ce2f8a6cc0d43c8be772c69eece3966b70d20df8f98270cddf07e2b,41943040,41943040,"{""mode"":""MAIN_MONOTONIC_V1_DERIVED"",""variant"":""richards_fields"",""N"":256,""checksum"":41943040,""correctness"":""PASS"",""warmup_calls"":0,""start_ms"":407604.1572,""stop_ms"":409780.030562,""elapsed_ms"":2175.873361999984}",2175.873361999984,8.499505320312437,[],True
0,"WB_RESULT:{""mode"":""MAIN_MONOTONIC_V1_DERIVED"",""variant"":""richards_fields"",""N"":256,""checksum"":41943040,""correctness"":""PASS"",""warmup_calls"":0,""start_ms"":29.572,""stop_ms"":1819.499,""elapsed_ms"":1789.9270000000001}
",,"[""/home/mzyx/three_engine_20261004/v8-linux64-rel-15.6.21/d8"",""--snapshot_blob=/home/mzyx/three_engine_20261004/v8-linux64-rel-15.6.21/snapshot_blob.bin"",""--max-opt=0"",""--no-lazy"",""/mnt/c/Users/mzyx/Desktop/0921/js-interpreter-bench/experiments/three_engine_baseline/adapters/v8.js"",""/mnt/c/Users/mzyx/Desktop/0921/js-interpreter-bench/experiments/timer_recovery/adapters/v8.js"",""/mnt/c/Users/mzyx/Desktop/0921/js-interpreter-bench/experiments/whitebox_analysis/attempt01/microbench/generated/richards_fields.N256.js""]",/mnt/c/Users/mzyx/Desktop/0921/js-interpreter-bench,2026-10-05T09:12:02.808033+00:00,409904400256,411732837181,b3ee321e-69da-462d-8718-4589949b17d0,1828436925,formal,richards,richards_fields,v8,256,22,2,"[""quickjs"",""v8"",""jsc""]",54,MAIN_MONOTONIC_V1_DERIVED,wsl2-ubuntu2404-x64-20261004,"[""--max-opt=0"",""--no-lazy""]",83b744a5953d2662ea723564d4035a333782a0cc85232d1025929a925150b133,2d69cd0f378ac81268393d02ed0e875934a3b51acde0b9a357e02651d265c871,"[{""path"":""/mnt/c/Users/mzyx/Desktop/0921/js-interpreter-bench/experiments/three_engine_baseline/adapters/v8.js"",""sha256"":""0ab3ed677381191d7e7839cbbc3f07895104a8b8299679ab9f37b856d76d3a22""},{""path"":""/mnt/c/Users/mzyx/Desktop/0921/js-interpreter-bench/experiments/timer_recovery/adapters/v8.js"",""sha256"":""e610d3aa3d2672a5e6d5eccd9aaf05c6ae6758d1b9c4468289f017a231ab7d9f""}]",7354c1868ce2f8a6cc0d43c8be772c69eece3966b70d20df8f98270cddf07e2b,41943040,41943040,"{""mode"":""MAIN_MONOTONIC_V1_DERIVED"",""variant"":""richards_fields"",""N"":256,""checksum"":41943040,""correctness"":""PASS"",""warmup_calls"":0,""start_ms"":29.572,""stop_ms"":1819.499,""elapsed_ms"":1789.9270000000001}",1789.9270000000001,6.9919023437500005,[],True
0,"WB_RESULT:{""mode"":""MAIN_MONOTONIC_V1_DERIVED"",""variant"":""richards_fields"",""N"":256,""checksum"":41943040,""correctness"":""PASS"",""warmup_calls"":0,""start_ms"":0,""stop_ms"":1521.86,""elapsed_ms"":1521.86}
",,"[""/home/mzyx/jsc_build_fd3406f/JSCOnly/Release/bin/jsc"",""--useJIT=false"",""--useLLInt=true"",""--validateOptions=true"",""/mnt/c/Users/mzyx/Desktop/0921/js-interpreter-bench/experiments/three_engine_baseline/adapters/jsc.js"",""/mnt/c/Users/mzyx/Desktop/0921/js-interpreter-bench/experiments/timer_recovery/adapters/jsc.js"",""/mnt/c/Users/mzyx/Desktop/0921/js-interpreter-bench/experiments/whitebox_analysis/attempt01/microbench/generated/richards_fields.N256.js""]",/mnt/c/Users/mzyx/Desktop/0921/js-interpreter-bench,2026-10-05T09:09:02.380126+00:00,214414964254,215981008575,b3ee321e-69da-462d-8718-4589949b17d0,1566044321,formal,richards,richards_fields,jsc,256,23,1,"[""jsc"",""quickjs"",""v8""]",18,MAIN_MONOTONIC_V1_DERIVED,wsl2-ubuntu2404-x64-20261004,"[""--useJIT=false"",""--useLLInt=true"",""--validateOptions=true""]",65c824a055405bf62b05e21d54515a72a1f0187a4d91225d00a6da969d35879f,2d69cd0f378ac81268393d02ed0e875934a3b51acde0b9a357e02651d265c871,"[{""path"":""/mnt/c/Users/mzyx/Desktop/0921/js-interpreter-bench/experiments/three_engine_baseline/adapters/jsc.js"",""sha256"":""f9ddbb9556352e283b9c9feebc8bdd0ef1abac5bcdf1ab7a5d83945fa3c9437b""},{""path"":""/mnt/c/Users/mzyx/Desktop/0921/js-interpreter-bench/experiments/timer_recovery/adapters/jsc.js"",""sha256"":""0c485996a598b7e36f2f292b66397adc0390cbe6b69b55199e47e1c6c1e37010""}]",7354c1868ce2f8a6cc0d43c8be772c69eece3966b70d20df8f98270cddf07e2b,41943040,41943040,"{""mode"":""MAIN_MONOTONIC_V1_DERIVED"",""variant"":""richards_fields"",""N"":256,""checksum"":41943040,""correctness"":""PASS"",""warmup_calls"":0,""start_ms"":0,""stop_ms"":1521.86,""elapsed_ms"":1521.86}",1521.86,5.944765625,[],True
0,"WB_RESULT:{""mode"":""MAIN_MONOTONIC_V1_DERIVED"",""variant"":""richards_fields"",""N"":256,""checksum"":41943040,""correctness"":""PASS"",""warmup_calls"":0,""start_ms"":216128.525173,""stop_ms"":218272.47743,""elapsed_ms"":2143.952256999997}
",,"[""/home/mzyx/three_engine_20261004/quickjs-04be246001599f5995fa2f2d8c91a0f198d3f34c/qjs"",""-I"",""/mnt/c/Users/mzyx/Desktop/0921/js-interpreter-bench/experiments/three_engine_baseline/adapters/quickjs.js"",""-I"",""/mnt/c/Users/mzyx/Desktop/0921/js-interpreter-bench/experiments/timer_recovery/adapters/quickjs.js"",""/mnt/c/Users/mzyx/Desktop/0921/js-interpreter-bench/experiments/whitebox_analysis/attempt01/microbench/generated/richards_fields.N256.js""]",/mnt/c/Users/mzyx/Desktop/0921/js-interpreter-bench,2026-10-05T09:09:02.524103+00:00,216115194434,218273217369,b3ee321e-69da-462d-8718-4589949b17d0,2158022935,formal,richards,richards_fields,quickjs,256,23,2,"[""jsc"",""quickjs"",""v8""]",18,MAIN_MONOTONIC_V1_DERIVED,wsl2-ubuntu2404-x64-20261004,[],140d5233b0337d91cb0f994ae4a051e49aa04da8802acfaedf0a01b81a620b79,2d69cd0f378ac81268393d02ed0e875934a3b51acde0b9a357e02651d265c871,"[{""path"":""/mnt/c/Users/mzyx/Desktop/0921/js-interpreter-bench/experiments/three_engine_baseline/adapters/quickjs.js"",""sha256"":""f20aa7b460675d08600a58945203034feb50b2a3515aba579219f648b1235c6c""},{""path"":""/mnt/c/Users/mzyx/Desktop/0921/js-interpreter-bench/experiments/timer_recovery/adapters/quickjs.js"",""sha256"":""cd393c275173f20526562a008951f65a332deffed85e7c804519788b8ebffab7""}]",7354c1868ce2f8a6cc0d43c8be772c69eece3966b70d20df8f98270cddf07e2b,41943040,41943040,"{""mode"":""MAIN_MONOTONIC_V1_DERIVED"",""variant"":""richards_fields"",""N"":256,""checksum"":41943040,""correctness"":""PASS"",""warmup_calls"":0,""start_ms"":216128.525173,""stop_ms"":218272.47743,""elapsed_ms"":2143.952256999997}",2143.952256999997,8.374813503906239,[],True
0,"WB_RESULT:{""mode"":""MAIN_MONOTONIC_V1_DERIVED"",""variant"":""richards_fields"",""N"":256,""checksum"":41943040,""correctness"":""PASS"",""warmup_calls"":0,""start_ms"":50.446,""stop_ms"":1801.179,""elapsed_ms"":1750.7330000000002}
",,"[""/home/mzyx/three_engine_20261004/v8-linux64-rel-15.6.21/d8"",""--snapshot_blob=/home/mzyx/three_engine_20261004/v8-linux64-rel-15.6.21/snapshot_blob.bin"",""--max-opt=0"",""--no-lazy"",""/mnt/c/Users/mzyx/Desktop/0921/js-interpreter-bench/experiments/three_engine_baseline/adapters/v8.js"",""/mnt/c/Users/mzyx/Desktop/0921/js-interpreter-bench/experiments/timer_recovery/adapters/v8.js"",""/mnt/c/Users/mzyx/Desktop/0921/js-interpreter-bench/experiments/whitebox_analysis/attempt01/microbench/generated/richards_fields.N256.js""]",/mnt/c/Users/mzyx/Desktop/0921/js-interpreter-bench,2026-10-05T09:09:04.462384+00:00,218400284548,220211499760,b3ee321e-69da-462d-8718-4589949b17d0,1811215212,formal,richards,richards_fields,v8,256,23,3,"[""jsc"",""quickjs"",""v8""]",18,MAIN_MONOTONIC_V1_DERIVED,wsl2-ubuntu2404-x64-20261004,"[""--max-opt=0"",""--no-lazy""]",83b744a5953d2662ea723564d4035a333782a0cc85232d1025929a925150b133,2d69cd0f378ac81268393d02ed0e875934a3b51acde0b9a357e02651d265c871,"[{""path"":""/mnt/c/Users/mzyx/Desktop/0921/js-interpreter-bench/experiments/three_engine_baseline/adapters/v8.js"",""sha256"":""0ab3ed677381191d7e7839cbbc3f07895104a8b8299679ab9f37b856d76d3a22""},{""path"":""/mnt/c/Users/mzyx/Desktop/0921/js-interpreter-bench/experiments/timer_recovery/adapters/v8.js"",""sha256"":""e610d3aa3d2672a5e6d5eccd9aaf05c6ae6758d1b9c4468289f017a231ab7d9f""}]",7354c1868ce2f8a6cc0d43c8be772c69eece3966b70d20df8f98270cddf07e2b,41943040,41943040,"{""mode"":""MAIN_MONOTONIC_V1_DERIVED"",""variant"":""richards_fields"",""N"":256,""checksum"":41943040,""correctness"":""PASS"",""warmup_calls"":0,""start_ms"":50.446,""stop_ms"":1801.179,""elapsed_ms"":1750.7330000000002}",1750.7330000000002,6.838800781250001,[],True
0,"WB_RESULT:{""mode"":""MAIN_MONOTONIC_V1_DERIVED"",""variant"":""richards_fields"",""N"":256,""checksum"":41943040,""correctness"":""PASS"",""warmup_calls"":0,""start_ms"":0,""stop_ms"":1527.38,""elapsed_ms"":1527.38}
",,"[""/home/mzyx/jsc_build_fd3406f/JSCOnly/Release/bin/jsc"",""--useJIT=false"",""--useLLInt=true"",""--validateOptions=true"",""/mnt/c/Users/mzyx/Desktop/0921/js-interpreter-bench/experiments/three_engine_baseline/adapters/jsc.js"",""/mnt/c/Users/mzyx/Desktop/0921/js-interpreter-bench/experiments/timer_recovery/adapters/jsc.js"",""/mnt/c/Users/mzyx/Desktop/0921/js-interpreter-bench/experiments/whitebox_analysis/attempt01/microbench/generated/richards_fields.N256.js""]",/mnt/c/Users/mzyx/Desktop/0921/js-interpreter-bench,2026-10-05T09:12:20.962393+00:00,428329253198,429887199913,b3ee321e-69da-462d-8718-4589949b17d0,1557946715,formal,richards,richards_fields,jsc,256,24,1,"[""jsc"",""quickjs"",""v8""]",58,MAIN_MONOTONIC_V1_DERIVED,wsl2-ubuntu2404-x64-20261004,"[""--useJIT=false"",""--useLLInt=true"",""--validateOptions=true""]",65c824a055405bf62b05e21d54515a72a1f0187a4d91225d00a6da969d35879f,2d69cd0f378ac81268393d02ed0e875934a3b51acde0b9a357e02651d265c871,"[{""path"":""/mnt/c/Users/mzyx/Desktop/0921/js-interpreter-bench/experiments/three_engine_baseline/adapters/jsc.js"",""sha256"":""f9ddbb9556352e283b9c9feebc8bdd0ef1abac5bcdf1ab7a5d83945fa3c9437b""},{""path"":""/mnt/c/Users/mzyx/Desktop/0921/js-interpreter-bench/experiments/timer_recovery/adapters/jsc.js"",""sha256"":""0c485996a598b7e36f2f292b66397adc0390cbe6b69b55199e47e1c6c1e37010""}]",7354c1868ce2f8a6cc0d43c8be772c69eece3966b70d20df8f98270cddf07e2b,41943040,41943040,"{""mode"":""MAIN_MONOTONIC_V1_DERIVED"",""variant"":""richards_fields"",""N"":256,""checksum"":41943040,""correctness"":""PASS"",""warmup_calls"":0,""start_ms"":0,""stop_ms"":1527.38,""elapsed_ms"":1527.38}",1527.38,5.966328125,[],True
0,"WB_RESULT:{""mode"":""MAIN_MONOTONIC_V1_DERIVED"",""variant"":""richards_fields"",""N"":256,""checksum"":41943040,""correctness"":""PASS"",""warmup_calls"":0,""start_ms"":430033.644483,""stop_ms"":432128.567101,""elapsed_ms"":2094.9226180000114}
",,"[""/home/mzyx/three_engine_20261004/quickjs-04be246001599f5995fa2f2d8c91a0f198d3f34c/qjs"",""-I"",""/mnt/c/Users/mzyx/Desktop/0921/js-interpreter-bench/experiments/three_engine_baseline/adapters/quickjs.js"",""-I"",""/mnt/c/Users/mzyx/Desktop/0921/js-interpreter-bench/experiments/timer_recovery/adapters/quickjs.js"",""/mnt/c/Users/mzyx/Desktop/0921/js-interpreter-bench/experiments/whitebox_analysis/attempt01/microbench/generated/richards_fields.N256.js""]",/mnt/c/Users/mzyx/Desktop/0921/js-interpreter-bench,2026-10-05T09:12:23.204539+00:00,430020074074,432129342268,b3ee321e-69da-462d-8718-4589949b17d0,2109268194,formal,richards,richards_fields,quickjs,256,24,2,"[""jsc"",""quickjs"",""v8""]",58,MAIN_MONOTONIC_V1_DERIVED,wsl2-ubuntu2404-x64-20261004,[],140d5233b0337d91cb0f994ae4a051e49aa04da8802acfaedf0a01b81a620b79,2d69cd0f378ac81268393d02ed0e875934a3b51acde0b9a357e02651d265c871,"[{""path"":""/mnt/c/Users/mzyx/Desktop/0921/js-interpreter-bench/experiments/three_engine_baseline/adapters/quickjs.js"",""sha256"":""f20aa7b460675d08600a58945203034feb50b2a3515aba579219f648b1235c6c""},{""path"":""/mnt/c/Users/mzyx/Desktop/0921/js-interpreter-bench/experiments/timer_recovery/adapters/quickjs.js"",""sha256"":""cd393c275173f20526562a008951f65a332deffed85e7c804519788b8ebffab7""}]",7354c1868ce2f8a6cc0d43c8be772c69eece3966b70d20df8f98270cddf07e2b,41943040,41943040,"{""mode"":""MAIN_MONOTONIC_V1_DERIVED"",""variant"":""richards_fields"",""N"":256,""checksum"":41943040,""correctness"":""PASS"",""warmup_calls"":0,""start_ms"":430033.644483,""stop_ms"":432128.567101,""elapsed_ms"":2094.9226180000114}",2094.9226180000114,8.183291476562545,[],True
0,"WB_RESULT:{""mode"":""MAIN_MONOTONIC_V1_DERIVED"",""variant"":""richards_fields"",""N"":256,""checksum"":41943040,""correctness"":""PASS"",""warmup_calls"":0,""start_ms"":28.845,""stop_ms"":1766.144,""elapsed_ms"":1737.299}
",,"[""/home/mzyx/three_engine_20261004/v8-linux64-rel-15.6.21/d8"",""--snapshot_blob=/home/mzyx/three_engine_20261004/v8-linux64-rel-15.6.21/snapshot_blob.bin"",""--max-opt=0"",""--no-lazy"",""/mnt/c/Users/mzyx/Desktop/0921/js-interpreter-bench/experiments/three_engine_baseline/adapters/v8.js"",""/mnt/c/Users/mzyx/Desktop/0921/js-interpreter-bench/experiments/timer_recovery/adapters/v8.js"",""/mnt/c/Users/mzyx/Desktop/0921/js-interpreter-bench/experiments/whitebox_analysis/attempt01/microbench/generated/richards_fields.N256.js""]",/mnt/c/Users/mzyx/Desktop/0921/js-interpreter-bench,2026-10-05T09:12:25.107765+00:00,432257573896,434032570010,b3ee321e-69da-462d-8718-4589949b17d0,1774996114,formal,richards,richards_fields,v8,256,24,3,"[""jsc"",""quickjs"",""v8""]",58,MAIN_MONOTONIC_V1_DERIVED,wsl2-ubuntu2404-x64-20261004,"[""--max-opt=0"",""--no-lazy""]",83b744a5953d2662ea723564d4035a333782a0cc85232d1025929a925150b133,2d69cd0f378ac81268393d02ed0e875934a3b51acde0b9a357e02651d265c871,"[{""path"":""/mnt/c/Users/mzyx/Desktop/0921/js-interpreter-bench/experiments/three_engine_baseline/adapters/v8.js"",""sha256"":""0ab3ed677381191d7e7839cbbc3f07895104a8b8299679ab9f37b856d76d3a22""},{""path"":""/mnt/c/Users/mzyx/Desktop/0921/js-interpreter-bench/experiments/timer_recovery/adapters/v8.js"",""sha256"":""e610d3aa3d2672a5e6d5eccd9aaf05c6ae6758d1b9c4468289f017a231ab7d9f""}]",7354c1868ce2f8a6cc0d43c8be772c69eece3966b70d20df8f98270cddf07e2b,41943040,41943040,"{""mode"":""MAIN_MONOTONIC_V1_DERIVED"",""variant"":""richards_fields"",""N"":256,""checksum"":41943040,""correctness"":""PASS"",""warmup_calls"":0,""start_ms"":28.845,""stop_ms"":1766.144,""elapsed_ms"":1737.299}",1737.299,6.78632421875,[],True
0,"WB_RESULT:{""mode"":""MAIN_MONOTONIC_V1_DERIVED"",""variant"":""richards_fields"",""N"":256,""checksum"":41943040,""correctness"":""PASS"",""warmup_calls"":0,""start_ms"":0,""stop_ms"":1534.6,""elapsed_ms"":1534.6}
",,"[""/home/mzyx/jsc_build_fd3406f/JSCOnly/Release/bin/jsc"",""--useJIT=false"",""--useLLInt=true"",""--validateOptions=true"",""/mnt/c/Users/mzyx/Desktop/0921/js-interpreter-bench/experiments/three_engine_baseline/adapters/jsc.js"",""/mnt/c/Users/mzyx/Desktop/0921/js-interpreter-bench/experiments/timer_recovery/adapters/jsc.js"",""/mnt/c/Users/mzyx/Desktop/0921/js-interpreter-bench/experiments/whitebox_analysis/attempt01/microbench/generated/richards_fields.N256.js""]",/mnt/c/Users/mzyx/Desktop/0921/js-interpreter-bench,2026-10-05T09:14:25.946187+00:00,562313916121,563881710464,b3ee321e-69da-462d-8718-4589949b17d0,1567794343,formal,richards,richards_fields,jsc,256,25,2,"[""v8"",""jsc"",""quickjs""]",82,MAIN_MONOTONIC_V1_DERIVED,wsl2-ubuntu2404-x64-20261004,"[""--useJIT=false"",""--useLLInt=true"",""--validateOptions=true""]",65c824a055405bf62b05e21d54515a72a1f0187a4d91225d00a6da969d35879f,2d69cd0f378ac81268393d02ed0e875934a3b51acde0b9a357e02651d265c871,"[{""path"":""/mnt/c/Users/mzyx/Desktop/0921/js-interpreter-bench/experiments/three_engine_baseline/adapters/jsc.js"",""sha256"":""f9ddbb9556352e283b9c9feebc8bdd0ef1abac5bcdf1ab7a5d83945fa3c9437b""},{""path"":""/mnt/c/Users/mzyx/Desktop/0921/js-interpreter-bench/experiments/timer_recovery/adapters/jsc.js"",""sha256"":""0c485996a598b7e36f2f292b66397adc0390cbe6b69b55199e47e1c6c1e37010""}]",7354c1868ce2f8a6cc0d43c8be772c69eece3966b70d20df8f98270cddf07e2b,41943040,41943040,"{""mode"":""MAIN_MONOTONIC_V1_DERIVED"",""variant"":""richards_fields"",""N"":256,""checksum"":41943040,""correctness"":""PASS"",""warmup_calls"":0,""start_ms"":0,""stop_ms"":1534.6,""elapsed_ms"":1534.6}",1534.6,5.99453125,[],True
0,"WB_RESULT:{""mode"":""MAIN_MONOTONIC_V1_DERIVED"",""variant"":""richards_fields"",""N"":256,""checksum"":41943040,""correctness"":""PASS"",""warmup_calls"":0,""start_ms"":564025.029107,""stop_ms"":566066.648303,""elapsed_ms"":2041.6191960000433}
",,"[""/home/mzyx/three_engine_20261004/quickjs-04be246001599f5995fa2f2d8c91a0f198d3f34c/qjs"",""-I"",""/mnt/c/Users/mzyx/Desktop/0921/js-interpreter-bench/experiments/three_engine_baseline/adapters/quickjs.js"",""-I"",""/mnt/c/Users/mzyx/Desktop/0921/js-interpreter-bench/experiments/timer_recovery/adapters/quickjs.js"",""/mnt/c/Users/mzyx/Desktop/0921/js-interpreter-bench/experiments/whitebox_analysis/attempt01/microbench/generated/richards_fields.N256.js""]",/mnt/c/Users/mzyx/Desktop/0921/js-interpreter-bench,2026-10-05T09:14:28.131982+00:00,564013540274,566067504604,b3ee321e-69da-462d-8718-4589949b17d0,2053964330,formal,richards,richards_fields,quickjs,256,25,3,"[""v8"",""jsc"",""quickjs""]",82,MAIN_MONOTONIC_V1_DERIVED,wsl2-ubuntu2404-x64-20261004,[],140d5233b0337d91cb0f994ae4a051e49aa04da8802acfaedf0a01b81a620b79,2d69cd0f378ac81268393d02ed0e875934a3b51acde0b9a357e02651d265c871,"[{""path"":""/mnt/c/Users/mzyx/Desktop/0921/js-interpreter-bench/experiments/three_engine_baseline/adapters/quickjs.js"",""sha256"":""f20aa7b460675d08600a58945203034feb50b2a3515aba579219f648b1235c6c""},{""path"":""/mnt/c/Users/mzyx/Desktop/0921/js-interpreter-bench/experiments/timer_recovery/adapters/quickjs.js"",""sha256"":""cd393c275173f20526562a008951f65a332deffed85e7c804519788b8ebffab7""}]",7354c1868ce2f8a6cc0d43c8be772c69eece3966b70d20df8f98270cddf07e2b,41943040,41943040,"{""mode"":""MAIN_MONOTONIC_V1_DERIVED"",""variant"":""richards_fields"",""N"":256,""checksum"":41943040,""correctness"":""PASS"",""warmup_calls"":0,""start_ms"":564025.029107,""stop_ms"":566066.648303,""elapsed_ms"":2041.6191960000433}",2041.6191960000433,7.975074984375169,[],True
0,"WB_RESULT:{""mode"":""MAIN_MONOTONIC_V1_DERIVED"",""variant"":""richards_fields"",""N"":256,""checksum"":41943040,""correctness"":""PASS"",""warmup_calls"":0,""start_ms"":28.139,""stop_ms"":1755.06,""elapsed_ms"":1726.921}
",,"[""/home/mzyx/three_engine_20261004/v8-linux64-rel-15.6.21/d8"",""--snapshot_blob=/home/mzyx/three_engine_20261004/v8-linux64-rel-15.6.21/snapshot_blob.bin"",""--max-opt=0"",""--no-lazy"",""/mnt/c/Users/mzyx/Desktop/0921/js-interpreter-bench/experiments/three_engine_baseline/adapters/v8.js"",""/mnt/c/Users/mzyx/Desktop/0921/js-interpreter-bench/experiments/timer_recovery/adapters/v8.js"",""/mnt/c/Users/mzyx/Desktop/0921/js-interpreter-bench/experiments/whitebox_analysis/attempt01/microbench/generated/richards_fields.N256.js""]",/mnt/c/Users/mzyx/Desktop/0921/js-interpreter-bench,2026-10-05T09:14:24.258265+00:00,560429821048,562193787712,b3ee321e-69da-462d-8718-4589949b17d0,1763966664,formal,richards,richards_fields,v8,256,25,1,"[""v8"",""jsc"",""quickjs""]",82,MAIN_MONOTONIC_V1_DERIVED,wsl2-ubuntu2404-x64-20261004,"[""--max-opt=0"",""--no-lazy""]",83b744a5953d2662ea723564d4035a333782a0cc85232d1025929a925150b133,2d69cd0f378ac81268393d02ed0e875934a3b51acde0b9a357e02651d265c871,"[{""path"":""/mnt/c/Users/mzyx/Desktop/0921/js-interpreter-bench/experiments/three_engine_baseline/adapters/v8.js"",""sha256"":""0ab3ed677381191d7e7839cbbc3f07895104a8b8299679ab9f37b856d76d3a22""},{""path"":""/mnt/c/Users/mzyx/Desktop/0921/js-interpreter-bench/experiments/timer_recovery/adapters/v8.js"",""sha256"":""e610d3aa3d2672a5e6d5eccd9aaf05c6ae6758d1b9c4468289f017a231ab7d9f""}]",7354c1868ce2f8a6cc0d43c8be772c69eece3966b70d20df8f98270cddf07e2b,41943040,41943040,"{""mode"":""MAIN_MONOTONIC_V1_DERIVED"",""variant"":""richards_fields"",""N"":256,""checksum"":41943040,""correctness"":""PASS"",""warmup_calls"":0,""start_ms"":28.139,""stop_ms"":1755.06,""elapsed_ms"":1726.921}",1726.921,6.74578515625,[],True
0,"WB_RESULT:{""mode"":""MAIN_MONOTONIC_V1_DERIVED"",""variant"":""richards_fields"",""N"":256,""checksum"":41943040,""correctness"":""PASS"",""warmup_calls"":0,""start_ms"":0,""stop_ms"":1539.16,""elapsed_ms"":1539.16}
",,"[""/home/mzyx/jsc_build_fd3406f/JSCOnly/Release/bin/jsc"",""--useJIT=false"",""--useLLInt=true"",""--validateOptions=true"",""/mnt/c/Users/mzyx/Desktop/0921/js-interpreter-bench/experiments/three_engine_baseline/adapters/jsc.js"",""/mnt/c/Users/mzyx/Desktop/0921/js-interpreter-bench/experiments/timer_recovery/adapters/jsc.js"",""/mnt/c/Users/mzyx/Desktop/0921/js-interpreter-bench/experiments/whitebox_analysis/attempt01/microbench/generated/richards_fields.N256.js""]",/mnt/c/Users/mzyx/Desktop/0921/js-interpreter-bench,2026-10-05T09:17:24.200335+00:00,753835829006,755400805061,b3ee321e-69da-462d-8718-4589949b17d0,1564976055,formal,richards,richards_fields,jsc,256,26,1,"[""jsc"",""quickjs"",""v8""]",118,MAIN_MONOTONIC_V1_DERIVED,wsl2-ubuntu2404-x64-20261004,"[""--useJIT=false"",""--useLLInt=true"",""--validateOptions=true""]",65c824a055405bf62b05e21d54515a72a1f0187a4d91225d00a6da969d35879f,2d69cd0f378ac81268393d02ed0e875934a3b51acde0b9a357e02651d265c871,"[{""path"":""/mnt/c/Users/mzyx/Desktop/0921/js-interpreter-bench/experiments/three_engine_baseline/adapters/jsc.js"",""sha256"":""f9ddbb9556352e283b9c9feebc8bdd0ef1abac5bcdf1ab7a5d83945fa3c9437b""},{""path"":""/mnt/c/Users/mzyx/Desktop/0921/js-interpreter-bench/experiments/timer_recovery/adapters/jsc.js"",""sha256"":""0c485996a598b7e36f2f292b66397adc0390cbe6b69b55199e47e1c6c1e37010""}]",7354c1868ce2f8a6cc0d43c8be772c69eece3966b70d20df8f98270cddf07e2b,41943040,41943040,"{""mode"":""MAIN_MONOTONIC_V1_DERIVED"",""variant"":""richards_fields"",""N"":256,""checksum"":41943040,""correctness"":""PASS"",""warmup_calls"":0,""start_ms"":0,""stop_ms"":1539.16,""elapsed_ms"":1539.16}",1539.16,6.01234375,[],True
0,"WB_RESULT:{""mode"":""MAIN_MONOTONIC_V1_DERIVED"",""variant"":""richards_fields"",""N"":256,""checksum"":41943040,""correctness"":""PASS"",""warmup_calls"":0,""start_ms"":755554.493604,""stop_ms"":757577.812495,""elapsed_ms"":2023.3188910000026}
",,"[""/home/mzyx/three_engine_20261004/quickjs-04be246001599f5995fa2f2d8c91a0f198d3f34c/qjs"",""-I"",""/mnt/c/Users/mzyx/Desktop/0921/js-interpreter-bench/experiments/three_engine_baseline/adapters/quickjs.js"",""-I"",""/mnt/c/Users/mzyx/Desktop/0921/js-interpreter-bench/experiments/timer_recovery/adapters/quickjs.js"",""/mnt/c/Users/mzyx/Desktop/0921/js-interpreter-bench/experiments/whitebox_analysis/attempt01/microbench/generated/richards_fields.N256.js""]",/mnt/c/Users/mzyx/Desktop/0921/js-interpreter-bench,2026-10-05T09:17:26.378291+00:00,755542331008,757578737871,b3ee321e-69da-462d-8718-4589949b17d0,2036406863,formal,richards,richards_fields,quickjs,256,26,2,"[""jsc"",""quickjs"",""v8""]",118,MAIN_MONOTONIC_V1_DERIVED,wsl2-ubuntu2404-x64-20261004,[],140d5233b0337d91cb0f994ae4a051e49aa04da8802acfaedf0a01b81a620b79,2d69cd0f378ac81268393d02ed0e875934a3b51acde0b9a357e02651d265c871,"[{""path"":""/mnt/c/Users/mzyx/Desktop/0921/js-interpreter-bench/experiments/three_engine_baseline/adapters/quickjs.js"",""sha256"":""f20aa7b460675d08600a58945203034feb50b2a3515aba579219f648b1235c6c""},{""path"":""/mnt/c/Users/mzyx/Desktop/0921/js-interpreter-bench/experiments/timer_recovery/adapters/quickjs.js"",""sha256"":""cd393c275173f20526562a008951f65a332deffed85e7c804519788b8ebffab7""}]",7354c1868ce2f8a6cc0d43c8be772c69eece3966b70d20df8f98270cddf07e2b,41943040,41943040,"{""mode"":""MAIN_MONOTONIC_V1_DERIVED"",""variant"":""richards_fields"",""N"":256,""checksum"":41943040,""correctness"":""PASS"",""warmup_calls"":0,""start_ms"":755554.493604,""stop_ms"":757577.812495,""elapsed_ms"":2023.3188910000026}",2023.3188910000026,7.90358941796876,[],True
0,"WB_RESULT:{""mode"":""MAIN_MONOTONIC_V1_DERIVED"",""variant"":""richards_fields"",""N"":256,""checksum"":41943040,""correctness"":""PASS"",""warmup_calls"":0,""start_ms"":33.072,""stop_ms"":1777.651,""elapsed_ms"":1744.5790000000002}
",,"[""/home/mzyx/three_engine_20261004/v8-linux64-rel-15.6.21/d8"",""--snapshot_blob=/home/mzyx/three_engine_20261004/v8-linux64-rel-15.6.21/snapshot_blob.bin"",""--max-opt=0"",""--no-lazy"",""/mnt/c/Users/mzyx/Desktop/0921/js-interpreter-bench/experiments/three_engine_baseline/adapters/v8.js"",""/mnt/c/Users/mzyx/Desktop/0921/js-interpreter-bench/experiments/timer_recovery/adapters/v8.js"",""/mnt/c/Users/mzyx/Desktop/0921/js-interpreter-bench/experiments/whitebox_analysis/attempt01/microbench/generated/richards_fields.N256.js""]",/mnt/c/Users/mzyx/Desktop/0921/js-interpreter-bench,2026-10-05T09:17:28.302736+00:00,757716773130,759503187360,b3ee321e-69da-462d-8718-4589949b17d0,1786414230,formal,richards,richards_fields,v8,256,26,3,"[""jsc"",""quickjs"",""v8""]",118,MAIN_MONOTONIC_V1_DERIVED,wsl2-ubuntu2404-x64-20261004,"[""--max-opt=0"",""--no-lazy""]",83b744a5953d2662ea723564d4035a333782a0cc85232d1025929a925150b133,2d69cd0f378ac81268393d02ed0e875934a3b51acde0b9a357e02651d265c871,"[{""path"":""/mnt/c/Users/mzyx/Desktop/0921/js-interpreter-bench/experiments/three_engine_baseline/adapters/v8.js"",""sha256"":""0ab3ed677381191d7e7839cbbc3f07895104a8b8299679ab9f37b856d76d3a22""},{""path"":""/mnt/c/Users/mzyx/Desktop/0921/js-interpreter-bench/experiments/timer_recovery/adapters/v8.js"",""sha256"":""e610d3aa3d2672a5e6d5eccd9aaf05c6ae6758d1b9c4468289f017a231ab7d9f""}]",7354c1868ce2f8a6cc0d43c8be772c69eece3966b70d20df8f98270cddf07e2b,41943040,41943040,"{""mode"":""MAIN_MONOTONIC_V1_DERIVED"",""variant"":""richards_fields"",""N"":256,""checksum"":41943040,""correctness"":""PASS"",""warmup_calls"":0,""start_ms"":33.072,""stop_ms"":1777.651,""elapsed_ms"":1744.5790000000002}",1744.5790000000002,6.814761718750001,[],True
0,"WB_RESULT:{""mode"":""MAIN_MONOTONIC_V1_DERIVED"",""variant"":""richards_fields"",""N"":256,""checksum"":41943040,""correctness"":""PASS"",""warmup_calls"":0,""start_ms"":0,""stop_ms"":1398.42,""elapsed_ms"":1398.42}
",,"[""/home/mzyx/jsc_build_fd3406f/JSCOnly/Release/bin/jsc"",""--useJIT=false"",""--useLLInt=true"",""--validateOptions=true"",""/mnt/c/Users/mzyx/Desktop/0921/js-interpreter-bench/experiments/three_engine_baseline/adapters/jsc.js"",""/mnt/c/Users/mzyx/Desktop/0921/js-interpreter-bench/experiments/timer_recovery/adapters/jsc.js"",""/mnt/c/Users/mzyx/Desktop/0921/js-interpreter-bench/experiments/whitebox_analysis/attempt01/microbench/generated/richards_fields.N256.js""]",/mnt/c/Users/mzyx/Desktop/0921/js-interpreter-bench,2026-10-05T09:10:33.876720+00:00,315036399286,316460358880,b3ee321e-69da-462d-8718-4589949b17d0,1423959594,formal,richards,richards_fields,jsc,256,27,3,"[""quickjs"",""v8"",""jsc""]",36,MAIN_MONOTONIC_V1_DERIVED,wsl2-ubuntu2404-x64-20261004,"[""--useJIT=false"",""--useLLInt=true"",""--validateOptions=true""]",65c824a055405bf62b05e21d54515a72a1f0187a4d91225d00a6da969d35879f,2d69cd0f378ac81268393d02ed0e875934a3b51acde0b9a357e02651d265c871,"[{""path"":""/mnt/c/Users/mzyx/Desktop/0921/js-interpreter-bench/experiments/three_engine_baseline/adapters/jsc.js"",""sha256"":""f9ddbb9556352e283b9c9feebc8bdd0ef1abac5bcdf1ab7a5d83945fa3c9437b""},{""path"":""/mnt/c/Users/mzyx/Desktop/0921/js-interpreter-bench/experiments/timer_recovery/adapters/jsc.js"",""sha256"":""0c485996a598b7e36f2f292b66397adc0390cbe6b69b55199e47e1c6c1e37010""}]",7354c1868ce2f8a6cc0d43c8be772c69eece3966b70d20df8f98270cddf07e2b,41943040,41943040,"{""mode"":""MAIN_MONOTONIC_V1_DERIVED"",""variant"":""richards_fields"",""N"":256,""checksum"":41943040,""correctness"":""PASS"",""warmup_calls"":0,""start_ms"":0,""stop_ms"":1398.42,""elapsed_ms"":1398.42}",1398.42,5.462578125,[],True
0,"WB_RESULT:{""mode"":""MAIN_MONOTONIC_V1_DERIVED"",""variant"":""richards_fields"",""N"":256,""checksum"":41943040,""correctness"":""PASS"",""warmup_calls"":0,""start_ms"":311164.192016,""stop_ms"":313156.806299,""elapsed_ms"":1992.6142830000026}
",,"[""/home/mzyx/three_engine_20261004/quickjs-04be246001599f5995fa2f2d8c91a0f198d3f34c/qjs"",""-I"",""/mnt/c/Users/mzyx/Desktop/0921/js-interpreter-bench/experiments/three_engine_baseline/adapters/quickjs.js"",""-I"",""/mnt/c/Users/mzyx/Desktop/0921/js-interpreter-bench/experiments/timer_recovery/adapters/quickjs.js"",""/mnt/c/Users/mzyx/Desktop/0921/js-interpreter-bench/experiments/whitebox_analysis/attempt01/microbench/generated/richards_fields.N256.js""]",/mnt/c/Users/mzyx/Desktop/0921/js-interpreter-bench,2026-10-05T09:10:32.892516+00:00,311152962187,313157857241,b3ee321e-69da-462d-8718-4589949b17d0,2004895054,formal,richards,richards_fields,quickjs,256,27,1,"[""quickjs"",""v8"",""jsc""]",36,MAIN_MONOTONIC_V1_DERIVED,wsl2-ubuntu2404-x64-20261004,[],140d5233b0337d91cb0f994ae4a051e49aa04da8802acfaedf0a01b81a620b79,2d69cd0f378ac81268393d02ed0e875934a3b51acde0b9a357e02651d265c871,"[{""path"":""/mnt/c/Users/mzyx/Desktop/0921/js-interpreter-bench/experiments/three_engine_baseline/adapters/quickjs.js"",""sha256"":""f20aa7b460675d08600a58945203034feb50b2a3515aba579219f648b1235c6c""},{""path"":""/mnt/c/Users/mzyx/Desktop/0921/js-interpreter-bench/experiments/timer_recovery/adapters/quickjs.js"",""sha256"":""cd393c275173f20526562a008951f65a332deffed85e7c804519788b8ebffab7""}]",7354c1868ce2f8a6cc0d43c8be772c69eece3966b70d20df8f98270cddf07e2b,41943040,41943040,"{""mode"":""MAIN_MONOTONIC_V1_DERIVED"",""variant"":""richards_fields"",""N"":256,""checksum"":41943040,""correctness"":""PASS"",""warmup_calls"":0,""start_ms"":311164.192016,""stop_ms"":313156.806299,""elapsed_ms"":1992.6142830000026}",1992.6142830000026,7.78364954296876,[],True
0,"WB_RESULT:{""mode"":""MAIN_MONOTONIC_V1_DERIVED"",""variant"":""richards_fields"",""N"":256,""checksum"":41943040,""correctness"":""PASS"",""warmup_calls"":0,""start_ms"":26.192,""stop_ms"":1634.733,""elapsed_ms"":1608.541}
",,"[""/home/mzyx/three_engine_20261004/v8-linux64-rel-15.6.21/d8"",""--snapshot_blob=/home/mzyx/three_engine_20261004/v8-linux64-rel-15.6.21/snapshot_blob.bin"",""--max-opt=0"",""--no-lazy"",""/mnt/c/Users/mzyx/Desktop/0921/js-interpreter-bench/experiments/three_engine_baseline/adapters/v8.js"",""/mnt/c/Users/mzyx/Desktop/0921/js-interpreter-bench/experiments/timer_recovery/adapters/v8.js"",""/mnt/c/Users/mzyx/Desktop/0921/js-interpreter-bench/experiments/whitebox_analysis/attempt01/microbench/generated/richards_fields.N256.js""]",/mnt/c/Users/mzyx/Desktop/0921/js-interpreter-bench,2026-10-05T09:10:32.336289+00:00,313277521793,314919928649,b3ee321e-69da-462d-8718-4589949b17d0,1642406856,formal,richards,richards_fields,v8,256,27,2,"[""quickjs"",""v8"",""jsc""]",36,MAIN_MONOTONIC_V1_DERIVED,wsl2-ubuntu2404-x64-20261004,"[""--max-opt=0"",""--no-lazy""]",83b744a5953d2662ea723564d4035a333782a0cc85232d1025929a925150b133,2d69cd0f378ac81268393d02ed0e875934a3b51acde0b9a357e02651d265c871,"[{""path"":""/mnt/c/Users/mzyx/Desktop/0921/js-interpreter-bench/experiments/three_engine_baseline/adapters/v8.js"",""sha256"":""0ab3ed677381191d7e7839cbbc3f07895104a8b8299679ab9f37b856d76d3a22""},{""path"":""/mnt/c/Users/mzyx/Desktop/0921/js-interpreter-bench/experiments/timer_recovery/adapters/v8.js"",""sha256"":""e610d3aa3d2672a5e6d5eccd9aaf05c6ae6758d1b9c4468289f017a231ab7d9f""}]",7354c1868ce2f8a6cc0d43c8be772c69eece3966b70d20df8f98270cddf07e2b,41943040,41943040,"{""mode"":""MAIN_MONOTONIC_V1_DERIVED"",""variant"":""richards_fields"",""N"":256,""checksum"":41943040,""correctness"":""PASS"",""warmup_calls"":0,""start_ms"":26.192,""stop_ms"":1634.733,""elapsed_ms"":1608.541}",1608.541,6.28336328125,[],True
0,"WB_RESULT:{""mode"":""MAIN_MONOTONIC_V1_DERIVED"",""variant"":""richards_fields"",""N"":256,""checksum"":41943040,""correctness"":""PASS"",""warmup_calls"":0,""start_ms"":0,""stop_ms"":1576.9,""elapsed_ms"":1576.9}
",,"[""/home/mzyx/jsc_build_fd3406f/JSCOnly/Release/bin/jsc"",""--useJIT=false"",""--useLLInt=true"",""--validateOptions=true"",""/mnt/c/Users/mzyx/Desktop/0921/js-interpreter-bench/experiments/three_engine_baseline/adapters/jsc.js"",""/mnt/c/Users/mzyx/Desktop/0921/js-interpreter-bench/experiments/timer_recovery/adapters/jsc.js"",""/mnt/c/Users/mzyx/Desktop/0921/js-interpreter-bench/experiments/whitebox_analysis/attempt01/microbench/generated/richards_fields.N256.js""]",/mnt/c/Users/mzyx/Desktop/0921/js-interpreter-bench,2026-10-05T09:09:13.464283+00:00,227609376062,229213397849,b3ee321e-69da-462d-8718-4589949b17d0,1604021787,formal,richards,richards_fields,jsc,256,28,2,"[""v8"",""jsc"",""quickjs""]",20,MAIN_MONOTONIC_V1_DERIVED,wsl2-ubuntu2404-x64-20261004,"[""--useJIT=false"",""--useLLInt=true"",""--validateOptions=true""]",65c824a055405bf62b05e21d54515a72a1f0187a4d91225d00a6da969d35879f,2d69cd0f378ac81268393d02ed0e875934a3b51acde0b9a357e02651d265c871,"[{""path"":""/mnt/c/Users/mzyx/Desktop/0921/js-interpreter-bench/experiments/three_engine_baseline/adapters/jsc.js"",""sha256"":""f9ddbb9556352e283b9c9feebc8bdd0ef1abac5bcdf1ab7a5d83945fa3c9437b""},{""path"":""/mnt/c/Users/mzyx/Desktop/0921/js-interpreter-bench/experiments/timer_recovery/adapters/jsc.js"",""sha256"":""0c485996a598b7e36f2f292b66397adc0390cbe6b69b55199e47e1c6c1e37010""}]",7354c1868ce2f8a6cc0d43c8be772c69eece3966b70d20df8f98270cddf07e2b,41943040,41943040,"{""mode"":""MAIN_MONOTONIC_V1_DERIVED"",""variant"":""richards_fields"",""N"":256,""checksum"":41943040,""correctness"":""PASS"",""warmup_calls"":0,""start_ms"":0,""stop_ms"":1576.9,""elapsed_ms"":1576.9}",1576.9,6.159765625,[],True
0,"WB_RESULT:{""mode"":""MAIN_MONOTONIC_V1_DERIVED"",""variant"":""richards_fields"",""N"":256,""checksum"":41943040,""correctness"":""PASS"",""warmup_calls"":0,""start_ms"":229358.848573,""stop_ms"":231380.126927,""elapsed_ms"":2021.2783540000091}
",,"[""/home/mzyx/three_engine_20261004/quickjs-04be246001599f5995fa2f2d8c91a0f198d3f34c/qjs"",""-I"",""/mnt/c/Users/mzyx/Desktop/0921/js-interpreter-bench/experiments/three_engine_baseline/adapters/quickjs.js"",""-I"",""/mnt/c/Users/mzyx/Desktop/0921/js-interpreter-bench/experiments/timer_recovery/adapters/quickjs.js"",""/mnt/c/Users/mzyx/Desktop/0921/js-interpreter-bench/experiments/whitebox_analysis/attempt01/microbench/generated/richards_fields.N256.js""]",/mnt/c/Users/mzyx/Desktop/0921/js-interpreter-bench,2026-10-05T09:09:15.631865+00:00,229347190837,231380980481,b3ee321e-69da-462d-8718-4589949b17d0,2033789644,formal,richards,richards_fields,quickjs,256,28,3,"[""v8"",""jsc"",""quickjs""]",20,MAIN_MONOTONIC_V1_DERIVED,wsl2-ubuntu2404-x64-20261004,[],140d5233b0337d91cb0f994ae4a051e49aa04da8802acfaedf0a01b81a620b79,2d69cd0f378ac81268393d02ed0e875934a3b51acde0b9a357e02651d265c871,"[{""path"":""/mnt/c/Users/mzyx/Desktop/0921/js-interpreter-bench/experiments/three_engine_baseline/adapters/quickjs.js"",""sha256"":""f20aa7b460675d08600a58945203034feb50b2a3515aba579219f648b1235c6c""},{""path"":""/mnt/c/Users/mzyx/Desktop/0921/js-interpreter-bench/experiments/timer_recovery/adapters/quickjs.js"",""sha256"":""cd393c275173f20526562a008951f65a332deffed85e7c804519788b8ebffab7""}]",7354c1868ce2f8a6cc0d43c8be772c69eece3966b70d20df8f98270cddf07e2b,41943040,41943040,"{""mode"":""MAIN_MONOTONIC_V1_DERIVED"",""variant"":""richards_fields"",""N"":256,""checksum"":41943040,""correctness"":""PASS"",""warmup_calls"":0,""start_ms"":229358.848573,""stop_ms"":231380.126927,""elapsed_ms"":2021.2783540000091}",2021.2783540000091,7.895618570312536,[],True
0,"WB_RESULT:{""mode"":""MAIN_MONOTONIC_V1_DERIVED"",""variant"":""richards_fields"",""N"":256,""checksum"":41943040,""correctness"":""PASS"",""warmup_calls"":0,""start_ms"":27.325,""stop_ms"":1787.147,""elapsed_ms"":1759.822}
",,"[""/home/mzyx/three_engine_20261004/v8-linux64-rel-15.6.21/d8"",""--snapshot_blob=/home/mzyx/three_engine_20261004/v8-linux64-rel-15.6.21/snapshot_blob.bin"",""--max-opt=0"",""--no-lazy"",""/mnt/c/Users/mzyx/Desktop/0921/js-interpreter-bench/experiments/three_engine_baseline/adapters/v8.js"",""/mnt/c/Users/mzyx/Desktop/0921/js-interpreter-bench/experiments/timer_recovery/adapters/v8.js"",""/mnt/c/Users/mzyx/Desktop/0921/js-interpreter-bench/experiments/whitebox_analysis/attempt01/microbench/generated/richards_fields.N256.js""]",/mnt/c/Users/mzyx/Desktop/0921/js-interpreter-bench,2026-10-05T09:09:11.732499+00:00,225685173102,227481614953,b3ee321e-69da-462d-8718-4589949b17d0,1796441851,formal,richards,richards_fields,v8,256,28,1,"[""v8"",""jsc"",""quickjs""]",20,MAIN_MONOTONIC_V1_DERIVED,wsl2-ubuntu2404-x64-20261004,"[""--max-opt=0"",""--no-lazy""]",83b744a5953d2662ea723564d4035a333782a0cc85232d1025929a925150b133,2d69cd0f378ac81268393d02ed0e875934a3b51acde0b9a357e02651d265c871,"[{""path"":""/mnt/c/Users/mzyx/Desktop/0921/js-interpreter-bench/experiments/three_engine_baseline/adapters/v8.js"",""sha256"":""0ab3ed677381191d7e7839cbbc3f07895104a8b8299679ab9f37b856d76d3a22""},{""path"":""/mnt/c/Users/mzyx/Desktop/0921/js-interpreter-bench/experiments/timer_recovery/adapters/v8.js"",""sha256"":""e610d3aa3d2672a5e6d5eccd9aaf05c6ae6758d1b9c4468289f017a231ab7d9f""}]",7354c1868ce2f8a6cc0d43c8be772c69eece3966b70d20df8f98270cddf07e2b,41943040,41943040,"{""mode"":""MAIN_MONOTONIC_V1_DERIVED"",""variant"":""richards_fields"",""N"":256,""checksum"":41943040,""correctness"":""PASS"",""warmup_calls"":0,""start_ms"":27.325,""stop_ms"":1787.147,""elapsed_ms"":1759.822}",1759.822,6.8743046875,[],True
0,"WB_RESULT:{""mode"":""MAIN_MONOTONIC_V1_DERIVED"",""variant"":""richards_fields"",""N"":256,""checksum"":41943040,""correctness"":""PASS"",""warmup_calls"":0,""start_ms"":0,""stop_ms"":1535.82,""elapsed_ms"":1535.82}
",,"[""/home/mzyx/jsc_build_fd3406f/JSCOnly/Release/bin/jsc"",""--useJIT=false"",""--useLLInt=true"",""--validateOptions=true"",""/mnt/c/Users/mzyx/Desktop/0921/js-interpreter-bench/experiments/three_engine_baseline/adapters/jsc.js"",""/mnt/c/Users/mzyx/Desktop/0921/js-interpreter-bench/experiments/timer_recovery/adapters/jsc.js"",""/mnt/c/Users/mzyx/Desktop/0921/js-interpreter-bench/experiments/whitebox_analysis/attempt01/microbench/generated/richards_fields.N256.js""]",/mnt/c/Users/mzyx/Desktop/0921/js-interpreter-bench,2026-10-05T09:08:56.526102+00:00,208561673944,210126985106,b3ee321e-69da-462d-8718-4589949b17d0,1565311162,formal,richards,richards_fields,jsc,256,29,1,"[""jsc"",""v8"",""quickjs""]",17,MAIN_MONOTONIC_V1_DERIVED,wsl2-ubuntu2404-x64-20261004,"[""--useJIT=false"",""--useLLInt=true"",""--validateOptions=true""]",65c824a055405bf62b05e21d54515a72a1f0187a4d91225d00a6da969d35879f,2d69cd0f378ac81268393d02ed0e875934a3b51acde0b9a357e02651d265c871,"[{""path"":""/mnt/c/Users/mzyx/Desktop/0921/js-interpreter-bench/experiments/three_engine_baseline/adapters/jsc.js"",""sha256"":""f9ddbb9556352e283b9c9feebc8bdd0ef1abac5bcdf1ab7a5d83945fa3c9437b""},{""path"":""/mnt/c/Users/mzyx/Desktop/0921/js-interpreter-bench/experiments/timer_recovery/adapters/jsc.js"",""sha256"":""0c485996a598b7e36f2f292b66397adc0390cbe6b69b55199e47e1c6c1e37010""}]",7354c1868ce2f8a6cc0d43c8be772c69eece3966b70d20df8f98270cddf07e2b,41943040,41943040,"{""mode"":""MAIN_MONOTONIC_V1_DERIVED"",""variant"":""richards_fields"",""N"":256,""checksum"":41943040,""correctness"":""PASS"",""warmup_calls"":0,""start_ms"":0,""stop_ms"":1535.82,""elapsed_ms"":1535.82}",1535.82,5.999296875,[],True
0,"WB_RESULT:{""mode"":""MAIN_MONOTONIC_V1_DERIVED"",""variant"":""richards_fields"",""N"":256,""checksum"":41943040,""correctness"":""PASS"",""warmup_calls"":0,""start_ms"":212267.181247,""stop_ms"":214278.642943,""elapsed_ms"":2011.461696000013}
",,"[""/home/mzyx/three_engine_20261004/quickjs-04be246001599f5995fa2f2d8c91a0f198d3f34c/qjs"",""-I"",""/mnt/c/Users/mzyx/Desktop/0921/js-interpreter-bench/experiments/three_engine_baseline/adapters/quickjs.js"",""-I"",""/mnt/c/Users/mzyx/Desktop/0921/js-interpreter-bench/experiments/timer_recovery/adapters/quickjs.js"",""/mnt/c/Users/mzyx/Desktop/0921/js-interpreter-bench/experiments/whitebox_analysis/attempt01/microbench/generated/richards_fields.N256.js""]",/mnt/c/Users/mzyx/Desktop/0921/js-interpreter-bench,2026-10-05T09:09:00.678642+00:00,212254237734,214279524784,b3ee321e-69da-462d-8718-4589949b17d0,2025287050,formal,richards,richards_fields,quickjs,256,29,3,"[""jsc"",""v8"",""quickjs""]",17,MAIN_MONOTONIC_V1_DERIVED,wsl2-ubuntu2404-x64-20261004,[],140d5233b0337d91cb0f994ae4a051e49aa04da8802acfaedf0a01b81a620b79,2d69cd0f378ac81268393d02ed0e875934a3b51acde0b9a357e02651d265c871,"[{""path"":""/mnt/c/Users/mzyx/Desktop/0921/js-interpreter-bench/experiments/three_engine_baseline/adapters/quickjs.js"",""sha256"":""f20aa7b460675d08600a58945203034feb50b2a3515aba579219f648b1235c6c""},{""path"":""/mnt/c/Users/mzyx/Desktop/0921/js-interpreter-bench/experiments/timer_recovery/adapters/quickjs.js"",""sha256"":""cd393c275173f20526562a008951f65a332deffed85e7c804519788b8ebffab7""}]",7354c1868ce2f8a6cc0d43c8be772c69eece3966b70d20df8f98270cddf07e2b,41943040,41943040,"{""mode"":""MAIN_MONOTONIC_V1_DERIVED"",""variant"":""richards_fields"",""N"":256,""checksum"":41943040,""correctness"":""PASS"",""warmup_calls"":0,""start_ms"":212267.181247,""stop_ms"":214278.642943,""elapsed_ms"":2011.461696000013}",2011.461696000013,7.857272250000051,[],True
0,"WB_RESULT:{""mode"":""MAIN_MONOTONIC_V1_DERIVED"",""variant"":""richards_fields"",""N"":256,""checksum"":41943040,""correctness"":""PASS"",""warmup_calls"":0,""start_ms"":30.014,""stop_ms"":1843.176,""elapsed_ms"":1813.162}
",,"[""/home/mzyx/three_engine_20261004/v8-linux64-rel-15.6.21/d8"",""--snapshot_blob=/home/mzyx/three_engine_20261004/v8-linux64-rel-15.6.21/snapshot_blob.bin"",""--max-opt=0"",""--no-lazy"",""/mnt/c/Users/mzyx/Desktop/0921/js-interpreter-bench/experiments/three_engine_baseline/adapters/v8.js"",""/mnt/c/Users/mzyx/Desktop/0921/js-interpreter-bench/experiments/timer_recovery/adapters/v8.js"",""/mnt/c/Users/mzyx/Desktop/0921/js-interpreter-bench/experiments/whitebox_analysis/attempt01/microbench/generated/richards_fields.N256.js""]",/mnt/c/Users/mzyx/Desktop/0921/js-interpreter-bench,2026-10-05T09:08:58.514640+00:00,210261391226,212115770281,b3ee321e-69da-462d-8718-4589949b17d0,1854379055,formal,richards,richards_fields,v8,256,29,2,"[""jsc"",""v8"",""quickjs""]",17,MAIN_MONOTONIC_V1_DERIVED,wsl2-ubuntu2404-x64-20261004,"[""--max-opt=0"",""--no-lazy""]",83b744a5953d2662ea723564d4035a333782a0cc85232d1025929a925150b133,2d69cd0f378ac81268393d02ed0e875934a3b51acde0b9a357e02651d265c871,"[{""path"":""/mnt/c/Users/mzyx/Desktop/0921/js-interpreter-bench/experiments/three_engine_baseline/adapters/v8.js"",""sha256"":""0ab3ed677381191d7e7839cbbc3f07895104a8b8299679ab9f37b856d76d3a22""},{""path"":""/mnt/c/Users/mzyx/Desktop/0921/js-interpreter-bench/experiments/timer_recovery/adapters/v8.js"",""sha256"":""e610d3aa3d2672a5e6d5eccd9aaf05c6ae6758d1b9c4468289f017a231ab7d9f""}]",7354c1868ce2f8a6cc0d43c8be772c69eece3966b70d20df8f98270cddf07e2b,41943040,41943040,"{""mode"":""MAIN_MONOTONIC_V1_DERIVED"",""variant"":""richards_fields"",""N"":256,""checksum"":41943040,""correctness"":""PASS"",""warmup_calls"":0,""start_ms"":30.014,""stop_ms"":1843.176,""elapsed_ms"":1813.162}",1813.162,7.0826640625,[],True
0,"WB_RESULT:{""mode"":""MAIN_MONOTONIC_V1_DERIVED"",""variant"":""richards_fields"",""N"":256,""checksum"":41943040,""correctness"":""PASS"",""warmup_calls"":0,""start_ms"":0,""stop_ms"":1545.36,""elapsed_ms"":1545.36}
",,"[""/home/mzyx/jsc_build_fd3406f/JSCOnly/Release/bin/jsc"",""--useJIT=false"",""--useLLInt=true"",""--validateOptions=true"",""/mnt/c/Users/mzyx/Desktop/0921/js-interpreter-bench/experiments/three_engine_baseline/adapters/jsc.js"",""/mnt/c/Users/mzyx/Desktop/0921/js-interpreter-bench/experiments/timer_recovery/adapters/jsc.js"",""/mnt/c/Users/mzyx/Desktop/0921/js-interpreter-bench/experiments/whitebox_analysis/attempt01/microbench/generated/richards_fields.N256.js""]",/mnt/c/Users/mzyx/Desktop/0921/js-interpreter-bench,2026-10-05T09:09:42.575282+00:00,259030475804,260607408140,b3ee321e-69da-462d-8718-4589949b17d0,1576932336,formal,richards,richards_fields,jsc,256,3,2,"[""quickjs"",""jsc"",""v8""]",26,MAIN_MONOTONIC_V1_DERIVED,wsl2-ubuntu2404-x64-20261004,"[""--useJIT=false"",""--useLLInt=true"",""--validateOptions=true""]",65c824a055405bf62b05e21d54515a72a1f0187a4d91225d00a6da969d35879f,2d69cd0f378ac81268393d02ed0e875934a3b51acde0b9a357e02651d265c871,"[{""path"":""/mnt/c/Users/mzyx/Desktop/0921/js-interpreter-bench/experiments/three_engine_baseline/adapters/jsc.js"",""sha256"":""f9ddbb9556352e283b9c9feebc8bdd0ef1abac5bcdf1ab7a5d83945fa3c9437b""},{""path"":""/mnt/c/Users/mzyx/Desktop/0921/js-interpreter-bench/experiments/timer_recovery/adapters/jsc.js"",""sha256"":""0c485996a598b7e36f2f292b66397adc0390cbe6b69b55199e47e1c6c1e37010""}]",7354c1868ce2f8a6cc0d43c8be772c69eece3966b70d20df8f98270cddf07e2b,41943040,41943040,"{""mode"":""MAIN_MONOTONIC_V1_DERIVED"",""variant"":""richards_fields"",""N"":256,""checksum"":41943040,""correctness"":""PASS"",""warmup_calls"":0,""start_ms"":0,""stop_ms"":1545.36,""elapsed_ms"":1545.36}",1545.36,6.0365625,[],True
0,"WB_RESULT:{""mode"":""MAIN_MONOTONIC_V1_DERIVED"",""variant"":""richards_fields"",""N"":256,""checksum"":41943040,""correctness"":""PASS"",""warmup_calls"":0,""start_ms"":256866.620748,""stop_ms"":258900.825509,""elapsed_ms"":2034.2047610000009}
",,"[""/home/mzyx/three_engine_20261004/quickjs-04be246001599f5995fa2f2d8c91a0f198d3f34c/qjs"",""-I"",""/mnt/c/Users/mzyx/Desktop/0921/js-interpreter-bench/experiments/three_engine_baseline/adapters/quickjs.js"",""-I"",""/mnt/c/Users/mzyx/Desktop/0921/js-interpreter-bench/experiments/timer_recovery/adapters/quickjs.js"",""/mnt/c/Users/mzyx/Desktop/0921/js-interpreter-bench/experiments/whitebox_analysis/attempt01/microbench/generated/richards_fields.N256.js""]",/mnt/c/Users/mzyx/Desktop/0921/js-interpreter-bench,2026-10-05T09:09:40.869467+00:00,256855350048,258901592402,b3ee321e-69da-462d-8718-4589949b17d0,2046242354,formal,richards,richards_fields,quickjs,256,3,1,"[""quickjs"",""jsc"",""v8""]",26,MAIN_MONOTONIC_V1_DERIVED,wsl2-ubuntu2404-x64-20261004,[],140d5233b0337d91cb0f994ae4a051e49aa04da8802acfaedf0a01b81a620b79,2d69cd0f378ac81268393d02ed0e875934a3b51acde0b9a357e02651d265c871,"[{""path"":""/mnt/c/Users/mzyx/Desktop/0921/js-interpreter-bench/experiments/three_engine_baseline/adapters/quickjs.js"",""sha256"":""f20aa7b460675d08600a58945203034feb50b2a3515aba579219f648b1235c6c""},{""path"":""/mnt/c/Users/mzyx/Desktop/0921/js-interpreter-bench/experiments/timer_recovery/adapters/quickjs.js"",""sha256"":""cd393c275173f20526562a008951f65a332deffed85e7c804519788b8ebffab7""}]",7354c1868ce2f8a6cc0d43c8be772c69eece3966b70d20df8f98270cddf07e2b,41943040,41943040,"{""mode"":""MAIN_MONOTONIC_V1_DERIVED"",""variant"":""richards_fields"",""N"":256,""checksum"":41943040,""correctness"":""PASS"",""warmup_calls"":0,""start_ms"":256866.620748,""stop_ms"":258900.825509,""elapsed_ms"":2034.2047610000009}",2034.2047610000009,7.946112347656253,[],True
0,"WB_RESULT:{""mode"":""MAIN_MONOTONIC_V1_DERIVED"",""variant"":""richards_fields"",""N"":256,""checksum"":41943040,""correctness"":""PASS"",""warmup_calls"":0,""start_ms"":27.406,""stop_ms"":1729.156,""elapsed_ms"":1701.75}
",,"[""/home/mzyx/three_engine_20261004/v8-linux64-rel-15.6.21/d8"",""--snapshot_blob=/home/mzyx/three_engine_20261004/v8-linux64-rel-15.6.21/snapshot_blob.bin"",""--max-opt=0"",""--no-lazy"",""/mnt/c/Users/mzyx/Desktop/0921/js-interpreter-bench/experiments/three_engine_baseline/adapters/v8.js"",""/mnt/c/Users/mzyx/Desktop/0921/js-interpreter-bench/experiments/timer_recovery/adapters/v8.js"",""/mnt/c/Users/mzyx/Desktop/0921/js-interpreter-bench/experiments/whitebox_analysis/attempt01/microbench/generated/richards_fields.N256.js""]",/mnt/c/Users/mzyx/Desktop/0921/js-interpreter-bench,2026-10-05T09:09:44.444471+00:00,260738912404,262476594800,b3ee321e-69da-462d-8718-4589949b17d0,1737682396,formal,richards,richards_fields,v8,256,3,3,"[""quickjs"",""jsc"",""v8""]",26,MAIN_MONOTONIC_V1_DERIVED,wsl2-ubuntu2404-x64-20261004,"[""--max-opt=0"",""--no-lazy""]",83b744a5953d2662ea723564d4035a333782a0cc85232d1025929a925150b133,2d69cd0f378ac81268393d02ed0e875934a3b51acde0b9a357e02651d265c871,"[{""path"":""/mnt/c/Users/mzyx/Desktop/0921/js-interpreter-bench/experiments/three_engine_baseline/adapters/v8.js"",""sha256"":""0ab3ed677381191d7e7839cbbc3f07895104a8b8299679ab9f37b856d76d3a22""},{""path"":""/mnt/c/Users/mzyx/Desktop/0921/js-interpreter-bench/experiments/timer_recovery/adapters/v8.js"",""sha256"":""e610d3aa3d2672a5e6d5eccd9aaf05c6ae6758d1b9c4468289f017a231ab7d9f""}]",7354c1868ce2f8a6cc0d43c8be772c69eece3966b70d20df8f98270cddf07e2b,41943040,41943040,"{""mode"":""MAIN_MONOTONIC_V1_DERIVED"",""variant"":""richards_fields"",""N"":256,""checksum"":41943040,""correctness"":""PASS"",""warmup_calls"":0,""start_ms"":27.406,""stop_ms"":1729.156,""elapsed_ms"":1701.75}",1701.75,6.6474609375,[],True
0,"WB_RESULT:{""mode"":""MAIN_MONOTONIC_V1_DERIVED"",""variant"":""richards_fields"",""N"":256,""checksum"":41943040,""correctness"":""PASS"",""warmup_calls"":0,""start_ms"":0,""stop_ms"":1550.18,""elapsed_ms"":1550.18}
",,"[""/home/mzyx/jsc_build_fd3406f/JSCOnly/Release/bin/jsc"",""--useJIT=false"",""--useLLInt=true"",""--validateOptions=true"",""/mnt/c/Users/mzyx/Desktop/0921/js-interpreter-bench/experiments/three_engine_baseline/adapters/jsc.js"",""/mnt/c/Users/mzyx/Desktop/0921/js-interpreter-bench/experiments/timer_recovery/adapters/jsc.js"",""/mnt/c/Users/mzyx/Desktop/0921/js-interpreter-bench/experiments/whitebox_analysis/attempt01/microbench/generated/richards_fields.N256.js""]",/mnt/c/Users/mzyx/Desktop/0921/js-interpreter-bench,2026-10-05T09:11:13.163536+00:00,356072666299,357668840009,b3ee321e-69da-462d-8718-4589949b17d0,1596173710,formal,richards,richards_fields,jsc,256,30,3,"[""v8"",""quickjs"",""jsc""]",44,MAIN_MONOTONIC_V1_DERIVED,wsl2-ubuntu2404-x64-20261004,"[""--useJIT=false"",""--useLLInt=true"",""--validateOptions=true""]",65c824a055405bf62b05e21d54515a72a1f0187a4d91225d00a6da969d35879f,2d69cd0f378ac81268393d02ed0e875934a3b51acde0b9a357e02651d265c871,"[{""path"":""/mnt/c/Users/mzyx/Desktop/0921/js-interpreter-bench/experiments/three_engine_baseline/adapters/jsc.js"",""sha256"":""f9ddbb9556352e283b9c9feebc8bdd0ef1abac5bcdf1ab7a5d83945fa3c9437b""},{""path"":""/mnt/c/Users/mzyx/Desktop/0921/js-interpreter-bench/experiments/timer_recovery/adapters/jsc.js"",""sha256"":""0c485996a598b7e36f2f292b66397adc0390cbe6b69b55199e47e1c6c1e37010""}]",7354c1868ce2f8a6cc0d43c8be772c69eece3966b70d20df8f98270cddf07e2b,41943040,41943040,"{""mode"":""MAIN_MONOTONIC_V1_DERIVED"",""variant"":""richards_fields"",""N"":256,""checksum"":41943040,""correctness"":""PASS"",""warmup_calls"":0,""start_ms"":0,""stop_ms"":1550.18,""elapsed_ms"":1550.18}",1550.18,6.055390625,[],True
0,"WB_RESULT:{""mode"":""MAIN_MONOTONIC_V1_DERIVED"",""variant"":""richards_fields"",""N"":256,""checksum"":41943040,""correctness"":""PASS"",""warmup_calls"":0,""start_ms"":353791.692732,""stop_ms"":355941.438265,""elapsed_ms"":2149.7455329999793}
",,"[""/home/mzyx/three_engine_20261004/quickjs-04be246001599f5995fa2f2d8c91a0f198d3f34c/qjs"",""-I"",""/mnt/c/Users/mzyx/Desktop/0921/js-interpreter-bench/experiments/three_engine_baseline/adapters/quickjs.js"",""-I"",""/mnt/c/Users/mzyx/Desktop/0921/js-interpreter-bench/experiments/timer_recovery/adapters/quickjs.js"",""/mnt/c/Users/mzyx/Desktop/0921/js-interpreter-bench/experiments/whitebox_analysis/attempt01/microbench/generated/richards_fields.N256.js""]",/mnt/c/Users/mzyx/Desktop/0921/js-interpreter-bench,2026-10-05T09:11:11.438491+00:00,353777553188,355943993535,b3ee321e-69da-462d-8718-4589949b17d0,2166440347,formal,richards,richards_fields,quickjs,256,30,2,"[""v8"",""quickjs"",""jsc""]",44,MAIN_MONOTONIC_V1_DERIVED,wsl2-ubuntu2404-x64-20261004,[],140d5233b0337d91cb0f994ae4a051e49aa04da8802acfaedf0a01b81a620b79,2d69cd0f378ac81268393d02ed0e875934a3b51acde0b9a357e02651d265c871,"[{""path"":""/mnt/c/Users/mzyx/Desktop/0921/js-interpreter-bench/experiments/three_engine_baseline/adapters/quickjs.js"",""sha256"":""f20aa7b460675d08600a58945203034feb50b2a3515aba579219f648b1235c6c""},{""path"":""/mnt/c/Users/mzyx/Desktop/0921/js-interpreter-bench/experiments/timer_recovery/adapters/quickjs.js"",""sha256"":""cd393c275173f20526562a008951f65a332deffed85e7c804519788b8ebffab7""}]",7354c1868ce2f8a6cc0d43c8be772c69eece3966b70d20df8f98270cddf07e2b,41943040,41943040,"{""mode"":""MAIN_MONOTONIC_V1_DERIVED"",""variant"":""richards_fields"",""N"":256,""checksum"":41943040,""correctness"":""PASS"",""warmup_calls"":0,""start_ms"":353791.692732,""stop_ms"":355941.438265,""elapsed_ms"":2149.7455329999793}",2149.7455329999793,8.39744348828117,[],True
0,"WB_RESULT:{""mode"":""MAIN_MONOTONIC_V1_DERIVED"",""variant"":""richards_fields"",""N"":256,""checksum"":41943040,""correctness"":""PASS"",""warmup_calls"":0,""start_ms"":27.533,""stop_ms"":1682.176,""elapsed_ms"":1654.643}
",,"[""/home/mzyx/three_engine_20261004/v8-linux64-rel-15.6.21/d8"",""--snapshot_blob=/home/mzyx/three_engine_20261004/v8-linux64-rel-15.6.21/snapshot_blob.bin"",""--max-opt=0"",""--no-lazy"",""/mnt/c/Users/mzyx/Desktop/0921/js-interpreter-bench/experiments/three_engine_baseline/adapters/v8.js"",""/mnt/c/Users/mzyx/Desktop/0921/js-interpreter-bench/experiments/timer_recovery/adapters/v8.js"",""/mnt/c/Users/mzyx/Desktop/0921/js-interpreter-bench/experiments/whitebox_analysis/attempt01/microbench/generated/richards_fields.N256.js""]",/mnt/c/Users/mzyx/Desktop/0921/js-interpreter-bench,2026-10-05T09:11:09.139684+00:00,351954303987,353644986536,b3ee321e-69da-462d-8718-4589949b17d0,1690682549,formal,richards,richards_fields,v8,256,30,1,"[""v8"",""quickjs"",""jsc""]",44,MAIN_MONOTONIC_V1_DERIVED,wsl2-ubuntu2404-x64-20261004,"[""--max-opt=0"",""--no-lazy""]",83b744a5953d2662ea723564d4035a333782a0cc85232d1025929a925150b133,2d69cd0f378ac81268393d02ed0e875934a3b51acde0b9a357e02651d265c871,"[{""path"":""/mnt/c/Users/mzyx/Desktop/0921/js-interpreter-bench/experiments/three_engine_baseline/adapters/v8.js"",""sha256"":""0ab3ed677381191d7e7839cbbc3f07895104a8b8299679ab9f37b856d76d3a22""},{""path"":""/mnt/c/Users/mzyx/Desktop/0921/js-interpreter-bench/experiments/timer_recovery/adapters/v8.js"",""sha256"":""e610d3aa3d2672a5e6d5eccd9aaf05c6ae6758d1b9c4468289f017a231ab7d9f""}]",7354c1868ce2f8a6cc0d43c8be772c69eece3966b70d20df8f98270cddf07e2b,41943040,41943040,"{""mode"":""MAIN_MONOTONIC_V1_DERIVED"",""variant"":""richards_fields"",""N"":256,""checksum"":41943040,""correctness"":""PASS"",""warmup_calls"":0,""start_ms"":27.533,""stop_ms"":1682.176,""elapsed_ms"":1654.643}",1654.643,6.46344921875,[],True
0,"WB_RESULT:{""mode"":""MAIN_MONOTONIC_V1_DERIVED"",""variant"":""richards_fields"",""N"":256,""checksum"":41943040,""correctness"":""PASS"",""warmup_calls"":0,""start_ms"":0,""stop_ms"":1549.5,""elapsed_ms"":1549.5}
",,"[""/home/mzyx/jsc_build_fd3406f/JSCOnly/Release/bin/jsc"",""--useJIT=false"",""--useLLInt=true"",""--validateOptions=true"",""/mnt/c/Users/mzyx/Desktop/0921/js-interpreter-bench/experiments/three_engine_baseline/adapters/jsc.js"",""/mnt/c/Users/mzyx/Desktop/0921/js-interpreter-bench/experiments/timer_recovery/adapters/jsc.js"",""/mnt/c/Users/mzyx/Desktop/0921/js-interpreter-bench/experiments/whitebox_analysis/attempt01/microbench/generated/richards_fields.N256.js""]",/mnt/c/Users/mzyx/Desktop/0921/js-interpreter-bench,2026-10-05T09:13:26.123431+00:00,497790211804,499374355859,b3ee321e-69da-462d-8718-4589949b17d0,1584144055,formal,richards,richards_fields,jsc,256,4,2,"[""quickjs"",""jsc"",""v8""]",70,MAIN_MONOTONIC_V1_DERIVED,wsl2-ubuntu2404-x64-20261004,"[""--useJIT=false"",""--useLLInt=true"",""--validateOptions=true""]",65c824a055405bf62b05e21d54515a72a1f0187a4d91225d00a6da969d35879f,2d69cd0f378ac81268393d02ed0e875934a3b51acde0b9a357e02651d265c871,"[{""path"":""/mnt/c/Users/mzyx/Desktop/0921/js-interpreter-bench/experiments/three_engine_baseline/adapters/jsc.js"",""sha256"":""f9ddbb9556352e283b9c9feebc8bdd0ef1abac5bcdf1ab7a5d83945fa3c9437b""},{""path"":""/mnt/c/Users/mzyx/Desktop/0921/js-interpreter-bench/experiments/timer_recovery/adapters/jsc.js"",""sha256"":""0c485996a598b7e36f2f292b66397adc0390cbe6b69b55199e47e1c6c1e37010""}]",7354c1868ce2f8a6cc0d43c8be772c69eece3966b70d20df8f98270cddf07e2b,41943040,41943040,"{""mode"":""MAIN_MONOTONIC_V1_DERIVED"",""variant"":""richards_fields"",""N"":256,""checksum"":41943040,""correctness"":""PASS"",""warmup_calls"":0,""start_ms"":0,""stop_ms"":1549.5,""elapsed_ms"":1549.5}",1549.5,6.052734375,[],True
0,"WB_RESULT:{""mode"":""MAIN_MONOTONIC_V1_DERIVED"",""variant"":""richards_fields"",""N"":256,""checksum"":41943040,""correctness"":""PASS"",""warmup_calls"":0,""start_ms"":495521.711121,""stop_ms"":497657.49395,""elapsed_ms"":2135.7828289999743}
",,"[""/home/mzyx/three_engine_20261004/quickjs-04be246001599f5995fa2f2d8c91a0f198d3f34c/qjs"",""-I"",""/mnt/c/Users/mzyx/Desktop/0921/js-interpreter-bench/experiments/three_engine_baseline/adapters/quickjs.js"",""-I"",""/mnt/c/Users/mzyx/Desktop/0921/js-interpreter-bench/experiments/timer_recovery/adapters/quickjs.js"",""/mnt/c/Users/mzyx/Desktop/0921/js-interpreter-bench/experiments/whitebox_analysis/attempt01/microbench/generated/richards_fields.N256.js""]",/mnt/c/Users/mzyx/Desktop/0921/js-interpreter-bench,2026-10-05T09:13:24.407474+00:00,495510306932,497658399864,b3ee321e-69da-462d-8718-4589949b17d0,2148092932,formal,richards,richards_fields,quickjs,256,4,1,"[""quickjs"",""jsc"",""v8""]",70,MAIN_MONOTONIC_V1_DERIVED,wsl2-ubuntu2404-x64-20261004,[],140d5233b0337d91cb0f994ae4a051e49aa04da8802acfaedf0a01b81a620b79,2d69cd0f378ac81268393d02ed0e875934a3b51acde0b9a357e02651d265c871,"[{""path"":""/mnt/c/Users/mzyx/Desktop/0921/js-interpreter-bench/experiments/three_engine_baseline/adapters/quickjs.js"",""sha256"":""f20aa7b460675d08600a58945203034feb50b2a3515aba579219f648b1235c6c""},{""path"":""/mnt/c/Users/mzyx/Desktop/0921/js-interpreter-bench/experiments/timer_recovery/adapters/quickjs.js"",""sha256"":""cd393c275173f20526562a008951f65a332deffed85e7c804519788b8ebffab7""}]",7354c1868ce2f8a6cc0d43c8be772c69eece3966b70d20df8f98270cddf07e2b,41943040,41943040,"{""mode"":""MAIN_MONOTONIC_V1_DERIVED"",""variant"":""richards_fields"",""N"":256,""checksum"":41943040,""correctness"":""PASS"",""warmup_calls"":0,""start_ms"":495521.711121,""stop_ms"":497657.49395,""elapsed_ms"":2135.7828289999743}",2135.7828289999743,8.34290167578115,[],True
0,"WB_RESULT:{""mode"":""MAIN_MONOTONIC_V1_DERIVED"",""variant"":""richards_fields"",""N"":256,""checksum"":41943040,""correctness"":""PASS"",""warmup_calls"":0,""start_ms"":28.545,""stop_ms"":1794.275,""elapsed_ms"":1765.73}
",,"[""/home/mzyx/three_engine_20261004/v8-linux64-rel-15.6.21/d8"",""--snapshot_blob=/home/mzyx/three_engine_20261004/v8-linux64-rel-15.6.21/snapshot_blob.bin"",""--max-opt=0"",""--no-lazy"",""/mnt/c/Users/mzyx/Desktop/0921/js-interpreter-bench/experiments/three_engine_baseline/adapters/v8.js"",""/mnt/c/Users/mzyx/Desktop/0921/js-interpreter-bench/experiments/timer_recovery/adapters/v8.js"",""/mnt/c/Users/mzyx/Desktop/0921/js-interpreter-bench/experiments/whitebox_analysis/attempt01/microbench/generated/richards_fields.N256.js""]",/mnt/c/Users/mzyx/Desktop/0921/js-interpreter-bench,2026-10-05T09:13:28.057983+00:00,499506477597,501308908795,b3ee321e-69da-462d-8718-4589949b17d0,1802431198,formal,richards,richards_fields,v8,256,4,3,"[""quickjs"",""jsc"",""v8""]",70,MAIN_MONOTONIC_V1_DERIVED,wsl2-ubuntu2404-x64-20261004,"[""--max-opt=0"",""--no-lazy""]",83b744a5953d2662ea723564d4035a333782a0cc85232d1025929a925150b133,2d69cd0f378ac81268393d02ed0e875934a3b51acde0b9a357e02651d265c871,"[{""path"":""/mnt/c/Users/mzyx/Desktop/0921/js-interpreter-bench/experiments/three_engine_baseline/adapters/v8.js"",""sha256"":""0ab3ed677381191d7e7839cbbc3f07895104a8b8299679ab9f37b856d76d3a22""},{""path"":""/mnt/c/Users/mzyx/Desktop/0921/js-interpreter-bench/experiments/timer_recovery/adapters/v8.js"",""sha256"":""e610d3aa3d2672a5e6d5eccd9aaf05c6ae6758d1b9c4468289f017a231ab7d9f""}]",7354c1868ce2f8a6cc0d43c8be772c69eece3966b70d20df8f98270cddf07e2b,41943040,41943040,"{""mode"":""MAIN_MONOTONIC_V1_DERIVED"",""variant"":""richards_fields"",""N"":256,""checksum"":41943040,""correctness"":""PASS"",""warmup_calls"":0,""start_ms"":28.545,""stop_ms"":1794.275,""elapsed_ms"":1765.73}",1765.73,6.8973828125,[],True
0,"WB_RESULT:{""mode"":""MAIN_MONOTONIC_V1_DERIVED"",""variant"":""richards_fields"",""N"":256,""checksum"":41943040,""correctness"":""PASS"",""warmup_calls"":0,""start_ms"":0,""stop_ms"":1528.58,""elapsed_ms"":1528.58}
",,"[""/home/mzyx/jsc_build_fd3406f/JSCOnly/Release/bin/jsc"",""--useJIT=false"",""--useLLInt=true"",""--validateOptions=true"",""/mnt/c/Users/mzyx/Desktop/0921/js-interpreter-bench/experiments/three_engine_baseline/adapters/jsc.js"",""/mnt/c/Users/mzyx/Desktop/0921/js-interpreter-bench/experiments/timer_recovery/adapters/jsc.js"",""/mnt/c/Users/mzyx/Desktop/0921/js-interpreter-bench/experiments/whitebox_analysis/attempt01/microbench/generated/richards_fields.N256.js""]",/mnt/c/Users/mzyx/Desktop/0921/js-interpreter-bench,2026-10-05T09:12:37.419262+00:00,446937122276,448493219185,b3ee321e-69da-462d-8718-4589949b17d0,1556096909,formal,richards,richards_fields,jsc,256,5,2,"[""v8"",""jsc"",""quickjs""]",61,MAIN_MONOTONIC_V1_DERIVED,wsl2-ubuntu2404-x64-20261004,"[""--useJIT=false"",""--useLLInt=true"",""--validateOptions=true""]",65c824a055405bf62b05e21d54515a72a1f0187a4d91225d00a6da969d35879f,2d69cd0f378ac81268393d02ed0e875934a3b51acde0b9a357e02651d265c871,"[{""path"":""/mnt/c/Users/mzyx/Desktop/0921/js-interpreter-bench/experiments/three_engine_baseline/adapters/jsc.js"",""sha256"":""f9ddbb9556352e283b9c9feebc8bdd0ef1abac5bcdf1ab7a5d83945fa3c9437b""},{""path"":""/mnt/c/Users/mzyx/Desktop/0921/js-interpreter-bench/experiments/timer_recovery/adapters/jsc.js"",""sha256"":""0c485996a598b7e36f2f292b66397adc0390cbe6b69b55199e47e1c6c1e37010""}]",7354c1868ce2f8a6cc0d43c8be772c69eece3966b70d20df8f98270cddf07e2b,41943040,41943040,"{""mode"":""MAIN_MONOTONIC_V1_DERIVED"",""variant"":""richards_fields"",""N"":256,""checksum"":41943040,""correctness"":""PASS"",""warmup_calls"":0,""start_ms"":0,""stop_ms"":1528.58,""elapsed_ms"":1528.58}",1528.58,5.971015625,[],True
0,"WB_RESULT:{""mode"":""MAIN_MONOTONIC_V1_DERIVED"",""variant"":""richards_fields"",""N"":256,""checksum"":41943040,""correctness"":""PASS"",""warmup_calls"":0,""start_ms"":448636.527009,""stop_ms"":450728.910181,""elapsed_ms"":2092.3831720000017}
",,"[""/home/mzyx/three_engine_20261004/quickjs-04be246001599f5995fa2f2d8c91a0f198d3f34c/qjs"",""-I"",""/mnt/c/Users/mzyx/Desktop/0921/js-interpreter-bench/experiments/three_engine_baseline/adapters/quickjs.js"",""-I"",""/mnt/c/Users/mzyx/Desktop/0921/js-interpreter-bench/experiments/timer_recovery/adapters/quickjs.js"",""/mnt/c/Users/mzyx/Desktop/0921/js-interpreter-bench/experiments/whitebox_analysis/attempt01/microbench/generated/richards_fields.N256.js""]",/mnt/c/Users/mzyx/Desktop/0921/js-interpreter-bench,2026-10-05T09:12:39.655866+00:00,448625247788,450729817875,b3ee321e-69da-462d-8718-4589949b17d0,2104570087,formal,richards,richards_fields,quickjs,256,5,3,"[""v8"",""jsc"",""quickjs""]",61,MAIN_MONOTONIC_V1_DERIVED,wsl2-ubuntu2404-x64-20261004,[],140d5233b0337d91cb0f994ae4a051e49aa04da8802acfaedf0a01b81a620b79,2d69cd0f378ac81268393d02ed0e875934a3b51acde0b9a357e02651d265c871,"[{""path"":""/mnt/c/Users/mzyx/Desktop/0921/js-interpreter-bench/experiments/three_engine_baseline/adapters/quickjs.js"",""sha256"":""f20aa7b460675d08600a58945203034feb50b2a3515aba579219f648b1235c6c""},{""path"":""/mnt/c/Users/mzyx/Desktop/0921/js-interpreter-bench/experiments/timer_recovery/adapters/quickjs.js"",""sha256"":""cd393c275173f20526562a008951f65a332deffed85e7c804519788b8ebffab7""}]",7354c1868ce2f8a6cc0d43c8be772c69eece3966b70d20df8f98270cddf07e2b,41943040,41943040,"{""mode"":""MAIN_MONOTONIC_V1_DERIVED"",""variant"":""richards_fields"",""N"":256,""checksum"":41943040,""correctness"":""PASS"",""warmup_calls"":0,""start_ms"":448636.527009,""stop_ms"":450728.910181,""elapsed_ms"":2092.3831720000017}",2092.3831720000017,8.173371765625006,[],True
0,"WB_RESULT:{""mode"":""MAIN_MONOTONIC_V1_DERIVED"",""variant"":""richards_fields"",""N"":256,""checksum"":41943040,""correctness"":""PASS"",""warmup_calls"":0,""start_ms"":27.329,""stop_ms"":1762.195,""elapsed_ms"":1734.866}
",,"[""/home/mzyx/three_engine_20261004/v8-linux64-rel-15.6.21/d8"",""--snapshot_blob=/home/mzyx/three_engine_20261004/v8-linux64-rel-15.6.21/snapshot_blob.bin"",""--max-opt=0"",""--no-lazy"",""/mnt/c/Users/mzyx/Desktop/0921/js-interpreter-bench/experiments/three_engine_baseline/adapters/v8.js"",""/mnt/c/Users/mzyx/Desktop/0921/js-interpreter-bench/experiments/timer_recovery/adapters/v8.js"",""/mnt/c/Users/mzyx/Desktop/0921/js-interpreter-bench/experiments/whitebox_analysis/attempt01/microbench/generated/richards_fields.N256.js""]",/mnt/c/Users/mzyx/Desktop/0921/js-interpreter-bench,2026-10-05T09:12:35.741965+00:00,445044441536,446815914262,b3ee321e-69da-462d-8718-4589949b17d0,1771472726,formal,richards,richards_fields,v8,256,5,1,"[""v8"",""jsc"",""quickjs""]",61,MAIN_MONOTONIC_V1_DERIVED,wsl2-ubuntu2404-x64-20261004,"[""--max-opt=0"",""--no-lazy""]",83b744a5953d2662ea723564d4035a333782a0cc85232d1025929a925150b133,2d69cd0f378ac81268393d02ed0e875934a3b51acde0b9a357e02651d265c871,"[{""path"":""/mnt/c/Users/mzyx/Desktop/0921/js-interpreter-bench/experiments/three_engine_baseline/adapters/v8.js"",""sha256"":""0ab3ed677381191d7e7839cbbc3f07895104a8b8299679ab9f37b856d76d3a22""},{""path"":""/mnt/c/Users/mzyx/Desktop/0921/js-interpreter-bench/experiments/timer_recovery/adapters/v8.js"",""sha256"":""e610d3aa3d2672a5e6d5eccd9aaf05c6ae6758d1b9c4468289f017a231ab7d9f""}]",7354c1868ce2f8a6cc0d43c8be772c69eece3966b70d20df8f98270cddf07e2b,41943040,41943040,"{""mode"":""MAIN_MONOTONIC_V1_DERIVED"",""variant"":""richards_fields"",""N"":256,""checksum"":41943040,""correctness"":""PASS"",""warmup_calls"":0,""start_ms"":27.329,""stop_ms"":1762.195,""elapsed_ms"":1734.866}",1734.866,6.7768203125,[],True
0,"WB_RESULT:{""mode"":""MAIN_MONOTONIC_V1_DERIVED"",""variant"":""richards_fields"",""N"":256,""checksum"":41943040,""correctness"":""PASS"",""warmup_calls"":0,""start_ms"":0,""stop_ms"":1482.74,""elapsed_ms"":1482.74}
",,"[""/home/mzyx/jsc_build_fd3406f/JSCOnly/Release/bin/jsc"",""--useJIT=false"",""--useLLInt=true"",""--validateOptions=true"",""/mnt/c/Users/mzyx/Desktop/0921/js-interpreter-bench/experiments/three_engine_baseline/adapters/jsc.js"",""/mnt/c/Users/mzyx/Desktop/0921/js-interpreter-bench/experiments/timer_recovery/adapters/jsc.js"",""/mnt/c/Users/mzyx/Desktop/0921/js-interpreter-bench/experiments/whitebox_analysis/attempt01/microbench/generated/richards_fields.N256.js""]",/mnt/c/Users/mzyx/Desktop/0921/js-interpreter-bench,2026-10-05T09:13:22.133484+00:00,493868632267,495384408553,b3ee321e-69da-462d-8718-4589949b17d0,1515776286,formal,richards,richards_fields,jsc,256,6,3,"[""v8"",""quickjs"",""jsc""]",69,MAIN_MONOTONIC_V1_DERIVED,wsl2-ubuntu2404-x64-20261004,"[""--useJIT=false"",""--useLLInt=true"",""--validateOptions=true""]",65c824a055405bf62b05e21d54515a72a1f0187a4d91225d00a6da969d35879f,2d69cd0f378ac81268393d02ed0e875934a3b51acde0b9a357e02651d265c871,"[{""path"":""/mnt/c/Users/mzyx/Desktop/0921/js-interpreter-bench/experiments/three_engine_baseline/adapters/jsc.js"",""sha256"":""f9ddbb9556352e283b9c9feebc8bdd0ef1abac5bcdf1ab7a5d83945fa3c9437b""},{""path"":""/mnt/c/Users/mzyx/Desktop/0921/js-interpreter-bench/experiments/timer_recovery/adapters/jsc.js"",""sha256"":""0c485996a598b7e36f2f292b66397adc0390cbe6b69b55199e47e1c6c1e37010""}]",7354c1868ce2f8a6cc0d43c8be772c69eece3966b70d20df8f98270cddf07e2b,41943040,41943040,"{""mode"":""MAIN_MONOTONIC_V1_DERIVED"",""variant"":""richards_fields"",""N"":256,""checksum"":41943040,""correctness"":""PASS"",""warmup_calls"":0,""start_ms"":0,""stop_ms"":1482.74,""elapsed_ms"":1482.74}",1482.74,5.791953125,[],True
0,"WB_RESULT:{""mode"":""MAIN_MONOTONIC_V1_DERIVED"",""variant"":""richards_fields"",""N"":256,""checksum"":41943040,""correctness"":""PASS"",""warmup_calls"":0,""start_ms"":491562.979579,""stop_ms"":493734.219865,""elapsed_ms"":2171.2402860000147}
",,"[""/home/mzyx/three_engine_20261004/quickjs-04be246001599f5995fa2f2d8c91a0f198d3f34c/qjs"",""-I"",""/mnt/c/Users/mzyx/Desktop/0921/js-interpreter-bench/experiments/three_engine_baseline/adapters/quickjs.js"",""-I"",""/mnt/c/Users/mzyx/Desktop/0921/js-interpreter-bench/experiments/timer_recovery/adapters/quickjs.js"",""/mnt/c/Users/mzyx/Desktop/0921/js-interpreter-bench/experiments/whitebox_analysis/attempt01/microbench/generated/richards_fields.N256.js""]",/mnt/c/Users/mzyx/Desktop/0921/js-interpreter-bench,2026-10-05T09:13:20.484097+00:00,491550825345,493735031242,b3ee321e-69da-462d-8718-4589949b17d0,2184205897,formal,richards,richards_fields,quickjs,256,6,2,"[""v8"",""quickjs"",""jsc""]",69,MAIN_MONOTONIC_V1_DERIVED,wsl2-ubuntu2404-x64-20261004,[],140d5233b0337d91cb0f994ae4a051e49aa04da8802acfaedf0a01b81a620b79,2d69cd0f378ac81268393d02ed0e875934a3b51acde0b9a357e02651d265c871,"[{""path"":""/mnt/c/Users/mzyx/Desktop/0921/js-interpreter-bench/experiments/three_engine_baseline/adapters/quickjs.js"",""sha256"":""f20aa7b460675d08600a58945203034feb50b2a3515aba579219f648b1235c6c""},{""path"":""/mnt/c/Users/mzyx/Desktop/0921/js-interpreter-bench/experiments/timer_recovery/adapters/quickjs.js"",""sha256"":""cd393c275173f20526562a008951f65a332deffed85e7c804519788b8ebffab7""}]",7354c1868ce2f8a6cc0d43c8be772c69eece3966b70d20df8f98270cddf07e2b,41943040,41943040,"{""mode"":""MAIN_MONOTONIC_V1_DERIVED"",""variant"":""richards_fields"",""N"":256,""checksum"":41943040,""correctness"":""PASS"",""warmup_calls"":0,""start_ms"":491562.979579,""stop_ms"":493734.219865,""elapsed_ms"":2171.2402860000147}",2171.2402860000147,8.481407367187558,[],True
0,"WB_RESULT:{""mode"":""MAIN_MONOTONIC_V1_DERIVED"",""variant"":""richards_fields"",""N"":256,""checksum"":41943040,""correctness"":""PASS"",""warmup_calls"":0,""start_ms"":29.158,""stop_ms"":1782.544,""elapsed_ms"":1753.3860000000002}
",,"[""/home/mzyx/three_engine_20261004/v8-linux64-rel-15.6.21/d8"",""--snapshot_blob=/home/mzyx/three_engine_20261004/v8-linux64-rel-15.6.21/snapshot_blob.bin"",""--max-opt=0"",""--no-lazy"",""/mnt/c/Users/mzyx/Desktop/0921/js-interpreter-bench/experiments/three_engine_baseline/adapters/v8.js"",""/mnt/c/Users/mzyx/Desktop/0921/js-interpreter-bench/experiments/timer_recovery/adapters/v8.js"",""/mnt/c/Users/mzyx/Desktop/0921/js-interpreter-bench/experiments/whitebox_analysis/attempt01/microbench/generated/richards_fields.N256.js""]",/mnt/c/Users/mzyx/Desktop/0921/js-interpreter-bench,2026-10-05T09:13:18.161030+00:00,489620971442,491411955502,b3ee321e-69da-462d-8718-4589949b17d0,1790984060,formal,richards,richards_fields,v8,256,6,1,"[""v8"",""quickjs"",""jsc""]",69,MAIN_MONOTONIC_V1_DERIVED,wsl2-ubuntu2404-x64-20261004,"[""--max-opt=0"",""--no-lazy""]",83b744a5953d2662ea723564d4035a333782a0cc85232d1025929a925150b133,2d69cd0f378ac81268393d02ed0e875934a3b51acde0b9a357e02651d265c871,"[{""path"":""/mnt/c/Users/mzyx/Desktop/0921/js-interpreter-bench/experiments/three_engine_baseline/adapters/v8.js"",""sha256"":""0ab3ed677381191d7e7839cbbc3f07895104a8b8299679ab9f37b856d76d3a22""},{""path"":""/mnt/c/Users/mzyx/Desktop/0921/js-interpreter-bench/experiments/timer_recovery/adapters/v8.js"",""sha256"":""e610d3aa3d2672a5e6d5eccd9aaf05c6ae6758d1b9c4468289f017a231ab7d9f""}]",7354c1868ce2f8a6cc0d43c8be772c69eece3966b70d20df8f98270cddf07e2b,41943040,41943040,"{""mode"":""MAIN_MONOTONIC_V1_DERIVED"",""variant"":""richards_fields"",""N"":256,""checksum"":41943040,""correctness"":""PASS"",""warmup_calls"":0,""start_ms"":29.158,""stop_ms"":1782.544,""elapsed_ms"":1753.3860000000002}",1753.3860000000002,6.849164062500001,[],True
0,"WB_RESULT:{""mode"":""MAIN_MONOTONIC_V1_DERIVED"",""variant"":""richards_fields"",""N"":256,""checksum"":41943040,""correctness"":""PASS"",""warmup_calls"":0,""start_ms"":0,""stop_ms"":1423.82,""elapsed_ms"":1423.82}
",,"[""/home/mzyx/jsc_build_fd3406f/JSCOnly/Release/bin/jsc"",""--useJIT=false"",""--useLLInt=true"",""--validateOptions=true"",""/mnt/c/Users/mzyx/Desktop/0921/js-interpreter-bench/experiments/three_engine_baseline/adapters/jsc.js"",""/mnt/c/Users/mzyx/Desktop/0921/js-interpreter-bench/experiments/timer_recovery/adapters/jsc.js"",""/mnt/c/Users/mzyx/Desktop/0921/js-interpreter-bench/experiments/whitebox_analysis/attempt01/microbench/generated/richards_fields.N256.js""]",/mnt/c/Users/mzyx/Desktop/0921/js-interpreter-bench,2026-10-05T09:14:35.197126+00:00,573927062789,575379817512,b3ee321e-69da-462d-8718-4589949b17d0,1452754723,formal,richards,richards_fields,jsc,256,7,2,"[""quickjs"",""jsc"",""v8""]",84,MAIN_MONOTONIC_V1_DERIVED,wsl2-ubuntu2404-x64-20261004,"[""--useJIT=false"",""--useLLInt=true"",""--validateOptions=true""]",65c824a055405bf62b05e21d54515a72a1f0187a4d91225d00a6da969d35879f,2d69cd0f378ac81268393d02ed0e875934a3b51acde0b9a357e02651d265c871,"[{""path"":""/mnt/c/Users/mzyx/Desktop/0921/js-interpreter-bench/experiments/three_engine_baseline/adapters/jsc.js"",""sha256"":""f9ddbb9556352e283b9c9feebc8bdd0ef1abac5bcdf1ab7a5d83945fa3c9437b""},{""path"":""/mnt/c/Users/mzyx/Desktop/0921/js-interpreter-bench/experiments/timer_recovery/adapters/jsc.js"",""sha256"":""0c485996a598b7e36f2f292b66397adc0390cbe6b69b55199e47e1c6c1e37010""}]",7354c1868ce2f8a6cc0d43c8be772c69eece3966b70d20df8f98270cddf07e2b,41943040,41943040,"{""mode"":""MAIN_MONOTONIC_V1_DERIVED"",""variant"":""richards_fields"",""N"":256,""checksum"":41943040,""correctness"":""PASS"",""warmup_calls"":0,""start_ms"":0,""stop_ms"":1423.82,""elapsed_ms"":1423.82}",1423.82,5.561796875,[],True
0,"WB_RESULT:{""mode"":""MAIN_MONOTONIC_V1_DERIVED"",""variant"":""richards_fields"",""N"":256,""checksum"":41943040,""correctness"":""PASS"",""warmup_calls"":0,""start_ms"":571798.874603,""stop_ms"":573810.457169,""elapsed_ms"":2011.582565999939}
",,"[""/home/mzyx/three_engine_20261004/quickjs-04be246001599f5995fa2f2d8c91a0f198d3f34c/qjs"",""-I"",""/mnt/c/Users/mzyx/Desktop/0921/js-interpreter-bench/experiments/three_engine_baseline/adapters/quickjs.js"",""-I"",""/mnt/c/Users/mzyx/Desktop/0921/js-interpreter-bench/experiments/timer_recovery/adapters/quickjs.js"",""/mnt/c/Users/mzyx/Desktop/0921/js-interpreter-bench/experiments/whitebox_analysis/attempt01/microbench/generated/richards_fields.N256.js""]",/mnt/c/Users/mzyx/Desktop/0921/js-interpreter-bench,2026-10-05T09:14:35.875592+00:00,571786638171,573811112834,b3ee321e-69da-462d-8718-4589949b17d0,2024474663,formal,richards,richards_fields,quickjs,256,7,1,"[""quickjs"",""jsc"",""v8""]",84,MAIN_MONOTONIC_V1_DERIVED,wsl2-ubuntu2404-x64-20261004,[],140d5233b0337d91cb0f994ae4a051e49aa04da8802acfaedf0a01b81a620b79,2d69cd0f378ac81268393d02ed0e875934a3b51acde0b9a357e02651d265c871,"[{""path"":""/mnt/c/Users/mzyx/Desktop/0921/js-interpreter-bench/experiments/three_engine_baseline/adapters/quickjs.js"",""sha256"":""f20aa7b460675d08600a58945203034feb50b2a3515aba579219f648b1235c6c""},{""path"":""/mnt/c/Users/mzyx/Desktop/0921/js-interpreter-bench/experiments/timer_recovery/adapters/quickjs.js"",""sha256"":""cd393c275173f20526562a008951f65a332deffed85e7c804519788b8ebffab7""}]",7354c1868ce2f8a6cc0d43c8be772c69eece3966b70d20df8f98270cddf07e2b,41943040,41943040,"{""mode"":""MAIN_MONOTONIC_V1_DERIVED"",""variant"":""richards_fields"",""N"":256,""checksum"":41943040,""correctness"":""PASS"",""warmup_calls"":0,""start_ms"":571798.874603,""stop_ms"":573810.457169,""elapsed_ms"":2011.582565999939}",2011.582565999939,7.857744398437262,[],True
0,"WB_RESULT:{""mode"":""MAIN_MONOTONIC_V1_DERIVED"",""variant"":""richards_fields"",""N"":256,""checksum"":41943040,""correctness"":""PASS"",""warmup_calls"":0,""start_ms"":29.682,""stop_ms"":1707.105,""elapsed_ms"":1677.423}
",,"[""/home/mzyx/three_engine_20261004/v8-linux64-rel-15.6.21/d8"",""--snapshot_blob=/home/mzyx/three_engine_20261004/v8-linux64-rel-15.6.21/snapshot_blob.bin"",""--max-opt=0"",""--no-lazy"",""/mnt/c/Users/mzyx/Desktop/0921/js-interpreter-bench/experiments/three_engine_baseline/adapters/v8.js"",""/mnt/c/Users/mzyx/Desktop/0921/js-interpreter-bench/experiments/timer_recovery/adapters/v8.js"",""/mnt/c/Users/mzyx/Desktop/0921/js-interpreter-bench/experiments/whitebox_analysis/attempt01/microbench/generated/richards_fields.N256.js""]",/mnt/c/Users/mzyx/Desktop/0921/js-interpreter-bench,2026-10-05T09:14:37.038351+00:00,575504752191,577221044660,b3ee321e-69da-462d-8718-4589949b17d0,1716292469,formal,richards,richards_fields,v8,256,7,3,"[""quickjs"",""jsc"",""v8""]",84,MAIN_MONOTONIC_V1_DERIVED,wsl2-ubuntu2404-x64-20261004,"[""--max-opt=0"",""--no-lazy""]",83b744a5953d2662ea723564d4035a333782a0cc85232d1025929a925150b133,2d69cd0f378ac81268393d02ed0e875934a3b51acde0b9a357e02651d265c871,"[{""path"":""/mnt/c/Users/mzyx/Desktop/0921/js-interpreter-bench/experiments/three_engine_baseline/adapters/v8.js"",""sha256"":""0ab3ed677381191d7e7839cbbc3f07895104a8b8299679ab9f37b856d76d3a22""},{""path"":""/mnt/c/Users/mzyx/Desktop/0921/js-interpreter-bench/experiments/timer_recovery/adapters/v8.js"",""sha256"":""e610d3aa3d2672a5e6d5eccd9aaf05c6ae6758d1b9c4468289f017a231ab7d9f""}]",7354c1868ce2f8a6cc0d43c8be772c69eece3966b70d20df8f98270cddf07e2b,41943040,41943040,"{""mode"":""MAIN_MONOTONIC_V1_DERIVED"",""variant"":""richards_fields"",""N"":256,""checksum"":41943040,""correctness"":""PASS"",""warmup_calls"":0,""start_ms"":29.682,""stop_ms"":1707.105,""elapsed_ms"":1677.423}",1677.423,6.55243359375,[],True
0,"WB_RESULT:{""mode"":""MAIN_MONOTONIC_V1_DERIVED"",""variant"":""richards_fields"",""N"":256,""checksum"":41943040,""correctness"":""PASS"",""warmup_calls"":0,""start_ms"":0,""stop_ms"":1516.2,""elapsed_ms"":1516.2}
",,"[""/home/mzyx/jsc_build_fd3406f/JSCOnly/Release/bin/jsc"",""--useJIT=false"",""--useLLInt=true"",""--validateOptions=true"",""/mnt/c/Users/mzyx/Desktop/0921/js-interpreter-bench/experiments/three_engine_baseline/adapters/jsc.js"",""/mnt/c/Users/mzyx/Desktop/0921/js-interpreter-bench/experiments/timer_recovery/adapters/jsc.js"",""/mnt/c/Users/mzyx/Desktop/0921/js-interpreter-bench/experiments/whitebox_analysis/attempt01/microbench/generated/richards_fields.N256.js""]",/mnt/c/Users/mzyx/Desktop/0921/js-interpreter-bench,2026-10-05T09:09:38.697721+00:00,255184066752,256729849281,b3ee321e-69da-462d-8718-4589949b17d0,1545782529,formal,richards,richards_fields,jsc,256,8,3,"[""v8"",""quickjs"",""jsc""]",25,MAIN_MONOTONIC_V1_DERIVED,wsl2-ubuntu2404-x64-20261004,"[""--useJIT=false"",""--useLLInt=true"",""--validateOptions=true""]",65c824a055405bf62b05e21d54515a72a1f0187a4d91225d00a6da969d35879f,2d69cd0f378ac81268393d02ed0e875934a3b51acde0b9a357e02651d265c871,"[{""path"":""/mnt/c/Users/mzyx/Desktop/0921/js-interpreter-bench/experiments/three_engine_baseline/adapters/jsc.js"",""sha256"":""f9ddbb9556352e283b9c9feebc8bdd0ef1abac5bcdf1ab7a5d83945fa3c9437b""},{""path"":""/mnt/c/Users/mzyx/Desktop/0921/js-interpreter-bench/experiments/timer_recovery/adapters/jsc.js"",""sha256"":""0c485996a598b7e36f2f292b66397adc0390cbe6b69b55199e47e1c6c1e37010""}]",7354c1868ce2f8a6cc0d43c8be772c69eece3966b70d20df8f98270cddf07e2b,41943040,41943040,"{""mode"":""MAIN_MONOTONIC_V1_DERIVED"",""variant"":""richards_fields"",""N"":256,""checksum"":41943040,""correctness"":""PASS"",""warmup_calls"":0,""start_ms"":0,""stop_ms"":1516.2,""elapsed_ms"":1516.2}",1516.2,5.92265625,[],True
0,"WB_RESULT:{""mode"":""MAIN_MONOTONIC_V1_DERIVED"",""variant"":""richards_fields"",""N"":256,""checksum"":41943040,""correctness"":""PASS"",""warmup_calls"":0,""start_ms"":253104.707547,""stop_ms"":255051.131143,""elapsed_ms"":1946.4235960000078}
",,"[""/home/mzyx/three_engine_20261004/quickjs-04be246001599f5995fa2f2d8c91a0f198d3f34c/qjs"",""-I"",""/mnt/c/Users/mzyx/Desktop/0921/js-interpreter-bench/experiments/three_engine_baseline/adapters/quickjs.js"",""-I"",""/mnt/c/Users/mzyx/Desktop/0921/js-interpreter-bench/experiments/timer_recovery/adapters/quickjs.js"",""/mnt/c/Users/mzyx/Desktop/0921/js-interpreter-bench/experiments/whitebox_analysis/attempt01/microbench/generated/richards_fields.N256.js""]",/mnt/c/Users/mzyx/Desktop/0921/js-interpreter-bench,2026-10-05T09:09:37.020210+00:00,253093376813,255052333972,b3ee321e-69da-462d-8718-4589949b17d0,1958957159,formal,richards,richards_fields,quickjs,256,8,2,"[""v8"",""quickjs"",""jsc""]",25,MAIN_MONOTONIC_V1_DERIVED,wsl2-ubuntu2404-x64-20261004,[],140d5233b0337d91cb0f994ae4a051e49aa04da8802acfaedf0a01b81a620b79,2d69cd0f378ac81268393d02ed0e875934a3b51acde0b9a357e02651d265c871,"[{""path"":""/mnt/c/Users/mzyx/Desktop/0921/js-interpreter-bench/experiments/three_engine_baseline/adapters/quickjs.js"",""sha256"":""f20aa7b460675d08600a58945203034feb50b2a3515aba579219f648b1235c6c""},{""path"":""/mnt/c/Users/mzyx/Desktop/0921/js-interpreter-bench/experiments/timer_recovery/adapters/quickjs.js"",""sha256"":""cd393c275173f20526562a008951f65a332deffed85e7c804519788b8ebffab7""}]",7354c1868ce2f8a6cc0d43c8be772c69eece3966b70d20df8f98270cddf07e2b,41943040,41943040,"{""mode"":""MAIN_MONOTONIC_V1_DERIVED"",""variant"":""richards_fields"",""N"":256,""checksum"":41943040,""correctness"":""PASS"",""warmup_calls"":0,""start_ms"":253104.707547,""stop_ms"":255051.131143,""elapsed_ms"":1946.4235960000078}",1946.4235960000078,7.6032171718750305,[],True
0,"WB_RESULT:{""mode"":""MAIN_MONOTONIC_V1_DERIVED"",""variant"":""richards_fields"",""N"":256,""checksum"":41943040,""correctness"":""PASS"",""warmup_calls"":0,""start_ms"":31.889,""stop_ms"":1776.938,""elapsed_ms"":1745.0490000000002}
",,"[""/home/mzyx/three_engine_20261004/v8-linux64-rel-15.6.21/d8"",""--snapshot_blob=/home/mzyx/three_engine_20261004/v8-linux64-rel-15.6.21/snapshot_blob.bin"",""--max-opt=0"",""--no-lazy"",""/mnt/c/Users/mzyx/Desktop/0921/js-interpreter-bench/experiments/three_engine_baseline/adapters/v8.js"",""/mnt/c/Users/mzyx/Desktop/0921/js-interpreter-bench/experiments/timer_recovery/adapters/v8.js"",""/mnt/c/Users/mzyx/Desktop/0921/js-interpreter-bench/experiments/whitebox_analysis/attempt01/microbench/generated/richards_fields.N256.js""]",/mnt/c/Users/mzyx/Desktop/0921/js-interpreter-bench,2026-10-05T09:09:34.937091+00:00,251183328779,252969217433,b3ee321e-69da-462d-8718-4589949b17d0,1785888654,formal,richards,richards_fields,v8,256,8,1,"[""v8"",""quickjs"",""jsc""]",25,MAIN_MONOTONIC_V1_DERIVED,wsl2-ubuntu2404-x64-20261004,"[""--max-opt=0"",""--no-lazy""]",83b744a5953d2662ea723564d4035a333782a0cc85232d1025929a925150b133,2d69cd0f378ac81268393d02ed0e875934a3b51acde0b9a357e02651d265c871,"[{""path"":""/mnt/c/Users/mzyx/Desktop/0921/js-interpreter-bench/experiments/three_engine_baseline/adapters/v8.js"",""sha256"":""0ab3ed677381191d7e7839cbbc3f07895104a8b8299679ab9f37b856d76d3a22""},{""path"":""/mnt/c/Users/mzyx/Desktop/0921/js-interpreter-bench/experiments/timer_recovery/adapters/v8.js"",""sha256"":""e610d3aa3d2672a5e6d5eccd9aaf05c6ae6758d1b9c4468289f017a231ab7d9f""}]",7354c1868ce2f8a6cc0d43c8be772c69eece3966b70d20df8f98270cddf07e2b,41943040,41943040,"{""mode"":""MAIN_MONOTONIC_V1_DERIVED"",""variant"":""richards_fields"",""N"":256,""checksum"":41943040,""correctness"":""PASS"",""warmup_calls"":0,""start_ms"":31.889,""stop_ms"":1776.938,""elapsed_ms"":1745.0490000000002}",1745.0490000000002,6.816597656250001,[],True
0,"WB_RESULT:{""mode"":""MAIN_MONOTONIC_V1_DERIVED"",""variant"":""richards_fields"",""N"":256,""checksum"":41943040,""correctness"":""PASS"",""warmup_calls"":0,""start_ms"":0,""stop_ms"":1494.56,""elapsed_ms"":1494.56}
",,"[""/home/mzyx/jsc_build_fd3406f/JSCOnly/Release/bin/jsc"",""--useJIT=false"",""--useLLInt=true"",""--validateOptions=true"",""/mnt/c/Users/mzyx/Desktop/0921/js-interpreter-bench/experiments/three_engine_baseline/adapters/jsc.js"",""/mnt/c/Users/mzyx/Desktop/0921/js-interpreter-bench/experiments/timer_recovery/adapters/jsc.js"",""/mnt/c/Users/mzyx/Desktop/0921/js-interpreter-bench/experiments/whitebox_analysis/attempt01/microbench/generated/richards_fields.N256.js""]",/mnt/c/Users/mzyx/Desktop/0921/js-interpreter-bench,2026-10-05T09:13:03.542031+00:00,475274095441,476792957927,b3ee321e-69da-462d-8718-4589949b17d0,1518862486,formal,richards,richards_fields,jsc,256,9,2,"[""v8"",""jsc"",""quickjs""]",66,MAIN_MONOTONIC_V1_DERIVED,wsl2-ubuntu2404-x64-20261004,"[""--useJIT=false"",""--useLLInt=true"",""--validateOptions=true""]",65c824a055405bf62b05e21d54515a72a1f0187a4d91225d00a6da969d35879f,2d69cd0f378ac81268393d02ed0e875934a3b51acde0b9a357e02651d265c871,"[{""path"":""/mnt/c/Users/mzyx/Desktop/0921/js-interpreter-bench/experiments/three_engine_baseline/adapters/jsc.js"",""sha256"":""f9ddbb9556352e283b9c9feebc8bdd0ef1abac5bcdf1ab7a5d83945fa3c9437b""},{""path"":""/mnt/c/Users/mzyx/Desktop/0921/js-interpreter-bench/experiments/timer_recovery/adapters/jsc.js"",""sha256"":""0c485996a598b7e36f2f292b66397adc0390cbe6b69b55199e47e1c6c1e37010""}]",7354c1868ce2f8a6cc0d43c8be772c69eece3966b70d20df8f98270cddf07e2b,41943040,41943040,"{""mode"":""MAIN_MONOTONIC_V1_DERIVED"",""variant"":""richards_fields"",""N"":256,""checksum"":41943040,""correctness"":""PASS"",""warmup_calls"":0,""start_ms"":0,""stop_ms"":1494.56,""elapsed_ms"":1494.56}",1494.56,5.838125,[],True
0,"WB_RESULT:{""mode"":""MAIN_MONOTONIC_V1_DERIVED"",""variant"":""richards_fields"",""N"":256,""checksum"":41943040,""correctness"":""PASS"",""warmup_calls"":0,""start_ms"":476935.217535,""stop_ms"":479099.402906,""elapsed_ms"":2164.1853709999705}
",,"[""/home/mzyx/three_engine_20261004/quickjs-04be246001599f5995fa2f2d8c91a0f198d3f34c/qjs"",""-I"",""/mnt/c/Users/mzyx/Desktop/0921/js-interpreter-bench/experiments/three_engine_baseline/adapters/quickjs.js"",""-I"",""/mnt/c/Users/mzyx/Desktop/0921/js-interpreter-bench/experiments/timer_recovery/adapters/quickjs.js"",""/mnt/c/Users/mzyx/Desktop/0921/js-interpreter-bench/experiments/whitebox_analysis/attempt01/microbench/generated/richards_fields.N256.js""]",/mnt/c/Users/mzyx/Desktop/0921/js-interpreter-bench,2026-10-05T09:13:05.849513+00:00,476923546751,479100450448,b3ee321e-69da-462d-8718-4589949b17d0,2176903697,formal,richards,richards_fields,quickjs,256,9,3,"[""v8"",""jsc"",""quickjs""]",66,MAIN_MONOTONIC_V1_DERIVED,wsl2-ubuntu2404-x64-20261004,[],140d5233b0337d91cb0f994ae4a051e49aa04da8802acfaedf0a01b81a620b79,2d69cd0f378ac81268393d02ed0e875934a3b51acde0b9a357e02651d265c871,"[{""path"":""/mnt/c/Users/mzyx/Desktop/0921/js-interpreter-bench/experiments/three_engine_baseline/adapters/quickjs.js"",""sha256"":""f20aa7b460675d08600a58945203034feb50b2a3515aba579219f648b1235c6c""},{""path"":""/mnt/c/Users/mzyx/Desktop/0921/js-interpreter-bench/experiments/timer_recovery/adapters/quickjs.js"",""sha256"":""cd393c275173f20526562a008951f65a332deffed85e7c804519788b8ebffab7""}]",7354c1868ce2f8a6cc0d43c8be772c69eece3966b70d20df8f98270cddf07e2b,41943040,41943040,"{""mode"":""MAIN_MONOTONIC_V1_DERIVED"",""variant"":""richards_fields"",""N"":256,""checksum"":41943040,""correctness"":""PASS"",""warmup_calls"":0,""start_ms"":476935.217535,""stop_ms"":479099.402906,""elapsed_ms"":2164.1853709999705}",2164.1853709999705,8.453849105468635,[],True
0,"WB_RESULT:{""mode"":""MAIN_MONOTONIC_V1_DERIVED"",""variant"":""richards_fields"",""N"":256,""checksum"":41943040,""correctness"":""PASS"",""warmup_calls"":0,""start_ms"":30.411,""stop_ms"":1748.546,""elapsed_ms"":1718.135}
",,"[""/home/mzyx/three_engine_20261004/v8-linux64-rel-15.6.21/d8"",""--snapshot_blob=/home/mzyx/three_engine_20261004/v8-linux64-rel-15.6.21/snapshot_blob.bin"",""--max-opt=0"",""--no-lazy"",""/mnt/c/Users/mzyx/Desktop/0921/js-interpreter-bench/experiments/three_engine_baseline/adapters/v8.js"",""/mnt/c/Users/mzyx/Desktop/0921/js-interpreter-bench/experiments/timer_recovery/adapters/v8.js"",""/mnt/c/Users/mzyx/Desktop/0921/js-interpreter-bench/experiments/whitebox_analysis/attempt01/microbench/generated/richards_fields.N256.js""]",/mnt/c/Users/mzyx/Desktop/0921/js-interpreter-bench,2026-10-05T09:13:04.081317+00:00,473398147824,475155266340,b3ee321e-69da-462d-8718-4589949b17d0,1757118516,formal,richards,richards_fields,v8,256,9,1,"[""v8"",""jsc"",""quickjs""]",66,MAIN_MONOTONIC_V1_DERIVED,wsl2-ubuntu2404-x64-20261004,"[""--max-opt=0"",""--no-lazy""]",83b744a5953d2662ea723564d4035a333782a0cc85232d1025929a925150b133,2d69cd0f378ac81268393d02ed0e875934a3b51acde0b9a357e02651d265c871,"[{""path"":""/mnt/c/Users/mzyx/Desktop/0921/js-interpreter-bench/experiments/three_engine_baseline/adapters/v8.js"",""sha256"":""0ab3ed677381191d7e7839cbbc3f07895104a8b8299679ab9f37b856d76d3a22""},{""path"":""/mnt/c/Users/mzyx/Desktop/0921/js-interpreter-bench/experiments/timer_recovery/adapters/v8.js"",""sha256"":""e610d3aa3d2672a5e6d5eccd9aaf05c6ae6758d1b9c4468289f017a231ab7d9f""}]",7354c1868ce2f8a6cc0d43c8be772c69eece3966b70d20df8f98270cddf07e2b,41943040,41943040,"{""mode"":""MAIN_MONOTONIC_V1_DERIVED"",""variant"":""richards_fields"",""N"":256,""checksum"":41943040,""correctness"":""PASS"",""warmup_calls"":0,""start_ms"":30.411,""stop_ms"":1748.546,""elapsed_ms"":1718.135}",1718.135,6.71146484375,[],True
