engine,test,iteration,n,wall_time_ns,per_call_ns,stdout,stderr,exit_code,valid,script_sha256
quickjs,string-unpack-code,1,32,1964555600,61392362.5,CHECKSUM=511508,,0,True,68a8a79cf599b9d4426388c36ec1db21c49799c4a27ab4f2c0e77c0fdcd2d061
v8_ignition,string-unpack-code,1,32,260121500,8128796.875,CHECKSUM=511508,,0,True,68a8a79cf599b9d4426388c36ec1db21c49799c4a27ab4f2c0e77c0fdcd2d061
quickjs,access-nsieve,1,16,394615800,24663487.5,CHECKSUM=14302,,0,True,873688bafdc3d4027bbdc57baede0c0cd0f145e97a9752020bd0d117e771b990
v8_ignition,access-nsieve,1,16,201017400,12563587.5,CHECKSUM=14302,,0,True,873688bafdc3d4027bbdc57baede0c0cd0f145e97a9752020bd0d117e771b990
quickjs,date-format-tofte,1,32,979003000,30593843.75,"CHECKSUM=2008-05-01|Thursday, May 01, 2008 5:31:22 PM|1209718549000",,0,True,1372e86a53b36d9b13b6d42615638930ff367abbaee784a4217016668771d440
v8_ignition,date-format-tofte,1,32,306960500,9592515.625,"CHECKSUM=2008-05-01|Thursday, May 01, 2008 5:31:22 PM|1209718549000",,0,True,1372e86a53b36d9b13b6d42615638930ff367abbaee784a4217016668771d440
quickjs,math-spectral-norm,1,32,308730400,9647825.0,CHECKSUM=5.086694231303284,,0,True,67383cc3484c0d356590f1e3d3e8f32da407ac5f058211b5d02f7fb87a2906ac
v8_ignition,math-spectral-norm,1,32,269413500,8419171.875,CHECKSUM=5.086694231303284,,0,True,67383cc3484c0d356590f1e3d3e8f32da407ac5f058211b5d02f7fb87a2906ac
quickjs,3d-raytrace,1,16,256793500,16049593.75,CHECKSUM=20969,,0,True,a006bac48a32d59b55bfb179110c29cf99c5193bb7fad9ed45c1a770d10a359a
v8_ignition,3d-raytrace,1,16,276383200,17273950.0,CHECKSUM=20970,,0,True,a006bac48a32d59b55bfb179110c29cf99c5193bb7fad9ed45c1a770d10a359a
quickjs,string-validate-input,1,32,476458600,14889331.25,CHECKSUM=462000,,0,True,c342b03c06ac1759c76d594213f9725dd133b082bed78ad362bcbdf61ff41ac9
v8_ignition,string-validate-input,1,32,227706600,7115831.25,CHECKSUM=462000,,0,True,c342b03c06ac1759c76d594213f9725dd133b082bed78ad362bcbdf61ff41ac9
quickjs,bitops-bitwise-and,1,32,246904000,7715750.0,CHECKSUM=0,,0,True,55abb3c2e2f9d778dc2b1d00c814581824294ee6b23b3f900bc95c299fe9e553
v8_ignition,bitops-bitwise-and,1,32,349633400,10926043.75,CHECKSUM=0,,0,True,55abb3c2e2f9d778dc2b1d00c814581824294ee6b23b3f900bc95c299fe9e553
quickjs,access-binary-trees,1,32,427631400,13363481.25,CHECKSUM=-4,,0,True,d2f0effcffabb4f66feea7d208d33ec1de01e131b98394b5c3f674d9c794e0d6
v8_ignition,access-binary-trees,1,32,218269100,6820909.375,CHECKSUM=-4,,0,True,d2f0effcffabb4f66feea7d208d33ec1de01e131b98394b5c3f674d9c794e0d6
quickjs,crypto-sha1,1,32,241957400,7561168.75,CHECKSUM=2524d264def74cce2498bf112bedf00e6c0b796d,,0,True,2319a338491746d7c3ee54a212a5e10775313086edde16f7eac411f7781cef49
v8_ignition,crypto-sha1,1,32,335025200,10469537.5,CHECKSUM=2524d264def74cce2498bf112bedf00e6c0b796d,,0,True,2319a338491746d7c3ee54a212a5e10775313086edde16f7eac411f7781cef49
quickjs,string-fasta,1,32,901204400,28162637.5,CHECKSUM=1456000,,0,True,25a4430bd173cf3f8348bb9a343d31af578bbc5592d3801ad1143e663eb17726
v8_ignition,string-fasta,1,32,348905900,10903309.375,CHECKSUM=1456000,,0,True,25a4430bd173cf3f8348bb9a343d31af578bbc5592d3801ad1143e663eb17726
quickjs,access-nbody,1,16,258434700,16152168.75,CHECKSUM=-1.3524862408537381,,0,True,0b9a906130c46bbde7af68aced35070d61f38ad3ddcdecfd9556672f7368dfa2
v8_ignition,access-nbody,1,16,336736700,21046043.75,CHECKSUM=-1.3524862408537381,,0,True,0b9a906130c46bbde7af68aced35070d61f38ad3ddcdecfd9556672f7368dfa2
quickjs,date-format-xparb,1,64,1300168100,20315126.5625,"CHECKSUM=2017-09-05|Tuesday, September 05, 2017 7:43:48 AM|1504652895000",,0,True,4ba90758c83e80e4573d63242bb2849776a30fac9f21bc1195aa3b48477acc4f
v8_ignition,date-format-xparb,1,64,311619200,4869050.0,"CHECKSUM=2017-09-05|Tuesday, September 05, 2017 7:43:48 AM|1504652895000",,0,True,4ba90758c83e80e4573d63242bb2849776a30fac9f21bc1195aa3b48477acc4f
quickjs,bitops-3bit-bits-in-byte,1,32,325532100,10172878.125,CHECKSUM=512000,,0,True,595fcbd71ba4c9520f6ce3314b5f1637e4c15b2dcba679ab1e7523a264dae220
v8_ignition,bitops-3bit-bits-in-byte,1,32,272003400,8500106.25,CHECKSUM=512000,,0,True,595fcbd71ba4c9520f6ce3314b5f1637e4c15b2dcba679ab1e7523a264dae220
quickjs,bitops-nsieve-bits,1,16,243740300,15233768.75,CHECKSUM=-1286749544853,,0,True,ef254234e894deef49062adf64960bb8c89398a7222917b870c1a20bb070f274
v8_ignition,bitops-nsieve-bits,1,16,409829700,25614356.25,CHECKSUM=-1286749544853,,0,True,ef254234e894deef49062adf64960bb8c89398a7222917b870c1a20bb070f274
quickjs,crypto-aes,1,16,257576300,16098518.75,CHECKSUM=1343,,0,True,6de1e96fa9a5b787048aba3f79a67a682f659807b1050cc1ea07efa9fabfc27e
v8_ignition,crypto-aes,1,16,265851300,16615706.25,CHECKSUM=1343,,0,True,6de1e96fa9a5b787048aba3f79a67a682f659807b1050cc1ea07efa9fabfc27e
quickjs,controlflow-recursive,1,32,284414900,8887965.625,CHECKSUM=57775,,0,True,2654c7838986abd352cd642a15f55413c6df26469fa39de4ffe77b47bb2cc66c
v8_ignition,controlflow-recursive,1,32,262153500,8192296.875,CHECKSUM=57775,,0,True,2654c7838986abd352cd642a15f55413c6df26469fa39de4ffe77b47bb2cc66c
quickjs,bitops-bits-in-byte,1,16,321396300,20087268.75,CHECKSUM=358400,,0,True,f5c49904410f845a94f7e2e5534562933d30dbb449a39035ff46077059b2d91e
v8_ignition,bitops-bits-in-byte,1,16,348948600,21809287.5,CHECKSUM=358400,,0,True,f5c49904410f845a94f7e2e5534562933d30dbb449a39035ff46077059b2d91e
quickjs,crypto-md5,1,32,253030800,7907212.5,CHECKSUM=a831e91e0f70eddcb70dc61c6f82f6cd,,0,True,f56a443c4d90f4f07279686f8c05d146d3a80c1d01bbb27b0661db0bc429d4ab
v8_ignition,crypto-md5,1,32,302382300,9449446.875,CHECKSUM=a831e91e0f70eddcb70dc61c6f82f6cd,,0,True,f56a443c4d90f4f07279686f8c05d146d3a80c1d01bbb27b0661db0bc429d4ab
quickjs,3d-morph,1,8,192839900,24104987.5,CHECKSUM=0,,0,True,fd5bd998032f9904bd40a69a9fa6fc4caebdb9582e0e919ead1720ec9afe11aa
v8_ignition,3d-morph,1,8,207393100,25924137.5,CHECKSUM=0,,0,True,fd5bd998032f9904bd40a69a9fa6fc4caebdb9582e0e919ead1720ec9afe11aa
quickjs,math-partial-sums,1,16,293631700,18351981.25,CHECKSUM=60.08994194659945,,0,True,00d31496f5edb04d1db4c57cf94dcee22bf029002789061ff65b1f47ca19931e
v8_ignition,math-partial-sums,1,16,226122300,14132643.75,CHECKSUM=60.08994194659945,,0,True,00d31496f5edb04d1db4c57cf94dcee22bf029002789061ff65b1f47ca19931e
quickjs,string-tagcloud,1,32,951110900,29722215.625,CHECKSUM=315241,,0,True,c7ef7be75b2cf852b77752b22013ad0e51ed13b107fd3349383cd16b29513bbd
v8_ignition,string-tagcloud,1,32,244356900,7636153.125,CHECKSUM=315241,,0,True,c7ef7be75b2cf852b77752b22013ad0e51ed13b107fd3349383cd16b29513bbd
quickjs,access-fannkuch,1,8,295221200,36902650.0,CHECKSUM=22,,0,True,14ca39c4940cb77dde1c975cf6047a8ca4ff495a4dce7a9c5489b40f7623e23b
v8_ignition,access-fannkuch,1,8,319411500,39926437.5,CHECKSUM=22,,0,True,14ca39c4940cb77dde1c975cf6047a8ca4ff495a4dce7a9c5489b40f7623e23b
quickjs,regexp-dna,1,128,10244023700,80031435.15625,CHECKSUM=249:300056,,0,True,a53c6059e0ee97b1bd02370ba00f2310a0b6d2fa86ac87d3a00592bab8072e3a
v8_ignition,regexp-dna,1,128,294407500,2300058.59375,CHECKSUM=249:300056,,0,True,a53c6059e0ee97b1bd02370ba00f2310a0b6d2fa86ac87d3a00592bab8072e3a
quickjs,math-cordic,1,16,365742700,22858918.75,CHECKSUM=10362.570468755888,,0,True,5ef0f07deb7ae62267cb78d88ce5cb0a9f6f9eedf8f32c89e8e027a0d55694ca
v8_ignition,math-cordic,1,16,313971800,19623237.5,CHECKSUM=10362.570468755888,,0,True,5ef0f07deb7ae62267cb78d88ce5cb0a9f6f9eedf8f32c89e8e027a0d55694ca
quickjs,string-base64,1,32,731184600,22849518.75,CHECKSUM=32768,,0,True,e43d3d50e40a2e2fe0ebf5da8d8ad9d0865bade106ae6ef848f13c3324d25a35
v8_ignition,string-base64,1,32,242157400,7567418.75,CHECKSUM=32768,,0,True,e43d3d50e40a2e2fe0ebf5da8d8ad9d0865bade106ae6ef848f13c3324d25a35
quickjs,3d-cube,1,16,511759500,31984968.75,CHECKSUM=320,,0,True,bc30b827463144ad584749054c0706de2b0ee47cb6ce07af1ba883cc9615d1aa
v8_ignition,3d-cube,1,16,345512900,21594556.25,CHECKSUM=320,,0,True,bc30b827463144ad584749054c0706de2b0ee47cb6ce07af1ba883cc9615d1aa
v8_ignition,string-base64,2,32,240742000,7523187.5,CHECKSUM=32768,,0,True,e43d3d50e40a2e2fe0ebf5da8d8ad9d0865bade106ae6ef848f13c3324d25a35
quickjs,string-base64,2,32,714471000,22327218.75,CHECKSUM=32768,,0,True,e43d3d50e40a2e2fe0ebf5da8d8ad9d0865bade106ae6ef848f13c3324d25a35
v8_ignition,3d-morph,2,8,201655400,25206925.0,CHECKSUM=0,,0,True,fd5bd998032f9904bd40a69a9fa6fc4caebdb9582e0e919ead1720ec9afe11aa
quickjs,3d-morph,2,8,188530200,23566275.0,CHECKSUM=0,,0,True,fd5bd998032f9904bd40a69a9fa6fc4caebdb9582e0e919ead1720ec9afe11aa
v8_ignition,math-spectral-norm,2,32,283088200,8846506.25,CHECKSUM=5.086694231303284,,0,True,67383cc3484c0d356590f1e3d3e8f32da407ac5f058211b5d02f7fb87a2906ac
quickjs,math-spectral-norm,2,32,308221300,9631915.625,CHECKSUM=5.086694231303284,,0,True,67383cc3484c0d356590f1e3d3e8f32da407ac5f058211b5d02f7fb87a2906ac
v8_ignition,access-nbody,2,16,332691100,20793193.75,CHECKSUM=-1.3524862408537381,,0,True,0b9a906130c46bbde7af68aced35070d61f38ad3ddcdecfd9556672f7368dfa2
quickjs,access-nbody,2,16,256666800,16041675.0,CHECKSUM=-1.3524862408537381,,0,True,0b9a906130c46bbde7af68aced35070d61f38ad3ddcdecfd9556672f7368dfa2
v8_ignition,string-tagcloud,2,32,231755400,7242356.25,CHECKSUM=315241,,0,True,c7ef7be75b2cf852b77752b22013ad0e51ed13b107fd3349383cd16b29513bbd
quickjs,string-tagcloud,2,32,936370000,29261562.5,CHECKSUM=315241,,0,True,c7ef7be75b2cf852b77752b22013ad0e51ed13b107fd3349383cd16b29513bbd
v8_ignition,access-binary-trees,2,32,229580000,7174375.0,CHECKSUM=-4,,0,True,d2f0effcffabb4f66feea7d208d33ec1de01e131b98394b5c3f674d9c794e0d6
quickjs,access-binary-trees,2,32,410174600,12817956.25,CHECKSUM=-4,,0,True,d2f0effcffabb4f66feea7d208d33ec1de01e131b98394b5c3f674d9c794e0d6
v8_ignition,bitops-bitwise-and,2,32,335719400,10491231.25,CHECKSUM=0,,0,True,55abb3c2e2f9d778dc2b1d00c814581824294ee6b23b3f900bc95c299fe9e553
quickjs,bitops-bitwise-and,2,32,273796500,8556140.625,CHECKSUM=0,,0,True,55abb3c2e2f9d778dc2b1d00c814581824294ee6b23b3f900bc95c299fe9e553
v8_ignition,regexp-dna,2,128,284670200,2223985.9375,CHECKSUM=249:300056,,0,True,a53c6059e0ee97b1bd02370ba00f2310a0b6d2fa86ac87d3a00592bab8072e3a
quickjs,regexp-dna,2,128,10088199600,78814059.375,CHECKSUM=249:300056,,0,True,a53c6059e0ee97b1bd02370ba00f2310a0b6d2fa86ac87d3a00592bab8072e3a
v8_ignition,3d-cube,2,16,344214600,21513412.5,CHECKSUM=320,,0,True,bc30b827463144ad584749054c0706de2b0ee47cb6ce07af1ba883cc9615d1aa
quickjs,3d-cube,2,16,505042600,31565162.5,CHECKSUM=320,,0,True,bc30b827463144ad584749054c0706de2b0ee47cb6ce07af1ba883cc9615d1aa
v8_ignition,access-fannkuch,2,8,315636600,39454575.0,CHECKSUM=22,,0,True,14ca39c4940cb77dde1c975cf6047a8ca4ff495a4dce7a9c5489b40f7623e23b
quickjs,access-fannkuch,2,8,308123700,38515462.5,CHECKSUM=22,,0,True,14ca39c4940cb77dde1c975cf6047a8ca4ff495a4dce7a9c5489b40f7623e23b
v8_ignition,crypto-aes,2,16,259707800,16231737.5,CHECKSUM=1343,,0,True,6de1e96fa9a5b787048aba3f79a67a682f659807b1050cc1ea07efa9fabfc27e
quickjs,crypto-aes,2,16,249946600,15621662.5,CHECKSUM=1343,,0,True,6de1e96fa9a5b787048aba3f79a67a682f659807b1050cc1ea07efa9fabfc27e
v8_ignition,access-nsieve,2,16,204064500,12754031.25,CHECKSUM=14302,,0,True,873688bafdc3d4027bbdc57baede0c0cd0f145e97a9752020bd0d117e771b990
quickjs,access-nsieve,2,16,391293300,24455831.25,CHECKSUM=14302,,0,True,873688bafdc3d4027bbdc57baede0c0cd0f145e97a9752020bd0d117e771b990
v8_ignition,string-unpack-code,2,32,254660100,7958128.125,CHECKSUM=511508,,0,True,68a8a79cf599b9d4426388c36ec1db21c49799c4a27ab4f2c0e77c0fdcd2d061
quickjs,string-unpack-code,2,32,1914137800,59816806.25,CHECKSUM=511508,,0,True,68a8a79cf599b9d4426388c36ec1db21c49799c4a27ab4f2c0e77c0fdcd2d061
v8_ignition,math-cordic,2,16,305005800,19062862.5,CHECKSUM=10362.570468755888,,0,True,5ef0f07deb7ae62267cb78d88ce5cb0a9f6f9eedf8f32c89e8e027a0d55694ca
quickjs,math-cordic,2,16,361377600,22586100.0,CHECKSUM=10362.570468755888,,0,True,5ef0f07deb7ae62267cb78d88ce5cb0a9f6f9eedf8f32c89e8e027a0d55694ca
v8_ignition,crypto-md5,2,32,282776600,8836768.75,CHECKSUM=a831e91e0f70eddcb70dc61c6f82f6cd,,0,True,f56a443c4d90f4f07279686f8c05d146d3a80c1d01bbb27b0661db0bc429d4ab
quickjs,crypto-md5,2,32,241541500,7548171.875,CHECKSUM=a831e91e0f70eddcb70dc61c6f82f6cd,,0,True,f56a443c4d90f4f07279686f8c05d146d3a80c1d01bbb27b0661db0bc429d4ab
v8_ignition,string-fasta,2,32,345087300,10783978.125,CHECKSUM=1456000,,0,True,25a4430bd173cf3f8348bb9a343d31af578bbc5592d3801ad1143e663eb17726
quickjs,string-fasta,2,32,876441800,27388806.25,CHECKSUM=1456000,,0,True,25a4430bd173cf3f8348bb9a343d31af578bbc5592d3801ad1143e663eb17726
v8_ignition,date-format-xparb,2,64,305085200,4766956.25,"CHECKSUM=2017-09-05|Tuesday, September 05, 2017 7:43:48 AM|1504652895000",,0,True,4ba90758c83e80e4573d63242bb2849776a30fac9f21bc1195aa3b48477acc4f
quickjs,date-format-xparb,2,64,1296322200,20255034.375,"CHECKSUM=2017-09-05|Tuesday, September 05, 2017 7:43:48 AM|1504652895000",,0,True,4ba90758c83e80e4573d63242bb2849776a30fac9f21bc1195aa3b48477acc4f
v8_ignition,bitops-3bit-bits-in-byte,2,32,253812600,7931643.75,CHECKSUM=512000,,0,True,595fcbd71ba4c9520f6ce3314b5f1637e4c15b2dcba679ab1e7523a264dae220
quickjs,bitops-3bit-bits-in-byte,2,32,315292300,9852884.375,CHECKSUM=512000,,0,True,595fcbd71ba4c9520f6ce3314b5f1637e4c15b2dcba679ab1e7523a264dae220
v8_ignition,crypto-sha1,2,32,308439800,9638743.75,CHECKSUM=2524d264def74cce2498bf112bedf00e6c0b796d,,0,True,2319a338491746d7c3ee54a212a5e10775313086edde16f7eac411f7781cef49
quickjs,crypto-sha1,2,32,231596800,7237400.0,CHECKSUM=2524d264def74cce2498bf112bedf00e6c0b796d,,0,True,2319a338491746d7c3ee54a212a5e10775313086edde16f7eac411f7781cef49
v8_ignition,bitops-bits-in-byte,2,16,348871800,21804487.5,CHECKSUM=358400,,0,True,f5c49904410f845a94f7e2e5534562933d30dbb449a39035ff46077059b2d91e
quickjs,bitops-bits-in-byte,2,16,343064700,21441543.75,CHECKSUM=358400,,0,True,f5c49904410f845a94f7e2e5534562933d30dbb449a39035ff46077059b2d91e
v8_ignition,string-validate-input,2,32,227478400,7108700.0,CHECKSUM=462000,,0,True,c342b03c06ac1759c76d594213f9725dd133b082bed78ad362bcbdf61ff41ac9
quickjs,string-validate-input,2,32,452558000,14142437.5,CHECKSUM=462000,,0,True,c342b03c06ac1759c76d594213f9725dd133b082bed78ad362bcbdf61ff41ac9
v8_ignition,bitops-nsieve-bits,2,16,403159200,25197450.0,CHECKSUM=-1286749544853,,0,True,ef254234e894deef49062adf64960bb8c89398a7222917b870c1a20bb070f274
quickjs,bitops-nsieve-bits,2,16,235798700,14737418.75,CHECKSUM=-1286749544853,,0,True,ef254234e894deef49062adf64960bb8c89398a7222917b870c1a20bb070f274
v8_ignition,date-format-tofte,2,32,304580300,9518134.375,"CHECKSUM=2008-05-01|Thursday, May 01, 2008 5:31:22 PM|1209718549000",,0,True,1372e86a53b36d9b13b6d42615638930ff367abbaee784a4217016668771d440
quickjs,date-format-tofte,2,32,979389100,30605909.375,"CHECKSUM=2008-05-01|Thursday, May 01, 2008 5:31:22 PM|1209718549000",,0,True,1372e86a53b36d9b13b6d42615638930ff367abbaee784a4217016668771d440
v8_ignition,controlflow-recursive,2,32,255221000,7975656.25,CHECKSUM=57775,,0,True,2654c7838986abd352cd642a15f55413c6df26469fa39de4ffe77b47bb2cc66c
quickjs,controlflow-recursive,2,32,279106000,8722062.5,CHECKSUM=57775,,0,True,2654c7838986abd352cd642a15f55413c6df26469fa39de4ffe77b47bb2cc66c
v8_ignition,math-partial-sums,2,16,219362000,13710125.0,CHECKSUM=60.08994194659945,,0,True,00d31496f5edb04d1db4c57cf94dcee22bf029002789061ff65b1f47ca19931e
quickjs,math-partial-sums,2,16,287973700,17998356.25,CHECKSUM=60.08994194659945,,0,True,00d31496f5edb04d1db4c57cf94dcee22bf029002789061ff65b1f47ca19931e
v8_ignition,3d-raytrace,2,16,273593000,17099562.5,CHECKSUM=20970,,0,True,a006bac48a32d59b55bfb179110c29cf99c5193bb7fad9ed45c1a770d10a359a
quickjs,3d-raytrace,2,16,253602700,15850168.75,CHECKSUM=20969,,0,True,a006bac48a32d59b55bfb179110c29cf99c5193bb7fad9ed45c1a770d10a359a
quickjs,string-unpack-code,3,32,1898726900,59335215.625,CHECKSUM=511508,,0,True,68a8a79cf599b9d4426388c36ec1db21c49799c4a27ab4f2c0e77c0fdcd2d061
v8_ignition,string-unpack-code,3,32,254538400,7954325.0,CHECKSUM=511508,,0,True,68a8a79cf599b9d4426388c36ec1db21c49799c4a27ab4f2c0e77c0fdcd2d061
quickjs,bitops-nsieve-bits,3,16,249300100,15581256.25,CHECKSUM=-1286749544853,,0,True,ef254234e894deef49062adf64960bb8c89398a7222917b870c1a20bb070f274
v8_ignition,bitops-nsieve-bits,3,16,427079500,26692468.75,CHECKSUM=-1286749544853,,0,True,ef254234e894deef49062adf64960bb8c89398a7222917b870c1a20bb070f274
quickjs,string-validate-input,3,32,456508800,14265900.0,CHECKSUM=462000,,0,True,c342b03c06ac1759c76d594213f9725dd133b082bed78ad362bcbdf61ff41ac9
v8_ignition,string-validate-input,3,32,222525300,6953915.625,CHECKSUM=462000,,0,True,c342b03c06ac1759c76d594213f9725dd133b082bed78ad362bcbdf61ff41ac9
quickjs,string-fasta,3,32,878159800,27442493.75,CHECKSUM=1456000,,0,True,25a4430bd173cf3f8348bb9a343d31af578bbc5592d3801ad1143e663eb17726
v8_ignition,string-fasta,3,32,347375200,10855475.0,CHECKSUM=1456000,,0,True,25a4430bd173cf3f8348bb9a343d31af578bbc5592d3801ad1143e663eb17726
quickjs,bitops-bits-in-byte,3,16,321828900,20114306.25,CHECKSUM=358400,,0,True,f5c49904410f845a94f7e2e5534562933d30dbb449a39035ff46077059b2d91e
v8_ignition,bitops-bits-in-byte,3,16,366559800,22909987.5,CHECKSUM=358400,,0,True,f5c49904410f845a94f7e2e5534562933d30dbb449a39035ff46077059b2d91e
quickjs,controlflow-recursive,3,32,280755100,8773596.875,CHECKSUM=57775,,0,True,2654c7838986abd352cd642a15f55413c6df26469fa39de4ffe77b47bb2cc66c
v8_ignition,controlflow-recursive,3,32,251943400,7873231.25,CHECKSUM=57775,,0,True,2654c7838986abd352cd642a15f55413c6df26469fa39de4ffe77b47bb2cc66c
quickjs,math-cordic,3,16,358209600,22388100.0,CHECKSUM=10362.570468755888,,0,True,5ef0f07deb7ae62267cb78d88ce5cb0a9f6f9eedf8f32c89e8e027a0d55694ca
v8_ignition,math-cordic,3,16,307842300,19240143.75,CHECKSUM=10362.570468755888,,0,True,5ef0f07deb7ae62267cb78d88ce5cb0a9f6f9eedf8f32c89e8e027a0d55694ca
quickjs,string-base64,3,32,719732400,22491637.5,CHECKSUM=32768,,0,True,e43d3d50e40a2e2fe0ebf5da8d8ad9d0865bade106ae6ef848f13c3324d25a35
v8_ignition,string-base64,3,32,241822900,7556965.625,CHECKSUM=32768,,0,True,e43d3d50e40a2e2fe0ebf5da8d8ad9d0865bade106ae6ef848f13c3324d25a35
quickjs,regexp-dna,3,128,10477530800,81855709.375,CHECKSUM=249:300056,,0,True,a53c6059e0ee97b1bd02370ba00f2310a0b6d2fa86ac87d3a00592bab8072e3a
v8_ignition,regexp-dna,3,128,284307600,2221153.125,CHECKSUM=249:300056,,0,True,a53c6059e0ee97b1bd02370ba00f2310a0b6d2fa86ac87d3a00592bab8072e3a
quickjs,3d-raytrace,3,16,255779600,15986225.0,CHECKSUM=20969,,0,True,a006bac48a32d59b55bfb179110c29cf99c5193bb7fad9ed45c1a770d10a359a
v8_ignition,3d-raytrace,3,16,280784700,17549043.75,CHECKSUM=20970,,0,True,a006bac48a32d59b55bfb179110c29cf99c5193bb7fad9ed45c1a770d10a359a
quickjs,3d-morph,3,8,189049900,23631237.5,CHECKSUM=0,,0,True,fd5bd998032f9904bd40a69a9fa6fc4caebdb9582e0e919ead1720ec9afe11aa
v8_ignition,3d-morph,3,8,203529400,25441175.0,CHECKSUM=0,,0,True,fd5bd998032f9904bd40a69a9fa6fc4caebdb9582e0e919ead1720ec9afe11aa
quickjs,access-nsieve,3,16,418519000,26157437.5,CHECKSUM=14302,,0,True,873688bafdc3d4027bbdc57baede0c0cd0f145e97a9752020bd0d117e771b990
v8_ignition,access-nsieve,3,16,203198700,12699918.75,CHECKSUM=14302,,0,True,873688bafdc3d4027bbdc57baede0c0cd0f145e97a9752020bd0d117e771b990
quickjs,access-fannkuch,3,8,294775100,36846887.5,CHECKSUM=22,,0,True,14ca39c4940cb77dde1c975cf6047a8ca4ff495a4dce7a9c5489b40f7623e23b
v8_ignition,access-fannkuch,3,8,313853600,39231700.0,CHECKSUM=22,,0,True,14ca39c4940cb77dde1c975cf6047a8ca4ff495a4dce7a9c5489b40f7623e23b
quickjs,bitops-bitwise-and,3,32,258723000,8085093.75,CHECKSUM=0,,0,True,55abb3c2e2f9d778dc2b1d00c814581824294ee6b23b3f900bc95c299fe9e553
v8_ignition,bitops-bitwise-and,3,32,333964600,10436393.75,CHECKSUM=0,,0,True,55abb3c2e2f9d778dc2b1d00c814581824294ee6b23b3f900bc95c299fe9e553
quickjs,crypto-aes,3,16,249545200,15596575.0,CHECKSUM=1343,,0,True,6de1e96fa9a5b787048aba3f79a67a682f659807b1050cc1ea07efa9fabfc27e
v8_ignition,crypto-aes,3,16,261279700,16329981.25,CHECKSUM=1343,,0,True,6de1e96fa9a5b787048aba3f79a67a682f659807b1050cc1ea07efa9fabfc27e
quickjs,math-spectral-norm,3,32,314368700,9824021.875,CHECKSUM=5.086694231303284,,0,True,67383cc3484c0d356590f1e3d3e8f32da407ac5f058211b5d02f7fb87a2906ac
v8_ignition,math-spectral-norm,3,32,277046200,8657693.75,CHECKSUM=5.086694231303284,,0,True,67383cc3484c0d356590f1e3d3e8f32da407ac5f058211b5d02f7fb87a2906ac
quickjs,date-format-tofte,3,32,973165300,30411415.625,"CHECKSUM=2008-05-01|Thursday, May 01, 2008 5:31:22 PM|1209718549000",,0,True,1372e86a53b36d9b13b6d42615638930ff367abbaee784a4217016668771d440
v8_ignition,date-format-tofte,3,32,307077800,9596181.25,"CHECKSUM=2008-05-01|Thursday, May 01, 2008 5:31:22 PM|1209718549000",,0,True,1372e86a53b36d9b13b6d42615638930ff367abbaee784a4217016668771d440
quickjs,3d-cube,3,16,503651800,31478237.5,CHECKSUM=320,,0,True,bc30b827463144ad584749054c0706de2b0ee47cb6ce07af1ba883cc9615d1aa
v8_ignition,3d-cube,3,16,349641300,21852581.25,CHECKSUM=320,,0,True,bc30b827463144ad584749054c0706de2b0ee47cb6ce07af1ba883cc9615d1aa
quickjs,access-binary-trees,3,32,402247900,12570246.875,CHECKSUM=-4,,0,True,d2f0effcffabb4f66feea7d208d33ec1de01e131b98394b5c3f674d9c794e0d6
v8_ignition,access-binary-trees,3,32,211187800,6599618.75,CHECKSUM=-4,,0,True,d2f0effcffabb4f66feea7d208d33ec1de01e131b98394b5c3f674d9c794e0d6
quickjs,bitops-3bit-bits-in-byte,3,32,308595400,9643606.25,CHECKSUM=512000,,0,True,595fcbd71ba4c9520f6ce3314b5f1637e4c15b2dcba679ab1e7523a264dae220
v8_ignition,bitops-3bit-bits-in-byte,3,32,264503600,8265737.5,CHECKSUM=512000,,0,True,595fcbd71ba4c9520f6ce3314b5f1637e4c15b2dcba679ab1e7523a264dae220
quickjs,string-tagcloud,3,32,885421300,27669415.625,CHECKSUM=315241,,0,True,c7ef7be75b2cf852b77752b22013ad0e51ed13b107fd3349383cd16b29513bbd
v8_ignition,string-tagcloud,3,32,231888100,7246503.125,CHECKSUM=315241,,0,True,c7ef7be75b2cf852b77752b22013ad0e51ed13b107fd3349383cd16b29513bbd
quickjs,crypto-md5,3,32,252424400,7888262.5,CHECKSUM=a831e91e0f70eddcb70dc61c6f82f6cd,,0,True,f56a443c4d90f4f07279686f8c05d146d3a80c1d01bbb27b0661db0bc429d4ab
v8_ignition,crypto-md5,3,32,292939700,9154365.625,CHECKSUM=a831e91e0f70eddcb70dc61c6f82f6cd,,0,True,f56a443c4d90f4f07279686f8c05d146d3a80c1d01bbb27b0661db0bc429d4ab
quickjs,math-partial-sums,3,16,289716600,18107287.5,CHECKSUM=60.08994194659945,,0,True,00d31496f5edb04d1db4c57cf94dcee22bf029002789061ff65b1f47ca19931e
v8_ignition,math-partial-sums,3,16,226364000,14147750.0,CHECKSUM=60.08994194659945,,0,True,00d31496f5edb04d1db4c57cf94dcee22bf029002789061ff65b1f47ca19931e
quickjs,date-format-xparb,3,64,1283163000,20049421.875,"CHECKSUM=2017-09-05|Tuesday, September 05, 2017 7:43:48 AM|1504652895000",,0,True,4ba90758c83e80e4573d63242bb2849776a30fac9f21bc1195aa3b48477acc4f
v8_ignition,date-format-xparb,3,64,307683700,4807557.8125,"CHECKSUM=2017-09-05|Tuesday, September 05, 2017 7:43:48 AM|1504652895000",,0,True,4ba90758c83e80e4573d63242bb2849776a30fac9f21bc1195aa3b48477acc4f
quickjs,crypto-sha1,3,32,245456600,7670518.75,CHECKSUM=2524d264def74cce2498bf112bedf00e6c0b796d,,0,True,2319a338491746d7c3ee54a212a5e10775313086edde16f7eac411f7781cef49
v8_ignition,crypto-sha1,3,32,306876600,9589893.75,CHECKSUM=2524d264def74cce2498bf112bedf00e6c0b796d,,0,True,2319a338491746d7c3ee54a212a5e10775313086edde16f7eac411f7781cef49
quickjs,access-nbody,3,16,256826900,16051681.25,CHECKSUM=-1.3524862408537381,,0,True,0b9a906130c46bbde7af68aced35070d61f38ad3ddcdecfd9556672f7368dfa2
v8_ignition,access-nbody,3,16,331444100,20715256.25,CHECKSUM=-1.3524862408537381,,0,True,0b9a906130c46bbde7af68aced35070d61f38ad3ddcdecfd9556672f7368dfa2
v8_ignition,crypto-aes,4,16,259282200,16205137.5,CHECKSUM=1343,,0,True,6de1e96fa9a5b787048aba3f79a67a682f659807b1050cc1ea07efa9fabfc27e
quickjs,crypto-aes,4,16,253388800,15836800.0,CHECKSUM=1343,,0,True,6de1e96fa9a5b787048aba3f79a67a682f659807b1050cc1ea07efa9fabfc27e
v8_ignition,3d-raytrace,4,16,273241500,17077593.75,CHECKSUM=20970,,0,True,a006bac48a32d59b55bfb179110c29cf99c5193bb7fad9ed45c1a770d10a359a
quickjs,3d-raytrace,4,16,253191400,15824462.5,CHECKSUM=20969,,0,True,a006bac48a32d59b55bfb179110c29cf99c5193bb7fad9ed45c1a770d10a359a
v8_ignition,access-nbody,4,16,328534100,20533381.25,CHECKSUM=-1.3524862408537381,,0,True,0b9a906130c46bbde7af68aced35070d61f38ad3ddcdecfd9556672f7368dfa2
quickjs,access-nbody,4,16,254819700,15926231.25,CHECKSUM=-1.3524862408537381,,0,True,0b9a906130c46bbde7af68aced35070d61f38ad3ddcdecfd9556672f7368dfa2
v8_ignition,access-binary-trees,4,32,211231600,6600987.5,CHECKSUM=-4,,0,True,d2f0effcffabb4f66feea7d208d33ec1de01e131b98394b5c3f674d9c794e0d6
quickjs,access-binary-trees,4,32,397043200,12407600.0,CHECKSUM=-4,,0,True,d2f0effcffabb4f66feea7d208d33ec1de01e131b98394b5c3f674d9c794e0d6
v8_ignition,string-validate-input,4,32,229663400,7176981.25,CHECKSUM=462000,,0,True,c342b03c06ac1759c76d594213f9725dd133b082bed78ad362bcbdf61ff41ac9
quickjs,string-validate-input,4,32,450582900,14080715.625,CHECKSUM=462000,,0,True,c342b03c06ac1759c76d594213f9725dd133b082bed78ad362bcbdf61ff41ac9
v8_ignition,crypto-md5,4,32,283351100,8854721.875,CHECKSUM=a831e91e0f70eddcb70dc61c6f82f6cd,,0,True,f56a443c4d90f4f07279686f8c05d146d3a80c1d01bbb27b0661db0bc429d4ab
quickjs,crypto-md5,4,32,267199500,8349984.375,CHECKSUM=a831e91e0f70eddcb70dc61c6f82f6cd,,0,True,f56a443c4d90f4f07279686f8c05d146d3a80c1d01bbb27b0661db0bc429d4ab
v8_ignition,crypto-sha1,4,32,309778200,9680568.75,CHECKSUM=2524d264def74cce2498bf112bedf00e6c0b796d,,0,True,2319a338491746d7c3ee54a212a5e10775313086edde16f7eac411f7781cef49
quickjs,crypto-sha1,4,32,232178000,7255562.5,CHECKSUM=2524d264def74cce2498bf112bedf00e6c0b796d,,0,True,2319a338491746d7c3ee54a212a5e10775313086edde16f7eac411f7781cef49
v8_ignition,string-base64,4,32,248069500,7752171.875,CHECKSUM=32768,,0,True,e43d3d50e40a2e2fe0ebf5da8d8ad9d0865bade106ae6ef848f13c3324d25a35
quickjs,string-base64,4,32,721498500,22546828.125,CHECKSUM=32768,,0,True,e43d3d50e40a2e2fe0ebf5da8d8ad9d0865bade106ae6ef848f13c3324d25a35
v8_ignition,3d-cube,4,16,347915200,21744700.0,CHECKSUM=320,,0,True,bc30b827463144ad584749054c0706de2b0ee47cb6ce07af1ba883cc9615d1aa
quickjs,3d-cube,4,16,503458800,31466175.0,CHECKSUM=320,,0,True,bc30b827463144ad584749054c0706de2b0ee47cb6ce07af1ba883cc9615d1aa
v8_ignition,bitops-bitwise-and,4,32,365871800,11433493.75,CHECKSUM=0,,0,True,55abb3c2e2f9d778dc2b1d00c814581824294ee6b23b3f900bc95c299fe9e553
quickjs,bitops-bitwise-and,4,32,247280400,7727512.5,CHECKSUM=0,,0,True,55abb3c2e2f9d778dc2b1d00c814581824294ee6b23b3f900bc95c299fe9e553
v8_ignition,string-tagcloud,4,32,233208800,7287775.0,CHECKSUM=315241,,0,True,c7ef7be75b2cf852b77752b22013ad0e51ed13b107fd3349383cd16b29513bbd
quickjs,string-tagcloud,4,32,888577000,27768031.25,CHECKSUM=315241,,0,True,c7ef7be75b2cf852b77752b22013ad0e51ed13b107fd3349383cd16b29513bbd
v8_ignition,access-fannkuch,4,8,316348000,39543500.0,CHECKSUM=22,,0,True,14ca39c4940cb77dde1c975cf6047a8ca4ff495a4dce7a9c5489b40f7623e23b
quickjs,access-fannkuch,4,8,295713600,36964200.0,CHECKSUM=22,,0,True,14ca39c4940cb77dde1c975cf6047a8ca4ff495a4dce7a9c5489b40f7623e23b
v8_ignition,bitops-bits-in-byte,4,16,352259600,22016225.0,CHECKSUM=358400,,0,True,f5c49904410f845a94f7e2e5534562933d30dbb449a39035ff46077059b2d91e
quickjs,bitops-bits-in-byte,4,16,335197500,20949843.75,CHECKSUM=358400,,0,True,f5c49904410f845a94f7e2e5534562933d30dbb449a39035ff46077059b2d91e
v8_ignition,date-format-xparb,4,64,307253500,4800835.9375,"CHECKSUM=2017-09-05|Tuesday, September 05, 2017 7:43:48 AM|1504652895000",,0,True,4ba90758c83e80e4573d63242bb2849776a30fac9f21bc1195aa3b48477acc4f
quickjs,date-format-xparb,4,64,1284287700,20066995.3125,"CHECKSUM=2017-09-05|Tuesday, September 05, 2017 7:43:48 AM|1504652895000",,0,True,4ba90758c83e80e4573d63242bb2849776a30fac9f21bc1195aa3b48477acc4f
v8_ignition,bitops-nsieve-bits,4,16,407080400,25442525.0,CHECKSUM=-1286749544853,,0,True,ef254234e894deef49062adf64960bb8c89398a7222917b870c1a20bb070f274
quickjs,bitops-nsieve-bits,4,16,243115300,15194706.25,CHECKSUM=-1286749544853,,0,True,ef254234e894deef49062adf64960bb8c89398a7222917b870c1a20bb070f274
v8_ignition,3d-morph,4,8,203911100,25488887.5,CHECKSUM=0,,0,True,fd5bd998032f9904bd40a69a9fa6fc4caebdb9582e0e919ead1720ec9afe11aa
quickjs,3d-morph,4,8,187868000,23483500.0,CHECKSUM=0,,0,True,fd5bd998032f9904bd40a69a9fa6fc4caebdb9582e0e919ead1720ec9afe11aa
v8_ignition,string-fasta,4,32,341211800,10662868.75,CHECKSUM=1456000,,0,True,25a4430bd173cf3f8348bb9a343d31af578bbc5592d3801ad1143e663eb17726
quickjs,string-fasta,4,32,876519100,27391221.875,CHECKSUM=1456000,,0,True,25a4430bd173cf3f8348bb9a343d31af578bbc5592d3801ad1143e663eb17726
v8_ignition,bitops-3bit-bits-in-byte,4,32,273698800,8553087.5,CHECKSUM=512000,,0,True,595fcbd71ba4c9520f6ce3314b5f1637e4c15b2dcba679ab1e7523a264dae220
quickjs,bitops-3bit-bits-in-byte,4,32,316645600,9895175.0,CHECKSUM=512000,,0,True,595fcbd71ba4c9520f6ce3314b5f1637e4c15b2dcba679ab1e7523a264dae220
v8_ignition,string-unpack-code,4,32,259533100,8110409.375,CHECKSUM=511508,,0,True,68a8a79cf599b9d4426388c36ec1db21c49799c4a27ab4f2c0e77c0fdcd2d061
quickjs,string-unpack-code,4,32,1895483600,59233862.5,CHECKSUM=511508,,0,True,68a8a79cf599b9d4426388c36ec1db21c49799c4a27ab4f2c0e77c0fdcd2d061
v8_ignition,access-nsieve,4,16,200774900,12548431.25,CHECKSUM=14302,,0,True,873688bafdc3d4027bbdc57baede0c0cd0f145e97a9752020bd0d117e771b990
quickjs,access-nsieve,4,16,395972500,24748281.25,CHECKSUM=14302,,0,True,873688bafdc3d4027bbdc57baede0c0cd0f145e97a9752020bd0d117e771b990
v8_ignition,date-format-tofte,4,32,311364600,9730143.75,"CHECKSUM=2008-05-01|Thursday, May 01, 2008 5:31:22 PM|1209718549000",,0,True,1372e86a53b36d9b13b6d42615638930ff367abbaee784a4217016668771d440
quickjs,date-format-tofte,4,32,995906300,31122071.875,"CHECKSUM=2008-05-01|Thursday, May 01, 2008 5:31:22 PM|1209718549000",,0,True,1372e86a53b36d9b13b6d42615638930ff367abbaee784a4217016668771d440
v8_ignition,math-partial-sums,4,16,219034800,13689675.0,CHECKSUM=60.08994194659945,,0,True,00d31496f5edb04d1db4c57cf94dcee22bf029002789061ff65b1f47ca19931e
quickjs,math-partial-sums,4,16,288204400,18012775.0,CHECKSUM=60.08994194659945,,0,True,00d31496f5edb04d1db4c57cf94dcee22bf029002789061ff65b1f47ca19931e
v8_ignition,controlflow-recursive,4,32,250460600,7826893.75,CHECKSUM=57775,,0,True,2654c7838986abd352cd642a15f55413c6df26469fa39de4ffe77b47bb2cc66c
quickjs,controlflow-recursive,4,32,280041800,8751306.25,CHECKSUM=57775,,0,True,2654c7838986abd352cd642a15f55413c6df26469fa39de4ffe77b47bb2cc66c
v8_ignition,math-spectral-norm,4,32,269585800,8424556.25,CHECKSUM=5.086694231303284,,0,True,67383cc3484c0d356590f1e3d3e8f32da407ac5f058211b5d02f7fb87a2906ac
quickjs,math-spectral-norm,4,32,304587600,9518362.5,CHECKSUM=5.086694231303284,,0,True,67383cc3484c0d356590f1e3d3e8f32da407ac5f058211b5d02f7fb87a2906ac
v8_ignition,regexp-dna,4,128,289949300,2265228.90625,CHECKSUM=249:300056,,0,True,a53c6059e0ee97b1bd02370ba00f2310a0b6d2fa86ac87d3a00592bab8072e3a
quickjs,regexp-dna,4,128,10294148100,80423032.03125,CHECKSUM=249:300056,,0,True,a53c6059e0ee97b1bd02370ba00f2310a0b6d2fa86ac87d3a00592bab8072e3a
v8_ignition,math-cordic,4,16,310773200,19423325.0,CHECKSUM=10362.570468755888,,0,True,5ef0f07deb7ae62267cb78d88ce5cb0a9f6f9eedf8f32c89e8e027a0d55694ca
quickjs,math-cordic,4,16,363320600,22707537.5,CHECKSUM=10362.570468755888,,0,True,5ef0f07deb7ae62267cb78d88ce5cb0a9f6f9eedf8f32c89e8e027a0d55694ca
quickjs,3d-raytrace,5,16,254765700,15922856.25,CHECKSUM=20969,,0,True,a006bac48a32d59b55bfb179110c29cf99c5193bb7fad9ed45c1a770d10a359a
v8_ignition,3d-raytrace,5,16,275763000,17235187.5,CHECKSUM=20970,,0,True,a006bac48a32d59b55bfb179110c29cf99c5193bb7fad9ed45c1a770d10a359a
quickjs,bitops-3bit-bits-in-byte,5,32,319835300,9994853.125,CHECKSUM=512000,,0,True,595fcbd71ba4c9520f6ce3314b5f1637e4c15b2dcba679ab1e7523a264dae220
v8_ignition,bitops-3bit-bits-in-byte,5,32,266965600,8342675.0,CHECKSUM=512000,,0,True,595fcbd71ba4c9520f6ce3314b5f1637e4c15b2dcba679ab1e7523a264dae220
quickjs,string-unpack-code,5,32,1923225300,60100790.625,CHECKSUM=511508,,0,True,68a8a79cf599b9d4426388c36ec1db21c49799c4a27ab4f2c0e77c0fdcd2d061
v8_ignition,string-unpack-code,5,32,262307100,8197096.875,CHECKSUM=511508,,0,True,68a8a79cf599b9d4426388c36ec1db21c49799c4a27ab4f2c0e77c0fdcd2d061
quickjs,math-cordic,5,16,364028800,22751800.0,CHECKSUM=10362.570468755888,,0,True,5ef0f07deb7ae62267cb78d88ce5cb0a9f6f9eedf8f32c89e8e027a0d55694ca
v8_ignition,math-cordic,5,16,311783100,19486443.75,CHECKSUM=10362.570468755888,,0,True,5ef0f07deb7ae62267cb78d88ce5cb0a9f6f9eedf8f32c89e8e027a0d55694ca
quickjs,crypto-md5,5,32,243948000,7623375.0,CHECKSUM=a831e91e0f70eddcb70dc61c6f82f6cd,,0,True,f56a443c4d90f4f07279686f8c05d146d3a80c1d01bbb27b0661db0bc429d4ab
v8_ignition,crypto-md5,5,32,290352400,9073512.5,CHECKSUM=a831e91e0f70eddcb70dc61c6f82f6cd,,0,True,f56a443c4d90f4f07279686f8c05d146d3a80c1d01bbb27b0661db0bc429d4ab
quickjs,string-validate-input,5,32,455950200,14248443.75,CHECKSUM=462000,,0,True,c342b03c06ac1759c76d594213f9725dd133b082bed78ad362bcbdf61ff41ac9
v8_ignition,string-validate-input,5,32,229364900,7167653.125,CHECKSUM=462000,,0,True,c342b03c06ac1759c76d594213f9725dd133b082bed78ad362bcbdf61ff41ac9
quickjs,crypto-aes,5,16,250958000,15684875.0,CHECKSUM=1343,,0,True,6de1e96fa9a5b787048aba3f79a67a682f659807b1050cc1ea07efa9fabfc27e
v8_ignition,crypto-aes,5,16,265780800,16611300.0,CHECKSUM=1343,,0,True,6de1e96fa9a5b787048aba3f79a67a682f659807b1050cc1ea07efa9fabfc27e
quickjs,3d-morph,5,8,188786400,23598300.0,CHECKSUM=0,,0,True,fd5bd998032f9904bd40a69a9fa6fc4caebdb9582e0e919ead1720ec9afe11aa
v8_ignition,3d-morph,5,8,199106500,24888312.5,CHECKSUM=0,,0,True,fd5bd998032f9904bd40a69a9fa6fc4caebdb9582e0e919ead1720ec9afe11aa
quickjs,access-nbody,5,16,256014400,16000900.0,CHECKSUM=-1.3524862408537381,,0,True,0b9a906130c46bbde7af68aced35070d61f38ad3ddcdecfd9556672f7368dfa2
v8_ignition,access-nbody,5,16,332607200,20787950.0,CHECKSUM=-1.3524862408537381,,0,True,0b9a906130c46bbde7af68aced35070d61f38ad3ddcdecfd9556672f7368dfa2
quickjs,date-format-tofte,5,32,1003484900,31358903.125,"CHECKSUM=2008-05-01|Thursday, May 01, 2008 5:31:22 PM|1209718549000",,0,True,1372e86a53b36d9b13b6d42615638930ff367abbaee784a4217016668771d440
v8_ignition,date-format-tofte,5,32,308165500,9630171.875,"CHECKSUM=2008-05-01|Thursday, May 01, 2008 5:31:22 PM|1209718549000",,0,True,1372e86a53b36d9b13b6d42615638930ff367abbaee784a4217016668771d440
quickjs,crypto-sha1,5,32,236205000,7381406.25,CHECKSUM=2524d264def74cce2498bf112bedf00e6c0b796d,,0,True,2319a338491746d7c3ee54a212a5e10775313086edde16f7eac411f7781cef49
v8_ignition,crypto-sha1,5,32,319230500,9975953.125,CHECKSUM=2524d264def74cce2498bf112bedf00e6c0b796d,,0,True,2319a338491746d7c3ee54a212a5e10775313086edde16f7eac411f7781cef49
quickjs,bitops-nsieve-bits,5,16,241945000,15121562.5,CHECKSUM=-1286749544853,,0,True,ef254234e894deef49062adf64960bb8c89398a7222917b870c1a20bb070f274
v8_ignition,bitops-nsieve-bits,5,16,401838400,25114900.0,CHECKSUM=-1286749544853,,0,True,ef254234e894deef49062adf64960bb8c89398a7222917b870c1a20bb070f274
quickjs,bitops-bits-in-byte,5,16,339222200,21201387.5,CHECKSUM=358400,,0,True,f5c49904410f845a94f7e2e5534562933d30dbb449a39035ff46077059b2d91e
v8_ignition,bitops-bits-in-byte,5,16,350032200,21877012.5,CHECKSUM=358400,,0,True,f5c49904410f845a94f7e2e5534562933d30dbb449a39035ff46077059b2d91e
quickjs,math-partial-sums,5,16,291385000,18211562.5,CHECKSUM=60.08994194659945,,0,True,00d31496f5edb04d1db4c57cf94dcee22bf029002789061ff65b1f47ca19931e
v8_ignition,math-partial-sums,5,16,224939800,14058737.5,CHECKSUM=60.08994194659945,,0,True,00d31496f5edb04d1db4c57cf94dcee22bf029002789061ff65b1f47ca19931e
quickjs,regexp-dna,5,128,10381846800,81108178.125,CHECKSUM=249:300056,,0,True,a53c6059e0ee97b1bd02370ba00f2310a0b6d2fa86ac87d3a00592bab8072e3a
v8_ignition,regexp-dna,5,128,284151300,2219932.03125,CHECKSUM=249:300056,,0,True,a53c6059e0ee97b1bd02370ba00f2310a0b6d2fa86ac87d3a00592bab8072e3a
quickjs,string-fasta,5,32,877913500,27434796.875,CHECKSUM=1456000,,0,True,25a4430bd173cf3f8348bb9a343d31af578bbc5592d3801ad1143e663eb17726
v8_ignition,string-fasta,5,32,342555000,10704843.75,CHECKSUM=1456000,,0,True,25a4430bd173cf3f8348bb9a343d31af578bbc5592d3801ad1143e663eb17726
quickjs,math-spectral-norm,5,32,309490500,9671578.125,CHECKSUM=5.086694231303284,,0,True,67383cc3484c0d356590f1e3d3e8f32da407ac5f058211b5d02f7fb87a2906ac
v8_ignition,math-spectral-norm,5,32,266111200,8315975.0,CHECKSUM=5.086694231303284,,0,True,67383cc3484c0d356590f1e3d3e8f32da407ac5f058211b5d02f7fb87a2906ac
quickjs,access-nsieve,5,16,397013000,24813312.5,CHECKSUM=14302,,0,True,873688bafdc3d4027bbdc57baede0c0cd0f145e97a9752020bd0d117e771b990
v8_ignition,access-nsieve,5,16,200464100,12529006.25,CHECKSUM=14302,,0,True,873688bafdc3d4027bbdc57baede0c0cd0f145e97a9752020bd0d117e771b990
quickjs,string-base64,5,32,717032800,22407275.0,CHECKSUM=32768,,0,True,e43d3d50e40a2e2fe0ebf5da8d8ad9d0865bade106ae6ef848f13c3324d25a35
v8_ignition,string-base64,5,32,240265200,7508287.5,CHECKSUM=32768,,0,True,e43d3d50e40a2e2fe0ebf5da8d8ad9d0865bade106ae6ef848f13c3324d25a35
quickjs,access-binary-trees,5,32,396097800,12378056.25,CHECKSUM=-4,,0,True,d2f0effcffabb4f66feea7d208d33ec1de01e131b98394b5c3f674d9c794e0d6
v8_ignition,access-binary-trees,5,32,215275500,6727359.375,CHECKSUM=-4,,0,True,d2f0effcffabb4f66feea7d208d33ec1de01e131b98394b5c3f674d9c794e0d6
quickjs,string-tagcloud,5,32,881359200,27542475.0,CHECKSUM=315241,,0,True,c7ef7be75b2cf852b77752b22013ad0e51ed13b107fd3349383cd16b29513bbd
v8_ignition,string-tagcloud,5,32,231471700,7233490.625,CHECKSUM=315241,,0,True,c7ef7be75b2cf852b77752b22013ad0e51ed13b107fd3349383cd16b29513bbd
quickjs,bitops-bitwise-and,5,32,288309900,9009684.375,CHECKSUM=0,,0,True,55abb3c2e2f9d778dc2b1d00c814581824294ee6b23b3f900bc95c299fe9e553
v8_ignition,bitops-bitwise-and,5,32,334960700,10467521.875,CHECKSUM=0,,0,True,55abb3c2e2f9d778dc2b1d00c814581824294ee6b23b3f900bc95c299fe9e553
quickjs,access-fannkuch,5,8,295137400,36892175.0,CHECKSUM=22,,0,True,14ca39c4940cb77dde1c975cf6047a8ca4ff495a4dce7a9c5489b40f7623e23b
v8_ignition,access-fannkuch,5,8,310783200,38847900.0,CHECKSUM=22,,0,True,14ca39c4940cb77dde1c975cf6047a8ca4ff495a4dce7a9c5489b40f7623e23b
quickjs,3d-cube,5,16,504651200,31540700.0,CHECKSUM=320,,0,True,bc30b827463144ad584749054c0706de2b0ee47cb6ce07af1ba883cc9615d1aa
v8_ignition,3d-cube,5,16,347547300,21721706.25,CHECKSUM=320,,0,True,bc30b827463144ad584749054c0706de2b0ee47cb6ce07af1ba883cc9615d1aa
quickjs,date-format-xparb,5,64,1306886900,20420107.8125,"CHECKSUM=2017-09-05|Tuesday, September 05, 2017 7:43:48 AM|1504652895000",,0,True,4ba90758c83e80e4573d63242bb2849776a30fac9f21bc1195aa3b48477acc4f
v8_ignition,date-format-xparb,5,64,301435300,4709926.5625,"CHECKSUM=2017-09-05|Tuesday, September 05, 2017 7:43:48 AM|1504652895000",,0,True,4ba90758c83e80e4573d63242bb2849776a30fac9f21bc1195aa3b48477acc4f
quickjs,controlflow-recursive,5,32,275278900,8602465.625,CHECKSUM=57775,,0,True,2654c7838986abd352cd642a15f55413c6df26469fa39de4ffe77b47bb2cc66c
v8_ignition,controlflow-recursive,5,32,252791800,7899743.75,CHECKSUM=57775,,0,True,2654c7838986abd352cd642a15f55413c6df26469fa39de4ffe77b47bb2cc66c
v8_ignition,regexp-dna,6,128,281927500,2202558.59375,CHECKSUM=249:300056,,0,True,a53c6059e0ee97b1bd02370ba00f2310a0b6d2fa86ac87d3a00592bab8072e3a
quickjs,regexp-dna,6,128,10286774400,80365425.0,CHECKSUM=249:300056,,0,True,a53c6059e0ee97b1bd02370ba00f2310a0b6d2fa86ac87d3a00592bab8072e3a
v8_ignition,access-fannkuch,6,8,315394900,39424362.5,CHECKSUM=22,,0,True,14ca39c4940cb77dde1c975cf6047a8ca4ff495a4dce7a9c5489b40f7623e23b
quickjs,access-fannkuch,6,8,300970600,37621325.0,CHECKSUM=22,,0,True,14ca39c4940cb77dde1c975cf6047a8ca4ff495a4dce7a9c5489b40f7623e23b
v8_ignition,bitops-nsieve-bits,6,16,408681300,25542581.25,CHECKSUM=-1286749544853,,0,True,ef254234e894deef49062adf64960bb8c89398a7222917b870c1a20bb070f274
quickjs,bitops-nsieve-bits,6,16,243191000,15199437.5,CHECKSUM=-1286749544853,,0,True,ef254234e894deef49062adf64960bb8c89398a7222917b870c1a20bb070f274
v8_ignition,date-format-tofte,6,32,306558100,9579940.625,"CHECKSUM=2008-05-01|Thursday, May 01, 2008 5:31:22 PM|1209718549000",,0,True,1372e86a53b36d9b13b6d42615638930ff367abbaee784a4217016668771d440
quickjs,date-format-tofte,6,32,981634800,30676087.5,"CHECKSUM=2008-05-01|Thursday, May 01, 2008 5:31:22 PM|1209718549000",,0,True,1372e86a53b36d9b13b6d42615638930ff367abbaee784a4217016668771d440
v8_ignition,string-tagcloud,6,32,229547700,7173365.625,CHECKSUM=315241,,0,True,c7ef7be75b2cf852b77752b22013ad0e51ed13b107fd3349383cd16b29513bbd
quickjs,string-tagcloud,6,32,901159000,28161218.75,CHECKSUM=315241,,0,True,c7ef7be75b2cf852b77752b22013ad0e51ed13b107fd3349383cd16b29513bbd
v8_ignition,access-nbody,6,16,344829900,21551868.75,CHECKSUM=-1.3524862408537381,,0,True,0b9a906130c46bbde7af68aced35070d61f38ad3ddcdecfd9556672f7368dfa2
quickjs,access-nbody,6,16,255509400,15969337.5,CHECKSUM=-1.3524862408537381,,0,True,0b9a906130c46bbde7af68aced35070d61f38ad3ddcdecfd9556672f7368dfa2
v8_ignition,string-fasta,6,32,354916300,11091134.375,CHECKSUM=1456000,,0,True,25a4430bd173cf3f8348bb9a343d31af578bbc5592d3801ad1143e663eb17726
quickjs,string-fasta,6,32,875130800,27347837.5,CHECKSUM=1456000,,0,True,25a4430bd173cf3f8348bb9a343d31af578bbc5592d3801ad1143e663eb17726
v8_ignition,bitops-bits-in-byte,6,16,357866900,22366681.25,CHECKSUM=358400,,0,True,f5c49904410f845a94f7e2e5534562933d30dbb449a39035ff46077059b2d91e
quickjs,bitops-bits-in-byte,6,16,339760600,21235037.5,CHECKSUM=358400,,0,True,f5c49904410f845a94f7e2e5534562933d30dbb449a39035ff46077059b2d91e
v8_ignition,string-validate-input,6,32,224625700,7019553.125,CHECKSUM=462000,,0,True,c342b03c06ac1759c76d594213f9725dd133b082bed78ad362bcbdf61ff41ac9
quickjs,string-validate-input,6,32,454611500,14206609.375,CHECKSUM=462000,,0,True,c342b03c06ac1759c76d594213f9725dd133b082bed78ad362bcbdf61ff41ac9
v8_ignition,crypto-sha1,6,32,313502400,9796950.0,CHECKSUM=2524d264def74cce2498bf112bedf00e6c0b796d,,0,True,2319a338491746d7c3ee54a212a5e10775313086edde16f7eac411f7781cef49
quickjs,crypto-sha1,6,32,231176300,7224259.375,CHECKSUM=2524d264def74cce2498bf112bedf00e6c0b796d,,0,True,2319a338491746d7c3ee54a212a5e10775313086edde16f7eac411f7781cef49
v8_ignition,crypto-md5,6,32,285591800,8924743.75,CHECKSUM=a831e91e0f70eddcb70dc61c6f82f6cd,,0,True,f56a443c4d90f4f07279686f8c05d146d3a80c1d01bbb27b0661db0bc429d4ab
quickjs,crypto-md5,6,32,244883300,7652603.125,CHECKSUM=a831e91e0f70eddcb70dc61c6f82f6cd,,0,True,f56a443c4d90f4f07279686f8c05d146d3a80c1d01bbb27b0661db0bc429d4ab
v8_ignition,math-spectral-norm,6,32,275332600,8604143.75,CHECKSUM=5.086694231303284,,0,True,67383cc3484c0d356590f1e3d3e8f32da407ac5f058211b5d02f7fb87a2906ac
quickjs,math-spectral-norm,6,32,310839400,9713731.25,CHECKSUM=5.086694231303284,,0,True,67383cc3484c0d356590f1e3d3e8f32da407ac5f058211b5d02f7fb87a2906ac
v8_ignition,string-unpack-code,6,32,259529500,8110296.875,CHECKSUM=511508,,0,True,68a8a79cf599b9d4426388c36ec1db21c49799c4a27ab4f2c0e77c0fdcd2d061
quickjs,string-unpack-code,6,32,1984166600,62005206.25,CHECKSUM=511508,,0,True,68a8a79cf599b9d4426388c36ec1db21c49799c4a27ab4f2c0e77c0fdcd2d061
v8_ignition,bitops-3bit-bits-in-byte,6,32,280914500,8778578.125,CHECKSUM=512000,,0,True,595fcbd71ba4c9520f6ce3314b5f1637e4c15b2dcba679ab1e7523a264dae220
quickjs,bitops-3bit-bits-in-byte,6,32,324977700,10155553.125,CHECKSUM=512000,,0,True,595fcbd71ba4c9520f6ce3314b5f1637e4c15b2dcba679ab1e7523a264dae220
v8_ignition,crypto-aes,6,16,263324400,16457775.0,CHECKSUM=1343,,0,True,6de1e96fa9a5b787048aba3f79a67a682f659807b1050cc1ea07efa9fabfc27e
quickjs,crypto-aes,6,16,255026900,15939181.25,CHECKSUM=1343,,0,True,6de1e96fa9a5b787048aba3f79a67a682f659807b1050cc1ea07efa9fabfc27e
v8_ignition,controlflow-recursive,6,32,261981400,8186918.75,CHECKSUM=57775,,0,True,2654c7838986abd352cd642a15f55413c6df26469fa39de4ffe77b47bb2cc66c
quickjs,controlflow-recursive,6,32,274285300,8571415.625,CHECKSUM=57775,,0,True,2654c7838986abd352cd642a15f55413c6df26469fa39de4ffe77b47bb2cc66c
v8_ignition,3d-cube,6,16,345004300,21562768.75,CHECKSUM=320,,0,True,bc30b827463144ad584749054c0706de2b0ee47cb6ce07af1ba883cc9615d1aa
quickjs,3d-cube,6,16,507727700,31732981.25,CHECKSUM=320,,0,True,bc30b827463144ad584749054c0706de2b0ee47cb6ce07af1ba883cc9615d1aa
v8_ignition,bitops-bitwise-and,6,32,339264500,10602015.625,CHECKSUM=0,,0,True,55abb3c2e2f9d778dc2b1d00c814581824294ee6b23b3f900bc95c299fe9e553
quickjs,bitops-bitwise-and,6,32,241302900,7540715.625,CHECKSUM=0,,0,True,55abb3c2e2f9d778dc2b1d00c814581824294ee6b23b3f900bc95c299fe9e553
v8_ignition,string-base64,6,32,239386700,7480834.375,CHECKSUM=32768,,0,True,e43d3d50e40a2e2fe0ebf5da8d8ad9d0865bade106ae6ef848f13c3324d25a35
quickjs,string-base64,6,32,716989000,22405906.25,CHECKSUM=32768,,0,True,e43d3d50e40a2e2fe0ebf5da8d8ad9d0865bade106ae6ef848f13c3324d25a35
v8_ignition,3d-morph,6,8,198829100,24853637.5,CHECKSUM=0,,0,True,fd5bd998032f9904bd40a69a9fa6fc4caebdb9582e0e919ead1720ec9afe11aa
quickjs,3d-morph,6,8,189390100,23673762.5,CHECKSUM=0,,0,True,fd5bd998032f9904bd40a69a9fa6fc4caebdb9582e0e919ead1720ec9afe11aa
v8_ignition,math-partial-sums,6,16,220863900,13803993.75,CHECKSUM=60.08994194659945,,0,True,00d31496f5edb04d1db4c57cf94dcee22bf029002789061ff65b1f47ca19931e
quickjs,math-partial-sums,6,16,289359000,18084937.5,CHECKSUM=60.08994194659945,,0,True,00d31496f5edb04d1db4c57cf94dcee22bf029002789061ff65b1f47ca19931e
v8_ignition,date-format-xparb,6,64,307665400,4807271.875,"CHECKSUM=2017-09-05|Tuesday, September 05, 2017 7:43:48 AM|1504652895000",,0,True,4ba90758c83e80e4573d63242bb2849776a30fac9f21bc1195aa3b48477acc4f
quickjs,date-format-xparb,6,64,1299198800,20299981.25,"CHECKSUM=2017-09-05|Tuesday, September 05, 2017 7:43:48 AM|1504652895000",,0,True,4ba90758c83e80e4573d63242bb2849776a30fac9f21bc1195aa3b48477acc4f
v8_ignition,3d-raytrace,6,16,275686300,17230393.75,CHECKSUM=20970,,0,True,a006bac48a32d59b55bfb179110c29cf99c5193bb7fad9ed45c1a770d10a359a
quickjs,3d-raytrace,6,16,254332800,15895800.0,CHECKSUM=20969,,0,True,a006bac48a32d59b55bfb179110c29cf99c5193bb7fad9ed45c1a770d10a359a
v8_ignition,access-binary-trees,6,32,212904200,6653256.25,CHECKSUM=-4,,0,True,d2f0effcffabb4f66feea7d208d33ec1de01e131b98394b5c3f674d9c794e0d6
quickjs,access-binary-trees,6,32,395058500,12345578.125,CHECKSUM=-4,,0,True,d2f0effcffabb4f66feea7d208d33ec1de01e131b98394b5c3f674d9c794e0d6
v8_ignition,access-nsieve,6,16,232868700,14554293.75,CHECKSUM=14302,,0,True,873688bafdc3d4027bbdc57baede0c0cd0f145e97a9752020bd0d117e771b990
quickjs,access-nsieve,6,16,399922800,24995175.0,CHECKSUM=14302,,0,True,873688bafdc3d4027bbdc57baede0c0cd0f145e97a9752020bd0d117e771b990
v8_ignition,math-cordic,6,16,308195200,19262200.0,CHECKSUM=10362.570468755888,,0,True,5ef0f07deb7ae62267cb78d88ce5cb0a9f6f9eedf8f32c89e8e027a0d55694ca
quickjs,math-cordic,6,16,362825300,22676581.25,CHECKSUM=10362.570468755888,,0,True,5ef0f07deb7ae62267cb78d88ce5cb0a9f6f9eedf8f32c89e8e027a0d55694ca
quickjs,date-format-tofte,7,32,1002152700,31317271.875,"CHECKSUM=2008-05-01|Thursday, May 01, 2008 5:31:22 PM|1209718549000",,0,True,1372e86a53b36d9b13b6d42615638930ff367abbaee784a4217016668771d440
v8_ignition,date-format-tofte,7,32,312698100,9771815.625,"CHECKSUM=2008-05-01|Thursday, May 01, 2008 5:31:22 PM|1209718549000",,0,True,1372e86a53b36d9b13b6d42615638930ff367abbaee784a4217016668771d440
quickjs,math-partial-sums,7,16,290991300,18186956.25,CHECKSUM=60.08994194659945,,0,True,00d31496f5edb04d1db4c57cf94dcee22bf029002789061ff65b1f47ca19931e
v8_ignition,math-partial-sums,7,16,233480400,14592525.0,CHECKSUM=60.08994194659945,,0,True,00d31496f5edb04d1db4c57cf94dcee22bf029002789061ff65b1f47ca19931e
quickjs,3d-cube,7,16,505812400,31613275.0,CHECKSUM=320,,0,True,bc30b827463144ad584749054c0706de2b0ee47cb6ce07af1ba883cc9615d1aa
v8_ignition,3d-cube,7,16,343682600,21480162.5,CHECKSUM=320,,0,True,bc30b827463144ad584749054c0706de2b0ee47cb6ce07af1ba883cc9615d1aa
quickjs,regexp-dna,7,128,10694356300,83549658.59375,CHECKSUM=249:300056,,0,True,a53c6059e0ee97b1bd02370ba00f2310a0b6d2fa86ac87d3a00592bab8072e3a
v8_ignition,regexp-dna,7,128,284080100,2219375.78125,CHECKSUM=249:300056,,0,True,a53c6059e0ee97b1bd02370ba00f2310a0b6d2fa86ac87d3a00592bab8072e3a
quickjs,string-base64,7,32,717655600,22426737.5,CHECKSUM=32768,,0,True,e43d3d50e40a2e2fe0ebf5da8d8ad9d0865bade106ae6ef848f13c3324d25a35
v8_ignition,string-base64,7,32,242206300,7568946.875,CHECKSUM=32768,,0,True,e43d3d50e40a2e2fe0ebf5da8d8ad9d0865bade106ae6ef848f13c3324d25a35
quickjs,math-spectral-norm,7,32,311029700,9719678.125,CHECKSUM=5.086694231303284,,0,True,67383cc3484c0d356590f1e3d3e8f32da407ac5f058211b5d02f7fb87a2906ac
v8_ignition,math-spectral-norm,7,32,267982100,8374440.625,CHECKSUM=5.086694231303284,,0,True,67383cc3484c0d356590f1e3d3e8f32da407ac5f058211b5d02f7fb87a2906ac
quickjs,date-format-xparb,7,64,1300141200,20314706.25,"CHECKSUM=2017-09-05|Tuesday, September 05, 2017 7:43:48 AM|1504652895000",,0,True,4ba90758c83e80e4573d63242bb2849776a30fac9f21bc1195aa3b48477acc4f
v8_ignition,date-format-xparb,7,64,299544700,4680385.9375,"CHECKSUM=2017-09-05|Tuesday, September 05, 2017 7:43:48 AM|1504652895000",,0,True,4ba90758c83e80e4573d63242bb2849776a30fac9f21bc1195aa3b48477acc4f
quickjs,crypto-md5,7,32,243235400,7601106.25,CHECKSUM=a831e91e0f70eddcb70dc61c6f82f6cd,,0,True,f56a443c4d90f4f07279686f8c05d146d3a80c1d01bbb27b0661db0bc429d4ab
v8_ignition,crypto-md5,7,32,281799000,8806218.75,CHECKSUM=a831e91e0f70eddcb70dc61c6f82f6cd,,0,True,f56a443c4d90f4f07279686f8c05d146d3a80c1d01bbb27b0661db0bc429d4ab
quickjs,access-nsieve,7,16,391792600,24487037.5,CHECKSUM=14302,,0,True,873688bafdc3d4027bbdc57baede0c0cd0f145e97a9752020bd0d117e771b990
v8_ignition,access-nsieve,7,16,198616700,12413543.75,CHECKSUM=14302,,0,True,873688bafdc3d4027bbdc57baede0c0cd0f145e97a9752020bd0d117e771b990
quickjs,math-cordic,7,16,360860100,22553756.25,CHECKSUM=10362.570468755888,,0,True,5ef0f07deb7ae62267cb78d88ce5cb0a9f6f9eedf8f32c89e8e027a0d55694ca
v8_ignition,math-cordic,7,16,308841700,19302606.25,CHECKSUM=10362.570468755888,,0,True,5ef0f07deb7ae62267cb78d88ce5cb0a9f6f9eedf8f32c89e8e027a0d55694ca
quickjs,string-validate-input,7,32,449204300,14037634.375,CHECKSUM=462000,,0,True,c342b03c06ac1759c76d594213f9725dd133b082bed78ad362bcbdf61ff41ac9
v8_ignition,string-validate-input,7,32,225131400,7035356.25,CHECKSUM=462000,,0,True,c342b03c06ac1759c76d594213f9725dd133b082bed78ad362bcbdf61ff41ac9
quickjs,string-unpack-code,7,32,1897004900,59281403.125,CHECKSUM=511508,,0,True,68a8a79cf599b9d4426388c36ec1db21c49799c4a27ab4f2c0e77c0fdcd2d061
v8_ignition,string-unpack-code,7,32,255944800,7998275.0,CHECKSUM=511508,,0,True,68a8a79cf599b9d4426388c36ec1db21c49799c4a27ab4f2c0e77c0fdcd2d061
quickjs,bitops-bitwise-and,7,32,240401200,7512537.5,CHECKSUM=0,,0,True,55abb3c2e2f9d778dc2b1d00c814581824294ee6b23b3f900bc95c299fe9e553
v8_ignition,bitops-bitwise-and,7,32,336248900,10507778.125,CHECKSUM=0,,0,True,55abb3c2e2f9d778dc2b1d00c814581824294ee6b23b3f900bc95c299fe9e553
quickjs,controlflow-recursive,7,32,279003000,8718843.75,CHECKSUM=57775,,0,True,2654c7838986abd352cd642a15f55413c6df26469fa39de4ffe77b47bb2cc66c
v8_ignition,controlflow-recursive,7,32,252442500,7888828.125,CHECKSUM=57775,,0,True,2654c7838986abd352cd642a15f55413c6df26469fa39de4ffe77b47bb2cc66c
quickjs,string-fasta,7,32,877586900,27424590.625,CHECKSUM=1456000,,0,True,25a4430bd173cf3f8348bb9a343d31af578bbc5592d3801ad1143e663eb17726
v8_ignition,string-fasta,7,32,342809600,10712800.0,CHECKSUM=1456000,,0,True,25a4430bd173cf3f8348bb9a343d31af578bbc5592d3801ad1143e663eb17726
quickjs,access-nbody,7,16,252662800,15791425.0,CHECKSUM=-1.3524862408537381,,0,True,0b9a906130c46bbde7af68aced35070d61f38ad3ddcdecfd9556672f7368dfa2
v8_ignition,access-nbody,7,16,328686800,20542925.0,CHECKSUM=-1.3524862408537381,,0,True,0b9a906130c46bbde7af68aced35070d61f38ad3ddcdecfd9556672f7368dfa2
quickjs,3d-raytrace,7,16,252579700,15786231.25,CHECKSUM=20969,,0,True,a006bac48a32d59b55bfb179110c29cf99c5193bb7fad9ed45c1a770d10a359a
v8_ignition,3d-raytrace,7,16,275183800,17198987.5,CHECKSUM=20970,,0,True,a006bac48a32d59b55bfb179110c29cf99c5193bb7fad9ed45c1a770d10a359a
quickjs,access-fannkuch,7,8,297338200,37167275.0,CHECKSUM=22,,0,True,14ca39c4940cb77dde1c975cf6047a8ca4ff495a4dce7a9c5489b40f7623e23b
v8_ignition,access-fannkuch,7,8,318034900,39754362.5,CHECKSUM=22,,0,True,14ca39c4940cb77dde1c975cf6047a8ca4ff495a4dce7a9c5489b40f7623e23b
quickjs,crypto-sha1,7,32,232376100,7261753.125,CHECKSUM=2524d264def74cce2498bf112bedf00e6c0b796d,,0,True,2319a338491746d7c3ee54a212a5e10775313086edde16f7eac411f7781cef49
v8_ignition,crypto-sha1,7,32,316522100,9891315.625,CHECKSUM=2524d264def74cce2498bf112bedf00e6c0b796d,,0,True,2319a338491746d7c3ee54a212a5e10775313086edde16f7eac411f7781cef49
quickjs,access-binary-trees,7,32,396062900,12376965.625,CHECKSUM=-4,,0,True,d2f0effcffabb4f66feea7d208d33ec1de01e131b98394b5c3f674d9c794e0d6
v8_ignition,access-binary-trees,7,32,211311400,6603481.25,CHECKSUM=-4,,0,True,d2f0effcffabb4f66feea7d208d33ec1de01e131b98394b5c3f674d9c794e0d6
quickjs,string-tagcloud,7,32,887102300,27721946.875,CHECKSUM=315241,,0,True,c7ef7be75b2cf852b77752b22013ad0e51ed13b107fd3349383cd16b29513bbd
v8_ignition,string-tagcloud,7,32,231440500,7232515.625,CHECKSUM=315241,,0,True,c7ef7be75b2cf852b77752b22013ad0e51ed13b107fd3349383cd16b29513bbd
quickjs,bitops-bits-in-byte,7,16,327427500,20464218.75,CHECKSUM=358400,,0,True,f5c49904410f845a94f7e2e5534562933d30dbb449a39035ff46077059b2d91e
v8_ignition,bitops-bits-in-byte,7,16,346572500,21660781.25,CHECKSUM=358400,,0,True,f5c49904410f845a94f7e2e5534562933d30dbb449a39035ff46077059b2d91e
quickjs,bitops-3bit-bits-in-byte,7,32,316072200,9877256.25,CHECKSUM=512000,,0,True,595fcbd71ba4c9520f6ce3314b5f1637e4c15b2dcba679ab1e7523a264dae220
v8_ignition,bitops-3bit-bits-in-byte,7,32,255006700,7968959.375,CHECKSUM=512000,,0,True,595fcbd71ba4c9520f6ce3314b5f1637e4c15b2dcba679ab1e7523a264dae220
quickjs,bitops-nsieve-bits,7,16,235609300,14725581.25,CHECKSUM=-1286749544853,,0,True,ef254234e894deef49062adf64960bb8c89398a7222917b870c1a20bb070f274
v8_ignition,bitops-nsieve-bits,7,16,403136800,25196050.0,CHECKSUM=-1286749544853,,0,True,ef254234e894deef49062adf64960bb8c89398a7222917b870c1a20bb070f274
quickjs,crypto-aes,7,16,251972800,15748300.0,CHECKSUM=1343,,0,True,6de1e96fa9a5b787048aba3f79a67a682f659807b1050cc1ea07efa9fabfc27e
v8_ignition,crypto-aes,7,16,265404400,16587775.0,CHECKSUM=1343,,0,True,6de1e96fa9a5b787048aba3f79a67a682f659807b1050cc1ea07efa9fabfc27e
quickjs,3d-morph,7,8,189734800,23716850.0,CHECKSUM=0,,0,True,fd5bd998032f9904bd40a69a9fa6fc4caebdb9582e0e919ead1720ec9afe11aa
v8_ignition,3d-morph,7,8,197375300,24671912.5,CHECKSUM=0,,0,True,fd5bd998032f9904bd40a69a9fa6fc4caebdb9582e0e919ead1720ec9afe11aa
v8_ignition,access-nbody,8,16,330840300,20677518.75,CHECKSUM=-1.3524862408537381,,0,True,0b9a906130c46bbde7af68aced35070d61f38ad3ddcdecfd9556672f7368dfa2
quickjs,access-nbody,8,16,261430500,16339406.25,CHECKSUM=-1.3524862408537381,,0,True,0b9a906130c46bbde7af68aced35070d61f38ad3ddcdecfd9556672f7368dfa2
v8_ignition,math-cordic,8,16,304731000,19045687.5,CHECKSUM=10362.570468755888,,0,True,5ef0f07deb7ae62267cb78d88ce5cb0a9f6f9eedf8f32c89e8e027a0d55694ca
quickjs,math-cordic,8,16,362440100,22652506.25,CHECKSUM=10362.570468755888,,0,True,5ef0f07deb7ae62267cb78d88ce5cb0a9f6f9eedf8f32c89e8e027a0d55694ca
v8_ignition,crypto-sha1,8,32,308586200,9643318.75,CHECKSUM=2524d264def74cce2498bf112bedf00e6c0b796d,,0,True,2319a338491746d7c3ee54a212a5e10775313086edde16f7eac411f7781cef49
quickjs,crypto-sha1,8,32,233673000,7302281.25,CHECKSUM=2524d264def74cce2498bf112bedf00e6c0b796d,,0,True,2319a338491746d7c3ee54a212a5e10775313086edde16f7eac411f7781cef49
v8_ignition,date-format-xparb,8,64,301973600,4718337.5,"CHECKSUM=2017-09-05|Tuesday, September 05, 2017 7:43:48 AM|1504652895000",,0,True,4ba90758c83e80e4573d63242bb2849776a30fac9f21bc1195aa3b48477acc4f
quickjs,date-format-xparb,8,64,1281994300,20031160.9375,"CHECKSUM=2017-09-05|Tuesday, September 05, 2017 7:43:48 AM|1504652895000",,0,True,4ba90758c83e80e4573d63242bb2849776a30fac9f21bc1195aa3b48477acc4f
v8_ignition,bitops-3bit-bits-in-byte,8,32,248479700,7764990.625,CHECKSUM=512000,,0,True,595fcbd71ba4c9520f6ce3314b5f1637e4c15b2dcba679ab1e7523a264dae220
quickjs,bitops-3bit-bits-in-byte,8,32,316169200,9880287.5,CHECKSUM=512000,,0,True,595fcbd71ba4c9520f6ce3314b5f1637e4c15b2dcba679ab1e7523a264dae220
v8_ignition,3d-morph,8,8,197880000,24735000.0,CHECKSUM=0,,0,True,fd5bd998032f9904bd40a69a9fa6fc4caebdb9582e0e919ead1720ec9afe11aa
quickjs,3d-morph,8,8,189506300,23688287.5,CHECKSUM=0,,0,True,fd5bd998032f9904bd40a69a9fa6fc4caebdb9582e0e919ead1720ec9afe11aa
v8_ignition,bitops-bitwise-and,8,32,341597800,10674931.25,CHECKSUM=0,,0,True,55abb3c2e2f9d778dc2b1d00c814581824294ee6b23b3f900bc95c299fe9e553
quickjs,bitops-bitwise-and,8,32,400735000,12522968.75,CHECKSUM=0,,0,True,55abb3c2e2f9d778dc2b1d00c814581824294ee6b23b3f900bc95c299fe9e553
v8_ignition,bitops-bits-in-byte,8,16,337890100,21118131.25,CHECKSUM=358400,,0,True,f5c49904410f845a94f7e2e5534562933d30dbb449a39035ff46077059b2d91e
quickjs,bitops-bits-in-byte,8,16,335000200,20937512.5,CHECKSUM=358400,,0,True,f5c49904410f845a94f7e2e5534562933d30dbb449a39035ff46077059b2d91e
v8_ignition,string-fasta,8,32,343097500,10721796.875,CHECKSUM=1456000,,0,True,25a4430bd173cf3f8348bb9a343d31af578bbc5592d3801ad1143e663eb17726
quickjs,string-fasta,8,32,875294100,27352940.625,CHECKSUM=1456000,,0,True,25a4430bd173cf3f8348bb9a343d31af578bbc5592d3801ad1143e663eb17726
v8_ignition,3d-raytrace,8,16,270115000,16882187.5,CHECKSUM=20970,,0,True,a006bac48a32d59b55bfb179110c29cf99c5193bb7fad9ed45c1a770d10a359a
quickjs,3d-raytrace,8,16,262419000,16401187.5,CHECKSUM=20969,,0,True,a006bac48a32d59b55bfb179110c29cf99c5193bb7fad9ed45c1a770d10a359a
v8_ignition,string-unpack-code,8,32,255617500,7988046.875,CHECKSUM=511508,,0,True,68a8a79cf599b9d4426388c36ec1db21c49799c4a27ab4f2c0e77c0fdcd2d061
quickjs,string-unpack-code,8,32,1904694000,59521687.5,CHECKSUM=511508,,0,True,68a8a79cf599b9d4426388c36ec1db21c49799c4a27ab4f2c0e77c0fdcd2d061
v8_ignition,string-base64,8,32,240550100,7517190.625,CHECKSUM=32768,,0,True,e43d3d50e40a2e2fe0ebf5da8d8ad9d0865bade106ae6ef848f13c3324d25a35
quickjs,string-base64,8,32,720304600,22509518.75,CHECKSUM=32768,,0,True,e43d3d50e40a2e2fe0ebf5da8d8ad9d0865bade106ae6ef848f13c3324d25a35
v8_ignition,string-tagcloud,8,32,233211700,7287865.625,CHECKSUM=315241,,0,True,c7ef7be75b2cf852b77752b22013ad0e51ed13b107fd3349383cd16b29513bbd
quickjs,string-tagcloud,8,32,880653000,27520406.25,CHECKSUM=315241,,0,True,c7ef7be75b2cf852b77752b22013ad0e51ed13b107fd3349383cd16b29513bbd
v8_ignition,controlflow-recursive,8,32,254137900,7941809.375,CHECKSUM=57775,,0,True,2654c7838986abd352cd642a15f55413c6df26469fa39de4ffe77b47bb2cc66c
quickjs,controlflow-recursive,8,32,279009100,8719034.375,CHECKSUM=57775,,0,True,2654c7838986abd352cd642a15f55413c6df26469fa39de4ffe77b47bb2cc66c
v8_ignition,date-format-tofte,8,32,304145100,9504534.375,"CHECKSUM=2008-05-01|Thursday, May 01, 2008 5:31:22 PM|1209718549000",,0,True,1372e86a53b36d9b13b6d42615638930ff367abbaee784a4217016668771d440
quickjs,date-format-tofte,8,32,992297400,31009293.75,"CHECKSUM=2008-05-01|Thursday, May 01, 2008 5:31:22 PM|1209718549000",,0,True,1372e86a53b36d9b13b6d42615638930ff367abbaee784a4217016668771d440
v8_ignition,crypto-md5,8,32,286336200,8948006.25,CHECKSUM=a831e91e0f70eddcb70dc61c6f82f6cd,,0,True,f56a443c4d90f4f07279686f8c05d146d3a80c1d01bbb27b0661db0bc429d4ab
quickjs,crypto-md5,8,32,244653100,7645409.375,CHECKSUM=a831e91e0f70eddcb70dc61c6f82f6cd,,0,True,f56a443c4d90f4f07279686f8c05d146d3a80c1d01bbb27b0661db0bc429d4ab
v8_ignition,crypto-aes,8,16,264047100,16502943.75,CHECKSUM=1343,,0,True,6de1e96fa9a5b787048aba3f79a67a682f659807b1050cc1ea07efa9fabfc27e
quickjs,crypto-aes,8,16,252562900,15785181.25,CHECKSUM=1343,,0,True,6de1e96fa9a5b787048aba3f79a67a682f659807b1050cc1ea07efa9fabfc27e
v8_ignition,bitops-nsieve-bits,8,16,411098200,25693637.5,CHECKSUM=-1286749544853,,0,True,ef254234e894deef49062adf64960bb8c89398a7222917b870c1a20bb070f274
quickjs,bitops-nsieve-bits,8,16,236060200,14753762.5,CHECKSUM=-1286749544853,,0,True,ef254234e894deef49062adf64960bb8c89398a7222917b870c1a20bb070f274
v8_ignition,access-binary-trees,8,32,215148000,6723375.0,CHECKSUM=-4,,0,True,d2f0effcffabb4f66feea7d208d33ec1de01e131b98394b5c3f674d9c794e0d6
quickjs,access-binary-trees,8,32,411999900,12874996.875,CHECKSUM=-4,,0,True,d2f0effcffabb4f66feea7d208d33ec1de01e131b98394b5c3f674d9c794e0d6
v8_ignition,access-nsieve,8,16,198146900,12384181.25,CHECKSUM=14302,,0,True,873688bafdc3d4027bbdc57baede0c0cd0f145e97a9752020bd0d117e771b990
quickjs,access-nsieve,8,16,392684200,24542762.5,CHECKSUM=14302,,0,True,873688bafdc3d4027bbdc57baede0c0cd0f145e97a9752020bd0d117e771b990
v8_ignition,string-validate-input,8,32,223492700,6984146.875,CHECKSUM=462000,,0,True,c342b03c06ac1759c76d594213f9725dd133b082bed78ad362bcbdf61ff41ac9
quickjs,string-validate-input,8,32,453033300,14157290.625,CHECKSUM=462000,,0,True,c342b03c06ac1759c76d594213f9725dd133b082bed78ad362bcbdf61ff41ac9
v8_ignition,math-spectral-norm,8,32,267424600,8357018.75,CHECKSUM=5.086694231303284,,0,True,67383cc3484c0d356590f1e3d3e8f32da407ac5f058211b5d02f7fb87a2906ac
quickjs,math-spectral-norm,8,32,311985700,9749553.125,CHECKSUM=5.086694231303284,,0,True,67383cc3484c0d356590f1e3d3e8f32da407ac5f058211b5d02f7fb87a2906ac
v8_ignition,regexp-dna,8,128,292645800,2286295.3125,CHECKSUM=249:300056,,0,True,a53c6059e0ee97b1bd02370ba00f2310a0b6d2fa86ac87d3a00592bab8072e3a
quickjs,regexp-dna,8,128,10500491000,82035085.9375,CHECKSUM=249:300056,,0,True,a53c6059e0ee97b1bd02370ba00f2310a0b6d2fa86ac87d3a00592bab8072e3a
v8_ignition,access-fannkuch,8,8,312489900,39061237.5,CHECKSUM=22,,0,True,14ca39c4940cb77dde1c975cf6047a8ca4ff495a4dce7a9c5489b40f7623e23b
quickjs,access-fannkuch,8,8,299702200,37462775.0,CHECKSUM=22,,0,True,14ca39c4940cb77dde1c975cf6047a8ca4ff495a4dce7a9c5489b40f7623e23b
v8_ignition,3d-cube,8,16,340810700,21300668.75,CHECKSUM=320,,0,True,bc30b827463144ad584749054c0706de2b0ee47cb6ce07af1ba883cc9615d1aa
quickjs,3d-cube,8,16,503931300,31495706.25,CHECKSUM=320,,0,True,bc30b827463144ad584749054c0706de2b0ee47cb6ce07af1ba883cc9615d1aa
v8_ignition,math-partial-sums,8,16,221664300,13854018.75,CHECKSUM=60.08994194659945,,0,True,00d31496f5edb04d1db4c57cf94dcee22bf029002789061ff65b1f47ca19931e
quickjs,math-partial-sums,8,16,287361200,17960075.0,CHECKSUM=60.08994194659945,,0,True,00d31496f5edb04d1db4c57cf94dcee22bf029002789061ff65b1f47ca19931e
quickjs,access-nsieve,9,16,390338400,24396150.0,CHECKSUM=14302,,0,True,873688bafdc3d4027bbdc57baede0c0cd0f145e97a9752020bd0d117e771b990
v8_ignition,access-nsieve,9,16,200197600,12512350.0,CHECKSUM=14302,,0,True,873688bafdc3d4027bbdc57baede0c0cd0f145e97a9752020bd0d117e771b990
quickjs,crypto-aes,9,16,252012500,15750781.25,CHECKSUM=1343,,0,True,6de1e96fa9a5b787048aba3f79a67a682f659807b1050cc1ea07efa9fabfc27e
v8_ignition,crypto-aes,9,16,260928900,16308056.25,CHECKSUM=1343,,0,True,6de1e96fa9a5b787048aba3f79a67a682f659807b1050cc1ea07efa9fabfc27e
quickjs,string-fasta,9,32,877010800,27406587.5,CHECKSUM=1456000,,0,True,25a4430bd173cf3f8348bb9a343d31af578bbc5592d3801ad1143e663eb17726
v8_ignition,string-fasta,9,32,344301400,10759418.75,CHECKSUM=1456000,,0,True,25a4430bd173cf3f8348bb9a343d31af578bbc5592d3801ad1143e663eb17726
quickjs,crypto-sha1,9,32,233334200,7291693.75,CHECKSUM=2524d264def74cce2498bf112bedf00e6c0b796d,,0,True,2319a338491746d7c3ee54a212a5e10775313086edde16f7eac411f7781cef49
v8_ignition,crypto-sha1,9,32,315629300,9863415.625,CHECKSUM=2524d264def74cce2498bf112bedf00e6c0b796d,,0,True,2319a338491746d7c3ee54a212a5e10775313086edde16f7eac411f7781cef49
quickjs,bitops-bitwise-and,9,32,261963000,8186343.75,CHECKSUM=0,,0,True,55abb3c2e2f9d778dc2b1d00c814581824294ee6b23b3f900bc95c299fe9e553
v8_ignition,bitops-bitwise-and,9,32,336170900,10505340.625,CHECKSUM=0,,0,True,55abb3c2e2f9d778dc2b1d00c814581824294ee6b23b3f900bc95c299fe9e553
quickjs,3d-cube,9,16,507200300,31700018.75,CHECKSUM=320,,0,True,bc30b827463144ad584749054c0706de2b0ee47cb6ce07af1ba883cc9615d1aa
v8_ignition,3d-cube,9,16,343568000,21473000.0,CHECKSUM=320,,0,True,bc30b827463144ad584749054c0706de2b0ee47cb6ce07af1ba883cc9615d1aa
quickjs,access-fannkuch,9,8,298530900,37316362.5,CHECKSUM=22,,0,True,14ca39c4940cb77dde1c975cf6047a8ca4ff495a4dce7a9c5489b40f7623e23b
v8_ignition,access-fannkuch,9,8,309984600,38748075.0,CHECKSUM=22,,0,True,14ca39c4940cb77dde1c975cf6047a8ca4ff495a4dce7a9c5489b40f7623e23b
quickjs,3d-morph,9,8,189740400,23717550.0,CHECKSUM=0,,0,True,fd5bd998032f9904bd40a69a9fa6fc4caebdb9582e0e919ead1720ec9afe11aa
v8_ignition,3d-morph,9,8,202824100,25353012.5,CHECKSUM=0,,0,True,fd5bd998032f9904bd40a69a9fa6fc4caebdb9582e0e919ead1720ec9afe11aa
quickjs,bitops-bits-in-byte,9,16,328810500,20550656.25,CHECKSUM=358400,,0,True,f5c49904410f845a94f7e2e5534562933d30dbb449a39035ff46077059b2d91e
v8_ignition,bitops-bits-in-byte,9,16,354932900,22183306.25,CHECKSUM=358400,,0,True,f5c49904410f845a94f7e2e5534562933d30dbb449a39035ff46077059b2d91e
quickjs,math-cordic,9,16,365668900,22854306.25,CHECKSUM=10362.570468755888,,0,True,5ef0f07deb7ae62267cb78d88ce5cb0a9f6f9eedf8f32c89e8e027a0d55694ca
v8_ignition,math-cordic,9,16,315820800,19738800.0,CHECKSUM=10362.570468755888,,0,True,5ef0f07deb7ae62267cb78d88ce5cb0a9f6f9eedf8f32c89e8e027a0d55694ca
quickjs,date-format-xparb,9,64,1300117300,20314332.8125,"CHECKSUM=2017-09-05|Tuesday, September 05, 2017 7:43:48 AM|1504652895000",,0,True,4ba90758c83e80e4573d63242bb2849776a30fac9f21bc1195aa3b48477acc4f
v8_ignition,date-format-xparb,9,64,307891200,4810800.0,"CHECKSUM=2017-09-05|Tuesday, September 05, 2017 7:43:48 AM|1504652895000",,0,True,4ba90758c83e80e4573d63242bb2849776a30fac9f21bc1195aa3b48477acc4f
quickjs,math-partial-sums,9,16,294198500,18387406.25,CHECKSUM=60.08994194659945,,0,True,00d31496f5edb04d1db4c57cf94dcee22bf029002789061ff65b1f47ca19931e
v8_ignition,math-partial-sums,9,16,227966700,14247918.75,CHECKSUM=60.08994194659945,,0,True,00d31496f5edb04d1db4c57cf94dcee22bf029002789061ff65b1f47ca19931e
quickjs,math-spectral-norm,9,32,320754000,10023562.5,CHECKSUM=5.086694231303284,,0,True,67383cc3484c0d356590f1e3d3e8f32da407ac5f058211b5d02f7fb87a2906ac
v8_ignition,math-spectral-norm,9,32,270957700,8467428.125,CHECKSUM=5.086694231303284,,0,True,67383cc3484c0d356590f1e3d3e8f32da407ac5f058211b5d02f7fb87a2906ac
quickjs,regexp-dna,9,128,10610829900,82897108.59375,CHECKSUM=249:300056,,0,True,a53c6059e0ee97b1bd02370ba00f2310a0b6d2fa86ac87d3a00592bab8072e3a
v8_ignition,regexp-dna,9,128,297145800,2321451.5625,CHECKSUM=249:300056,,0,True,a53c6059e0ee97b1bd02370ba00f2310a0b6d2fa86ac87d3a00592bab8072e3a
quickjs,access-nbody,9,16,261209400,16325587.5,CHECKSUM=-1.3524862408537381,,0,True,0b9a906130c46bbde7af68aced35070d61f38ad3ddcdecfd9556672f7368dfa2
v8_ignition,access-nbody,9,16,334128400,20883025.0,CHECKSUM=-1.3524862408537381,,0,True,0b9a906130c46bbde7af68aced35070d61f38ad3ddcdecfd9556672f7368dfa2
quickjs,string-unpack-code,9,32,1966132600,61441643.75,CHECKSUM=511508,,0,True,68a8a79cf599b9d4426388c36ec1db21c49799c4a27ab4f2c0e77c0fdcd2d061
v8_ignition,string-unpack-code,9,32,273590000,8549687.5,CHECKSUM=511508,,0,True,68a8a79cf599b9d4426388c36ec1db21c49799c4a27ab4f2c0e77c0fdcd2d061
quickjs,controlflow-recursive,9,32,278399200,8699975.0,CHECKSUM=57775,,0,True,2654c7838986abd352cd642a15f55413c6df26469fa39de4ffe77b47bb2cc66c
v8_ignition,controlflow-recursive,9,32,252597200,7893662.5,CHECKSUM=57775,,0,True,2654c7838986abd352cd642a15f55413c6df26469fa39de4ffe77b47bb2cc66c
quickjs,date-format-tofte,9,32,980119400,30628731.25,"CHECKSUM=2008-05-01|Thursday, May 01, 2008 5:31:22 PM|1209718549000",,0,True,1372e86a53b36d9b13b6d42615638930ff367abbaee784a4217016668771d440
v8_ignition,date-format-tofte,9,32,305096000,9534250.0,"CHECKSUM=2008-05-01|Thursday, May 01, 2008 5:31:22 PM|1209718549000",,0,True,1372e86a53b36d9b13b6d42615638930ff367abbaee784a4217016668771d440
quickjs,access-binary-trees,9,32,407280500,12727515.625,CHECKSUM=-4,,0,True,d2f0effcffabb4f66feea7d208d33ec1de01e131b98394b5c3f674d9c794e0d6
v8_ignition,access-binary-trees,9,32,213011300,6656603.125,CHECKSUM=-4,,0,True,d2f0effcffabb4f66feea7d208d33ec1de01e131b98394b5c3f674d9c794e0d6
quickjs,string-tagcloud,9,32,884931400,27654106.25,CHECKSUM=315241,,0,True,c7ef7be75b2cf852b77752b22013ad0e51ed13b107fd3349383cd16b29513bbd
v8_ignition,string-tagcloud,9,32,233546600,7298331.25,CHECKSUM=315241,,0,True,c7ef7be75b2cf852b77752b22013ad0e51ed13b107fd3349383cd16b29513bbd
quickjs,string-base64,9,32,718296500,22446765.625,CHECKSUM=32768,,0,True,e43d3d50e40a2e2fe0ebf5da8d8ad9d0865bade106ae6ef848f13c3324d25a35
v8_ignition,string-base64,9,32,239877200,7496162.5,CHECKSUM=32768,,0,True,e43d3d50e40a2e2fe0ebf5da8d8ad9d0865bade106ae6ef848f13c3324d25a35
quickjs,bitops-nsieve-bits,9,16,240232100,15014506.25,CHECKSUM=-1286749544853,,0,True,ef254234e894deef49062adf64960bb8c89398a7222917b870c1a20bb070f274
v8_ignition,bitops-nsieve-bits,9,16,411123600,25695225.0,CHECKSUM=-1286749544853,,0,True,ef254234e894deef49062adf64960bb8c89398a7222917b870c1a20bb070f274
quickjs,string-validate-input,9,32,454031200,14188475.0,CHECKSUM=462000,,0,True,c342b03c06ac1759c76d594213f9725dd133b082bed78ad362bcbdf61ff41ac9
v8_ignition,string-validate-input,9,32,229902900,7184465.625,CHECKSUM=462000,,0,True,c342b03c06ac1759c76d594213f9725dd133b082bed78ad362bcbdf61ff41ac9
quickjs,bitops-3bit-bits-in-byte,9,32,318879700,9964990.625,CHECKSUM=512000,,0,True,595fcbd71ba4c9520f6ce3314b5f1637e4c15b2dcba679ab1e7523a264dae220
v8_ignition,bitops-3bit-bits-in-byte,9,32,262689800,8209056.25,CHECKSUM=512000,,0,True,595fcbd71ba4c9520f6ce3314b5f1637e4c15b2dcba679ab1e7523a264dae220
quickjs,crypto-md5,9,32,257673000,8052281.25,CHECKSUM=a831e91e0f70eddcb70dc61c6f82f6cd,,0,True,f56a443c4d90f4f07279686f8c05d146d3a80c1d01bbb27b0661db0bc429d4ab
v8_ignition,crypto-md5,9,32,285191300,8912228.125,CHECKSUM=a831e91e0f70eddcb70dc61c6f82f6cd,,0,True,f56a443c4d90f4f07279686f8c05d146d3a80c1d01bbb27b0661db0bc429d4ab
quickjs,3d-raytrace,9,16,251717600,15732350.0,CHECKSUM=20969,,0,True,a006bac48a32d59b55bfb179110c29cf99c5193bb7fad9ed45c1a770d10a359a
v8_ignition,3d-raytrace,9,16,275994800,17249675.0,CHECKSUM=20970,,0,True,a006bac48a32d59b55bfb179110c29cf99c5193bb7fad9ed45c1a770d10a359a
v8_ignition,access-fannkuch,10,8,320806700,40100837.5,CHECKSUM=22,,0,True,14ca39c4940cb77dde1c975cf6047a8ca4ff495a4dce7a9c5489b40f7623e23b
quickjs,access-fannkuch,10,8,302137600,37767200.0,CHECKSUM=22,,0,True,14ca39c4940cb77dde1c975cf6047a8ca4ff495a4dce7a9c5489b40f7623e23b
v8_ignition,math-spectral-norm,10,32,266103200,8315725.0,CHECKSUM=5.086694231303284,,0,True,67383cc3484c0d356590f1e3d3e8f32da407ac5f058211b5d02f7fb87a2906ac
quickjs,math-spectral-norm,10,32,307398300,9606196.875,CHECKSUM=5.086694231303284,,0,True,67383cc3484c0d356590f1e3d3e8f32da407ac5f058211b5d02f7fb87a2906ac
v8_ignition,3d-raytrace,10,16,275904600,17244037.5,CHECKSUM=20970,,0,True,a006bac48a32d59b55bfb179110c29cf99c5193bb7fad9ed45c1a770d10a359a
quickjs,3d-raytrace,10,16,255326400,15957900.0,CHECKSUM=20969,,0,True,a006bac48a32d59b55bfb179110c29cf99c5193bb7fad9ed45c1a770d10a359a
v8_ignition,crypto-md5,10,32,286604200,8956381.25,CHECKSUM=a831e91e0f70eddcb70dc61c6f82f6cd,,0,True,f56a443c4d90f4f07279686f8c05d146d3a80c1d01bbb27b0661db0bc429d4ab
quickjs,crypto-md5,10,32,242452300,7576634.375,CHECKSUM=a831e91e0f70eddcb70dc61c6f82f6cd,,0,True,f56a443c4d90f4f07279686f8c05d146d3a80c1d01bbb27b0661db0bc429d4ab
v8_ignition,access-binary-trees,10,32,214535100,6704221.875,CHECKSUM=-4,,0,True,d2f0effcffabb4f66feea7d208d33ec1de01e131b98394b5c3f674d9c794e0d6
quickjs,access-binary-trees,10,32,415191100,12974721.875,CHECKSUM=-4,,0,True,d2f0effcffabb4f66feea7d208d33ec1de01e131b98394b5c3f674d9c794e0d6
v8_ignition,bitops-3bit-bits-in-byte,10,32,258664000,8083250.0,CHECKSUM=512000,,0,True,595fcbd71ba4c9520f6ce3314b5f1637e4c15b2dcba679ab1e7523a264dae220
quickjs,bitops-3bit-bits-in-byte,10,32,312829300,9775915.625,CHECKSUM=512000,,0,True,595fcbd71ba4c9520f6ce3314b5f1637e4c15b2dcba679ab1e7523a264dae220
v8_ignition,math-cordic,10,16,309186700,19324168.75,CHECKSUM=10362.570468755888,,0,True,5ef0f07deb7ae62267cb78d88ce5cb0a9f6f9eedf8f32c89e8e027a0d55694ca
quickjs,math-cordic,10,16,374655200,23415950.0,CHECKSUM=10362.570468755888,,0,True,5ef0f07deb7ae62267cb78d88ce5cb0a9f6f9eedf8f32c89e8e027a0d55694ca
v8_ignition,access-nsieve,10,16,197750400,12359400.0,CHECKSUM=14302,,0,True,873688bafdc3d4027bbdc57baede0c0cd0f145e97a9752020bd0d117e771b990
quickjs,access-nsieve,10,16,392053900,24503368.75,CHECKSUM=14302,,0,True,873688bafdc3d4027bbdc57baede0c0cd0f145e97a9752020bd0d117e771b990
v8_ignition,controlflow-recursive,10,32,274655300,8582978.125,CHECKSUM=57775,,0,True,2654c7838986abd352cd642a15f55413c6df26469fa39de4ffe77b47bb2cc66c
quickjs,controlflow-recursive,10,32,281936900,8810528.125,CHECKSUM=57775,,0,True,2654c7838986abd352cd642a15f55413c6df26469fa39de4ffe77b47bb2cc66c
v8_ignition,string-tagcloud,10,32,240598200,7518693.75,CHECKSUM=315241,,0,True,c7ef7be75b2cf852b77752b22013ad0e51ed13b107fd3349383cd16b29513bbd
quickjs,string-tagcloud,10,32,898144400,28067012.5,CHECKSUM=315241,,0,True,c7ef7be75b2cf852b77752b22013ad0e51ed13b107fd3349383cd16b29513bbd
v8_ignition,math-partial-sums,10,16,219798000,13737375.0,CHECKSUM=60.08994194659945,,0,True,00d31496f5edb04d1db4c57cf94dcee22bf029002789061ff65b1f47ca19931e
quickjs,math-partial-sums,10,16,298825900,18676618.75,CHECKSUM=60.08994194659945,,0,True,00d31496f5edb04d1db4c57cf94dcee22bf029002789061ff65b1f47ca19931e
v8_ignition,bitops-bitwise-and,10,32,335654700,10489209.375,CHECKSUM=0,,0,True,55abb3c2e2f9d778dc2b1d00c814581824294ee6b23b3f900bc95c299fe9e553
quickjs,bitops-bitwise-and,10,32,244184400,7630762.5,CHECKSUM=0,,0,True,55abb3c2e2f9d778dc2b1d00c814581824294ee6b23b3f900bc95c299fe9e553
v8_ignition,string-unpack-code,10,32,259049700,8095303.125,CHECKSUM=511508,,0,True,68a8a79cf599b9d4426388c36ec1db21c49799c4a27ab4f2c0e77c0fdcd2d061
quickjs,string-unpack-code,10,32,1902420900,59450653.125,CHECKSUM=511508,,0,True,68a8a79cf599b9d4426388c36ec1db21c49799c4a27ab4f2c0e77c0fdcd2d061
v8_ignition,bitops-bits-in-byte,10,16,342449600,21403100.0,CHECKSUM=358400,,0,True,f5c49904410f845a94f7e2e5534562933d30dbb449a39035ff46077059b2d91e
quickjs,bitops-bits-in-byte,10,16,328868700,20554293.75,CHECKSUM=358400,,0,True,f5c49904410f845a94f7e2e5534562933d30dbb449a39035ff46077059b2d91e
v8_ignition,date-format-xparb,10,64,307784500,4809132.8125,"CHECKSUM=2017-09-05|Tuesday, September 05, 2017 7:43:48 AM|1504652895000",,0,True,4ba90758c83e80e4573d63242bb2849776a30fac9f21bc1195aa3b48477acc4f
quickjs,date-format-xparb,10,64,1279170500,19987039.0625,"CHECKSUM=2017-09-05|Tuesday, September 05, 2017 7:43:48 AM|1504652895000",,0,True,4ba90758c83e80e4573d63242bb2849776a30fac9f21bc1195aa3b48477acc4f
v8_ignition,string-validate-input,10,32,221841600,6932550.0,CHECKSUM=462000,,0,True,c342b03c06ac1759c76d594213f9725dd133b082bed78ad362bcbdf61ff41ac9
quickjs,string-validate-input,10,32,451388500,14105890.625,CHECKSUM=462000,,0,True,c342b03c06ac1759c76d594213f9725dd133b082bed78ad362bcbdf61ff41ac9
v8_ignition,string-base64,10,32,242264300,7570759.375,CHECKSUM=32768,,0,True,e43d3d50e40a2e2fe0ebf5da8d8ad9d0865bade106ae6ef848f13c3324d25a35
quickjs,string-base64,10,32,729740100,22804378.125,CHECKSUM=32768,,0,True,e43d3d50e40a2e2fe0ebf5da8d8ad9d0865bade106ae6ef848f13c3324d25a35
v8_ignition,3d-cube,10,16,369149500,23071843.75,CHECKSUM=320,,0,True,bc30b827463144ad584749054c0706de2b0ee47cb6ce07af1ba883cc9615d1aa
quickjs,3d-cube,10,16,516917700,32307356.25,CHECKSUM=320,,0,True,bc30b827463144ad584749054c0706de2b0ee47cb6ce07af1ba883cc9615d1aa
v8_ignition,crypto-aes,10,16,271755300,16984706.25,CHECKSUM=1343,,0,True,6de1e96fa9a5b787048aba3f79a67a682f659807b1050cc1ea07efa9fabfc27e
quickjs,crypto-aes,10,16,253493700,15843356.25,CHECKSUM=1343,,0,True,6de1e96fa9a5b787048aba3f79a67a682f659807b1050cc1ea07efa9fabfc27e
v8_ignition,date-format-tofte,10,32,312268300,9758384.375,"CHECKSUM=2008-05-01|Thursday, May 01, 2008 5:31:22 PM|1209718549000",,0,True,1372e86a53b36d9b13b6d42615638930ff367abbaee784a4217016668771d440
quickjs,date-format-tofte,10,32,1051462800,32858212.5,"CHECKSUM=2008-05-01|Thursday, May 01, 2008 5:31:22 PM|1209718549000",,0,True,1372e86a53b36d9b13b6d42615638930ff367abbaee784a4217016668771d440
v8_ignition,regexp-dna,10,128,285660700,2231724.21875,CHECKSUM=249:300056,,0,True,a53c6059e0ee97b1bd02370ba00f2310a0b6d2fa86ac87d3a00592bab8072e3a
quickjs,regexp-dna,10,128,10512976000,82132625.0,CHECKSUM=249:300056,,0,True,a53c6059e0ee97b1bd02370ba00f2310a0b6d2fa86ac87d3a00592bab8072e3a
v8_ignition,bitops-nsieve-bits,10,16,409202600,25575162.5,CHECKSUM=-1286749544853,,0,True,ef254234e894deef49062adf64960bb8c89398a7222917b870c1a20bb070f274
quickjs,bitops-nsieve-bits,10,16,247392200,15462012.5,CHECKSUM=-1286749544853,,0,True,ef254234e894deef49062adf64960bb8c89398a7222917b870c1a20bb070f274
v8_ignition,access-nbody,10,16,329571500,20598218.75,CHECKSUM=-1.3524862408537381,,0,True,0b9a906130c46bbde7af68aced35070d61f38ad3ddcdecfd9556672f7368dfa2
quickjs,access-nbody,10,16,256530800,16033175.0,CHECKSUM=-1.3524862408537381,,0,True,0b9a906130c46bbde7af68aced35070d61f38ad3ddcdecfd9556672f7368dfa2
v8_ignition,3d-morph,10,8,199734600,24966825.0,CHECKSUM=0,,0,True,fd5bd998032f9904bd40a69a9fa6fc4caebdb9582e0e919ead1720ec9afe11aa
quickjs,3d-morph,10,8,188291700,23536462.5,CHECKSUM=0,,0,True,fd5bd998032f9904bd40a69a9fa6fc4caebdb9582e0e919ead1720ec9afe11aa
v8_ignition,crypto-sha1,10,32,310833000,9713531.25,CHECKSUM=2524d264def74cce2498bf112bedf00e6c0b796d,,0,True,2319a338491746d7c3ee54a212a5e10775313086edde16f7eac411f7781cef49
quickjs,crypto-sha1,10,32,231284100,7227628.125,CHECKSUM=2524d264def74cce2498bf112bedf00e6c0b796d,,0,True,2319a338491746d7c3ee54a212a5e10775313086edde16f7eac411f7781cef49
v8_ignition,string-fasta,10,32,347944300,10873259.375,CHECKSUM=1456000,,0,True,25a4430bd173cf3f8348bb9a343d31af578bbc5592d3801ad1143e663eb17726
quickjs,string-fasta,10,32,936140300,29254384.375,CHECKSUM=1456000,,0,True,25a4430bd173cf3f8348bb9a343d31af578bbc5592d3801ad1143e663eb17726
quickjs,controlflow-recursive,11,32,280480800,8765025.0,CHECKSUM=57775,,0,True,2654c7838986abd352cd642a15f55413c6df26469fa39de4ffe77b47bb2cc66c
v8_ignition,controlflow-recursive,11,32,251993500,7874796.875,CHECKSUM=57775,,0,True,2654c7838986abd352cd642a15f55413c6df26469fa39de4ffe77b47bb2cc66c
quickjs,string-tagcloud,11,32,906882900,28340090.625,CHECKSUM=315241,,0,True,c7ef7be75b2cf852b77752b22013ad0e51ed13b107fd3349383cd16b29513bbd
v8_ignition,string-tagcloud,11,32,247370700,7730334.375,CHECKSUM=315241,,0,True,c7ef7be75b2cf852b77752b22013ad0e51ed13b107fd3349383cd16b29513bbd
quickjs,bitops-3bit-bits-in-byte,11,32,320443200,10013850.0,CHECKSUM=512000,,0,True,595fcbd71ba4c9520f6ce3314b5f1637e4c15b2dcba679ab1e7523a264dae220
v8_ignition,bitops-3bit-bits-in-byte,11,32,266330100,8322815.625,CHECKSUM=512000,,0,True,595fcbd71ba4c9520f6ce3314b5f1637e4c15b2dcba679ab1e7523a264dae220
quickjs,string-base64,11,32,716117700,22378678.125,CHECKSUM=32768,,0,True,e43d3d50e40a2e2fe0ebf5da8d8ad9d0865bade106ae6ef848f13c3324d25a35
v8_ignition,string-base64,11,32,247124900,7722653.125,CHECKSUM=32768,,0,True,e43d3d50e40a2e2fe0ebf5da8d8ad9d0865bade106ae6ef848f13c3324d25a35
quickjs,crypto-aes,11,16,252081500,15755093.75,CHECKSUM=1343,,0,True,6de1e96fa9a5b787048aba3f79a67a682f659807b1050cc1ea07efa9fabfc27e
v8_ignition,crypto-aes,11,16,263437600,16464850.0,CHECKSUM=1343,,0,True,6de1e96fa9a5b787048aba3f79a67a682f659807b1050cc1ea07efa9fabfc27e
quickjs,3d-raytrace,11,16,254039200,15877450.0,CHECKSUM=20969,,0,True,a006bac48a32d59b55bfb179110c29cf99c5193bb7fad9ed45c1a770d10a359a
v8_ignition,3d-raytrace,11,16,277365100,17335318.75,CHECKSUM=20970,,0,True,a006bac48a32d59b55bfb179110c29cf99c5193bb7fad9ed45c1a770d10a359a
quickjs,bitops-bits-in-byte,11,16,329635100,20602193.75,CHECKSUM=358400,,0,True,f5c49904410f845a94f7e2e5534562933d30dbb449a39035ff46077059b2d91e
v8_ignition,bitops-bits-in-byte,11,16,340724400,21295275.0,CHECKSUM=358400,,0,True,f5c49904410f845a94f7e2e5534562933d30dbb449a39035ff46077059b2d91e
quickjs,string-fasta,11,32,879462000,27483187.5,CHECKSUM=1456000,,0,True,25a4430bd173cf3f8348bb9a343d31af578bbc5592d3801ad1143e663eb17726
v8_ignition,string-fasta,11,32,342618200,10706818.75,CHECKSUM=1456000,,0,True,25a4430bd173cf3f8348bb9a343d31af578bbc5592d3801ad1143e663eb17726
quickjs,bitops-bitwise-and,11,32,259950700,8123459.375,CHECKSUM=0,,0,True,55abb3c2e2f9d778dc2b1d00c814581824294ee6b23b3f900bc95c299fe9e553
v8_ignition,bitops-bitwise-and,11,32,338313400,10572293.75,CHECKSUM=0,,0,True,55abb3c2e2f9d778dc2b1d00c814581824294ee6b23b3f900bc95c299fe9e553
quickjs,bitops-nsieve-bits,11,16,229919900,14369993.75,CHECKSUM=-1286749544853,,0,True,ef254234e894deef49062adf64960bb8c89398a7222917b870c1a20bb070f274
v8_ignition,bitops-nsieve-bits,11,16,403829300,25239331.25,CHECKSUM=-1286749544853,,0,True,ef254234e894deef49062adf64960bb8c89398a7222917b870c1a20bb070f274
quickjs,access-binary-trees,11,32,399995400,12499856.25,CHECKSUM=-4,,0,True,d2f0effcffabb4f66feea7d208d33ec1de01e131b98394b5c3f674d9c794e0d6
v8_ignition,access-binary-trees,11,32,214578200,6705568.75,CHECKSUM=-4,,0,True,d2f0effcffabb4f66feea7d208d33ec1de01e131b98394b5c3f674d9c794e0d6
quickjs,3d-morph,11,8,188866300,23608287.5,CHECKSUM=0,,0,True,fd5bd998032f9904bd40a69a9fa6fc4caebdb9582e0e919ead1720ec9afe11aa
v8_ignition,3d-morph,11,8,196831800,24603975.0,CHECKSUM=0,,0,True,fd5bd998032f9904bd40a69a9fa6fc4caebdb9582e0e919ead1720ec9afe11aa
quickjs,access-fannkuch,11,8,302420800,37802600.0,CHECKSUM=22,,0,True,14ca39c4940cb77dde1c975cf6047a8ca4ff495a4dce7a9c5489b40f7623e23b
v8_ignition,access-fannkuch,11,8,323055900,40381987.5,CHECKSUM=22,,0,True,14ca39c4940cb77dde1c975cf6047a8ca4ff495a4dce7a9c5489b40f7623e23b
quickjs,string-unpack-code,11,32,1933471300,60420978.125,CHECKSUM=511508,,0,True,68a8a79cf599b9d4426388c36ec1db21c49799c4a27ab4f2c0e77c0fdcd2d061
v8_ignition,string-unpack-code,11,32,259760200,8117506.25,CHECKSUM=511508,,0,True,68a8a79cf599b9d4426388c36ec1db21c49799c4a27ab4f2c0e77c0fdcd2d061
quickjs,access-nsieve,11,16,402594200,25162137.5,CHECKSUM=14302,,0,True,873688bafdc3d4027bbdc57baede0c0cd0f145e97a9752020bd0d117e771b990
v8_ignition,access-nsieve,11,16,199868900,12491806.25,CHECKSUM=14302,,0,True,873688bafdc3d4027bbdc57baede0c0cd0f145e97a9752020bd0d117e771b990
quickjs,regexp-dna,11,128,10174257100,79486383.59375,CHECKSUM=249:300056,,0,True,a53c6059e0ee97b1bd02370ba00f2310a0b6d2fa86ac87d3a00592bab8072e3a
v8_ignition,regexp-dna,11,128,295632300,2309627.34375,CHECKSUM=249:300056,,0,True,a53c6059e0ee97b1bd02370ba00f2310a0b6d2fa86ac87d3a00592bab8072e3a
quickjs,math-spectral-norm,11,32,307260400,9601887.5,CHECKSUM=5.086694231303284,,0,True,67383cc3484c0d356590f1e3d3e8f32da407ac5f058211b5d02f7fb87a2906ac
v8_ignition,math-spectral-norm,11,32,270036600,8438643.75,CHECKSUM=5.086694231303284,,0,True,67383cc3484c0d356590f1e3d3e8f32da407ac5f058211b5d02f7fb87a2906ac
quickjs,3d-cube,11,16,505931900,31620743.75,CHECKSUM=320,,0,True,bc30b827463144ad584749054c0706de2b0ee47cb6ce07af1ba883cc9615d1aa
v8_ignition,3d-cube,11,16,346387900,21649243.75,CHECKSUM=320,,0,True,bc30b827463144ad584749054c0706de2b0ee47cb6ce07af1ba883cc9615d1aa
quickjs,date-format-xparb,11,64,1291241300,20175645.3125,"CHECKSUM=2017-09-05|Tuesday, September 05, 2017 7:43:48 AM|1504652895000",,0,True,4ba90758c83e80e4573d63242bb2849776a30fac9f21bc1195aa3b48477acc4f
v8_ignition,date-format-xparb,11,64,303597600,4743712.5,"CHECKSUM=2017-09-05|Tuesday, September 05, 2017 7:43:48 AM|1504652895000",,0,True,4ba90758c83e80e4573d63242bb2849776a30fac9f21bc1195aa3b48477acc4f
quickjs,access-nbody,11,16,263016700,16438543.75,CHECKSUM=-1.3524862408537381,,0,True,0b9a906130c46bbde7af68aced35070d61f38ad3ddcdecfd9556672f7368dfa2
v8_ignition,access-nbody,11,16,329352800,20584550.0,CHECKSUM=-1.3524862408537381,,0,True,0b9a906130c46bbde7af68aced35070d61f38ad3ddcdecfd9556672f7368dfa2
quickjs,string-validate-input,11,32,451005200,14093912.5,CHECKSUM=462000,,0,True,c342b03c06ac1759c76d594213f9725dd133b082bed78ad362bcbdf61ff41ac9
v8_ignition,string-validate-input,11,32,224976500,7030515.625,CHECKSUM=462000,,0,True,c342b03c06ac1759c76d594213f9725dd133b082bed78ad362bcbdf61ff41ac9
quickjs,crypto-md5,11,32,246125300,7691415.625,CHECKSUM=a831e91e0f70eddcb70dc61c6f82f6cd,,0,True,f56a443c4d90f4f07279686f8c05d146d3a80c1d01bbb27b0661db0bc429d4ab
v8_ignition,crypto-md5,11,32,287349600,8979675.0,CHECKSUM=a831e91e0f70eddcb70dc61c6f82f6cd,,0,True,f56a443c4d90f4f07279686f8c05d146d3a80c1d01bbb27b0661db0bc429d4ab
quickjs,math-cordic,11,16,363984600,22749037.5,CHECKSUM=10362.570468755888,,0,True,5ef0f07deb7ae62267cb78d88ce5cb0a9f6f9eedf8f32c89e8e027a0d55694ca
v8_ignition,math-cordic,11,16,310941300,19433831.25,CHECKSUM=10362.570468755888,,0,True,5ef0f07deb7ae62267cb78d88ce5cb0a9f6f9eedf8f32c89e8e027a0d55694ca
quickjs,crypto-sha1,11,32,230702800,7209462.5,CHECKSUM=2524d264def74cce2498bf112bedf00e6c0b796d,,0,True,2319a338491746d7c3ee54a212a5e10775313086edde16f7eac411f7781cef49
v8_ignition,crypto-sha1,11,32,310533500,9704171.875,CHECKSUM=2524d264def74cce2498bf112bedf00e6c0b796d,,0,True,2319a338491746d7c3ee54a212a5e10775313086edde16f7eac411f7781cef49
quickjs,math-partial-sums,11,16,287207000,17950437.5,CHECKSUM=60.08994194659945,,0,True,00d31496f5edb04d1db4c57cf94dcee22bf029002789061ff65b1f47ca19931e
v8_ignition,math-partial-sums,11,16,222003800,13875237.5,CHECKSUM=60.08994194659945,,0,True,00d31496f5edb04d1db4c57cf94dcee22bf029002789061ff65b1f47ca19931e
quickjs,date-format-tofte,11,32,996433400,31138543.75,"CHECKSUM=2008-05-01|Thursday, May 01, 2008 5:31:22 PM|1209718549000",,0,True,1372e86a53b36d9b13b6d42615638930ff367abbaee784a4217016668771d440
v8_ignition,date-format-tofte,11,32,308775700,9649240.625,"CHECKSUM=2008-05-01|Thursday, May 01, 2008 5:31:22 PM|1209718549000",,0,True,1372e86a53b36d9b13b6d42615638930ff367abbaee784a4217016668771d440
v8_ignition,string-unpack-code,12,32,256266600,8008331.25,CHECKSUM=511508,,0,True,68a8a79cf599b9d4426388c36ec1db21c49799c4a27ab4f2c0e77c0fdcd2d061
quickjs,string-unpack-code,12,32,1927308600,60228393.75,CHECKSUM=511508,,0,True,68a8a79cf599b9d4426388c36ec1db21c49799c4a27ab4f2c0e77c0fdcd2d061
v8_ignition,math-cordic,12,16,307768800,19235550.0,CHECKSUM=10362.570468755888,,0,True,5ef0f07deb7ae62267cb78d88ce5cb0a9f6f9eedf8f32c89e8e027a0d55694ca
quickjs,math-cordic,12,16,364298100,22768631.25,CHECKSUM=10362.570468755888,,0,True,5ef0f07deb7ae62267cb78d88ce5cb0a9f6f9eedf8f32c89e8e027a0d55694ca
v8_ignition,access-nsieve,12,16,202299000,12643687.5,CHECKSUM=14302,,0,True,873688bafdc3d4027bbdc57baede0c0cd0f145e97a9752020bd0d117e771b990
quickjs,access-nsieve,12,16,393285500,24580343.75,CHECKSUM=14302,,0,True,873688bafdc3d4027bbdc57baede0c0cd0f145e97a9752020bd0d117e771b990
v8_ignition,string-tagcloud,12,32,244930800,7654087.5,CHECKSUM=315241,,0,True,c7ef7be75b2cf852b77752b22013ad0e51ed13b107fd3349383cd16b29513bbd
quickjs,string-tagcloud,12,32,887688800,27740275.0,CHECKSUM=315241,,0,True,c7ef7be75b2cf852b77752b22013ad0e51ed13b107fd3349383cd16b29513bbd
v8_ignition,crypto-aes,12,16,260281500,16267593.75,CHECKSUM=1343,,0,True,6de1e96fa9a5b787048aba3f79a67a682f659807b1050cc1ea07efa9fabfc27e
quickjs,crypto-aes,12,16,251693100,15730818.75,CHECKSUM=1343,,0,True,6de1e96fa9a5b787048aba3f79a67a682f659807b1050cc1ea07efa9fabfc27e
v8_ignition,math-partial-sums,12,16,223235200,13952200.0,CHECKSUM=60.08994194659945,,0,True,00d31496f5edb04d1db4c57cf94dcee22bf029002789061ff65b1f47ca19931e
quickjs,math-partial-sums,12,16,290383000,18148937.5,CHECKSUM=60.08994194659945,,0,True,00d31496f5edb04d1db4c57cf94dcee22bf029002789061ff65b1f47ca19931e
v8_ignition,bitops-nsieve-bits,12,16,402896800,25181050.0,CHECKSUM=-1286749544853,,0,True,ef254234e894deef49062adf64960bb8c89398a7222917b870c1a20bb070f274
quickjs,bitops-nsieve-bits,12,16,242739500,15171218.75,CHECKSUM=-1286749544853,,0,True,ef254234e894deef49062adf64960bb8c89398a7222917b870c1a20bb070f274
v8_ignition,crypto-md5,12,32,283776100,8868003.125,CHECKSUM=a831e91e0f70eddcb70dc61c6f82f6cd,,0,True,f56a443c4d90f4f07279686f8c05d146d3a80c1d01bbb27b0661db0bc429d4ab
quickjs,crypto-md5,12,32,246500300,7703134.375,CHECKSUM=a831e91e0f70eddcb70dc61c6f82f6cd,,0,True,f56a443c4d90f4f07279686f8c05d146d3a80c1d01bbb27b0661db0bc429d4ab
v8_ignition,string-base64,12,32,243488400,7609012.5,CHECKSUM=32768,,0,True,e43d3d50e40a2e2fe0ebf5da8d8ad9d0865bade106ae6ef848f13c3324d25a35
quickjs,string-base64,12,32,729727000,22803968.75,CHECKSUM=32768,,0,True,e43d3d50e40a2e2fe0ebf5da8d8ad9d0865bade106ae6ef848f13c3324d25a35
v8_ignition,access-fannkuch,12,8,316627400,39578425.0,CHECKSUM=22,,0,True,14ca39c4940cb77dde1c975cf6047a8ca4ff495a4dce7a9c5489b40f7623e23b
quickjs,access-fannkuch,12,8,298126300,37265787.5,CHECKSUM=22,,0,True,14ca39c4940cb77dde1c975cf6047a8ca4ff495a4dce7a9c5489b40f7623e23b
v8_ignition,3d-cube,12,16,345960700,21622543.75,CHECKSUM=320,,0,True,bc30b827463144ad584749054c0706de2b0ee47cb6ce07af1ba883cc9615d1aa
quickjs,3d-cube,12,16,506403800,31650237.5,CHECKSUM=320,,0,True,bc30b827463144ad584749054c0706de2b0ee47cb6ce07af1ba883cc9615d1aa
v8_ignition,string-validate-input,12,32,225532300,7047884.375,CHECKSUM=462000,,0,True,c342b03c06ac1759c76d594213f9725dd133b082bed78ad362bcbdf61ff41ac9
quickjs,string-validate-input,12,32,455372100,14230378.125,CHECKSUM=462000,,0,True,c342b03c06ac1759c76d594213f9725dd133b082bed78ad362bcbdf61ff41ac9
v8_ignition,3d-morph,12,8,198981100,24872637.5,CHECKSUM=0,,0,True,fd5bd998032f9904bd40a69a9fa6fc4caebdb9582e0e919ead1720ec9afe11aa
quickjs,3d-morph,12,8,194354200,24294275.0,CHECKSUM=0,,0,True,fd5bd998032f9904bd40a69a9fa6fc4caebdb9582e0e919ead1720ec9afe11aa
v8_ignition,regexp-dna,12,128,309351800,2416810.9375,CHECKSUM=249:300056,,0,True,a53c6059e0ee97b1bd02370ba00f2310a0b6d2fa86ac87d3a00592bab8072e3a
quickjs,regexp-dna,12,128,10810625100,84458008.59375,CHECKSUM=249:300056,,0,True,a53c6059e0ee97b1bd02370ba00f2310a0b6d2fa86ac87d3a00592bab8072e3a
v8_ignition,access-nbody,12,16,342322800,21395175.0,CHECKSUM=-1.3524862408537381,,0,True,0b9a906130c46bbde7af68aced35070d61f38ad3ddcdecfd9556672f7368dfa2
quickjs,access-nbody,12,16,258630300,16164393.75,CHECKSUM=-1.3524862408537381,,0,True,0b9a906130c46bbde7af68aced35070d61f38ad3ddcdecfd9556672f7368dfa2
v8_ignition,math-spectral-norm,12,32,268155500,8379859.375,CHECKSUM=5.086694231303284,,0,True,67383cc3484c0d356590f1e3d3e8f32da407ac5f058211b5d02f7fb87a2906ac
quickjs,math-spectral-norm,12,32,306195400,9568606.25,CHECKSUM=5.086694231303284,,0,True,67383cc3484c0d356590f1e3d3e8f32da407ac5f058211b5d02f7fb87a2906ac
v8_ignition,access-binary-trees,12,32,215509800,6734681.25,CHECKSUM=-4,,0,True,d2f0effcffabb4f66feea7d208d33ec1de01e131b98394b5c3f674d9c794e0d6
quickjs,access-binary-trees,12,32,399848400,12495262.5,CHECKSUM=-4,,0,True,d2f0effcffabb4f66feea7d208d33ec1de01e131b98394b5c3f674d9c794e0d6
v8_ignition,bitops-bitwise-and,12,32,354096300,11065509.375,CHECKSUM=0,,0,True,55abb3c2e2f9d778dc2b1d00c814581824294ee6b23b3f900bc95c299fe9e553
quickjs,bitops-bitwise-and,12,32,272122900,8503840.625,CHECKSUM=0,,0,True,55abb3c2e2f9d778dc2b1d00c814581824294ee6b23b3f900bc95c299fe9e553
v8_ignition,crypto-sha1,12,32,328322300,10260071.875,CHECKSUM=2524d264def74cce2498bf112bedf00e6c0b796d,,0,True,2319a338491746d7c3ee54a212a5e10775313086edde16f7eac411f7781cef49
quickjs,crypto-sha1,12,32,230754700,7211084.375,CHECKSUM=2524d264def74cce2498bf112bedf00e6c0b796d,,0,True,2319a338491746d7c3ee54a212a5e10775313086edde16f7eac411f7781cef49
v8_ignition,bitops-3bit-bits-in-byte,12,32,264103400,8253231.25,CHECKSUM=512000,,0,True,595fcbd71ba4c9520f6ce3314b5f1637e4c15b2dcba679ab1e7523a264dae220
quickjs,bitops-3bit-bits-in-byte,12,32,323965500,10123921.875,CHECKSUM=512000,,0,True,595fcbd71ba4c9520f6ce3314b5f1637e4c15b2dcba679ab1e7523a264dae220
v8_ignition,string-fasta,12,32,339482700,10608834.375,CHECKSUM=1456000,,0,True,25a4430bd173cf3f8348bb9a343d31af578bbc5592d3801ad1143e663eb17726
quickjs,string-fasta,12,32,884222200,27631943.75,CHECKSUM=1456000,,0,True,25a4430bd173cf3f8348bb9a343d31af578bbc5592d3801ad1143e663eb17726
v8_ignition,date-format-tofte,12,32,305353800,9542306.25,"CHECKSUM=2008-05-01|Thursday, May 01, 2008 5:31:22 PM|1209718549000",,0,True,1372e86a53b36d9b13b6d42615638930ff367abbaee784a4217016668771d440
quickjs,date-format-tofte,12,32,985769700,30805303.125,"CHECKSUM=2008-05-01|Thursday, May 01, 2008 5:31:22 PM|1209718549000",,0,True,1372e86a53b36d9b13b6d42615638930ff367abbaee784a4217016668771d440
v8_ignition,3d-raytrace,12,16,292034800,18252175.0,CHECKSUM=20970,,0,True,a006bac48a32d59b55bfb179110c29cf99c5193bb7fad9ed45c1a770d10a359a
quickjs,3d-raytrace,12,16,254581100,15911318.75,CHECKSUM=20969,,0,True,a006bac48a32d59b55bfb179110c29cf99c5193bb7fad9ed45c1a770d10a359a
v8_ignition,date-format-xparb,12,64,312216600,4878384.375,"CHECKSUM=2017-09-05|Tuesday, September 05, 2017 7:43:48 AM|1504652895000",,0,True,4ba90758c83e80e4573d63242bb2849776a30fac9f21bc1195aa3b48477acc4f
quickjs,date-format-xparb,12,64,1291051500,20172679.6875,"CHECKSUM=2017-09-05|Tuesday, September 05, 2017 7:43:48 AM|1504652895000",,0,True,4ba90758c83e80e4573d63242bb2849776a30fac9f21bc1195aa3b48477acc4f
v8_ignition,bitops-bits-in-byte,12,16,356020800,22251300.0,CHECKSUM=358400,,0,True,f5c49904410f845a94f7e2e5534562933d30dbb449a39035ff46077059b2d91e
quickjs,bitops-bits-in-byte,12,16,328773800,20548362.5,CHECKSUM=358400,,0,True,f5c49904410f845a94f7e2e5534562933d30dbb449a39035ff46077059b2d91e
v8_ignition,controlflow-recursive,12,32,260270500,8133453.125,CHECKSUM=57775,,0,True,2654c7838986abd352cd642a15f55413c6df26469fa39de4ffe77b47bb2cc66c
quickjs,controlflow-recursive,12,32,273549300,8548415.625,CHECKSUM=57775,,0,True,2654c7838986abd352cd642a15f55413c6df26469fa39de4ffe77b47bb2cc66c
quickjs,bitops-bits-in-byte,13,16,323187600,20199225.0,CHECKSUM=358400,,0,True,f5c49904410f845a94f7e2e5534562933d30dbb449a39035ff46077059b2d91e
v8_ignition,bitops-bits-in-byte,13,16,354533700,22158356.25,CHECKSUM=358400,,0,True,f5c49904410f845a94f7e2e5534562933d30dbb449a39035ff46077059b2d91e
quickjs,bitops-nsieve-bits,13,16,250720200,15670012.5,CHECKSUM=-1286749544853,,0,True,ef254234e894deef49062adf64960bb8c89398a7222917b870c1a20bb070f274
v8_ignition,bitops-nsieve-bits,13,16,408914900,25557181.25,CHECKSUM=-1286749544853,,0,True,ef254234e894deef49062adf64960bb8c89398a7222917b870c1a20bb070f274
quickjs,crypto-aes,13,16,253287400,15830462.5,CHECKSUM=1343,,0,True,6de1e96fa9a5b787048aba3f79a67a682f659807b1050cc1ea07efa9fabfc27e
v8_ignition,crypto-aes,13,16,259596600,16224787.5,CHECKSUM=1343,,0,True,6de1e96fa9a5b787048aba3f79a67a682f659807b1050cc1ea07efa9fabfc27e
quickjs,string-tagcloud,13,32,893149700,27910928.125,CHECKSUM=315241,,0,True,c7ef7be75b2cf852b77752b22013ad0e51ed13b107fd3349383cd16b29513bbd
v8_ignition,string-tagcloud,13,32,229832000,7182250.0,CHECKSUM=315241,,0,True,c7ef7be75b2cf852b77752b22013ad0e51ed13b107fd3349383cd16b29513bbd
quickjs,3d-morph,13,8,191484900,23935612.5,CHECKSUM=0,,0,True,fd5bd998032f9904bd40a69a9fa6fc4caebdb9582e0e919ead1720ec9afe11aa
v8_ignition,3d-morph,13,8,212778700,26597337.5,CHECKSUM=0,,0,True,fd5bd998032f9904bd40a69a9fa6fc4caebdb9582e0e919ead1720ec9afe11aa
quickjs,date-format-xparb,13,64,1319990600,20624853.125,"CHECKSUM=2017-09-05|Tuesday, September 05, 2017 7:43:48 AM|1504652895000",,0,True,4ba90758c83e80e4573d63242bb2849776a30fac9f21bc1195aa3b48477acc4f
v8_ignition,date-format-xparb,13,64,307192900,4799889.0625,"CHECKSUM=2017-09-05|Tuesday, September 05, 2017 7:43:48 AM|1504652895000",,0,True,4ba90758c83e80e4573d63242bb2849776a30fac9f21bc1195aa3b48477acc4f
quickjs,access-fannkuch,13,8,303155000,37894375.0,CHECKSUM=22,,0,True,14ca39c4940cb77dde1c975cf6047a8ca4ff495a4dce7a9c5489b40f7623e23b
v8_ignition,access-fannkuch,13,8,357506300,44688287.5,CHECKSUM=22,,0,True,14ca39c4940cb77dde1c975cf6047a8ca4ff495a4dce7a9c5489b40f7623e23b
quickjs,string-validate-input,13,32,466467400,14577106.25,CHECKSUM=462000,,0,True,c342b03c06ac1759c76d594213f9725dd133b082bed78ad362bcbdf61ff41ac9
v8_ignition,string-validate-input,13,32,227506200,7109568.75,CHECKSUM=462000,,0,True,c342b03c06ac1759c76d594213f9725dd133b082bed78ad362bcbdf61ff41ac9
quickjs,crypto-sha1,13,32,231684300,7240134.375,CHECKSUM=2524d264def74cce2498bf112bedf00e6c0b796d,,0,True,2319a338491746d7c3ee54a212a5e10775313086edde16f7eac411f7781cef49
v8_ignition,crypto-sha1,13,32,328777800,10274306.25,CHECKSUM=2524d264def74cce2498bf112bedf00e6c0b796d,,0,True,2319a338491746d7c3ee54a212a5e10775313086edde16f7eac411f7781cef49
quickjs,math-partial-sums,13,16,296483400,18530212.5,CHECKSUM=60.08994194659945,,0,True,00d31496f5edb04d1db4c57cf94dcee22bf029002789061ff65b1f47ca19931e
v8_ignition,math-partial-sums,13,16,223381300,13961331.25,CHECKSUM=60.08994194659945,,0,True,00d31496f5edb04d1db4c57cf94dcee22bf029002789061ff65b1f47ca19931e
quickjs,string-unpack-code,13,32,1979534300,61860446.875,CHECKSUM=511508,,0,True,68a8a79cf599b9d4426388c36ec1db21c49799c4a27ab4f2c0e77c0fdcd2d061
v8_ignition,string-unpack-code,13,32,261497400,8171793.75,CHECKSUM=511508,,0,True,68a8a79cf599b9d4426388c36ec1db21c49799c4a27ab4f2c0e77c0fdcd2d061
quickjs,bitops-3bit-bits-in-byte,13,32,315972500,9874140.625,CHECKSUM=512000,,0,True,595fcbd71ba4c9520f6ce3314b5f1637e4c15b2dcba679ab1e7523a264dae220
v8_ignition,bitops-3bit-bits-in-byte,13,32,268039900,8376246.875,CHECKSUM=512000,,0,True,595fcbd71ba4c9520f6ce3314b5f1637e4c15b2dcba679ab1e7523a264dae220
quickjs,access-binary-trees,13,32,400996300,12531134.375,CHECKSUM=-4,,0,True,d2f0effcffabb4f66feea7d208d33ec1de01e131b98394b5c3f674d9c794e0d6
v8_ignition,access-binary-trees,13,32,217207100,6787721.875,CHECKSUM=-4,,0,True,d2f0effcffabb4f66feea7d208d33ec1de01e131b98394b5c3f674d9c794e0d6
quickjs,access-nbody,13,16,254024900,15876556.25,CHECKSUM=-1.3524862408537381,,0,True,0b9a906130c46bbde7af68aced35070d61f38ad3ddcdecfd9556672f7368dfa2
v8_ignition,access-nbody,13,16,333692000,20855750.0,CHECKSUM=-1.3524862408537381,,0,True,0b9a906130c46bbde7af68aced35070d61f38ad3ddcdecfd9556672f7368dfa2
quickjs,access-nsieve,13,16,394798700,24674918.75,CHECKSUM=14302,,0,True,873688bafdc3d4027bbdc57baede0c0cd0f145e97a9752020bd0d117e771b990
v8_ignition,access-nsieve,13,16,199941900,12496368.75,CHECKSUM=14302,,0,True,873688bafdc3d4027bbdc57baede0c0cd0f145e97a9752020bd0d117e771b990
quickjs,math-cordic,13,16,386400300,24150018.75,CHECKSUM=10362.570468755888,,0,True,5ef0f07deb7ae62267cb78d88ce5cb0a9f6f9eedf8f32c89e8e027a0d55694ca
v8_ignition,math-cordic,13,16,306880000,19180000.0,CHECKSUM=10362.570468755888,,0,True,5ef0f07deb7ae62267cb78d88ce5cb0a9f6f9eedf8f32c89e8e027a0d55694ca
quickjs,string-fasta,13,32,897372700,28042896.875,CHECKSUM=1456000,,0,True,25a4430bd173cf3f8348bb9a343d31af578bbc5592d3801ad1143e663eb17726
v8_ignition,string-fasta,13,32,346602100,10831315.625,CHECKSUM=1456000,,0,True,25a4430bd173cf3f8348bb9a343d31af578bbc5592d3801ad1143e663eb17726
quickjs,3d-cube,13,16,504052300,31503268.75,CHECKSUM=320,,0,True,bc30b827463144ad584749054c0706de2b0ee47cb6ce07af1ba883cc9615d1aa
v8_ignition,3d-cube,13,16,345999200,21624950.0,CHECKSUM=320,,0,True,bc30b827463144ad584749054c0706de2b0ee47cb6ce07af1ba883cc9615d1aa
quickjs,regexp-dna,13,128,10537607400,82325057.8125,CHECKSUM=249:300056,,0,True,a53c6059e0ee97b1bd02370ba00f2310a0b6d2fa86ac87d3a00592bab8072e3a
v8_ignition,regexp-dna,13,128,294337400,2299510.9375,CHECKSUM=249:300056,,0,True,a53c6059e0ee97b1bd02370ba00f2310a0b6d2fa86ac87d3a00592bab8072e3a
quickjs,string-base64,13,32,729673800,22802306.25,CHECKSUM=32768,,0,True,e43d3d50e40a2e2fe0ebf5da8d8ad9d0865bade106ae6ef848f13c3324d25a35
v8_ignition,string-base64,13,32,243025800,7594556.25,CHECKSUM=32768,,0,True,e43d3d50e40a2e2fe0ebf5da8d8ad9d0865bade106ae6ef848f13c3324d25a35
quickjs,3d-raytrace,13,16,257560200,16097512.5,CHECKSUM=20969,,0,True,a006bac48a32d59b55bfb179110c29cf99c5193bb7fad9ed45c1a770d10a359a
v8_ignition,3d-raytrace,13,16,282679900,17667493.75,CHECKSUM=20970,,0,True,a006bac48a32d59b55bfb179110c29cf99c5193bb7fad9ed45c1a770d10a359a
quickjs,date-format-tofte,13,32,989421200,30919412.5,"CHECKSUM=2008-05-01|Thursday, May 01, 2008 5:31:22 PM|1209718549000",,0,True,1372e86a53b36d9b13b6d42615638930ff367abbaee784a4217016668771d440
v8_ignition,date-format-tofte,13,32,315296900,9853028.125,"CHECKSUM=2008-05-01|Thursday, May 01, 2008 5:31:22 PM|1209718549000",,0,True,1372e86a53b36d9b13b6d42615638930ff367abbaee784a4217016668771d440
quickjs,controlflow-recursive,13,32,277233500,8663546.875,CHECKSUM=57775,,0,True,2654c7838986abd352cd642a15f55413c6df26469fa39de4ffe77b47bb2cc66c
v8_ignition,controlflow-recursive,13,32,271983000,8499468.75,CHECKSUM=57775,,0,True,2654c7838986abd352cd642a15f55413c6df26469fa39de4ffe77b47bb2cc66c
quickjs,bitops-bitwise-and,13,32,241983700,7561990.625,CHECKSUM=0,,0,True,55abb3c2e2f9d778dc2b1d00c814581824294ee6b23b3f900bc95c299fe9e553
v8_ignition,bitops-bitwise-and,13,32,357253000,11164156.25,CHECKSUM=0,,0,True,55abb3c2e2f9d778dc2b1d00c814581824294ee6b23b3f900bc95c299fe9e553
quickjs,math-spectral-norm,13,32,315174300,9849196.875,CHECKSUM=5.086694231303284,,0,True,67383cc3484c0d356590f1e3d3e8f32da407ac5f058211b5d02f7fb87a2906ac
v8_ignition,math-spectral-norm,13,32,273119500,8534984.375,CHECKSUM=5.086694231303284,,0,True,67383cc3484c0d356590f1e3d3e8f32da407ac5f058211b5d02f7fb87a2906ac
quickjs,crypto-md5,13,32,243226700,7600834.375,CHECKSUM=a831e91e0f70eddcb70dc61c6f82f6cd,,0,True,f56a443c4d90f4f07279686f8c05d146d3a80c1d01bbb27b0661db0bc429d4ab
v8_ignition,crypto-md5,13,32,286547300,8954603.125,CHECKSUM=a831e91e0f70eddcb70dc61c6f82f6cd,,0,True,f56a443c4d90f4f07279686f8c05d146d3a80c1d01bbb27b0661db0bc429d4ab
v8_ignition,3d-morph,14,8,201113800,25139225.0,CHECKSUM=0,,0,True,fd5bd998032f9904bd40a69a9fa6fc4caebdb9582e0e919ead1720ec9afe11aa
quickjs,3d-morph,14,8,191496700,23937087.5,CHECKSUM=0,,0,True,fd5bd998032f9904bd40a69a9fa6fc4caebdb9582e0e919ead1720ec9afe11aa
v8_ignition,math-spectral-norm,14,32,273786700,8555834.375,CHECKSUM=5.086694231303284,,0,True,67383cc3484c0d356590f1e3d3e8f32da407ac5f058211b5d02f7fb87a2906ac
quickjs,math-spectral-norm,14,32,308292500,9634140.625,CHECKSUM=5.086694231303284,,0,True,67383cc3484c0d356590f1e3d3e8f32da407ac5f058211b5d02f7fb87a2906ac
v8_ignition,crypto-md5,14,32,280906500,8778328.125,CHECKSUM=a831e91e0f70eddcb70dc61c6f82f6cd,,0,True,f56a443c4d90f4f07279686f8c05d146d3a80c1d01bbb27b0661db0bc429d4ab
quickjs,crypto-md5,14,32,242134700,7566709.375,CHECKSUM=a831e91e0f70eddcb70dc61c6f82f6cd,,0,True,f56a443c4d90f4f07279686f8c05d146d3a80c1d01bbb27b0661db0bc429d4ab
v8_ignition,access-binary-trees,14,32,213427800,6669618.75,CHECKSUM=-4,,0,True,d2f0effcffabb4f66feea7d208d33ec1de01e131b98394b5c3f674d9c794e0d6
quickjs,access-binary-trees,14,32,400879000,12527468.75,CHECKSUM=-4,,0,True,d2f0effcffabb4f66feea7d208d33ec1de01e131b98394b5c3f674d9c794e0d6
v8_ignition,date-format-tofte,14,32,312221500,9756921.875,"CHECKSUM=2008-05-01|Thursday, May 01, 2008 5:31:22 PM|1209718549000",,0,True,1372e86a53b36d9b13b6d42615638930ff367abbaee784a4217016668771d440
quickjs,date-format-tofte,14,32,982745200,30710787.5,"CHECKSUM=2008-05-01|Thursday, May 01, 2008 5:31:22 PM|1209718549000",,0,True,1372e86a53b36d9b13b6d42615638930ff367abbaee784a4217016668771d440
v8_ignition,3d-raytrace,14,16,283024400,17689025.0,CHECKSUM=20970,,0,True,a006bac48a32d59b55bfb179110c29cf99c5193bb7fad9ed45c1a770d10a359a
quickjs,3d-raytrace,14,16,255145200,15946575.0,CHECKSUM=20969,,0,True,a006bac48a32d59b55bfb179110c29cf99c5193bb7fad9ed45c1a770d10a359a
v8_ignition,date-format-xparb,14,64,310013400,4843959.375,"CHECKSUM=2017-09-05|Tuesday, September 05, 2017 7:43:48 AM|1504652895000",,0,True,4ba90758c83e80e4573d63242bb2849776a30fac9f21bc1195aa3b48477acc4f
quickjs,date-format-xparb,14,64,1293037900,20203717.1875,"CHECKSUM=2017-09-05|Tuesday, September 05, 2017 7:43:48 AM|1504652895000",,0,True,4ba90758c83e80e4573d63242bb2849776a30fac9f21bc1195aa3b48477acc4f
v8_ignition,bitops-bits-in-byte,14,16,353507100,22094193.75,CHECKSUM=358400,,0,True,f5c49904410f845a94f7e2e5534562933d30dbb449a39035ff46077059b2d91e
quickjs,bitops-bits-in-byte,14,16,334548700,20909293.75,CHECKSUM=358400,,0,True,f5c49904410f845a94f7e2e5534562933d30dbb449a39035ff46077059b2d91e
v8_ignition,crypto-sha1,14,32,315973800,9874181.25,CHECKSUM=2524d264def74cce2498bf112bedf00e6c0b796d,,0,True,2319a338491746d7c3ee54a212a5e10775313086edde16f7eac411f7781cef49
quickjs,crypto-sha1,14,32,230950300,7217196.875,CHECKSUM=2524d264def74cce2498bf112bedf00e6c0b796d,,0,True,2319a338491746d7c3ee54a212a5e10775313086edde16f7eac411f7781cef49
v8_ignition,string-unpack-code,14,32,258426500,8075828.125,CHECKSUM=511508,,0,True,68a8a79cf599b9d4426388c36ec1db21c49799c4a27ab4f2c0e77c0fdcd2d061
quickjs,string-unpack-code,14,32,1931798600,60368706.25,CHECKSUM=511508,,0,True,68a8a79cf599b9d4426388c36ec1db21c49799c4a27ab4f2c0e77c0fdcd2d061
v8_ignition,bitops-3bit-bits-in-byte,14,32,265829000,8307156.25,CHECKSUM=512000,,0,True,595fcbd71ba4c9520f6ce3314b5f1637e4c15b2dcba679ab1e7523a264dae220
quickjs,bitops-3bit-bits-in-byte,14,32,312709700,9772178.125,CHECKSUM=512000,,0,True,595fcbd71ba4c9520f6ce3314b5f1637e4c15b2dcba679ab1e7523a264dae220
v8_ignition,math-partial-sums,14,16,227469800,14216862.5,CHECKSUM=60.08994194659945,,0,True,00d31496f5edb04d1db4c57cf94dcee22bf029002789061ff65b1f47ca19931e
quickjs,math-partial-sums,14,16,298280200,18642512.5,CHECKSUM=60.08994194659945,,0,True,00d31496f5edb04d1db4c57cf94dcee22bf029002789061ff65b1f47ca19931e
v8_ignition,crypto-aes,14,16,277886100,17367881.25,CHECKSUM=1343,,0,True,6de1e96fa9a5b787048aba3f79a67a682f659807b1050cc1ea07efa9fabfc27e
quickjs,crypto-aes,14,16,257267900,16079243.75,CHECKSUM=1343,,0,True,6de1e96fa9a5b787048aba3f79a67a682f659807b1050cc1ea07efa9fabfc27e
v8_ignition,string-validate-input,14,32,230511800,7203493.75,CHECKSUM=462000,,0,True,c342b03c06ac1759c76d594213f9725dd133b082bed78ad362bcbdf61ff41ac9
quickjs,string-validate-input,14,32,452840900,14151278.125,CHECKSUM=462000,,0,True,c342b03c06ac1759c76d594213f9725dd133b082bed78ad362bcbdf61ff41ac9
v8_ignition,controlflow-recursive,14,32,249921900,7810059.375,CHECKSUM=57775,,0,True,2654c7838986abd352cd642a15f55413c6df26469fa39de4ffe77b47bb2cc66c
quickjs,controlflow-recursive,14,32,276771700,8649115.625,CHECKSUM=57775,,0,True,2654c7838986abd352cd642a15f55413c6df26469fa39de4ffe77b47bb2cc66c
v8_ignition,math-cordic,14,16,315071700,19691981.25,CHECKSUM=10362.570468755888,,0,True,5ef0f07deb7ae62267cb78d88ce5cb0a9f6f9eedf8f32c89e8e027a0d55694ca
quickjs,math-cordic,14,16,360444800,22527800.0,CHECKSUM=10362.570468755888,,0,True,5ef0f07deb7ae62267cb78d88ce5cb0a9f6f9eedf8f32c89e8e027a0d55694ca
v8_ignition,access-nsieve,14,16,199984000,12499000.0,CHECKSUM=14302,,0,True,873688bafdc3d4027bbdc57baede0c0cd0f145e97a9752020bd0d117e771b990
quickjs,access-nsieve,14,16,399797300,24987331.25,CHECKSUM=14302,,0,True,873688bafdc3d4027bbdc57baede0c0cd0f145e97a9752020bd0d117e771b990
v8_ignition,access-nbody,14,16,346010600,21625662.5,CHECKSUM=-1.3524862408537381,,0,True,0b9a906130c46bbde7af68aced35070d61f38ad3ddcdecfd9556672f7368dfa2
quickjs,access-nbody,14,16,267358800,16709925.0,CHECKSUM=-1.3524862408537381,,0,True,0b9a906130c46bbde7af68aced35070d61f38ad3ddcdecfd9556672f7368dfa2
v8_ignition,string-base64,14,32,252664000,7895750.0,CHECKSUM=32768,,0,True,e43d3d50e40a2e2fe0ebf5da8d8ad9d0865bade106ae6ef848f13c3324d25a35
quickjs,string-base64,14,32,759198500,23724953.125,CHECKSUM=32768,,0,True,e43d3d50e40a2e2fe0ebf5da8d8ad9d0865bade106ae6ef848f13c3324d25a35
v8_ignition,string-tagcloud,14,32,249533700,7797928.125,CHECKSUM=315241,,0,True,c7ef7be75b2cf852b77752b22013ad0e51ed13b107fd3349383cd16b29513bbd
quickjs,string-tagcloud,14,32,943637900,29488684.375,CHECKSUM=315241,,0,True,c7ef7be75b2cf852b77752b22013ad0e51ed13b107fd3349383cd16b29513bbd
v8_ignition,bitops-nsieve-bits,14,16,422877000,26429812.5,CHECKSUM=-1286749544853,,0,True,ef254234e894deef49062adf64960bb8c89398a7222917b870c1a20bb070f274
quickjs,bitops-nsieve-bits,14,16,239392300,14962018.75,CHECKSUM=-1286749544853,,0,True,ef254234e894deef49062adf64960bb8c89398a7222917b870c1a20bb070f274
v8_ignition,bitops-bitwise-and,14,32,353896200,11059256.25,CHECKSUM=0,,0,True,55abb3c2e2f9d778dc2b1d00c814581824294ee6b23b3f900bc95c299fe9e553
quickjs,bitops-bitwise-and,14,32,239762900,7492590.625,CHECKSUM=0,,0,True,55abb3c2e2f9d778dc2b1d00c814581824294ee6b23b3f900bc95c299fe9e553
v8_ignition,access-fannkuch,14,8,318854400,39856800.0,CHECKSUM=22,,0,True,14ca39c4940cb77dde1c975cf6047a8ca4ff495a4dce7a9c5489b40f7623e23b
quickjs,access-fannkuch,14,8,302058300,37757287.5,CHECKSUM=22,,0,True,14ca39c4940cb77dde1c975cf6047a8ca4ff495a4dce7a9c5489b40f7623e23b
v8_ignition,3d-cube,14,16,345041400,21565087.5,CHECKSUM=320,,0,True,bc30b827463144ad584749054c0706de2b0ee47cb6ce07af1ba883cc9615d1aa
quickjs,3d-cube,14,16,520165600,32510350.0,CHECKSUM=320,,0,True,bc30b827463144ad584749054c0706de2b0ee47cb6ce07af1ba883cc9615d1aa
v8_ignition,regexp-dna,14,128,297594100,2324953.90625,CHECKSUM=249:300056,,0,True,a53c6059e0ee97b1bd02370ba00f2310a0b6d2fa86ac87d3a00592bab8072e3a
quickjs,regexp-dna,14,128,10529799900,82264061.71875,CHECKSUM=249:300056,,0,True,a53c6059e0ee97b1bd02370ba00f2310a0b6d2fa86ac87d3a00592bab8072e3a
v8_ignition,string-fasta,14,32,363925900,11372684.375,CHECKSUM=1456000,,0,True,25a4430bd173cf3f8348bb9a343d31af578bbc5592d3801ad1143e663eb17726
quickjs,string-fasta,14,32,913020400,28531887.5,CHECKSUM=1456000,,0,True,25a4430bd173cf3f8348bb9a343d31af578bbc5592d3801ad1143e663eb17726
quickjs,math-partial-sums,15,16,290018600,18126162.5,CHECKSUM=60.08994194659945,,0,True,00d31496f5edb04d1db4c57cf94dcee22bf029002789061ff65b1f47ca19931e
v8_ignition,math-partial-sums,15,16,222178400,13886150.0,CHECKSUM=60.08994194659945,,0,True,00d31496f5edb04d1db4c57cf94dcee22bf029002789061ff65b1f47ca19931e
quickjs,date-format-xparb,15,64,1289011600,20140806.25,"CHECKSUM=2017-09-05|Tuesday, September 05, 2017 7:43:48 AM|1504652895000",,0,True,4ba90758c83e80e4573d63242bb2849776a30fac9f21bc1195aa3b48477acc4f
v8_ignition,date-format-xparb,15,64,315424800,4928512.5,"CHECKSUM=2017-09-05|Tuesday, September 05, 2017 7:43:48 AM|1504652895000",,0,True,4ba90758c83e80e4573d63242bb2849776a30fac9f21bc1195aa3b48477acc4f
quickjs,access-fannkuch,15,8,299465000,37433125.0,CHECKSUM=22,,0,True,14ca39c4940cb77dde1c975cf6047a8ca4ff495a4dce7a9c5489b40f7623e23b
v8_ignition,access-fannkuch,15,8,311530500,38941312.5,CHECKSUM=22,,0,True,14ca39c4940cb77dde1c975cf6047a8ca4ff495a4dce7a9c5489b40f7623e23b
quickjs,3d-morph,15,8,189677100,23709637.5,CHECKSUM=0,,0,True,fd5bd998032f9904bd40a69a9fa6fc4caebdb9582e0e919ead1720ec9afe11aa
v8_ignition,3d-morph,15,8,198263600,24782950.0,CHECKSUM=0,,0,True,fd5bd998032f9904bd40a69a9fa6fc4caebdb9582e0e919ead1720ec9afe11aa
quickjs,crypto-sha1,15,32,230382100,7199440.625,CHECKSUM=2524d264def74cce2498bf112bedf00e6c0b796d,,0,True,2319a338491746d7c3ee54a212a5e10775313086edde16f7eac411f7781cef49
v8_ignition,crypto-sha1,15,32,314089400,9815293.75,CHECKSUM=2524d264def74cce2498bf112bedf00e6c0b796d,,0,True,2319a338491746d7c3ee54a212a5e10775313086edde16f7eac411f7781cef49
quickjs,regexp-dna,15,128,10208815100,79756367.96875,CHECKSUM=249:300056,,0,True,a53c6059e0ee97b1bd02370ba00f2310a0b6d2fa86ac87d3a00592bab8072e3a
v8_ignition,regexp-dna,15,128,283991500,2218683.59375,CHECKSUM=249:300056,,0,True,a53c6059e0ee97b1bd02370ba00f2310a0b6d2fa86ac87d3a00592bab8072e3a
quickjs,string-unpack-code,15,32,1919557100,59986159.375,CHECKSUM=511508,,0,True,68a8a79cf599b9d4426388c36ec1db21c49799c4a27ab4f2c0e77c0fdcd2d061
v8_ignition,string-unpack-code,15,32,268356700,8386146.875,CHECKSUM=511508,,0,True,68a8a79cf599b9d4426388c36ec1db21c49799c4a27ab4f2c0e77c0fdcd2d061
quickjs,3d-raytrace,15,16,264529100,16533068.75,CHECKSUM=20969,,0,True,a006bac48a32d59b55bfb179110c29cf99c5193bb7fad9ed45c1a770d10a359a
v8_ignition,3d-raytrace,15,16,272701800,17043862.5,CHECKSUM=20970,,0,True,a006bac48a32d59b55bfb179110c29cf99c5193bb7fad9ed45c1a770d10a359a
quickjs,access-binary-trees,15,32,405994900,12687340.625,CHECKSUM=-4,,0,True,d2f0effcffabb4f66feea7d208d33ec1de01e131b98394b5c3f674d9c794e0d6
v8_ignition,access-binary-trees,15,32,211877600,6621175.0,CHECKSUM=-4,,0,True,d2f0effcffabb4f66feea7d208d33ec1de01e131b98394b5c3f674d9c794e0d6
quickjs,controlflow-recursive,15,32,276400900,8637528.125,CHECKSUM=57775,,0,True,2654c7838986abd352cd642a15f55413c6df26469fa39de4ffe77b47bb2cc66c
v8_ignition,controlflow-recursive,15,32,254663600,7958237.5,CHECKSUM=57775,,0,True,2654c7838986abd352cd642a15f55413c6df26469fa39de4ffe77b47bb2cc66c
quickjs,math-cordic,15,16,359712200,22482012.5,CHECKSUM=10362.570468755888,,0,True,5ef0f07deb7ae62267cb78d88ce5cb0a9f6f9eedf8f32c89e8e027a0d55694ca
v8_ignition,math-cordic,15,16,313962900,19622681.25,CHECKSUM=10362.570468755888,,0,True,5ef0f07deb7ae62267cb78d88ce5cb0a9f6f9eedf8f32c89e8e027a0d55694ca
quickjs,string-validate-input,15,32,447755900,13992371.875,CHECKSUM=462000,,0,True,c342b03c06ac1759c76d594213f9725dd133b082bed78ad362bcbdf61ff41ac9
v8_ignition,string-validate-input,15,32,224942000,7029437.5,CHECKSUM=462000,,0,True,c342b03c06ac1759c76d594213f9725dd133b082bed78ad362bcbdf61ff41ac9
quickjs,bitops-nsieve-bits,15,16,237286900,14830431.25,CHECKSUM=-1286749544853,,0,True,ef254234e894deef49062adf64960bb8c89398a7222917b870c1a20bb070f274
v8_ignition,bitops-nsieve-bits,15,16,401066600,25066662.5,CHECKSUM=-1286749544853,,0,True,ef254234e894deef49062adf64960bb8c89398a7222917b870c1a20bb070f274
quickjs,crypto-md5,15,32,240934000,7529187.5,CHECKSUM=a831e91e0f70eddcb70dc61c6f82f6cd,,0,True,f56a443c4d90f4f07279686f8c05d146d3a80c1d01bbb27b0661db0bc429d4ab
v8_ignition,crypto-md5,15,32,292855300,9151728.125,CHECKSUM=a831e91e0f70eddcb70dc61c6f82f6cd,,0,True,f56a443c4d90f4f07279686f8c05d146d3a80c1d01bbb27b0661db0bc429d4ab
quickjs,bitops-bits-in-byte,15,16,334692800,20918300.0,CHECKSUM=358400,,0,True,f5c49904410f845a94f7e2e5534562933d30dbb449a39035ff46077059b2d91e
v8_ignition,bitops-bits-in-byte,15,16,383445100,23965318.75,CHECKSUM=358400,,0,True,f5c49904410f845a94f7e2e5534562933d30dbb449a39035ff46077059b2d91e
quickjs,crypto-aes,15,16,252148700,15759293.75,CHECKSUM=1343,,0,True,6de1e96fa9a5b787048aba3f79a67a682f659807b1050cc1ea07efa9fabfc27e
v8_ignition,crypto-aes,15,16,267448700,16715543.75,CHECKSUM=1343,,0,True,6de1e96fa9a5b787048aba3f79a67a682f659807b1050cc1ea07efa9fabfc27e
quickjs,string-base64,15,32,726264000,22695750.0,CHECKSUM=32768,,0,True,e43d3d50e40a2e2fe0ebf5da8d8ad9d0865bade106ae6ef848f13c3324d25a35
v8_ignition,string-base64,15,32,239464000,7483250.0,CHECKSUM=32768,,0,True,e43d3d50e40a2e2fe0ebf5da8d8ad9d0865bade106ae6ef848f13c3324d25a35
quickjs,string-fasta,15,32,906013700,28312928.125,CHECKSUM=1456000,,0,True,25a4430bd173cf3f8348bb9a343d31af578bbc5592d3801ad1143e663eb17726
v8_ignition,string-fasta,15,32,366005000,11437656.25,CHECKSUM=1456000,,0,True,25a4430bd173cf3f8348bb9a343d31af578bbc5592d3801ad1143e663eb17726
quickjs,date-format-tofte,15,32,1007123500,31472609.375,"CHECKSUM=2008-05-01|Thursday, May 01, 2008 5:31:22 PM|1209718549000",,0,True,1372e86a53b36d9b13b6d42615638930ff367abbaee784a4217016668771d440
v8_ignition,date-format-tofte,15,32,311058600,9720581.25,"CHECKSUM=2008-05-01|Thursday, May 01, 2008 5:31:22 PM|1209718549000",,0,True,1372e86a53b36d9b13b6d42615638930ff367abbaee784a4217016668771d440
quickjs,bitops-3bit-bits-in-byte,15,32,319455400,9982981.25,CHECKSUM=512000,,0,True,595fcbd71ba4c9520f6ce3314b5f1637e4c15b2dcba679ab1e7523a264dae220
v8_ignition,bitops-3bit-bits-in-byte,15,32,269721100,8428784.375,CHECKSUM=512000,,0,True,595fcbd71ba4c9520f6ce3314b5f1637e4c15b2dcba679ab1e7523a264dae220
quickjs,math-spectral-norm,15,32,311128100,9722753.125,CHECKSUM=5.086694231303284,,0,True,67383cc3484c0d356590f1e3d3e8f32da407ac5f058211b5d02f7fb87a2906ac
v8_ignition,math-spectral-norm,15,32,293264300,9164509.375,CHECKSUM=5.086694231303284,,0,True,67383cc3484c0d356590f1e3d3e8f32da407ac5f058211b5d02f7fb87a2906ac
quickjs,bitops-bitwise-and,15,32,288616400,9019262.5,CHECKSUM=0,,0,True,55abb3c2e2f9d778dc2b1d00c814581824294ee6b23b3f900bc95c299fe9e553
v8_ignition,bitops-bitwise-and,15,32,353010300,11031571.875,CHECKSUM=0,,0,True,55abb3c2e2f9d778dc2b1d00c814581824294ee6b23b3f900bc95c299fe9e553
quickjs,string-tagcloud,15,32,895394800,27981087.5,CHECKSUM=315241,,0,True,c7ef7be75b2cf852b77752b22013ad0e51ed13b107fd3349383cd16b29513bbd
v8_ignition,string-tagcloud,15,32,232652100,7270378.125,CHECKSUM=315241,,0,True,c7ef7be75b2cf852b77752b22013ad0e51ed13b107fd3349383cd16b29513bbd
quickjs,3d-cube,15,16,508905100,31806568.75,CHECKSUM=320,,0,True,bc30b827463144ad584749054c0706de2b0ee47cb6ce07af1ba883cc9615d1aa
v8_ignition,3d-cube,15,16,343979800,21498737.5,CHECKSUM=320,,0,True,bc30b827463144ad584749054c0706de2b0ee47cb6ce07af1ba883cc9615d1aa
quickjs,access-nsieve,15,16,391949500,24496843.75,CHECKSUM=14302,,0,True,873688bafdc3d4027bbdc57baede0c0cd0f145e97a9752020bd0d117e771b990
v8_ignition,access-nsieve,15,16,203239000,12702437.5,CHECKSUM=14302,,0,True,873688bafdc3d4027bbdc57baede0c0cd0f145e97a9752020bd0d117e771b990
quickjs,access-nbody,15,16,268908000,16806750.0,CHECKSUM=-1.3524862408537381,,0,True,0b9a906130c46bbde7af68aced35070d61f38ad3ddcdecfd9556672f7368dfa2
v8_ignition,access-nbody,15,16,340256000,21266000.0,CHECKSUM=-1.3524862408537381,,0,True,0b9a906130c46bbde7af68aced35070d61f38ad3ddcdecfd9556672f7368dfa2
v8_ignition,3d-morph,16,8,200817500,25102187.5,CHECKSUM=0,,0,True,fd5bd998032f9904bd40a69a9fa6fc4caebdb9582e0e919ead1720ec9afe11aa
quickjs,3d-morph,16,8,194491500,24311437.5,CHECKSUM=0,,0,True,fd5bd998032f9904bd40a69a9fa6fc4caebdb9582e0e919ead1720ec9afe11aa
v8_ignition,math-cordic,16,16,314215100,19638443.75,CHECKSUM=10362.570468755888,,0,True,5ef0f07deb7ae62267cb78d88ce5cb0a9f6f9eedf8f32c89e8e027a0d55694ca
quickjs,math-cordic,16,16,364239600,22764975.0,CHECKSUM=10362.570468755888,,0,True,5ef0f07deb7ae62267cb78d88ce5cb0a9f6f9eedf8f32c89e8e027a0d55694ca
v8_ignition,date-format-tofte,16,32,309801700,9681303.125,"CHECKSUM=2008-05-01|Thursday, May 01, 2008 5:31:22 PM|1209718549000",,0,True,1372e86a53b36d9b13b6d42615638930ff367abbaee784a4217016668771d440
quickjs,date-format-tofte,16,32,976970900,30530340.625,"CHECKSUM=2008-05-01|Thursday, May 01, 2008 5:31:22 PM|1209718549000",,0,True,1372e86a53b36d9b13b6d42615638930ff367abbaee784a4217016668771d440
v8_ignition,crypto-md5,16,32,282083100,8815096.875,CHECKSUM=a831e91e0f70eddcb70dc61c6f82f6cd,,0,True,f56a443c4d90f4f07279686f8c05d146d3a80c1d01bbb27b0661db0bc429d4ab
quickjs,crypto-md5,16,32,248634600,7769831.25,CHECKSUM=a831e91e0f70eddcb70dc61c6f82f6cd,,0,True,f56a443c4d90f4f07279686f8c05d146d3a80c1d01bbb27b0661db0bc429d4ab
v8_ignition,date-format-xparb,16,64,320969800,5015153.125,"CHECKSUM=2017-09-05|Tuesday, September 05, 2017 7:43:48 AM|1504652895000",,0,True,4ba90758c83e80e4573d63242bb2849776a30fac9f21bc1195aa3b48477acc4f
quickjs,date-format-xparb,16,64,1283599900,20056248.4375,"CHECKSUM=2017-09-05|Tuesday, September 05, 2017 7:43:48 AM|1504652895000",,0,True,4ba90758c83e80e4573d63242bb2849776a30fac9f21bc1195aa3b48477acc4f
v8_ignition,crypto-sha1,16,32,310882400,9715075.0,CHECKSUM=2524d264def74cce2498bf112bedf00e6c0b796d,,0,True,2319a338491746d7c3ee54a212a5e10775313086edde16f7eac411f7781cef49
quickjs,crypto-sha1,16,32,231134900,7222965.625,CHECKSUM=2524d264def74cce2498bf112bedf00e6c0b796d,,0,True,2319a338491746d7c3ee54a212a5e10775313086edde16f7eac411f7781cef49
v8_ignition,math-partial-sums,16,16,226761600,14172600.0,CHECKSUM=60.08994194659945,,0,True,00d31496f5edb04d1db4c57cf94dcee22bf029002789061ff65b1f47ca19931e
quickjs,math-partial-sums,16,16,289412200,18088262.5,CHECKSUM=60.08994194659945,,0,True,00d31496f5edb04d1db4c57cf94dcee22bf029002789061ff65b1f47ca19931e
v8_ignition,access-nbody,16,16,330335000,20645937.5,CHECKSUM=-1.3524862408537381,,0,True,0b9a906130c46bbde7af68aced35070d61f38ad3ddcdecfd9556672f7368dfa2
quickjs,access-nbody,16,16,256748300,16046768.75,CHECKSUM=-1.3524862408537381,,0,True,0b9a906130c46bbde7af68aced35070d61f38ad3ddcdecfd9556672f7368dfa2
v8_ignition,string-base64,16,32,239037600,7469925.0,CHECKSUM=32768,,0,True,e43d3d50e40a2e2fe0ebf5da8d8ad9d0865bade106ae6ef848f13c3324d25a35
quickjs,string-base64,16,32,726542300,22704446.875,CHECKSUM=32768,,0,True,e43d3d50e40a2e2fe0ebf5da8d8ad9d0865bade106ae6ef848f13c3324d25a35
v8_ignition,bitops-3bit-bits-in-byte,16,32,264993500,8281046.875,CHECKSUM=512000,,0,True,595fcbd71ba4c9520f6ce3314b5f1637e4c15b2dcba679ab1e7523a264dae220
quickjs,bitops-3bit-bits-in-byte,16,32,318173800,9942931.25,CHECKSUM=512000,,0,True,595fcbd71ba4c9520f6ce3314b5f1637e4c15b2dcba679ab1e7523a264dae220
v8_ignition,access-nsieve,16,16,198153400,12384587.5,CHECKSUM=14302,,0,True,873688bafdc3d4027bbdc57baede0c0cd0f145e97a9752020bd0d117e771b990
quickjs,access-nsieve,16,16,390169400,24385587.5,CHECKSUM=14302,,0,True,873688bafdc3d4027bbdc57baede0c0cd0f145e97a9752020bd0d117e771b990
v8_ignition,string-fasta,16,32,345974500,10811703.125,CHECKSUM=1456000,,0,True,25a4430bd173cf3f8348bb9a343d31af578bbc5592d3801ad1143e663eb17726
quickjs,string-fasta,16,32,878715300,27459853.125,CHECKSUM=1456000,,0,True,25a4430bd173cf3f8348bb9a343d31af578bbc5592d3801ad1143e663eb17726
v8_ignition,controlflow-recursive,16,32,264057000,8251781.25,CHECKSUM=57775,,0,True,2654c7838986abd352cd642a15f55413c6df26469fa39de4ffe77b47bb2cc66c
quickjs,controlflow-recursive,16,32,279506900,8734590.625,CHECKSUM=57775,,0,True,2654c7838986abd352cd642a15f55413c6df26469fa39de4ffe77b47bb2cc66c
v8_ignition,string-validate-input,16,32,231079400,7221231.25,CHECKSUM=462000,,0,True,c342b03c06ac1759c76d594213f9725dd133b082bed78ad362bcbdf61ff41ac9
quickjs,string-validate-input,16,32,475806700,14868959.375,CHECKSUM=462000,,0,True,c342b03c06ac1759c76d594213f9725dd133b082bed78ad362bcbdf61ff41ac9
v8_ignition,regexp-dna,16,128,286939600,2241715.625,CHECKSUM=249:300056,,0,True,a53c6059e0ee97b1bd02370ba00f2310a0b6d2fa86ac87d3a00592bab8072e3a
quickjs,regexp-dna,16,128,10280442100,80315953.90625,CHECKSUM=249:300056,,0,True,a53c6059e0ee97b1bd02370ba00f2310a0b6d2fa86ac87d3a00592bab8072e3a
v8_ignition,3d-raytrace,16,16,273542600,17096412.5,CHECKSUM=20970,,0,True,a006bac48a32d59b55bfb179110c29cf99c5193bb7fad9ed45c1a770d10a359a
quickjs,3d-raytrace,16,16,254831600,15926975.0,CHECKSUM=20969,,0,True,a006bac48a32d59b55bfb179110c29cf99c5193bb7fad9ed45c1a770d10a359a
v8_ignition,string-tagcloud,16,32,232637300,7269915.625,CHECKSUM=315241,,0,True,c7ef7be75b2cf852b77752b22013ad0e51ed13b107fd3349383cd16b29513bbd
quickjs,string-tagcloud,16,32,886802500,27712578.125,CHECKSUM=315241,,0,True,c7ef7be75b2cf852b77752b22013ad0e51ed13b107fd3349383cd16b29513bbd
v8_ignition,access-binary-trees,16,32,211430500,6607203.125,CHECKSUM=-4,,0,True,d2f0effcffabb4f66feea7d208d33ec1de01e131b98394b5c3f674d9c794e0d6
quickjs,access-binary-trees,16,32,403660200,12614381.25,CHECKSUM=-4,,0,True,d2f0effcffabb4f66feea7d208d33ec1de01e131b98394b5c3f674d9c794e0d6
v8_ignition,access-fannkuch,16,8,318687500,39835937.5,CHECKSUM=22,,0,True,14ca39c4940cb77dde1c975cf6047a8ca4ff495a4dce7a9c5489b40f7623e23b
quickjs,access-fannkuch,16,8,302453000,37806625.0,CHECKSUM=22,,0,True,14ca39c4940cb77dde1c975cf6047a8ca4ff495a4dce7a9c5489b40f7623e23b
v8_ignition,bitops-nsieve-bits,16,16,401814700,25113418.75,CHECKSUM=-1286749544853,,0,True,ef254234e894deef49062adf64960bb8c89398a7222917b870c1a20bb070f274
quickjs,bitops-nsieve-bits,16,16,242728500,15170531.25,CHECKSUM=-1286749544853,,0,True,ef254234e894deef49062adf64960bb8c89398a7222917b870c1a20bb070f274
v8_ignition,bitops-bits-in-byte,16,16,353708700,22106793.75,CHECKSUM=358400,,0,True,f5c49904410f845a94f7e2e5534562933d30dbb449a39035ff46077059b2d91e
quickjs,bitops-bits-in-byte,16,16,319041500,19940093.75,CHECKSUM=358400,,0,True,f5c49904410f845a94f7e2e5534562933d30dbb449a39035ff46077059b2d91e
v8_ignition,math-spectral-norm,16,32,265650500,8301578.125,CHECKSUM=5.086694231303284,,0,True,67383cc3484c0d356590f1e3d3e8f32da407ac5f058211b5d02f7fb87a2906ac
quickjs,math-spectral-norm,16,32,305155300,9536103.125,CHECKSUM=5.086694231303284,,0,True,67383cc3484c0d356590f1e3d3e8f32da407ac5f058211b5d02f7fb87a2906ac
v8_ignition,crypto-aes,16,16,257731100,16108193.75,CHECKSUM=1343,,0,True,6de1e96fa9a5b787048aba3f79a67a682f659807b1050cc1ea07efa9fabfc27e
quickjs,crypto-aes,16,16,250997900,15687368.75,CHECKSUM=1343,,0,True,6de1e96fa9a5b787048aba3f79a67a682f659807b1050cc1ea07efa9fabfc27e
v8_ignition,3d-cube,16,16,344949000,21559312.5,CHECKSUM=320,,0,True,bc30b827463144ad584749054c0706de2b0ee47cb6ce07af1ba883cc9615d1aa
quickjs,3d-cube,16,16,507668400,31729275.0,CHECKSUM=320,,0,True,bc30b827463144ad584749054c0706de2b0ee47cb6ce07af1ba883cc9615d1aa
v8_ignition,string-unpack-code,16,32,259003500,8093859.375,CHECKSUM=511508,,0,True,68a8a79cf599b9d4426388c36ec1db21c49799c4a27ab4f2c0e77c0fdcd2d061
quickjs,string-unpack-code,16,32,1961204200,61287631.25,CHECKSUM=511508,,0,True,68a8a79cf599b9d4426388c36ec1db21c49799c4a27ab4f2c0e77c0fdcd2d061
v8_ignition,bitops-bitwise-and,16,32,337005800,10531431.25,CHECKSUM=0,,0,True,55abb3c2e2f9d778dc2b1d00c814581824294ee6b23b3f900bc95c299fe9e553
quickjs,bitops-bitwise-and,16,32,259912100,8122253.125,CHECKSUM=0,,0,True,55abb3c2e2f9d778dc2b1d00c814581824294ee6b23b3f900bc95c299fe9e553
quickjs,math-partial-sums,17,16,308096800,19256050.0,CHECKSUM=60.08994194659945,,0,True,00d31496f5edb04d1db4c57cf94dcee22bf029002789061ff65b1f47ca19931e
v8_ignition,math-partial-sums,17,16,235488600,14718037.5,CHECKSUM=60.08994194659945,,0,True,00d31496f5edb04d1db4c57cf94dcee22bf029002789061ff65b1f47ca19931e
quickjs,access-binary-trees,17,32,404001600,12625050.0,CHECKSUM=-4,,0,True,d2f0effcffabb4f66feea7d208d33ec1de01e131b98394b5c3f674d9c794e0d6
v8_ignition,access-binary-trees,17,32,218159100,6817471.875,CHECKSUM=-4,,0,True,d2f0effcffabb4f66feea7d208d33ec1de01e131b98394b5c3f674d9c794e0d6
quickjs,crypto-md5,17,32,244917500,7653671.875,CHECKSUM=a831e91e0f70eddcb70dc61c6f82f6cd,,0,True,f56a443c4d90f4f07279686f8c05d146d3a80c1d01bbb27b0661db0bc429d4ab
v8_ignition,crypto-md5,17,32,287571000,8986593.75,CHECKSUM=a831e91e0f70eddcb70dc61c6f82f6cd,,0,True,f56a443c4d90f4f07279686f8c05d146d3a80c1d01bbb27b0661db0bc429d4ab
quickjs,controlflow-recursive,17,32,279632000,8738500.0,CHECKSUM=57775,,0,True,2654c7838986abd352cd642a15f55413c6df26469fa39de4ffe77b47bb2cc66c
v8_ignition,controlflow-recursive,17,32,258063800,8064493.75,CHECKSUM=57775,,0,True,2654c7838986abd352cd642a15f55413c6df26469fa39de4ffe77b47bb2cc66c
quickjs,regexp-dna,17,128,10468101900,81782046.09375,CHECKSUM=249:300056,,0,True,a53c6059e0ee97b1bd02370ba00f2310a0b6d2fa86ac87d3a00592bab8072e3a
v8_ignition,regexp-dna,17,128,288842100,2256578.90625,CHECKSUM=249:300056,,0,True,a53c6059e0ee97b1bd02370ba00f2310a0b6d2fa86ac87d3a00592bab8072e3a
quickjs,access-fannkuch,17,8,308988300,38623537.5,CHECKSUM=22,,0,True,14ca39c4940cb77dde1c975cf6047a8ca4ff495a4dce7a9c5489b40f7623e23b
v8_ignition,access-fannkuch,17,8,330312800,41289100.0,CHECKSUM=22,,0,True,14ca39c4940cb77dde1c975cf6047a8ca4ff495a4dce7a9c5489b40f7623e23b
quickjs,string-base64,17,32,727262200,22726943.75,CHECKSUM=32768,,0,True,e43d3d50e40a2e2fe0ebf5da8d8ad9d0865bade106ae6ef848f13c3324d25a35
v8_ignition,string-base64,17,32,249987000,7812093.75,CHECKSUM=32768,,0,True,e43d3d50e40a2e2fe0ebf5da8d8ad9d0865bade106ae6ef848f13c3324d25a35
quickjs,bitops-3bit-bits-in-byte,17,32,329399500,10293734.375,CHECKSUM=512000,,0,True,595fcbd71ba4c9520f6ce3314b5f1637e4c15b2dcba679ab1e7523a264dae220
v8_ignition,bitops-3bit-bits-in-byte,17,32,287373500,8980421.875,CHECKSUM=512000,,0,True,595fcbd71ba4c9520f6ce3314b5f1637e4c15b2dcba679ab1e7523a264dae220
quickjs,date-format-tofte,17,32,1022806000,31962687.5,"CHECKSUM=2008-05-01|Thursday, May 01, 2008 5:31:22 PM|1209718549000",,0,True,1372e86a53b36d9b13b6d42615638930ff367abbaee784a4217016668771d440
v8_ignition,date-format-tofte,17,32,307722200,9616318.75,"CHECKSUM=2008-05-01|Thursday, May 01, 2008 5:31:22 PM|1209718549000",,0,True,1372e86a53b36d9b13b6d42615638930ff367abbaee784a4217016668771d440
quickjs,3d-raytrace,17,16,268746000,16796625.0,CHECKSUM=20969,,0,True,a006bac48a32d59b55bfb179110c29cf99c5193bb7fad9ed45c1a770d10a359a
v8_ignition,3d-raytrace,17,16,275009800,17188112.5,CHECKSUM=20970,,0,True,a006bac48a32d59b55bfb179110c29cf99c5193bb7fad9ed45c1a770d10a359a
quickjs,math-cordic,17,16,364799100,22799943.75,CHECKSUM=10362.570468755888,,0,True,5ef0f07deb7ae62267cb78d88ce5cb0a9f6f9eedf8f32c89e8e027a0d55694ca
v8_ignition,math-cordic,17,16,306233000,19139562.5,CHECKSUM=10362.570468755888,,0,True,5ef0f07deb7ae62267cb78d88ce5cb0a9f6f9eedf8f32c89e8e027a0d55694ca
quickjs,string-unpack-code,17,32,1927588700,60237146.875,CHECKSUM=511508,,0,True,68a8a79cf599b9d4426388c36ec1db21c49799c4a27ab4f2c0e77c0fdcd2d061
v8_ignition,string-unpack-code,17,32,266296700,8321771.875,CHECKSUM=511508,,0,True,68a8a79cf599b9d4426388c36ec1db21c49799c4a27ab4f2c0e77c0fdcd2d061
quickjs,date-format-xparb,17,64,1304495700,20382745.3125,"CHECKSUM=2017-09-05|Tuesday, September 05, 2017 7:43:48 AM|1504652895000",,0,True,4ba90758c83e80e4573d63242bb2849776a30fac9f21bc1195aa3b48477acc4f
v8_ignition,date-format-xparb,17,64,306721000,4792515.625,"CHECKSUM=2017-09-05|Tuesday, September 05, 2017 7:43:48 AM|1504652895000",,0,True,4ba90758c83e80e4573d63242bb2849776a30fac9f21bc1195aa3b48477acc4f
quickjs,3d-cube,17,16,506826700,31676668.75,CHECKSUM=320,,0,True,bc30b827463144ad584749054c0706de2b0ee47cb6ce07af1ba883cc9615d1aa
v8_ignition,3d-cube,17,16,342285100,21392818.75,CHECKSUM=320,,0,True,bc30b827463144ad584749054c0706de2b0ee47cb6ce07af1ba883cc9615d1aa
quickjs,string-validate-input,17,32,453496700,14171771.875,CHECKSUM=462000,,0,True,c342b03c06ac1759c76d594213f9725dd133b082bed78ad362bcbdf61ff41ac9
v8_ignition,string-validate-input,17,32,224459300,7014353.125,CHECKSUM=462000,,0,True,c342b03c06ac1759c76d594213f9725dd133b082bed78ad362bcbdf61ff41ac9
quickjs,math-spectral-norm,17,32,310578000,9705562.5,CHECKSUM=5.086694231303284,,0,True,67383cc3484c0d356590f1e3d3e8f32da407ac5f058211b5d02f7fb87a2906ac
v8_ignition,math-spectral-norm,17,32,272701600,8521925.0,CHECKSUM=5.086694231303284,,0,True,67383cc3484c0d356590f1e3d3e8f32da407ac5f058211b5d02f7fb87a2906ac
quickjs,bitops-bitwise-and,17,32,250716200,7834881.25,CHECKSUM=0,,0,True,55abb3c2e2f9d778dc2b1d00c814581824294ee6b23b3f900bc95c299fe9e553
v8_ignition,bitops-bitwise-and,17,32,352257000,11008031.25,CHECKSUM=0,,0,True,55abb3c2e2f9d778dc2b1d00c814581824294ee6b23b3f900bc95c299fe9e553
quickjs,bitops-bits-in-byte,17,16,334430600,20901912.5,CHECKSUM=358400,,0,True,f5c49904410f845a94f7e2e5534562933d30dbb449a39035ff46077059b2d91e
v8_ignition,bitops-bits-in-byte,17,16,347151800,21696987.5,CHECKSUM=358400,,0,True,f5c49904410f845a94f7e2e5534562933d30dbb449a39035ff46077059b2d91e
quickjs,crypto-aes,17,16,251951500,15746968.75,CHECKSUM=1343,,0,True,6de1e96fa9a5b787048aba3f79a67a682f659807b1050cc1ea07efa9fabfc27e
v8_ignition,crypto-aes,17,16,263132600,16445787.5,CHECKSUM=1343,,0,True,6de1e96fa9a5b787048aba3f79a67a682f659807b1050cc1ea07efa9fabfc27e
quickjs,string-tagcloud,17,32,886660400,27708137.5,CHECKSUM=315241,,0,True,c7ef7be75b2cf852b77752b22013ad0e51ed13b107fd3349383cd16b29513bbd
v8_ignition,string-tagcloud,17,32,234574700,7330459.375,CHECKSUM=315241,,0,True,c7ef7be75b2cf852b77752b22013ad0e51ed13b107fd3349383cd16b29513bbd
quickjs,access-nsieve,17,16,393740400,24608775.0,CHECKSUM=14302,,0,True,873688bafdc3d4027bbdc57baede0c0cd0f145e97a9752020bd0d117e771b990
v8_ignition,access-nsieve,17,16,197984200,12374012.5,CHECKSUM=14302,,0,True,873688bafdc3d4027bbdc57baede0c0cd0f145e97a9752020bd0d117e771b990
quickjs,bitops-nsieve-bits,17,16,234845600,14677850.0,CHECKSUM=-1286749544853,,0,True,ef254234e894deef49062adf64960bb8c89398a7222917b870c1a20bb070f274
v8_ignition,bitops-nsieve-bits,17,16,405707200,25356700.0,CHECKSUM=-1286749544853,,0,True,ef254234e894deef49062adf64960bb8c89398a7222917b870c1a20bb070f274
quickjs,access-nbody,17,16,264609200,16538075.0,CHECKSUM=-1.3524862408537381,,0,True,0b9a906130c46bbde7af68aced35070d61f38ad3ddcdecfd9556672f7368dfa2
v8_ignition,access-nbody,17,16,329298600,20581162.5,CHECKSUM=-1.3524862408537381,,0,True,0b9a906130c46bbde7af68aced35070d61f38ad3ddcdecfd9556672f7368dfa2
quickjs,crypto-sha1,17,32,231821700,7244428.125,CHECKSUM=2524d264def74cce2498bf112bedf00e6c0b796d,,0,True,2319a338491746d7c3ee54a212a5e10775313086edde16f7eac411f7781cef49
v8_ignition,crypto-sha1,17,32,314151900,9817246.875,CHECKSUM=2524d264def74cce2498bf112bedf00e6c0b796d,,0,True,2319a338491746d7c3ee54a212a5e10775313086edde16f7eac411f7781cef49
quickjs,string-fasta,17,32,878342900,27448215.625,CHECKSUM=1456000,,0,True,25a4430bd173cf3f8348bb9a343d31af578bbc5592d3801ad1143e663eb17726
v8_ignition,string-fasta,17,32,342736200,10710506.25,CHECKSUM=1456000,,0,True,25a4430bd173cf3f8348bb9a343d31af578bbc5592d3801ad1143e663eb17726
quickjs,3d-morph,17,8,190345200,23793150.0,CHECKSUM=0,,0,True,fd5bd998032f9904bd40a69a9fa6fc4caebdb9582e0e919ead1720ec9afe11aa
v8_ignition,3d-morph,17,8,203364600,25420575.0,CHECKSUM=0,,0,True,fd5bd998032f9904bd40a69a9fa6fc4caebdb9582e0e919ead1720ec9afe11aa
v8_ignition,crypto-aes,18,16,265110000,16569375.0,CHECKSUM=1343,,0,True,6de1e96fa9a5b787048aba3f79a67a682f659807b1050cc1ea07efa9fabfc27e
quickjs,crypto-aes,18,16,253047600,15815475.0,CHECKSUM=1343,,0,True,6de1e96fa9a5b787048aba3f79a67a682f659807b1050cc1ea07efa9fabfc27e
v8_ignition,3d-morph,18,8,203954500,25494312.5,CHECKSUM=0,,0,True,fd5bd998032f9904bd40a69a9fa6fc4caebdb9582e0e919ead1720ec9afe11aa
quickjs,3d-morph,18,8,189232600,23654075.0,CHECKSUM=0,,0,True,fd5bd998032f9904bd40a69a9fa6fc4caebdb9582e0e919ead1720ec9afe11aa
v8_ignition,bitops-3bit-bits-in-byte,18,32,258087600,8065237.5,CHECKSUM=512000,,0,True,595fcbd71ba4c9520f6ce3314b5f1637e4c15b2dcba679ab1e7523a264dae220
quickjs,bitops-3bit-bits-in-byte,18,32,306830100,9588440.625,CHECKSUM=512000,,0,True,595fcbd71ba4c9520f6ce3314b5f1637e4c15b2dcba679ab1e7523a264dae220
v8_ignition,string-base64,18,32,239945500,7498296.875,CHECKSUM=32768,,0,True,e43d3d50e40a2e2fe0ebf5da8d8ad9d0865bade106ae6ef848f13c3324d25a35
quickjs,string-base64,18,32,718405000,22450156.25,CHECKSUM=32768,,0,True,e43d3d50e40a2e2fe0ebf5da8d8ad9d0865bade106ae6ef848f13c3324d25a35
v8_ignition,regexp-dna,18,128,294531300,2301025.78125,CHECKSUM=249:300056,,0,True,a53c6059e0ee97b1bd02370ba00f2310a0b6d2fa86ac87d3a00592bab8072e3a
quickjs,regexp-dna,18,128,10436426000,81534578.125,CHECKSUM=249:300056,,0,True,a53c6059e0ee97b1bd02370ba00f2310a0b6d2fa86ac87d3a00592bab8072e3a
v8_ignition,access-binary-trees,18,32,221078900,6908715.625,CHECKSUM=-4,,0,True,d2f0effcffabb4f66feea7d208d33ec1de01e131b98394b5c3f674d9c794e0d6
quickjs,access-binary-trees,18,32,401470400,12545950.0,CHECKSUM=-4,,0,True,d2f0effcffabb4f66feea7d208d33ec1de01e131b98394b5c3f674d9c794e0d6
v8_ignition,bitops-bits-in-byte,18,16,359348000,22459250.0,CHECKSUM=358400,,0,True,f5c49904410f845a94f7e2e5534562933d30dbb449a39035ff46077059b2d91e
quickjs,bitops-bits-in-byte,18,16,331905800,20744112.5,CHECKSUM=358400,,0,True,f5c49904410f845a94f7e2e5534562933d30dbb449a39035ff46077059b2d91e
v8_ignition,controlflow-recursive,18,32,253964200,7936381.25,CHECKSUM=57775,,0,True,2654c7838986abd352cd642a15f55413c6df26469fa39de4ffe77b47bb2cc66c
quickjs,controlflow-recursive,18,32,277870400,8683450.0,CHECKSUM=57775,,0,True,2654c7838986abd352cd642a15f55413c6df26469fa39de4ffe77b47bb2cc66c
v8_ignition,access-nsieve,18,16,200958400,12559900.0,CHECKSUM=14302,,0,True,873688bafdc3d4027bbdc57baede0c0cd0f145e97a9752020bd0d117e771b990
quickjs,access-nsieve,18,16,444764900,27797806.25,CHECKSUM=14302,,0,True,873688bafdc3d4027bbdc57baede0c0cd0f145e97a9752020bd0d117e771b990
v8_ignition,math-cordic,18,16,314726900,19670431.25,CHECKSUM=10362.570468755888,,0,True,5ef0f07deb7ae62267cb78d88ce5cb0a9f6f9eedf8f32c89e8e027a0d55694ca
quickjs,math-cordic,18,16,365802300,22862643.75,CHECKSUM=10362.570468755888,,0,True,5ef0f07deb7ae62267cb78d88ce5cb0a9f6f9eedf8f32c89e8e027a0d55694ca
v8_ignition,crypto-sha1,18,32,313077900,9783684.375,CHECKSUM=2524d264def74cce2498bf112bedf00e6c0b796d,,0,True,2319a338491746d7c3ee54a212a5e10775313086edde16f7eac411f7781cef49
quickjs,crypto-sha1,18,32,231171000,7224093.75,CHECKSUM=2524d264def74cce2498bf112bedf00e6c0b796d,,0,True,2319a338491746d7c3ee54a212a5e10775313086edde16f7eac411f7781cef49
v8_ignition,math-partial-sums,18,16,229518300,14344893.75,CHECKSUM=60.08994194659945,,0,True,00d31496f5edb04d1db4c57cf94dcee22bf029002789061ff65b1f47ca19931e
quickjs,math-partial-sums,18,16,298944200,18684012.5,CHECKSUM=60.08994194659945,,0,True,00d31496f5edb04d1db4c57cf94dcee22bf029002789061ff65b1f47ca19931e
v8_ignition,bitops-nsieve-bits,18,16,409972000,25623250.0,CHECKSUM=-1286749544853,,0,True,ef254234e894deef49062adf64960bb8c89398a7222917b870c1a20bb070f274
quickjs,bitops-nsieve-bits,18,16,233276400,14579775.0,CHECKSUM=-1286749544853,,0,True,ef254234e894deef49062adf64960bb8c89398a7222917b870c1a20bb070f274
v8_ignition,string-tagcloud,18,32,232860400,7276887.5,CHECKSUM=315241,,0,True,c7ef7be75b2cf852b77752b22013ad0e51ed13b107fd3349383cd16b29513bbd
quickjs,string-tagcloud,18,32,900214900,28131715.625,CHECKSUM=315241,,0,True,c7ef7be75b2cf852b77752b22013ad0e51ed13b107fd3349383cd16b29513bbd
v8_ignition,string-unpack-code,18,32,258538400,8079325.0,CHECKSUM=511508,,0,True,68a8a79cf599b9d4426388c36ec1db21c49799c4a27ab4f2c0e77c0fdcd2d061
quickjs,string-unpack-code,18,32,2047771300,63992853.125,CHECKSUM=511508,,0,True,68a8a79cf599b9d4426388c36ec1db21c49799c4a27ab4f2c0e77c0fdcd2d061
v8_ignition,date-format-xparb,18,64,304174500,4752726.5625,"CHECKSUM=2017-09-05|Tuesday, September 05, 2017 7:43:48 AM|1504652895000",,0,True,4ba90758c83e80e4573d63242bb2849776a30fac9f21bc1195aa3b48477acc4f
quickjs,date-format-xparb,18,64,1307921200,20436268.75,"CHECKSUM=2017-09-05|Tuesday, September 05, 2017 7:43:48 AM|1504652895000",,0,True,4ba90758c83e80e4573d63242bb2849776a30fac9f21bc1195aa3b48477acc4f
v8_ignition,date-format-tofte,18,32,304460400,9514387.5,"CHECKSUM=2008-05-01|Thursday, May 01, 2008 5:31:22 PM|1209718549000",,0,True,1372e86a53b36d9b13b6d42615638930ff367abbaee784a4217016668771d440
quickjs,date-format-tofte,18,32,995397500,31106171.875,"CHECKSUM=2008-05-01|Thursday, May 01, 2008 5:31:22 PM|1209718549000",,0,True,1372e86a53b36d9b13b6d42615638930ff367abbaee784a4217016668771d440
v8_ignition,string-fasta,18,32,343633300,10738540.625,CHECKSUM=1456000,,0,True,25a4430bd173cf3f8348bb9a343d31af578bbc5592d3801ad1143e663eb17726
quickjs,string-fasta,18,32,879822200,27494443.75,CHECKSUM=1456000,,0,True,25a4430bd173cf3f8348bb9a343d31af578bbc5592d3801ad1143e663eb17726
v8_ignition,crypto-md5,18,32,286523100,8953846.875,CHECKSUM=a831e91e0f70eddcb70dc61c6f82f6cd,,0,True,f56a443c4d90f4f07279686f8c05d146d3a80c1d01bbb27b0661db0bc429d4ab
quickjs,crypto-md5,18,32,241463500,7545734.375,CHECKSUM=a831e91e0f70eddcb70dc61c6f82f6cd,,0,True,f56a443c4d90f4f07279686f8c05d146d3a80c1d01bbb27b0661db0bc429d4ab
v8_ignition,access-nbody,18,16,331639100,20727443.75,CHECKSUM=-1.3524862408537381,,0,True,0b9a906130c46bbde7af68aced35070d61f38ad3ddcdecfd9556672f7368dfa2
quickjs,access-nbody,18,16,255089300,15943081.25,CHECKSUM=-1.3524862408537381,,0,True,0b9a906130c46bbde7af68aced35070d61f38ad3ddcdecfd9556672f7368dfa2
v8_ignition,3d-raytrace,18,16,275527500,17220468.75,CHECKSUM=20970,,0,True,a006bac48a32d59b55bfb179110c29cf99c5193bb7fad9ed45c1a770d10a359a
quickjs,3d-raytrace,18,16,255069600,15941850.0,CHECKSUM=20969,,0,True,a006bac48a32d59b55bfb179110c29cf99c5193bb7fad9ed45c1a770d10a359a
v8_ignition,3d-cube,18,16,341069500,21316843.75,CHECKSUM=320,,0,True,bc30b827463144ad584749054c0706de2b0ee47cb6ce07af1ba883cc9615d1aa
quickjs,3d-cube,18,16,525305400,32831587.5,CHECKSUM=320,,0,True,bc30b827463144ad584749054c0706de2b0ee47cb6ce07af1ba883cc9615d1aa
v8_ignition,math-spectral-norm,18,32,278112900,8691028.125,CHECKSUM=5.086694231303284,,0,True,67383cc3484c0d356590f1e3d3e8f32da407ac5f058211b5d02f7fb87a2906ac
quickjs,math-spectral-norm,18,32,310622100,9706940.625,CHECKSUM=5.086694231303284,,0,True,67383cc3484c0d356590f1e3d3e8f32da407ac5f058211b5d02f7fb87a2906ac
v8_ignition,access-fannkuch,18,8,313493000,39186625.0,CHECKSUM=22,,0,True,14ca39c4940cb77dde1c975cf6047a8ca4ff495a4dce7a9c5489b40f7623e23b
quickjs,access-fannkuch,18,8,298270800,37283850.0,CHECKSUM=22,,0,True,14ca39c4940cb77dde1c975cf6047a8ca4ff495a4dce7a9c5489b40f7623e23b
v8_ignition,string-validate-input,18,32,222545100,6954534.375,CHECKSUM=462000,,0,True,c342b03c06ac1759c76d594213f9725dd133b082bed78ad362bcbdf61ff41ac9
quickjs,string-validate-input,18,32,452423300,14138228.125,CHECKSUM=462000,,0,True,c342b03c06ac1759c76d594213f9725dd133b082bed78ad362bcbdf61ff41ac9
v8_ignition,bitops-bitwise-and,18,32,355139300,11098103.125,CHECKSUM=0,,0,True,55abb3c2e2f9d778dc2b1d00c814581824294ee6b23b3f900bc95c299fe9e553
quickjs,bitops-bitwise-and,18,32,259583800,8111993.75,CHECKSUM=0,,0,True,55abb3c2e2f9d778dc2b1d00c814581824294ee6b23b3f900bc95c299fe9e553
quickjs,controlflow-recursive,19,32,278525200,8703912.5,CHECKSUM=57775,,0,True,2654c7838986abd352cd642a15f55413c6df26469fa39de4ffe77b47bb2cc66c
v8_ignition,controlflow-recursive,19,32,257984400,8062012.5,CHECKSUM=57775,,0,True,2654c7838986abd352cd642a15f55413c6df26469fa39de4ffe77b47bb2cc66c
quickjs,regexp-dna,19,128,10559677100,82497477.34375,CHECKSUM=249:300056,,0,True,a53c6059e0ee97b1bd02370ba00f2310a0b6d2fa86ac87d3a00592bab8072e3a
v8_ignition,regexp-dna,19,128,287340900,2244850.78125,CHECKSUM=249:300056,,0,True,a53c6059e0ee97b1bd02370ba00f2310a0b6d2fa86ac87d3a00592bab8072e3a
quickjs,crypto-md5,19,32,245454300,7670446.875,CHECKSUM=a831e91e0f70eddcb70dc61c6f82f6cd,,0,True,f56a443c4d90f4f07279686f8c05d146d3a80c1d01bbb27b0661db0bc429d4ab
v8_ignition,crypto-md5,19,32,286448400,8951512.5,CHECKSUM=a831e91e0f70eddcb70dc61c6f82f6cd,,0,True,f56a443c4d90f4f07279686f8c05d146d3a80c1d01bbb27b0661db0bc429d4ab
quickjs,bitops-bits-in-byte,19,16,328779900,20548743.75,CHECKSUM=358400,,0,True,f5c49904410f845a94f7e2e5534562933d30dbb449a39035ff46077059b2d91e
v8_ignition,bitops-bits-in-byte,19,16,343393600,21462100.0,CHECKSUM=358400,,0,True,f5c49904410f845a94f7e2e5534562933d30dbb449a39035ff46077059b2d91e
quickjs,string-base64,19,32,724649500,22645296.875,CHECKSUM=32768,,0,True,e43d3d50e40a2e2fe0ebf5da8d8ad9d0865bade106ae6ef848f13c3324d25a35
v8_ignition,string-base64,19,32,242100800,7565650.0,CHECKSUM=32768,,0,True,e43d3d50e40a2e2fe0ebf5da8d8ad9d0865bade106ae6ef848f13c3324d25a35
quickjs,access-binary-trees,19,32,411228600,12850893.75,CHECKSUM=-4,,0,True,d2f0effcffabb4f66feea7d208d33ec1de01e131b98394b5c3f674d9c794e0d6
v8_ignition,access-binary-trees,19,32,213964800,6686400.0,CHECKSUM=-4,,0,True,d2f0effcffabb4f66feea7d208d33ec1de01e131b98394b5c3f674d9c794e0d6
quickjs,3d-morph,19,8,189301000,23662625.0,CHECKSUM=0,,0,True,fd5bd998032f9904bd40a69a9fa6fc4caebdb9582e0e919ead1720ec9afe11aa
v8_ignition,3d-morph,19,8,199164200,24895525.0,CHECKSUM=0,,0,True,fd5bd998032f9904bd40a69a9fa6fc4caebdb9582e0e919ead1720ec9afe11aa
quickjs,access-nsieve,19,16,391796600,24487287.5,CHECKSUM=14302,,0,True,873688bafdc3d4027bbdc57baede0c0cd0f145e97a9752020bd0d117e771b990
v8_ignition,access-nsieve,19,16,205345900,12834118.75,CHECKSUM=14302,,0,True,873688bafdc3d4027bbdc57baede0c0cd0f145e97a9752020bd0d117e771b990
quickjs,access-fannkuch,19,8,302206000,37775750.0,CHECKSUM=22,,0,True,14ca39c4940cb77dde1c975cf6047a8ca4ff495a4dce7a9c5489b40f7623e23b
v8_ignition,access-fannkuch,19,8,312190900,39023862.5,CHECKSUM=22,,0,True,14ca39c4940cb77dde1c975cf6047a8ca4ff495a4dce7a9c5489b40f7623e23b
quickjs,string-validate-input,19,32,446899300,13965603.125,CHECKSUM=462000,,0,True,c342b03c06ac1759c76d594213f9725dd133b082bed78ad362bcbdf61ff41ac9
v8_ignition,string-validate-input,19,32,222357600,6948675.0,CHECKSUM=462000,,0,True,c342b03c06ac1759c76d594213f9725dd133b082bed78ad362bcbdf61ff41ac9
quickjs,crypto-sha1,19,32,232437100,7263659.375,CHECKSUM=2524d264def74cce2498bf112bedf00e6c0b796d,,0,True,2319a338491746d7c3ee54a212a5e10775313086edde16f7eac411f7781cef49
v8_ignition,crypto-sha1,19,32,307315200,9603600.0,CHECKSUM=2524d264def74cce2498bf112bedf00e6c0b796d,,0,True,2319a338491746d7c3ee54a212a5e10775313086edde16f7eac411f7781cef49
quickjs,math-partial-sums,19,16,289565800,18097862.5,CHECKSUM=60.08994194659945,,0,True,00d31496f5edb04d1db4c57cf94dcee22bf029002789061ff65b1f47ca19931e
v8_ignition,math-partial-sums,19,16,222560000,13910000.0,CHECKSUM=60.08994194659945,,0,True,00d31496f5edb04d1db4c57cf94dcee22bf029002789061ff65b1f47ca19931e
quickjs,math-cordic,19,16,363713800,22732112.5,CHECKSUM=10362.570468755888,,0,True,5ef0f07deb7ae62267cb78d88ce5cb0a9f6f9eedf8f32c89e8e027a0d55694ca
v8_ignition,math-cordic,19,16,310739800,19421237.5,CHECKSUM=10362.570468755888,,0,True,5ef0f07deb7ae62267cb78d88ce5cb0a9f6f9eedf8f32c89e8e027a0d55694ca
quickjs,string-tagcloud,19,32,884799300,27649978.125,CHECKSUM=315241,,0,True,c7ef7be75b2cf852b77752b22013ad0e51ed13b107fd3349383cd16b29513bbd
v8_ignition,string-tagcloud,19,32,232880800,7277525.0,CHECKSUM=315241,,0,True,c7ef7be75b2cf852b77752b22013ad0e51ed13b107fd3349383cd16b29513bbd
quickjs,crypto-aes,19,16,252167000,15760437.5,CHECKSUM=1343,,0,True,6de1e96fa9a5b787048aba3f79a67a682f659807b1050cc1ea07efa9fabfc27e
v8_ignition,crypto-aes,19,16,260445400,16277837.5,CHECKSUM=1343,,0,True,6de1e96fa9a5b787048aba3f79a67a682f659807b1050cc1ea07efa9fabfc27e
quickjs,bitops-nsieve-bits,19,16,241723500,15107718.75,CHECKSUM=-1286749544853,,0,True,ef254234e894deef49062adf64960bb8c89398a7222917b870c1a20bb070f274
v8_ignition,bitops-nsieve-bits,19,16,408962200,25560137.5,CHECKSUM=-1286749544853,,0,True,ef254234e894deef49062adf64960bb8c89398a7222917b870c1a20bb070f274
quickjs,date-format-xparb,19,64,1294596800,20228075.0,"CHECKSUM=2017-09-05|Tuesday, September 05, 2017 7:43:48 AM|1504652895000",,0,True,4ba90758c83e80e4573d63242bb2849776a30fac9f21bc1195aa3b48477acc4f
v8_ignition,date-format-xparb,19,64,311455400,4866490.625,"CHECKSUM=2017-09-05|Tuesday, September 05, 2017 7:43:48 AM|1504652895000",,0,True,4ba90758c83e80e4573d63242bb2849776a30fac9f21bc1195aa3b48477acc4f
quickjs,date-format-tofte,19,32,980201600,30631300.0,"CHECKSUM=2008-05-01|Thursday, May 01, 2008 5:31:22 PM|1209718549000",,0,True,1372e86a53b36d9b13b6d42615638930ff367abbaee784a4217016668771d440
v8_ignition,date-format-tofte,19,32,303024400,9469512.5,"CHECKSUM=2008-05-01|Thursday, May 01, 2008 5:31:22 PM|1209718549000",,0,True,1372e86a53b36d9b13b6d42615638930ff367abbaee784a4217016668771d440
quickjs,bitops-3bit-bits-in-byte,19,32,321526100,10047690.625,CHECKSUM=512000,,0,True,595fcbd71ba4c9520f6ce3314b5f1637e4c15b2dcba679ab1e7523a264dae220
v8_ignition,bitops-3bit-bits-in-byte,19,32,268223000,8381968.75,CHECKSUM=512000,,0,True,595fcbd71ba4c9520f6ce3314b5f1637e4c15b2dcba679ab1e7523a264dae220
quickjs,math-spectral-norm,19,32,305665900,9552059.375,CHECKSUM=5.086694231303284,,0,True,67383cc3484c0d356590f1e3d3e8f32da407ac5f058211b5d02f7fb87a2906ac
v8_ignition,math-spectral-norm,19,32,286584500,8955765.625,CHECKSUM=5.086694231303284,,0,True,67383cc3484c0d356590f1e3d3e8f32da407ac5f058211b5d02f7fb87a2906ac
quickjs,3d-cube,19,16,505729900,31608118.75,CHECKSUM=320,,0,True,bc30b827463144ad584749054c0706de2b0ee47cb6ce07af1ba883cc9615d1aa
v8_ignition,3d-cube,19,16,339497300,21218581.25,CHECKSUM=320,,0,True,bc30b827463144ad584749054c0706de2b0ee47cb6ce07af1ba883cc9615d1aa
quickjs,string-fasta,19,32,885464800,27670775.0,CHECKSUM=1456000,,0,True,25a4430bd173cf3f8348bb9a343d31af578bbc5592d3801ad1143e663eb17726
v8_ignition,string-fasta,19,32,345891000,10809093.75,CHECKSUM=1456000,,0,True,25a4430bd173cf3f8348bb9a343d31af578bbc5592d3801ad1143e663eb17726
quickjs,bitops-bitwise-and,19,32,260477000,8139906.25,CHECKSUM=0,,0,True,55abb3c2e2f9d778dc2b1d00c814581824294ee6b23b3f900bc95c299fe9e553
v8_ignition,bitops-bitwise-and,19,32,337846900,10557715.625,CHECKSUM=0,,0,True,55abb3c2e2f9d778dc2b1d00c814581824294ee6b23b3f900bc95c299fe9e553
quickjs,string-unpack-code,19,32,1911598100,59737440.625,CHECKSUM=511508,,0,True,68a8a79cf599b9d4426388c36ec1db21c49799c4a27ab4f2c0e77c0fdcd2d061
v8_ignition,string-unpack-code,19,32,266928000,8341500.0,CHECKSUM=511508,,0,True,68a8a79cf599b9d4426388c36ec1db21c49799c4a27ab4f2c0e77c0fdcd2d061
quickjs,access-nbody,19,16,265520600,16595037.5,CHECKSUM=-1.3524862408537381,,0,True,0b9a906130c46bbde7af68aced35070d61f38ad3ddcdecfd9556672f7368dfa2
v8_ignition,access-nbody,19,16,344414200,21525887.5,CHECKSUM=-1.3524862408537381,,0,True,0b9a906130c46bbde7af68aced35070d61f38ad3ddcdecfd9556672f7368dfa2
quickjs,3d-raytrace,19,16,259326300,16207893.75,CHECKSUM=20969,,0,True,a006bac48a32d59b55bfb179110c29cf99c5193bb7fad9ed45c1a770d10a359a
v8_ignition,3d-raytrace,19,16,277919100,17369943.75,CHECKSUM=20970,,0,True,a006bac48a32d59b55bfb179110c29cf99c5193bb7fad9ed45c1a770d10a359a
v8_ignition,string-validate-input,20,32,234773000,7336656.25,CHECKSUM=462000,,0,True,c342b03c06ac1759c76d594213f9725dd133b082bed78ad362bcbdf61ff41ac9
quickjs,string-validate-input,20,32,455344700,14229521.875,CHECKSUM=462000,,0,True,c342b03c06ac1759c76d594213f9725dd133b082bed78ad362bcbdf61ff41ac9
v8_ignition,math-spectral-norm,20,32,277400700,8668771.875,CHECKSUM=5.086694231303284,,0,True,67383cc3484c0d356590f1e3d3e8f32da407ac5f058211b5d02f7fb87a2906ac
quickjs,math-spectral-norm,20,32,328507900,10265871.875,CHECKSUM=5.086694231303284,,0,True,67383cc3484c0d356590f1e3d3e8f32da407ac5f058211b5d02f7fb87a2906ac
v8_ignition,3d-cube,20,16,342671900,21416993.75,CHECKSUM=320,,0,True,bc30b827463144ad584749054c0706de2b0ee47cb6ce07af1ba883cc9615d1aa
quickjs,3d-cube,20,16,511419300,31963706.25,CHECKSUM=320,,0,True,bc30b827463144ad584749054c0706de2b0ee47cb6ce07af1ba883cc9615d1aa
v8_ignition,bitops-bits-in-byte,20,16,370819900,23176243.75,CHECKSUM=358400,,0,True,f5c49904410f845a94f7e2e5534562933d30dbb449a39035ff46077059b2d91e
quickjs,bitops-bits-in-byte,20,16,328496200,20531012.5,CHECKSUM=358400,,0,True,f5c49904410f845a94f7e2e5534562933d30dbb449a39035ff46077059b2d91e
v8_ignition,bitops-3bit-bits-in-byte,20,32,289469500,9045921.875,CHECKSUM=512000,,0,True,595fcbd71ba4c9520f6ce3314b5f1637e4c15b2dcba679ab1e7523a264dae220
quickjs,bitops-3bit-bits-in-byte,20,32,313818100,9806815.625,CHECKSUM=512000,,0,True,595fcbd71ba4c9520f6ce3314b5f1637e4c15b2dcba679ab1e7523a264dae220
v8_ignition,controlflow-recursive,20,32,253489800,7921556.25,CHECKSUM=57775,,0,True,2654c7838986abd352cd642a15f55413c6df26469fa39de4ffe77b47bb2cc66c
quickjs,controlflow-recursive,20,32,277314800,8666087.5,CHECKSUM=57775,,0,True,2654c7838986abd352cd642a15f55413c6df26469fa39de4ffe77b47bb2cc66c
v8_ignition,math-cordic,20,16,309565400,19347837.5,CHECKSUM=10362.570468755888,,0,True,5ef0f07deb7ae62267cb78d88ce5cb0a9f6f9eedf8f32c89e8e027a0d55694ca
quickjs,math-cordic,20,16,359116000,22444750.0,CHECKSUM=10362.570468755888,,0,True,5ef0f07deb7ae62267cb78d88ce5cb0a9f6f9eedf8f32c89e8e027a0d55694ca
v8_ignition,bitops-nsieve-bits,20,16,400611200,25038200.0,CHECKSUM=-1286749544853,,0,True,ef254234e894deef49062adf64960bb8c89398a7222917b870c1a20bb070f274
quickjs,bitops-nsieve-bits,20,16,234892700,14680793.75,CHECKSUM=-1286749544853,,0,True,ef254234e894deef49062adf64960bb8c89398a7222917b870c1a20bb070f274
v8_ignition,3d-raytrace,20,16,273935600,17120975.0,CHECKSUM=20970,,0,True,a006bac48a32d59b55bfb179110c29cf99c5193bb7fad9ed45c1a770d10a359a
quickjs,3d-raytrace,20,16,253075800,15817237.5,CHECKSUM=20969,,0,True,a006bac48a32d59b55bfb179110c29cf99c5193bb7fad9ed45c1a770d10a359a
v8_ignition,crypto-sha1,20,32,308870500,9652203.125,CHECKSUM=2524d264def74cce2498bf112bedf00e6c0b796d,,0,True,2319a338491746d7c3ee54a212a5e10775313086edde16f7eac411f7781cef49
quickjs,crypto-sha1,20,32,228643600,7145112.5,CHECKSUM=2524d264def74cce2498bf112bedf00e6c0b796d,,0,True,2319a338491746d7c3ee54a212a5e10775313086edde16f7eac411f7781cef49
v8_ignition,crypto-md5,20,32,282686000,8833937.5,CHECKSUM=a831e91e0f70eddcb70dc61c6f82f6cd,,0,True,f56a443c4d90f4f07279686f8c05d146d3a80c1d01bbb27b0661db0bc429d4ab
quickjs,crypto-md5,20,32,243492400,7609137.5,CHECKSUM=a831e91e0f70eddcb70dc61c6f82f6cd,,0,True,f56a443c4d90f4f07279686f8c05d146d3a80c1d01bbb27b0661db0bc429d4ab
v8_ignition,access-nsieve,20,16,199185100,12449068.75,CHECKSUM=14302,,0,True,873688bafdc3d4027bbdc57baede0c0cd0f145e97a9752020bd0d117e771b990
quickjs,access-nsieve,20,16,395029600,24689350.0,CHECKSUM=14302,,0,True,873688bafdc3d4027bbdc57baede0c0cd0f145e97a9752020bd0d117e771b990
v8_ignition,string-base64,20,32,242548500,7579640.625,CHECKSUM=32768,,0,True,e43d3d50e40a2e2fe0ebf5da8d8ad9d0865bade106ae6ef848f13c3324d25a35
quickjs,string-base64,20,32,725959500,22686234.375,CHECKSUM=32768,,0,True,e43d3d50e40a2e2fe0ebf5da8d8ad9d0865bade106ae6ef848f13c3324d25a35
v8_ignition,math-partial-sums,20,16,225518500,14094906.25,CHECKSUM=60.08994194659945,,0,True,00d31496f5edb04d1db4c57cf94dcee22bf029002789061ff65b1f47ca19931e
quickjs,math-partial-sums,20,16,289987200,18124200.0,CHECKSUM=60.08994194659945,,0,True,00d31496f5edb04d1db4c57cf94dcee22bf029002789061ff65b1f47ca19931e
v8_ignition,date-format-tofte,20,32,305808400,9556512.5,"CHECKSUM=2008-05-01|Thursday, May 01, 2008 5:31:22 PM|1209718549000",,0,True,1372e86a53b36d9b13b6d42615638930ff367abbaee784a4217016668771d440
quickjs,date-format-tofte,20,32,978843700,30588865.625,"CHECKSUM=2008-05-01|Thursday, May 01, 2008 5:31:22 PM|1209718549000",,0,True,1372e86a53b36d9b13b6d42615638930ff367abbaee784a4217016668771d440
v8_ignition,string-fasta,20,32,347034500,10844828.125,CHECKSUM=1456000,,0,True,25a4430bd173cf3f8348bb9a343d31af578bbc5592d3801ad1143e663eb17726
quickjs,string-fasta,20,32,872638800,27269962.5,CHECKSUM=1456000,,0,True,25a4430bd173cf3f8348bb9a343d31af578bbc5592d3801ad1143e663eb17726
v8_ignition,3d-morph,20,8,197282500,24660312.5,CHECKSUM=0,,0,True,fd5bd998032f9904bd40a69a9fa6fc4caebdb9582e0e919ead1720ec9afe11aa
quickjs,3d-morph,20,8,188484100,23560512.5,CHECKSUM=0,,0,True,fd5bd998032f9904bd40a69a9fa6fc4caebdb9582e0e919ead1720ec9afe11aa
v8_ignition,access-binary-trees,20,32,211652300,6614134.375,CHECKSUM=-4,,0,True,d2f0effcffabb4f66feea7d208d33ec1de01e131b98394b5c3f674d9c794e0d6
quickjs,access-binary-trees,20,32,396846400,12401450.0,CHECKSUM=-4,,0,True,d2f0effcffabb4f66feea7d208d33ec1de01e131b98394b5c3f674d9c794e0d6
v8_ignition,crypto-aes,20,16,262241300,16390081.25,CHECKSUM=1343,,0,True,6de1e96fa9a5b787048aba3f79a67a682f659807b1050cc1ea07efa9fabfc27e
quickjs,crypto-aes,20,16,248471500,15529468.75,CHECKSUM=1343,,0,True,6de1e96fa9a5b787048aba3f79a67a682f659807b1050cc1ea07efa9fabfc27e
v8_ignition,bitops-bitwise-and,20,32,350350400,10948450.0,CHECKSUM=0,,0,True,55abb3c2e2f9d778dc2b1d00c814581824294ee6b23b3f900bc95c299fe9e553
quickjs,bitops-bitwise-and,20,32,241691800,7552868.75,CHECKSUM=0,,0,True,55abb3c2e2f9d778dc2b1d00c814581824294ee6b23b3f900bc95c299fe9e553
v8_ignition,access-nbody,20,16,332970200,20810637.5,CHECKSUM=-1.3524862408537381,,0,True,0b9a906130c46bbde7af68aced35070d61f38ad3ddcdecfd9556672f7368dfa2
quickjs,access-nbody,20,16,254901900,15931368.75,CHECKSUM=-1.3524862408537381,,0,True,0b9a906130c46bbde7af68aced35070d61f38ad3ddcdecfd9556672f7368dfa2
v8_ignition,regexp-dna,20,128,283616400,2215753.125,CHECKSUM=249:300056,,0,True,a53c6059e0ee97b1bd02370ba00f2310a0b6d2fa86ac87d3a00592bab8072e3a
quickjs,regexp-dna,20,128,10513987800,82140529.6875,CHECKSUM=249:300056,,0,True,a53c6059e0ee97b1bd02370ba00f2310a0b6d2fa86ac87d3a00592bab8072e3a
v8_ignition,string-tagcloud,20,32,232428000,7263375.0,CHECKSUM=315241,,0,True,c7ef7be75b2cf852b77752b22013ad0e51ed13b107fd3349383cd16b29513bbd
quickjs,string-tagcloud,20,32,887095400,27721731.25,CHECKSUM=315241,,0,True,c7ef7be75b2cf852b77752b22013ad0e51ed13b107fd3349383cd16b29513bbd
v8_ignition,date-format-xparb,20,64,302871900,4732373.4375,"CHECKSUM=2017-09-05|Tuesday, September 05, 2017 7:43:48 AM|1504652895000",,0,True,4ba90758c83e80e4573d63242bb2849776a30fac9f21bc1195aa3b48477acc4f
quickjs,date-format-xparb,20,64,1300898200,20326534.375,"CHECKSUM=2017-09-05|Tuesday, September 05, 2017 7:43:48 AM|1504652895000",,0,True,4ba90758c83e80e4573d63242bb2849776a30fac9f21bc1195aa3b48477acc4f
v8_ignition,string-unpack-code,20,32,258475900,8077371.875,CHECKSUM=511508,,0,True,68a8a79cf599b9d4426388c36ec1db21c49799c4a27ab4f2c0e77c0fdcd2d061
quickjs,string-unpack-code,20,32,1984728800,62022775.0,CHECKSUM=511508,,0,True,68a8a79cf599b9d4426388c36ec1db21c49799c4a27ab4f2c0e77c0fdcd2d061
v8_ignition,access-fannkuch,20,8,313420400,39177550.0,CHECKSUM=22,,0,True,14ca39c4940cb77dde1c975cf6047a8ca4ff495a4dce7a9c5489b40f7623e23b
quickjs,access-fannkuch,20,8,302521300,37815162.5,CHECKSUM=22,,0,True,14ca39c4940cb77dde1c975cf6047a8ca4ff495a4dce7a9c5489b40f7623e23b
quickjs,access-binary-trees,21,32,400290600,12509081.25,CHECKSUM=-4,,0,True,d2f0effcffabb4f66feea7d208d33ec1de01e131b98394b5c3f674d9c794e0d6
v8_ignition,access-binary-trees,21,32,215692700,6740396.875,CHECKSUM=-4,,0,True,d2f0effcffabb4f66feea7d208d33ec1de01e131b98394b5c3f674d9c794e0d6
quickjs,crypto-aes,21,16,250929700,15683106.25,CHECKSUM=1343,,0,True,6de1e96fa9a5b787048aba3f79a67a682f659807b1050cc1ea07efa9fabfc27e
v8_ignition,crypto-aes,21,16,264522600,16532662.5,CHECKSUM=1343,,0,True,6de1e96fa9a5b787048aba3f79a67a682f659807b1050cc1ea07efa9fabfc27e
quickjs,bitops-3bit-bits-in-byte,21,32,316708400,9897137.5,CHECKSUM=512000,,0,True,595fcbd71ba4c9520f6ce3314b5f1637e4c15b2dcba679ab1e7523a264dae220
v8_ignition,bitops-3bit-bits-in-byte,21,32,263971900,8249121.875,CHECKSUM=512000,,0,True,595fcbd71ba4c9520f6ce3314b5f1637e4c15b2dcba679ab1e7523a264dae220
quickjs,date-format-xparb,21,64,1293136800,20205262.5,"CHECKSUM=2017-09-05|Tuesday, September 05, 2017 7:43:48 AM|1504652895000",,0,True,4ba90758c83e80e4573d63242bb2849776a30fac9f21bc1195aa3b48477acc4f
v8_ignition,date-format-xparb,21,64,304538100,4758407.8125,"CHECKSUM=2017-09-05|Tuesday, September 05, 2017 7:43:48 AM|1504652895000",,0,True,4ba90758c83e80e4573d63242bb2849776a30fac9f21bc1195aa3b48477acc4f
quickjs,crypto-sha1,21,32,233788800,7305900.0,CHECKSUM=2524d264def74cce2498bf112bedf00e6c0b796d,,0,True,2319a338491746d7c3ee54a212a5e10775313086edde16f7eac411f7781cef49
v8_ignition,crypto-sha1,21,32,309729900,9679059.375,CHECKSUM=2524d264def74cce2498bf112bedf00e6c0b796d,,0,True,2319a338491746d7c3ee54a212a5e10775313086edde16f7eac411f7781cef49
quickjs,3d-raytrace,21,16,254262000,15891375.0,CHECKSUM=20969,,0,True,a006bac48a32d59b55bfb179110c29cf99c5193bb7fad9ed45c1a770d10a359a
v8_ignition,3d-raytrace,21,16,273135700,17070981.25,CHECKSUM=20970,,0,True,a006bac48a32d59b55bfb179110c29cf99c5193bb7fad9ed45c1a770d10a359a
quickjs,string-tagcloud,21,32,885044500,27657640.625,CHECKSUM=315241,,0,True,c7ef7be75b2cf852b77752b22013ad0e51ed13b107fd3349383cd16b29513bbd
v8_ignition,string-tagcloud,21,32,234626400,7332075.0,CHECKSUM=315241,,0,True,c7ef7be75b2cf852b77752b22013ad0e51ed13b107fd3349383cd16b29513bbd
quickjs,regexp-dna,21,128,10281004300,80320346.09375,CHECKSUM=249:300056,,0,True,a53c6059e0ee97b1bd02370ba00f2310a0b6d2fa86ac87d3a00592bab8072e3a
v8_ignition,regexp-dna,21,128,286680100,2239688.28125,CHECKSUM=249:300056,,0,True,a53c6059e0ee97b1bd02370ba00f2310a0b6d2fa86ac87d3a00592bab8072e3a
quickjs,bitops-bits-in-byte,21,16,326622200,20413887.5,CHECKSUM=358400,,0,True,f5c49904410f845a94f7e2e5534562933d30dbb449a39035ff46077059b2d91e
v8_ignition,bitops-bits-in-byte,21,16,338148500,21134281.25,CHECKSUM=358400,,0,True,f5c49904410f845a94f7e2e5534562933d30dbb449a39035ff46077059b2d91e
quickjs,math-partial-sums,21,16,288845900,18052868.75,CHECKSUM=60.08994194659945,,0,True,00d31496f5edb04d1db4c57cf94dcee22bf029002789061ff65b1f47ca19931e
v8_ignition,math-partial-sums,21,16,222567200,13910450.0,CHECKSUM=60.08994194659945,,0,True,00d31496f5edb04d1db4c57cf94dcee22bf029002789061ff65b1f47ca19931e
quickjs,3d-morph,21,8,189273500,23659187.5,CHECKSUM=0,,0,True,fd5bd998032f9904bd40a69a9fa6fc4caebdb9582e0e919ead1720ec9afe11aa
v8_ignition,3d-morph,21,8,200145400,25018175.0,CHECKSUM=0,,0,True,fd5bd998032f9904bd40a69a9fa6fc4caebdb9582e0e919ead1720ec9afe11aa
quickjs,controlflow-recursive,21,32,277843200,8682600.0,CHECKSUM=57775,,0,True,2654c7838986abd352cd642a15f55413c6df26469fa39de4ffe77b47bb2cc66c
v8_ignition,controlflow-recursive,21,32,255957300,7998665.625,CHECKSUM=57775,,0,True,2654c7838986abd352cd642a15f55413c6df26469fa39de4ffe77b47bb2cc66c
quickjs,string-validate-input,21,32,449740000,14054375.0,CHECKSUM=462000,,0,True,c342b03c06ac1759c76d594213f9725dd133b082bed78ad362bcbdf61ff41ac9
v8_ignition,string-validate-input,21,32,226565400,7080168.75,CHECKSUM=462000,,0,True,c342b03c06ac1759c76d594213f9725dd133b082bed78ad362bcbdf61ff41ac9
quickjs,crypto-md5,21,32,242595200,7581100.0,CHECKSUM=a831e91e0f70eddcb70dc61c6f82f6cd,,0,True,f56a443c4d90f4f07279686f8c05d146d3a80c1d01bbb27b0661db0bc429d4ab
v8_ignition,crypto-md5,21,32,284715700,8897365.625,CHECKSUM=a831e91e0f70eddcb70dc61c6f82f6cd,,0,True,f56a443c4d90f4f07279686f8c05d146d3a80c1d01bbb27b0661db0bc429d4ab
quickjs,access-fannkuch,21,8,305292600,38161575.0,CHECKSUM=22,,0,True,14ca39c4940cb77dde1c975cf6047a8ca4ff495a4dce7a9c5489b40f7623e23b
v8_ignition,access-fannkuch,21,8,310658900,38832362.5,CHECKSUM=22,,0,True,14ca39c4940cb77dde1c975cf6047a8ca4ff495a4dce7a9c5489b40f7623e23b
quickjs,access-nsieve,21,16,402403900,25150243.75,CHECKSUM=14302,,0,True,873688bafdc3d4027bbdc57baede0c0cd0f145e97a9752020bd0d117e771b990
v8_ignition,access-nsieve,21,16,201728700,12608043.75,CHECKSUM=14302,,0,True,873688bafdc3d4027bbdc57baede0c0cd0f145e97a9752020bd0d117e771b990
quickjs,bitops-bitwise-and,21,32,243235900,7601121.875,CHECKSUM=0,,0,True,55abb3c2e2f9d778dc2b1d00c814581824294ee6b23b3f900bc95c299fe9e553
v8_ignition,bitops-bitwise-and,21,32,361423500,11294484.375,CHECKSUM=0,,0,True,55abb3c2e2f9d778dc2b1d00c814581824294ee6b23b3f900bc95c299fe9e553
quickjs,string-fasta,21,32,880792700,27524771.875,CHECKSUM=1456000,,0,True,25a4430bd173cf3f8348bb9a343d31af578bbc5592d3801ad1143e663eb17726
v8_ignition,string-fasta,21,32,348369200,10886537.5,CHECKSUM=1456000,,0,True,25a4430bd173cf3f8348bb9a343d31af578bbc5592d3801ad1143e663eb17726
quickjs,math-cordic,21,16,358783700,22423981.25,CHECKSUM=10362.570468755888,,0,True,5ef0f07deb7ae62267cb78d88ce5cb0a9f6f9eedf8f32c89e8e027a0d55694ca
v8_ignition,math-cordic,21,16,316220800,19763800.0,CHECKSUM=10362.570468755888,,0,True,5ef0f07deb7ae62267cb78d88ce5cb0a9f6f9eedf8f32c89e8e027a0d55694ca
quickjs,date-format-tofte,21,32,981230000,30663437.5,"CHECKSUM=2008-05-01|Thursday, May 01, 2008 5:31:22 PM|1209718549000",,0,True,1372e86a53b36d9b13b6d42615638930ff367abbaee784a4217016668771d440
v8_ignition,date-format-tofte,21,32,305923200,9560100.0,"CHECKSUM=2008-05-01|Thursday, May 01, 2008 5:31:22 PM|1209718549000",,0,True,1372e86a53b36d9b13b6d42615638930ff367abbaee784a4217016668771d440
quickjs,access-nbody,21,16,273098000,17068625.0,CHECKSUM=-1.3524862408537381,,0,True,0b9a906130c46bbde7af68aced35070d61f38ad3ddcdecfd9556672f7368dfa2
v8_ignition,access-nbody,21,16,329818800,20613675.0,CHECKSUM=-1.3524862408537381,,0,True,0b9a906130c46bbde7af68aced35070d61f38ad3ddcdecfd9556672f7368dfa2
quickjs,string-unpack-code,21,32,1930299300,60321853.125,CHECKSUM=511508,,0,True,68a8a79cf599b9d4426388c36ec1db21c49799c4a27ab4f2c0e77c0fdcd2d061
v8_ignition,string-unpack-code,21,32,265021200,8281912.5,CHECKSUM=511508,,0,True,68a8a79cf599b9d4426388c36ec1db21c49799c4a27ab4f2c0e77c0fdcd2d061
quickjs,math-spectral-norm,21,32,307899700,9621865.625,CHECKSUM=5.086694231303284,,0,True,67383cc3484c0d356590f1e3d3e8f32da407ac5f058211b5d02f7fb87a2906ac
v8_ignition,math-spectral-norm,21,32,276005500,8625171.875,CHECKSUM=5.086694231303284,,0,True,67383cc3484c0d356590f1e3d3e8f32da407ac5f058211b5d02f7fb87a2906ac
quickjs,bitops-nsieve-bits,21,16,236503600,14781475.0,CHECKSUM=-1286749544853,,0,True,ef254234e894deef49062adf64960bb8c89398a7222917b870c1a20bb070f274
v8_ignition,bitops-nsieve-bits,21,16,425167000,26572937.5,CHECKSUM=-1286749544853,,0,True,ef254234e894deef49062adf64960bb8c89398a7222917b870c1a20bb070f274
quickjs,string-base64,21,32,720026400,22500825.0,CHECKSUM=32768,,0,True,e43d3d50e40a2e2fe0ebf5da8d8ad9d0865bade106ae6ef848f13c3324d25a35
v8_ignition,string-base64,21,32,244100300,7628134.375,CHECKSUM=32768,,0,True,e43d3d50e40a2e2fe0ebf5da8d8ad9d0865bade106ae6ef848f13c3324d25a35
quickjs,3d-cube,21,16,505240400,31577525.0,CHECKSUM=320,,0,True,bc30b827463144ad584749054c0706de2b0ee47cb6ce07af1ba883cc9615d1aa
v8_ignition,3d-cube,21,16,342424800,21401550.0,CHECKSUM=320,,0,True,bc30b827463144ad584749054c0706de2b0ee47cb6ce07af1ba883cc9615d1aa
v8_ignition,bitops-nsieve-bits,22,16,407673500,25479593.75,CHECKSUM=-1286749544853,,0,True,ef254234e894deef49062adf64960bb8c89398a7222917b870c1a20bb070f274
quickjs,bitops-nsieve-bits,22,16,238744400,14921525.0,CHECKSUM=-1286749544853,,0,True,ef254234e894deef49062adf64960bb8c89398a7222917b870c1a20bb070f274
v8_ignition,string-validate-input,22,32,228121900,7128809.375,CHECKSUM=462000,,0,True,c342b03c06ac1759c76d594213f9725dd133b082bed78ad362bcbdf61ff41ac9
quickjs,string-validate-input,22,32,445689800,13927806.25,CHECKSUM=462000,,0,True,c342b03c06ac1759c76d594213f9725dd133b082bed78ad362bcbdf61ff41ac9
v8_ignition,math-cordic,22,16,303883700,18992731.25,CHECKSUM=10362.570468755888,,0,True,5ef0f07deb7ae62267cb78d88ce5cb0a9f6f9eedf8f32c89e8e027a0d55694ca
quickjs,math-cordic,22,16,360993200,22562075.0,CHECKSUM=10362.570468755888,,0,True,5ef0f07deb7ae62267cb78d88ce5cb0a9f6f9eedf8f32c89e8e027a0d55694ca
v8_ignition,string-base64,22,32,243838700,7619959.375,CHECKSUM=32768,,0,True,e43d3d50e40a2e2fe0ebf5da8d8ad9d0865bade106ae6ef848f13c3324d25a35
quickjs,string-base64,22,32,720659300,22520603.125,CHECKSUM=32768,,0,True,e43d3d50e40a2e2fe0ebf5da8d8ad9d0865bade106ae6ef848f13c3324d25a35
v8_ignition,string-fasta,22,32,343417000,10731781.25,CHECKSUM=1456000,,0,True,25a4430bd173cf3f8348bb9a343d31af578bbc5592d3801ad1143e663eb17726
quickjs,string-fasta,22,32,883085400,27596418.75,CHECKSUM=1456000,,0,True,25a4430bd173cf3f8348bb9a343d31af578bbc5592d3801ad1143e663eb17726
v8_ignition,crypto-aes,22,16,256755600,16047225.0,CHECKSUM=1343,,0,True,6de1e96fa9a5b787048aba3f79a67a682f659807b1050cc1ea07efa9fabfc27e
quickjs,crypto-aes,22,16,253186900,15824181.25,CHECKSUM=1343,,0,True,6de1e96fa9a5b787048aba3f79a67a682f659807b1050cc1ea07efa9fabfc27e
v8_ignition,access-nsieve,22,16,197709100,12356818.75,CHECKSUM=14302,,0,True,873688bafdc3d4027bbdc57baede0c0cd0f145e97a9752020bd0d117e771b990
quickjs,access-nsieve,22,16,406930700,25433168.75,CHECKSUM=14302,,0,True,873688bafdc3d4027bbdc57baede0c0cd0f145e97a9752020bd0d117e771b990
v8_ignition,3d-morph,22,8,201914400,25239300.0,CHECKSUM=0,,0,True,fd5bd998032f9904bd40a69a9fa6fc4caebdb9582e0e919ead1720ec9afe11aa
quickjs,3d-morph,22,8,188983600,23622950.0,CHECKSUM=0,,0,True,fd5bd998032f9904bd40a69a9fa6fc4caebdb9582e0e919ead1720ec9afe11aa
v8_ignition,regexp-dna,22,128,285854900,2233241.40625,CHECKSUM=249:300056,,0,True,a53c6059e0ee97b1bd02370ba00f2310a0b6d2fa86ac87d3a00592bab8072e3a
quickjs,regexp-dna,22,128,10602293400,82830417.1875,CHECKSUM=249:300056,,0,True,a53c6059e0ee97b1bd02370ba00f2310a0b6d2fa86ac87d3a00592bab8072e3a
v8_ignition,3d-raytrace,22,16,280889300,17555581.25,CHECKSUM=20970,,0,True,a006bac48a32d59b55bfb179110c29cf99c5193bb7fad9ed45c1a770d10a359a
quickjs,3d-raytrace,22,16,273680900,17105056.25,CHECKSUM=20969,,0,True,a006bac48a32d59b55bfb179110c29cf99c5193bb7fad9ed45c1a770d10a359a
v8_ignition,math-spectral-norm,22,32,267642900,8363840.625,CHECKSUM=5.086694231303284,,0,True,67383cc3484c0d356590f1e3d3e8f32da407ac5f058211b5d02f7fb87a2906ac
quickjs,math-spectral-norm,22,32,304688800,9521525.0,CHECKSUM=5.086694231303284,,0,True,67383cc3484c0d356590f1e3d3e8f32da407ac5f058211b5d02f7fb87a2906ac
v8_ignition,string-unpack-code,22,32,254588800,7955900.0,CHECKSUM=511508,,0,True,68a8a79cf599b9d4426388c36ec1db21c49799c4a27ab4f2c0e77c0fdcd2d061
quickjs,string-unpack-code,22,32,1964008900,61375278.125,CHECKSUM=511508,,0,True,68a8a79cf599b9d4426388c36ec1db21c49799c4a27ab4f2c0e77c0fdcd2d061
v8_ignition,access-nbody,22,16,334787300,20924206.25,CHECKSUM=-1.3524862408537381,,0,True,0b9a906130c46bbde7af68aced35070d61f38ad3ddcdecfd9556672f7368dfa2
quickjs,access-nbody,22,16,255362300,15960143.75,CHECKSUM=-1.3524862408537381,,0,True,0b9a906130c46bbde7af68aced35070d61f38ad3ddcdecfd9556672f7368dfa2
v8_ignition,crypto-md5,22,32,288020200,9000631.25,CHECKSUM=a831e91e0f70eddcb70dc61c6f82f6cd,,0,True,f56a443c4d90f4f07279686f8c05d146d3a80c1d01bbb27b0661db0bc429d4ab
quickjs,crypto-md5,22,32,249206100,7787690.625,CHECKSUM=a831e91e0f70eddcb70dc61c6f82f6cd,,0,True,f56a443c4d90f4f07279686f8c05d146d3a80c1d01bbb27b0661db0bc429d4ab
v8_ignition,access-binary-trees,22,32,212096400,6628012.5,CHECKSUM=-4,,0,True,d2f0effcffabb4f66feea7d208d33ec1de01e131b98394b5c3f674d9c794e0d6
quickjs,access-binary-trees,22,32,396515000,12391093.75,CHECKSUM=-4,,0,True,d2f0effcffabb4f66feea7d208d33ec1de01e131b98394b5c3f674d9c794e0d6
v8_ignition,date-format-xparb,22,64,307321100,4801892.1875,"CHECKSUM=2017-09-05|Tuesday, September 05, 2017 7:43:48 AM|1504652895000",,0,True,4ba90758c83e80e4573d63242bb2849776a30fac9f21bc1195aa3b48477acc4f
quickjs,date-format-xparb,22,64,1292883600,20201306.25,"CHECKSUM=2017-09-05|Tuesday, September 05, 2017 7:43:48 AM|1504652895000",,0,True,4ba90758c83e80e4573d63242bb2849776a30fac9f21bc1195aa3b48477acc4f
v8_ignition,bitops-bitwise-and,22,32,365575400,11424231.25,CHECKSUM=0,,0,True,55abb3c2e2f9d778dc2b1d00c814581824294ee6b23b3f900bc95c299fe9e553
quickjs,bitops-bitwise-and,22,32,263852900,8245403.125,CHECKSUM=0,,0,True,55abb3c2e2f9d778dc2b1d00c814581824294ee6b23b3f900bc95c299fe9e553
v8_ignition,access-fannkuch,22,8,327246400,40905800.0,CHECKSUM=22,,0,True,14ca39c4940cb77dde1c975cf6047a8ca4ff495a4dce7a9c5489b40f7623e23b
quickjs,access-fannkuch,22,8,301430300,37678787.5,CHECKSUM=22,,0,True,14ca39c4940cb77dde1c975cf6047a8ca4ff495a4dce7a9c5489b40f7623e23b
v8_ignition,math-partial-sums,22,16,223312600,13957037.5,CHECKSUM=60.08994194659945,,0,True,00d31496f5edb04d1db4c57cf94dcee22bf029002789061ff65b1f47ca19931e
quickjs,math-partial-sums,22,16,290154700,18134668.75,CHECKSUM=60.08994194659945,,0,True,00d31496f5edb04d1db4c57cf94dcee22bf029002789061ff65b1f47ca19931e
v8_ignition,bitops-bits-in-byte,22,16,349013900,21813368.75,CHECKSUM=358400,,0,True,f5c49904410f845a94f7e2e5534562933d30dbb449a39035ff46077059b2d91e
quickjs,bitops-bits-in-byte,22,16,324137900,20258618.75,CHECKSUM=358400,,0,True,f5c49904410f845a94f7e2e5534562933d30dbb449a39035ff46077059b2d91e
v8_ignition,3d-cube,22,16,344309400,21519337.5,CHECKSUM=320,,0,True,bc30b827463144ad584749054c0706de2b0ee47cb6ce07af1ba883cc9615d1aa
quickjs,3d-cube,22,16,516369200,32273075.0,CHECKSUM=320,,0,True,bc30b827463144ad584749054c0706de2b0ee47cb6ce07af1ba883cc9615d1aa
v8_ignition,controlflow-recursive,22,32,252145700,7879553.125,CHECKSUM=57775,,0,True,2654c7838986abd352cd642a15f55413c6df26469fa39de4ffe77b47bb2cc66c
quickjs,controlflow-recursive,22,32,276104800,8628275.0,CHECKSUM=57775,,0,True,2654c7838986abd352cd642a15f55413c6df26469fa39de4ffe77b47bb2cc66c
v8_ignition,date-format-tofte,22,32,309512300,9672259.375,"CHECKSUM=2008-05-01|Thursday, May 01, 2008 5:31:22 PM|1209718549000",,0,True,1372e86a53b36d9b13b6d42615638930ff367abbaee784a4217016668771d440
quickjs,date-format-tofte,22,32,991877900,30996184.375,"CHECKSUM=2008-05-01|Thursday, May 01, 2008 5:31:22 PM|1209718549000",,0,True,1372e86a53b36d9b13b6d42615638930ff367abbaee784a4217016668771d440
v8_ignition,bitops-3bit-bits-in-byte,22,32,268565400,8392668.75,CHECKSUM=512000,,0,True,595fcbd71ba4c9520f6ce3314b5f1637e4c15b2dcba679ab1e7523a264dae220
quickjs,bitops-3bit-bits-in-byte,22,32,320547500,10017109.375,CHECKSUM=512000,,0,True,595fcbd71ba4c9520f6ce3314b5f1637e4c15b2dcba679ab1e7523a264dae220
v8_ignition,crypto-sha1,22,32,335031800,10469743.75,CHECKSUM=2524d264def74cce2498bf112bedf00e6c0b796d,,0,True,2319a338491746d7c3ee54a212a5e10775313086edde16f7eac411f7781cef49
quickjs,crypto-sha1,22,32,231314600,7228581.25,CHECKSUM=2524d264def74cce2498bf112bedf00e6c0b796d,,0,True,2319a338491746d7c3ee54a212a5e10775313086edde16f7eac411f7781cef49
v8_ignition,string-tagcloud,22,32,235407300,7356478.125,CHECKSUM=315241,,0,True,c7ef7be75b2cf852b77752b22013ad0e51ed13b107fd3349383cd16b29513bbd
quickjs,string-tagcloud,22,32,886477000,27702406.25,CHECKSUM=315241,,0,True,c7ef7be75b2cf852b77752b22013ad0e51ed13b107fd3349383cd16b29513bbd
quickjs,string-validate-input,23,32,466476300,14577384.375,CHECKSUM=462000,,0,True,c342b03c06ac1759c76d594213f9725dd133b082bed78ad362bcbdf61ff41ac9
v8_ignition,string-validate-input,23,32,227784800,7118275.0,CHECKSUM=462000,,0,True,c342b03c06ac1759c76d594213f9725dd133b082bed78ad362bcbdf61ff41ac9
quickjs,string-unpack-code,23,32,1901132100,59410378.125,CHECKSUM=511508,,0,True,68a8a79cf599b9d4426388c36ec1db21c49799c4a27ab4f2c0e77c0fdcd2d061
v8_ignition,string-unpack-code,23,32,263384500,8230765.625,CHECKSUM=511508,,0,True,68a8a79cf599b9d4426388c36ec1db21c49799c4a27ab4f2c0e77c0fdcd2d061
quickjs,math-cordic,23,16,362302600,22643912.5,CHECKSUM=10362.570468755888,,0,True,5ef0f07deb7ae62267cb78d88ce5cb0a9f6f9eedf8f32c89e8e027a0d55694ca
v8_ignition,math-cordic,23,16,311114400,19444650.0,CHECKSUM=10362.570468755888,,0,True,5ef0f07deb7ae62267cb78d88ce5cb0a9f6f9eedf8f32c89e8e027a0d55694ca
quickjs,string-tagcloud,23,32,885764400,27680137.5,CHECKSUM=315241,,0,True,c7ef7be75b2cf852b77752b22013ad0e51ed13b107fd3349383cd16b29513bbd
v8_ignition,string-tagcloud,23,32,229070100,7158440.625,CHECKSUM=315241,,0,True,c7ef7be75b2cf852b77752b22013ad0e51ed13b107fd3349383cd16b29513bbd
quickjs,math-partial-sums,23,16,292866400,18304150.0,CHECKSUM=60.08994194659945,,0,True,00d31496f5edb04d1db4c57cf94dcee22bf029002789061ff65b1f47ca19931e
v8_ignition,math-partial-sums,23,16,224557200,14034825.0,CHECKSUM=60.08994194659945,,0,True,00d31496f5edb04d1db4c57cf94dcee22bf029002789061ff65b1f47ca19931e
quickjs,controlflow-recursive,23,32,279349300,8729665.625,CHECKSUM=57775,,0,True,2654c7838986abd352cd642a15f55413c6df26469fa39de4ffe77b47bb2cc66c
v8_ignition,controlflow-recursive,23,32,251710100,7865940.625,CHECKSUM=57775,,0,True,2654c7838986abd352cd642a15f55413c6df26469fa39de4ffe77b47bb2cc66c
quickjs,math-spectral-norm,23,32,306838100,9588690.625,CHECKSUM=5.086694231303284,,0,True,67383cc3484c0d356590f1e3d3e8f32da407ac5f058211b5d02f7fb87a2906ac
v8_ignition,math-spectral-norm,23,32,268977300,8405540.625,CHECKSUM=5.086694231303284,,0,True,67383cc3484c0d356590f1e3d3e8f32da407ac5f058211b5d02f7fb87a2906ac
quickjs,date-format-tofte,23,32,1024447600,32013987.5,"CHECKSUM=2008-05-01|Thursday, May 01, 2008 5:31:22 PM|1209718549000",,0,True,1372e86a53b36d9b13b6d42615638930ff367abbaee784a4217016668771d440
v8_ignition,date-format-tofte,23,32,314229600,9819675.0,"CHECKSUM=2008-05-01|Thursday, May 01, 2008 5:31:22 PM|1209718549000",,0,True,1372e86a53b36d9b13b6d42615638930ff367abbaee784a4217016668771d440
quickjs,string-base64,23,32,716560900,22392528.125,CHECKSUM=32768,,0,True,e43d3d50e40a2e2fe0ebf5da8d8ad9d0865bade106ae6ef848f13c3324d25a35
v8_ignition,string-base64,23,32,241113500,7534796.875,CHECKSUM=32768,,0,True,e43d3d50e40a2e2fe0ebf5da8d8ad9d0865bade106ae6ef848f13c3324d25a35
quickjs,access-fannkuch,23,8,301978200,37747275.0,CHECKSUM=22,,0,True,14ca39c4940cb77dde1c975cf6047a8ca4ff495a4dce7a9c5489b40f7623e23b
v8_ignition,access-fannkuch,23,8,311458000,38932250.0,CHECKSUM=22,,0,True,14ca39c4940cb77dde1c975cf6047a8ca4ff495a4dce7a9c5489b40f7623e23b
quickjs,bitops-nsieve-bits,23,16,232003800,14500237.5,CHECKSUM=-1286749544853,,0,True,ef254234e894deef49062adf64960bb8c89398a7222917b870c1a20bb070f274
v8_ignition,bitops-nsieve-bits,23,16,407887000,25492937.5,CHECKSUM=-1286749544853,,0,True,ef254234e894deef49062adf64960bb8c89398a7222917b870c1a20bb070f274
quickjs,regexp-dna,23,128,10497592200,82012439.0625,CHECKSUM=249:300056,,0,True,a53c6059e0ee97b1bd02370ba00f2310a0b6d2fa86ac87d3a00592bab8072e3a
v8_ignition,regexp-dna,23,128,301132200,2352595.3125,CHECKSUM=249:300056,,0,True,a53c6059e0ee97b1bd02370ba00f2310a0b6d2fa86ac87d3a00592bab8072e3a
quickjs,3d-raytrace,23,16,256377800,16023612.5,CHECKSUM=20969,,0,True,a006bac48a32d59b55bfb179110c29cf99c5193bb7fad9ed45c1a770d10a359a
v8_ignition,3d-raytrace,23,16,277137300,17321081.25,CHECKSUM=20970,,0,True,a006bac48a32d59b55bfb179110c29cf99c5193bb7fad9ed45c1a770d10a359a
quickjs,access-nsieve,23,16,408656600,25541037.5,CHECKSUM=14302,,0,True,873688bafdc3d4027bbdc57baede0c0cd0f145e97a9752020bd0d117e771b990
v8_ignition,access-nsieve,23,16,201748600,12609287.5,CHECKSUM=14302,,0,True,873688bafdc3d4027bbdc57baede0c0cd0f145e97a9752020bd0d117e771b990
quickjs,date-format-xparb,23,64,1339369900,20927654.6875,"CHECKSUM=2017-09-05|Tuesday, September 05, 2017 7:43:48 AM|1504652895000",,0,True,4ba90758c83e80e4573d63242bb2849776a30fac9f21bc1195aa3b48477acc4f
v8_ignition,date-format-xparb,23,64,332558000,5196218.75,"CHECKSUM=2017-09-05|Tuesday, September 05, 2017 7:43:48 AM|1504652895000",,0,True,4ba90758c83e80e4573d63242bb2849776a30fac9f21bc1195aa3b48477acc4f
quickjs,3d-morph,23,8,193764800,24220600.0,CHECKSUM=0,,0,True,fd5bd998032f9904bd40a69a9fa6fc4caebdb9582e0e919ead1720ec9afe11aa
v8_ignition,3d-morph,23,8,202765600,25345700.0,CHECKSUM=0,,0,True,fd5bd998032f9904bd40a69a9fa6fc4caebdb9582e0e919ead1720ec9afe11aa
quickjs,crypto-md5,23,32,242611100,7581596.875,CHECKSUM=a831e91e0f70eddcb70dc61c6f82f6cd,,0,True,f56a443c4d90f4f07279686f8c05d146d3a80c1d01bbb27b0661db0bc429d4ab
v8_ignition,crypto-md5,23,32,289563600,9048862.5,CHECKSUM=a831e91e0f70eddcb70dc61c6f82f6cd,,0,True,f56a443c4d90f4f07279686f8c05d146d3a80c1d01bbb27b0661db0bc429d4ab
quickjs,bitops-bits-in-byte,23,16,324601400,20287587.5,CHECKSUM=358400,,0,True,f5c49904410f845a94f7e2e5534562933d30dbb449a39035ff46077059b2d91e
v8_ignition,bitops-bits-in-byte,23,16,365137700,22821106.25,CHECKSUM=358400,,0,True,f5c49904410f845a94f7e2e5534562933d30dbb449a39035ff46077059b2d91e
quickjs,3d-cube,23,16,508250100,31765631.25,CHECKSUM=320,,0,True,bc30b827463144ad584749054c0706de2b0ee47cb6ce07af1ba883cc9615d1aa
v8_ignition,3d-cube,23,16,358637200,22414825.0,CHECKSUM=320,,0,True,bc30b827463144ad584749054c0706de2b0ee47cb6ce07af1ba883cc9615d1aa
quickjs,access-nbody,23,16,256906900,16056681.25,CHECKSUM=-1.3524862408537381,,0,True,0b9a906130c46bbde7af68aced35070d61f38ad3ddcdecfd9556672f7368dfa2
v8_ignition,access-nbody,23,16,344809100,21550568.75,CHECKSUM=-1.3524862408537381,,0,True,0b9a906130c46bbde7af68aced35070d61f38ad3ddcdecfd9556672f7368dfa2
quickjs,crypto-aes,23,16,251417200,15713575.0,CHECKSUM=1343,,0,True,6de1e96fa9a5b787048aba3f79a67a682f659807b1050cc1ea07efa9fabfc27e
v8_ignition,crypto-aes,23,16,292153100,18259568.75,CHECKSUM=1343,,0,True,6de1e96fa9a5b787048aba3f79a67a682f659807b1050cc1ea07efa9fabfc27e
quickjs,access-binary-trees,23,32,411811500,12869109.375,CHECKSUM=-4,,0,True,d2f0effcffabb4f66feea7d208d33ec1de01e131b98394b5c3f674d9c794e0d6
v8_ignition,access-binary-trees,23,32,213890300,6684071.875,CHECKSUM=-4,,0,True,d2f0effcffabb4f66feea7d208d33ec1de01e131b98394b5c3f674d9c794e0d6
quickjs,string-fasta,23,32,904300500,28259390.625,CHECKSUM=1456000,,0,True,25a4430bd173cf3f8348bb9a343d31af578bbc5592d3801ad1143e663eb17726
v8_ignition,string-fasta,23,32,344490800,10765337.5,CHECKSUM=1456000,,0,True,25a4430bd173cf3f8348bb9a343d31af578bbc5592d3801ad1143e663eb17726
quickjs,bitops-bitwise-and,23,32,261862300,8183196.875,CHECKSUM=0,,0,True,55abb3c2e2f9d778dc2b1d00c814581824294ee6b23b3f900bc95c299fe9e553
v8_ignition,bitops-bitwise-and,23,32,374255400,11695481.25,CHECKSUM=0,,0,True,55abb3c2e2f9d778dc2b1d00c814581824294ee6b23b3f900bc95c299fe9e553
quickjs,crypto-sha1,23,32,231371400,7230356.25,CHECKSUM=2524d264def74cce2498bf112bedf00e6c0b796d,,0,True,2319a338491746d7c3ee54a212a5e10775313086edde16f7eac411f7781cef49
v8_ignition,crypto-sha1,23,32,315674900,9864840.625,CHECKSUM=2524d264def74cce2498bf112bedf00e6c0b796d,,0,True,2319a338491746d7c3ee54a212a5e10775313086edde16f7eac411f7781cef49
quickjs,bitops-3bit-bits-in-byte,23,32,315983800,9874493.75,CHECKSUM=512000,,0,True,595fcbd71ba4c9520f6ce3314b5f1637e4c15b2dcba679ab1e7523a264dae220
v8_ignition,bitops-3bit-bits-in-byte,23,32,271418400,8481825.0,CHECKSUM=512000,,0,True,595fcbd71ba4c9520f6ce3314b5f1637e4c15b2dcba679ab1e7523a264dae220
v8_ignition,string-unpack-code,24,32,260313400,8134793.75,CHECKSUM=511508,,0,True,68a8a79cf599b9d4426388c36ec1db21c49799c4a27ab4f2c0e77c0fdcd2d061
quickjs,string-unpack-code,24,32,1962370100,61324065.625,CHECKSUM=511508,,0,True,68a8a79cf599b9d4426388c36ec1db21c49799c4a27ab4f2c0e77c0fdcd2d061
v8_ignition,crypto-sha1,24,32,316951900,9904746.875,CHECKSUM=2524d264def74cce2498bf112bedf00e6c0b796d,,0,True,2319a338491746d7c3ee54a212a5e10775313086edde16f7eac411f7781cef49
quickjs,crypto-sha1,24,32,233744100,7304503.125,CHECKSUM=2524d264def74cce2498bf112bedf00e6c0b796d,,0,True,2319a338491746d7c3ee54a212a5e10775313086edde16f7eac411f7781cef49
v8_ignition,math-partial-sums,24,16,230637500,14414843.75,CHECKSUM=60.08994194659945,,0,True,00d31496f5edb04d1db4c57cf94dcee22bf029002789061ff65b1f47ca19931e
quickjs,math-partial-sums,24,16,290974300,18185893.75,CHECKSUM=60.08994194659945,,0,True,00d31496f5edb04d1db4c57cf94dcee22bf029002789061ff65b1f47ca19931e
v8_ignition,string-validate-input,24,32,225287700,7040240.625,CHECKSUM=462000,,0,True,c342b03c06ac1759c76d594213f9725dd133b082bed78ad362bcbdf61ff41ac9
quickjs,string-validate-input,24,32,449913800,14059806.25,CHECKSUM=462000,,0,True,c342b03c06ac1759c76d594213f9725dd133b082bed78ad362bcbdf61ff41ac9
v8_ignition,access-nsieve,24,16,197957500,12372343.75,CHECKSUM=14302,,0,True,873688bafdc3d4027bbdc57baede0c0cd0f145e97a9752020bd0d117e771b990
quickjs,access-nsieve,24,16,392649600,24540600.0,CHECKSUM=14302,,0,True,873688bafdc3d4027bbdc57baede0c0cd0f145e97a9752020bd0d117e771b990
v8_ignition,controlflow-recursive,24,32,251552300,7861009.375,CHECKSUM=57775,,0,True,2654c7838986abd352cd642a15f55413c6df26469fa39de4ffe77b47bb2cc66c
quickjs,controlflow-recursive,24,32,295533800,9235431.25,CHECKSUM=57775,,0,True,2654c7838986abd352cd642a15f55413c6df26469fa39de4ffe77b47bb2cc66c
v8_ignition,access-nbody,24,16,332950600,20809412.5,CHECKSUM=-1.3524862408537381,,0,True,0b9a906130c46bbde7af68aced35070d61f38ad3ddcdecfd9556672f7368dfa2
quickjs,access-nbody,24,16,258148400,16134275.0,CHECKSUM=-1.3524862408537381,,0,True,0b9a906130c46bbde7af68aced35070d61f38ad3ddcdecfd9556672f7368dfa2
v8_ignition,3d-raytrace,24,16,273792100,17112006.25,CHECKSUM=20970,,0,True,a006bac48a32d59b55bfb179110c29cf99c5193bb7fad9ed45c1a770d10a359a
quickjs,3d-raytrace,24,16,255407500,15962968.75,CHECKSUM=20969,,0,True,a006bac48a32d59b55bfb179110c29cf99c5193bb7fad9ed45c1a770d10a359a
v8_ignition,crypto-md5,24,32,288699100,9021846.875,CHECKSUM=a831e91e0f70eddcb70dc61c6f82f6cd,,0,True,f56a443c4d90f4f07279686f8c05d146d3a80c1d01bbb27b0661db0bc429d4ab
quickjs,crypto-md5,24,32,244681100,7646284.375,CHECKSUM=a831e91e0f70eddcb70dc61c6f82f6cd,,0,True,f56a443c4d90f4f07279686f8c05d146d3a80c1d01bbb27b0661db0bc429d4ab
v8_ignition,crypto-aes,24,16,258936600,16183537.5,CHECKSUM=1343,,0,True,6de1e96fa9a5b787048aba3f79a67a682f659807b1050cc1ea07efa9fabfc27e
quickjs,crypto-aes,24,16,254339000,15896187.5,CHECKSUM=1343,,0,True,6de1e96fa9a5b787048aba3f79a67a682f659807b1050cc1ea07efa9fabfc27e
v8_ignition,date-format-xparb,24,64,305117100,4767454.6875,"CHECKSUM=2017-09-05|Tuesday, September 05, 2017 7:43:48 AM|1504652895000",,0,True,4ba90758c83e80e4573d63242bb2849776a30fac9f21bc1195aa3b48477acc4f
quickjs,date-format-xparb,24,64,1297132200,20267690.625,"CHECKSUM=2017-09-05|Tuesday, September 05, 2017 7:43:48 AM|1504652895000",,0,True,4ba90758c83e80e4573d63242bb2849776a30fac9f21bc1195aa3b48477acc4f
v8_ignition,date-format-tofte,24,32,304481700,9515053.125,"CHECKSUM=2008-05-01|Thursday, May 01, 2008 5:31:22 PM|1209718549000",,0,True,1372e86a53b36d9b13b6d42615638930ff367abbaee784a4217016668771d440
quickjs,date-format-tofte,24,32,981057800,30658056.25,"CHECKSUM=2008-05-01|Thursday, May 01, 2008 5:31:22 PM|1209718549000",,0,True,1372e86a53b36d9b13b6d42615638930ff367abbaee784a4217016668771d440
v8_ignition,string-fasta,24,32,348011200,10875350.0,CHECKSUM=1456000,,0,True,25a4430bd173cf3f8348bb9a343d31af578bbc5592d3801ad1143e663eb17726
quickjs,string-fasta,24,32,876064000,27377000.0,CHECKSUM=1456000,,0,True,25a4430bd173cf3f8348bb9a343d31af578bbc5592d3801ad1143e663eb17726
v8_ignition,math-cordic,24,16,310730300,19420643.75,CHECKSUM=10362.570468755888,,0,True,5ef0f07deb7ae62267cb78d88ce5cb0a9f6f9eedf8f32c89e8e027a0d55694ca
quickjs,math-cordic,24,16,360678900,22542431.25,CHECKSUM=10362.570468755888,,0,True,5ef0f07deb7ae62267cb78d88ce5cb0a9f6f9eedf8f32c89e8e027a0d55694ca
v8_ignition,regexp-dna,24,128,283354900,2213710.15625,CHECKSUM=249:300056,,0,True,a53c6059e0ee97b1bd02370ba00f2310a0b6d2fa86ac87d3a00592bab8072e3a
quickjs,regexp-dna,24,128,10519657000,82184820.3125,CHECKSUM=249:300056,,0,True,a53c6059e0ee97b1bd02370ba00f2310a0b6d2fa86ac87d3a00592bab8072e3a
v8_ignition,bitops-bitwise-and,24,32,341402800,10668837.5,CHECKSUM=0,,0,True,55abb3c2e2f9d778dc2b1d00c814581824294ee6b23b3f900bc95c299fe9e553
quickjs,bitops-bitwise-and,24,32,243553100,7611034.375,CHECKSUM=0,,0,True,55abb3c2e2f9d778dc2b1d00c814581824294ee6b23b3f900bc95c299fe9e553
v8_ignition,bitops-nsieve-bits,24,16,402595100,25162193.75,CHECKSUM=-1286749544853,,0,True,ef254234e894deef49062adf64960bb8c89398a7222917b870c1a20bb070f274
quickjs,bitops-nsieve-bits,24,16,247315900,15457243.75,CHECKSUM=-1286749544853,,0,True,ef254234e894deef49062adf64960bb8c89398a7222917b870c1a20bb070f274
v8_ignition,bitops-bits-in-byte,24,16,374159200,23384950.0,CHECKSUM=358400,,0,True,f5c49904410f845a94f7e2e5534562933d30dbb449a39035ff46077059b2d91e
quickjs,bitops-bits-in-byte,24,16,328035700,20502231.25,CHECKSUM=358400,,0,True,f5c49904410f845a94f7e2e5534562933d30dbb449a39035ff46077059b2d91e
v8_ignition,string-tagcloud,24,32,237566400,7423950.0,CHECKSUM=315241,,0,True,c7ef7be75b2cf852b77752b22013ad0e51ed13b107fd3349383cd16b29513bbd
quickjs,string-tagcloud,24,32,886371500,27699109.375,CHECKSUM=315241,,0,True,c7ef7be75b2cf852b77752b22013ad0e51ed13b107fd3349383cd16b29513bbd
v8_ignition,string-base64,24,32,237888900,7434028.125,CHECKSUM=32768,,0,True,e43d3d50e40a2e2fe0ebf5da8d8ad9d0865bade106ae6ef848f13c3324d25a35
quickjs,string-base64,24,32,729954100,22811065.625,CHECKSUM=32768,,0,True,e43d3d50e40a2e2fe0ebf5da8d8ad9d0865bade106ae6ef848f13c3324d25a35
v8_ignition,math-spectral-norm,24,32,277326000,8666437.5,CHECKSUM=5.086694231303284,,0,True,67383cc3484c0d356590f1e3d3e8f32da407ac5f058211b5d02f7fb87a2906ac
quickjs,math-spectral-norm,24,32,306742700,9585709.375,CHECKSUM=5.086694231303284,,0,True,67383cc3484c0d356590f1e3d3e8f32da407ac5f058211b5d02f7fb87a2906ac
v8_ignition,bitops-3bit-bits-in-byte,24,32,273108300,8534634.375,CHECKSUM=512000,,0,True,595fcbd71ba4c9520f6ce3314b5f1637e4c15b2dcba679ab1e7523a264dae220
quickjs,bitops-3bit-bits-in-byte,24,32,317704500,9928265.625,CHECKSUM=512000,,0,True,595fcbd71ba4c9520f6ce3314b5f1637e4c15b2dcba679ab1e7523a264dae220
v8_ignition,access-fannkuch,24,8,319214000,39901750.0,CHECKSUM=22,,0,True,14ca39c4940cb77dde1c975cf6047a8ca4ff495a4dce7a9c5489b40f7623e23b
quickjs,access-fannkuch,24,8,300589200,37573650.0,CHECKSUM=22,,0,True,14ca39c4940cb77dde1c975cf6047a8ca4ff495a4dce7a9c5489b40f7623e23b
v8_ignition,access-binary-trees,24,32,224499500,7015609.375,CHECKSUM=-4,,0,True,d2f0effcffabb4f66feea7d208d33ec1de01e131b98394b5c3f674d9c794e0d6
quickjs,access-binary-trees,24,32,398328100,12447753.125,CHECKSUM=-4,,0,True,d2f0effcffabb4f66feea7d208d33ec1de01e131b98394b5c3f674d9c794e0d6
v8_ignition,3d-morph,24,8,202653200,25331650.0,CHECKSUM=0,,0,True,fd5bd998032f9904bd40a69a9fa6fc4caebdb9582e0e919ead1720ec9afe11aa
quickjs,3d-morph,24,8,202489000,25311125.0,CHECKSUM=0,,0,True,fd5bd998032f9904bd40a69a9fa6fc4caebdb9582e0e919ead1720ec9afe11aa
v8_ignition,3d-cube,24,16,342374700,21398418.75,CHECKSUM=320,,0,True,bc30b827463144ad584749054c0706de2b0ee47cb6ce07af1ba883cc9615d1aa
quickjs,3d-cube,24,16,504056000,31503500.0,CHECKSUM=320,,0,True,bc30b827463144ad584749054c0706de2b0ee47cb6ce07af1ba883cc9615d1aa
quickjs,crypto-aes,25,16,252868800,15804300.0,CHECKSUM=1343,,0,True,6de1e96fa9a5b787048aba3f79a67a682f659807b1050cc1ea07efa9fabfc27e
v8_ignition,crypto-aes,25,16,261848100,16365506.25,CHECKSUM=1343,,0,True,6de1e96fa9a5b787048aba3f79a67a682f659807b1050cc1ea07efa9fabfc27e
quickjs,access-fannkuch,25,8,297981000,37247625.0,CHECKSUM=22,,0,True,14ca39c4940cb77dde1c975cf6047a8ca4ff495a4dce7a9c5489b40f7623e23b
v8_ignition,access-fannkuch,25,8,320777000,40097125.0,CHECKSUM=22,,0,True,14ca39c4940cb77dde1c975cf6047a8ca4ff495a4dce7a9c5489b40f7623e23b
quickjs,string-fasta,25,32,878161200,27442537.5,CHECKSUM=1456000,,0,True,25a4430bd173cf3f8348bb9a343d31af578bbc5592d3801ad1143e663eb17726
v8_ignition,string-fasta,25,32,345523600,10797612.5,CHECKSUM=1456000,,0,True,25a4430bd173cf3f8348bb9a343d31af578bbc5592d3801ad1143e663eb17726
quickjs,bitops-bitwise-and,25,32,261250700,8164084.375,CHECKSUM=0,,0,True,55abb3c2e2f9d778dc2b1d00c814581824294ee6b23b3f900bc95c299fe9e553
v8_ignition,bitops-bitwise-and,25,32,337245200,10538912.5,CHECKSUM=0,,0,True,55abb3c2e2f9d778dc2b1d00c814581824294ee6b23b3f900bc95c299fe9e553
quickjs,access-nbody,25,16,269242500,16827656.25,CHECKSUM=-1.3524862408537381,,0,True,0b9a906130c46bbde7af68aced35070d61f38ad3ddcdecfd9556672f7368dfa2
v8_ignition,access-nbody,25,16,335738300,20983643.75,CHECKSUM=-1.3524862408537381,,0,True,0b9a906130c46bbde7af68aced35070d61f38ad3ddcdecfd9556672f7368dfa2
quickjs,string-base64,25,32,743344400,23229512.5,CHECKSUM=32768,,0,True,e43d3d50e40a2e2fe0ebf5da8d8ad9d0865bade106ae6ef848f13c3324d25a35
v8_ignition,string-base64,25,32,241609800,7550306.25,CHECKSUM=32768,,0,True,e43d3d50e40a2e2fe0ebf5da8d8ad9d0865bade106ae6ef848f13c3324d25a35
quickjs,3d-cube,25,16,505313400,31582087.5,CHECKSUM=320,,0,True,bc30b827463144ad584749054c0706de2b0ee47cb6ce07af1ba883cc9615d1aa
v8_ignition,3d-cube,25,16,342312500,21394531.25,CHECKSUM=320,,0,True,bc30b827463144ad584749054c0706de2b0ee47cb6ce07af1ba883cc9615d1aa
quickjs,math-spectral-norm,25,32,307529100,9610284.375,CHECKSUM=5.086694231303284,,0,True,67383cc3484c0d356590f1e3d3e8f32da407ac5f058211b5d02f7fb87a2906ac
v8_ignition,math-spectral-norm,25,32,269997000,8437406.25,CHECKSUM=5.086694231303284,,0,True,67383cc3484c0d356590f1e3d3e8f32da407ac5f058211b5d02f7fb87a2906ac
quickjs,3d-raytrace,25,16,256095900,16005993.75,CHECKSUM=20969,,0,True,a006bac48a32d59b55bfb179110c29cf99c5193bb7fad9ed45c1a770d10a359a
v8_ignition,3d-raytrace,25,16,277854800,17365925.0,CHECKSUM=20970,,0,True,a006bac48a32d59b55bfb179110c29cf99c5193bb7fad9ed45c1a770d10a359a
quickjs,crypto-sha1,25,32,231445800,7232681.25,CHECKSUM=2524d264def74cce2498bf112bedf00e6c0b796d,,0,True,2319a338491746d7c3ee54a212a5e10775313086edde16f7eac411f7781cef49
v8_ignition,crypto-sha1,25,32,309781400,9680668.75,CHECKSUM=2524d264def74cce2498bf112bedf00e6c0b796d,,0,True,2319a338491746d7c3ee54a212a5e10775313086edde16f7eac411f7781cef49
quickjs,date-format-tofte,25,32,994582800,31080712.5,"CHECKSUM=2008-05-01|Thursday, May 01, 2008 5:31:22 PM|1209718549000",,0,True,1372e86a53b36d9b13b6d42615638930ff367abbaee784a4217016668771d440
v8_ignition,date-format-tofte,25,32,311388200,9730881.25,"CHECKSUM=2008-05-01|Thursday, May 01, 2008 5:31:22 PM|1209718549000",,0,True,1372e86a53b36d9b13b6d42615638930ff367abbaee784a4217016668771d440
quickjs,access-binary-trees,25,32,406469700,12702178.125,CHECKSUM=-4,,0,True,d2f0effcffabb4f66feea7d208d33ec1de01e131b98394b5c3f674d9c794e0d6
v8_ignition,access-binary-trees,25,32,213514400,6672325.0,CHECKSUM=-4,,0,True,d2f0effcffabb4f66feea7d208d33ec1de01e131b98394b5c3f674d9c794e0d6
quickjs,crypto-md5,25,32,242605200,7581412.5,CHECKSUM=a831e91e0f70eddcb70dc61c6f82f6cd,,0,True,f56a443c4d90f4f07279686f8c05d146d3a80c1d01bbb27b0661db0bc429d4ab
v8_ignition,crypto-md5,25,32,281181700,8786928.125,CHECKSUM=a831e91e0f70eddcb70dc61c6f82f6cd,,0,True,f56a443c4d90f4f07279686f8c05d146d3a80c1d01bbb27b0661db0bc429d4ab
quickjs,string-validate-input,25,32,451197600,14099925.0,CHECKSUM=462000,,0,True,c342b03c06ac1759c76d594213f9725dd133b082bed78ad362bcbdf61ff41ac9
v8_ignition,string-validate-input,25,32,225389600,7043425.0,CHECKSUM=462000,,0,True,c342b03c06ac1759c76d594213f9725dd133b082bed78ad362bcbdf61ff41ac9
quickjs,3d-morph,25,8,190014400,23751800.0,CHECKSUM=0,,0,True,fd5bd998032f9904bd40a69a9fa6fc4caebdb9582e0e919ead1720ec9afe11aa
v8_ignition,3d-morph,25,8,200140000,25017500.0,CHECKSUM=0,,0,True,fd5bd998032f9904bd40a69a9fa6fc4caebdb9582e0e919ead1720ec9afe11aa
quickjs,regexp-dna,25,128,10326742300,80677674.21875,CHECKSUM=249:300056,,0,True,a53c6059e0ee97b1bd02370ba00f2310a0b6d2fa86ac87d3a00592bab8072e3a
v8_ignition,regexp-dna,25,128,295154400,2305893.75,CHECKSUM=249:300056,,0,True,a53c6059e0ee97b1bd02370ba00f2310a0b6d2fa86ac87d3a00592bab8072e3a
quickjs,string-unpack-code,25,32,1901846800,59432712.5,CHECKSUM=511508,,0,True,68a8a79cf599b9d4426388c36ec1db21c49799c4a27ab4f2c0e77c0fdcd2d061
v8_ignition,string-unpack-code,25,32,260201900,8131309.375,CHECKSUM=511508,,0,True,68a8a79cf599b9d4426388c36ec1db21c49799c4a27ab4f2c0e77c0fdcd2d061
quickjs,string-tagcloud,25,32,885520800,27672525.0,CHECKSUM=315241,,0,True,c7ef7be75b2cf852b77752b22013ad0e51ed13b107fd3349383cd16b29513bbd
v8_ignition,string-tagcloud,25,32,231925100,7247659.375,CHECKSUM=315241,,0,True,c7ef7be75b2cf852b77752b22013ad0e51ed13b107fd3349383cd16b29513bbd
quickjs,bitops-nsieve-bits,25,16,232164400,14510275.0,CHECKSUM=-1286749544853,,0,True,ef254234e894deef49062adf64960bb8c89398a7222917b870c1a20bb070f274
v8_ignition,bitops-nsieve-bits,25,16,410140100,25633756.25,CHECKSUM=-1286749544853,,0,True,ef254234e894deef49062adf64960bb8c89398a7222917b870c1a20bb070f274
quickjs,math-partial-sums,25,16,291374800,18210925.0,CHECKSUM=60.08994194659945,,0,True,00d31496f5edb04d1db4c57cf94dcee22bf029002789061ff65b1f47ca19931e
v8_ignition,math-partial-sums,25,16,226377200,14148575.0,CHECKSUM=60.08994194659945,,0,True,00d31496f5edb04d1db4c57cf94dcee22bf029002789061ff65b1f47ca19931e
quickjs,date-format-xparb,25,64,1309848200,20466378.125,"CHECKSUM=2017-09-05|Tuesday, September 05, 2017 7:43:48 AM|1504652895000",,0,True,4ba90758c83e80e4573d63242bb2849776a30fac9f21bc1195aa3b48477acc4f
v8_ignition,date-format-xparb,25,64,307937800,4811528.125,"CHECKSUM=2017-09-05|Tuesday, September 05, 2017 7:43:48 AM|1504652895000",,0,True,4ba90758c83e80e4573d63242bb2849776a30fac9f21bc1195aa3b48477acc4f
quickjs,bitops-bits-in-byte,25,16,335196400,20949775.0,CHECKSUM=358400,,0,True,f5c49904410f845a94f7e2e5534562933d30dbb449a39035ff46077059b2d91e
v8_ignition,bitops-bits-in-byte,25,16,373943300,23371456.25,CHECKSUM=358400,,0,True,f5c49904410f845a94f7e2e5534562933d30dbb449a39035ff46077059b2d91e
quickjs,bitops-3bit-bits-in-byte,25,32,326998400,10218700.0,CHECKSUM=512000,,0,True,595fcbd71ba4c9520f6ce3314b5f1637e4c15b2dcba679ab1e7523a264dae220
v8_ignition,bitops-3bit-bits-in-byte,25,32,265811200,8306600.0,CHECKSUM=512000,,0,True,595fcbd71ba4c9520f6ce3314b5f1637e4c15b2dcba679ab1e7523a264dae220
quickjs,access-nsieve,25,16,396771400,24798212.5,CHECKSUM=14302,,0,True,873688bafdc3d4027bbdc57baede0c0cd0f145e97a9752020bd0d117e771b990
v8_ignition,access-nsieve,25,16,206642300,12915143.75,CHECKSUM=14302,,0,True,873688bafdc3d4027bbdc57baede0c0cd0f145e97a9752020bd0d117e771b990
quickjs,controlflow-recursive,25,32,280009400,8750293.75,CHECKSUM=57775,,0,True,2654c7838986abd352cd642a15f55413c6df26469fa39de4ffe77b47bb2cc66c
v8_ignition,controlflow-recursive,25,32,252222500,7881953.125,CHECKSUM=57775,,0,True,2654c7838986abd352cd642a15f55413c6df26469fa39de4ffe77b47bb2cc66c
quickjs,math-cordic,25,16,361816400,22613525.0,CHECKSUM=10362.570468755888,,0,True,5ef0f07deb7ae62267cb78d88ce5cb0a9f6f9eedf8f32c89e8e027a0d55694ca
v8_ignition,math-cordic,25,16,308906100,19306631.25,CHECKSUM=10362.570468755888,,0,True,5ef0f07deb7ae62267cb78d88ce5cb0a9f6f9eedf8f32c89e8e027a0d55694ca
v8_ignition,string-base64,26,32,241636800,7551150.0,CHECKSUM=32768,,0,True,e43d3d50e40a2e2fe0ebf5da8d8ad9d0865bade106ae6ef848f13c3324d25a35
quickjs,string-base64,26,32,725490800,22671587.5,CHECKSUM=32768,,0,True,e43d3d50e40a2e2fe0ebf5da8d8ad9d0865bade106ae6ef848f13c3324d25a35
v8_ignition,access-fannkuch,26,8,313592700,39199087.5,CHECKSUM=22,,0,True,14ca39c4940cb77dde1c975cf6047a8ca4ff495a4dce7a9c5489b40f7623e23b
quickjs,access-fannkuch,26,8,307860400,38482550.0,CHECKSUM=22,,0,True,14ca39c4940cb77dde1c975cf6047a8ca4ff495a4dce7a9c5489b40f7623e23b
v8_ignition,regexp-dna,26,128,287386700,2245208.59375,CHECKSUM=249:300056,,0,True,a53c6059e0ee97b1bd02370ba00f2310a0b6d2fa86ac87d3a00592bab8072e3a
quickjs,regexp-dna,26,128,10299833500,80467449.21875,CHECKSUM=249:300056,,0,True,a53c6059e0ee97b1bd02370ba00f2310a0b6d2fa86ac87d3a00592bab8072e3a
v8_ignition,string-validate-input,26,32,227570100,7111565.625,CHECKSUM=462000,,0,True,c342b03c06ac1759c76d594213f9725dd133b082bed78ad362bcbdf61ff41ac9
quickjs,string-validate-input,26,32,448080800,14002525.0,CHECKSUM=462000,,0,True,c342b03c06ac1759c76d594213f9725dd133b082bed78ad362bcbdf61ff41ac9
v8_ignition,math-spectral-norm,26,32,271713900,8491059.375,CHECKSUM=5.086694231303284,,0,True,67383cc3484c0d356590f1e3d3e8f32da407ac5f058211b5d02f7fb87a2906ac
quickjs,math-spectral-norm,26,32,316234700,9882334.375,CHECKSUM=5.086694231303284,,0,True,67383cc3484c0d356590f1e3d3e8f32da407ac5f058211b5d02f7fb87a2906ac
v8_ignition,bitops-nsieve-bits,26,16,417808000,26113000.0,CHECKSUM=-1286749544853,,0,True,ef254234e894deef49062adf64960bb8c89398a7222917b870c1a20bb070f274
quickjs,bitops-nsieve-bits,26,16,257274100,16079631.25,CHECKSUM=-1286749544853,,0,True,ef254234e894deef49062adf64960bb8c89398a7222917b870c1a20bb070f274
v8_ignition,crypto-aes,26,16,261067100,16316693.75,CHECKSUM=1343,,0,True,6de1e96fa9a5b787048aba3f79a67a682f659807b1050cc1ea07efa9fabfc27e
quickjs,crypto-aes,26,16,252701200,15793825.0,CHECKSUM=1343,,0,True,6de1e96fa9a5b787048aba3f79a67a682f659807b1050cc1ea07efa9fabfc27e
v8_ignition,date-format-tofte,26,32,309174700,9661709.375,"CHECKSUM=2008-05-01|Thursday, May 01, 2008 5:31:22 PM|1209718549000",,0,True,1372e86a53b36d9b13b6d42615638930ff367abbaee784a4217016668771d440
quickjs,date-format-tofte,26,32,991866500,30995828.125,"CHECKSUM=2008-05-01|Thursday, May 01, 2008 5:31:22 PM|1209718549000",,0,True,1372e86a53b36d9b13b6d42615638930ff367abbaee784a4217016668771d440
v8_ignition,3d-raytrace,26,16,277665300,17354081.25,CHECKSUM=20970,,0,True,a006bac48a32d59b55bfb179110c29cf99c5193bb7fad9ed45c1a770d10a359a
quickjs,3d-raytrace,26,16,253225200,15826575.0,CHECKSUM=20969,,0,True,a006bac48a32d59b55bfb179110c29cf99c5193bb7fad9ed45c1a770d10a359a
v8_ignition,math-partial-sums,26,16,223092300,13943268.75,CHECKSUM=60.08994194659945,,0,True,00d31496f5edb04d1db4c57cf94dcee22bf029002789061ff65b1f47ca19931e
quickjs,math-partial-sums,26,16,290024700,18126543.75,CHECKSUM=60.08994194659945,,0,True,00d31496f5edb04d1db4c57cf94dcee22bf029002789061ff65b1f47ca19931e
v8_ignition,bitops-3bit-bits-in-byte,26,32,273168700,8536521.875,CHECKSUM=512000,,0,True,595fcbd71ba4c9520f6ce3314b5f1637e4c15b2dcba679ab1e7523a264dae220
quickjs,bitops-3bit-bits-in-byte,26,32,323120000,10097500.0,CHECKSUM=512000,,0,True,595fcbd71ba4c9520f6ce3314b5f1637e4c15b2dcba679ab1e7523a264dae220
v8_ignition,3d-morph,26,8,201911700,25238962.5,CHECKSUM=0,,0,True,fd5bd998032f9904bd40a69a9fa6fc4caebdb9582e0e919ead1720ec9afe11aa
quickjs,3d-morph,26,8,190532000,23816500.0,CHECKSUM=0,,0,True,fd5bd998032f9904bd40a69a9fa6fc4caebdb9582e0e919ead1720ec9afe11aa
v8_ignition,access-binary-trees,26,32,212400100,6637503.125,CHECKSUM=-4,,0,True,d2f0effcffabb4f66feea7d208d33ec1de01e131b98394b5c3f674d9c794e0d6
quickjs,access-binary-trees,26,32,400743600,12523237.5,CHECKSUM=-4,,0,True,d2f0effcffabb4f66feea7d208d33ec1de01e131b98394b5c3f674d9c794e0d6
v8_ignition,3d-cube,26,16,340383500,21273968.75,CHECKSUM=320,,0,True,bc30b827463144ad584749054c0706de2b0ee47cb6ce07af1ba883cc9615d1aa
quickjs,3d-cube,26,16,502800900,31425056.25,CHECKSUM=320,,0,True,bc30b827463144ad584749054c0706de2b0ee47cb6ce07af1ba883cc9615d1aa
v8_ignition,math-cordic,26,16,307567600,19222975.0,CHECKSUM=10362.570468755888,,0,True,5ef0f07deb7ae62267cb78d88ce5cb0a9f6f9eedf8f32c89e8e027a0d55694ca
quickjs,math-cordic,26,16,364341500,22771343.75,CHECKSUM=10362.570468755888,,0,True,5ef0f07deb7ae62267cb78d88ce5cb0a9f6f9eedf8f32c89e8e027a0d55694ca
v8_ignition,access-nbody,26,16,330841400,20677587.5,CHECKSUM=-1.3524862408537381,,0,True,0b9a906130c46bbde7af68aced35070d61f38ad3ddcdecfd9556672f7368dfa2
quickjs,access-nbody,26,16,257558100,16097381.25,CHECKSUM=-1.3524862408537381,,0,True,0b9a906130c46bbde7af68aced35070d61f38ad3ddcdecfd9556672f7368dfa2
v8_ignition,bitops-bitwise-and,26,32,343315400,10728606.25,CHECKSUM=0,,0,True,55abb3c2e2f9d778dc2b1d00c814581824294ee6b23b3f900bc95c299fe9e553
quickjs,bitops-bitwise-and,26,32,241577500,7549296.875,CHECKSUM=0,,0,True,55abb3c2e2f9d778dc2b1d00c814581824294ee6b23b3f900bc95c299fe9e553
v8_ignition,crypto-sha1,26,32,310116000,9691125.0,CHECKSUM=2524d264def74cce2498bf112bedf00e6c0b796d,,0,True,2319a338491746d7c3ee54a212a5e10775313086edde16f7eac411f7781cef49
quickjs,crypto-sha1,26,32,233784000,7305750.0,CHECKSUM=2524d264def74cce2498bf112bedf00e6c0b796d,,0,True,2319a338491746d7c3ee54a212a5e10775313086edde16f7eac411f7781cef49
v8_ignition,string-unpack-code,26,32,255831800,7994743.75,CHECKSUM=511508,,0,True,68a8a79cf599b9d4426388c36ec1db21c49799c4a27ab4f2c0e77c0fdcd2d061
quickjs,string-unpack-code,26,32,1958670100,61208440.625,CHECKSUM=511508,,0,True,68a8a79cf599b9d4426388c36ec1db21c49799c4a27ab4f2c0e77c0fdcd2d061
v8_ignition,string-fasta,26,32,358331300,11197853.125,CHECKSUM=1456000,,0,True,25a4430bd173cf3f8348bb9a343d31af578bbc5592d3801ad1143e663eb17726
quickjs,string-fasta,26,32,878031500,27438484.375,CHECKSUM=1456000,,0,True,25a4430bd173cf3f8348bb9a343d31af578bbc5592d3801ad1143e663eb17726
v8_ignition,bitops-bits-in-byte,26,16,356135100,22258443.75,CHECKSUM=358400,,0,True,f5c49904410f845a94f7e2e5534562933d30dbb449a39035ff46077059b2d91e
quickjs,bitops-bits-in-byte,26,16,326477800,20404862.5,CHECKSUM=358400,,0,True,f5c49904410f845a94f7e2e5534562933d30dbb449a39035ff46077059b2d91e
v8_ignition,access-nsieve,26,16,200379100,12523693.75,CHECKSUM=14302,,0,True,873688bafdc3d4027bbdc57baede0c0cd0f145e97a9752020bd0d117e771b990
quickjs,access-nsieve,26,16,393765400,24610337.5,CHECKSUM=14302,,0,True,873688bafdc3d4027bbdc57baede0c0cd0f145e97a9752020bd0d117e771b990
v8_ignition,controlflow-recursive,26,32,253074200,7908568.75,CHECKSUM=57775,,0,True,2654c7838986abd352cd642a15f55413c6df26469fa39de4ffe77b47bb2cc66c
quickjs,controlflow-recursive,26,32,280361400,8761293.75,CHECKSUM=57775,,0,True,2654c7838986abd352cd642a15f55413c6df26469fa39de4ffe77b47bb2cc66c
v8_ignition,crypto-md5,26,32,288782700,9024459.375,CHECKSUM=a831e91e0f70eddcb70dc61c6f82f6cd,,0,True,f56a443c4d90f4f07279686f8c05d146d3a80c1d01bbb27b0661db0bc429d4ab
quickjs,crypto-md5,26,32,242955500,7592359.375,CHECKSUM=a831e91e0f70eddcb70dc61c6f82f6cd,,0,True,f56a443c4d90f4f07279686f8c05d146d3a80c1d01bbb27b0661db0bc429d4ab
v8_ignition,date-format-xparb,26,64,312895500,4888992.1875,"CHECKSUM=2017-09-05|Tuesday, September 05, 2017 7:43:48 AM|1504652895000",,0,True,4ba90758c83e80e4573d63242bb2849776a30fac9f21bc1195aa3b48477acc4f
quickjs,date-format-xparb,26,64,1302037800,20344340.625,"CHECKSUM=2017-09-05|Tuesday, September 05, 2017 7:43:48 AM|1504652895000",,0,True,4ba90758c83e80e4573d63242bb2849776a30fac9f21bc1195aa3b48477acc4f
v8_ignition,string-tagcloud,26,32,235436100,7357378.125,CHECKSUM=315241,,0,True,c7ef7be75b2cf852b77752b22013ad0e51ed13b107fd3349383cd16b29513bbd
quickjs,string-tagcloud,26,32,888494600,27765456.25,CHECKSUM=315241,,0,True,c7ef7be75b2cf852b77752b22013ad0e51ed13b107fd3349383cd16b29513bbd
quickjs,bitops-nsieve-bits,27,16,245997400,15374837.5,CHECKSUM=-1286749544853,,0,True,ef254234e894deef49062adf64960bb8c89398a7222917b870c1a20bb070f274
v8_ignition,bitops-nsieve-bits,27,16,403725300,25232831.25,CHECKSUM=-1286749544853,,0,True,ef254234e894deef49062adf64960bb8c89398a7222917b870c1a20bb070f274
quickjs,bitops-bits-in-byte,27,16,336133800,21008362.5,CHECKSUM=358400,,0,True,f5c49904410f845a94f7e2e5534562933d30dbb449a39035ff46077059b2d91e
v8_ignition,bitops-bits-in-byte,27,16,341573400,21348337.5,CHECKSUM=358400,,0,True,f5c49904410f845a94f7e2e5534562933d30dbb449a39035ff46077059b2d91e
quickjs,3d-cube,27,16,506471400,31654462.5,CHECKSUM=320,,0,True,bc30b827463144ad584749054c0706de2b0ee47cb6ce07af1ba883cc9615d1aa
v8_ignition,3d-cube,27,16,354247100,22140443.75,CHECKSUM=320,,0,True,bc30b827463144ad584749054c0706de2b0ee47cb6ce07af1ba883cc9615d1aa
quickjs,string-fasta,27,32,882570700,27580334.375,CHECKSUM=1456000,,0,True,25a4430bd173cf3f8348bb9a343d31af578bbc5592d3801ad1143e663eb17726
v8_ignition,string-fasta,27,32,344093000,10752906.25,CHECKSUM=1456000,,0,True,25a4430bd173cf3f8348bb9a343d31af578bbc5592d3801ad1143e663eb17726
quickjs,math-spectral-norm,27,32,328612400,10269137.5,CHECKSUM=5.086694231303284,,0,True,67383cc3484c0d356590f1e3d3e8f32da407ac5f058211b5d02f7fb87a2906ac
v8_ignition,math-spectral-norm,27,32,277492800,8671650.0,CHECKSUM=5.086694231303284,,0,True,67383cc3484c0d356590f1e3d3e8f32da407ac5f058211b5d02f7fb87a2906ac
quickjs,3d-raytrace,27,16,253805100,15862818.75,CHECKSUM=20969,,0,True,a006bac48a32d59b55bfb179110c29cf99c5193bb7fad9ed45c1a770d10a359a
v8_ignition,3d-raytrace,27,16,277920200,17370012.5,CHECKSUM=20970,,0,True,a006bac48a32d59b55bfb179110c29cf99c5193bb7fad9ed45c1a770d10a359a
quickjs,string-unpack-code,27,32,1951553200,60986037.5,CHECKSUM=511508,,0,True,68a8a79cf599b9d4426388c36ec1db21c49799c4a27ab4f2c0e77c0fdcd2d061
v8_ignition,string-unpack-code,27,32,261174000,8161687.5,CHECKSUM=511508,,0,True,68a8a79cf599b9d4426388c36ec1db21c49799c4a27ab4f2c0e77c0fdcd2d061
quickjs,access-nsieve,27,16,397240200,24827512.5,CHECKSUM=14302,,0,True,873688bafdc3d4027bbdc57baede0c0cd0f145e97a9752020bd0d117e771b990
v8_ignition,access-nsieve,27,16,200785900,12549118.75,CHECKSUM=14302,,0,True,873688bafdc3d4027bbdc57baede0c0cd0f145e97a9752020bd0d117e771b990
quickjs,bitops-3bit-bits-in-byte,27,32,319245300,9976415.625,CHECKSUM=512000,,0,True,595fcbd71ba4c9520f6ce3314b5f1637e4c15b2dcba679ab1e7523a264dae220
v8_ignition,bitops-3bit-bits-in-byte,27,32,255279000,7977468.75,CHECKSUM=512000,,0,True,595fcbd71ba4c9520f6ce3314b5f1637e4c15b2dcba679ab1e7523a264dae220
quickjs,date-format-tofte,27,32,1003459300,31358103.125,"CHECKSUM=2008-05-01|Thursday, May 01, 2008 5:31:22 PM|1209718549000",,0,True,1372e86a53b36d9b13b6d42615638930ff367abbaee784a4217016668771d440
v8_ignition,date-format-tofte,27,32,311316600,9728643.75,"CHECKSUM=2008-05-01|Thursday, May 01, 2008 5:31:22 PM|1209718549000",,0,True,1372e86a53b36d9b13b6d42615638930ff367abbaee784a4217016668771d440
quickjs,regexp-dna,27,128,10155076000,79336531.25,CHECKSUM=249:300056,,0,True,a53c6059e0ee97b1bd02370ba00f2310a0b6d2fa86ac87d3a00592bab8072e3a
v8_ignition,regexp-dna,27,128,285381600,2229543.75,CHECKSUM=249:300056,,0,True,a53c6059e0ee97b1bd02370ba00f2310a0b6d2fa86ac87d3a00592bab8072e3a
quickjs,access-fannkuch,27,8,302966600,37870825.0,CHECKSUM=22,,0,True,14ca39c4940cb77dde1c975cf6047a8ca4ff495a4dce7a9c5489b40f7623e23b
v8_ignition,access-fannkuch,27,8,317096100,39637012.5,CHECKSUM=22,,0,True,14ca39c4940cb77dde1c975cf6047a8ca4ff495a4dce7a9c5489b40f7623e23b
quickjs,string-base64,27,32,728157400,22754918.75,CHECKSUM=32768,,0,True,e43d3d50e40a2e2fe0ebf5da8d8ad9d0865bade106ae6ef848f13c3324d25a35
v8_ignition,string-base64,27,32,240258000,7508062.5,CHECKSUM=32768,,0,True,e43d3d50e40a2e2fe0ebf5da8d8ad9d0865bade106ae6ef848f13c3324d25a35
quickjs,math-partial-sums,27,16,296935300,18558456.25,CHECKSUM=60.08994194659945,,0,True,00d31496f5edb04d1db4c57cf94dcee22bf029002789061ff65b1f47ca19931e
v8_ignition,math-partial-sums,27,16,223398700,13962418.75,CHECKSUM=60.08994194659945,,0,True,00d31496f5edb04d1db4c57cf94dcee22bf029002789061ff65b1f47ca19931e
quickjs,3d-morph,27,8,188481900,23560237.5,CHECKSUM=0,,0,True,fd5bd998032f9904bd40a69a9fa6fc4caebdb9582e0e919ead1720ec9afe11aa
v8_ignition,3d-morph,27,8,202767600,25345950.0,CHECKSUM=0,,0,True,fd5bd998032f9904bd40a69a9fa6fc4caebdb9582e0e919ead1720ec9afe11aa
quickjs,string-validate-input,27,32,450991100,14093471.875,CHECKSUM=462000,,0,True,c342b03c06ac1759c76d594213f9725dd133b082bed78ad362bcbdf61ff41ac9
v8_ignition,string-validate-input,27,32,223445900,6982684.375,CHECKSUM=462000,,0,True,c342b03c06ac1759c76d594213f9725dd133b082bed78ad362bcbdf61ff41ac9
quickjs,crypto-md5,27,32,244953000,7654781.25,CHECKSUM=a831e91e0f70eddcb70dc61c6f82f6cd,,0,True,f56a443c4d90f4f07279686f8c05d146d3a80c1d01bbb27b0661db0bc429d4ab
v8_ignition,crypto-md5,27,32,285345600,8917050.0,CHECKSUM=a831e91e0f70eddcb70dc61c6f82f6cd,,0,True,f56a443c4d90f4f07279686f8c05d146d3a80c1d01bbb27b0661db0bc429d4ab
quickjs,date-format-xparb,27,64,1298754000,20293031.25,"CHECKSUM=2017-09-05|Tuesday, September 05, 2017 7:43:48 AM|1504652895000",,0,True,4ba90758c83e80e4573d63242bb2849776a30fac9f21bc1195aa3b48477acc4f
v8_ignition,date-format-xparb,27,64,305898000,4779656.25,"CHECKSUM=2017-09-05|Tuesday, September 05, 2017 7:43:48 AM|1504652895000",,0,True,4ba90758c83e80e4573d63242bb2849776a30fac9f21bc1195aa3b48477acc4f
quickjs,math-cordic,27,16,363841900,22740118.75,CHECKSUM=10362.570468755888,,0,True,5ef0f07deb7ae62267cb78d88ce5cb0a9f6f9eedf8f32c89e8e027a0d55694ca
v8_ignition,math-cordic,27,16,312012900,19500806.25,CHECKSUM=10362.570468755888,,0,True,5ef0f07deb7ae62267cb78d88ce5cb0a9f6f9eedf8f32c89e8e027a0d55694ca
quickjs,access-binary-trees,27,32,405556500,12673640.625,CHECKSUM=-4,,0,True,d2f0effcffabb4f66feea7d208d33ec1de01e131b98394b5c3f674d9c794e0d6
v8_ignition,access-binary-trees,27,32,210543700,6579490.625,CHECKSUM=-4,,0,True,d2f0effcffabb4f66feea7d208d33ec1de01e131b98394b5c3f674d9c794e0d6
quickjs,access-nbody,27,16,256866300,16054143.75,CHECKSUM=-1.3524862408537381,,0,True,0b9a906130c46bbde7af68aced35070d61f38ad3ddcdecfd9556672f7368dfa2
v8_ignition,access-nbody,27,16,334556800,20909800.0,CHECKSUM=-1.3524862408537381,,0,True,0b9a906130c46bbde7af68aced35070d61f38ad3ddcdecfd9556672f7368dfa2
quickjs,crypto-sha1,27,32,234860900,7339403.125,CHECKSUM=2524d264def74cce2498bf112bedf00e6c0b796d,,0,True,2319a338491746d7c3ee54a212a5e10775313086edde16f7eac411f7781cef49
v8_ignition,crypto-sha1,27,32,315362600,9855081.25,CHECKSUM=2524d264def74cce2498bf112bedf00e6c0b796d,,0,True,2319a338491746d7c3ee54a212a5e10775313086edde16f7eac411f7781cef49
quickjs,string-tagcloud,27,32,902113300,28191040.625,CHECKSUM=315241,,0,True,c7ef7be75b2cf852b77752b22013ad0e51ed13b107fd3349383cd16b29513bbd
v8_ignition,string-tagcloud,27,32,234181800,7318181.25,CHECKSUM=315241,,0,True,c7ef7be75b2cf852b77752b22013ad0e51ed13b107fd3349383cd16b29513bbd
quickjs,bitops-bitwise-and,27,32,244346000,7635812.5,CHECKSUM=0,,0,True,55abb3c2e2f9d778dc2b1d00c814581824294ee6b23b3f900bc95c299fe9e553
v8_ignition,bitops-bitwise-and,27,32,338567600,10580237.5,CHECKSUM=0,,0,True,55abb3c2e2f9d778dc2b1d00c814581824294ee6b23b3f900bc95c299fe9e553
quickjs,controlflow-recursive,27,32,278512700,8703521.875,CHECKSUM=57775,,0,True,2654c7838986abd352cd642a15f55413c6df26469fa39de4ffe77b47bb2cc66c
v8_ignition,controlflow-recursive,27,32,256054300,8001696.875,CHECKSUM=57775,,0,True,2654c7838986abd352cd642a15f55413c6df26469fa39de4ffe77b47bb2cc66c
quickjs,crypto-aes,27,16,255338100,15958631.25,CHECKSUM=1343,,0,True,6de1e96fa9a5b787048aba3f79a67a682f659807b1050cc1ea07efa9fabfc27e
v8_ignition,crypto-aes,27,16,270467300,16904206.25,CHECKSUM=1343,,0,True,6de1e96fa9a5b787048aba3f79a67a682f659807b1050cc1ea07efa9fabfc27e
v8_ignition,regexp-dna,28,128,286027000,2234585.9375,CHECKSUM=249:300056,,0,True,a53c6059e0ee97b1bd02370ba00f2310a0b6d2fa86ac87d3a00592bab8072e3a
quickjs,regexp-dna,28,128,10352743500,80880808.59375,CHECKSUM=249:300056,,0,True,a53c6059e0ee97b1bd02370ba00f2310a0b6d2fa86ac87d3a00592bab8072e3a
v8_ignition,crypto-md5,28,32,289500500,9046890.625,CHECKSUM=a831e91e0f70eddcb70dc61c6f82f6cd,,0,True,f56a443c4d90f4f07279686f8c05d146d3a80c1d01bbb27b0661db0bc429d4ab
quickjs,crypto-md5,28,32,242639600,7582487.5,CHECKSUM=a831e91e0f70eddcb70dc61c6f82f6cd,,0,True,f56a443c4d90f4f07279686f8c05d146d3a80c1d01bbb27b0661db0bc429d4ab
v8_ignition,string-base64,28,32,247400400,7731262.5,CHECKSUM=32768,,0,True,e43d3d50e40a2e2fe0ebf5da8d8ad9d0865bade106ae6ef848f13c3324d25a35
quickjs,string-base64,28,32,716437700,22388678.125,CHECKSUM=32768,,0,True,e43d3d50e40a2e2fe0ebf5da8d8ad9d0865bade106ae6ef848f13c3324d25a35
v8_ignition,3d-morph,28,8,198880300,24860037.5,CHECKSUM=0,,0,True,fd5bd998032f9904bd40a69a9fa6fc4caebdb9582e0e919ead1720ec9afe11aa
quickjs,3d-morph,28,8,188744100,23593012.5,CHECKSUM=0,,0,True,fd5bd998032f9904bd40a69a9fa6fc4caebdb9582e0e919ead1720ec9afe11aa
v8_ignition,string-unpack-code,28,32,255591800,7987243.75,CHECKSUM=511508,,0,True,68a8a79cf599b9d4426388c36ec1db21c49799c4a27ab4f2c0e77c0fdcd2d061
quickjs,string-unpack-code,28,32,1933686800,60427712.5,CHECKSUM=511508,,0,True,68a8a79cf599b9d4426388c36ec1db21c49799c4a27ab4f2c0e77c0fdcd2d061
v8_ignition,date-format-xparb,28,64,306397700,4787464.0625,"CHECKSUM=2017-09-05|Tuesday, September 05, 2017 7:43:48 AM|1504652895000",,0,True,4ba90758c83e80e4573d63242bb2849776a30fac9f21bc1195aa3b48477acc4f
quickjs,date-format-xparb,28,64,1292266700,20191667.1875,"CHECKSUM=2017-09-05|Tuesday, September 05, 2017 7:43:48 AM|1504652895000",,0,True,4ba90758c83e80e4573d63242bb2849776a30fac9f21bc1195aa3b48477acc4f
v8_ignition,string-tagcloud,28,32,237959000,7436218.75,CHECKSUM=315241,,0,True,c7ef7be75b2cf852b77752b22013ad0e51ed13b107fd3349383cd16b29513bbd
quickjs,string-tagcloud,28,32,973421700,30419428.125,CHECKSUM=315241,,0,True,c7ef7be75b2cf852b77752b22013ad0e51ed13b107fd3349383cd16b29513bbd
v8_ignition,string-validate-input,28,32,227489200,7109037.5,CHECKSUM=462000,,0,True,c342b03c06ac1759c76d594213f9725dd133b082bed78ad362bcbdf61ff41ac9
quickjs,string-validate-input,28,32,452106700,14128334.375,CHECKSUM=462000,,0,True,c342b03c06ac1759c76d594213f9725dd133b082bed78ad362bcbdf61ff41ac9
v8_ignition,math-spectral-norm,28,32,271347700,8479615.625,CHECKSUM=5.086694231303284,,0,True,67383cc3484c0d356590f1e3d3e8f32da407ac5f058211b5d02f7fb87a2906ac
quickjs,math-spectral-norm,28,32,316992900,9906028.125,CHECKSUM=5.086694231303284,,0,True,67383cc3484c0d356590f1e3d3e8f32da407ac5f058211b5d02f7fb87a2906ac
v8_ignition,access-nsieve,28,16,202128200,12633012.5,CHECKSUM=14302,,0,True,873688bafdc3d4027bbdc57baede0c0cd0f145e97a9752020bd0d117e771b990
quickjs,access-nsieve,28,16,400460600,25028787.5,CHECKSUM=14302,,0,True,873688bafdc3d4027bbdc57baede0c0cd0f145e97a9752020bd0d117e771b990
v8_ignition,access-fannkuch,28,8,318393200,39799150.0,CHECKSUM=22,,0,True,14ca39c4940cb77dde1c975cf6047a8ca4ff495a4dce7a9c5489b40f7623e23b
quickjs,access-fannkuch,28,8,299680300,37460037.5,CHECKSUM=22,,0,True,14ca39c4940cb77dde1c975cf6047a8ca4ff495a4dce7a9c5489b40f7623e23b
v8_ignition,bitops-3bit-bits-in-byte,28,32,265440600,8295018.75,CHECKSUM=512000,,0,True,595fcbd71ba4c9520f6ce3314b5f1637e4c15b2dcba679ab1e7523a264dae220
quickjs,bitops-3bit-bits-in-byte,28,32,317037800,9907431.25,CHECKSUM=512000,,0,True,595fcbd71ba4c9520f6ce3314b5f1637e4c15b2dcba679ab1e7523a264dae220
v8_ignition,math-cordic,28,16,312181800,19511362.5,CHECKSUM=10362.570468755888,,0,True,5ef0f07deb7ae62267cb78d88ce5cb0a9f6f9eedf8f32c89e8e027a0d55694ca
quickjs,math-cordic,28,16,363986900,22749181.25,CHECKSUM=10362.570468755888,,0,True,5ef0f07deb7ae62267cb78d88ce5cb0a9f6f9eedf8f32c89e8e027a0d55694ca
v8_ignition,crypto-aes,28,16,260366100,16272881.25,CHECKSUM=1343,,0,True,6de1e96fa9a5b787048aba3f79a67a682f659807b1050cc1ea07efa9fabfc27e
quickjs,crypto-aes,28,16,251675700,15729731.25,CHECKSUM=1343,,0,True,6de1e96fa9a5b787048aba3f79a67a682f659807b1050cc1ea07efa9fabfc27e
v8_ignition,3d-raytrace,28,16,282188200,17636762.5,CHECKSUM=20970,,0,True,a006bac48a32d59b55bfb179110c29cf99c5193bb7fad9ed45c1a770d10a359a
quickjs,3d-raytrace,28,16,257415700,16088481.25,CHECKSUM=20969,,0,True,a006bac48a32d59b55bfb179110c29cf99c5193bb7fad9ed45c1a770d10a359a
v8_ignition,bitops-bitwise-and,28,32,340946800,10654587.5,CHECKSUM=0,,0,True,55abb3c2e2f9d778dc2b1d00c814581824294ee6b23b3f900bc95c299fe9e553
quickjs,bitops-bitwise-and,28,32,247036500,7719890.625,CHECKSUM=0,,0,True,55abb3c2e2f9d778dc2b1d00c814581824294ee6b23b3f900bc95c299fe9e553
v8_ignition,access-binary-trees,28,32,212162300,6630071.875,CHECKSUM=-4,,0,True,d2f0effcffabb4f66feea7d208d33ec1de01e131b98394b5c3f674d9c794e0d6
quickjs,access-binary-trees,28,32,431151000,13473468.75,CHECKSUM=-4,,0,True,d2f0effcffabb4f66feea7d208d33ec1de01e131b98394b5c3f674d9c794e0d6
v8_ignition,date-format-tofte,28,32,309303200,9665725.0,"CHECKSUM=2008-05-01|Thursday, May 01, 2008 5:31:22 PM|1209718549000",,0,True,1372e86a53b36d9b13b6d42615638930ff367abbaee784a4217016668771d440
quickjs,date-format-tofte,28,32,979553500,30611046.875,"CHECKSUM=2008-05-01|Thursday, May 01, 2008 5:31:22 PM|1209718549000",,0,True,1372e86a53b36d9b13b6d42615638930ff367abbaee784a4217016668771d440
v8_ignition,3d-cube,28,16,342026800,21376675.0,CHECKSUM=320,,0,True,bc30b827463144ad584749054c0706de2b0ee47cb6ce07af1ba883cc9615d1aa
quickjs,3d-cube,28,16,505796900,31612306.25,CHECKSUM=320,,0,True,bc30b827463144ad584749054c0706de2b0ee47cb6ce07af1ba883cc9615d1aa
v8_ignition,crypto-sha1,28,32,308604800,9643900.0,CHECKSUM=2524d264def74cce2498bf112bedf00e6c0b796d,,0,True,2319a338491746d7c3ee54a212a5e10775313086edde16f7eac411f7781cef49
quickjs,crypto-sha1,28,32,233512200,7297256.25,CHECKSUM=2524d264def74cce2498bf112bedf00e6c0b796d,,0,True,2319a338491746d7c3ee54a212a5e10775313086edde16f7eac411f7781cef49
v8_ignition,controlflow-recursive,28,32,263979400,8249356.25,CHECKSUM=57775,,0,True,2654c7838986abd352cd642a15f55413c6df26469fa39de4ffe77b47bb2cc66c
quickjs,controlflow-recursive,28,32,308766900,9648965.625,CHECKSUM=57775,,0,True,2654c7838986abd352cd642a15f55413c6df26469fa39de4ffe77b47bb2cc66c
v8_ignition,math-partial-sums,28,16,222343600,13896475.0,CHECKSUM=60.08994194659945,,0,True,00d31496f5edb04d1db4c57cf94dcee22bf029002789061ff65b1f47ca19931e
quickjs,math-partial-sums,28,16,291709100,18231818.75,CHECKSUM=60.08994194659945,,0,True,00d31496f5edb04d1db4c57cf94dcee22bf029002789061ff65b1f47ca19931e
v8_ignition,bitops-nsieve-bits,28,16,406427300,25401706.25,CHECKSUM=-1286749544853,,0,True,ef254234e894deef49062adf64960bb8c89398a7222917b870c1a20bb070f274
quickjs,bitops-nsieve-bits,28,16,235856900,14741056.25,CHECKSUM=-1286749544853,,0,True,ef254234e894deef49062adf64960bb8c89398a7222917b870c1a20bb070f274
v8_ignition,bitops-bits-in-byte,28,16,334126600,20882912.5,CHECKSUM=358400,,0,True,f5c49904410f845a94f7e2e5534562933d30dbb449a39035ff46077059b2d91e
quickjs,bitops-bits-in-byte,28,16,332395200,20774700.0,CHECKSUM=358400,,0,True,f5c49904410f845a94f7e2e5534562933d30dbb449a39035ff46077059b2d91e
v8_ignition,string-fasta,28,32,343578100,10736815.625,CHECKSUM=1456000,,0,True,25a4430bd173cf3f8348bb9a343d31af578bbc5592d3801ad1143e663eb17726
quickjs,string-fasta,28,32,881068800,27533400.0,CHECKSUM=1456000,,0,True,25a4430bd173cf3f8348bb9a343d31af578bbc5592d3801ad1143e663eb17726
v8_ignition,access-nbody,28,16,332778900,20798681.25,CHECKSUM=-1.3524862408537381,,0,True,0b9a906130c46bbde7af68aced35070d61f38ad3ddcdecfd9556672f7368dfa2
quickjs,access-nbody,28,16,258559800,16159987.5,CHECKSUM=-1.3524862408537381,,0,True,0b9a906130c46bbde7af68aced35070d61f38ad3ddcdecfd9556672f7368dfa2
quickjs,3d-raytrace,29,16,252720500,15795031.25,CHECKSUM=20969,,0,True,a006bac48a32d59b55bfb179110c29cf99c5193bb7fad9ed45c1a770d10a359a
v8_ignition,3d-raytrace,29,16,280105800,17506612.5,CHECKSUM=20970,,0,True,a006bac48a32d59b55bfb179110c29cf99c5193bb7fad9ed45c1a770d10a359a
quickjs,bitops-bitwise-and,29,32,254369100,7949034.375,CHECKSUM=0,,0,True,55abb3c2e2f9d778dc2b1d00c814581824294ee6b23b3f900bc95c299fe9e553
v8_ignition,bitops-bitwise-and,29,32,336190900,10505965.625,CHECKSUM=0,,0,True,55abb3c2e2f9d778dc2b1d00c814581824294ee6b23b3f900bc95c299fe9e553
quickjs,math-spectral-norm,29,32,307954400,9623575.0,CHECKSUM=5.086694231303284,,0,True,67383cc3484c0d356590f1e3d3e8f32da407ac5f058211b5d02f7fb87a2906ac
v8_ignition,math-spectral-norm,29,32,278534800,8704212.5,CHECKSUM=5.086694231303284,,0,True,67383cc3484c0d356590f1e3d3e8f32da407ac5f058211b5d02f7fb87a2906ac
quickjs,math-partial-sums,29,16,289897400,18118587.5,CHECKSUM=60.08994194659945,,0,True,00d31496f5edb04d1db4c57cf94dcee22bf029002789061ff65b1f47ca19931e
v8_ignition,math-partial-sums,29,16,222610500,13913156.25,CHECKSUM=60.08994194659945,,0,True,00d31496f5edb04d1db4c57cf94dcee22bf029002789061ff65b1f47ca19931e
quickjs,controlflow-recursive,29,32,281294500,8790453.125,CHECKSUM=57775,,0,True,2654c7838986abd352cd642a15f55413c6df26469fa39de4ffe77b47bb2cc66c
v8_ignition,controlflow-recursive,29,32,262893400,8215418.75,CHECKSUM=57775,,0,True,2654c7838986abd352cd642a15f55413c6df26469fa39de4ffe77b47bb2cc66c
quickjs,string-unpack-code,29,32,1997328800,62416525.0,CHECKSUM=511508,,0,True,68a8a79cf599b9d4426388c36ec1db21c49799c4a27ab4f2c0e77c0fdcd2d061
v8_ignition,string-unpack-code,29,32,265302600,8290706.25,CHECKSUM=511508,,0,True,68a8a79cf599b9d4426388c36ec1db21c49799c4a27ab4f2c0e77c0fdcd2d061
quickjs,access-fannkuch,29,8,299120500,37390062.5,CHECKSUM=22,,0,True,14ca39c4940cb77dde1c975cf6047a8ca4ff495a4dce7a9c5489b40f7623e23b
v8_ignition,access-fannkuch,29,8,312665100,39083137.5,CHECKSUM=22,,0,True,14ca39c4940cb77dde1c975cf6047a8ca4ff495a4dce7a9c5489b40f7623e23b
quickjs,access-nsieve,29,16,402230400,25139400.0,CHECKSUM=14302,,0,True,873688bafdc3d4027bbdc57baede0c0cd0f145e97a9752020bd0d117e771b990
v8_ignition,access-nsieve,29,16,198564900,12410306.25,CHECKSUM=14302,,0,True,873688bafdc3d4027bbdc57baede0c0cd0f145e97a9752020bd0d117e771b990
quickjs,crypto-md5,29,32,240707300,7522103.125,CHECKSUM=a831e91e0f70eddcb70dc61c6f82f6cd,,0,True,f56a443c4d90f4f07279686f8c05d146d3a80c1d01bbb27b0661db0bc429d4ab
v8_ignition,crypto-md5,29,32,298709900,9334684.375,CHECKSUM=a831e91e0f70eddcb70dc61c6f82f6cd,,0,True,f56a443c4d90f4f07279686f8c05d146d3a80c1d01bbb27b0661db0bc429d4ab
quickjs,crypto-aes,29,16,252825800,15801612.5,CHECKSUM=1343,,0,True,6de1e96fa9a5b787048aba3f79a67a682f659807b1050cc1ea07efa9fabfc27e
v8_ignition,crypto-aes,29,16,264952700,16559543.75,CHECKSUM=1343,,0,True,6de1e96fa9a5b787048aba3f79a67a682f659807b1050cc1ea07efa9fabfc27e
quickjs,bitops-nsieve-bits,29,16,246914200,15432137.5,CHECKSUM=-1286749544853,,0,True,ef254234e894deef49062adf64960bb8c89398a7222917b870c1a20bb070f274
v8_ignition,bitops-nsieve-bits,29,16,412283600,25767725.0,CHECKSUM=-1286749544853,,0,True,ef254234e894deef49062adf64960bb8c89398a7222917b870c1a20bb070f274
quickjs,date-format-tofte,29,32,984769000,30774031.25,"CHECKSUM=2008-05-01|Thursday, May 01, 2008 5:31:22 PM|1209718549000",,0,True,1372e86a53b36d9b13b6d42615638930ff367abbaee784a4217016668771d440
v8_ignition,date-format-tofte,29,32,309713400,9678543.75,"CHECKSUM=2008-05-01|Thursday, May 01, 2008 5:31:22 PM|1209718549000",,0,True,1372e86a53b36d9b13b6d42615638930ff367abbaee784a4217016668771d440
quickjs,string-validate-input,29,32,450747400,14085856.25,CHECKSUM=462000,,0,True,c342b03c06ac1759c76d594213f9725dd133b082bed78ad362bcbdf61ff41ac9
v8_ignition,string-validate-input,29,32,228155300,7129853.125,CHECKSUM=462000,,0,True,c342b03c06ac1759c76d594213f9725dd133b082bed78ad362bcbdf61ff41ac9
quickjs,string-base64,29,32,721383300,22543228.125,CHECKSUM=32768,,0,True,e43d3d50e40a2e2fe0ebf5da8d8ad9d0865bade106ae6ef848f13c3324d25a35
v8_ignition,string-base64,29,32,244003800,7625118.75,CHECKSUM=32768,,0,True,e43d3d50e40a2e2fe0ebf5da8d8ad9d0865bade106ae6ef848f13c3324d25a35
quickjs,access-binary-trees,29,32,421194600,13162331.25,CHECKSUM=-4,,0,True,d2f0effcffabb4f66feea7d208d33ec1de01e131b98394b5c3f674d9c794e0d6
v8_ignition,access-binary-trees,29,32,215326600,6728956.25,CHECKSUM=-4,,0,True,d2f0effcffabb4f66feea7d208d33ec1de01e131b98394b5c3f674d9c794e0d6
quickjs,3d-cube,29,16,504284800,31517800.0,CHECKSUM=320,,0,True,bc30b827463144ad584749054c0706de2b0ee47cb6ce07af1ba883cc9615d1aa
v8_ignition,3d-cube,29,16,345535000,21595937.5,CHECKSUM=320,,0,True,bc30b827463144ad584749054c0706de2b0ee47cb6ce07af1ba883cc9615d1aa
quickjs,crypto-sha1,29,32,233041400,7282543.75,CHECKSUM=2524d264def74cce2498bf112bedf00e6c0b796d,,0,True,2319a338491746d7c3ee54a212a5e10775313086edde16f7eac411f7781cef49
v8_ignition,crypto-sha1,29,32,313720600,9803768.75,CHECKSUM=2524d264def74cce2498bf112bedf00e6c0b796d,,0,True,2319a338491746d7c3ee54a212a5e10775313086edde16f7eac411f7781cef49
quickjs,regexp-dna,29,128,10334898900,80741397.65625,CHECKSUM=249:300056,,0,True,a53c6059e0ee97b1bd02370ba00f2310a0b6d2fa86ac87d3a00592bab8072e3a
v8_ignition,regexp-dna,29,128,297187100,2321774.21875,CHECKSUM=249:300056,,0,True,a53c6059e0ee97b1bd02370ba00f2310a0b6d2fa86ac87d3a00592bab8072e3a
quickjs,3d-morph,29,8,200466200,25058275.0,CHECKSUM=0,,0,True,fd5bd998032f9904bd40a69a9fa6fc4caebdb9582e0e919ead1720ec9afe11aa
v8_ignition,3d-morph,29,8,203913500,25489187.5,CHECKSUM=0,,0,True,fd5bd998032f9904bd40a69a9fa6fc4caebdb9582e0e919ead1720ec9afe11aa
quickjs,date-format-xparb,29,64,1289947900,20155435.9375,"CHECKSUM=2017-09-05|Tuesday, September 05, 2017 7:43:48 AM|1504652895000",,0,True,4ba90758c83e80e4573d63242bb2849776a30fac9f21bc1195aa3b48477acc4f
v8_ignition,date-format-xparb,29,64,304833800,4763028.125,"CHECKSUM=2017-09-05|Tuesday, September 05, 2017 7:43:48 AM|1504652895000",,0,True,4ba90758c83e80e4573d63242bb2849776a30fac9f21bc1195aa3b48477acc4f
quickjs,string-tagcloud,29,32,887081100,27721284.375,CHECKSUM=315241,,0,True,c7ef7be75b2cf852b77752b22013ad0e51ed13b107fd3349383cd16b29513bbd
v8_ignition,string-tagcloud,29,32,232758700,7273709.375,CHECKSUM=315241,,0,True,c7ef7be75b2cf852b77752b22013ad0e51ed13b107fd3349383cd16b29513bbd
quickjs,string-fasta,29,32,875909500,27372171.875,CHECKSUM=1456000,,0,True,25a4430bd173cf3f8348bb9a343d31af578bbc5592d3801ad1143e663eb17726
v8_ignition,string-fasta,29,32,344670300,10770946.875,CHECKSUM=1456000,,0,True,25a4430bd173cf3f8348bb9a343d31af578bbc5592d3801ad1143e663eb17726
quickjs,access-nbody,29,16,254557600,15909850.0,CHECKSUM=-1.3524862408537381,,0,True,0b9a906130c46bbde7af68aced35070d61f38ad3ddcdecfd9556672f7368dfa2
v8_ignition,access-nbody,29,16,336403600,21025225.0,CHECKSUM=-1.3524862408537381,,0,True,0b9a906130c46bbde7af68aced35070d61f38ad3ddcdecfd9556672f7368dfa2
quickjs,math-cordic,29,16,363636400,22727275.0,CHECKSUM=10362.570468755888,,0,True,5ef0f07deb7ae62267cb78d88ce5cb0a9f6f9eedf8f32c89e8e027a0d55694ca
v8_ignition,math-cordic,29,16,312646700,19540418.75,CHECKSUM=10362.570468755888,,0,True,5ef0f07deb7ae62267cb78d88ce5cb0a9f6f9eedf8f32c89e8e027a0d55694ca
quickjs,bitops-bits-in-byte,29,16,331825500,20739093.75,CHECKSUM=358400,,0,True,f5c49904410f845a94f7e2e5534562933d30dbb449a39035ff46077059b2d91e
v8_ignition,bitops-bits-in-byte,29,16,352494100,22030881.25,CHECKSUM=358400,,0,True,f5c49904410f845a94f7e2e5534562933d30dbb449a39035ff46077059b2d91e
quickjs,bitops-3bit-bits-in-byte,29,32,322943000,10091968.75,CHECKSUM=512000,,0,True,595fcbd71ba4c9520f6ce3314b5f1637e4c15b2dcba679ab1e7523a264dae220
v8_ignition,bitops-3bit-bits-in-byte,29,32,263923500,8247609.375,CHECKSUM=512000,,0,True,595fcbd71ba4c9520f6ce3314b5f1637e4c15b2dcba679ab1e7523a264dae220
v8_ignition,bitops-bitwise-and,30,32,348724000,10897625.0,CHECKSUM=0,,0,True,55abb3c2e2f9d778dc2b1d00c814581824294ee6b23b3f900bc95c299fe9e553
quickjs,bitops-bitwise-and,30,32,250804100,7837628.125,CHECKSUM=0,,0,True,55abb3c2e2f9d778dc2b1d00c814581824294ee6b23b3f900bc95c299fe9e553
v8_ignition,math-cordic,30,16,310828300,19426768.75,CHECKSUM=10362.570468755888,,0,True,5ef0f07deb7ae62267cb78d88ce5cb0a9f6f9eedf8f32c89e8e027a0d55694ca
quickjs,math-cordic,30,16,362291900,22643243.75,CHECKSUM=10362.570468755888,,0,True,5ef0f07deb7ae62267cb78d88ce5cb0a9f6f9eedf8f32c89e8e027a0d55694ca
v8_ignition,controlflow-recursive,30,32,248765800,7773931.25,CHECKSUM=57775,,0,True,2654c7838986abd352cd642a15f55413c6df26469fa39de4ffe77b47bb2cc66c
quickjs,controlflow-recursive,30,32,277249700,8664053.125,CHECKSUM=57775,,0,True,2654c7838986abd352cd642a15f55413c6df26469fa39de4ffe77b47bb2cc66c
v8_ignition,access-binary-trees,30,32,210076600,6564893.75,CHECKSUM=-4,,0,True,d2f0effcffabb4f66feea7d208d33ec1de01e131b98394b5c3f674d9c794e0d6
quickjs,access-binary-trees,30,32,402045000,12563906.25,CHECKSUM=-4,,0,True,d2f0effcffabb4f66feea7d208d33ec1de01e131b98394b5c3f674d9c794e0d6
v8_ignition,date-format-tofte,30,32,305033000,9532281.25,"CHECKSUM=2008-05-01|Thursday, May 01, 2008 5:31:22 PM|1209718549000",,0,True,1372e86a53b36d9b13b6d42615638930ff367abbaee784a4217016668771d440
quickjs,date-format-tofte,30,32,991857800,30995556.25,"CHECKSUM=2008-05-01|Thursday, May 01, 2008 5:31:22 PM|1209718549000",,0,True,1372e86a53b36d9b13b6d42615638930ff367abbaee784a4217016668771d440
v8_ignition,crypto-sha1,30,32,314894500,9840453.125,CHECKSUM=2524d264def74cce2498bf112bedf00e6c0b796d,,0,True,2319a338491746d7c3ee54a212a5e10775313086edde16f7eac411f7781cef49
quickjs,crypto-sha1,30,32,234495700,7327990.625,CHECKSUM=2524d264def74cce2498bf112bedf00e6c0b796d,,0,True,2319a338491746d7c3ee54a212a5e10775313086edde16f7eac411f7781cef49
v8_ignition,string-validate-input,30,32,222884500,6965140.625,CHECKSUM=462000,,0,True,c342b03c06ac1759c76d594213f9725dd133b082bed78ad362bcbdf61ff41ac9
quickjs,string-validate-input,30,32,449757500,14054921.875,CHECKSUM=462000,,0,True,c342b03c06ac1759c76d594213f9725dd133b082bed78ad362bcbdf61ff41ac9
v8_ignition,regexp-dna,30,128,282016500,2203253.90625,CHECKSUM=249:300056,,0,True,a53c6059e0ee97b1bd02370ba00f2310a0b6d2fa86ac87d3a00592bab8072e3a
quickjs,regexp-dna,30,128,10532230700,82283052.34375,CHECKSUM=249:300056,,0,True,a53c6059e0ee97b1bd02370ba00f2310a0b6d2fa86ac87d3a00592bab8072e3a
v8_ignition,crypto-md5,30,32,283624800,8863275.0,CHECKSUM=a831e91e0f70eddcb70dc61c6f82f6cd,,0,True,f56a443c4d90f4f07279686f8c05d146d3a80c1d01bbb27b0661db0bc429d4ab
quickjs,crypto-md5,30,32,242213600,7569175.0,CHECKSUM=a831e91e0f70eddcb70dc61c6f82f6cd,,0,True,f56a443c4d90f4f07279686f8c05d146d3a80c1d01bbb27b0661db0bc429d4ab
v8_ignition,string-unpack-code,30,32,258438400,8076200.0,CHECKSUM=511508,,0,True,68a8a79cf599b9d4426388c36ec1db21c49799c4a27ab4f2c0e77c0fdcd2d061
quickjs,string-unpack-code,30,32,1910605900,59706434.375,CHECKSUM=511508,,0,True,68a8a79cf599b9d4426388c36ec1db21c49799c4a27ab4f2c0e77c0fdcd2d061
v8_ignition,math-partial-sums,30,16,226593600,14162100.0,CHECKSUM=60.08994194659945,,0,True,00d31496f5edb04d1db4c57cf94dcee22bf029002789061ff65b1f47ca19931e
quickjs,math-partial-sums,30,16,289596900,18099806.25,CHECKSUM=60.08994194659945,,0,True,00d31496f5edb04d1db4c57cf94dcee22bf029002789061ff65b1f47ca19931e
v8_ignition,string-fasta,30,32,351023200,10969475.0,CHECKSUM=1456000,,0,True,25a4430bd173cf3f8348bb9a343d31af578bbc5592d3801ad1143e663eb17726
quickjs,string-fasta,30,32,924848300,28901509.375,CHECKSUM=1456000,,0,True,25a4430bd173cf3f8348bb9a343d31af578bbc5592d3801ad1143e663eb17726
v8_ignition,bitops-nsieve-bits,30,16,415359400,25959962.5,CHECKSUM=-1286749544853,,0,True,ef254234e894deef49062adf64960bb8c89398a7222917b870c1a20bb070f274
quickjs,bitops-nsieve-bits,30,16,240253000,15015812.5,CHECKSUM=-1286749544853,,0,True,ef254234e894deef49062adf64960bb8c89398a7222917b870c1a20bb070f274
v8_ignition,access-nsieve,30,16,201879900,12617493.75,CHECKSUM=14302,,0,True,873688bafdc3d4027bbdc57baede0c0cd0f145e97a9752020bd0d117e771b990
quickjs,access-nsieve,30,16,415623700,25976481.25,CHECKSUM=14302,,0,True,873688bafdc3d4027bbdc57baede0c0cd0f145e97a9752020bd0d117e771b990
v8_ignition,3d-cube,30,16,349716400,21857275.0,CHECKSUM=320,,0,True,bc30b827463144ad584749054c0706de2b0ee47cb6ce07af1ba883cc9615d1aa
quickjs,3d-cube,30,16,506254900,31640931.25,CHECKSUM=320,,0,True,bc30b827463144ad584749054c0706de2b0ee47cb6ce07af1ba883cc9615d1aa
v8_ignition,string-base64,30,32,261063300,8158228.125,CHECKSUM=32768,,0,True,e43d3d50e40a2e2fe0ebf5da8d8ad9d0865bade106ae6ef848f13c3324d25a35
quickjs,string-base64,30,32,745431500,23294734.375,CHECKSUM=32768,,0,True,e43d3d50e40a2e2fe0ebf5da8d8ad9d0865bade106ae6ef848f13c3324d25a35
v8_ignition,bitops-3bit-bits-in-byte,30,32,265235800,8288618.75,CHECKSUM=512000,,0,True,595fcbd71ba4c9520f6ce3314b5f1637e4c15b2dcba679ab1e7523a264dae220
quickjs,bitops-3bit-bits-in-byte,30,32,323569300,10111540.625,CHECKSUM=512000,,0,True,595fcbd71ba4c9520f6ce3314b5f1637e4c15b2dcba679ab1e7523a264dae220
v8_ignition,3d-raytrace,30,16,282866200,17679137.5,CHECKSUM=20970,,0,True,a006bac48a32d59b55bfb179110c29cf99c5193bb7fad9ed45c1a770d10a359a
quickjs,3d-raytrace,30,16,273936400,17121025.0,CHECKSUM=20969,,0,True,a006bac48a32d59b55bfb179110c29cf99c5193bb7fad9ed45c1a770d10a359a
v8_ignition,crypto-aes,30,16,265757700,16609856.25,CHECKSUM=1343,,0,True,6de1e96fa9a5b787048aba3f79a67a682f659807b1050cc1ea07efa9fabfc27e
quickjs,crypto-aes,30,16,252259000,15766187.5,CHECKSUM=1343,,0,True,6de1e96fa9a5b787048aba3f79a67a682f659807b1050cc1ea07efa9fabfc27e
v8_ignition,bitops-bits-in-byte,30,16,355039200,22189950.0,CHECKSUM=358400,,0,True,f5c49904410f845a94f7e2e5534562933d30dbb449a39035ff46077059b2d91e
quickjs,bitops-bits-in-byte,30,16,323102500,20193906.25,CHECKSUM=358400,,0,True,f5c49904410f845a94f7e2e5534562933d30dbb449a39035ff46077059b2d91e
v8_ignition,date-format-xparb,30,64,311404200,4865690.625,"CHECKSUM=2017-09-05|Tuesday, September 05, 2017 7:43:48 AM|1504652895000",,0,True,4ba90758c83e80e4573d63242bb2849776a30fac9f21bc1195aa3b48477acc4f
quickjs,date-format-xparb,30,64,1298678400,20291850.0,"CHECKSUM=2017-09-05|Tuesday, September 05, 2017 7:43:48 AM|1504652895000",,0,True,4ba90758c83e80e4573d63242bb2849776a30fac9f21bc1195aa3b48477acc4f
v8_ignition,string-tagcloud,30,32,240274200,7508568.75,CHECKSUM=315241,,0,True,c7ef7be75b2cf852b77752b22013ad0e51ed13b107fd3349383cd16b29513bbd
quickjs,string-tagcloud,30,32,915818100,28619315.625,CHECKSUM=315241,,0,True,c7ef7be75b2cf852b77752b22013ad0e51ed13b107fd3349383cd16b29513bbd
v8_ignition,3d-morph,30,8,210681800,26335225.0,CHECKSUM=0,,0,True,fd5bd998032f9904bd40a69a9fa6fc4caebdb9582e0e919ead1720ec9afe11aa
quickjs,3d-morph,30,8,192222000,24027750.0,CHECKSUM=0,,0,True,fd5bd998032f9904bd40a69a9fa6fc4caebdb9582e0e919ead1720ec9afe11aa
v8_ignition,math-spectral-norm,30,32,282395600,8824862.5,CHECKSUM=5.086694231303284,,0,True,67383cc3484c0d356590f1e3d3e8f32da407ac5f058211b5d02f7fb87a2906ac
quickjs,math-spectral-norm,30,32,307083300,9596353.125,CHECKSUM=5.086694231303284,,0,True,67383cc3484c0d356590f1e3d3e8f32da407ac5f058211b5d02f7fb87a2906ac
v8_ignition,access-fannkuch,30,8,324806600,40600825.0,CHECKSUM=22,,0,True,14ca39c4940cb77dde1c975cf6047a8ca4ff495a4dce7a9c5489b40f7623e23b
quickjs,access-fannkuch,30,8,303948800,37993600.0,CHECKSUM=22,,0,True,14ca39c4940cb77dde1c975cf6047a8ca4ff495a4dce7a9c5489b40f7623e23b
v8_ignition,access-nbody,30,16,341723000,21357687.5,CHECKSUM=-1.3524862408537381,,0,True,0b9a906130c46bbde7af68aced35070d61f38ad3ddcdecfd9556672f7368dfa2
quickjs,access-nbody,30,16,275866700,17241668.75,CHECKSUM=-1.3524862408537381,,0,True,0b9a906130c46bbde7af68aced35070d61f38ad3ddcdecfd9556672f7368dfa2
