engine,test,iteration,n,wall_time_ns,per_call_ns,stdout,stderr,exit_code,valid,script_sha256
quickjs,math-cordic,1,1,37024400,37024400.0,CHECKSUM=10362.570468755888,,0,True,b1e3635616ba731cd23fdbce58c1a07699fe9cc9d3221b4544a15b83dddda66d
v8_ignition,math-cordic,1,1,59121300,59121300.0,CHECKSUM=10362.570468755888,,0,True,b1e3635616ba731cd23fdbce58c1a07699fe9cc9d3221b4544a15b83dddda66d
quickjs,3d-morph,1,1,34110100,34110100.0,CHECKSUM=0,,0,True,410d94cc7264e0cf2b5e6424467cd9fd16926f46b992fcb46610f2388160bf50
v8_ignition,3d-morph,1,1,58048000,58048000.0,CHECKSUM=0,,0,True,410d94cc7264e0cf2b5e6424467cd9fd16926f46b992fcb46610f2388160bf50
quickjs,access-nsieve,1,1,35088500,35088500.0,CHECKSUM=14302,,0,True,97beeae25f000861dc8bea33cc77b72a0a8e699e00f227f6f904d290be088b8a
v8_ignition,access-nsieve,1,1,46451800,46451800.0,CHECKSUM=14302,,0,True,97beeae25f000861dc8bea33cc77b72a0a8e699e00f227f6f904d290be088b8a
quickjs,bitops-bitwise-and,1,1,17419900,17419900.0,CHECKSUM=0,,0,True,1cbfb22327a195d53284c9b68676b43e34b78f14a13a44d129296aede11390cf
v8_ignition,bitops-bitwise-and,1,1,45310600,45310600.0,CHECKSUM=0,,0,True,1cbfb22327a195d53284c9b68676b43e34b78f14a13a44d129296aede11390cf
quickjs,string-validate-input,1,1,25437700,25437700.0,CHECKSUM=462000,,0,True,a91e85f87af92025f8dcb0f7045f42bca283920b9b7b535a1d213785aaba253c
v8_ignition,string-validate-input,1,1,44616300,44616300.0,CHECKSUM=462000,,0,True,a91e85f87af92025f8dcb0f7045f42bca283920b9b7b535a1d213785aaba253c
quickjs,controlflow-recursive,1,1,19291800,19291800.0,CHECKSUM=57775,,0,True,91faf2d89e3d0a20986fa88d26cdb1f26ac80defde879935b00a40114b08a5dd
v8_ignition,controlflow-recursive,1,1,42923500,42923500.0,CHECKSUM=57775,,0,True,91faf2d89e3d0a20986fa88d26cdb1f26ac80defde879935b00a40114b08a5dd
quickjs,regexp-dna,1,1,94203800,94203800.0,CHECKSUM=249:300056,,0,True,b5c7609f15d1bdadfb7ccebb86a138de2604980446964559cccccda2dbfbe053
v8_ignition,regexp-dna,1,1,41401600,41401600.0,CHECKSUM=249:300056,,0,True,b5c7609f15d1bdadfb7ccebb86a138de2604980446964559cccccda2dbfbe053
quickjs,crypto-sha1,1,1,18071100,18071100.0,CHECKSUM=2524d264def74cce2498bf112bedf00e6c0b796d,,0,True,6658dd0c90ffb7e284f57cd61f2d737b5e8fd2d25bd68390edfec73d2c5d6cfe
v8_ignition,crypto-sha1,1,1,43927300,43927300.0,CHECKSUM=2524d264def74cce2498bf112bedf00e6c0b796d,,0,True,6658dd0c90ffb7e284f57cd61f2d737b5e8fd2d25bd68390edfec73d2c5d6cfe
quickjs,string-fasta,1,1,37965900,37965900.0,CHECKSUM=1456000,,0,True,2964af65925747170a57b89b5098f715f862e85d460c52664eec569ce0eb9bd5
v8_ignition,string-fasta,1,1,46425100,46425100.0,CHECKSUM=1456000,,0,True,2964af65925747170a57b89b5098f715f862e85d460c52664eec569ce0eb9bd5
quickjs,access-nbody,1,1,26286000,26286000.0,CHECKSUM=-1.3524862408537381,,0,True,e9c16c1670be0a25f85ee4e543598cf020943f40913872f1c409383282dd1371
v8_ignition,access-nbody,1,1,54833000,54833000.0,CHECKSUM=-1.3524862408537381,,0,True,e9c16c1670be0a25f85ee4e543598cf020943f40913872f1c409383282dd1371
quickjs,string-tagcloud,1,1,40023900,40023900.0,CHECKSUM=315241,,0,True,2a98c22748514eeac27a00a220a10cde2135f9c9e16cc44b9e453d1b17e1e1cf
v8_ignition,string-tagcloud,1,1,48502100,48502100.0,CHECKSUM=315241,,0,True,2a98c22748514eeac27a00a220a10cde2135f9c9e16cc44b9e453d1b17e1e1cf
quickjs,string-base64,1,1,33457000,33457000.0,CHECKSUM=32768,,0,True,ccd906f060f67dd6ef06144222ded2fd08c556d51705e849a67fe07850d0b338
v8_ignition,string-base64,1,1,43556700,43556700.0,CHECKSUM=32768,,0,True,ccd906f060f67dd6ef06144222ded2fd08c556d51705e849a67fe07850d0b338
quickjs,3d-cube,1,1,42540400,42540400.0,CHECKSUM=320,,0,True,482356effb1e142ec7f15afe43a8f09d02e95afb563d0b8ee8e990fb26232d73
v8_ignition,3d-cube,1,1,60211700,60211700.0,CHECKSUM=320,,0,True,482356effb1e142ec7f15afe43a8f09d02e95afb563d0b8ee8e990fb26232d73
quickjs,string-unpack-code,1,1,74248800,74248800.0,CHECKSUM=511508,,0,True,bbd5eeae028b78305486482b81e5024645977cdbb0ed03185b92404217019e0c
v8_ignition,string-unpack-code,1,1,54290900,54290900.0,CHECKSUM=511508,,0,True,bbd5eeae028b78305486482b81e5024645977cdbb0ed03185b92404217019e0c
quickjs,bitops-bits-in-byte,1,1,30811500,30811500.0,CHECKSUM=358400,,0,True,97bccc62a3c6d6827e35180623b20a9f47a06e311fd0e33e41108c6b01e77f74
v8_ignition,bitops-bits-in-byte,1,1,57030100,57030100.0,CHECKSUM=358400,,0,True,97bccc62a3c6d6827e35180623b20a9f47a06e311fd0e33e41108c6b01e77f74
quickjs,3d-raytrace,1,1,27943400,27943400.0,CHECKSUM=20969,,0,True,e03e3e0915bbd01f7dbd2df183a3c1133d029803c443ce85102cba3b1c7e7e85
v8_ignition,3d-raytrace,1,1,57603200,57603200.0,CHECKSUM=20970,,0,True,e03e3e0915bbd01f7dbd2df183a3c1133d029803c443ce85102cba3b1c7e7e85
quickjs,crypto-aes,1,1,26381400,26381400.0,CHECKSUM=1343,,0,True,d71dac9b610831b62b5e492715f60ca8d90002726d2f64feaa226796c5817fca
v8_ignition,crypto-aes,1,1,53582800,53582800.0,CHECKSUM=1343,,0,True,d71dac9b610831b62b5e492715f60ca8d90002726d2f64feaa226796c5817fca
quickjs,date-format-tofte,1,1,42637300,42637300.0,"CHECKSUM=2008-05-01|Thursday, May 01, 2008 5:31:22 PM|1209718549000",,0,True,daf9ace6c7441fbb4070a07334f94cfbf9e5719900dc12fe5ee4062bc3694a0a
v8_ignition,date-format-tofte,1,1,48665000,48665000.0,"CHECKSUM=2008-05-01|Thursday, May 01, 2008 5:31:22 PM|1209718549000",,0,True,daf9ace6c7441fbb4070a07334f94cfbf9e5719900dc12fe5ee4062bc3694a0a
quickjs,bitops-3bit-bits-in-byte,1,1,20252800,20252800.0,CHECKSUM=512000,,0,True,144f9d2e008e0b150c62e05d8cca6b3445ac57a94015f8dc3f55a33f6b20842b
v8_ignition,bitops-3bit-bits-in-byte,1,1,45126100,45126100.0,CHECKSUM=512000,,0,True,144f9d2e008e0b150c62e05d8cca6b3445ac57a94015f8dc3f55a33f6b20842b
quickjs,math-spectral-norm,1,1,20004500,20004500.0,CHECKSUM=5.086694231303284,,0,True,2f0e90e3fd291e224ef3513ccdebb32a96dd94fa21fc75d142a857208641d8c6
v8_ignition,math-spectral-norm,1,1,45861800,45861800.0,CHECKSUM=5.086694231303284,,0,True,2f0e90e3fd291e224ef3513ccdebb32a96dd94fa21fc75d142a857208641d8c6
quickjs,math-partial-sums,1,1,27789200,27789200.0,CHECKSUM=60.08994194659945,,0,True,e62b49f948574a4023e7faed74c3a3eb98afd12564b07f4ad9da8a3a45124ede
v8_ignition,math-partial-sums,1,1,50641100,50641100.0,CHECKSUM=60.08994194659945,,0,True,e62b49f948574a4023e7faed74c3a3eb98afd12564b07f4ad9da8a3a45124ede
quickjs,crypto-md5,1,1,18158900,18158900.0,CHECKSUM=a831e91e0f70eddcb70dc61c6f82f6cd,,0,True,ac5362e324b5fac77d2a517d2e67c6a2e7b2fdc19977dfd72dcd93a61eb66eab
v8_ignition,crypto-md5,1,1,43675200,43675200.0,CHECKSUM=a831e91e0f70eddcb70dc61c6f82f6cd,,0,True,ac5362e324b5fac77d2a517d2e67c6a2e7b2fdc19977dfd72dcd93a61eb66eab
quickjs,access-binary-trees,1,1,22460000,22460000.0,CHECKSUM=-4,,0,True,214d150194967dc8deab31375341ec05b469d81e07cb32d7f4f925a2bdaed33f
v8_ignition,access-binary-trees,1,1,48773700,48773700.0,CHECKSUM=-4,,0,True,214d150194967dc8deab31375341ec05b469d81e07cb32d7f4f925a2bdaed33f
quickjs,date-format-xparb,1,1,32111900,32111900.0,"CHECKSUM=2017-09-05|Tuesday, September 05, 2017 7:43:48 AM|1504652895000",,0,True,ea5c1e2186ba44743d75d49b09dee763fe33c73e6e2f3466813485d86a6d8d7b
v8_ignition,date-format-xparb,1,1,43389000,43389000.0,"CHECKSUM=2017-09-05|Tuesday, September 05, 2017 7:43:48 AM|1504652895000",,0,True,ea5c1e2186ba44743d75d49b09dee763fe33c73e6e2f3466813485d86a6d8d7b
quickjs,access-fannkuch,1,1,46892200,46892200.0,CHECKSUM=22,,0,True,08eb023212740c0bbecdf88720a9a27e5a5aac1ee855980c49106b7c6387339f
v8_ignition,access-fannkuch,1,1,70647500,70647500.0,CHECKSUM=22,,0,True,08eb023212740c0bbecdf88720a9a27e5a5aac1ee855980c49106b7c6387339f
quickjs,bitops-nsieve-bits,1,1,24098100,24098100.0,CHECKSUM=-1286749544853,,0,True,0cf96c3f7fafb462e82ae4a79fb6943a8ebf8b9f938200af646ee960d106da93
v8_ignition,bitops-nsieve-bits,1,1,60180200,60180200.0,CHECKSUM=-1286749544853,,0,True,0cf96c3f7fafb462e82ae4a79fb6943a8ebf8b9f938200af646ee960d106da93
v8_ignition,bitops-bits-in-byte,2,1,51722000,51722000.0,CHECKSUM=358400,,0,True,97bccc62a3c6d6827e35180623b20a9f47a06e311fd0e33e41108c6b01e77f74
quickjs,bitops-bits-in-byte,2,1,27382200,27382200.0,CHECKSUM=358400,,0,True,97bccc62a3c6d6827e35180623b20a9f47a06e311fd0e33e41108c6b01e77f74
v8_ignition,string-validate-input,2,1,43274800,43274800.0,CHECKSUM=462000,,0,True,a91e85f87af92025f8dcb0f7045f42bca283920b9b7b535a1d213785aaba253c
quickjs,string-validate-input,2,1,22169600,22169600.0,CHECKSUM=462000,,0,True,a91e85f87af92025f8dcb0f7045f42bca283920b9b7b535a1d213785aaba253c
v8_ignition,math-cordic,2,1,52418900,52418900.0,CHECKSUM=10362.570468755888,,0,True,b1e3635616ba731cd23fdbce58c1a07699fe9cc9d3221b4544a15b83dddda66d
quickjs,math-cordic,2,1,30008200,30008200.0,CHECKSUM=10362.570468755888,,0,True,b1e3635616ba731cd23fdbce58c1a07699fe9cc9d3221b4544a15b83dddda66d
v8_ignition,string-fasta,2,1,44343300,44343300.0,CHECKSUM=1456000,,0,True,2964af65925747170a57b89b5098f715f862e85d460c52664eec569ce0eb9bd5
quickjs,string-fasta,2,1,41345000,41345000.0,CHECKSUM=1456000,,0,True,2964af65925747170a57b89b5098f715f862e85d460c52664eec569ce0eb9bd5
v8_ignition,string-base64,2,1,44494300,44494300.0,CHECKSUM=32768,,0,True,ccd906f060f67dd6ef06144222ded2fd08c556d51705e849a67fe07850d0b338
quickjs,string-base64,2,1,30648900,30648900.0,CHECKSUM=32768,,0,True,ccd906f060f67dd6ef06144222ded2fd08c556d51705e849a67fe07850d0b338
v8_ignition,access-binary-trees,2,1,38518400,38518400.0,CHECKSUM=-4,,0,True,214d150194967dc8deab31375341ec05b469d81e07cb32d7f4f925a2bdaed33f
quickjs,access-binary-trees,2,1,21079200,21079200.0,CHECKSUM=-4,,0,True,214d150194967dc8deab31375341ec05b469d81e07cb32d7f4f925a2bdaed33f
v8_ignition,access-nbody,2,1,53465700,53465700.0,CHECKSUM=-1.3524862408537381,,0,True,e9c16c1670be0a25f85ee4e543598cf020943f40913872f1c409383282dd1371
quickjs,access-nbody,2,1,23974500,23974500.0,CHECKSUM=-1.3524862408537381,,0,True,e9c16c1670be0a25f85ee4e543598cf020943f40913872f1c409383282dd1371
v8_ignition,bitops-bitwise-and,2,1,43715100,43715100.0,CHECKSUM=0,,0,True,1cbfb22327a195d53284c9b68676b43e34b78f14a13a44d129296aede11390cf
quickjs,bitops-bitwise-and,2,1,14678800,14678800.0,CHECKSUM=0,,0,True,1cbfb22327a195d53284c9b68676b43e34b78f14a13a44d129296aede11390cf
v8_ignition,controlflow-recursive,2,1,40031100,40031100.0,CHECKSUM=57775,,0,True,91faf2d89e3d0a20986fa88d26cdb1f26ac80defde879935b00a40114b08a5dd
quickjs,controlflow-recursive,2,1,17671600,17671600.0,CHECKSUM=57775,,0,True,91faf2d89e3d0a20986fa88d26cdb1f26ac80defde879935b00a40114b08a5dd
v8_ignition,3d-raytrace,2,1,52029400,52029400.0,CHECKSUM=20970,,0,True,e03e3e0915bbd01f7dbd2df183a3c1133d029803c443ce85102cba3b1c7e7e85
quickjs,3d-raytrace,2,1,24204500,24204500.0,CHECKSUM=20969,,0,True,e03e3e0915bbd01f7dbd2df183a3c1133d029803c443ce85102cba3b1c7e7e85
v8_ignition,math-spectral-norm,2,1,41959300,41959300.0,CHECKSUM=5.086694231303284,,0,True,2f0e90e3fd291e224ef3513ccdebb32a96dd94fa21fc75d142a857208641d8c6
quickjs,math-spectral-norm,2,1,17835300,17835300.0,CHECKSUM=5.086694231303284,,0,True,2f0e90e3fd291e224ef3513ccdebb32a96dd94fa21fc75d142a857208641d8c6
v8_ignition,access-fannkuch,2,1,69688500,69688500.0,CHECKSUM=22,,0,True,08eb023212740c0bbecdf88720a9a27e5a5aac1ee855980c49106b7c6387339f
quickjs,access-fannkuch,2,1,43738800,43738800.0,CHECKSUM=22,,0,True,08eb023212740c0bbecdf88720a9a27e5a5aac1ee855980c49106b7c6387339f
v8_ignition,crypto-aes,2,1,50347400,50347400.0,CHECKSUM=1343,,0,True,d71dac9b610831b62b5e492715f60ca8d90002726d2f64feaa226796c5817fca
quickjs,crypto-aes,2,1,24040900,24040900.0,CHECKSUM=1343,,0,True,d71dac9b610831b62b5e492715f60ca8d90002726d2f64feaa226796c5817fca
v8_ignition,date-format-xparb,2,1,42767400,42767400.0,"CHECKSUM=2017-09-05|Tuesday, September 05, 2017 7:43:48 AM|1504652895000",,0,True,ea5c1e2186ba44743d75d49b09dee763fe33c73e6e2f3466813485d86a6d8d7b
quickjs,date-format-xparb,2,1,29563300,29563300.0,"CHECKSUM=2017-09-05|Tuesday, September 05, 2017 7:43:48 AM|1504652895000",,0,True,ea5c1e2186ba44743d75d49b09dee763fe33c73e6e2f3466813485d86a6d8d7b
v8_ignition,3d-morph,2,1,55942800,55942800.0,CHECKSUM=0,,0,True,410d94cc7264e0cf2b5e6424467cd9fd16926f46b992fcb46610f2388160bf50
quickjs,3d-morph,2,1,31029400,31029400.0,CHECKSUM=0,,0,True,410d94cc7264e0cf2b5e6424467cd9fd16926f46b992fcb46610f2388160bf50
v8_ignition,3d-cube,2,1,55759300,55759300.0,CHECKSUM=320,,0,True,482356effb1e142ec7f15afe43a8f09d02e95afb563d0b8ee8e990fb26232d73
quickjs,3d-cube,2,1,39318200,39318200.0,CHECKSUM=320,,0,True,482356effb1e142ec7f15afe43a8f09d02e95afb563d0b8ee8e990fb26232d73
v8_ignition,crypto-sha1,2,1,42799200,42799200.0,CHECKSUM=2524d264def74cce2498bf112bedf00e6c0b796d,,0,True,6658dd0c90ffb7e284f57cd61f2d737b5e8fd2d25bd68390edfec73d2c5d6cfe
quickjs,crypto-sha1,2,1,15325900,15325900.0,CHECKSUM=2524d264def74cce2498bf112bedf00e6c0b796d,,0,True,6658dd0c90ffb7e284f57cd61f2d737b5e8fd2d25bd68390edfec73d2c5d6cfe
v8_ignition,date-format-tofte,2,1,44027500,44027500.0,"CHECKSUM=2008-05-01|Thursday, May 01, 2008 5:31:22 PM|1209718549000",,0,True,daf9ace6c7441fbb4070a07334f94cfbf9e5719900dc12fe5ee4062bc3694a0a
quickjs,date-format-tofte,2,1,40284100,40284100.0,"CHECKSUM=2008-05-01|Thursday, May 01, 2008 5:31:22 PM|1209718549000",,0,True,daf9ace6c7441fbb4070a07334f94cfbf9e5719900dc12fe5ee4062bc3694a0a
v8_ignition,string-tagcloud,2,1,44917400,44917400.0,CHECKSUM=315241,,0,True,2a98c22748514eeac27a00a220a10cde2135f9c9e16cc44b9e453d1b17e1e1cf
quickjs,string-tagcloud,2,1,36901100,36901100.0,CHECKSUM=315241,,0,True,2a98c22748514eeac27a00a220a10cde2135f9c9e16cc44b9e453d1b17e1e1cf
v8_ignition,regexp-dna,2,1,38905200,38905200.0,CHECKSUM=249:300056,,0,True,b5c7609f15d1bdadfb7ccebb86a138de2604980446964559cccccda2dbfbe053
quickjs,regexp-dna,2,1,91153100,91153100.0,CHECKSUM=249:300056,,0,True,b5c7609f15d1bdadfb7ccebb86a138de2604980446964559cccccda2dbfbe053
v8_ignition,bitops-3bit-bits-in-byte,2,1,39936800,39936800.0,CHECKSUM=512000,,0,True,144f9d2e008e0b150c62e05d8cca6b3445ac57a94015f8dc3f55a33f6b20842b
quickjs,bitops-3bit-bits-in-byte,2,1,20762600,20762600.0,CHECKSUM=512000,,0,True,144f9d2e008e0b150c62e05d8cca6b3445ac57a94015f8dc3f55a33f6b20842b
v8_ignition,access-nsieve,2,1,43333100,43333100.0,CHECKSUM=14302,,0,True,97beeae25f000861dc8bea33cc77b72a0a8e699e00f227f6f904d290be088b8a
quickjs,access-nsieve,2,1,31991200,31991200.0,CHECKSUM=14302,,0,True,97beeae25f000861dc8bea33cc77b72a0a8e699e00f227f6f904d290be088b8a
v8_ignition,bitops-nsieve-bits,2,1,59521800,59521800.0,CHECKSUM=-1286749544853,,0,True,0cf96c3f7fafb462e82ae4a79fb6943a8ebf8b9f938200af646ee960d106da93
quickjs,bitops-nsieve-bits,2,1,21360200,21360200.0,CHECKSUM=-1286749544853,,0,True,0cf96c3f7fafb462e82ae4a79fb6943a8ebf8b9f938200af646ee960d106da93
v8_ignition,crypto-md5,2,1,42109700,42109700.0,CHECKSUM=a831e91e0f70eddcb70dc61c6f82f6cd,,0,True,ac5362e324b5fac77d2a517d2e67c6a2e7b2fdc19977dfd72dcd93a61eb66eab
quickjs,crypto-md5,2,1,15736500,15736500.0,CHECKSUM=a831e91e0f70eddcb70dc61c6f82f6cd,,0,True,ac5362e324b5fac77d2a517d2e67c6a2e7b2fdc19977dfd72dcd93a61eb66eab
v8_ignition,math-partial-sums,2,1,47013200,47013200.0,CHECKSUM=60.08994194659945,,0,True,e62b49f948574a4023e7faed74c3a3eb98afd12564b07f4ad9da8a3a45124ede
quickjs,math-partial-sums,2,1,25819000,25819000.0,CHECKSUM=60.08994194659945,,0,True,e62b49f948574a4023e7faed74c3a3eb98afd12564b07f4ad9da8a3a45124ede
v8_ignition,string-unpack-code,2,1,48744000,48744000.0,CHECKSUM=511508,,0,True,bbd5eeae028b78305486482b81e5024645977cdbb0ed03185b92404217019e0c
quickjs,string-unpack-code,2,1,71207300,71207300.0,CHECKSUM=511508,,0,True,bbd5eeae028b78305486482b81e5024645977cdbb0ed03185b92404217019e0c
quickjs,bitops-bits-in-byte,3,1,28617800,28617800.0,CHECKSUM=358400,,0,True,97bccc62a3c6d6827e35180623b20a9f47a06e311fd0e33e41108c6b01e77f74
v8_ignition,bitops-bits-in-byte,3,1,54146500,54146500.0,CHECKSUM=358400,,0,True,97bccc62a3c6d6827e35180623b20a9f47a06e311fd0e33e41108c6b01e77f74
quickjs,access-nsieve,3,1,33340600,33340600.0,CHECKSUM=14302,,0,True,97beeae25f000861dc8bea33cc77b72a0a8e699e00f227f6f904d290be088b8a
v8_ignition,access-nsieve,3,1,43182700,43182700.0,CHECKSUM=14302,,0,True,97beeae25f000861dc8bea33cc77b72a0a8e699e00f227f6f904d290be088b8a
quickjs,bitops-nsieve-bits,3,1,22036700,22036700.0,CHECKSUM=-1286749544853,,0,True,0cf96c3f7fafb462e82ae4a79fb6943a8ebf8b9f938200af646ee960d106da93
v8_ignition,bitops-nsieve-bits,3,1,55987500,55987500.0,CHECKSUM=-1286749544853,,0,True,0cf96c3f7fafb462e82ae4a79fb6943a8ebf8b9f938200af646ee960d106da93
quickjs,string-fasta,3,1,35906000,35906000.0,CHECKSUM=1456000,,0,True,2964af65925747170a57b89b5098f715f862e85d460c52664eec569ce0eb9bd5
v8_ignition,string-fasta,3,1,45785000,45785000.0,CHECKSUM=1456000,,0,True,2964af65925747170a57b89b5098f715f862e85d460c52664eec569ce0eb9bd5
quickjs,string-unpack-code,3,1,68605100,68605100.0,CHECKSUM=511508,,0,True,bbd5eeae028b78305486482b81e5024645977cdbb0ed03185b92404217019e0c
v8_ignition,string-unpack-code,3,1,45918300,45918300.0,CHECKSUM=511508,,0,True,bbd5eeae028b78305486482b81e5024645977cdbb0ed03185b92404217019e0c
quickjs,bitops-3bit-bits-in-byte,3,1,16867400,16867400.0,CHECKSUM=512000,,0,True,144f9d2e008e0b150c62e05d8cca6b3445ac57a94015f8dc3f55a33f6b20842b
v8_ignition,bitops-3bit-bits-in-byte,3,1,41378600,41378600.0,CHECKSUM=512000,,0,True,144f9d2e008e0b150c62e05d8cca6b3445ac57a94015f8dc3f55a33f6b20842b
quickjs,crypto-sha1,3,1,15465800,15465800.0,CHECKSUM=2524d264def74cce2498bf112bedf00e6c0b796d,,0,True,6658dd0c90ffb7e284f57cd61f2d737b5e8fd2d25bd68390edfec73d2c5d6cfe
v8_ignition,crypto-sha1,3,1,45358400,45358400.0,CHECKSUM=2524d264def74cce2498bf112bedf00e6c0b796d,,0,True,6658dd0c90ffb7e284f57cd61f2d737b5e8fd2d25bd68390edfec73d2c5d6cfe
quickjs,string-base64,3,1,31097000,31097000.0,CHECKSUM=32768,,0,True,ccd906f060f67dd6ef06144222ded2fd08c556d51705e849a67fe07850d0b338
v8_ignition,string-base64,3,1,41291100,41291100.0,CHECKSUM=32768,,0,True,ccd906f060f67dd6ef06144222ded2fd08c556d51705e849a67fe07850d0b338
quickjs,access-fannkuch,3,1,45249400,45249400.0,CHECKSUM=22,,0,True,08eb023212740c0bbecdf88720a9a27e5a5aac1ee855980c49106b7c6387339f
v8_ignition,access-fannkuch,3,1,72018800,72018800.0,CHECKSUM=22,,0,True,08eb023212740c0bbecdf88720a9a27e5a5aac1ee855980c49106b7c6387339f
quickjs,access-nbody,3,1,24055500,24055500.0,CHECKSUM=-1.3524862408537381,,0,True,e9c16c1670be0a25f85ee4e543598cf020943f40913872f1c409383282dd1371
v8_ignition,access-nbody,3,1,52378600,52378600.0,CHECKSUM=-1.3524862408537381,,0,True,e9c16c1670be0a25f85ee4e543598cf020943f40913872f1c409383282dd1371
quickjs,math-spectral-norm,3,1,17825100,17825100.0,CHECKSUM=5.086694231303284,,0,True,2f0e90e3fd291e224ef3513ccdebb32a96dd94fa21fc75d142a857208641d8c6
v8_ignition,math-spectral-norm,3,1,41656000,41656000.0,CHECKSUM=5.086694231303284,,0,True,2f0e90e3fd291e224ef3513ccdebb32a96dd94fa21fc75d142a857208641d8c6
quickjs,3d-cube,3,1,40207200,40207200.0,CHECKSUM=320,,0,True,482356effb1e142ec7f15afe43a8f09d02e95afb563d0b8ee8e990fb26232d73
v8_ignition,3d-cube,3,1,56836900,56836900.0,CHECKSUM=320,,0,True,482356effb1e142ec7f15afe43a8f09d02e95afb563d0b8ee8e990fb26232d73
quickjs,3d-raytrace,3,1,24802700,24802700.0,CHECKSUM=20969,,0,True,e03e3e0915bbd01f7dbd2df183a3c1133d029803c443ce85102cba3b1c7e7e85
v8_ignition,3d-raytrace,3,1,52351500,52351500.0,CHECKSUM=20970,,0,True,e03e3e0915bbd01f7dbd2df183a3c1133d029803c443ce85102cba3b1c7e7e85
quickjs,bitops-bitwise-and,3,1,14886200,14886200.0,CHECKSUM=0,,0,True,1cbfb22327a195d53284c9b68676b43e34b78f14a13a44d129296aede11390cf
v8_ignition,bitops-bitwise-and,3,1,43207800,43207800.0,CHECKSUM=0,,0,True,1cbfb22327a195d53284c9b68676b43e34b78f14a13a44d129296aede11390cf
quickjs,crypto-md5,3,1,15565600,15565600.0,CHECKSUM=a831e91e0f70eddcb70dc61c6f82f6cd,,0,True,ac5362e324b5fac77d2a517d2e67c6a2e7b2fdc19977dfd72dcd93a61eb66eab
v8_ignition,crypto-md5,3,1,42137200,42137200.0,CHECKSUM=a831e91e0f70eddcb70dc61c6f82f6cd,,0,True,ac5362e324b5fac77d2a517d2e67c6a2e7b2fdc19977dfd72dcd93a61eb66eab
quickjs,access-binary-trees,3,1,20686800,20686800.0,CHECKSUM=-4,,0,True,214d150194967dc8deab31375341ec05b469d81e07cb32d7f4f925a2bdaed33f
v8_ignition,access-binary-trees,3,1,38705700,38705700.0,CHECKSUM=-4,,0,True,214d150194967dc8deab31375341ec05b469d81e07cb32d7f4f925a2bdaed33f
quickjs,date-format-xparb,3,1,29731900,29731900.0,"CHECKSUM=2017-09-05|Tuesday, September 05, 2017 7:43:48 AM|1504652895000",,0,True,ea5c1e2186ba44743d75d49b09dee763fe33c73e6e2f3466813485d86a6d8d7b
v8_ignition,date-format-xparb,3,1,41927600,41927600.0,"CHECKSUM=2017-09-05|Tuesday, September 05, 2017 7:43:48 AM|1504652895000",,0,True,ea5c1e2186ba44743d75d49b09dee763fe33c73e6e2f3466813485d86a6d8d7b
quickjs,math-partial-sums,3,1,25519200,25519200.0,CHECKSUM=60.08994194659945,,0,True,e62b49f948574a4023e7faed74c3a3eb98afd12564b07f4ad9da8a3a45124ede
v8_ignition,math-partial-sums,3,1,46173000,46173000.0,CHECKSUM=60.08994194659945,,0,True,e62b49f948574a4023e7faed74c3a3eb98afd12564b07f4ad9da8a3a45124ede
quickjs,3d-morph,3,1,31092200,31092200.0,CHECKSUM=0,,0,True,410d94cc7264e0cf2b5e6424467cd9fd16926f46b992fcb46610f2388160bf50
v8_ignition,3d-morph,3,1,54159300,54159300.0,CHECKSUM=0,,0,True,410d94cc7264e0cf2b5e6424467cd9fd16926f46b992fcb46610f2388160bf50
quickjs,regexp-dna,3,1,91785100,91785100.0,CHECKSUM=249:300056,,0,True,b5c7609f15d1bdadfb7ccebb86a138de2604980446964559cccccda2dbfbe053
v8_ignition,regexp-dna,3,1,41706600,41706600.0,CHECKSUM=249:300056,,0,True,b5c7609f15d1bdadfb7ccebb86a138de2604980446964559cccccda2dbfbe053
quickjs,string-validate-input,3,1,22754600,22754600.0,CHECKSUM=462000,,0,True,a91e85f87af92025f8dcb0f7045f42bca283920b9b7b535a1d213785aaba253c
v8_ignition,string-validate-input,3,1,44244100,44244100.0,CHECKSUM=462000,,0,True,a91e85f87af92025f8dcb0f7045f42bca283920b9b7b535a1d213785aaba253c
quickjs,date-format-tofte,3,1,40131800,40131800.0,"CHECKSUM=2008-05-01|Thursday, May 01, 2008 5:31:22 PM|1209718549000",,0,True,daf9ace6c7441fbb4070a07334f94cfbf9e5719900dc12fe5ee4062bc3694a0a
v8_ignition,date-format-tofte,3,1,43761500,43761500.0,"CHECKSUM=2008-05-01|Thursday, May 01, 2008 5:31:22 PM|1209718549000",,0,True,daf9ace6c7441fbb4070a07334f94cfbf9e5719900dc12fe5ee4062bc3694a0a
quickjs,controlflow-recursive,3,1,16983800,16983800.0,CHECKSUM=57775,,0,True,91faf2d89e3d0a20986fa88d26cdb1f26ac80defde879935b00a40114b08a5dd
v8_ignition,controlflow-recursive,3,1,39716400,39716400.0,CHECKSUM=57775,,0,True,91faf2d89e3d0a20986fa88d26cdb1f26ac80defde879935b00a40114b08a5dd
quickjs,math-cordic,3,1,32197700,32197700.0,CHECKSUM=10362.570468755888,,0,True,b1e3635616ba731cd23fdbce58c1a07699fe9cc9d3221b4544a15b83dddda66d
v8_ignition,math-cordic,3,1,54659400,54659400.0,CHECKSUM=10362.570468755888,,0,True,b1e3635616ba731cd23fdbce58c1a07699fe9cc9d3221b4544a15b83dddda66d
quickjs,crypto-aes,3,1,24371500,24371500.0,CHECKSUM=1343,,0,True,d71dac9b610831b62b5e492715f60ca8d90002726d2f64feaa226796c5817fca
v8_ignition,crypto-aes,3,1,50709500,50709500.0,CHECKSUM=1343,,0,True,d71dac9b610831b62b5e492715f60ca8d90002726d2f64feaa226796c5817fca
quickjs,string-tagcloud,3,1,37352700,37352700.0,CHECKSUM=315241,,0,True,2a98c22748514eeac27a00a220a10cde2135f9c9e16cc44b9e453d1b17e1e1cf
v8_ignition,string-tagcloud,3,1,48243000,48243000.0,CHECKSUM=315241,,0,True,2a98c22748514eeac27a00a220a10cde2135f9c9e16cc44b9e453d1b17e1e1cf
v8_ignition,bitops-bitwise-and,4,1,44167900,44167900.0,CHECKSUM=0,,0,True,1cbfb22327a195d53284c9b68676b43e34b78f14a13a44d129296aede11390cf
quickjs,bitops-bitwise-and,4,1,15035300,15035300.0,CHECKSUM=0,,0,True,1cbfb22327a195d53284c9b68676b43e34b78f14a13a44d129296aede11390cf
v8_ignition,crypto-md5,4,1,42351600,42351600.0,CHECKSUM=a831e91e0f70eddcb70dc61c6f82f6cd,,0,True,ac5362e324b5fac77d2a517d2e67c6a2e7b2fdc19977dfd72dcd93a61eb66eab
quickjs,crypto-md5,4,1,15789600,15789600.0,CHECKSUM=a831e91e0f70eddcb70dc61c6f82f6cd,,0,True,ac5362e324b5fac77d2a517d2e67c6a2e7b2fdc19977dfd72dcd93a61eb66eab
v8_ignition,access-binary-trees,4,1,38020600,38020600.0,CHECKSUM=-4,,0,True,214d150194967dc8deab31375341ec05b469d81e07cb32d7f4f925a2bdaed33f
quickjs,access-binary-trees,4,1,20761900,20761900.0,CHECKSUM=-4,,0,True,214d150194967dc8deab31375341ec05b469d81e07cb32d7f4f925a2bdaed33f
v8_ignition,3d-morph,4,1,57736400,57736400.0,CHECKSUM=0,,0,True,410d94cc7264e0cf2b5e6424467cd9fd16926f46b992fcb46610f2388160bf50
quickjs,3d-morph,4,1,30954100,30954100.0,CHECKSUM=0,,0,True,410d94cc7264e0cf2b5e6424467cd9fd16926f46b992fcb46610f2388160bf50
v8_ignition,string-fasta,4,1,44622100,44622100.0,CHECKSUM=1456000,,0,True,2964af65925747170a57b89b5098f715f862e85d460c52664eec569ce0eb9bd5
quickjs,string-fasta,4,1,35568100,35568100.0,CHECKSUM=1456000,,0,True,2964af65925747170a57b89b5098f715f862e85d460c52664eec569ce0eb9bd5
v8_ignition,bitops-bits-in-byte,4,1,51665400,51665400.0,CHECKSUM=358400,,0,True,97bccc62a3c6d6827e35180623b20a9f47a06e311fd0e33e41108c6b01e77f74
quickjs,bitops-bits-in-byte,4,1,27276300,27276300.0,CHECKSUM=358400,,0,True,97bccc62a3c6d6827e35180623b20a9f47a06e311fd0e33e41108c6b01e77f74
v8_ignition,math-partial-sums,4,1,47657800,47657800.0,CHECKSUM=60.08994194659945,,0,True,e62b49f948574a4023e7faed74c3a3eb98afd12564b07f4ad9da8a3a45124ede
quickjs,math-partial-sums,4,1,25628700,25628700.0,CHECKSUM=60.08994194659945,,0,True,e62b49f948574a4023e7faed74c3a3eb98afd12564b07f4ad9da8a3a45124ede
v8_ignition,string-base64,4,1,42832600,42832600.0,CHECKSUM=32768,,0,True,ccd906f060f67dd6ef06144222ded2fd08c556d51705e849a67fe07850d0b338
quickjs,string-base64,4,1,30957400,30957400.0,CHECKSUM=32768,,0,True,ccd906f060f67dd6ef06144222ded2fd08c556d51705e849a67fe07850d0b338
v8_ignition,math-spectral-norm,4,1,41648900,41648900.0,CHECKSUM=5.086694231303284,,0,True,2f0e90e3fd291e224ef3513ccdebb32a96dd94fa21fc75d142a857208641d8c6
quickjs,math-spectral-norm,4,1,17508800,17508800.0,CHECKSUM=5.086694231303284,,0,True,2f0e90e3fd291e224ef3513ccdebb32a96dd94fa21fc75d142a857208641d8c6
v8_ignition,3d-raytrace,4,1,51957600,51957600.0,CHECKSUM=20970,,0,True,e03e3e0915bbd01f7dbd2df183a3c1133d029803c443ce85102cba3b1c7e7e85
quickjs,3d-raytrace,4,1,24101900,24101900.0,CHECKSUM=20969,,0,True,e03e3e0915bbd01f7dbd2df183a3c1133d029803c443ce85102cba3b1c7e7e85
v8_ignition,3d-cube,4,1,56341900,56341900.0,CHECKSUM=320,,0,True,482356effb1e142ec7f15afe43a8f09d02e95afb563d0b8ee8e990fb26232d73
quickjs,3d-cube,4,1,39677700,39677700.0,CHECKSUM=320,,0,True,482356effb1e142ec7f15afe43a8f09d02e95afb563d0b8ee8e990fb26232d73
v8_ignition,date-format-xparb,4,1,40691400,40691400.0,"CHECKSUM=2017-09-05|Tuesday, September 05, 2017 7:43:48 AM|1504652895000",,0,True,ea5c1e2186ba44743d75d49b09dee763fe33c73e6e2f3466813485d86a6d8d7b
quickjs,date-format-xparb,4,1,29469800,29469800.0,"CHECKSUM=2017-09-05|Tuesday, September 05, 2017 7:43:48 AM|1504652895000",,0,True,ea5c1e2186ba44743d75d49b09dee763fe33c73e6e2f3466813485d86a6d8d7b
v8_ignition,controlflow-recursive,4,1,41797300,41797300.0,CHECKSUM=57775,,0,True,91faf2d89e3d0a20986fa88d26cdb1f26ac80defde879935b00a40114b08a5dd
quickjs,controlflow-recursive,4,1,17110900,17110900.0,CHECKSUM=57775,,0,True,91faf2d89e3d0a20986fa88d26cdb1f26ac80defde879935b00a40114b08a5dd
v8_ignition,access-fannkuch,4,1,70741000,70741000.0,CHECKSUM=22,,0,True,08eb023212740c0bbecdf88720a9a27e5a5aac1ee855980c49106b7c6387339f
quickjs,access-fannkuch,4,1,45575200,45575200.0,CHECKSUM=22,,0,True,08eb023212740c0bbecdf88720a9a27e5a5aac1ee855980c49106b7c6387339f
v8_ignition,math-cordic,4,1,54507000,54507000.0,CHECKSUM=10362.570468755888,,0,True,b1e3635616ba731cd23fdbce58c1a07699fe9cc9d3221b4544a15b83dddda66d
quickjs,math-cordic,4,1,29657400,29657400.0,CHECKSUM=10362.570468755888,,0,True,b1e3635616ba731cd23fdbce58c1a07699fe9cc9d3221b4544a15b83dddda66d
v8_ignition,access-nsieve,4,1,44051400,44051400.0,CHECKSUM=14302,,0,True,97beeae25f000861dc8bea33cc77b72a0a8e699e00f227f6f904d290be088b8a
quickjs,access-nsieve,4,1,32414300,32414300.0,CHECKSUM=14302,,0,True,97beeae25f000861dc8bea33cc77b72a0a8e699e00f227f6f904d290be088b8a
v8_ignition,access-nbody,4,1,51066900,51066900.0,CHECKSUM=-1.3524862408537381,,0,True,e9c16c1670be0a25f85ee4e543598cf020943f40913872f1c409383282dd1371
quickjs,access-nbody,4,1,23786200,23786200.0,CHECKSUM=-1.3524862408537381,,0,True,e9c16c1670be0a25f85ee4e543598cf020943f40913872f1c409383282dd1371
v8_ignition,string-validate-input,4,1,42296100,42296100.0,CHECKSUM=462000,,0,True,a91e85f87af92025f8dcb0f7045f42bca283920b9b7b535a1d213785aaba253c
quickjs,string-validate-input,4,1,23044800,23044800.0,CHECKSUM=462000,,0,True,a91e85f87af92025f8dcb0f7045f42bca283920b9b7b535a1d213785aaba253c
v8_ignition,bitops-nsieve-bits,4,1,57555200,57555200.0,CHECKSUM=-1286749544853,,0,True,0cf96c3f7fafb462e82ae4a79fb6943a8ebf8b9f938200af646ee960d106da93
quickjs,bitops-nsieve-bits,4,1,21297600,21297600.0,CHECKSUM=-1286749544853,,0,True,0cf96c3f7fafb462e82ae4a79fb6943a8ebf8b9f938200af646ee960d106da93
v8_ignition,crypto-aes,4,1,50308900,50308900.0,CHECKSUM=1343,,0,True,d71dac9b610831b62b5e492715f60ca8d90002726d2f64feaa226796c5817fca
quickjs,crypto-aes,4,1,23732300,23732300.0,CHECKSUM=1343,,0,True,d71dac9b610831b62b5e492715f60ca8d90002726d2f64feaa226796c5817fca
v8_ignition,string-tagcloud,4,1,45094200,45094200.0,CHECKSUM=315241,,0,True,2a98c22748514eeac27a00a220a10cde2135f9c9e16cc44b9e453d1b17e1e1cf
quickjs,string-tagcloud,4,1,37543100,37543100.0,CHECKSUM=315241,,0,True,2a98c22748514eeac27a00a220a10cde2135f9c9e16cc44b9e453d1b17e1e1cf
v8_ignition,regexp-dna,4,1,39319500,39319500.0,CHECKSUM=249:300056,,0,True,b5c7609f15d1bdadfb7ccebb86a138de2604980446964559cccccda2dbfbe053
quickjs,regexp-dna,4,1,91361700,91361700.0,CHECKSUM=249:300056,,0,True,b5c7609f15d1bdadfb7ccebb86a138de2604980446964559cccccda2dbfbe053
v8_ignition,string-unpack-code,4,1,45718900,45718900.0,CHECKSUM=511508,,0,True,bbd5eeae028b78305486482b81e5024645977cdbb0ed03185b92404217019e0c
quickjs,string-unpack-code,4,1,69978900,69978900.0,CHECKSUM=511508,,0,True,bbd5eeae028b78305486482b81e5024645977cdbb0ed03185b92404217019e0c
v8_ignition,date-format-tofte,4,1,46748800,46748800.0,"CHECKSUM=2008-05-01|Thursday, May 01, 2008 5:31:22 PM|1209718549000",,0,True,daf9ace6c7441fbb4070a07334f94cfbf9e5719900dc12fe5ee4062bc3694a0a
quickjs,date-format-tofte,4,1,40928900,40928900.0,"CHECKSUM=2008-05-01|Thursday, May 01, 2008 5:31:22 PM|1209718549000",,0,True,daf9ace6c7441fbb4070a07334f94cfbf9e5719900dc12fe5ee4062bc3694a0a
v8_ignition,bitops-3bit-bits-in-byte,4,1,42406200,42406200.0,CHECKSUM=512000,,0,True,144f9d2e008e0b150c62e05d8cca6b3445ac57a94015f8dc3f55a33f6b20842b
quickjs,bitops-3bit-bits-in-byte,4,1,17239500,17239500.0,CHECKSUM=512000,,0,True,144f9d2e008e0b150c62e05d8cca6b3445ac57a94015f8dc3f55a33f6b20842b
v8_ignition,crypto-sha1,4,1,42784000,42784000.0,CHECKSUM=2524d264def74cce2498bf112bedf00e6c0b796d,,0,True,6658dd0c90ffb7e284f57cd61f2d737b5e8fd2d25bd68390edfec73d2c5d6cfe
quickjs,crypto-sha1,4,1,15287300,15287300.0,CHECKSUM=2524d264def74cce2498bf112bedf00e6c0b796d,,0,True,6658dd0c90ffb7e284f57cd61f2d737b5e8fd2d25bd68390edfec73d2c5d6cfe
quickjs,date-format-tofte,5,1,40286700,40286700.0,"CHECKSUM=2008-05-01|Thursday, May 01, 2008 5:31:22 PM|1209718549000",,0,True,daf9ace6c7441fbb4070a07334f94cfbf9e5719900dc12fe5ee4062bc3694a0a
v8_ignition,date-format-tofte,5,1,43899100,43899100.0,"CHECKSUM=2008-05-01|Thursday, May 01, 2008 5:31:22 PM|1209718549000",,0,True,daf9ace6c7441fbb4070a07334f94cfbf9e5719900dc12fe5ee4062bc3694a0a
quickjs,bitops-bitwise-and,5,1,14860100,14860100.0,CHECKSUM=0,,0,True,1cbfb22327a195d53284c9b68676b43e34b78f14a13a44d129296aede11390cf
v8_ignition,bitops-bitwise-and,5,1,44224700,44224700.0,CHECKSUM=0,,0,True,1cbfb22327a195d53284c9b68676b43e34b78f14a13a44d129296aede11390cf
quickjs,bitops-bits-in-byte,5,1,28520000,28520000.0,CHECKSUM=358400,,0,True,97bccc62a3c6d6827e35180623b20a9f47a06e311fd0e33e41108c6b01e77f74
v8_ignition,bitops-bits-in-byte,5,1,51957000,51957000.0,CHECKSUM=358400,,0,True,97bccc62a3c6d6827e35180623b20a9f47a06e311fd0e33e41108c6b01e77f74
quickjs,string-tagcloud,5,1,37567200,37567200.0,CHECKSUM=315241,,0,True,2a98c22748514eeac27a00a220a10cde2135f9c9e16cc44b9e453d1b17e1e1cf
v8_ignition,string-tagcloud,5,1,44021000,44021000.0,CHECKSUM=315241,,0,True,2a98c22748514eeac27a00a220a10cde2135f9c9e16cc44b9e453d1b17e1e1cf
quickjs,bitops-nsieve-bits,5,1,22027800,22027800.0,CHECKSUM=-1286749544853,,0,True,0cf96c3f7fafb462e82ae4a79fb6943a8ebf8b9f938200af646ee960d106da93
v8_ignition,bitops-nsieve-bits,5,1,56974000,56974000.0,CHECKSUM=-1286749544853,,0,True,0cf96c3f7fafb462e82ae4a79fb6943a8ebf8b9f938200af646ee960d106da93
quickjs,bitops-3bit-bits-in-byte,5,1,17709300,17709300.0,CHECKSUM=512000,,0,True,144f9d2e008e0b150c62e05d8cca6b3445ac57a94015f8dc3f55a33f6b20842b
v8_ignition,bitops-3bit-bits-in-byte,5,1,41085700,41085700.0,CHECKSUM=512000,,0,True,144f9d2e008e0b150c62e05d8cca6b3445ac57a94015f8dc3f55a33f6b20842b
quickjs,controlflow-recursive,5,1,16775000,16775000.0,CHECKSUM=57775,,0,True,91faf2d89e3d0a20986fa88d26cdb1f26ac80defde879935b00a40114b08a5dd
v8_ignition,controlflow-recursive,5,1,41105900,41105900.0,CHECKSUM=57775,,0,True,91faf2d89e3d0a20986fa88d26cdb1f26ac80defde879935b00a40114b08a5dd
quickjs,math-cordic,5,1,30403900,30403900.0,CHECKSUM=10362.570468755888,,0,True,b1e3635616ba731cd23fdbce58c1a07699fe9cc9d3221b4544a15b83dddda66d
v8_ignition,math-cordic,5,1,53220900,53220900.0,CHECKSUM=10362.570468755888,,0,True,b1e3635616ba731cd23fdbce58c1a07699fe9cc9d3221b4544a15b83dddda66d
quickjs,3d-raytrace,5,1,24229200,24229200.0,CHECKSUM=20969,,0,True,e03e3e0915bbd01f7dbd2df183a3c1133d029803c443ce85102cba3b1c7e7e85
v8_ignition,3d-raytrace,5,1,54165900,54165900.0,CHECKSUM=20970,,0,True,e03e3e0915bbd01f7dbd2df183a3c1133d029803c443ce85102cba3b1c7e7e85
quickjs,string-base64,5,1,30787200,30787200.0,CHECKSUM=32768,,0,True,ccd906f060f67dd6ef06144222ded2fd08c556d51705e849a67fe07850d0b338
v8_ignition,string-base64,5,1,42262100,42262100.0,CHECKSUM=32768,,0,True,ccd906f060f67dd6ef06144222ded2fd08c556d51705e849a67fe07850d0b338
quickjs,3d-morph,5,1,30754700,30754700.0,CHECKSUM=0,,0,True,410d94cc7264e0cf2b5e6424467cd9fd16926f46b992fcb46610f2388160bf50
v8_ignition,3d-morph,5,1,55936400,55936400.0,CHECKSUM=0,,0,True,410d94cc7264e0cf2b5e6424467cd9fd16926f46b992fcb46610f2388160bf50
quickjs,3d-cube,5,1,39346700,39346700.0,CHECKSUM=320,,0,True,482356effb1e142ec7f15afe43a8f09d02e95afb563d0b8ee8e990fb26232d73
v8_ignition,3d-cube,5,1,55505100,55505100.0,CHECKSUM=320,,0,True,482356effb1e142ec7f15afe43a8f09d02e95afb563d0b8ee8e990fb26232d73
quickjs,crypto-sha1,5,1,15357400,15357400.0,CHECKSUM=2524d264def74cce2498bf112bedf00e6c0b796d,,0,True,6658dd0c90ffb7e284f57cd61f2d737b5e8fd2d25bd68390edfec73d2c5d6cfe
v8_ignition,crypto-sha1,5,1,43383400,43383400.0,CHECKSUM=2524d264def74cce2498bf112bedf00e6c0b796d,,0,True,6658dd0c90ffb7e284f57cd61f2d737b5e8fd2d25bd68390edfec73d2c5d6cfe
quickjs,crypto-aes,5,1,23638500,23638500.0,CHECKSUM=1343,,0,True,d71dac9b610831b62b5e492715f60ca8d90002726d2f64feaa226796c5817fca
v8_ignition,crypto-aes,5,1,51237100,51237100.0,CHECKSUM=1343,,0,True,d71dac9b610831b62b5e492715f60ca8d90002726d2f64feaa226796c5817fca
quickjs,access-nbody,5,1,23871500,23871500.0,CHECKSUM=-1.3524862408537381,,0,True,e9c16c1670be0a25f85ee4e543598cf020943f40913872f1c409383282dd1371
v8_ignition,access-nbody,5,1,52033200,52033200.0,CHECKSUM=-1.3524862408537381,,0,True,e9c16c1670be0a25f85ee4e543598cf020943f40913872f1c409383282dd1371
quickjs,math-partial-sums,5,1,25718300,25718300.0,CHECKSUM=60.08994194659945,,0,True,e62b49f948574a4023e7faed74c3a3eb98afd12564b07f4ad9da8a3a45124ede
v8_ignition,math-partial-sums,5,1,45015000,45015000.0,CHECKSUM=60.08994194659945,,0,True,e62b49f948574a4023e7faed74c3a3eb98afd12564b07f4ad9da8a3a45124ede
quickjs,string-validate-input,5,1,22119100,22119100.0,CHECKSUM=462000,,0,True,a91e85f87af92025f8dcb0f7045f42bca283920b9b7b535a1d213785aaba253c
v8_ignition,string-validate-input,5,1,43743900,43743900.0,CHECKSUM=462000,,0,True,a91e85f87af92025f8dcb0f7045f42bca283920b9b7b535a1d213785aaba253c
quickjs,string-fasta,5,1,35565300,35565300.0,CHECKSUM=1456000,,0,True,2964af65925747170a57b89b5098f715f862e85d460c52664eec569ce0eb9bd5
v8_ignition,string-fasta,5,1,43922400,43922400.0,CHECKSUM=1456000,,0,True,2964af65925747170a57b89b5098f715f862e85d460c52664eec569ce0eb9bd5
quickjs,access-binary-trees,5,1,21921200,21921200.0,CHECKSUM=-4,,0,True,214d150194967dc8deab31375341ec05b469d81e07cb32d7f4f925a2bdaed33f
v8_ignition,access-binary-trees,5,1,39545600,39545600.0,CHECKSUM=-4,,0,True,214d150194967dc8deab31375341ec05b469d81e07cb32d7f4f925a2bdaed33f
quickjs,regexp-dna,5,1,93115000,93115000.0,CHECKSUM=249:300056,,0,True,b5c7609f15d1bdadfb7ccebb86a138de2604980446964559cccccda2dbfbe053
v8_ignition,regexp-dna,5,1,39948000,39948000.0,CHECKSUM=249:300056,,0,True,b5c7609f15d1bdadfb7ccebb86a138de2604980446964559cccccda2dbfbe053
quickjs,string-unpack-code,5,1,69656400,69656400.0,CHECKSUM=511508,,0,True,bbd5eeae028b78305486482b81e5024645977cdbb0ed03185b92404217019e0c
v8_ignition,string-unpack-code,5,1,48619200,48619200.0,CHECKSUM=511508,,0,True,bbd5eeae028b78305486482b81e5024645977cdbb0ed03185b92404217019e0c
quickjs,math-spectral-norm,5,1,17365400,17365400.0,CHECKSUM=5.086694231303284,,0,True,2f0e90e3fd291e224ef3513ccdebb32a96dd94fa21fc75d142a857208641d8c6
v8_ignition,math-spectral-norm,5,1,42811200,42811200.0,CHECKSUM=5.086694231303284,,0,True,2f0e90e3fd291e224ef3513ccdebb32a96dd94fa21fc75d142a857208641d8c6
quickjs,crypto-md5,5,1,15545200,15545200.0,CHECKSUM=a831e91e0f70eddcb70dc61c6f82f6cd,,0,True,ac5362e324b5fac77d2a517d2e67c6a2e7b2fdc19977dfd72dcd93a61eb66eab
v8_ignition,crypto-md5,5,1,41329100,41329100.0,CHECKSUM=a831e91e0f70eddcb70dc61c6f82f6cd,,0,True,ac5362e324b5fac77d2a517d2e67c6a2e7b2fdc19977dfd72dcd93a61eb66eab
quickjs,access-fannkuch,5,1,43613800,43613800.0,CHECKSUM=22,,0,True,08eb023212740c0bbecdf88720a9a27e5a5aac1ee855980c49106b7c6387339f
v8_ignition,access-fannkuch,5,1,69562400,69562400.0,CHECKSUM=22,,0,True,08eb023212740c0bbecdf88720a9a27e5a5aac1ee855980c49106b7c6387339f
quickjs,date-format-xparb,5,1,29786300,29786300.0,"CHECKSUM=2017-09-05|Tuesday, September 05, 2017 7:43:48 AM|1504652895000",,0,True,ea5c1e2186ba44743d75d49b09dee763fe33c73e6e2f3466813485d86a6d8d7b
v8_ignition,date-format-xparb,5,1,38857500,38857500.0,"CHECKSUM=2017-09-05|Tuesday, September 05, 2017 7:43:48 AM|1504652895000",,0,True,ea5c1e2186ba44743d75d49b09dee763fe33c73e6e2f3466813485d86a6d8d7b
quickjs,access-nsieve,5,1,32914000,32914000.0,CHECKSUM=14302,,0,True,97beeae25f000861dc8bea33cc77b72a0a8e699e00f227f6f904d290be088b8a
v8_ignition,access-nsieve,5,1,41524400,41524400.0,CHECKSUM=14302,,0,True,97beeae25f000861dc8bea33cc77b72a0a8e699e00f227f6f904d290be088b8a
v8_ignition,string-fasta,6,1,42535900,42535900.0,CHECKSUM=1456000,,0,True,2964af65925747170a57b89b5098f715f862e85d460c52664eec569ce0eb9bd5
quickjs,string-fasta,6,1,35630200,35630200.0,CHECKSUM=1456000,,0,True,2964af65925747170a57b89b5098f715f862e85d460c52664eec569ce0eb9bd5
v8_ignition,bitops-nsieve-bits,6,1,56756400,56756400.0,CHECKSUM=-1286749544853,,0,True,0cf96c3f7fafb462e82ae4a79fb6943a8ebf8b9f938200af646ee960d106da93
quickjs,bitops-nsieve-bits,6,1,21407000,21407000.0,CHECKSUM=-1286749544853,,0,True,0cf96c3f7fafb462e82ae4a79fb6943a8ebf8b9f938200af646ee960d106da93
v8_ignition,crypto-aes,6,1,49726700,49726700.0,CHECKSUM=1343,,0,True,d71dac9b610831b62b5e492715f60ca8d90002726d2f64feaa226796c5817fca
quickjs,crypto-aes,6,1,23798500,23798500.0,CHECKSUM=1343,,0,True,d71dac9b610831b62b5e492715f60ca8d90002726d2f64feaa226796c5817fca
v8_ignition,access-fannkuch,6,1,69769800,69769800.0,CHECKSUM=22,,0,True,08eb023212740c0bbecdf88720a9a27e5a5aac1ee855980c49106b7c6387339f
quickjs,access-fannkuch,6,1,44371900,44371900.0,CHECKSUM=22,,0,True,08eb023212740c0bbecdf88720a9a27e5a5aac1ee855980c49106b7c6387339f
v8_ignition,access-binary-trees,6,1,39956100,39956100.0,CHECKSUM=-4,,0,True,214d150194967dc8deab31375341ec05b469d81e07cb32d7f4f925a2bdaed33f
quickjs,access-binary-trees,6,1,20990500,20990500.0,CHECKSUM=-4,,0,True,214d150194967dc8deab31375341ec05b469d81e07cb32d7f4f925a2bdaed33f
v8_ignition,crypto-sha1,6,1,43439000,43439000.0,CHECKSUM=2524d264def74cce2498bf112bedf00e6c0b796d,,0,True,6658dd0c90ffb7e284f57cd61f2d737b5e8fd2d25bd68390edfec73d2c5d6cfe
quickjs,crypto-sha1,6,1,14895600,14895600.0,CHECKSUM=2524d264def74cce2498bf112bedf00e6c0b796d,,0,True,6658dd0c90ffb7e284f57cd61f2d737b5e8fd2d25bd68390edfec73d2c5d6cfe
v8_ignition,date-format-xparb,6,1,41969000,41969000.0,"CHECKSUM=2017-09-05|Tuesday, September 05, 2017 7:43:48 AM|1504652895000",,0,True,ea5c1e2186ba44743d75d49b09dee763fe33c73e6e2f3466813485d86a6d8d7b
quickjs,date-format-xparb,6,1,29103700,29103700.0,"CHECKSUM=2017-09-05|Tuesday, September 05, 2017 7:43:48 AM|1504652895000",,0,True,ea5c1e2186ba44743d75d49b09dee763fe33c73e6e2f3466813485d86a6d8d7b
v8_ignition,bitops-bits-in-byte,6,1,51801100,51801100.0,CHECKSUM=358400,,0,True,97bccc62a3c6d6827e35180623b20a9f47a06e311fd0e33e41108c6b01e77f74
quickjs,bitops-bits-in-byte,6,1,27828600,27828600.0,CHECKSUM=358400,,0,True,97bccc62a3c6d6827e35180623b20a9f47a06e311fd0e33e41108c6b01e77f74
v8_ignition,string-tagcloud,6,1,47636400,47636400.0,CHECKSUM=315241,,0,True,2a98c22748514eeac27a00a220a10cde2135f9c9e16cc44b9e453d1b17e1e1cf
quickjs,string-tagcloud,6,1,36992900,36992900.0,CHECKSUM=315241,,0,True,2a98c22748514eeac27a00a220a10cde2135f9c9e16cc44b9e453d1b17e1e1cf
v8_ignition,access-nsieve,6,1,41896400,41896400.0,CHECKSUM=14302,,0,True,97beeae25f000861dc8bea33cc77b72a0a8e699e00f227f6f904d290be088b8a
quickjs,access-nsieve,6,1,34976100,34976100.0,CHECKSUM=14302,,0,True,97beeae25f000861dc8bea33cc77b72a0a8e699e00f227f6f904d290be088b8a
v8_ignition,bitops-bitwise-and,6,1,40614900,40614900.0,CHECKSUM=0,,0,True,1cbfb22327a195d53284c9b68676b43e34b78f14a13a44d129296aede11390cf
quickjs,bitops-bitwise-and,6,1,15120500,15120500.0,CHECKSUM=0,,0,True,1cbfb22327a195d53284c9b68676b43e34b78f14a13a44d129296aede11390cf
v8_ignition,controlflow-recursive,6,1,42148800,42148800.0,CHECKSUM=57775,,0,True,91faf2d89e3d0a20986fa88d26cdb1f26ac80defde879935b00a40114b08a5dd
quickjs,controlflow-recursive,6,1,16482100,16482100.0,CHECKSUM=57775,,0,True,91faf2d89e3d0a20986fa88d26cdb1f26ac80defde879935b00a40114b08a5dd
v8_ignition,string-validate-input,6,1,43965000,43965000.0,CHECKSUM=462000,,0,True,a91e85f87af92025f8dcb0f7045f42bca283920b9b7b535a1d213785aaba253c
quickjs,string-validate-input,6,1,22168900,22168900.0,CHECKSUM=462000,,0,True,a91e85f87af92025f8dcb0f7045f42bca283920b9b7b535a1d213785aaba253c
v8_ignition,math-partial-sums,6,1,46374300,46374300.0,CHECKSUM=60.08994194659945,,0,True,e62b49f948574a4023e7faed74c3a3eb98afd12564b07f4ad9da8a3a45124ede
quickjs,math-partial-sums,6,1,25611000,25611000.0,CHECKSUM=60.08994194659945,,0,True,e62b49f948574a4023e7faed74c3a3eb98afd12564b07f4ad9da8a3a45124ede
v8_ignition,3d-morph,6,1,55094300,55094300.0,CHECKSUM=0,,0,True,410d94cc7264e0cf2b5e6424467cd9fd16926f46b992fcb46610f2388160bf50
quickjs,3d-morph,6,1,30453800,30453800.0,CHECKSUM=0,,0,True,410d94cc7264e0cf2b5e6424467cd9fd16926f46b992fcb46610f2388160bf50
v8_ignition,math-cordic,6,1,53713400,53713400.0,CHECKSUM=10362.570468755888,,0,True,b1e3635616ba731cd23fdbce58c1a07699fe9cc9d3221b4544a15b83dddda66d
quickjs,math-cordic,6,1,29888900,29888900.0,CHECKSUM=10362.570468755888,,0,True,b1e3635616ba731cd23fdbce58c1a07699fe9cc9d3221b4544a15b83dddda66d
v8_ignition,date-format-tofte,6,1,42824900,42824900.0,"CHECKSUM=2008-05-01|Thursday, May 01, 2008 5:31:22 PM|1209718549000",,0,True,daf9ace6c7441fbb4070a07334f94cfbf9e5719900dc12fe5ee4062bc3694a0a
quickjs,date-format-tofte,6,1,40152100,40152100.0,"CHECKSUM=2008-05-01|Thursday, May 01, 2008 5:31:22 PM|1209718549000",,0,True,daf9ace6c7441fbb4070a07334f94cfbf9e5719900dc12fe5ee4062bc3694a0a
v8_ignition,3d-raytrace,6,1,52547600,52547600.0,CHECKSUM=20970,,0,True,e03e3e0915bbd01f7dbd2df183a3c1133d029803c443ce85102cba3b1c7e7e85
quickjs,3d-raytrace,6,1,23737600,23737600.0,CHECKSUM=20969,,0,True,e03e3e0915bbd01f7dbd2df183a3c1133d029803c443ce85102cba3b1c7e7e85
v8_ignition,access-nbody,6,1,52017600,52017600.0,CHECKSUM=-1.3524862408537381,,0,True,e9c16c1670be0a25f85ee4e543598cf020943f40913872f1c409383282dd1371
quickjs,access-nbody,6,1,24042400,24042400.0,CHECKSUM=-1.3524862408537381,,0,True,e9c16c1670be0a25f85ee4e543598cf020943f40913872f1c409383282dd1371
v8_ignition,regexp-dna,6,1,39833700,39833700.0,CHECKSUM=249:300056,,0,True,b5c7609f15d1bdadfb7ccebb86a138de2604980446964559cccccda2dbfbe053
quickjs,regexp-dna,6,1,93496000,93496000.0,CHECKSUM=249:300056,,0,True,b5c7609f15d1bdadfb7ccebb86a138de2604980446964559cccccda2dbfbe053
v8_ignition,string-unpack-code,6,1,45862200,45862200.0,CHECKSUM=511508,,0,True,bbd5eeae028b78305486482b81e5024645977cdbb0ed03185b92404217019e0c
quickjs,string-unpack-code,6,1,69937600,69937600.0,CHECKSUM=511508,,0,True,bbd5eeae028b78305486482b81e5024645977cdbb0ed03185b92404217019e0c
v8_ignition,3d-cube,6,1,56484400,56484400.0,CHECKSUM=320,,0,True,482356effb1e142ec7f15afe43a8f09d02e95afb563d0b8ee8e990fb26232d73
quickjs,3d-cube,6,1,39660300,39660300.0,CHECKSUM=320,,0,True,482356effb1e142ec7f15afe43a8f09d02e95afb563d0b8ee8e990fb26232d73
v8_ignition,math-spectral-norm,6,1,41605800,41605800.0,CHECKSUM=5.086694231303284,,0,True,2f0e90e3fd291e224ef3513ccdebb32a96dd94fa21fc75d142a857208641d8c6
quickjs,math-spectral-norm,6,1,17340500,17340500.0,CHECKSUM=5.086694231303284,,0,True,2f0e90e3fd291e224ef3513ccdebb32a96dd94fa21fc75d142a857208641d8c6
v8_ignition,crypto-md5,6,1,43076400,43076400.0,CHECKSUM=a831e91e0f70eddcb70dc61c6f82f6cd,,0,True,ac5362e324b5fac77d2a517d2e67c6a2e7b2fdc19977dfd72dcd93a61eb66eab
quickjs,crypto-md5,6,1,15659000,15659000.0,CHECKSUM=a831e91e0f70eddcb70dc61c6f82f6cd,,0,True,ac5362e324b5fac77d2a517d2e67c6a2e7b2fdc19977dfd72dcd93a61eb66eab
v8_ignition,bitops-3bit-bits-in-byte,6,1,41936700,41936700.0,CHECKSUM=512000,,0,True,144f9d2e008e0b150c62e05d8cca6b3445ac57a94015f8dc3f55a33f6b20842b
quickjs,bitops-3bit-bits-in-byte,6,1,17439000,17439000.0,CHECKSUM=512000,,0,True,144f9d2e008e0b150c62e05d8cca6b3445ac57a94015f8dc3f55a33f6b20842b
v8_ignition,string-base64,6,1,41228700,41228700.0,CHECKSUM=32768,,0,True,ccd906f060f67dd6ef06144222ded2fd08c556d51705e849a67fe07850d0b338
quickjs,string-base64,6,1,30809000,30809000.0,CHECKSUM=32768,,0,True,ccd906f060f67dd6ef06144222ded2fd08c556d51705e849a67fe07850d0b338
quickjs,crypto-sha1,7,1,15133800,15133800.0,CHECKSUM=2524d264def74cce2498bf112bedf00e6c0b796d,,0,True,6658dd0c90ffb7e284f57cd61f2d737b5e8fd2d25bd68390edfec73d2c5d6cfe
v8_ignition,crypto-sha1,7,1,42516000,42516000.0,CHECKSUM=2524d264def74cce2498bf112bedf00e6c0b796d,,0,True,6658dd0c90ffb7e284f57cd61f2d737b5e8fd2d25bd68390edfec73d2c5d6cfe
quickjs,regexp-dna,7,1,91777500,91777500.0,CHECKSUM=249:300056,,0,True,b5c7609f15d1bdadfb7ccebb86a138de2604980446964559cccccda2dbfbe053
v8_ignition,regexp-dna,7,1,39197200,39197200.0,CHECKSUM=249:300056,,0,True,b5c7609f15d1bdadfb7ccebb86a138de2604980446964559cccccda2dbfbe053
quickjs,access-nbody,7,1,23687100,23687100.0,CHECKSUM=-1.3524862408537381,,0,True,e9c16c1670be0a25f85ee4e543598cf020943f40913872f1c409383282dd1371
v8_ignition,access-nbody,7,1,50811400,50811400.0,CHECKSUM=-1.3524862408537381,,0,True,e9c16c1670be0a25f85ee4e543598cf020943f40913872f1c409383282dd1371
quickjs,string-unpack-code,7,1,69386300,69386300.0,CHECKSUM=511508,,0,True,bbd5eeae028b78305486482b81e5024645977cdbb0ed03185b92404217019e0c
v8_ignition,string-unpack-code,7,1,48367900,48367900.0,CHECKSUM=511508,,0,True,bbd5eeae028b78305486482b81e5024645977cdbb0ed03185b92404217019e0c
quickjs,access-nsieve,7,1,32184800,32184800.0,CHECKSUM=14302,,0,True,97beeae25f000861dc8bea33cc77b72a0a8e699e00f227f6f904d290be088b8a
v8_ignition,access-nsieve,7,1,44905400,44905400.0,CHECKSUM=14302,,0,True,97beeae25f000861dc8bea33cc77b72a0a8e699e00f227f6f904d290be088b8a
quickjs,3d-morph,7,1,31530600,31530600.0,CHECKSUM=0,,0,True,410d94cc7264e0cf2b5e6424467cd9fd16926f46b992fcb46610f2388160bf50
v8_ignition,3d-morph,7,1,57024600,57024600.0,CHECKSUM=0,,0,True,410d94cc7264e0cf2b5e6424467cd9fd16926f46b992fcb46610f2388160bf50
quickjs,bitops-bits-in-byte,7,1,28070000,28070000.0,CHECKSUM=358400,,0,True,97bccc62a3c6d6827e35180623b20a9f47a06e311fd0e33e41108c6b01e77f74
v8_ignition,bitops-bits-in-byte,7,1,54226000,54226000.0,CHECKSUM=358400,,0,True,97bccc62a3c6d6827e35180623b20a9f47a06e311fd0e33e41108c6b01e77f74
quickjs,bitops-bitwise-and,7,1,14863800,14863800.0,CHECKSUM=0,,0,True,1cbfb22327a195d53284c9b68676b43e34b78f14a13a44d129296aede11390cf
v8_ignition,bitops-bitwise-and,7,1,44416500,44416500.0,CHECKSUM=0,,0,True,1cbfb22327a195d53284c9b68676b43e34b78f14a13a44d129296aede11390cf
quickjs,math-cordic,7,1,30621400,30621400.0,CHECKSUM=10362.570468755888,,0,True,b1e3635616ba731cd23fdbce58c1a07699fe9cc9d3221b4544a15b83dddda66d
v8_ignition,math-cordic,7,1,54144800,54144800.0,CHECKSUM=10362.570468755888,,0,True,b1e3635616ba731cd23fdbce58c1a07699fe9cc9d3221b4544a15b83dddda66d
quickjs,date-format-tofte,7,1,40519700,40519700.0,"CHECKSUM=2008-05-01|Thursday, May 01, 2008 5:31:22 PM|1209718549000",,0,True,daf9ace6c7441fbb4070a07334f94cfbf9e5719900dc12fe5ee4062bc3694a0a
v8_ignition,date-format-tofte,7,1,44893800,44893800.0,"CHECKSUM=2008-05-01|Thursday, May 01, 2008 5:31:22 PM|1209718549000",,0,True,daf9ace6c7441fbb4070a07334f94cfbf9e5719900dc12fe5ee4062bc3694a0a
quickjs,date-format-xparb,7,1,29445500,29445500.0,"CHECKSUM=2017-09-05|Tuesday, September 05, 2017 7:43:48 AM|1504652895000",,0,True,ea5c1e2186ba44743d75d49b09dee763fe33c73e6e2f3466813485d86a6d8d7b
v8_ignition,date-format-xparb,7,1,41675100,41675100.0,"CHECKSUM=2017-09-05|Tuesday, September 05, 2017 7:43:48 AM|1504652895000",,0,True,ea5c1e2186ba44743d75d49b09dee763fe33c73e6e2f3466813485d86a6d8d7b
quickjs,string-base64,7,1,30714100,30714100.0,CHECKSUM=32768,,0,True,ccd906f060f67dd6ef06144222ded2fd08c556d51705e849a67fe07850d0b338
v8_ignition,string-base64,7,1,40346100,40346100.0,CHECKSUM=32768,,0,True,ccd906f060f67dd6ef06144222ded2fd08c556d51705e849a67fe07850d0b338
quickjs,access-fannkuch,7,1,44557300,44557300.0,CHECKSUM=22,,0,True,08eb023212740c0bbecdf88720a9a27e5a5aac1ee855980c49106b7c6387339f
v8_ignition,access-fannkuch,7,1,69470200,69470200.0,CHECKSUM=22,,0,True,08eb023212740c0bbecdf88720a9a27e5a5aac1ee855980c49106b7c6387339f
quickjs,3d-cube,7,1,39666700,39666700.0,CHECKSUM=320,,0,True,482356effb1e142ec7f15afe43a8f09d02e95afb563d0b8ee8e990fb26232d73
v8_ignition,3d-cube,7,1,57347400,57347400.0,CHECKSUM=320,,0,True,482356effb1e142ec7f15afe43a8f09d02e95afb563d0b8ee8e990fb26232d73
quickjs,bitops-3bit-bits-in-byte,7,1,17090700,17090700.0,CHECKSUM=512000,,0,True,144f9d2e008e0b150c62e05d8cca6b3445ac57a94015f8dc3f55a33f6b20842b
v8_ignition,bitops-3bit-bits-in-byte,7,1,40152900,40152900.0,CHECKSUM=512000,,0,True,144f9d2e008e0b150c62e05d8cca6b3445ac57a94015f8dc3f55a33f6b20842b
quickjs,math-spectral-norm,7,1,17600800,17600800.0,CHECKSUM=5.086694231303284,,0,True,2f0e90e3fd291e224ef3513ccdebb32a96dd94fa21fc75d142a857208641d8c6
v8_ignition,math-spectral-norm,7,1,42503500,42503500.0,CHECKSUM=5.086694231303284,,0,True,2f0e90e3fd291e224ef3513ccdebb32a96dd94fa21fc75d142a857208641d8c6
quickjs,string-fasta,7,1,35505200,35505200.0,CHECKSUM=1456000,,0,True,2964af65925747170a57b89b5098f715f862e85d460c52664eec569ce0eb9bd5
v8_ignition,string-fasta,7,1,43737700,43737700.0,CHECKSUM=1456000,,0,True,2964af65925747170a57b89b5098f715f862e85d460c52664eec569ce0eb9bd5
quickjs,controlflow-recursive,7,1,17086100,17086100.0,CHECKSUM=57775,,0,True,91faf2d89e3d0a20986fa88d26cdb1f26ac80defde879935b00a40114b08a5dd
v8_ignition,controlflow-recursive,7,1,40035600,40035600.0,CHECKSUM=57775,,0,True,91faf2d89e3d0a20986fa88d26cdb1f26ac80defde879935b00a40114b08a5dd
quickjs,string-tagcloud,7,1,36873900,36873900.0,CHECKSUM=315241,,0,True,2a98c22748514eeac27a00a220a10cde2135f9c9e16cc44b9e453d1b17e1e1cf
v8_ignition,string-tagcloud,7,1,47294700,47294700.0,CHECKSUM=315241,,0,True,2a98c22748514eeac27a00a220a10cde2135f9c9e16cc44b9e453d1b17e1e1cf
quickjs,crypto-md5,7,1,16235600,16235600.0,CHECKSUM=a831e91e0f70eddcb70dc61c6f82f6cd,,0,True,ac5362e324b5fac77d2a517d2e67c6a2e7b2fdc19977dfd72dcd93a61eb66eab
v8_ignition,crypto-md5,7,1,41360600,41360600.0,CHECKSUM=a831e91e0f70eddcb70dc61c6f82f6cd,,0,True,ac5362e324b5fac77d2a517d2e67c6a2e7b2fdc19977dfd72dcd93a61eb66eab
quickjs,string-validate-input,7,1,22526100,22526100.0,CHECKSUM=462000,,0,True,a91e85f87af92025f8dcb0f7045f42bca283920b9b7b535a1d213785aaba253c
v8_ignition,string-validate-input,7,1,44761500,44761500.0,CHECKSUM=462000,,0,True,a91e85f87af92025f8dcb0f7045f42bca283920b9b7b535a1d213785aaba253c
quickjs,math-partial-sums,7,1,25642900,25642900.0,CHECKSUM=60.08994194659945,,0,True,e62b49f948574a4023e7faed74c3a3eb98afd12564b07f4ad9da8a3a45124ede
v8_ignition,math-partial-sums,7,1,47837500,47837500.0,CHECKSUM=60.08994194659945,,0,True,e62b49f948574a4023e7faed74c3a3eb98afd12564b07f4ad9da8a3a45124ede
quickjs,3d-raytrace,7,1,25230300,25230300.0,CHECKSUM=20969,,0,True,e03e3e0915bbd01f7dbd2df183a3c1133d029803c443ce85102cba3b1c7e7e85
v8_ignition,3d-raytrace,7,1,51413900,51413900.0,CHECKSUM=20970,,0,True,e03e3e0915bbd01f7dbd2df183a3c1133d029803c443ce85102cba3b1c7e7e85
quickjs,crypto-aes,7,1,24038300,24038300.0,CHECKSUM=1343,,0,True,d71dac9b610831b62b5e492715f60ca8d90002726d2f64feaa226796c5817fca
v8_ignition,crypto-aes,7,1,52298800,52298800.0,CHECKSUM=1343,,0,True,d71dac9b610831b62b5e492715f60ca8d90002726d2f64feaa226796c5817fca
quickjs,bitops-nsieve-bits,7,1,21193800,21193800.0,CHECKSUM=-1286749544853,,0,True,0cf96c3f7fafb462e82ae4a79fb6943a8ebf8b9f938200af646ee960d106da93
v8_ignition,bitops-nsieve-bits,7,1,56606400,56606400.0,CHECKSUM=-1286749544853,,0,True,0cf96c3f7fafb462e82ae4a79fb6943a8ebf8b9f938200af646ee960d106da93
quickjs,access-binary-trees,7,1,20467100,20467100.0,CHECKSUM=-4,,0,True,214d150194967dc8deab31375341ec05b469d81e07cb32d7f4f925a2bdaed33f
v8_ignition,access-binary-trees,7,1,40081600,40081600.0,CHECKSUM=-4,,0,True,214d150194967dc8deab31375341ec05b469d81e07cb32d7f4f925a2bdaed33f
v8_ignition,3d-cube,8,1,53950900,53950900.0,CHECKSUM=320,,0,True,482356effb1e142ec7f15afe43a8f09d02e95afb563d0b8ee8e990fb26232d73
quickjs,3d-cube,8,1,39543000,39543000.0,CHECKSUM=320,,0,True,482356effb1e142ec7f15afe43a8f09d02e95afb563d0b8ee8e990fb26232d73
v8_ignition,math-spectral-norm,8,1,42433100,42433100.0,CHECKSUM=5.086694231303284,,0,True,2f0e90e3fd291e224ef3513ccdebb32a96dd94fa21fc75d142a857208641d8c6
quickjs,math-spectral-norm,8,1,18154700,18154700.0,CHECKSUM=5.086694231303284,,0,True,2f0e90e3fd291e224ef3513ccdebb32a96dd94fa21fc75d142a857208641d8c6
v8_ignition,crypto-md5,8,1,46386000,46386000.0,CHECKSUM=a831e91e0f70eddcb70dc61c6f82f6cd,,0,True,ac5362e324b5fac77d2a517d2e67c6a2e7b2fdc19977dfd72dcd93a61eb66eab
quickjs,crypto-md5,8,1,16430100,16430100.0,CHECKSUM=a831e91e0f70eddcb70dc61c6f82f6cd,,0,True,ac5362e324b5fac77d2a517d2e67c6a2e7b2fdc19977dfd72dcd93a61eb66eab
v8_ignition,string-unpack-code,8,1,49101100,49101100.0,CHECKSUM=511508,,0,True,bbd5eeae028b78305486482b81e5024645977cdbb0ed03185b92404217019e0c
quickjs,string-unpack-code,8,1,74065900,74065900.0,CHECKSUM=511508,,0,True,bbd5eeae028b78305486482b81e5024645977cdbb0ed03185b92404217019e0c
v8_ignition,bitops-bits-in-byte,8,1,53900600,53900600.0,CHECKSUM=358400,,0,True,97bccc62a3c6d6827e35180623b20a9f47a06e311fd0e33e41108c6b01e77f74
quickjs,bitops-bits-in-byte,8,1,27674800,27674800.0,CHECKSUM=358400,,0,True,97bccc62a3c6d6827e35180623b20a9f47a06e311fd0e33e41108c6b01e77f74
v8_ignition,string-base64,8,1,43089300,43089300.0,CHECKSUM=32768,,0,True,ccd906f060f67dd6ef06144222ded2fd08c556d51705e849a67fe07850d0b338
quickjs,string-base64,8,1,33562500,33562500.0,CHECKSUM=32768,,0,True,ccd906f060f67dd6ef06144222ded2fd08c556d51705e849a67fe07850d0b338
v8_ignition,access-nbody,8,1,51267700,51267700.0,CHECKSUM=-1.3524862408537381,,0,True,e9c16c1670be0a25f85ee4e543598cf020943f40913872f1c409383282dd1371
quickjs,access-nbody,8,1,24281100,24281100.0,CHECKSUM=-1.3524862408537381,,0,True,e9c16c1670be0a25f85ee4e543598cf020943f40913872f1c409383282dd1371
v8_ignition,date-format-xparb,8,1,40647800,40647800.0,"CHECKSUM=2017-09-05|Tuesday, September 05, 2017 7:43:48 AM|1504652895000",,0,True,ea5c1e2186ba44743d75d49b09dee763fe33c73e6e2f3466813485d86a6d8d7b
quickjs,date-format-xparb,8,1,29506800,29506800.0,"CHECKSUM=2017-09-05|Tuesday, September 05, 2017 7:43:48 AM|1504652895000",,0,True,ea5c1e2186ba44743d75d49b09dee763fe33c73e6e2f3466813485d86a6d8d7b
v8_ignition,controlflow-recursive,8,1,42128200,42128200.0,CHECKSUM=57775,,0,True,91faf2d89e3d0a20986fa88d26cdb1f26ac80defde879935b00a40114b08a5dd
quickjs,controlflow-recursive,8,1,16947100,16947100.0,CHECKSUM=57775,,0,True,91faf2d89e3d0a20986fa88d26cdb1f26ac80defde879935b00a40114b08a5dd
v8_ignition,string-tagcloud,8,1,46038400,46038400.0,CHECKSUM=315241,,0,True,2a98c22748514eeac27a00a220a10cde2135f9c9e16cc44b9e453d1b17e1e1cf
quickjs,string-tagcloud,8,1,37478900,37478900.0,CHECKSUM=315241,,0,True,2a98c22748514eeac27a00a220a10cde2135f9c9e16cc44b9e453d1b17e1e1cf
v8_ignition,bitops-bitwise-and,8,1,43435400,43435400.0,CHECKSUM=0,,0,True,1cbfb22327a195d53284c9b68676b43e34b78f14a13a44d129296aede11390cf
quickjs,bitops-bitwise-and,8,1,15288900,15288900.0,CHECKSUM=0,,0,True,1cbfb22327a195d53284c9b68676b43e34b78f14a13a44d129296aede11390cf
v8_ignition,bitops-3bit-bits-in-byte,8,1,41146700,41146700.0,CHECKSUM=512000,,0,True,144f9d2e008e0b150c62e05d8cca6b3445ac57a94015f8dc3f55a33f6b20842b
quickjs,bitops-3bit-bits-in-byte,8,1,17053700,17053700.0,CHECKSUM=512000,,0,True,144f9d2e008e0b150c62e05d8cca6b3445ac57a94015f8dc3f55a33f6b20842b
v8_ignition,string-validate-input,8,1,43896600,43896600.0,CHECKSUM=462000,,0,True,a91e85f87af92025f8dcb0f7045f42bca283920b9b7b535a1d213785aaba253c
quickjs,string-validate-input,8,1,22750000,22750000.0,CHECKSUM=462000,,0,True,a91e85f87af92025f8dcb0f7045f42bca283920b9b7b535a1d213785aaba253c
v8_ignition,regexp-dna,8,1,39744100,39744100.0,CHECKSUM=249:300056,,0,True,b5c7609f15d1bdadfb7ccebb86a138de2604980446964559cccccda2dbfbe053
quickjs,regexp-dna,8,1,92108500,92108500.0,CHECKSUM=249:300056,,0,True,b5c7609f15d1bdadfb7ccebb86a138de2604980446964559cccccda2dbfbe053
v8_ignition,math-partial-sums,8,1,48524500,48524500.0,CHECKSUM=60.08994194659945,,0,True,e62b49f948574a4023e7faed74c3a3eb98afd12564b07f4ad9da8a3a45124ede
quickjs,math-partial-sums,8,1,26393600,26393600.0,CHECKSUM=60.08994194659945,,0,True,e62b49f948574a4023e7faed74c3a3eb98afd12564b07f4ad9da8a3a45124ede
v8_ignition,3d-raytrace,8,1,52799500,52799500.0,CHECKSUM=20970,,0,True,e03e3e0915bbd01f7dbd2df183a3c1133d029803c443ce85102cba3b1c7e7e85
quickjs,3d-raytrace,8,1,24120000,24120000.0,CHECKSUM=20969,,0,True,e03e3e0915bbd01f7dbd2df183a3c1133d029803c443ce85102cba3b1c7e7e85
v8_ignition,crypto-aes,8,1,52101500,52101500.0,CHECKSUM=1343,,0,True,d71dac9b610831b62b5e492715f60ca8d90002726d2f64feaa226796c5817fca
quickjs,crypto-aes,8,1,24245000,24245000.0,CHECKSUM=1343,,0,True,d71dac9b610831b62b5e492715f60ca8d90002726d2f64feaa226796c5817fca
v8_ignition,date-format-tofte,8,1,44194000,44194000.0,"CHECKSUM=2008-05-01|Thursday, May 01, 2008 5:31:22 PM|1209718549000",,0,True,daf9ace6c7441fbb4070a07334f94cfbf9e5719900dc12fe5ee4062bc3694a0a
quickjs,date-format-tofte,8,1,39851400,39851400.0,"CHECKSUM=2008-05-01|Thursday, May 01, 2008 5:31:22 PM|1209718549000",,0,True,daf9ace6c7441fbb4070a07334f94cfbf9e5719900dc12fe5ee4062bc3694a0a
v8_ignition,access-binary-trees,8,1,40558500,40558500.0,CHECKSUM=-4,,0,True,214d150194967dc8deab31375341ec05b469d81e07cb32d7f4f925a2bdaed33f
quickjs,access-binary-trees,8,1,20449700,20449700.0,CHECKSUM=-4,,0,True,214d150194967dc8deab31375341ec05b469d81e07cb32d7f4f925a2bdaed33f
v8_ignition,access-fannkuch,8,1,68958900,68958900.0,CHECKSUM=22,,0,True,08eb023212740c0bbecdf88720a9a27e5a5aac1ee855980c49106b7c6387339f
quickjs,access-fannkuch,8,1,43413100,43413100.0,CHECKSUM=22,,0,True,08eb023212740c0bbecdf88720a9a27e5a5aac1ee855980c49106b7c6387339f
v8_ignition,access-nsieve,8,1,44179500,44179500.0,CHECKSUM=14302,,0,True,97beeae25f000861dc8bea33cc77b72a0a8e699e00f227f6f904d290be088b8a
quickjs,access-nsieve,8,1,34405600,34405600.0,CHECKSUM=14302,,0,True,97beeae25f000861dc8bea33cc77b72a0a8e699e00f227f6f904d290be088b8a
v8_ignition,string-fasta,8,1,45383300,45383300.0,CHECKSUM=1456000,,0,True,2964af65925747170a57b89b5098f715f862e85d460c52664eec569ce0eb9bd5
quickjs,string-fasta,8,1,36037700,36037700.0,CHECKSUM=1456000,,0,True,2964af65925747170a57b89b5098f715f862e85d460c52664eec569ce0eb9bd5
v8_ignition,math-cordic,8,1,52447600,52447600.0,CHECKSUM=10362.570468755888,,0,True,b1e3635616ba731cd23fdbce58c1a07699fe9cc9d3221b4544a15b83dddda66d
quickjs,math-cordic,8,1,30685900,30685900.0,CHECKSUM=10362.570468755888,,0,True,b1e3635616ba731cd23fdbce58c1a07699fe9cc9d3221b4544a15b83dddda66d
v8_ignition,3d-morph,8,1,55249000,55249000.0,CHECKSUM=0,,0,True,410d94cc7264e0cf2b5e6424467cd9fd16926f46b992fcb46610f2388160bf50
quickjs,3d-morph,8,1,30959200,30959200.0,CHECKSUM=0,,0,True,410d94cc7264e0cf2b5e6424467cd9fd16926f46b992fcb46610f2388160bf50
v8_ignition,crypto-sha1,8,1,42443400,42443400.0,CHECKSUM=2524d264def74cce2498bf112bedf00e6c0b796d,,0,True,6658dd0c90ffb7e284f57cd61f2d737b5e8fd2d25bd68390edfec73d2c5d6cfe
quickjs,crypto-sha1,8,1,15297400,15297400.0,CHECKSUM=2524d264def74cce2498bf112bedf00e6c0b796d,,0,True,6658dd0c90ffb7e284f57cd61f2d737b5e8fd2d25bd68390edfec73d2c5d6cfe
v8_ignition,bitops-nsieve-bits,8,1,58405500,58405500.0,CHECKSUM=-1286749544853,,0,True,0cf96c3f7fafb462e82ae4a79fb6943a8ebf8b9f938200af646ee960d106da93
quickjs,bitops-nsieve-bits,8,1,21908700,21908700.0,CHECKSUM=-1286749544853,,0,True,0cf96c3f7fafb462e82ae4a79fb6943a8ebf8b9f938200af646ee960d106da93
quickjs,string-tagcloud,9,1,37212000,37212000.0,CHECKSUM=315241,,0,True,2a98c22748514eeac27a00a220a10cde2135f9c9e16cc44b9e453d1b17e1e1cf
v8_ignition,string-tagcloud,9,1,45735500,45735500.0,CHECKSUM=315241,,0,True,2a98c22748514eeac27a00a220a10cde2135f9c9e16cc44b9e453d1b17e1e1cf
quickjs,access-fannkuch,9,1,43510500,43510500.0,CHECKSUM=22,,0,True,08eb023212740c0bbecdf88720a9a27e5a5aac1ee855980c49106b7c6387339f
v8_ignition,access-fannkuch,9,1,69925400,69925400.0,CHECKSUM=22,,0,True,08eb023212740c0bbecdf88720a9a27e5a5aac1ee855980c49106b7c6387339f
quickjs,string-fasta,9,1,35601200,35601200.0,CHECKSUM=1456000,,0,True,2964af65925747170a57b89b5098f715f862e85d460c52664eec569ce0eb9bd5
v8_ignition,string-fasta,9,1,46189100,46189100.0,CHECKSUM=1456000,,0,True,2964af65925747170a57b89b5098f715f862e85d460c52664eec569ce0eb9bd5
quickjs,controlflow-recursive,9,1,16477200,16477200.0,CHECKSUM=57775,,0,True,91faf2d89e3d0a20986fa88d26cdb1f26ac80defde879935b00a40114b08a5dd
v8_ignition,controlflow-recursive,9,1,40766300,40766300.0,CHECKSUM=57775,,0,True,91faf2d89e3d0a20986fa88d26cdb1f26ac80defde879935b00a40114b08a5dd
quickjs,access-nsieve,9,1,33717800,33717800.0,CHECKSUM=14302,,0,True,97beeae25f000861dc8bea33cc77b72a0a8e699e00f227f6f904d290be088b8a
v8_ignition,access-nsieve,9,1,43726500,43726500.0,CHECKSUM=14302,,0,True,97beeae25f000861dc8bea33cc77b72a0a8e699e00f227f6f904d290be088b8a
quickjs,math-cordic,9,1,30606300,30606300.0,CHECKSUM=10362.570468755888,,0,True,b1e3635616ba731cd23fdbce58c1a07699fe9cc9d3221b4544a15b83dddda66d
v8_ignition,math-cordic,9,1,53074900,53074900.0,CHECKSUM=10362.570468755888,,0,True,b1e3635616ba731cd23fdbce58c1a07699fe9cc9d3221b4544a15b83dddda66d
quickjs,string-validate-input,9,1,22341800,22341800.0,CHECKSUM=462000,,0,True,a91e85f87af92025f8dcb0f7045f42bca283920b9b7b535a1d213785aaba253c
v8_ignition,string-validate-input,9,1,43472400,43472400.0,CHECKSUM=462000,,0,True,a91e85f87af92025f8dcb0f7045f42bca283920b9b7b535a1d213785aaba253c
quickjs,math-partial-sums,9,1,25933300,25933300.0,CHECKSUM=60.08994194659945,,0,True,e62b49f948574a4023e7faed74c3a3eb98afd12564b07f4ad9da8a3a45124ede
v8_ignition,math-partial-sums,9,1,46588700,46588700.0,CHECKSUM=60.08994194659945,,0,True,e62b49f948574a4023e7faed74c3a3eb98afd12564b07f4ad9da8a3a45124ede
quickjs,3d-raytrace,9,1,24755100,24755100.0,CHECKSUM=20969,,0,True,e03e3e0915bbd01f7dbd2df183a3c1133d029803c443ce85102cba3b1c7e7e85
v8_ignition,3d-raytrace,9,1,54545700,54545700.0,CHECKSUM=20970,,0,True,e03e3e0915bbd01f7dbd2df183a3c1133d029803c443ce85102cba3b1c7e7e85
quickjs,math-spectral-norm,9,1,17538200,17538200.0,CHECKSUM=5.086694231303284,,0,True,2f0e90e3fd291e224ef3513ccdebb32a96dd94fa21fc75d142a857208641d8c6
v8_ignition,math-spectral-norm,9,1,42738100,42738100.0,CHECKSUM=5.086694231303284,,0,True,2f0e90e3fd291e224ef3513ccdebb32a96dd94fa21fc75d142a857208641d8c6
quickjs,crypto-sha1,9,1,15748000,15748000.0,CHECKSUM=2524d264def74cce2498bf112bedf00e6c0b796d,,0,True,6658dd0c90ffb7e284f57cd61f2d737b5e8fd2d25bd68390edfec73d2c5d6cfe
v8_ignition,crypto-sha1,9,1,42599500,42599500.0,CHECKSUM=2524d264def74cce2498bf112bedf00e6c0b796d,,0,True,6658dd0c90ffb7e284f57cd61f2d737b5e8fd2d25bd68390edfec73d2c5d6cfe
quickjs,3d-cube,9,1,39991200,39991200.0,CHECKSUM=320,,0,True,482356effb1e142ec7f15afe43a8f09d02e95afb563d0b8ee8e990fb26232d73
v8_ignition,3d-cube,9,1,57297400,57297400.0,CHECKSUM=320,,0,True,482356effb1e142ec7f15afe43a8f09d02e95afb563d0b8ee8e990fb26232d73
quickjs,string-unpack-code,9,1,68836500,68836500.0,CHECKSUM=511508,,0,True,bbd5eeae028b78305486482b81e5024645977cdbb0ed03185b92404217019e0c
v8_ignition,string-unpack-code,9,1,46047400,46047400.0,CHECKSUM=511508,,0,True,bbd5eeae028b78305486482b81e5024645977cdbb0ed03185b92404217019e0c
quickjs,string-base64,9,1,30930200,30930200.0,CHECKSUM=32768,,0,True,ccd906f060f67dd6ef06144222ded2fd08c556d51705e849a67fe07850d0b338
v8_ignition,string-base64,9,1,40773100,40773100.0,CHECKSUM=32768,,0,True,ccd906f060f67dd6ef06144222ded2fd08c556d51705e849a67fe07850d0b338
quickjs,access-nbody,9,1,24438300,24438300.0,CHECKSUM=-1.3524862408537381,,0,True,e9c16c1670be0a25f85ee4e543598cf020943f40913872f1c409383282dd1371
v8_ignition,access-nbody,9,1,49541000,49541000.0,CHECKSUM=-1.3524862408537381,,0,True,e9c16c1670be0a25f85ee4e543598cf020943f40913872f1c409383282dd1371
quickjs,bitops-bits-in-byte,9,1,27521700,27521700.0,CHECKSUM=358400,,0,True,97bccc62a3c6d6827e35180623b20a9f47a06e311fd0e33e41108c6b01e77f74
v8_ignition,bitops-bits-in-byte,9,1,53766800,53766800.0,CHECKSUM=358400,,0,True,97bccc62a3c6d6827e35180623b20a9f47a06e311fd0e33e41108c6b01e77f74
quickjs,regexp-dna,9,1,92632100,92632100.0,CHECKSUM=249:300056,,0,True,b5c7609f15d1bdadfb7ccebb86a138de2604980446964559cccccda2dbfbe053
v8_ignition,regexp-dna,9,1,39887500,39887500.0,CHECKSUM=249:300056,,0,True,b5c7609f15d1bdadfb7ccebb86a138de2604980446964559cccccda2dbfbe053
quickjs,bitops-3bit-bits-in-byte,9,1,17583000,17583000.0,CHECKSUM=512000,,0,True,144f9d2e008e0b150c62e05d8cca6b3445ac57a94015f8dc3f55a33f6b20842b
v8_ignition,bitops-3bit-bits-in-byte,9,1,39552300,39552300.0,CHECKSUM=512000,,0,True,144f9d2e008e0b150c62e05d8cca6b3445ac57a94015f8dc3f55a33f6b20842b
quickjs,bitops-bitwise-and,9,1,15152400,15152400.0,CHECKSUM=0,,0,True,1cbfb22327a195d53284c9b68676b43e34b78f14a13a44d129296aede11390cf
v8_ignition,bitops-bitwise-and,9,1,42970800,42970800.0,CHECKSUM=0,,0,True,1cbfb22327a195d53284c9b68676b43e34b78f14a13a44d129296aede11390cf
quickjs,date-format-tofte,9,1,40233900,40233900.0,"CHECKSUM=2008-05-01|Thursday, May 01, 2008 5:31:22 PM|1209718549000",,0,True,daf9ace6c7441fbb4070a07334f94cfbf9e5719900dc12fe5ee4062bc3694a0a
v8_ignition,date-format-tofte,9,1,42913700,42913700.0,"CHECKSUM=2008-05-01|Thursday, May 01, 2008 5:31:22 PM|1209718549000",,0,True,daf9ace6c7441fbb4070a07334f94cfbf9e5719900dc12fe5ee4062bc3694a0a
quickjs,3d-morph,9,1,31156300,31156300.0,CHECKSUM=0,,0,True,410d94cc7264e0cf2b5e6424467cd9fd16926f46b992fcb46610f2388160bf50
v8_ignition,3d-morph,9,1,54158000,54158000.0,CHECKSUM=0,,0,True,410d94cc7264e0cf2b5e6424467cd9fd16926f46b992fcb46610f2388160bf50
quickjs,crypto-md5,9,1,15713500,15713500.0,CHECKSUM=a831e91e0f70eddcb70dc61c6f82f6cd,,0,True,ac5362e324b5fac77d2a517d2e67c6a2e7b2fdc19977dfd72dcd93a61eb66eab
v8_ignition,crypto-md5,9,1,43399600,43399600.0,CHECKSUM=a831e91e0f70eddcb70dc61c6f82f6cd,,0,True,ac5362e324b5fac77d2a517d2e67c6a2e7b2fdc19977dfd72dcd93a61eb66eab
quickjs,date-format-xparb,9,1,29293100,29293100.0,"CHECKSUM=2017-09-05|Tuesday, September 05, 2017 7:43:48 AM|1504652895000",,0,True,ea5c1e2186ba44743d75d49b09dee763fe33c73e6e2f3466813485d86a6d8d7b
v8_ignition,date-format-xparb,9,1,40201900,40201900.0,"CHECKSUM=2017-09-05|Tuesday, September 05, 2017 7:43:48 AM|1504652895000",,0,True,ea5c1e2186ba44743d75d49b09dee763fe33c73e6e2f3466813485d86a6d8d7b
quickjs,crypto-aes,9,1,23583100,23583100.0,CHECKSUM=1343,,0,True,d71dac9b610831b62b5e492715f60ca8d90002726d2f64feaa226796c5817fca
v8_ignition,crypto-aes,9,1,50484700,50484700.0,CHECKSUM=1343,,0,True,d71dac9b610831b62b5e492715f60ca8d90002726d2f64feaa226796c5817fca
quickjs,bitops-nsieve-bits,9,1,21673800,21673800.0,CHECKSUM=-1286749544853,,0,True,0cf96c3f7fafb462e82ae4a79fb6943a8ebf8b9f938200af646ee960d106da93
v8_ignition,bitops-nsieve-bits,9,1,57237600,57237600.0,CHECKSUM=-1286749544853,,0,True,0cf96c3f7fafb462e82ae4a79fb6943a8ebf8b9f938200af646ee960d106da93
quickjs,access-binary-trees,9,1,20086100,20086100.0,CHECKSUM=-4,,0,True,214d150194967dc8deab31375341ec05b469d81e07cb32d7f4f925a2bdaed33f
v8_ignition,access-binary-trees,9,1,38828000,38828000.0,CHECKSUM=-4,,0,True,214d150194967dc8deab31375341ec05b469d81e07cb32d7f4f925a2bdaed33f
v8_ignition,string-base64,10,1,40283500,40283500.0,CHECKSUM=32768,,0,True,ccd906f060f67dd6ef06144222ded2fd08c556d51705e849a67fe07850d0b338
quickjs,string-base64,10,1,30877300,30877300.0,CHECKSUM=32768,,0,True,ccd906f060f67dd6ef06144222ded2fd08c556d51705e849a67fe07850d0b338
v8_ignition,3d-raytrace,10,1,51956500,51956500.0,CHECKSUM=20970,,0,True,e03e3e0915bbd01f7dbd2df183a3c1133d029803c443ce85102cba3b1c7e7e85
quickjs,3d-raytrace,10,1,24020200,24020200.0,CHECKSUM=20969,,0,True,e03e3e0915bbd01f7dbd2df183a3c1133d029803c443ce85102cba3b1c7e7e85
v8_ignition,access-binary-trees,10,1,39797300,39797300.0,CHECKSUM=-4,,0,True,214d150194967dc8deab31375341ec05b469d81e07cb32d7f4f925a2bdaed33f
quickjs,access-binary-trees,10,1,20590200,20590200.0,CHECKSUM=-4,,0,True,214d150194967dc8deab31375341ec05b469d81e07cb32d7f4f925a2bdaed33f
v8_ignition,bitops-nsieve-bits,10,1,57335800,57335800.0,CHECKSUM=-1286749544853,,0,True,0cf96c3f7fafb462e82ae4a79fb6943a8ebf8b9f938200af646ee960d106da93
quickjs,bitops-nsieve-bits,10,1,21921900,21921900.0,CHECKSUM=-1286749544853,,0,True,0cf96c3f7fafb462e82ae4a79fb6943a8ebf8b9f938200af646ee960d106da93
v8_ignition,crypto-sha1,10,1,42795000,42795000.0,CHECKSUM=2524d264def74cce2498bf112bedf00e6c0b796d,,0,True,6658dd0c90ffb7e284f57cd61f2d737b5e8fd2d25bd68390edfec73d2c5d6cfe
quickjs,crypto-sha1,10,1,15792100,15792100.0,CHECKSUM=2524d264def74cce2498bf112bedf00e6c0b796d,,0,True,6658dd0c90ffb7e284f57cd61f2d737b5e8fd2d25bd68390edfec73d2c5d6cfe
v8_ignition,3d-cube,10,1,57066300,57066300.0,CHECKSUM=320,,0,True,482356effb1e142ec7f15afe43a8f09d02e95afb563d0b8ee8e990fb26232d73
quickjs,3d-cube,10,1,39684700,39684700.0,CHECKSUM=320,,0,True,482356effb1e142ec7f15afe43a8f09d02e95afb563d0b8ee8e990fb26232d73
v8_ignition,controlflow-recursive,10,1,40532100,40532100.0,CHECKSUM=57775,,0,True,91faf2d89e3d0a20986fa88d26cdb1f26ac80defde879935b00a40114b08a5dd
quickjs,controlflow-recursive,10,1,16568800,16568800.0,CHECKSUM=57775,,0,True,91faf2d89e3d0a20986fa88d26cdb1f26ac80defde879935b00a40114b08a5dd
v8_ignition,math-cordic,10,1,53359400,53359400.0,CHECKSUM=10362.570468755888,,0,True,b1e3635616ba731cd23fdbce58c1a07699fe9cc9d3221b4544a15b83dddda66d
quickjs,math-cordic,10,1,30429300,30429300.0,CHECKSUM=10362.570468755888,,0,True,b1e3635616ba731cd23fdbce58c1a07699fe9cc9d3221b4544a15b83dddda66d
v8_ignition,date-format-tofte,10,1,44469200,44469200.0,"CHECKSUM=2008-05-01|Thursday, May 01, 2008 5:31:22 PM|1209718549000",,0,True,daf9ace6c7441fbb4070a07334f94cfbf9e5719900dc12fe5ee4062bc3694a0a
quickjs,date-format-tofte,10,1,40912800,40912800.0,"CHECKSUM=2008-05-01|Thursday, May 01, 2008 5:31:22 PM|1209718549000",,0,True,daf9ace6c7441fbb4070a07334f94cfbf9e5719900dc12fe5ee4062bc3694a0a
v8_ignition,math-partial-sums,10,1,47862800,47862800.0,CHECKSUM=60.08994194659945,,0,True,e62b49f948574a4023e7faed74c3a3eb98afd12564b07f4ad9da8a3a45124ede
quickjs,math-partial-sums,10,1,25606400,25606400.0,CHECKSUM=60.08994194659945,,0,True,e62b49f948574a4023e7faed74c3a3eb98afd12564b07f4ad9da8a3a45124ede
v8_ignition,regexp-dna,10,1,38601600,38601600.0,CHECKSUM=249:300056,,0,True,b5c7609f15d1bdadfb7ccebb86a138de2604980446964559cccccda2dbfbe053
quickjs,regexp-dna,10,1,92516700,92516700.0,CHECKSUM=249:300056,,0,True,b5c7609f15d1bdadfb7ccebb86a138de2604980446964559cccccda2dbfbe053
v8_ignition,string-unpack-code,10,1,48784000,48784000.0,CHECKSUM=511508,,0,True,bbd5eeae028b78305486482b81e5024645977cdbb0ed03185b92404217019e0c
quickjs,string-unpack-code,10,1,69693600,69693600.0,CHECKSUM=511508,,0,True,bbd5eeae028b78305486482b81e5024645977cdbb0ed03185b92404217019e0c
v8_ignition,bitops-bitwise-and,10,1,42415600,42415600.0,CHECKSUM=0,,0,True,1cbfb22327a195d53284c9b68676b43e34b78f14a13a44d129296aede11390cf
quickjs,bitops-bitwise-and,10,1,14925700,14925700.0,CHECKSUM=0,,0,True,1cbfb22327a195d53284c9b68676b43e34b78f14a13a44d129296aede11390cf
v8_ignition,bitops-3bit-bits-in-byte,10,1,39810400,39810400.0,CHECKSUM=512000,,0,True,144f9d2e008e0b150c62e05d8cca6b3445ac57a94015f8dc3f55a33f6b20842b
quickjs,bitops-3bit-bits-in-byte,10,1,17731400,17731400.0,CHECKSUM=512000,,0,True,144f9d2e008e0b150c62e05d8cca6b3445ac57a94015f8dc3f55a33f6b20842b
v8_ignition,crypto-aes,10,1,50747700,50747700.0,CHECKSUM=1343,,0,True,d71dac9b610831b62b5e492715f60ca8d90002726d2f64feaa226796c5817fca
quickjs,crypto-aes,10,1,23825500,23825500.0,CHECKSUM=1343,,0,True,d71dac9b610831b62b5e492715f60ca8d90002726d2f64feaa226796c5817fca
v8_ignition,access-nbody,10,1,50684800,50684800.0,CHECKSUM=-1.3524862408537381,,0,True,e9c16c1670be0a25f85ee4e543598cf020943f40913872f1c409383282dd1371
quickjs,access-nbody,10,1,23794700,23794700.0,CHECKSUM=-1.3524862408537381,,0,True,e9c16c1670be0a25f85ee4e543598cf020943f40913872f1c409383282dd1371
v8_ignition,3d-morph,10,1,55849700,55849700.0,CHECKSUM=0,,0,True,410d94cc7264e0cf2b5e6424467cd9fd16926f46b992fcb46610f2388160bf50
quickjs,3d-morph,10,1,31575900,31575900.0,CHECKSUM=0,,0,True,410d94cc7264e0cf2b5e6424467cd9fd16926f46b992fcb46610f2388160bf50
v8_ignition,bitops-bits-in-byte,10,1,52791300,52791300.0,CHECKSUM=358400,,0,True,97bccc62a3c6d6827e35180623b20a9f47a06e311fd0e33e41108c6b01e77f74
quickjs,bitops-bits-in-byte,10,1,27322100,27322100.0,CHECKSUM=358400,,0,True,97bccc62a3c6d6827e35180623b20a9f47a06e311fd0e33e41108c6b01e77f74
v8_ignition,access-fannkuch,10,1,70173700,70173700.0,CHECKSUM=22,,0,True,08eb023212740c0bbecdf88720a9a27e5a5aac1ee855980c49106b7c6387339f
quickjs,access-fannkuch,10,1,45939200,45939200.0,CHECKSUM=22,,0,True,08eb023212740c0bbecdf88720a9a27e5a5aac1ee855980c49106b7c6387339f
v8_ignition,string-fasta,10,1,43934200,43934200.0,CHECKSUM=1456000,,0,True,2964af65925747170a57b89b5098f715f862e85d460c52664eec569ce0eb9bd5
quickjs,string-fasta,10,1,34940400,34940400.0,CHECKSUM=1456000,,0,True,2964af65925747170a57b89b5098f715f862e85d460c52664eec569ce0eb9bd5
v8_ignition,date-format-xparb,10,1,41530600,41530600.0,"CHECKSUM=2017-09-05|Tuesday, September 05, 2017 7:43:48 AM|1504652895000",,0,True,ea5c1e2186ba44743d75d49b09dee763fe33c73e6e2f3466813485d86a6d8d7b
quickjs,date-format-xparb,10,1,29664600,29664600.0,"CHECKSUM=2017-09-05|Tuesday, September 05, 2017 7:43:48 AM|1504652895000",,0,True,ea5c1e2186ba44743d75d49b09dee763fe33c73e6e2f3466813485d86a6d8d7b
v8_ignition,string-tagcloud,10,1,45349800,45349800.0,CHECKSUM=315241,,0,True,2a98c22748514eeac27a00a220a10cde2135f9c9e16cc44b9e453d1b17e1e1cf
quickjs,string-tagcloud,10,1,36829100,36829100.0,CHECKSUM=315241,,0,True,2a98c22748514eeac27a00a220a10cde2135f9c9e16cc44b9e453d1b17e1e1cf
v8_ignition,access-nsieve,10,1,43439800,43439800.0,CHECKSUM=14302,,0,True,97beeae25f000861dc8bea33cc77b72a0a8e699e00f227f6f904d290be088b8a
quickjs,access-nsieve,10,1,32664300,32664300.0,CHECKSUM=14302,,0,True,97beeae25f000861dc8bea33cc77b72a0a8e699e00f227f6f904d290be088b8a
v8_ignition,string-validate-input,10,1,41520700,41520700.0,CHECKSUM=462000,,0,True,a91e85f87af92025f8dcb0f7045f42bca283920b9b7b535a1d213785aaba253c
quickjs,string-validate-input,10,1,22976400,22976400.0,CHECKSUM=462000,,0,True,a91e85f87af92025f8dcb0f7045f42bca283920b9b7b535a1d213785aaba253c
v8_ignition,crypto-md5,10,1,44023200,44023200.0,CHECKSUM=a831e91e0f70eddcb70dc61c6f82f6cd,,0,True,ac5362e324b5fac77d2a517d2e67c6a2e7b2fdc19977dfd72dcd93a61eb66eab
quickjs,crypto-md5,10,1,15828200,15828200.0,CHECKSUM=a831e91e0f70eddcb70dc61c6f82f6cd,,0,True,ac5362e324b5fac77d2a517d2e67c6a2e7b2fdc19977dfd72dcd93a61eb66eab
v8_ignition,math-spectral-norm,10,1,41293100,41293100.0,CHECKSUM=5.086694231303284,,0,True,2f0e90e3fd291e224ef3513ccdebb32a96dd94fa21fc75d142a857208641d8c6
quickjs,math-spectral-norm,10,1,17610900,17610900.0,CHECKSUM=5.086694231303284,,0,True,2f0e90e3fd291e224ef3513ccdebb32a96dd94fa21fc75d142a857208641d8c6
quickjs,string-base64,11,1,32225800,32225800.0,CHECKSUM=32768,,0,True,ccd906f060f67dd6ef06144222ded2fd08c556d51705e849a67fe07850d0b338
v8_ignition,string-base64,11,1,41871400,41871400.0,CHECKSUM=32768,,0,True,ccd906f060f67dd6ef06144222ded2fd08c556d51705e849a67fe07850d0b338
quickjs,date-format-xparb,11,1,31899300,31899300.0,"CHECKSUM=2017-09-05|Tuesday, September 05, 2017 7:43:48 AM|1504652895000",,0,True,ea5c1e2186ba44743d75d49b09dee763fe33c73e6e2f3466813485d86a6d8d7b
v8_ignition,date-format-xparb,11,1,40580500,40580500.0,"CHECKSUM=2017-09-05|Tuesday, September 05, 2017 7:43:48 AM|1504652895000",,0,True,ea5c1e2186ba44743d75d49b09dee763fe33c73e6e2f3466813485d86a6d8d7b
quickjs,regexp-dna,11,1,91765600,91765600.0,CHECKSUM=249:300056,,0,True,b5c7609f15d1bdadfb7ccebb86a138de2604980446964559cccccda2dbfbe053
v8_ignition,regexp-dna,11,1,39115000,39115000.0,CHECKSUM=249:300056,,0,True,b5c7609f15d1bdadfb7ccebb86a138de2604980446964559cccccda2dbfbe053
quickjs,bitops-nsieve-bits,11,1,21476100,21476100.0,CHECKSUM=-1286749544853,,0,True,0cf96c3f7fafb462e82ae4a79fb6943a8ebf8b9f938200af646ee960d106da93
v8_ignition,bitops-nsieve-bits,11,1,56421500,56421500.0,CHECKSUM=-1286749544853,,0,True,0cf96c3f7fafb462e82ae4a79fb6943a8ebf8b9f938200af646ee960d106da93
quickjs,crypto-aes,11,1,23900600,23900600.0,CHECKSUM=1343,,0,True,d71dac9b610831b62b5e492715f60ca8d90002726d2f64feaa226796c5817fca
v8_ignition,crypto-aes,11,1,50188200,50188200.0,CHECKSUM=1343,,0,True,d71dac9b610831b62b5e492715f60ca8d90002726d2f64feaa226796c5817fca
quickjs,crypto-sha1,11,1,16146400,16146400.0,CHECKSUM=2524d264def74cce2498bf112bedf00e6c0b796d,,0,True,6658dd0c90ffb7e284f57cd61f2d737b5e8fd2d25bd68390edfec73d2c5d6cfe
v8_ignition,crypto-sha1,11,1,42357000,42357000.0,CHECKSUM=2524d264def74cce2498bf112bedf00e6c0b796d,,0,True,6658dd0c90ffb7e284f57cd61f2d737b5e8fd2d25bd68390edfec73d2c5d6cfe
quickjs,bitops-bits-in-byte,11,1,27101000,27101000.0,CHECKSUM=358400,,0,True,97bccc62a3c6d6827e35180623b20a9f47a06e311fd0e33e41108c6b01e77f74
v8_ignition,bitops-bits-in-byte,11,1,51128300,51128300.0,CHECKSUM=358400,,0,True,97bccc62a3c6d6827e35180623b20a9f47a06e311fd0e33e41108c6b01e77f74
quickjs,crypto-md5,11,1,15637500,15637500.0,CHECKSUM=a831e91e0f70eddcb70dc61c6f82f6cd,,0,True,ac5362e324b5fac77d2a517d2e67c6a2e7b2fdc19977dfd72dcd93a61eb66eab
v8_ignition,crypto-md5,11,1,42175200,42175200.0,CHECKSUM=a831e91e0f70eddcb70dc61c6f82f6cd,,0,True,ac5362e324b5fac77d2a517d2e67c6a2e7b2fdc19977dfd72dcd93a61eb66eab
quickjs,date-format-tofte,11,1,40413400,40413400.0,"CHECKSUM=2008-05-01|Thursday, May 01, 2008 5:31:22 PM|1209718549000",,0,True,daf9ace6c7441fbb4070a07334f94cfbf9e5719900dc12fe5ee4062bc3694a0a
v8_ignition,date-format-tofte,11,1,44044600,44044600.0,"CHECKSUM=2008-05-01|Thursday, May 01, 2008 5:31:22 PM|1209718549000",,0,True,daf9ace6c7441fbb4070a07334f94cfbf9e5719900dc12fe5ee4062bc3694a0a
quickjs,string-tagcloud,11,1,36749800,36749800.0,CHECKSUM=315241,,0,True,2a98c22748514eeac27a00a220a10cde2135f9c9e16cc44b9e453d1b17e1e1cf
v8_ignition,string-tagcloud,11,1,45427900,45427900.0,CHECKSUM=315241,,0,True,2a98c22748514eeac27a00a220a10cde2135f9c9e16cc44b9e453d1b17e1e1cf
quickjs,access-nbody,11,1,23812900,23812900.0,CHECKSUM=-1.3524862408537381,,0,True,e9c16c1670be0a25f85ee4e543598cf020943f40913872f1c409383282dd1371
v8_ignition,access-nbody,11,1,51647900,51647900.0,CHECKSUM=-1.3524862408537381,,0,True,e9c16c1670be0a25f85ee4e543598cf020943f40913872f1c409383282dd1371
quickjs,string-fasta,11,1,35762100,35762100.0,CHECKSUM=1456000,,0,True,2964af65925747170a57b89b5098f715f862e85d460c52664eec569ce0eb9bd5
v8_ignition,string-fasta,11,1,45064000,45064000.0,CHECKSUM=1456000,,0,True,2964af65925747170a57b89b5098f715f862e85d460c52664eec569ce0eb9bd5
quickjs,math-partial-sums,11,1,25775600,25775600.0,CHECKSUM=60.08994194659945,,0,True,e62b49f948574a4023e7faed74c3a3eb98afd12564b07f4ad9da8a3a45124ede
v8_ignition,math-partial-sums,11,1,45488800,45488800.0,CHECKSUM=60.08994194659945,,0,True,e62b49f948574a4023e7faed74c3a3eb98afd12564b07f4ad9da8a3a45124ede
quickjs,controlflow-recursive,11,1,16406400,16406400.0,CHECKSUM=57775,,0,True,91faf2d89e3d0a20986fa88d26cdb1f26ac80defde879935b00a40114b08a5dd
v8_ignition,controlflow-recursive,11,1,39452300,39452300.0,CHECKSUM=57775,,0,True,91faf2d89e3d0a20986fa88d26cdb1f26ac80defde879935b00a40114b08a5dd
quickjs,access-nsieve,11,1,31941000,31941000.0,CHECKSUM=14302,,0,True,97beeae25f000861dc8bea33cc77b72a0a8e699e00f227f6f904d290be088b8a
v8_ignition,access-nsieve,11,1,45272500,45272500.0,CHECKSUM=14302,,0,True,97beeae25f000861dc8bea33cc77b72a0a8e699e00f227f6f904d290be088b8a
quickjs,access-binary-trees,11,1,20511200,20511200.0,CHECKSUM=-4,,0,True,214d150194967dc8deab31375341ec05b469d81e07cb32d7f4f925a2bdaed33f
v8_ignition,access-binary-trees,11,1,38954800,38954800.0,CHECKSUM=-4,,0,True,214d150194967dc8deab31375341ec05b469d81e07cb32d7f4f925a2bdaed33f
quickjs,math-cordic,11,1,30493600,30493600.0,CHECKSUM=10362.570468755888,,0,True,b1e3635616ba731cd23fdbce58c1a07699fe9cc9d3221b4544a15b83dddda66d
v8_ignition,math-cordic,11,1,52568100,52568100.0,CHECKSUM=10362.570468755888,,0,True,b1e3635616ba731cd23fdbce58c1a07699fe9cc9d3221b4544a15b83dddda66d
quickjs,3d-cube,11,1,39710300,39710300.0,CHECKSUM=320,,0,True,482356effb1e142ec7f15afe43a8f09d02e95afb563d0b8ee8e990fb26232d73
v8_ignition,3d-cube,11,1,55711300,55711300.0,CHECKSUM=320,,0,True,482356effb1e142ec7f15afe43a8f09d02e95afb563d0b8ee8e990fb26232d73
quickjs,access-fannkuch,11,1,44131100,44131100.0,CHECKSUM=22,,0,True,08eb023212740c0bbecdf88720a9a27e5a5aac1ee855980c49106b7c6387339f
v8_ignition,access-fannkuch,11,1,70556300,70556300.0,CHECKSUM=22,,0,True,08eb023212740c0bbecdf88720a9a27e5a5aac1ee855980c49106b7c6387339f
quickjs,string-validate-input,11,1,22291000,22291000.0,CHECKSUM=462000,,0,True,a91e85f87af92025f8dcb0f7045f42bca283920b9b7b535a1d213785aaba253c
v8_ignition,string-validate-input,11,1,43509200,43509200.0,CHECKSUM=462000,,0,True,a91e85f87af92025f8dcb0f7045f42bca283920b9b7b535a1d213785aaba253c
quickjs,3d-raytrace,11,1,24037900,24037900.0,CHECKSUM=20969,,0,True,e03e3e0915bbd01f7dbd2df183a3c1133d029803c443ce85102cba3b1c7e7e85
v8_ignition,3d-raytrace,11,1,51233800,51233800.0,CHECKSUM=20970,,0,True,e03e3e0915bbd01f7dbd2df183a3c1133d029803c443ce85102cba3b1c7e7e85
quickjs,bitops-3bit-bits-in-byte,11,1,17210400,17210400.0,CHECKSUM=512000,,0,True,144f9d2e008e0b150c62e05d8cca6b3445ac57a94015f8dc3f55a33f6b20842b
v8_ignition,bitops-3bit-bits-in-byte,11,1,40059600,40059600.0,CHECKSUM=512000,,0,True,144f9d2e008e0b150c62e05d8cca6b3445ac57a94015f8dc3f55a33f6b20842b
quickjs,math-spectral-norm,11,1,17504800,17504800.0,CHECKSUM=5.086694231303284,,0,True,2f0e90e3fd291e224ef3513ccdebb32a96dd94fa21fc75d142a857208641d8c6
v8_ignition,math-spectral-norm,11,1,42152700,42152700.0,CHECKSUM=5.086694231303284,,0,True,2f0e90e3fd291e224ef3513ccdebb32a96dd94fa21fc75d142a857208641d8c6
quickjs,3d-morph,11,1,30827600,30827600.0,CHECKSUM=0,,0,True,410d94cc7264e0cf2b5e6424467cd9fd16926f46b992fcb46610f2388160bf50
v8_ignition,3d-morph,11,1,56092500,56092500.0,CHECKSUM=0,,0,True,410d94cc7264e0cf2b5e6424467cd9fd16926f46b992fcb46610f2388160bf50
quickjs,string-unpack-code,11,1,69105500,69105500.0,CHECKSUM=511508,,0,True,bbd5eeae028b78305486482b81e5024645977cdbb0ed03185b92404217019e0c
v8_ignition,string-unpack-code,11,1,45567900,45567900.0,CHECKSUM=511508,,0,True,bbd5eeae028b78305486482b81e5024645977cdbb0ed03185b92404217019e0c
quickjs,bitops-bitwise-and,11,1,14926400,14926400.0,CHECKSUM=0,,0,True,1cbfb22327a195d53284c9b68676b43e34b78f14a13a44d129296aede11390cf
v8_ignition,bitops-bitwise-and,11,1,41651500,41651500.0,CHECKSUM=0,,0,True,1cbfb22327a195d53284c9b68676b43e34b78f14a13a44d129296aede11390cf
v8_ignition,math-spectral-norm,12,1,41987700,41987700.0,CHECKSUM=5.086694231303284,,0,True,2f0e90e3fd291e224ef3513ccdebb32a96dd94fa21fc75d142a857208641d8c6
quickjs,math-spectral-norm,12,1,17261300,17261300.0,CHECKSUM=5.086694231303284,,0,True,2f0e90e3fd291e224ef3513ccdebb32a96dd94fa21fc75d142a857208641d8c6
v8_ignition,string-fasta,12,1,44982100,44982100.0,CHECKSUM=1456000,,0,True,2964af65925747170a57b89b5098f715f862e85d460c52664eec569ce0eb9bd5
quickjs,string-fasta,12,1,36054400,36054400.0,CHECKSUM=1456000,,0,True,2964af65925747170a57b89b5098f715f862e85d460c52664eec569ce0eb9bd5
v8_ignition,crypto-md5,12,1,44085500,44085500.0,CHECKSUM=a831e91e0f70eddcb70dc61c6f82f6cd,,0,True,ac5362e324b5fac77d2a517d2e67c6a2e7b2fdc19977dfd72dcd93a61eb66eab
quickjs,crypto-md5,12,1,15977800,15977800.0,CHECKSUM=a831e91e0f70eddcb70dc61c6f82f6cd,,0,True,ac5362e324b5fac77d2a517d2e67c6a2e7b2fdc19977dfd72dcd93a61eb66eab
v8_ignition,controlflow-recursive,12,1,39838000,39838000.0,CHECKSUM=57775,,0,True,91faf2d89e3d0a20986fa88d26cdb1f26ac80defde879935b00a40114b08a5dd
quickjs,controlflow-recursive,12,1,16951700,16951700.0,CHECKSUM=57775,,0,True,91faf2d89e3d0a20986fa88d26cdb1f26ac80defde879935b00a40114b08a5dd
v8_ignition,access-fannkuch,12,1,68914100,68914100.0,CHECKSUM=22,,0,True,08eb023212740c0bbecdf88720a9a27e5a5aac1ee855980c49106b7c6387339f
quickjs,access-fannkuch,12,1,44894100,44894100.0,CHECKSUM=22,,0,True,08eb023212740c0bbecdf88720a9a27e5a5aac1ee855980c49106b7c6387339f
v8_ignition,bitops-3bit-bits-in-byte,12,1,40907800,40907800.0,CHECKSUM=512000,,0,True,144f9d2e008e0b150c62e05d8cca6b3445ac57a94015f8dc3f55a33f6b20842b
quickjs,bitops-3bit-bits-in-byte,12,1,17189900,17189900.0,CHECKSUM=512000,,0,True,144f9d2e008e0b150c62e05d8cca6b3445ac57a94015f8dc3f55a33f6b20842b
v8_ignition,bitops-bits-in-byte,12,1,51288200,51288200.0,CHECKSUM=358400,,0,True,97bccc62a3c6d6827e35180623b20a9f47a06e311fd0e33e41108c6b01e77f74
quickjs,bitops-bits-in-byte,12,1,27794800,27794800.0,CHECKSUM=358400,,0,True,97bccc62a3c6d6827e35180623b20a9f47a06e311fd0e33e41108c6b01e77f74
v8_ignition,string-base64,12,1,40447200,40447200.0,CHECKSUM=32768,,0,True,ccd906f060f67dd6ef06144222ded2fd08c556d51705e849a67fe07850d0b338
quickjs,string-base64,12,1,31361800,31361800.0,CHECKSUM=32768,,0,True,ccd906f060f67dd6ef06144222ded2fd08c556d51705e849a67fe07850d0b338
v8_ignition,regexp-dna,12,1,38903600,38903600.0,CHECKSUM=249:300056,,0,True,b5c7609f15d1bdadfb7ccebb86a138de2604980446964559cccccda2dbfbe053
quickjs,regexp-dna,12,1,91526000,91526000.0,CHECKSUM=249:300056,,0,True,b5c7609f15d1bdadfb7ccebb86a138de2604980446964559cccccda2dbfbe053
v8_ignition,crypto-sha1,12,1,44608200,44608200.0,CHECKSUM=2524d264def74cce2498bf112bedf00e6c0b796d,,0,True,6658dd0c90ffb7e284f57cd61f2d737b5e8fd2d25bd68390edfec73d2c5d6cfe
quickjs,crypto-sha1,12,1,15491500,15491500.0,CHECKSUM=2524d264def74cce2498bf112bedf00e6c0b796d,,0,True,6658dd0c90ffb7e284f57cd61f2d737b5e8fd2d25bd68390edfec73d2c5d6cfe
v8_ignition,access-nbody,12,1,51370700,51370700.0,CHECKSUM=-1.3524862408537381,,0,True,e9c16c1670be0a25f85ee4e543598cf020943f40913872f1c409383282dd1371
quickjs,access-nbody,12,1,23783000,23783000.0,CHECKSUM=-1.3524862408537381,,0,True,e9c16c1670be0a25f85ee4e543598cf020943f40913872f1c409383282dd1371
v8_ignition,math-cordic,12,1,54776600,54776600.0,CHECKSUM=10362.570468755888,,0,True,b1e3635616ba731cd23fdbce58c1a07699fe9cc9d3221b4544a15b83dddda66d
quickjs,math-cordic,12,1,29753800,29753800.0,CHECKSUM=10362.570468755888,,0,True,b1e3635616ba731cd23fdbce58c1a07699fe9cc9d3221b4544a15b83dddda66d
v8_ignition,string-unpack-code,12,1,46812100,46812100.0,CHECKSUM=511508,,0,True,bbd5eeae028b78305486482b81e5024645977cdbb0ed03185b92404217019e0c
quickjs,string-unpack-code,12,1,68852200,68852200.0,CHECKSUM=511508,,0,True,bbd5eeae028b78305486482b81e5024645977cdbb0ed03185b92404217019e0c
v8_ignition,crypto-aes,12,1,50534900,50534900.0,CHECKSUM=1343,,0,True,d71dac9b610831b62b5e492715f60ca8d90002726d2f64feaa226796c5817fca
quickjs,crypto-aes,12,1,24098100,24098100.0,CHECKSUM=1343,,0,True,d71dac9b610831b62b5e492715f60ca8d90002726d2f64feaa226796c5817fca
v8_ignition,3d-cube,12,1,55061400,55061400.0,CHECKSUM=320,,0,True,482356effb1e142ec7f15afe43a8f09d02e95afb563d0b8ee8e990fb26232d73
quickjs,3d-cube,12,1,39725900,39725900.0,CHECKSUM=320,,0,True,482356effb1e142ec7f15afe43a8f09d02e95afb563d0b8ee8e990fb26232d73
v8_ignition,date-format-xparb,12,1,41393000,41393000.0,"CHECKSUM=2017-09-05|Tuesday, September 05, 2017 7:43:48 AM|1504652895000",,0,True,ea5c1e2186ba44743d75d49b09dee763fe33c73e6e2f3466813485d86a6d8d7b
quickjs,date-format-xparb,12,1,29570800,29570800.0,"CHECKSUM=2017-09-05|Tuesday, September 05, 2017 7:43:48 AM|1504652895000",,0,True,ea5c1e2186ba44743d75d49b09dee763fe33c73e6e2f3466813485d86a6d8d7b
v8_ignition,bitops-nsieve-bits,12,1,59074800,59074800.0,CHECKSUM=-1286749544853,,0,True,0cf96c3f7fafb462e82ae4a79fb6943a8ebf8b9f938200af646ee960d106da93
quickjs,bitops-nsieve-bits,12,1,22282600,22282600.0,CHECKSUM=-1286749544853,,0,True,0cf96c3f7fafb462e82ae4a79fb6943a8ebf8b9f938200af646ee960d106da93
v8_ignition,3d-morph,12,1,55042500,55042500.0,CHECKSUM=0,,0,True,410d94cc7264e0cf2b5e6424467cd9fd16926f46b992fcb46610f2388160bf50
quickjs,3d-morph,12,1,30821000,30821000.0,CHECKSUM=0,,0,True,410d94cc7264e0cf2b5e6424467cd9fd16926f46b992fcb46610f2388160bf50
v8_ignition,string-tagcloud,12,1,46276700,46276700.0,CHECKSUM=315241,,0,True,2a98c22748514eeac27a00a220a10cde2135f9c9e16cc44b9e453d1b17e1e1cf
quickjs,string-tagcloud,12,1,37224500,37224500.0,CHECKSUM=315241,,0,True,2a98c22748514eeac27a00a220a10cde2135f9c9e16cc44b9e453d1b17e1e1cf
v8_ignition,date-format-tofte,12,1,43717400,43717400.0,"CHECKSUM=2008-05-01|Thursday, May 01, 2008 5:31:22 PM|1209718549000",,0,True,daf9ace6c7441fbb4070a07334f94cfbf9e5719900dc12fe5ee4062bc3694a0a
quickjs,date-format-tofte,12,1,40484300,40484300.0,"CHECKSUM=2008-05-01|Thursday, May 01, 2008 5:31:22 PM|1209718549000",,0,True,daf9ace6c7441fbb4070a07334f94cfbf9e5719900dc12fe5ee4062bc3694a0a
v8_ignition,string-validate-input,12,1,41665800,41665800.0,CHECKSUM=462000,,0,True,a91e85f87af92025f8dcb0f7045f42bca283920b9b7b535a1d213785aaba253c
quickjs,string-validate-input,12,1,23028000,23028000.0,CHECKSUM=462000,,0,True,a91e85f87af92025f8dcb0f7045f42bca283920b9b7b535a1d213785aaba253c
v8_ignition,bitops-bitwise-and,12,1,42267700,42267700.0,CHECKSUM=0,,0,True,1cbfb22327a195d53284c9b68676b43e34b78f14a13a44d129296aede11390cf
quickjs,bitops-bitwise-and,12,1,15039600,15039600.0,CHECKSUM=0,,0,True,1cbfb22327a195d53284c9b68676b43e34b78f14a13a44d129296aede11390cf
v8_ignition,math-partial-sums,12,1,45507400,45507400.0,CHECKSUM=60.08994194659945,,0,True,e62b49f948574a4023e7faed74c3a3eb98afd12564b07f4ad9da8a3a45124ede
quickjs,math-partial-sums,12,1,25789500,25789500.0,CHECKSUM=60.08994194659945,,0,True,e62b49f948574a4023e7faed74c3a3eb98afd12564b07f4ad9da8a3a45124ede
v8_ignition,access-binary-trees,12,1,39263100,39263100.0,CHECKSUM=-4,,0,True,214d150194967dc8deab31375341ec05b469d81e07cb32d7f4f925a2bdaed33f
quickjs,access-binary-trees,12,1,20836100,20836100.0,CHECKSUM=-4,,0,True,214d150194967dc8deab31375341ec05b469d81e07cb32d7f4f925a2bdaed33f
v8_ignition,3d-raytrace,12,1,52785300,52785300.0,CHECKSUM=20970,,0,True,e03e3e0915bbd01f7dbd2df183a3c1133d029803c443ce85102cba3b1c7e7e85
quickjs,3d-raytrace,12,1,24527600,24527600.0,CHECKSUM=20969,,0,True,e03e3e0915bbd01f7dbd2df183a3c1133d029803c443ce85102cba3b1c7e7e85
v8_ignition,access-nsieve,12,1,44090100,44090100.0,CHECKSUM=14302,,0,True,97beeae25f000861dc8bea33cc77b72a0a8e699e00f227f6f904d290be088b8a
quickjs,access-nsieve,12,1,32051400,32051400.0,CHECKSUM=14302,,0,True,97beeae25f000861dc8bea33cc77b72a0a8e699e00f227f6f904d290be088b8a
quickjs,crypto-md5,13,1,15904300,15904300.0,CHECKSUM=a831e91e0f70eddcb70dc61c6f82f6cd,,0,True,ac5362e324b5fac77d2a517d2e67c6a2e7b2fdc19977dfd72dcd93a61eb66eab
v8_ignition,crypto-md5,13,1,42845100,42845100.0,CHECKSUM=a831e91e0f70eddcb70dc61c6f82f6cd,,0,True,ac5362e324b5fac77d2a517d2e67c6a2e7b2fdc19977dfd72dcd93a61eb66eab
quickjs,string-unpack-code,13,1,69468200,69468200.0,CHECKSUM=511508,,0,True,bbd5eeae028b78305486482b81e5024645977cdbb0ed03185b92404217019e0c
v8_ignition,string-unpack-code,13,1,46200400,46200400.0,CHECKSUM=511508,,0,True,bbd5eeae028b78305486482b81e5024645977cdbb0ed03185b92404217019e0c
quickjs,bitops-bitwise-and,13,1,15082900,15082900.0,CHECKSUM=0,,0,True,1cbfb22327a195d53284c9b68676b43e34b78f14a13a44d129296aede11390cf
v8_ignition,bitops-bitwise-and,13,1,42235200,42235200.0,CHECKSUM=0,,0,True,1cbfb22327a195d53284c9b68676b43e34b78f14a13a44d129296aede11390cf
quickjs,bitops-3bit-bits-in-byte,13,1,18304000,18304000.0,CHECKSUM=512000,,0,True,144f9d2e008e0b150c62e05d8cca6b3445ac57a94015f8dc3f55a33f6b20842b
v8_ignition,bitops-3bit-bits-in-byte,13,1,39977700,39977700.0,CHECKSUM=512000,,0,True,144f9d2e008e0b150c62e05d8cca6b3445ac57a94015f8dc3f55a33f6b20842b
quickjs,access-fannkuch,13,1,45706200,45706200.0,CHECKSUM=22,,0,True,08eb023212740c0bbecdf88720a9a27e5a5aac1ee855980c49106b7c6387339f
v8_ignition,access-fannkuch,13,1,70047300,70047300.0,CHECKSUM=22,,0,True,08eb023212740c0bbecdf88720a9a27e5a5aac1ee855980c49106b7c6387339f
quickjs,math-spectral-norm,13,1,17561000,17561000.0,CHECKSUM=5.086694231303284,,0,True,2f0e90e3fd291e224ef3513ccdebb32a96dd94fa21fc75d142a857208641d8c6
v8_ignition,math-spectral-norm,13,1,42721600,42721600.0,CHECKSUM=5.086694231303284,,0,True,2f0e90e3fd291e224ef3513ccdebb32a96dd94fa21fc75d142a857208641d8c6
quickjs,string-fasta,13,1,35699100,35699100.0,CHECKSUM=1456000,,0,True,2964af65925747170a57b89b5098f715f862e85d460c52664eec569ce0eb9bd5
v8_ignition,string-fasta,13,1,44431400,44431400.0,CHECKSUM=1456000,,0,True,2964af65925747170a57b89b5098f715f862e85d460c52664eec569ce0eb9bd5
quickjs,3d-raytrace,13,1,24025800,24025800.0,CHECKSUM=20969,,0,True,e03e3e0915bbd01f7dbd2df183a3c1133d029803c443ce85102cba3b1c7e7e85
v8_ignition,3d-raytrace,13,1,52541800,52541800.0,CHECKSUM=20970,,0,True,e03e3e0915bbd01f7dbd2df183a3c1133d029803c443ce85102cba3b1c7e7e85
quickjs,access-nsieve,13,1,32340400,32340400.0,CHECKSUM=14302,,0,True,97beeae25f000861dc8bea33cc77b72a0a8e699e00f227f6f904d290be088b8a
v8_ignition,access-nsieve,13,1,43373900,43373900.0,CHECKSUM=14302,,0,True,97beeae25f000861dc8bea33cc77b72a0a8e699e00f227f6f904d290be088b8a
quickjs,string-base64,13,1,31463300,31463300.0,CHECKSUM=32768,,0,True,ccd906f060f67dd6ef06144222ded2fd08c556d51705e849a67fe07850d0b338
v8_ignition,string-base64,13,1,40182300,40182300.0,CHECKSUM=32768,,0,True,ccd906f060f67dd6ef06144222ded2fd08c556d51705e849a67fe07850d0b338
quickjs,controlflow-recursive,13,1,16165600,16165600.0,CHECKSUM=57775,,0,True,91faf2d89e3d0a20986fa88d26cdb1f26ac80defde879935b00a40114b08a5dd
v8_ignition,controlflow-recursive,13,1,41170300,41170300.0,CHECKSUM=57775,,0,True,91faf2d89e3d0a20986fa88d26cdb1f26ac80defde879935b00a40114b08a5dd
quickjs,math-partial-sums,13,1,26043900,26043900.0,CHECKSUM=60.08994194659945,,0,True,e62b49f948574a4023e7faed74c3a3eb98afd12564b07f4ad9da8a3a45124ede
v8_ignition,math-partial-sums,13,1,47206800,47206800.0,CHECKSUM=60.08994194659945,,0,True,e62b49f948574a4023e7faed74c3a3eb98afd12564b07f4ad9da8a3a45124ede
quickjs,regexp-dna,13,1,92303900,92303900.0,CHECKSUM=249:300056,,0,True,b5c7609f15d1bdadfb7ccebb86a138de2604980446964559cccccda2dbfbe053
v8_ignition,regexp-dna,13,1,39651800,39651800.0,CHECKSUM=249:300056,,0,True,b5c7609f15d1bdadfb7ccebb86a138de2604980446964559cccccda2dbfbe053
quickjs,bitops-nsieve-bits,13,1,21976000,21976000.0,CHECKSUM=-1286749544853,,0,True,0cf96c3f7fafb462e82ae4a79fb6943a8ebf8b9f938200af646ee960d106da93
v8_ignition,bitops-nsieve-bits,13,1,57902900,57902900.0,CHECKSUM=-1286749544853,,0,True,0cf96c3f7fafb462e82ae4a79fb6943a8ebf8b9f938200af646ee960d106da93
quickjs,date-format-tofte,13,1,40236200,40236200.0,"CHECKSUM=2008-05-01|Thursday, May 01, 2008 5:31:22 PM|1209718549000",,0,True,daf9ace6c7441fbb4070a07334f94cfbf9e5719900dc12fe5ee4062bc3694a0a
v8_ignition,date-format-tofte,13,1,43815200,43815200.0,"CHECKSUM=2008-05-01|Thursday, May 01, 2008 5:31:22 PM|1209718549000",,0,True,daf9ace6c7441fbb4070a07334f94cfbf9e5719900dc12fe5ee4062bc3694a0a
quickjs,math-cordic,13,1,55750300,55750300.0,CHECKSUM=10362.570468755888,,0,True,b1e3635616ba731cd23fdbce58c1a07699fe9cc9d3221b4544a15b83dddda66d
v8_ignition,math-cordic,13,1,55073200,55073200.0,CHECKSUM=10362.570468755888,,0,True,b1e3635616ba731cd23fdbce58c1a07699fe9cc9d3221b4544a15b83dddda66d
quickjs,bitops-bits-in-byte,13,1,27295500,27295500.0,CHECKSUM=358400,,0,True,97bccc62a3c6d6827e35180623b20a9f47a06e311fd0e33e41108c6b01e77f74
v8_ignition,bitops-bits-in-byte,13,1,51116600,51116600.0,CHECKSUM=358400,,0,True,97bccc62a3c6d6827e35180623b20a9f47a06e311fd0e33e41108c6b01e77f74
quickjs,string-validate-input,13,1,22477700,22477700.0,CHECKSUM=462000,,0,True,a91e85f87af92025f8dcb0f7045f42bca283920b9b7b535a1d213785aaba253c
v8_ignition,string-validate-input,13,1,41595600,41595600.0,CHECKSUM=462000,,0,True,a91e85f87af92025f8dcb0f7045f42bca283920b9b7b535a1d213785aaba253c
quickjs,3d-cube,13,1,39998400,39998400.0,CHECKSUM=320,,0,True,482356effb1e142ec7f15afe43a8f09d02e95afb563d0b8ee8e990fb26232d73
v8_ignition,3d-cube,13,1,54299600,54299600.0,CHECKSUM=320,,0,True,482356effb1e142ec7f15afe43a8f09d02e95afb563d0b8ee8e990fb26232d73
quickjs,crypto-aes,13,1,23781800,23781800.0,CHECKSUM=1343,,0,True,d71dac9b610831b62b5e492715f60ca8d90002726d2f64feaa226796c5817fca
v8_ignition,crypto-aes,13,1,50737000,50737000.0,CHECKSUM=1343,,0,True,d71dac9b610831b62b5e492715f60ca8d90002726d2f64feaa226796c5817fca
quickjs,date-format-xparb,13,1,29354800,29354800.0,"CHECKSUM=2017-09-05|Tuesday, September 05, 2017 7:43:48 AM|1504652895000",,0,True,ea5c1e2186ba44743d75d49b09dee763fe33c73e6e2f3466813485d86a6d8d7b
v8_ignition,date-format-xparb,13,1,41298700,41298700.0,"CHECKSUM=2017-09-05|Tuesday, September 05, 2017 7:43:48 AM|1504652895000",,0,True,ea5c1e2186ba44743d75d49b09dee763fe33c73e6e2f3466813485d86a6d8d7b
quickjs,string-tagcloud,13,1,37178200,37178200.0,CHECKSUM=315241,,0,True,2a98c22748514eeac27a00a220a10cde2135f9c9e16cc44b9e453d1b17e1e1cf
v8_ignition,string-tagcloud,13,1,45520800,45520800.0,CHECKSUM=315241,,0,True,2a98c22748514eeac27a00a220a10cde2135f9c9e16cc44b9e453d1b17e1e1cf
quickjs,access-binary-trees,13,1,20497100,20497100.0,CHECKSUM=-4,,0,True,214d150194967dc8deab31375341ec05b469d81e07cb32d7f4f925a2bdaed33f
v8_ignition,access-binary-trees,13,1,40765000,40765000.0,CHECKSUM=-4,,0,True,214d150194967dc8deab31375341ec05b469d81e07cb32d7f4f925a2bdaed33f
quickjs,crypto-sha1,13,1,15785500,15785500.0,CHECKSUM=2524d264def74cce2498bf112bedf00e6c0b796d,,0,True,6658dd0c90ffb7e284f57cd61f2d737b5e8fd2d25bd68390edfec73d2c5d6cfe
v8_ignition,crypto-sha1,13,1,43878800,43878800.0,CHECKSUM=2524d264def74cce2498bf112bedf00e6c0b796d,,0,True,6658dd0c90ffb7e284f57cd61f2d737b5e8fd2d25bd68390edfec73d2c5d6cfe
quickjs,access-nbody,13,1,23842700,23842700.0,CHECKSUM=-1.3524862408537381,,0,True,e9c16c1670be0a25f85ee4e543598cf020943f40913872f1c409383282dd1371
v8_ignition,access-nbody,13,1,53762100,53762100.0,CHECKSUM=-1.3524862408537381,,0,True,e9c16c1670be0a25f85ee4e543598cf020943f40913872f1c409383282dd1371
quickjs,3d-morph,13,1,31383600,31383600.0,CHECKSUM=0,,0,True,410d94cc7264e0cf2b5e6424467cd9fd16926f46b992fcb46610f2388160bf50
v8_ignition,3d-morph,13,1,55832400,55832400.0,CHECKSUM=0,,0,True,410d94cc7264e0cf2b5e6424467cd9fd16926f46b992fcb46610f2388160bf50
v8_ignition,access-fannkuch,14,1,73458000,73458000.0,CHECKSUM=22,,0,True,08eb023212740c0bbecdf88720a9a27e5a5aac1ee855980c49106b7c6387339f
quickjs,access-fannkuch,14,1,45290600,45290600.0,CHECKSUM=22,,0,True,08eb023212740c0bbecdf88720a9a27e5a5aac1ee855980c49106b7c6387339f
v8_ignition,crypto-md5,14,1,43651900,43651900.0,CHECKSUM=a831e91e0f70eddcb70dc61c6f82f6cd,,0,True,ac5362e324b5fac77d2a517d2e67c6a2e7b2fdc19977dfd72dcd93a61eb66eab
quickjs,crypto-md5,14,1,16133300,16133300.0,CHECKSUM=a831e91e0f70eddcb70dc61c6f82f6cd,,0,True,ac5362e324b5fac77d2a517d2e67c6a2e7b2fdc19977dfd72dcd93a61eb66eab
v8_ignition,math-spectral-norm,14,1,42770700,42770700.0,CHECKSUM=5.086694231303284,,0,True,2f0e90e3fd291e224ef3513ccdebb32a96dd94fa21fc75d142a857208641d8c6
quickjs,math-spectral-norm,14,1,17833200,17833200.0,CHECKSUM=5.086694231303284,,0,True,2f0e90e3fd291e224ef3513ccdebb32a96dd94fa21fc75d142a857208641d8c6
v8_ignition,bitops-bitwise-and,14,1,44732800,44732800.0,CHECKSUM=0,,0,True,1cbfb22327a195d53284c9b68676b43e34b78f14a13a44d129296aede11390cf
quickjs,bitops-bitwise-and,14,1,15194000,15194000.0,CHECKSUM=0,,0,True,1cbfb22327a195d53284c9b68676b43e34b78f14a13a44d129296aede11390cf
v8_ignition,string-base64,14,1,41705500,41705500.0,CHECKSUM=32768,,0,True,ccd906f060f67dd6ef06144222ded2fd08c556d51705e849a67fe07850d0b338
quickjs,string-base64,14,1,32032900,32032900.0,CHECKSUM=32768,,0,True,ccd906f060f67dd6ef06144222ded2fd08c556d51705e849a67fe07850d0b338
v8_ignition,crypto-aes,14,1,54513200,54513200.0,CHECKSUM=1343,,0,True,d71dac9b610831b62b5e492715f60ca8d90002726d2f64feaa226796c5817fca
quickjs,crypto-aes,14,1,24706600,24706600.0,CHECKSUM=1343,,0,True,d71dac9b610831b62b5e492715f60ca8d90002726d2f64feaa226796c5817fca
v8_ignition,3d-cube,14,1,58759200,58759200.0,CHECKSUM=320,,0,True,482356effb1e142ec7f15afe43a8f09d02e95afb563d0b8ee8e990fb26232d73
quickjs,3d-cube,14,1,40716500,40716500.0,CHECKSUM=320,,0,True,482356effb1e142ec7f15afe43a8f09d02e95afb563d0b8ee8e990fb26232d73
v8_ignition,controlflow-recursive,14,1,41257800,41257800.0,CHECKSUM=57775,,0,True,91faf2d89e3d0a20986fa88d26cdb1f26ac80defde879935b00a40114b08a5dd
quickjs,controlflow-recursive,14,1,16872400,16872400.0,CHECKSUM=57775,,0,True,91faf2d89e3d0a20986fa88d26cdb1f26ac80defde879935b00a40114b08a5dd
v8_ignition,3d-morph,14,1,55133500,55133500.0,CHECKSUM=0,,0,True,410d94cc7264e0cf2b5e6424467cd9fd16926f46b992fcb46610f2388160bf50
quickjs,3d-morph,14,1,30593800,30593800.0,CHECKSUM=0,,0,True,410d94cc7264e0cf2b5e6424467cd9fd16926f46b992fcb46610f2388160bf50
v8_ignition,string-fasta,14,1,45666800,45666800.0,CHECKSUM=1456000,,0,True,2964af65925747170a57b89b5098f715f862e85d460c52664eec569ce0eb9bd5
quickjs,string-fasta,14,1,35169800,35169800.0,CHECKSUM=1456000,,0,True,2964af65925747170a57b89b5098f715f862e85d460c52664eec569ce0eb9bd5
v8_ignition,regexp-dna,14,1,39250600,39250600.0,CHECKSUM=249:300056,,0,True,b5c7609f15d1bdadfb7ccebb86a138de2604980446964559cccccda2dbfbe053
quickjs,regexp-dna,14,1,92387600,92387600.0,CHECKSUM=249:300056,,0,True,b5c7609f15d1bdadfb7ccebb86a138de2604980446964559cccccda2dbfbe053
v8_ignition,string-unpack-code,14,1,47406000,47406000.0,CHECKSUM=511508,,0,True,bbd5eeae028b78305486482b81e5024645977cdbb0ed03185b92404217019e0c
quickjs,string-unpack-code,14,1,69116100,69116100.0,CHECKSUM=511508,,0,True,bbd5eeae028b78305486482b81e5024645977cdbb0ed03185b92404217019e0c
v8_ignition,bitops-nsieve-bits,14,1,56513600,56513600.0,CHECKSUM=-1286749544853,,0,True,0cf96c3f7fafb462e82ae4a79fb6943a8ebf8b9f938200af646ee960d106da93
quickjs,bitops-nsieve-bits,14,1,22066800,22066800.0,CHECKSUM=-1286749544853,,0,True,0cf96c3f7fafb462e82ae4a79fb6943a8ebf8b9f938200af646ee960d106da93
v8_ignition,access-nsieve,14,1,44598900,44598900.0,CHECKSUM=14302,,0,True,97beeae25f000861dc8bea33cc77b72a0a8e699e00f227f6f904d290be088b8a
quickjs,access-nsieve,14,1,32658300,32658300.0,CHECKSUM=14302,,0,True,97beeae25f000861dc8bea33cc77b72a0a8e699e00f227f6f904d290be088b8a
v8_ignition,date-format-xparb,14,1,40656900,40656900.0,"CHECKSUM=2017-09-05|Tuesday, September 05, 2017 7:43:48 AM|1504652895000",,0,True,ea5c1e2186ba44743d75d49b09dee763fe33c73e6e2f3466813485d86a6d8d7b
quickjs,date-format-xparb,14,1,30151800,30151800.0,"CHECKSUM=2017-09-05|Tuesday, September 05, 2017 7:43:48 AM|1504652895000",,0,True,ea5c1e2186ba44743d75d49b09dee763fe33c73e6e2f3466813485d86a6d8d7b
v8_ignition,math-cordic,14,1,52972200,52972200.0,CHECKSUM=10362.570468755888,,0,True,b1e3635616ba731cd23fdbce58c1a07699fe9cc9d3221b4544a15b83dddda66d
quickjs,math-cordic,14,1,30415500,30415500.0,CHECKSUM=10362.570468755888,,0,True,b1e3635616ba731cd23fdbce58c1a07699fe9cc9d3221b4544a15b83dddda66d
v8_ignition,date-format-tofte,14,1,44889600,44889600.0,"CHECKSUM=2008-05-01|Thursday, May 01, 2008 5:31:22 PM|1209718549000",,0,True,daf9ace6c7441fbb4070a07334f94cfbf9e5719900dc12fe5ee4062bc3694a0a
quickjs,date-format-tofte,14,1,41163600,41163600.0,"CHECKSUM=2008-05-01|Thursday, May 01, 2008 5:31:22 PM|1209718549000",,0,True,daf9ace6c7441fbb4070a07334f94cfbf9e5719900dc12fe5ee4062bc3694a0a
v8_ignition,string-tagcloud,14,1,46829700,46829700.0,CHECKSUM=315241,,0,True,2a98c22748514eeac27a00a220a10cde2135f9c9e16cc44b9e453d1b17e1e1cf
quickjs,string-tagcloud,14,1,37616100,37616100.0,CHECKSUM=315241,,0,True,2a98c22748514eeac27a00a220a10cde2135f9c9e16cc44b9e453d1b17e1e1cf
v8_ignition,crypto-sha1,14,1,42566900,42566900.0,CHECKSUM=2524d264def74cce2498bf112bedf00e6c0b796d,,0,True,6658dd0c90ffb7e284f57cd61f2d737b5e8fd2d25bd68390edfec73d2c5d6cfe
quickjs,crypto-sha1,14,1,15514300,15514300.0,CHECKSUM=2524d264def74cce2498bf112bedf00e6c0b796d,,0,True,6658dd0c90ffb7e284f57cd61f2d737b5e8fd2d25bd68390edfec73d2c5d6cfe
v8_ignition,math-partial-sums,14,1,47501800,47501800.0,CHECKSUM=60.08994194659945,,0,True,e62b49f948574a4023e7faed74c3a3eb98afd12564b07f4ad9da8a3a45124ede
quickjs,math-partial-sums,14,1,25894400,25894400.0,CHECKSUM=60.08994194659945,,0,True,e62b49f948574a4023e7faed74c3a3eb98afd12564b07f4ad9da8a3a45124ede
v8_ignition,access-nbody,14,1,52205700,52205700.0,CHECKSUM=-1.3524862408537381,,0,True,e9c16c1670be0a25f85ee4e543598cf020943f40913872f1c409383282dd1371
quickjs,access-nbody,14,1,24305000,24305000.0,CHECKSUM=-1.3524862408537381,,0,True,e9c16c1670be0a25f85ee4e543598cf020943f40913872f1c409383282dd1371
v8_ignition,3d-raytrace,14,1,52618100,52618100.0,CHECKSUM=20970,,0,True,e03e3e0915bbd01f7dbd2df183a3c1133d029803c443ce85102cba3b1c7e7e85
quickjs,3d-raytrace,14,1,24525700,24525700.0,CHECKSUM=20969,,0,True,e03e3e0915bbd01f7dbd2df183a3c1133d029803c443ce85102cba3b1c7e7e85
v8_ignition,string-validate-input,14,1,42207600,42207600.0,CHECKSUM=462000,,0,True,a91e85f87af92025f8dcb0f7045f42bca283920b9b7b535a1d213785aaba253c
quickjs,string-validate-input,14,1,22597400,22597400.0,CHECKSUM=462000,,0,True,a91e85f87af92025f8dcb0f7045f42bca283920b9b7b535a1d213785aaba253c
v8_ignition,access-binary-trees,14,1,39868400,39868400.0,CHECKSUM=-4,,0,True,214d150194967dc8deab31375341ec05b469d81e07cb32d7f4f925a2bdaed33f
quickjs,access-binary-trees,14,1,21004000,21004000.0,CHECKSUM=-4,,0,True,214d150194967dc8deab31375341ec05b469d81e07cb32d7f4f925a2bdaed33f
v8_ignition,bitops-bits-in-byte,14,1,52335200,52335200.0,CHECKSUM=358400,,0,True,97bccc62a3c6d6827e35180623b20a9f47a06e311fd0e33e41108c6b01e77f74
quickjs,bitops-bits-in-byte,14,1,27562400,27562400.0,CHECKSUM=358400,,0,True,97bccc62a3c6d6827e35180623b20a9f47a06e311fd0e33e41108c6b01e77f74
v8_ignition,bitops-3bit-bits-in-byte,14,1,40674700,40674700.0,CHECKSUM=512000,,0,True,144f9d2e008e0b150c62e05d8cca6b3445ac57a94015f8dc3f55a33f6b20842b
quickjs,bitops-3bit-bits-in-byte,14,1,17541900,17541900.0,CHECKSUM=512000,,0,True,144f9d2e008e0b150c62e05d8cca6b3445ac57a94015f8dc3f55a33f6b20842b
quickjs,string-validate-input,15,1,23954300,23954300.0,CHECKSUM=462000,,0,True,a91e85f87af92025f8dcb0f7045f42bca283920b9b7b535a1d213785aaba253c
v8_ignition,string-validate-input,15,1,44800800,44800800.0,CHECKSUM=462000,,0,True,a91e85f87af92025f8dcb0f7045f42bca283920b9b7b535a1d213785aaba253c
quickjs,bitops-bitwise-and,15,1,16010800,16010800.0,CHECKSUM=0,,0,True,1cbfb22327a195d53284c9b68676b43e34b78f14a13a44d129296aede11390cf
v8_ignition,bitops-bitwise-and,15,1,42868100,42868100.0,CHECKSUM=0,,0,True,1cbfb22327a195d53284c9b68676b43e34b78f14a13a44d129296aede11390cf
quickjs,bitops-nsieve-bits,15,1,21848500,21848500.0,CHECKSUM=-1286749544853,,0,True,0cf96c3f7fafb462e82ae4a79fb6943a8ebf8b9f938200af646ee960d106da93
v8_ignition,bitops-nsieve-bits,15,1,58902200,58902200.0,CHECKSUM=-1286749544853,,0,True,0cf96c3f7fafb462e82ae4a79fb6943a8ebf8b9f938200af646ee960d106da93
quickjs,access-binary-trees,15,1,20743100,20743100.0,CHECKSUM=-4,,0,True,214d150194967dc8deab31375341ec05b469d81e07cb32d7f4f925a2bdaed33f
v8_ignition,access-binary-trees,15,1,38523400,38523400.0,CHECKSUM=-4,,0,True,214d150194967dc8deab31375341ec05b469d81e07cb32d7f4f925a2bdaed33f
quickjs,regexp-dna,15,1,91720300,91720300.0,CHECKSUM=249:300056,,0,True,b5c7609f15d1bdadfb7ccebb86a138de2604980446964559cccccda2dbfbe053
v8_ignition,regexp-dna,15,1,38639400,38639400.0,CHECKSUM=249:300056,,0,True,b5c7609f15d1bdadfb7ccebb86a138de2604980446964559cccccda2dbfbe053
quickjs,bitops-3bit-bits-in-byte,15,1,17497700,17497700.0,CHECKSUM=512000,,0,True,144f9d2e008e0b150c62e05d8cca6b3445ac57a94015f8dc3f55a33f6b20842b
v8_ignition,bitops-3bit-bits-in-byte,15,1,39944700,39944700.0,CHECKSUM=512000,,0,True,144f9d2e008e0b150c62e05d8cca6b3445ac57a94015f8dc3f55a33f6b20842b
quickjs,crypto-sha1,15,1,15334900,15334900.0,CHECKSUM=2524d264def74cce2498bf112bedf00e6c0b796d,,0,True,6658dd0c90ffb7e284f57cd61f2d737b5e8fd2d25bd68390edfec73d2c5d6cfe
v8_ignition,crypto-sha1,15,1,42654100,42654100.0,CHECKSUM=2524d264def74cce2498bf112bedf00e6c0b796d,,0,True,6658dd0c90ffb7e284f57cd61f2d737b5e8fd2d25bd68390edfec73d2c5d6cfe
quickjs,date-format-xparb,15,1,29135400,29135400.0,"CHECKSUM=2017-09-05|Tuesday, September 05, 2017 7:43:48 AM|1504652895000",,0,True,ea5c1e2186ba44743d75d49b09dee763fe33c73e6e2f3466813485d86a6d8d7b
v8_ignition,date-format-xparb,15,1,40896500,40896500.0,"CHECKSUM=2017-09-05|Tuesday, September 05, 2017 7:43:48 AM|1504652895000",,0,True,ea5c1e2186ba44743d75d49b09dee763fe33c73e6e2f3466813485d86a6d8d7b
quickjs,string-fasta,15,1,36553500,36553500.0,CHECKSUM=1456000,,0,True,2964af65925747170a57b89b5098f715f862e85d460c52664eec569ce0eb9bd5
v8_ignition,string-fasta,15,1,44811600,44811600.0,CHECKSUM=1456000,,0,True,2964af65925747170a57b89b5098f715f862e85d460c52664eec569ce0eb9bd5
quickjs,math-spectral-norm,15,1,17400800,17400800.0,CHECKSUM=5.086694231303284,,0,True,2f0e90e3fd291e224ef3513ccdebb32a96dd94fa21fc75d142a857208641d8c6
v8_ignition,math-spectral-norm,15,1,42762000,42762000.0,CHECKSUM=5.086694231303284,,0,True,2f0e90e3fd291e224ef3513ccdebb32a96dd94fa21fc75d142a857208641d8c6
quickjs,access-nbody,15,1,24201700,24201700.0,CHECKSUM=-1.3524862408537381,,0,True,e9c16c1670be0a25f85ee4e543598cf020943f40913872f1c409383282dd1371
v8_ignition,access-nbody,15,1,50161700,50161700.0,CHECKSUM=-1.3524862408537381,,0,True,e9c16c1670be0a25f85ee4e543598cf020943f40913872f1c409383282dd1371
quickjs,date-format-tofte,15,1,40172300,40172300.0,"CHECKSUM=2008-05-01|Thursday, May 01, 2008 5:31:22 PM|1209718549000",,0,True,daf9ace6c7441fbb4070a07334f94cfbf9e5719900dc12fe5ee4062bc3694a0a
v8_ignition,date-format-tofte,15,1,43173100,43173100.0,"CHECKSUM=2008-05-01|Thursday, May 01, 2008 5:31:22 PM|1209718549000",,0,True,daf9ace6c7441fbb4070a07334f94cfbf9e5719900dc12fe5ee4062bc3694a0a
quickjs,3d-raytrace,15,1,24094300,24094300.0,CHECKSUM=20969,,0,True,e03e3e0915bbd01f7dbd2df183a3c1133d029803c443ce85102cba3b1c7e7e85
v8_ignition,3d-raytrace,15,1,51788000,51788000.0,CHECKSUM=20970,,0,True,e03e3e0915bbd01f7dbd2df183a3c1133d029803c443ce85102cba3b1c7e7e85
quickjs,access-nsieve,15,1,32683200,32683200.0,CHECKSUM=14302,,0,True,97beeae25f000861dc8bea33cc77b72a0a8e699e00f227f6f904d290be088b8a
v8_ignition,access-nsieve,15,1,44339800,44339800.0,CHECKSUM=14302,,0,True,97beeae25f000861dc8bea33cc77b72a0a8e699e00f227f6f904d290be088b8a
quickjs,crypto-md5,15,1,15828100,15828100.0,CHECKSUM=a831e91e0f70eddcb70dc61c6f82f6cd,,0,True,ac5362e324b5fac77d2a517d2e67c6a2e7b2fdc19977dfd72dcd93a61eb66eab
v8_ignition,crypto-md5,15,1,41856600,41856600.0,CHECKSUM=a831e91e0f70eddcb70dc61c6f82f6cd,,0,True,ac5362e324b5fac77d2a517d2e67c6a2e7b2fdc19977dfd72dcd93a61eb66eab
quickjs,crypto-aes,15,1,24084300,24084300.0,CHECKSUM=1343,,0,True,d71dac9b610831b62b5e492715f60ca8d90002726d2f64feaa226796c5817fca
v8_ignition,crypto-aes,15,1,49509600,49509600.0,CHECKSUM=1343,,0,True,d71dac9b610831b62b5e492715f60ca8d90002726d2f64feaa226796c5817fca
quickjs,math-cordic,15,1,30876600,30876600.0,CHECKSUM=10362.570468755888,,0,True,b1e3635616ba731cd23fdbce58c1a07699fe9cc9d3221b4544a15b83dddda66d
v8_ignition,math-cordic,15,1,52768600,52768600.0,CHECKSUM=10362.570468755888,,0,True,b1e3635616ba731cd23fdbce58c1a07699fe9cc9d3221b4544a15b83dddda66d
quickjs,3d-morph,15,1,31191200,31191200.0,CHECKSUM=0,,0,True,410d94cc7264e0cf2b5e6424467cd9fd16926f46b992fcb46610f2388160bf50
v8_ignition,3d-morph,15,1,56029300,56029300.0,CHECKSUM=0,,0,True,410d94cc7264e0cf2b5e6424467cd9fd16926f46b992fcb46610f2388160bf50
quickjs,controlflow-recursive,15,1,16664200,16664200.0,CHECKSUM=57775,,0,True,91faf2d89e3d0a20986fa88d26cdb1f26ac80defde879935b00a40114b08a5dd
v8_ignition,controlflow-recursive,15,1,39405300,39405300.0,CHECKSUM=57775,,0,True,91faf2d89e3d0a20986fa88d26cdb1f26ac80defde879935b00a40114b08a5dd
quickjs,3d-cube,15,1,39781000,39781000.0,CHECKSUM=320,,0,True,482356effb1e142ec7f15afe43a8f09d02e95afb563d0b8ee8e990fb26232d73
v8_ignition,3d-cube,15,1,56870000,56870000.0,CHECKSUM=320,,0,True,482356effb1e142ec7f15afe43a8f09d02e95afb563d0b8ee8e990fb26232d73
quickjs,math-partial-sums,15,1,26044900,26044900.0,CHECKSUM=60.08994194659945,,0,True,e62b49f948574a4023e7faed74c3a3eb98afd12564b07f4ad9da8a3a45124ede
v8_ignition,math-partial-sums,15,1,46127200,46127200.0,CHECKSUM=60.08994194659945,,0,True,e62b49f948574a4023e7faed74c3a3eb98afd12564b07f4ad9da8a3a45124ede
quickjs,bitops-bits-in-byte,15,1,27782500,27782500.0,CHECKSUM=358400,,0,True,97bccc62a3c6d6827e35180623b20a9f47a06e311fd0e33e41108c6b01e77f74
v8_ignition,bitops-bits-in-byte,15,1,52935700,52935700.0,CHECKSUM=358400,,0,True,97bccc62a3c6d6827e35180623b20a9f47a06e311fd0e33e41108c6b01e77f74
quickjs,access-fannkuch,15,1,44282200,44282200.0,CHECKSUM=22,,0,True,08eb023212740c0bbecdf88720a9a27e5a5aac1ee855980c49106b7c6387339f
v8_ignition,access-fannkuch,15,1,68106000,68106000.0,CHECKSUM=22,,0,True,08eb023212740c0bbecdf88720a9a27e5a5aac1ee855980c49106b7c6387339f
quickjs,string-unpack-code,15,1,69718000,69718000.0,CHECKSUM=511508,,0,True,bbd5eeae028b78305486482b81e5024645977cdbb0ed03185b92404217019e0c
v8_ignition,string-unpack-code,15,1,46216700,46216700.0,CHECKSUM=511508,,0,True,bbd5eeae028b78305486482b81e5024645977cdbb0ed03185b92404217019e0c
quickjs,string-base64,15,1,31023000,31023000.0,CHECKSUM=32768,,0,True,ccd906f060f67dd6ef06144222ded2fd08c556d51705e849a67fe07850d0b338
v8_ignition,string-base64,15,1,39828000,39828000.0,CHECKSUM=32768,,0,True,ccd906f060f67dd6ef06144222ded2fd08c556d51705e849a67fe07850d0b338
quickjs,string-tagcloud,15,1,36909900,36909900.0,CHECKSUM=315241,,0,True,2a98c22748514eeac27a00a220a10cde2135f9c9e16cc44b9e453d1b17e1e1cf
v8_ignition,string-tagcloud,15,1,44529800,44529800.0,CHECKSUM=315241,,0,True,2a98c22748514eeac27a00a220a10cde2135f9c9e16cc44b9e453d1b17e1e1cf
v8_ignition,access-fannkuch,16,1,70003400,70003400.0,CHECKSUM=22,,0,True,08eb023212740c0bbecdf88720a9a27e5a5aac1ee855980c49106b7c6387339f
quickjs,access-fannkuch,16,1,44336100,44336100.0,CHECKSUM=22,,0,True,08eb023212740c0bbecdf88720a9a27e5a5aac1ee855980c49106b7c6387339f
v8_ignition,3d-morph,16,1,54849600,54849600.0,CHECKSUM=0,,0,True,410d94cc7264e0cf2b5e6424467cd9fd16926f46b992fcb46610f2388160bf50
quickjs,3d-morph,16,1,31090500,31090500.0,CHECKSUM=0,,0,True,410d94cc7264e0cf2b5e6424467cd9fd16926f46b992fcb46610f2388160bf50
v8_ignition,string-base64,16,1,38737500,38737500.0,CHECKSUM=32768,,0,True,ccd906f060f67dd6ef06144222ded2fd08c556d51705e849a67fe07850d0b338
quickjs,string-base64,16,1,30864000,30864000.0,CHECKSUM=32768,,0,True,ccd906f060f67dd6ef06144222ded2fd08c556d51705e849a67fe07850d0b338
v8_ignition,math-partial-sums,16,1,48307700,48307700.0,CHECKSUM=60.08994194659945,,0,True,e62b49f948574a4023e7faed74c3a3eb98afd12564b07f4ad9da8a3a45124ede
quickjs,math-partial-sums,16,1,26179100,26179100.0,CHECKSUM=60.08994194659945,,0,True,e62b49f948574a4023e7faed74c3a3eb98afd12564b07f4ad9da8a3a45124ede
v8_ignition,string-fasta,16,1,43331100,43331100.0,CHECKSUM=1456000,,0,True,2964af65925747170a57b89b5098f715f862e85d460c52664eec569ce0eb9bd5
quickjs,string-fasta,16,1,35573200,35573200.0,CHECKSUM=1456000,,0,True,2964af65925747170a57b89b5098f715f862e85d460c52664eec569ce0eb9bd5
v8_ignition,math-spectral-norm,16,1,42986600,42986600.0,CHECKSUM=5.086694231303284,,0,True,2f0e90e3fd291e224ef3513ccdebb32a96dd94fa21fc75d142a857208641d8c6
quickjs,math-spectral-norm,16,1,17123100,17123100.0,CHECKSUM=5.086694231303284,,0,True,2f0e90e3fd291e224ef3513ccdebb32a96dd94fa21fc75d142a857208641d8c6
v8_ignition,crypto-aes,16,1,51609700,51609700.0,CHECKSUM=1343,,0,True,d71dac9b610831b62b5e492715f60ca8d90002726d2f64feaa226796c5817fca
quickjs,crypto-aes,16,1,23703200,23703200.0,CHECKSUM=1343,,0,True,d71dac9b610831b62b5e492715f60ca8d90002726d2f64feaa226796c5817fca
v8_ignition,access-binary-trees,16,1,39158400,39158400.0,CHECKSUM=-4,,0,True,214d150194967dc8deab31375341ec05b469d81e07cb32d7f4f925a2bdaed33f
quickjs,access-binary-trees,16,1,20409900,20409900.0,CHECKSUM=-4,,0,True,214d150194967dc8deab31375341ec05b469d81e07cb32d7f4f925a2bdaed33f
v8_ignition,string-tagcloud,16,1,45168100,45168100.0,CHECKSUM=315241,,0,True,2a98c22748514eeac27a00a220a10cde2135f9c9e16cc44b9e453d1b17e1e1cf
quickjs,string-tagcloud,16,1,37616000,37616000.0,CHECKSUM=315241,,0,True,2a98c22748514eeac27a00a220a10cde2135f9c9e16cc44b9e453d1b17e1e1cf
v8_ignition,regexp-dna,16,1,39831400,39831400.0,CHECKSUM=249:300056,,0,True,b5c7609f15d1bdadfb7ccebb86a138de2604980446964559cccccda2dbfbe053
quickjs,regexp-dna,16,1,98231800,98231800.0,CHECKSUM=249:300056,,0,True,b5c7609f15d1bdadfb7ccebb86a138de2604980446964559cccccda2dbfbe053
v8_ignition,controlflow-recursive,16,1,40116200,40116200.0,CHECKSUM=57775,,0,True,91faf2d89e3d0a20986fa88d26cdb1f26ac80defde879935b00a40114b08a5dd
quickjs,controlflow-recursive,16,1,17110100,17110100.0,CHECKSUM=57775,,0,True,91faf2d89e3d0a20986fa88d26cdb1f26ac80defde879935b00a40114b08a5dd
v8_ignition,bitops-nsieve-bits,16,1,57940400,57940400.0,CHECKSUM=-1286749544853,,0,True,0cf96c3f7fafb462e82ae4a79fb6943a8ebf8b9f938200af646ee960d106da93
quickjs,bitops-nsieve-bits,16,1,21465100,21465100.0,CHECKSUM=-1286749544853,,0,True,0cf96c3f7fafb462e82ae4a79fb6943a8ebf8b9f938200af646ee960d106da93
v8_ignition,string-unpack-code,16,1,48032800,48032800.0,CHECKSUM=511508,,0,True,bbd5eeae028b78305486482b81e5024645977cdbb0ed03185b92404217019e0c
quickjs,string-unpack-code,16,1,73033800,73033800.0,CHECKSUM=511508,,0,True,bbd5eeae028b78305486482b81e5024645977cdbb0ed03185b92404217019e0c
v8_ignition,date-format-xparb,16,1,43675000,43675000.0,"CHECKSUM=2017-09-05|Tuesday, September 05, 2017 7:43:48 AM|1504652895000",,0,True,ea5c1e2186ba44743d75d49b09dee763fe33c73e6e2f3466813485d86a6d8d7b
quickjs,date-format-xparb,16,1,30740700,30740700.0,"CHECKSUM=2017-09-05|Tuesday, September 05, 2017 7:43:48 AM|1504652895000",,0,True,ea5c1e2186ba44743d75d49b09dee763fe33c73e6e2f3466813485d86a6d8d7b
v8_ignition,crypto-md5,16,1,42675900,42675900.0,CHECKSUM=a831e91e0f70eddcb70dc61c6f82f6cd,,0,True,ac5362e324b5fac77d2a517d2e67c6a2e7b2fdc19977dfd72dcd93a61eb66eab
quickjs,crypto-md5,16,1,15941900,15941900.0,CHECKSUM=a831e91e0f70eddcb70dc61c6f82f6cd,,0,True,ac5362e324b5fac77d2a517d2e67c6a2e7b2fdc19977dfd72dcd93a61eb66eab
v8_ignition,string-validate-input,16,1,42641400,42641400.0,CHECKSUM=462000,,0,True,a91e85f87af92025f8dcb0f7045f42bca283920b9b7b535a1d213785aaba253c
quickjs,string-validate-input,16,1,23232300,23232300.0,CHECKSUM=462000,,0,True,a91e85f87af92025f8dcb0f7045f42bca283920b9b7b535a1d213785aaba253c
v8_ignition,crypto-sha1,16,1,44409600,44409600.0,CHECKSUM=2524d264def74cce2498bf112bedf00e6c0b796d,,0,True,6658dd0c90ffb7e284f57cd61f2d737b5e8fd2d25bd68390edfec73d2c5d6cfe
quickjs,crypto-sha1,16,1,15258200,15258200.0,CHECKSUM=2524d264def74cce2498bf112bedf00e6c0b796d,,0,True,6658dd0c90ffb7e284f57cd61f2d737b5e8fd2d25bd68390edfec73d2c5d6cfe
v8_ignition,bitops-bits-in-byte,16,1,53194400,53194400.0,CHECKSUM=358400,,0,True,97bccc62a3c6d6827e35180623b20a9f47a06e311fd0e33e41108c6b01e77f74
quickjs,bitops-bits-in-byte,16,1,28676200,28676200.0,CHECKSUM=358400,,0,True,97bccc62a3c6d6827e35180623b20a9f47a06e311fd0e33e41108c6b01e77f74
v8_ignition,bitops-3bit-bits-in-byte,16,1,42517400,42517400.0,CHECKSUM=512000,,0,True,144f9d2e008e0b150c62e05d8cca6b3445ac57a94015f8dc3f55a33f6b20842b
quickjs,bitops-3bit-bits-in-byte,16,1,17728700,17728700.0,CHECKSUM=512000,,0,True,144f9d2e008e0b150c62e05d8cca6b3445ac57a94015f8dc3f55a33f6b20842b
v8_ignition,access-nsieve,16,1,43837200,43837200.0,CHECKSUM=14302,,0,True,97beeae25f000861dc8bea33cc77b72a0a8e699e00f227f6f904d290be088b8a
quickjs,access-nsieve,16,1,32151900,32151900.0,CHECKSUM=14302,,0,True,97beeae25f000861dc8bea33cc77b72a0a8e699e00f227f6f904d290be088b8a
v8_ignition,math-cordic,16,1,53542600,53542600.0,CHECKSUM=10362.570468755888,,0,True,b1e3635616ba731cd23fdbce58c1a07699fe9cc9d3221b4544a15b83dddda66d
quickjs,math-cordic,16,1,30684900,30684900.0,CHECKSUM=10362.570468755888,,0,True,b1e3635616ba731cd23fdbce58c1a07699fe9cc9d3221b4544a15b83dddda66d
v8_ignition,bitops-bitwise-and,16,1,42208900,42208900.0,CHECKSUM=0,,0,True,1cbfb22327a195d53284c9b68676b43e34b78f14a13a44d129296aede11390cf
quickjs,bitops-bitwise-and,16,1,15538400,15538400.0,CHECKSUM=0,,0,True,1cbfb22327a195d53284c9b68676b43e34b78f14a13a44d129296aede11390cf
v8_ignition,3d-raytrace,16,1,51884600,51884600.0,CHECKSUM=20970,,0,True,e03e3e0915bbd01f7dbd2df183a3c1133d029803c443ce85102cba3b1c7e7e85
quickjs,3d-raytrace,16,1,23732100,23732100.0,CHECKSUM=20969,,0,True,e03e3e0915bbd01f7dbd2df183a3c1133d029803c443ce85102cba3b1c7e7e85
v8_ignition,access-nbody,16,1,52657300,52657300.0,CHECKSUM=-1.3524862408537381,,0,True,e9c16c1670be0a25f85ee4e543598cf020943f40913872f1c409383282dd1371
quickjs,access-nbody,16,1,23326500,23326500.0,CHECKSUM=-1.3524862408537381,,0,True,e9c16c1670be0a25f85ee4e543598cf020943f40913872f1c409383282dd1371
v8_ignition,date-format-tofte,16,1,43177100,43177100.0,"CHECKSUM=2008-05-01|Thursday, May 01, 2008 5:31:22 PM|1209718549000",,0,True,daf9ace6c7441fbb4070a07334f94cfbf9e5719900dc12fe5ee4062bc3694a0a
quickjs,date-format-tofte,16,1,40412900,40412900.0,"CHECKSUM=2008-05-01|Thursday, May 01, 2008 5:31:22 PM|1209718549000",,0,True,daf9ace6c7441fbb4070a07334f94cfbf9e5719900dc12fe5ee4062bc3694a0a
v8_ignition,3d-cube,16,1,53456500,53456500.0,CHECKSUM=320,,0,True,482356effb1e142ec7f15afe43a8f09d02e95afb563d0b8ee8e990fb26232d73
quickjs,3d-cube,16,1,39527300,39527300.0,CHECKSUM=320,,0,True,482356effb1e142ec7f15afe43a8f09d02e95afb563d0b8ee8e990fb26232d73
quickjs,crypto-md5,17,1,15936800,15936800.0,CHECKSUM=a831e91e0f70eddcb70dc61c6f82f6cd,,0,True,ac5362e324b5fac77d2a517d2e67c6a2e7b2fdc19977dfd72dcd93a61eb66eab
v8_ignition,crypto-md5,17,1,42224200,42224200.0,CHECKSUM=a831e91e0f70eddcb70dc61c6f82f6cd,,0,True,ac5362e324b5fac77d2a517d2e67c6a2e7b2fdc19977dfd72dcd93a61eb66eab
quickjs,access-binary-trees,17,1,20707300,20707300.0,CHECKSUM=-4,,0,True,214d150194967dc8deab31375341ec05b469d81e07cb32d7f4f925a2bdaed33f
v8_ignition,access-binary-trees,17,1,37639900,37639900.0,CHECKSUM=-4,,0,True,214d150194967dc8deab31375341ec05b469d81e07cb32d7f4f925a2bdaed33f
quickjs,string-validate-input,17,1,22275400,22275400.0,CHECKSUM=462000,,0,True,a91e85f87af92025f8dcb0f7045f42bca283920b9b7b535a1d213785aaba253c
v8_ignition,string-validate-input,17,1,40840400,40840400.0,CHECKSUM=462000,,0,True,a91e85f87af92025f8dcb0f7045f42bca283920b9b7b535a1d213785aaba253c
quickjs,math-cordic,17,1,32384100,32384100.0,CHECKSUM=10362.570468755888,,0,True,b1e3635616ba731cd23fdbce58c1a07699fe9cc9d3221b4544a15b83dddda66d
v8_ignition,math-cordic,17,1,52762500,52762500.0,CHECKSUM=10362.570468755888,,0,True,b1e3635616ba731cd23fdbce58c1a07699fe9cc9d3221b4544a15b83dddda66d
quickjs,3d-morph,17,1,30813900,30813900.0,CHECKSUM=0,,0,True,410d94cc7264e0cf2b5e6424467cd9fd16926f46b992fcb46610f2388160bf50
v8_ignition,3d-morph,17,1,53869900,53869900.0,CHECKSUM=0,,0,True,410d94cc7264e0cf2b5e6424467cd9fd16926f46b992fcb46610f2388160bf50
quickjs,bitops-nsieve-bits,17,1,21223300,21223300.0,CHECKSUM=-1286749544853,,0,True,0cf96c3f7fafb462e82ae4a79fb6943a8ebf8b9f938200af646ee960d106da93
v8_ignition,bitops-nsieve-bits,17,1,57362700,57362700.0,CHECKSUM=-1286749544853,,0,True,0cf96c3f7fafb462e82ae4a79fb6943a8ebf8b9f938200af646ee960d106da93
quickjs,string-fasta,17,1,37716800,37716800.0,CHECKSUM=1456000,,0,True,2964af65925747170a57b89b5098f715f862e85d460c52664eec569ce0eb9bd5
v8_ignition,string-fasta,17,1,46283800,46283800.0,CHECKSUM=1456000,,0,True,2964af65925747170a57b89b5098f715f862e85d460c52664eec569ce0eb9bd5
quickjs,3d-cube,17,1,40782100,40782100.0,CHECKSUM=320,,0,True,482356effb1e142ec7f15afe43a8f09d02e95afb563d0b8ee8e990fb26232d73
v8_ignition,3d-cube,17,1,58530400,58530400.0,CHECKSUM=320,,0,True,482356effb1e142ec7f15afe43a8f09d02e95afb563d0b8ee8e990fb26232d73
quickjs,crypto-aes,17,1,27785000,27785000.0,CHECKSUM=1343,,0,True,d71dac9b610831b62b5e492715f60ca8d90002726d2f64feaa226796c5817fca
v8_ignition,crypto-aes,17,1,53760300,53760300.0,CHECKSUM=1343,,0,True,d71dac9b610831b62b5e492715f60ca8d90002726d2f64feaa226796c5817fca
quickjs,string-base64,17,1,31779600,31779600.0,CHECKSUM=32768,,0,True,ccd906f060f67dd6ef06144222ded2fd08c556d51705e849a67fe07850d0b338
v8_ignition,string-base64,17,1,42496800,42496800.0,CHECKSUM=32768,,0,True,ccd906f060f67dd6ef06144222ded2fd08c556d51705e849a67fe07850d0b338
quickjs,math-spectral-norm,17,1,17304200,17304200.0,CHECKSUM=5.086694231303284,,0,True,2f0e90e3fd291e224ef3513ccdebb32a96dd94fa21fc75d142a857208641d8c6
v8_ignition,math-spectral-norm,17,1,43304700,43304700.0,CHECKSUM=5.086694231303284,,0,True,2f0e90e3fd291e224ef3513ccdebb32a96dd94fa21fc75d142a857208641d8c6
quickjs,bitops-bits-in-byte,17,1,27909700,27909700.0,CHECKSUM=358400,,0,True,97bccc62a3c6d6827e35180623b20a9f47a06e311fd0e33e41108c6b01e77f74
v8_ignition,bitops-bits-in-byte,17,1,55108600,55108600.0,CHECKSUM=358400,,0,True,97bccc62a3c6d6827e35180623b20a9f47a06e311fd0e33e41108c6b01e77f74
quickjs,access-fannkuch,17,1,42354300,42354300.0,CHECKSUM=22,,0,True,08eb023212740c0bbecdf88720a9a27e5a5aac1ee855980c49106b7c6387339f
v8_ignition,access-fannkuch,17,1,68998300,68998300.0,CHECKSUM=22,,0,True,08eb023212740c0bbecdf88720a9a27e5a5aac1ee855980c49106b7c6387339f
quickjs,3d-raytrace,17,1,24702200,24702200.0,CHECKSUM=20969,,0,True,e03e3e0915bbd01f7dbd2df183a3c1133d029803c443ce85102cba3b1c7e7e85
v8_ignition,3d-raytrace,17,1,50641800,50641800.0,CHECKSUM=20970,,0,True,e03e3e0915bbd01f7dbd2df183a3c1133d029803c443ce85102cba3b1c7e7e85
quickjs,string-unpack-code,17,1,69395000,69395000.0,CHECKSUM=511508,,0,True,bbd5eeae028b78305486482b81e5024645977cdbb0ed03185b92404217019e0c
v8_ignition,string-unpack-code,17,1,46683400,46683400.0,CHECKSUM=511508,,0,True,bbd5eeae028b78305486482b81e5024645977cdbb0ed03185b92404217019e0c
quickjs,math-partial-sums,17,1,25776000,25776000.0,CHECKSUM=60.08994194659945,,0,True,e62b49f948574a4023e7faed74c3a3eb98afd12564b07f4ad9da8a3a45124ede
v8_ignition,math-partial-sums,17,1,46018700,46018700.0,CHECKSUM=60.08994194659945,,0,True,e62b49f948574a4023e7faed74c3a3eb98afd12564b07f4ad9da8a3a45124ede
quickjs,bitops-3bit-bits-in-byte,17,1,16925500,16925500.0,CHECKSUM=512000,,0,True,144f9d2e008e0b150c62e05d8cca6b3445ac57a94015f8dc3f55a33f6b20842b
v8_ignition,bitops-3bit-bits-in-byte,17,1,41129000,41129000.0,CHECKSUM=512000,,0,True,144f9d2e008e0b150c62e05d8cca6b3445ac57a94015f8dc3f55a33f6b20842b
quickjs,access-nbody,17,1,24025000,24025000.0,CHECKSUM=-1.3524862408537381,,0,True,e9c16c1670be0a25f85ee4e543598cf020943f40913872f1c409383282dd1371
v8_ignition,access-nbody,17,1,51608200,51608200.0,CHECKSUM=-1.3524862408537381,,0,True,e9c16c1670be0a25f85ee4e543598cf020943f40913872f1c409383282dd1371
quickjs,regexp-dna,17,1,92108200,92108200.0,CHECKSUM=249:300056,,0,True,b5c7609f15d1bdadfb7ccebb86a138de2604980446964559cccccda2dbfbe053
v8_ignition,regexp-dna,17,1,38588100,38588100.0,CHECKSUM=249:300056,,0,True,b5c7609f15d1bdadfb7ccebb86a138de2604980446964559cccccda2dbfbe053
quickjs,controlflow-recursive,17,1,16990000,16990000.0,CHECKSUM=57775,,0,True,91faf2d89e3d0a20986fa88d26cdb1f26ac80defde879935b00a40114b08a5dd
v8_ignition,controlflow-recursive,17,1,39698900,39698900.0,CHECKSUM=57775,,0,True,91faf2d89e3d0a20986fa88d26cdb1f26ac80defde879935b00a40114b08a5dd
quickjs,date-format-xparb,17,1,29798700,29798700.0,"CHECKSUM=2017-09-05|Tuesday, September 05, 2017 7:43:48 AM|1504652895000",,0,True,ea5c1e2186ba44743d75d49b09dee763fe33c73e6e2f3466813485d86a6d8d7b
v8_ignition,date-format-xparb,17,1,39762000,39762000.0,"CHECKSUM=2017-09-05|Tuesday, September 05, 2017 7:43:48 AM|1504652895000",,0,True,ea5c1e2186ba44743d75d49b09dee763fe33c73e6e2f3466813485d86a6d8d7b
quickjs,bitops-bitwise-and,17,1,15572000,15572000.0,CHECKSUM=0,,0,True,1cbfb22327a195d53284c9b68676b43e34b78f14a13a44d129296aede11390cf
v8_ignition,bitops-bitwise-and,17,1,41773300,41773300.0,CHECKSUM=0,,0,True,1cbfb22327a195d53284c9b68676b43e34b78f14a13a44d129296aede11390cf
quickjs,crypto-sha1,17,1,15639000,15639000.0,CHECKSUM=2524d264def74cce2498bf112bedf00e6c0b796d,,0,True,6658dd0c90ffb7e284f57cd61f2d737b5e8fd2d25bd68390edfec73d2c5d6cfe
v8_ignition,crypto-sha1,17,1,42905500,42905500.0,CHECKSUM=2524d264def74cce2498bf112bedf00e6c0b796d,,0,True,6658dd0c90ffb7e284f57cd61f2d737b5e8fd2d25bd68390edfec73d2c5d6cfe
quickjs,date-format-tofte,17,1,40571000,40571000.0,"CHECKSUM=2008-05-01|Thursday, May 01, 2008 5:31:22 PM|1209718549000",,0,True,daf9ace6c7441fbb4070a07334f94cfbf9e5719900dc12fe5ee4062bc3694a0a
v8_ignition,date-format-tofte,17,1,45332300,45332300.0,"CHECKSUM=2008-05-01|Thursday, May 01, 2008 5:31:22 PM|1209718549000",,0,True,daf9ace6c7441fbb4070a07334f94cfbf9e5719900dc12fe5ee4062bc3694a0a
quickjs,string-tagcloud,17,1,37153300,37153300.0,CHECKSUM=315241,,0,True,2a98c22748514eeac27a00a220a10cde2135f9c9e16cc44b9e453d1b17e1e1cf
v8_ignition,string-tagcloud,17,1,44306200,44306200.0,CHECKSUM=315241,,0,True,2a98c22748514eeac27a00a220a10cde2135f9c9e16cc44b9e453d1b17e1e1cf
quickjs,access-nsieve,17,1,32672800,32672800.0,CHECKSUM=14302,,0,True,97beeae25f000861dc8bea33cc77b72a0a8e699e00f227f6f904d290be088b8a
v8_ignition,access-nsieve,17,1,43011300,43011300.0,CHECKSUM=14302,,0,True,97beeae25f000861dc8bea33cc77b72a0a8e699e00f227f6f904d290be088b8a
v8_ignition,controlflow-recursive,18,1,143603300,143603300.0,CHECKSUM=57775,,0,True,91faf2d89e3d0a20986fa88d26cdb1f26ac80defde879935b00a40114b08a5dd
quickjs,controlflow-recursive,18,1,16539600,16539600.0,CHECKSUM=57775,,0,True,91faf2d89e3d0a20986fa88d26cdb1f26ac80defde879935b00a40114b08a5dd
v8_ignition,access-nsieve,18,1,43516900,43516900.0,CHECKSUM=14302,,0,True,97beeae25f000861dc8bea33cc77b72a0a8e699e00f227f6f904d290be088b8a
quickjs,access-nsieve,18,1,32250200,32250200.0,CHECKSUM=14302,,0,True,97beeae25f000861dc8bea33cc77b72a0a8e699e00f227f6f904d290be088b8a
v8_ignition,bitops-3bit-bits-in-byte,18,1,38746700,38746700.0,CHECKSUM=512000,,0,True,144f9d2e008e0b150c62e05d8cca6b3445ac57a94015f8dc3f55a33f6b20842b
quickjs,bitops-3bit-bits-in-byte,18,1,17280300,17280300.0,CHECKSUM=512000,,0,True,144f9d2e008e0b150c62e05d8cca6b3445ac57a94015f8dc3f55a33f6b20842b
v8_ignition,math-spectral-norm,18,1,45446800,45446800.0,CHECKSUM=5.086694231303284,,0,True,2f0e90e3fd291e224ef3513ccdebb32a96dd94fa21fc75d142a857208641d8c6
quickjs,math-spectral-norm,18,1,17598700,17598700.0,CHECKSUM=5.086694231303284,,0,True,2f0e90e3fd291e224ef3513ccdebb32a96dd94fa21fc75d142a857208641d8c6
v8_ignition,crypto-sha1,18,1,43350900,43350900.0,CHECKSUM=2524d264def74cce2498bf112bedf00e6c0b796d,,0,True,6658dd0c90ffb7e284f57cd61f2d737b5e8fd2d25bd68390edfec73d2c5d6cfe
quickjs,crypto-sha1,18,1,15401400,15401400.0,CHECKSUM=2524d264def74cce2498bf112bedf00e6c0b796d,,0,True,6658dd0c90ffb7e284f57cd61f2d737b5e8fd2d25bd68390edfec73d2c5d6cfe
v8_ignition,string-tagcloud,18,1,46356100,46356100.0,CHECKSUM=315241,,0,True,2a98c22748514eeac27a00a220a10cde2135f9c9e16cc44b9e453d1b17e1e1cf
quickjs,string-tagcloud,18,1,37583000,37583000.0,CHECKSUM=315241,,0,True,2a98c22748514eeac27a00a220a10cde2135f9c9e16cc44b9e453d1b17e1e1cf
v8_ignition,access-binary-trees,18,1,38334900,38334900.0,CHECKSUM=-4,,0,True,214d150194967dc8deab31375341ec05b469d81e07cb32d7f4f925a2bdaed33f
quickjs,access-binary-trees,18,1,21301200,21301200.0,CHECKSUM=-4,,0,True,214d150194967dc8deab31375341ec05b469d81e07cb32d7f4f925a2bdaed33f
v8_ignition,regexp-dna,18,1,40340200,40340200.0,CHECKSUM=249:300056,,0,True,b5c7609f15d1bdadfb7ccebb86a138de2604980446964559cccccda2dbfbe053
quickjs,regexp-dna,18,1,91485000,91485000.0,CHECKSUM=249:300056,,0,True,b5c7609f15d1bdadfb7ccebb86a138de2604980446964559cccccda2dbfbe053
v8_ignition,bitops-nsieve-bits,18,1,57151300,57151300.0,CHECKSUM=-1286749544853,,0,True,0cf96c3f7fafb462e82ae4a79fb6943a8ebf8b9f938200af646ee960d106da93
quickjs,bitops-nsieve-bits,18,1,21500200,21500200.0,CHECKSUM=-1286749544853,,0,True,0cf96c3f7fafb462e82ae4a79fb6943a8ebf8b9f938200af646ee960d106da93
v8_ignition,access-nbody,18,1,51033500,51033500.0,CHECKSUM=-1.3524862408537381,,0,True,e9c16c1670be0a25f85ee4e543598cf020943f40913872f1c409383282dd1371
quickjs,access-nbody,18,1,23715000,23715000.0,CHECKSUM=-1.3524862408537381,,0,True,e9c16c1670be0a25f85ee4e543598cf020943f40913872f1c409383282dd1371
v8_ignition,string-unpack-code,18,1,45425500,45425500.0,CHECKSUM=511508,,0,True,bbd5eeae028b78305486482b81e5024645977cdbb0ed03185b92404217019e0c
quickjs,string-unpack-code,18,1,69277600,69277600.0,CHECKSUM=511508,,0,True,bbd5eeae028b78305486482b81e5024645977cdbb0ed03185b92404217019e0c
v8_ignition,date-format-tofte,18,1,44113200,44113200.0,"CHECKSUM=2008-05-01|Thursday, May 01, 2008 5:31:22 PM|1209718549000",,0,True,daf9ace6c7441fbb4070a07334f94cfbf9e5719900dc12fe5ee4062bc3694a0a
quickjs,date-format-tofte,18,1,40951300,40951300.0,"CHECKSUM=2008-05-01|Thursday, May 01, 2008 5:31:22 PM|1209718549000",,0,True,daf9ace6c7441fbb4070a07334f94cfbf9e5719900dc12fe5ee4062bc3694a0a
v8_ignition,math-cordic,18,1,52525100,52525100.0,CHECKSUM=10362.570468755888,,0,True,b1e3635616ba731cd23fdbce58c1a07699fe9cc9d3221b4544a15b83dddda66d
quickjs,math-cordic,18,1,30371800,30371800.0,CHECKSUM=10362.570468755888,,0,True,b1e3635616ba731cd23fdbce58c1a07699fe9cc9d3221b4544a15b83dddda66d
v8_ignition,bitops-bits-in-byte,18,1,51579800,51579800.0,CHECKSUM=358400,,0,True,97bccc62a3c6d6827e35180623b20a9f47a06e311fd0e33e41108c6b01e77f74
quickjs,bitops-bits-in-byte,18,1,26956200,26956200.0,CHECKSUM=358400,,0,True,97bccc62a3c6d6827e35180623b20a9f47a06e311fd0e33e41108c6b01e77f74
v8_ignition,date-format-xparb,18,1,39655000,39655000.0,"CHECKSUM=2017-09-05|Tuesday, September 05, 2017 7:43:48 AM|1504652895000",,0,True,ea5c1e2186ba44743d75d49b09dee763fe33c73e6e2f3466813485d86a6d8d7b
quickjs,date-format-xparb,18,1,29740600,29740600.0,"CHECKSUM=2017-09-05|Tuesday, September 05, 2017 7:43:48 AM|1504652895000",,0,True,ea5c1e2186ba44743d75d49b09dee763fe33c73e6e2f3466813485d86a6d8d7b
v8_ignition,math-partial-sums,18,1,46580000,46580000.0,CHECKSUM=60.08994194659945,,0,True,e62b49f948574a4023e7faed74c3a3eb98afd12564b07f4ad9da8a3a45124ede
quickjs,math-partial-sums,18,1,25831100,25831100.0,CHECKSUM=60.08994194659945,,0,True,e62b49f948574a4023e7faed74c3a3eb98afd12564b07f4ad9da8a3a45124ede
v8_ignition,3d-raytrace,18,1,51757500,51757500.0,CHECKSUM=20970,,0,True,e03e3e0915bbd01f7dbd2df183a3c1133d029803c443ce85102cba3b1c7e7e85
quickjs,3d-raytrace,18,1,24059900,24059900.0,CHECKSUM=20969,,0,True,e03e3e0915bbd01f7dbd2df183a3c1133d029803c443ce85102cba3b1c7e7e85
v8_ignition,string-validate-input,18,1,41946600,41946600.0,CHECKSUM=462000,,0,True,a91e85f87af92025f8dcb0f7045f42bca283920b9b7b535a1d213785aaba253c
quickjs,string-validate-input,18,1,22049400,22049400.0,CHECKSUM=462000,,0,True,a91e85f87af92025f8dcb0f7045f42bca283920b9b7b535a1d213785aaba253c
v8_ignition,string-fasta,18,1,44026500,44026500.0,CHECKSUM=1456000,,0,True,2964af65925747170a57b89b5098f715f862e85d460c52664eec569ce0eb9bd5
quickjs,string-fasta,18,1,38030400,38030400.0,CHECKSUM=1456000,,0,True,2964af65925747170a57b89b5098f715f862e85d460c52664eec569ce0eb9bd5
v8_ignition,bitops-bitwise-and,18,1,43361700,43361700.0,CHECKSUM=0,,0,True,1cbfb22327a195d53284c9b68676b43e34b78f14a13a44d129296aede11390cf
quickjs,bitops-bitwise-and,18,1,15344300,15344300.0,CHECKSUM=0,,0,True,1cbfb22327a195d53284c9b68676b43e34b78f14a13a44d129296aede11390cf
v8_ignition,string-base64,18,1,40346300,40346300.0,CHECKSUM=32768,,0,True,ccd906f060f67dd6ef06144222ded2fd08c556d51705e849a67fe07850d0b338
quickjs,string-base64,18,1,30757300,30757300.0,CHECKSUM=32768,,0,True,ccd906f060f67dd6ef06144222ded2fd08c556d51705e849a67fe07850d0b338
v8_ignition,crypto-md5,18,1,42920800,42920800.0,CHECKSUM=a831e91e0f70eddcb70dc61c6f82f6cd,,0,True,ac5362e324b5fac77d2a517d2e67c6a2e7b2fdc19977dfd72dcd93a61eb66eab
quickjs,crypto-md5,18,1,15626900,15626900.0,CHECKSUM=a831e91e0f70eddcb70dc61c6f82f6cd,,0,True,ac5362e324b5fac77d2a517d2e67c6a2e7b2fdc19977dfd72dcd93a61eb66eab
v8_ignition,access-fannkuch,18,1,67970900,67970900.0,CHECKSUM=22,,0,True,08eb023212740c0bbecdf88720a9a27e5a5aac1ee855980c49106b7c6387339f
quickjs,access-fannkuch,18,1,43602500,43602500.0,CHECKSUM=22,,0,True,08eb023212740c0bbecdf88720a9a27e5a5aac1ee855980c49106b7c6387339f
v8_ignition,3d-morph,18,1,55038500,55038500.0,CHECKSUM=0,,0,True,410d94cc7264e0cf2b5e6424467cd9fd16926f46b992fcb46610f2388160bf50
quickjs,3d-morph,18,1,31198300,31198300.0,CHECKSUM=0,,0,True,410d94cc7264e0cf2b5e6424467cd9fd16926f46b992fcb46610f2388160bf50
v8_ignition,3d-cube,18,1,56052300,56052300.0,CHECKSUM=320,,0,True,482356effb1e142ec7f15afe43a8f09d02e95afb563d0b8ee8e990fb26232d73
quickjs,3d-cube,18,1,39947500,39947500.0,CHECKSUM=320,,0,True,482356effb1e142ec7f15afe43a8f09d02e95afb563d0b8ee8e990fb26232d73
v8_ignition,crypto-aes,18,1,49906900,49906900.0,CHECKSUM=1343,,0,True,d71dac9b610831b62b5e492715f60ca8d90002726d2f64feaa226796c5817fca
quickjs,crypto-aes,18,1,23830200,23830200.0,CHECKSUM=1343,,0,True,d71dac9b610831b62b5e492715f60ca8d90002726d2f64feaa226796c5817fca
quickjs,access-fannkuch,19,1,43622900,43622900.0,CHECKSUM=22,,0,True,08eb023212740c0bbecdf88720a9a27e5a5aac1ee855980c49106b7c6387339f
v8_ignition,access-fannkuch,19,1,68452700,68452700.0,CHECKSUM=22,,0,True,08eb023212740c0bbecdf88720a9a27e5a5aac1ee855980c49106b7c6387339f
quickjs,math-cordic,19,1,29904400,29904400.0,CHECKSUM=10362.570468755888,,0,True,b1e3635616ba731cd23fdbce58c1a07699fe9cc9d3221b4544a15b83dddda66d
v8_ignition,math-cordic,19,1,51453900,51453900.0,CHECKSUM=10362.570468755888,,0,True,b1e3635616ba731cd23fdbce58c1a07699fe9cc9d3221b4544a15b83dddda66d
quickjs,bitops-nsieve-bits,19,1,21546800,21546800.0,CHECKSUM=-1286749544853,,0,True,0cf96c3f7fafb462e82ae4a79fb6943a8ebf8b9f938200af646ee960d106da93
v8_ignition,bitops-nsieve-bits,19,1,54486400,54486400.0,CHECKSUM=-1286749544853,,0,True,0cf96c3f7fafb462e82ae4a79fb6943a8ebf8b9f938200af646ee960d106da93
quickjs,math-partial-sums,19,1,26116600,26116600.0,CHECKSUM=60.08994194659945,,0,True,e62b49f948574a4023e7faed74c3a3eb98afd12564b07f4ad9da8a3a45124ede
v8_ignition,math-partial-sums,19,1,45641200,45641200.0,CHECKSUM=60.08994194659945,,0,True,e62b49f948574a4023e7faed74c3a3eb98afd12564b07f4ad9da8a3a45124ede
quickjs,3d-cube,19,1,39526600,39526600.0,CHECKSUM=320,,0,True,482356effb1e142ec7f15afe43a8f09d02e95afb563d0b8ee8e990fb26232d73
v8_ignition,3d-cube,19,1,54843800,54843800.0,CHECKSUM=320,,0,True,482356effb1e142ec7f15afe43a8f09d02e95afb563d0b8ee8e990fb26232d73
quickjs,string-validate-input,19,1,21878200,21878200.0,CHECKSUM=462000,,0,True,a91e85f87af92025f8dcb0f7045f42bca283920b9b7b535a1d213785aaba253c
v8_ignition,string-validate-input,19,1,41116600,41116600.0,CHECKSUM=462000,,0,True,a91e85f87af92025f8dcb0f7045f42bca283920b9b7b535a1d213785aaba253c
quickjs,math-spectral-norm,19,1,16723700,16723700.0,CHECKSUM=5.086694231303284,,0,True,2f0e90e3fd291e224ef3513ccdebb32a96dd94fa21fc75d142a857208641d8c6
v8_ignition,math-spectral-norm,19,1,41503500,41503500.0,CHECKSUM=5.086694231303284,,0,True,2f0e90e3fd291e224ef3513ccdebb32a96dd94fa21fc75d142a857208641d8c6
quickjs,bitops-bits-in-byte,19,1,27767300,27767300.0,CHECKSUM=358400,,0,True,97bccc62a3c6d6827e35180623b20a9f47a06e311fd0e33e41108c6b01e77f74
v8_ignition,bitops-bits-in-byte,19,1,53114900,53114900.0,CHECKSUM=358400,,0,True,97bccc62a3c6d6827e35180623b20a9f47a06e311fd0e33e41108c6b01e77f74
quickjs,string-unpack-code,19,1,68403200,68403200.0,CHECKSUM=511508,,0,True,bbd5eeae028b78305486482b81e5024645977cdbb0ed03185b92404217019e0c
v8_ignition,string-unpack-code,19,1,45365300,45365300.0,CHECKSUM=511508,,0,True,bbd5eeae028b78305486482b81e5024645977cdbb0ed03185b92404217019e0c
quickjs,access-nbody,19,1,23365700,23365700.0,CHECKSUM=-1.3524862408537381,,0,True,e9c16c1670be0a25f85ee4e543598cf020943f40913872f1c409383282dd1371
v8_ignition,access-nbody,19,1,50581900,50581900.0,CHECKSUM=-1.3524862408537381,,0,True,e9c16c1670be0a25f85ee4e543598cf020943f40913872f1c409383282dd1371
quickjs,regexp-dna,19,1,92216900,92216900.0,CHECKSUM=249:300056,,0,True,b5c7609f15d1bdadfb7ccebb86a138de2604980446964559cccccda2dbfbe053
v8_ignition,regexp-dna,19,1,39008100,39008100.0,CHECKSUM=249:300056,,0,True,b5c7609f15d1bdadfb7ccebb86a138de2604980446964559cccccda2dbfbe053
quickjs,crypto-sha1,19,1,15545000,15545000.0,CHECKSUM=2524d264def74cce2498bf112bedf00e6c0b796d,,0,True,6658dd0c90ffb7e284f57cd61f2d737b5e8fd2d25bd68390edfec73d2c5d6cfe
v8_ignition,crypto-sha1,19,1,42128000,42128000.0,CHECKSUM=2524d264def74cce2498bf112bedf00e6c0b796d,,0,True,6658dd0c90ffb7e284f57cd61f2d737b5e8fd2d25bd68390edfec73d2c5d6cfe
quickjs,string-tagcloud,19,1,36591300,36591300.0,CHECKSUM=315241,,0,True,2a98c22748514eeac27a00a220a10cde2135f9c9e16cc44b9e453d1b17e1e1cf
v8_ignition,string-tagcloud,19,1,44491600,44491600.0,CHECKSUM=315241,,0,True,2a98c22748514eeac27a00a220a10cde2135f9c9e16cc44b9e453d1b17e1e1cf
quickjs,bitops-3bit-bits-in-byte,19,1,17129200,17129200.0,CHECKSUM=512000,,0,True,144f9d2e008e0b150c62e05d8cca6b3445ac57a94015f8dc3f55a33f6b20842b
v8_ignition,bitops-3bit-bits-in-byte,19,1,39282100,39282100.0,CHECKSUM=512000,,0,True,144f9d2e008e0b150c62e05d8cca6b3445ac57a94015f8dc3f55a33f6b20842b
quickjs,crypto-aes,19,1,23853000,23853000.0,CHECKSUM=1343,,0,True,d71dac9b610831b62b5e492715f60ca8d90002726d2f64feaa226796c5817fca
v8_ignition,crypto-aes,19,1,50052600,50052600.0,CHECKSUM=1343,,0,True,d71dac9b610831b62b5e492715f60ca8d90002726d2f64feaa226796c5817fca
quickjs,access-nsieve,19,1,32048100,32048100.0,CHECKSUM=14302,,0,True,97beeae25f000861dc8bea33cc77b72a0a8e699e00f227f6f904d290be088b8a
v8_ignition,access-nsieve,19,1,45058400,45058400.0,CHECKSUM=14302,,0,True,97beeae25f000861dc8bea33cc77b72a0a8e699e00f227f6f904d290be088b8a
quickjs,3d-raytrace,19,1,24441700,24441700.0,CHECKSUM=20969,,0,True,e03e3e0915bbd01f7dbd2df183a3c1133d029803c443ce85102cba3b1c7e7e85
v8_ignition,3d-raytrace,19,1,51695800,51695800.0,CHECKSUM=20970,,0,True,e03e3e0915bbd01f7dbd2df183a3c1133d029803c443ce85102cba3b1c7e7e85
quickjs,date-format-tofte,19,1,40372600,40372600.0,"CHECKSUM=2008-05-01|Thursday, May 01, 2008 5:31:22 PM|1209718549000",,0,True,daf9ace6c7441fbb4070a07334f94cfbf9e5719900dc12fe5ee4062bc3694a0a
v8_ignition,date-format-tofte,19,1,45190800,45190800.0,"CHECKSUM=2008-05-01|Thursday, May 01, 2008 5:31:22 PM|1209718549000",,0,True,daf9ace6c7441fbb4070a07334f94cfbf9e5719900dc12fe5ee4062bc3694a0a
quickjs,crypto-md5,19,1,15553300,15553300.0,CHECKSUM=a831e91e0f70eddcb70dc61c6f82f6cd,,0,True,ac5362e324b5fac77d2a517d2e67c6a2e7b2fdc19977dfd72dcd93a61eb66eab
v8_ignition,crypto-md5,19,1,40459000,40459000.0,CHECKSUM=a831e91e0f70eddcb70dc61c6f82f6cd,,0,True,ac5362e324b5fac77d2a517d2e67c6a2e7b2fdc19977dfd72dcd93a61eb66eab
quickjs,bitops-bitwise-and,19,1,14556500,14556500.0,CHECKSUM=0,,0,True,1cbfb22327a195d53284c9b68676b43e34b78f14a13a44d129296aede11390cf
v8_ignition,bitops-bitwise-and,19,1,41587000,41587000.0,CHECKSUM=0,,0,True,1cbfb22327a195d53284c9b68676b43e34b78f14a13a44d129296aede11390cf
quickjs,date-format-xparb,19,1,29072700,29072700.0,"CHECKSUM=2017-09-05|Tuesday, September 05, 2017 7:43:48 AM|1504652895000",,0,True,ea5c1e2186ba44743d75d49b09dee763fe33c73e6e2f3466813485d86a6d8d7b
v8_ignition,date-format-xparb,19,1,39739100,39739100.0,"CHECKSUM=2017-09-05|Tuesday, September 05, 2017 7:43:48 AM|1504652895000",,0,True,ea5c1e2186ba44743d75d49b09dee763fe33c73e6e2f3466813485d86a6d8d7b
quickjs,3d-morph,19,1,30982800,30982800.0,CHECKSUM=0,,0,True,410d94cc7264e0cf2b5e6424467cd9fd16926f46b992fcb46610f2388160bf50
v8_ignition,3d-morph,19,1,54508800,54508800.0,CHECKSUM=0,,0,True,410d94cc7264e0cf2b5e6424467cd9fd16926f46b992fcb46610f2388160bf50
quickjs,string-fasta,19,1,35614100,35614100.0,CHECKSUM=1456000,,0,True,2964af65925747170a57b89b5098f715f862e85d460c52664eec569ce0eb9bd5
v8_ignition,string-fasta,19,1,43256200,43256200.0,CHECKSUM=1456000,,0,True,2964af65925747170a57b89b5098f715f862e85d460c52664eec569ce0eb9bd5
quickjs,access-binary-trees,19,1,20076800,20076800.0,CHECKSUM=-4,,0,True,214d150194967dc8deab31375341ec05b469d81e07cb32d7f4f925a2bdaed33f
v8_ignition,access-binary-trees,19,1,39412500,39412500.0,CHECKSUM=-4,,0,True,214d150194967dc8deab31375341ec05b469d81e07cb32d7f4f925a2bdaed33f
quickjs,controlflow-recursive,19,1,16781900,16781900.0,CHECKSUM=57775,,0,True,91faf2d89e3d0a20986fa88d26cdb1f26ac80defde879935b00a40114b08a5dd
v8_ignition,controlflow-recursive,19,1,41887800,41887800.0,CHECKSUM=57775,,0,True,91faf2d89e3d0a20986fa88d26cdb1f26ac80defde879935b00a40114b08a5dd
quickjs,string-base64,19,1,30625200,30625200.0,CHECKSUM=32768,,0,True,ccd906f060f67dd6ef06144222ded2fd08c556d51705e849a67fe07850d0b338
v8_ignition,string-base64,19,1,39522800,39522800.0,CHECKSUM=32768,,0,True,ccd906f060f67dd6ef06144222ded2fd08c556d51705e849a67fe07850d0b338
v8_ignition,bitops-nsieve-bits,20,1,57271500,57271500.0,CHECKSUM=-1286749544853,,0,True,0cf96c3f7fafb462e82ae4a79fb6943a8ebf8b9f938200af646ee960d106da93
quickjs,bitops-nsieve-bits,20,1,21957400,21957400.0,CHECKSUM=-1286749544853,,0,True,0cf96c3f7fafb462e82ae4a79fb6943a8ebf8b9f938200af646ee960d106da93
v8_ignition,string-base64,20,1,39679200,39679200.0,CHECKSUM=32768,,0,True,ccd906f060f67dd6ef06144222ded2fd08c556d51705e849a67fe07850d0b338
quickjs,string-base64,20,1,31478500,31478500.0,CHECKSUM=32768,,0,True,ccd906f060f67dd6ef06144222ded2fd08c556d51705e849a67fe07850d0b338
v8_ignition,crypto-md5,20,1,41642800,41642800.0,CHECKSUM=a831e91e0f70eddcb70dc61c6f82f6cd,,0,True,ac5362e324b5fac77d2a517d2e67c6a2e7b2fdc19977dfd72dcd93a61eb66eab
quickjs,crypto-md5,20,1,15740800,15740800.0,CHECKSUM=a831e91e0f70eddcb70dc61c6f82f6cd,,0,True,ac5362e324b5fac77d2a517d2e67c6a2e7b2fdc19977dfd72dcd93a61eb66eab
v8_ignition,access-nbody,20,1,52659200,52659200.0,CHECKSUM=-1.3524862408537381,,0,True,e9c16c1670be0a25f85ee4e543598cf020943f40913872f1c409383282dd1371
quickjs,access-nbody,20,1,24352100,24352100.0,CHECKSUM=-1.3524862408537381,,0,True,e9c16c1670be0a25f85ee4e543598cf020943f40913872f1c409383282dd1371
v8_ignition,regexp-dna,20,1,40915700,40915700.0,CHECKSUM=249:300056,,0,True,b5c7609f15d1bdadfb7ccebb86a138de2604980446964559cccccda2dbfbe053
quickjs,regexp-dna,20,1,91276300,91276300.0,CHECKSUM=249:300056,,0,True,b5c7609f15d1bdadfb7ccebb86a138de2604980446964559cccccda2dbfbe053
v8_ignition,bitops-bits-in-byte,20,1,52131600,52131600.0,CHECKSUM=358400,,0,True,97bccc62a3c6d6827e35180623b20a9f47a06e311fd0e33e41108c6b01e77f74
quickjs,bitops-bits-in-byte,20,1,27320900,27320900.0,CHECKSUM=358400,,0,True,97bccc62a3c6d6827e35180623b20a9f47a06e311fd0e33e41108c6b01e77f74
v8_ignition,access-binary-trees,20,1,37994800,37994800.0,CHECKSUM=-4,,0,True,214d150194967dc8deab31375341ec05b469d81e07cb32d7f4f925a2bdaed33f
quickjs,access-binary-trees,20,1,20444400,20444400.0,CHECKSUM=-4,,0,True,214d150194967dc8deab31375341ec05b469d81e07cb32d7f4f925a2bdaed33f
v8_ignition,access-fannkuch,20,1,68142200,68142200.0,CHECKSUM=22,,0,True,08eb023212740c0bbecdf88720a9a27e5a5aac1ee855980c49106b7c6387339f
quickjs,access-fannkuch,20,1,44328300,44328300.0,CHECKSUM=22,,0,True,08eb023212740c0bbecdf88720a9a27e5a5aac1ee855980c49106b7c6387339f
v8_ignition,date-format-tofte,20,1,46217600,46217600.0,"CHECKSUM=2008-05-01|Thursday, May 01, 2008 5:31:22 PM|1209718549000",,0,True,daf9ace6c7441fbb4070a07334f94cfbf9e5719900dc12fe5ee4062bc3694a0a
quickjs,date-format-tofte,20,1,41474100,41474100.0,"CHECKSUM=2008-05-01|Thursday, May 01, 2008 5:31:22 PM|1209718549000",,0,True,daf9ace6c7441fbb4070a07334f94cfbf9e5719900dc12fe5ee4062bc3694a0a
v8_ignition,string-validate-input,20,1,41579000,41579000.0,CHECKSUM=462000,,0,True,a91e85f87af92025f8dcb0f7045f42bca283920b9b7b535a1d213785aaba253c
quickjs,string-validate-input,20,1,23030100,23030100.0,CHECKSUM=462000,,0,True,a91e85f87af92025f8dcb0f7045f42bca283920b9b7b535a1d213785aaba253c
v8_ignition,string-tagcloud,20,1,46426900,46426900.0,CHECKSUM=315241,,0,True,2a98c22748514eeac27a00a220a10cde2135f9c9e16cc44b9e453d1b17e1e1cf
quickjs,string-tagcloud,20,1,37972900,37972900.0,CHECKSUM=315241,,0,True,2a98c22748514eeac27a00a220a10cde2135f9c9e16cc44b9e453d1b17e1e1cf
v8_ignition,string-fasta,20,1,45160800,45160800.0,CHECKSUM=1456000,,0,True,2964af65925747170a57b89b5098f715f862e85d460c52664eec569ce0eb9bd5
quickjs,string-fasta,20,1,35150900,35150900.0,CHECKSUM=1456000,,0,True,2964af65925747170a57b89b5098f715f862e85d460c52664eec569ce0eb9bd5
v8_ignition,crypto-aes,20,1,50378800,50378800.0,CHECKSUM=1343,,0,True,d71dac9b610831b62b5e492715f60ca8d90002726d2f64feaa226796c5817fca
quickjs,crypto-aes,20,1,23496000,23496000.0,CHECKSUM=1343,,0,True,d71dac9b610831b62b5e492715f60ca8d90002726d2f64feaa226796c5817fca
v8_ignition,crypto-sha1,20,1,42277100,42277100.0,CHECKSUM=2524d264def74cce2498bf112bedf00e6c0b796d,,0,True,6658dd0c90ffb7e284f57cd61f2d737b5e8fd2d25bd68390edfec73d2c5d6cfe
quickjs,crypto-sha1,20,1,15528300,15528300.0,CHECKSUM=2524d264def74cce2498bf112bedf00e6c0b796d,,0,True,6658dd0c90ffb7e284f57cd61f2d737b5e8fd2d25bd68390edfec73d2c5d6cfe
v8_ignition,math-partial-sums,20,1,46586400,46586400.0,CHECKSUM=60.08994194659945,,0,True,e62b49f948574a4023e7faed74c3a3eb98afd12564b07f4ad9da8a3a45124ede
quickjs,math-partial-sums,20,1,25746000,25746000.0,CHECKSUM=60.08994194659945,,0,True,e62b49f948574a4023e7faed74c3a3eb98afd12564b07f4ad9da8a3a45124ede
v8_ignition,math-spectral-norm,20,1,41873800,41873800.0,CHECKSUM=5.086694231303284,,0,True,2f0e90e3fd291e224ef3513ccdebb32a96dd94fa21fc75d142a857208641d8c6
quickjs,math-spectral-norm,20,1,17183200,17183200.0,CHECKSUM=5.086694231303284,,0,True,2f0e90e3fd291e224ef3513ccdebb32a96dd94fa21fc75d142a857208641d8c6
v8_ignition,math-cordic,20,1,53517800,53517800.0,CHECKSUM=10362.570468755888,,0,True,b1e3635616ba731cd23fdbce58c1a07699fe9cc9d3221b4544a15b83dddda66d
quickjs,math-cordic,20,1,30988800,30988800.0,CHECKSUM=10362.570468755888,,0,True,b1e3635616ba731cd23fdbce58c1a07699fe9cc9d3221b4544a15b83dddda66d
v8_ignition,controlflow-recursive,20,1,40538700,40538700.0,CHECKSUM=57775,,0,True,91faf2d89e3d0a20986fa88d26cdb1f26ac80defde879935b00a40114b08a5dd
quickjs,controlflow-recursive,20,1,16922800,16922800.0,CHECKSUM=57775,,0,True,91faf2d89e3d0a20986fa88d26cdb1f26ac80defde879935b00a40114b08a5dd
v8_ignition,access-nsieve,20,1,42981300,42981300.0,CHECKSUM=14302,,0,True,97beeae25f000861dc8bea33cc77b72a0a8e699e00f227f6f904d290be088b8a
quickjs,access-nsieve,20,1,32994400,32994400.0,CHECKSUM=14302,,0,True,97beeae25f000861dc8bea33cc77b72a0a8e699e00f227f6f904d290be088b8a
v8_ignition,string-unpack-code,20,1,45929900,45929900.0,CHECKSUM=511508,,0,True,bbd5eeae028b78305486482b81e5024645977cdbb0ed03185b92404217019e0c
quickjs,string-unpack-code,20,1,68718800,68718800.0,CHECKSUM=511508,,0,True,bbd5eeae028b78305486482b81e5024645977cdbb0ed03185b92404217019e0c
v8_ignition,date-format-xparb,20,1,41999000,41999000.0,"CHECKSUM=2017-09-05|Tuesday, September 05, 2017 7:43:48 AM|1504652895000",,0,True,ea5c1e2186ba44743d75d49b09dee763fe33c73e6e2f3466813485d86a6d8d7b
quickjs,date-format-xparb,20,1,29959100,29959100.0,"CHECKSUM=2017-09-05|Tuesday, September 05, 2017 7:43:48 AM|1504652895000",,0,True,ea5c1e2186ba44743d75d49b09dee763fe33c73e6e2f3466813485d86a6d8d7b
v8_ignition,3d-raytrace,20,1,51708100,51708100.0,CHECKSUM=20970,,0,True,e03e3e0915bbd01f7dbd2df183a3c1133d029803c443ce85102cba3b1c7e7e85
quickjs,3d-raytrace,20,1,24209200,24209200.0,CHECKSUM=20969,,0,True,e03e3e0915bbd01f7dbd2df183a3c1133d029803c443ce85102cba3b1c7e7e85
v8_ignition,bitops-3bit-bits-in-byte,20,1,39456200,39456200.0,CHECKSUM=512000,,0,True,144f9d2e008e0b150c62e05d8cca6b3445ac57a94015f8dc3f55a33f6b20842b
quickjs,bitops-3bit-bits-in-byte,20,1,17113700,17113700.0,CHECKSUM=512000,,0,True,144f9d2e008e0b150c62e05d8cca6b3445ac57a94015f8dc3f55a33f6b20842b
v8_ignition,3d-cube,20,1,55253700,55253700.0,CHECKSUM=320,,0,True,482356effb1e142ec7f15afe43a8f09d02e95afb563d0b8ee8e990fb26232d73
quickjs,3d-cube,20,1,39826900,39826900.0,CHECKSUM=320,,0,True,482356effb1e142ec7f15afe43a8f09d02e95afb563d0b8ee8e990fb26232d73
v8_ignition,bitops-bitwise-and,20,1,41484800,41484800.0,CHECKSUM=0,,0,True,1cbfb22327a195d53284c9b68676b43e34b78f14a13a44d129296aede11390cf
quickjs,bitops-bitwise-and,20,1,14894000,14894000.0,CHECKSUM=0,,0,True,1cbfb22327a195d53284c9b68676b43e34b78f14a13a44d129296aede11390cf
v8_ignition,3d-morph,20,1,53574800,53574800.0,CHECKSUM=0,,0,True,410d94cc7264e0cf2b5e6424467cd9fd16926f46b992fcb46610f2388160bf50
quickjs,3d-morph,20,1,30689600,30689600.0,CHECKSUM=0,,0,True,410d94cc7264e0cf2b5e6424467cd9fd16926f46b992fcb46610f2388160bf50
quickjs,math-cordic,21,1,30243900,30243900.0,CHECKSUM=10362.570468755888,,0,True,b1e3635616ba731cd23fdbce58c1a07699fe9cc9d3221b4544a15b83dddda66d
v8_ignition,math-cordic,21,1,52814500,52814500.0,CHECKSUM=10362.570468755888,,0,True,b1e3635616ba731cd23fdbce58c1a07699fe9cc9d3221b4544a15b83dddda66d
quickjs,date-format-xparb,21,1,29432400,29432400.0,"CHECKSUM=2017-09-05|Tuesday, September 05, 2017 7:43:48 AM|1504652895000",,0,True,ea5c1e2186ba44743d75d49b09dee763fe33c73e6e2f3466813485d86a6d8d7b
v8_ignition,date-format-xparb,21,1,40121700,40121700.0,"CHECKSUM=2017-09-05|Tuesday, September 05, 2017 7:43:48 AM|1504652895000",,0,True,ea5c1e2186ba44743d75d49b09dee763fe33c73e6e2f3466813485d86a6d8d7b
quickjs,crypto-sha1,21,1,15452300,15452300.0,CHECKSUM=2524d264def74cce2498bf112bedf00e6c0b796d,,0,True,6658dd0c90ffb7e284f57cd61f2d737b5e8fd2d25bd68390edfec73d2c5d6cfe
v8_ignition,crypto-sha1,21,1,43376100,43376100.0,CHECKSUM=2524d264def74cce2498bf112bedf00e6c0b796d,,0,True,6658dd0c90ffb7e284f57cd61f2d737b5e8fd2d25bd68390edfec73d2c5d6cfe
quickjs,math-spectral-norm,21,1,17247200,17247200.0,CHECKSUM=5.086694231303284,,0,True,2f0e90e3fd291e224ef3513ccdebb32a96dd94fa21fc75d142a857208641d8c6
v8_ignition,math-spectral-norm,21,1,42824100,42824100.0,CHECKSUM=5.086694231303284,,0,True,2f0e90e3fd291e224ef3513ccdebb32a96dd94fa21fc75d142a857208641d8c6
quickjs,bitops-3bit-bits-in-byte,21,1,17092200,17092200.0,CHECKSUM=512000,,0,True,144f9d2e008e0b150c62e05d8cca6b3445ac57a94015f8dc3f55a33f6b20842b
v8_ignition,bitops-3bit-bits-in-byte,21,1,38258300,38258300.0,CHECKSUM=512000,,0,True,144f9d2e008e0b150c62e05d8cca6b3445ac57a94015f8dc3f55a33f6b20842b
quickjs,string-validate-input,21,1,22294500,22294500.0,CHECKSUM=462000,,0,True,a91e85f87af92025f8dcb0f7045f42bca283920b9b7b535a1d213785aaba253c
v8_ignition,string-validate-input,21,1,39507500,39507500.0,CHECKSUM=462000,,0,True,a91e85f87af92025f8dcb0f7045f42bca283920b9b7b535a1d213785aaba253c
quickjs,string-unpack-code,21,1,67774800,67774800.0,CHECKSUM=511508,,0,True,bbd5eeae028b78305486482b81e5024645977cdbb0ed03185b92404217019e0c
v8_ignition,string-unpack-code,21,1,45487900,45487900.0,CHECKSUM=511508,,0,True,bbd5eeae028b78305486482b81e5024645977cdbb0ed03185b92404217019e0c
quickjs,bitops-bits-in-byte,21,1,27388300,27388300.0,CHECKSUM=358400,,0,True,97bccc62a3c6d6827e35180623b20a9f47a06e311fd0e33e41108c6b01e77f74
v8_ignition,bitops-bits-in-byte,21,1,52393800,52393800.0,CHECKSUM=358400,,0,True,97bccc62a3c6d6827e35180623b20a9f47a06e311fd0e33e41108c6b01e77f74
quickjs,crypto-aes,21,1,23668300,23668300.0,CHECKSUM=1343,,0,True,d71dac9b610831b62b5e492715f60ca8d90002726d2f64feaa226796c5817fca
v8_ignition,crypto-aes,21,1,49218800,49218800.0,CHECKSUM=1343,,0,True,d71dac9b610831b62b5e492715f60ca8d90002726d2f64feaa226796c5817fca
quickjs,string-fasta,21,1,35509600,35509600.0,CHECKSUM=1456000,,0,True,2964af65925747170a57b89b5098f715f862e85d460c52664eec569ce0eb9bd5
v8_ignition,string-fasta,21,1,43574900,43574900.0,CHECKSUM=1456000,,0,True,2964af65925747170a57b89b5098f715f862e85d460c52664eec569ce0eb9bd5
quickjs,math-partial-sums,21,1,25288000,25288000.0,CHECKSUM=60.08994194659945,,0,True,e62b49f948574a4023e7faed74c3a3eb98afd12564b07f4ad9da8a3a45124ede
v8_ignition,math-partial-sums,21,1,46083600,46083600.0,CHECKSUM=60.08994194659945,,0,True,e62b49f948574a4023e7faed74c3a3eb98afd12564b07f4ad9da8a3a45124ede
quickjs,string-base64,21,1,30896800,30896800.0,CHECKSUM=32768,,0,True,ccd906f060f67dd6ef06144222ded2fd08c556d51705e849a67fe07850d0b338
v8_ignition,string-base64,21,1,39692800,39692800.0,CHECKSUM=32768,,0,True,ccd906f060f67dd6ef06144222ded2fd08c556d51705e849a67fe07850d0b338
quickjs,date-format-tofte,21,1,40013600,40013600.0,"CHECKSUM=2008-05-01|Thursday, May 01, 2008 5:31:22 PM|1209718549000",,0,True,daf9ace6c7441fbb4070a07334f94cfbf9e5719900dc12fe5ee4062bc3694a0a
v8_ignition,date-format-tofte,21,1,44306800,44306800.0,"CHECKSUM=2008-05-01|Thursday, May 01, 2008 5:31:22 PM|1209718549000",,0,True,daf9ace6c7441fbb4070a07334f94cfbf9e5719900dc12fe5ee4062bc3694a0a
quickjs,3d-raytrace,21,1,23849700,23849700.0,CHECKSUM=20969,,0,True,e03e3e0915bbd01f7dbd2df183a3c1133d029803c443ce85102cba3b1c7e7e85
v8_ignition,3d-raytrace,21,1,49806300,49806300.0,CHECKSUM=20970,,0,True,e03e3e0915bbd01f7dbd2df183a3c1133d029803c443ce85102cba3b1c7e7e85
quickjs,controlflow-recursive,21,1,16536100,16536100.0,CHECKSUM=57775,,0,True,91faf2d89e3d0a20986fa88d26cdb1f26ac80defde879935b00a40114b08a5dd
v8_ignition,controlflow-recursive,21,1,38475900,38475900.0,CHECKSUM=57775,,0,True,91faf2d89e3d0a20986fa88d26cdb1f26ac80defde879935b00a40114b08a5dd
quickjs,bitops-nsieve-bits,21,1,21298200,21298200.0,CHECKSUM=-1286749544853,,0,True,0cf96c3f7fafb462e82ae4a79fb6943a8ebf8b9f938200af646ee960d106da93
v8_ignition,bitops-nsieve-bits,21,1,56144000,56144000.0,CHECKSUM=-1286749544853,,0,True,0cf96c3f7fafb462e82ae4a79fb6943a8ebf8b9f938200af646ee960d106da93
quickjs,bitops-bitwise-and,21,1,14989600,14989600.0,CHECKSUM=0,,0,True,1cbfb22327a195d53284c9b68676b43e34b78f14a13a44d129296aede11390cf
v8_ignition,bitops-bitwise-and,21,1,41717600,41717600.0,CHECKSUM=0,,0,True,1cbfb22327a195d53284c9b68676b43e34b78f14a13a44d129296aede11390cf
quickjs,access-nbody,21,1,23855600,23855600.0,CHECKSUM=-1.3524862408537381,,0,True,e9c16c1670be0a25f85ee4e543598cf020943f40913872f1c409383282dd1371
v8_ignition,access-nbody,21,1,51004500,51004500.0,CHECKSUM=-1.3524862408537381,,0,True,e9c16c1670be0a25f85ee4e543598cf020943f40913872f1c409383282dd1371
quickjs,regexp-dna,21,1,93759400,93759400.0,CHECKSUM=249:300056,,0,True,b5c7609f15d1bdadfb7ccebb86a138de2604980446964559cccccda2dbfbe053
v8_ignition,regexp-dna,21,1,39593500,39593500.0,CHECKSUM=249:300056,,0,True,b5c7609f15d1bdadfb7ccebb86a138de2604980446964559cccccda2dbfbe053
quickjs,crypto-md5,21,1,15704900,15704900.0,CHECKSUM=a831e91e0f70eddcb70dc61c6f82f6cd,,0,True,ac5362e324b5fac77d2a517d2e67c6a2e7b2fdc19977dfd72dcd93a61eb66eab
v8_ignition,crypto-md5,21,1,43664100,43664100.0,CHECKSUM=a831e91e0f70eddcb70dc61c6f82f6cd,,0,True,ac5362e324b5fac77d2a517d2e67c6a2e7b2fdc19977dfd72dcd93a61eb66eab
quickjs,access-nsieve,21,1,32344800,32344800.0,CHECKSUM=14302,,0,True,97beeae25f000861dc8bea33cc77b72a0a8e699e00f227f6f904d290be088b8a
v8_ignition,access-nsieve,21,1,44587100,44587100.0,CHECKSUM=14302,,0,True,97beeae25f000861dc8bea33cc77b72a0a8e699e00f227f6f904d290be088b8a
quickjs,3d-morph,21,1,31008800,31008800.0,CHECKSUM=0,,0,True,410d94cc7264e0cf2b5e6424467cd9fd16926f46b992fcb46610f2388160bf50
v8_ignition,3d-morph,21,1,54924500,54924500.0,CHECKSUM=0,,0,True,410d94cc7264e0cf2b5e6424467cd9fd16926f46b992fcb46610f2388160bf50
quickjs,access-fannkuch,21,1,46574400,46574400.0,CHECKSUM=22,,0,True,08eb023212740c0bbecdf88720a9a27e5a5aac1ee855980c49106b7c6387339f
v8_ignition,access-fannkuch,21,1,67921400,67921400.0,CHECKSUM=22,,0,True,08eb023212740c0bbecdf88720a9a27e5a5aac1ee855980c49106b7c6387339f
quickjs,access-binary-trees,21,1,20651800,20651800.0,CHECKSUM=-4,,0,True,214d150194967dc8deab31375341ec05b469d81e07cb32d7f4f925a2bdaed33f
v8_ignition,access-binary-trees,21,1,35844100,35844100.0,CHECKSUM=-4,,0,True,214d150194967dc8deab31375341ec05b469d81e07cb32d7f4f925a2bdaed33f
quickjs,string-tagcloud,21,1,37003400,37003400.0,CHECKSUM=315241,,0,True,2a98c22748514eeac27a00a220a10cde2135f9c9e16cc44b9e453d1b17e1e1cf
v8_ignition,string-tagcloud,21,1,45792900,45792900.0,CHECKSUM=315241,,0,True,2a98c22748514eeac27a00a220a10cde2135f9c9e16cc44b9e453d1b17e1e1cf
quickjs,3d-cube,21,1,40180100,40180100.0,CHECKSUM=320,,0,True,482356effb1e142ec7f15afe43a8f09d02e95afb563d0b8ee8e990fb26232d73
v8_ignition,3d-cube,21,1,54745100,54745100.0,CHECKSUM=320,,0,True,482356effb1e142ec7f15afe43a8f09d02e95afb563d0b8ee8e990fb26232d73
v8_ignition,access-binary-trees,22,1,39486900,39486900.0,CHECKSUM=-4,,0,True,214d150194967dc8deab31375341ec05b469d81e07cb32d7f4f925a2bdaed33f
quickjs,access-binary-trees,22,1,19725000,19725000.0,CHECKSUM=-4,,0,True,214d150194967dc8deab31375341ec05b469d81e07cb32d7f4f925a2bdaed33f
v8_ignition,regexp-dna,22,1,38235500,38235500.0,CHECKSUM=249:300056,,0,True,b5c7609f15d1bdadfb7ccebb86a138de2604980446964559cccccda2dbfbe053
quickjs,regexp-dna,22,1,91181600,91181600.0,CHECKSUM=249:300056,,0,True,b5c7609f15d1bdadfb7ccebb86a138de2604980446964559cccccda2dbfbe053
v8_ignition,controlflow-recursive,22,1,41586000,41586000.0,CHECKSUM=57775,,0,True,91faf2d89e3d0a20986fa88d26cdb1f26ac80defde879935b00a40114b08a5dd
quickjs,controlflow-recursive,22,1,15912300,15912300.0,CHECKSUM=57775,,0,True,91faf2d89e3d0a20986fa88d26cdb1f26ac80defde879935b00a40114b08a5dd
v8_ignition,bitops-3bit-bits-in-byte,22,1,39628500,39628500.0,CHECKSUM=512000,,0,True,144f9d2e008e0b150c62e05d8cca6b3445ac57a94015f8dc3f55a33f6b20842b
quickjs,bitops-3bit-bits-in-byte,22,1,16963200,16963200.0,CHECKSUM=512000,,0,True,144f9d2e008e0b150c62e05d8cca6b3445ac57a94015f8dc3f55a33f6b20842b
v8_ignition,string-unpack-code,22,1,45732100,45732100.0,CHECKSUM=511508,,0,True,bbd5eeae028b78305486482b81e5024645977cdbb0ed03185b92404217019e0c
quickjs,string-unpack-code,22,1,68467500,68467500.0,CHECKSUM=511508,,0,True,bbd5eeae028b78305486482b81e5024645977cdbb0ed03185b92404217019e0c
v8_ignition,crypto-md5,22,1,43535900,43535900.0,CHECKSUM=a831e91e0f70eddcb70dc61c6f82f6cd,,0,True,ac5362e324b5fac77d2a517d2e67c6a2e7b2fdc19977dfd72dcd93a61eb66eab
quickjs,crypto-md5,22,1,15659500,15659500.0,CHECKSUM=a831e91e0f70eddcb70dc61c6f82f6cd,,0,True,ac5362e324b5fac77d2a517d2e67c6a2e7b2fdc19977dfd72dcd93a61eb66eab
v8_ignition,string-fasta,22,1,43465500,43465500.0,CHECKSUM=1456000,,0,True,2964af65925747170a57b89b5098f715f862e85d460c52664eec569ce0eb9bd5
quickjs,string-fasta,22,1,35310900,35310900.0,CHECKSUM=1456000,,0,True,2964af65925747170a57b89b5098f715f862e85d460c52664eec569ce0eb9bd5
v8_ignition,string-validate-input,22,1,41071500,41071500.0,CHECKSUM=462000,,0,True,a91e85f87af92025f8dcb0f7045f42bca283920b9b7b535a1d213785aaba253c
quickjs,string-validate-input,22,1,22079000,22079000.0,CHECKSUM=462000,,0,True,a91e85f87af92025f8dcb0f7045f42bca283920b9b7b535a1d213785aaba253c
v8_ignition,date-format-tofte,22,1,45015300,45015300.0,"CHECKSUM=2008-05-01|Thursday, May 01, 2008 5:31:22 PM|1209718549000",,0,True,daf9ace6c7441fbb4070a07334f94cfbf9e5719900dc12fe5ee4062bc3694a0a
quickjs,date-format-tofte,22,1,39999400,39999400.0,"CHECKSUM=2008-05-01|Thursday, May 01, 2008 5:31:22 PM|1209718549000",,0,True,daf9ace6c7441fbb4070a07334f94cfbf9e5719900dc12fe5ee4062bc3694a0a
v8_ignition,crypto-sha1,22,1,43151300,43151300.0,CHECKSUM=2524d264def74cce2498bf112bedf00e6c0b796d,,0,True,6658dd0c90ffb7e284f57cd61f2d737b5e8fd2d25bd68390edfec73d2c5d6cfe
quickjs,crypto-sha1,22,1,15184900,15184900.0,CHECKSUM=2524d264def74cce2498bf112bedf00e6c0b796d,,0,True,6658dd0c90ffb7e284f57cd61f2d737b5e8fd2d25bd68390edfec73d2c5d6cfe
v8_ignition,bitops-bitwise-and,22,1,42960000,42960000.0,CHECKSUM=0,,0,True,1cbfb22327a195d53284c9b68676b43e34b78f14a13a44d129296aede11390cf
quickjs,bitops-bitwise-and,22,1,14759300,14759300.0,CHECKSUM=0,,0,True,1cbfb22327a195d53284c9b68676b43e34b78f14a13a44d129296aede11390cf
v8_ignition,3d-raytrace,22,1,51825000,51825000.0,CHECKSUM=20970,,0,True,e03e3e0915bbd01f7dbd2df183a3c1133d029803c443ce85102cba3b1c7e7e85
quickjs,3d-raytrace,22,1,23636700,23636700.0,CHECKSUM=20969,,0,True,e03e3e0915bbd01f7dbd2df183a3c1133d029803c443ce85102cba3b1c7e7e85
v8_ignition,string-base64,22,1,40067000,40067000.0,CHECKSUM=32768,,0,True,ccd906f060f67dd6ef06144222ded2fd08c556d51705e849a67fe07850d0b338
quickjs,string-base64,22,1,31185100,31185100.0,CHECKSUM=32768,,0,True,ccd906f060f67dd6ef06144222ded2fd08c556d51705e849a67fe07850d0b338
v8_ignition,math-spectral-norm,22,1,42799700,42799700.0,CHECKSUM=5.086694231303284,,0,True,2f0e90e3fd291e224ef3513ccdebb32a96dd94fa21fc75d142a857208641d8c6
quickjs,math-spectral-norm,22,1,17994200,17994200.0,CHECKSUM=5.086694231303284,,0,True,2f0e90e3fd291e224ef3513ccdebb32a96dd94fa21fc75d142a857208641d8c6
v8_ignition,crypto-aes,22,1,50606300,50606300.0,CHECKSUM=1343,,0,True,d71dac9b610831b62b5e492715f60ca8d90002726d2f64feaa226796c5817fca
quickjs,crypto-aes,22,1,24034500,24034500.0,CHECKSUM=1343,,0,True,d71dac9b610831b62b5e492715f60ca8d90002726d2f64feaa226796c5817fca
v8_ignition,date-format-xparb,22,1,40990200,40990200.0,"CHECKSUM=2017-09-05|Tuesday, September 05, 2017 7:43:48 AM|1504652895000",,0,True,ea5c1e2186ba44743d75d49b09dee763fe33c73e6e2f3466813485d86a6d8d7b
quickjs,date-format-xparb,22,1,30658000,30658000.0,"CHECKSUM=2017-09-05|Tuesday, September 05, 2017 7:43:48 AM|1504652895000",,0,True,ea5c1e2186ba44743d75d49b09dee763fe33c73e6e2f3466813485d86a6d8d7b
v8_ignition,access-nsieve,22,1,44117300,44117300.0,CHECKSUM=14302,,0,True,97beeae25f000861dc8bea33cc77b72a0a8e699e00f227f6f904d290be088b8a
quickjs,access-nsieve,22,1,32173200,32173200.0,CHECKSUM=14302,,0,True,97beeae25f000861dc8bea33cc77b72a0a8e699e00f227f6f904d290be088b8a
v8_ignition,math-cordic,22,1,54339400,54339400.0,CHECKSUM=10362.570468755888,,0,True,b1e3635616ba731cd23fdbce58c1a07699fe9cc9d3221b4544a15b83dddda66d
quickjs,math-cordic,22,1,30313400,30313400.0,CHECKSUM=10362.570468755888,,0,True,b1e3635616ba731cd23fdbce58c1a07699fe9cc9d3221b4544a15b83dddda66d
v8_ignition,bitops-bits-in-byte,22,1,52564400,52564400.0,CHECKSUM=358400,,0,True,97bccc62a3c6d6827e35180623b20a9f47a06e311fd0e33e41108c6b01e77f74
quickjs,bitops-bits-in-byte,22,1,28045800,28045800.0,CHECKSUM=358400,,0,True,97bccc62a3c6d6827e35180623b20a9f47a06e311fd0e33e41108c6b01e77f74
v8_ignition,3d-cube,22,1,57279600,57279600.0,CHECKSUM=320,,0,True,482356effb1e142ec7f15afe43a8f09d02e95afb563d0b8ee8e990fb26232d73
quickjs,3d-cube,22,1,39741400,39741400.0,CHECKSUM=320,,0,True,482356effb1e142ec7f15afe43a8f09d02e95afb563d0b8ee8e990fb26232d73
v8_ignition,3d-morph,22,1,54905100,54905100.0,CHECKSUM=0,,0,True,410d94cc7264e0cf2b5e6424467cd9fd16926f46b992fcb46610f2388160bf50
quickjs,3d-morph,22,1,31154700,31154700.0,CHECKSUM=0,,0,True,410d94cc7264e0cf2b5e6424467cd9fd16926f46b992fcb46610f2388160bf50
v8_ignition,string-tagcloud,22,1,45567100,45567100.0,CHECKSUM=315241,,0,True,2a98c22748514eeac27a00a220a10cde2135f9c9e16cc44b9e453d1b17e1e1cf
quickjs,string-tagcloud,22,1,37294100,37294100.0,CHECKSUM=315241,,0,True,2a98c22748514eeac27a00a220a10cde2135f9c9e16cc44b9e453d1b17e1e1cf
v8_ignition,math-partial-sums,22,1,46547500,46547500.0,CHECKSUM=60.08994194659945,,0,True,e62b49f948574a4023e7faed74c3a3eb98afd12564b07f4ad9da8a3a45124ede
quickjs,math-partial-sums,22,1,25750000,25750000.0,CHECKSUM=60.08994194659945,,0,True,e62b49f948574a4023e7faed74c3a3eb98afd12564b07f4ad9da8a3a45124ede
v8_ignition,access-nbody,22,1,53180200,53180200.0,CHECKSUM=-1.3524862408537381,,0,True,e9c16c1670be0a25f85ee4e543598cf020943f40913872f1c409383282dd1371
quickjs,access-nbody,22,1,23966700,23966700.0,CHECKSUM=-1.3524862408537381,,0,True,e9c16c1670be0a25f85ee4e543598cf020943f40913872f1c409383282dd1371
v8_ignition,bitops-nsieve-bits,22,1,58242900,58242900.0,CHECKSUM=-1286749544853,,0,True,0cf96c3f7fafb462e82ae4a79fb6943a8ebf8b9f938200af646ee960d106da93
quickjs,bitops-nsieve-bits,22,1,21663200,21663200.0,CHECKSUM=-1286749544853,,0,True,0cf96c3f7fafb462e82ae4a79fb6943a8ebf8b9f938200af646ee960d106da93
v8_ignition,access-fannkuch,22,1,71662100,71662100.0,CHECKSUM=22,,0,True,08eb023212740c0bbecdf88720a9a27e5a5aac1ee855980c49106b7c6387339f
quickjs,access-fannkuch,22,1,44144900,44144900.0,CHECKSUM=22,,0,True,08eb023212740c0bbecdf88720a9a27e5a5aac1ee855980c49106b7c6387339f
quickjs,regexp-dna,23,1,97749700,97749700.0,CHECKSUM=249:300056,,0,True,b5c7609f15d1bdadfb7ccebb86a138de2604980446964559cccccda2dbfbe053
v8_ignition,regexp-dna,23,1,37927100,37927100.0,CHECKSUM=249:300056,,0,True,b5c7609f15d1bdadfb7ccebb86a138de2604980446964559cccccda2dbfbe053
quickjs,string-base64,23,1,31272300,31272300.0,CHECKSUM=32768,,0,True,ccd906f060f67dd6ef06144222ded2fd08c556d51705e849a67fe07850d0b338
v8_ignition,string-base64,23,1,40914600,40914600.0,CHECKSUM=32768,,0,True,ccd906f060f67dd6ef06144222ded2fd08c556d51705e849a67fe07850d0b338
quickjs,math-partial-sums,23,1,25480300,25480300.0,CHECKSUM=60.08994194659945,,0,True,e62b49f948574a4023e7faed74c3a3eb98afd12564b07f4ad9da8a3a45124ede
v8_ignition,math-partial-sums,23,1,44821500,44821500.0,CHECKSUM=60.08994194659945,,0,True,e62b49f948574a4023e7faed74c3a3eb98afd12564b07f4ad9da8a3a45124ede
quickjs,access-binary-trees,23,1,21550100,21550100.0,CHECKSUM=-4,,0,True,214d150194967dc8deab31375341ec05b469d81e07cb32d7f4f925a2bdaed33f
v8_ignition,access-binary-trees,23,1,38011600,38011600.0,CHECKSUM=-4,,0,True,214d150194967dc8deab31375341ec05b469d81e07cb32d7f4f925a2bdaed33f
quickjs,access-fannkuch,23,1,44268400,44268400.0,CHECKSUM=22,,0,True,08eb023212740c0bbecdf88720a9a27e5a5aac1ee855980c49106b7c6387339f
v8_ignition,access-fannkuch,23,1,70670300,70670300.0,CHECKSUM=22,,0,True,08eb023212740c0bbecdf88720a9a27e5a5aac1ee855980c49106b7c6387339f
quickjs,crypto-sha1,23,1,14786300,14786300.0,CHECKSUM=2524d264def74cce2498bf112bedf00e6c0b796d,,0,True,6658dd0c90ffb7e284f57cd61f2d737b5e8fd2d25bd68390edfec73d2c5d6cfe
v8_ignition,crypto-sha1,23,1,41830100,41830100.0,CHECKSUM=2524d264def74cce2498bf112bedf00e6c0b796d,,0,True,6658dd0c90ffb7e284f57cd61f2d737b5e8fd2d25bd68390edfec73d2c5d6cfe
quickjs,string-unpack-code,23,1,69473300,69473300.0,CHECKSUM=511508,,0,True,bbd5eeae028b78305486482b81e5024645977cdbb0ed03185b92404217019e0c
v8_ignition,string-unpack-code,23,1,45247000,45247000.0,CHECKSUM=511508,,0,True,bbd5eeae028b78305486482b81e5024645977cdbb0ed03185b92404217019e0c
quickjs,controlflow-recursive,23,1,17047500,17047500.0,CHECKSUM=57775,,0,True,91faf2d89e3d0a20986fa88d26cdb1f26ac80defde879935b00a40114b08a5dd
v8_ignition,controlflow-recursive,23,1,39379200,39379200.0,CHECKSUM=57775,,0,True,91faf2d89e3d0a20986fa88d26cdb1f26ac80defde879935b00a40114b08a5dd
quickjs,access-nbody,23,1,23829700,23829700.0,CHECKSUM=-1.3524862408537381,,0,True,e9c16c1670be0a25f85ee4e543598cf020943f40913872f1c409383282dd1371
v8_ignition,access-nbody,23,1,50254000,50254000.0,CHECKSUM=-1.3524862408537381,,0,True,e9c16c1670be0a25f85ee4e543598cf020943f40913872f1c409383282dd1371
quickjs,access-nsieve,23,1,32371500,32371500.0,CHECKSUM=14302,,0,True,97beeae25f000861dc8bea33cc77b72a0a8e699e00f227f6f904d290be088b8a
v8_ignition,access-nsieve,23,1,42283700,42283700.0,CHECKSUM=14302,,0,True,97beeae25f000861dc8bea33cc77b72a0a8e699e00f227f6f904d290be088b8a
quickjs,3d-cube,23,1,39640800,39640800.0,CHECKSUM=320,,0,True,482356effb1e142ec7f15afe43a8f09d02e95afb563d0b8ee8e990fb26232d73
v8_ignition,3d-cube,23,1,55388400,55388400.0,CHECKSUM=320,,0,True,482356effb1e142ec7f15afe43a8f09d02e95afb563d0b8ee8e990fb26232d73
quickjs,date-format-xparb,23,1,29367500,29367500.0,"CHECKSUM=2017-09-05|Tuesday, September 05, 2017 7:43:48 AM|1504652895000",,0,True,ea5c1e2186ba44743d75d49b09dee763fe33c73e6e2f3466813485d86a6d8d7b
v8_ignition,date-format-xparb,23,1,41395500,41395500.0,"CHECKSUM=2017-09-05|Tuesday, September 05, 2017 7:43:48 AM|1504652895000",,0,True,ea5c1e2186ba44743d75d49b09dee763fe33c73e6e2f3466813485d86a6d8d7b
quickjs,3d-raytrace,23,1,24244900,24244900.0,CHECKSUM=20969,,0,True,e03e3e0915bbd01f7dbd2df183a3c1133d029803c443ce85102cba3b1c7e7e85
v8_ignition,3d-raytrace,23,1,51980000,51980000.0,CHECKSUM=20970,,0,True,e03e3e0915bbd01f7dbd2df183a3c1133d029803c443ce85102cba3b1c7e7e85
quickjs,bitops-bits-in-byte,23,1,27463800,27463800.0,CHECKSUM=358400,,0,True,97bccc62a3c6d6827e35180623b20a9f47a06e311fd0e33e41108c6b01e77f74
v8_ignition,bitops-bits-in-byte,23,1,50751400,50751400.0,CHECKSUM=358400,,0,True,97bccc62a3c6d6827e35180623b20a9f47a06e311fd0e33e41108c6b01e77f74
quickjs,crypto-aes,23,1,23944700,23944700.0,CHECKSUM=1343,,0,True,d71dac9b610831b62b5e492715f60ca8d90002726d2f64feaa226796c5817fca
v8_ignition,crypto-aes,23,1,49118200,49118200.0,CHECKSUM=1343,,0,True,d71dac9b610831b62b5e492715f60ca8d90002726d2f64feaa226796c5817fca
quickjs,bitops-3bit-bits-in-byte,23,1,16880300,16880300.0,CHECKSUM=512000,,0,True,144f9d2e008e0b150c62e05d8cca6b3445ac57a94015f8dc3f55a33f6b20842b
v8_ignition,bitops-3bit-bits-in-byte,23,1,39960200,39960200.0,CHECKSUM=512000,,0,True,144f9d2e008e0b150c62e05d8cca6b3445ac57a94015f8dc3f55a33f6b20842b
quickjs,string-validate-input,23,1,22161100,22161100.0,CHECKSUM=462000,,0,True,a91e85f87af92025f8dcb0f7045f42bca283920b9b7b535a1d213785aaba253c
v8_ignition,string-validate-input,23,1,40396200,40396200.0,CHECKSUM=462000,,0,True,a91e85f87af92025f8dcb0f7045f42bca283920b9b7b535a1d213785aaba253c
quickjs,bitops-nsieve-bits,23,1,21919700,21919700.0,CHECKSUM=-1286749544853,,0,True,0cf96c3f7fafb462e82ae4a79fb6943a8ebf8b9f938200af646ee960d106da93
v8_ignition,bitops-nsieve-bits,23,1,56559800,56559800.0,CHECKSUM=-1286749544853,,0,True,0cf96c3f7fafb462e82ae4a79fb6943a8ebf8b9f938200af646ee960d106da93
quickjs,3d-morph,23,1,30832700,30832700.0,CHECKSUM=0,,0,True,410d94cc7264e0cf2b5e6424467cd9fd16926f46b992fcb46610f2388160bf50
v8_ignition,3d-morph,23,1,52422900,52422900.0,CHECKSUM=0,,0,True,410d94cc7264e0cf2b5e6424467cd9fd16926f46b992fcb46610f2388160bf50
quickjs,string-fasta,23,1,35570200,35570200.0,CHECKSUM=1456000,,0,True,2964af65925747170a57b89b5098f715f862e85d460c52664eec569ce0eb9bd5
v8_ignition,string-fasta,23,1,43032500,43032500.0,CHECKSUM=1456000,,0,True,2964af65925747170a57b89b5098f715f862e85d460c52664eec569ce0eb9bd5
quickjs,bitops-bitwise-and,23,1,14614200,14614200.0,CHECKSUM=0,,0,True,1cbfb22327a195d53284c9b68676b43e34b78f14a13a44d129296aede11390cf
v8_ignition,bitops-bitwise-and,23,1,43203500,43203500.0,CHECKSUM=0,,0,True,1cbfb22327a195d53284c9b68676b43e34b78f14a13a44d129296aede11390cf
quickjs,string-tagcloud,23,1,37612200,37612200.0,CHECKSUM=315241,,0,True,2a98c22748514eeac27a00a220a10cde2135f9c9e16cc44b9e453d1b17e1e1cf
v8_ignition,string-tagcloud,23,1,43196100,43196100.0,CHECKSUM=315241,,0,True,2a98c22748514eeac27a00a220a10cde2135f9c9e16cc44b9e453d1b17e1e1cf
quickjs,math-spectral-norm,23,1,16994600,16994600.0,CHECKSUM=5.086694231303284,,0,True,2f0e90e3fd291e224ef3513ccdebb32a96dd94fa21fc75d142a857208641d8c6
v8_ignition,math-spectral-norm,23,1,40198300,40198300.0,CHECKSUM=5.086694231303284,,0,True,2f0e90e3fd291e224ef3513ccdebb32a96dd94fa21fc75d142a857208641d8c6
quickjs,date-format-tofte,23,1,40484700,40484700.0,"CHECKSUM=2008-05-01|Thursday, May 01, 2008 5:31:22 PM|1209718549000",,0,True,daf9ace6c7441fbb4070a07334f94cfbf9e5719900dc12fe5ee4062bc3694a0a
v8_ignition,date-format-tofte,23,1,42835300,42835300.0,"CHECKSUM=2008-05-01|Thursday, May 01, 2008 5:31:22 PM|1209718549000",,0,True,daf9ace6c7441fbb4070a07334f94cfbf9e5719900dc12fe5ee4062bc3694a0a
quickjs,math-cordic,23,1,29561600,29561600.0,CHECKSUM=10362.570468755888,,0,True,b1e3635616ba731cd23fdbce58c1a07699fe9cc9d3221b4544a15b83dddda66d
v8_ignition,math-cordic,23,1,50916300,50916300.0,CHECKSUM=10362.570468755888,,0,True,b1e3635616ba731cd23fdbce58c1a07699fe9cc9d3221b4544a15b83dddda66d
quickjs,crypto-md5,23,1,15677500,15677500.0,CHECKSUM=a831e91e0f70eddcb70dc61c6f82f6cd,,0,True,ac5362e324b5fac77d2a517d2e67c6a2e7b2fdc19977dfd72dcd93a61eb66eab
v8_ignition,crypto-md5,23,1,42311200,42311200.0,CHECKSUM=a831e91e0f70eddcb70dc61c6f82f6cd,,0,True,ac5362e324b5fac77d2a517d2e67c6a2e7b2fdc19977dfd72dcd93a61eb66eab
v8_ignition,bitops-nsieve-bits,24,1,55423000,55423000.0,CHECKSUM=-1286749544853,,0,True,0cf96c3f7fafb462e82ae4a79fb6943a8ebf8b9f938200af646ee960d106da93
quickjs,bitops-nsieve-bits,24,1,21573800,21573800.0,CHECKSUM=-1286749544853,,0,True,0cf96c3f7fafb462e82ae4a79fb6943a8ebf8b9f938200af646ee960d106da93
v8_ignition,math-cordic,24,1,53195600,53195600.0,CHECKSUM=10362.570468755888,,0,True,b1e3635616ba731cd23fdbce58c1a07699fe9cc9d3221b4544a15b83dddda66d
quickjs,math-cordic,24,1,30260000,30260000.0,CHECKSUM=10362.570468755888,,0,True,b1e3635616ba731cd23fdbce58c1a07699fe9cc9d3221b4544a15b83dddda66d
v8_ignition,bitops-bits-in-byte,24,1,50627000,50627000.0,CHECKSUM=358400,,0,True,97bccc62a3c6d6827e35180623b20a9f47a06e311fd0e33e41108c6b01e77f74
quickjs,bitops-bits-in-byte,24,1,27492600,27492600.0,CHECKSUM=358400,,0,True,97bccc62a3c6d6827e35180623b20a9f47a06e311fd0e33e41108c6b01e77f74
v8_ignition,string-tagcloud,24,1,45894800,45894800.0,CHECKSUM=315241,,0,True,2a98c22748514eeac27a00a220a10cde2135f9c9e16cc44b9e453d1b17e1e1cf
quickjs,string-tagcloud,24,1,37673600,37673600.0,CHECKSUM=315241,,0,True,2a98c22748514eeac27a00a220a10cde2135f9c9e16cc44b9e453d1b17e1e1cf
v8_ignition,date-format-xparb,24,1,39438200,39438200.0,"CHECKSUM=2017-09-05|Tuesday, September 05, 2017 7:43:48 AM|1504652895000",,0,True,ea5c1e2186ba44743d75d49b09dee763fe33c73e6e2f3466813485d86a6d8d7b
quickjs,date-format-xparb,24,1,29547500,29547500.0,"CHECKSUM=2017-09-05|Tuesday, September 05, 2017 7:43:48 AM|1504652895000",,0,True,ea5c1e2186ba44743d75d49b09dee763fe33c73e6e2f3466813485d86a6d8d7b
v8_ignition,3d-cube,24,1,55423000,55423000.0,CHECKSUM=320,,0,True,482356effb1e142ec7f15afe43a8f09d02e95afb563d0b8ee8e990fb26232d73
quickjs,3d-cube,24,1,39589800,39589800.0,CHECKSUM=320,,0,True,482356effb1e142ec7f15afe43a8f09d02e95afb563d0b8ee8e990fb26232d73
v8_ignition,string-validate-input,24,1,41034300,41034300.0,CHECKSUM=462000,,0,True,a91e85f87af92025f8dcb0f7045f42bca283920b9b7b535a1d213785aaba253c
quickjs,string-validate-input,24,1,22225400,22225400.0,CHECKSUM=462000,,0,True,a91e85f87af92025f8dcb0f7045f42bca283920b9b7b535a1d213785aaba253c
v8_ignition,3d-morph,24,1,55382400,55382400.0,CHECKSUM=0,,0,True,410d94cc7264e0cf2b5e6424467cd9fd16926f46b992fcb46610f2388160bf50
quickjs,3d-morph,24,1,31280200,31280200.0,CHECKSUM=0,,0,True,410d94cc7264e0cf2b5e6424467cd9fd16926f46b992fcb46610f2388160bf50
v8_ignition,bitops-bitwise-and,24,1,41327700,41327700.0,CHECKSUM=0,,0,True,1cbfb22327a195d53284c9b68676b43e34b78f14a13a44d129296aede11390cf
quickjs,bitops-bitwise-and,24,1,15142500,15142500.0,CHECKSUM=0,,0,True,1cbfb22327a195d53284c9b68676b43e34b78f14a13a44d129296aede11390cf
v8_ignition,3d-raytrace,24,1,50400000,50400000.0,CHECKSUM=20970,,0,True,e03e3e0915bbd01f7dbd2df183a3c1133d029803c443ce85102cba3b1c7e7e85
quickjs,3d-raytrace,24,1,24159200,24159200.0,CHECKSUM=20969,,0,True,e03e3e0915bbd01f7dbd2df183a3c1133d029803c443ce85102cba3b1c7e7e85
v8_ignition,access-binary-trees,24,1,39642200,39642200.0,CHECKSUM=-4,,0,True,214d150194967dc8deab31375341ec05b469d81e07cb32d7f4f925a2bdaed33f
quickjs,access-binary-trees,24,1,20590500,20590500.0,CHECKSUM=-4,,0,True,214d150194967dc8deab31375341ec05b469d81e07cb32d7f4f925a2bdaed33f
v8_ignition,crypto-aes,24,1,49571600,49571600.0,CHECKSUM=1343,,0,True,d71dac9b610831b62b5e492715f60ca8d90002726d2f64feaa226796c5817fca
quickjs,crypto-aes,24,1,23682800,23682800.0,CHECKSUM=1343,,0,True,d71dac9b610831b62b5e492715f60ca8d90002726d2f64feaa226796c5817fca
v8_ignition,access-nsieve,24,1,43042300,43042300.0,CHECKSUM=14302,,0,True,97beeae25f000861dc8bea33cc77b72a0a8e699e00f227f6f904d290be088b8a
quickjs,access-nsieve,24,1,32215800,32215800.0,CHECKSUM=14302,,0,True,97beeae25f000861dc8bea33cc77b72a0a8e699e00f227f6f904d290be088b8a
v8_ignition,string-fasta,24,1,43706200,43706200.0,CHECKSUM=1456000,,0,True,2964af65925747170a57b89b5098f715f862e85d460c52664eec569ce0eb9bd5
quickjs,string-fasta,24,1,35639500,35639500.0,CHECKSUM=1456000,,0,True,2964af65925747170a57b89b5098f715f862e85d460c52664eec569ce0eb9bd5
v8_ignition,regexp-dna,24,1,38754600,38754600.0,CHECKSUM=249:300056,,0,True,b5c7609f15d1bdadfb7ccebb86a138de2604980446964559cccccda2dbfbe053
quickjs,regexp-dna,24,1,91816000,91816000.0,CHECKSUM=249:300056,,0,True,b5c7609f15d1bdadfb7ccebb86a138de2604980446964559cccccda2dbfbe053
v8_ignition,string-base64,24,1,38663500,38663500.0,CHECKSUM=32768,,0,True,ccd906f060f67dd6ef06144222ded2fd08c556d51705e849a67fe07850d0b338
quickjs,string-base64,24,1,30631200,30631200.0,CHECKSUM=32768,,0,True,ccd906f060f67dd6ef06144222ded2fd08c556d51705e849a67fe07850d0b338
v8_ignition,bitops-3bit-bits-in-byte,24,1,39327700,39327700.0,CHECKSUM=512000,,0,True,144f9d2e008e0b150c62e05d8cca6b3445ac57a94015f8dc3f55a33f6b20842b
quickjs,bitops-3bit-bits-in-byte,24,1,17220000,17220000.0,CHECKSUM=512000,,0,True,144f9d2e008e0b150c62e05d8cca6b3445ac57a94015f8dc3f55a33f6b20842b
v8_ignition,date-format-tofte,24,1,43302600,43302600.0,"CHECKSUM=2008-05-01|Thursday, May 01, 2008 5:31:22 PM|1209718549000",,0,True,daf9ace6c7441fbb4070a07334f94cfbf9e5719900dc12fe5ee4062bc3694a0a
quickjs,date-format-tofte,24,1,40411400,40411400.0,"CHECKSUM=2008-05-01|Thursday, May 01, 2008 5:31:22 PM|1209718549000",,0,True,daf9ace6c7441fbb4070a07334f94cfbf9e5719900dc12fe5ee4062bc3694a0a
v8_ignition,access-fannkuch,24,1,68573500,68573500.0,CHECKSUM=22,,0,True,08eb023212740c0bbecdf88720a9a27e5a5aac1ee855980c49106b7c6387339f
quickjs,access-fannkuch,24,1,44494500,44494500.0,CHECKSUM=22,,0,True,08eb023212740c0bbecdf88720a9a27e5a5aac1ee855980c49106b7c6387339f
v8_ignition,crypto-md5,24,1,43888100,43888100.0,CHECKSUM=a831e91e0f70eddcb70dc61c6f82f6cd,,0,True,ac5362e324b5fac77d2a517d2e67c6a2e7b2fdc19977dfd72dcd93a61eb66eab
quickjs,crypto-md5,24,1,16017300,16017300.0,CHECKSUM=a831e91e0f70eddcb70dc61c6f82f6cd,,0,True,ac5362e324b5fac77d2a517d2e67c6a2e7b2fdc19977dfd72dcd93a61eb66eab
v8_ignition,math-spectral-norm,24,1,41890800,41890800.0,CHECKSUM=5.086694231303284,,0,True,2f0e90e3fd291e224ef3513ccdebb32a96dd94fa21fc75d142a857208641d8c6
quickjs,math-spectral-norm,24,1,17343000,17343000.0,CHECKSUM=5.086694231303284,,0,True,2f0e90e3fd291e224ef3513ccdebb32a96dd94fa21fc75d142a857208641d8c6
v8_ignition,crypto-sha1,24,1,42239200,42239200.0,CHECKSUM=2524d264def74cce2498bf112bedf00e6c0b796d,,0,True,6658dd0c90ffb7e284f57cd61f2d737b5e8fd2d25bd68390edfec73d2c5d6cfe
quickjs,crypto-sha1,24,1,14997400,14997400.0,CHECKSUM=2524d264def74cce2498bf112bedf00e6c0b796d,,0,True,6658dd0c90ffb7e284f57cd61f2d737b5e8fd2d25bd68390edfec73d2c5d6cfe
v8_ignition,controlflow-recursive,24,1,39656600,39656600.0,CHECKSUM=57775,,0,True,91faf2d89e3d0a20986fa88d26cdb1f26ac80defde879935b00a40114b08a5dd
quickjs,controlflow-recursive,24,1,16234000,16234000.0,CHECKSUM=57775,,0,True,91faf2d89e3d0a20986fa88d26cdb1f26ac80defde879935b00a40114b08a5dd
v8_ignition,access-nbody,24,1,49781800,49781800.0,CHECKSUM=-1.3524862408537381,,0,True,e9c16c1670be0a25f85ee4e543598cf020943f40913872f1c409383282dd1371
quickjs,access-nbody,24,1,23273400,23273400.0,CHECKSUM=-1.3524862408537381,,0,True,e9c16c1670be0a25f85ee4e543598cf020943f40913872f1c409383282dd1371
v8_ignition,string-unpack-code,24,1,45745200,45745200.0,CHECKSUM=511508,,0,True,bbd5eeae028b78305486482b81e5024645977cdbb0ed03185b92404217019e0c
quickjs,string-unpack-code,24,1,69280300,69280300.0,CHECKSUM=511508,,0,True,bbd5eeae028b78305486482b81e5024645977cdbb0ed03185b92404217019e0c
v8_ignition,math-partial-sums,24,1,47192000,47192000.0,CHECKSUM=60.08994194659945,,0,True,e62b49f948574a4023e7faed74c3a3eb98afd12564b07f4ad9da8a3a45124ede
quickjs,math-partial-sums,24,1,25544100,25544100.0,CHECKSUM=60.08994194659945,,0,True,e62b49f948574a4023e7faed74c3a3eb98afd12564b07f4ad9da8a3a45124ede
quickjs,bitops-nsieve-bits,25,1,21270600,21270600.0,CHECKSUM=-1286749544853,,0,True,0cf96c3f7fafb462e82ae4a79fb6943a8ebf8b9f938200af646ee960d106da93
v8_ignition,bitops-nsieve-bits,25,1,57277900,57277900.0,CHECKSUM=-1286749544853,,0,True,0cf96c3f7fafb462e82ae4a79fb6943a8ebf8b9f938200af646ee960d106da93
quickjs,math-spectral-norm,25,1,17314500,17314500.0,CHECKSUM=5.086694231303284,,0,True,2f0e90e3fd291e224ef3513ccdebb32a96dd94fa21fc75d142a857208641d8c6
v8_ignition,math-spectral-norm,25,1,40334700,40334700.0,CHECKSUM=5.086694231303284,,0,True,2f0e90e3fd291e224ef3513ccdebb32a96dd94fa21fc75d142a857208641d8c6
quickjs,bitops-bits-in-byte,25,1,27155800,27155800.0,CHECKSUM=358400,,0,True,97bccc62a3c6d6827e35180623b20a9f47a06e311fd0e33e41108c6b01e77f74
v8_ignition,bitops-bits-in-byte,25,1,52842200,52842200.0,CHECKSUM=358400,,0,True,97bccc62a3c6d6827e35180623b20a9f47a06e311fd0e33e41108c6b01e77f74
quickjs,regexp-dna,25,1,92063200,92063200.0,CHECKSUM=249:300056,,0,True,b5c7609f15d1bdadfb7ccebb86a138de2604980446964559cccccda2dbfbe053
v8_ignition,regexp-dna,25,1,37433300,37433300.0,CHECKSUM=249:300056,,0,True,b5c7609f15d1bdadfb7ccebb86a138de2604980446964559cccccda2dbfbe053
quickjs,3d-cube,25,1,39278500,39278500.0,CHECKSUM=320,,0,True,482356effb1e142ec7f15afe43a8f09d02e95afb563d0b8ee8e990fb26232d73
v8_ignition,3d-cube,25,1,55325600,55325600.0,CHECKSUM=320,,0,True,482356effb1e142ec7f15afe43a8f09d02e95afb563d0b8ee8e990fb26232d73
quickjs,crypto-md5,25,1,15674400,15674400.0,CHECKSUM=a831e91e0f70eddcb70dc61c6f82f6cd,,0,True,ac5362e324b5fac77d2a517d2e67c6a2e7b2fdc19977dfd72dcd93a61eb66eab
v8_ignition,crypto-md5,25,1,42802800,42802800.0,CHECKSUM=a831e91e0f70eddcb70dc61c6f82f6cd,,0,True,ac5362e324b5fac77d2a517d2e67c6a2e7b2fdc19977dfd72dcd93a61eb66eab
quickjs,access-nsieve,25,1,31880900,31880900.0,CHECKSUM=14302,,0,True,97beeae25f000861dc8bea33cc77b72a0a8e699e00f227f6f904d290be088b8a
v8_ignition,access-nsieve,25,1,41881200,41881200.0,CHECKSUM=14302,,0,True,97beeae25f000861dc8bea33cc77b72a0a8e699e00f227f6f904d290be088b8a
quickjs,3d-raytrace,25,1,24213400,24213400.0,CHECKSUM=20969,,0,True,e03e3e0915bbd01f7dbd2df183a3c1133d029803c443ce85102cba3b1c7e7e85
v8_ignition,3d-raytrace,25,1,52104000,52104000.0,CHECKSUM=20970,,0,True,e03e3e0915bbd01f7dbd2df183a3c1133d029803c443ce85102cba3b1c7e7e85
quickjs,string-validate-input,25,1,22150800,22150800.0,CHECKSUM=462000,,0,True,a91e85f87af92025f8dcb0f7045f42bca283920b9b7b535a1d213785aaba253c
v8_ignition,string-validate-input,25,1,41322500,41322500.0,CHECKSUM=462000,,0,True,a91e85f87af92025f8dcb0f7045f42bca283920b9b7b535a1d213785aaba253c
quickjs,bitops-bitwise-and,25,1,14835200,14835200.0,CHECKSUM=0,,0,True,1cbfb22327a195d53284c9b68676b43e34b78f14a13a44d129296aede11390cf
v8_ignition,bitops-bitwise-and,25,1,41278000,41278000.0,CHECKSUM=0,,0,True,1cbfb22327a195d53284c9b68676b43e34b78f14a13a44d129296aede11390cf
quickjs,bitops-3bit-bits-in-byte,25,1,17227900,17227900.0,CHECKSUM=512000,,0,True,144f9d2e008e0b150c62e05d8cca6b3445ac57a94015f8dc3f55a33f6b20842b
v8_ignition,bitops-3bit-bits-in-byte,25,1,39356100,39356100.0,CHECKSUM=512000,,0,True,144f9d2e008e0b150c62e05d8cca6b3445ac57a94015f8dc3f55a33f6b20842b
quickjs,math-cordic,25,1,30081800,30081800.0,CHECKSUM=10362.570468755888,,0,True,b1e3635616ba731cd23fdbce58c1a07699fe9cc9d3221b4544a15b83dddda66d
v8_ignition,math-cordic,25,1,50873300,50873300.0,CHECKSUM=10362.570468755888,,0,True,b1e3635616ba731cd23fdbce58c1a07699fe9cc9d3221b4544a15b83dddda66d
quickjs,access-binary-trees,25,1,20538200,20538200.0,CHECKSUM=-4,,0,True,214d150194967dc8deab31375341ec05b469d81e07cb32d7f4f925a2bdaed33f
v8_ignition,access-binary-trees,25,1,38253100,38253100.0,CHECKSUM=-4,,0,True,214d150194967dc8deab31375341ec05b469d81e07cb32d7f4f925a2bdaed33f
quickjs,math-partial-sums,25,1,24995700,24995700.0,CHECKSUM=60.08994194659945,,0,True,e62b49f948574a4023e7faed74c3a3eb98afd12564b07f4ad9da8a3a45124ede
v8_ignition,math-partial-sums,25,1,46146000,46146000.0,CHECKSUM=60.08994194659945,,0,True,e62b49f948574a4023e7faed74c3a3eb98afd12564b07f4ad9da8a3a45124ede
quickjs,access-fannkuch,25,1,43993800,43993800.0,CHECKSUM=22,,0,True,08eb023212740c0bbecdf88720a9a27e5a5aac1ee855980c49106b7c6387339f
v8_ignition,access-fannkuch,25,1,70174300,70174300.0,CHECKSUM=22,,0,True,08eb023212740c0bbecdf88720a9a27e5a5aac1ee855980c49106b7c6387339f
quickjs,3d-morph,25,1,31619000,31619000.0,CHECKSUM=0,,0,True,410d94cc7264e0cf2b5e6424467cd9fd16926f46b992fcb46610f2388160bf50
v8_ignition,3d-morph,25,1,55206900,55206900.0,CHECKSUM=0,,0,True,410d94cc7264e0cf2b5e6424467cd9fd16926f46b992fcb46610f2388160bf50
quickjs,string-fasta,25,1,34935500,34935500.0,CHECKSUM=1456000,,0,True,2964af65925747170a57b89b5098f715f862e85d460c52664eec569ce0eb9bd5
v8_ignition,string-fasta,25,1,43107300,43107300.0,CHECKSUM=1456000,,0,True,2964af65925747170a57b89b5098f715f862e85d460c52664eec569ce0eb9bd5
quickjs,string-base64,25,1,30325100,30325100.0,CHECKSUM=32768,,0,True,ccd906f060f67dd6ef06144222ded2fd08c556d51705e849a67fe07850d0b338
v8_ignition,string-base64,25,1,39662000,39662000.0,CHECKSUM=32768,,0,True,ccd906f060f67dd6ef06144222ded2fd08c556d51705e849a67fe07850d0b338
quickjs,date-format-xparb,25,1,29108600,29108600.0,"CHECKSUM=2017-09-05|Tuesday, September 05, 2017 7:43:48 AM|1504652895000",,0,True,ea5c1e2186ba44743d75d49b09dee763fe33c73e6e2f3466813485d86a6d8d7b
v8_ignition,date-format-xparb,25,1,38973200,38973200.0,"CHECKSUM=2017-09-05|Tuesday, September 05, 2017 7:43:48 AM|1504652895000",,0,True,ea5c1e2186ba44743d75d49b09dee763fe33c73e6e2f3466813485d86a6d8d7b
quickjs,string-unpack-code,25,1,68891500,68891500.0,CHECKSUM=511508,,0,True,bbd5eeae028b78305486482b81e5024645977cdbb0ed03185b92404217019e0c
v8_ignition,string-unpack-code,25,1,44779100,44779100.0,CHECKSUM=511508,,0,True,bbd5eeae028b78305486482b81e5024645977cdbb0ed03185b92404217019e0c
quickjs,crypto-sha1,25,1,16144800,16144800.0,CHECKSUM=2524d264def74cce2498bf112bedf00e6c0b796d,,0,True,6658dd0c90ffb7e284f57cd61f2d737b5e8fd2d25bd68390edfec73d2c5d6cfe
v8_ignition,crypto-sha1,25,1,42793200,42793200.0,CHECKSUM=2524d264def74cce2498bf112bedf00e6c0b796d,,0,True,6658dd0c90ffb7e284f57cd61f2d737b5e8fd2d25bd68390edfec73d2c5d6cfe
quickjs,date-format-tofte,25,1,39982900,39982900.0,"CHECKSUM=2008-05-01|Thursday, May 01, 2008 5:31:22 PM|1209718549000",,0,True,daf9ace6c7441fbb4070a07334f94cfbf9e5719900dc12fe5ee4062bc3694a0a
v8_ignition,date-format-tofte,25,1,43191400,43191400.0,"CHECKSUM=2008-05-01|Thursday, May 01, 2008 5:31:22 PM|1209718549000",,0,True,daf9ace6c7441fbb4070a07334f94cfbf9e5719900dc12fe5ee4062bc3694a0a
quickjs,controlflow-recursive,25,1,16006200,16006200.0,CHECKSUM=57775,,0,True,91faf2d89e3d0a20986fa88d26cdb1f26ac80defde879935b00a40114b08a5dd
v8_ignition,controlflow-recursive,25,1,38861500,38861500.0,CHECKSUM=57775,,0,True,91faf2d89e3d0a20986fa88d26cdb1f26ac80defde879935b00a40114b08a5dd
quickjs,crypto-aes,25,1,23785700,23785700.0,CHECKSUM=1343,,0,True,d71dac9b610831b62b5e492715f60ca8d90002726d2f64feaa226796c5817fca
v8_ignition,crypto-aes,25,1,52424200,52424200.0,CHECKSUM=1343,,0,True,d71dac9b610831b62b5e492715f60ca8d90002726d2f64feaa226796c5817fca
quickjs,access-nbody,25,1,23536000,23536000.0,CHECKSUM=-1.3524862408537381,,0,True,e9c16c1670be0a25f85ee4e543598cf020943f40913872f1c409383282dd1371
v8_ignition,access-nbody,25,1,51172500,51172500.0,CHECKSUM=-1.3524862408537381,,0,True,e9c16c1670be0a25f85ee4e543598cf020943f40913872f1c409383282dd1371
quickjs,string-tagcloud,25,1,36688100,36688100.0,CHECKSUM=315241,,0,True,2a98c22748514eeac27a00a220a10cde2135f9c9e16cc44b9e453d1b17e1e1cf
v8_ignition,string-tagcloud,25,1,46927200,46927200.0,CHECKSUM=315241,,0,True,2a98c22748514eeac27a00a220a10cde2135f9c9e16cc44b9e453d1b17e1e1cf
v8_ignition,math-cordic,26,1,55259300,55259300.0,CHECKSUM=10362.570468755888,,0,True,b1e3635616ba731cd23fdbce58c1a07699fe9cc9d3221b4544a15b83dddda66d
quickjs,math-cordic,26,1,30249200,30249200.0,CHECKSUM=10362.570468755888,,0,True,b1e3635616ba731cd23fdbce58c1a07699fe9cc9d3221b4544a15b83dddda66d
v8_ignition,crypto-md5,26,1,43080500,43080500.0,CHECKSUM=a831e91e0f70eddcb70dc61c6f82f6cd,,0,True,ac5362e324b5fac77d2a517d2e67c6a2e7b2fdc19977dfd72dcd93a61eb66eab
quickjs,crypto-md5,26,1,15821000,15821000.0,CHECKSUM=a831e91e0f70eddcb70dc61c6f82f6cd,,0,True,ac5362e324b5fac77d2a517d2e67c6a2e7b2fdc19977dfd72dcd93a61eb66eab
v8_ignition,access-nsieve,26,1,42616700,42616700.0,CHECKSUM=14302,,0,True,97beeae25f000861dc8bea33cc77b72a0a8e699e00f227f6f904d290be088b8a
quickjs,access-nsieve,26,1,32180400,32180400.0,CHECKSUM=14302,,0,True,97beeae25f000861dc8bea33cc77b72a0a8e699e00f227f6f904d290be088b8a
v8_ignition,bitops-bits-in-byte,26,1,51734300,51734300.0,CHECKSUM=358400,,0,True,97bccc62a3c6d6827e35180623b20a9f47a06e311fd0e33e41108c6b01e77f74
quickjs,bitops-bits-in-byte,26,1,28656900,28656900.0,CHECKSUM=358400,,0,True,97bccc62a3c6d6827e35180623b20a9f47a06e311fd0e33e41108c6b01e77f74
v8_ignition,string-unpack-code,26,1,44987300,44987300.0,CHECKSUM=511508,,0,True,bbd5eeae028b78305486482b81e5024645977cdbb0ed03185b92404217019e0c
quickjs,string-unpack-code,26,1,68434700,68434700.0,CHECKSUM=511508,,0,True,bbd5eeae028b78305486482b81e5024645977cdbb0ed03185b92404217019e0c
v8_ignition,access-binary-trees,26,1,40145100,40145100.0,CHECKSUM=-4,,0,True,214d150194967dc8deab31375341ec05b469d81e07cb32d7f4f925a2bdaed33f
quickjs,access-binary-trees,26,1,21216400,21216400.0,CHECKSUM=-4,,0,True,214d150194967dc8deab31375341ec05b469d81e07cb32d7f4f925a2bdaed33f
v8_ignition,math-partial-sums,26,1,46626000,46626000.0,CHECKSUM=60.08994194659945,,0,True,e62b49f948574a4023e7faed74c3a3eb98afd12564b07f4ad9da8a3a45124ede
quickjs,math-partial-sums,26,1,25703200,25703200.0,CHECKSUM=60.08994194659945,,0,True,e62b49f948574a4023e7faed74c3a3eb98afd12564b07f4ad9da8a3a45124ede
v8_ignition,crypto-sha1,26,1,43072000,43072000.0,CHECKSUM=2524d264def74cce2498bf112bedf00e6c0b796d,,0,True,6658dd0c90ffb7e284f57cd61f2d737b5e8fd2d25bd68390edfec73d2c5d6cfe
quickjs,crypto-sha1,26,1,14790200,14790200.0,CHECKSUM=2524d264def74cce2498bf112bedf00e6c0b796d,,0,True,6658dd0c90ffb7e284f57cd61f2d737b5e8fd2d25bd68390edfec73d2c5d6cfe
v8_ignition,crypto-aes,26,1,47430900,47430900.0,CHECKSUM=1343,,0,True,d71dac9b610831b62b5e492715f60ca8d90002726d2f64feaa226796c5817fca
quickjs,crypto-aes,26,1,23187700,23187700.0,CHECKSUM=1343,,0,True,d71dac9b610831b62b5e492715f60ca8d90002726d2f64feaa226796c5817fca
v8_ignition,bitops-nsieve-bits,26,1,55808300,55808300.0,CHECKSUM=-1286749544853,,0,True,0cf96c3f7fafb462e82ae4a79fb6943a8ebf8b9f938200af646ee960d106da93
quickjs,bitops-nsieve-bits,26,1,21171000,21171000.0,CHECKSUM=-1286749544853,,0,True,0cf96c3f7fafb462e82ae4a79fb6943a8ebf8b9f938200af646ee960d106da93
v8_ignition,3d-morph,26,1,53915000,53915000.0,CHECKSUM=0,,0,True,410d94cc7264e0cf2b5e6424467cd9fd16926f46b992fcb46610f2388160bf50
quickjs,3d-morph,26,1,31390700,31390700.0,CHECKSUM=0,,0,True,410d94cc7264e0cf2b5e6424467cd9fd16926f46b992fcb46610f2388160bf50
v8_ignition,string-tagcloud,26,1,44500700,44500700.0,CHECKSUM=315241,,0,True,2a98c22748514eeac27a00a220a10cde2135f9c9e16cc44b9e453d1b17e1e1cf
quickjs,string-tagcloud,26,1,36952800,36952800.0,CHECKSUM=315241,,0,True,2a98c22748514eeac27a00a220a10cde2135f9c9e16cc44b9e453d1b17e1e1cf
v8_ignition,bitops-3bit-bits-in-byte,26,1,41441200,41441200.0,CHECKSUM=512000,,0,True,144f9d2e008e0b150c62e05d8cca6b3445ac57a94015f8dc3f55a33f6b20842b
quickjs,bitops-3bit-bits-in-byte,26,1,17237300,17237300.0,CHECKSUM=512000,,0,True,144f9d2e008e0b150c62e05d8cca6b3445ac57a94015f8dc3f55a33f6b20842b
v8_ignition,access-fannkuch,26,1,69449200,69449200.0,CHECKSUM=22,,0,True,08eb023212740c0bbecdf88720a9a27e5a5aac1ee855980c49106b7c6387339f
quickjs,access-fannkuch,26,1,44896500,44896500.0,CHECKSUM=22,,0,True,08eb023212740c0bbecdf88720a9a27e5a5aac1ee855980c49106b7c6387339f
v8_ignition,math-spectral-norm,26,1,41890200,41890200.0,CHECKSUM=5.086694231303284,,0,True,2f0e90e3fd291e224ef3513ccdebb32a96dd94fa21fc75d142a857208641d8c6
quickjs,math-spectral-norm,26,1,16799100,16799100.0,CHECKSUM=5.086694231303284,,0,True,2f0e90e3fd291e224ef3513ccdebb32a96dd94fa21fc75d142a857208641d8c6
v8_ignition,string-fasta,26,1,43584600,43584600.0,CHECKSUM=1456000,,0,True,2964af65925747170a57b89b5098f715f862e85d460c52664eec569ce0eb9bd5
quickjs,string-fasta,26,1,36074500,36074500.0,CHECKSUM=1456000,,0,True,2964af65925747170a57b89b5098f715f862e85d460c52664eec569ce0eb9bd5
v8_ignition,3d-raytrace,26,1,49760600,49760600.0,CHECKSUM=20970,,0,True,e03e3e0915bbd01f7dbd2df183a3c1133d029803c443ce85102cba3b1c7e7e85
quickjs,3d-raytrace,26,1,23957000,23957000.0,CHECKSUM=20969,,0,True,e03e3e0915bbd01f7dbd2df183a3c1133d029803c443ce85102cba3b1c7e7e85
v8_ignition,access-nbody,26,1,49697700,49697700.0,CHECKSUM=-1.3524862408537381,,0,True,e9c16c1670be0a25f85ee4e543598cf020943f40913872f1c409383282dd1371
quickjs,access-nbody,26,1,23666000,23666000.0,CHECKSUM=-1.3524862408537381,,0,True,e9c16c1670be0a25f85ee4e543598cf020943f40913872f1c409383282dd1371
v8_ignition,controlflow-recursive,26,1,39557400,39557400.0,CHECKSUM=57775,,0,True,91faf2d89e3d0a20986fa88d26cdb1f26ac80defde879935b00a40114b08a5dd
quickjs,controlflow-recursive,26,1,16660300,16660300.0,CHECKSUM=57775,,0,True,91faf2d89e3d0a20986fa88d26cdb1f26ac80defde879935b00a40114b08a5dd
v8_ignition,date-format-tofte,26,1,42975100,42975100.0,"CHECKSUM=2008-05-01|Thursday, May 01, 2008 5:31:22 PM|1209718549000",,0,True,daf9ace6c7441fbb4070a07334f94cfbf9e5719900dc12fe5ee4062bc3694a0a
quickjs,date-format-tofte,26,1,40301500,40301500.0,"CHECKSUM=2008-05-01|Thursday, May 01, 2008 5:31:22 PM|1209718549000",,0,True,daf9ace6c7441fbb4070a07334f94cfbf9e5719900dc12fe5ee4062bc3694a0a
v8_ignition,regexp-dna,26,1,40037100,40037100.0,CHECKSUM=249:300056,,0,True,b5c7609f15d1bdadfb7ccebb86a138de2604980446964559cccccda2dbfbe053
quickjs,regexp-dna,26,1,90721100,90721100.0,CHECKSUM=249:300056,,0,True,b5c7609f15d1bdadfb7ccebb86a138de2604980446964559cccccda2dbfbe053
v8_ignition,3d-cube,26,1,55495100,55495100.0,CHECKSUM=320,,0,True,482356effb1e142ec7f15afe43a8f09d02e95afb563d0b8ee8e990fb26232d73
quickjs,3d-cube,26,1,39481500,39481500.0,CHECKSUM=320,,0,True,482356effb1e142ec7f15afe43a8f09d02e95afb563d0b8ee8e990fb26232d73
v8_ignition,bitops-bitwise-and,26,1,41535300,41535300.0,CHECKSUM=0,,0,True,1cbfb22327a195d53284c9b68676b43e34b78f14a13a44d129296aede11390cf
quickjs,bitops-bitwise-and,26,1,14375200,14375200.0,CHECKSUM=0,,0,True,1cbfb22327a195d53284c9b68676b43e34b78f14a13a44d129296aede11390cf
v8_ignition,date-format-xparb,26,1,41631300,41631300.0,"CHECKSUM=2017-09-05|Tuesday, September 05, 2017 7:43:48 AM|1504652895000",,0,True,ea5c1e2186ba44743d75d49b09dee763fe33c73e6e2f3466813485d86a6d8d7b
quickjs,date-format-xparb,26,1,28861300,28861300.0,"CHECKSUM=2017-09-05|Tuesday, September 05, 2017 7:43:48 AM|1504652895000",,0,True,ea5c1e2186ba44743d75d49b09dee763fe33c73e6e2f3466813485d86a6d8d7b
v8_ignition,string-validate-input,26,1,48263600,48263600.0,CHECKSUM=462000,,0,True,a91e85f87af92025f8dcb0f7045f42bca283920b9b7b535a1d213785aaba253c
quickjs,string-validate-input,26,1,23034600,23034600.0,CHECKSUM=462000,,0,True,a91e85f87af92025f8dcb0f7045f42bca283920b9b7b535a1d213785aaba253c
v8_ignition,string-base64,26,1,40327400,40327400.0,CHECKSUM=32768,,0,True,ccd906f060f67dd6ef06144222ded2fd08c556d51705e849a67fe07850d0b338
quickjs,string-base64,26,1,30759900,30759900.0,CHECKSUM=32768,,0,True,ccd906f060f67dd6ef06144222ded2fd08c556d51705e849a67fe07850d0b338
quickjs,controlflow-recursive,27,1,16156900,16156900.0,CHECKSUM=57775,,0,True,91faf2d89e3d0a20986fa88d26cdb1f26ac80defde879935b00a40114b08a5dd
v8_ignition,controlflow-recursive,27,1,39278100,39278100.0,CHECKSUM=57775,,0,True,91faf2d89e3d0a20986fa88d26cdb1f26ac80defde879935b00a40114b08a5dd
quickjs,crypto-md5,27,1,15723600,15723600.0,CHECKSUM=a831e91e0f70eddcb70dc61c6f82f6cd,,0,True,ac5362e324b5fac77d2a517d2e67c6a2e7b2fdc19977dfd72dcd93a61eb66eab
v8_ignition,crypto-md5,27,1,39807000,39807000.0,CHECKSUM=a831e91e0f70eddcb70dc61c6f82f6cd,,0,True,ac5362e324b5fac77d2a517d2e67c6a2e7b2fdc19977dfd72dcd93a61eb66eab
quickjs,access-nsieve,27,1,31994300,31994300.0,CHECKSUM=14302,,0,True,97beeae25f000861dc8bea33cc77b72a0a8e699e00f227f6f904d290be088b8a
v8_ignition,access-nsieve,27,1,43438300,43438300.0,CHECKSUM=14302,,0,True,97beeae25f000861dc8bea33cc77b72a0a8e699e00f227f6f904d290be088b8a
quickjs,math-spectral-norm,27,1,17142900,17142900.0,CHECKSUM=5.086694231303284,,0,True,2f0e90e3fd291e224ef3513ccdebb32a96dd94fa21fc75d142a857208641d8c6
v8_ignition,math-spectral-norm,27,1,41622900,41622900.0,CHECKSUM=5.086694231303284,,0,True,2f0e90e3fd291e224ef3513ccdebb32a96dd94fa21fc75d142a857208641d8c6
quickjs,bitops-bits-in-byte,27,1,27702600,27702600.0,CHECKSUM=358400,,0,True,97bccc62a3c6d6827e35180623b20a9f47a06e311fd0e33e41108c6b01e77f74
v8_ignition,bitops-bits-in-byte,27,1,51738800,51738800.0,CHECKSUM=358400,,0,True,97bccc62a3c6d6827e35180623b20a9f47a06e311fd0e33e41108c6b01e77f74
quickjs,string-unpack-code,27,1,68934900,68934900.0,CHECKSUM=511508,,0,True,bbd5eeae028b78305486482b81e5024645977cdbb0ed03185b92404217019e0c
v8_ignition,string-unpack-code,27,1,45233800,45233800.0,CHECKSUM=511508,,0,True,bbd5eeae028b78305486482b81e5024645977cdbb0ed03185b92404217019e0c
quickjs,string-validate-input,27,1,22034900,22034900.0,CHECKSUM=462000,,0,True,a91e85f87af92025f8dcb0f7045f42bca283920b9b7b535a1d213785aaba253c
v8_ignition,string-validate-input,27,1,44701300,44701300.0,CHECKSUM=462000,,0,True,a91e85f87af92025f8dcb0f7045f42bca283920b9b7b535a1d213785aaba253c
quickjs,3d-morph,27,1,33812200,33812200.0,CHECKSUM=0,,0,True,410d94cc7264e0cf2b5e6424467cd9fd16926f46b992fcb46610f2388160bf50
v8_ignition,3d-morph,27,1,53426600,53426600.0,CHECKSUM=0,,0,True,410d94cc7264e0cf2b5e6424467cd9fd16926f46b992fcb46610f2388160bf50
quickjs,access-fannkuch,27,1,44308800,44308800.0,CHECKSUM=22,,0,True,08eb023212740c0bbecdf88720a9a27e5a5aac1ee855980c49106b7c6387339f
v8_ignition,access-fannkuch,27,1,69023100,69023100.0,CHECKSUM=22,,0,True,08eb023212740c0bbecdf88720a9a27e5a5aac1ee855980c49106b7c6387339f
quickjs,bitops-nsieve-bits,27,1,21391400,21391400.0,CHECKSUM=-1286749544853,,0,True,0cf96c3f7fafb462e82ae4a79fb6943a8ebf8b9f938200af646ee960d106da93
v8_ignition,bitops-nsieve-bits,27,1,58934900,58934900.0,CHECKSUM=-1286749544853,,0,True,0cf96c3f7fafb462e82ae4a79fb6943a8ebf8b9f938200af646ee960d106da93
quickjs,crypto-aes,27,1,23080300,23080300.0,CHECKSUM=1343,,0,True,d71dac9b610831b62b5e492715f60ca8d90002726d2f64feaa226796c5817fca
v8_ignition,crypto-aes,27,1,50692800,50692800.0,CHECKSUM=1343,,0,True,d71dac9b610831b62b5e492715f60ca8d90002726d2f64feaa226796c5817fca
quickjs,3d-cube,27,1,39619000,39619000.0,CHECKSUM=320,,0,True,482356effb1e142ec7f15afe43a8f09d02e95afb563d0b8ee8e990fb26232d73
v8_ignition,3d-cube,27,1,54294600,54294600.0,CHECKSUM=320,,0,True,482356effb1e142ec7f15afe43a8f09d02e95afb563d0b8ee8e990fb26232d73
quickjs,access-binary-trees,27,1,20226500,20226500.0,CHECKSUM=-4,,0,True,214d150194967dc8deab31375341ec05b469d81e07cb32d7f4f925a2bdaed33f
v8_ignition,access-binary-trees,27,1,37523300,37523300.0,CHECKSUM=-4,,0,True,214d150194967dc8deab31375341ec05b469d81e07cb32d7f4f925a2bdaed33f
quickjs,string-base64,27,1,30655200,30655200.0,CHECKSUM=32768,,0,True,ccd906f060f67dd6ef06144222ded2fd08c556d51705e849a67fe07850d0b338
v8_ignition,string-base64,27,1,39302200,39302200.0,CHECKSUM=32768,,0,True,ccd906f060f67dd6ef06144222ded2fd08c556d51705e849a67fe07850d0b338
quickjs,crypto-sha1,27,1,15024400,15024400.0,CHECKSUM=2524d264def74cce2498bf112bedf00e6c0b796d,,0,True,6658dd0c90ffb7e284f57cd61f2d737b5e8fd2d25bd68390edfec73d2c5d6cfe
v8_ignition,crypto-sha1,27,1,41584400,41584400.0,CHECKSUM=2524d264def74cce2498bf112bedf00e6c0b796d,,0,True,6658dd0c90ffb7e284f57cd61f2d737b5e8fd2d25bd68390edfec73d2c5d6cfe
quickjs,bitops-bitwise-and,27,1,14550300,14550300.0,CHECKSUM=0,,0,True,1cbfb22327a195d53284c9b68676b43e34b78f14a13a44d129296aede11390cf
v8_ignition,bitops-bitwise-and,27,1,41251000,41251000.0,CHECKSUM=0,,0,True,1cbfb22327a195d53284c9b68676b43e34b78f14a13a44d129296aede11390cf
quickjs,math-partial-sums,27,1,25395800,25395800.0,CHECKSUM=60.08994194659945,,0,True,e62b49f948574a4023e7faed74c3a3eb98afd12564b07f4ad9da8a3a45124ede
v8_ignition,math-partial-sums,27,1,45376600,45376600.0,CHECKSUM=60.08994194659945,,0,True,e62b49f948574a4023e7faed74c3a3eb98afd12564b07f4ad9da8a3a45124ede
quickjs,regexp-dna,27,1,90657700,90657700.0,CHECKSUM=249:300056,,0,True,b5c7609f15d1bdadfb7ccebb86a138de2604980446964559cccccda2dbfbe053
v8_ignition,regexp-dna,27,1,40329800,40329800.0,CHECKSUM=249:300056,,0,True,b5c7609f15d1bdadfb7ccebb86a138de2604980446964559cccccda2dbfbe053
quickjs,date-format-tofte,27,1,40449700,40449700.0,"CHECKSUM=2008-05-01|Thursday, May 01, 2008 5:31:22 PM|1209718549000",,0,True,daf9ace6c7441fbb4070a07334f94cfbf9e5719900dc12fe5ee4062bc3694a0a
v8_ignition,date-format-tofte,27,1,42558800,42558800.0,"CHECKSUM=2008-05-01|Thursday, May 01, 2008 5:31:22 PM|1209718549000",,0,True,daf9ace6c7441fbb4070a07334f94cfbf9e5719900dc12fe5ee4062bc3694a0a
quickjs,access-nbody,27,1,23809700,23809700.0,CHECKSUM=-1.3524862408537381,,0,True,e9c16c1670be0a25f85ee4e543598cf020943f40913872f1c409383282dd1371
v8_ignition,access-nbody,27,1,50976800,50976800.0,CHECKSUM=-1.3524862408537381,,0,True,e9c16c1670be0a25f85ee4e543598cf020943f40913872f1c409383282dd1371
quickjs,3d-raytrace,27,1,23518900,23518900.0,CHECKSUM=20969,,0,True,e03e3e0915bbd01f7dbd2df183a3c1133d029803c443ce85102cba3b1c7e7e85
v8_ignition,3d-raytrace,27,1,49619400,49619400.0,CHECKSUM=20970,,0,True,e03e3e0915bbd01f7dbd2df183a3c1133d029803c443ce85102cba3b1c7e7e85
quickjs,date-format-xparb,27,1,29361600,29361600.0,"CHECKSUM=2017-09-05|Tuesday, September 05, 2017 7:43:48 AM|1504652895000",,0,True,ea5c1e2186ba44743d75d49b09dee763fe33c73e6e2f3466813485d86a6d8d7b
v8_ignition,date-format-xparb,27,1,41162400,41162400.0,"CHECKSUM=2017-09-05|Tuesday, September 05, 2017 7:43:48 AM|1504652895000",,0,True,ea5c1e2186ba44743d75d49b09dee763fe33c73e6e2f3466813485d86a6d8d7b
quickjs,bitops-3bit-bits-in-byte,27,1,16758300,16758300.0,CHECKSUM=512000,,0,True,144f9d2e008e0b150c62e05d8cca6b3445ac57a94015f8dc3f55a33f6b20842b
v8_ignition,bitops-3bit-bits-in-byte,27,1,39711400,39711400.0,CHECKSUM=512000,,0,True,144f9d2e008e0b150c62e05d8cca6b3445ac57a94015f8dc3f55a33f6b20842b
quickjs,string-fasta,27,1,35567500,35567500.0,CHECKSUM=1456000,,0,True,2964af65925747170a57b89b5098f715f862e85d460c52664eec569ce0eb9bd5
v8_ignition,string-fasta,27,1,45468600,45468600.0,CHECKSUM=1456000,,0,True,2964af65925747170a57b89b5098f715f862e85d460c52664eec569ce0eb9bd5
quickjs,math-cordic,27,1,30183100,30183100.0,CHECKSUM=10362.570468755888,,0,True,b1e3635616ba731cd23fdbce58c1a07699fe9cc9d3221b4544a15b83dddda66d
v8_ignition,math-cordic,27,1,55089800,55089800.0,CHECKSUM=10362.570468755888,,0,True,b1e3635616ba731cd23fdbce58c1a07699fe9cc9d3221b4544a15b83dddda66d
quickjs,string-tagcloud,27,1,37244600,37244600.0,CHECKSUM=315241,,0,True,2a98c22748514eeac27a00a220a10cde2135f9c9e16cc44b9e453d1b17e1e1cf
v8_ignition,string-tagcloud,27,1,43907900,43907900.0,CHECKSUM=315241,,0,True,2a98c22748514eeac27a00a220a10cde2135f9c9e16cc44b9e453d1b17e1e1cf
v8_ignition,date-format-xparb,28,1,40839700,40839700.0,"CHECKSUM=2017-09-05|Tuesday, September 05, 2017 7:43:48 AM|1504652895000",,0,True,ea5c1e2186ba44743d75d49b09dee763fe33c73e6e2f3466813485d86a6d8d7b
quickjs,date-format-xparb,28,1,29271900,29271900.0,"CHECKSUM=2017-09-05|Tuesday, September 05, 2017 7:43:48 AM|1504652895000",,0,True,ea5c1e2186ba44743d75d49b09dee763fe33c73e6e2f3466813485d86a6d8d7b
v8_ignition,bitops-nsieve-bits,28,1,55592500,55592500.0,CHECKSUM=-1286749544853,,0,True,0cf96c3f7fafb462e82ae4a79fb6943a8ebf8b9f938200af646ee960d106da93
quickjs,bitops-nsieve-bits,28,1,21175700,21175700.0,CHECKSUM=-1286749544853,,0,True,0cf96c3f7fafb462e82ae4a79fb6943a8ebf8b9f938200af646ee960d106da93
v8_ignition,date-format-tofte,28,1,42762900,42762900.0,"CHECKSUM=2008-05-01|Thursday, May 01, 2008 5:31:22 PM|1209718549000",,0,True,daf9ace6c7441fbb4070a07334f94cfbf9e5719900dc12fe5ee4062bc3694a0a
quickjs,date-format-tofte,28,1,40233900,40233900.0,"CHECKSUM=2008-05-01|Thursday, May 01, 2008 5:31:22 PM|1209718549000",,0,True,daf9ace6c7441fbb4070a07334f94cfbf9e5719900dc12fe5ee4062bc3694a0a
v8_ignition,string-validate-input,28,1,40756700,40756700.0,CHECKSUM=462000,,0,True,a91e85f87af92025f8dcb0f7045f42bca283920b9b7b535a1d213785aaba253c
quickjs,string-validate-input,28,1,22397500,22397500.0,CHECKSUM=462000,,0,True,a91e85f87af92025f8dcb0f7045f42bca283920b9b7b535a1d213785aaba253c
v8_ignition,crypto-md5,28,1,41955900,41955900.0,CHECKSUM=a831e91e0f70eddcb70dc61c6f82f6cd,,0,True,ac5362e324b5fac77d2a517d2e67c6a2e7b2fdc19977dfd72dcd93a61eb66eab
quickjs,crypto-md5,28,1,15825800,15825800.0,CHECKSUM=a831e91e0f70eddcb70dc61c6f82f6cd,,0,True,ac5362e324b5fac77d2a517d2e67c6a2e7b2fdc19977dfd72dcd93a61eb66eab
v8_ignition,access-nsieve,28,1,44379600,44379600.0,CHECKSUM=14302,,0,True,97beeae25f000861dc8bea33cc77b72a0a8e699e00f227f6f904d290be088b8a
quickjs,access-nsieve,28,1,31982400,31982400.0,CHECKSUM=14302,,0,True,97beeae25f000861dc8bea33cc77b72a0a8e699e00f227f6f904d290be088b8a
v8_ignition,3d-morph,28,1,53975000,53975000.0,CHECKSUM=0,,0,True,410d94cc7264e0cf2b5e6424467cd9fd16926f46b992fcb46610f2388160bf50
quickjs,3d-morph,28,1,30623000,30623000.0,CHECKSUM=0,,0,True,410d94cc7264e0cf2b5e6424467cd9fd16926f46b992fcb46610f2388160bf50
v8_ignition,access-fannkuch,28,1,69705100,69705100.0,CHECKSUM=22,,0,True,08eb023212740c0bbecdf88720a9a27e5a5aac1ee855980c49106b7c6387339f
quickjs,access-fannkuch,28,1,44479300,44479300.0,CHECKSUM=22,,0,True,08eb023212740c0bbecdf88720a9a27e5a5aac1ee855980c49106b7c6387339f
v8_ignition,string-tagcloud,28,1,44909100,44909100.0,CHECKSUM=315241,,0,True,2a98c22748514eeac27a00a220a10cde2135f9c9e16cc44b9e453d1b17e1e1cf
quickjs,string-tagcloud,28,1,37544700,37544700.0,CHECKSUM=315241,,0,True,2a98c22748514eeac27a00a220a10cde2135f9c9e16cc44b9e453d1b17e1e1cf
v8_ignition,bitops-3bit-bits-in-byte,28,1,40503200,40503200.0,CHECKSUM=512000,,0,True,144f9d2e008e0b150c62e05d8cca6b3445ac57a94015f8dc3f55a33f6b20842b
quickjs,bitops-3bit-bits-in-byte,28,1,17037200,17037200.0,CHECKSUM=512000,,0,True,144f9d2e008e0b150c62e05d8cca6b3445ac57a94015f8dc3f55a33f6b20842b
v8_ignition,controlflow-recursive,28,1,38953900,38953900.0,CHECKSUM=57775,,0,True,91faf2d89e3d0a20986fa88d26cdb1f26ac80defde879935b00a40114b08a5dd
quickjs,controlflow-recursive,28,1,16691800,16691800.0,CHECKSUM=57775,,0,True,91faf2d89e3d0a20986fa88d26cdb1f26ac80defde879935b00a40114b08a5dd
v8_ignition,access-binary-trees,28,1,37646100,37646100.0,CHECKSUM=-4,,0,True,214d150194967dc8deab31375341ec05b469d81e07cb32d7f4f925a2bdaed33f
quickjs,access-binary-trees,28,1,20268100,20268100.0,CHECKSUM=-4,,0,True,214d150194967dc8deab31375341ec05b469d81e07cb32d7f4f925a2bdaed33f
v8_ignition,access-nbody,28,1,51831300,51831300.0,CHECKSUM=-1.3524862408537381,,0,True,e9c16c1670be0a25f85ee4e543598cf020943f40913872f1c409383282dd1371
quickjs,access-nbody,28,1,23977300,23977300.0,CHECKSUM=-1.3524862408537381,,0,True,e9c16c1670be0a25f85ee4e543598cf020943f40913872f1c409383282dd1371
v8_ignition,math-cordic,28,1,51571200,51571200.0,CHECKSUM=10362.570468755888,,0,True,b1e3635616ba731cd23fdbce58c1a07699fe9cc9d3221b4544a15b83dddda66d
quickjs,math-cordic,28,1,30560000,30560000.0,CHECKSUM=10362.570468755888,,0,True,b1e3635616ba731cd23fdbce58c1a07699fe9cc9d3221b4544a15b83dddda66d
v8_ignition,regexp-dna,28,1,37933000,37933000.0,CHECKSUM=249:300056,,0,True,b5c7609f15d1bdadfb7ccebb86a138de2604980446964559cccccda2dbfbe053
quickjs,regexp-dna,28,1,91354700,91354700.0,CHECKSUM=249:300056,,0,True,b5c7609f15d1bdadfb7ccebb86a138de2604980446964559cccccda2dbfbe053
v8_ignition,3d-cube,28,1,55804000,55804000.0,CHECKSUM=320,,0,True,482356effb1e142ec7f15afe43a8f09d02e95afb563d0b8ee8e990fb26232d73
quickjs,3d-cube,28,1,39694800,39694800.0,CHECKSUM=320,,0,True,482356effb1e142ec7f15afe43a8f09d02e95afb563d0b8ee8e990fb26232d73
v8_ignition,string-unpack-code,28,1,46420800,46420800.0,CHECKSUM=511508,,0,True,bbd5eeae028b78305486482b81e5024645977cdbb0ed03185b92404217019e0c
quickjs,string-unpack-code,28,1,69020800,69020800.0,CHECKSUM=511508,,0,True,bbd5eeae028b78305486482b81e5024645977cdbb0ed03185b92404217019e0c
v8_ignition,3d-raytrace,28,1,49559100,49559100.0,CHECKSUM=20970,,0,True,e03e3e0915bbd01f7dbd2df183a3c1133d029803c443ce85102cba3b1c7e7e85
quickjs,3d-raytrace,28,1,23832700,23832700.0,CHECKSUM=20969,,0,True,e03e3e0915bbd01f7dbd2df183a3c1133d029803c443ce85102cba3b1c7e7e85
v8_ignition,math-spectral-norm,28,1,40563600,40563600.0,CHECKSUM=5.086694231303284,,0,True,2f0e90e3fd291e224ef3513ccdebb32a96dd94fa21fc75d142a857208641d8c6
quickjs,math-spectral-norm,28,1,17269400,17269400.0,CHECKSUM=5.086694231303284,,0,True,2f0e90e3fd291e224ef3513ccdebb32a96dd94fa21fc75d142a857208641d8c6
v8_ignition,crypto-aes,28,1,49673700,49673700.0,CHECKSUM=1343,,0,True,d71dac9b610831b62b5e492715f60ca8d90002726d2f64feaa226796c5817fca
quickjs,crypto-aes,28,1,23271700,23271700.0,CHECKSUM=1343,,0,True,d71dac9b610831b62b5e492715f60ca8d90002726d2f64feaa226796c5817fca
v8_ignition,math-partial-sums,28,1,45706900,45706900.0,CHECKSUM=60.08994194659945,,0,True,e62b49f948574a4023e7faed74c3a3eb98afd12564b07f4ad9da8a3a45124ede
quickjs,math-partial-sums,28,1,25058100,25058100.0,CHECKSUM=60.08994194659945,,0,True,e62b49f948574a4023e7faed74c3a3eb98afd12564b07f4ad9da8a3a45124ede
v8_ignition,bitops-bitwise-and,28,1,44235100,44235100.0,CHECKSUM=0,,0,True,1cbfb22327a195d53284c9b68676b43e34b78f14a13a44d129296aede11390cf
quickjs,bitops-bitwise-and,28,1,16741300,16741300.0,CHECKSUM=0,,0,True,1cbfb22327a195d53284c9b68676b43e34b78f14a13a44d129296aede11390cf
v8_ignition,string-fasta,28,1,48067800,48067800.0,CHECKSUM=1456000,,0,True,2964af65925747170a57b89b5098f715f862e85d460c52664eec569ce0eb9bd5
quickjs,string-fasta,28,1,35399100,35399100.0,CHECKSUM=1456000,,0,True,2964af65925747170a57b89b5098f715f862e85d460c52664eec569ce0eb9bd5
v8_ignition,bitops-bits-in-byte,28,1,53330900,53330900.0,CHECKSUM=358400,,0,True,97bccc62a3c6d6827e35180623b20a9f47a06e311fd0e33e41108c6b01e77f74
quickjs,bitops-bits-in-byte,28,1,27813500,27813500.0,CHECKSUM=358400,,0,True,97bccc62a3c6d6827e35180623b20a9f47a06e311fd0e33e41108c6b01e77f74
v8_ignition,string-base64,28,1,39926700,39926700.0,CHECKSUM=32768,,0,True,ccd906f060f67dd6ef06144222ded2fd08c556d51705e849a67fe07850d0b338
quickjs,string-base64,28,1,30756200,30756200.0,CHECKSUM=32768,,0,True,ccd906f060f67dd6ef06144222ded2fd08c556d51705e849a67fe07850d0b338
v8_ignition,crypto-sha1,28,1,43528100,43528100.0,CHECKSUM=2524d264def74cce2498bf112bedf00e6c0b796d,,0,True,6658dd0c90ffb7e284f57cd61f2d737b5e8fd2d25bd68390edfec73d2c5d6cfe
quickjs,crypto-sha1,28,1,15073900,15073900.0,CHECKSUM=2524d264def74cce2498bf112bedf00e6c0b796d,,0,True,6658dd0c90ffb7e284f57cd61f2d737b5e8fd2d25bd68390edfec73d2c5d6cfe
quickjs,string-validate-input,29,1,21847800,21847800.0,CHECKSUM=462000,,0,True,a91e85f87af92025f8dcb0f7045f42bca283920b9b7b535a1d213785aaba253c
v8_ignition,string-validate-input,29,1,40712800,40712800.0,CHECKSUM=462000,,0,True,a91e85f87af92025f8dcb0f7045f42bca283920b9b7b535a1d213785aaba253c
quickjs,controlflow-recursive,29,1,16278300,16278300.0,CHECKSUM=57775,,0,True,91faf2d89e3d0a20986fa88d26cdb1f26ac80defde879935b00a40114b08a5dd
v8_ignition,controlflow-recursive,29,1,39036200,39036200.0,CHECKSUM=57775,,0,True,91faf2d89e3d0a20986fa88d26cdb1f26ac80defde879935b00a40114b08a5dd
quickjs,3d-cube,29,1,39675900,39675900.0,CHECKSUM=320,,0,True,482356effb1e142ec7f15afe43a8f09d02e95afb563d0b8ee8e990fb26232d73
v8_ignition,3d-cube,29,1,54791300,54791300.0,CHECKSUM=320,,0,True,482356effb1e142ec7f15afe43a8f09d02e95afb563d0b8ee8e990fb26232d73
quickjs,access-binary-trees,29,1,20759900,20759900.0,CHECKSUM=-4,,0,True,214d150194967dc8deab31375341ec05b469d81e07cb32d7f4f925a2bdaed33f
v8_ignition,access-binary-trees,29,1,38898000,38898000.0,CHECKSUM=-4,,0,True,214d150194967dc8deab31375341ec05b469d81e07cb32d7f4f925a2bdaed33f
quickjs,bitops-nsieve-bits,29,1,21554300,21554300.0,CHECKSUM=-1286749544853,,0,True,0cf96c3f7fafb462e82ae4a79fb6943a8ebf8b9f938200af646ee960d106da93
v8_ignition,bitops-nsieve-bits,29,1,57332600,57332600.0,CHECKSUM=-1286749544853,,0,True,0cf96c3f7fafb462e82ae4a79fb6943a8ebf8b9f938200af646ee960d106da93
quickjs,math-cordic,29,1,29933900,29933900.0,CHECKSUM=10362.570468755888,,0,True,b1e3635616ba731cd23fdbce58c1a07699fe9cc9d3221b4544a15b83dddda66d
v8_ignition,math-cordic,29,1,52282300,52282300.0,CHECKSUM=10362.570468755888,,0,True,b1e3635616ba731cd23fdbce58c1a07699fe9cc9d3221b4544a15b83dddda66d
quickjs,bitops-3bit-bits-in-byte,29,1,17273900,17273900.0,CHECKSUM=512000,,0,True,144f9d2e008e0b150c62e05d8cca6b3445ac57a94015f8dc3f55a33f6b20842b
v8_ignition,bitops-3bit-bits-in-byte,29,1,39584700,39584700.0,CHECKSUM=512000,,0,True,144f9d2e008e0b150c62e05d8cca6b3445ac57a94015f8dc3f55a33f6b20842b
quickjs,date-format-xparb,29,1,30437800,30437800.0,"CHECKSUM=2017-09-05|Tuesday, September 05, 2017 7:43:48 AM|1504652895000",,0,True,ea5c1e2186ba44743d75d49b09dee763fe33c73e6e2f3466813485d86a6d8d7b
v8_ignition,date-format-xparb,29,1,43034700,43034700.0,"CHECKSUM=2017-09-05|Tuesday, September 05, 2017 7:43:48 AM|1504652895000",,0,True,ea5c1e2186ba44743d75d49b09dee763fe33c73e6e2f3466813485d86a6d8d7b
quickjs,string-unpack-code,29,1,71171700,71171700.0,CHECKSUM=511508,,0,True,bbd5eeae028b78305486482b81e5024645977cdbb0ed03185b92404217019e0c
v8_ignition,string-unpack-code,29,1,48434500,48434500.0,CHECKSUM=511508,,0,True,bbd5eeae028b78305486482b81e5024645977cdbb0ed03185b92404217019e0c
quickjs,math-spectral-norm,29,1,17944000,17944000.0,CHECKSUM=5.086694231303284,,0,True,2f0e90e3fd291e224ef3513ccdebb32a96dd94fa21fc75d142a857208641d8c6
v8_ignition,math-spectral-norm,29,1,41939100,41939100.0,CHECKSUM=5.086694231303284,,0,True,2f0e90e3fd291e224ef3513ccdebb32a96dd94fa21fc75d142a857208641d8c6
quickjs,bitops-bits-in-byte,29,1,27441000,27441000.0,CHECKSUM=358400,,0,True,97bccc62a3c6d6827e35180623b20a9f47a06e311fd0e33e41108c6b01e77f74
v8_ignition,bitops-bits-in-byte,29,1,52307800,52307800.0,CHECKSUM=358400,,0,True,97bccc62a3c6d6827e35180623b20a9f47a06e311fd0e33e41108c6b01e77f74
quickjs,date-format-tofte,29,1,40136400,40136400.0,"CHECKSUM=2008-05-01|Thursday, May 01, 2008 5:31:22 PM|1209718549000",,0,True,daf9ace6c7441fbb4070a07334f94cfbf9e5719900dc12fe5ee4062bc3694a0a
v8_ignition,date-format-tofte,29,1,43491500,43491500.0,"CHECKSUM=2008-05-01|Thursday, May 01, 2008 5:31:22 PM|1209718549000",,0,True,daf9ace6c7441fbb4070a07334f94cfbf9e5719900dc12fe5ee4062bc3694a0a
quickjs,string-base64,29,1,30898900,30898900.0,CHECKSUM=32768,,0,True,ccd906f060f67dd6ef06144222ded2fd08c556d51705e849a67fe07850d0b338
v8_ignition,string-base64,29,1,40815000,40815000.0,CHECKSUM=32768,,0,True,ccd906f060f67dd6ef06144222ded2fd08c556d51705e849a67fe07850d0b338
quickjs,access-fannkuch,29,1,45023600,45023600.0,CHECKSUM=22,,0,True,08eb023212740c0bbecdf88720a9a27e5a5aac1ee855980c49106b7c6387339f
v8_ignition,access-fannkuch,29,1,71095500,71095500.0,CHECKSUM=22,,0,True,08eb023212740c0bbecdf88720a9a27e5a5aac1ee855980c49106b7c6387339f
quickjs,3d-morph,29,1,31360200,31360200.0,CHECKSUM=0,,0,True,410d94cc7264e0cf2b5e6424467cd9fd16926f46b992fcb46610f2388160bf50
v8_ignition,3d-morph,29,1,54381000,54381000.0,CHECKSUM=0,,0,True,410d94cc7264e0cf2b5e6424467cd9fd16926f46b992fcb46610f2388160bf50
quickjs,bitops-bitwise-and,29,1,15281500,15281500.0,CHECKSUM=0,,0,True,1cbfb22327a195d53284c9b68676b43e34b78f14a13a44d129296aede11390cf
v8_ignition,bitops-bitwise-and,29,1,42749600,42749600.0,CHECKSUM=0,,0,True,1cbfb22327a195d53284c9b68676b43e34b78f14a13a44d129296aede11390cf
quickjs,regexp-dna,29,1,92247500,92247500.0,CHECKSUM=249:300056,,0,True,b5c7609f15d1bdadfb7ccebb86a138de2604980446964559cccccda2dbfbe053
v8_ignition,regexp-dna,29,1,40122500,40122500.0,CHECKSUM=249:300056,,0,True,b5c7609f15d1bdadfb7ccebb86a138de2604980446964559cccccda2dbfbe053
quickjs,crypto-md5,29,1,16020200,16020200.0,CHECKSUM=a831e91e0f70eddcb70dc61c6f82f6cd,,0,True,ac5362e324b5fac77d2a517d2e67c6a2e7b2fdc19977dfd72dcd93a61eb66eab
v8_ignition,crypto-md5,29,1,43092900,43092900.0,CHECKSUM=a831e91e0f70eddcb70dc61c6f82f6cd,,0,True,ac5362e324b5fac77d2a517d2e67c6a2e7b2fdc19977dfd72dcd93a61eb66eab
quickjs,3d-raytrace,29,1,25269300,25269300.0,CHECKSUM=20969,,0,True,e03e3e0915bbd01f7dbd2df183a3c1133d029803c443ce85102cba3b1c7e7e85
v8_ignition,3d-raytrace,29,1,53097100,53097100.0,CHECKSUM=20970,,0,True,e03e3e0915bbd01f7dbd2df183a3c1133d029803c443ce85102cba3b1c7e7e85
quickjs,crypto-sha1,29,1,15222500,15222500.0,CHECKSUM=2524d264def74cce2498bf112bedf00e6c0b796d,,0,True,6658dd0c90ffb7e284f57cd61f2d737b5e8fd2d25bd68390edfec73d2c5d6cfe
v8_ignition,crypto-sha1,29,1,43537000,43537000.0,CHECKSUM=2524d264def74cce2498bf112bedf00e6c0b796d,,0,True,6658dd0c90ffb7e284f57cd61f2d737b5e8fd2d25bd68390edfec73d2c5d6cfe
quickjs,access-nsieve,29,1,33254500,33254500.0,CHECKSUM=14302,,0,True,97beeae25f000861dc8bea33cc77b72a0a8e699e00f227f6f904d290be088b8a
v8_ignition,access-nsieve,29,1,42465100,42465100.0,CHECKSUM=14302,,0,True,97beeae25f000861dc8bea33cc77b72a0a8e699e00f227f6f904d290be088b8a
quickjs,string-fasta,29,1,35108800,35108800.0,CHECKSUM=1456000,,0,True,2964af65925747170a57b89b5098f715f862e85d460c52664eec569ce0eb9bd5
v8_ignition,string-fasta,29,1,44732800,44732800.0,CHECKSUM=1456000,,0,True,2964af65925747170a57b89b5098f715f862e85d460c52664eec569ce0eb9bd5
quickjs,access-nbody,29,1,24310800,24310800.0,CHECKSUM=-1.3524862408537381,,0,True,e9c16c1670be0a25f85ee4e543598cf020943f40913872f1c409383282dd1371
v8_ignition,access-nbody,29,1,51432900,51432900.0,CHECKSUM=-1.3524862408537381,,0,True,e9c16c1670be0a25f85ee4e543598cf020943f40913872f1c409383282dd1371
quickjs,crypto-aes,29,1,23986900,23986900.0,CHECKSUM=1343,,0,True,d71dac9b610831b62b5e492715f60ca8d90002726d2f64feaa226796c5817fca
v8_ignition,crypto-aes,29,1,49874600,49874600.0,CHECKSUM=1343,,0,True,d71dac9b610831b62b5e492715f60ca8d90002726d2f64feaa226796c5817fca
quickjs,string-tagcloud,29,1,36751200,36751200.0,CHECKSUM=315241,,0,True,2a98c22748514eeac27a00a220a10cde2135f9c9e16cc44b9e453d1b17e1e1cf
v8_ignition,string-tagcloud,29,1,46049700,46049700.0,CHECKSUM=315241,,0,True,2a98c22748514eeac27a00a220a10cde2135f9c9e16cc44b9e453d1b17e1e1cf
quickjs,math-partial-sums,29,1,25556200,25556200.0,CHECKSUM=60.08994194659945,,0,True,e62b49f948574a4023e7faed74c3a3eb98afd12564b07f4ad9da8a3a45124ede
v8_ignition,math-partial-sums,29,1,47267400,47267400.0,CHECKSUM=60.08994194659945,,0,True,e62b49f948574a4023e7faed74c3a3eb98afd12564b07f4ad9da8a3a45124ede
v8_ignition,3d-morph,30,1,54853200,54853200.0,CHECKSUM=0,,0,True,410d94cc7264e0cf2b5e6424467cd9fd16926f46b992fcb46610f2388160bf50
quickjs,3d-morph,30,1,31350300,31350300.0,CHECKSUM=0,,0,True,410d94cc7264e0cf2b5e6424467cd9fd16926f46b992fcb46610f2388160bf50
v8_ignition,string-unpack-code,30,1,45212900,45212900.0,CHECKSUM=511508,,0,True,bbd5eeae028b78305486482b81e5024645977cdbb0ed03185b92404217019e0c
quickjs,string-unpack-code,30,1,68979900,68979900.0,CHECKSUM=511508,,0,True,bbd5eeae028b78305486482b81e5024645977cdbb0ed03185b92404217019e0c
v8_ignition,controlflow-recursive,30,1,39542200,39542200.0,CHECKSUM=57775,,0,True,91faf2d89e3d0a20986fa88d26cdb1f26ac80defde879935b00a40114b08a5dd
quickjs,controlflow-recursive,30,1,16511700,16511700.0,CHECKSUM=57775,,0,True,91faf2d89e3d0a20986fa88d26cdb1f26ac80defde879935b00a40114b08a5dd
v8_ignition,bitops-bitwise-and,30,1,41012200,41012200.0,CHECKSUM=0,,0,True,1cbfb22327a195d53284c9b68676b43e34b78f14a13a44d129296aede11390cf
quickjs,bitops-bitwise-and,30,1,15313400,15313400.0,CHECKSUM=0,,0,True,1cbfb22327a195d53284c9b68676b43e34b78f14a13a44d129296aede11390cf
v8_ignition,crypto-sha1,30,1,43982200,43982200.0,CHECKSUM=2524d264def74cce2498bf112bedf00e6c0b796d,,0,True,6658dd0c90ffb7e284f57cd61f2d737b5e8fd2d25bd68390edfec73d2c5d6cfe
quickjs,crypto-sha1,30,1,14844500,14844500.0,CHECKSUM=2524d264def74cce2498bf112bedf00e6c0b796d,,0,True,6658dd0c90ffb7e284f57cd61f2d737b5e8fd2d25bd68390edfec73d2c5d6cfe
v8_ignition,regexp-dna,30,1,38064000,38064000.0,CHECKSUM=249:300056,,0,True,b5c7609f15d1bdadfb7ccebb86a138de2604980446964559cccccda2dbfbe053
quickjs,regexp-dna,30,1,93160700,93160700.0,CHECKSUM=249:300056,,0,True,b5c7609f15d1bdadfb7ccebb86a138de2604980446964559cccccda2dbfbe053
v8_ignition,date-format-tofte,30,1,46472100,46472100.0,"CHECKSUM=2008-05-01|Thursday, May 01, 2008 5:31:22 PM|1209718549000",,0,True,daf9ace6c7441fbb4070a07334f94cfbf9e5719900dc12fe5ee4062bc3694a0a
quickjs,date-format-tofte,30,1,41893800,41893800.0,"CHECKSUM=2008-05-01|Thursday, May 01, 2008 5:31:22 PM|1209718549000",,0,True,daf9ace6c7441fbb4070a07334f94cfbf9e5719900dc12fe5ee4062bc3694a0a
v8_ignition,access-nsieve,30,1,45364200,45364200.0,CHECKSUM=14302,,0,True,97beeae25f000861dc8bea33cc77b72a0a8e699e00f227f6f904d290be088b8a
quickjs,access-nsieve,30,1,32271800,32271800.0,CHECKSUM=14302,,0,True,97beeae25f000861dc8bea33cc77b72a0a8e699e00f227f6f904d290be088b8a
v8_ignition,access-nbody,30,1,49961400,49961400.0,CHECKSUM=-1.3524862408537381,,0,True,e9c16c1670be0a25f85ee4e543598cf020943f40913872f1c409383282dd1371
quickjs,access-nbody,30,1,24383700,24383700.0,CHECKSUM=-1.3524862408537381,,0,True,e9c16c1670be0a25f85ee4e543598cf020943f40913872f1c409383282dd1371
v8_ignition,crypto-md5,30,1,43485800,43485800.0,CHECKSUM=a831e91e0f70eddcb70dc61c6f82f6cd,,0,True,ac5362e324b5fac77d2a517d2e67c6a2e7b2fdc19977dfd72dcd93a61eb66eab
quickjs,crypto-md5,30,1,15427600,15427600.0,CHECKSUM=a831e91e0f70eddcb70dc61c6f82f6cd,,0,True,ac5362e324b5fac77d2a517d2e67c6a2e7b2fdc19977dfd72dcd93a61eb66eab
v8_ignition,math-cordic,30,1,52123900,52123900.0,CHECKSUM=10362.570468755888,,0,True,b1e3635616ba731cd23fdbce58c1a07699fe9cc9d3221b4544a15b83dddda66d
quickjs,math-cordic,30,1,29656000,29656000.0,CHECKSUM=10362.570468755888,,0,True,b1e3635616ba731cd23fdbce58c1a07699fe9cc9d3221b4544a15b83dddda66d
v8_ignition,math-spectral-norm,30,1,40863100,40863100.0,CHECKSUM=5.086694231303284,,0,True,2f0e90e3fd291e224ef3513ccdebb32a96dd94fa21fc75d142a857208641d8c6
quickjs,math-spectral-norm,30,1,17444000,17444000.0,CHECKSUM=5.086694231303284,,0,True,2f0e90e3fd291e224ef3513ccdebb32a96dd94fa21fc75d142a857208641d8c6
v8_ignition,date-format-xparb,30,1,40458000,40458000.0,"CHECKSUM=2017-09-05|Tuesday, September 05, 2017 7:43:48 AM|1504652895000",,0,True,ea5c1e2186ba44743d75d49b09dee763fe33c73e6e2f3466813485d86a6d8d7b
quickjs,date-format-xparb,30,1,29260700,29260700.0,"CHECKSUM=2017-09-05|Tuesday, September 05, 2017 7:43:48 AM|1504652895000",,0,True,ea5c1e2186ba44743d75d49b09dee763fe33c73e6e2f3466813485d86a6d8d7b
v8_ignition,bitops-3bit-bits-in-byte,30,1,40808000,40808000.0,CHECKSUM=512000,,0,True,144f9d2e008e0b150c62e05d8cca6b3445ac57a94015f8dc3f55a33f6b20842b
quickjs,bitops-3bit-bits-in-byte,30,1,17795600,17795600.0,CHECKSUM=512000,,0,True,144f9d2e008e0b150c62e05d8cca6b3445ac57a94015f8dc3f55a33f6b20842b
v8_ignition,string-validate-input,30,1,41893100,41893100.0,CHECKSUM=462000,,0,True,a91e85f87af92025f8dcb0f7045f42bca283920b9b7b535a1d213785aaba253c
quickjs,string-validate-input,30,1,22376400,22376400.0,CHECKSUM=462000,,0,True,a91e85f87af92025f8dcb0f7045f42bca283920b9b7b535a1d213785aaba253c
v8_ignition,string-fasta,30,1,42842200,42842200.0,CHECKSUM=1456000,,0,True,2964af65925747170a57b89b5098f715f862e85d460c52664eec569ce0eb9bd5
quickjs,string-fasta,30,1,35204100,35204100.0,CHECKSUM=1456000,,0,True,2964af65925747170a57b89b5098f715f862e85d460c52664eec569ce0eb9bd5
v8_ignition,3d-raytrace,30,1,53106900,53106900.0,CHECKSUM=20970,,0,True,e03e3e0915bbd01f7dbd2df183a3c1133d029803c443ce85102cba3b1c7e7e85
quickjs,3d-raytrace,30,1,24834100,24834100.0,CHECKSUM=20969,,0,True,e03e3e0915bbd01f7dbd2df183a3c1133d029803c443ce85102cba3b1c7e7e85
v8_ignition,bitops-bits-in-byte,30,1,52009500,52009500.0,CHECKSUM=358400,,0,True,97bccc62a3c6d6827e35180623b20a9f47a06e311fd0e33e41108c6b01e77f74
quickjs,bitops-bits-in-byte,30,1,27789300,27789300.0,CHECKSUM=358400,,0,True,97bccc62a3c6d6827e35180623b20a9f47a06e311fd0e33e41108c6b01e77f74
v8_ignition,crypto-aes,30,1,50902900,50902900.0,CHECKSUM=1343,,0,True,d71dac9b610831b62b5e492715f60ca8d90002726d2f64feaa226796c5817fca
quickjs,crypto-aes,30,1,23496200,23496200.0,CHECKSUM=1343,,0,True,d71dac9b610831b62b5e492715f60ca8d90002726d2f64feaa226796c5817fca
v8_ignition,string-base64,30,1,41459200,41459200.0,CHECKSUM=32768,,0,True,ccd906f060f67dd6ef06144222ded2fd08c556d51705e849a67fe07850d0b338
quickjs,string-base64,30,1,31008400,31008400.0,CHECKSUM=32768,,0,True,ccd906f060f67dd6ef06144222ded2fd08c556d51705e849a67fe07850d0b338
v8_ignition,bitops-nsieve-bits,30,1,56084100,56084100.0,CHECKSUM=-1286749544853,,0,True,0cf96c3f7fafb462e82ae4a79fb6943a8ebf8b9f938200af646ee960d106da93
quickjs,bitops-nsieve-bits,30,1,21575300,21575300.0,CHECKSUM=-1286749544853,,0,True,0cf96c3f7fafb462e82ae4a79fb6943a8ebf8b9f938200af646ee960d106da93
v8_ignition,math-partial-sums,30,1,45250200,45250200.0,CHECKSUM=60.08994194659945,,0,True,e62b49f948574a4023e7faed74c3a3eb98afd12564b07f4ad9da8a3a45124ede
quickjs,math-partial-sums,30,1,25970000,25970000.0,CHECKSUM=60.08994194659945,,0,True,e62b49f948574a4023e7faed74c3a3eb98afd12564b07f4ad9da8a3a45124ede
v8_ignition,string-tagcloud,30,1,44910300,44910300.0,CHECKSUM=315241,,0,True,2a98c22748514eeac27a00a220a10cde2135f9c9e16cc44b9e453d1b17e1e1cf
quickjs,string-tagcloud,30,1,37474700,37474700.0,CHECKSUM=315241,,0,True,2a98c22748514eeac27a00a220a10cde2135f9c9e16cc44b9e453d1b17e1e1cf
v8_ignition,access-fannkuch,30,1,68127100,68127100.0,CHECKSUM=22,,0,True,08eb023212740c0bbecdf88720a9a27e5a5aac1ee855980c49106b7c6387339f
quickjs,access-fannkuch,30,1,44399400,44399400.0,CHECKSUM=22,,0,True,08eb023212740c0bbecdf88720a9a27e5a5aac1ee855980c49106b7c6387339f
v8_ignition,access-binary-trees,30,1,38181800,38181800.0,CHECKSUM=-4,,0,True,214d150194967dc8deab31375341ec05b469d81e07cb32d7f4f925a2bdaed33f
quickjs,access-binary-trees,30,1,20040100,20040100.0,CHECKSUM=-4,,0,True,214d150194967dc8deab31375341ec05b469d81e07cb32d7f4f925a2bdaed33f
v8_ignition,3d-cube,30,1,54731800,54731800.0,CHECKSUM=320,,0,True,482356effb1e142ec7f15afe43a8f09d02e95afb563d0b8ee8e990fb26232d73
quickjs,3d-cube,30,1,39567900,39567900.0,CHECKSUM=320,,0,True,482356effb1e142ec7f15afe43a8f09d02e95afb563d0b8ee8e990fb26232d73
