cohort,mode,benchmark,stage,case,suite,subbenchmark,engine,N,rep,order,permutation,schedule_index,round_case_position,attempt,timestamp_utc,command,flags,binary_sha256,script_path,script_sha256,adapter_sha256,warmup_calls,checks_each_call,elapsed_ms,elapsed_per_call_ms,start_ms,stop_ms,checksum,extra_validation_calls,clock_consistency,timeout_seconds,diagnostic_preload,exit_code,stdout,stderr,outer_stop_ns,outer_start_ns,outer_wall_ns,boot_id,valid,status,error
wsl2-ubuntu2404-x64-20261004,MAIN_MONOTONIC_V1,Octane,calibration,CodeLoad.CodeLoadClosure,CodeLoad,CodeLoadClosure,jsc,1,0,3,[],0,0,1,2026-10-05T05:44:33.906629+00:00,"[""/home/mzyx/jsc_build_fd3406f/JSCOnly/Release/bin/jsc"",""--useJIT=false"",""--useLLInt=true"",""--validateOptions=true"",""/mnt/c/Users/mzyx/Desktop/0921/js-interpreter-bench/experiments/three_engine_baseline/adapters/jsc.js"",""/mnt/c/Users/mzyx/Desktop/0921/js-interpreter-bench/experiments/timer_recovery/adapters/jsc.js"",""/mnt/c/Users/mzyx/Desktop/0921/js-interpreter-bench/experiments/octane_three_engine/MAIN_MONOTONIC_V1/attempt01/generated/CodeLoad.CodeLoadClosure.N1.measure.js""]","[""--useJIT=false"",""--useLLInt=true"",""--validateOptions=true""]",65c824a055405bf62b05e21d54515a72a1f0187a4d91225d00a6da969d35879f,/mnt/c/Users/mzyx/Desktop/0921/js-interpreter-bench/experiments/octane_three_engine/MAIN_MONOTONIC_V1/attempt01/generated/CodeLoad.CodeLoadClosure.N1.measure.js,97df5bf2cf987e1ab01d85794cb50b46cfe8b8712d311b58cb9806e1c76b469f,0c485996a598b7e36f2f292b66397adc0390cbe6b69b55199e47e1c6c1e37010,0,False,0.98,0.98,0,0.98,,0,"{""pass"":true,""inner_minus_outer_ms"":-29.087269,""tolerance_ms"":5.0}",300,False,0,"TEB_RESULT:{""benchmark"":""Octane"",""case"":""CodeLoad.CodeLoadClosure"",""suite"":""CodeLoad"",""subbenchmark"":""CodeLoadClosure"",""mode"":""MAIN_MONOTONIC_V1"",""phase"":""measure"",""N"":1,""correctness"":""PASS"",""extra_validation_calls"":0,""checksum"":null,""timer"":""benchNow"",""start_ms"":0,""stop_ms"":0.98,""elapsed_ms"":0.98,""elapsed_per_call_ms"":0.98,""warmup_calls"":0}
",,3945377005219,3945346937950,30067269,94e240b1-774a-4fdc-8be3-8b5e85457d9d,True,PASS,
wsl2-ubuntu2404-x64-20261004,MAIN_MONOTONIC_V1,Octane,calibration,CodeLoad.CodeLoadClosure,CodeLoad,CodeLoadClosure,quickjs,1,0,1,[],0,0,1,2026-10-05T05:44:33.672706+00:00,"[""/home/mzyx/three_engine_20261004/quickjs-04be246001599f5995fa2f2d8c91a0f198d3f34c/qjs"",""-I"",""/mnt/c/Users/mzyx/Desktop/0921/js-interpreter-bench/experiments/three_engine_baseline/adapters/quickjs.js"",""-I"",""/mnt/c/Users/mzyx/Desktop/0921/js-interpreter-bench/experiments/timer_recovery/adapters/quickjs.js"",""/mnt/c/Users/mzyx/Desktop/0921/js-interpreter-bench/experiments/octane_three_engine/MAIN_MONOTONIC_V1/attempt01/generated/CodeLoad.CodeLoadClosure.N1.measure.js""]",[],140d5233b0337d91cb0f994ae4a051e49aa04da8802acfaedf0a01b81a620b79,/mnt/c/Users/mzyx/Desktop/0921/js-interpreter-bench/experiments/octane_three_engine/MAIN_MONOTONIC_V1/attempt01/generated/CodeLoad.CodeLoadClosure.N1.measure.js,97df5bf2cf987e1ab01d85794cb50b46cfe8b8712d311b58cb9806e1c76b469f,cd393c275173f20526562a008951f65a332deffed85e7c804519788b8ebffab7,0,False,0.7303679999895394,0.7303679999895394,3945156.865037,3945157.595405,,0,"{""pass"":true,""inner_minus_outer_ms"":-14.66969900001046,""tolerance_ms"":5.0}",300,False,0,"TEB_RESULT:{""benchmark"":""Octane"",""case"":""CodeLoad.CodeLoadClosure"",""suite"":""CodeLoad"",""subbenchmark"":""CodeLoadClosure"",""mode"":""MAIN_MONOTONIC_V1"",""phase"":""measure"",""N"":1,""correctness"":""PASS"",""extra_validation_calls"":0,""checksum"":null,""timer"":""benchNow"",""start_ms"":3945156.865037,""stop_ms"":3945157.595405,""elapsed_ms"":0.7303679999895394,""elapsed_per_call_ms"":0.7303679999895394,""warmup_calls"":0}
",,3945158034828,3945142634761,15400067,94e240b1-774a-4fdc-8be3-8b5e85457d9d,True,PASS,
wsl2-ubuntu2404-x64-20261004,MAIN_MONOTONIC_V1,Octane,calibration,CodeLoad.CodeLoadClosure,CodeLoad,CodeLoadClosure,v8,1,0,2,[],0,0,1,2026-10-05T05:44:33.789880+00:00,"[""/home/mzyx/three_engine_20261004/v8-linux64-rel-15.6.21/d8"",""--snapshot_blob=/home/mzyx/three_engine_20261004/v8-linux64-rel-15.6.21/snapshot_blob.bin"",""--max-opt=0"",""--no-lazy"",""/mnt/c/Users/mzyx/Desktop/0921/js-interpreter-bench/experiments/three_engine_baseline/adapters/v8.js"",""/mnt/c/Users/mzyx/Desktop/0921/js-interpreter-bench/experiments/timer_recovery/adapters/v8.js"",""/mnt/c/Users/mzyx/Desktop/0921/js-interpreter-bench/experiments/octane_three_engine/MAIN_MONOTONIC_V1/attempt01/generated/CodeLoad.CodeLoadClosure.N1.measure.js""]","[""--max-opt=0"",""--no-lazy""]",83b744a5953d2662ea723564d4035a333782a0cc85232d1025929a925150b133,/mnt/c/Users/mzyx/Desktop/0921/js-interpreter-bench/experiments/octane_three_engine/MAIN_MONOTONIC_V1/attempt01/generated/CodeLoad.CodeLoadClosure.N1.measure.js,97df5bf2cf987e1ab01d85794cb50b46cfe8b8712d311b58cb9806e1c76b469f,e610d3aa3d2672a5e6d5eccd9aaf05c6ae6758d1b9c4468289f017a231ab7d9f,0,False,0.5730000000000004,0.5730000000000004,36.092,36.665,,0,"{""pass"":true,""inner_minus_outer_ms"":-44.242723,""tolerance_ms"":5.0}",300,False,0,"TEB_RESULT:{""benchmark"":""Octane"",""case"":""CodeLoad.CodeLoadClosure"",""suite"":""CodeLoad"",""subbenchmark"":""CodeLoadClosure"",""mode"":""MAIN_MONOTONIC_V1"",""phase"":""measure"",""N"":1,""correctness"":""PASS"",""extra_validation_calls"":0,""checksum"":null,""timer"":""benchNow"",""start_ms"":36.092,""stop_ms"":36.665,""elapsed_ms"":0.5730000000000004,""elapsed_per_call_ms"":0.5730000000000004,""warmup_calls"":0}
",,3945274036882,3945229221159,44815723,94e240b1-774a-4fdc-8be3-8b5e85457d9d,True,PASS,
wsl2-ubuntu2404-x64-20261004,MAIN_MONOTONIC_V1,Octane,calibration,CodeLoad.CodeLoadClosure,CodeLoad,CodeLoadClosure,jsc,1024,0,3,[],0,0,1,2026-10-05T05:44:39.756233+00:00,"[""/home/mzyx/jsc_build_fd3406f/JSCOnly/Release/bin/jsc"",""--useJIT=false"",""--useLLInt=true"",""--validateOptions=true"",""/mnt/c/Users/mzyx/Desktop/0921/js-interpreter-bench/experiments/three_engine_baseline/adapters/jsc.js"",""/mnt/c/Users/mzyx/Desktop/0921/js-interpreter-bench/experiments/timer_recovery/adapters/jsc.js"",""/mnt/c/Users/mzyx/Desktop/0921/js-interpreter-bench/experiments/octane_three_engine/MAIN_MONOTONIC_V1/attempt01/generated/CodeLoad.CodeLoadClosure.N1024.measure.js""]","[""--useJIT=false"",""--useLLInt=true"",""--validateOptions=true""]",65c824a055405bf62b05e21d54515a72a1f0187a4d91225d00a6da969d35879f,/mnt/c/Users/mzyx/Desktop/0921/js-interpreter-bench/experiments/octane_three_engine/MAIN_MONOTONIC_V1/attempt01/generated/CodeLoad.CodeLoadClosure.N1024.measure.js,5f7312857d71c19026dc8103c69bad733ee68da72a3b37fd950897ecaaf275c0,0c485996a598b7e36f2f292b66397adc0390cbe6b69b55199e47e1c6c1e37010,0,False,472.7,0.46162109375,0,472.7,,0,"{""pass"":true,""inner_minus_outer_ms"":-31.069071000000008,""tolerance_ms"":5.0}",300,False,0,"TEB_RESULT:{""benchmark"":""Octane"",""case"":""CodeLoad.CodeLoadClosure"",""suite"":""CodeLoad"",""subbenchmark"":""CodeLoadClosure"",""mode"":""MAIN_MONOTONIC_V1"",""phase"":""measure"",""N"":1024,""correctness"":""PASS"",""extra_validation_calls"":0,""checksum"":null,""timer"":""benchNow"",""start_ms"":0,""stop_ms"":472.7,""elapsed_ms"":472.7,""elapsed_per_call_ms"":0.46162109375,""warmup_calls"":0}
",,3951699690751,3951195921680,503769071,94e240b1-774a-4fdc-8be3-8b5e85457d9d,True,PASS,
wsl2-ubuntu2404-x64-20261004,MAIN_MONOTONIC_V1,Octane,calibration,CodeLoad.CodeLoadClosure,CodeLoad,CodeLoadClosure,quickjs,1024,0,1,[],0,0,1,2026-10-05T05:44:38.506324+00:00,"[""/home/mzyx/three_engine_20261004/quickjs-04be246001599f5995fa2f2d8c91a0f198d3f34c/qjs"",""-I"",""/mnt/c/Users/mzyx/Desktop/0921/js-interpreter-bench/experiments/three_engine_baseline/adapters/quickjs.js"",""-I"",""/mnt/c/Users/mzyx/Desktop/0921/js-interpreter-bench/experiments/timer_recovery/adapters/quickjs.js"",""/mnt/c/Users/mzyx/Desktop/0921/js-interpreter-bench/experiments/octane_three_engine/MAIN_MONOTONIC_V1/attempt01/generated/CodeLoad.CodeLoadClosure.N1024.measure.js""]",[],140d5233b0337d91cb0f994ae4a051e49aa04da8802acfaedf0a01b81a620b79,/mnt/c/Users/mzyx/Desktop/0921/js-interpreter-bench/experiments/octane_three_engine/MAIN_MONOTONIC_V1/attempt01/generated/CodeLoad.CodeLoadClosure.N1024.measure.js,5f7312857d71c19026dc8103c69bad733ee68da72a3b37fd950897ecaaf275c0,cd393c275173f20526562a008951f65a332deffed85e7c804519788b8ebffab7,0,False,646.6123580001295,0.6314573808595014,3949996.312513,3950642.924871,,0,"{""pass"":true,""inner_minus_outer_ms"":-46.01989399987053,""tolerance_ms"":5.0}",300,False,0,"TEB_RESULT:{""benchmark"":""Octane"",""case"":""CodeLoad.CodeLoadClosure"",""suite"":""CodeLoad"",""subbenchmark"":""CodeLoadClosure"",""mode"":""MAIN_MONOTONIC_V1"",""phase"":""measure"",""N"":1024,""correctness"":""PASS"",""extra_validation_calls"":0,""checksum"":null,""timer"":""benchNow"",""start_ms"":3949996.312513,""stop_ms"":3950642.924871,""elapsed_ms"":646.6123580001295,""elapsed_per_call_ms"":0.6314573808595014,""warmup_calls"":0}
",,3950674315250,3949981682998,692632252,94e240b1-774a-4fdc-8be3-8b5e85457d9d,True,PASS,
wsl2-ubuntu2404-x64-20261004,MAIN_MONOTONIC_V1,Octane,calibration,CodeLoad.CodeLoadClosure,CodeLoad,CodeLoadClosure,v8,1024,0,2,[],0,0,1,2026-10-05T05:44:39.307122+00:00,"[""/home/mzyx/three_engine_20261004/v8-linux64-rel-15.6.21/d8"",""--snapshot_blob=/home/mzyx/three_engine_20261004/v8-linux64-rel-15.6.21/snapshot_blob.bin"",""--max-opt=0"",""--no-lazy"",""/mnt/c/Users/mzyx/Desktop/0921/js-interpreter-bench/experiments/three_engine_baseline/adapters/v8.js"",""/mnt/c/Users/mzyx/Desktop/0921/js-interpreter-bench/experiments/timer_recovery/adapters/v8.js"",""/mnt/c/Users/mzyx/Desktop/0921/js-interpreter-bench/experiments/octane_three_engine/MAIN_MONOTONIC_V1/attempt01/generated/CodeLoad.CodeLoadClosure.N1024.measure.js""]","[""--max-opt=0"",""--no-lazy""]",83b744a5953d2662ea723564d4035a333782a0cc85232d1025929a925150b133,/mnt/c/Users/mzyx/Desktop/0921/js-interpreter-bench/experiments/octane_three_engine/MAIN_MONOTONIC_V1/attempt01/generated/CodeLoad.CodeLoadClosure.N1024.measure.js,5f7312857d71c19026dc8103c69bad733ee68da72a3b37fd950897ecaaf275c0,e610d3aa3d2672a5e6d5eccd9aaf05c6ae6758d1b9c4468289f017a231ab7d9f,0,False,329.802,0.322072265625,36.169,365.971,,0,"{""pass"":true,""inner_minus_outer_ms"":-48.81372499999998,""tolerance_ms"":5.0}",300,False,0,"TEB_RESULT:{""benchmark"":""Octane"",""case"":""CodeLoad.CodeLoadClosure"",""suite"":""CodeLoad"",""subbenchmark"":""CodeLoadClosure"",""mode"":""MAIN_MONOTONIC_V1"",""phase"":""measure"",""N"":1024,""correctness"":""PASS"",""extra_validation_calls"":0,""checksum"":null,""timer"":""benchNow"",""start_ms"":36.169,""stop_ms"":365.971,""elapsed_ms"":329.802,""elapsed_per_call_ms"":0.322072265625,""warmup_calls"":0}
",,3951125567595,3950746951870,378615725,94e240b1-774a-4fdc-8be3-8b5e85457d9d,True,PASS,
wsl2-ubuntu2404-x64-20261004,MAIN_MONOTONIC_V1,Octane,calibration,CodeLoad.CodeLoadClosure,CodeLoad,CodeLoadClosure,jsc,128,0,3,[],0,0,1,2026-10-05T05:44:36.601511+00:00,"[""/home/mzyx/jsc_build_fd3406f/JSCOnly/Release/bin/jsc"",""--useJIT=false"",""--useLLInt=true"",""--validateOptions=true"",""/mnt/c/Users/mzyx/Desktop/0921/js-interpreter-bench/experiments/three_engine_baseline/adapters/jsc.js"",""/mnt/c/Users/mzyx/Desktop/0921/js-interpreter-bench/experiments/timer_recovery/adapters/jsc.js"",""/mnt/c/Users/mzyx/Desktop/0921/js-interpreter-bench/experiments/octane_three_engine/MAIN_MONOTONIC_V1/attempt01/generated/CodeLoad.CodeLoadClosure.N128.measure.js""]","[""--useJIT=false"",""--useLLInt=true"",""--validateOptions=true""]",65c824a055405bf62b05e21d54515a72a1f0187a4d91225d00a6da969d35879f,/mnt/c/Users/mzyx/Desktop/0921/js-interpreter-bench/experiments/octane_three_engine/MAIN_MONOTONIC_V1/attempt01/generated/CodeLoad.CodeLoadClosure.N128.measure.js,9d17085e4069d68fc5f4e00fab2148f83bc0b6f12492fa3e49126f60b0322eb0,0c485996a598b7e36f2f292b66397adc0390cbe6b69b55199e47e1c6c1e37010,0,False,53.3,0.41640625,0,53.3,,0,"{""pass"":true,""inner_minus_outer_ms"":-28.560406,""tolerance_ms"":5.0}",300,False,0,"TEB_RESULT:{""benchmark"":""Octane"",""case"":""CodeLoad.CodeLoadClosure"",""suite"":""CodeLoad"",""subbenchmark"":""CodeLoadClosure"",""mode"":""MAIN_MONOTONIC_V1"",""phase"":""measure"",""N"":128,""correctness"":""PASS"",""extra_validation_calls"":0,""checksum"":null,""timer"":""benchNow"",""start_ms"":0,""stop_ms"":53.3,""elapsed_ms"":53.3,""elapsed_per_call_ms"":0.41640625,""warmup_calls"":0}
",,3948122891229,3948041030823,81860406,94e240b1-774a-4fdc-8be3-8b5e85457d9d,True,PASS,
wsl2-ubuntu2404-x64-20261004,MAIN_MONOTONIC_V1,Octane,calibration,CodeLoad.CodeLoadClosure,CodeLoad,CodeLoadClosure,quickjs,128,0,1,[],0,0,1,2026-10-05T05:44:36.245836+00:00,"[""/home/mzyx/three_engine_20261004/quickjs-04be246001599f5995fa2f2d8c91a0f198d3f34c/qjs"",""-I"",""/mnt/c/Users/mzyx/Desktop/0921/js-interpreter-bench/experiments/three_engine_baseline/adapters/quickjs.js"",""-I"",""/mnt/c/Users/mzyx/Desktop/0921/js-interpreter-bench/experiments/timer_recovery/adapters/quickjs.js"",""/mnt/c/Users/mzyx/Desktop/0921/js-interpreter-bench/experiments/octane_three_engine/MAIN_MONOTONIC_V1/attempt01/generated/CodeLoad.CodeLoadClosure.N128.measure.js""]",[],140d5233b0337d91cb0f994ae4a051e49aa04da8802acfaedf0a01b81a620b79,/mnt/c/Users/mzyx/Desktop/0921/js-interpreter-bench/experiments/octane_three_engine/MAIN_MONOTONIC_V1/attempt01/generated/CodeLoad.CodeLoadClosure.N128.measure.js,9d17085e4069d68fc5f4e00fab2148f83bc0b6f12492fa3e49126f60b0322eb0,cd393c275173f20526562a008951f65a332deffed85e7c804519788b8ebffab7,0,False,80.03576199989766,0.6252793906242005,3947724.725937,3947804.761699,,0,"{""pass"":true,""inner_minus_outer_ms"":-17.32176100010234,""tolerance_ms"":5.0}",300,False,0,"TEB_RESULT:{""benchmark"":""Octane"",""case"":""CodeLoad.CodeLoadClosure"",""suite"":""CodeLoad"",""subbenchmark"":""CodeLoadClosure"",""mode"":""MAIN_MONOTONIC_V1"",""phase"":""measure"",""N"":128,""correctness"":""PASS"",""extra_validation_calls"":0,""checksum"":null,""timer"":""benchNow"",""start_ms"":3947724.725937,""stop_ms"":3947804.761699,""elapsed_ms"":80.03576199989766,""elapsed_per_call_ms"":0.6252793906242005,""warmup_calls"":0}
",,3947807951665,3947710594142,97357523,94e240b1-774a-4fdc-8be3-8b5e85457d9d,True,PASS,
wsl2-ubuntu2404-x64-20261004,MAIN_MONOTONIC_V1,Octane,calibration,CodeLoad.CodeLoadClosure,CodeLoad,CodeLoadClosure,v8,128,0,2,[],0,0,1,2026-10-05T05:44:36.440416+00:00,"[""/home/mzyx/three_engine_20261004/v8-linux64-rel-15.6.21/d8"",""--snapshot_blob=/home/mzyx/three_engine_20261004/v8-linux64-rel-15.6.21/snapshot_blob.bin"",""--max-opt=0"",""--no-lazy"",""/mnt/c/Users/mzyx/Desktop/0921/js-interpreter-bench/experiments/three_engine_baseline/adapters/v8.js"",""/mnt/c/Users/mzyx/Desktop/0921/js-interpreter-bench/experiments/timer_recovery/adapters/v8.js"",""/mnt/c/Users/mzyx/Desktop/0921/js-interpreter-bench/experiments/octane_three_engine/MAIN_MONOTONIC_V1/attempt01/generated/CodeLoad.CodeLoadClosure.N128.measure.js""]","[""--max-opt=0"",""--no-lazy""]",83b744a5953d2662ea723564d4035a333782a0cc85232d1025929a925150b133,/mnt/c/Users/mzyx/Desktop/0921/js-interpreter-bench/experiments/octane_three_engine/MAIN_MONOTONIC_V1/attempt01/generated/CodeLoad.CodeLoadClosure.N128.measure.js,9d17085e4069d68fc5f4e00fab2148f83bc0b6f12492fa3e49126f60b0322eb0,e610d3aa3d2672a5e6d5eccd9aaf05c6ae6758d1b9c4468289f017a231ab7d9f,0,False,47.279,0.3693671875,34.111,81.39,,0,"{""pass"":true,""inner_minus_outer_ms"":-43.464858,""tolerance_ms"":5.0}",300,False,0,"TEB_RESULT:{""benchmark"":""Octane"",""case"":""CodeLoad.CodeLoadClosure"",""suite"":""CodeLoad"",""subbenchmark"":""CodeLoadClosure"",""mode"":""MAIN_MONOTONIC_V1"",""phase"":""measure"",""N"":128,""correctness"":""PASS"",""extra_validation_calls"":0,""checksum"":null,""timer"":""benchNow"",""start_ms"":34.111,""stop_ms"":81.39,""elapsed_ms"":47.279,""elapsed_per_call_ms"":0.3693671875,""warmup_calls"":0}
",,3947970632948,3947879889090,90743858,94e240b1-774a-4fdc-8be3-8b5e85457d9d,True,PASS,
wsl2-ubuntu2404-x64-20261004,MAIN_MONOTONIC_V1,Octane,calibration,CodeLoad.CodeLoadClosure,CodeLoad,CodeLoadClosure,jsc,16,0,3,[],0,0,1,2026-10-05T05:44:35.306615+00:00,"[""/home/mzyx/jsc_build_fd3406f/JSCOnly/Release/bin/jsc"",""--useJIT=false"",""--useLLInt=true"",""--validateOptions=true"",""/mnt/c/Users/mzyx/Desktop/0921/js-interpreter-bench/experiments/three_engine_baseline/adapters/jsc.js"",""/mnt/c/Users/mzyx/Desktop/0921/js-interpreter-bench/experiments/timer_recovery/adapters/jsc.js"",""/mnt/c/Users/mzyx/Desktop/0921/js-interpreter-bench/experiments/octane_three_engine/MAIN_MONOTONIC_V1/attempt01/generated/CodeLoad.CodeLoadClosure.N16.measure.js""]","[""--useJIT=false"",""--useLLInt=true"",""--validateOptions=true""]",65c824a055405bf62b05e21d54515a72a1f0187a4d91225d00a6da969d35879f,/mnt/c/Users/mzyx/Desktop/0921/js-interpreter-bench/experiments/octane_three_engine/MAIN_MONOTONIC_V1/attempt01/generated/CodeLoad.CodeLoadClosure.N16.measure.js,2e7208a661a1fcfe70568027366b9d4b54687d33ee4d754dd375f45bbdb2faa8,0c485996a598b7e36f2f292b66397adc0390cbe6b69b55199e47e1c6c1e37010,0,False,6.96,0.435,0,6.96,,0,"{""pass"":true,""inner_minus_outer_ms"":-28.785749000000003,""tolerance_ms"":5.0}",300,False,0,"TEB_RESULT:{""benchmark"":""Octane"",""case"":""CodeLoad.CodeLoadClosure"",""suite"":""CodeLoad"",""subbenchmark"":""CodeLoadClosure"",""mode"":""MAIN_MONOTONIC_V1"",""phase"":""measure"",""N"":16,""correctness"":""PASS"",""extra_validation_calls"":0,""checksum"":null,""timer"":""benchNow"",""start_ms"":0,""stop_ms"":6.96,""elapsed_ms"":6.96,""elapsed_per_call_ms"":0.435,""warmup_calls"":0}
",,3946781813978,3946746068229,35745749,94e240b1-774a-4fdc-8be3-8b5e85457d9d,True,PASS,
wsl2-ubuntu2404-x64-20261004,MAIN_MONOTONIC_V1,Octane,calibration,CodeLoad.CodeLoadClosure,CodeLoad,CodeLoadClosure,quickjs,16,0,1,[],0,0,1,2026-10-05T05:44:35.069907+00:00,"[""/home/mzyx/three_engine_20261004/quickjs-04be246001599f5995fa2f2d8c91a0f198d3f34c/qjs"",""-I"",""/mnt/c/Users/mzyx/Desktop/0921/js-interpreter-bench/experiments/three_engine_baseline/adapters/quickjs.js"",""-I"",""/mnt/c/Users/mzyx/Desktop/0921/js-interpreter-bench/experiments/timer_recovery/adapters/quickjs.js"",""/mnt/c/Users/mzyx/Desktop/0921/js-interpreter-bench/experiments/octane_three_engine/MAIN_MONOTONIC_V1/attempt01/generated/CodeLoad.CodeLoadClosure.N16.measure.js""]",[],140d5233b0337d91cb0f994ae4a051e49aa04da8802acfaedf0a01b81a620b79,/mnt/c/Users/mzyx/Desktop/0921/js-interpreter-bench/experiments/octane_three_engine/MAIN_MONOTONIC_V1/attempt01/generated/CodeLoad.CodeLoadClosure.N16.measure.js,2e7208a661a1fcfe70568027366b9d4b54687d33ee4d754dd375f45bbdb2faa8,cd393c275173f20526562a008951f65a332deffed85e7c804519788b8ebffab7,0,False,9.8292430001311,0.6143276875081938,3946548.175606,3946558.004849,,0,"{""pass"":true,""inner_minus_outer_ms"":-14.308794999868901,""tolerance_ms"":5.0}",300,False,0,"TEB_RESULT:{""benchmark"":""Octane"",""case"":""CodeLoad.CodeLoadClosure"",""suite"":""CodeLoad"",""subbenchmark"":""CodeLoadClosure"",""mode"":""MAIN_MONOTONIC_V1"",""phase"":""measure"",""N"":16,""correctness"":""PASS"",""extra_validation_calls"":0,""checksum"":null,""timer"":""benchNow"",""start_ms"":3946548.175606,""stop_ms"":3946558.004849,""elapsed_ms"":9.8292430001311,""elapsed_per_call_ms"":0.6143276875081938,""warmup_calls"":0}
",,3946558590402,3946534452364,24138038,94e240b1-774a-4fdc-8be3-8b5e85457d9d,True,PASS,
wsl2-ubuntu2404-x64-20261004,MAIN_MONOTONIC_V1,Octane,calibration,CodeLoad.CodeLoadClosure,CodeLoad,CodeLoadClosure,v8,16,0,2,[],0,0,1,2026-10-05T05:44:35.189728+00:00,"[""/home/mzyx/three_engine_20261004/v8-linux64-rel-15.6.21/d8"",""--snapshot_blob=/home/mzyx/three_engine_20261004/v8-linux64-rel-15.6.21/snapshot_blob.bin"",""--max-opt=0"",""--no-lazy"",""/mnt/c/Users/mzyx/Desktop/0921/js-interpreter-bench/experiments/three_engine_baseline/adapters/v8.js"",""/mnt/c/Users/mzyx/Desktop/0921/js-interpreter-bench/experiments/timer_recovery/adapters/v8.js"",""/mnt/c/Users/mzyx/Desktop/0921/js-interpreter-bench/experiments/octane_three_engine/MAIN_MONOTONIC_V1/attempt01/generated/CodeLoad.CodeLoadClosure.N16.measure.js""]","[""--max-opt=0"",""--no-lazy""]",83b744a5953d2662ea723564d4035a333782a0cc85232d1025929a925150b133,/mnt/c/Users/mzyx/Desktop/0921/js-interpreter-bench/experiments/octane_three_engine/MAIN_MONOTONIC_V1/attempt01/generated/CodeLoad.CodeLoadClosure.N16.measure.js,2e7208a661a1fcfe70568027366b9d4b54687d33ee4d754dd375f45bbdb2faa8,e610d3aa3d2672a5e6d5eccd9aaf05c6ae6758d1b9c4468289f017a231ab7d9f,0,False,5.231999999999999,0.32699999999999996,34.768,40,,0,"{""pass"":true,""inner_minus_outer_ms"":-42.552923,""tolerance_ms"":5.0}",300,False,0,"TEB_RESULT:{""benchmark"":""Octane"",""case"":""CodeLoad.CodeLoadClosure"",""suite"":""CodeLoad"",""subbenchmark"":""CodeLoadClosure"",""mode"":""MAIN_MONOTONIC_V1"",""phase"":""measure"",""N"":16,""correctness"":""PASS"",""extra_validation_calls"":0,""checksum"":null,""timer"":""benchNow"",""start_ms"":34.768,""stop_ms"":40,""elapsed_ms"":5.231999999999999,""elapsed_per_call_ms"":0.32699999999999996,""warmup_calls"":0}
",,3946676882480,3946629097557,47784923,94e240b1-774a-4fdc-8be3-8b5e85457d9d,True,PASS,
wsl2-ubuntu2404-x64-20261004,MAIN_MONOTONIC_V1,Octane,calibration,CodeLoad.CodeLoadClosure,CodeLoad,CodeLoadClosure,jsc,2,0,3,[],0,0,1,2026-10-05T05:44:34.251939+00:00,"[""/home/mzyx/jsc_build_fd3406f/JSCOnly/Release/bin/jsc"",""--useJIT=false"",""--useLLInt=true"",""--validateOptions=true"",""/mnt/c/Users/mzyx/Desktop/0921/js-interpreter-bench/experiments/three_engine_baseline/adapters/jsc.js"",""/mnt/c/Users/mzyx/Desktop/0921/js-interpreter-bench/experiments/timer_recovery/adapters/jsc.js"",""/mnt/c/Users/mzyx/Desktop/0921/js-interpreter-bench/experiments/octane_three_engine/MAIN_MONOTONIC_V1/attempt01/generated/CodeLoad.CodeLoadClosure.N2.measure.js""]","[""--useJIT=false"",""--useLLInt=true"",""--validateOptions=true""]",65c824a055405bf62b05e21d54515a72a1f0187a4d91225d00a6da969d35879f,/mnt/c/Users/mzyx/Desktop/0921/js-interpreter-bench/experiments/octane_three_engine/MAIN_MONOTONIC_V1/attempt01/generated/CodeLoad.CodeLoadClosure.N2.measure.js,9d5acac086f920750a736a2b9bd5cbecfb6c400b8fe3a4774869c3233b62f4df,0c485996a598b7e36f2f292b66397adc0390cbe6b69b55199e47e1c6c1e37010,0,False,1.42,0.71,0,1.42,,0,"{""pass"":true,""inner_minus_outer_ms"":-29.07179,""tolerance_ms"":5.0}",300,False,0,"TEB_RESULT:{""benchmark"":""Octane"",""case"":""CodeLoad.CodeLoadClosure"",""suite"":""CodeLoad"",""subbenchmark"":""CodeLoadClosure"",""mode"":""MAIN_MONOTONIC_V1"",""phase"":""measure"",""N"":2,""correctness"":""PASS"",""extra_validation_calls"":0,""checksum"":null,""timer"":""benchNow"",""start_ms"":0,""stop_ms"":1.42,""elapsed_ms"":1.42,""elapsed_per_call_ms"":0.71,""warmup_calls"":0}
",,3945723403059,3945692911269,30491790,94e240b1-774a-4fdc-8be3-8b5e85457d9d,True,PASS,
wsl2-ubuntu2404-x64-20261004,MAIN_MONOTONIC_V1,Octane,calibration,CodeLoad.CodeLoadClosure,CodeLoad,CodeLoadClosure,quickjs,2,0,1,[],0,0,1,2026-10-05T05:44:34.010907+00:00,"[""/home/mzyx/three_engine_20261004/quickjs-04be246001599f5995fa2f2d8c91a0f198d3f34c/qjs"",""-I"",""/mnt/c/Users/mzyx/Desktop/0921/js-interpreter-bench/experiments/three_engine_baseline/adapters/quickjs.js"",""-I"",""/mnt/c/Users/mzyx/Desktop/0921/js-interpreter-bench/experiments/timer_recovery/adapters/quickjs.js"",""/mnt/c/Users/mzyx/Desktop/0921/js-interpreter-bench/experiments/octane_three_engine/MAIN_MONOTONIC_V1/attempt01/generated/CodeLoad.CodeLoadClosure.N2.measure.js""]",[],140d5233b0337d91cb0f994ae4a051e49aa04da8802acfaedf0a01b81a620b79,/mnt/c/Users/mzyx/Desktop/0921/js-interpreter-bench/experiments/octane_three_engine/MAIN_MONOTONIC_V1/attempt01/generated/CodeLoad.CodeLoadClosure.N2.measure.js,9d5acac086f920750a736a2b9bd5cbecfb6c400b8fe3a4774869c3233b62f4df,cd393c275173f20526562a008951f65a332deffed85e7c804519788b8ebffab7,0,False,1.3378860000520945,0.6689430000260472,3945491.582955,3945492.920841,,0,"{""pass"":true,""inner_minus_outer_ms"":-13.932052999947906,""tolerance_ms"":5.0}",300,False,0,"TEB_RESULT:{""benchmark"":""Octane"",""case"":""CodeLoad.CodeLoadClosure"",""suite"":""CodeLoad"",""subbenchmark"":""CodeLoadClosure"",""mode"":""MAIN_MONOTONIC_V1"",""phase"":""measure"",""N"":2,""correctness"":""PASS"",""extra_validation_calls"":0,""checksum"":null,""timer"":""benchNow"",""start_ms"":3945491.582955,""stop_ms"":3945492.920841,""elapsed_ms"":1.3378860000520945,""elapsed_per_call_ms"":0.6689430000260472,""warmup_calls"":0}
",,3945493358947,3945478089008,15269939,94e240b1-774a-4fdc-8be3-8b5e85457d9d,True,PASS,
wsl2-ubuntu2404-x64-20261004,MAIN_MONOTONIC_V1,Octane,calibration,CodeLoad.CodeLoadClosure,CodeLoad,CodeLoadClosure,v8,2,0,2,[],0,0,1,2026-10-05T05:44:34.125726+00:00,"[""/home/mzyx/three_engine_20261004/v8-linux64-rel-15.6.21/d8"",""--snapshot_blob=/home/mzyx/three_engine_20261004/v8-linux64-rel-15.6.21/snapshot_blob.bin"",""--max-opt=0"",""--no-lazy"",""/mnt/c/Users/mzyx/Desktop/0921/js-interpreter-bench/experiments/three_engine_baseline/adapters/v8.js"",""/mnt/c/Users/mzyx/Desktop/0921/js-interpreter-bench/experiments/timer_recovery/adapters/v8.js"",""/mnt/c/Users/mzyx/Desktop/0921/js-interpreter-bench/experiments/octane_three_engine/MAIN_MONOTONIC_V1/attempt01/generated/CodeLoad.CodeLoadClosure.N2.measure.js""]","[""--max-opt=0"",""--no-lazy""]",83b744a5953d2662ea723564d4035a333782a0cc85232d1025929a925150b133,/mnt/c/Users/mzyx/Desktop/0921/js-interpreter-bench/experiments/octane_three_engine/MAIN_MONOTONIC_V1/attempt01/generated/CodeLoad.CodeLoadClosure.N2.measure.js,9d5acac086f920750a736a2b9bd5cbecfb6c400b8fe3a4774869c3233b62f4df,e610d3aa3d2672a5e6d5eccd9aaf05c6ae6758d1b9c4468289f017a231ab7d9f,0,False,0.8939999999999984,0.4469999999999992,39.345,40.239,,0,"{""pass"":true,""inner_minus_outer_ms"":-47.432125,""tolerance_ms"":5.0}",300,False,0,"TEB_RESULT:{""benchmark"":""Octane"",""case"":""CodeLoad.CodeLoadClosure"",""suite"":""CodeLoad"",""subbenchmark"":""CodeLoadClosure"",""mode"":""MAIN_MONOTONIC_V1"",""phase"":""measure"",""N"":2,""correctness"":""PASS"",""extra_validation_calls"":0,""checksum"":null,""timer"":""benchNow"",""start_ms"":39.345,""stop_ms"":40.239,""elapsed_ms"":0.8939999999999984,""elapsed_per_call_ms"":0.4469999999999992,""warmup_calls"":0}
",,3945617092768,3945568766643,48326125,94e240b1-774a-4fdc-8be3-8b5e85457d9d,True,PASS,
wsl2-ubuntu2404-x64-20261004,MAIN_MONOTONIC_V1,Octane,calibration,CodeLoad.CodeLoadClosure,CodeLoad,CodeLoadClosure,jsc,2048,0,3,[],0,0,1,2026-10-05T05:44:39.721018+00:00,"[""/home/mzyx/jsc_build_fd3406f/JSCOnly/Release/bin/jsc"",""--useJIT=false"",""--useLLInt=true"",""--validateOptions=true"",""/mnt/c/Users/mzyx/Desktop/0921/js-interpreter-bench/experiments/three_engine_baseline/adapters/jsc.js"",""/mnt/c/Users/mzyx/Desktop/0921/js-interpreter-bench/experiments/timer_recovery/adapters/jsc.js"",""/mnt/c/Users/mzyx/Desktop/0921/js-interpreter-bench/experiments/octane_three_engine/MAIN_MONOTONIC_V1/attempt01/generated/CodeLoad.CodeLoadClosure.N2048.measure.js""]","[""--useJIT=false"",""--useLLInt=true"",""--validateOptions=true""]",65c824a055405bf62b05e21d54515a72a1f0187a4d91225d00a6da969d35879f,/mnt/c/Users/mzyx/Desktop/0921/js-interpreter-bench/experiments/octane_three_engine/MAIN_MONOTONIC_V1/attempt01/generated/CodeLoad.CodeLoadClosure.N2048.measure.js,3e58770dc3c905c2d2c194c62edc304eb7917623638b8954da79e23c168a0522,0c485996a598b7e36f2f292b66397adc0390cbe6b69b55199e47e1c6c1e37010,0,False,1106.34,0.540205078125,0,1106.34,,0,"{""pass"":true,""inner_minus_outer_ms"":-42.45496100000014,""tolerance_ms"":5.0}",300,False,0,"TEB_RESULT:{""benchmark"":""Octane"",""case"":""CodeLoad.CodeLoadClosure"",""suite"":""CodeLoad"",""subbenchmark"":""CodeLoadClosure"",""mode"":""MAIN_MONOTONIC_V1"",""phase"":""measure"",""N"":2048,""correctness"":""PASS"",""extra_validation_calls"":0,""checksum"":null,""timer"":""benchNow"",""start_ms"":0,""stop_ms"":1106.34,""elapsed_ms"":1106.34,""elapsed_per_call_ms"":0.540205078125,""warmup_calls"":0}
",,3955262732516,3954113937555,1148794961,94e240b1-774a-4fdc-8be3-8b5e85457d9d,True,PASS,
wsl2-ubuntu2404-x64-20261004,MAIN_MONOTONIC_V1,Octane,calibration,CodeLoad.CodeLoadClosure,CodeLoad,CodeLoadClosure,quickjs,2048,0,1,[],0,0,1,2026-10-05T05:44:40.337765+00:00,"[""/home/mzyx/three_engine_20261004/quickjs-04be246001599f5995fa2f2d8c91a0f198d3f34c/qjs"",""-I"",""/mnt/c/Users/mzyx/Desktop/0921/js-interpreter-bench/experiments/three_engine_baseline/adapters/quickjs.js"",""-I"",""/mnt/c/Users/mzyx/Desktop/0921/js-interpreter-bench/experiments/timer_recovery/adapters/quickjs.js"",""/mnt/c/Users/mzyx/Desktop/0921/js-interpreter-bench/experiments/octane_three_engine/MAIN_MONOTONIC_V1/attempt01/generated/CodeLoad.CodeLoadClosure.N2048.measure.js""]",[],140d5233b0337d91cb0f994ae4a051e49aa04da8802acfaedf0a01b81a620b79,/mnt/c/Users/mzyx/Desktop/0921/js-interpreter-bench/experiments/octane_three_engine/MAIN_MONOTONIC_V1/attempt01/generated/CodeLoad.CodeLoadClosure.N2048.measure.js,3e58770dc3c905c2d2c194c62edc304eb7917623638b8954da79e23c168a0522,cd393c275173f20526562a008951f65a332deffed85e7c804519788b8ebffab7,0,False,1289.6313829999417,0.6297028237304403,3951816.196137,3953105.82752,,0,"{""pass"":true,""inner_minus_outer_ms"":-84.32684300005826,""tolerance_ms"":5.0}",300,False,0,"TEB_RESULT:{""benchmark"":""Octane"",""case"":""CodeLoad.CodeLoadClosure"",""suite"":""CodeLoad"",""subbenchmark"":""CodeLoadClosure"",""mode"":""MAIN_MONOTONIC_V1"",""phase"":""measure"",""N"":2048,""correctness"":""PASS"",""extra_validation_calls"":0,""checksum"":null,""timer"":""benchNow"",""start_ms"":3951816.196137,""stop_ms"":3953105.82752,""elapsed_ms"":1289.6313829999417,""elapsed_per_call_ms"":0.6297028237304403,""warmup_calls"":0}
",,3953176426573,3951802468347,1373958226,94e240b1-774a-4fdc-8be3-8b5e85457d9d,True,PASS,
wsl2-ubuntu2404-x64-20261004,MAIN_MONOTONIC_V1,Octane,calibration,CodeLoad.CodeLoadClosure,CodeLoad,CodeLoadClosure,v8,2048,0,2,[],0,0,1,2026-10-05T05:44:41.812915+00:00,"[""/home/mzyx/three_engine_20261004/v8-linux64-rel-15.6.21/d8"",""--snapshot_blob=/home/mzyx/three_engine_20261004/v8-linux64-rel-15.6.21/snapshot_blob.bin"",""--max-opt=0"",""--no-lazy"",""/mnt/c/Users/mzyx/Desktop/0921/js-interpreter-bench/experiments/three_engine_baseline/adapters/v8.js"",""/mnt/c/Users/mzyx/Desktop/0921/js-interpreter-bench/experiments/timer_recovery/adapters/v8.js"",""/mnt/c/Users/mzyx/Desktop/0921/js-interpreter-bench/experiments/octane_three_engine/MAIN_MONOTONIC_V1/attempt01/generated/CodeLoad.CodeLoadClosure.N2048.measure.js""]","[""--max-opt=0"",""--no-lazy""]",83b744a5953d2662ea723564d4035a333782a0cc85232d1025929a925150b133,/mnt/c/Users/mzyx/Desktop/0921/js-interpreter-bench/experiments/octane_three_engine/MAIN_MONOTONIC_V1/attempt01/generated/CodeLoad.CodeLoadClosure.N2048.measure.js,3e58770dc3c905c2d2c194c62edc304eb7917623638b8954da79e23c168a0522,e610d3aa3d2672a5e6d5eccd9aaf05c6ae6758d1b9c4468289f017a231ab7d9f,0,False,722.6640000000001,0.35286328125000005,37.233,759.897,,0,"{""pass"":true,""inner_minus_outer_ms"":-55.83687499999985,""tolerance_ms"":5.0}",300,False,0,"TEB_RESULT:{""benchmark"":""Octane"",""case"":""CodeLoad.CodeLoadClosure"",""suite"":""CodeLoad"",""subbenchmark"":""CodeLoadClosure"",""mode"":""MAIN_MONOTONIC_V1"",""phase"":""measure"",""N"":2048,""correctness"":""PASS"",""extra_validation_calls"":0,""checksum"":null,""timer"":""benchNow"",""start_ms"":37.233,""stop_ms"":759.897,""elapsed_ms"":722.6640000000001,""elapsed_per_call_ms"":0.35286328125000005,""warmup_calls"":0}
",,3954031950646,3953253449771,778500875,94e240b1-774a-4fdc-8be3-8b5e85457d9d,True,PASS,
wsl2-ubuntu2404-x64-20261004,MAIN_MONOTONIC_V1,Octane,calibration,CodeLoad.CodeLoadClosure,CodeLoad,CodeLoadClosure,jsc,256,0,3,[],0,0,1,2026-10-05T05:44:37.227862+00:00,"[""/home/mzyx/jsc_build_fd3406f/JSCOnly/Release/bin/jsc"",""--useJIT=false"",""--useLLInt=true"",""--validateOptions=true"",""/mnt/c/Users/mzyx/Desktop/0921/js-interpreter-bench/experiments/three_engine_baseline/adapters/jsc.js"",""/mnt/c/Users/mzyx/Desktop/0921/js-interpreter-bench/experiments/timer_recovery/adapters/jsc.js"",""/mnt/c/Users/mzyx/Desktop/0921/js-interpreter-bench/experiments/octane_three_engine/MAIN_MONOTONIC_V1/attempt01/generated/CodeLoad.CodeLoadClosure.N256.measure.js""]","[""--useJIT=false"",""--useLLInt=true"",""--validateOptions=true""]",65c824a055405bf62b05e21d54515a72a1f0187a4d91225d00a6da969d35879f,/mnt/c/Users/mzyx/Desktop/0921/js-interpreter-bench/experiments/octane_three_engine/MAIN_MONOTONIC_V1/attempt01/generated/CodeLoad.CodeLoadClosure.N256.measure.js,1103c8c7c59dd5a5014b1cdafbdb0b67d42a8749f4c036ab9a45b4b720ea6f06,0c485996a598b7e36f2f292b66397adc0390cbe6b69b55199e47e1c6c1e37010,0,False,103.22,0.403203125,0,103.22,,0,"{""pass"":true,""inner_minus_outer_ms"":-29.908089999999987,""tolerance_ms"":5.0}",300,False,0,"TEB_RESULT:{""benchmark"":""Octane"",""case"":""CodeLoad.CodeLoadClosure"",""suite"":""CodeLoad"",""subbenchmark"":""CodeLoadClosure"",""mode"":""MAIN_MONOTONIC_V1"",""phase"":""measure"",""N"":256,""correctness"":""PASS"",""extra_validation_calls"":0,""checksum"":null,""timer"":""benchNow"",""start_ms"":0,""stop_ms"":103.22,""elapsed_ms"":103.22,""elapsed_per_call_ms"":0.403203125,""warmup_calls"":0}
",,3948800243046,3948667114956,133128090,94e240b1-774a-4fdc-8be3-8b5e85457d9d,True,PASS,
wsl2-ubuntu2404-x64-20261004,MAIN_MONOTONIC_V1,Octane,calibration,CodeLoad.CodeLoadClosure,CodeLoad,CodeLoadClosure,quickjs,256,0,1,[],0,0,1,2026-10-05T05:44:36.755367+00:00,"[""/home/mzyx/three_engine_20261004/quickjs-04be246001599f5995fa2f2d8c91a0f198d3f34c/qjs"",""-I"",""/mnt/c/Users/mzyx/Desktop/0921/js-interpreter-bench/experiments/three_engine_baseline/adapters/quickjs.js"",""-I"",""/mnt/c/Users/mzyx/Desktop/0921/js-interpreter-bench/experiments/timer_recovery/adapters/quickjs.js"",""/mnt/c/Users/mzyx/Desktop/0921/js-interpreter-bench/experiments/octane_three_engine/MAIN_MONOTONIC_V1/attempt01/generated/CodeLoad.CodeLoadClosure.N256.measure.js""]",[],140d5233b0337d91cb0f994ae4a051e49aa04da8802acfaedf0a01b81a620b79,/mnt/c/Users/mzyx/Desktop/0921/js-interpreter-bench/experiments/octane_three_engine/MAIN_MONOTONIC_V1/attempt01/generated/CodeLoad.CodeLoadClosure.N256.measure.js,1103c8c7c59dd5a5014b1cdafbdb0b67d42a8749f4c036ab9a45b4b720ea6f06,cd393c275173f20526562a008951f65a332deffed85e7c804519788b8ebffab7,0,False,158.57306300010532,0.6194260273441614,3948231.835614,3948390.408677,,0,"{""pass"":true,""inner_minus_outer_ms"":-18.590110999894677,""tolerance_ms"":5.0}",300,False,0,"TEB_RESULT:{""benchmark"":""Octane"",""case"":""CodeLoad.CodeLoadClosure"",""suite"":""CodeLoad"",""subbenchmark"":""CodeLoadClosure"",""mode"":""MAIN_MONOTONIC_V1"",""phase"":""measure"",""N"":256,""correctness"":""PASS"",""extra_validation_calls"":0,""checksum"":null,""timer"":""benchNow"",""start_ms"":3948231.835614,""stop_ms"":3948390.408677,""elapsed_ms"":158.57306300010532,""elapsed_per_call_ms"":0.6194260273441614,""warmup_calls"":0}
",,3948395596854,3948218433680,177163174,94e240b1-774a-4fdc-8be3-8b5e85457d9d,True,PASS,
wsl2-ubuntu2404-x64-20261004,MAIN_MONOTONIC_V1,Octane,calibration,CodeLoad.CodeLoadClosure,CodeLoad,CodeLoadClosure,v8,256,0,2,[],0,0,1,2026-10-05T05:44:37.026145+00:00,"[""/home/mzyx/three_engine_20261004/v8-linux64-rel-15.6.21/d8"",""--snapshot_blob=/home/mzyx/three_engine_20261004/v8-linux64-rel-15.6.21/snapshot_blob.bin"",""--max-opt=0"",""--no-lazy"",""/mnt/c/Users/mzyx/Desktop/0921/js-interpreter-bench/experiments/three_engine_baseline/adapters/v8.js"",""/mnt/c/Users/mzyx/Desktop/0921/js-interpreter-bench/experiments/timer_recovery/adapters/v8.js"",""/mnt/c/Users/mzyx/Desktop/0921/js-interpreter-bench/experiments/octane_three_engine/MAIN_MONOTONIC_V1/attempt01/generated/CodeLoad.CodeLoadClosure.N256.measure.js""]","[""--max-opt=0"",""--no-lazy""]",83b744a5953d2662ea723564d4035a333782a0cc85232d1025929a925150b133,/mnt/c/Users/mzyx/Desktop/0921/js-interpreter-bench/experiments/octane_three_engine/MAIN_MONOTONIC_V1/attempt01/generated/CodeLoad.CodeLoadClosure.N256.measure.js,1103c8c7c59dd5a5014b1cdafbdb0b67d42a8749f4c036ab9a45b4b720ea6f06,e610d3aa3d2672a5e6d5eccd9aaf05c6ae6758d1b9c4468289f017a231ab7d9f,0,False,85.666,0.3346328125,35.157,120.823,,0,"{""pass"":true,""inner_minus_outer_ms"":-44.79333600000001,""tolerance_ms"":5.0}",300,False,0,"TEB_RESULT:{""benchmark"":""Octane"",""case"":""CodeLoad.CodeLoadClosure"",""suite"":""CodeLoad"",""subbenchmark"":""CodeLoadClosure"",""mode"":""MAIN_MONOTONIC_V1"",""phase"":""measure"",""N"":256,""correctness"":""PASS"",""extra_validation_calls"":0,""checksum"":null,""timer"":""benchNow"",""start_ms"":35.157,""stop_ms"":120.823,""elapsed_ms"":85.666,""elapsed_per_call_ms"":0.3346328125,""warmup_calls"":0}
",,3948596339955,3948465880619,130459336,94e240b1-774a-4fdc-8be3-8b5e85457d9d,True,PASS,
wsl2-ubuntu2404-x64-20261004,MAIN_MONOTONIC_V1,Octane,calibration,CodeLoad.CodeLoadClosure,CodeLoad,CodeLoadClosure,jsc,32,0,3,[],0,0,1,2026-10-05T05:44:35.694661+00:00,"[""/home/mzyx/jsc_build_fd3406f/JSCOnly/Release/bin/jsc"",""--useJIT=false"",""--useLLInt=true"",""--validateOptions=true"",""/mnt/c/Users/mzyx/Desktop/0921/js-interpreter-bench/experiments/three_engine_baseline/adapters/jsc.js"",""/mnt/c/Users/mzyx/Desktop/0921/js-interpreter-bench/experiments/timer_recovery/adapters/jsc.js"",""/mnt/c/Users/mzyx/Desktop/0921/js-interpreter-bench/experiments/octane_three_engine/MAIN_MONOTONIC_V1/attempt01/generated/CodeLoad.CodeLoadClosure.N32.measure.js""]","[""--useJIT=false"",""--useLLInt=true"",""--validateOptions=true""]",65c824a055405bf62b05e21d54515a72a1f0187a4d91225d00a6da969d35879f,/mnt/c/Users/mzyx/Desktop/0921/js-interpreter-bench/experiments/octane_three_engine/MAIN_MONOTONIC_V1/attempt01/generated/CodeLoad.CodeLoadClosure.N32.measure.js,b888da031ecddc853bb606a2d91d3904c3aad9ab29d5bc31959f99652ddfd216,0c485996a598b7e36f2f292b66397adc0390cbe6b69b55199e47e1c6c1e37010,0,False,14.18,0.443125,0,14.18,,0,"{""pass"":true,""inner_minus_outer_ms"":-36.136858000000004,""tolerance_ms"":5.0}",300,False,0,"TEB_RESULT:{""benchmark"":""Octane"",""case"":""CodeLoad.CodeLoadClosure"",""suite"":""CodeLoad"",""subbenchmark"":""CodeLoadClosure"",""mode"":""MAIN_MONOTONIC_V1"",""phase"":""measure"",""N"":32,""correctness"":""PASS"",""extra_validation_calls"":0,""checksum"":null,""timer"":""benchNow"",""start_ms"":0,""stop_ms"":14.18,""elapsed_ms"":14.18,""elapsed_per_call_ms"":0.443125,""warmup_calls"":0}
",,3947184548000,3947134231142,50316858,94e240b1-774a-4fdc-8be3-8b5e85457d9d,True,PASS,
wsl2-ubuntu2404-x64-20261004,MAIN_MONOTONIC_V1,Octane,calibration,CodeLoad.CodeLoadClosure,CodeLoad,CodeLoadClosure,quickjs,32,0,1,[],0,0,1,2026-10-05T05:44:35.421757+00:00,"[""/home/mzyx/three_engine_20261004/quickjs-04be246001599f5995fa2f2d8c91a0f198d3f34c/qjs"",""-I"",""/mnt/c/Users/mzyx/Desktop/0921/js-interpreter-bench/experiments/three_engine_baseline/adapters/quickjs.js"",""-I"",""/mnt/c/Users/mzyx/Desktop/0921/js-interpreter-bench/experiments/timer_recovery/adapters/quickjs.js"",""/mnt/c/Users/mzyx/Desktop/0921/js-interpreter-bench/experiments/octane_three_engine/MAIN_MONOTONIC_V1/attempt01/generated/CodeLoad.CodeLoadClosure.N32.measure.js""]",[],140d5233b0337d91cb0f994ae4a051e49aa04da8802acfaedf0a01b81a620b79,/mnt/c/Users/mzyx/Desktop/0921/js-interpreter-bench/experiments/octane_three_engine/MAIN_MONOTONIC_V1/attempt01/generated/CodeLoad.CodeLoadClosure.N32.measure.js,b888da031ecddc853bb606a2d91d3904c3aad9ab29d5bc31959f99652ddfd216,cd393c275173f20526562a008951f65a332deffed85e7c804519788b8ebffab7,0,False,20.339612999930978,0.6356129062478431,3946914.10998,3946934.449593,,0,"{""pass"":true,""inner_minus_outer_ms"":-16.319836000069024,""tolerance_ms"":5.0}",300,False,0,"TEB_RESULT:{""benchmark"":""Octane"",""case"":""CodeLoad.CodeLoadClosure"",""suite"":""CodeLoad"",""subbenchmark"":""CodeLoadClosure"",""mode"":""MAIN_MONOTONIC_V1"",""phase"":""measure"",""N"":32,""correctness"":""PASS"",""extra_validation_calls"":0,""checksum"":null,""timer"":""benchNow"",""start_ms"":3946914.10998,""stop_ms"":3946934.449593,""elapsed_ms"":20.339612999930978,""elapsed_per_call_ms"":0.6356129062478431,""warmup_calls"":0}
",,3946935364202,3946898704753,36659449,94e240b1-774a-4fdc-8be3-8b5e85457d9d,True,PASS,
wsl2-ubuntu2404-x64-20261004,MAIN_MONOTONIC_V1,Octane,calibration,CodeLoad.CodeLoadClosure,CodeLoad,CodeLoadClosure,v8,32,0,2,[],0,0,1,2026-10-05T05:44:35.569759+00:00,"[""/home/mzyx/three_engine_20261004/v8-linux64-rel-15.6.21/d8"",""--snapshot_blob=/home/mzyx/three_engine_20261004/v8-linux64-rel-15.6.21/snapshot_blob.bin"",""--max-opt=0"",""--no-lazy"",""/mnt/c/Users/mzyx/Desktop/0921/js-interpreter-bench/experiments/three_engine_baseline/adapters/v8.js"",""/mnt/c/Users/mzyx/Desktop/0921/js-interpreter-bench/experiments/timer_recovery/adapters/v8.js"",""/mnt/c/Users/mzyx/Desktop/0921/js-interpreter-bench/experiments/octane_three_engine/MAIN_MONOTONIC_V1/attempt01/generated/CodeLoad.CodeLoadClosure.N32.measure.js""]","[""--max-opt=0"",""--no-lazy""]",83b744a5953d2662ea723564d4035a333782a0cc85232d1025929a925150b133,/mnt/c/Users/mzyx/Desktop/0921/js-interpreter-bench/experiments/octane_three_engine/MAIN_MONOTONIC_V1/attempt01/generated/CodeLoad.CodeLoadClosure.N32.measure.js,b888da031ecddc853bb606a2d91d3904c3aad9ab29d5bc31959f99652ddfd216,e610d3aa3d2672a5e6d5eccd9aaf05c6ae6758d1b9c4468289f017a231ab7d9f,0,False,10.29,0.3215625,35.147,45.437,,0,"{""pass"":true,""inner_minus_outer_ms"":-44.680415,""tolerance_ms"":5.0}",300,False,0,"TEB_RESULT:{""benchmark"":""Octane"",""case"":""CodeLoad.CodeLoadClosure"",""suite"":""CodeLoad"",""subbenchmark"":""CodeLoadClosure"",""mode"":""MAIN_MONOTONIC_V1"",""phase"":""measure"",""N"":32,""correctness"":""PASS"",""extra_validation_calls"":0,""checksum"":null,""timer"":""benchNow"",""start_ms"":35.147,""stop_ms"":45.437,""elapsed_ms"":10.29,""elapsed_per_call_ms"":0.3215625,""warmup_calls"":0}
",,3947064279966,3947009309551,54970415,94e240b1-774a-4fdc-8be3-8b5e85457d9d,True,PASS,
wsl2-ubuntu2404-x64-20261004,MAIN_MONOTONIC_V1,Octane,calibration,CodeLoad.CodeLoadClosure,CodeLoad,CodeLoadClosure,jsc,4,0,3,[],0,0,1,2026-10-05T05:44:34.590327+00:00,"[""/home/mzyx/jsc_build_fd3406f/JSCOnly/Release/bin/jsc"",""--useJIT=false"",""--useLLInt=true"",""--validateOptions=true"",""/mnt/c/Users/mzyx/Desktop/0921/js-interpreter-bench/experiments/three_engine_baseline/adapters/jsc.js"",""/mnt/c/Users/mzyx/Desktop/0921/js-interpreter-bench/experiments/timer_recovery/adapters/jsc.js"",""/mnt/c/Users/mzyx/Desktop/0921/js-interpreter-bench/experiments/octane_three_engine/MAIN_MONOTONIC_V1/attempt01/generated/CodeLoad.CodeLoadClosure.N4.measure.js""]","[""--useJIT=false"",""--useLLInt=true"",""--validateOptions=true""]",65c824a055405bf62b05e21d54515a72a1f0187a4d91225d00a6da969d35879f,/mnt/c/Users/mzyx/Desktop/0921/js-interpreter-bench/experiments/octane_three_engine/MAIN_MONOTONIC_V1/attempt01/generated/CodeLoad.CodeLoadClosure.N4.measure.js,81d048996c183c58b0a9c95313fccd2439a26a3c85536c252f9498a45672fe25,0c485996a598b7e36f2f292b66397adc0390cbe6b69b55199e47e1c6c1e37010,0,False,2.16,0.54,0,2.16,,0,"{""pass"":true,""inner_minus_outer_ms"":-27.70466,""tolerance_ms"":5.0}",300,False,0,"TEB_RESULT:{""benchmark"":""Octane"",""case"":""CodeLoad.CodeLoadClosure"",""suite"":""CodeLoad"",""subbenchmark"":""CodeLoadClosure"",""mode"":""MAIN_MONOTONIC_V1"",""phase"":""measure"",""N"":4,""correctness"":""PASS"",""extra_validation_calls"":0,""checksum"":null,""timer"":""benchNow"",""start_ms"":0,""stop_ms"":2.16,""elapsed_ms"":2.16,""elapsed_per_call_ms"":0.54,""warmup_calls"":0}
",,3946059792204,3946029927544,29864660,94e240b1-774a-4fdc-8be3-8b5e85457d9d,True,PASS,
wsl2-ubuntu2404-x64-20261004,MAIN_MONOTONIC_V1,Octane,calibration,CodeLoad.CodeLoadClosure,CodeLoad,CodeLoadClosure,quickjs,4,0,1,[],0,0,1,2026-10-05T05:44:34.358344+00:00,"[""/home/mzyx/three_engine_20261004/quickjs-04be246001599f5995fa2f2d8c91a0f198d3f34c/qjs"",""-I"",""/mnt/c/Users/mzyx/Desktop/0921/js-interpreter-bench/experiments/three_engine_baseline/adapters/quickjs.js"",""-I"",""/mnt/c/Users/mzyx/Desktop/0921/js-interpreter-bench/experiments/timer_recovery/adapters/quickjs.js"",""/mnt/c/Users/mzyx/Desktop/0921/js-interpreter-bench/experiments/octane_three_engine/MAIN_MONOTONIC_V1/attempt01/generated/CodeLoad.CodeLoadClosure.N4.measure.js""]",[],140d5233b0337d91cb0f994ae4a051e49aa04da8802acfaedf0a01b81a620b79,/mnt/c/Users/mzyx/Desktop/0921/js-interpreter-bench/experiments/octane_three_engine/MAIN_MONOTONIC_V1/attempt01/generated/CodeLoad.CodeLoadClosure.N4.measure.js,81d048996c183c58b0a9c95313fccd2439a26a3c85536c252f9498a45672fe25,cd393c275173f20526562a008951f65a332deffed85e7c804519788b8ebffab7,0,False,2.6700650001876056,0.6675162500469014,3945836.041971,3945838.712036,,0,"{""pass"":true,""inner_minus_outer_ms"":-14.101652999812394,""tolerance_ms"":5.0}",300,False,0,"TEB_RESULT:{""benchmark"":""Octane"",""case"":""CodeLoad.CodeLoadClosure"",""suite"":""CodeLoad"",""subbenchmark"":""CodeLoadClosure"",""mode"":""MAIN_MONOTONIC_V1"",""phase"":""measure"",""N"":4,""correctness"":""PASS"",""extra_validation_calls"":0,""checksum"":null,""timer"":""benchNow"",""start_ms"":3945836.041971,""stop_ms"":3945838.712036,""elapsed_ms"":2.6700650001876056,""elapsed_per_call_ms"":0.6675162500469014,""warmup_calls"":0}
",,3945839186146,3945822414428,16771718,94e240b1-774a-4fdc-8be3-8b5e85457d9d,True,PASS,
wsl2-ubuntu2404-x64-20261004,MAIN_MONOTONIC_V1,Octane,calibration,CodeLoad.CodeLoadClosure,CodeLoad,CodeLoadClosure,v8,4,0,2,[],0,0,1,2026-10-05T05:44:34.472058+00:00,"[""/home/mzyx/three_engine_20261004/v8-linux64-rel-15.6.21/d8"",""--snapshot_blob=/home/mzyx/three_engine_20261004/v8-linux64-rel-15.6.21/snapshot_blob.bin"",""--max-opt=0"",""--no-lazy"",""/mnt/c/Users/mzyx/Desktop/0921/js-interpreter-bench/experiments/three_engine_baseline/adapters/v8.js"",""/mnt/c/Users/mzyx/Desktop/0921/js-interpreter-bench/experiments/timer_recovery/adapters/v8.js"",""/mnt/c/Users/mzyx/Desktop/0921/js-interpreter-bench/experiments/octane_three_engine/MAIN_MONOTONIC_V1/attempt01/generated/CodeLoad.CodeLoadClosure.N4.measure.js""]","[""--max-opt=0"",""--no-lazy""]",83b744a5953d2662ea723564d4035a333782a0cc85232d1025929a925150b133,/mnt/c/Users/mzyx/Desktop/0921/js-interpreter-bench/experiments/octane_three_engine/MAIN_MONOTONIC_V1/attempt01/generated/CodeLoad.CodeLoadClosure.N4.measure.js,81d048996c183c58b0a9c95313fccd2439a26a3c85536c252f9498a45672fe25,e610d3aa3d2672a5e6d5eccd9aaf05c6ae6758d1b9c4468289f017a231ab7d9f,0,False,1.641999999999996,0.410499999999999,35.911,37.553,,0,"{""pass"":true,""inner_minus_outer_ms"":-44.23878200000001,""tolerance_ms"":5.0}",300,False,0,"TEB_RESULT:{""benchmark"":""Octane"",""case"":""CodeLoad.CodeLoadClosure"",""suite"":""CodeLoad"",""subbenchmark"":""CodeLoadClosure"",""mode"":""MAIN_MONOTONIC_V1"",""phase"":""measure"",""N"":4,""correctness"":""PASS"",""extra_validation_calls"":0,""checksum"":null,""timer"":""benchNow"",""start_ms"":35.911,""stop_ms"":37.553,""elapsed_ms"":1.641999999999996,""elapsed_per_call_ms"":0.410499999999999,""warmup_calls"":0}
",,3945957998843,3945912118061,45880782,94e240b1-774a-4fdc-8be3-8b5e85457d9d,True,PASS,
wsl2-ubuntu2404-x64-20261004,MAIN_MONOTONIC_V1,Octane,calibration,CodeLoad.CodeLoadClosure,CodeLoad,CodeLoadClosure,jsc,4096,0,3,[],0,0,1,2026-10-05T05:44:45.398741+00:00,"[""/home/mzyx/jsc_build_fd3406f/JSCOnly/Release/bin/jsc"",""--useJIT=false"",""--useLLInt=true"",""--validateOptions=true"",""/mnt/c/Users/mzyx/Desktop/0921/js-interpreter-bench/experiments/three_engine_baseline/adapters/jsc.js"",""/mnt/c/Users/mzyx/Desktop/0921/js-interpreter-bench/experiments/timer_recovery/adapters/jsc.js"",""/mnt/c/Users/mzyx/Desktop/0921/js-interpreter-bench/experiments/octane_three_engine/MAIN_MONOTONIC_V1/attempt01/generated/CodeLoad.CodeLoadClosure.N4096.measure.js""]","[""--useJIT=false"",""--useLLInt=true"",""--validateOptions=true""]",65c824a055405bf62b05e21d54515a72a1f0187a4d91225d00a6da969d35879f,/mnt/c/Users/mzyx/Desktop/0921/js-interpreter-bench/experiments/octane_three_engine/MAIN_MONOTONIC_V1/attempt01/generated/CodeLoad.CodeLoadClosure.N4096.measure.js,a01ea0daacea529518459d53a082139c340f5ff521d47854ed1de6ea3ed32093,0c485996a598b7e36f2f292b66397adc0390cbe6b69b55199e47e1c6c1e37010,0,False,2217.92,0.541484375,0,2217.92,,0,"{""pass"":true,""inner_minus_outer_ms"":-44.20281900000009,""tolerance_ms"":5.0}",300,False,0,"TEB_RESULT:{""benchmark"":""Octane"",""case"":""CodeLoad.CodeLoadClosure"",""suite"":""CodeLoad"",""subbenchmark"":""CodeLoadClosure"",""mode"":""MAIN_MONOTONIC_V1"",""phase"":""measure"",""N"":4096,""correctness"":""PASS"",""extra_validation_calls"":0,""checksum"":null,""timer"":""benchNow"",""start_ms"":0,""stop_ms"":2217.92,""elapsed_ms"":2217.92,""elapsed_per_call_ms"":0.541484375,""warmup_calls"":0}
",,3962053626525,3959791503706,2262122819,94e240b1-774a-4fdc-8be3-8b5e85457d9d,True,PASS,
wsl2-ubuntu2404-x64-20261004,MAIN_MONOTONIC_V1,Octane,calibration,CodeLoad.CodeLoadClosure,CodeLoad,CodeLoadClosure,quickjs,4096,0,1,[],0,0,1,2026-10-05T05:44:40.944157+00:00,"[""/home/mzyx/three_engine_20261004/quickjs-04be246001599f5995fa2f2d8c91a0f198d3f34c/qjs"",""-I"",""/mnt/c/Users/mzyx/Desktop/0921/js-interpreter-bench/experiments/three_engine_baseline/adapters/quickjs.js"",""-I"",""/mnt/c/Users/mzyx/Desktop/0921/js-interpreter-bench/experiments/timer_recovery/adapters/quickjs.js"",""/mnt/c/Users/mzyx/Desktop/0921/js-interpreter-bench/experiments/octane_three_engine/MAIN_MONOTONIC_V1/attempt01/generated/CodeLoad.CodeLoadClosure.N4096.measure.js""]",[],140d5233b0337d91cb0f994ae4a051e49aa04da8802acfaedf0a01b81a620b79,/mnt/c/Users/mzyx/Desktop/0921/js-interpreter-bench/experiments/octane_three_engine/MAIN_MONOTONIC_V1/attempt01/generated/CodeLoad.CodeLoadClosure.N4096.measure.js,a01ea0daacea529518459d53a082139c340f5ff521d47854ed1de6ea3ed32093,cd393c275173f20526562a008951f65a332deffed85e7c804519788b8ebffab7,0,False,2724.7002179999836,0.6652100141601522,3955374.668705,3958099.368923,,0,"{""pass"":true,""inner_minus_outer_ms"":-154.47804700001643,""tolerance_ms"":5.0}",300,False,0,"TEB_RESULT:{""benchmark"":""Octane"",""case"":""CodeLoad.CodeLoadClosure"",""suite"":""CodeLoad"",""subbenchmark"":""CodeLoadClosure"",""mode"":""MAIN_MONOTONIC_V1"",""phase"":""measure"",""N"":4096,""correctness"":""PASS"",""extra_validation_calls"":0,""checksum"":null,""timer"":""benchNow"",""start_ms"":3955374.668705,""stop_ms"":3958099.368923,""elapsed_ms"":2724.7002179999836,""elapsed_per_call_ms"":0.6652100141601522,""warmup_calls"":0}
",,3958240186432,3955361008167,2879178265,94e240b1-774a-4fdc-8be3-8b5e85457d9d,True,PASS,
wsl2-ubuntu2404-x64-20261004,MAIN_MONOTONIC_V1,Octane,calibration,CodeLoad.CodeLoadClosure,CodeLoad,CodeLoadClosure,v8,4096,0,2,[],0,0,1,2026-10-05T05:44:43.921454+00:00,"[""/home/mzyx/three_engine_20261004/v8-linux64-rel-15.6.21/d8"",""--snapshot_blob=/home/mzyx/three_engine_20261004/v8-linux64-rel-15.6.21/snapshot_blob.bin"",""--max-opt=0"",""--no-lazy"",""/mnt/c/Users/mzyx/Desktop/0921/js-interpreter-bench/experiments/three_engine_baseline/adapters/v8.js"",""/mnt/c/Users/mzyx/Desktop/0921/js-interpreter-bench/experiments/timer_recovery/adapters/v8.js"",""/mnt/c/Users/mzyx/Desktop/0921/js-interpreter-bench/experiments/octane_three_engine/MAIN_MONOTONIC_V1/attempt01/generated/CodeLoad.CodeLoadClosure.N4096.measure.js""]","[""--max-opt=0"",""--no-lazy""]",83b744a5953d2662ea723564d4035a333782a0cc85232d1025929a925150b133,/mnt/c/Users/mzyx/Desktop/0921/js-interpreter-bench/experiments/octane_three_engine/MAIN_MONOTONIC_V1/attempt01/generated/CodeLoad.CodeLoadClosure.N4096.measure.js,a01ea0daacea529518459d53a082139c340f5ff521d47854ed1de6ea3ed32093,e610d3aa3d2672a5e6d5eccd9aaf05c6ae6758d1b9c4468289f017a231ab7d9f,0,False,1320.2569999999998,0.32232836914062496,40.132,1360.389,,0,"{""pass"":true,""inner_minus_outer_ms"":-77.48108000000025,""tolerance_ms"":5.0}",300,False,0,"TEB_RESULT:{""benchmark"":""Octane"",""case"":""CodeLoad.CodeLoadClosure"",""suite"":""CodeLoad"",""subbenchmark"":""CodeLoadClosure"",""mode"":""MAIN_MONOTONIC_V1"",""phase"":""measure"",""N"":4096,""correctness"":""PASS"",""extra_validation_calls"":0,""checksum"":null,""timer"":""benchNow"",""start_ms"":40.132,""stop_ms"":1360.389,""elapsed_ms"":1320.2569999999998,""elapsed_per_call_ms"":0.32232836914062496,""warmup_calls"":0}
",,3959709870305,3958312132225,1397738080,94e240b1-774a-4fdc-8be3-8b5e85457d9d,True,PASS,
wsl2-ubuntu2404-x64-20261004,MAIN_MONOTONIC_V1,Octane,calibration,CodeLoad.CodeLoadClosure,CodeLoad,CodeLoadClosure,jsc,512,0,3,[],0,0,1,2026-10-05T05:44:38.172280+00:00,"[""/home/mzyx/jsc_build_fd3406f/JSCOnly/Release/bin/jsc"",""--useJIT=false"",""--useLLInt=true"",""--validateOptions=true"",""/mnt/c/Users/mzyx/Desktop/0921/js-interpreter-bench/experiments/three_engine_baseline/adapters/jsc.js"",""/mnt/c/Users/mzyx/Desktop/0921/js-interpreter-bench/experiments/timer_recovery/adapters/jsc.js"",""/mnt/c/Users/mzyx/Desktop/0921/js-interpreter-bench/experiments/octane_three_engine/MAIN_MONOTONIC_V1/attempt01/generated/CodeLoad.CodeLoadClosure.N512.measure.js""]","[""--useJIT=false"",""--useLLInt=true"",""--validateOptions=true""]",65c824a055405bf62b05e21d54515a72a1f0187a4d91225d00a6da969d35879f,/mnt/c/Users/mzyx/Desktop/0921/js-interpreter-bench/experiments/octane_three_engine/MAIN_MONOTONIC_V1/attempt01/generated/CodeLoad.CodeLoadClosure.N512.measure.js,57a8a0674a3f8b4b98ea45306590637c5a8cb4830ccfa0d8e87f24cbeb465860,0c485996a598b7e36f2f292b66397adc0390cbe6b69b55199e47e1c6c1e37010,0,False,225.36,0.44015625,0,225.36,,0,"{""pass"":true,""inner_minus_outer_ms"":-30.309962999999982,""tolerance_ms"":5.0}",300,False,0,"TEB_RESULT:{""benchmark"":""Octane"",""case"":""CodeLoad.CodeLoadClosure"",""suite"":""CodeLoad"",""subbenchmark"":""CodeLoadClosure"",""mode"":""MAIN_MONOTONIC_V1"",""phase"":""measure"",""N"":512,""correctness"":""PASS"",""extra_validation_calls"":0,""checksum"":null,""timer"":""benchNow"",""start_ms"":0,""stop_ms"":225.36,""elapsed_ms"":225.36,""elapsed_per_call_ms"":0.44015625,""warmup_calls"":0}
",,3949866644190,3949610974227,255669963,94e240b1-774a-4fdc-8be3-8b5e85457d9d,True,PASS,
wsl2-ubuntu2404-x64-20261004,MAIN_MONOTONIC_V1,Octane,calibration,CodeLoad.CodeLoadClosure,CodeLoad,CodeLoadClosure,quickjs,512,0,1,[],0,0,1,2026-10-05T05:44:37.434419+00:00,"[""/home/mzyx/three_engine_20261004/quickjs-04be246001599f5995fa2f2d8c91a0f198d3f34c/qjs"",""-I"",""/mnt/c/Users/mzyx/Desktop/0921/js-interpreter-bench/experiments/three_engine_baseline/adapters/quickjs.js"",""-I"",""/mnt/c/Users/mzyx/Desktop/0921/js-interpreter-bench/experiments/timer_recovery/adapters/quickjs.js"",""/mnt/c/Users/mzyx/Desktop/0921/js-interpreter-bench/experiments/octane_three_engine/MAIN_MONOTONIC_V1/attempt01/generated/CodeLoad.CodeLoadClosure.N512.measure.js""]",[],140d5233b0337d91cb0f994ae4a051e49aa04da8802acfaedf0a01b81a620b79,/mnt/c/Users/mzyx/Desktop/0921/js-interpreter-bench/experiments/octane_three_engine/MAIN_MONOTONIC_V1/attempt01/generated/CodeLoad.CodeLoadClosure.N512.measure.js,57a8a0674a3f8b4b98ea45306590637c5a8cb4830ccfa0d8e87f24cbeb465860,cd393c275173f20526562a008951f65a332deffed85e7c804519788b8ebffab7,0,False,322.46617099968717,0.629816740233764,3948914.074936,3949236.541107,,0,"{""pass"":true,""inner_minus_outer_ms"":-27.22496000031282,""tolerance_ms"":5.0}",300,False,0,"TEB_RESULT:{""benchmark"":""Octane"",""case"":""CodeLoad.CodeLoadClosure"",""suite"":""CodeLoad"",""subbenchmark"":""CodeLoadClosure"",""mode"":""MAIN_MONOTONIC_V1"",""phase"":""measure"",""N"":512,""correctness"":""PASS"",""extra_validation_calls"":0,""checksum"":null,""timer"":""benchNow"",""start_ms"":3948914.074936,""stop_ms"":3949236.541107,""elapsed_ms"":322.46617099968717,""elapsed_per_call_ms"":0.629816740233764,""warmup_calls"":0}
",,3949249263686,3948899572555,349691131,94e240b1-774a-4fdc-8be3-8b5e85457d9d,True,PASS,
wsl2-ubuntu2404-x64-20261004,MAIN_MONOTONIC_V1,Octane,calibration,CodeLoad.CodeLoadClosure,CodeLoad,CodeLoadClosure,v8,512,0,2,[],0,0,1,2026-10-05T05:44:37.883428+00:00,"[""/home/mzyx/three_engine_20261004/v8-linux64-rel-15.6.21/d8"",""--snapshot_blob=/home/mzyx/three_engine_20261004/v8-linux64-rel-15.6.21/snapshot_blob.bin"",""--max-opt=0"",""--no-lazy"",""/mnt/c/Users/mzyx/Desktop/0921/js-interpreter-bench/experiments/three_engine_baseline/adapters/v8.js"",""/mnt/c/Users/mzyx/Desktop/0921/js-interpreter-bench/experiments/timer_recovery/adapters/v8.js"",""/mnt/c/Users/mzyx/Desktop/0921/js-interpreter-bench/experiments/octane_three_engine/MAIN_MONOTONIC_V1/attempt01/generated/CodeLoad.CodeLoadClosure.N512.measure.js""]","[""--max-opt=0"",""--no-lazy""]",83b744a5953d2662ea723564d4035a333782a0cc85232d1025929a925150b133,/mnt/c/Users/mzyx/Desktop/0921/js-interpreter-bench/experiments/octane_three_engine/MAIN_MONOTONIC_V1/attempt01/generated/CodeLoad.CodeLoadClosure.N512.measure.js,57a8a0674a3f8b4b98ea45306590637c5a8cb4830ccfa0d8e87f24cbeb465860,e610d3aa3d2672a5e6d5eccd9aaf05c6ae6758d1b9c4468289f017a231ab7d9f,0,False,168.83300000000003,0.32975195312500005,38.312,207.145,,0,"{""pass"":true,""inner_minus_outer_ms"":-49.65407299999998,""tolerance_ms"":5.0}",300,False,0,"TEB_RESULT:{""benchmark"":""Octane"",""case"":""CodeLoad.CodeLoadClosure"",""suite"":""CodeLoad"",""subbenchmark"":""CodeLoadClosure"",""mode"":""MAIN_MONOTONIC_V1"",""phase"":""measure"",""N"":512,""correctness"":""PASS"",""extra_validation_calls"":0,""checksum"":null,""timer"":""benchNow"",""start_ms"":38.312,""stop_ms"":207.145,""elapsed_ms"":168.83300000000003,""elapsed_per_call_ms"":0.32975195312500005,""warmup_calls"":0}
",,3949541534777,3949323047704,218487073,94e240b1-774a-4fdc-8be3-8b5e85457d9d,True,PASS,
wsl2-ubuntu2404-x64-20261004,MAIN_MONOTONIC_V1,Octane,calibration,CodeLoad.CodeLoadClosure,CodeLoad,CodeLoadClosure,jsc,64,0,3,[],0,0,1,2026-10-05T05:44:36.116013+00:00,"[""/home/mzyx/jsc_build_fd3406f/JSCOnly/Release/bin/jsc"",""--useJIT=false"",""--useLLInt=true"",""--validateOptions=true"",""/mnt/c/Users/mzyx/Desktop/0921/js-interpreter-bench/experiments/three_engine_baseline/adapters/jsc.js"",""/mnt/c/Users/mzyx/Desktop/0921/js-interpreter-bench/experiments/timer_recovery/adapters/jsc.js"",""/mnt/c/Users/mzyx/Desktop/0921/js-interpreter-bench/experiments/octane_three_engine/MAIN_MONOTONIC_V1/attempt01/generated/CodeLoad.CodeLoadClosure.N64.measure.js""]","[""--useJIT=false"",""--useLLInt=true"",""--validateOptions=true""]",65c824a055405bf62b05e21d54515a72a1f0187a4d91225d00a6da969d35879f,/mnt/c/Users/mzyx/Desktop/0921/js-interpreter-bench/experiments/octane_three_engine/MAIN_MONOTONIC_V1/attempt01/generated/CodeLoad.CodeLoadClosure.N64.measure.js,e5f0aaa14fdbbbbaf06e2843fa5bca7c0a328f0468d9a59ba4102904136cf998,0c485996a598b7e36f2f292b66397adc0390cbe6b69b55199e47e1c6c1e37010,0,False,27.72,0.433125,0,27.72,,0,"{""pass"":true,""inner_minus_outer_ms"":-29.089036999999998,""tolerance_ms"":5.0}",300,False,0,"TEB_RESULT:{""benchmark"":""Octane"",""case"":""CodeLoad.CodeLoadClosure"",""suite"":""CodeLoad"",""subbenchmark"":""CodeLoadClosure"",""mode"":""MAIN_MONOTONIC_V1"",""phase"":""measure"",""N"":64,""correctness"":""PASS"",""extra_validation_calls"":0,""checksum"":null,""timer"":""benchNow"",""start_ms"":0,""stop_ms"":27.72,""elapsed_ms"":27.72,""elapsed_per_call_ms"":0.433125,""warmup_calls"":0}
",,3947611735049,3947554926012,56809037,94e240b1-774a-4fdc-8be3-8b5e85457d9d,True,PASS,
wsl2-ubuntu2404-x64-20261004,MAIN_MONOTONIC_V1,Octane,calibration,CodeLoad.CodeLoadClosure,CodeLoad,CodeLoadClosure,quickjs,64,0,1,[],0,0,1,2026-10-05T05:44:35.823425+00:00,"[""/home/mzyx/three_engine_20261004/quickjs-04be246001599f5995fa2f2d8c91a0f198d3f34c/qjs"",""-I"",""/mnt/c/Users/mzyx/Desktop/0921/js-interpreter-bench/experiments/three_engine_baseline/adapters/quickjs.js"",""-I"",""/mnt/c/Users/mzyx/Desktop/0921/js-interpreter-bench/experiments/timer_recovery/adapters/quickjs.js"",""/mnt/c/Users/mzyx/Desktop/0921/js-interpreter-bench/experiments/octane_three_engine/MAIN_MONOTONIC_V1/attempt01/generated/CodeLoad.CodeLoadClosure.N64.measure.js""]",[],140d5233b0337d91cb0f994ae4a051e49aa04da8802acfaedf0a01b81a620b79,/mnt/c/Users/mzyx/Desktop/0921/js-interpreter-bench/experiments/octane_three_engine/MAIN_MONOTONIC_V1/attempt01/generated/CodeLoad.CodeLoadClosure.N64.measure.js,e5f0aaa14fdbbbbaf06e2843fa5bca7c0a328f0468d9a59ba4102904136cf998,cd393c275173f20526562a008951f65a332deffed85e7c804519788b8ebffab7,0,False,39.150898000225425,0.6117327812535223,3947302.802123,3947341.953021,,0,"{""pass"":true,""inner_minus_outer_ms"":-15.377854999774577,""tolerance_ms"":5.0}",300,False,0,"TEB_RESULT:{""benchmark"":""Octane"",""case"":""CodeLoad.CodeLoadClosure"",""suite"":""CodeLoad"",""subbenchmark"":""CodeLoadClosure"",""mode"":""MAIN_MONOTONIC_V1"",""phase"":""measure"",""N"":64,""correctness"":""PASS"",""extra_validation_calls"":0,""checksum"":null,""timer"":""benchNow"",""start_ms"":3947302.802123,""stop_ms"":3947341.953021,""elapsed_ms"":39.150898000225425,""elapsed_per_call_ms"":0.6117327812535223,""warmup_calls"":0}
",,3947343237159,3947288708406,54528753,94e240b1-774a-4fdc-8be3-8b5e85457d9d,True,PASS,
wsl2-ubuntu2404-x64-20261004,MAIN_MONOTONIC_V1,Octane,calibration,CodeLoad.CodeLoadClosure,CodeLoad,CodeLoadClosure,v8,64,0,2,[],0,0,1,2026-10-05T05:44:35.976374+00:00,"[""/home/mzyx/three_engine_20261004/v8-linux64-rel-15.6.21/d8"",""--snapshot_blob=/home/mzyx/three_engine_20261004/v8-linux64-rel-15.6.21/snapshot_blob.bin"",""--max-opt=0"",""--no-lazy"",""/mnt/c/Users/mzyx/Desktop/0921/js-interpreter-bench/experiments/three_engine_baseline/adapters/v8.js"",""/mnt/c/Users/mzyx/Desktop/0921/js-interpreter-bench/experiments/timer_recovery/adapters/v8.js"",""/mnt/c/Users/mzyx/Desktop/0921/js-interpreter-bench/experiments/octane_three_engine/MAIN_MONOTONIC_V1/attempt01/generated/CodeLoad.CodeLoadClosure.N64.measure.js""]","[""--max-opt=0"",""--no-lazy""]",83b744a5953d2662ea723564d4035a333782a0cc85232d1025929a925150b133,/mnt/c/Users/mzyx/Desktop/0921/js-interpreter-bench/experiments/octane_three_engine/MAIN_MONOTONIC_V1/attempt01/generated/CodeLoad.CodeLoadClosure.N64.measure.js,e5f0aaa14fdbbbbaf06e2843fa5bca7c0a328f0468d9a59ba4102904136cf998,e610d3aa3d2672a5e6d5eccd9aaf05c6ae6758d1b9c4468289f017a231ab7d9f,0,False,24.713,0.386140625,35.661,60.374,,0,"{""pass"":true,""inner_minus_outer_ms"":-44.448691000000004,""tolerance_ms"":5.0}",300,False,0,"TEB_RESULT:{""benchmark"":""Octane"",""case"":""CodeLoad.CodeLoadClosure"",""suite"":""CodeLoad"",""subbenchmark"":""CodeLoadClosure"",""mode"":""MAIN_MONOTONIC_V1"",""phase"":""measure"",""N"":64,""correctness"":""PASS"",""extra_validation_calls"":0,""checksum"":null,""timer"":""benchNow"",""start_ms"":35.661,""stop_ms"":60.374,""elapsed_ms"":24.713,""elapsed_per_call_ms"":0.386140625,""warmup_calls"":0}
",,3947484914099,3947415752408,69161691,94e240b1-774a-4fdc-8be3-8b5e85457d9d,True,PASS,
wsl2-ubuntu2404-x64-20261004,MAIN_MONOTONIC_V1,Octane,calibration,CodeLoad.CodeLoadClosure,CodeLoad,CodeLoadClosure,jsc,8,0,3,[],0,0,1,2026-10-05T05:44:34.952257+00:00,"[""/home/mzyx/jsc_build_fd3406f/JSCOnly/Release/bin/jsc"",""--useJIT=false"",""--useLLInt=true"",""--validateOptions=true"",""/mnt/c/Users/mzyx/Desktop/0921/js-interpreter-bench/experiments/three_engine_baseline/adapters/jsc.js"",""/mnt/c/Users/mzyx/Desktop/0921/js-interpreter-bench/experiments/timer_recovery/adapters/jsc.js"",""/mnt/c/Users/mzyx/Desktop/0921/js-interpreter-bench/experiments/octane_three_engine/MAIN_MONOTONIC_V1/attempt01/generated/CodeLoad.CodeLoadClosure.N8.measure.js""]","[""--useJIT=false"",""--useLLInt=true"",""--validateOptions=true""]",65c824a055405bf62b05e21d54515a72a1f0187a4d91225d00a6da969d35879f,/mnt/c/Users/mzyx/Desktop/0921/js-interpreter-bench/experiments/octane_three_engine/MAIN_MONOTONIC_V1/attempt01/generated/CodeLoad.CodeLoadClosure.N8.measure.js,7e4bd888533faffa0150c24d027f146d450e66877bc6e582d562eb986378ea64,0c485996a598b7e36f2f292b66397adc0390cbe6b69b55199e47e1c6c1e37010,0,False,4.06,0.5075,0,4.06,,0,"{""pass"":true,""inner_minus_outer_ms"":-38.087278,""tolerance_ms"":5.0}",300,False,0,"TEB_RESULT:{""benchmark"":""Octane"",""case"":""CodeLoad.CodeLoadClosure"",""suite"":""CodeLoad"",""subbenchmark"":""CodeLoadClosure"",""mode"":""MAIN_MONOTONIC_V1"",""phase"":""measure"",""N"":8,""correctness"":""PASS"",""extra_validation_calls"":0,""checksum"":null,""timer"":""benchNow"",""start_ms"":0,""stop_ms"":4.06,""elapsed_ms"":4.06,""elapsed_per_call_ms"":0.5075,""warmup_calls"":0}
",,3946435220128,3946393072850,42147278,94e240b1-774a-4fdc-8be3-8b5e85457d9d,True,PASS,
wsl2-ubuntu2404-x64-20261004,MAIN_MONOTONIC_V1,Octane,calibration,CodeLoad.CodeLoadClosure,CodeLoad,CodeLoadClosure,quickjs,8,0,1,[],0,0,1,2026-10-05T05:44:34.694173+00:00,"[""/home/mzyx/three_engine_20261004/quickjs-04be246001599f5995fa2f2d8c91a0f198d3f34c/qjs"",""-I"",""/mnt/c/Users/mzyx/Desktop/0921/js-interpreter-bench/experiments/three_engine_baseline/adapters/quickjs.js"",""-I"",""/mnt/c/Users/mzyx/Desktop/0921/js-interpreter-bench/experiments/timer_recovery/adapters/quickjs.js"",""/mnt/c/Users/mzyx/Desktop/0921/js-interpreter-bench/experiments/octane_three_engine/MAIN_MONOTONIC_V1/attempt01/generated/CodeLoad.CodeLoadClosure.N8.measure.js""]",[],140d5233b0337d91cb0f994ae4a051e49aa04da8802acfaedf0a01b81a620b79,/mnt/c/Users/mzyx/Desktop/0921/js-interpreter-bench/experiments/octane_three_engine/MAIN_MONOTONIC_V1/attempt01/generated/CodeLoad.CodeLoadClosure.N8.measure.js,7e4bd888533faffa0150c24d027f146d450e66877bc6e582d562eb986378ea64,cd393c275173f20526562a008951f65a332deffed85e7c804519788b8ebffab7,0,False,4.9776939996518195,0.6222117499564774,3946184.34628,3946189.323974,,0,"{""pass"":true,""inner_minus_outer_ms"":-17.29722900034818,""tolerance_ms"":5.0}",300,False,0,"TEB_RESULT:{""benchmark"":""Octane"",""case"":""CodeLoad.CodeLoadClosure"",""suite"":""CodeLoad"",""subbenchmark"":""CodeLoadClosure"",""mode"":""MAIN_MONOTONIC_V1"",""phase"":""measure"",""N"":8,""correctness"":""PASS"",""extra_validation_calls"":0,""checksum"":null,""timer"":""benchNow"",""start_ms"":3946184.34628,""stop_ms"":3946189.323974,""elapsed_ms"":4.9776939996518195,""elapsed_per_call_ms"":0.6222117499564774,""warmup_calls"":0}
",,3946189842610,3946167567687,22274923,94e240b1-774a-4fdc-8be3-8b5e85457d9d,True,PASS,
wsl2-ubuntu2404-x64-20261004,MAIN_MONOTONIC_V1,Octane,calibration,CodeLoad.CodeLoadClosure,CodeLoad,CodeLoadClosure,v8,8,0,2,[],0,0,1,2026-10-05T05:44:34.825771+00:00,"[""/home/mzyx/three_engine_20261004/v8-linux64-rel-15.6.21/d8"",""--snapshot_blob=/home/mzyx/three_engine_20261004/v8-linux64-rel-15.6.21/snapshot_blob.bin"",""--max-opt=0"",""--no-lazy"",""/mnt/c/Users/mzyx/Desktop/0921/js-interpreter-bench/experiments/three_engine_baseline/adapters/v8.js"",""/mnt/c/Users/mzyx/Desktop/0921/js-interpreter-bench/experiments/timer_recovery/adapters/v8.js"",""/mnt/c/Users/mzyx/Desktop/0921/js-interpreter-bench/experiments/octane_three_engine/MAIN_MONOTONIC_V1/attempt01/generated/CodeLoad.CodeLoadClosure.N8.measure.js""]","[""--max-opt=0"",""--no-lazy""]",83b744a5953d2662ea723564d4035a333782a0cc85232d1025929a925150b133,/mnt/c/Users/mzyx/Desktop/0921/js-interpreter-bench/experiments/octane_three_engine/MAIN_MONOTONIC_V1/attempt01/generated/CodeLoad.CodeLoadClosure.N8.measure.js,7e4bd888533faffa0150c24d027f146d450e66877bc6e582d562eb986378ea64,e610d3aa3d2672a5e6d5eccd9aaf05c6ae6758d1b9c4468289f017a231ab7d9f,0,False,2.821000000000005,0.35262500000000063,38.315,41.136,,0,"{""pass"":true,""inner_minus_outer_ms"":-46.61221,""tolerance_ms"":5.0}",300,False,0,"TEB_RESULT:{""benchmark"":""Octane"",""case"":""CodeLoad.CodeLoadClosure"",""suite"":""CodeLoad"",""subbenchmark"":""CodeLoadClosure"",""mode"":""MAIN_MONOTONIC_V1"",""phase"":""measure"",""N"":8,""correctness"":""PASS"",""extra_validation_calls"":0,""checksum"":null,""timer"":""benchNow"",""start_ms"":38.315,""stop_ms"":41.136,""elapsed_ms"":2.821000000000005,""elapsed_per_call_ms"":0.35262500000000063,""warmup_calls"":0}
",,3946315991722,3946266558512,49433210,94e240b1-774a-4fdc-8be3-8b5e85457d9d,True,PASS,
wsl2-ubuntu2404-x64-20261004,MAIN_MONOTONIC_V1,Octane,calibration,CodeLoad.CodeLoadJQuery,CodeLoad,CodeLoadJQuery,jsc,1,0,3,[],0,0,1,2026-10-05T05:44:47.989134+00:00,"[""/home/mzyx/jsc_build_fd3406f/JSCOnly/Release/bin/jsc"",""--useJIT=false"",""--useLLInt=true"",""--validateOptions=true"",""/mnt/c/Users/mzyx/Desktop/0921/js-interpreter-bench/experiments/three_engine_baseline/adapters/jsc.js"",""/mnt/c/Users/mzyx/Desktop/0921/js-interpreter-bench/experiments/timer_recovery/adapters/jsc.js"",""/mnt/c/Users/mzyx/Desktop/0921/js-interpreter-bench/experiments/octane_three_engine/MAIN_MONOTONIC_V1/attempt01/generated/CodeLoad.CodeLoadJQuery.N1.measure.js""]","[""--useJIT=false"",""--useLLInt=true"",""--validateOptions=true""]",65c824a055405bf62b05e21d54515a72a1f0187a4d91225d00a6da969d35879f,/mnt/c/Users/mzyx/Desktop/0921/js-interpreter-bench/experiments/octane_three_engine/MAIN_MONOTONIC_V1/attempt01/generated/CodeLoad.CodeLoadJQuery.N1.measure.js,29234bd19aea5dafc2ba70aaa1b7ad1cde8900aa97a4b4e43a14a18c291031f6,0c485996a598b7e36f2f292b66397adc0390cbe6b69b55199e47e1c6c1e37010,0,False,8.38,8.38,0,8.38,,0,"{""pass"":true,""inner_minus_outer_ms"":-29.495179,""tolerance_ms"":5.0}",300,False,0,"TEB_RESULT:{""benchmark"":""Octane"",""case"":""CodeLoad.CodeLoadJQuery"",""suite"":""CodeLoad"",""subbenchmark"":""CodeLoadJQuery"",""mode"":""MAIN_MONOTONIC_V1"",""phase"":""measure"",""N"":1,""correctness"":""PASS"",""extra_validation_calls"":0,""checksum"":null,""timer"":""benchNow"",""start_ms"":0,""stop_ms"":8.38,""elapsed_ms"":8.38,""elapsed_per_call_ms"":8.38,""warmup_calls"":0}
",,3962418183407,3962380308228,37875179,94e240b1-774a-4fdc-8be3-8b5e85457d9d,True,PASS,
wsl2-ubuntu2404-x64-20261004,MAIN_MONOTONIC_V1,Octane,calibration,CodeLoad.CodeLoadJQuery,CodeLoad,CodeLoadJQuery,quickjs,1,0,1,[],0,0,1,2026-10-05T05:44:47.740387+00:00,"[""/home/mzyx/three_engine_20261004/quickjs-04be246001599f5995fa2f2d8c91a0f198d3f34c/qjs"",""-I"",""/mnt/c/Users/mzyx/Desktop/0921/js-interpreter-bench/experiments/three_engine_baseline/adapters/quickjs.js"",""-I"",""/mnt/c/Users/mzyx/Desktop/0921/js-interpreter-bench/experiments/timer_recovery/adapters/quickjs.js"",""/mnt/c/Users/mzyx/Desktop/0921/js-interpreter-bench/experiments/octane_three_engine/MAIN_MONOTONIC_V1/attempt01/generated/CodeLoad.CodeLoadJQuery.N1.measure.js""]",[],140d5233b0337d91cb0f994ae4a051e49aa04da8802acfaedf0a01b81a620b79,/mnt/c/Users/mzyx/Desktop/0921/js-interpreter-bench/experiments/octane_three_engine/MAIN_MONOTONIC_V1/attempt01/generated/CodeLoad.CodeLoadJQuery.N1.measure.js,29234bd19aea5dafc2ba70aaa1b7ad1cde8900aa97a4b4e43a14a18c291031f6,cd393c275173f20526562a008951f65a332deffed85e7c804519788b8ebffab7,0,False,11.691130999941379,11.691130999941379,3962169.005235,3962180.696366,,0,"{""pass"":true,""inner_minus_outer_ms"":-14.458941000058623,""tolerance_ms"":5.0}",300,False,0,"TEB_RESULT:{""benchmark"":""Octane"",""case"":""CodeLoad.CodeLoadJQuery"",""suite"":""CodeLoad"",""subbenchmark"":""CodeLoadJQuery"",""mode"":""MAIN_MONOTONIC_V1"",""phase"":""measure"",""N"":1,""correctness"":""PASS"",""extra_validation_calls"":0,""checksum"":null,""timer"":""benchNow"",""start_ms"":3962169.005235,""stop_ms"":3962180.696366,""elapsed_ms"":11.691130999941379,""elapsed_per_call_ms"":11.691130999941379,""warmup_calls"":0}
",,3962181490651,3962155340579,26150072,94e240b1-774a-4fdc-8be3-8b5e85457d9d,True,PASS,
wsl2-ubuntu2404-x64-20261004,MAIN_MONOTONIC_V1,Octane,calibration,CodeLoad.CodeLoadJQuery,CodeLoad,CodeLoadJQuery,v8,1,0,2,[],0,0,1,2026-10-05T05:44:47.859755+00:00,"[""/home/mzyx/three_engine_20261004/v8-linux64-rel-15.6.21/d8"",""--snapshot_blob=/home/mzyx/three_engine_20261004/v8-linux64-rel-15.6.21/snapshot_blob.bin"",""--max-opt=0"",""--no-lazy"",""/mnt/c/Users/mzyx/Desktop/0921/js-interpreter-bench/experiments/three_engine_baseline/adapters/v8.js"",""/mnt/c/Users/mzyx/Desktop/0921/js-interpreter-bench/experiments/timer_recovery/adapters/v8.js"",""/mnt/c/Users/mzyx/Desktop/0921/js-interpreter-bench/experiments/octane_three_engine/MAIN_MONOTONIC_V1/attempt01/generated/CodeLoad.CodeLoadJQuery.N1.measure.js""]","[""--max-opt=0"",""--no-lazy""]",83b744a5953d2662ea723564d4035a333782a0cc85232d1025929a925150b133,/mnt/c/Users/mzyx/Desktop/0921/js-interpreter-bench/experiments/octane_three_engine/MAIN_MONOTONIC_V1/attempt01/generated/CodeLoad.CodeLoadJQuery.N1.measure.js,29234bd19aea5dafc2ba70aaa1b7ad1cde8900aa97a4b4e43a14a18c291031f6,e610d3aa3d2672a5e6d5eccd9aaf05c6ae6758d1b9c4468289f017a231ab7d9f,0,False,6.844000000000001,6.844000000000001,35.356,42.2,,0,"{""pass"":true,""inner_minus_outer_ms"":-44.225124,""tolerance_ms"":5.0}",300,False,0,"TEB_RESULT:{""benchmark"":""Octane"",""case"":""CodeLoad.CodeLoadJQuery"",""suite"":""CodeLoad"",""subbenchmark"":""CodeLoadJQuery"",""mode"":""MAIN_MONOTONIC_V1"",""phase"":""measure"",""N"":1,""correctness"":""PASS"",""extra_validation_calls"":0,""checksum"":null,""timer"":""benchNow"",""start_ms"":35.356,""stop_ms"":42.2,""elapsed_ms"":6.844000000000001,""elapsed_per_call_ms"":6.844000000000001,""warmup_calls"":0}
",,3962301310891,3962250241767,51069124,94e240b1-774a-4fdc-8be3-8b5e85457d9d,True,PASS,
wsl2-ubuntu2404-x64-20261004,MAIN_MONOTONIC_V1,Octane,calibration,CodeLoad.CodeLoadJQuery,CodeLoad,CodeLoadJQuery,jsc,128,0,3,[],0,0,1,2026-10-05T05:44:55.186945+00:00,"[""/home/mzyx/jsc_build_fd3406f/JSCOnly/Release/bin/jsc"",""--useJIT=false"",""--useLLInt=true"",""--validateOptions=true"",""/mnt/c/Users/mzyx/Desktop/0921/js-interpreter-bench/experiments/three_engine_baseline/adapters/jsc.js"",""/mnt/c/Users/mzyx/Desktop/0921/js-interpreter-bench/experiments/timer_recovery/adapters/jsc.js"",""/mnt/c/Users/mzyx/Desktop/0921/js-interpreter-bench/experiments/octane_three_engine/MAIN_MONOTONIC_V1/attempt01/generated/CodeLoad.CodeLoadJQuery.N128.measure.js""]","[""--useJIT=false"",""--useLLInt=true"",""--validateOptions=true""]",65c824a055405bf62b05e21d54515a72a1f0187a4d91225d00a6da969d35879f,/mnt/c/Users/mzyx/Desktop/0921/js-interpreter-bench/experiments/octane_three_engine/MAIN_MONOTONIC_V1/attempt01/generated/CodeLoad.CodeLoadJQuery.N128.measure.js,674e148ecb084f618b825ba22596654048dd2e7554b9f5f22aaf2f32bc5185a6,0c485996a598b7e36f2f292b66397adc0390cbe6b69b55199e47e1c6c1e37010,0,False,823.64,6.4346875,0,823.64,,0,"{""pass"":true,""inner_minus_outer_ms"":-35.55171400000006,""tolerance_ms"":5.0}",300,False,0,"TEB_RESULT:{""benchmark"":""Octane"",""case"":""CodeLoad.CodeLoadJQuery"",""suite"":""CodeLoad"",""subbenchmark"":""CodeLoadJQuery"",""mode"":""MAIN_MONOTONIC_V1"",""phase"":""measure"",""N"":128,""correctness"":""PASS"",""extra_validation_calls"":0,""checksum"":null,""timer"":""benchNow"",""start_ms"":0,""stop_ms"":823.64,""elapsed_ms"":823.64,""elapsed_per_call_ms"":6.4346875,""warmup_calls"":0}
",,3970437133408,3969577941694,859191714,94e240b1-774a-4fdc-8be3-8b5e85457d9d,True,PASS,
wsl2-ubuntu2404-x64-20261004,MAIN_MONOTONIC_V1,Octane,calibration,CodeLoad.CodeLoadJQuery,CodeLoad,CodeLoadJQuery,quickjs,128,0,1,[],0,0,1,2026-10-05T05:44:52.901231+00:00,"[""/home/mzyx/three_engine_20261004/quickjs-04be246001599f5995fa2f2d8c91a0f198d3f34c/qjs"",""-I"",""/mnt/c/Users/mzyx/Desktop/0921/js-interpreter-bench/experiments/three_engine_baseline/adapters/quickjs.js"",""-I"",""/mnt/c/Users/mzyx/Desktop/0921/js-interpreter-bench/experiments/timer_recovery/adapters/quickjs.js"",""/mnt/c/Users/mzyx/Desktop/0921/js-interpreter-bench/experiments/octane_three_engine/MAIN_MONOTONIC_V1/attempt01/generated/CodeLoad.CodeLoadJQuery.N128.measure.js""]",[],140d5233b0337d91cb0f994ae4a051e49aa04da8802acfaedf0a01b81a620b79,/mnt/c/Users/mzyx/Desktop/0921/js-interpreter-bench/experiments/octane_three_engine/MAIN_MONOTONIC_V1/attempt01/generated/CodeLoad.CodeLoadJQuery.N128.measure.js,674e148ecb084f618b825ba22596654048dd2e7554b9f5f22aaf2f32bc5185a6,cd393c275173f20526562a008951f65a332deffed85e7c804519788b8ebffab7,0,False,1453.13329599984,11.35260387499875,3967332.628777,3968785.762073,,0,"{""pass"":true,""inner_minus_outer_ms"":-16.72429400016017,""tolerance_ms"":5.0}",300,False,0,"TEB_RESULT:{""benchmark"":""Octane"",""case"":""CodeLoad.CodeLoadJQuery"",""suite"":""CodeLoad"",""subbenchmark"":""CodeLoadJQuery"",""mode"":""MAIN_MONOTONIC_V1"",""phase"":""measure"",""N"":128,""correctness"":""PASS"",""extra_validation_calls"":0,""checksum"":null,""timer"":""benchNow"",""start_ms"":3967332.628777,""stop_ms"":3968785.762073,""elapsed_ms"":1453.13329599984,""elapsed_per_call_ms"":11.35260387499875,""warmup_calls"":0}
",,3968787189141,3967317331551,1469857590,94e240b1-774a-4fdc-8be3-8b5e85457d9d,True,PASS,
wsl2-ubuntu2404-x64-20261004,MAIN_MONOTONIC_V1,Octane,calibration,CodeLoad.CodeLoadJQuery,CodeLoad,CodeLoadJQuery,v8,128,0,2,[],0,0,1,2026-10-05T05:44:54.470020+00:00,"[""/home/mzyx/three_engine_20261004/v8-linux64-rel-15.6.21/d8"",""--snapshot_blob=/home/mzyx/three_engine_20261004/v8-linux64-rel-15.6.21/snapshot_blob.bin"",""--max-opt=0"",""--no-lazy"",""/mnt/c/Users/mzyx/Desktop/0921/js-interpreter-bench/experiments/three_engine_baseline/adapters/v8.js"",""/mnt/c/Users/mzyx/Desktop/0921/js-interpreter-bench/experiments/timer_recovery/adapters/v8.js"",""/mnt/c/Users/mzyx/Desktop/0921/js-interpreter-bench/experiments/octane_three_engine/MAIN_MONOTONIC_V1/attempt01/generated/CodeLoad.CodeLoadJQuery.N128.measure.js""]","[""--max-opt=0"",""--no-lazy""]",83b744a5953d2662ea723564d4035a333782a0cc85232d1025929a925150b133,/mnt/c/Users/mzyx/Desktop/0921/js-interpreter-bench/experiments/octane_three_engine/MAIN_MONOTONIC_V1/attempt01/generated/CodeLoad.CodeLoadJQuery.N128.measure.js,674e148ecb084f618b825ba22596654048dd2e7554b9f5f22aaf2f32bc5185a6,e610d3aa3d2672a5e6d5eccd9aaf05c6ae6758d1b9c4468289f017a231ab7d9f,0,False,576.4359999999999,4.503406249999999,38.57,615.006,,0,"{""pass"":true,""inner_minus_outer_ms"":-67.51101200000005,""tolerance_ms"":5.0}",300,False,0,"TEB_RESULT:{""benchmark"":""Octane"",""case"":""CodeLoad.CodeLoadJQuery"",""suite"":""CodeLoad"",""subbenchmark"":""CodeLoadJQuery"",""mode"":""MAIN_MONOTONIC_V1"",""phase"":""measure"",""N"":128,""correctness"":""PASS"",""extra_validation_calls"":0,""checksum"":null,""timer"":""benchNow"",""start_ms"":38.57,""stop_ms"":615.006,""elapsed_ms"":576.4359999999999,""elapsed_per_call_ms"":4.503406249999999,""warmup_calls"":0}
",,3969505757864,3968861810852,643947012,94e240b1-774a-4fdc-8be3-8b5e85457d9d,True,PASS,
wsl2-ubuntu2404-x64-20261004,MAIN_MONOTONIC_V1,Octane,calibration,CodeLoad.CodeLoadJQuery,CodeLoad,CodeLoadJQuery,jsc,16,0,3,[],0,0,1,2026-10-05T05:44:49.914292+00:00,"[""/home/mzyx/jsc_build_fd3406f/JSCOnly/Release/bin/jsc"",""--useJIT=false"",""--useLLInt=true"",""--validateOptions=true"",""/mnt/c/Users/mzyx/Desktop/0921/js-interpreter-bench/experiments/three_engine_baseline/adapters/jsc.js"",""/mnt/c/Users/mzyx/Desktop/0921/js-interpreter-bench/experiments/timer_recovery/adapters/jsc.js"",""/mnt/c/Users/mzyx/Desktop/0921/js-interpreter-bench/experiments/octane_three_engine/MAIN_MONOTONIC_V1/attempt01/generated/CodeLoad.CodeLoadJQuery.N16.measure.js""]","[""--useJIT=false"",""--useLLInt=true"",""--validateOptions=true""]",65c824a055405bf62b05e21d54515a72a1f0187a4d91225d00a6da969d35879f,/mnt/c/Users/mzyx/Desktop/0921/js-interpreter-bench/experiments/octane_three_engine/MAIN_MONOTONIC_V1/attempt01/generated/CodeLoad.CodeLoadJQuery.N16.measure.js,900cc5b812b666f0721a38daaa0e737bef53eef4a44fa81f0acc7269d7153f05,0c485996a598b7e36f2f292b66397adc0390cbe6b69b55199e47e1c6c1e37010,0,False,91.6,5.725,0,91.6,,0,"{""pass"":true,""inner_minus_outer_ms"":-26.306875000000005,""tolerance_ms"":5.0}",300,False,0,"TEB_RESULT:{""benchmark"":""Octane"",""case"":""CodeLoad.CodeLoadJQuery"",""suite"":""CodeLoad"",""subbenchmark"":""CodeLoadJQuery"",""mode"":""MAIN_MONOTONIC_V1"",""phase"":""measure"",""N"":16,""correctness"":""PASS"",""extra_validation_calls"":0,""checksum"":null,""timer"":""benchNow"",""start_ms"":0,""stop_ms"":91.6,""elapsed_ms"":91.6,""elapsed_per_call_ms"":5.725,""warmup_calls"":0}
",,3964422497476,3964304590601,117906875,94e240b1-774a-4fdc-8be3-8b5e85457d9d,True,PASS,
wsl2-ubuntu2404-x64-20261004,MAIN_MONOTONIC_V1,Octane,calibration,CodeLoad.CodeLoadJQuery,CodeLoad,CodeLoadJQuery,quickjs,16,0,1,[],0,0,1,2026-10-05T05:44:49.423254+00:00,"[""/home/mzyx/three_engine_20261004/quickjs-04be246001599f5995fa2f2d8c91a0f198d3f34c/qjs"",""-I"",""/mnt/c/Users/mzyx/Desktop/0921/js-interpreter-bench/experiments/three_engine_baseline/adapters/quickjs.js"",""-I"",""/mnt/c/Users/mzyx/Desktop/0921/js-interpreter-bench/experiments/timer_recovery/adapters/quickjs.js"",""/mnt/c/Users/mzyx/Desktop/0921/js-interpreter-bench/experiments/octane_three_engine/MAIN_MONOTONIC_V1/attempt01/generated/CodeLoad.CodeLoadJQuery.N16.measure.js""]",[],140d5233b0337d91cb0f994ae4a051e49aa04da8802acfaedf0a01b81a620b79,/mnt/c/Users/mzyx/Desktop/0921/js-interpreter-bench/experiments/octane_three_engine/MAIN_MONOTONIC_V1/attempt01/generated/CodeLoad.CodeLoadJQuery.N16.measure.js,900cc5b812b666f0721a38daaa0e737bef53eef4a44fa81f0acc7269d7153f05,cd393c275173f20526562a008951f65a332deffed85e7c804519788b8ebffab7,0,False,181.4902500002645,11.343140625016531,3963860.81071,3964042.30096,,0,"{""pass"":true,""inner_minus_outer_ms"":-16.62151699973549,""tolerance_ms"":5.0}",300,False,0,"TEB_RESULT:{""benchmark"":""Octane"",""case"":""CodeLoad.CodeLoadJQuery"",""suite"":""CodeLoad"",""subbenchmark"":""CodeLoadJQuery"",""mode"":""MAIN_MONOTONIC_V1"",""phase"":""measure"",""N"":16,""correctness"":""PASS"",""extra_validation_calls"":0,""checksum"":null,""timer"":""benchNow"",""start_ms"":3963860.81071,""stop_ms"":3964042.30096,""elapsed_ms"":181.4902500002645,""elapsed_per_call_ms"":11.343140625016531,""warmup_calls"":0}
",,3964043716125,3963845604358,198111767,94e240b1-774a-4fdc-8be3-8b5e85457d9d,True,PASS,
wsl2-ubuntu2404-x64-20261004,MAIN_MONOTONIC_V1,Octane,calibration,CodeLoad.CodeLoadJQuery,CodeLoad,CodeLoadJQuery,v8,16,0,2,[],0,0,1,2026-10-05T05:44:49.724992+00:00,"[""/home/mzyx/three_engine_20261004/v8-linux64-rel-15.6.21/d8"",""--snapshot_blob=/home/mzyx/three_engine_20261004/v8-linux64-rel-15.6.21/snapshot_blob.bin"",""--max-opt=0"",""--no-lazy"",""/mnt/c/Users/mzyx/Desktop/0921/js-interpreter-bench/experiments/three_engine_baseline/adapters/v8.js"",""/mnt/c/Users/mzyx/Desktop/0921/js-interpreter-bench/experiments/timer_recovery/adapters/v8.js"",""/mnt/c/Users/mzyx/Desktop/0921/js-interpreter-bench/experiments/octane_three_engine/MAIN_MONOTONIC_V1/attempt01/generated/CodeLoad.CodeLoadJQuery.N16.measure.js""]","[""--max-opt=0"",""--no-lazy""]",83b744a5953d2662ea723564d4035a333782a0cc85232d1025929a925150b133,/mnt/c/Users/mzyx/Desktop/0921/js-interpreter-bench/experiments/octane_three_engine/MAIN_MONOTONIC_V1/attempt01/generated/CodeLoad.CodeLoadJQuery.N16.measure.js,900cc5b812b666f0721a38daaa0e737bef53eef4a44fa81f0acc7269d7153f05,e610d3aa3d2672a5e6d5eccd9aaf05c6ae6758d1b9c4468289f017a231ab7d9f,0,False,74.59,4.661875,34.525,109.115,,0,"{""pass"":true,""inner_minus_outer_ms"":-43.674812,""tolerance_ms"":5.0}",300,False,0,"TEB_RESULT:{""benchmark"":""Octane"",""case"":""CodeLoad.CodeLoadJQuery"",""suite"":""CodeLoad"",""subbenchmark"":""CodeLoadJQuery"",""mode"":""MAIN_MONOTONIC_V1"",""phase"":""measure"",""N"":16,""correctness"":""PASS"",""extra_validation_calls"":0,""checksum"":null,""timer"":""benchNow"",""start_ms"":34.525,""stop_ms"":109.115,""elapsed_ms"":74.59,""elapsed_per_call_ms"":4.661875,""warmup_calls"":0}
",,3964233311779,3964115046967,118264812,94e240b1-774a-4fdc-8be3-8b5e85457d9d,True,PASS,
wsl2-ubuntu2404-x64-20261004,MAIN_MONOTONIC_V1,Octane,calibration,CodeLoad.CodeLoadJQuery,CodeLoad,CodeLoadJQuery,jsc,2,0,3,[],0,0,1,2026-10-05T05:44:48.354156+00:00,"[""/home/mzyx/jsc_build_fd3406f/JSCOnly/Release/bin/jsc"",""--useJIT=false"",""--useLLInt=true"",""--validateOptions=true"",""/mnt/c/Users/mzyx/Desktop/0921/js-interpreter-bench/experiments/three_engine_baseline/adapters/jsc.js"",""/mnt/c/Users/mzyx/Desktop/0921/js-interpreter-bench/experiments/timer_recovery/adapters/jsc.js"",""/mnt/c/Users/mzyx/Desktop/0921/js-interpreter-bench/experiments/octane_three_engine/MAIN_MONOTONIC_V1/attempt01/generated/CodeLoad.CodeLoadJQuery.N2.measure.js""]","[""--useJIT=false"",""--useLLInt=true"",""--validateOptions=true""]",65c824a055405bf62b05e21d54515a72a1f0187a4d91225d00a6da969d35879f,/mnt/c/Users/mzyx/Desktop/0921/js-interpreter-bench/experiments/octane_three_engine/MAIN_MONOTONIC_V1/attempt01/generated/CodeLoad.CodeLoadJQuery.N2.measure.js,3c2f87107ac195cb6338c42efcc22e481d1439f2b0f16dfffa7ff9fe64a05259,0c485996a598b7e36f2f292b66397adc0390cbe6b69b55199e47e1c6c1e37010,0,False,13.34,6.67,0,13.34,,0,"{""pass"":true,""inner_minus_outer_ms"":-29.240222,""tolerance_ms"":5.0}",300,False,0,"TEB_RESULT:{""benchmark"":""Octane"",""case"":""CodeLoad.CodeLoadJQuery"",""suite"":""CodeLoad"",""subbenchmark"":""CodeLoadJQuery"",""mode"":""MAIN_MONOTONIC_V1"",""phase"":""measure"",""N"":2,""correctness"":""PASS"",""extra_validation_calls"":0,""checksum"":null,""timer"":""benchNow"",""start_ms"":0,""stop_ms"":13.34,""elapsed_ms"":13.34,""elapsed_per_call_ms"":6.67,""warmup_calls"":0}
",,3962787563197,3962744982975,42580222,94e240b1-774a-4fdc-8be3-8b5e85457d9d,True,PASS,
wsl2-ubuntu2404-x64-20261004,MAIN_MONOTONIC_V1,Octane,calibration,CodeLoad.CodeLoadJQuery,CodeLoad,CodeLoadJQuery,quickjs,2,0,1,[],0,0,1,2026-10-05T05:44:48.099916+00:00,"[""/home/mzyx/three_engine_20261004/quickjs-04be246001599f5995fa2f2d8c91a0f198d3f34c/qjs"",""-I"",""/mnt/c/Users/mzyx/Desktop/0921/js-interpreter-bench/experiments/three_engine_baseline/adapters/quickjs.js"",""-I"",""/mnt/c/Users/mzyx/Desktop/0921/js-interpreter-bench/experiments/timer_recovery/adapters/quickjs.js"",""/mnt/c/Users/mzyx/Desktop/0921/js-interpreter-bench/experiments/octane_three_engine/MAIN_MONOTONIC_V1/attempt01/generated/CodeLoad.CodeLoadJQuery.N2.measure.js""]",[],140d5233b0337d91cb0f994ae4a051e49aa04da8802acfaedf0a01b81a620b79,/mnt/c/Users/mzyx/Desktop/0921/js-interpreter-bench/experiments/octane_three_engine/MAIN_MONOTONIC_V1/attempt01/generated/CodeLoad.CodeLoadJQuery.N2.measure.js,3c2f87107ac195cb6338c42efcc22e481d1439f2b0f16dfffa7ff9fe64a05259,cd393c275173f20526562a008951f65a332deffed85e7c804519788b8ebffab7,0,False,23.124906999990344,11.562453499995172,3962527.802792,3962550.927699,,0,"{""pass"":true,""inner_minus_outer_ms"":-14.952705000009658,""tolerance_ms"":5.0}",300,False,0,"TEB_RESULT:{""benchmark"":""Octane"",""case"":""CodeLoad.CodeLoadJQuery"",""suite"":""CodeLoad"",""subbenchmark"":""CodeLoadJQuery"",""mode"":""MAIN_MONOTONIC_V1"",""phase"":""measure"",""N"":2,""correctness"":""PASS"",""extra_validation_calls"":0,""checksum"":null,""timer"":""benchNow"",""start_ms"":3962527.802792,""stop_ms"":3962550.927699,""elapsed_ms"":23.124906999990344,""elapsed_per_call_ms"":11.562453499995172,""warmup_calls"":0}
",,3962551754175,3962513676563,38077612,94e240b1-774a-4fdc-8be3-8b5e85457d9d,True,PASS,
wsl2-ubuntu2404-x64-20261004,MAIN_MONOTONIC_V1,Octane,calibration,CodeLoad.CodeLoadJQuery,CodeLoad,CodeLoadJQuery,v8,2,0,2,[],0,0,1,2026-10-05T05:44:48.230745+00:00,"[""/home/mzyx/three_engine_20261004/v8-linux64-rel-15.6.21/d8"",""--snapshot_blob=/home/mzyx/three_engine_20261004/v8-linux64-rel-15.6.21/snapshot_blob.bin"",""--max-opt=0"",""--no-lazy"",""/mnt/c/Users/mzyx/Desktop/0921/js-interpreter-bench/experiments/three_engine_baseline/adapters/v8.js"",""/mnt/c/Users/mzyx/Desktop/0921/js-interpreter-bench/experiments/timer_recovery/adapters/v8.js"",""/mnt/c/Users/mzyx/Desktop/0921/js-interpreter-bench/experiments/octane_three_engine/MAIN_MONOTONIC_V1/attempt01/generated/CodeLoad.CodeLoadJQuery.N2.measure.js""]","[""--max-opt=0"",""--no-lazy""]",83b744a5953d2662ea723564d4035a333782a0cc85232d1025929a925150b133,/mnt/c/Users/mzyx/Desktop/0921/js-interpreter-bench/experiments/octane_three_engine/MAIN_MONOTONIC_V1/attempt01/generated/CodeLoad.CodeLoadJQuery.N2.measure.js,3c2f87107ac195cb6338c42efcc22e481d1439f2b0f16dfffa7ff9fe64a05259,e610d3aa3d2672a5e6d5eccd9aaf05c6ae6758d1b9c4468289f017a231ab7d9f,0,False,10.840999999999994,5.420499999999997,34.654,45.495,,0,"{""pass"":true,""inner_minus_outer_ms"":-42.553478000000005,""tolerance_ms"":5.0}",300,False,0,"TEB_RESULT:{""benchmark"":""Octane"",""case"":""CodeLoad.CodeLoadJQuery"",""suite"":""CodeLoad"",""subbenchmark"":""CodeLoadJQuery"",""mode"":""MAIN_MONOTONIC_V1"",""phase"":""measure"",""N"":2,""correctness"":""PASS"",""extra_validation_calls"":0,""checksum"":null,""timer"":""benchNow"",""start_ms"":34.654,""stop_ms"":45.495,""elapsed_ms"":10.840999999999994,""elapsed_per_call_ms"":5.420499999999997,""warmup_calls"":0}
",,3962674701564,3962621307086,53394478,94e240b1-774a-4fdc-8be3-8b5e85457d9d,True,PASS,
wsl2-ubuntu2404-x64-20261004,MAIN_MONOTONIC_V1,Octane,calibration,CodeLoad.CodeLoadJQuery,CodeLoad,CodeLoadJQuery,jsc,256,0,3,[],0,0,1,2026-10-05T05:45:00.475544+00:00,"[""/home/mzyx/jsc_build_fd3406f/JSCOnly/Release/bin/jsc"",""--useJIT=false"",""--useLLInt=true"",""--validateOptions=true"",""/mnt/c/Users/mzyx/Desktop/0921/js-interpreter-bench/experiments/three_engine_baseline/adapters/jsc.js"",""/mnt/c/Users/mzyx/Desktop/0921/js-interpreter-bench/experiments/timer_recovery/adapters/jsc.js"",""/mnt/c/Users/mzyx/Desktop/0921/js-interpreter-bench/experiments/octane_three_engine/MAIN_MONOTONIC_V1/attempt01/generated/CodeLoad.CodeLoadJQuery.N256.measure.js""]","[""--useJIT=false"",""--useLLInt=true"",""--validateOptions=true""]",65c824a055405bf62b05e21d54515a72a1f0187a4d91225d00a6da969d35879f,/mnt/c/Users/mzyx/Desktop/0921/js-interpreter-bench/experiments/octane_three_engine/MAIN_MONOTONIC_V1/attempt01/generated/CodeLoad.CodeLoadJQuery.N256.measure.js,c5a8974b9b1a5002a412493b1fc6b418d9b9b64e367a4b50a929e2bc657a7abd,0c485996a598b7e36f2f292b66397adc0390cbe6b69b55199e47e1c6c1e37010,0,False,1666.96,6.5115625,0,1666.96,,0,"{""pass"":true,""inner_minus_outer_ms"":-34.8138899999999,""tolerance_ms"":5.0}",300,False,0,"TEB_RESULT:{""benchmark"":""Octane"",""case"":""CodeLoad.CodeLoadJQuery"",""suite"":""CodeLoad"",""subbenchmark"":""CodeLoadJQuery"",""mode"":""MAIN_MONOTONIC_V1"",""phase"":""measure"",""N"":256,""correctness"":""PASS"",""extra_validation_calls"":0,""checksum"":null,""timer"":""benchNow"",""start_ms"":0,""stop_ms"":1666.96,""elapsed_ms"":1666.96,""elapsed_per_call_ms"":6.5115625,""warmup_calls"":0}
",,3976567721686,3974865947796,1701773890,94e240b1-774a-4fdc-8be3-8b5e85457d9d,True,PASS,
wsl2-ubuntu2404-x64-20261004,MAIN_MONOTONIC_V1,Octane,calibration,CodeLoad.CodeLoadJQuery,CodeLoad,CodeLoadJQuery,quickjs,256,0,1,[],0,0,1,2026-10-05T05:44:56.119957+00:00,"[""/home/mzyx/three_engine_20261004/quickjs-04be246001599f5995fa2f2d8c91a0f198d3f34c/qjs"",""-I"",""/mnt/c/Users/mzyx/Desktop/0921/js-interpreter-bench/experiments/three_engine_baseline/adapters/quickjs.js"",""-I"",""/mnt/c/Users/mzyx/Desktop/0921/js-interpreter-bench/experiments/timer_recovery/adapters/quickjs.js"",""/mnt/c/Users/mzyx/Desktop/0921/js-interpreter-bench/experiments/octane_three_engine/MAIN_MONOTONIC_V1/attempt01/generated/CodeLoad.CodeLoadJQuery.N256.measure.js""]",[],140d5233b0337d91cb0f994ae4a051e49aa04da8802acfaedf0a01b81a620b79,/mnt/c/Users/mzyx/Desktop/0921/js-interpreter-bench/experiments/octane_three_engine/MAIN_MONOTONIC_V1/attempt01/generated/CodeLoad.CodeLoadJQuery.N256.measure.js,c5a8974b9b1a5002a412493b1fc6b418d9b9b64e367a4b50a929e2bc657a7abd,cd393c275173f20526562a008951f65a332deffed85e7c804519788b8ebffab7,0,False,2938.144364999607,11.477126425779716,3970546.076807,3973484.221172,,0,"{""pass"":true,""inner_minus_outer_ms"":-17.675253000392786,""tolerance_ms"":5.0}",300,False,0,"TEB_RESULT:{""benchmark"":""Octane"",""case"":""CodeLoad.CodeLoadJQuery"",""suite"":""CodeLoad"",""subbenchmark"":""CodeLoadJQuery"",""mode"":""MAIN_MONOTONIC_V1"",""phase"":""measure"",""N"":256,""correctness"":""PASS"",""extra_validation_calls"":0,""checksum"":null,""timer"":""benchNow"",""start_ms"":3970546.076807,""stop_ms"":3973484.221172,""elapsed_ms"":2938.144364999607,""elapsed_per_call_ms"":11.477126425779716,""warmup_calls"":0}
",,3973487111424,3970531291806,2955819618,94e240b1-774a-4fdc-8be3-8b5e85457d9d,True,PASS,
wsl2-ubuntu2404-x64-20261004,MAIN_MONOTONIC_V1,Octane,calibration,CodeLoad.CodeLoadJQuery,CodeLoad,CodeLoadJQuery,v8,256,0,2,[],0,0,1,2026-10-05T05:44:59.167764+00:00,"[""/home/mzyx/three_engine_20261004/v8-linux64-rel-15.6.21/d8"",""--snapshot_blob=/home/mzyx/three_engine_20261004/v8-linux64-rel-15.6.21/snapshot_blob.bin"",""--max-opt=0"",""--no-lazy"",""/mnt/c/Users/mzyx/Desktop/0921/js-interpreter-bench/experiments/three_engine_baseline/adapters/v8.js"",""/mnt/c/Users/mzyx/Desktop/0921/js-interpreter-bench/experiments/timer_recovery/adapters/v8.js"",""/mnt/c/Users/mzyx/Desktop/0921/js-interpreter-bench/experiments/octane_three_engine/MAIN_MONOTONIC_V1/attempt01/generated/CodeLoad.CodeLoadJQuery.N256.measure.js""]","[""--max-opt=0"",""--no-lazy""]",83b744a5953d2662ea723564d4035a333782a0cc85232d1025929a925150b133,/mnt/c/Users/mzyx/Desktop/0921/js-interpreter-bench/experiments/octane_three_engine/MAIN_MONOTONIC_V1/attempt01/generated/CodeLoad.CodeLoadJQuery.N256.measure.js,c5a8974b9b1a5002a412493b1fc6b418d9b9b64e367a4b50a929e2bc657a7abd,e610d3aa3d2672a5e6d5eccd9aaf05c6ae6758d1b9c4468289f017a231ab7d9f,0,False,1177.913,4.60122265625,41.52,1219.433,,0,"{""pass"":true,""inner_minus_outer_ms"":-58.507135999999946,""tolerance_ms"":5.0}",300,False,0,"TEB_RESULT:{""benchmark"":""Octane"",""case"":""CodeLoad.CodeLoadJQuery"",""suite"":""CodeLoad"",""subbenchmark"":""CodeLoadJQuery"",""mode"":""MAIN_MONOTONIC_V1"",""phase"":""measure"",""N"":256,""correctness"":""PASS"",""extra_validation_calls"":0,""checksum"":null,""timer"":""benchNow"",""start_ms"":41.52,""stop_ms"":1219.433,""elapsed_ms"":1177.913,""elapsed_per_call_ms"":4.60122265625,""warmup_calls"":0}
",,3974794000322,3973557580186,1236420136,94e240b1-774a-4fdc-8be3-8b5e85457d9d,True,PASS,
wsl2-ubuntu2404-x64-20261004,MAIN_MONOTONIC_V1,Octane,calibration,CodeLoad.CodeLoadJQuery,CodeLoad,CodeLoadJQuery,jsc,32,0,3,[],0,0,1,2026-10-05T05:44:50.840101+00:00,"[""/home/mzyx/jsc_build_fd3406f/JSCOnly/Release/bin/jsc"",""--useJIT=false"",""--useLLInt=true"",""--validateOptions=true"",""/mnt/c/Users/mzyx/Desktop/0921/js-interpreter-bench/experiments/three_engine_baseline/adapters/jsc.js"",""/mnt/c/Users/mzyx/Desktop/0921/js-interpreter-bench/experiments/timer_recovery/adapters/jsc.js"",""/mnt/c/Users/mzyx/Desktop/0921/js-interpreter-bench/experiments/octane_three_engine/MAIN_MONOTONIC_V1/attempt01/generated/CodeLoad.CodeLoadJQuery.N32.measure.js""]","[""--useJIT=false"",""--useLLInt=true"",""--validateOptions=true""]",65c824a055405bf62b05e21d54515a72a1f0187a4d91225d00a6da969d35879f,/mnt/c/Users/mzyx/Desktop/0921/js-interpreter-bench/experiments/octane_three_engine/MAIN_MONOTONIC_V1/attempt01/generated/CodeLoad.CodeLoadJQuery.N32.measure.js,4843526632ce9cf990b908365f2819b194422d3d7aded11cc0ba7cd6641119aa,0c485996a598b7e36f2f292b66397adc0390cbe6b69b55199e47e1c6c1e37010,0,False,187.52,5.86,0,187.52,,0,"{""pass"":true,""inner_minus_outer_ms"":-25.56343099999998,""tolerance_ms"":5.0}",300,False,0,"TEB_RESULT:{""benchmark"":""Octane"",""case"":""CodeLoad.CodeLoadJQuery"",""suite"":""CodeLoad"",""subbenchmark"":""CodeLoadJQuery"",""mode"":""MAIN_MONOTONIC_V1"",""phase"":""measure"",""N"":32,""correctness"":""PASS"",""extra_validation_calls"":0,""checksum"":null,""timer"":""benchNow"",""start_ms"":0,""stop_ms"":187.52,""elapsed_ms"":187.52,""elapsed_per_call_ms"":5.86,""warmup_calls"":0}
",,3965445889774,3965232806343,213083431,94e240b1-774a-4fdc-8be3-8b5e85457d9d,True,PASS,
wsl2-ubuntu2404-x64-20261004,MAIN_MONOTONIC_V1,Octane,calibration,CodeLoad.CodeLoadJQuery,CodeLoad,CodeLoadJQuery,quickjs,32,0,1,[],0,0,1,2026-10-05T05:44:50.104823+00:00,"[""/home/mzyx/three_engine_20261004/quickjs-04be246001599f5995fa2f2d8c91a0f198d3f34c/qjs"",""-I"",""/mnt/c/Users/mzyx/Desktop/0921/js-interpreter-bench/experiments/three_engine_baseline/adapters/quickjs.js"",""-I"",""/mnt/c/Users/mzyx/Desktop/0921/js-interpreter-bench/experiments/timer_recovery/adapters/quickjs.js"",""/mnt/c/Users/mzyx/Desktop/0921/js-interpreter-bench/experiments/octane_three_engine/MAIN_MONOTONIC_V1/attempt01/generated/CodeLoad.CodeLoadJQuery.N32.measure.js""]",[],140d5233b0337d91cb0f994ae4a051e49aa04da8802acfaedf0a01b81a620b79,/mnt/c/Users/mzyx/Desktop/0921/js-interpreter-bench/experiments/octane_three_engine/MAIN_MONOTONIC_V1/attempt01/generated/CodeLoad.CodeLoadJQuery.N32.measure.js,4843526632ce9cf990b908365f2819b194422d3d7aded11cc0ba7cd6641119aa,cd393c275173f20526562a008951f65a332deffed85e7c804519788b8ebffab7,0,False,359.391751000192,11.230992218756,3964533.019701,3964892.411452,,0,"{""pass"":true,""inner_minus_outer_ms"":-14.851848999807999,""tolerance_ms"":5.0}",300,False,0,"TEB_RESULT:{""benchmark"":""Octane"",""case"":""CodeLoad.CodeLoadJQuery"",""suite"":""CodeLoad"",""subbenchmark"":""CodeLoadJQuery"",""mode"":""MAIN_MONOTONIC_V1"",""phase"":""measure"",""N"":32,""correctness"":""PASS"",""extra_validation_calls"":0,""checksum"":null,""timer"":""benchNow"",""start_ms"":3964533.019701,""stop_ms"":3964892.411452,""elapsed_ms"":359.391751000192,""elapsed_per_call_ms"":11.230992218756,""warmup_calls"":0}
",,3964893865103,3964519621503,374243600,94e240b1-774a-4fdc-8be3-8b5e85457d9d,True,PASS,
wsl2-ubuntu2404-x64-20261004,MAIN_MONOTONIC_V1,Octane,calibration,CodeLoad.CodeLoadJQuery,CodeLoad,CodeLoadJQuery,v8,32,0,2,[],0,0,1,2026-10-05T05:44:50.574442+00:00,"[""/home/mzyx/three_engine_20261004/v8-linux64-rel-15.6.21/d8"",""--snapshot_blob=/home/mzyx/three_engine_20261004/v8-linux64-rel-15.6.21/snapshot_blob.bin"",""--max-opt=0"",""--no-lazy"",""/mnt/c/Users/mzyx/Desktop/0921/js-interpreter-bench/experiments/three_engine_baseline/adapters/v8.js"",""/mnt/c/Users/mzyx/Desktop/0921/js-interpreter-bench/experiments/timer_recovery/adapters/v8.js"",""/mnt/c/Users/mzyx/Desktop/0921/js-interpreter-bench/experiments/octane_three_engine/MAIN_MONOTONIC_V1/attempt01/generated/CodeLoad.CodeLoadJQuery.N32.measure.js""]","[""--max-opt=0"",""--no-lazy""]",83b744a5953d2662ea723564d4035a333782a0cc85232d1025929a925150b133,/mnt/c/Users/mzyx/Desktop/0921/js-interpreter-bench/experiments/octane_three_engine/MAIN_MONOTONIC_V1/attempt01/generated/CodeLoad.CodeLoadJQuery.N32.measure.js,4843526632ce9cf990b908365f2819b194422d3d7aded11cc0ba7cd6641119aa,e610d3aa3d2672a5e6d5eccd9aaf05c6ae6758d1b9c4468289f017a231ab7d9f,0,False,147.67000000000002,4.6146875000000005,34.955,182.625,,0,"{""pass"":true,""inner_minus_outer_ms"":-45.543800999999974,""tolerance_ms"":5.0}",300,False,0,"TEB_RESULT:{""benchmark"":""Octane"",""case"":""CodeLoad.CodeLoadJQuery"",""suite"":""CodeLoad"",""subbenchmark"":""CodeLoadJQuery"",""mode"":""MAIN_MONOTONIC_V1"",""phase"":""measure"",""N"":32,""correctness"":""PASS"",""extra_validation_calls"":0,""checksum"":null,""timer"":""benchNow"",""start_ms"":34.955,""stop_ms"":182.625,""elapsed_ms"":147.67000000000002,""elapsed_per_call_ms"":4.6146875000000005,""warmup_calls"":0}
",,3965158554798,3964965340997,193213801,94e240b1-774a-4fdc-8be3-8b5e85457d9d,True,PASS,
wsl2-ubuntu2404-x64-20261004,MAIN_MONOTONIC_V1,Octane,calibration,CodeLoad.CodeLoadJQuery,CodeLoad,CodeLoadJQuery,jsc,4,0,3,[],0,0,1,2026-10-05T05:44:48.768027+00:00,"[""/home/mzyx/jsc_build_fd3406f/JSCOnly/Release/bin/jsc"",""--useJIT=false"",""--useLLInt=true"",""--validateOptions=true"",""/mnt/c/Users/mzyx/Desktop/0921/js-interpreter-bench/experiments/three_engine_baseline/adapters/jsc.js"",""/mnt/c/Users/mzyx/Desktop/0921/js-interpreter-bench/experiments/timer_recovery/adapters/jsc.js"",""/mnt/c/Users/mzyx/Desktop/0921/js-interpreter-bench/experiments/octane_three_engine/MAIN_MONOTONIC_V1/attempt01/generated/CodeLoad.CodeLoadJQuery.N4.measure.js""]","[""--useJIT=false"",""--useLLInt=true"",""--validateOptions=true""]",65c824a055405bf62b05e21d54515a72a1f0187a4d91225d00a6da969d35879f,/mnt/c/Users/mzyx/Desktop/0921/js-interpreter-bench/experiments/octane_three_engine/MAIN_MONOTONIC_V1/attempt01/generated/CodeLoad.CodeLoadJQuery.N4.measure.js,2fa1c968beb6ec4211e7d8709e41604233f9e458898679630acdd08b30857cbc,0c485996a598b7e36f2f292b66397adc0390cbe6b69b55199e47e1c6c1e37010,0,False,24.84,6.21,0,24.84,,0,"{""pass"":true,""inner_minus_outer_ms"":-27.932243000000003,""tolerance_ms"":5.0}",300,False,0,"TEB_RESULT:{""benchmark"":""Octane"",""case"":""CodeLoad.CodeLoadJQuery"",""suite"":""CodeLoad"",""subbenchmark"":""CodeLoadJQuery"",""mode"":""MAIN_MONOTONIC_V1"",""phase"":""measure"",""N"":4,""correctness"":""PASS"",""extra_validation_calls"":0,""checksum"":null,""timer"":""benchNow"",""start_ms"":0,""stop_ms"":24.84,""elapsed_ms"":24.84,""elapsed_per_call_ms"":6.21,""warmup_calls"":0}
",,3963211863716,3963159091473,52772243,94e240b1-774a-4fdc-8be3-8b5e85457d9d,True,PASS,
wsl2-ubuntu2404-x64-20261004,MAIN_MONOTONIC_V1,Octane,calibration,CodeLoad.CodeLoadJQuery,CodeLoad,CodeLoadJQuery,quickjs,4,0,1,[],0,0,1,2026-10-05T05:44:48.469017+00:00,"[""/home/mzyx/three_engine_20261004/quickjs-04be246001599f5995fa2f2d8c91a0f198d3f34c/qjs"",""-I"",""/mnt/c/Users/mzyx/Desktop/0921/js-interpreter-bench/experiments/three_engine_baseline/adapters/quickjs.js"",""-I"",""/mnt/c/Users/mzyx/Desktop/0921/js-interpreter-bench/experiments/timer_recovery/adapters/quickjs.js"",""/mnt/c/Users/mzyx/Desktop/0921/js-interpreter-bench/experiments/octane_three_engine/MAIN_MONOTONIC_V1/attempt01/generated/CodeLoad.CodeLoadJQuery.N4.measure.js""]",[],140d5233b0337d91cb0f994ae4a051e49aa04da8802acfaedf0a01b81a620b79,/mnt/c/Users/mzyx/Desktop/0921/js-interpreter-bench/experiments/octane_three_engine/MAIN_MONOTONIC_V1/attempt01/generated/CodeLoad.CodeLoadJQuery.N4.measure.js,2fa1c968beb6ec4211e7d8709e41604233f9e458898679630acdd08b30857cbc,cd393c275173f20526562a008951f65a332deffed85e7c804519788b8ebffab7,0,False,45.421951999887824,11.355487999971956,3962897.157894,3962942.579846,,0,"{""pass"":true,""inner_minus_outer_ms"":-16.02561100011218,""tolerance_ms"":5.0}",300,False,0,"TEB_RESULT:{""benchmark"":""Octane"",""case"":""CodeLoad.CodeLoadJQuery"",""suite"":""CodeLoad"",""subbenchmark"":""CodeLoadJQuery"",""mode"":""MAIN_MONOTONIC_V1"",""phase"":""measure"",""N"":4,""correctness"":""PASS"",""extra_validation_calls"":0,""checksum"":null,""timer"":""benchNow"",""start_ms"":3962897.157894,""stop_ms"":3962942.579846,""elapsed_ms"":45.421951999887824,""elapsed_per_call_ms"":11.355487999971956,""warmup_calls"":0}
",,3962944248119,3962882800556,61447563,94e240b1-774a-4fdc-8be3-8b5e85457d9d,True,PASS,
wsl2-ubuntu2404-x64-20261004,MAIN_MONOTONIC_V1,Octane,calibration,CodeLoad.CodeLoadJQuery,CodeLoad,CodeLoadJQuery,v8,4,0,2,[],0,0,1,2026-10-05T05:44:48.628456+00:00,"[""/home/mzyx/three_engine_20261004/v8-linux64-rel-15.6.21/d8"",""--snapshot_blob=/home/mzyx/three_engine_20261004/v8-linux64-rel-15.6.21/snapshot_blob.bin"",""--max-opt=0"",""--no-lazy"",""/mnt/c/Users/mzyx/Desktop/0921/js-interpreter-bench/experiments/three_engine_baseline/adapters/v8.js"",""/mnt/c/Users/mzyx/Desktop/0921/js-interpreter-bench/experiments/timer_recovery/adapters/v8.js"",""/mnt/c/Users/mzyx/Desktop/0921/js-interpreter-bench/experiments/octane_three_engine/MAIN_MONOTONIC_V1/attempt01/generated/CodeLoad.CodeLoadJQuery.N4.measure.js""]","[""--max-opt=0"",""--no-lazy""]",83b744a5953d2662ea723564d4035a333782a0cc85232d1025929a925150b133,/mnt/c/Users/mzyx/Desktop/0921/js-interpreter-bench/experiments/octane_three_engine/MAIN_MONOTONIC_V1/attempt01/generated/CodeLoad.CodeLoadJQuery.N4.measure.js,2fa1c968beb6ec4211e7d8709e41604233f9e458898679630acdd08b30857cbc,e610d3aa3d2672a5e6d5eccd9aaf05c6ae6758d1b9c4468289f017a231ab7d9f,0,False,23.976999999999997,5.994249999999999,34.158,58.135,,0,"{""pass"":true,""inner_minus_outer_ms"":-42.546189000000005,""tolerance_ms"":5.0}",300,False,0,"TEB_RESULT:{""benchmark"":""Octane"",""case"":""CodeLoad.CodeLoadJQuery"",""suite"":""CodeLoad"",""subbenchmark"":""CodeLoadJQuery"",""mode"":""MAIN_MONOTONIC_V1"",""phase"":""measure"",""N"":4,""correctness"":""PASS"",""extra_validation_calls"":0,""checksum"":null,""timer"":""benchNow"",""start_ms"":34.158,""stop_ms"":58.135,""elapsed_ms"":23.976999999999997,""elapsed_per_call_ms"":5.994249999999999,""warmup_calls"":0}
",,3963085960229,3963019437040,66523189,94e240b1-774a-4fdc-8be3-8b5e85457d9d,True,PASS,
wsl2-ubuntu2404-x64-20261004,MAIN_MONOTONIC_V1,Octane,calibration,CodeLoad.CodeLoadJQuery,CodeLoad,CodeLoadJQuery,jsc,64,0,3,[],0,0,1,2026-10-05T05:44:52.404039+00:00,"[""/home/mzyx/jsc_build_fd3406f/JSCOnly/Release/bin/jsc"",""--useJIT=false"",""--useLLInt=true"",""--validateOptions=true"",""/mnt/c/Users/mzyx/Desktop/0921/js-interpreter-bench/experiments/three_engine_baseline/adapters/jsc.js"",""/mnt/c/Users/mzyx/Desktop/0921/js-interpreter-bench/experiments/timer_recovery/adapters/jsc.js"",""/mnt/c/Users/mzyx/Desktop/0921/js-interpreter-bench/experiments/octane_three_engine/MAIN_MONOTONIC_V1/attempt01/generated/CodeLoad.CodeLoadJQuery.N64.measure.js""]","[""--useJIT=false"",""--useLLInt=true"",""--validateOptions=true""]",65c824a055405bf62b05e21d54515a72a1f0187a4d91225d00a6da969d35879f,/mnt/c/Users/mzyx/Desktop/0921/js-interpreter-bench/experiments/octane_three_engine/MAIN_MONOTONIC_V1/attempt01/generated/CodeLoad.CodeLoadJQuery.N64.measure.js,0deb8360281513608d7762e330967fef22ac7efc2473dbac29f6cb6a988b1f7f,0c485996a598b7e36f2f292b66397adc0390cbe6b69b55199e47e1c6c1e37010,0,False,393.26,6.1446875,0,393.26,,0,"{""pass"":true,""inner_minus_outer_ms"":-31.184769000000017,""tolerance_ms"":5.0}",300,False,0,"TEB_RESULT:{""benchmark"":""Octane"",""case"":""CodeLoad.CodeLoadJQuery"",""suite"":""CodeLoad"",""subbenchmark"":""CodeLoadJQuery"",""mode"":""MAIN_MONOTONIC_V1"",""phase"":""measure"",""N"":64,""correctness"":""PASS"",""extra_validation_calls"":0,""checksum"":null,""timer"":""benchNow"",""start_ms"":0,""stop_ms"":393.26,""elapsed_ms"":393.26,""elapsed_per_call_ms"":6.1446875,""warmup_calls"":0}
",,3967219198055,3966794753286,424444769,94e240b1-774a-4fdc-8be3-8b5e85457d9d,True,PASS,
wsl2-ubuntu2404-x64-20261004,MAIN_MONOTONIC_V1,Octane,calibration,CodeLoad.CodeLoadJQuery,CodeLoad,CodeLoadJQuery,quickjs,64,0,1,[],0,0,1,2026-10-05T05:44:51.128017+00:00,"[""/home/mzyx/three_engine_20261004/quickjs-04be246001599f5995fa2f2d8c91a0f198d3f34c/qjs"",""-I"",""/mnt/c/Users/mzyx/Desktop/0921/js-interpreter-bench/experiments/three_engine_baseline/adapters/quickjs.js"",""-I"",""/mnt/c/Users/mzyx/Desktop/0921/js-interpreter-bench/experiments/timer_recovery/adapters/quickjs.js"",""/mnt/c/Users/mzyx/Desktop/0921/js-interpreter-bench/experiments/octane_three_engine/MAIN_MONOTONIC_V1/attempt01/generated/CodeLoad.CodeLoadJQuery.N64.measure.js""]",[],140d5233b0337d91cb0f994ae4a051e49aa04da8802acfaedf0a01b81a620b79,/mnt/c/Users/mzyx/Desktop/0921/js-interpreter-bench/experiments/octane_three_engine/MAIN_MONOTONIC_V1/attempt01/generated/CodeLoad.CodeLoadJQuery.N64.measure.js,0deb8360281513608d7762e330967fef22ac7efc2473dbac29f6cb6a988b1f7f,cd393c275173f20526562a008951f65a332deffed85e7c804519788b8ebffab7,0,False,743.177938000299,11.612155281254672,3965561.623541,3966304.801479,,0,"{""pass"":true,""inner_minus_outer_ms"":-15.56799899970099,""tolerance_ms"":5.0}",300,False,0,"TEB_RESULT:{""benchmark"":""Octane"",""case"":""CodeLoad.CodeLoadJQuery"",""suite"":""CodeLoad"",""subbenchmark"":""CodeLoadJQuery"",""mode"":""MAIN_MONOTONIC_V1"",""phase"":""measure"",""N"":64,""correctness"":""PASS"",""extra_validation_calls"":0,""checksum"":null,""timer"":""benchNow"",""start_ms"":3965561.623541,""stop_ms"":3966304.801479,""elapsed_ms"":743.177938000299,""elapsed_per_call_ms"":11.612155281254672,""warmup_calls"":0}
",,3966306019117,3965547273180,758745937,94e240b1-774a-4fdc-8be3-8b5e85457d9d,True,PASS,
wsl2-ubuntu2404-x64-20261004,MAIN_MONOTONIC_V1,Octane,calibration,CodeLoad.CodeLoadJQuery,CodeLoad,CodeLoadJQuery,v8,64,0,2,[],0,0,1,2026-10-05T05:44:51.987570+00:00,"[""/home/mzyx/three_engine_20261004/v8-linux64-rel-15.6.21/d8"",""--snapshot_blob=/home/mzyx/three_engine_20261004/v8-linux64-rel-15.6.21/snapshot_blob.bin"",""--max-opt=0"",""--no-lazy"",""/mnt/c/Users/mzyx/Desktop/0921/js-interpreter-bench/experiments/three_engine_baseline/adapters/v8.js"",""/mnt/c/Users/mzyx/Desktop/0921/js-interpreter-bench/experiments/timer_recovery/adapters/v8.js"",""/mnt/c/Users/mzyx/Desktop/0921/js-interpreter-bench/experiments/octane_three_engine/MAIN_MONOTONIC_V1/attempt01/generated/CodeLoad.CodeLoadJQuery.N64.measure.js""]","[""--max-opt=0"",""--no-lazy""]",83b744a5953d2662ea723564d4035a333782a0cc85232d1025929a925150b133,/mnt/c/Users/mzyx/Desktop/0921/js-interpreter-bench/experiments/octane_three_engine/MAIN_MONOTONIC_V1/attempt01/generated/CodeLoad.CodeLoadJQuery.N64.measure.js,0deb8360281513608d7762e330967fef22ac7efc2473dbac29f6cb6a988b1f7f,e610d3aa3d2672a5e6d5eccd9aaf05c6ae6758d1b9c4468289f017a231ab7d9f,0,False,299.859,4.685296875,35.483,335.342,,0,"{""pass"":true,""inner_minus_outer_ms"":-47.27213900000004,""tolerance_ms"":5.0}",300,False,0,"TEB_RESULT:{""benchmark"":""Octane"",""case"":""CodeLoad.CodeLoadJQuery"",""suite"":""CodeLoad"",""subbenchmark"":""CodeLoadJQuery"",""mode"":""MAIN_MONOTONIC_V1"",""phase"":""measure"",""N"":64,""correctness"":""PASS"",""extra_validation_calls"":0,""checksum"":null,""timer"":""benchNow"",""start_ms"":35.483,""stop_ms"":335.342,""elapsed_ms"":299.859,""elapsed_per_call_ms"":4.685296875,""warmup_calls"":0}
",,3966724867966,3966377736827,347131139,94e240b1-774a-4fdc-8be3-8b5e85457d9d,True,PASS,
wsl2-ubuntu2404-x64-20261004,MAIN_MONOTONIC_V1,Octane,calibration,CodeLoad.CodeLoadJQuery,CodeLoad,CodeLoadJQuery,jsc,8,0,3,[],0,0,1,2026-10-05T05:44:49.269937+00:00,"[""/home/mzyx/jsc_build_fd3406f/JSCOnly/Release/bin/jsc"",""--useJIT=false"",""--useLLInt=true"",""--validateOptions=true"",""/mnt/c/Users/mzyx/Desktop/0921/js-interpreter-bench/experiments/three_engine_baseline/adapters/jsc.js"",""/mnt/c/Users/mzyx/Desktop/0921/js-interpreter-bench/experiments/timer_recovery/adapters/jsc.js"",""/mnt/c/Users/mzyx/Desktop/0921/js-interpreter-bench/experiments/octane_three_engine/MAIN_MONOTONIC_V1/attempt01/generated/CodeLoad.CodeLoadJQuery.N8.measure.js""]","[""--useJIT=false"",""--useLLInt=true"",""--validateOptions=true""]",65c824a055405bf62b05e21d54515a72a1f0187a4d91225d00a6da969d35879f,/mnt/c/Users/mzyx/Desktop/0921/js-interpreter-bench/experiments/octane_three_engine/MAIN_MONOTONIC_V1/attempt01/generated/CodeLoad.CodeLoadJQuery.N8.measure.js,0e3208157eac402f394112036e57b0bbfd9a59aee8c2db00911149dc924ea2e2,0c485996a598b7e36f2f292b66397adc0390cbe6b69b55199e47e1c6c1e37010,0,False,47.62,5.9525,0,47.62,,0,"{""pass"":true,""inner_minus_outer_ms"":-28.993011000000003,""tolerance_ms"":5.0}",300,False,0,"TEB_RESULT:{""benchmark"":""Octane"",""case"":""CodeLoad.CodeLoadJQuery"",""suite"":""CodeLoad"",""subbenchmark"":""CodeLoadJQuery"",""mode"":""MAIN_MONOTONIC_V1"",""phase"":""measure"",""N"":8,""correctness"":""PASS"",""extra_validation_calls"":0,""checksum"":null,""timer"":""benchNow"",""start_ms"":0,""stop_ms"":47.62,""elapsed_ms"":47.62,""elapsed_per_call_ms"":5.9525,""warmup_calls"":0}
",,3963736823947,3963660210936,76613011,94e240b1-774a-4fdc-8be3-8b5e85457d9d,True,PASS,
wsl2-ubuntu2404-x64-20261004,MAIN_MONOTONIC_V1,Octane,calibration,CodeLoad.CodeLoadJQuery,CodeLoad,CodeLoadJQuery,quickjs,8,0,1,[],0,0,1,2026-10-05T05:44:48.897373+00:00,"[""/home/mzyx/three_engine_20261004/quickjs-04be246001599f5995fa2f2d8c91a0f198d3f34c/qjs"",""-I"",""/mnt/c/Users/mzyx/Desktop/0921/js-interpreter-bench/experiments/three_engine_baseline/adapters/quickjs.js"",""-I"",""/mnt/c/Users/mzyx/Desktop/0921/js-interpreter-bench/experiments/timer_recovery/adapters/quickjs.js"",""/mnt/c/Users/mzyx/Desktop/0921/js-interpreter-bench/experiments/octane_three_engine/MAIN_MONOTONIC_V1/attempt01/generated/CodeLoad.CodeLoadJQuery.N8.measure.js""]",[],140d5233b0337d91cb0f994ae4a051e49aa04da8802acfaedf0a01b81a620b79,/mnt/c/Users/mzyx/Desktop/0921/js-interpreter-bench/experiments/octane_three_engine/MAIN_MONOTONIC_V1/attempt01/generated/CodeLoad.CodeLoadJQuery.N8.measure.js,0e3208157eac402f394112036e57b0bbfd9a59aee8c2db00911149dc924ea2e2,cd393c275173f20526562a008951f65a332deffed85e7c804519788b8ebffab7,0,False,94.9244189998135,11.865552374976687,3963337.859511,3963432.78393,,0,"{""pass"":true,""inner_minus_outer_ms"":-15.62723200018651,""tolerance_ms"":5.0}",300,False,0,"TEB_RESULT:{""benchmark"":""Octane"",""case"":""CodeLoad.CodeLoadJQuery"",""suite"":""CodeLoad"",""subbenchmark"":""CodeLoadJQuery"",""mode"":""MAIN_MONOTONIC_V1"",""phase"":""measure"",""N"":8,""correctness"":""PASS"",""extra_validation_calls"":0,""checksum"":null,""timer"":""benchNow"",""start_ms"":3963337.859511,""stop_ms"":3963432.78393,""elapsed_ms"":94.9244189998135,""elapsed_per_call_ms"":11.865552374976687,""warmup_calls"":0}
",,3963433882641,3963323330990,110551651,94e240b1-774a-4fdc-8be3-8b5e85457d9d,True,PASS,
wsl2-ubuntu2404-x64-20261004,MAIN_MONOTONIC_V1,Octane,calibration,CodeLoad.CodeLoadJQuery,CodeLoad,CodeLoadJQuery,v8,8,0,2,[],0,0,1,2026-10-05T05:44:49.113434+00:00,"[""/home/mzyx/three_engine_20261004/v8-linux64-rel-15.6.21/d8"",""--snapshot_blob=/home/mzyx/three_engine_20261004/v8-linux64-rel-15.6.21/snapshot_blob.bin"",""--max-opt=0"",""--no-lazy"",""/mnt/c/Users/mzyx/Desktop/0921/js-interpreter-bench/experiments/three_engine_baseline/adapters/v8.js"",""/mnt/c/Users/mzyx/Desktop/0921/js-interpreter-bench/experiments/timer_recovery/adapters/v8.js"",""/mnt/c/Users/mzyx/Desktop/0921/js-interpreter-bench/experiments/octane_three_engine/MAIN_MONOTONIC_V1/attempt01/generated/CodeLoad.CodeLoadJQuery.N8.measure.js""]","[""--max-opt=0"",""--no-lazy""]",83b744a5953d2662ea723564d4035a333782a0cc85232d1025929a925150b133,/mnt/c/Users/mzyx/Desktop/0921/js-interpreter-bench/experiments/octane_three_engine/MAIN_MONOTONIC_V1/attempt01/generated/CodeLoad.CodeLoadJQuery.N8.measure.js,0e3208157eac402f394112036e57b0bbfd9a59aee8c2db00911149dc924ea2e2,e610d3aa3d2672a5e6d5eccd9aaf05c6ae6758d1b9c4468289f017a231ab7d9f,0,False,42.959,5.369875,34.547,77.506,,0,"{""pass"":true,""inner_minus_outer_ms"":-43.259975999999995,""tolerance_ms"":5.0}",300,False,0,"TEB_RESULT:{""benchmark"":""Octane"",""case"":""CodeLoad.CodeLoadJQuery"",""suite"":""CodeLoad"",""subbenchmark"":""CodeLoadJQuery"",""mode"":""MAIN_MONOTONIC_V1"",""phase"":""measure"",""N"":8,""correctness"":""PASS"",""extra_validation_calls"":0,""checksum"":null,""timer"":""benchNow"",""start_ms"":34.547,""stop_ms"":77.506,""elapsed_ms"":42.959,""elapsed_per_call_ms"":5.369875,""warmup_calls"":0}
",,3963590166401,3963503947425,86218976,94e240b1-774a-4fdc-8be3-8b5e85457d9d,True,PASS,
wsl2-ubuntu2404-x64-20261004,MAIN_MONOTONIC_V1,Octane,calibration,Crypto.Decrypt,Crypto,Decrypt,jsc,1,0,3,[],0,0,1,2026-10-05T05:41:36.175416+00:00,"[""/home/mzyx/jsc_build_fd3406f/JSCOnly/Release/bin/jsc"",""--useJIT=false"",""--useLLInt=true"",""--validateOptions=true"",""/mnt/c/Users/mzyx/Desktop/0921/js-interpreter-bench/experiments/three_engine_baseline/adapters/jsc.js"",""/mnt/c/Users/mzyx/Desktop/0921/js-interpreter-bench/experiments/timer_recovery/adapters/jsc.js"",""/mnt/c/Users/mzyx/Desktop/0921/js-interpreter-bench/experiments/octane_three_engine/MAIN_MONOTONIC_V1/attempt01/generated/Crypto.Decrypt.N1.measure.js""]","[""--useJIT=false"",""--useLLInt=true"",""--validateOptions=true""]",65c824a055405bf62b05e21d54515a72a1f0187a4d91225d00a6da969d35879f,/mnt/c/Users/mzyx/Desktop/0921/js-interpreter-bench/experiments/octane_three_engine/MAIN_MONOTONIC_V1/attempt01/generated/Crypto.Decrypt.N1.measure.js,ae6fe417203132070ff79ff4de2818ce50a9622793a7facd9006f6a5437e7d38,0c485996a598b7e36f2f292b66397adc0390cbe6b69b55199e47e1c6c1e37010,0,False,63.92,63.92,0,63.92,,0,"{""pass"":true,""inner_minus_outer_ms"":-34.688564,""tolerance_ms"":5.0}",300,False,0,"TEB_RESULT:{""benchmark"":""Octane"",""case"":""Crypto.Decrypt"",""suite"":""Crypto"",""subbenchmark"":""Decrypt"",""mode"":""MAIN_MONOTONIC_V1"",""phase"":""measure"",""N"":1,""correctness"":""PASS"",""extra_validation_calls"":0,""checksum"":null,""timer"":""benchNow"",""start_ms"":0,""stop_ms"":63.92,""elapsed_ms"":63.92,""elapsed_per_call_ms"":63.92,""warmup_calls"":0}
",,3749947482021,3749848873457,98608564,94e240b1-774a-4fdc-8be3-8b5e85457d9d,True,PASS,
wsl2-ubuntu2404-x64-20261004,MAIN_MONOTONIC_V1,Octane,calibration,Crypto.Decrypt,Crypto,Decrypt,quickjs,1,0,1,[],0,0,1,2026-10-05T05:41:35.745195+00:00,"[""/home/mzyx/three_engine_20261004/quickjs-04be246001599f5995fa2f2d8c91a0f198d3f34c/qjs"",""-I"",""/mnt/c/Users/mzyx/Desktop/0921/js-interpreter-bench/experiments/three_engine_baseline/adapters/quickjs.js"",""-I"",""/mnt/c/Users/mzyx/Desktop/0921/js-interpreter-bench/experiments/timer_recovery/adapters/quickjs.js"",""/mnt/c/Users/mzyx/Desktop/0921/js-interpreter-bench/experiments/octane_three_engine/MAIN_MONOTONIC_V1/attempt01/generated/Crypto.Decrypt.N1.measure.js""]",[],140d5233b0337d91cb0f994ae4a051e49aa04da8802acfaedf0a01b81a620b79,/mnt/c/Users/mzyx/Desktop/0921/js-interpreter-bench/experiments/octane_three_engine/MAIN_MONOTONIC_V1/attempt01/generated/Crypto.Decrypt.N1.measure.js,ae6fe417203132070ff79ff4de2818ce50a9622793a7facd9006f6a5437e7d38,cd393c275173f20526562a008951f65a332deffed85e7c804519788b8ebffab7,0,False,107.58747599972412,107.58747599972412,3749451.793153,3749559.380629,,0,"{""pass"":true,""inner_minus_outer_ms"":-22.173109000275872,""tolerance_ms"":5.0}",300,False,0,"TEB_RESULT:{""benchmark"":""Octane"",""case"":""Crypto.Decrypt"",""suite"":""Crypto"",""subbenchmark"":""Decrypt"",""mode"":""MAIN_MONOTONIC_V1"",""phase"":""measure"",""N"":1,""correctness"":""PASS"",""extra_validation_calls"":0,""checksum"":null,""timer"":""benchNow"",""start_ms"":3749451.793153,""stop_ms"":3749559.380629,""elapsed_ms"":107.58747599972412,""elapsed_per_call_ms"":107.58747599972412,""warmup_calls"":0}
",,3749560004827,3749430244242,129760585,94e240b1-774a-4fdc-8be3-8b5e85457d9d,True,PASS,
wsl2-ubuntu2404-x64-20261004,MAIN_MONOTONIC_V1,Octane,calibration,Crypto.Decrypt,Crypto,Decrypt,v8,1,0,2,[],0,0,1,2026-10-05T05:41:35.959909+00:00,"[""/home/mzyx/three_engine_20261004/v8-linux64-rel-15.6.21/d8"",""--snapshot_blob=/home/mzyx/three_engine_20261004/v8-linux64-rel-15.6.21/snapshot_blob.bin"",""--max-opt=0"",""--no-lazy"",""/mnt/c/Users/mzyx/Desktop/0921/js-interpreter-bench/experiments/three_engine_baseline/adapters/v8.js"",""/mnt/c/Users/mzyx/Desktop/0921/js-interpreter-bench/experiments/timer_recovery/adapters/v8.js"",""/mnt/c/Users/mzyx/Desktop/0921/js-interpreter-bench/experiments/octane_three_engine/MAIN_MONOTONIC_V1/attempt01/generated/Crypto.Decrypt.N1.measure.js""]","[""--max-opt=0"",""--no-lazy""]",83b744a5953d2662ea723564d4035a333782a0cc85232d1025929a925150b133,/mnt/c/Users/mzyx/Desktop/0921/js-interpreter-bench/experiments/octane_three_engine/MAIN_MONOTONIC_V1/attempt01/generated/Crypto.Decrypt.N1.measure.js,ae6fe417203132070ff79ff4de2818ce50a9622793a7facd9006f6a5437e7d38,e610d3aa3d2672a5e6d5eccd9aaf05c6ae6758d1b9c4468289f017a231ab7d9f,0,False,89.64699999999999,89.64699999999999,42.208,131.855,,0,"{""pass"":true,""inner_minus_outer_ms"":-50.94785000000002,""tolerance_ms"":5.0}",300,False,0,"TEB_RESULT:{""benchmark"":""Octane"",""case"":""Crypto.Decrypt"",""suite"":""Crypto"",""subbenchmark"":""Decrypt"",""mode"":""MAIN_MONOTONIC_V1"",""phase"":""measure"",""N"":1,""correctness"":""PASS"",""extra_validation_calls"":0,""checksum"":null,""timer"":""benchNow"",""start_ms"":42.208,""stop_ms"":131.855,""elapsed_ms"":89.64699999999999,""elapsed_per_call_ms"":89.64699999999999,""warmup_calls"":0}
",,3749774581717,3749633986867,140594850,94e240b1-774a-4fdc-8be3-8b5e85457d9d,True,PASS,
wsl2-ubuntu2404-x64-20261004,MAIN_MONOTONIC_V1,Octane,calibration,Crypto.Decrypt,Crypto,Decrypt,jsc,16,0,3,[],0,0,1,2026-10-05T05:41:44.483177+00:00,"[""/home/mzyx/jsc_build_fd3406f/JSCOnly/Release/bin/jsc"",""--useJIT=false"",""--useLLInt=true"",""--validateOptions=true"",""/mnt/c/Users/mzyx/Desktop/0921/js-interpreter-bench/experiments/three_engine_baseline/adapters/jsc.js"",""/mnt/c/Users/mzyx/Desktop/0921/js-interpreter-bench/experiments/timer_recovery/adapters/jsc.js"",""/mnt/c/Users/mzyx/Desktop/0921/js-interpreter-bench/experiments/octane_three_engine/MAIN_MONOTONIC_V1/attempt01/generated/Crypto.Decrypt.N16.measure.js""]","[""--useJIT=false"",""--useLLInt=true"",""--validateOptions=true""]",65c824a055405bf62b05e21d54515a72a1f0187a4d91225d00a6da969d35879f,/mnt/c/Users/mzyx/Desktop/0921/js-interpreter-bench/experiments/octane_three_engine/MAIN_MONOTONIC_V1/attempt01/generated/Crypto.Decrypt.N16.measure.js,58d6c67162c62e9e185d20f523b8ae481e80f6ff9302b8e75501969ff12853c4,0c485996a598b7e36f2f292b66397adc0390cbe6b69b55199e47e1c6c1e37010,0,False,1049.16,65.5725,0,1049.16,,0,"{""pass"":true,""inner_minus_outer_ms"":-36.55347599999982,""tolerance_ms"":5.0}",300,False,0,"TEB_RESULT:{""benchmark"":""Octane"",""case"":""Crypto.Decrypt"",""suite"":""Crypto"",""subbenchmark"":""Decrypt"",""mode"":""MAIN_MONOTONIC_V1"",""phase"":""measure"",""N"":16,""correctness"":""PASS"",""extra_validation_calls"":0,""checksum"":null,""timer"":""benchNow"",""start_ms"":0,""stop_ms"":1049.16,""elapsed_ms"":1049.16,""elapsed_per_call_ms"":65.5725,""warmup_calls"":0}
",,3759243050667,3758157337191,1085713476,94e240b1-774a-4fdc-8be3-8b5e85457d9d,True,PASS,
wsl2-ubuntu2404-x64-20261004,MAIN_MONOTONIC_V1,Octane,calibration,Crypto.Decrypt,Crypto,Decrypt,quickjs,16,0,1,[],0,0,1,2026-10-05T05:41:41.101886+00:00,"[""/home/mzyx/three_engine_20261004/quickjs-04be246001599f5995fa2f2d8c91a0f198d3f34c/qjs"",""-I"",""/mnt/c/Users/mzyx/Desktop/0921/js-interpreter-bench/experiments/three_engine_baseline/adapters/quickjs.js"",""-I"",""/mnt/c/Users/mzyx/Desktop/0921/js-interpreter-bench/experiments/timer_recovery/adapters/quickjs.js"",""/mnt/c/Users/mzyx/Desktop/0921/js-interpreter-bench/experiments/octane_three_engine/MAIN_MONOTONIC_V1/attempt01/generated/Crypto.Decrypt.N16.measure.js""]",[],140d5233b0337d91cb0f994ae4a051e49aa04da8802acfaedf0a01b81a620b79,/mnt/c/Users/mzyx/Desktop/0921/js-interpreter-bench/experiments/octane_three_engine/MAIN_MONOTONIC_V1/attempt01/generated/Crypto.Decrypt.N16.measure.js,58d6c67162c62e9e185d20f523b8ae481e80f6ff9302b8e75501969ff12853c4,cd393c275173f20526562a008951f65a332deffed85e7c804519788b8ebffab7,0,False,1688.555159999989,105.53469749999931,3754809.690427,3756498.245587,,0,"{""pass"":true,""inner_minus_outer_ms"":-21.785216000011133,""tolerance_ms"":5.0}",300,False,0,"TEB_RESULT:{""benchmark"":""Octane"",""case"":""Crypto.Decrypt"",""suite"":""Crypto"",""subbenchmark"":""Decrypt"",""mode"":""MAIN_MONOTONIC_V1"",""phase"":""measure"",""N"":16,""correctness"":""PASS"",""extra_validation_calls"":0,""checksum"":null,""timer"":""benchNow"",""start_ms"":3754809.690427,""stop_ms"":3756498.245587,""elapsed_ms"":1688.555159999989,""elapsed_per_call_ms"":105.53469749999931,""warmup_calls"":0}
",,3756498830092,3754788489716,1710340376,94e240b1-774a-4fdc-8be3-8b5e85457d9d,True,PASS,
wsl2-ubuntu2404-x64-20261004,MAIN_MONOTONIC_V1,Octane,calibration,Crypto.Decrypt,Crypto,Decrypt,v8,16,0,2,[],0,0,1,2026-10-05T05:41:42.897041+00:00,"[""/home/mzyx/three_engine_20261004/v8-linux64-rel-15.6.21/d8"",""--snapshot_blob=/home/mzyx/three_engine_20261004/v8-linux64-rel-15.6.21/snapshot_blob.bin"",""--max-opt=0"",""--no-lazy"",""/mnt/c/Users/mzyx/Desktop/0921/js-interpreter-bench/experiments/three_engine_baseline/adapters/v8.js"",""/mnt/c/Users/mzyx/Desktop/0921/js-interpreter-bench/experiments/timer_recovery/adapters/v8.js"",""/mnt/c/Users/mzyx/Desktop/0921/js-interpreter-bench/experiments/octane_three_engine/MAIN_MONOTONIC_V1/attempt01/generated/Crypto.Decrypt.N16.measure.js""]","[""--max-opt=0"",""--no-lazy""]",83b744a5953d2662ea723564d4035a333782a0cc85232d1025929a925150b133,/mnt/c/Users/mzyx/Desktop/0921/js-interpreter-bench/experiments/octane_three_engine/MAIN_MONOTONIC_V1/attempt01/generated/Crypto.Decrypt.N16.measure.js,58d6c67162c62e9e185d20f523b8ae481e80f6ff9302b8e75501969ff12853c4,e610d3aa3d2672a5e6d5eccd9aaf05c6ae6758d1b9c4468289f017a231ab7d9f,0,False,1457.667,91.1041875,42.818,1500.485,,0,"{""pass"":true,""inner_minus_outer_ms"":-51.06659600000012,""tolerance_ms"":5.0}",300,False,0,"TEB_RESULT:{""benchmark"":""Octane"",""case"":""Crypto.Decrypt"",""suite"":""Crypto"",""subbenchmark"":""Decrypt"",""mode"":""MAIN_MONOTONIC_V1"",""phase"":""measure"",""N"":16,""correctness"":""PASS"",""extra_validation_calls"":0,""checksum"":null,""timer"":""benchNow"",""start_ms"":42.818,""stop_ms"":1500.485,""elapsed_ms"":1457.667,""elapsed_per_call_ms"":91.1041875,""warmup_calls"":0}
",,3758079205532,3756570471936,1508733596,94e240b1-774a-4fdc-8be3-8b5e85457d9d,True,PASS,
wsl2-ubuntu2404-x64-20261004,MAIN_MONOTONIC_V1,Octane,calibration,Crypto.Decrypt,Crypto,Decrypt,jsc,2,0,3,[],0,0,1,2026-10-05T05:41:36.984335+00:00,"[""/home/mzyx/jsc_build_fd3406f/JSCOnly/Release/bin/jsc"",""--useJIT=false"",""--useLLInt=true"",""--validateOptions=true"",""/mnt/c/Users/mzyx/Desktop/0921/js-interpreter-bench/experiments/three_engine_baseline/adapters/jsc.js"",""/mnt/c/Users/mzyx/Desktop/0921/js-interpreter-bench/experiments/timer_recovery/adapters/jsc.js"",""/mnt/c/Users/mzyx/Desktop/0921/js-interpreter-bench/experiments/octane_three_engine/MAIN_MONOTONIC_V1/attempt01/generated/Crypto.Decrypt.N2.measure.js""]","[""--useJIT=false"",""--useLLInt=true"",""--validateOptions=true""]",65c824a055405bf62b05e21d54515a72a1f0187a4d91225d00a6da969d35879f,/mnt/c/Users/mzyx/Desktop/0921/js-interpreter-bench/experiments/octane_three_engine/MAIN_MONOTONIC_V1/attempt01/generated/Crypto.Decrypt.N2.measure.js,f5ea6cd1033914d5dfdd09672798fbb2c6939d2c34615b20c2a5aa8cb149c41d,0c485996a598b7e36f2f292b66397adc0390cbe6b69b55199e47e1c6c1e37010,0,False,130.68,65.34,0,130.68,,0,"{""pass"":true,""inner_minus_outer_ms"":-37.905946,""tolerance_ms"":5.0}",300,False,0,"TEB_RESULT:{""benchmark"":""Octane"",""case"":""Crypto.Decrypt"",""suite"":""Crypto"",""subbenchmark"":""Decrypt"",""mode"":""MAIN_MONOTONIC_V1"",""phase"":""measure"",""N"":2,""correctness"":""PASS"",""extra_validation_calls"":0,""checksum"":null,""timer"":""benchNow"",""start_ms"":0,""stop_ms"":130.68,""elapsed_ms"":130.68,""elapsed_per_call_ms"":65.34,""warmup_calls"":0}
",,3750827971076,3750659385130,168585946,94e240b1-774a-4fdc-8be3-8b5e85457d9d,True,PASS,
wsl2-ubuntu2404-x64-20261004,MAIN_MONOTONIC_V1,Octane,calibration,Crypto.Decrypt,Crypto,Decrypt,quickjs,2,0,1,[],0,0,1,2026-10-05T05:41:36.348618+00:00,"[""/home/mzyx/three_engine_20261004/quickjs-04be246001599f5995fa2f2d8c91a0f198d3f34c/qjs"",""-I"",""/mnt/c/Users/mzyx/Desktop/0921/js-interpreter-bench/experiments/three_engine_baseline/adapters/quickjs.js"",""-I"",""/mnt/c/Users/mzyx/Desktop/0921/js-interpreter-bench/experiments/timer_recovery/adapters/quickjs.js"",""/mnt/c/Users/mzyx/Desktop/0921/js-interpreter-bench/experiments/octane_three_engine/MAIN_MONOTONIC_V1/attempt01/generated/Crypto.Decrypt.N2.measure.js""]",[],140d5233b0337d91cb0f994ae4a051e49aa04da8802acfaedf0a01b81a620b79,/mnt/c/Users/mzyx/Desktop/0921/js-interpreter-bench/experiments/octane_three_engine/MAIN_MONOTONIC_V1/attempt01/generated/Crypto.Decrypt.N2.measure.js,f5ea6cd1033914d5dfdd09672798fbb2c6939d2c34615b20c2a5aa8cb149c41d,cd393c275173f20526562a008951f65a332deffed85e7c804519788b8ebffab7,0,False,211.66984699992463,105.83492349996231,3750055.037961,3750266.707808,,0,"{""pass"":true,""inner_minus_outer_ms"":-21.492206000075356,""tolerance_ms"":5.0}",300,False,0,"TEB_RESULT:{""benchmark"":""Octane"",""case"":""Crypto.Decrypt"",""suite"":""Crypto"",""subbenchmark"":""Decrypt"",""mode"":""MAIN_MONOTONIC_V1"",""phase"":""measure"",""N"":2,""correctness"":""PASS"",""extra_validation_calls"":0,""checksum"":null,""timer"":""benchNow"",""start_ms"":3750055.037961,""stop_ms"":3750266.707808,""elapsed_ms"":211.66984699992463,""elapsed_per_call_ms"":105.83492349996231,""warmup_calls"":0}
",,3750267309133,3750034147080,233162053,94e240b1-774a-4fdc-8be3-8b5e85457d9d,True,PASS,
wsl2-ubuntu2404-x64-20261004,MAIN_MONOTONIC_V1,Octane,calibration,Crypto.Decrypt,Crypto,Decrypt,v8,2,0,2,[],0,0,1,2026-10-05T05:41:36.673867+00:00,"[""/home/mzyx/three_engine_20261004/v8-linux64-rel-15.6.21/d8"",""--snapshot_blob=/home/mzyx/three_engine_20261004/v8-linux64-rel-15.6.21/snapshot_blob.bin"",""--max-opt=0"",""--no-lazy"",""/mnt/c/Users/mzyx/Desktop/0921/js-interpreter-bench/experiments/three_engine_baseline/adapters/v8.js"",""/mnt/c/Users/mzyx/Desktop/0921/js-interpreter-bench/experiments/timer_recovery/adapters/v8.js"",""/mnt/c/Users/mzyx/Desktop/0921/js-interpreter-bench/experiments/octane_three_engine/MAIN_MONOTONIC_V1/attempt01/generated/Crypto.Decrypt.N2.measure.js""]","[""--max-opt=0"",""--no-lazy""]",83b744a5953d2662ea723564d4035a333782a0cc85232d1025929a925150b133,/mnt/c/Users/mzyx/Desktop/0921/js-interpreter-bench/experiments/octane_three_engine/MAIN_MONOTONIC_V1/attempt01/generated/Crypto.Decrypt.N2.measure.js,f5ea6cd1033914d5dfdd09672798fbb2c6939d2c34615b20c2a5aa8cb149c41d,e610d3aa3d2672a5e6d5eccd9aaf05c6ae6758d1b9c4468289f017a231ab7d9f,0,False,177.916,88.958,43.746,221.662,,0,"{""pass"":true,""inner_minus_outer_ms"":-52.397795,""tolerance_ms"":5.0}",300,False,0,"TEB_RESULT:{""benchmark"":""Octane"",""case"":""Crypto.Decrypt"",""suite"":""Crypto"",""subbenchmark"":""Decrypt"",""mode"":""MAIN_MONOTONIC_V1"",""phase"":""measure"",""N"":2,""correctness"":""PASS"",""extra_validation_calls"":0,""checksum"":null,""timer"":""benchNow"",""start_ms"":43.746,""stop_ms"":221.662,""elapsed_ms"":177.916,""elapsed_per_call_ms"":88.958,""warmup_calls"":0}
",,3750578978017,3750348664222,230313795,94e240b1-774a-4fdc-8be3-8b5e85457d9d,True,PASS,
wsl2-ubuntu2404-x64-20261004,MAIN_MONOTONIC_V1,Octane,calibration,Crypto.Decrypt,Crypto,Decrypt,jsc,4,0,3,[],0,0,1,2026-10-05T05:41:38.268167+00:00,"[""/home/mzyx/jsc_build_fd3406f/JSCOnly/Release/bin/jsc"",""--useJIT=false"",""--useLLInt=true"",""--validateOptions=true"",""/mnt/c/Users/mzyx/Desktop/0921/js-interpreter-bench/experiments/three_engine_baseline/adapters/jsc.js"",""/mnt/c/Users/mzyx/Desktop/0921/js-interpreter-bench/experiments/timer_recovery/adapters/jsc.js"",""/mnt/c/Users/mzyx/Desktop/0921/js-interpreter-bench/experiments/octane_three_engine/MAIN_MONOTONIC_V1/attempt01/generated/Crypto.Decrypt.N4.measure.js""]","[""--useJIT=false"",""--useLLInt=true"",""--validateOptions=true""]",65c824a055405bf62b05e21d54515a72a1f0187a4d91225d00a6da969d35879f,/mnt/c/Users/mzyx/Desktop/0921/js-interpreter-bench/experiments/octane_three_engine/MAIN_MONOTONIC_V1/attempt01/generated/Crypto.Decrypt.N4.measure.js,90864e46899ae247287a26fe739e6bd5751f0a7651d0b7a8bccc921065748527,0c485996a598b7e36f2f292b66397adc0390cbe6b69b55199e47e1c6c1e37010,0,False,261.42,65.355,0,261.42,,0,"{""pass"":true,""inner_minus_outer_ms"":-40.50292099999996,""tolerance_ms"":5.0}",300,False,0,"TEB_RESULT:{""benchmark"":""Octane"",""case"":""Crypto.Decrypt"",""suite"":""Crypto"",""subbenchmark"":""Decrypt"",""mode"":""MAIN_MONOTONIC_V1"",""phase"":""measure"",""N"":4,""correctness"":""PASS"",""extra_validation_calls"":0,""checksum"":null,""timer"":""benchNow"",""start_ms"":0,""stop_ms"":261.42,""elapsed_ms"":261.42,""elapsed_per_call_ms"":65.355,""warmup_calls"":0}
",,3752244981121,3751943058200,301922921,94e240b1-774a-4fdc-8be3-8b5e85457d9d,True,PASS,
wsl2-ubuntu2404-x64-20261004,MAIN_MONOTONIC_V1,Octane,calibration,Crypto.Decrypt,Crypto,Decrypt,quickjs,4,0,1,[],0,0,1,2026-10-05T05:41:37.230960+00:00,"[""/home/mzyx/three_engine_20261004/quickjs-04be246001599f5995fa2f2d8c91a0f198d3f34c/qjs"",""-I"",""/mnt/c/Users/mzyx/Desktop/0921/js-interpreter-bench/experiments/three_engine_baseline/adapters/quickjs.js"",""-I"",""/mnt/c/Users/mzyx/Desktop/0921/js-interpreter-bench/experiments/timer_recovery/adapters/quickjs.js"",""/mnt/c/Users/mzyx/Desktop/0921/js-interpreter-bench/experiments/octane_three_engine/MAIN_MONOTONIC_V1/attempt01/generated/Crypto.Decrypt.N4.measure.js""]",[],140d5233b0337d91cb0f994ae4a051e49aa04da8802acfaedf0a01b81a620b79,/mnt/c/Users/mzyx/Desktop/0921/js-interpreter-bench/experiments/octane_three_engine/MAIN_MONOTONIC_V1/attempt01/generated/Crypto.Decrypt.N4.measure.js,90864e46899ae247287a26fe739e6bd5751f0a7651d0b7a8bccc921065748527,cd393c275173f20526562a008951f65a332deffed85e7c804519788b8ebffab7,0,False,435.1186489998363,108.77966224995907,3750937.746727,3751372.865376,,0,"{""pass"":true,""inner_minus_outer_ms"":-21.60029700016372,""tolerance_ms"":5.0}",300,False,0,"TEB_RESULT:{""benchmark"":""Octane"",""case"":""Crypto.Decrypt"",""suite"":""Crypto"",""subbenchmark"":""Decrypt"",""mode"":""MAIN_MONOTONIC_V1"",""phase"":""measure"",""N"":4,""correctness"":""PASS"",""extra_validation_calls"":0,""checksum"":null,""timer"":""benchNow"",""start_ms"":3750937.746727,""stop_ms"":3751372.865376,""elapsed_ms"":435.1186489998363,""elapsed_per_call_ms"":108.77966224995907,""warmup_calls"":0}
",,3751373483738,3750916764792,456718946,94e240b1-774a-4fdc-8be3-8b5e85457d9d,True,PASS,
wsl2-ubuntu2404-x64-20261004,MAIN_MONOTONIC_V1,Octane,calibration,Crypto.Decrypt,Crypto,Decrypt,v8,4,0,2,[],0,0,1,2026-10-05T05:41:37.775997+00:00,"[""/home/mzyx/three_engine_20261004/v8-linux64-rel-15.6.21/d8"",""--snapshot_blob=/home/mzyx/three_engine_20261004/v8-linux64-rel-15.6.21/snapshot_blob.bin"",""--max-opt=0"",""--no-lazy"",""/mnt/c/Users/mzyx/Desktop/0921/js-interpreter-bench/experiments/three_engine_baseline/adapters/v8.js"",""/mnt/c/Users/mzyx/Desktop/0921/js-interpreter-bench/experiments/timer_recovery/adapters/v8.js"",""/mnt/c/Users/mzyx/Desktop/0921/js-interpreter-bench/experiments/octane_three_engine/MAIN_MONOTONIC_V1/attempt01/generated/Crypto.Decrypt.N4.measure.js""]","[""--max-opt=0"",""--no-lazy""]",83b744a5953d2662ea723564d4035a333782a0cc85232d1025929a925150b133,/mnt/c/Users/mzyx/Desktop/0921/js-interpreter-bench/experiments/octane_three_engine/MAIN_MONOTONIC_V1/attempt01/generated/Crypto.Decrypt.N4.measure.js,90864e46899ae247287a26fe739e6bd5751f0a7651d0b7a8bccc921065748527,e610d3aa3d2672a5e6d5eccd9aaf05c6ae6758d1b9c4468289f017a231ab7d9f,0,False,359.982,89.9955,44.852,404.834,,0,"{""pass"":true,""inner_minus_outer_ms"":-54.19237999999996,""tolerance_ms"":5.0}",300,False,0,"TEB_RESULT:{""benchmark"":""Octane"",""case"":""Crypto.Decrypt"",""suite"":""Crypto"",""subbenchmark"":""Decrypt"",""mode"":""MAIN_MONOTONIC_V1"",""phase"":""measure"",""N"":4,""correctness"":""PASS"",""extra_validation_calls"":0,""checksum"":null,""timer"":""benchNow"",""start_ms"":44.852,""stop_ms"":404.834,""elapsed_ms"":359.982,""elapsed_per_call_ms"":89.9955,""warmup_calls"":0}
",,3751864601774,3751450427394,414174380,94e240b1-774a-4fdc-8be3-8b5e85457d9d,True,PASS,
wsl2-ubuntu2404-x64-20261004,MAIN_MONOTONIC_V1,Octane,calibration,Crypto.Decrypt,Crypto,Decrypt,jsc,8,0,3,[],0,0,1,2026-10-05T05:41:40.465039+00:00,"[""/home/mzyx/jsc_build_fd3406f/JSCOnly/Release/bin/jsc"",""--useJIT=false"",""--useLLInt=true"",""--validateOptions=true"",""/mnt/c/Users/mzyx/Desktop/0921/js-interpreter-bench/experiments/three_engine_baseline/adapters/jsc.js"",""/mnt/c/Users/mzyx/Desktop/0921/js-interpreter-bench/experiments/timer_recovery/adapters/jsc.js"",""/mnt/c/Users/mzyx/Desktop/0921/js-interpreter-bench/experiments/octane_three_engine/MAIN_MONOTONIC_V1/attempt01/generated/Crypto.Decrypt.N8.measure.js""]","[""--useJIT=false"",""--useLLInt=true"",""--validateOptions=true""]",65c824a055405bf62b05e21d54515a72a1f0187a4d91225d00a6da969d35879f,/mnt/c/Users/mzyx/Desktop/0921/js-interpreter-bench/experiments/octane_three_engine/MAIN_MONOTONIC_V1/attempt01/generated/Crypto.Decrypt.N8.measure.js,4d623b1e5944f284fab7a0a60f0fe29607766d4ab5fe7e143484550ca6c7590c,0c485996a598b7e36f2f292b66397adc0390cbe6b69b55199e47e1c6c1e37010,0,False,515.26,64.4075,0,515.26,,0,"{""pass"":true,""inner_minus_outer_ms"":-42.110276999999996,""tolerance_ms"":5.0}",300,False,0,"TEB_RESULT:{""benchmark"":""Octane"",""case"":""Crypto.Decrypt"",""suite"":""Crypto"",""subbenchmark"":""Decrypt"",""mode"":""MAIN_MONOTONIC_V1"",""phase"":""measure"",""N"":8,""correctness"":""PASS"",""extra_validation_calls"":0,""checksum"":null,""timer"":""benchNow"",""start_ms"":0,""stop_ms"":515.26,""elapsed_ms"":515.26,""elapsed_per_call_ms"":64.4075,""warmup_calls"":0}
",,3754698166691,3754140796414,557370277,94e240b1-774a-4fdc-8be3-8b5e85457d9d,True,PASS,
wsl2-ubuntu2404-x64-20261004,MAIN_MONOTONIC_V1,Octane,calibration,Crypto.Decrypt,Crypto,Decrypt,quickjs,8,0,1,[],0,0,1,2026-10-05T05:41:38.652293+00:00,"[""/home/mzyx/three_engine_20261004/quickjs-04be246001599f5995fa2f2d8c91a0f198d3f34c/qjs"",""-I"",""/mnt/c/Users/mzyx/Desktop/0921/js-interpreter-bench/experiments/three_engine_baseline/adapters/quickjs.js"",""-I"",""/mnt/c/Users/mzyx/Desktop/0921/js-interpreter-bench/experiments/timer_recovery/adapters/quickjs.js"",""/mnt/c/Users/mzyx/Desktop/0921/js-interpreter-bench/experiments/octane_three_engine/MAIN_MONOTONIC_V1/attempt01/generated/Crypto.Decrypt.N8.measure.js""]",[],140d5233b0337d91cb0f994ae4a051e49aa04da8802acfaedf0a01b81a620b79,/mnt/c/Users/mzyx/Desktop/0921/js-interpreter-bench/experiments/octane_three_engine/MAIN_MONOTONIC_V1/attempt01/generated/Crypto.Decrypt.N8.measure.js,4d623b1e5944f284fab7a0a60f0fe29607766d4ab5fe7e143484550ca6c7590c,cd393c275173f20526562a008951f65a332deffed85e7c804519788b8ebffab7,0,False,855.6013670000248,106.9501708750031,3752371.900599,3753227.501966,,0,"{""pass"":true,""inner_minus_outer_ms"":-27.530726999975286,""tolerance_ms"":5.0}",300,False,0,"TEB_RESULT:{""benchmark"":""Octane"",""case"":""Crypto.Decrypt"",""suite"":""Crypto"",""subbenchmark"":""Decrypt"",""mode"":""MAIN_MONOTONIC_V1"",""phase"":""measure"",""N"":8,""correctness"":""PASS"",""extra_validation_calls"":0,""checksum"":null,""timer"":""benchNow"",""start_ms"":3752371.900599,""stop_ms"":3753227.501966,""elapsed_ms"":855.6013670000248,""elapsed_per_call_ms"":106.9501708750031,""warmup_calls"":0}
",,3753228070135,3752344938041,883132094,94e240b1-774a-4fdc-8be3-8b5e85457d9d,True,PASS,
wsl2-ubuntu2404-x64-20261004,MAIN_MONOTONIC_V1,Octane,calibration,Crypto.Decrypt,Crypto,Decrypt,v8,8,0,2,[],0,0,1,2026-10-05T05:41:39.633144+00:00,"[""/home/mzyx/three_engine_20261004/v8-linux64-rel-15.6.21/d8"",""--snapshot_blob=/home/mzyx/three_engine_20261004/v8-linux64-rel-15.6.21/snapshot_blob.bin"",""--max-opt=0"",""--no-lazy"",""/mnt/c/Users/mzyx/Desktop/0921/js-interpreter-bench/experiments/three_engine_baseline/adapters/v8.js"",""/mnt/c/Users/mzyx/Desktop/0921/js-interpreter-bench/experiments/timer_recovery/adapters/v8.js"",""/mnt/c/Users/mzyx/Desktop/0921/js-interpreter-bench/experiments/octane_three_engine/MAIN_MONOTONIC_V1/attempt01/generated/Crypto.Decrypt.N8.measure.js""]","[""--max-opt=0"",""--no-lazy""]",83b744a5953d2662ea723564d4035a333782a0cc85232d1025929a925150b133,/mnt/c/Users/mzyx/Desktop/0921/js-interpreter-bench/experiments/octane_three_engine/MAIN_MONOTONIC_V1/attempt01/generated/Crypto.Decrypt.N8.measure.js,4d623b1e5944f284fab7a0a60f0fe29607766d4ab5fe7e143484550ca6c7590c,e610d3aa3d2672a5e6d5eccd9aaf05c6ae6758d1b9c4468289f017a231ab7d9f,0,False,704.046,88.00575,42.226,746.272,,0,"{""pass"":true,""inner_minus_outer_ms"":-50.89712599999996,""tolerance_ms"":5.0}",300,False,0,"TEB_RESULT:{""benchmark"":""Octane"",""case"":""Crypto.Decrypt"",""suite"":""Crypto"",""subbenchmark"":""Decrypt"",""mode"":""MAIN_MONOTONIC_V1"",""phase"":""measure"",""N"":8,""correctness"":""PASS"",""extra_validation_calls"":0,""checksum"":null,""timer"":""benchNow"",""start_ms"":42.226,""stop_ms"":746.272,""elapsed_ms"":704.046,""elapsed_per_call_ms"":88.00575,""warmup_calls"":0}
",,3754061910914,3753306967788,754943126,94e240b1-774a-4fdc-8be3-8b5e85457d9d,True,PASS,
wsl2-ubuntu2404-x64-20261004,MAIN_MONOTONIC_V1,Octane,calibration,Crypto.Encrypt,Crypto,Encrypt,jsc,1,0,3,[],0,0,1,2026-10-05T05:41:15.800193+00:00,"[""/home/mzyx/jsc_build_fd3406f/JSCOnly/Release/bin/jsc"",""--useJIT=false"",""--useLLInt=true"",""--validateOptions=true"",""/mnt/c/Users/mzyx/Desktop/0921/js-interpreter-bench/experiments/three_engine_baseline/adapters/jsc.js"",""/mnt/c/Users/mzyx/Desktop/0921/js-interpreter-bench/experiments/timer_recovery/adapters/jsc.js"",""/mnt/c/Users/mzyx/Desktop/0921/js-interpreter-bench/experiments/octane_three_engine/MAIN_MONOTONIC_V1/attempt01/generated/Crypto.Encrypt.N1.measure.js""]","[""--useJIT=false"",""--useLLInt=true"",""--validateOptions=true""]",65c824a055405bf62b05e21d54515a72a1f0187a4d91225d00a6da969d35879f,/mnt/c/Users/mzyx/Desktop/0921/js-interpreter-bench/experiments/octane_three_engine/MAIN_MONOTONIC_V1/attempt01/generated/Crypto.Encrypt.N1.measure.js,f349769386fa6566f062ff8e1ad6e6409120f31b2f3f42d804446a24f7e320e7,0c485996a598b7e36f2f292b66397adc0390cbe6b69b55199e47e1c6c1e37010,0,False,4.9,4.9,0,4.9,,0,"{""pass"":true,""inner_minus_outer_ms"":-94.302956,""tolerance_ms"":5.0}",300,False,0,"TEB_RESULT:{""benchmark"":""Octane"",""case"":""Crypto.Encrypt"",""suite"":""Crypto"",""subbenchmark"":""Encrypt"",""mode"":""MAIN_MONOTONIC_V1"",""phase"":""measure"",""N"":1,""correctness"":""PASS"",""extra_validation_calls"":0,""checksum"":null,""timer"":""benchNow"",""start_ms"":0,""stop_ms"":4.9,""elapsed_ms"":4.9,""elapsed_per_call_ms"":4.9,""warmup_calls"":0}
",,3729573389350,3729474186394,99202956,94e240b1-774a-4fdc-8be3-8b5e85457d9d,True,PASS,
wsl2-ubuntu2404-x64-20261004,MAIN_MONOTONIC_V1,Octane,calibration,Crypto.Encrypt,Crypto,Encrypt,quickjs,1,0,1,[],0,0,1,2026-10-05T05:41:15.367723+00:00,"[""/home/mzyx/three_engine_20261004/quickjs-04be246001599f5995fa2f2d8c91a0f198d3f34c/qjs"",""-I"",""/mnt/c/Users/mzyx/Desktop/0921/js-interpreter-bench/experiments/three_engine_baseline/adapters/quickjs.js"",""-I"",""/mnt/c/Users/mzyx/Desktop/0921/js-interpreter-bench/experiments/timer_recovery/adapters/quickjs.js"",""/mnt/c/Users/mzyx/Desktop/0921/js-interpreter-bench/experiments/octane_three_engine/MAIN_MONOTONIC_V1/attempt01/generated/Crypto.Encrypt.N1.measure.js""]",[],140d5233b0337d91cb0f994ae4a051e49aa04da8802acfaedf0a01b81a620b79,/mnt/c/Users/mzyx/Desktop/0921/js-interpreter-bench/experiments/octane_three_engine/MAIN_MONOTONIC_V1/attempt01/generated/Crypto.Encrypt.N1.measure.js,f349769386fa6566f062ff8e1ad6e6409120f31b2f3f42d804446a24f7e320e7,cd393c275173f20526562a008951f65a332deffed85e7c804519788b8ebffab7,0,False,5.581795999780297,5.581795999780297,3729076.749297,3729082.331093,,0,"{""pass"":true,""inner_minus_outer_ms"":-122.8026720002197,""tolerance_ms"":5.0}",300,False,0,"TEB_RESULT:{""benchmark"":""Octane"",""case"":""Crypto.Encrypt"",""suite"":""Crypto"",""subbenchmark"":""Encrypt"",""mode"":""MAIN_MONOTONIC_V1"",""phase"":""measure"",""N"":1,""correctness"":""PASS"",""extra_validation_calls"":0,""checksum"":null,""timer"":""benchNow"",""start_ms"":3729076.749297,""stop_ms"":3729082.331093,""elapsed_ms"":5.581795999780297,""elapsed_per_call_ms"":5.581795999780297,""warmup_calls"":0}
",,3729188101811,3729059717343,128384468,94e240b1-774a-4fdc-8be3-8b5e85457d9d,True,PASS,
wsl2-ubuntu2404-x64-20261004,MAIN_MONOTONIC_V1,Octane,calibration,Crypto.Encrypt,Crypto,Encrypt,v8,1,0,2,[],0,0,1,2026-10-05T05:41:15.588182+00:00,"[""/home/mzyx/three_engine_20261004/v8-linux64-rel-15.6.21/d8"",""--snapshot_blob=/home/mzyx/three_engine_20261004/v8-linux64-rel-15.6.21/snapshot_blob.bin"",""--max-opt=0"",""--no-lazy"",""/mnt/c/Users/mzyx/Desktop/0921/js-interpreter-bench/experiments/three_engine_baseline/adapters/v8.js"",""/mnt/c/Users/mzyx/Desktop/0921/js-interpreter-bench/experiments/timer_recovery/adapters/v8.js"",""/mnt/c/Users/mzyx/Desktop/0921/js-interpreter-bench/experiments/octane_three_engine/MAIN_MONOTONIC_V1/attempt01/generated/Crypto.Encrypt.N1.measure.js""]","[""--max-opt=0"",""--no-lazy""]",83b744a5953d2662ea723564d4035a333782a0cc85232d1025929a925150b133,/mnt/c/Users/mzyx/Desktop/0921/js-interpreter-bench/experiments/octane_three_engine/MAIN_MONOTONIC_V1/attempt01/generated/Crypto.Encrypt.N1.measure.js,f349769386fa6566f062ff8e1ad6e6409120f31b2f3f42d804446a24f7e320e7,e610d3aa3d2672a5e6d5eccd9aaf05c6ae6758d1b9c4468289f017a231ab7d9f,0,False,4.920999999999999,4.920999999999999,36.875,41.796,,0,"{""pass"":true,""inner_minus_outer_ms"":-134.608496,""tolerance_ms"":5.0}",300,False,0,"TEB_RESULT:{""benchmark"":""Octane"",""case"":""Crypto.Encrypt"",""suite"":""Crypto"",""subbenchmark"":""Encrypt"",""mode"":""MAIN_MONOTONIC_V1"",""phase"":""measure"",""N"":1,""correctness"":""PASS"",""extra_validation_calls"":0,""checksum"":null,""timer"":""benchNow"",""start_ms"":36.875,""stop_ms"":41.796,""elapsed_ms"":4.920999999999999,""elapsed_per_call_ms"":4.920999999999999,""warmup_calls"":0}
",,3729401408720,3729261879224,139529496,94e240b1-774a-4fdc-8be3-8b5e85457d9d,True,PASS,
wsl2-ubuntu2404-x64-20261004,MAIN_MONOTONIC_V1,Octane,calibration,Crypto.Encrypt,Crypto,Encrypt,jsc,128,0,3,[],0,0,1,2026-10-05T05:41:23.210094+00:00,"[""/home/mzyx/jsc_build_fd3406f/JSCOnly/Release/bin/jsc"",""--useJIT=false"",""--useLLInt=true"",""--validateOptions=true"",""/mnt/c/Users/mzyx/Desktop/0921/js-interpreter-bench/experiments/three_engine_baseline/adapters/jsc.js"",""/mnt/c/Users/mzyx/Desktop/0921/js-interpreter-bench/experiments/timer_recovery/adapters/jsc.js"",""/mnt/c/Users/mzyx/Desktop/0921/js-interpreter-bench/experiments/octane_three_engine/MAIN_MONOTONIC_V1/attempt01/generated/Crypto.Encrypt.N128.measure.js""]","[""--useJIT=false"",""--useLLInt=true"",""--validateOptions=true""]",65c824a055405bf62b05e21d54515a72a1f0187a4d91225d00a6da969d35879f,/mnt/c/Users/mzyx/Desktop/0921/js-interpreter-bench/experiments/octane_three_engine/MAIN_MONOTONIC_V1/attempt01/generated/Crypto.Encrypt.N128.measure.js,6f072231b23c6247814eb904900686c8875b14e22aa0be2ecbb5f064140fe200,0c485996a598b7e36f2f292b66397adc0390cbe6b69b55199e47e1c6c1e37010,0,False,451.6,3.528125,0,451.6,,0,"{""pass"":true,""inner_minus_outer_ms"":-98.82535199999995,""tolerance_ms"":5.0}",300,False,0,"TEB_RESULT:{""benchmark"":""Octane"",""case"":""Crypto.Encrypt"",""suite"":""Crypto"",""subbenchmark"":""Encrypt"",""mode"":""MAIN_MONOTONIC_V1"",""phase"":""measure"",""N"":128,""correctness"":""PASS"",""extra_validation_calls"":0,""checksum"":null,""timer"":""benchNow"",""start_ms"":0,""stop_ms"":451.6,""elapsed_ms"":451.6,""elapsed_per_call_ms"":3.528125,""warmup_calls"":0}
",,3737433903251,3736883477899,550425352,94e240b1-774a-4fdc-8be3-8b5e85457d9d,True,PASS,
wsl2-ubuntu2404-x64-20261004,MAIN_MONOTONIC_V1,Octane,calibration,Crypto.Encrypt,Crypto,Encrypt,quickjs,128,0,1,[],0,0,1,2026-10-05T05:41:21.457938+00:00,"[""/home/mzyx/three_engine_20261004/quickjs-04be246001599f5995fa2f2d8c91a0f198d3f34c/qjs"",""-I"",""/mnt/c/Users/mzyx/Desktop/0921/js-interpreter-bench/experiments/three_engine_baseline/adapters/quickjs.js"",""-I"",""/mnt/c/Users/mzyx/Desktop/0921/js-interpreter-bench/experiments/timer_recovery/adapters/quickjs.js"",""/mnt/c/Users/mzyx/Desktop/0921/js-interpreter-bench/experiments/octane_three_engine/MAIN_MONOTONIC_V1/attempt01/generated/Crypto.Encrypt.N128.measure.js""]",[],140d5233b0337d91cb0f994ae4a051e49aa04da8802acfaedf0a01b81a620b79,/mnt/c/Users/mzyx/Desktop/0921/js-interpreter-bench/experiments/octane_three_engine/MAIN_MONOTONIC_V1/attempt01/generated/Crypto.Encrypt.N128.measure.js,6f072231b23c6247814eb904900686c8875b14e22aa0be2ecbb5f064140fe200,cd393c275173f20526562a008951f65a332deffed85e7c804519788b8ebffab7,0,False,711.156947999727,5.555913656247867,3735159.493964,3735870.650912,,0,"{""pass"":true,""inner_minus_outer_ms"":-121.71108700027298,""tolerance_ms"":5.0}",300,False,0,"TEB_RESULT:{""benchmark"":""Octane"",""case"":""Crypto.Encrypt"",""suite"":""Crypto"",""subbenchmark"":""Encrypt"",""mode"":""MAIN_MONOTONIC_V1"",""phase"":""measure"",""N"":128,""correctness"":""PASS"",""extra_validation_calls"":0,""checksum"":null,""timer"":""benchNow"",""start_ms"":3735159.493964,""stop_ms"":3735870.650912,""elapsed_ms"":711.156947999727,""elapsed_per_call_ms"":5.555913656247867,""warmup_calls"":0}
",,3735976564605,3735143696570,832868035,94e240b1-774a-4fdc-8be3-8b5e85457d9d,True,PASS,
wsl2-ubuntu2404-x64-20261004,MAIN_MONOTONIC_V1,Octane,calibration,Crypto.Encrypt,Crypto,Encrypt,v8,128,0,2,[],0,0,1,2026-10-05T05:41:22.382231+00:00,"[""/home/mzyx/three_engine_20261004/v8-linux64-rel-15.6.21/d8"",""--snapshot_blob=/home/mzyx/three_engine_20261004/v8-linux64-rel-15.6.21/snapshot_blob.bin"",""--max-opt=0"",""--no-lazy"",""/mnt/c/Users/mzyx/Desktop/0921/js-interpreter-bench/experiments/three_engine_baseline/adapters/v8.js"",""/mnt/c/Users/mzyx/Desktop/0921/js-interpreter-bench/experiments/timer_recovery/adapters/v8.js"",""/mnt/c/Users/mzyx/Desktop/0921/js-interpreter-bench/experiments/octane_three_engine/MAIN_MONOTONIC_V1/attempt01/generated/Crypto.Encrypt.N128.measure.js""]","[""--max-opt=0"",""--no-lazy""]",83b744a5953d2662ea723564d4035a333782a0cc85232d1025929a925150b133,/mnt/c/Users/mzyx/Desktop/0921/js-interpreter-bench/experiments/octane_three_engine/MAIN_MONOTONIC_V1/attempt01/generated/Crypto.Encrypt.N128.measure.js,6f072231b23c6247814eb904900686c8875b14e22aa0be2ecbb5f064140fe200,e610d3aa3d2672a5e6d5eccd9aaf05c6ae6758d1b9c4468289f017a231ab7d9f,0,False,610.9970000000001,4.7734140625000006,40.742,651.739,,0,"{""pass"":true,""inner_minus_outer_ms"":-138.89567099999988,""tolerance_ms"":5.0}",300,False,0,"TEB_RESULT:{""benchmark"":""Octane"",""case"":""Crypto.Encrypt"",""suite"":""Crypto"",""subbenchmark"":""Encrypt"",""mode"":""MAIN_MONOTONIC_V1"",""phase"":""measure"",""N"":128,""correctness"":""PASS"",""extra_validation_calls"":0,""checksum"":null,""timer"":""benchNow"",""start_ms"":40.742,""stop_ms"":651.739,""elapsed_ms"":610.9970000000001,""elapsed_per_call_ms"":4.7734140625000006,""warmup_calls"":0}
",,3736808934728,3736059042057,749892671,94e240b1-774a-4fdc-8be3-8b5e85457d9d,True,PASS,
wsl2-ubuntu2404-x64-20261004,MAIN_MONOTONIC_V1,Octane,calibration,Crypto.Encrypt,Crypto,Encrypt,jsc,16,0,3,[],0,0,1,2026-10-05T05:41:18.612313+00:00,"[""/home/mzyx/jsc_build_fd3406f/JSCOnly/Release/bin/jsc"",""--useJIT=false"",""--useLLInt=true"",""--validateOptions=true"",""/mnt/c/Users/mzyx/Desktop/0921/js-interpreter-bench/experiments/three_engine_baseline/adapters/jsc.js"",""/mnt/c/Users/mzyx/Desktop/0921/js-interpreter-bench/experiments/timer_recovery/adapters/jsc.js"",""/mnt/c/Users/mzyx/Desktop/0921/js-interpreter-bench/experiments/octane_three_engine/MAIN_MONOTONIC_V1/attempt01/generated/Crypto.Encrypt.N16.measure.js""]","[""--useJIT=false"",""--useLLInt=true"",""--validateOptions=true""]",65c824a055405bf62b05e21d54515a72a1f0187a4d91225d00a6da969d35879f,/mnt/c/Users/mzyx/Desktop/0921/js-interpreter-bench/experiments/octane_three_engine/MAIN_MONOTONIC_V1/attempt01/generated/Crypto.Encrypt.N16.measure.js,28540fcb0930d1158f312d4641d711ef923b5675813094365ff9f551850c2459,0c485996a598b7e36f2f292b66397adc0390cbe6b69b55199e47e1c6c1e37010,0,False,57.94,3.62125,0,57.94,,0,"{""pass"":true,""inner_minus_outer_ms"":-108.25667100000001,""tolerance_ms"":5.0}",300,False,0,"TEB_RESULT:{""benchmark"":""Octane"",""case"":""Crypto.Encrypt"",""suite"":""Crypto"",""subbenchmark"":""Encrypt"",""mode"":""MAIN_MONOTONIC_V1"",""phase"":""measure"",""N"":16,""correctness"":""PASS"",""extra_validation_calls"":0,""checksum"":null,""timer"":""benchNow"",""start_ms"":0,""stop_ms"":57.94,""elapsed_ms"":57.94,""elapsed_per_call_ms"":3.62125,""warmup_calls"":0}
",,3732453147099,3732286950428,166196671,94e240b1-774a-4fdc-8be3-8b5e85457d9d,True,PASS,
wsl2-ubuntu2404-x64-20261004,MAIN_MONOTONIC_V1,Octane,calibration,Crypto.Encrypt,Crypto,Encrypt,quickjs,16,0,1,[],0,0,1,2026-10-05T05:41:18.019411+00:00,"[""/home/mzyx/three_engine_20261004/quickjs-04be246001599f5995fa2f2d8c91a0f198d3f34c/qjs"",""-I"",""/mnt/c/Users/mzyx/Desktop/0921/js-interpreter-bench/experiments/three_engine_baseline/adapters/quickjs.js"",""-I"",""/mnt/c/Users/mzyx/Desktop/0921/js-interpreter-bench/experiments/timer_recovery/adapters/quickjs.js"",""/mnt/c/Users/mzyx/Desktop/0921/js-interpreter-bench/experiments/octane_three_engine/MAIN_MONOTONIC_V1/attempt01/generated/Crypto.Encrypt.N16.measure.js""]",[],140d5233b0337d91cb0f994ae4a051e49aa04da8802acfaedf0a01b81a620b79,/mnt/c/Users/mzyx/Desktop/0921/js-interpreter-bench/experiments/octane_three_engine/MAIN_MONOTONIC_V1/attempt01/generated/Crypto.Encrypt.N16.measure.js,28540fcb0930d1158f312d4641d711ef923b5675813094365ff9f551850c2459,cd393c275173f20526562a008951f65a332deffed85e7c804519788b8ebffab7,0,False,90.7862539999187,5.674140874994919,3731721.22218,3731812.008434,,0,"{""pass"":true,""inner_minus_outer_ms"":-121.8423160000813,""tolerance_ms"":5.0}",300,False,0,"TEB_RESULT:{""benchmark"":""Octane"",""case"":""Crypto.Encrypt"",""suite"":""Crypto"",""subbenchmark"":""Encrypt"",""mode"":""MAIN_MONOTONIC_V1"",""phase"":""measure"",""N"":16,""correctness"":""PASS"",""extra_validation_calls"":0,""checksum"":null,""timer"":""benchNow"",""start_ms"":3731721.22218,""stop_ms"":3731812.008434,""elapsed_ms"":90.7862539999187,""elapsed_per_call_ms"":5.674140874994919,""warmup_calls"":0}
",,3731917610720,3731704982150,212628570,94e240b1-774a-4fdc-8be3-8b5e85457d9d,True,PASS,
wsl2-ubuntu2404-x64-20261004,MAIN_MONOTONIC_V1,Octane,calibration,Crypto.Encrypt,Crypto,Encrypt,v8,16,0,2,[],0,0,1,2026-10-05T05:41:18.320704+00:00,"[""/home/mzyx/three_engine_20261004/v8-linux64-rel-15.6.21/d8"",""--snapshot_blob=/home/mzyx/three_engine_20261004/v8-linux64-rel-15.6.21/snapshot_blob.bin"",""--max-opt=0"",""--no-lazy"",""/mnt/c/Users/mzyx/Desktop/0921/js-interpreter-bench/experiments/three_engine_baseline/adapters/v8.js"",""/mnt/c/Users/mzyx/Desktop/0921/js-interpreter-bench/experiments/timer_recovery/adapters/v8.js"",""/mnt/c/Users/mzyx/Desktop/0921/js-interpreter-bench/experiments/octane_three_engine/MAIN_MONOTONIC_V1/attempt01/generated/Crypto.Encrypt.N16.measure.js""]","[""--max-opt=0"",""--no-lazy""]",83b744a5953d2662ea723564d4035a333782a0cc85232d1025929a925150b133,/mnt/c/Users/mzyx/Desktop/0921/js-interpreter-bench/experiments/octane_three_engine/MAIN_MONOTONIC_V1/attempt01/generated/Crypto.Encrypt.N16.measure.js,28540fcb0930d1158f312d4641d711ef923b5675813094365ff9f551850c2459,e610d3aa3d2672a5e6d5eccd9aaf05c6ae6758d1b9c4468289f017a231ab7d9f,0,False,77.81,4.863125,37.151,114.961,,0,"{""pass"":true,""inner_minus_outer_ms"":-133.81011,""tolerance_ms"":5.0}",300,False,0,"TEB_RESULT:{""benchmark"":""Octane"",""case"":""Crypto.Encrypt"",""suite"":""Crypto"",""subbenchmark"":""Encrypt"",""mode"":""MAIN_MONOTONIC_V1"",""phase"":""measure"",""N"":16,""correctness"":""PASS"",""extra_validation_calls"":0,""checksum"":null,""timer"":""benchNow"",""start_ms"":37.151,""stop_ms"":114.961,""elapsed_ms"":77.81,""elapsed_per_call_ms"":4.863125,""warmup_calls"":0}
",,3732206844143,3731995224033,211620110,94e240b1-774a-4fdc-8be3-8b5e85457d9d,True,PASS,
wsl2-ubuntu2404-x64-20261004,MAIN_MONOTONIC_V1,Octane,calibration,Crypto.Encrypt,Crypto,Encrypt,jsc,2,0,3,[],0,0,1,2026-10-05T05:41:16.419472+00:00,"[""/home/mzyx/jsc_build_fd3406f/JSCOnly/Release/bin/jsc"",""--useJIT=false"",""--useLLInt=true"",""--validateOptions=true"",""/mnt/c/Users/mzyx/Desktop/0921/js-interpreter-bench/experiments/three_engine_baseline/adapters/jsc.js"",""/mnt/c/Users/mzyx/Desktop/0921/js-interpreter-bench/experiments/timer_recovery/adapters/jsc.js"",""/mnt/c/Users/mzyx/Desktop/0921/js-interpreter-bench/experiments/octane_three_engine/MAIN_MONOTONIC_V1/attempt01/generated/Crypto.Encrypt.N2.measure.js""]","[""--useJIT=false"",""--useLLInt=true"",""--validateOptions=true""]",65c824a055405bf62b05e21d54515a72a1f0187a4d91225d00a6da969d35879f,/mnt/c/Users/mzyx/Desktop/0921/js-interpreter-bench/experiments/octane_three_engine/MAIN_MONOTONIC_V1/attempt01/generated/Crypto.Encrypt.N2.measure.js,d95c082465238299c8b3f830e8d7a08cb59b301788975ff44c3a7925deb81327,0c485996a598b7e36f2f292b66397adc0390cbe6b69b55199e47e1c6c1e37010,0,False,8.62,4.31,0,8.62,,0,"{""pass"":true,""inner_minus_outer_ms"":-97.04122199999999,""tolerance_ms"":5.0}",300,False,0,"TEB_RESULT:{""benchmark"":""Octane"",""case"":""Crypto.Encrypt"",""suite"":""Crypto"",""subbenchmark"":""Encrypt"",""mode"":""MAIN_MONOTONIC_V1"",""phase"":""measure"",""N"":2,""correctness"":""PASS"",""extra_validation_calls"":0,""checksum"":null,""timer"":""benchNow"",""start_ms"":0,""stop_ms"":8.62,""elapsed_ms"":8.62,""elapsed_per_call_ms"":4.31,""warmup_calls"":0}
",,3730199800041,3730094138819,105661222,94e240b1-774a-4fdc-8be3-8b5e85457d9d,True,PASS,
wsl2-ubuntu2404-x64-20261004,MAIN_MONOTONIC_V1,Octane,calibration,Crypto.Encrypt,Crypto,Encrypt,quickjs,2,0,1,[],0,0,1,2026-10-05T05:41:15.977995+00:00,"[""/home/mzyx/three_engine_20261004/quickjs-04be246001599f5995fa2f2d8c91a0f198d3f34c/qjs"",""-I"",""/mnt/c/Users/mzyx/Desktop/0921/js-interpreter-bench/experiments/three_engine_baseline/adapters/quickjs.js"",""-I"",""/mnt/c/Users/mzyx/Desktop/0921/js-interpreter-bench/experiments/timer_recovery/adapters/quickjs.js"",""/mnt/c/Users/mzyx/Desktop/0921/js-interpreter-bench/experiments/octane_three_engine/MAIN_MONOTONIC_V1/attempt01/generated/Crypto.Encrypt.N2.measure.js""]",[],140d5233b0337d91cb0f994ae4a051e49aa04da8802acfaedf0a01b81a620b79,/mnt/c/Users/mzyx/Desktop/0921/js-interpreter-bench/experiments/octane_three_engine/MAIN_MONOTONIC_V1/attempt01/generated/Crypto.Encrypt.N2.measure.js,d95c082465238299c8b3f830e8d7a08cb59b301788975ff44c3a7925deb81327,cd393c275173f20526562a008951f65a332deffed85e7c804519788b8ebffab7,0,False,11.279274000320584,5.639637000160292,3729683.029036,3729694.30831,,0,"{""pass"":true,""inner_minus_outer_ms"":-120.39872399967942,""tolerance_ms"":5.0}",300,False,0,"TEB_RESULT:{""benchmark"":""Octane"",""case"":""Crypto.Encrypt"",""suite"":""Crypto"",""subbenchmark"":""Encrypt"",""mode"":""MAIN_MONOTONIC_V1"",""phase"":""measure"",""N"":2,""correctness"":""PASS"",""extra_validation_calls"":0,""checksum"":null,""timer"":""benchNow"",""start_ms"":3729683.029036,""stop_ms"":3729694.30831,""elapsed_ms"":11.279274000320584,""elapsed_per_call_ms"":5.639637000160292,""warmup_calls"":0}
",,3729798147051,3729666469053,131677998,94e240b1-774a-4fdc-8be3-8b5e85457d9d,True,PASS,
wsl2-ubuntu2404-x64-20261004,MAIN_MONOTONIC_V1,Octane,calibration,Crypto.Encrypt,Crypto,Encrypt,v8,2,0,2,[],0,0,1,2026-10-05T05:41:16.199400+00:00,"[""/home/mzyx/three_engine_20261004/v8-linux64-rel-15.6.21/d8"",""--snapshot_blob=/home/mzyx/three_engine_20261004/v8-linux64-rel-15.6.21/snapshot_blob.bin"",""--max-opt=0"",""--no-lazy"",""/mnt/c/Users/mzyx/Desktop/0921/js-interpreter-bench/experiments/three_engine_baseline/adapters/v8.js"",""/mnt/c/Users/mzyx/Desktop/0921/js-interpreter-bench/experiments/timer_recovery/adapters/v8.js"",""/mnt/c/Users/mzyx/Desktop/0921/js-interpreter-bench/experiments/octane_three_engine/MAIN_MONOTONIC_V1/attempt01/generated/Crypto.Encrypt.N2.measure.js""]","[""--max-opt=0"",""--no-lazy""]",83b744a5953d2662ea723564d4035a333782a0cc85232d1025929a925150b133,/mnt/c/Users/mzyx/Desktop/0921/js-interpreter-bench/experiments/octane_three_engine/MAIN_MONOTONIC_V1/attempt01/generated/Crypto.Encrypt.N2.measure.js,d95c082465238299c8b3f830e8d7a08cb59b301788975ff44c3a7925deb81327,e610d3aa3d2672a5e6d5eccd9aaf05c6ae6758d1b9c4468289f017a231ab7d9f,0,False,10.052999999999997,5.026499999999999,36.588,46.641,,0,"{""pass"":true,""inner_minus_outer_ms"":-133.478589,""tolerance_ms"":5.0}",300,False,0,"TEB_RESULT:{""benchmark"":""Octane"",""case"":""Crypto.Encrypt"",""suite"":""Crypto"",""subbenchmark"":""Encrypt"",""mode"":""MAIN_MONOTONIC_V1"",""phase"":""measure"",""N"":2,""correctness"":""PASS"",""extra_validation_calls"":0,""checksum"":null,""timer"":""benchNow"",""start_ms"":36.588,""stop_ms"":46.641,""elapsed_ms"":10.052999999999997,""elapsed_per_call_ms"":5.026499999999999,""warmup_calls"":0}
",,3730016801919,3729873270330,143531589,94e240b1-774a-4fdc-8be3-8b5e85457d9d,True,PASS,
wsl2-ubuntu2404-x64-20261004,MAIN_MONOTONIC_V1,Octane,calibration,Crypto.Encrypt,Crypto,Encrypt,jsc,256,0,3,[],0,0,1,2026-10-05T05:41:26.948583+00:00,"[""/home/mzyx/jsc_build_fd3406f/JSCOnly/Release/bin/jsc"",""--useJIT=false"",""--useLLInt=true"",""--validateOptions=true"",""/mnt/c/Users/mzyx/Desktop/0921/js-interpreter-bench/experiments/three_engine_baseline/adapters/jsc.js"",""/mnt/c/Users/mzyx/Desktop/0921/js-interpreter-bench/experiments/timer_recovery/adapters/jsc.js"",""/mnt/c/Users/mzyx/Desktop/0921/js-interpreter-bench/experiments/octane_three_engine/MAIN_MONOTONIC_V1/attempt01/generated/Crypto.Encrypt.N256.measure.js""]","[""--useJIT=false"",""--useLLInt=true"",""--validateOptions=true""]",65c824a055405bf62b05e21d54515a72a1f0187a4d91225d00a6da969d35879f,/mnt/c/Users/mzyx/Desktop/0921/js-interpreter-bench/experiments/octane_three_engine/MAIN_MONOTONIC_V1/attempt01/generated/Crypto.Encrypt.N256.measure.js,0d90a08ba67395c2db6d0606893c446b134a0cb773d192e21e83be650fb9d553,0c485996a598b7e36f2f292b66397adc0390cbe6b69b55199e47e1c6c1e37010,0,False,901.3,3.520703125,0,901.3,,0,"{""pass"":true,""inner_minus_outer_ms"":-97.700604,""tolerance_ms"":5.0}",300,False,0,"TEB_RESULT:{""benchmark"":""Octane"",""case"":""Crypto.Encrypt"",""suite"":""Crypto"",""subbenchmark"":""Encrypt"",""mode"":""MAIN_MONOTONIC_V1"",""phase"":""measure"",""N"":256,""correctness"":""PASS"",""extra_validation_calls"":0,""checksum"":null,""timer"":""benchNow"",""start_ms"":0,""stop_ms"":901.3,""elapsed_ms"":901.3,""elapsed_per_call_ms"":3.520703125,""warmup_calls"":0}
",,3741620835359,3740621834755,999000604,94e240b1-774a-4fdc-8be3-8b5e85457d9d,True,PASS,
wsl2-ubuntu2404-x64-20261004,MAIN_MONOTONIC_V1,Octane,calibration,Crypto.Encrypt,Crypto,Encrypt,quickjs,256,0,1,[],0,0,1,2026-10-05T05:41:23.842057+00:00,"[""/home/mzyx/three_engine_20261004/quickjs-04be246001599f5995fa2f2d8c91a0f198d3f34c/qjs"",""-I"",""/mnt/c/Users/mzyx/Desktop/0921/js-interpreter-bench/experiments/three_engine_baseline/adapters/quickjs.js"",""-I"",""/mnt/c/Users/mzyx/Desktop/0921/js-interpreter-bench/experiments/timer_recovery/adapters/quickjs.js"",""/mnt/c/Users/mzyx/Desktop/0921/js-interpreter-bench/experiments/octane_three_engine/MAIN_MONOTONIC_V1/attempt01/generated/Crypto.Encrypt.N256.measure.js""]",[],140d5233b0337d91cb0f994ae4a051e49aa04da8802acfaedf0a01b81a620b79,/mnt/c/Users/mzyx/Desktop/0921/js-interpreter-bench/experiments/octane_three_engine/MAIN_MONOTONIC_V1/attempt01/generated/Crypto.Encrypt.N256.measure.js,0d90a08ba67395c2db6d0606893c446b134a0cb773d192e21e83be650fb9d553,cd393c275173f20526562a008951f65a332deffed85e7c804519788b8ebffab7,0,False,1435.9082440002821,5.609016578126102,3737553.690687,3738989.598931,,0,"{""pass"":true,""inner_minus_outer_ms"":-128.6393349997179,""tolerance_ms"":5.0}",300,False,0,"TEB_RESULT:{""benchmark"":""Octane"",""case"":""Crypto.Encrypt"",""suite"":""Crypto"",""subbenchmark"":""Encrypt"",""mode"":""MAIN_MONOTONIC_V1"",""phase"":""measure"",""N"":256,""correctness"":""PASS"",""extra_validation_calls"":0,""checksum"":null,""timer"":""benchNow"",""start_ms"":3737553.690687,""stop_ms"":3738989.598931,""elapsed_ms"":1435.9082440002821,""elapsed_per_call_ms"":5.609016578126102,""warmup_calls"":0}
",,3739096395157,3737531847578,1564547579,94e240b1-774a-4fdc-8be3-8b5e85457d9d,True,PASS,
wsl2-ubuntu2404-x64-20261004,MAIN_MONOTONIC_V1,Octane,calibration,Crypto.Encrypt,Crypto,Encrypt,v8,256,0,2,[],0,0,1,2026-10-05T05:41:25.501914+00:00,"[""/home/mzyx/three_engine_20261004/v8-linux64-rel-15.6.21/d8"",""--snapshot_blob=/home/mzyx/three_engine_20261004/v8-linux64-rel-15.6.21/snapshot_blob.bin"",""--max-opt=0"",""--no-lazy"",""/mnt/c/Users/mzyx/Desktop/0921/js-interpreter-bench/experiments/three_engine_baseline/adapters/v8.js"",""/mnt/c/Users/mzyx/Desktop/0921/js-interpreter-bench/experiments/timer_recovery/adapters/v8.js"",""/mnt/c/Users/mzyx/Desktop/0921/js-interpreter-bench/experiments/octane_three_engine/MAIN_MONOTONIC_V1/attempt01/generated/Crypto.Encrypt.N256.measure.js""]","[""--max-opt=0"",""--no-lazy""]",83b744a5953d2662ea723564d4035a333782a0cc85232d1025929a925150b133,/mnt/c/Users/mzyx/Desktop/0921/js-interpreter-bench/experiments/octane_three_engine/MAIN_MONOTONIC_V1/attempt01/generated/Crypto.Encrypt.N256.measure.js,0d90a08ba67395c2db6d0606893c446b134a0cb773d192e21e83be650fb9d553,e610d3aa3d2672a5e6d5eccd9aaf05c6ae6758d1b9c4468289f017a231ab7d9f,0,False,1230.531,4.80676171875,43.284,1273.815,,0,"{""pass"":true,""inner_minus_outer_ms"":-139.82185800000002,""tolerance_ms"":5.0}",300,False,0,"TEB_RESULT:{""benchmark"":""Octane"",""case"":""Crypto.Encrypt"",""suite"":""Crypto"",""subbenchmark"":""Encrypt"",""mode"":""MAIN_MONOTONIC_V1"",""phase"":""measure"",""N"":256,""correctness"":""PASS"",""extra_validation_calls"":0,""checksum"":null,""timer"":""benchNow"",""start_ms"":43.284,""stop_ms"":1273.815,""elapsed_ms"":1230.531,""elapsed_per_call_ms"":4.80676171875,""warmup_calls"":0}
",,3740546901313,3739176548455,1370352858,94e240b1-774a-4fdc-8be3-8b5e85457d9d,True,PASS,
wsl2-ubuntu2404-x64-20261004,MAIN_MONOTONIC_V1,Octane,calibration,Crypto.Encrypt,Crypto,Encrypt,jsc,32,0,3,[],0,0,1,2026-10-05T05:41:19.658001+00:00,"[""/home/mzyx/jsc_build_fd3406f/JSCOnly/Release/bin/jsc"",""--useJIT=false"",""--useLLInt=true"",""--validateOptions=true"",""/mnt/c/Users/mzyx/Desktop/0921/js-interpreter-bench/experiments/three_engine_baseline/adapters/jsc.js"",""/mnt/c/Users/mzyx/Desktop/0921/js-interpreter-bench/experiments/timer_recovery/adapters/jsc.js"",""/mnt/c/Users/mzyx/Desktop/0921/js-interpreter-bench/experiments/octane_three_engine/MAIN_MONOTONIC_V1/attempt01/generated/Crypto.Encrypt.N32.measure.js""]","[""--useJIT=false"",""--useLLInt=true"",""--validateOptions=true""]",65c824a055405bf62b05e21d54515a72a1f0187a4d91225d00a6da969d35879f,/mnt/c/Users/mzyx/Desktop/0921/js-interpreter-bench/experiments/octane_three_engine/MAIN_MONOTONIC_V1/attempt01/generated/Crypto.Encrypt.N32.measure.js,4db93da90af8099751d6ba1a316659e4fca054afaea97c44c410536fdfc28c2d,0c485996a598b7e36f2f292b66397adc0390cbe6b69b55199e47e1c6c1e37010,0,False,116.16,3.63,0,116.16,,0,"{""pass"":true,""inner_minus_outer_ms"":-99.371027,""tolerance_ms"":5.0}",300,False,0,"TEB_RESULT:{""benchmark"":""Octane"",""case"":""Crypto.Encrypt"",""suite"":""Crypto"",""subbenchmark"":""Encrypt"",""mode"":""MAIN_MONOTONIC_V1"",""phase"":""measure"",""N"":32,""correctness"":""PASS"",""extra_validation_calls"":0,""checksum"":null,""timer"":""benchNow"",""start_ms"":0,""stop_ms"":116.16,""elapsed_ms"":116.16,""elapsed_per_call_ms"":3.63,""warmup_calls"":0}
",,3733548598936,3733333067909,215531027,94e240b1-774a-4fdc-8be3-8b5e85457d9d,True,PASS,
wsl2-ubuntu2404-x64-20261004,MAIN_MONOTONIC_V1,Octane,calibration,Crypto.Encrypt,Crypto,Encrypt,quickjs,32,0,1,[],0,0,1,2026-10-05T05:41:18.859540+00:00,"[""/home/mzyx/three_engine_20261004/quickjs-04be246001599f5995fa2f2d8c91a0f198d3f34c/qjs"",""-I"",""/mnt/c/Users/mzyx/Desktop/0921/js-interpreter-bench/experiments/three_engine_baseline/adapters/quickjs.js"",""-I"",""/mnt/c/Users/mzyx/Desktop/0921/js-interpreter-bench/experiments/timer_recovery/adapters/quickjs.js"",""/mnt/c/Users/mzyx/Desktop/0921/js-interpreter-bench/experiments/octane_three_engine/MAIN_MONOTONIC_V1/attempt01/generated/Crypto.Encrypt.N32.measure.js""]",[],140d5233b0337d91cb0f994ae4a051e49aa04da8802acfaedf0a01b81a620b79,/mnt/c/Users/mzyx/Desktop/0921/js-interpreter-bench/experiments/octane_three_engine/MAIN_MONOTONIC_V1/attempt01/generated/Crypto.Encrypt.N32.measure.js,4db93da90af8099751d6ba1a316659e4fca054afaea97c44c410536fdfc28c2d,cd393c275173f20526562a008951f65a332deffed85e7c804519788b8ebffab7,0,False,183.52189500024542,5.735059218757669,3732562.778368,3732746.300263,,0,"{""pass"":true,""inner_minus_outer_ms"":-123.3764889997546,""tolerance_ms"":5.0}",300,False,0,"TEB_RESULT:{""benchmark"":""Octane"",""case"":""Crypto.Encrypt"",""suite"":""Crypto"",""subbenchmark"":""Encrypt"",""mode"":""MAIN_MONOTONIC_V1"",""phase"":""measure"",""N"":32,""correctness"":""PASS"",""extra_validation_calls"":0,""checksum"":null,""timer"":""benchNow"",""start_ms"":3732562.778368,""stop_ms"":3732746.300263,""elapsed_ms"":183.52189500024542,""elapsed_per_call_ms"":5.735059218757669,""warmup_calls"":0}
",,3732853864914,3732546966530,306898384,94e240b1-774a-4fdc-8be3-8b5e85457d9d,True,PASS,
wsl2-ubuntu2404-x64-20261004,MAIN_MONOTONIC_V1,Octane,calibration,Crypto.Encrypt,Crypto,Encrypt,v8,32,0,2,[],0,0,1,2026-10-05T05:41:19.264121+00:00,"[""/home/mzyx/three_engine_20261004/v8-linux64-rel-15.6.21/d8"",""--snapshot_blob=/home/mzyx/three_engine_20261004/v8-linux64-rel-15.6.21/snapshot_blob.bin"",""--max-opt=0"",""--no-lazy"",""/mnt/c/Users/mzyx/Desktop/0921/js-interpreter-bench/experiments/three_engine_baseline/adapters/v8.js"",""/mnt/c/Users/mzyx/Desktop/0921/js-interpreter-bench/experiments/timer_recovery/adapters/v8.js"",""/mnt/c/Users/mzyx/Desktop/0921/js-interpreter-bench/experiments/octane_three_engine/MAIN_MONOTONIC_V1/attempt01/generated/Crypto.Encrypt.N32.measure.js""]","[""--max-opt=0"",""--no-lazy""]",83b744a5953d2662ea723564d4035a333782a0cc85232d1025929a925150b133,/mnt/c/Users/mzyx/Desktop/0921/js-interpreter-bench/experiments/octane_three_engine/MAIN_MONOTONIC_V1/attempt01/generated/Crypto.Encrypt.N32.measure.js,4db93da90af8099751d6ba1a316659e4fca054afaea97c44c410536fdfc28c2d,e610d3aa3d2672a5e6d5eccd9aaf05c6ae6758d1b9c4468289f017a231ab7d9f,0,False,155.643,4.86384375,40.359,196.002,,0,"{""pass"":true,""inner_minus_outer_ms"":-157.13067900000001,""tolerance_ms"":5.0}",300,False,0,"TEB_RESULT:{""benchmark"":""Octane"",""case"":""Crypto.Encrypt"",""suite"":""Crypto"",""subbenchmark"":""Encrypt"",""mode"":""MAIN_MONOTONIC_V1"",""phase"":""measure"",""N"":32,""correctness"":""PASS"",""extra_validation_calls"":0,""checksum"":null,""timer"":""benchNow"",""start_ms"":40.359,""stop_ms"":196.002,""elapsed_ms"":155.643,""elapsed_per_call_ms"":4.86384375,""warmup_calls"":0}
",,3733252215991,3732939442312,312773679,94e240b1-774a-4fdc-8be3-8b5e85457d9d,True,PASS,
wsl2-ubuntu2404-x64-20261004,MAIN_MONOTONIC_V1,Octane,calibration,Crypto.Encrypt,Crypto,Encrypt,jsc,4,0,3,[],0,0,1,2026-10-05T05:41:17.087787+00:00,"[""/home/mzyx/jsc_build_fd3406f/JSCOnly/Release/bin/jsc"",""--useJIT=false"",""--useLLInt=true"",""--validateOptions=true"",""/mnt/c/Users/mzyx/Desktop/0921/js-interpreter-bench/experiments/three_engine_baseline/adapters/jsc.js"",""/mnt/c/Users/mzyx/Desktop/0921/js-interpreter-bench/experiments/timer_recovery/adapters/jsc.js"",""/mnt/c/Users/mzyx/Desktop/0921/js-interpreter-bench/experiments/octane_three_engine/MAIN_MONOTONIC_V1/attempt01/generated/Crypto.Encrypt.N4.measure.js""]","[""--useJIT=false"",""--useLLInt=true"",""--validateOptions=true""]",65c824a055405bf62b05e21d54515a72a1f0187a4d91225d00a6da969d35879f,/mnt/c/Users/mzyx/Desktop/0921/js-interpreter-bench/experiments/octane_three_engine/MAIN_MONOTONIC_V1/attempt01/generated/Crypto.Encrypt.N4.measure.js,67b39dc238eaa6a7cdd1d75791dee7622a17f649ab3107294d5a172ef542d7cd,0c485996a598b7e36f2f292b66397adc0390cbe6b69b55199e47e1c6c1e37010,0,False,16.12,4.03,0,16.12,,0,"{""pass"":true,""inner_minus_outer_ms"":-101.854874,""tolerance_ms"":5.0}",300,False,0,"TEB_RESULT:{""benchmark"":""Octane"",""case"":""Crypto.Encrypt"",""suite"":""Crypto"",""subbenchmark"":""Encrypt"",""mode"":""MAIN_MONOTONIC_V1"",""phase"":""measure"",""N"":4,""correctness"":""PASS"",""extra_validation_calls"":0,""checksum"":null,""timer"":""benchNow"",""start_ms"":0,""stop_ms"":16.12,""elapsed_ms"":16.12,""elapsed_per_call_ms"":4.03,""warmup_calls"":0}
",,3730882594700,3730764619826,117974874,94e240b1-774a-4fdc-8be3-8b5e85457d9d,True,PASS,
wsl2-ubuntu2404-x64-20261004,MAIN_MONOTONIC_V1,Octane,calibration,Crypto.Encrypt,Crypto,Encrypt,quickjs,4,0,1,[],0,0,1,2026-10-05T05:41:16.606371+00:00,"[""/home/mzyx/three_engine_20261004/quickjs-04be246001599f5995fa2f2d8c91a0f198d3f34c/qjs"",""-I"",""/mnt/c/Users/mzyx/Desktop/0921/js-interpreter-bench/experiments/three_engine_baseline/adapters/quickjs.js"",""-I"",""/mnt/c/Users/mzyx/Desktop/0921/js-interpreter-bench/experiments/timer_recovery/adapters/quickjs.js"",""/mnt/c/Users/mzyx/Desktop/0921/js-interpreter-bench/experiments/octane_three_engine/MAIN_MONOTONIC_V1/attempt01/generated/Crypto.Encrypt.N4.measure.js""]",[],140d5233b0337d91cb0f994ae4a051e49aa04da8802acfaedf0a01b81a620b79,/mnt/c/Users/mzyx/Desktop/0921/js-interpreter-bench/experiments/octane_three_engine/MAIN_MONOTONIC_V1/attempt01/generated/Crypto.Encrypt.N4.measure.js,67b39dc238eaa6a7cdd1d75791dee7622a17f649ab3107294d5a172ef542d7cd,cd393c275173f20526562a008951f65a332deffed85e7c804519788b8ebffab7,0,False,23.07918700017035,5.7697967500425875,3730309.859456,3730332.938643,,0,"{""pass"":true,""inner_minus_outer_ms"":-123.19754099982964,""tolerance_ms"":5.0}",300,False,0,"TEB_RESULT:{""benchmark"":""Octane"",""case"":""Crypto.Encrypt"",""suite"":""Crypto"",""subbenchmark"":""Encrypt"",""mode"":""MAIN_MONOTONIC_V1"",""phase"":""measure"",""N"":4,""correctness"":""PASS"",""extra_validation_calls"":0,""checksum"":null,""timer"":""benchNow"",""start_ms"":3730309.859456,""stop_ms"":3730332.938643,""elapsed_ms"":23.07918700017035,""elapsed_per_call_ms"":5.7697967500425875,""warmup_calls"":0}
",,3730440108232,3730293831504,146276728,94e240b1-774a-4fdc-8be3-8b5e85457d9d,True,PASS,
wsl2-ubuntu2404-x64-20261004,MAIN_MONOTONIC_V1,Octane,calibration,Crypto.Encrypt,Crypto,Encrypt,v8,4,0,2,[],0,0,1,2026-10-05T05:41:16.847335+00:00,"[""/home/mzyx/three_engine_20261004/v8-linux64-rel-15.6.21/d8"",""--snapshot_blob=/home/mzyx/three_engine_20261004/v8-linux64-rel-15.6.21/snapshot_blob.bin"",""--max-opt=0"",""--no-lazy"",""/mnt/c/Users/mzyx/Desktop/0921/js-interpreter-bench/experiments/three_engine_baseline/adapters/v8.js"",""/mnt/c/Users/mzyx/Desktop/0921/js-interpreter-bench/experiments/timer_recovery/adapters/v8.js"",""/mnt/c/Users/mzyx/Desktop/0921/js-interpreter-bench/experiments/octane_three_engine/MAIN_MONOTONIC_V1/attempt01/generated/Crypto.Encrypt.N4.measure.js""]","[""--max-opt=0"",""--no-lazy""]",83b744a5953d2662ea723564d4035a333782a0cc85232d1025929a925150b133,/mnt/c/Users/mzyx/Desktop/0921/js-interpreter-bench/experiments/octane_three_engine/MAIN_MONOTONIC_V1/attempt01/generated/Crypto.Encrypt.N4.measure.js,67b39dc238eaa6a7cdd1d75791dee7622a17f649ab3107294d5a172ef542d7cd,e610d3aa3d2672a5e6d5eccd9aaf05c6ae6758d1b9c4468289f017a231ab7d9f,0,False,19.300999999999995,4.825249999999999,35.886,55.187,,0,"{""pass"":true,""inner_minus_outer_ms"":-132.158511,""tolerance_ms"":5.0}",300,False,0,"TEB_RESULT:{""benchmark"":""Octane"",""case"":""Crypto.Encrypt"",""suite"":""Crypto"",""subbenchmark"":""Encrypt"",""mode"":""MAIN_MONOTONIC_V1"",""phase"":""measure"",""N"":4,""correctness"":""PASS"",""extra_validation_calls"":0,""checksum"":null,""timer"":""benchNow"",""start_ms"":35.886,""stop_ms"":55.187,""elapsed_ms"":19.300999999999995,""elapsed_per_call_ms"":4.825249999999999,""warmup_calls"":0}
",,3730673482972,3730522023461,151459511,94e240b1-774a-4fdc-8be3-8b5e85457d9d,True,PASS,
wsl2-ubuntu2404-x64-20261004,MAIN_MONOTONIC_V1,Octane,calibration,Crypto.Encrypt,Crypto,Encrypt,jsc,512,0,3,[],0,0,1,2026-10-05T05:41:33.745727+00:00,"[""/home/mzyx/jsc_build_fd3406f/JSCOnly/Release/bin/jsc"",""--useJIT=false"",""--useLLInt=true"",""--validateOptions=true"",""/mnt/c/Users/mzyx/Desktop/0921/js-interpreter-bench/experiments/three_engine_baseline/adapters/jsc.js"",""/mnt/c/Users/mzyx/Desktop/0921/js-interpreter-bench/experiments/timer_recovery/adapters/jsc.js"",""/mnt/c/Users/mzyx/Desktop/0921/js-interpreter-bench/experiments/octane_three_engine/MAIN_MONOTONIC_V1/attempt01/generated/Crypto.Encrypt.N512.measure.js""]","[""--useJIT=false"",""--useLLInt=true"",""--validateOptions=true""]",65c824a055405bf62b05e21d54515a72a1f0187a4d91225d00a6da969d35879f,/mnt/c/Users/mzyx/Desktop/0921/js-interpreter-bench/experiments/octane_three_engine/MAIN_MONOTONIC_V1/attempt01/generated/Crypto.Encrypt.N512.measure.js,bd95471b9a71d61541ce16dacd1e0b2c300870d2c4807633018a578b090ab7b6,0c485996a598b7e36f2f292b66397adc0390cbe6b69b55199e47e1c6c1e37010,0,False,1817.38,3.5495703125,0,1817.38,,0,"{""pass"":true,""inner_minus_outer_ms"":-97.46386599999983,""tolerance_ms"":5.0}",300,False,0,"TEB_RESULT:{""benchmark"":""Octane"",""case"":""Crypto.Encrypt"",""suite"":""Crypto"",""subbenchmark"":""Encrypt"",""mode"":""MAIN_MONOTONIC_V1"",""phase"":""measure"",""N"":512,""correctness"":""PASS"",""extra_validation_calls"":0,""checksum"":null,""timer"":""benchNow"",""start_ms"":0,""stop_ms"":1817.38,""elapsed_ms"":1817.38,""elapsed_per_call_ms"":3.5495703125,""warmup_calls"":0}
",,3749334914559,3747420070693,1914843866,94e240b1-774a-4fdc-8be3-8b5e85457d9d,True,PASS,
wsl2-ubuntu2404-x64-20261004,MAIN_MONOTONIC_V1,Octane,calibration,Crypto.Encrypt,Crypto,Encrypt,quickjs,512,0,1,[],0,0,1,2026-10-05T05:41:28.024385+00:00,"[""/home/mzyx/three_engine_20261004/quickjs-04be246001599f5995fa2f2d8c91a0f198d3f34c/qjs"",""-I"",""/mnt/c/Users/mzyx/Desktop/0921/js-interpreter-bench/experiments/three_engine_baseline/adapters/quickjs.js"",""-I"",""/mnt/c/Users/mzyx/Desktop/0921/js-interpreter-bench/experiments/timer_recovery/adapters/quickjs.js"",""/mnt/c/Users/mzyx/Desktop/0921/js-interpreter-bench/experiments/octane_three_engine/MAIN_MONOTONIC_V1/attempt01/generated/Crypto.Encrypt.N512.measure.js""]",[],140d5233b0337d91cb0f994ae4a051e49aa04da8802acfaedf0a01b81a620b79,/mnt/c/Users/mzyx/Desktop/0921/js-interpreter-bench/experiments/octane_three_engine/MAIN_MONOTONIC_V1/attempt01/generated/Crypto.Encrypt.N512.measure.js,bd95471b9a71d61541ce16dacd1e0b2c300870d2c4807633018a578b090ab7b6,cd393c275173f20526562a008951f65a332deffed85e7c804519788b8ebffab7,0,False,2835.1028649997897,5.537310283202714,3741725.60368,3744560.706545,,0,"{""pass"":true,""inner_minus_outer_ms"":-118.72872800021014,""tolerance_ms"":5.0}",300,False,0,"TEB_RESULT:{""benchmark"":""Octane"",""case"":""Crypto.Encrypt"",""suite"":""Crypto"",""subbenchmark"":""Encrypt"",""mode"":""MAIN_MONOTONIC_V1"",""phase"":""measure"",""N"":512,""correctness"":""PASS"",""extra_validation_calls"":0,""checksum"":null,""timer"":""benchNow"",""start_ms"":3741725.60368,""stop_ms"":3744560.706545,""elapsed_ms"":2835.1028649997897,""elapsed_per_call_ms"":5.537310283202714,""warmup_calls"":0}
",,3744664335686,3741710504093,2953831593,94e240b1-774a-4fdc-8be3-8b5e85457d9d,True,PASS,
wsl2-ubuntu2404-x64-20261004,MAIN_MONOTONIC_V1,Octane,calibration,Crypto.Encrypt,Crypto,Encrypt,v8,512,0,2,[],0,0,1,2026-10-05T05:41:31.067543+00:00,"[""/home/mzyx/three_engine_20261004/v8-linux64-rel-15.6.21/d8"",""--snapshot_blob=/home/mzyx/three_engine_20261004/v8-linux64-rel-15.6.21/snapshot_blob.bin"",""--max-opt=0"",""--no-lazy"",""/mnt/c/Users/mzyx/Desktop/0921/js-interpreter-bench/experiments/three_engine_baseline/adapters/v8.js"",""/mnt/c/Users/mzyx/Desktop/0921/js-interpreter-bench/experiments/timer_recovery/adapters/v8.js"",""/mnt/c/Users/mzyx/Desktop/0921/js-interpreter-bench/experiments/octane_three_engine/MAIN_MONOTONIC_V1/attempt01/generated/Crypto.Encrypt.N512.measure.js""]","[""--max-opt=0"",""--no-lazy""]",83b744a5953d2662ea723564d4035a333782a0cc85232d1025929a925150b133,/mnt/c/Users/mzyx/Desktop/0921/js-interpreter-bench/experiments/octane_three_engine/MAIN_MONOTONIC_V1/attempt01/generated/Crypto.Encrypt.N512.measure.js,bd95471b9a71d61541ce16dacd1e0b2c300870d2c4807633018a578b090ab7b6,e610d3aa3d2672a5e6d5eccd9aaf05c6ae6758d1b9c4468289f017a231ab7d9f,0,False,2468.286,4.82087109375,36.865,2505.151,,0,"{""pass"":true,""inner_minus_outer_ms"":-134.44938599999978,""tolerance_ms"":5.0}",300,False,0,"TEB_RESULT:{""benchmark"":""Octane"",""case"":""Crypto.Encrypt"",""suite"":""Crypto"",""subbenchmark"":""Encrypt"",""mode"":""MAIN_MONOTONIC_V1"",""phase"":""measure"",""N"":512,""correctness"":""PASS"",""extra_validation_calls"":0,""checksum"":null,""timer"":""benchNow"",""start_ms"":36.865,""stop_ms"":2505.151,""elapsed_ms"":2468.286,""elapsed_per_call_ms"":4.82087109375,""warmup_calls"":0}
",,3747344792014,3744742056628,2602735386,94e240b1-774a-4fdc-8be3-8b5e85457d9d,True,PASS,
wsl2-ubuntu2404-x64-20261004,MAIN_MONOTONIC_V1,Octane,calibration,Crypto.Encrypt,Crypto,Encrypt,jsc,64,0,3,[],0,0,1,2026-10-05T05:41:21.055319+00:00,"[""/home/mzyx/jsc_build_fd3406f/JSCOnly/Release/bin/jsc"",""--useJIT=false"",""--useLLInt=true"",""--validateOptions=true"",""/mnt/c/Users/mzyx/Desktop/0921/js-interpreter-bench/experiments/three_engine_baseline/adapters/jsc.js"",""/mnt/c/Users/mzyx/Desktop/0921/js-interpreter-bench/experiments/timer_recovery/adapters/jsc.js"",""/mnt/c/Users/mzyx/Desktop/0921/js-interpreter-bench/experiments/octane_three_engine/MAIN_MONOTONIC_V1/attempt01/generated/Crypto.Encrypt.N64.measure.js""]","[""--useJIT=false"",""--useLLInt=true"",""--validateOptions=true""]",65c824a055405bf62b05e21d54515a72a1f0187a4d91225d00a6da969d35879f,/mnt/c/Users/mzyx/Desktop/0921/js-interpreter-bench/experiments/octane_three_engine/MAIN_MONOTONIC_V1/attempt01/generated/Crypto.Encrypt.N64.measure.js,2addc17c6697c648ea25086139a5f1ff30464bff1f94c80afe158cd7ba972400,0c485996a598b7e36f2f292b66397adc0390cbe6b69b55199e47e1c6c1e37010,0,False,223.86,3.4978125,0,223.86,,0,"{""pass"":true,""inner_minus_outer_ms"":-98.69418200000001,""tolerance_ms"":5.0}",300,False,0,"TEB_RESULT:{""benchmark"":""Octane"",""case"":""Crypto.Encrypt"",""suite"":""Crypto"",""subbenchmark"":""Encrypt"",""mode"":""MAIN_MONOTONIC_V1"",""phase"":""measure"",""N"":64,""correctness"":""PASS"",""extra_validation_calls"":0,""checksum"":null,""timer"":""benchNow"",""start_ms"":0,""stop_ms"":223.86,""elapsed_ms"":223.86,""elapsed_per_call_ms"":3.4978125,""warmup_calls"":0}
",,3735051634365,3734729080183,322554182,94e240b1-774a-4fdc-8be3-8b5e85457d9d,True,PASS,
wsl2-ubuntu2404-x64-20261004,MAIN_MONOTONIC_V1,Octane,calibration,Crypto.Encrypt,Crypto,Encrypt,quickjs,64,0,1,[],0,0,1,2026-10-05T05:41:19.956369+00:00,"[""/home/mzyx/three_engine_20261004/quickjs-04be246001599f5995fa2f2d8c91a0f198d3f34c/qjs"",""-I"",""/mnt/c/Users/mzyx/Desktop/0921/js-interpreter-bench/experiments/three_engine_baseline/adapters/quickjs.js"",""-I"",""/mnt/c/Users/mzyx/Desktop/0921/js-interpreter-bench/experiments/timer_recovery/adapters/quickjs.js"",""/mnt/c/Users/mzyx/Desktop/0921/js-interpreter-bench/experiments/octane_three_engine/MAIN_MONOTONIC_V1/attempt01/generated/Crypto.Encrypt.N64.measure.js""]",[],140d5233b0337d91cb0f994ae4a051e49aa04da8802acfaedf0a01b81a620b79,/mnt/c/Users/mzyx/Desktop/0921/js-interpreter-bench/experiments/octane_three_engine/MAIN_MONOTONIC_V1/attempt01/generated/Crypto.Encrypt.N64.measure.js,2addc17c6697c648ea25086139a5f1ff30464bff1f94c80afe158cd7ba972400,cd393c275173f20526562a008951f65a332deffed85e7c804519788b8ebffab7,0,False,368.54555999999866,5.758524374999979,3733657.639953,3734026.185513,,0,"{""pass"":true,""inner_minus_outer_ms"":-121.95673600000134,""tolerance_ms"":5.0}",300,False,0,"TEB_RESULT:{""benchmark"":""Octane"",""case"":""Crypto.Encrypt"",""suite"":""Crypto"",""subbenchmark"":""Encrypt"",""mode"":""MAIN_MONOTONIC_V1"",""phase"":""measure"",""N"":64,""correctness"":""PASS"",""extra_validation_calls"":0,""checksum"":null,""timer"":""benchNow"",""start_ms"":3733657.639953,""stop_ms"":3734026.185513,""elapsed_ms"":368.54555999999866,""elapsed_per_call_ms"":5.758524374999979,""warmup_calls"":0}
",,3734131236066,3733640733770,490502296,94e240b1-774a-4fdc-8be3-8b5e85457d9d,True,PASS,
wsl2-ubuntu2404-x64-20261004,MAIN_MONOTONIC_V1,Octane,calibration,Crypto.Encrypt,Crypto,Encrypt,v8,64,0,2,[],0,0,1,2026-10-05T05:41:20.535226+00:00,"[""/home/mzyx/three_engine_20261004/v8-linux64-rel-15.6.21/d8"",""--snapshot_blob=/home/mzyx/three_engine_20261004/v8-linux64-rel-15.6.21/snapshot_blob.bin"",""--max-opt=0"",""--no-lazy"",""/mnt/c/Users/mzyx/Desktop/0921/js-interpreter-bench/experiments/three_engine_baseline/adapters/v8.js"",""/mnt/c/Users/mzyx/Desktop/0921/js-interpreter-bench/experiments/timer_recovery/adapters/v8.js"",""/mnt/c/Users/mzyx/Desktop/0921/js-interpreter-bench/experiments/octane_three_engine/MAIN_MONOTONIC_V1/attempt01/generated/Crypto.Encrypt.N64.measure.js""]","[""--max-opt=0"",""--no-lazy""]",83b744a5953d2662ea723564d4035a333782a0cc85232d1025929a925150b133,/mnt/c/Users/mzyx/Desktop/0921/js-interpreter-bench/experiments/octane_three_engine/MAIN_MONOTONIC_V1/attempt01/generated/Crypto.Encrypt.N64.measure.js,2addc17c6697c648ea25086139a5f1ff30464bff1f94c80afe158cd7ba972400,e610d3aa3d2672a5e6d5eccd9aaf05c6ae6758d1b9c4468289f017a231ab7d9f,0,False,303.60400000000004,4.743812500000001,43.482,347.086,,0,"{""pass"":true,""inner_minus_outer_ms"":-141.00659299999995,""tolerance_ms"":5.0}",300,False,0,"TEB_RESULT:{""benchmark"":""Octane"",""case"":""Crypto.Encrypt"",""suite"":""Crypto"",""subbenchmark"":""Encrypt"",""mode"":""MAIN_MONOTONIC_V1"",""phase"":""measure"",""N"":64,""correctness"":""PASS"",""extra_validation_calls"":0,""checksum"":null,""timer"":""benchNow"",""start_ms"":43.482,""stop_ms"":347.086,""elapsed_ms"":303.60400000000004,""elapsed_per_call_ms"":4.743812500000001,""warmup_calls"":0}
",,3734654421679,3734209811086,444610593,94e240b1-774a-4fdc-8be3-8b5e85457d9d,True,PASS,
wsl2-ubuntu2404-x64-20261004,MAIN_MONOTONIC_V1,Octane,calibration,Crypto.Encrypt,Crypto,Encrypt,jsc,8,0,3,[],0,0,1,2026-10-05T05:41:17.811811+00:00,"[""/home/mzyx/jsc_build_fd3406f/JSCOnly/Release/bin/jsc"",""--useJIT=false"",""--useLLInt=true"",""--validateOptions=true"",""/mnt/c/Users/mzyx/Desktop/0921/js-interpreter-bench/experiments/three_engine_baseline/adapters/jsc.js"",""/mnt/c/Users/mzyx/Desktop/0921/js-interpreter-bench/experiments/timer_recovery/adapters/jsc.js"",""/mnt/c/Users/mzyx/Desktop/0921/js-interpreter-bench/experiments/octane_three_engine/MAIN_MONOTONIC_V1/attempt01/generated/Crypto.Encrypt.N8.measure.js""]","[""--useJIT=false"",""--useLLInt=true"",""--validateOptions=true""]",65c824a055405bf62b05e21d54515a72a1f0187a4d91225d00a6da969d35879f,/mnt/c/Users/mzyx/Desktop/0921/js-interpreter-bench/experiments/octane_three_engine/MAIN_MONOTONIC_V1/attempt01/generated/Crypto.Encrypt.N8.measure.js,af79ee28cbc3498c98d3962899cf04cb485b0e19db91cd813853e07559950b07,0c485996a598b7e36f2f292b66397adc0390cbe6b69b55199e47e1c6c1e37010,0,False,30.96,3.87,0,30.96,,0,"{""pass"":true,""inner_minus_outer_ms"":-97.50417199999998,""tolerance_ms"":5.0}",300,False,0,"TEB_RESULT:{""benchmark"":""Octane"",""case"":""Crypto.Encrypt"",""suite"":""Crypto"",""subbenchmark"":""Encrypt"",""mode"":""MAIN_MONOTONIC_V1"",""phase"":""measure"",""N"":8,""correctness"":""PASS"",""extra_validation_calls"":0,""checksum"":null,""timer"":""benchNow"",""start_ms"":0,""stop_ms"":30.96,""elapsed_ms"":30.96,""elapsed_per_call_ms"":3.87,""warmup_calls"":0}
",,3731614488257,3731486024085,128464172,94e240b1-774a-4fdc-8be3-8b5e85457d9d,True,PASS,
wsl2-ubuntu2404-x64-20261004,MAIN_MONOTONIC_V1,Octane,calibration,Crypto.Encrypt,Crypto,Encrypt,quickjs,8,0,1,[],0,0,1,2026-10-05T05:41:17.287357+00:00,"[""/home/mzyx/three_engine_20261004/quickjs-04be246001599f5995fa2f2d8c91a0f198d3f34c/qjs"",""-I"",""/mnt/c/Users/mzyx/Desktop/0921/js-interpreter-bench/experiments/three_engine_baseline/adapters/quickjs.js"",""-I"",""/mnt/c/Users/mzyx/Desktop/0921/js-interpreter-bench/experiments/timer_recovery/adapters/quickjs.js"",""/mnt/c/Users/mzyx/Desktop/0921/js-interpreter-bench/experiments/octane_three_engine/MAIN_MONOTONIC_V1/attempt01/generated/Crypto.Encrypt.N8.measure.js""]",[],140d5233b0337d91cb0f994ae4a051e49aa04da8802acfaedf0a01b81a620b79,/mnt/c/Users/mzyx/Desktop/0921/js-interpreter-bench/experiments/octane_three_engine/MAIN_MONOTONIC_V1/attempt01/generated/Crypto.Encrypt.N8.measure.js,af79ee28cbc3498c98d3962899cf04cb485b0e19db91cd813853e07559950b07,cd393c275173f20526562a008951f65a332deffed85e7c804519788b8ebffab7,0,False,44.807045000139624,5.600880625017453,3730990.03621,3731034.843255,,0,"{""pass"":true,""inner_minus_outer_ms"":-133.78478999986038,""tolerance_ms"":5.0}",300,False,0,"TEB_RESULT:{""benchmark"":""Octane"",""case"":""Crypto.Encrypt"",""suite"":""Crypto"",""subbenchmark"":""Encrypt"",""mode"":""MAIN_MONOTONIC_V1"",""phase"":""measure"",""N"":8,""correctness"":""PASS"",""extra_validation_calls"":0,""checksum"":null,""timer"":""benchNow"",""start_ms"":3730990.03621,""stop_ms"":3731034.843255,""elapsed_ms"":44.807045000139624,""elapsed_per_call_ms"":5.600880625017453,""warmup_calls"":0}
",,3731152975961,3730974384126,178591835,94e240b1-774a-4fdc-8be3-8b5e85457d9d,True,PASS,
wsl2-ubuntu2404-x64-20261004,MAIN_MONOTONIC_V1,Octane,calibration,Crypto.Encrypt,Crypto,Encrypt,v8,8,0,2,[],0,0,1,2026-10-05T05:41:17.559564+00:00,"[""/home/mzyx/three_engine_20261004/v8-linux64-rel-15.6.21/d8"",""--snapshot_blob=/home/mzyx/three_engine_20261004/v8-linux64-rel-15.6.21/snapshot_blob.bin"",""--max-opt=0"",""--no-lazy"",""/mnt/c/Users/mzyx/Desktop/0921/js-interpreter-bench/experiments/three_engine_baseline/adapters/v8.js"",""/mnt/c/Users/mzyx/Desktop/0921/js-interpreter-bench/experiments/timer_recovery/adapters/v8.js"",""/mnt/c/Users/mzyx/Desktop/0921/js-interpreter-bench/experiments/octane_three_engine/MAIN_MONOTONIC_V1/attempt01/generated/Crypto.Encrypt.N8.measure.js""]","[""--max-opt=0"",""--no-lazy""]",83b744a5953d2662ea723564d4035a333782a0cc85232d1025929a925150b133,/mnt/c/Users/mzyx/Desktop/0921/js-interpreter-bench/experiments/octane_three_engine/MAIN_MONOTONIC_V1/attempt01/generated/Crypto.Encrypt.N8.measure.js,af79ee28cbc3498c98d3962899cf04cb485b0e19db91cd813853e07559950b07,e610d3aa3d2672a5e6d5eccd9aaf05c6ae6758d1b9c4468289f017a231ab7d9f,0,False,39.269,4.908625,37.228,76.497,,0,"{""pass"":true,""inner_minus_outer_ms"":-136.19320199999999,""tolerance_ms"":5.0}",300,False,0,"TEB_RESULT:{""benchmark"":""Octane"",""case"":""Crypto.Encrypt"",""suite"":""Crypto"",""subbenchmark"":""Encrypt"",""mode"":""MAIN_MONOTONIC_V1"",""phase"":""measure"",""N"":8,""correctness"":""PASS"",""extra_validation_calls"":0,""checksum"":null,""timer"":""benchNow"",""start_ms"":37.228,""stop_ms"":76.497,""elapsed_ms"":39.269,""elapsed_per_call_ms"":4.908625,""warmup_calls"":0}
",,3731410433767,3731234971565,175462202,94e240b1-774a-4fdc-8be3-8b5e85457d9d,True,PASS,
wsl2-ubuntu2404-x64-20261004,MAIN_MONOTONIC_V1,Octane,calibration,DeltaBlue.DeltaBlue,DeltaBlue,DeltaBlue,jsc,1,0,3,[],0,0,1,2026-10-05T05:41:07.394734+00:00,"[""/home/mzyx/jsc_build_fd3406f/JSCOnly/Release/bin/jsc"",""--useJIT=false"",""--useLLInt=true"",""--validateOptions=true"",""/mnt/c/Users/mzyx/Desktop/0921/js-interpreter-bench/experiments/three_engine_baseline/adapters/jsc.js"",""/mnt/c/Users/mzyx/Desktop/0921/js-interpreter-bench/experiments/timer_recovery/adapters/jsc.js"",""/mnt/c/Users/mzyx/Desktop/0921/js-interpreter-bench/experiments/octane_three_engine/MAIN_MONOTONIC_V1/attempt01/generated/DeltaBlue.DeltaBlue.N1.measure.js""]","[""--useJIT=false"",""--useLLInt=true"",""--validateOptions=true""]",65c824a055405bf62b05e21d54515a72a1f0187a4d91225d00a6da969d35879f,/mnt/c/Users/mzyx/Desktop/0921/js-interpreter-bench/experiments/octane_three_engine/MAIN_MONOTONIC_V1/attempt01/generated/DeltaBlue.DeltaBlue.N1.measure.js,a8335bf1be38bd8bd5220c2a0f2a2ce3d8a28e8ec1df8fa68a09026fc26b3bd1,0c485996a598b7e36f2f292b66397adc0390cbe6b69b55199e47e1c6c1e37010,0,False,5.46,5.46,0,5.46,,0,"{""pass"":true,""inner_minus_outer_ms"":-29.441628,""tolerance_ms"":5.0}",300,False,0,"TEB_RESULT:{""benchmark"":""Octane"",""case"":""DeltaBlue.DeltaBlue"",""suite"":""DeltaBlue"",""subbenchmark"":""DeltaBlue"",""mode"":""MAIN_MONOTONIC_V1"",""phase"":""measure"",""N"":1,""correctness"":""PASS"",""extra_validation_calls"":0,""checksum"":null,""timer"":""benchNow"",""start_ms"":0,""stop_ms"":5.46,""elapsed_ms"":5.46,""elapsed_per_call_ms"":5.46,""warmup_calls"":0}
",,3718198934599,3718164032971,34901628,94e240b1-774a-4fdc-8be3-8b5e85457d9d,True,PASS,
wsl2-ubuntu2404-x64-20261004,MAIN_MONOTONIC_V1,Octane,calibration,DeltaBlue.DeltaBlue,DeltaBlue,DeltaBlue,quickjs,1,0,1,[],0,0,1,2026-10-05T05:41:07.157771+00:00,"[""/home/mzyx/three_engine_20261004/quickjs-04be246001599f5995fa2f2d8c91a0f198d3f34c/qjs"",""-I"",""/mnt/c/Users/mzyx/Desktop/0921/js-interpreter-bench/experiments/three_engine_baseline/adapters/quickjs.js"",""-I"",""/mnt/c/Users/mzyx/Desktop/0921/js-interpreter-bench/experiments/timer_recovery/adapters/quickjs.js"",""/mnt/c/Users/mzyx/Desktop/0921/js-interpreter-bench/experiments/octane_three_engine/MAIN_MONOTONIC_V1/attempt01/generated/DeltaBlue.DeltaBlue.N1.measure.js""]",[],140d5233b0337d91cb0f994ae4a051e49aa04da8802acfaedf0a01b81a620b79,/mnt/c/Users/mzyx/Desktop/0921/js-interpreter-bench/experiments/octane_three_engine/MAIN_MONOTONIC_V1/attempt01/generated/DeltaBlue.DeltaBlue.N1.measure.js,a8335bf1be38bd8bd5220c2a0f2a2ce3d8a28e8ec1df8fa68a09026fc26b3bd1,cd393c275173f20526562a008951f65a332deffed85e7c804519788b8ebffab7,0,False,7.841054999735206,7.841054999735206,3717956.202603,3717964.043658,,0,"{""pass"":true,""inner_minus_outer_ms"":-15.200832000264793,""tolerance_ms"":5.0}",300,False,0,"TEB_RESULT:{""benchmark"":""Octane"",""case"":""DeltaBlue.DeltaBlue"",""suite"":""DeltaBlue"",""subbenchmark"":""DeltaBlue"",""mode"":""MAIN_MONOTONIC_V1"",""phase"":""measure"",""N"":1,""correctness"":""PASS"",""extra_validation_calls"":0,""checksum"":null,""timer"":""benchNow"",""start_ms"":3717956.202603,""stop_ms"":3717964.043658,""elapsed_ms"":7.841054999735206,""elapsed_per_call_ms"":7.841054999735206,""warmup_calls"":0}
",,3717964575782,3717941533895,23041887,94e240b1-774a-4fdc-8be3-8b5e85457d9d,True,PASS,
wsl2-ubuntu2404-x64-20261004,MAIN_MONOTONIC_V1,Octane,calibration,DeltaBlue.DeltaBlue,DeltaBlue,DeltaBlue,v8,1,0,2,[],0,0,1,2026-10-05T05:41:07.270162+00:00,"[""/home/mzyx/three_engine_20261004/v8-linux64-rel-15.6.21/d8"",""--snapshot_blob=/home/mzyx/three_engine_20261004/v8-linux64-rel-15.6.21/snapshot_blob.bin"",""--max-opt=0"",""--no-lazy"",""/mnt/c/Users/mzyx/Desktop/0921/js-interpreter-bench/experiments/three_engine_baseline/adapters/v8.js"",""/mnt/c/Users/mzyx/Desktop/0921/js-interpreter-bench/experiments/timer_recovery/adapters/v8.js"",""/mnt/c/Users/mzyx/Desktop/0921/js-interpreter-bench/experiments/octane_three_engine/MAIN_MONOTONIC_V1/attempt01/generated/DeltaBlue.DeltaBlue.N1.measure.js""]","[""--max-opt=0"",""--no-lazy""]",83b744a5953d2662ea723564d4035a333782a0cc85232d1025929a925150b133,/mnt/c/Users/mzyx/Desktop/0921/js-interpreter-bench/experiments/octane_three_engine/MAIN_MONOTONIC_V1/attempt01/generated/DeltaBlue.DeltaBlue.N1.measure.js,a8335bf1be38bd8bd5220c2a0f2a2ce3d8a28e8ec1df8fa68a09026fc26b3bd1,e610d3aa3d2672a5e6d5eccd9aaf05c6ae6758d1b9c4468289f017a231ab7d9f,0,False,4.465999999999994,4.465999999999994,34.77,39.236,,0,"{""pass"":true,""inner_minus_outer_ms"":-43.91193500000001,""tolerance_ms"":5.0}",300,False,0,"TEB_RESULT:{""benchmark"":""Octane"",""case"":""DeltaBlue.DeltaBlue"",""suite"":""DeltaBlue"",""subbenchmark"":""DeltaBlue"",""mode"":""MAIN_MONOTONIC_V1"",""phase"":""measure"",""N"":1,""correctness"":""PASS"",""extra_validation_calls"":0,""checksum"":null,""timer"":""benchNow"",""start_ms"":34.77,""stop_ms"":39.236,""elapsed_ms"":4.465999999999994,""elapsed_per_call_ms"":4.465999999999994,""warmup_calls"":0}
",,3718088012369,3718039634434,48377935,94e240b1-774a-4fdc-8be3-8b5e85457d9d,True,PASS,
wsl2-ubuntu2404-x64-20261004,MAIN_MONOTONIC_V1,Octane,calibration,DeltaBlue.DeltaBlue,DeltaBlue,DeltaBlue,jsc,128,0,3,[],0,0,1,2026-10-05T05:41:13.209337+00:00,"[""/home/mzyx/jsc_build_fd3406f/JSCOnly/Release/bin/jsc"",""--useJIT=false"",""--useLLInt=true"",""--validateOptions=true"",""/mnt/c/Users/mzyx/Desktop/0921/js-interpreter-bench/experiments/three_engine_baseline/adapters/jsc.js"",""/mnt/c/Users/mzyx/Desktop/0921/js-interpreter-bench/experiments/timer_recovery/adapters/jsc.js"",""/mnt/c/Users/mzyx/Desktop/0921/js-interpreter-bench/experiments/octane_three_engine/MAIN_MONOTONIC_V1/attempt01/generated/DeltaBlue.DeltaBlue.N128.measure.js""]","[""--useJIT=false"",""--useLLInt=true"",""--validateOptions=true""]",65c824a055405bf62b05e21d54515a72a1f0187a4d91225d00a6da969d35879f,/mnt/c/Users/mzyx/Desktop/0921/js-interpreter-bench/experiments/octane_three_engine/MAIN_MONOTONIC_V1/attempt01/generated/DeltaBlue.DeltaBlue.N128.measure.js,2886c0e5845a3ced89966114ea7f61a60f56d5d2b8e7ff870304069faf3343ae,0c485996a598b7e36f2f292b66397adc0390cbe6b69b55199e47e1c6c1e37010,0,False,519.48,4.0584375,0,519.48,,0,"{""pass"":true,""inner_minus_outer_ms"":-29.621037,""tolerance_ms"":5.0}",300,False,0,"TEB_RESULT:{""benchmark"":""Octane"",""case"":""DeltaBlue.DeltaBlue"",""suite"":""DeltaBlue"",""subbenchmark"":""DeltaBlue"",""mode"":""MAIN_MONOTONIC_V1"",""phase"":""measure"",""N"":128,""correctness"":""PASS"",""extra_validation_calls"":0,""checksum"":null,""timer"":""benchNow"",""start_ms"":0,""stop_ms"":519.48,""elapsed_ms"":519.48,""elapsed_per_call_ms"":4.0584375,""warmup_calls"":0}
",,3724527853691,3723978752654,549101037,94e240b1-774a-4fdc-8be3-8b5e85457d9d,True,PASS,
wsl2-ubuntu2404-x64-20261004,MAIN_MONOTONIC_V1,Octane,calibration,DeltaBlue.DeltaBlue,DeltaBlue,DeltaBlue,quickjs,128,0,1,[],0,0,1,2026-10-05T05:41:11.507268+00:00,"[""/home/mzyx/three_engine_20261004/quickjs-04be246001599f5995fa2f2d8c91a0f198d3f34c/qjs"",""-I"",""/mnt/c/Users/mzyx/Desktop/0921/js-interpreter-bench/experiments/three_engine_baseline/adapters/quickjs.js"",""-I"",""/mnt/c/Users/mzyx/Desktop/0921/js-interpreter-bench/experiments/timer_recovery/adapters/quickjs.js"",""/mnt/c/Users/mzyx/Desktop/0921/js-interpreter-bench/experiments/octane_three_engine/MAIN_MONOTONIC_V1/attempt01/generated/DeltaBlue.DeltaBlue.N128.measure.js""]",[],140d5233b0337d91cb0f994ae4a051e49aa04da8802acfaedf0a01b81a620b79,/mnt/c/Users/mzyx/Desktop/0921/js-interpreter-bench/experiments/octane_three_engine/MAIN_MONOTONIC_V1/attempt01/generated/DeltaBlue.DeltaBlue.N128.measure.js,2886c0e5845a3ced89966114ea7f61a60f56d5d2b8e7ff870304069faf3343ae,cd393c275173f20526562a008951f65a332deffed85e7c804519788b8ebffab7,0,False,969.0229400000535,7.570491718750418,3722300.009346,3723269.032286,,0,"{""pass"":true,""inner_minus_outer_ms"":-14.745104999946534,""tolerance_ms"":5.0}",300,False,0,"TEB_RESULT:{""benchmark"":""Octane"",""case"":""DeltaBlue.DeltaBlue"",""suite"":""DeltaBlue"",""subbenchmark"":""DeltaBlue"",""mode"":""MAIN_MONOTONIC_V1"",""phase"":""measure"",""N"":128,""correctness"":""PASS"",""extra_validation_calls"":0,""checksum"":null,""timer"":""benchNow"",""start_ms"":3722300.009346,""stop_ms"":3723269.032286,""elapsed_ms"":969.0229400000535,""elapsed_per_call_ms"":7.570491718750418,""warmup_calls"":0}
",,3723269634206,3722285866161,983768045,94e240b1-774a-4fdc-8be3-8b5e85457d9d,True,PASS,
wsl2-ubuntu2404-x64-20261004,MAIN_MONOTONIC_V1,Octane,calibration,DeltaBlue.DeltaBlue,DeltaBlue,DeltaBlue,v8,128,0,2,[],0,0,1,2026-10-05T05:41:12.576458+00:00,"[""/home/mzyx/three_engine_20261004/v8-linux64-rel-15.6.21/d8"",""--snapshot_blob=/home/mzyx/three_engine_20261004/v8-linux64-rel-15.6.21/snapshot_blob.bin"",""--max-opt=0"",""--no-lazy"",""/mnt/c/Users/mzyx/Desktop/0921/js-interpreter-bench/experiments/three_engine_baseline/adapters/v8.js"",""/mnt/c/Users/mzyx/Desktop/0921/js-interpreter-bench/experiments/timer_recovery/adapters/v8.js"",""/mnt/c/Users/mzyx/Desktop/0921/js-interpreter-bench/experiments/octane_three_engine/MAIN_MONOTONIC_V1/attempt01/generated/DeltaBlue.DeltaBlue.N128.measure.js""]","[""--max-opt=0"",""--no-lazy""]",83b744a5953d2662ea723564d4035a333782a0cc85232d1025929a925150b133,/mnt/c/Users/mzyx/Desktop/0921/js-interpreter-bench/experiments/octane_three_engine/MAIN_MONOTONIC_V1/attempt01/generated/DeltaBlue.DeltaBlue.N128.measure.js,2886c0e5845a3ced89966114ea7f61a60f56d5d2b8e7ff870304069faf3343ae,e610d3aa3d2672a5e6d5eccd9aaf05c6ae6758d1b9c4468289f017a231ab7d9f,0,False,513.9350000000001,4.0151171875000005,34.406,548.341,,0,"{""pass"":true,""inner_minus_outer_ms"":-42.837524999999914,""tolerance_ms"":5.0}",300,False,0,"TEB_RESULT:{""benchmark"":""Octane"",""case"":""DeltaBlue.DeltaBlue"",""suite"":""DeltaBlue"",""subbenchmark"":""DeltaBlue"",""mode"":""MAIN_MONOTONIC_V1"",""phase"":""measure"",""N"":128,""correctness"":""PASS"",""extra_validation_calls"":0,""checksum"":null,""timer"":""benchNow"",""start_ms"":34.406,""stop_ms"":548.341,""elapsed_ms"":513.9350000000001,""elapsed_per_call_ms"":4.0151171875000005,""warmup_calls"":0}
",,3723902718583,3723345946058,556772525,94e240b1-774a-4fdc-8be3-8b5e85457d9d,True,PASS,
wsl2-ubuntu2404-x64-20261004,MAIN_MONOTONIC_V1,Octane,calibration,DeltaBlue.DeltaBlue,DeltaBlue,DeltaBlue,jsc,16,0,3,[],0,0,1,2026-10-05T05:41:09.171417+00:00,"[""/home/mzyx/jsc_build_fd3406f/JSCOnly/Release/bin/jsc"",""--useJIT=false"",""--useLLInt=true"",""--validateOptions=true"",""/mnt/c/Users/mzyx/Desktop/0921/js-interpreter-bench/experiments/three_engine_baseline/adapters/jsc.js"",""/mnt/c/Users/mzyx/Desktop/0921/js-interpreter-bench/experiments/timer_recovery/adapters/jsc.js"",""/mnt/c/Users/mzyx/Desktop/0921/js-interpreter-bench/experiments/octane_three_engine/MAIN_MONOTONIC_V1/attempt01/generated/DeltaBlue.DeltaBlue.N16.measure.js""]","[""--useJIT=false"",""--useLLInt=true"",""--validateOptions=true""]",65c824a055405bf62b05e21d54515a72a1f0187a4d91225d00a6da969d35879f,/mnt/c/Users/mzyx/Desktop/0921/js-interpreter-bench/experiments/octane_three_engine/MAIN_MONOTONIC_V1/attempt01/generated/DeltaBlue.DeltaBlue.N16.measure.js,4a1d954be1ef65954d19d9c85373b5b72998d6ead27def799b598de5bee2a734,0c485996a598b7e36f2f292b66397adc0390cbe6b69b55199e47e1c6c1e37010,0,False,63.56,3.9725,0,63.56,,0,"{""pass"":true,""inner_minus_outer_ms"":-29.552424000000002,""tolerance_ms"":5.0}",300,False,0,"TEB_RESULT:{""benchmark"":""Octane"",""case"":""DeltaBlue.DeltaBlue"",""suite"":""DeltaBlue"",""subbenchmark"":""DeltaBlue"",""mode"":""MAIN_MONOTONIC_V1"",""phase"":""measure"",""N"":16,""correctness"":""PASS"",""extra_validation_calls"":0,""checksum"":null,""timer"":""benchNow"",""start_ms"":0,""stop_ms"":63.56,""elapsed_ms"":63.56,""elapsed_per_call_ms"":3.9725,""warmup_calls"":0}
",,3720033110899,3719939998475,93112424,94e240b1-774a-4fdc-8be3-8b5e85457d9d,True,PASS,
wsl2-ubuntu2404-x64-20261004,MAIN_MONOTONIC_V1,Octane,calibration,DeltaBlue.DeltaBlue,DeltaBlue,DeltaBlue,quickjs,16,0,1,[],0,0,1,2026-10-05T05:41:08.751087+00:00,"[""/home/mzyx/three_engine_20261004/quickjs-04be246001599f5995fa2f2d8c91a0f198d3f34c/qjs"",""-I"",""/mnt/c/Users/mzyx/Desktop/0921/js-interpreter-bench/experiments/three_engine_baseline/adapters/quickjs.js"",""-I"",""/mnt/c/Users/mzyx/Desktop/0921/js-interpreter-bench/experiments/timer_recovery/adapters/quickjs.js"",""/mnt/c/Users/mzyx/Desktop/0921/js-interpreter-bench/experiments/octane_three_engine/MAIN_MONOTONIC_V1/attempt01/generated/DeltaBlue.DeltaBlue.N16.measure.js""]",[],140d5233b0337d91cb0f994ae4a051e49aa04da8802acfaedf0a01b81a620b79,/mnt/c/Users/mzyx/Desktop/0921/js-interpreter-bench/experiments/octane_three_engine/MAIN_MONOTONIC_V1/attempt01/generated/DeltaBlue.DeltaBlue.N16.measure.js,4a1d954be1ef65954d19d9c85373b5b72998d6ead27def799b598de5bee2a734,cd393c275173f20526562a008951f65a332deffed85e7c804519788b8ebffab7,0,False,130.99683899991214,8.187302437494509,3719544.33795,3719675.334789,,0,"{""pass"":true,""inner_minus_outer_ms"":-14.871476000087853,""tolerance_ms"":5.0}",300,False,0,"TEB_RESULT:{""benchmark"":""Octane"",""case"":""DeltaBlue.DeltaBlue"",""suite"":""DeltaBlue"",""subbenchmark"":""DeltaBlue"",""mode"":""MAIN_MONOTONIC_V1"",""phase"":""measure"",""N"":16,""correctness"":""PASS"",""extra_validation_calls"":0,""checksum"":null,""timer"":""benchNow"",""start_ms"":3719544.33795,""stop_ms"":3719675.334789,""elapsed_ms"":130.99683899991214,""elapsed_per_call_ms"":8.187302437494509,""warmup_calls"":0}
",,3719675896824,3719530028509,145868315,94e240b1-774a-4fdc-8be3-8b5e85457d9d,True,PASS,
wsl2-ubuntu2404-x64-20261004,MAIN_MONOTONIC_V1,Octane,calibration,DeltaBlue.DeltaBlue,DeltaBlue,DeltaBlue,v8,16,0,2,[],0,0,1,2026-10-05T05:41:08.987133+00:00,"[""/home/mzyx/three_engine_20261004/v8-linux64-rel-15.6.21/d8"",""--snapshot_blob=/home/mzyx/three_engine_20261004/v8-linux64-rel-15.6.21/snapshot_blob.bin"",""--max-opt=0"",""--no-lazy"",""/mnt/c/Users/mzyx/Desktop/0921/js-interpreter-bench/experiments/three_engine_baseline/adapters/v8.js"",""/mnt/c/Users/mzyx/Desktop/0921/js-interpreter-bench/experiments/timer_recovery/adapters/v8.js"",""/mnt/c/Users/mzyx/Desktop/0921/js-interpreter-bench/experiments/octane_three_engine/MAIN_MONOTONIC_V1/attempt01/generated/DeltaBlue.DeltaBlue.N16.measure.js""]","[""--max-opt=0"",""--no-lazy""]",83b744a5953d2662ea723564d4035a333782a0cc85232d1025929a925150b133,/mnt/c/Users/mzyx/Desktop/0921/js-interpreter-bench/experiments/octane_three_engine/MAIN_MONOTONIC_V1/attempt01/generated/DeltaBlue.DeltaBlue.N16.measure.js,4a1d954be1ef65954d19d9c85373b5b72998d6ead27def799b598de5bee2a734,e610d3aa3d2672a5e6d5eccd9aaf05c6ae6758d1b9c4468289f017a231ab7d9f,0,False,65.402,4.087625,34.657,100.059,,0,"{""pass"":true,""inner_minus_outer_ms"":-42.98935899999999,""tolerance_ms"":5.0}",300,False,0,"TEB_RESULT:{""benchmark"":""Octane"",""case"":""DeltaBlue.DeltaBlue"",""suite"":""DeltaBlue"",""subbenchmark"":""DeltaBlue"",""mode"":""MAIN_MONOTONIC_V1"",""phase"":""measure"",""N"":16,""correctness"":""PASS"",""extra_validation_calls"":0,""checksum"":null,""timer"":""benchNow"",""start_ms"":34.657,""stop_ms"":100.059,""elapsed_ms"":65.402,""elapsed_per_call_ms"":4.087625,""warmup_calls"":0}
",,3719865322436,3719756931077,108391359,94e240b1-774a-4fdc-8be3-8b5e85457d9d,True,PASS,
wsl2-ubuntu2404-x64-20261004,MAIN_MONOTONIC_V1,Octane,calibration,DeltaBlue.DeltaBlue,DeltaBlue,DeltaBlue,jsc,2,0,3,[],0,0,1,2026-10-05T05:41:07.756891+00:00,"[""/home/mzyx/jsc_build_fd3406f/JSCOnly/Release/bin/jsc"",""--useJIT=false"",""--useLLInt=true"",""--validateOptions=true"",""/mnt/c/Users/mzyx/Desktop/0921/js-interpreter-bench/experiments/three_engine_baseline/adapters/jsc.js"",""/mnt/c/Users/mzyx/Desktop/0921/js-interpreter-bench/experiments/timer_recovery/adapters/jsc.js"",""/mnt/c/Users/mzyx/Desktop/0921/js-interpreter-bench/experiments/octane_three_engine/MAIN_MONOTONIC_V1/attempt01/generated/DeltaBlue.DeltaBlue.N2.measure.js""]","[""--useJIT=false"",""--useLLInt=true"",""--validateOptions=true""]",65c824a055405bf62b05e21d54515a72a1f0187a4d91225d00a6da969d35879f,/mnt/c/Users/mzyx/Desktop/0921/js-interpreter-bench/experiments/octane_three_engine/MAIN_MONOTONIC_V1/attempt01/generated/DeltaBlue.DeltaBlue.N2.measure.js,798ce8d74b0444fa7e150c28292e531dc6a84bc3cfdb358f6c87cff09848e9aa,0c485996a598b7e36f2f292b66397adc0390cbe6b69b55199e47e1c6c1e37010,0,False,9.28,4.64,0,9.28,,0,"{""pass"":true,""inner_minus_outer_ms"":-30.344994999999997,""tolerance_ms"":5.0}",300,False,0,"TEB_RESULT:{""benchmark"":""Octane"",""case"":""DeltaBlue.DeltaBlue"",""suite"":""DeltaBlue"",""subbenchmark"":""DeltaBlue"",""mode"":""MAIN_MONOTONIC_V1"",""phase"":""measure"",""N"":2,""correctness"":""PASS"",""extra_validation_calls"":0,""checksum"":null,""timer"":""benchNow"",""start_ms"":0,""stop_ms"":9.28,""elapsed_ms"":9.28,""elapsed_per_call_ms"":4.64,""warmup_calls"":0}
",,3718566919326,3718527294331,39624995,94e240b1-774a-4fdc-8be3-8b5e85457d9d,True,PASS,
wsl2-ubuntu2404-x64-20261004,MAIN_MONOTONIC_V1,Octane,calibration,DeltaBlue.DeltaBlue,DeltaBlue,DeltaBlue,quickjs,2,0,1,[],0,0,1,2026-10-05T05:41:07.507014+00:00,"[""/home/mzyx/three_engine_20261004/quickjs-04be246001599f5995fa2f2d8c91a0f198d3f34c/qjs"",""-I"",""/mnt/c/Users/mzyx/Desktop/0921/js-interpreter-bench/experiments/three_engine_baseline/adapters/quickjs.js"",""-I"",""/mnt/c/Users/mzyx/Desktop/0921/js-interpreter-bench/experiments/timer_recovery/adapters/quickjs.js"",""/mnt/c/Users/mzyx/Desktop/0921/js-interpreter-bench/experiments/octane_three_engine/MAIN_MONOTONIC_V1/attempt01/generated/DeltaBlue.DeltaBlue.N2.measure.js""]",[],140d5233b0337d91cb0f994ae4a051e49aa04da8802acfaedf0a01b81a620b79,/mnt/c/Users/mzyx/Desktop/0921/js-interpreter-bench/experiments/octane_three_engine/MAIN_MONOTONIC_V1/attempt01/generated/DeltaBlue.DeltaBlue.N2.measure.js,798ce8d74b0444fa7e150c28292e531dc6a84bc3cfdb358f6c87cff09848e9aa,cd393c275173f20526562a008951f65a332deffed85e7c804519788b8ebffab7,0,False,15.00709900027141,7.503549500135705,3718302.337275,3718317.344374,,0,"{""pass"":true,""inner_minus_outer_ms"":-14.793029999728589,""tolerance_ms"":5.0}",300,False,0,"TEB_RESULT:{""benchmark"":""Octane"",""case"":""DeltaBlue.DeltaBlue"",""suite"":""DeltaBlue"",""subbenchmark"":""DeltaBlue"",""mode"":""MAIN_MONOTONIC_V1"",""phase"":""measure"",""N"":2,""correctness"":""PASS"",""extra_validation_calls"":0,""checksum"":null,""timer"":""benchNow"",""start_ms"":3718302.337275,""stop_ms"":3718317.344374,""elapsed_ms"":15.00709900027141,""elapsed_per_call_ms"":7.503549500135705,""warmup_calls"":0}
",,3718317892083,3718288091954,29800129,94e240b1-774a-4fdc-8be3-8b5e85457d9d,True,PASS,
wsl2-ubuntu2404-x64-20261004,MAIN_MONOTONIC_V1,Octane,calibration,DeltaBlue.DeltaBlue,DeltaBlue,DeltaBlue,v8,2,0,2,[],0,0,1,2026-10-05T05:41:07.625394+00:00,"[""/home/mzyx/three_engine_20261004/v8-linux64-rel-15.6.21/d8"",""--snapshot_blob=/home/mzyx/three_engine_20261004/v8-linux64-rel-15.6.21/snapshot_blob.bin"",""--max-opt=0"",""--no-lazy"",""/mnt/c/Users/mzyx/Desktop/0921/js-interpreter-bench/experiments/three_engine_baseline/adapters/v8.js"",""/mnt/c/Users/mzyx/Desktop/0921/js-interpreter-bench/experiments/timer_recovery/adapters/v8.js"",""/mnt/c/Users/mzyx/Desktop/0921/js-interpreter-bench/experiments/octane_three_engine/MAIN_MONOTONIC_V1/attempt01/generated/DeltaBlue.DeltaBlue.N2.measure.js""]","[""--max-opt=0"",""--no-lazy""]",83b744a5953d2662ea723564d4035a333782a0cc85232d1025929a925150b133,/mnt/c/Users/mzyx/Desktop/0921/js-interpreter-bench/experiments/octane_three_engine/MAIN_MONOTONIC_V1/attempt01/generated/DeltaBlue.DeltaBlue.N2.measure.js,798ce8d74b0444fa7e150c28292e531dc6a84bc3cfdb358f6c87cff09848e9aa,e610d3aa3d2672a5e6d5eccd9aaf05c6ae6758d1b9c4468289f017a231ab7d9f,0,False,8.563000000000002,4.281500000000001,35.18,43.743,,0,"{""pass"":true,""inner_minus_outer_ms"":-43.091615,""tolerance_ms"":5.0}",300,False,0,"TEB_RESULT:{""benchmark"":""Octane"",""case"":""DeltaBlue.DeltaBlue"",""suite"":""DeltaBlue"",""subbenchmark"":""DeltaBlue"",""mode"":""MAIN_MONOTONIC_V1"",""phase"":""measure"",""N"":2,""correctness"":""PASS"",""extra_validation_calls"":0,""checksum"":null,""timer"":""benchNow"",""start_ms"":35.18,""stop_ms"":43.743,""elapsed_ms"":8.563000000000002,""elapsed_per_call_ms"":4.281500000000001,""warmup_calls"":0}
",,3718447137276,3718395482661,51654615,94e240b1-774a-4fdc-8be3-8b5e85457d9d,True,PASS,
wsl2-ubuntu2404-x64-20261004,MAIN_MONOTONIC_V1,Octane,calibration,DeltaBlue.DeltaBlue,DeltaBlue,DeltaBlue,jsc,256,0,3,[],0,0,1,2026-10-05T05:41:14.182084+00:00,"[""/home/mzyx/jsc_build_fd3406f/JSCOnly/Release/bin/jsc"",""--useJIT=false"",""--useLLInt=true"",""--validateOptions=true"",""/mnt/c/Users/mzyx/Desktop/0921/js-interpreter-bench/experiments/three_engine_baseline/adapters/jsc.js"",""/mnt/c/Users/mzyx/Desktop/0921/js-interpreter-bench/experiments/timer_recovery/adapters/jsc.js"",""/mnt/c/Users/mzyx/Desktop/0921/js-interpreter-bench/experiments/octane_three_engine/MAIN_MONOTONIC_V1/attempt01/generated/DeltaBlue.DeltaBlue.N256.measure.js""]","[""--useJIT=false"",""--useLLInt=true"",""--validateOptions=true""]",65c824a055405bf62b05e21d54515a72a1f0187a4d91225d00a6da969d35879f,/mnt/c/Users/mzyx/Desktop/0921/js-interpreter-bench/experiments/octane_three_engine/MAIN_MONOTONIC_V1/attempt01/generated/DeltaBlue.DeltaBlue.N256.measure.js,e8466cef6a98a5083ee4369ca03ff26f56d7f03dcd6b645b98caba9f3ce618e6,0c485996a598b7e36f2f292b66397adc0390cbe6b69b55199e47e1c6c1e37010,0,False,1066.26,4.165078125,0,1066.26,,0,"{""pass"":true,""inner_minus_outer_ms"":-36.62247900000011,""tolerance_ms"":5.0}",300,False,0,"TEB_RESULT:{""benchmark"":""Octane"",""case"":""DeltaBlue.DeltaBlue"",""suite"":""DeltaBlue"",""subbenchmark"":""DeltaBlue"",""mode"":""MAIN_MONOTONIC_V1"",""phase"":""measure"",""N"":256,""correctness"":""PASS"",""extra_validation_calls"":0,""checksum"":null,""timer"":""benchNow"",""start_ms"":0,""stop_ms"":1066.26,""elapsed_ms"":1066.26,""elapsed_per_call_ms"":4.165078125,""warmup_calls"":0}
",,3728958757461,3727855874982,1102882479,94e240b1-774a-4fdc-8be3-8b5e85457d9d,True,PASS,
wsl2-ubuntu2404-x64-20261004,MAIN_MONOTONIC_V1,Octane,calibration,DeltaBlue.DeltaBlue,DeltaBlue,DeltaBlue,quickjs,256,0,1,[],0,0,1,2026-10-05T05:41:13.838155+00:00,"[""/home/mzyx/three_engine_20261004/quickjs-04be246001599f5995fa2f2d8c91a0f198d3f34c/qjs"",""-I"",""/mnt/c/Users/mzyx/Desktop/0921/js-interpreter-bench/experiments/three_engine_baseline/adapters/quickjs.js"",""-I"",""/mnt/c/Users/mzyx/Desktop/0921/js-interpreter-bench/experiments/timer_recovery/adapters/quickjs.js"",""/mnt/c/Users/mzyx/Desktop/0921/js-interpreter-bench/experiments/octane_three_engine/MAIN_MONOTONIC_V1/attempt01/generated/DeltaBlue.DeltaBlue.N256.measure.js""]",[],140d5233b0337d91cb0f994ae4a051e49aa04da8802acfaedf0a01b81a620b79,/mnt/c/Users/mzyx/Desktop/0921/js-interpreter-bench/experiments/octane_three_engine/MAIN_MONOTONIC_V1/attempt01/generated/DeltaBlue.DeltaBlue.N256.measure.js,e8466cef6a98a5083ee4369ca03ff26f56d7f03dcd6b645b98caba9f3ce618e6,cd393c275173f20526562a008951f65a332deffed85e7c804519788b8ebffab7,0,False,1970.0572939999402,7.695536304687266,3724629.985913,3726600.043207,,0,"{""pass"":true,""inner_minus_outer_ms"":-15.83472800005984,""tolerance_ms"":5.0}",300,False,0,"TEB_RESULT:{""benchmark"":""Octane"",""case"":""DeltaBlue.DeltaBlue"",""suite"":""DeltaBlue"",""subbenchmark"":""DeltaBlue"",""mode"":""MAIN_MONOTONIC_V1"",""phase"":""measure"",""N"":256,""correctness"":""PASS"",""extra_validation_calls"":0,""checksum"":null,""timer"":""benchNow"",""start_ms"":3724629.985913,""stop_ms"":3726600.043207,""elapsed_ms"":1970.0572939999402,""elapsed_per_call_ms"":7.695536304687266,""warmup_calls"":0}
",,3726600700540,3724614808518,1985892022,94e240b1-774a-4fdc-8be3-8b5e85457d9d,True,PASS,
wsl2-ubuntu2404-x64-20261004,MAIN_MONOTONIC_V1,Octane,calibration,DeltaBlue.DeltaBlue,DeltaBlue,DeltaBlue,v8,256,0,2,[],0,0,1,2026-10-05T05:41:15.913935+00:00,"[""/home/mzyx/three_engine_20261004/v8-linux64-rel-15.6.21/d8"",""--snapshot_blob=/home/mzyx/three_engine_20261004/v8-linux64-rel-15.6.21/snapshot_blob.bin"",""--max-opt=0"",""--no-lazy"",""/mnt/c/Users/mzyx/Desktop/0921/js-interpreter-bench/experiments/three_engine_baseline/adapters/v8.js"",""/mnt/c/Users/mzyx/Desktop/0921/js-interpreter-bench/experiments/timer_recovery/adapters/v8.js"",""/mnt/c/Users/mzyx/Desktop/0921/js-interpreter-bench/experiments/octane_three_engine/MAIN_MONOTONIC_V1/attempt01/generated/DeltaBlue.DeltaBlue.N256.measure.js""]","[""--max-opt=0"",""--no-lazy""]",83b744a5953d2662ea723564d4035a333782a0cc85232d1025929a925150b133,/mnt/c/Users/mzyx/Desktop/0921/js-interpreter-bench/experiments/octane_three_engine/MAIN_MONOTONIC_V1/attempt01/generated/DeltaBlue.DeltaBlue.N256.measure.js,e8466cef6a98a5083ee4369ca03ff26f56d7f03dcd6b645b98caba9f3ce618e6,e610d3aa3d2672a5e6d5eccd9aaf05c6ae6758d1b9c4468289f017a231ab7d9f,0,False,1043.2849999999999,4.075332031249999,41.363,1084.648,,0,"{""pass"":true,""inner_minus_outer_ms"":-51.627222000000074,""tolerance_ms"":5.0}",300,False,0,"TEB_RESULT:{""benchmark"":""Octane"",""case"":""DeltaBlue.DeltaBlue"",""suite"":""DeltaBlue"",""subbenchmark"":""DeltaBlue"",""mode"":""MAIN_MONOTONIC_V1"",""phase"":""measure"",""N"":256,""correctness"":""PASS"",""extra_validation_calls"":0,""checksum"":null,""timer"":""benchNow"",""start_ms"":41.363,""stop_ms"":1084.648,""elapsed_ms"":1043.2849999999999,""elapsed_per_call_ms"":4.075332031249999,""warmup_calls"":0}
",,3727779608754,3726684696532,1094912222,94e240b1-774a-4fdc-8be3-8b5e85457d9d,True,PASS,
wsl2-ubuntu2404-x64-20261004,MAIN_MONOTONIC_V1,Octane,calibration,DeltaBlue.DeltaBlue,DeltaBlue,DeltaBlue,jsc,32,0,3,[],0,0,1,2026-10-05T05:41:09.941948+00:00,"[""/home/mzyx/jsc_build_fd3406f/JSCOnly/Release/bin/jsc"",""--useJIT=false"",""--useLLInt=true"",""--validateOptions=true"",""/mnt/c/Users/mzyx/Desktop/0921/js-interpreter-bench/experiments/three_engine_baseline/adapters/jsc.js"",""/mnt/c/Users/mzyx/Desktop/0921/js-interpreter-bench/experiments/timer_recovery/adapters/jsc.js"",""/mnt/c/Users/mzyx/Desktop/0921/js-interpreter-bench/experiments/octane_three_engine/MAIN_MONOTONIC_V1/attempt01/generated/DeltaBlue.DeltaBlue.N32.measure.js""]","[""--useJIT=false"",""--useLLInt=true"",""--validateOptions=true""]",65c824a055405bf62b05e21d54515a72a1f0187a4d91225d00a6da969d35879f,/mnt/c/Users/mzyx/Desktop/0921/js-interpreter-bench/experiments/octane_three_engine/MAIN_MONOTONIC_V1/attempt01/generated/DeltaBlue.DeltaBlue.N32.measure.js,cf0070d87a368507d992d13f2cd92a1c150e7278d3237054c369665a664d9be1,0c485996a598b7e36f2f292b66397adc0390cbe6b69b55199e47e1c6c1e37010,0,False,125.92,3.935,0,125.92,,0,"{""pass"":true,""inner_minus_outer_ms"":-30.335281999999992,""tolerance_ms"":5.0}",300,False,0,"TEB_RESULT:{""benchmark"":""Octane"",""case"":""DeltaBlue.DeltaBlue"",""suite"":""DeltaBlue"",""subbenchmark"":""DeltaBlue"",""mode"":""MAIN_MONOTONIC_V1"",""phase"":""measure"",""N"":32,""correctness"":""PASS"",""extra_validation_calls"":0,""checksum"":null,""timer"":""benchNow"",""start_ms"":0,""stop_ms"":125.92,""elapsed_ms"":125.92,""elapsed_per_call_ms"":3.935,""warmup_calls"":0}
",,3720867414250,3720711158968,156255282,94e240b1-774a-4fdc-8be3-8b5e85457d9d,True,PASS,
wsl2-ubuntu2404-x64-20261004,MAIN_MONOTONIC_V1,Octane,calibration,DeltaBlue.DeltaBlue,DeltaBlue,DeltaBlue,quickjs,32,0,1,[],0,0,1,2026-10-05T05:41:09.340374+00:00,"[""/home/mzyx/three_engine_20261004/quickjs-04be246001599f5995fa2f2d8c91a0f198d3f34c/qjs"",""-I"",""/mnt/c/Users/mzyx/Desktop/0921/js-interpreter-bench/experiments/three_engine_baseline/adapters/quickjs.js"",""-I"",""/mnt/c/Users/mzyx/Desktop/0921/js-interpreter-bench/experiments/timer_recovery/adapters/quickjs.js"",""/mnt/c/Users/mzyx/Desktop/0921/js-interpreter-bench/experiments/octane_three_engine/MAIN_MONOTONIC_V1/attempt01/generated/DeltaBlue.DeltaBlue.N32.measure.js""]",[],140d5233b0337d91cb0f994ae4a051e49aa04da8802acfaedf0a01b81a620b79,/mnt/c/Users/mzyx/Desktop/0921/js-interpreter-bench/experiments/octane_three_engine/MAIN_MONOTONIC_V1/attempt01/generated/DeltaBlue.DeltaBlue.N32.measure.js,cf0070d87a368507d992d13f2cd92a1c150e7278d3237054c369665a664d9be1,cd393c275173f20526562a008951f65a332deffed85e7c804519788b8ebffab7,0,False,244.3303760001436,7.635324250004487,3720136.960217,3720381.290593,,0,"{""pass"":true,""inner_minus_outer_ms"":-15.453143999856422,""tolerance_ms"":5.0}",300,False,0,"TEB_RESULT:{""benchmark"":""Octane"",""case"":""DeltaBlue.DeltaBlue"",""suite"":""DeltaBlue"",""subbenchmark"":""DeltaBlue"",""mode"":""MAIN_MONOTONIC_V1"",""phase"":""measure"",""N"":32,""correctness"":""PASS"",""extra_validation_calls"":0,""checksum"":null,""timer"":""benchNow"",""start_ms"":3720136.960217,""stop_ms"":3720381.290593,""elapsed_ms"":244.3303760001436,""elapsed_per_call_ms"":7.635324250004487,""warmup_calls"":0}
",,3720381939936,3720122156416,259783520,94e240b1-774a-4fdc-8be3-8b5e85457d9d,True,PASS,
wsl2-ubuntu2404-x64-20261004,MAIN_MONOTONIC_V1,Octane,calibration,DeltaBlue.DeltaBlue,DeltaBlue,DeltaBlue,v8,32,0,2,[],0,0,1,2026-10-05T05:41:09.691619+00:00,"[""/home/mzyx/three_engine_20261004/v8-linux64-rel-15.6.21/d8"",""--snapshot_blob=/home/mzyx/three_engine_20261004/v8-linux64-rel-15.6.21/snapshot_blob.bin"",""--max-opt=0"",""--no-lazy"",""/mnt/c/Users/mzyx/Desktop/0921/js-interpreter-bench/experiments/three_engine_baseline/adapters/v8.js"",""/mnt/c/Users/mzyx/Desktop/0921/js-interpreter-bench/experiments/timer_recovery/adapters/v8.js"",""/mnt/c/Users/mzyx/Desktop/0921/js-interpreter-bench/experiments/octane_three_engine/MAIN_MONOTONIC_V1/attempt01/generated/DeltaBlue.DeltaBlue.N32.measure.js""]","[""--max-opt=0"",""--no-lazy""]",83b744a5953d2662ea723564d4035a333782a0cc85232d1025929a925150b133,/mnt/c/Users/mzyx/Desktop/0921/js-interpreter-bench/experiments/octane_three_engine/MAIN_MONOTONIC_V1/attempt01/generated/DeltaBlue.DeltaBlue.N32.measure.js,cf0070d87a368507d992d13f2cd92a1c150e7278d3237054c369665a664d9be1,e610d3aa3d2672a5e6d5eccd9aaf05c6ae6758d1b9c4468289f017a231ab7d9f,0,False,132.192,4.131,32.923,165.115,,0,"{""pass"":true,""inner_minus_outer_ms"":-41.79186099999998,""tolerance_ms"":5.0}",300,False,0,"TEB_RESULT:{""benchmark"":""Octane"",""case"":""DeltaBlue.DeltaBlue"",""suite"":""DeltaBlue"",""subbenchmark"":""DeltaBlue"",""mode"":""MAIN_MONOTONIC_V1"",""phase"":""measure"",""N"":32,""correctness"":""PASS"",""extra_validation_calls"":0,""checksum"":null,""timer"":""benchNow"",""start_ms"":32.923,""stop_ms"":165.115,""elapsed_ms"":132.192,""elapsed_per_call_ms"":4.131,""warmup_calls"":0}
",,3720635718662,3720461734801,173983861,94e240b1-774a-4fdc-8be3-8b5e85457d9d,True,PASS,
wsl2-ubuntu2404-x64-20261004,MAIN_MONOTONIC_V1,Octane,calibration,DeltaBlue.DeltaBlue,DeltaBlue,DeltaBlue,jsc,4,0,3,[],0,0,1,2026-10-05T05:41:08.145095+00:00,"[""/home/mzyx/jsc_build_fd3406f/JSCOnly/Release/bin/jsc"",""--useJIT=false"",""--useLLInt=true"",""--validateOptions=true"",""/mnt/c/Users/mzyx/Desktop/0921/js-interpreter-bench/experiments/three_engine_baseline/adapters/jsc.js"",""/mnt/c/Users/mzyx/Desktop/0921/js-interpreter-bench/experiments/timer_recovery/adapters/jsc.js"",""/mnt/c/Users/mzyx/Desktop/0921/js-interpreter-bench/experiments/octane_three_engine/MAIN_MONOTONIC_V1/attempt01/generated/DeltaBlue.DeltaBlue.N4.measure.js""]","[""--useJIT=false"",""--useLLInt=true"",""--validateOptions=true""]",65c824a055405bf62b05e21d54515a72a1f0187a4d91225d00a6da969d35879f,/mnt/c/Users/mzyx/Desktop/0921/js-interpreter-bench/experiments/octane_three_engine/MAIN_MONOTONIC_V1/attempt01/generated/DeltaBlue.DeltaBlue.N4.measure.js,0238f918e06a15e17052c7e1795ba145b4ef3d0849e1bd4342bb5b6e77316773,0c485996a598b7e36f2f292b66397adc0390cbe6b69b55199e47e1c6c1e37010,0,False,18.64,4.66,0,18.64,,0,"{""pass"":true,""inner_minus_outer_ms"":-39.251599999999996,""tolerance_ms"":5.0}",300,False,0,"TEB_RESULT:{""benchmark"":""Octane"",""case"":""DeltaBlue.DeltaBlue"",""suite"":""DeltaBlue"",""subbenchmark"":""DeltaBlue"",""mode"":""MAIN_MONOTONIC_V1"",""phase"":""measure"",""N"":4,""correctness"":""PASS"",""extra_validation_calls"":0,""checksum"":null,""timer"":""benchNow"",""start_ms"":0,""stop_ms"":18.64,""elapsed_ms"":18.64,""elapsed_per_call_ms"":4.66,""warmup_calls"":0}
",,3718975756908,3718917865308,57891600,94e240b1-774a-4fdc-8be3-8b5e85457d9d,True,PASS,
wsl2-ubuntu2404-x64-20261004,MAIN_MONOTONIC_V1,Octane,calibration,DeltaBlue.DeltaBlue,DeltaBlue,DeltaBlue,quickjs,4,0,1,[],0,0,1,2026-10-05T05:41:07.875464+00:00,"[""/home/mzyx/three_engine_20261004/quickjs-04be246001599f5995fa2f2d8c91a0f198d3f34c/qjs"",""-I"",""/mnt/c/Users/mzyx/Desktop/0921/js-interpreter-bench/experiments/three_engine_baseline/adapters/quickjs.js"",""-I"",""/mnt/c/Users/mzyx/Desktop/0921/js-interpreter-bench/experiments/timer_recovery/adapters/quickjs.js"",""/mnt/c/Users/mzyx/Desktop/0921/js-interpreter-bench/experiments/octane_three_engine/MAIN_MONOTONIC_V1/attempt01/generated/DeltaBlue.DeltaBlue.N4.measure.js""]",[],140d5233b0337d91cb0f994ae4a051e49aa04da8802acfaedf0a01b81a620b79,/mnt/c/Users/mzyx/Desktop/0921/js-interpreter-bench/experiments/octane_three_engine/MAIN_MONOTONIC_V1/attempt01/generated/DeltaBlue.DeltaBlue.N4.measure.js,0238f918e06a15e17052c7e1795ba145b4ef3d0849e1bd4342bb5b6e77316773,cd393c275173f20526562a008951f65a332deffed85e7c804519788b8ebffab7,0,False,30.681063000112772,7.670265750028193,3718668.922162,3718699.603225,,0,"{""pass"":true,""inner_minus_outer_ms"":-14.959289999887226,""tolerance_ms"":5.0}",300,False,0,"TEB_RESULT:{""benchmark"":""Octane"",""case"":""DeltaBlue.DeltaBlue"",""suite"":""DeltaBlue"",""subbenchmark"":""DeltaBlue"",""mode"":""MAIN_MONOTONIC_V1"",""phase"":""measure"",""N"":4,""correctness"":""PASS"",""extra_validation_calls"":0,""checksum"":null,""timer"":""benchNow"",""start_ms"":3718668.922162,""stop_ms"":3718699.603225,""elapsed_ms"":30.681063000112772,""elapsed_per_call_ms"":7.670265750028193,""warmup_calls"":0}
",,3718700146900,3718654506547,45640353,94e240b1-774a-4fdc-8be3-8b5e85457d9d,True,PASS,
wsl2-ubuntu2404-x64-20261004,MAIN_MONOTONIC_V1,Octane,calibration,DeltaBlue.DeltaBlue,DeltaBlue,DeltaBlue,v8,4,0,2,[],0,0,1,2026-10-05T05:41:08.007314+00:00,"[""/home/mzyx/three_engine_20261004/v8-linux64-rel-15.6.21/d8"",""--snapshot_blob=/home/mzyx/three_engine_20261004/v8-linux64-rel-15.6.21/snapshot_blob.bin"",""--max-opt=0"",""--no-lazy"",""/mnt/c/Users/mzyx/Desktop/0921/js-interpreter-bench/experiments/three_engine_baseline/adapters/v8.js"",""/mnt/c/Users/mzyx/Desktop/0921/js-interpreter-bench/experiments/timer_recovery/adapters/v8.js"",""/mnt/c/Users/mzyx/Desktop/0921/js-interpreter-bench/experiments/octane_three_engine/MAIN_MONOTONIC_V1/attempt01/generated/DeltaBlue.DeltaBlue.N4.measure.js""]","[""--max-opt=0"",""--no-lazy""]",83b744a5953d2662ea723564d4035a333782a0cc85232d1025929a925150b133,/mnt/c/Users/mzyx/Desktop/0921/js-interpreter-bench/experiments/octane_three_engine/MAIN_MONOTONIC_V1/attempt01/generated/DeltaBlue.DeltaBlue.N4.measure.js,0238f918e06a15e17052c7e1795ba145b4ef3d0849e1bd4342bb5b6e77316773,e610d3aa3d2672a5e6d5eccd9aaf05c6ae6758d1b9c4468289f017a231ab7d9f,0,False,16.849000000000004,4.212250000000001,35.961,52.81,,0,"{""pass"":true,""inner_minus_outer_ms"":-44.091299,""tolerance_ms"":5.0}",300,False,0,"TEB_RESULT:{""benchmark"":""Octane"",""case"":""DeltaBlue.DeltaBlue"",""suite"":""DeltaBlue"",""subbenchmark"":""DeltaBlue"",""mode"":""MAIN_MONOTONIC_V1"",""phase"":""measure"",""N"":4,""correctness"":""PASS"",""extra_validation_calls"":0,""checksum"":null,""timer"":""benchNow"",""start_ms"":35.961,""stop_ms"":52.81,""elapsed_ms"":16.849000000000004,""elapsed_per_call_ms"":4.212250000000001,""warmup_calls"":0}
",,3718837825722,3718776885423,60940299,94e240b1-774a-4fdc-8be3-8b5e85457d9d,True,PASS,
wsl2-ubuntu2404-x64-20261004,MAIN_MONOTONIC_V1,Octane,calibration,DeltaBlue.DeltaBlue,DeltaBlue,DeltaBlue,jsc,64,0,3,[],0,0,1,2026-10-05T05:41:11.130591+00:00,"[""/home/mzyx/jsc_build_fd3406f/JSCOnly/Release/bin/jsc"",""--useJIT=false"",""--useLLInt=true"",""--validateOptions=true"",""/mnt/c/Users/mzyx/Desktop/0921/js-interpreter-bench/experiments/three_engine_baseline/adapters/jsc.js"",""/mnt/c/Users/mzyx/Desktop/0921/js-interpreter-bench/experiments/timer_recovery/adapters/jsc.js"",""/mnt/c/Users/mzyx/Desktop/0921/js-interpreter-bench/experiments/octane_three_engine/MAIN_MONOTONIC_V1/attempt01/generated/DeltaBlue.DeltaBlue.N64.measure.js""]","[""--useJIT=false"",""--useLLInt=true"",""--validateOptions=true""]",65c824a055405bf62b05e21d54515a72a1f0187a4d91225d00a6da969d35879f,/mnt/c/Users/mzyx/Desktop/0921/js-interpreter-bench/experiments/octane_three_engine/MAIN_MONOTONIC_V1/attempt01/generated/DeltaBlue.DeltaBlue.N64.measure.js,dec3975d721c4d6ccff5e5ed114ae4d3334443d3aa0869273306cb8e6f2cc2ef,0c485996a598b7e36f2f292b66397adc0390cbe6b69b55199e47e1c6c1e37010,0,False,258.34,4.0365625,0,258.34,,0,"{""pass"":true,""inner_minus_outer_ms"":-32.563169000000016,""tolerance_ms"":5.0}",300,False,0,"TEB_RESULT:{""benchmark"":""Octane"",""case"":""DeltaBlue.DeltaBlue"",""suite"":""DeltaBlue"",""subbenchmark"":""DeltaBlue"",""mode"":""MAIN_MONOTONIC_V1"",""phase"":""measure"",""N"":64,""correctness"":""PASS"",""extra_validation_calls"":0,""checksum"":null,""timer"":""benchNow"",""start_ms"":0,""stop_ms"":258.34,""elapsed_ms"":258.34,""elapsed_per_call_ms"":4.0365625,""warmup_calls"":0}
",,3722191214934,3721900311765,290903169,94e240b1-774a-4fdc-8be3-8b5e85457d9d,True,PASS,
wsl2-ubuntu2404-x64-20261004,MAIN_MONOTONIC_V1,Octane,calibration,DeltaBlue.DeltaBlue,DeltaBlue,DeltaBlue,quickjs,64,0,1,[],0,0,1,2026-10-05T05:41:10.173947+00:00,"[""/home/mzyx/three_engine_20261004/quickjs-04be246001599f5995fa2f2d8c91a0f198d3f34c/qjs"",""-I"",""/mnt/c/Users/mzyx/Desktop/0921/js-interpreter-bench/experiments/three_engine_baseline/adapters/quickjs.js"",""-I"",""/mnt/c/Users/mzyx/Desktop/0921/js-interpreter-bench/experiments/timer_recovery/adapters/quickjs.js"",""/mnt/c/Users/mzyx/Desktop/0921/js-interpreter-bench/experiments/octane_three_engine/MAIN_MONOTONIC_V1/attempt01/generated/DeltaBlue.DeltaBlue.N64.measure.js""]",[],140d5233b0337d91cb0f994ae4a051e49aa04da8802acfaedf0a01b81a620b79,/mnt/c/Users/mzyx/Desktop/0921/js-interpreter-bench/experiments/octane_three_engine/MAIN_MONOTONIC_V1/attempt01/generated/DeltaBlue.DeltaBlue.N64.measure.js,dec3975d721c4d6ccff5e5ed114ae4d3334443d3aa0869273306cb8e6f2cc2ef,cd393c275173f20526562a008951f65a332deffed85e7c804519788b8ebffab7,0,False,479.38710899977013,7.490423578121408,3720965.057072,3721444.444181,,0,"{""pass"":true,""inner_minus_outer_ms"":-14.192870000229846,""tolerance_ms"":5.0}",300,False,0,"TEB_RESULT:{""benchmark"":""Octane"",""case"":""DeltaBlue.DeltaBlue"",""suite"":""DeltaBlue"",""subbenchmark"":""DeltaBlue"",""mode"":""MAIN_MONOTONIC_V1"",""phase"":""measure"",""N"":64,""correctness"":""PASS"",""extra_validation_calls"":0,""checksum"":null,""timer"":""benchNow"",""start_ms"":3720965.057072,""stop_ms"":3721444.444181,""elapsed_ms"":479.38710899977013,""elapsed_per_call_ms"":7.490423578121408,""warmup_calls"":0}
",,3721445042515,3720951462536,493579979,94e240b1-774a-4fdc-8be3-8b5e85457d9d,True,PASS,
wsl2-ubuntu2404-x64-20261004,MAIN_MONOTONIC_V1,Octane,calibration,DeltaBlue.DeltaBlue,DeltaBlue,DeltaBlue,v8,64,0,2,[],0,0,1,2026-10-05T05:41:10.752532+00:00,"[""/home/mzyx/three_engine_20261004/v8-linux64-rel-15.6.21/d8"",""--snapshot_blob=/home/mzyx/three_engine_20261004/v8-linux64-rel-15.6.21/snapshot_blob.bin"",""--max-opt=0"",""--no-lazy"",""/mnt/c/Users/mzyx/Desktop/0921/js-interpreter-bench/experiments/three_engine_baseline/adapters/v8.js"",""/mnt/c/Users/mzyx/Desktop/0921/js-interpreter-bench/experiments/timer_recovery/adapters/v8.js"",""/mnt/c/Users/mzyx/Desktop/0921/js-interpreter-bench/experiments/octane_three_engine/MAIN_MONOTONIC_V1/attempt01/generated/DeltaBlue.DeltaBlue.N64.measure.js""]","[""--max-opt=0"",""--no-lazy""]",83b744a5953d2662ea723564d4035a333782a0cc85232d1025929a925150b133,/mnt/c/Users/mzyx/Desktop/0921/js-interpreter-bench/experiments/octane_three_engine/MAIN_MONOTONIC_V1/attempt01/generated/DeltaBlue.DeltaBlue.N64.measure.js,dec3975d721c4d6ccff5e5ed114ae4d3334443d3aa0869273306cb8e6f2cc2ef,e610d3aa3d2672a5e6d5eccd9aaf05c6ae6758d1b9c4468289f017a231ab7d9f,0,False,258.28700000000003,4.0357343750000005,34.095,292.382,,0,"{""pass"":true,""inner_minus_outer_ms"":-43.57137999999998,""tolerance_ms"":5.0}",300,False,0,"TEB_RESULT:{""benchmark"":""Octane"",""case"":""DeltaBlue.DeltaBlue"",""suite"":""DeltaBlue"",""subbenchmark"":""DeltaBlue"",""mode"":""MAIN_MONOTONIC_V1"",""phase"":""measure"",""N"":64,""correctness"":""PASS"",""extra_validation_calls"":0,""checksum"":null,""timer"":""benchNow"",""start_ms"":34.095,""stop_ms"":292.382,""elapsed_ms"":258.28700000000003,""elapsed_per_call_ms"":4.0357343750000005,""warmup_calls"":0}
",,3721822915021,3721521056641,301858380,94e240b1-774a-4fdc-8be3-8b5e85457d9d,True,PASS,
wsl2-ubuntu2404-x64-20261004,MAIN_MONOTONIC_V1,Octane,calibration,DeltaBlue.DeltaBlue,DeltaBlue,DeltaBlue,jsc,8,0,3,[],0,0,1,2026-10-05T05:41:08.603878+00:00,"[""/home/mzyx/jsc_build_fd3406f/JSCOnly/Release/bin/jsc"",""--useJIT=false"",""--useLLInt=true"",""--validateOptions=true"",""/mnt/c/Users/mzyx/Desktop/0921/js-interpreter-bench/experiments/three_engine_baseline/adapters/jsc.js"",""/mnt/c/Users/mzyx/Desktop/0921/js-interpreter-bench/experiments/timer_recovery/adapters/jsc.js"",""/mnt/c/Users/mzyx/Desktop/0921/js-interpreter-bench/experiments/octane_three_engine/MAIN_MONOTONIC_V1/attempt01/generated/DeltaBlue.DeltaBlue.N8.measure.js""]","[""--useJIT=false"",""--useLLInt=true"",""--validateOptions=true""]",65c824a055405bf62b05e21d54515a72a1f0187a4d91225d00a6da969d35879f,/mnt/c/Users/mzyx/Desktop/0921/js-interpreter-bench/experiments/octane_three_engine/MAIN_MONOTONIC_V1/attempt01/generated/DeltaBlue.DeltaBlue.N8.measure.js,ecf9c4e3c530a809183f80b3d3aa1f14ca285b455bb1ee497cddf3b783c65454,0c485996a598b7e36f2f292b66397adc0390cbe6b69b55199e47e1c6c1e37010,0,False,36.6,4.575,0,36.6,,0,"{""pass"":true,""inner_minus_outer_ms"":-32.28088399999999,""tolerance_ms"":5.0}",300,False,0,"TEB_RESULT:{""benchmark"":""Octane"",""case"":""DeltaBlue.DeltaBlue"",""suite"":""DeltaBlue"",""subbenchmark"":""DeltaBlue"",""mode"":""MAIN_MONOTONIC_V1"",""phase"":""measure"",""N"":8,""correctness"":""PASS"",""extra_validation_calls"":0,""checksum"":null,""timer"":""benchNow"",""start_ms"":0,""stop_ms"":36.6,""elapsed_ms"":36.6,""elapsed_per_call_ms"":4.575,""warmup_calls"":0}
",,3719441913868,3719373032984,68880884,94e240b1-774a-4fdc-8be3-8b5e85457d9d,True,PASS,
wsl2-ubuntu2404-x64-20261004,MAIN_MONOTONIC_V1,Octane,calibration,DeltaBlue.DeltaBlue,DeltaBlue,DeltaBlue,quickjs,8,0,1,[],0,0,1,2026-10-05T05:41:08.289638+00:00,"[""/home/mzyx/three_engine_20261004/quickjs-04be246001599f5995fa2f2d8c91a0f198d3f34c/qjs"",""-I"",""/mnt/c/Users/mzyx/Desktop/0921/js-interpreter-bench/experiments/three_engine_baseline/adapters/quickjs.js"",""-I"",""/mnt/c/Users/mzyx/Desktop/0921/js-interpreter-bench/experiments/timer_recovery/adapters/quickjs.js"",""/mnt/c/Users/mzyx/Desktop/0921/js-interpreter-bench/experiments/octane_three_engine/MAIN_MONOTONIC_V1/attempt01/generated/DeltaBlue.DeltaBlue.N8.measure.js""]",[],140d5233b0337d91cb0f994ae4a051e49aa04da8802acfaedf0a01b81a620b79,/mnt/c/Users/mzyx/Desktop/0921/js-interpreter-bench/experiments/octane_three_engine/MAIN_MONOTONIC_V1/attempt01/generated/DeltaBlue.DeltaBlue.N8.measure.js,ecf9c4e3c530a809183f80b3d3aa1f14ca285b455bb1ee497cddf3b783c65454,cd393c275173f20526562a008951f65a332deffed85e7c804519788b8ebffab7,0,False,61.920019000303,7.740002375037875,3719081.06101,3719142.981029,,0,"{""pass"":true,""inner_minus_outer_ms"":-15.346100999697,""tolerance_ms"":5.0}",300,False,0,"TEB_RESULT:{""benchmark"":""Octane"",""case"":""DeltaBlue.DeltaBlue"",""suite"":""DeltaBlue"",""subbenchmark"":""DeltaBlue"",""mode"":""MAIN_MONOTONIC_V1"",""phase"":""measure"",""N"":8,""correctness"":""PASS"",""extra_validation_calls"":0,""checksum"":null,""timer"":""benchNow"",""start_ms"":3719081.06101,""stop_ms"":3719142.981029,""elapsed_ms"":61.920019000303,""elapsed_per_call_ms"":7.740002375037875,""warmup_calls"":0}
",,3719143590555,3719066324435,77266120,94e240b1-774a-4fdc-8be3-8b5e85457d9d,True,PASS,
wsl2-ubuntu2404-x64-20261004,MAIN_MONOTONIC_V1,Octane,calibration,DeltaBlue.DeltaBlue,DeltaBlue,DeltaBlue,v8,8,0,2,[],0,0,1,2026-10-05T05:41:08.454067+00:00,"[""/home/mzyx/three_engine_20261004/v8-linux64-rel-15.6.21/d8"",""--snapshot_blob=/home/mzyx/three_engine_20261004/v8-linux64-rel-15.6.21/snapshot_blob.bin"",""--max-opt=0"",""--no-lazy"",""/mnt/c/Users/mzyx/Desktop/0921/js-interpreter-bench/experiments/three_engine_baseline/adapters/v8.js"",""/mnt/c/Users/mzyx/Desktop/0921/js-interpreter-bench/experiments/timer_recovery/adapters/v8.js"",""/mnt/c/Users/mzyx/Desktop/0921/js-interpreter-bench/experiments/octane_three_engine/MAIN_MONOTONIC_V1/attempt01/generated/DeltaBlue.DeltaBlue.N8.measure.js""]","[""--max-opt=0"",""--no-lazy""]",83b744a5953d2662ea723564d4035a333782a0cc85232d1025929a925150b133,/mnt/c/Users/mzyx/Desktop/0921/js-interpreter-bench/experiments/octane_three_engine/MAIN_MONOTONIC_V1/attempt01/generated/DeltaBlue.DeltaBlue.N8.measure.js,ecf9c4e3c530a809183f80b3d3aa1f14ca285b455bb1ee497cddf3b783c65454,e610d3aa3d2672a5e6d5eccd9aaf05c6ae6758d1b9c4468289f017a231ab7d9f,0,False,32.737,4.092125,33.138,65.875,,0,"{""pass"":true,""inner_minus_outer_ms"":-41.30847599999999,""tolerance_ms"":5.0}",300,False,0,"TEB_RESULT:{""benchmark"":""Octane"",""case"":""DeltaBlue.DeltaBlue"",""suite"":""DeltaBlue"",""subbenchmark"":""DeltaBlue"",""mode"":""MAIN_MONOTONIC_V1"",""phase"":""measure"",""N"":8,""correctness"":""PASS"",""extra_validation_calls"":0,""checksum"":null,""timer"":""benchNow"",""start_ms"":33.138,""stop_ms"":65.875,""elapsed_ms"":32.737,""elapsed_per_call_ms"":4.092125,""warmup_calls"":0}
",,3719298031596,3719223986120,74045476,94e240b1-774a-4fdc-8be3-8b5e85457d9d,True,PASS,
wsl2-ubuntu2404-x64-20261004,MAIN_MONOTONIC_V1,Octane,calibration,EarleyBoyer.Boyer,EarleyBoyer,Boyer,jsc,1,0,3,[],0,0,1,2026-10-05T05:42:12.774297+00:00,"[""/home/mzyx/jsc_build_fd3406f/JSCOnly/Release/bin/jsc"",""--useJIT=false"",""--useLLInt=true"",""--validateOptions=true"",""/mnt/c/Users/mzyx/Desktop/0921/js-interpreter-bench/experiments/three_engine_baseline/adapters/jsc.js"",""/mnt/c/Users/mzyx/Desktop/0921/js-interpreter-bench/experiments/timer_recovery/adapters/jsc.js"",""/mnt/c/Users/mzyx/Desktop/0921/js-interpreter-bench/experiments/octane_three_engine/MAIN_MONOTONIC_V1/attempt01/generated/EarleyBoyer.Boyer.N1.measure.js""]","[""--useJIT=false"",""--useLLInt=true"",""--validateOptions=true""]",65c824a055405bf62b05e21d54515a72a1f0187a4d91225d00a6da969d35879f,/mnt/c/Users/mzyx/Desktop/0921/js-interpreter-bench/experiments/octane_three_engine/MAIN_MONOTONIC_V1/attempt01/generated/EarleyBoyer.Boyer.N1.measure.js,e9e6e6e18964f7ebe48e7d8b46508967b346dc279152440167d10012d628b66f,0c485996a598b7e36f2f292b66397adc0390cbe6b69b55199e47e1c6c1e37010,0,False,55.86,55.86,0,55.86,,0,"{""pass"":true,""inner_minus_outer_ms"":-33.54347,""tolerance_ms"":5.0}",300,False,0,"TEB_RESULT:{""benchmark"":""Octane"",""case"":""EarleyBoyer.Boyer"",""suite"":""EarleyBoyer"",""subbenchmark"":""Boyer"",""mode"":""MAIN_MONOTONIC_V1"",""phase"":""measure"",""N"":1,""correctness"":""PASS"",""extra_validation_calls"":0,""checksum"":null,""timer"":""benchNow"",""start_ms"":0,""stop_ms"":55.86,""elapsed_ms"":55.86,""elapsed_per_call_ms"":55.86,""warmup_calls"":0}
",,3792482387435,3792392983965,89403470,94e240b1-774a-4fdc-8be3-8b5e85457d9d,True,PASS,
wsl2-ubuntu2404-x64-20261004,MAIN_MONOTONIC_V1,Octane,calibration,EarleyBoyer.Boyer,EarleyBoyer,Boyer,quickjs,1,0,1,[],0,0,1,2026-10-05T05:42:12.308907+00:00,"[""/home/mzyx/three_engine_20261004/quickjs-04be246001599f5995fa2f2d8c91a0f198d3f34c/qjs"",""-I"",""/mnt/c/Users/mzyx/Desktop/0921/js-interpreter-bench/experiments/three_engine_baseline/adapters/quickjs.js"",""-I"",""/mnt/c/Users/mzyx/Desktop/0921/js-interpreter-bench/experiments/timer_recovery/adapters/quickjs.js"",""/mnt/c/Users/mzyx/Desktop/0921/js-interpreter-bench/experiments/octane_three_engine/MAIN_MONOTONIC_V1/attempt01/generated/EarleyBoyer.Boyer.N1.measure.js""]",[],140d5233b0337d91cb0f994ae4a051e49aa04da8802acfaedf0a01b81a620b79,/mnt/c/Users/mzyx/Desktop/0921/js-interpreter-bench/experiments/octane_three_engine/MAIN_MONOTONIC_V1/attempt01/generated/EarleyBoyer.Boyer.N1.measure.js,e9e6e6e18964f7ebe48e7d8b46508967b346dc279152440167d10012d628b66f,cd393c275173f20526562a008951f65a332deffed85e7c804519788b8ebffab7,0,False,121.91289700008929,121.91289700008929,3792018.666995,3792140.579892,,0,"{""pass"":true,""inner_minus_outer_ms"":-25.293145999910706,""tolerance_ms"":5.0}",300,False,0,"TEB_RESULT:{""benchmark"":""Octane"",""case"":""EarleyBoyer.Boyer"",""suite"":""EarleyBoyer"",""subbenchmark"":""Boyer"",""mode"":""MAIN_MONOTONIC_V1"",""phase"":""measure"",""N"":1,""correctness"":""PASS"",""extra_validation_calls"":0,""checksum"":null,""timer"":""benchNow"",""start_ms"":3792018.666995,""stop_ms"":3792140.579892,""elapsed_ms"":121.91289700008929,""elapsed_per_call_ms"":121.91289700008929,""warmup_calls"":0}
",,3792141917075,3791994711032,147206043,94e240b1-774a-4fdc-8be3-8b5e85457d9d,True,PASS,
wsl2-ubuntu2404-x64-20261004,MAIN_MONOTONIC_V1,Octane,calibration,EarleyBoyer.Boyer,EarleyBoyer,Boyer,v8,1,0,2,[],0,0,1,2026-10-05T05:42:12.593897+00:00,"[""/home/mzyx/three_engine_20261004/v8-linux64-rel-15.6.21/d8"",""--snapshot_blob=/home/mzyx/three_engine_20261004/v8-linux64-rel-15.6.21/snapshot_blob.bin"",""--max-opt=0"",""--no-lazy"",""/mnt/c/Users/mzyx/Desktop/0921/js-interpreter-bench/experiments/three_engine_baseline/adapters/v8.js"",""/mnt/c/Users/mzyx/Desktop/0921/js-interpreter-bench/experiments/timer_recovery/adapters/v8.js"",""/mnt/c/Users/mzyx/Desktop/0921/js-interpreter-bench/experiments/octane_three_engine/MAIN_MONOTONIC_V1/attempt01/generated/EarleyBoyer.Boyer.N1.measure.js""]","[""--max-opt=0"",""--no-lazy""]",83b744a5953d2662ea723564d4035a333782a0cc85232d1025929a925150b133,/mnt/c/Users/mzyx/Desktop/0921/js-interpreter-bench/experiments/octane_three_engine/MAIN_MONOTONIC_V1/attempt01/generated/EarleyBoyer.Boyer.N1.measure.js,e9e6e6e18964f7ebe48e7d8b46508967b346dc279152440167d10012d628b66f,e610d3aa3d2672a5e6d5eccd9aaf05c6ae6758d1b9c4468289f017a231ab7d9f,0,False,55.806999999999995,55.806999999999995,43.757,99.564,,0,"{""pass"":true,""inner_minus_outer_ms"":-52.08073100000001,""tolerance_ms"":5.0}",300,False,0,"TEB_RESULT:{""benchmark"":""Octane"",""case"":""EarleyBoyer.Boyer"",""suite"":""EarleyBoyer"",""subbenchmark"":""Boyer"",""mode"":""MAIN_MONOTONIC_V1"",""phase"":""measure"",""N"":1,""correctness"":""PASS"",""extra_validation_calls"":0,""checksum"":null,""timer"":""benchNow"",""start_ms"":43.757,""stop_ms"":99.564,""elapsed_ms"":55.806999999999995,""elapsed_per_call_ms"":55.806999999999995,""warmup_calls"":0}
",,3792322411424,3792214523693,107887731,94e240b1-774a-4fdc-8be3-8b5e85457d9d,True,PASS,
wsl2-ubuntu2404-x64-20261004,MAIN_MONOTONIC_V1,Octane,calibration,EarleyBoyer.Boyer,EarleyBoyer,Boyer,jsc,16,0,3,[],0,0,1,2026-10-05T05:42:20.292942+00:00,"[""/home/mzyx/jsc_build_fd3406f/JSCOnly/Release/bin/jsc"",""--useJIT=false"",""--useLLInt=true"",""--validateOptions=true"",""/mnt/c/Users/mzyx/Desktop/0921/js-interpreter-bench/experiments/three_engine_baseline/adapters/jsc.js"",""/mnt/c/Users/mzyx/Desktop/0921/js-interpreter-bench/experiments/timer_recovery/adapters/jsc.js"",""/mnt/c/Users/mzyx/Desktop/0921/js-interpreter-bench/experiments/octane_three_engine/MAIN_MONOTONIC_V1/attempt01/generated/EarleyBoyer.Boyer.N16.measure.js""]","[""--useJIT=false"",""--useLLInt=true"",""--validateOptions=true""]",65c824a055405bf62b05e21d54515a72a1f0187a4d91225d00a6da969d35879f,/mnt/c/Users/mzyx/Desktop/0921/js-interpreter-bench/experiments/octane_three_engine/MAIN_MONOTONIC_V1/attempt01/generated/EarleyBoyer.Boyer.N16.measure.js,b4298e5e0c93d8ffb778f50f3de11b7dff804d796cfe18707e7e38908e309adc,0c485996a598b7e36f2f292b66397adc0390cbe6b69b55199e47e1c6c1e37010,0,False,958.32,59.895,0,958.32,,0,"{""pass"":true,""inner_minus_outer_ms"":-39.661101999999914,""tolerance_ms"":5.0}",300,False,0,"TEB_RESULT:{""benchmark"":""Octane"",""case"":""EarleyBoyer.Boyer"",""suite"":""EarleyBoyer"",""subbenchmark"":""Boyer"",""mode"":""MAIN_MONOTONIC_V1"",""phase"":""measure"",""N"":16,""correctness"":""PASS"",""extra_validation_calls"":0,""checksum"":null,""timer"":""benchNow"",""start_ms"":0,""stop_ms"":958.32,""elapsed_ms"":958.32,""elapsed_per_call_ms"":59.895,""warmup_calls"":0}
",,3800910058909,3799912077807,997981102,94e240b1-774a-4fdc-8be3-8b5e85457d9d,True,PASS,
wsl2-ubuntu2404-x64-20261004,MAIN_MONOTONIC_V1,Octane,calibration,EarleyBoyer.Boyer,EarleyBoyer,Boyer,quickjs,16,0,1,[],0,0,1,2026-10-05T05:42:17.411449+00:00,"[""/home/mzyx/three_engine_20261004/quickjs-04be246001599f5995fa2f2d8c91a0f198d3f34c/qjs"",""-I"",""/mnt/c/Users/mzyx/Desktop/0921/js-interpreter-bench/experiments/three_engine_baseline/adapters/quickjs.js"",""-I"",""/mnt/c/Users/mzyx/Desktop/0921/js-interpreter-bench/experiments/timer_recovery/adapters/quickjs.js"",""/mnt/c/Users/mzyx/Desktop/0921/js-interpreter-bench/experiments/octane_three_engine/MAIN_MONOTONIC_V1/attempt01/generated/EarleyBoyer.Boyer.N16.measure.js""]",[],140d5233b0337d91cb0f994ae4a051e49aa04da8802acfaedf0a01b81a620b79,/mnt/c/Users/mzyx/Desktop/0921/js-interpreter-bench/experiments/octane_three_engine/MAIN_MONOTONIC_V1/attempt01/generated/EarleyBoyer.Boyer.N16.measure.js,b4298e5e0c93d8ffb778f50f3de11b7dff804d796cfe18707e7e38908e309adc,cd393c275173f20526562a008951f65a332deffed85e7c804519788b8ebffab7,0,False,1840.4633909999393,115.0289619374962,3797129.354145,3798969.817536,,0,"{""pass"":true,""inner_minus_outer_ms"":-25.475645000060695,""tolerance_ms"":5.0}",300,False,0,"TEB_RESULT:{""benchmark"":""Octane"",""case"":""EarleyBoyer.Boyer"",""suite"":""EarleyBoyer"",""subbenchmark"":""Boyer"",""mode"":""MAIN_MONOTONIC_V1"",""phase"":""measure"",""N"":16,""correctness"":""PASS"",""extra_validation_calls"":0,""checksum"":null,""timer"":""benchNow"",""start_ms"":3797129.354145,""stop_ms"":3798969.817536,""elapsed_ms"":1840.4633909999393,""elapsed_per_call_ms"":115.0289619374962,""warmup_calls"":0}
",,3798972499866,3797106560830,1865939036,94e240b1-774a-4fdc-8be3-8b5e85457d9d,True,PASS,
wsl2-ubuntu2404-x64-20261004,MAIN_MONOTONIC_V1,Octane,calibration,EarleyBoyer.Boyer,EarleyBoyer,Boyer,v8,16,0,2,[],0,0,1,2026-10-05T05:42:19.425394+00:00,"[""/home/mzyx/three_engine_20261004/v8-linux64-rel-15.6.21/d8"",""--snapshot_blob=/home/mzyx/three_engine_20261004/v8-linux64-rel-15.6.21/snapshot_blob.bin"",""--max-opt=0"",""--no-lazy"",""/mnt/c/Users/mzyx/Desktop/0921/js-interpreter-bench/experiments/three_engine_baseline/adapters/v8.js"",""/mnt/c/Users/mzyx/Desktop/0921/js-interpreter-bench/experiments/timer_recovery/adapters/v8.js"",""/mnt/c/Users/mzyx/Desktop/0921/js-interpreter-bench/experiments/octane_three_engine/MAIN_MONOTONIC_V1/attempt01/generated/EarleyBoyer.Boyer.N16.measure.js""]","[""--max-opt=0"",""--no-lazy""]",83b744a5953d2662ea723564d4035a333782a0cc85232d1025929a925150b133,/mnt/c/Users/mzyx/Desktop/0921/js-interpreter-bench/experiments/octane_three_engine/MAIN_MONOTONIC_V1/attempt01/generated/EarleyBoyer.Boyer.N16.measure.js,b4298e5e0c93d8ffb778f50f3de11b7dff804d796cfe18707e7e38908e309adc,e610d3aa3d2672a5e6d5eccd9aaf05c6ae6758d1b9c4468289f017a231ab7d9f,0,False,742.529,46.4080625,43.734,786.263,,0,"{""pass"":true,""inner_minus_outer_ms"":-54.65722800000003,""tolerance_ms"":5.0}",300,False,0,"TEB_RESULT:{""benchmark"":""Octane"",""case"":""EarleyBoyer.Boyer"",""suite"":""EarleyBoyer"",""subbenchmark"":""Boyer"",""mode"":""MAIN_MONOTONIC_V1"",""phase"":""measure"",""N"":16,""correctness"":""PASS"",""extra_validation_calls"":0,""checksum"":null,""timer"":""benchNow"",""start_ms"":43.734,""stop_ms"":786.263,""elapsed_ms"":742.529,""elapsed_per_call_ms"":46.4080625,""warmup_calls"":0}
",,3799841806979,3799044620751,797186228,94e240b1-774a-4fdc-8be3-8b5e85457d9d,True,PASS,
wsl2-ubuntu2404-x64-20261004,MAIN_MONOTONIC_V1,Octane,calibration,EarleyBoyer.Boyer,EarleyBoyer,Boyer,jsc,2,0,3,[],0,0,1,2026-10-05T05:42:13.593383+00:00,"[""/home/mzyx/jsc_build_fd3406f/JSCOnly/Release/bin/jsc"",""--useJIT=false"",""--useLLInt=true"",""--validateOptions=true"",""/mnt/c/Users/mzyx/Desktop/0921/js-interpreter-bench/experiments/three_engine_baseline/adapters/jsc.js"",""/mnt/c/Users/mzyx/Desktop/0921/js-interpreter-bench/experiments/timer_recovery/adapters/jsc.js"",""/mnt/c/Users/mzyx/Desktop/0921/js-interpreter-bench/experiments/octane_three_engine/MAIN_MONOTONIC_V1/attempt01/generated/EarleyBoyer.Boyer.N2.measure.js""]","[""--useJIT=false"",""--useLLInt=true"",""--validateOptions=true""]",65c824a055405bf62b05e21d54515a72a1f0187a4d91225d00a6da969d35879f,/mnt/c/Users/mzyx/Desktop/0921/js-interpreter-bench/experiments/octane_three_engine/MAIN_MONOTONIC_V1/attempt01/generated/EarleyBoyer.Boyer.N2.measure.js,2455d51c8f6b68cd63d818c367c11c529110362e9fbe19c7a543d861fc636742,0c485996a598b7e36f2f292b66397adc0390cbe6b69b55199e47e1c6c1e37010,0,False,114.62,57.31,0,114.62,,0,"{""pass"":true,""inner_minus_outer_ms"":-36.100774,""tolerance_ms"":5.0}",300,False,0,"TEB_RESULT:{""benchmark"":""Octane"",""case"":""EarleyBoyer.Boyer"",""suite"":""EarleyBoyer"",""subbenchmark"":""Boyer"",""mode"":""MAIN_MONOTONIC_V1"",""phase"":""measure"",""N"":2,""correctness"":""PASS"",""extra_validation_calls"":0,""checksum"":null,""timer"":""benchNow"",""start_ms"":0,""stop_ms"":114.62,""elapsed_ms"":114.62,""elapsed_per_call_ms"":57.31,""warmup_calls"":0}
",,3793364765945,3793214045171,150720774,94e240b1-774a-4fdc-8be3-8b5e85457d9d,True,PASS,
wsl2-ubuntu2404-x64-20261004,MAIN_MONOTONIC_V1,Octane,calibration,EarleyBoyer.Boyer,EarleyBoyer,Boyer,quickjs,2,0,1,[],0,0,1,2026-10-05T05:42:12.944744+00:00,"[""/home/mzyx/three_engine_20261004/quickjs-04be246001599f5995fa2f2d8c91a0f198d3f34c/qjs"",""-I"",""/mnt/c/Users/mzyx/Desktop/0921/js-interpreter-bench/experiments/three_engine_baseline/adapters/quickjs.js"",""-I"",""/mnt/c/Users/mzyx/Desktop/0921/js-interpreter-bench/experiments/timer_recovery/adapters/quickjs.js"",""/mnt/c/Users/mzyx/Desktop/0921/js-interpreter-bench/experiments/octane_three_engine/MAIN_MONOTONIC_V1/attempt01/generated/EarleyBoyer.Boyer.N2.measure.js""]",[],140d5233b0337d91cb0f994ae4a051e49aa04da8802acfaedf0a01b81a620b79,/mnt/c/Users/mzyx/Desktop/0921/js-interpreter-bench/experiments/octane_three_engine/MAIN_MONOTONIC_V1/attempt01/generated/EarleyBoyer.Boyer.N2.measure.js,2455d51c8f6b68cd63d818c367c11c529110362e9fbe19c7a543d861fc636742,cd393c275173f20526562a008951f65a332deffed85e7c804519788b8ebffab7,0,False,244.84903299994767,122.42451649997383,3792653.758224,3792898.607257,,0,"{""pass"":true,""inner_minus_outer_ms"":-24.401076000052342,""tolerance_ms"":5.0}",300,False,0,"TEB_RESULT:{""benchmark"":""Octane"",""case"":""EarleyBoyer.Boyer"",""suite"":""EarleyBoyer"",""subbenchmark"":""Boyer"",""mode"":""MAIN_MONOTONIC_V1"",""phase"":""measure"",""N"":2,""correctness"":""PASS"",""extra_validation_calls"":0,""checksum"":null,""timer"":""benchNow"",""start_ms"":3792653.758224,""stop_ms"":3792898.607257,""elapsed_ms"":244.84903299994767,""elapsed_per_call_ms"":122.42451649997383,""warmup_calls"":0}
",,3792900152371,3792630902262,269250109,94e240b1-774a-4fdc-8be3-8b5e85457d9d,True,PASS,
wsl2-ubuntu2404-x64-20261004,MAIN_MONOTONIC_V1,Octane,calibration,EarleyBoyer.Boyer,EarleyBoyer,Boyer,v8,2,0,2,[],0,0,1,2026-10-05T05:42:13.354974+00:00,"[""/home/mzyx/three_engine_20261004/v8-linux64-rel-15.6.21/d8"",""--snapshot_blob=/home/mzyx/three_engine_20261004/v8-linux64-rel-15.6.21/snapshot_blob.bin"",""--max-opt=0"",""--no-lazy"",""/mnt/c/Users/mzyx/Desktop/0921/js-interpreter-bench/experiments/three_engine_baseline/adapters/v8.js"",""/mnt/c/Users/mzyx/Desktop/0921/js-interpreter-bench/experiments/timer_recovery/adapters/v8.js"",""/mnt/c/Users/mzyx/Desktop/0921/js-interpreter-bench/experiments/octane_three_engine/MAIN_MONOTONIC_V1/attempt01/generated/EarleyBoyer.Boyer.N2.measure.js""]","[""--max-opt=0"",""--no-lazy""]",83b744a5953d2662ea723564d4035a333782a0cc85232d1025929a925150b133,/mnt/c/Users/mzyx/Desktop/0921/js-interpreter-bench/experiments/octane_three_engine/MAIN_MONOTONIC_V1/attempt01/generated/EarleyBoyer.Boyer.N2.measure.js,2455d51c8f6b68cd63d818c367c11c529110362e9fbe19c7a543d861fc636742,e610d3aa3d2672a5e6d5eccd9aaf05c6ae6758d1b9c4468289f017a231ab7d9f,0,False,106.114,53.057,45.863,151.977,,0,"{""pass"":true,""inner_minus_outer_ms"":-54.990466999999995,""tolerance_ms"":5.0}",300,False,0,"TEB_RESULT:{""benchmark"":""Octane"",""case"":""EarleyBoyer.Boyer"",""suite"":""EarleyBoyer"",""subbenchmark"":""Boyer"",""mode"":""MAIN_MONOTONIC_V1"",""phase"":""measure"",""N"":2,""correctness"":""PASS"",""extra_validation_calls"":0,""checksum"":null,""timer"":""benchNow"",""start_ms"":45.863,""stop_ms"":151.977,""elapsed_ms"":106.114,""elapsed_per_call_ms"":53.057,""warmup_calls"":0}
",,3793136219432,3792975114965,161104467,94e240b1-774a-4fdc-8be3-8b5e85457d9d,True,PASS,
wsl2-ubuntu2404-x64-20261004,MAIN_MONOTONIC_V1,Octane,calibration,EarleyBoyer.Boyer,EarleyBoyer,Boyer,jsc,32,0,3,[],0,0,1,2026-10-05T05:42:26.858019+00:00,"[""/home/mzyx/jsc_build_fd3406f/JSCOnly/Release/bin/jsc"",""--useJIT=false"",""--useLLInt=true"",""--validateOptions=true"",""/mnt/c/Users/mzyx/Desktop/0921/js-interpreter-bench/experiments/three_engine_baseline/adapters/jsc.js"",""/mnt/c/Users/mzyx/Desktop/0921/js-interpreter-bench/experiments/timer_recovery/adapters/jsc.js"",""/mnt/c/Users/mzyx/Desktop/0921/js-interpreter-bench/experiments/octane_three_engine/MAIN_MONOTONIC_V1/attempt01/generated/EarleyBoyer.Boyer.N32.measure.js""]","[""--useJIT=false"",""--useLLInt=true"",""--validateOptions=true""]",65c824a055405bf62b05e21d54515a72a1f0187a4d91225d00a6da969d35879f,/mnt/c/Users/mzyx/Desktop/0921/js-interpreter-bench/experiments/octane_three_engine/MAIN_MONOTONIC_V1/attempt01/generated/EarleyBoyer.Boyer.N32.measure.js,fbfd4c7aea3b566dbe1bd797f5df20f2cc70b920651c5efc631a51118824d7ab,0c485996a598b7e36f2f292b66397adc0390cbe6b69b55199e47e1c6c1e37010,0,False,1921.88,60.05875,0,1921.88,,0,"{""pass"":true,""inner_minus_outer_ms"":-36.23474699999997,""tolerance_ms"":5.0}",300,False,0,"TEB_RESULT:{""benchmark"":""Octane"",""case"":""EarleyBoyer.Boyer"",""suite"":""EarleyBoyer"",""subbenchmark"":""Boyer"",""mode"":""MAIN_MONOTONIC_V1"",""phase"":""measure"",""N"":32,""correctness"":""PASS"",""extra_validation_calls"":0,""checksum"":null,""timer"":""benchNow"",""start_ms"":0,""stop_ms"":1921.88,""elapsed_ms"":1921.88,""elapsed_per_call_ms"":60.05875,""warmup_calls"":0}
",,3808436370841,3806478256094,1958114747,94e240b1-774a-4fdc-8be3-8b5e85457d9d,True,PASS,
wsl2-ubuntu2404-x64-20261004,MAIN_MONOTONIC_V1,Octane,calibration,EarleyBoyer.Boyer,EarleyBoyer,Boyer,quickjs,32,0,1,[],0,0,1,2026-10-05T05:42:21.365918+00:00,"[""/home/mzyx/three_engine_20261004/quickjs-04be246001599f5995fa2f2d8c91a0f198d3f34c/qjs"",""-I"",""/mnt/c/Users/mzyx/Desktop/0921/js-interpreter-bench/experiments/three_engine_baseline/adapters/quickjs.js"",""-I"",""/mnt/c/Users/mzyx/Desktop/0921/js-interpreter-bench/experiments/timer_recovery/adapters/quickjs.js"",""/mnt/c/Users/mzyx/Desktop/0921/js-interpreter-bench/experiments/octane_three_engine/MAIN_MONOTONIC_V1/attempt01/generated/EarleyBoyer.Boyer.N32.measure.js""]",[],140d5233b0337d91cb0f994ae4a051e49aa04da8802acfaedf0a01b81a620b79,/mnt/c/Users/mzyx/Desktop/0921/js-interpreter-bench/experiments/octane_three_engine/MAIN_MONOTONIC_V1/attempt01/generated/EarleyBoyer.Boyer.N32.measure.js,fbfd4c7aea3b566dbe1bd797f5df20f2cc70b920651c5efc631a51118824d7ab,cd393c275173f20526562a008951f65a332deffed85e7c804519788b8ebffab7,0,False,3665.267054999713,114.53959546874103,3801092.191761,3804757.458816,,0,"{""pass"":true,""inner_minus_outer_ms"":-27.93319800028712,""tolerance_ms"":5.0}",300,False,0,"TEB_RESULT:{""benchmark"":""Octane"",""case"":""EarleyBoyer.Boyer"",""suite"":""EarleyBoyer"",""subbenchmark"":""Boyer"",""mode"":""MAIN_MONOTONIC_V1"",""phase"":""measure"",""N"":32,""correctness"":""PASS"",""extra_validation_calls"":0,""checksum"":null,""timer"":""benchNow"",""start_ms"":3801092.191761,""stop_ms"":3804757.458816,""elapsed_ms"":3665.267054999713,""elapsed_per_call_ms"":114.53959546874103,""warmup_calls"":0}
",,3804761805699,3801068605446,3693200253,94e240b1-774a-4fdc-8be3-8b5e85457d9d,True,PASS,
wsl2-ubuntu2404-x64-20261004,MAIN_MONOTONIC_V1,Octane,calibration,EarleyBoyer.Boyer,EarleyBoyer,Boyer,v8,32,0,2,[],0,0,1,2026-10-05T05:42:25.223464+00:00,"[""/home/mzyx/three_engine_20261004/v8-linux64-rel-15.6.21/d8"",""--snapshot_blob=/home/mzyx/three_engine_20261004/v8-linux64-rel-15.6.21/snapshot_blob.bin"",""--max-opt=0"",""--no-lazy"",""/mnt/c/Users/mzyx/Desktop/0921/js-interpreter-bench/experiments/three_engine_baseline/adapters/v8.js"",""/mnt/c/Users/mzyx/Desktop/0921/js-interpreter-bench/experiments/timer_recovery/adapters/v8.js"",""/mnt/c/Users/mzyx/Desktop/0921/js-interpreter-bench/experiments/octane_three_engine/MAIN_MONOTONIC_V1/attempt01/generated/EarleyBoyer.Boyer.N32.measure.js""]","[""--max-opt=0"",""--no-lazy""]",83b744a5953d2662ea723564d4035a333782a0cc85232d1025929a925150b133,/mnt/c/Users/mzyx/Desktop/0921/js-interpreter-bench/experiments/octane_three_engine/MAIN_MONOTONIC_V1/attempt01/generated/EarleyBoyer.Boyer.N32.measure.js,fbfd4c7aea3b566dbe1bd797f5df20f2cc70b920651c5efc631a51118824d7ab,e610d3aa3d2672a5e6d5eccd9aaf05c6ae6758d1b9c4468289f017a231ab7d9f,0,False,1501.74,46.929375,47.843,1549.583,,0,"{""pass"":true,""inner_minus_outer_ms"":-60.4366500000001,""tolerance_ms"":5.0}",300,False,0,"TEB_RESULT:{""benchmark"":""Octane"",""case"":""EarleyBoyer.Boyer"",""suite"":""EarleyBoyer"",""subbenchmark"":""Boyer"",""mode"":""MAIN_MONOTONIC_V1"",""phase"":""measure"",""N"":32,""correctness"":""PASS"",""extra_validation_calls"":0,""checksum"":null,""timer"":""benchNow"",""start_ms"":47.843,""stop_ms"":1549.583,""elapsed_ms"":1501.74,""elapsed_per_call_ms"":46.929375,""warmup_calls"":0}
",,3806404922143,3804842745493,1562176650,94e240b1-774a-4fdc-8be3-8b5e85457d9d,True,PASS,
wsl2-ubuntu2404-x64-20261004,MAIN_MONOTONIC_V1,Octane,calibration,EarleyBoyer.Boyer,EarleyBoyer,Boyer,jsc,4,0,3,[],0,0,1,2026-10-05T05:42:14.786342+00:00,"[""/home/mzyx/jsc_build_fd3406f/JSCOnly/Release/bin/jsc"",""--useJIT=false"",""--useLLInt=true"",""--validateOptions=true"",""/mnt/c/Users/mzyx/Desktop/0921/js-interpreter-bench/experiments/three_engine_baseline/adapters/jsc.js"",""/mnt/c/Users/mzyx/Desktop/0921/js-interpreter-bench/experiments/timer_recovery/adapters/jsc.js"",""/mnt/c/Users/mzyx/Desktop/0921/js-interpreter-bench/experiments/octane_three_engine/MAIN_MONOTONIC_V1/attempt01/generated/EarleyBoyer.Boyer.N4.measure.js""]","[""--useJIT=false"",""--useLLInt=true"",""--validateOptions=true""]",65c824a055405bf62b05e21d54515a72a1f0187a4d91225d00a6da969d35879f,/mnt/c/Users/mzyx/Desktop/0921/js-interpreter-bench/experiments/octane_three_engine/MAIN_MONOTONIC_V1/attempt01/generated/EarleyBoyer.Boyer.N4.measure.js,a8f70a032488d69846547c4ea348381ed300e2e0c27578e251bea0f8a2b4c7a1,0c485996a598b7e36f2f292b66397adc0390cbe6b69b55199e47e1c6c1e37010,0,False,240.62,60.155,0,240.62,,0,"{""pass"":true,""inner_minus_outer_ms"":-39.03002099999998,""tolerance_ms"":5.0}",300,False,0,"TEB_RESULT:{""benchmark"":""Octane"",""case"":""EarleyBoyer.Boyer"",""suite"":""EarleyBoyer"",""subbenchmark"":""Boyer"",""mode"":""MAIN_MONOTONIC_V1"",""phase"":""measure"",""N"":4,""correctness"":""PASS"",""extra_validation_calls"":0,""checksum"":null,""timer"":""benchNow"",""start_ms"":0,""stop_ms"":240.62,""elapsed_ms"":240.62,""elapsed_per_call_ms"":60.155,""warmup_calls"":0}
",,3794685645322,3794405995301,279650021,94e240b1-774a-4fdc-8be3-8b5e85457d9d,True,PASS,
wsl2-ubuntu2404-x64-20261004,MAIN_MONOTONIC_V1,Octane,calibration,EarleyBoyer.Boyer,EarleyBoyer,Boyer,quickjs,4,0,1,[],0,0,1,2026-10-05T05:42:13.819951+00:00,"[""/home/mzyx/three_engine_20261004/quickjs-04be246001599f5995fa2f2d8c91a0f198d3f34c/qjs"",""-I"",""/mnt/c/Users/mzyx/Desktop/0921/js-interpreter-bench/experiments/three_engine_baseline/adapters/quickjs.js"",""-I"",""/mnt/c/Users/mzyx/Desktop/0921/js-interpreter-bench/experiments/timer_recovery/adapters/quickjs.js"",""/mnt/c/Users/mzyx/Desktop/0921/js-interpreter-bench/experiments/octane_three_engine/MAIN_MONOTONIC_V1/attempt01/generated/EarleyBoyer.Boyer.N4.measure.js""]",[],140d5233b0337d91cb0f994ae4a051e49aa04da8802acfaedf0a01b81a620b79,/mnt/c/Users/mzyx/Desktop/0921/js-interpreter-bench/experiments/octane_three_engine/MAIN_MONOTONIC_V1/attempt01/generated/EarleyBoyer.Boyer.N4.measure.js,a8f70a032488d69846547c4ea348381ed300e2e0c27578e251bea0f8a2b4c7a1,cd393c275173f20526562a008951f65a332deffed85e7c804519788b8ebffab7,0,False,471.88707699999213,117.97176924999803,3793528.793317,3794000.680394,,0,"{""pass"":true,""inner_minus_outer_ms"":-23.493809000007843,""tolerance_ms"":5.0}",300,False,0,"TEB_RESULT:{""benchmark"":""Octane"",""case"":""EarleyBoyer.Boyer"",""suite"":""EarleyBoyer"",""subbenchmark"":""Boyer"",""mode"":""MAIN_MONOTONIC_V1"",""phase"":""measure"",""N"":4,""correctness"":""PASS"",""extra_validation_calls"":0,""checksum"":null,""timer"":""benchNow"",""start_ms"":3793528.793317,""stop_ms"":3794000.680394,""elapsed_ms"":471.88707699999213,""elapsed_per_call_ms"":117.97176924999803,""warmup_calls"":0}
",,3794002502397,3793507121511,495380886,94e240b1-774a-4fdc-8be3-8b5e85457d9d,True,PASS,
wsl2-ubuntu2404-x64-20261004,MAIN_MONOTONIC_V1,Octane,calibration,EarleyBoyer.Boyer,EarleyBoyer,Boyer,v8,4,0,2,[],0,0,1,2026-10-05T05:42:14.456627+00:00,"[""/home/mzyx/three_engine_20261004/v8-linux64-rel-15.6.21/d8"",""--snapshot_blob=/home/mzyx/three_engine_20261004/v8-linux64-rel-15.6.21/snapshot_blob.bin"",""--max-opt=0"",""--no-lazy"",""/mnt/c/Users/mzyx/Desktop/0921/js-interpreter-bench/experiments/three_engine_baseline/adapters/v8.js"",""/mnt/c/Users/mzyx/Desktop/0921/js-interpreter-bench/experiments/timer_recovery/adapters/v8.js"",""/mnt/c/Users/mzyx/Desktop/0921/js-interpreter-bench/experiments/octane_three_engine/MAIN_MONOTONIC_V1/attempt01/generated/EarleyBoyer.Boyer.N4.measure.js""]","[""--max-opt=0"",""--no-lazy""]",83b744a5953d2662ea723564d4035a333782a0cc85232d1025929a925150b133,/mnt/c/Users/mzyx/Desktop/0921/js-interpreter-bench/experiments/octane_three_engine/MAIN_MONOTONIC_V1/attempt01/generated/EarleyBoyer.Boyer.N4.measure.js,a8f70a032488d69846547c4ea348381ed300e2e0c27578e251bea0f8a2b4c7a1,e610d3aa3d2672a5e6d5eccd9aaf05c6ae6758d1b9c4468289f017a231ab7d9f,0,False,204.195,51.04875,45.078,249.273,,0,"{""pass"":true,""inner_minus_outer_ms"":-54.434259,""tolerance_ms"":5.0}",300,False,0,"TEB_RESULT:{""benchmark"":""Octane"",""case"":""EarleyBoyer.Boyer"",""suite"":""EarleyBoyer"",""subbenchmark"":""Boyer"",""mode"":""MAIN_MONOTONIC_V1"",""phase"":""measure"",""N"":4,""correctness"":""PASS"",""extra_validation_calls"":0,""checksum"":null,""timer"":""benchNow"",""start_ms"":45.078,""stop_ms"":249.273,""elapsed_ms"":204.195,""elapsed_per_call_ms"":51.04875,""warmup_calls"":0}
",,3794334524802,3794075895543,258629259,94e240b1-774a-4fdc-8be3-8b5e85457d9d,True,PASS,
wsl2-ubuntu2404-x64-20261004,MAIN_MONOTONIC_V1,Octane,calibration,EarleyBoyer.Boyer,EarleyBoyer,Boyer,jsc,8,0,3,[],0,0,1,2026-10-05T05:42:16.816082+00:00,"[""/home/mzyx/jsc_build_fd3406f/JSCOnly/Release/bin/jsc"",""--useJIT=false"",""--useLLInt=true"",""--validateOptions=true"",""/mnt/c/Users/mzyx/Desktop/0921/js-interpreter-bench/experiments/three_engine_baseline/adapters/jsc.js"",""/mnt/c/Users/mzyx/Desktop/0921/js-interpreter-bench/experiments/timer_recovery/adapters/jsc.js"",""/mnt/c/Users/mzyx/Desktop/0921/js-interpreter-bench/experiments/octane_three_engine/MAIN_MONOTONIC_V1/attempt01/generated/EarleyBoyer.Boyer.N8.measure.js""]","[""--useJIT=false"",""--useLLInt=true"",""--validateOptions=true""]",65c824a055405bf62b05e21d54515a72a1f0187a4d91225d00a6da969d35879f,/mnt/c/Users/mzyx/Desktop/0921/js-interpreter-bench/experiments/octane_three_engine/MAIN_MONOTONIC_V1/attempt01/generated/EarleyBoyer.Boyer.N8.measure.js,8e79333c7f373bdc9c2c453440ffc2faddd35273c69abe129fa67f88342d7d2e,0c485996a598b7e36f2f292b66397adc0390cbe6b69b55199e47e1c6c1e37010,0,False,487.72,60.965,0,487.72,,0,"{""pass"":true,""inner_minus_outer_ms"":-37.293200999999954,""tolerance_ms"":5.0}",300,False,0,"TEB_RESULT:{""benchmark"":""Octane"",""case"":""EarleyBoyer.Boyer"",""suite"":""EarleyBoyer"",""subbenchmark"":""Boyer"",""mode"":""MAIN_MONOTONIC_V1"",""phase"":""measure"",""N"":8,""correctness"":""PASS"",""extra_validation_calls"":0,""checksum"":null,""timer"":""benchNow"",""start_ms"":0,""stop_ms"":487.72,""elapsed_ms"":487.72,""elapsed_per_call_ms"":60.965,""warmup_calls"":0}
",,3796960519003,3796435505802,525013201,94e240b1-774a-4fdc-8be3-8b5e85457d9d,True,PASS,
wsl2-ubuntu2404-x64-20261004,MAIN_MONOTONIC_V1,Octane,calibration,EarleyBoyer.Boyer,EarleyBoyer,Boyer,quickjs,8,0,1,[],0,0,1,2026-10-05T05:42:15.141444+00:00,"[""/home/mzyx/three_engine_20261004/quickjs-04be246001599f5995fa2f2d8c91a0f198d3f34c/qjs"",""-I"",""/mnt/c/Users/mzyx/Desktop/0921/js-interpreter-bench/experiments/three_engine_baseline/adapters/quickjs.js"",""-I"",""/mnt/c/Users/mzyx/Desktop/0921/js-interpreter-bench/experiments/timer_recovery/adapters/quickjs.js"",""/mnt/c/Users/mzyx/Desktop/0921/js-interpreter-bench/experiments/octane_three_engine/MAIN_MONOTONIC_V1/attempt01/generated/EarleyBoyer.Boyer.N8.measure.js""]",[],140d5233b0337d91cb0f994ae4a051e49aa04da8802acfaedf0a01b81a620b79,/mnt/c/Users/mzyx/Desktop/0921/js-interpreter-bench/experiments/octane_three_engine/MAIN_MONOTONIC_V1/attempt01/generated/EarleyBoyer.Boyer.N8.measure.js,8e79333c7f373bdc9c2c453440ffc2faddd35273c69abe129fa67f88342d7d2e,cd393c275173f20526562a008951f65a332deffed85e7c804519788b8ebffab7,0,False,960.3211999996565,120.04014999995707,3794869.394776,3795829.715976,,0,"{""pass"":true,""inner_minus_outer_ms"":-27.218957000343494,""tolerance_ms"":5.0}",300,False,0,"TEB_RESULT:{""benchmark"":""Octane"",""case"":""EarleyBoyer.Boyer"",""suite"":""EarleyBoyer"",""subbenchmark"":""Boyer"",""mode"":""MAIN_MONOTONIC_V1"",""phase"":""measure"",""N"":8,""correctness"":""PASS"",""extra_validation_calls"":0,""checksum"":null,""timer"":""benchNow"",""start_ms"":3794869.394776,""stop_ms"":3795829.715976,""elapsed_ms"":960.3211999996565,""elapsed_per_call_ms"":120.04014999995707,""warmup_calls"":0}
",,3795832043731,3794844503574,987540157,94e240b1-774a-4fdc-8be3-8b5e85457d9d,True,PASS,
wsl2-ubuntu2404-x64-20261004,MAIN_MONOTONIC_V1,Octane,calibration,EarleyBoyer.Boyer,EarleyBoyer,Boyer,v8,8,0,2,[],0,0,1,2026-10-05T05:42:16.289066+00:00,"[""/home/mzyx/three_engine_20261004/v8-linux64-rel-15.6.21/d8"",""--snapshot_blob=/home/mzyx/three_engine_20261004/v8-linux64-rel-15.6.21/snapshot_blob.bin"",""--max-opt=0"",""--no-lazy"",""/mnt/c/Users/mzyx/Desktop/0921/js-interpreter-bench/experiments/three_engine_baseline/adapters/v8.js"",""/mnt/c/Users/mzyx/Desktop/0921/js-interpreter-bench/experiments/timer_recovery/adapters/v8.js"",""/mnt/c/Users/mzyx/Desktop/0921/js-interpreter-bench/experiments/octane_three_engine/MAIN_MONOTONIC_V1/attempt01/generated/EarleyBoyer.Boyer.N8.measure.js""]","[""--max-opt=0"",""--no-lazy""]",83b744a5953d2662ea723564d4035a333782a0cc85232d1025929a925150b133,/mnt/c/Users/mzyx/Desktop/0921/js-interpreter-bench/experiments/octane_three_engine/MAIN_MONOTONIC_V1/attempt01/generated/EarleyBoyer.Boyer.N8.measure.js,8e79333c7f373bdc9c2c453440ffc2faddd35273c69abe129fa67f88342d7d2e,e610d3aa3d2672a5e6d5eccd9aaf05c6ae6758d1b9c4468289f017a231ab7d9f,0,False,395.733,49.466625,50.041,445.774,,0,"{""pass"":true,""inner_minus_outer_ms"":-61.10094600000002,""tolerance_ms"":5.0}",300,False,0,"TEB_RESULT:{""benchmark"":""Octane"",""case"":""EarleyBoyer.Boyer"",""suite"":""EarleyBoyer"",""subbenchmark"":""Boyer"",""mode"":""MAIN_MONOTONIC_V1"",""phase"":""measure"",""N"":8,""correctness"":""PASS"",""extra_validation_calls"":0,""checksum"":null,""timer"":""benchNow"",""start_ms"":50.041,""stop_ms"":445.774,""elapsed_ms"":395.733,""elapsed_per_call_ms"":49.466625,""warmup_calls"":0}
",,3796366333907,3795909499961,456833946,94e240b1-774a-4fdc-8be3-8b5e85457d9d,True,PASS,
wsl2-ubuntu2404-x64-20261004,MAIN_MONOTONIC_V1,Octane,calibration,EarleyBoyer.Earley,EarleyBoyer,Earley,jsc,1,0,3,[],0,0,1,2026-10-05T05:41:56.998373+00:00,"[""/home/mzyx/jsc_build_fd3406f/JSCOnly/Release/bin/jsc"",""--useJIT=false"",""--useLLInt=true"",""--validateOptions=true"",""/mnt/c/Users/mzyx/Desktop/0921/js-interpreter-bench/experiments/three_engine_baseline/adapters/jsc.js"",""/mnt/c/Users/mzyx/Desktop/0921/js-interpreter-bench/experiments/timer_recovery/adapters/jsc.js"",""/mnt/c/Users/mzyx/Desktop/0921/js-interpreter-bench/experiments/octane_three_engine/MAIN_MONOTONIC_V1/attempt01/generated/EarleyBoyer.Earley.N1.measure.js""]","[""--useJIT=false"",""--useLLInt=true"",""--validateOptions=true""]",65c824a055405bf62b05e21d54515a72a1f0187a4d91225d00a6da969d35879f,/mnt/c/Users/mzyx/Desktop/0921/js-interpreter-bench/experiments/octane_three_engine/MAIN_MONOTONIC_V1/attempt01/generated/EarleyBoyer.Earley.N1.measure.js,d6419fa03ed4fab927260848453e3b42b664b8ff07cec10893f9558da1939f2e,0c485996a598b7e36f2f292b66397adc0390cbe6b69b55199e47e1c6c1e37010,0,False,6.52,6.52,0,6.52,,0,"{""pass"":true,""inner_minus_outer_ms"":-34.998711,""tolerance_ms"":5.0}",300,False,0,"TEB_RESULT:{""benchmark"":""Octane"",""case"":""EarleyBoyer.Earley"",""suite"":""EarleyBoyer"",""subbenchmark"":""Earley"",""mode"":""MAIN_MONOTONIC_V1"",""phase"":""measure"",""N"":1,""correctness"":""PASS"",""extra_validation_calls"":0,""checksum"":null,""timer"":""benchNow"",""start_ms"":0,""stop_ms"":6.52,""elapsed_ms"":6.52,""elapsed_per_call_ms"":6.52,""warmup_calls"":0}
",,3773695823809,3773654305098,41518711,94e240b1-774a-4fdc-8be3-8b5e85457d9d,True,PASS,
wsl2-ubuntu2404-x64-20261004,MAIN_MONOTONIC_V1,Octane,calibration,EarleyBoyer.Earley,EarleyBoyer,Earley,quickjs,1,0,1,[],0,0,1,2026-10-05T05:41:56.681104+00:00,"[""/home/mzyx/three_engine_20261004/quickjs-04be246001599f5995fa2f2d8c91a0f198d3f34c/qjs"",""-I"",""/mnt/c/Users/mzyx/Desktop/0921/js-interpreter-bench/experiments/three_engine_baseline/adapters/quickjs.js"",""-I"",""/mnt/c/Users/mzyx/Desktop/0921/js-interpreter-bench/experiments/timer_recovery/adapters/quickjs.js"",""/mnt/c/Users/mzyx/Desktop/0921/js-interpreter-bench/experiments/octane_three_engine/MAIN_MONOTONIC_V1/attempt01/generated/EarleyBoyer.Earley.N1.measure.js""]",[],140d5233b0337d91cb0f994ae4a051e49aa04da8802acfaedf0a01b81a620b79,/mnt/c/Users/mzyx/Desktop/0921/js-interpreter-bench/experiments/octane_three_engine/MAIN_MONOTONIC_V1/attempt01/generated/EarleyBoyer.Earley.N1.measure.js,d6419fa03ed4fab927260848453e3b42b664b8ff07cec10893f9558da1939f2e,cd393c275173f20526562a008951f65a332deffed85e7c804519788b8ebffab7,0,False,8.052415000274777,8.052415000274777,3773429.796367,3773437.848782,,0,"{""pass"":true,""inner_minus_outer_ms"":-26.648804999725222,""tolerance_ms"":5.0}",300,False,0,"TEB_RESULT:{""benchmark"":""Octane"",""case"":""EarleyBoyer.Earley"",""suite"":""EarleyBoyer"",""subbenchmark"":""Earley"",""mode"":""MAIN_MONOTONIC_V1"",""phase"":""measure"",""N"":1,""correctness"":""PASS"",""extra_validation_calls"":0,""checksum"":null,""timer"":""benchNow"",""start_ms"":3773429.796367,""stop_ms"":3773437.848782,""elapsed_ms"":8.052415000274777,""elapsed_per_call_ms"":8.052415000274777,""warmup_calls"":0}
",,3773439278917,3773404577697,34701220,94e240b1-774a-4fdc-8be3-8b5e85457d9d,True,PASS,
wsl2-ubuntu2404-x64-20261004,MAIN_MONOTONIC_V1,Octane,calibration,EarleyBoyer.Earley,EarleyBoyer,Earley,v8,1,0,2,[],0,0,1,2026-10-05T05:41:56.859241+00:00,"[""/home/mzyx/three_engine_20261004/v8-linux64-rel-15.6.21/d8"",""--snapshot_blob=/home/mzyx/three_engine_20261004/v8-linux64-rel-15.6.21/snapshot_blob.bin"",""--max-opt=0"",""--no-lazy"",""/mnt/c/Users/mzyx/Desktop/0921/js-interpreter-bench/experiments/three_engine_baseline/adapters/v8.js"",""/mnt/c/Users/mzyx/Desktop/0921/js-interpreter-bench/experiments/timer_recovery/adapters/v8.js"",""/mnt/c/Users/mzyx/Desktop/0921/js-interpreter-bench/experiments/octane_three_engine/MAIN_MONOTONIC_V1/attempt01/generated/EarleyBoyer.Earley.N1.measure.js""]","[""--max-opt=0"",""--no-lazy""]",83b744a5953d2662ea723564d4035a333782a0cc85232d1025929a925150b133,/mnt/c/Users/mzyx/Desktop/0921/js-interpreter-bench/experiments/octane_three_engine/MAIN_MONOTONIC_V1/attempt01/generated/EarleyBoyer.Earley.N1.measure.js,d6419fa03ed4fab927260848453e3b42b664b8ff07cec10893f9558da1939f2e,e610d3aa3d2672a5e6d5eccd9aaf05c6ae6758d1b9c4468289f017a231ab7d9f,0,False,2.939,2.939,51.214,54.153,,0,"{""pass"":true,""inner_minus_outer_ms"":-61.93484,""tolerance_ms"":5.0}",300,False,0,"TEB_RESULT:{""benchmark"":""Octane"",""case"":""EarleyBoyer.Earley"",""suite"":""EarleyBoyer"",""subbenchmark"":""Earley"",""mode"":""MAIN_MONOTONIC_V1"",""phase"":""measure"",""N"":1,""correctness"":""PASS"",""extra_validation_calls"":0,""checksum"":null,""timer"":""benchNow"",""start_ms"":51.214,""stop_ms"":54.153,""elapsed_ms"":2.939,""elapsed_per_call_ms"":2.939,""warmup_calls"":0}
",,3773579460677,3773514586837,64873840,94e240b1-774a-4fdc-8be3-8b5e85457d9d,True,PASS,
wsl2-ubuntu2404-x64-20261004,MAIN_MONOTONIC_V1,Octane,calibration,EarleyBoyer.Earley,EarleyBoyer,Earley,jsc,128,0,3,[],0,0,1,2026-10-05T05:42:02.947846+00:00,"[""/home/mzyx/jsc_build_fd3406f/JSCOnly/Release/bin/jsc"",""--useJIT=false"",""--useLLInt=true"",""--validateOptions=true"",""/mnt/c/Users/mzyx/Desktop/0921/js-interpreter-bench/experiments/three_engine_baseline/adapters/jsc.js"",""/mnt/c/Users/mzyx/Desktop/0921/js-interpreter-bench/experiments/timer_recovery/adapters/jsc.js"",""/mnt/c/Users/mzyx/Desktop/0921/js-interpreter-bench/experiments/octane_three_engine/MAIN_MONOTONIC_V1/attempt01/generated/EarleyBoyer.Earley.N128.measure.js""]","[""--useJIT=false"",""--useLLInt=true"",""--validateOptions=true""]",65c824a055405bf62b05e21d54515a72a1f0187a4d91225d00a6da969d35879f,/mnt/c/Users/mzyx/Desktop/0921/js-interpreter-bench/experiments/octane_three_engine/MAIN_MONOTONIC_V1/attempt01/generated/EarleyBoyer.Earley.N128.measure.js,139b81243b4778707819391a68d434002b6356bbc80c43c30791258ce049b525,0c485996a598b7e36f2f292b66397adc0390cbe6b69b55199e47e1c6c1e37010,0,False,532.48,4.16,0,532.48,,0,"{""pass"":true,""inner_minus_outer_ms"":-35.78979300000003,""tolerance_ms"":5.0}",300,False,0,"TEB_RESULT:{""benchmark"":""Octane"",""case"":""EarleyBoyer.Earley"",""suite"":""EarleyBoyer"",""subbenchmark"":""Earley"",""mode"":""MAIN_MONOTONIC_V1"",""phase"":""measure"",""N"":128,""correctness"":""PASS"",""extra_validation_calls"":0,""checksum"":null,""timer"":""benchNow"",""start_ms"":0,""stop_ms"":532.48,""elapsed_ms"":532.48,""elapsed_per_call_ms"":4.16,""warmup_calls"":0}
",,3780170970363,3779602700570,568269793,94e240b1-774a-4fdc-8be3-8b5e85457d9d,True,PASS,
wsl2-ubuntu2404-x64-20261004,MAIN_MONOTONIC_V1,Octane,calibration,EarleyBoyer.Earley,EarleyBoyer,Earley,quickjs,128,0,1,[],0,0,1,2026-10-05T05:42:01.394648+00:00,"[""/home/mzyx/three_engine_20261004/quickjs-04be246001599f5995fa2f2d8c91a0f198d3f34c/qjs"",""-I"",""/mnt/c/Users/mzyx/Desktop/0921/js-interpreter-bench/experiments/three_engine_baseline/adapters/quickjs.js"",""-I"",""/mnt/c/Users/mzyx/Desktop/0921/js-interpreter-bench/experiments/timer_recovery/adapters/quickjs.js"",""/mnt/c/Users/mzyx/Desktop/0921/js-interpreter-bench/experiments/octane_three_engine/MAIN_MONOTONIC_V1/attempt01/generated/EarleyBoyer.Earley.N128.measure.js""]",[],140d5233b0337d91cb0f994ae4a051e49aa04da8802acfaedf0a01b81a620b79,/mnt/c/Users/mzyx/Desktop/0921/js-interpreter-bench/experiments/octane_three_engine/MAIN_MONOTONIC_V1/attempt01/generated/EarleyBoyer.Earley.N128.measure.js,139b81243b4778707819391a68d434002b6356bbc80c43c30791258ce049b525,cd393c275173f20526562a008951f65a332deffed85e7c804519788b8ebffab7,0,False,939.5406029997393,7.340160960935464,3778158.230942,3779097.771545,,0,"{""pass"":true,""inner_minus_outer_ms"":-25.353026000260684,""tolerance_ms"":5.0}",300,False,0,"TEB_RESULT:{""benchmark"":""Octane"",""case"":""EarleyBoyer.Earley"",""suite"":""EarleyBoyer"",""subbenchmark"":""Earley"",""mode"":""MAIN_MONOTONIC_V1"",""phase"":""measure"",""N"":128,""correctness"":""PASS"",""extra_validation_calls"":0,""checksum"":null,""timer"":""benchNow"",""start_ms"":3778158.230942,""stop_ms"":3779097.771545,""elapsed_ms"":939.5406029997393,""elapsed_per_call_ms"":7.340160960935464,""warmup_calls"":0}
",,3779099202073,3778134308444,964893629,94e240b1-774a-4fdc-8be3-8b5e85457d9d,True,PASS,
wsl2-ubuntu2404-x64-20261004,MAIN_MONOTONIC_V1,Octane,calibration,EarleyBoyer.Earley,EarleyBoyer,Earley,v8,128,0,2,[],0,0,1,2026-10-05T05:42:02.516745+00:00,"[""/home/mzyx/three_engine_20261004/v8-linux64-rel-15.6.21/d8"",""--snapshot_blob=/home/mzyx/three_engine_20261004/v8-linux64-rel-15.6.21/snapshot_blob.bin"",""--max-opt=0"",""--no-lazy"",""/mnt/c/Users/mzyx/Desktop/0921/js-interpreter-bench/experiments/three_engine_baseline/adapters/v8.js"",""/mnt/c/Users/mzyx/Desktop/0921/js-interpreter-bench/experiments/timer_recovery/adapters/v8.js"",""/mnt/c/Users/mzyx/Desktop/0921/js-interpreter-bench/experiments/octane_three_engine/MAIN_MONOTONIC_V1/attempt01/generated/EarleyBoyer.Earley.N128.measure.js""]","[""--max-opt=0"",""--no-lazy""]",83b744a5953d2662ea723564d4035a333782a0cc85232d1025929a925150b133,/mnt/c/Users/mzyx/Desktop/0921/js-interpreter-bench/experiments/octane_three_engine/MAIN_MONOTONIC_V1/attempt01/generated/EarleyBoyer.Earley.N128.measure.js,139b81243b4778707819391a68d434002b6356bbc80c43c30791258ce049b525,e610d3aa3d2672a5e6d5eccd9aaf05c6ae6758d1b9c4468289f017a231ab7d9f,0,False,306.438,2.394046875,43.619,350.057,,0,"{""pass"":true,""inner_minus_outer_ms"":-53.689926000000014,""tolerance_ms"":5.0}",300,False,0,"TEB_RESULT:{""benchmark"":""Octane"",""case"":""EarleyBoyer.Earley"",""suite"":""EarleyBoyer"",""subbenchmark"":""Earley"",""mode"":""MAIN_MONOTONIC_V1"",""phase"":""measure"",""N"":128,""correctness"":""PASS"",""extra_validation_calls"":0,""checksum"":null,""timer"":""benchNow"",""start_ms"":43.619,""stop_ms"":350.057,""elapsed_ms"":306.438,""elapsed_per_call_ms"":2.394046875,""warmup_calls"":0}
",,3779532076668,3779171948742,360127926,94e240b1-774a-4fdc-8be3-8b5e85457d9d,True,PASS,
wsl2-ubuntu2404-x64-20261004,MAIN_MONOTONIC_V1,Octane,calibration,EarleyBoyer.Earley,EarleyBoyer,Earley,jsc,16,0,3,[],0,0,1,2026-10-05T05:41:58.998838+00:00,"[""/home/mzyx/jsc_build_fd3406f/JSCOnly/Release/bin/jsc"",""--useJIT=false"",""--useLLInt=true"",""--validateOptions=true"",""/mnt/c/Users/mzyx/Desktop/0921/js-interpreter-bench/experiments/three_engine_baseline/adapters/jsc.js"",""/mnt/c/Users/mzyx/Desktop/0921/js-interpreter-bench/experiments/timer_recovery/adapters/jsc.js"",""/mnt/c/Users/mzyx/Desktop/0921/js-interpreter-bench/experiments/octane_three_engine/MAIN_MONOTONIC_V1/attempt01/generated/EarleyBoyer.Earley.N16.measure.js""]","[""--useJIT=false"",""--useLLInt=true"",""--validateOptions=true""]",65c824a055405bf62b05e21d54515a72a1f0187a4d91225d00a6da969d35879f,/mnt/c/Users/mzyx/Desktop/0921/js-interpreter-bench/experiments/octane_three_engine/MAIN_MONOTONIC_V1/attempt01/generated/EarleyBoyer.Earley.N16.measure.js,af571904ee625f475d00d7d927c84043b33f8ff16a557607a907a2cb406732b9,0c485996a598b7e36f2f292b66397adc0390cbe6b69b55199e47e1c6c1e37010,0,False,73.5,4.59375,0,73.5,,0,"{""pass"":true,""inner_minus_outer_ms"":-39.164303000000004,""tolerance_ms"":5.0}",300,False,0,"TEB_RESULT:{""benchmark"":""Octane"",""case"":""EarleyBoyer.Earley"",""suite"":""EarleyBoyer"",""subbenchmark"":""Earley"",""mode"":""MAIN_MONOTONIC_V1"",""phase"":""measure"",""N"":16,""correctness"":""PASS"",""extra_validation_calls"":0,""checksum"":null,""timer"":""benchNow"",""start_ms"":0,""stop_ms"":73.5,""elapsed_ms"":73.5,""elapsed_per_call_ms"":4.59375,""warmup_calls"":0}
",,3775767487739,3775654823436,112664303,94e240b1-774a-4fdc-8be3-8b5e85457d9d,True,PASS,
wsl2-ubuntu2404-x64-20261004,MAIN_MONOTONIC_V1,Octane,calibration,EarleyBoyer.Earley,EarleyBoyer,Earley,quickjs,16,0,1,[],0,0,1,2026-10-05T05:41:58.538081+00:00,"[""/home/mzyx/three_engine_20261004/quickjs-04be246001599f5995fa2f2d8c91a0f198d3f34c/qjs"",""-I"",""/mnt/c/Users/mzyx/Desktop/0921/js-interpreter-bench/experiments/three_engine_baseline/adapters/quickjs.js"",""-I"",""/mnt/c/Users/mzyx/Desktop/0921/js-interpreter-bench/experiments/timer_recovery/adapters/quickjs.js"",""/mnt/c/Users/mzyx/Desktop/0921/js-interpreter-bench/experiments/octane_three_engine/MAIN_MONOTONIC_V1/attempt01/generated/EarleyBoyer.Earley.N16.measure.js""]",[],140d5233b0337d91cb0f994ae4a051e49aa04da8802acfaedf0a01b81a620b79,/mnt/c/Users/mzyx/Desktop/0921/js-interpreter-bench/experiments/octane_three_engine/MAIN_MONOTONIC_V1/attempt01/generated/EarleyBoyer.Earley.N16.measure.js,af571904ee625f475d00d7d927c84043b33f8ff16a557607a907a2cb406732b9,cd393c275173f20526562a008951f65a332deffed85e7c804519788b8ebffab7,0,False,125.39379400014877,7.837112125009298,3775282.426868,3775407.820662,,0,"{""pass"":true,""inner_minus_outer_ms"":-25.00664599985123,""tolerance_ms"":5.0}",300,False,0,"TEB_RESULT:{""benchmark"":""Octane"",""case"":""EarleyBoyer.Earley"",""suite"":""EarleyBoyer"",""subbenchmark"":""Earley"",""mode"":""MAIN_MONOTONIC_V1"",""phase"":""measure"",""N"":16,""correctness"":""PASS"",""extra_validation_calls"":0,""checksum"":null,""timer"":""benchNow"",""start_ms"":3775282.426868,""stop_ms"":3775407.820662,""elapsed_ms"":125.39379400014877,""elapsed_per_call_ms"":7.837112125009298,""warmup_calls"":0}
",,3775409476064,3775259075624,150400440,94e240b1-774a-4fdc-8be3-8b5e85457d9d,True,PASS,
wsl2-ubuntu2404-x64-20261004,MAIN_MONOTONIC_V1,Octane,calibration,EarleyBoyer.Earley,EarleyBoyer,Earley,v8,16,0,2,[],0,0,1,2026-10-05T05:41:58.827369+00:00,"[""/home/mzyx/three_engine_20261004/v8-linux64-rel-15.6.21/d8"",""--snapshot_blob=/home/mzyx/three_engine_20261004/v8-linux64-rel-15.6.21/snapshot_blob.bin"",""--max-opt=0"",""--no-lazy"",""/mnt/c/Users/mzyx/Desktop/0921/js-interpreter-bench/experiments/three_engine_baseline/adapters/v8.js"",""/mnt/c/Users/mzyx/Desktop/0921/js-interpreter-bench/experiments/timer_recovery/adapters/v8.js"",""/mnt/c/Users/mzyx/Desktop/0921/js-interpreter-bench/experiments/octane_three_engine/MAIN_MONOTONIC_V1/attempt01/generated/EarleyBoyer.Earley.N16.measure.js""]","[""--max-opt=0"",""--no-lazy""]",83b744a5953d2662ea723564d4035a333782a0cc85232d1025929a925150b133,/mnt/c/Users/mzyx/Desktop/0921/js-interpreter-bench/experiments/octane_three_engine/MAIN_MONOTONIC_V1/attempt01/generated/EarleyBoyer.Earley.N16.measure.js,af571904ee625f475d00d7d927c84043b33f8ff16a557607a907a2cb406732b9,e610d3aa3d2672a5e6d5eccd9aaf05c6ae6758d1b9c4468289f017a231ab7d9f,0,False,43.01200000000001,2.6882500000000005,47.513,90.525,,0,"{""pass"":true,""inner_minus_outer_ms"":-56.130131999999996,""tolerance_ms"":5.0}",300,False,0,"TEB_RESULT:{""benchmark"":""Octane"",""case"":""EarleyBoyer.Earley"",""suite"":""EarleyBoyer"",""subbenchmark"":""Earley"",""mode"":""MAIN_MONOTONIC_V1"",""phase"":""measure"",""N"":16,""correctness"":""PASS"",""extra_validation_calls"":0,""checksum"":null,""timer"":""benchNow"",""start_ms"":47.513,""stop_ms"":90.525,""elapsed_ms"":43.01200000000001,""elapsed_per_call_ms"":2.6882500000000005,""warmup_calls"":0}
",,3775582625002,3775483482870,99142132,94e240b1-774a-4fdc-8be3-8b5e85457d9d,True,PASS,
wsl2-ubuntu2404-x64-20261004,MAIN_MONOTONIC_V1,Octane,calibration,EarleyBoyer.Earley,EarleyBoyer,Earley,jsc,2,0,3,[],0,0,1,2026-10-05T05:41:57.422345+00:00,"[""/home/mzyx/jsc_build_fd3406f/JSCOnly/Release/bin/jsc"",""--useJIT=false"",""--useLLInt=true"",""--validateOptions=true"",""/mnt/c/Users/mzyx/Desktop/0921/js-interpreter-bench/experiments/three_engine_baseline/adapters/jsc.js"",""/mnt/c/Users/mzyx/Desktop/0921/js-interpreter-bench/experiments/timer_recovery/adapters/jsc.js"",""/mnt/c/Users/mzyx/Desktop/0921/js-interpreter-bench/experiments/octane_three_engine/MAIN_MONOTONIC_V1/attempt01/generated/EarleyBoyer.Earley.N2.measure.js""]","[""--useJIT=false"",""--useLLInt=true"",""--validateOptions=true""]",65c824a055405bf62b05e21d54515a72a1f0187a4d91225d00a6da969d35879f,/mnt/c/Users/mzyx/Desktop/0921/js-interpreter-bench/experiments/octane_three_engine/MAIN_MONOTONIC_V1/attempt01/generated/EarleyBoyer.Earley.N2.measure.js,c6dd7831fb1231ecd6cf8d3701543eb6051b1725f955a7ac6ae38740fa9ca36b,0c485996a598b7e36f2f292b66397adc0390cbe6b69b55199e47e1c6c1e37010,0,False,9.24,4.62,0,9.24,,0,"{""pass"":true,""inner_minus_outer_ms"":-32.627689,""tolerance_ms"":5.0}",300,False,0,"TEB_RESULT:{""benchmark"":""Octane"",""case"":""EarleyBoyer.Earley"",""suite"":""EarleyBoyer"",""subbenchmark"":""Earley"",""mode"":""MAIN_MONOTONIC_V1"",""phase"":""measure"",""N"":2,""correctness"":""PASS"",""extra_validation_calls"":0,""checksum"":null,""timer"":""benchNow"",""start_ms"":0,""stop_ms"":9.24,""elapsed_ms"":9.24,""elapsed_per_call_ms"":4.62,""warmup_calls"":0}
",,3774119542868,3774077675179,41867689,94e240b1-774a-4fdc-8be3-8b5e85457d9d,True,PASS,
wsl2-ubuntu2404-x64-20261004,MAIN_MONOTONIC_V1,Octane,calibration,EarleyBoyer.Earley,EarleyBoyer,Earley,quickjs,2,0,1,[],0,0,1,2026-10-05T05:41:57.115134+00:00,"[""/home/mzyx/three_engine_20261004/quickjs-04be246001599f5995fa2f2d8c91a0f198d3f34c/qjs"",""-I"",""/mnt/c/Users/mzyx/Desktop/0921/js-interpreter-bench/experiments/three_engine_baseline/adapters/quickjs.js"",""-I"",""/mnt/c/Users/mzyx/Desktop/0921/js-interpreter-bench/experiments/timer_recovery/adapters/quickjs.js"",""/mnt/c/Users/mzyx/Desktop/0921/js-interpreter-bench/experiments/octane_three_engine/MAIN_MONOTONIC_V1/attempt01/generated/EarleyBoyer.Earley.N2.measure.js""]",[],140d5233b0337d91cb0f994ae4a051e49aa04da8802acfaedf0a01b81a620b79,/mnt/c/Users/mzyx/Desktop/0921/js-interpreter-bench/experiments/octane_three_engine/MAIN_MONOTONIC_V1/attempt01/generated/EarleyBoyer.Earley.N2.measure.js,c6dd7831fb1231ecd6cf8d3701543eb6051b1725f955a7ac6ae38740fa9ca36b,cd393c275173f20526562a008951f65a332deffed85e7c804519788b8ebffab7,0,False,15.750969000160694,7.875484500080347,3773859.745454,3773875.496423,,0,"{""pass"":true,""inner_minus_outer_ms"":-26.168938999839305,""tolerance_ms"":5.0}",300,False,0,"TEB_RESULT:{""benchmark"":""Octane"",""case"":""EarleyBoyer.Earley"",""suite"":""EarleyBoyer"",""subbenchmark"":""Earley"",""mode"":""MAIN_MONOTONIC_V1"",""phase"":""measure"",""N"":2,""correctness"":""PASS"",""extra_validation_calls"":0,""checksum"":null,""timer"":""benchNow"",""start_ms"":3773859.745454,""stop_ms"":3773875.496423,""elapsed_ms"":15.750969000160694,""elapsed_per_call_ms"":7.875484500080347,""warmup_calls"":0}
",,3773876615865,3773834695957,41919908,94e240b1-774a-4fdc-8be3-8b5e85457d9d,True,PASS,
wsl2-ubuntu2404-x64-20261004,MAIN_MONOTONIC_V1,Octane,calibration,EarleyBoyer.Earley,EarleyBoyer,Earley,v8,2,0,2,[],0,0,1,2026-10-05T05:41:57.292589+00:00,"[""/home/mzyx/three_engine_20261004/v8-linux64-rel-15.6.21/d8"",""--snapshot_blob=/home/mzyx/three_engine_20261004/v8-linux64-rel-15.6.21/snapshot_blob.bin"",""--max-opt=0"",""--no-lazy"",""/mnt/c/Users/mzyx/Desktop/0921/js-interpreter-bench/experiments/three_engine_baseline/adapters/v8.js"",""/mnt/c/Users/mzyx/Desktop/0921/js-interpreter-bench/experiments/timer_recovery/adapters/v8.js"",""/mnt/c/Users/mzyx/Desktop/0921/js-interpreter-bench/experiments/octane_three_engine/MAIN_MONOTONIC_V1/attempt01/generated/EarleyBoyer.Earley.N2.measure.js""]","[""--max-opt=0"",""--no-lazy""]",83b744a5953d2662ea723564d4035a333782a0cc85232d1025929a925150b133,/mnt/c/Users/mzyx/Desktop/0921/js-interpreter-bench/experiments/octane_three_engine/MAIN_MONOTONIC_V1/attempt01/generated/EarleyBoyer.Earley.N2.measure.js,c6dd7831fb1231ecd6cf8d3701543eb6051b1725f955a7ac6ae38740fa9ca36b,e610d3aa3d2672a5e6d5eccd9aaf05c6ae6758d1b9c4468289f017a231ab7d9f,0,False,6.867000000000004,3.433500000000002,42.602,49.469,,0,"{""pass"":true,""inner_minus_outer_ms"":-51.45185599999999,""tolerance_ms"":5.0}",300,False,0,"TEB_RESULT:{""benchmark"":""Octane"",""case"":""EarleyBoyer.Earley"",""suite"":""EarleyBoyer"",""subbenchmark"":""Earley"",""mode"":""MAIN_MONOTONIC_V1"",""phase"":""measure"",""N"":2,""correctness"":""PASS"",""extra_validation_calls"":0,""checksum"":null,""timer"":""benchNow"",""start_ms"":42.602,""stop_ms"":49.469,""elapsed_ms"":6.867000000000004,""elapsed_per_call_ms"":3.433500000000002,""warmup_calls"":0}
",,3774005974109,3773947655253,58318856,94e240b1-774a-4fdc-8be3-8b5e85457d9d,True,PASS,
wsl2-ubuntu2404-x64-20261004,MAIN_MONOTONIC_V1,Octane,calibration,EarleyBoyer.Earley,EarleyBoyer,Earley,jsc,256,0,3,[],0,0,1,2026-10-05T05:42:06.444793+00:00,"[""/home/mzyx/jsc_build_fd3406f/JSCOnly/Release/bin/jsc"",""--useJIT=false"",""--useLLInt=true"",""--validateOptions=true"",""/mnt/c/Users/mzyx/Desktop/0921/js-interpreter-bench/experiments/three_engine_baseline/adapters/jsc.js"",""/mnt/c/Users/mzyx/Desktop/0921/js-interpreter-bench/experiments/timer_recovery/adapters/jsc.js"",""/mnt/c/Users/mzyx/Desktop/0921/js-interpreter-bench/experiments/octane_three_engine/MAIN_MONOTONIC_V1/attempt01/generated/EarleyBoyer.Earley.N256.measure.js""]","[""--useJIT=false"",""--useLLInt=true"",""--validateOptions=true""]",65c824a055405bf62b05e21d54515a72a1f0187a4d91225d00a6da969d35879f,/mnt/c/Users/mzyx/Desktop/0921/js-interpreter-bench/experiments/octane_three_engine/MAIN_MONOTONIC_V1/attempt01/generated/EarleyBoyer.Earley.N256.measure.js,ff7581898bf4ed68f04a8e187f0e178ba9227d05e79326629eb30889ebaa40f8,0c485996a598b7e36f2f292b66397adc0390cbe6b69b55199e47e1c6c1e37010,0,False,1095.2,4.278125,0,1095.2,,0,"{""pass"":true,""inner_minus_outer_ms"":-38.159901999999875,""tolerance_ms"":5.0}",300,False,0,"TEB_RESULT:{""benchmark"":""Octane"",""case"":""EarleyBoyer.Earley"",""suite"":""EarleyBoyer"",""subbenchmark"":""Earley"",""mode"":""MAIN_MONOTONIC_V1"",""phase"":""measure"",""N"":256,""correctness"":""PASS"",""extra_validation_calls"":0,""checksum"":null,""timer"":""benchNow"",""start_ms"":0,""stop_ms"":1095.2,""elapsed_ms"":1095.2,""elapsed_per_call_ms"":4.278125,""warmup_calls"":0}
",,3784233869330,3783100509428,1133359902,94e240b1-774a-4fdc-8be3-8b5e85457d9d,True,PASS,
wsl2-ubuntu2404-x64-20261004,MAIN_MONOTONIC_V1,Octane,calibration,EarleyBoyer.Earley,EarleyBoyer,Earley,quickjs,256,0,1,[],0,0,1,2026-10-05T05:42:03.620654+00:00,"[""/home/mzyx/three_engine_20261004/quickjs-04be246001599f5995fa2f2d8c91a0f198d3f34c/qjs"",""-I"",""/mnt/c/Users/mzyx/Desktop/0921/js-interpreter-bench/experiments/three_engine_baseline/adapters/quickjs.js"",""-I"",""/mnt/c/Users/mzyx/Desktop/0921/js-interpreter-bench/experiments/timer_recovery/adapters/quickjs.js"",""/mnt/c/Users/mzyx/Desktop/0921/js-interpreter-bench/experiments/octane_three_engine/MAIN_MONOTONIC_V1/attempt01/generated/EarleyBoyer.Earley.N256.measure.js""]",[],140d5233b0337d91cb0f994ae4a051e49aa04da8802acfaedf0a01b81a620b79,/mnt/c/Users/mzyx/Desktop/0921/js-interpreter-bench/experiments/octane_three_engine/MAIN_MONOTONIC_V1/attempt01/generated/EarleyBoyer.Earley.N256.measure.js,ff7581898bf4ed68f04a8e187f0e178ba9227d05e79326629eb30889ebaa40f8,cd393c275173f20526562a008951f65a332deffed85e7c804519788b8ebffab7,0,False,1873.6948330001906,7.319120441406994,3780373.622484,3782247.317317,,0,"{""pass"":true,""inner_minus_outer_ms"":-24.97720799980948,""tolerance_ms"":5.0}",300,False,0,"TEB_RESULT:{""benchmark"":""Octane"",""case"":""EarleyBoyer.Earley"",""suite"":""EarleyBoyer"",""subbenchmark"":""Earley"",""mode"":""MAIN_MONOTONIC_V1"",""phase"":""measure"",""N"":256,""correctness"":""PASS"",""extra_validation_calls"":0,""checksum"":null,""timer"":""benchNow"",""start_ms"":3780373.622484,""stop_ms"":3782247.317317,""elapsed_ms"":1873.6948330001906,""elapsed_per_call_ms"":7.319120441406994,""warmup_calls"":0}
",,3782248636116,3780349964075,1898672041,94e240b1-774a-4fdc-8be3-8b5e85457d9d,True,PASS,
wsl2-ubuntu2404-x64-20261004,MAIN_MONOTONIC_V1,Octane,calibration,EarleyBoyer.Earley,EarleyBoyer,Earley,v8,256,0,2,[],0,0,1,2026-10-05T05:42:05.671057+00:00,"[""/home/mzyx/three_engine_20261004/v8-linux64-rel-15.6.21/d8"",""--snapshot_blob=/home/mzyx/three_engine_20261004/v8-linux64-rel-15.6.21/snapshot_blob.bin"",""--max-opt=0"",""--no-lazy"",""/mnt/c/Users/mzyx/Desktop/0921/js-interpreter-bench/experiments/three_engine_baseline/adapters/v8.js"",""/mnt/c/Users/mzyx/Desktop/0921/js-interpreter-bench/experiments/timer_recovery/adapters/v8.js"",""/mnt/c/Users/mzyx/Desktop/0921/js-interpreter-bench/experiments/octane_three_engine/MAIN_MONOTONIC_V1/attempt01/generated/EarleyBoyer.Earley.N256.measure.js""]","[""--max-opt=0"",""--no-lazy""]",83b744a5953d2662ea723564d4035a333782a0cc85232d1025929a925150b133,/mnt/c/Users/mzyx/Desktop/0921/js-interpreter-bench/experiments/octane_three_engine/MAIN_MONOTONIC_V1/attempt01/generated/EarleyBoyer.Earley.N256.measure.js,ff7581898bf4ed68f04a8e187f0e178ba9227d05e79326629eb30889ebaa40f8,e610d3aa3d2672a5e6d5eccd9aaf05c6ae6758d1b9c4468289f017a231ab7d9f,0,False,641.929,2.50753515625,47.993,689.922,,0,"{""pass"":true,""inner_minus_outer_ms"":-57.333515000000034,""tolerance_ms"":5.0}",300,False,0,"TEB_RESULT:{""benchmark"":""Octane"",""case"":""EarleyBoyer.Earley"",""suite"":""EarleyBoyer"",""subbenchmark"":""Earley"",""mode"":""MAIN_MONOTONIC_V1"",""phase"":""measure"",""N"":256,""correctness"":""PASS"",""extra_validation_calls"":0,""checksum"":null,""timer"":""benchNow"",""start_ms"":47.993,""stop_ms"":689.922,""elapsed_ms"":641.929,""elapsed_per_call_ms"":2.50753515625,""warmup_calls"":0}
",,3783027161428,3782327898913,699262515,94e240b1-774a-4fdc-8be3-8b5e85457d9d,True,PASS,
wsl2-ubuntu2404-x64-20261004,MAIN_MONOTONIC_V1,Octane,calibration,EarleyBoyer.Earley,EarleyBoyer,Earley,jsc,32,0,3,[],0,0,1,2026-10-05T05:41:59.823704+00:00,"[""/home/mzyx/jsc_build_fd3406f/JSCOnly/Release/bin/jsc"",""--useJIT=false"",""--useLLInt=true"",""--validateOptions=true"",""/mnt/c/Users/mzyx/Desktop/0921/js-interpreter-bench/experiments/three_engine_baseline/adapters/jsc.js"",""/mnt/c/Users/mzyx/Desktop/0921/js-interpreter-bench/experiments/timer_recovery/adapters/jsc.js"",""/mnt/c/Users/mzyx/Desktop/0921/js-interpreter-bench/experiments/octane_three_engine/MAIN_MONOTONIC_V1/attempt01/generated/EarleyBoyer.Earley.N32.measure.js""]","[""--useJIT=false"",""--useLLInt=true"",""--validateOptions=true""]",65c824a055405bf62b05e21d54515a72a1f0187a4d91225d00a6da969d35879f,/mnt/c/Users/mzyx/Desktop/0921/js-interpreter-bench/experiments/octane_three_engine/MAIN_MONOTONIC_V1/attempt01/generated/EarleyBoyer.Earley.N32.measure.js,9ae338356e84fe7c84e7a4981957b8553ba1af769fa255e463fe62b43c0a8165,0c485996a598b7e36f2f292b66397adc0390cbe6b69b55199e47e1c6c1e37010,0,False,133.04,4.1575,0,133.04,,0,"{""pass"":true,""inner_minus_outer_ms"":-36.45813100000001,""tolerance_ms"":5.0}",300,False,0,"TEB_RESULT:{""benchmark"":""Octane"",""case"":""EarleyBoyer.Earley"",""suite"":""EarleyBoyer"",""subbenchmark"":""Earley"",""mode"":""MAIN_MONOTONIC_V1"",""phase"":""measure"",""N"":32,""correctness"":""PASS"",""extra_validation_calls"":0,""checksum"":null,""timer"":""benchNow"",""start_ms"":0,""stop_ms"":133.04,""elapsed_ms"":133.04,""elapsed_per_call_ms"":4.1575,""warmup_calls"":0}
",,3776648380293,3776478882162,169498131,94e240b1-774a-4fdc-8be3-8b5e85457d9d,True,PASS,
wsl2-ubuntu2404-x64-20261004,MAIN_MONOTONIC_V1,Octane,calibration,EarleyBoyer.Earley,EarleyBoyer,Earley,quickjs,32,0,1,[],0,0,1,2026-10-05T05:41:59.187883+00:00,"[""/home/mzyx/three_engine_20261004/quickjs-04be246001599f5995fa2f2d8c91a0f198d3f34c/qjs"",""-I"",""/mnt/c/Users/mzyx/Desktop/0921/js-interpreter-bench/experiments/three_engine_baseline/adapters/quickjs.js"",""-I"",""/mnt/c/Users/mzyx/Desktop/0921/js-interpreter-bench/experiments/timer_recovery/adapters/quickjs.js"",""/mnt/c/Users/mzyx/Desktop/0921/js-interpreter-bench/experiments/octane_three_engine/MAIN_MONOTONIC_V1/attempt01/generated/EarleyBoyer.Earley.N32.measure.js""]",[],140d5233b0337d91cb0f994ae4a051e49aa04da8802acfaedf0a01b81a620b79,/mnt/c/Users/mzyx/Desktop/0921/js-interpreter-bench/experiments/octane_three_engine/MAIN_MONOTONIC_V1/attempt01/generated/EarleyBoyer.Earley.N32.measure.js,9ae338356e84fe7c84e7a4981957b8553ba1af769fa255e463fe62b43c0a8165,cd393c275173f20526562a008951f65a332deffed85e7c804519788b8ebffab7,0,False,242.23177099972963,7.569742843741551,3775948.189697,3776190.421468,,0,"{""pass"":true,""inner_minus_outer_ms"":-25.527002000270386,""tolerance_ms"":5.0}",300,False,0,"TEB_RESULT:{""benchmark"":""Octane"",""case"":""EarleyBoyer.Earley"",""suite"":""EarleyBoyer"",""subbenchmark"":""Earley"",""mode"":""MAIN_MONOTONIC_V1"",""phase"":""measure"",""N"":32,""correctness"":""PASS"",""extra_validation_calls"":0,""checksum"":null,""timer"":""benchNow"",""start_ms"":3775948.189697,""stop_ms"":3776190.421468,""elapsed_ms"":242.23177099972963,""elapsed_per_call_ms"":7.569742843741551,""warmup_calls"":0}
",,3776191998001,3775924239228,267758773,94e240b1-774a-4fdc-8be3-8b5e85457d9d,True,PASS,
wsl2-ubuntu2404-x64-20261004,MAIN_MONOTONIC_V1,Octane,calibration,EarleyBoyer.Earley,EarleyBoyer,Earley,v8,32,0,2,[],0,0,1,2026-10-05T05:41:59.614202+00:00,"[""/home/mzyx/three_engine_20261004/v8-linux64-rel-15.6.21/d8"",""--snapshot_blob=/home/mzyx/three_engine_20261004/v8-linux64-rel-15.6.21/snapshot_blob.bin"",""--max-opt=0"",""--no-lazy"",""/mnt/c/Users/mzyx/Desktop/0921/js-interpreter-bench/experiments/three_engine_baseline/adapters/v8.js"",""/mnt/c/Users/mzyx/Desktop/0921/js-interpreter-bench/experiments/timer_recovery/adapters/v8.js"",""/mnt/c/Users/mzyx/Desktop/0921/js-interpreter-bench/experiments/octane_three_engine/MAIN_MONOTONIC_V1/attempt01/generated/EarleyBoyer.Earley.N32.measure.js""]","[""--max-opt=0"",""--no-lazy""]",83b744a5953d2662ea723564d4035a333782a0cc85232d1025929a925150b133,/mnt/c/Users/mzyx/Desktop/0921/js-interpreter-bench/experiments/octane_three_engine/MAIN_MONOTONIC_V1/attempt01/generated/EarleyBoyer.Earley.N32.measure.js,9ae338356e84fe7c84e7a4981957b8553ba1af769fa255e463fe62b43c0a8165,e610d3aa3d2672a5e6d5eccd9aaf05c6ae6758d1b9c4468289f017a231ab7d9f,0,False,84.024,2.62575,45.058,129.082,,0,"{""pass"":true,""inner_minus_outer_ms"":-53.69601900000001,""tolerance_ms"":5.0}",300,False,0,"TEB_RESULT:{""benchmark"":""Octane"",""case"":""EarleyBoyer.Earley"",""suite"":""EarleyBoyer"",""subbenchmark"":""Earley"",""mode"":""MAIN_MONOTONIC_V1"",""phase"":""measure"",""N"":32,""correctness"":""PASS"",""extra_validation_calls"":0,""checksum"":null,""timer"":""benchNow"",""start_ms"":45.058,""stop_ms"":129.082,""elapsed_ms"":84.024,""elapsed_per_call_ms"":2.62575,""warmup_calls"":0}
",,3776407915302,3776270195283,137720019,94e240b1-774a-4fdc-8be3-8b5e85457d9d,True,PASS,
wsl2-ubuntu2404-x64-20261004,MAIN_MONOTONIC_V1,Octane,calibration,EarleyBoyer.Earley,EarleyBoyer,Earley,jsc,4,0,3,[],0,0,1,2026-10-05T05:41:57.872916+00:00,"[""/home/mzyx/jsc_build_fd3406f/JSCOnly/Release/bin/jsc"",""--useJIT=false"",""--useLLInt=true"",""--validateOptions=true"",""/mnt/c/Users/mzyx/Desktop/0921/js-interpreter-bench/experiments/three_engine_baseline/adapters/jsc.js"",""/mnt/c/Users/mzyx/Desktop/0921/js-interpreter-bench/experiments/timer_recovery/adapters/jsc.js"",""/mnt/c/Users/mzyx/Desktop/0921/js-interpreter-bench/experiments/octane_three_engine/MAIN_MONOTONIC_V1/attempt01/generated/EarleyBoyer.Earley.N4.measure.js""]","[""--useJIT=false"",""--useLLInt=true"",""--validateOptions=true""]",65c824a055405bf62b05e21d54515a72a1f0187a4d91225d00a6da969d35879f,/mnt/c/Users/mzyx/Desktop/0921/js-interpreter-bench/experiments/octane_three_engine/MAIN_MONOTONIC_V1/attempt01/generated/EarleyBoyer.Earley.N4.measure.js,756d6c16f63adacfeb2c8edcdd1076dd81f090072f643e81e7f77337a24c6719,0c485996a598b7e36f2f292b66397adc0390cbe6b69b55199e47e1c6c1e37010,0,False,19.36,4.84,0,19.36,,0,"{""pass"":true,""inner_minus_outer_ms"":-36.657225000000004,""tolerance_ms"":5.0}",300,False,0,"TEB_RESULT:{""benchmark"":""Octane"",""case"":""EarleyBoyer.Earley"",""suite"":""EarleyBoyer"",""subbenchmark"":""Earley"",""mode"":""MAIN_MONOTONIC_V1"",""phase"":""measure"",""N"":4,""correctness"":""PASS"",""extra_validation_calls"":0,""checksum"":null,""timer"":""benchNow"",""start_ms"":0,""stop_ms"":19.36,""elapsed_ms"":19.36,""elapsed_per_call_ms"":4.84,""warmup_calls"":0}
",,3774585563110,3774529545885,56017225,94e240b1-774a-4fdc-8be3-8b5e85457d9d,True,PASS,
wsl2-ubuntu2404-x64-20261004,MAIN_MONOTONIC_V1,Octane,calibration,EarleyBoyer.Earley,EarleyBoyer,Earley,quickjs,4,0,1,[],0,0,1,2026-10-05T05:41:57.538310+00:00,"[""/home/mzyx/three_engine_20261004/quickjs-04be246001599f5995fa2f2d8c91a0f198d3f34c/qjs"",""-I"",""/mnt/c/Users/mzyx/Desktop/0921/js-interpreter-bench/experiments/three_engine_baseline/adapters/quickjs.js"",""-I"",""/mnt/c/Users/mzyx/Desktop/0921/js-interpreter-bench/experiments/timer_recovery/adapters/quickjs.js"",""/mnt/c/Users/mzyx/Desktop/0921/js-interpreter-bench/experiments/octane_three_engine/MAIN_MONOTONIC_V1/attempt01/generated/EarleyBoyer.Earley.N4.measure.js""]",[],140d5233b0337d91cb0f994ae4a051e49aa04da8802acfaedf0a01b81a620b79,/mnt/c/Users/mzyx/Desktop/0921/js-interpreter-bench/experiments/octane_three_engine/MAIN_MONOTONIC_V1/attempt01/generated/EarleyBoyer.Earley.N4.measure.js,756d6c16f63adacfeb2c8edcdd1076dd81f090072f643e81e7f77337a24c6719,cd393c275173f20526562a008951f65a332deffed85e7c804519788b8ebffab7,0,False,30.324955999851227,7.581238999962807,3774283.1721,3774313.497056,,0,"{""pass"":true,""inner_minus_outer_ms"":-25.25898400014877,""tolerance_ms"":5.0}",300,False,0,"TEB_RESULT:{""benchmark"":""Octane"",""case"":""EarleyBoyer.Earley"",""suite"":""EarleyBoyer"",""subbenchmark"":""Earley"",""mode"":""MAIN_MONOTONIC_V1"",""phase"":""measure"",""N"":4,""correctness"":""PASS"",""extra_validation_calls"":0,""checksum"":null,""timer"":""benchNow"",""start_ms"":3774283.1721,""stop_ms"":3774313.497056,""elapsed_ms"":30.324955999851227,""elapsed_per_call_ms"":7.581238999962807,""warmup_calls"":0}
",,3774315049235,3774259465295,55583940,94e240b1-774a-4fdc-8be3-8b5e85457d9d,True,PASS,
wsl2-ubuntu2404-x64-20261004,MAIN_MONOTONIC_V1,Octane,calibration,EarleyBoyer.Earley,EarleyBoyer,Earley,v8,4,0,2,[],0,0,1,2026-10-05T05:41:57.732349+00:00,"[""/home/mzyx/three_engine_20261004/v8-linux64-rel-15.6.21/d8"",""--snapshot_blob=/home/mzyx/three_engine_20261004/v8-linux64-rel-15.6.21/snapshot_blob.bin"",""--max-opt=0"",""--no-lazy"",""/mnt/c/Users/mzyx/Desktop/0921/js-interpreter-bench/experiments/three_engine_baseline/adapters/v8.js"",""/mnt/c/Users/mzyx/Desktop/0921/js-interpreter-bench/experiments/timer_recovery/adapters/v8.js"",""/mnt/c/Users/mzyx/Desktop/0921/js-interpreter-bench/experiments/octane_three_engine/MAIN_MONOTONIC_V1/attempt01/generated/EarleyBoyer.Earley.N4.measure.js""]","[""--max-opt=0"",""--no-lazy""]",83b744a5953d2662ea723564d4035a333782a0cc85232d1025929a925150b133,/mnt/c/Users/mzyx/Desktop/0921/js-interpreter-bench/experiments/octane_three_engine/MAIN_MONOTONIC_V1/attempt01/generated/EarleyBoyer.Earley.N4.measure.js,756d6c16f63adacfeb2c8edcdd1076dd81f090072f643e81e7f77337a24c6719,e610d3aa3d2672a5e6d5eccd9aaf05c6ae6758d1b9c4468289f017a231ab7d9f,0,False,11.837000000000003,2.959250000000001,45.108,56.945,,0,"{""pass"":true,""inner_minus_outer_ms"":-53.25209699999999,""tolerance_ms"":5.0}",300,False,0,"TEB_RESULT:{""benchmark"":""Octane"",""case"":""EarleyBoyer.Earley"",""suite"":""EarleyBoyer"",""subbenchmark"":""Earley"",""mode"":""MAIN_MONOTONIC_V1"",""phase"":""measure"",""N"":4,""correctness"":""PASS"",""extra_validation_calls"":0,""checksum"":null,""timer"":""benchNow"",""start_ms"":45.108,""stop_ms"":56.945,""elapsed_ms"":11.837000000000003,""elapsed_per_call_ms"":2.959250000000001,""warmup_calls"":0}
",,3774452288431,3774387199334,65089097,94e240b1-774a-4fdc-8be3-8b5e85457d9d,True,PASS,
wsl2-ubuntu2404-x64-20261004,MAIN_MONOTONIC_V1,Octane,calibration,EarleyBoyer.Earley,EarleyBoyer,Earley,jsc,512,0,3,[],0,0,1,2026-10-05T05:42:12.961468+00:00,"[""/home/mzyx/jsc_build_fd3406f/JSCOnly/Release/bin/jsc"",""--useJIT=false"",""--useLLInt=true"",""--validateOptions=true"",""/mnt/c/Users/mzyx/Desktop/0921/js-interpreter-bench/experiments/three_engine_baseline/adapters/jsc.js"",""/mnt/c/Users/mzyx/Desktop/0921/js-interpreter-bench/experiments/timer_recovery/adapters/jsc.js"",""/mnt/c/Users/mzyx/Desktop/0921/js-interpreter-bench/experiments/octane_three_engine/MAIN_MONOTONIC_V1/attempt01/generated/EarleyBoyer.Earley.N512.measure.js""]","[""--useJIT=false"",""--useLLInt=true"",""--validateOptions=true""]",65c824a055405bf62b05e21d54515a72a1f0187a4d91225d00a6da969d35879f,/mnt/c/Users/mzyx/Desktop/0921/js-interpreter-bench/experiments/octane_three_engine/MAIN_MONOTONIC_V1/attempt01/generated/EarleyBoyer.Earley.N512.measure.js,5231ab83d994e9ee3110915f34e66d910ba33252ceeac8f00e6e0ca2dcec6047,0c485996a598b7e36f2f292b66397adc0390cbe6b69b55199e47e1c6c1e37010,0,False,2189.94,4.2772265625,0,2189.94,,0,"{""pass"":true,""inner_minus_outer_ms"":-43.60679399999981,""tolerance_ms"":5.0}",300,False,0,"TEB_RESULT:{""benchmark"":""Octane"",""case"":""EarleyBoyer.Earley"",""suite"":""EarleyBoyer"",""subbenchmark"":""Earley"",""mode"":""MAIN_MONOTONIC_V1"",""phase"":""measure"",""N"":512,""correctness"":""PASS"",""extra_validation_calls"":0,""checksum"":null,""timer"":""benchNow"",""start_ms"":0,""stop_ms"":2189.94,""elapsed_ms"":2189.94,""elapsed_per_call_ms"":4.2772265625,""warmup_calls"":0}
",,3791852100197,3789618553403,2233546794,94e240b1-774a-4fdc-8be3-8b5e85457d9d,True,PASS,
wsl2-ubuntu2404-x64-20261004,MAIN_MONOTONIC_V1,Octane,calibration,EarleyBoyer.Earley,EarleyBoyer,Earley,quickjs,512,0,1,[],0,0,1,2026-10-05T05:42:07.649888+00:00,"[""/home/mzyx/three_engine_20261004/quickjs-04be246001599f5995fa2f2d8c91a0f198d3f34c/qjs"",""-I"",""/mnt/c/Users/mzyx/Desktop/0921/js-interpreter-bench/experiments/three_engine_baseline/adapters/quickjs.js"",""-I"",""/mnt/c/Users/mzyx/Desktop/0921/js-interpreter-bench/experiments/timer_recovery/adapters/quickjs.js"",""/mnt/c/Users/mzyx/Desktop/0921/js-interpreter-bench/experiments/octane_three_engine/MAIN_MONOTONIC_V1/attempt01/generated/EarleyBoyer.Earley.N512.measure.js""]",[],140d5233b0337d91cb0f994ae4a051e49aa04da8802acfaedf0a01b81a620b79,/mnt/c/Users/mzyx/Desktop/0921/js-interpreter-bench/experiments/octane_three_engine/MAIN_MONOTONIC_V1/attempt01/generated/EarleyBoyer.Earley.N512.measure.js,5231ab83d994e9ee3110915f34e66d910ba33252ceeac8f00e6e0ca2dcec6047,cd393c275173f20526562a008951f65a332deffed85e7c804519788b8ebffab7,0,False,3760.8234499995597,7.34535830078039,3784393.607079,3788154.430529,,0,"{""pass"":true,""inner_minus_outer_ms"":-24.38090200044053,""tolerance_ms"":5.0}",300,False,0,"TEB_RESULT:{""benchmark"":""Octane"",""case"":""EarleyBoyer.Earley"",""suite"":""EarleyBoyer"",""subbenchmark"":""Earley"",""mode"":""MAIN_MONOTONIC_V1"",""phase"":""measure"",""N"":512,""correctness"":""PASS"",""extra_validation_calls"":0,""checksum"":null,""timer"":""benchNow"",""start_ms"":3784393.607079,""stop_ms"":3788154.430529,""elapsed_ms"":3760.8234499995597,""elapsed_per_call_ms"":7.34535830078039,""warmup_calls"":0}
",,3788156310900,3784371106548,3785204352,94e240b1-774a-4fdc-8be3-8b5e85457d9d,True,PASS,
wsl2-ubuntu2404-x64-20261004,MAIN_MONOTONIC_V1,Octane,calibration,EarleyBoyer.Earley,EarleyBoyer,Earley,v8,512,0,2,[],0,0,1,2026-10-05T05:42:11.574068+00:00,"[""/home/mzyx/three_engine_20261004/v8-linux64-rel-15.6.21/d8"",""--snapshot_blob=/home/mzyx/three_engine_20261004/v8-linux64-rel-15.6.21/snapshot_blob.bin"",""--max-opt=0"",""--no-lazy"",""/mnt/c/Users/mzyx/Desktop/0921/js-interpreter-bench/experiments/three_engine_baseline/adapters/v8.js"",""/mnt/c/Users/mzyx/Desktop/0921/js-interpreter-bench/experiments/timer_recovery/adapters/v8.js"",""/mnt/c/Users/mzyx/Desktop/0921/js-interpreter-bench/experiments/octane_three_engine/MAIN_MONOTONIC_V1/attempt01/generated/EarleyBoyer.Earley.N512.measure.js""]","[""--max-opt=0"",""--no-lazy""]",83b744a5953d2662ea723564d4035a333782a0cc85232d1025929a925150b133,/mnt/c/Users/mzyx/Desktop/0921/js-interpreter-bench/experiments/octane_three_engine/MAIN_MONOTONIC_V1/attempt01/generated/EarleyBoyer.Earley.N512.measure.js,5231ab83d994e9ee3110915f34e66d910ba33252ceeac8f00e6e0ca2dcec6047,e610d3aa3d2672a5e6d5eccd9aaf05c6ae6758d1b9c4468289f017a231ab7d9f,0,False,1256.8909999999998,2.4548652343749997,43.238,1300.129,,0,"{""pass"":true,""inner_minus_outer_ms"":-52.92609500000026,""tolerance_ms"":5.0}",300,False,0,"TEB_RESULT:{""benchmark"":""Octane"",""case"":""EarleyBoyer.Earley"",""suite"":""EarleyBoyer"",""subbenchmark"":""Earley"",""mode"":""MAIN_MONOTONIC_V1"",""phase"":""measure"",""N"":512,""correctness"":""PASS"",""extra_validation_calls"":0,""checksum"":null,""timer"":""benchNow"",""start_ms"":43.238,""stop_ms"":1300.129,""elapsed_ms"":1256.8909999999998,""elapsed_per_call_ms"":2.4548652343749997,""warmup_calls"":0}
",,3789539489896,3788229672801,1309817095,94e240b1-774a-4fdc-8be3-8b5e85457d9d,True,PASS,
wsl2-ubuntu2404-x64-20261004,MAIN_MONOTONIC_V1,Octane,calibration,EarleyBoyer.Earley,EarleyBoyer,Earley,jsc,64,0,3,[],0,0,1,2026-10-05T05:42:01.010452+00:00,"[""/home/mzyx/jsc_build_fd3406f/JSCOnly/Release/bin/jsc"",""--useJIT=false"",""--useLLInt=true"",""--validateOptions=true"",""/mnt/c/Users/mzyx/Desktop/0921/js-interpreter-bench/experiments/three_engine_baseline/adapters/jsc.js"",""/mnt/c/Users/mzyx/Desktop/0921/js-interpreter-bench/experiments/timer_recovery/adapters/jsc.js"",""/mnt/c/Users/mzyx/Desktop/0921/js-interpreter-bench/experiments/octane_three_engine/MAIN_MONOTONIC_V1/attempt01/generated/EarleyBoyer.Earley.N64.measure.js""]","[""--useJIT=false"",""--useLLInt=true"",""--validateOptions=true""]",65c824a055405bf62b05e21d54515a72a1f0187a4d91225d00a6da969d35879f,/mnt/c/Users/mzyx/Desktop/0921/js-interpreter-bench/experiments/octane_three_engine/MAIN_MONOTONIC_V1/attempt01/generated/EarleyBoyer.Earley.N64.measure.js,be77dabf99a7bf2dafcfb9c34663b4c0eceb76835f3003d1928714def6588e21,0c485996a598b7e36f2f292b66397adc0390cbe6b69b55199e47e1c6c1e37010,0,False,269.26,4.2071875,0,269.26,,0,"{""pass"":true,""inner_minus_outer_ms"":-35.77672799999999,""tolerance_ms"":5.0}",300,False,0,"TEB_RESULT:{""benchmark"":""Octane"",""case"":""EarleyBoyer.Earley"",""suite"":""EarleyBoyer"",""subbenchmark"":""Earley"",""mode"":""MAIN_MONOTONIC_V1"",""phase"":""measure"",""N"":64,""correctness"":""PASS"",""extra_validation_calls"":0,""checksum"":null,""timer"":""benchNow"",""start_ms"":0,""stop_ms"":269.26,""elapsed_ms"":269.26,""elapsed_per_call_ms"":4.2071875,""warmup_calls"":0}
",,3777970302156,3777665265428,305036728,94e240b1-774a-4fdc-8be3-8b5e85457d9d,True,PASS,
wsl2-ubuntu2404-x64-20261004,MAIN_MONOTONIC_V1,Octane,calibration,EarleyBoyer.Earley,EarleyBoyer,Earley,quickjs,64,0,1,[],0,0,1,2026-10-05T05:42:00.068141+00:00,"[""/home/mzyx/three_engine_20261004/quickjs-04be246001599f5995fa2f2d8c91a0f198d3f34c/qjs"",""-I"",""/mnt/c/Users/mzyx/Desktop/0921/js-interpreter-bench/experiments/three_engine_baseline/adapters/quickjs.js"",""-I"",""/mnt/c/Users/mzyx/Desktop/0921/js-interpreter-bench/experiments/timer_recovery/adapters/quickjs.js"",""/mnt/c/Users/mzyx/Desktop/0921/js-interpreter-bench/experiments/octane_three_engine/MAIN_MONOTONIC_V1/attempt01/generated/EarleyBoyer.Earley.N64.measure.js""]",[],140d5233b0337d91cb0f994ae4a051e49aa04da8802acfaedf0a01b81a620b79,/mnt/c/Users/mzyx/Desktop/0921/js-interpreter-bench/experiments/octane_three_engine/MAIN_MONOTONIC_V1/attempt01/generated/EarleyBoyer.Earley.N64.measure.js,be77dabf99a7bf2dafcfb9c34663b4c0eceb76835f3003d1928714def6588e21,cd393c275173f20526562a008951f65a332deffed85e7c804519788b8ebffab7,0,False,495.67274500010535,7.744886640626646,3776815.742863,3777311.415608,,0,"{""pass"":true,""inner_minus_outer_ms"":-24.109407999894643,""tolerance_ms"":5.0}",300,False,0,"TEB_RESULT:{""benchmark"":""Octane"",""case"":""EarleyBoyer.Earley"",""suite"":""EarleyBoyer"",""subbenchmark"":""Earley"",""mode"":""MAIN_MONOTONIC_V1"",""phase"":""measure"",""N"":64,""correctness"":""PASS"",""extra_validation_calls"":0,""checksum"":null,""timer"":""benchNow"",""start_ms"":3776815.742863,""stop_ms"":3777311.415608,""elapsed_ms"":495.67274500010535,""elapsed_per_call_ms"":7.744886640626646,""warmup_calls"":0}
",,3777313030556,3776793248403,519782153,94e240b1-774a-4fdc-8be3-8b5e85457d9d,True,PASS,
wsl2-ubuntu2404-x64-20261004,MAIN_MONOTONIC_V1,Octane,calibration,EarleyBoyer.Earley,EarleyBoyer,Earley,v8,64,0,2,[],0,0,1,2026-10-05T05:42:00.730209+00:00,"[""/home/mzyx/three_engine_20261004/v8-linux64-rel-15.6.21/d8"",""--snapshot_blob=/home/mzyx/three_engine_20261004/v8-linux64-rel-15.6.21/snapshot_blob.bin"",""--max-opt=0"",""--no-lazy"",""/mnt/c/Users/mzyx/Desktop/0921/js-interpreter-bench/experiments/three_engine_baseline/adapters/v8.js"",""/mnt/c/Users/mzyx/Desktop/0921/js-interpreter-bench/experiments/timer_recovery/adapters/v8.js"",""/mnt/c/Users/mzyx/Desktop/0921/js-interpreter-bench/experiments/octane_three_engine/MAIN_MONOTONIC_V1/attempt01/generated/EarleyBoyer.Earley.N64.measure.js""]","[""--max-opt=0"",""--no-lazy""]",83b744a5953d2662ea723564d4035a333782a0cc85232d1025929a925150b133,/mnt/c/Users/mzyx/Desktop/0921/js-interpreter-bench/experiments/octane_three_engine/MAIN_MONOTONIC_V1/attempt01/generated/EarleyBoyer.Earley.N64.measure.js,be77dabf99a7bf2dafcfb9c34663b4c0eceb76835f3003d1928714def6588e21,e610d3aa3d2672a5e6d5eccd9aaf05c6ae6758d1b9c4468289f017a231ab7d9f,0,False,155.35700000000003,2.4274531250000004,44.205,199.562,,0,"{""pass"":true,""inner_minus_outer_ms"":-53.000696999999974,""tolerance_ms"":5.0}",300,False,0,"TEB_RESULT:{""benchmark"":""Octane"",""case"":""EarleyBoyer.Earley"",""suite"":""EarleyBoyer"",""subbenchmark"":""Earley"",""mode"":""MAIN_MONOTONIC_V1"",""phase"":""measure"",""N"":64,""correctness"":""PASS"",""extra_validation_calls"":0,""checksum"":null,""timer"":""benchNow"",""start_ms"":44.205,""stop_ms"":199.562,""elapsed_ms"":155.35700000000003,""elapsed_per_call_ms"":2.4274531250000004,""warmup_calls"":0}
",,3777594186438,3777385828741,208357697,94e240b1-774a-4fdc-8be3-8b5e85457d9d,True,PASS,
wsl2-ubuntu2404-x64-20261004,MAIN_MONOTONIC_V1,Octane,calibration,EarleyBoyer.Earley,EarleyBoyer,Earley,jsc,8,0,3,[],0,0,1,2026-10-05T05:41:58.390990+00:00,"[""/home/mzyx/jsc_build_fd3406f/JSCOnly/Release/bin/jsc"",""--useJIT=false"",""--useLLInt=true"",""--validateOptions=true"",""/mnt/c/Users/mzyx/Desktop/0921/js-interpreter-bench/experiments/three_engine_baseline/adapters/jsc.js"",""/mnt/c/Users/mzyx/Desktop/0921/js-interpreter-bench/experiments/timer_recovery/adapters/jsc.js"",""/mnt/c/Users/mzyx/Desktop/0921/js-interpreter-bench/experiments/octane_three_engine/MAIN_MONOTONIC_V1/attempt01/generated/EarleyBoyer.Earley.N8.measure.js""]","[""--useJIT=false"",""--useLLInt=true"",""--validateOptions=true""]",65c824a055405bf62b05e21d54515a72a1f0187a4d91225d00a6da969d35879f,/mnt/c/Users/mzyx/Desktop/0921/js-interpreter-bench/experiments/octane_three_engine/MAIN_MONOTONIC_V1/attempt01/generated/EarleyBoyer.Earley.N8.measure.js,d8284d2a73c8b5189a6310deb64a678ee34761d4a4191d9aedc13b07e1db20eb,0c485996a598b7e36f2f292b66397adc0390cbe6b69b55199e47e1c6c1e37010,0,False,31.94,3.9925,0,31.94,,0,"{""pass"":true,""inner_minus_outer_ms"":-37.20129800000001,""tolerance_ms"":5.0}",300,False,0,"TEB_RESULT:{""benchmark"":""Octane"",""case"":""EarleyBoyer.Earley"",""suite"":""EarleyBoyer"",""subbenchmark"":""Earley"",""mode"":""MAIN_MONOTONIC_V1"",""phase"":""measure"",""N"":8,""correctness"":""PASS"",""extra_validation_calls"":0,""checksum"":null,""timer"":""benchNow"",""start_ms"":0,""stop_ms"":31.94,""elapsed_ms"":31.94,""elapsed_per_call_ms"":3.9925,""warmup_calls"":0}
",,3775118018386,3775048877088,69141298,94e240b1-774a-4fdc-8be3-8b5e85457d9d,True,PASS,
wsl2-ubuntu2404-x64-20261004,MAIN_MONOTONIC_V1,Octane,calibration,EarleyBoyer.Earley,EarleyBoyer,Earley,quickjs,8,0,1,[],0,0,1,2026-10-05T05:41:58.007181+00:00,"[""/home/mzyx/three_engine_20261004/quickjs-04be246001599f5995fa2f2d8c91a0f198d3f34c/qjs"",""-I"",""/mnt/c/Users/mzyx/Desktop/0921/js-interpreter-bench/experiments/three_engine_baseline/adapters/quickjs.js"",""-I"",""/mnt/c/Users/mzyx/Desktop/0921/js-interpreter-bench/experiments/timer_recovery/adapters/quickjs.js"",""/mnt/c/Users/mzyx/Desktop/0921/js-interpreter-bench/experiments/octane_three_engine/MAIN_MONOTONIC_V1/attempt01/generated/EarleyBoyer.Earley.N8.measure.js""]",[],140d5233b0337d91cb0f994ae4a051e49aa04da8802acfaedf0a01b81a620b79,/mnt/c/Users/mzyx/Desktop/0921/js-interpreter-bench/experiments/octane_three_engine/MAIN_MONOTONIC_V1/attempt01/generated/EarleyBoyer.Earley.N8.measure.js,d8284d2a73c8b5189a6310deb64a678ee34761d4a4191d9aedc13b07e1db20eb,cd393c275173f20526562a008951f65a332deffed85e7c804519788b8ebffab7,0,False,59.9413769999519,7.492672124993987,3774755.032327,3774814.973704,,0,"{""pass"":true,""inner_minus_outer_ms"":-24.489170000048105,""tolerance_ms"":5.0}",300,False,0,"TEB_RESULT:{""benchmark"":""Octane"",""case"":""EarleyBoyer.Earley"",""suite"":""EarleyBoyer"",""subbenchmark"":""Earley"",""mode"":""MAIN_MONOTONIC_V1"",""phase"":""measure"",""N"":8,""correctness"":""PASS"",""extra_validation_calls"":0,""checksum"":null,""timer"":""benchNow"",""start_ms"":3774755.032327,""stop_ms"":3774814.973704,""elapsed_ms"":59.9413769999519,""elapsed_per_call_ms"":7.492672124993987,""warmup_calls"":0}
",,3774816731471,3774732300924,84430547,94e240b1-774a-4fdc-8be3-8b5e85457d9d,True,PASS,
wsl2-ubuntu2404-x64-20261004,MAIN_MONOTONIC_V1,Octane,calibration,EarleyBoyer.Earley,EarleyBoyer,Earley,v8,8,0,2,[],0,0,1,2026-10-05T05:41:58.235738+00:00,"[""/home/mzyx/three_engine_20261004/v8-linux64-rel-15.6.21/d8"",""--snapshot_blob=/home/mzyx/three_engine_20261004/v8-linux64-rel-15.6.21/snapshot_blob.bin"",""--max-opt=0"",""--no-lazy"",""/mnt/c/Users/mzyx/Desktop/0921/js-interpreter-bench/experiments/three_engine_baseline/adapters/v8.js"",""/mnt/c/Users/mzyx/Desktop/0921/js-interpreter-bench/experiments/timer_recovery/adapters/v8.js"",""/mnt/c/Users/mzyx/Desktop/0921/js-interpreter-bench/experiments/octane_three_engine/MAIN_MONOTONIC_V1/attempt01/generated/EarleyBoyer.Earley.N8.measure.js""]","[""--max-opt=0"",""--no-lazy""]",83b744a5953d2662ea723564d4035a333782a0cc85232d1025929a925150b133,/mnt/c/Users/mzyx/Desktop/0921/js-interpreter-bench/experiments/octane_three_engine/MAIN_MONOTONIC_V1/attempt01/generated/EarleyBoyer.Earley.N8.measure.js,d8284d2a73c8b5189a6310deb64a678ee34761d4a4191d9aedc13b07e1db20eb,e610d3aa3d2672a5e6d5eccd9aaf05c6ae6758d1b9c4468289f017a231ab7d9f,0,False,22.883000000000003,2.8603750000000003,44.138,67.021,,0,"{""pass"":true,""inner_minus_outer_ms"":-52.594592,""tolerance_ms"":5.0}",300,False,0,"TEB_RESULT:{""benchmark"":""Octane"",""case"":""EarleyBoyer.Earley"",""suite"":""EarleyBoyer"",""subbenchmark"":""Earley"",""mode"":""MAIN_MONOTONIC_V1"",""phase"":""measure"",""N"":8,""correctness"":""PASS"",""extra_validation_calls"":0,""checksum"":null,""timer"":""benchNow"",""start_ms"":44.138,""stop_ms"":67.021,""elapsed_ms"":22.883000000000003,""elapsed_per_call_ms"":2.8603750000000003,""warmup_calls"":0}
",,3774966519563,3774891041971,75477592,94e240b1-774a-4fdc-8be3-8b5e85457d9d,True,PASS,
wsl2-ubuntu2404-x64-20261004,MAIN_MONOTONIC_V1,Octane,calibration,Gameboy.Gameboy,Gameboy,Gameboy,jsc,1,0,3,[],0,0,1,2026-10-05T05:44:25.642466+00:00,"[""/home/mzyx/jsc_build_fd3406f/JSCOnly/Release/bin/jsc"",""--useJIT=false"",""--useLLInt=true"",""--validateOptions=true"",""/mnt/c/Users/mzyx/Desktop/0921/js-interpreter-bench/experiments/three_engine_baseline/adapters/jsc.js"",""/mnt/c/Users/mzyx/Desktop/0921/js-interpreter-bench/experiments/timer_recovery/adapters/jsc.js"",""/mnt/c/Users/mzyx/Desktop/0921/js-interpreter-bench/experiments/octane_three_engine/MAIN_MONOTONIC_V1/attempt01/generated/Gameboy.Gameboy.N1.measure.js""]","[""--useJIT=false"",""--useLLInt=true"",""--validateOptions=true""]",65c824a055405bf62b05e21d54515a72a1f0187a4d91225d00a6da969d35879f,/mnt/c/Users/mzyx/Desktop/0921/js-interpreter-bench/experiments/octane_three_engine/MAIN_MONOTONIC_V1/attempt01/generated/Gameboy.Gameboy.N1.measure.js,729af72b3fa04a1e11f904ac86129756fea9df1c466c6d40cccc20df7c391084,0c485996a598b7e36f2f292b66397adc0390cbe6b69b55199e47e1c6c1e37010,0,False,428.78,428.78,0,428.78,,0,"{""pass"":true,""inner_minus_outer_ms"":-47.579394000000036,""tolerance_ms"":5.0}",300,False,0,"TEB_RESULT:{""benchmark"":""Octane"",""case"":""Gameboy.Gameboy"",""suite"":""Gameboy"",""subbenchmark"":""Gameboy"",""mode"":""MAIN_MONOTONIC_V1"",""phase"":""measure"",""N"":1,""correctness"":""PASS"",""extra_validation_calls"":0,""checksum"":null,""timer"":""benchNow"",""start_ms"":0,""stop_ms"":428.78,""elapsed_ms"":428.78,""elapsed_per_call_ms"":428.78,""warmup_calls"":0}
",,3937562356054,3937085996660,476359394,94e240b1-774a-4fdc-8be3-8b5e85457d9d,True,PASS,
wsl2-ubuntu2404-x64-20261004,MAIN_MONOTONIC_V1,Octane,calibration,Gameboy.Gameboy,Gameboy,Gameboy,quickjs,1,0,1,[],0,0,1,2026-10-05T05:44:24.543202+00:00,"[""/home/mzyx/three_engine_20261004/quickjs-04be246001599f5995fa2f2d8c91a0f198d3f34c/qjs"",""-I"",""/mnt/c/Users/mzyx/Desktop/0921/js-interpreter-bench/experiments/three_engine_baseline/adapters/quickjs.js"",""-I"",""/mnt/c/Users/mzyx/Desktop/0921/js-interpreter-bench/experiments/timer_recovery/adapters/quickjs.js"",""/mnt/c/Users/mzyx/Desktop/0921/js-interpreter-bench/experiments/octane_three_engine/MAIN_MONOTONIC_V1/attempt01/generated/Gameboy.Gameboy.N1.measure.js""]",[],140d5233b0337d91cb0f994ae4a051e49aa04da8802acfaedf0a01b81a620b79,/mnt/c/Users/mzyx/Desktop/0921/js-interpreter-bench/experiments/octane_three_engine/MAIN_MONOTONIC_V1/attempt01/generated/Gameboy.Gameboy.N1.measure.js,729af72b3fa04a1e11f904ac86129756fea9df1c466c6d40cccc20df7c391084,cd393c275173f20526562a008951f65a332deffed85e7c804519788b8ebffab7,0,False,414.86013099970296,414.86013099970296,3936034.841072,3936449.701203,,0,"{""pass"":true,""inner_minus_outer_ms"":-51.12500500029705,""tolerance_ms"":5.0}",300,False,0,"TEB_RESULT:{""benchmark"":""Octane"",""case"":""Gameboy.Gameboy"",""suite"":""Gameboy"",""subbenchmark"":""Gameboy"",""mode"":""MAIN_MONOTONIC_V1"",""phase"":""measure"",""N"":1,""correctness"":""PASS"",""extra_validation_calls"":0,""checksum"":null,""timer"":""benchNow"",""start_ms"":3936034.841072,""stop_ms"":3936449.701203,""elapsed_ms"":414.86013099970296,""elapsed_per_call_ms"":414.86013099970296,""warmup_calls"":0}
",,3936451174933,3935985189797,465985136,94e240b1-774a-4fdc-8be3-8b5e85457d9d,True,PASS,
wsl2-ubuntu2404-x64-20261004,MAIN_MONOTONIC_V1,Octane,calibration,Gameboy.Gameboy,Gameboy,Gameboy,v8,1,0,2,[],0,0,1,2026-10-05T05:44:25.096974+00:00,"[""/home/mzyx/three_engine_20261004/v8-linux64-rel-15.6.21/d8"",""--snapshot_blob=/home/mzyx/three_engine_20261004/v8-linux64-rel-15.6.21/snapshot_blob.bin"",""--max-opt=0"",""--no-lazy"",""/mnt/c/Users/mzyx/Desktop/0921/js-interpreter-bench/experiments/three_engine_baseline/adapters/v8.js"",""/mnt/c/Users/mzyx/Desktop/0921/js-interpreter-bench/experiments/timer_recovery/adapters/v8.js"",""/mnt/c/Users/mzyx/Desktop/0921/js-interpreter-bench/experiments/octane_three_engine/MAIN_MONOTONIC_V1/attempt01/generated/Gameboy.Gameboy.N1.measure.js""]","[""--max-opt=0"",""--no-lazy""]",83b744a5953d2662ea723564d4035a333782a0cc85232d1025929a925150b133,/mnt/c/Users/mzyx/Desktop/0921/js-interpreter-bench/experiments/octane_three_engine/MAIN_MONOTONIC_V1/attempt01/generated/Gameboy.Gameboy.N1.measure.js,729af72b3fa04a1e11f904ac86129756fea9df1c466c6d40cccc20df7c391084,e610d3aa3d2672a5e6d5eccd9aaf05c6ae6758d1b9c4468289f017a231ab7d9f,0,False,378.902,378.902,73.163,452.065,,0,"{""pass"":true,""inner_minus_outer_ms"":-83.33410000000003,""tolerance_ms"":5.0}",300,False,0,"TEB_RESULT:{""benchmark"":""Octane"",""case"":""Gameboy.Gameboy"",""suite"":""Gameboy"",""subbenchmark"":""Gameboy"",""mode"":""MAIN_MONOTONIC_V1"",""phase"":""measure"",""N"":1,""correctness"":""PASS"",""extra_validation_calls"":0,""checksum"":null,""timer"":""benchNow"",""start_ms"":73.163,""stop_ms"":452.065,""elapsed_ms"":378.902,""elapsed_per_call_ms"":378.902,""warmup_calls"":0}
",,3937003449364,3936541213264,462236100,94e240b1-774a-4fdc-8be3-8b5e85457d9d,True,PASS,
wsl2-ubuntu2404-x64-20261004,MAIN_MONOTONIC_V1,Octane,calibration,Gameboy.Gameboy,Gameboy,Gameboy,jsc,2,0,3,[],0,0,1,2026-10-05T05:44:27.998606+00:00,"[""/home/mzyx/jsc_build_fd3406f/JSCOnly/Release/bin/jsc"",""--useJIT=false"",""--useLLInt=true"",""--validateOptions=true"",""/mnt/c/Users/mzyx/Desktop/0921/js-interpreter-bench/experiments/three_engine_baseline/adapters/jsc.js"",""/mnt/c/Users/mzyx/Desktop/0921/js-interpreter-bench/experiments/timer_recovery/adapters/jsc.js"",""/mnt/c/Users/mzyx/Desktop/0921/js-interpreter-bench/experiments/octane_three_engine/MAIN_MONOTONIC_V1/attempt01/generated/Gameboy.Gameboy.N2.measure.js""]","[""--useJIT=false"",""--useLLInt=true"",""--validateOptions=true""]",65c824a055405bf62b05e21d54515a72a1f0187a4d91225d00a6da969d35879f,/mnt/c/Users/mzyx/Desktop/0921/js-interpreter-bench/experiments/octane_three_engine/MAIN_MONOTONIC_V1/attempt01/generated/Gameboy.Gameboy.N2.measure.js,0f4ef7bdb6314e2f104ff152a6736a9e0105ae1fb5f47d13640ff9d194094ee9,0c485996a598b7e36f2f292b66397adc0390cbe6b69b55199e47e1c6c1e37010,0,False,818.08,409.04,0,818.08,,0,"{""pass"":true,""inner_minus_outer_ms"":-51.004058999999984,""tolerance_ms"":5.0}",300,False,0,"TEB_RESULT:{""benchmark"":""Octane"",""case"":""Gameboy.Gameboy"",""suite"":""Gameboy"",""subbenchmark"":""Gameboy"",""mode"":""MAIN_MONOTONIC_V1"",""phase"":""measure"",""N"":2,""correctness"":""PASS"",""extra_validation_calls"":0,""checksum"":null,""timer"":""benchNow"",""start_ms"":0,""stop_ms"":818.08,""elapsed_ms"":818.08,""elapsed_per_call_ms"":409.04,""warmup_calls"":0}
",,3940309699165,3939440615106,869084059,94e240b1-774a-4fdc-8be3-8b5e85457d9d,True,PASS,
wsl2-ubuntu2404-x64-20261004,MAIN_MONOTONIC_V1,Octane,calibration,Gameboy.Gameboy,Gameboy,Gameboy,quickjs,2,0,1,[],0,0,1,2026-10-05T05:44:26.212755+00:00,"[""/home/mzyx/three_engine_20261004/quickjs-04be246001599f5995fa2f2d8c91a0f198d3f34c/qjs"",""-I"",""/mnt/c/Users/mzyx/Desktop/0921/js-interpreter-bench/experiments/three_engine_baseline/adapters/quickjs.js"",""-I"",""/mnt/c/Users/mzyx/Desktop/0921/js-interpreter-bench/experiments/timer_recovery/adapters/quickjs.js"",""/mnt/c/Users/mzyx/Desktop/0921/js-interpreter-bench/experiments/octane_three_engine/MAIN_MONOTONIC_V1/attempt01/generated/Gameboy.Gameboy.N2.measure.js""]",[],140d5233b0337d91cb0f994ae4a051e49aa04da8802acfaedf0a01b81a620b79,/mnt/c/Users/mzyx/Desktop/0921/js-interpreter-bench/experiments/octane_three_engine/MAIN_MONOTONIC_V1/attempt01/generated/Gameboy.Gameboy.N2.measure.js,0f4ef7bdb6314e2f104ff152a6736a9e0105ae1fb5f47d13640ff9d194094ee9,cd393c275173f20526562a008951f65a332deffed85e7c804519788b8ebffab7,0,False,752.009885000065,376.0049425000325,3937753.230921,3938505.240806,,0,"{""pass"":true,""inner_minus_outer_ms"":-50.26066399993499,""tolerance_ms"":5.0}",300,False,0,"TEB_RESULT:{""benchmark"":""Octane"",""case"":""Gameboy.Gameboy"",""suite"":""Gameboy"",""subbenchmark"":""Gameboy"",""mode"":""MAIN_MONOTONIC_V1"",""phase"":""measure"",""N"":2,""correctness"":""PASS"",""extra_validation_calls"":0,""checksum"":null,""timer"":""benchNow"",""start_ms"":3937753.230921,""stop_ms"":3938505.240806,""elapsed_ms"":752.009885000065,""elapsed_per_call_ms"":376.0049425000325,""warmup_calls"":0}
",,3938506948931,3937704678382,802270549,94e240b1-774a-4fdc-8be3-8b5e85457d9d,True,PASS,
wsl2-ubuntu2404-x64-20261004,MAIN_MONOTONIC_V1,Octane,calibration,Gameboy.Gameboy,Gameboy,Gameboy,v8,2,0,2,[],0,0,1,2026-10-05T05:44:27.144229+00:00,"[""/home/mzyx/three_engine_20261004/v8-linux64-rel-15.6.21/d8"",""--snapshot_blob=/home/mzyx/three_engine_20261004/v8-linux64-rel-15.6.21/snapshot_blob.bin"",""--max-opt=0"",""--no-lazy"",""/mnt/c/Users/mzyx/Desktop/0921/js-interpreter-bench/experiments/three_engine_baseline/adapters/v8.js"",""/mnt/c/Users/mzyx/Desktop/0921/js-interpreter-bench/experiments/timer_recovery/adapters/v8.js"",""/mnt/c/Users/mzyx/Desktop/0921/js-interpreter-bench/experiments/octane_three_engine/MAIN_MONOTONIC_V1/attempt01/generated/Gameboy.Gameboy.N2.measure.js""]","[""--max-opt=0"",""--no-lazy""]",83b744a5953d2662ea723564d4035a333782a0cc85232d1025929a925150b133,/mnt/c/Users/mzyx/Desktop/0921/js-interpreter-bench/experiments/octane_three_engine/MAIN_MONOTONIC_V1/attempt01/generated/Gameboy.Gameboy.N2.measure.js,0f4ef7bdb6314e2f104ff152a6736a9e0105ae1fb5f47d13640ff9d194094ee9,e610d3aa3d2672a5e6d5eccd9aaf05c6ae6758d1b9c4468289f017a231ab7d9f,0,False,686.705,343.3525,74.173,760.878,,0,"{""pass"":true,""inner_minus_outer_ms"":-86.02438799999993,""tolerance_ms"":5.0}",300,False,0,"TEB_RESULT:{""benchmark"":""Octane"",""case"":""Gameboy.Gameboy"",""suite"":""Gameboy"",""subbenchmark"":""Gameboy"",""mode"":""MAIN_MONOTONIC_V1"",""phase"":""measure"",""N"":2,""correctness"":""PASS"",""extra_validation_calls"":0,""checksum"":null,""timer"":""benchNow"",""start_ms"":74.173,""stop_ms"":760.878,""elapsed_ms"":686.705,""elapsed_per_call_ms"":343.3525,""warmup_calls"":0}
",,3939358652213,3938585922825,772729388,94e240b1-774a-4fdc-8be3-8b5e85457d9d,True,PASS,
wsl2-ubuntu2404-x64-20261004,MAIN_MONOTONIC_V1,Octane,calibration,Gameboy.Gameboy,Gameboy,Gameboy,jsc,4,0,3,[],0,0,1,2026-10-05T05:44:31.993113+00:00,"[""/home/mzyx/jsc_build_fd3406f/JSCOnly/Release/bin/jsc"",""--useJIT=false"",""--useLLInt=true"",""--validateOptions=true"",""/mnt/c/Users/mzyx/Desktop/0921/js-interpreter-bench/experiments/three_engine_baseline/adapters/jsc.js"",""/mnt/c/Users/mzyx/Desktop/0921/js-interpreter-bench/experiments/timer_recovery/adapters/jsc.js"",""/mnt/c/Users/mzyx/Desktop/0921/js-interpreter-bench/experiments/octane_three_engine/MAIN_MONOTONIC_V1/attempt01/generated/Gameboy.Gameboy.N4.measure.js""]","[""--useJIT=false"",""--useLLInt=true"",""--validateOptions=true""]",65c824a055405bf62b05e21d54515a72a1f0187a4d91225d00a6da969d35879f,/mnt/c/Users/mzyx/Desktop/0921/js-interpreter-bench/experiments/octane_three_engine/MAIN_MONOTONIC_V1/attempt01/generated/Gameboy.Gameboy.N4.measure.js,20a1a5ffa2c5d2d9d3f5a1cb9e069a030c3c7ac002be4fbb47bf34dda0ea8469,0c485996a598b7e36f2f292b66397adc0390cbe6b69b55199e47e1c6c1e37010,0,False,1549.7,387.425,0,1549.7,,0,"{""pass"":true,""inner_minus_outer_ms"":-48.65869499999985,""tolerance_ms"":5.0}",300,False,0,"TEB_RESULT:{""benchmark"":""Octane"",""case"":""Gameboy.Gameboy"",""suite"":""Gameboy"",""subbenchmark"":""Gameboy"",""mode"":""MAIN_MONOTONIC_V1"",""phase"":""measure"",""N"":4,""correctness"":""PASS"",""extra_validation_calls"":0,""checksum"":null,""timer"":""benchNow"",""start_ms"":0,""stop_ms"":1549.7,""elapsed_ms"":1549.7,""elapsed_per_call_ms"":387.425,""warmup_calls"":0}
",,3945033866975,3943435508280,1598358695,94e240b1-774a-4fdc-8be3-8b5e85457d9d,True,PASS,
wsl2-ubuntu2404-x64-20261004,MAIN_MONOTONIC_V1,Octane,calibration,Gameboy.Gameboy,Gameboy,Gameboy,quickjs,4,0,1,[],0,0,1,2026-10-05T05:44:28.949632+00:00,"[""/home/mzyx/three_engine_20261004/quickjs-04be246001599f5995fa2f2d8c91a0f198d3f34c/qjs"",""-I"",""/mnt/c/Users/mzyx/Desktop/0921/js-interpreter-bench/experiments/three_engine_baseline/adapters/quickjs.js"",""-I"",""/mnt/c/Users/mzyx/Desktop/0921/js-interpreter-bench/experiments/timer_recovery/adapters/quickjs.js"",""/mnt/c/Users/mzyx/Desktop/0921/js-interpreter-bench/experiments/octane_three_engine/MAIN_MONOTONIC_V1/attempt01/generated/Gameboy.Gameboy.N4.measure.js""]",[],140d5233b0337d91cb0f994ae4a051e49aa04da8802acfaedf0a01b81a620b79,/mnt/c/Users/mzyx/Desktop/0921/js-interpreter-bench/experiments/octane_three_engine/MAIN_MONOTONIC_V1/attempt01/generated/Gameboy.Gameboy.N4.measure.js,20a1a5ffa2c5d2d9d3f5a1cb9e069a030c3c7ac002be4fbb47bf34dda0ea8469,cd393c275173f20526562a008951f65a332deffed85e7c804519788b8ebffab7,0,False,1382.0944360001013,345.5236090000253,3940504.625165,3941886.719601,,0,"{""pass"":true,""inner_minus_outer_ms"":-50.55985999989866,""tolerance_ms"":5.0}",300,False,0,"TEB_RESULT:{""benchmark"":""Octane"",""case"":""Gameboy.Gameboy"",""suite"":""Gameboy"",""subbenchmark"":""Gameboy"",""mode"":""MAIN_MONOTONIC_V1"",""phase"":""measure"",""N"":4,""correctness"":""PASS"",""extra_validation_calls"":0,""checksum"":null,""timer"":""benchNow"",""start_ms"":3940504.625165,""stop_ms"":3941886.719601,""elapsed_ms"":1382.0944360001013,""elapsed_per_call_ms"":345.5236090000253,""warmup_calls"":0}
",,3941888437269,3940455782973,1432654296,94e240b1-774a-4fdc-8be3-8b5e85457d9d,True,PASS,
wsl2-ubuntu2404-x64-20261004,MAIN_MONOTONIC_V1,Octane,calibration,Gameboy.Gameboy,Gameboy,Gameboy,v8,4,0,2,[],0,0,1,2026-10-05T05:44:30.528985+00:00,"[""/home/mzyx/three_engine_20261004/v8-linux64-rel-15.6.21/d8"",""--snapshot_blob=/home/mzyx/three_engine_20261004/v8-linux64-rel-15.6.21/snapshot_blob.bin"",""--max-opt=0"",""--no-lazy"",""/mnt/c/Users/mzyx/Desktop/0921/js-interpreter-bench/experiments/three_engine_baseline/adapters/v8.js"",""/mnt/c/Users/mzyx/Desktop/0921/js-interpreter-bench/experiments/timer_recovery/adapters/v8.js"",""/mnt/c/Users/mzyx/Desktop/0921/js-interpreter-bench/experiments/octane_three_engine/MAIN_MONOTONIC_V1/attempt01/generated/Gameboy.Gameboy.N4.measure.js""]","[""--max-opt=0"",""--no-lazy""]",83b744a5953d2662ea723564d4035a333782a0cc85232d1025929a925150b133,/mnt/c/Users/mzyx/Desktop/0921/js-interpreter-bench/experiments/octane_three_engine/MAIN_MONOTONIC_V1/attempt01/generated/Gameboy.Gameboy.N4.measure.js,20a1a5ffa2c5d2d9d3f5a1cb9e069a030c3c7ac002be4fbb47bf34dda0ea8469,e610d3aa3d2672a5e6d5eccd9aaf05c6ae6758d1b9c4468289f017a231ab7d9f,0,False,1296.5910000000001,324.14775000000003,74.078,1370.669,,0,"{""pass"":true,""inner_minus_outer_ms"":-87.01824499999998,""tolerance_ms"":5.0}",300,False,0,"TEB_RESULT:{""benchmark"":""Octane"",""case"":""Gameboy.Gameboy"",""suite"":""Gameboy"",""subbenchmark"":""Gameboy"",""mode"":""MAIN_MONOTONIC_V1"",""phase"":""measure"",""N"":4,""correctness"":""PASS"",""extra_validation_calls"":0,""checksum"":null,""timer"":""benchNow"",""start_ms"":74.078,""stop_ms"":1370.669,""elapsed_ms"":1296.5910000000001,""elapsed_per_call_ms"":324.14775000000003,""warmup_calls"":0}
",,3943354745278,3941971136033,1383609245,94e240b1-774a-4fdc-8be3-8b5e85457d9d,True,PASS,
wsl2-ubuntu2404-x64-20261004,MAIN_MONOTONIC_V1,Octane,calibration,Mandreel.Mandreel,Mandreel,Mandreel,jsc,1,0,3,[],0,0,1,2026-10-05T05:44:20.845190+00:00,"[""/home/mzyx/jsc_build_fd3406f/JSCOnly/Release/bin/jsc"",""--useJIT=false"",""--useLLInt=true"",""--validateOptions=true"",""/mnt/c/Users/mzyx/Desktop/0921/js-interpreter-bench/experiments/three_engine_baseline/adapters/jsc.js"",""/mnt/c/Users/mzyx/Desktop/0921/js-interpreter-bench/experiments/timer_recovery/adapters/jsc.js"",""/mnt/c/Users/mzyx/Desktop/0921/js-interpreter-bench/experiments/octane_three_engine/MAIN_MONOTONIC_V1/attempt01/generated/Mandreel.Mandreel.N1.measure.js""]","[""--useJIT=false"",""--useLLInt=true"",""--validateOptions=true""]",65c824a055405bf62b05e21d54515a72a1f0187a4d91225d00a6da969d35879f,/mnt/c/Users/mzyx/Desktop/0921/js-interpreter-bench/experiments/octane_three_engine/MAIN_MONOTONIC_V1/attempt01/generated/Mandreel.Mandreel.N1.measure.js,22336a25642658b6dc7b74d10c1c32e8d93f5ace13c5cfd48104dcd3ba6b4840,0c485996a598b7e36f2f292b66397adc0390cbe6b69b55199e47e1c6c1e37010,0,False,1785.2,1785.2,1595.2,3380.4,,0,"{""pass"":true,""inner_minus_outer_ms"":-1733.7628149999998,""tolerance_ms"":5.0}",300,False,0,"TEB_RESULT:{""benchmark"":""Octane"",""case"":""Mandreel.Mandreel"",""suite"":""Mandreel"",""subbenchmark"":""Mandreel"",""mode"":""MAIN_MONOTONIC_V1"",""phase"":""measure"",""N"":1,""correctness"":""PASS"",""extra_validation_calls"":0,""checksum"":null,""timer"":""benchNow"",""start_ms"":1595.2,""stop_ms"":3380.4,""elapsed_ms"":1785.2,""elapsed_per_call_ms"":1785.2,""warmup_calls"":0}
",,3935831958079,3932312995264,3518962815,94e240b1-774a-4fdc-8be3-8b5e85457d9d,True,PASS,
wsl2-ubuntu2404-x64-20261004,MAIN_MONOTONIC_V1,Octane,calibration,Mandreel.Mandreel,Mandreel,Mandreel,quickjs,1,0,1,[],0,0,1,2026-10-05T05:44:13.224300+00:00,"[""/home/mzyx/three_engine_20261004/quickjs-04be246001599f5995fa2f2d8c91a0f198d3f34c/qjs"",""-I"",""/mnt/c/Users/mzyx/Desktop/0921/js-interpreter-bench/experiments/three_engine_baseline/adapters/quickjs.js"",""-I"",""/mnt/c/Users/mzyx/Desktop/0921/js-interpreter-bench/experiments/timer_recovery/adapters/quickjs.js"",""/mnt/c/Users/mzyx/Desktop/0921/js-interpreter-bench/experiments/octane_three_engine/MAIN_MONOTONIC_V1/attempt01/generated/Mandreel.Mandreel.N1.measure.js""]",[],140d5233b0337d91cb0f994ae4a051e49aa04da8802acfaedf0a01b81a620b79,/mnt/c/Users/mzyx/Desktop/0921/js-interpreter-bench/experiments/octane_three_engine/MAIN_MONOTONIC_V1/attempt01/generated/Mandreel.Mandreel.N1.measure.js,22336a25642658b6dc7b74d10c1c32e8d93f5ace13c5cfd48104dcd3ba6b4840,cd393c275173f20526562a008951f65a332deffed85e7c804519788b8ebffab7,0,False,1868.161218999885,1868.161218999885,3926850.135187,3928718.296406,,0,"{""pass"":true,""inner_minus_outer_ms"":-1547.260922000115,""tolerance_ms"":5.0}",300,False,0,"TEB_RESULT:{""benchmark"":""Octane"",""case"":""Mandreel.Mandreel"",""suite"":""Mandreel"",""subbenchmark"":""Mandreel"",""mode"":""MAIN_MONOTONIC_V1"",""phase"":""measure"",""N"":1,""correctness"":""PASS"",""extra_validation_calls"":0,""checksum"":null,""timer"":""benchNow"",""start_ms"":3926850.135187,""stop_ms"":3928718.296406,""elapsed_ms"":1868.161218999885,""elapsed_per_call_ms"":1868.161218999885,""warmup_calls"":0}
",,3928725925947,3925310503806,3415422141,94e240b1-774a-4fdc-8be3-8b5e85457d9d,True,PASS,
wsl2-ubuntu2404-x64-20261004,MAIN_MONOTONIC_V1,Octane,calibration,Mandreel.Mandreel,Mandreel,Mandreel,v8,1,0,2,[],0,0,1,2026-10-05T05:44:17.415731+00:00,"[""/home/mzyx/three_engine_20261004/v8-linux64-rel-15.6.21/d8"",""--snapshot_blob=/home/mzyx/three_engine_20261004/v8-linux64-rel-15.6.21/snapshot_blob.bin"",""--max-opt=0"",""--no-lazy"",""/mnt/c/Users/mzyx/Desktop/0921/js-interpreter-bench/experiments/three_engine_baseline/adapters/v8.js"",""/mnt/c/Users/mzyx/Desktop/0921/js-interpreter-bench/experiments/timer_recovery/adapters/v8.js"",""/mnt/c/Users/mzyx/Desktop/0921/js-interpreter-bench/experiments/octane_three_engine/MAIN_MONOTONIC_V1/attempt01/generated/Mandreel.Mandreel.N1.measure.js""]","[""--max-opt=0"",""--no-lazy""]",83b744a5953d2662ea723564d4035a333782a0cc85232d1025929a925150b133,/mnt/c/Users/mzyx/Desktop/0921/js-interpreter-bench/experiments/octane_three_engine/MAIN_MONOTONIC_V1/attempt01/generated/Mandreel.Mandreel.N1.measure.js,22336a25642658b6dc7b74d10c1c32e8d93f5ace13c5cfd48104dcd3ba6b4840,e610d3aa3d2672a5e6d5eccd9aaf05c6ae6758d1b9c4468289f017a231ab7d9f,0,False,1570.146,1570.146,1691.829,3261.975,,0,"{""pass"":true,""inner_minus_outer_ms"":-1702.3670800000002,""tolerance_ms"":5.0}",300,False,0,"TEB_RESULT:{""benchmark"":""Octane"",""case"":""Mandreel.Mandreel"",""suite"":""Mandreel"",""subbenchmark"":""Mandreel"",""mode"":""MAIN_MONOTONIC_V1"",""phase"":""measure"",""N"":1,""correctness"":""PASS"",""extra_validation_calls"":0,""checksum"":null,""timer"":""benchNow"",""start_ms"":1691.829,""stop_ms"":3261.975,""elapsed_ms"":1570.146,""elapsed_per_call_ms"":1570.146,""warmup_calls"":0}
",,3932156534927,3928884021847,3272513080,94e240b1-774a-4fdc-8be3-8b5e85457d9d,True,PASS,
wsl2-ubuntu2404-x64-20261004,MAIN_MONOTONIC_V1,Octane,calibration,NavierStokes.NavierStokes,NavierStokes,NavierStokes,jsc,1,0,3,[],0,0,1,2026-10-05T05:43:39.694404+00:00,"[""/home/mzyx/jsc_build_fd3406f/JSCOnly/Release/bin/jsc"",""--useJIT=false"",""--useLLInt=true"",""--validateOptions=true"",""/mnt/c/Users/mzyx/Desktop/0921/js-interpreter-bench/experiments/three_engine_baseline/adapters/jsc.js"",""/mnt/c/Users/mzyx/Desktop/0921/js-interpreter-bench/experiments/timer_recovery/adapters/jsc.js"",""/mnt/c/Users/mzyx/Desktop/0921/js-interpreter-bench/experiments/octane_three_engine/MAIN_MONOTONIC_V1/attempt01/generated/NavierStokes.NavierStokes.N1.measure.js""]","[""--useJIT=false"",""--useLLInt=true"",""--validateOptions=true""]",65c824a055405bf62b05e21d54515a72a1f0187a4d91225d00a6da969d35879f,/mnt/c/Users/mzyx/Desktop/0921/js-interpreter-bench/experiments/octane_three_engine/MAIN_MONOTONIC_V1/attempt01/generated/NavierStokes.NavierStokes.N1.measure.js,60ea010fbd2d4b05aef33d7848d0ae26b03950096fb810fb3df2622592209a2a,0c485996a598b7e36f2f292b66397adc0390cbe6b69b55199e47e1c6c1e37010,0,False,59.16,59.16,0,59.16,,14,"{""pass"":true,""inner_minus_outer_ms"":-855.646783,""tolerance_ms"":5.0}",300,False,0,"TEB_RESULT:{""benchmark"":""Octane"",""case"":""NavierStokes.NavierStokes"",""suite"":""NavierStokes"",""subbenchmark"":""NavierStokes"",""mode"":""MAIN_MONOTONIC_V1"",""phase"":""measure"",""N"":1,""correctness"":""PASS"",""extra_validation_calls"":14,""checksum"":null,""timer"":""benchNow"",""start_ms"":0,""stop_ms"":59.16,""elapsed_ms"":59.16,""elapsed_per_call_ms"":59.16,""warmup_calls"":0}
",,3886148800456,3885233993673,914806783,94e240b1-774a-4fdc-8be3-8b5e85457d9d,True,PASS,
wsl2-ubuntu2404-x64-20261004,MAIN_MONOTONIC_V1,Octane,calibration,NavierStokes.NavierStokes,NavierStokes,NavierStokes,quickjs,1,0,1,[],0,0,1,2026-10-05T05:43:37.382381+00:00,"[""/home/mzyx/three_engine_20261004/quickjs-04be246001599f5995fa2f2d8c91a0f198d3f34c/qjs"",""-I"",""/mnt/c/Users/mzyx/Desktop/0921/js-interpreter-bench/experiments/three_engine_baseline/adapters/quickjs.js"",""-I"",""/mnt/c/Users/mzyx/Desktop/0921/js-interpreter-bench/experiments/timer_recovery/adapters/quickjs.js"",""/mnt/c/Users/mzyx/Desktop/0921/js-interpreter-bench/experiments/octane_three_engine/MAIN_MONOTONIC_V1/attempt01/generated/NavierStokes.NavierStokes.N1.measure.js""]",[],140d5233b0337d91cb0f994ae4a051e49aa04da8802acfaedf0a01b81a620b79,/mnt/c/Users/mzyx/Desktop/0921/js-interpreter-bench/experiments/octane_three_engine/MAIN_MONOTONIC_V1/attempt01/generated/NavierStokes.NavierStokes.N1.measure.js,60ea010fbd2d4b05aef33d7848d0ae26b03950096fb810fb3df2622592209a2a,cd393c275173f20526562a008951f65a332deffed85e7c804519788b8ebffab7,0,False,61.06581000005826,61.06581000005826,3882939.410135,3883000.475945,,14,"{""pass"":true,""inner_minus_outer_ms"":-897.5281159999417,""tolerance_ms"":5.0}",300,False,0,"TEB_RESULT:{""benchmark"":""Octane"",""case"":""NavierStokes.NavierStokes"",""suite"":""NavierStokes"",""subbenchmark"":""NavierStokes"",""mode"":""MAIN_MONOTONIC_V1"",""phase"":""measure"",""N"":1,""correctness"":""PASS"",""extra_validation_calls"":14,""checksum"":null,""timer"":""benchNow"",""start_ms"":3882939.410135,""stop_ms"":3883000.475945,""elapsed_ms"":61.06581000005826,""elapsed_per_call_ms"":61.06581000005826,""warmup_calls"":0}
",,3883879920466,3882921326540,958593926,94e240b1-774a-4fdc-8be3-8b5e85457d9d,True,PASS,
wsl2-ubuntu2404-x64-20261004,MAIN_MONOTONIC_V1,Octane,calibration,NavierStokes.NavierStokes,NavierStokes,NavierStokes,v8,1,0,2,[],0,0,1,2026-10-05T05:43:38.411980+00:00,"[""/home/mzyx/three_engine_20261004/v8-linux64-rel-15.6.21/d8"",""--snapshot_blob=/home/mzyx/three_engine_20261004/v8-linux64-rel-15.6.21/snapshot_blob.bin"",""--max-opt=0"",""--no-lazy"",""/mnt/c/Users/mzyx/Desktop/0921/js-interpreter-bench/experiments/three_engine_baseline/adapters/v8.js"",""/mnt/c/Users/mzyx/Desktop/0921/js-interpreter-bench/experiments/timer_recovery/adapters/v8.js"",""/mnt/c/Users/mzyx/Desktop/0921/js-interpreter-bench/experiments/octane_three_engine/MAIN_MONOTONIC_V1/attempt01/generated/NavierStokes.NavierStokes.N1.measure.js""]","[""--max-opt=0"",""--no-lazy""]",83b744a5953d2662ea723564d4035a333782a0cc85232d1025929a925150b133,/mnt/c/Users/mzyx/Desktop/0921/js-interpreter-bench/experiments/octane_three_engine/MAIN_MONOTONIC_V1/attempt01/generated/NavierStokes.NavierStokes.N1.measure.js,60ea010fbd2d4b05aef33d7848d0ae26b03950096fb810fb3df2622592209a2a,e610d3aa3d2672a5e6d5eccd9aaf05c6ae6758d1b9c4468289f017a231ab7d9f,0,False,78.635,78.635,36.595,115.23,,14,"{""pass"":true,""inner_minus_outer_ms"":-1128.974912,""tolerance_ms"":5.0}",300,False,0,"TEB_RESULT:{""benchmark"":""Octane"",""case"":""NavierStokes.NavierStokes"",""suite"":""NavierStokes"",""subbenchmark"":""NavierStokes"",""mode"":""MAIN_MONOTONIC_V1"",""phase"":""measure"",""N"":1,""correctness"":""PASS"",""extra_validation_calls"":14,""checksum"":null,""timer"":""benchNow"",""start_ms"":36.595,""stop_ms"":115.23,""elapsed_ms"":78.635,""elapsed_per_call_ms"":78.635,""warmup_calls"":0}
",,3885158949144,3883951339232,1207609912,94e240b1-774a-4fdc-8be3-8b5e85457d9d,True,PASS,
wsl2-ubuntu2404-x64-20261004,MAIN_MONOTONIC_V1,Octane,calibration,NavierStokes.NavierStokes,NavierStokes,NavierStokes,jsc,16,0,3,[],0,0,1,2026-10-05T05:43:49.973128+00:00,"[""/home/mzyx/jsc_build_fd3406f/JSCOnly/Release/bin/jsc"",""--useJIT=false"",""--useLLInt=true"",""--validateOptions=true"",""/mnt/c/Users/mzyx/Desktop/0921/js-interpreter-bench/experiments/three_engine_baseline/adapters/jsc.js"",""/mnt/c/Users/mzyx/Desktop/0921/js-interpreter-bench/experiments/timer_recovery/adapters/jsc.js"",""/mnt/c/Users/mzyx/Desktop/0921/js-interpreter-bench/experiments/octane_three_engine/MAIN_MONOTONIC_V1/attempt01/generated/NavierStokes.NavierStokes.N16.measure.js""]","[""--useJIT=false"",""--useLLInt=true"",""--validateOptions=true""]",65c824a055405bf62b05e21d54515a72a1f0187a4d91225d00a6da969d35879f,/mnt/c/Users/mzyx/Desktop/0921/js-interpreter-bench/experiments/octane_three_engine/MAIN_MONOTONIC_V1/attempt01/generated/NavierStokes.NavierStokes.N16.measure.js,4132d3f3dac435e5800ec2ed2a2d7c6f09aea0f146470b6c7f6184e28ac16099,0c485996a598b7e36f2f292b66397adc0390cbe6b69b55199e47e1c6c1e37010,0,False,939.58,58.72375,0,939.58,,0,"{""pass"":true,""inner_minus_outer_ms"":-35.55174499999998,""tolerance_ms"":5.0}",300,False,0,"TEB_RESULT:{""benchmark"":""Octane"",""case"":""NavierStokes.NavierStokes"",""suite"":""NavierStokes"",""subbenchmark"":""NavierStokes"",""mode"":""MAIN_MONOTONIC_V1"",""phase"":""measure"",""N"":16,""correctness"":""PASS"",""extra_validation_calls"":0,""checksum"":null,""timer"":""benchNow"",""start_ms"":0,""stop_ms"":939.58,""elapsed_ms"":939.58,""elapsed_per_call_ms"":58.72375,""warmup_calls"":0}
",,3899441747374,3898466615629,975131745,94e240b1-774a-4fdc-8be3-8b5e85457d9d,True,PASS,
wsl2-ubuntu2404-x64-20261004,MAIN_MONOTONIC_V1,Octane,calibration,NavierStokes.NavierStokes,NavierStokes,NavierStokes,quickjs,16,0,1,[],0,0,1,2026-10-05T05:43:47.527581+00:00,"[""/home/mzyx/three_engine_20261004/quickjs-04be246001599f5995fa2f2d8c91a0f198d3f34c/qjs"",""-I"",""/mnt/c/Users/mzyx/Desktop/0921/js-interpreter-bench/experiments/three_engine_baseline/adapters/quickjs.js"",""-I"",""/mnt/c/Users/mzyx/Desktop/0921/js-interpreter-bench/experiments/timer_recovery/adapters/quickjs.js"",""/mnt/c/Users/mzyx/Desktop/0921/js-interpreter-bench/experiments/octane_three_engine/MAIN_MONOTONIC_V1/attempt01/generated/NavierStokes.NavierStokes.N16.measure.js""]",[],140d5233b0337d91cb0f994ae4a051e49aa04da8802acfaedf0a01b81a620b79,/mnt/c/Users/mzyx/Desktop/0921/js-interpreter-bench/experiments/octane_three_engine/MAIN_MONOTONIC_V1/attempt01/generated/NavierStokes.NavierStokes.N16.measure.js,4132d3f3dac435e5800ec2ed2a2d7c6f09aea0f146470b6c7f6184e28ac16099,cd393c275173f20526562a008951f65a332deffed85e7c804519788b8ebffab7,0,False,1021.578401000239,63.848650062514935,3896061.1498,3897082.728201,,0,"{""pass"":true,""inner_minus_outer_ms"":-21.664804999761145,""tolerance_ms"":5.0}",300,False,0,"TEB_RESULT:{""benchmark"":""Octane"",""case"":""NavierStokes.NavierStokes"",""suite"":""NavierStokes"",""subbenchmark"":""NavierStokes"",""mode"":""MAIN_MONOTONIC_V1"",""phase"":""measure"",""N"":16,""correctness"":""PASS"",""extra_validation_calls"":0,""checksum"":null,""timer"":""benchNow"",""start_ms"":3896061.1498,""stop_ms"":3897082.728201,""elapsed_ms"":1021.578401000239,""elapsed_per_call_ms"":63.848650062514935,""warmup_calls"":0}
",,3897083561142,3896040317936,1043243206,94e240b1-774a-4fdc-8be3-8b5e85457d9d,True,PASS,
wsl2-ubuntu2404-x64-20261004,MAIN_MONOTONIC_V1,Octane,calibration,NavierStokes.NavierStokes,NavierStokes,NavierStokes,v8,16,0,2,[],0,0,1,2026-10-05T05:43:48.658160+00:00,"[""/home/mzyx/three_engine_20261004/v8-linux64-rel-15.6.21/d8"",""--snapshot_blob=/home/mzyx/three_engine_20261004/v8-linux64-rel-15.6.21/snapshot_blob.bin"",""--max-opt=0"",""--no-lazy"",""/mnt/c/Users/mzyx/Desktop/0921/js-interpreter-bench/experiments/three_engine_baseline/adapters/v8.js"",""/mnt/c/Users/mzyx/Desktop/0921/js-interpreter-bench/experiments/timer_recovery/adapters/v8.js"",""/mnt/c/Users/mzyx/Desktop/0921/js-interpreter-bench/experiments/octane_three_engine/MAIN_MONOTONIC_V1/attempt01/generated/NavierStokes.NavierStokes.N16.measure.js""]","[""--max-opt=0"",""--no-lazy""]",83b744a5953d2662ea723564d4035a333782a0cc85232d1025929a925150b133,/mnt/c/Users/mzyx/Desktop/0921/js-interpreter-bench/experiments/octane_three_engine/MAIN_MONOTONIC_V1/attempt01/generated/NavierStokes.NavierStokes.N16.measure.js,4132d3f3dac435e5800ec2ed2a2d7c6f09aea0f146470b6c7f6184e28ac16099,e610d3aa3d2672a5e6d5eccd9aaf05c6ae6758d1b9c4468289f017a231ab7d9f,0,False,1196.179,74.7611875,39.571,1235.75,,0,"{""pass"":true,""inner_minus_outer_ms"":-48.49552399999993,""tolerance_ms"":5.0}",300,False,0,"TEB_RESULT:{""benchmark"":""Octane"",""case"":""NavierStokes.NavierStokes"",""suite"":""NavierStokes"",""subbenchmark"":""NavierStokes"",""mode"":""MAIN_MONOTONIC_V1"",""phase"":""measure"",""N"":16,""correctness"":""PASS"",""extra_validation_calls"":0,""checksum"":null,""timer"":""benchNow"",""start_ms"":39.571,""stop_ms"":1235.75,""elapsed_ms"":1196.179,""elapsed_per_call_ms"":74.7611875,""warmup_calls"":0}
",,3898394993669,3897150319145,1244674524,94e240b1-774a-4fdc-8be3-8b5e85457d9d,True,PASS,
wsl2-ubuntu2404-x64-20261004,MAIN_MONOTONIC_V1,Octane,calibration,NavierStokes.NavierStokes,NavierStokes,NavierStokes,jsc,2,0,3,[],0,0,1,2026-10-05T05:43:42.951957+00:00,"[""/home/mzyx/jsc_build_fd3406f/JSCOnly/Release/bin/jsc"",""--useJIT=false"",""--useLLInt=true"",""--validateOptions=true"",""/mnt/c/Users/mzyx/Desktop/0921/js-interpreter-bench/experiments/three_engine_baseline/adapters/jsc.js"",""/mnt/c/Users/mzyx/Desktop/0921/js-interpreter-bench/experiments/timer_recovery/adapters/jsc.js"",""/mnt/c/Users/mzyx/Desktop/0921/js-interpreter-bench/experiments/octane_three_engine/MAIN_MONOTONIC_V1/attempt01/generated/NavierStokes.NavierStokes.N2.measure.js""]","[""--useJIT=false"",""--useLLInt=true"",""--validateOptions=true""]",65c824a055405bf62b05e21d54515a72a1f0187a4d91225d00a6da969d35879f,/mnt/c/Users/mzyx/Desktop/0921/js-interpreter-bench/experiments/octane_three_engine/MAIN_MONOTONIC_V1/attempt01/generated/NavierStokes.NavierStokes.N2.measure.js,e5a3a879cdee002bfedf0b25ef72f138966455908148873a90f2edb16e6ba29f,0c485996a598b7e36f2f292b66397adc0390cbe6b69b55199e47e1c6c1e37010,0,False,117.72,58.86,0,117.72,,13,"{""pass"":true,""inner_minus_outer_ms"":-793.4933619999999,""tolerance_ms"":5.0}",300,False,0,"TEB_RESULT:{""benchmark"":""Octane"",""case"":""NavierStokes.NavierStokes"",""suite"":""NavierStokes"",""subbenchmark"":""NavierStokes"",""mode"":""MAIN_MONOTONIC_V1"",""phase"":""measure"",""N"":2,""correctness"":""PASS"",""extra_validation_calls"":13,""checksum"":null,""timer"":""benchNow"",""start_ms"":0,""stop_ms"":117.72,""elapsed_ms"":117.72,""elapsed_per_call_ms"":58.86,""warmup_calls"":0}
",,3889403412826,3888492199464,911213362,94e240b1-774a-4fdc-8be3-8b5e85457d9d,True,PASS,
wsl2-ubuntu2404-x64-20261004,MAIN_MONOTONIC_V1,Octane,calibration,NavierStokes.NavierStokes,NavierStokes,NavierStokes,quickjs,2,0,1,[],0,0,1,2026-10-05T05:43:40.679436+00:00,"[""/home/mzyx/three_engine_20261004/quickjs-04be246001599f5995fa2f2d8c91a0f198d3f34c/qjs"",""-I"",""/mnt/c/Users/mzyx/Desktop/0921/js-interpreter-bench/experiments/three_engine_baseline/adapters/quickjs.js"",""-I"",""/mnt/c/Users/mzyx/Desktop/0921/js-interpreter-bench/experiments/timer_recovery/adapters/quickjs.js"",""/mnt/c/Users/mzyx/Desktop/0921/js-interpreter-bench/experiments/octane_three_engine/MAIN_MONOTONIC_V1/attempt01/generated/NavierStokes.NavierStokes.N2.measure.js""]",[],140d5233b0337d91cb0f994ae4a051e49aa04da8802acfaedf0a01b81a620b79,/mnt/c/Users/mzyx/Desktop/0921/js-interpreter-bench/experiments/octane_three_engine/MAIN_MONOTONIC_V1/attempt01/generated/NavierStokes.NavierStokes.N2.measure.js,e5a3a879cdee002bfedf0b25ef72f138966455908148873a90f2edb16e6ba29f,cd393c275173f20526562a008951f65a332deffed85e7c804519788b8ebffab7,0,False,124.82556300004944,62.41278150002472,3886245.806924,3886370.632487,,13,"{""pass"":true,""inner_minus_outer_ms"":-821.9089269999506,""tolerance_ms"":5.0}",300,False,0,"TEB_RESULT:{""benchmark"":""Octane"",""case"":""NavierStokes.NavierStokes"",""suite"":""NavierStokes"",""subbenchmark"":""NavierStokes"",""mode"":""MAIN_MONOTONIC_V1"",""phase"":""measure"",""N"":2,""correctness"":""PASS"",""extra_validation_calls"":13,""checksum"":null,""timer"":""benchNow"",""start_ms"":3886245.806924,""stop_ms"":3886370.632487,""elapsed_ms"":124.82556300004944,""elapsed_per_call_ms"":62.41278150002472,""warmup_calls"":0}
",,3887174495318,3886227760828,946734490,94e240b1-774a-4fdc-8be3-8b5e85457d9d,True,PASS,
wsl2-ubuntu2404-x64-20261004,MAIN_MONOTONIC_V1,Octane,calibration,NavierStokes.NavierStokes,NavierStokes,NavierStokes,v8,2,0,2,[],0,0,1,2026-10-05T05:43:41.706143+00:00,"[""/home/mzyx/three_engine_20261004/v8-linux64-rel-15.6.21/d8"",""--snapshot_blob=/home/mzyx/three_engine_20261004/v8-linux64-rel-15.6.21/snapshot_blob.bin"",""--max-opt=0"",""--no-lazy"",""/mnt/c/Users/mzyx/Desktop/0921/js-interpreter-bench/experiments/three_engine_baseline/adapters/v8.js"",""/mnt/c/Users/mzyx/Desktop/0921/js-interpreter-bench/experiments/timer_recovery/adapters/v8.js"",""/mnt/c/Users/mzyx/Desktop/0921/js-interpreter-bench/experiments/octane_three_engine/MAIN_MONOTONIC_V1/attempt01/generated/NavierStokes.NavierStokes.N2.measure.js""]","[""--max-opt=0"",""--no-lazy""]",83b744a5953d2662ea723564d4035a333782a0cc85232d1025929a925150b133,/mnt/c/Users/mzyx/Desktop/0921/js-interpreter-bench/experiments/octane_three_engine/MAIN_MONOTONIC_V1/attempt01/generated/NavierStokes.NavierStokes.N2.measure.js,e5a3a879cdee002bfedf0b25ef72f138966455908148873a90f2edb16e6ba29f,e610d3aa3d2672a5e6d5eccd9aaf05c6ae6758d1b9c4468289f017a231ab7d9f,0,False,152.773,76.3865,42.106,194.879,,13,"{""pass"":true,""inner_minus_outer_ms"":-1021.843755,""tolerance_ms"":5.0}",300,False,0,"TEB_RESULT:{""benchmark"":""Octane"",""case"":""NavierStokes.NavierStokes"",""suite"":""NavierStokes"",""subbenchmark"":""NavierStokes"",""mode"":""MAIN_MONOTONIC_V1"",""phase"":""measure"",""N"":2,""correctness"":""PASS"",""extra_validation_calls"":13,""checksum"":null,""timer"":""benchNow"",""start_ms"":42.106,""stop_ms"":194.879,""elapsed_ms"":152.773,""elapsed_per_call_ms"":76.3865,""warmup_calls"":0}
",,3888419278455,3887244661700,1174616755,94e240b1-774a-4fdc-8be3-8b5e85457d9d,True,PASS,
wsl2-ubuntu2404-x64-20261004,MAIN_MONOTONIC_V1,Octane,calibration,NavierStokes.NavierStokes,NavierStokes,NavierStokes,jsc,32,0,3,[],0,0,1,2026-10-05T05:43:55.584752+00:00,"[""/home/mzyx/jsc_build_fd3406f/JSCOnly/Release/bin/jsc"",""--useJIT=false"",""--useLLInt=true"",""--validateOptions=true"",""/mnt/c/Users/mzyx/Desktop/0921/js-interpreter-bench/experiments/three_engine_baseline/adapters/jsc.js"",""/mnt/c/Users/mzyx/Desktop/0921/js-interpreter-bench/experiments/timer_recovery/adapters/jsc.js"",""/mnt/c/Users/mzyx/Desktop/0921/js-interpreter-bench/experiments/octane_three_engine/MAIN_MONOTONIC_V1/attempt01/generated/NavierStokes.NavierStokes.N32.measure.js""]","[""--useJIT=false"",""--useLLInt=true"",""--validateOptions=true""]",65c824a055405bf62b05e21d54515a72a1f0187a4d91225d00a6da969d35879f,/mnt/c/Users/mzyx/Desktop/0921/js-interpreter-bench/experiments/octane_three_engine/MAIN_MONOTONIC_V1/attempt01/generated/NavierStokes.NavierStokes.N32.measure.js,fba14f3d1e615a0aeb529dca089b2d4099d435ed9b13363cd8f7f100bcc21fc6,0c485996a598b7e36f2f292b66397adc0390cbe6b69b55199e47e1c6c1e37010,0,False,1878.36,58.69875,0,1878.36,,0,"{""pass"":true,""inner_minus_outer_ms"":-32.118466000000126,""tolerance_ms"":5.0}",300,False,0,"TEB_RESULT:{""benchmark"":""Octane"",""case"":""NavierStokes.NavierStokes"",""suite"":""NavierStokes"",""subbenchmark"":""NavierStokes"",""mode"":""MAIN_MONOTONIC_V1"",""phase"":""measure"",""N"":32,""correctness"":""PASS"",""extra_validation_calls"":0,""checksum"":null,""timer"":""benchNow"",""start_ms"":0,""stop_ms"":1878.36,""elapsed_ms"":1878.36,""elapsed_per_call_ms"":58.69875,""warmup_calls"":0}
",,3905988247705,3904077769239,1910478466,94e240b1-774a-4fdc-8be3-8b5e85457d9d,True,PASS,
wsl2-ubuntu2404-x64-20261004,MAIN_MONOTONIC_V1,Octane,calibration,NavierStokes.NavierStokes,NavierStokes,NavierStokes,quickjs,32,0,1,[],0,0,1,2026-10-05T05:43:51.020314+00:00,"[""/home/mzyx/three_engine_20261004/quickjs-04be246001599f5995fa2f2d8c91a0f198d3f34c/qjs"",""-I"",""/mnt/c/Users/mzyx/Desktop/0921/js-interpreter-bench/experiments/three_engine_baseline/adapters/quickjs.js"",""-I"",""/mnt/c/Users/mzyx/Desktop/0921/js-interpreter-bench/experiments/timer_recovery/adapters/quickjs.js"",""/mnt/c/Users/mzyx/Desktop/0921/js-interpreter-bench/experiments/octane_three_engine/MAIN_MONOTONIC_V1/attempt01/generated/NavierStokes.NavierStokes.N32.measure.js""]",[],140d5233b0337d91cb0f994ae4a051e49aa04da8802acfaedf0a01b81a620b79,/mnt/c/Users/mzyx/Desktop/0921/js-interpreter-bench/experiments/octane_three_engine/MAIN_MONOTONIC_V1/attempt01/generated/NavierStokes.NavierStokes.N32.measure.js,fba14f3d1e615a0aeb529dca089b2d4099d435ed9b13363cd8f7f100bcc21fc6,cd393c275173f20526562a008951f65a332deffed85e7c804519788b8ebffab7,0,False,1969.1701969997957,61.53656865624362,3899542.060591,3901511.230788,,0,"{""pass"":true,""inner_minus_outer_ms"":-18.04949500020416,""tolerance_ms"":5.0}",300,False,0,"TEB_RESULT:{""benchmark"":""Octane"",""case"":""NavierStokes.NavierStokes"",""suite"":""NavierStokes"",""subbenchmark"":""NavierStokes"",""mode"":""MAIN_MONOTONIC_V1"",""phase"":""measure"",""N"":32,""correctness"":""PASS"",""extra_validation_calls"":0,""checksum"":null,""timer"":""benchNow"",""start_ms"":3899542.060591,""stop_ms"":3901511.230788,""elapsed_ms"":1969.1701969997957,""elapsed_per_call_ms"":61.53656865624362,""warmup_calls"":0}
",,3901512020945,3899524801253,1987219692,94e240b1-774a-4fdc-8be3-8b5e85457d9d,True,PASS,
wsl2-ubuntu2404-x64-20261004,MAIN_MONOTONIC_V1,Octane,calibration,NavierStokes.NavierStokes,NavierStokes,NavierStokes,v8,32,0,2,[],0,0,1,2026-10-05T05:43:53.090104+00:00,"[""/home/mzyx/three_engine_20261004/v8-linux64-rel-15.6.21/d8"",""--snapshot_blob=/home/mzyx/three_engine_20261004/v8-linux64-rel-15.6.21/snapshot_blob.bin"",""--max-opt=0"",""--no-lazy"",""/mnt/c/Users/mzyx/Desktop/0921/js-interpreter-bench/experiments/three_engine_baseline/adapters/v8.js"",""/mnt/c/Users/mzyx/Desktop/0921/js-interpreter-bench/experiments/timer_recovery/adapters/v8.js"",""/mnt/c/Users/mzyx/Desktop/0921/js-interpreter-bench/experiments/octane_three_engine/MAIN_MONOTONIC_V1/attempt01/generated/NavierStokes.NavierStokes.N32.measure.js""]","[""--max-opt=0"",""--no-lazy""]",83b744a5953d2662ea723564d4035a333782a0cc85232d1025929a925150b133,/mnt/c/Users/mzyx/Desktop/0921/js-interpreter-bench/experiments/octane_three_engine/MAIN_MONOTONIC_V1/attempt01/generated/NavierStokes.NavierStokes.N32.measure.js,fba14f3d1e615a0aeb529dca089b2d4099d435ed9b13363cd8f7f100bcc21fc6,e610d3aa3d2672a5e6d5eccd9aaf05c6ae6758d1b9c4468289f017a231ab7d9f,0,False,2380.513,74.39103125,34.937,2415.45,,0,"{""pass"":true,""inner_minus_outer_ms"":-43.91597600000023,""tolerance_ms"":5.0}",300,False,0,"TEB_RESULT:{""benchmark"":""Octane"",""case"":""NavierStokes.NavierStokes"",""suite"":""NavierStokes"",""subbenchmark"":""NavierStokes"",""mode"":""MAIN_MONOTONIC_V1"",""phase"":""measure"",""N"":32,""correctness"":""PASS"",""extra_validation_calls"":0,""checksum"":null,""timer"":""benchNow"",""start_ms"":34.937,""stop_ms"":2415.45,""elapsed_ms"":2380.513,""elapsed_per_call_ms"":74.39103125,""warmup_calls"":0}
",,3904007357251,3901582928275,2424428976,94e240b1-774a-4fdc-8be3-8b5e85457d9d,True,PASS,
wsl2-ubuntu2404-x64-20261004,MAIN_MONOTONIC_V1,Octane,calibration,NavierStokes.NavierStokes,NavierStokes,NavierStokes,jsc,4,0,3,[],0,0,1,2026-10-05T05:43:43.278524+00:00,"[""/home/mzyx/jsc_build_fd3406f/JSCOnly/Release/bin/jsc"",""--useJIT=false"",""--useLLInt=true"",""--validateOptions=true"",""/mnt/c/Users/mzyx/Desktop/0921/js-interpreter-bench/experiments/three_engine_baseline/adapters/jsc.js"",""/mnt/c/Users/mzyx/Desktop/0921/js-interpreter-bench/experiments/timer_recovery/adapters/jsc.js"",""/mnt/c/Users/mzyx/Desktop/0921/js-interpreter-bench/experiments/octane_three_engine/MAIN_MONOTONIC_V1/attempt01/generated/NavierStokes.NavierStokes.N4.measure.js""]","[""--useJIT=false"",""--useLLInt=true"",""--validateOptions=true""]",65c824a055405bf62b05e21d54515a72a1f0187a4d91225d00a6da969d35879f,/mnt/c/Users/mzyx/Desktop/0921/js-interpreter-bench/experiments/octane_three_engine/MAIN_MONOTONIC_V1/attempt01/generated/NavierStokes.NavierStokes.N4.measure.js,1643f6ac600aaf26841d9e12cbbf8cc636af50320855fab0d769f2fb14119e02,0c485996a598b7e36f2f292b66397adc0390cbe6b69b55199e47e1c6c1e37010,0,False,232.68,58.17,0,232.68,,11,"{""pass"":true,""inner_minus_outer_ms"":-682.514064,""tolerance_ms"":5.0}",300,False,0,"TEB_RESULT:{""benchmark"":""Octane"",""case"":""NavierStokes.NavierStokes"",""suite"":""NavierStokes"",""subbenchmark"":""NavierStokes"",""mode"":""MAIN_MONOTONIC_V1"",""phase"":""measure"",""N"":4,""correctness"":""PASS"",""extra_validation_calls"":11,""checksum"":null,""timer"":""benchNow"",""start_ms"":0,""stop_ms"":232.68,""elapsed_ms"":232.68,""elapsed_per_call_ms"":58.17,""warmup_calls"":0}
",,3892687693912,3891772499848,915194064,94e240b1-774a-4fdc-8be3-8b5e85457d9d,True,PASS,
wsl2-ubuntu2404-x64-20261004,MAIN_MONOTONIC_V1,Octane,calibration,NavierStokes.NavierStokes,NavierStokes,NavierStokes,quickjs,4,0,1,[],0,0,1,2026-10-05T05:43:40.982512+00:00,"[""/home/mzyx/three_engine_20261004/quickjs-04be246001599f5995fa2f2d8c91a0f198d3f34c/qjs"",""-I"",""/mnt/c/Users/mzyx/Desktop/0921/js-interpreter-bench/experiments/three_engine_baseline/adapters/quickjs.js"",""-I"",""/mnt/c/Users/mzyx/Desktop/0921/js-interpreter-bench/experiments/timer_recovery/adapters/quickjs.js"",""/mnt/c/Users/mzyx/Desktop/0921/js-interpreter-bench/experiments/octane_three_engine/MAIN_MONOTONIC_V1/attempt01/generated/NavierStokes.NavierStokes.N4.measure.js""]",[],140d5233b0337d91cb0f994ae4a051e49aa04da8802acfaedf0a01b81a620b79,/mnt/c/Users/mzyx/Desktop/0921/js-interpreter-bench/experiments/octane_three_engine/MAIN_MONOTONIC_V1/attempt01/generated/NavierStokes.NavierStokes.N4.measure.js,1643f6ac600aaf26841d9e12cbbf8cc636af50320855fab0d769f2fb14119e02,cd393c275173f20526562a008951f65a332deffed85e7c804519788b8ebffab7,0,False,255.81369799980894,63.953424499952234,3889515.454396,3889771.268094,,11,"{""pass"":true,""inner_minus_outer_ms"":-736.637629000191,""tolerance_ms"":5.0}",300,False,0,"TEB_RESULT:{""benchmark"":""Octane"",""case"":""NavierStokes.NavierStokes"",""suite"":""NavierStokes"",""subbenchmark"":""NavierStokes"",""mode"":""MAIN_MONOTONIC_V1"",""phase"":""measure"",""N"":4,""correctness"":""PASS"",""extra_validation_calls"":11,""checksum"":null,""timer"":""benchNow"",""start_ms"":3889515.454396,""stop_ms"":3889771.268094,""elapsed_ms"":255.81369799980894,""elapsed_per_call_ms"":63.953424499952234,""warmup_calls"":0}
",,3890482429130,3889489977803,992451327,94e240b1-774a-4fdc-8be3-8b5e85457d9d,True,PASS,
wsl2-ubuntu2404-x64-20261004,MAIN_MONOTONIC_V1,Octane,calibration,NavierStokes.NavierStokes,NavierStokes,NavierStokes,v8,4,0,2,[],0,0,1,2026-10-05T05:43:42.058932+00:00,"[""/home/mzyx/three_engine_20261004/v8-linux64-rel-15.6.21/d8"",""--snapshot_blob=/home/mzyx/three_engine_20261004/v8-linux64-rel-15.6.21/snapshot_blob.bin"",""--max-opt=0"",""--no-lazy"",""/mnt/c/Users/mzyx/Desktop/0921/js-interpreter-bench/experiments/three_engine_baseline/adapters/v8.js"",""/mnt/c/Users/mzyx/Desktop/0921/js-interpreter-bench/experiments/timer_recovery/adapters/v8.js"",""/mnt/c/Users/mzyx/Desktop/0921/js-interpreter-bench/experiments/octane_three_engine/MAIN_MONOTONIC_V1/attempt01/generated/NavierStokes.NavierStokes.N4.measure.js""]","[""--max-opt=0"",""--no-lazy""]",83b744a5953d2662ea723564d4035a333782a0cc85232d1025929a925150b133,/mnt/c/Users/mzyx/Desktop/0921/js-interpreter-bench/experiments/octane_three_engine/MAIN_MONOTONIC_V1/attempt01/generated/NavierStokes.NavierStokes.N4.measure.js,1643f6ac600aaf26841d9e12cbbf8cc636af50320855fab0d769f2fb14119e02,e610d3aa3d2672a5e6d5eccd9aaf05c6ae6758d1b9c4468289f017a231ab7d9f,0,False,296.28700000000003,74.07175000000001,38.917,335.204,,11,"{""pass"":true,""inner_minus_outer_ms"":-848.7805470000001,""tolerance_ms"":5.0}",300,False,0,"TEB_RESULT:{""benchmark"":""Octane"",""case"":""NavierStokes.NavierStokes"",""suite"":""NavierStokes"",""subbenchmark"":""NavierStokes"",""mode"":""MAIN_MONOTONIC_V1"",""phase"":""measure"",""N"":4,""correctness"":""PASS"",""extra_validation_calls"":11,""checksum"":null,""timer"":""benchNow"",""start_ms"":38.917,""stop_ms"":335.204,""elapsed_ms"":296.28700000000003,""elapsed_per_call_ms"":74.07175000000001,""warmup_calls"":0}
",,3891696925647,3890551858100,1145067547,94e240b1-774a-4fdc-8be3-8b5e85457d9d,True,PASS,
wsl2-ubuntu2404-x64-20261004,MAIN_MONOTONIC_V1,Octane,calibration,NavierStokes.NavierStokes,NavierStokes,NavierStokes,jsc,8,0,3,[],0,0,1,2026-10-05T05:43:46.524719+00:00,"[""/home/mzyx/jsc_build_fd3406f/JSCOnly/Release/bin/jsc"",""--useJIT=false"",""--useLLInt=true"",""--validateOptions=true"",""/mnt/c/Users/mzyx/Desktop/0921/js-interpreter-bench/experiments/three_engine_baseline/adapters/jsc.js"",""/mnt/c/Users/mzyx/Desktop/0921/js-interpreter-bench/experiments/timer_recovery/adapters/jsc.js"",""/mnt/c/Users/mzyx/Desktop/0921/js-interpreter-bench/experiments/octane_three_engine/MAIN_MONOTONIC_V1/attempt01/generated/NavierStokes.NavierStokes.N8.measure.js""]","[""--useJIT=false"",""--useLLInt=true"",""--validateOptions=true""]",65c824a055405bf62b05e21d54515a72a1f0187a4d91225d00a6da969d35879f,/mnt/c/Users/mzyx/Desktop/0921/js-interpreter-bench/experiments/octane_three_engine/MAIN_MONOTONIC_V1/attempt01/generated/NavierStokes.NavierStokes.N8.measure.js,fd2e92f80d4ae718a0b50838f2d95ee235c8fbd9fdfba7dbe1e320023bac9ebe,0c485996a598b7e36f2f292b66397adc0390cbe6b69b55199e47e1c6c1e37010,0,False,470.8,58.85,0,470.8,,7,"{""pass"":true,""inner_minus_outer_ms"":-457.35841,""tolerance_ms"":5.0}",300,False,0,"TEB_RESULT:{""benchmark"":""Octane"",""case"":""NavierStokes.NavierStokes"",""suite"":""NavierStokes"",""subbenchmark"":""NavierStokes"",""mode"":""MAIN_MONOTONIC_V1"",""phase"":""measure"",""N"":8,""correctness"":""PASS"",""extra_validation_calls"":7,""checksum"":null,""timer"":""benchNow"",""start_ms"":0,""stop_ms"":470.8,""elapsed_ms"":470.8,""elapsed_per_call_ms"":58.85,""warmup_calls"":0}
",,3895946314779,3895018156369,928158410,94e240b1-774a-4fdc-8be3-8b5e85457d9d,True,PASS,
wsl2-ubuntu2404-x64-20261004,MAIN_MONOTONIC_V1,Octane,calibration,NavierStokes.NavierStokes,NavierStokes,NavierStokes,quickjs,8,0,1,[],0,0,1,2026-10-05T05:43:44.264271+00:00,"[""/home/mzyx/three_engine_20261004/quickjs-04be246001599f5995fa2f2d8c91a0f198d3f34c/qjs"",""-I"",""/mnt/c/Users/mzyx/Desktop/0921/js-interpreter-bench/experiments/three_engine_baseline/adapters/quickjs.js"",""-I"",""/mnt/c/Users/mzyx/Desktop/0921/js-interpreter-bench/experiments/timer_recovery/adapters/quickjs.js"",""/mnt/c/Users/mzyx/Desktop/0921/js-interpreter-bench/experiments/octane_three_engine/MAIN_MONOTONIC_V1/attempt01/generated/NavierStokes.NavierStokes.N8.measure.js""]",[],140d5233b0337d91cb0f994ae4a051e49aa04da8802acfaedf0a01b81a620b79,/mnt/c/Users/mzyx/Desktop/0921/js-interpreter-bench/experiments/octane_three_engine/MAIN_MONOTONIC_V1/attempt01/generated/NavierStokes.NavierStokes.N8.measure.js,fd2e92f80d4ae718a0b50838f2d95ee235c8fbd9fdfba7dbe1e320023bac9ebe,cd393c275173f20526562a008951f65a332deffed85e7c804519788b8ebffab7,0,False,493.24526700004935,61.65565837500617,3892786.572599,3893279.817866,,7,"{""pass"":true,""inner_minus_outer_ms"":-447.9171659999506,""tolerance_ms"":5.0}",300,False,0,"TEB_RESULT:{""benchmark"":""Octane"",""case"":""NavierStokes.NavierStokes"",""suite"":""NavierStokes"",""subbenchmark"":""NavierStokes"",""mode"":""MAIN_MONOTONIC_V1"",""phase"":""measure"",""N"":8,""correctness"":""PASS"",""extra_validation_calls"":7,""checksum"":null,""timer"":""benchNow"",""start_ms"":3892786.572599,""stop_ms"":3893279.817866,""elapsed_ms"":493.24526700004935,""elapsed_per_call_ms"":61.65565837500617,""warmup_calls"":0}
",,3893709521170,3892768358737,941162433,94e240b1-774a-4fdc-8be3-8b5e85457d9d,True,PASS,
wsl2-ubuntu2404-x64-20261004,MAIN_MONOTONIC_V1,Octane,calibration,NavierStokes.NavierStokes,NavierStokes,NavierStokes,v8,8,0,2,[],0,0,1,2026-10-05T05:43:45.286643+00:00,"[""/home/mzyx/three_engine_20261004/v8-linux64-rel-15.6.21/d8"",""--snapshot_blob=/home/mzyx/three_engine_20261004/v8-linux64-rel-15.6.21/snapshot_blob.bin"",""--max-opt=0"",""--no-lazy"",""/mnt/c/Users/mzyx/Desktop/0921/js-interpreter-bench/experiments/three_engine_baseline/adapters/v8.js"",""/mnt/c/Users/mzyx/Desktop/0921/js-interpreter-bench/experiments/timer_recovery/adapters/v8.js"",""/mnt/c/Users/mzyx/Desktop/0921/js-interpreter-bench/experiments/octane_three_engine/MAIN_MONOTONIC_V1/attempt01/generated/NavierStokes.NavierStokes.N8.measure.js""]","[""--max-opt=0"",""--no-lazy""]",83b744a5953d2662ea723564d4035a333782a0cc85232d1025929a925150b133,/mnt/c/Users/mzyx/Desktop/0921/js-interpreter-bench/experiments/octane_three_engine/MAIN_MONOTONIC_V1/attempt01/generated/NavierStokes.NavierStokes.N8.measure.js,fd2e92f80d4ae718a0b50838f2d95ee235c8fbd9fdfba7dbe1e320023bac9ebe,e610d3aa3d2672a5e6d5eccd9aaf05c6ae6758d1b9c4468289f017a231ab7d9f,0,False,592.9839999999999,74.12299999999999,36.815,629.799,,7,"{""pass"":true,""inner_minus_outer_ms"":-574.5400160000002,""tolerance_ms"":5.0}",300,False,0,"TEB_RESULT:{""benchmark"":""Octane"",""case"":""NavierStokes.NavierStokes"",""suite"":""NavierStokes"",""subbenchmark"":""NavierStokes"",""mode"":""MAIN_MONOTONIC_V1"",""phase"":""measure"",""N"":8,""correctness"":""PASS"",""extra_validation_calls"":7,""checksum"":null,""timer"":""benchNow"",""start_ms"":36.815,""stop_ms"":629.799,""elapsed_ms"":592.9839999999999,""elapsed_per_call_ms"":74.12299999999999,""warmup_calls"":0}
",,3894947323784,3893779799768,1167524016,94e240b1-774a-4fdc-8be3-8b5e85457d9d,True,PASS,
wsl2-ubuntu2404-x64-20261004,MAIN_MONOTONIC_V1,Octane,calibration,PdfJS.PdfJS,PdfJS,PdfJS,jsc,1,0,3,[],0,0,1,2026-10-05T05:43:58.514525+00:00,"[""/home/mzyx/jsc_build_fd3406f/JSCOnly/Release/bin/jsc"",""--useJIT=false"",""--useLLInt=true"",""--validateOptions=true"",""/mnt/c/Users/mzyx/Desktop/0921/js-interpreter-bench/experiments/three_engine_baseline/adapters/jsc.js"",""/mnt/c/Users/mzyx/Desktop/0921/js-interpreter-bench/experiments/timer_recovery/adapters/jsc.js"",""/mnt/c/Users/mzyx/Desktop/0921/js-interpreter-bench/experiments/octane_three_engine/MAIN_MONOTONIC_V1/attempt01/generated/PdfJS.PdfJS.N1.measure.js""]","[""--useJIT=false"",""--useLLInt=true"",""--validateOptions=true""]",65c824a055405bf62b05e21d54515a72a1f0187a4d91225d00a6da969d35879f,/mnt/c/Users/mzyx/Desktop/0921/js-interpreter-bench/experiments/octane_three_engine/MAIN_MONOTONIC_V1/attempt01/generated/PdfJS.PdfJS.N1.measure.js,745eee3d16abcba642204f2c5dbd8fd10f6bbfd45cfe930a35d8879ef1095da7,0c485996a598b7e36f2f292b66397adc0390cbe6b69b55199e47e1c6c1e37010,0,False,172,172,0,172,,0,"{""pass"":true,""inner_minus_outer_ms"":-127.06263000000001,""tolerance_ms"":5.0}",300,False,0,"TEB_RESULT:{""benchmark"":""Octane"",""case"":""PdfJS.PdfJS"",""suite"":""PdfJS"",""subbenchmark"":""PdfJS"",""mode"":""MAIN_MONOTONIC_V1"",""phase"":""measure"",""N"":1,""correctness"":""PASS"",""extra_validation_calls"":0,""checksum"":null,""timer"":""benchNow"",""start_ms"":0,""stop_ms"":172,""elapsed_ms"":172,""elapsed_per_call_ms"":172,""warmup_calls"":0}
",,3907314508017,3907015445387,299062630,94e240b1-774a-4fdc-8be3-8b5e85457d9d,True,PASS,
wsl2-ubuntu2404-x64-20261004,MAIN_MONOTONIC_V1,Octane,calibration,PdfJS.PdfJS,PdfJS,PdfJS,quickjs,1,0,1,[],0,0,1,2026-10-05T05:43:57.714558+00:00,"[""/home/mzyx/three_engine_20261004/quickjs-04be246001599f5995fa2f2d8c91a0f198d3f34c/qjs"",""-I"",""/mnt/c/Users/mzyx/Desktop/0921/js-interpreter-bench/experiments/three_engine_baseline/adapters/quickjs.js"",""-I"",""/mnt/c/Users/mzyx/Desktop/0921/js-interpreter-bench/experiments/timer_recovery/adapters/quickjs.js"",""/mnt/c/Users/mzyx/Desktop/0921/js-interpreter-bench/experiments/octane_three_engine/MAIN_MONOTONIC_V1/attempt01/generated/PdfJS.PdfJS.N1.measure.js""]",[],140d5233b0337d91cb0f994ae4a051e49aa04da8802acfaedf0a01b81a620b79,/mnt/c/Users/mzyx/Desktop/0921/js-interpreter-bench/experiments/octane_three_engine/MAIN_MONOTONIC_V1/attempt01/generated/PdfJS.PdfJS.N1.measure.js,745eee3d16abcba642204f2c5dbd8fd10f6bbfd45cfe930a35d8879ef1095da7,cd393c275173f20526562a008951f65a332deffed85e7c804519788b8ebffab7,0,False,187.15059399977326,187.15059399977326,3906356.799048,3906543.949642,,0,"{""pass"":true,""inner_minus_outer_ms"":-151.29339200022673,""tolerance_ms"":5.0}",300,False,0,"TEB_RESULT:{""benchmark"":""Octane"",""case"":""PdfJS.PdfJS"",""suite"":""PdfJS"",""subbenchmark"":""PdfJS"",""mode"":""MAIN_MONOTONIC_V1"",""phase"":""measure"",""N"":1,""correctness"":""PASS"",""extra_validation_calls"":0,""checksum"":null,""timer"":""benchNow"",""start_ms"":3906356.799048,""stop_ms"":3906543.949642,""elapsed_ms"":187.15059399977326,""elapsed_per_call_ms"":187.15059399977326,""warmup_calls"":0}
",,3906554020100,3906215576114,338443986,94e240b1-774a-4fdc-8be3-8b5e85457d9d,True,PASS,
wsl2-ubuntu2404-x64-20261004,MAIN_MONOTONIC_V1,Octane,calibration,PdfJS.PdfJS,PdfJS,PdfJS,v8,1,0,2,[],0,0,1,2026-10-05T05:43:58.141259+00:00,"[""/home/mzyx/three_engine_20261004/v8-linux64-rel-15.6.21/d8"",""--snapshot_blob=/home/mzyx/three_engine_20261004/v8-linux64-rel-15.6.21/snapshot_blob.bin"",""--max-opt=0"",""--no-lazy"",""/mnt/c/Users/mzyx/Desktop/0921/js-interpreter-bench/experiments/three_engine_baseline/adapters/v8.js"",""/mnt/c/Users/mzyx/Desktop/0921/js-interpreter-bench/experiments/timer_recovery/adapters/v8.js"",""/mnt/c/Users/mzyx/Desktop/0921/js-interpreter-bench/experiments/octane_three_engine/MAIN_MONOTONIC_V1/attempt01/generated/PdfJS.PdfJS.N1.measure.js""]","[""--max-opt=0"",""--no-lazy""]",83b744a5953d2662ea723564d4035a333782a0cc85232d1025929a925150b133,/mnt/c/Users/mzyx/Desktop/0921/js-interpreter-bench/experiments/octane_three_engine/MAIN_MONOTONIC_V1/attempt01/generated/PdfJS.PdfJS.N1.measure.js,745eee3d16abcba642204f2c5dbd8fd10f6bbfd45cfe930a35d8879ef1095da7,e610d3aa3d2672a5e6d5eccd9aaf05c6ae6758d1b9c4468289f017a231ab7d9f,0,False,113.27700000000002,113.27700000000002,155.876,269.153,,0,"{""pass"":true,""inner_minus_outer_ms"":-169.79124399999998,""tolerance_ms"":5.0}",300,False,0,"TEB_RESULT:{""benchmark"":""Octane"",""case"":""PdfJS.PdfJS"",""suite"":""PdfJS"",""subbenchmark"":""PdfJS"",""mode"":""MAIN_MONOTONIC_V1"",""phase"":""measure"",""N"":1,""correctness"":""PASS"",""extra_validation_calls"":0,""checksum"":null,""timer"":""benchNow"",""start_ms"":155.876,""stop_ms"":269.153,""elapsed_ms"":113.27700000000002,""elapsed_per_call_ms"":113.27700000000002,""warmup_calls"":0}
",,3906924928329,3906641860085,283068244,94e240b1-774a-4fdc-8be3-8b5e85457d9d,True,PASS,
wsl2-ubuntu2404-x64-20261004,MAIN_MONOTONIC_V1,Octane,calibration,PdfJS.PdfJS,PdfJS,PdfJS,jsc,16,0,3,[],0,0,1,2026-10-05T05:44:10.529129+00:00,"[""/home/mzyx/jsc_build_fd3406f/JSCOnly/Release/bin/jsc"",""--useJIT=false"",""--useLLInt=true"",""--validateOptions=true"",""/mnt/c/Users/mzyx/Desktop/0921/js-interpreter-bench/experiments/three_engine_baseline/adapters/jsc.js"",""/mnt/c/Users/mzyx/Desktop/0921/js-interpreter-bench/experiments/timer_recovery/adapters/jsc.js"",""/mnt/c/Users/mzyx/Desktop/0921/js-interpreter-bench/experiments/octane_three_engine/MAIN_MONOTONIC_V1/attempt01/generated/PdfJS.PdfJS.N16.measure.js""]","[""--useJIT=false"",""--useLLInt=true"",""--validateOptions=true""]",65c824a055405bf62b05e21d54515a72a1f0187a4d91225d00a6da969d35879f,/mnt/c/Users/mzyx/Desktop/0921/js-interpreter-bench/experiments/octane_three_engine/MAIN_MONOTONIC_V1/attempt01/generated/PdfJS.PdfJS.N16.measure.js,7dca367ea726216b50f2c14418e3bdea154c03dd345344d918d24df17aed4d3b,0c485996a598b7e36f2f292b66397adc0390cbe6b69b55199e47e1c6c1e37010,0,False,2321.14,145.07125,0,2321.14,,0,"{""pass"":true,""inner_minus_outer_ms"":-226.04996000000028,""tolerance_ms"":5.0}",300,False,0,"TEB_RESULT:{""benchmark"":""Octane"",""case"":""PdfJS.PdfJS"",""suite"":""PdfJS"",""subbenchmark"":""PdfJS"",""mode"":""MAIN_MONOTONIC_V1"",""phase"":""measure"",""N"":16,""correctness"":""PASS"",""extra_validation_calls"":0,""checksum"":null,""timer"":""benchNow"",""start_ms"":0,""stop_ms"":2321.14,""elapsed_ms"":2321.14,""elapsed_per_call_ms"":145.07125,""warmup_calls"":0}
",,3924524877113,3921977687153,2547189960,94e240b1-774a-4fdc-8be3-8b5e85457d9d,True,PASS,
wsl2-ubuntu2404-x64-20261004,MAIN_MONOTONIC_V1,Octane,calibration,PdfJS.PdfJS,PdfJS,PdfJS,quickjs,16,0,1,[],0,0,1,2026-10-05T05:44:07.897946+00:00,"[""/home/mzyx/three_engine_20261004/quickjs-04be246001599f5995fa2f2d8c91a0f198d3f34c/qjs"",""-I"",""/mnt/c/Users/mzyx/Desktop/0921/js-interpreter-bench/experiments/three_engine_baseline/adapters/quickjs.js"",""-I"",""/mnt/c/Users/mzyx/Desktop/0921/js-interpreter-bench/experiments/timer_recovery/adapters/quickjs.js"",""/mnt/c/Users/mzyx/Desktop/0921/js-interpreter-bench/experiments/octane_three_engine/MAIN_MONOTONIC_V1/attempt01/generated/PdfJS.PdfJS.N16.measure.js""]",[],140d5233b0337d91cb0f994ae4a051e49aa04da8802acfaedf0a01b81a620b79,/mnt/c/Users/mzyx/Desktop/0921/js-interpreter-bench/experiments/octane_three_engine/MAIN_MONOTONIC_V1/attempt01/generated/PdfJS.PdfJS.N16.measure.js,7dca367ea726216b50f2c14418e3bdea154c03dd345344d918d24df17aed4d3b,cd393c275173f20526562a008951f65a332deffed85e7c804519788b8ebffab7,0,False,2999.1835989998654,187.44897493749158,3916652.6891,3919651.872699,,0,"{""pass"":true,""inner_minus_outer_ms"":-228.45801800013487,""tolerance_ms"":5.0}",300,False,0,"TEB_RESULT:{""benchmark"":""Octane"",""case"":""PdfJS.PdfJS"",""suite"":""PdfJS"",""subbenchmark"":""PdfJS"",""mode"":""MAIN_MONOTONIC_V1"",""phase"":""measure"",""N"":16,""correctness"":""PASS"",""extra_validation_calls"":0,""checksum"":null,""timer"":""benchNow"",""start_ms"":3916652.6891,""stop_ms"":3919651.872699,""elapsed_ms"":2999.1835989998654,""elapsed_per_call_ms"":187.44897493749158,""warmup_calls"":0}
",,3919739468091,3916511826474,3227641617,94e240b1-774a-4fdc-8be3-8b5e85457d9d,True,PASS,
wsl2-ubuntu2404-x64-20261004,MAIN_MONOTONIC_V1,Octane,calibration,PdfJS.PdfJS,PdfJS,PdfJS,v8,16,0,2,[],0,0,1,2026-10-05T05:44:11.328819+00:00,"[""/home/mzyx/three_engine_20261004/v8-linux64-rel-15.6.21/d8"",""--snapshot_blob=/home/mzyx/three_engine_20261004/v8-linux64-rel-15.6.21/snapshot_blob.bin"",""--max-opt=0"",""--no-lazy"",""/mnt/c/Users/mzyx/Desktop/0921/js-interpreter-bench/experiments/three_engine_baseline/adapters/v8.js"",""/mnt/c/Users/mzyx/Desktop/0921/js-interpreter-bench/experiments/timer_recovery/adapters/v8.js"",""/mnt/c/Users/mzyx/Desktop/0921/js-interpreter-bench/experiments/octane_three_engine/MAIN_MONOTONIC_V1/attempt01/generated/PdfJS.PdfJS.N16.measure.js""]","[""--max-opt=0"",""--no-lazy""]",83b744a5953d2662ea723564d4035a333782a0cc85232d1025929a925150b133,/mnt/c/Users/mzyx/Desktop/0921/js-interpreter-bench/experiments/octane_three_engine/MAIN_MONOTONIC_V1/attempt01/generated/PdfJS.PdfJS.N16.measure.js,7dca367ea726216b50f2c14418e3bdea154c03dd345344d918d24df17aed4d3b,e610d3aa3d2672a5e6d5eccd9aaf05c6ae6758d1b9c4468289f017a231ab7d9f,0,False,1822.4750000000001,113.90468750000001,148.781,1971.256,,0,"{""pass"":true,""inner_minus_outer_ms"":-229.35784799999988,""tolerance_ms"":5.0}",300,False,0,"TEB_RESULT:{""benchmark"":""Octane"",""case"":""PdfJS.PdfJS"",""suite"":""PdfJS"",""subbenchmark"":""PdfJS"",""mode"":""MAIN_MONOTONIC_V1"",""phase"":""measure"",""N"":16,""correctness"":""PASS"",""extra_validation_calls"":0,""checksum"":null,""timer"":""benchNow"",""start_ms"":148.781,""stop_ms"":1971.256,""elapsed_ms"":1822.4750000000001,""elapsed_per_call_ms"":113.90468750000001,""warmup_calls"":0}
",,3921881620221,3919829787373,2051832848,94e240b1-774a-4fdc-8be3-8b5e85457d9d,True,PASS,
wsl2-ubuntu2404-x64-20261004,MAIN_MONOTONIC_V1,Octane,calibration,PdfJS.PdfJS,PdfJS,PdfJS,jsc,2,0,3,[],0,0,1,2026-10-05T05:44:00.198930+00:00,"[""/home/mzyx/jsc_build_fd3406f/JSCOnly/Release/bin/jsc"",""--useJIT=false"",""--useLLInt=true"",""--validateOptions=true"",""/mnt/c/Users/mzyx/Desktop/0921/js-interpreter-bench/experiments/three_engine_baseline/adapters/jsc.js"",""/mnt/c/Users/mzyx/Desktop/0921/js-interpreter-bench/experiments/timer_recovery/adapters/jsc.js"",""/mnt/c/Users/mzyx/Desktop/0921/js-interpreter-bench/experiments/octane_three_engine/MAIN_MONOTONIC_V1/attempt01/generated/PdfJS.PdfJS.N2.measure.js""]","[""--useJIT=false"",""--useLLInt=true"",""--validateOptions=true""]",65c824a055405bf62b05e21d54515a72a1f0187a4d91225d00a6da969d35879f,/mnt/c/Users/mzyx/Desktop/0921/js-interpreter-bench/experiments/octane_three_engine/MAIN_MONOTONIC_V1/attempt01/generated/PdfJS.PdfJS.N2.measure.js,26efeac2eadfae495524855a2cbfaef9f2992f9bfb2c695289deccf0e02e4a0e,0c485996a598b7e36f2f292b66397adc0390cbe6b69b55199e47e1c6c1e37010,0,False,318.68,159.34,0,318.68,,0,"{""pass"":true,""inner_minus_outer_ms"":-137.76524899999998,""tolerance_ms"":5.0}",300,False,0,"TEB_RESULT:{""benchmark"":""Octane"",""case"":""PdfJS.PdfJS"",""suite"":""PdfJS"",""subbenchmark"":""PdfJS"",""mode"":""MAIN_MONOTONIC_V1"",""phase"":""measure"",""N"":2,""correctness"":""PASS"",""extra_validation_calls"":0,""checksum"":null,""timer"":""benchNow"",""start_ms"":0,""stop_ms"":318.68,""elapsed_ms"":318.68,""elapsed_per_call_ms"":159.34,""warmup_calls"":0}
",,3909157207259,3908700762010,456445249,94e240b1-774a-4fdc-8be3-8b5e85457d9d,True,PASS,
wsl2-ubuntu2404-x64-20261004,MAIN_MONOTONIC_V1,Octane,calibration,PdfJS.PdfJS,PdfJS,PdfJS,quickjs,2,0,1,[],0,0,1,2026-10-05T05:43:58.909731+00:00,"[""/home/mzyx/three_engine_20261004/quickjs-04be246001599f5995fa2f2d8c91a0f198d3f34c/qjs"",""-I"",""/mnt/c/Users/mzyx/Desktop/0921/js-interpreter-bench/experiments/three_engine_baseline/adapters/quickjs.js"",""-I"",""/mnt/c/Users/mzyx/Desktop/0921/js-interpreter-bench/experiments/timer_recovery/adapters/quickjs.js"",""/mnt/c/Users/mzyx/Desktop/0921/js-interpreter-bench/experiments/octane_three_engine/MAIN_MONOTONIC_V1/attempt01/generated/PdfJS.PdfJS.N2.measure.js""]",[],140d5233b0337d91cb0f994ae4a051e49aa04da8802acfaedf0a01b81a620b79,/mnt/c/Users/mzyx/Desktop/0921/js-interpreter-bench/experiments/octane_three_engine/MAIN_MONOTONIC_V1/attempt01/generated/PdfJS.PdfJS.N2.measure.js,26efeac2eadfae495524855a2cbfaef9f2992f9bfb2c695289deccf0e02e4a0e,cd393c275173f20526562a008951f65a332deffed85e7c804519788b8ebffab7,0,False,405.71309999981895,202.85654999990948,3907672.340473,3908078.053573,,0,"{""pass"":true,""inner_minus_outer_ms"":-166.678628000181,""tolerance_ms"":5.0}",300,False,0,"TEB_RESULT:{""benchmark"":""Octane"",""case"":""PdfJS.PdfJS"",""suite"":""PdfJS"",""subbenchmark"":""PdfJS"",""mode"":""MAIN_MONOTONIC_V1"",""phase"":""measure"",""N"":2,""correctness"":""PASS"",""extra_validation_calls"":0,""checksum"":null,""timer"":""benchNow"",""start_ms"":3907672.340473,""stop_ms"":3908078.053573,""elapsed_ms"":405.71309999981895,""elapsed_per_call_ms"":202.85654999990948,""warmup_calls"":0}
",,3908094245524,3907521853796,572391728,94e240b1-774a-4fdc-8be3-8b5e85457d9d,True,PASS,
wsl2-ubuntu2404-x64-20261004,MAIN_MONOTONIC_V1,Octane,calibration,PdfJS.PdfJS,PdfJS,PdfJS,v8,2,0,2,[],0,0,1,2026-10-05T05:43:59.685377+00:00,"[""/home/mzyx/three_engine_20261004/v8-linux64-rel-15.6.21/d8"",""--snapshot_blob=/home/mzyx/three_engine_20261004/v8-linux64-rel-15.6.21/snapshot_blob.bin"",""--max-opt=0"",""--no-lazy"",""/mnt/c/Users/mzyx/Desktop/0921/js-interpreter-bench/experiments/three_engine_baseline/adapters/v8.js"",""/mnt/c/Users/mzyx/Desktop/0921/js-interpreter-bench/experiments/timer_recovery/adapters/v8.js"",""/mnt/c/Users/mzyx/Desktop/0921/js-interpreter-bench/experiments/octane_three_engine/MAIN_MONOTONIC_V1/attempt01/generated/PdfJS.PdfJS.N2.measure.js""]","[""--max-opt=0"",""--no-lazy""]",83b744a5953d2662ea723564d4035a333782a0cc85232d1025929a925150b133,/mnt/c/Users/mzyx/Desktop/0921/js-interpreter-bench/experiments/octane_three_engine/MAIN_MONOTONIC_V1/attempt01/generated/PdfJS.PdfJS.N2.measure.js,26efeac2eadfae495524855a2cbfaef9f2992f9bfb2c695289deccf0e02e4a0e,e610d3aa3d2672a5e6d5eccd9aaf05c6ae6758d1b9c4468289f017a231ab7d9f,0,False,230.105,115.0525,169.816,399.921,,0,"{""pass"":true,""inner_minus_outer_ms"":-190.333272,""tolerance_ms"":5.0}",300,False,0,"TEB_RESULT:{""benchmark"":""Octane"",""case"":""PdfJS.PdfJS"",""suite"":""PdfJS"",""subbenchmark"":""PdfJS"",""mode"":""MAIN_MONOTONIC_V1"",""phase"":""measure"",""N"":2,""correctness"":""PASS"",""extra_validation_calls"":0,""checksum"":null,""timer"":""benchNow"",""start_ms"":169.816,""stop_ms"":399.921,""elapsed_ms"":230.105,""elapsed_per_call_ms"":115.0525,""warmup_calls"":0}
",,3908608219110,3908187780838,420438272,94e240b1-774a-4fdc-8be3-8b5e85457d9d,True,PASS,
wsl2-ubuntu2404-x64-20261004,MAIN_MONOTONIC_V1,Octane,calibration,PdfJS.PdfJS,PdfJS,PdfJS,jsc,4,0,3,[],0,0,1,2026-10-05T05:44:02.583822+00:00,"[""/home/mzyx/jsc_build_fd3406f/JSCOnly/Release/bin/jsc"",""--useJIT=false"",""--useLLInt=true"",""--validateOptions=true"",""/mnt/c/Users/mzyx/Desktop/0921/js-interpreter-bench/experiments/three_engine_baseline/adapters/jsc.js"",""/mnt/c/Users/mzyx/Desktop/0921/js-interpreter-bench/experiments/timer_recovery/adapters/jsc.js"",""/mnt/c/Users/mzyx/Desktop/0921/js-interpreter-bench/experiments/octane_three_engine/MAIN_MONOTONIC_V1/attempt01/generated/PdfJS.PdfJS.N4.measure.js""]","[""--useJIT=false"",""--useLLInt=true"",""--validateOptions=true""]",65c824a055405bf62b05e21d54515a72a1f0187a4d91225d00a6da969d35879f,/mnt/c/Users/mzyx/Desktop/0921/js-interpreter-bench/experiments/octane_three_engine/MAIN_MONOTONIC_V1/attempt01/generated/PdfJS.PdfJS.N4.measure.js,1711240a69831ab76d1b39c7539bb005d038214e40aab247a2fcdc0a28740829,0c485996a598b7e36f2f292b66397adc0390cbe6b69b55199e47e1c6c1e37010,0,False,579.9,144.975,0,579.9,,0,"{""pass"":true,""inner_minus_outer_ms"":-145.09522600000003,""tolerance_ms"":5.0}",300,False,0,"TEB_RESULT:{""benchmark"":""Octane"",""case"":""PdfJS.PdfJS"",""suite"":""PdfJS"",""subbenchmark"":""PdfJS"",""mode"":""MAIN_MONOTONIC_V1"",""phase"":""measure"",""N"":4,""correctness"":""PASS"",""extra_validation_calls"":0,""checksum"":null,""timer"":""benchNow"",""start_ms"":0,""stop_ms"":579.9,""elapsed_ms"":579.9,""elapsed_per_call_ms"":144.975,""warmup_calls"":0}
",,3911810153151,3911085157925,724995226,94e240b1-774a-4fdc-8be3-8b5e85457d9d,True,PASS,
wsl2-ubuntu2404-x64-20261004,MAIN_MONOTONIC_V1,Octane,calibration,PdfJS.PdfJS,PdfJS,PdfJS,quickjs,4,0,1,[],0,0,1,2026-10-05T05:44:00.748642+00:00,"[""/home/mzyx/three_engine_20261004/quickjs-04be246001599f5995fa2f2d8c91a0f198d3f34c/qjs"",""-I"",""/mnt/c/Users/mzyx/Desktop/0921/js-interpreter-bench/experiments/three_engine_baseline/adapters/quickjs.js"",""-I"",""/mnt/c/Users/mzyx/Desktop/0921/js-interpreter-bench/experiments/timer_recovery/adapters/quickjs.js"",""/mnt/c/Users/mzyx/Desktop/0921/js-interpreter-bench/experiments/octane_three_engine/MAIN_MONOTONIC_V1/attempt01/generated/PdfJS.PdfJS.N4.measure.js""]",[],140d5233b0337d91cb0f994ae4a051e49aa04da8802acfaedf0a01b81a620b79,/mnt/c/Users/mzyx/Desktop/0921/js-interpreter-bench/experiments/octane_three_engine/MAIN_MONOTONIC_V1/attempt01/generated/PdfJS.PdfJS.N4.measure.js,1711240a69831ab76d1b39c7539bb005d038214e40aab247a2fcdc0a28740829,cd393c275173f20526562a008951f65a332deffed85e7c804519788b8ebffab7,0,False,747.0363680003211,186.75909200008027,3909498.816921,3910245.853289,,0,"{""pass"":true,""inner_minus_outer_ms"":-165.09596299967893,""tolerance_ms"":5.0}",300,False,0,"TEB_RESULT:{""benchmark"":""Octane"",""case"":""PdfJS.PdfJS"",""suite"":""PdfJS"",""subbenchmark"":""PdfJS"",""mode"":""MAIN_MONOTONIC_V1"",""phase"":""measure"",""N"":4,""correctness"":""PASS"",""extra_validation_calls"":0,""checksum"":null,""timer"":""benchNow"",""start_ms"":3909498.816921,""stop_ms"":3910245.853289,""elapsed_ms"":747.0363680003211,""elapsed_per_call_ms"":186.75909200008027,""warmup_calls"":0}
",,3910271276804,3909359144473,912132331,94e240b1-774a-4fdc-8be3-8b5e85457d9d,True,PASS,
wsl2-ubuntu2404-x64-20261004,MAIN_MONOTONIC_V1,Octane,calibration,PdfJS.PdfJS,PdfJS,PdfJS,v8,4,0,2,[],0,0,1,2026-10-05T05:44:01.862189+00:00,"[""/home/mzyx/three_engine_20261004/v8-linux64-rel-15.6.21/d8"",""--snapshot_blob=/home/mzyx/three_engine_20261004/v8-linux64-rel-15.6.21/snapshot_blob.bin"",""--max-opt=0"",""--no-lazy"",""/mnt/c/Users/mzyx/Desktop/0921/js-interpreter-bench/experiments/three_engine_baseline/adapters/v8.js"",""/mnt/c/Users/mzyx/Desktop/0921/js-interpreter-bench/experiments/timer_recovery/adapters/v8.js"",""/mnt/c/Users/mzyx/Desktop/0921/js-interpreter-bench/experiments/octane_three_engine/MAIN_MONOTONIC_V1/attempt01/generated/PdfJS.PdfJS.N4.measure.js""]","[""--max-opt=0"",""--no-lazy""]",83b744a5953d2662ea723564d4035a333782a0cc85232d1025929a925150b133,/mnt/c/Users/mzyx/Desktop/0921/js-interpreter-bench/experiments/octane_three_engine/MAIN_MONOTONIC_V1/attempt01/generated/PdfJS.PdfJS.N4.measure.js,1711240a69831ab76d1b39c7539bb005d038214e40aab247a2fcdc0a28740829,e610d3aa3d2672a5e6d5eccd9aaf05c6ae6758d1b9c4468289f017a231ab7d9f,0,False,439.009,109.75225,163.962,602.971,,0,"{""pass"":true,""inner_minus_outer_ms"":-189.67734599999994,""tolerance_ms"":5.0}",300,False,0,"TEB_RESULT:{""benchmark"":""Octane"",""case"":""PdfJS.PdfJS"",""suite"":""PdfJS"",""subbenchmark"":""PdfJS"",""mode"":""MAIN_MONOTONIC_V1"",""phase"":""measure"",""N"":4,""correctness"":""PASS"",""extra_validation_calls"":0,""checksum"":null,""timer"":""benchNow"",""start_ms"":163.962,""stop_ms"":602.971,""elapsed_ms"":439.009,""elapsed_per_call_ms"":109.75225,""warmup_calls"":0}
",,3910992127900,3910363441554,628686346,94e240b1-774a-4fdc-8be3-8b5e85457d9d,True,PASS,
wsl2-ubuntu2404-x64-20261004,MAIN_MONOTONIC_V1,Octane,calibration,PdfJS.PdfJS,PdfJS,PdfJS,jsc,8,0,3,[],0,0,1,2026-10-05T05:44:06.480673+00:00,"[""/home/mzyx/jsc_build_fd3406f/JSCOnly/Release/bin/jsc"",""--useJIT=false"",""--useLLInt=true"",""--validateOptions=true"",""/mnt/c/Users/mzyx/Desktop/0921/js-interpreter-bench/experiments/three_engine_baseline/adapters/jsc.js"",""/mnt/c/Users/mzyx/Desktop/0921/js-interpreter-bench/experiments/timer_recovery/adapters/jsc.js"",""/mnt/c/Users/mzyx/Desktop/0921/js-interpreter-bench/experiments/octane_three_engine/MAIN_MONOTONIC_V1/attempt01/generated/PdfJS.PdfJS.N8.measure.js""]","[""--useJIT=false"",""--useLLInt=true"",""--validateOptions=true""]",65c824a055405bf62b05e21d54515a72a1f0187a4d91225d00a6da969d35879f,/mnt/c/Users/mzyx/Desktop/0921/js-interpreter-bench/experiments/octane_three_engine/MAIN_MONOTONIC_V1/attempt01/generated/PdfJS.PdfJS.N8.measure.js,cb63c6217b459ec070355949d855d6e055aec977deb37f1bc3a4d4df0f700fc2,0c485996a598b7e36f2f292b66397adc0390cbe6b69b55199e47e1c6c1e37010,0,False,1145.68,143.21,0,1145.68,,0,"{""pass"":true,""inner_minus_outer_ms"":-174.58467099999984,""tolerance_ms"":5.0}",300,False,0,"TEB_RESULT:{""benchmark"":""Octane"",""case"":""PdfJS.PdfJS"",""suite"":""PdfJS"",""subbenchmark"":""PdfJS"",""mode"":""MAIN_MONOTONIC_V1"",""phase"":""measure"",""N"":8,""correctness"":""PASS"",""extra_validation_calls"":0,""checksum"":null,""timer"":""benchNow"",""start_ms"":0,""stop_ms"":1145.68,""elapsed_ms"":1145.68,""elapsed_per_call_ms"":143.21,""warmup_calls"":0}
",,3916305001646,3914984736975,1320264671,94e240b1-774a-4fdc-8be3-8b5e85457d9d,True,PASS,
wsl2-ubuntu2404-x64-20261004,MAIN_MONOTONIC_V1,Octane,calibration,PdfJS.PdfJS,PdfJS,PdfJS,quickjs,8,0,1,[],0,0,1,2026-10-05T05:44:03.404252+00:00,"[""/home/mzyx/three_engine_20261004/quickjs-04be246001599f5995fa2f2d8c91a0f198d3f34c/qjs"",""-I"",""/mnt/c/Users/mzyx/Desktop/0921/js-interpreter-bench/experiments/three_engine_baseline/adapters/quickjs.js"",""-I"",""/mnt/c/Users/mzyx/Desktop/0921/js-interpreter-bench/experiments/timer_recovery/adapters/quickjs.js"",""/mnt/c/Users/mzyx/Desktop/0921/js-interpreter-bench/experiments/octane_three_engine/MAIN_MONOTONIC_V1/attempt01/generated/PdfJS.PdfJS.N8.measure.js""]",[],140d5233b0337d91cb0f994ae4a051e49aa04da8802acfaedf0a01b81a620b79,/mnt/c/Users/mzyx/Desktop/0921/js-interpreter-bench/experiments/octane_three_engine/MAIN_MONOTONIC_V1/attempt01/generated/PdfJS.PdfJS.N8.measure.js,cb63c6217b459ec070355949d855d6e055aec977deb37f1bc3a4d4df0f700fc2,cd393c275173f20526562a008951f65a332deffed85e7c804519788b8ebffab7,0,False,1510.0313470000401,188.75391837500501,3912176.422656,3913686.454003,,0,"{""pass"":true,""inner_minus_outer_ms"":-190.94579599995996,""tolerance_ms"":5.0}",300,False,0,"TEB_RESULT:{""benchmark"":""Octane"",""case"":""PdfJS.PdfJS"",""suite"":""PdfJS"",""subbenchmark"":""PdfJS"",""mode"":""MAIN_MONOTONIC_V1"",""phase"":""measure"",""N"":8,""correctness"":""PASS"",""extra_validation_calls"":0,""checksum"":null,""timer"":""benchNow"",""start_ms"":3912176.422656,""stop_ms"":3913686.454003,""elapsed_ms"":1510.0313470000401,""elapsed_per_call_ms"":188.75391837500501,""warmup_calls"":0}
",,3913733503527,3912032526384,1700977143,94e240b1-774a-4fdc-8be3-8b5e85457d9d,True,PASS,
wsl2-ubuntu2404-x64-20261004,MAIN_MONOTONIC_V1,Octane,calibration,PdfJS.PdfJS,PdfJS,PdfJS,v8,8,0,2,[],0,0,1,2026-10-05T05:44:05.325347+00:00,"[""/home/mzyx/three_engine_20261004/v8-linux64-rel-15.6.21/d8"",""--snapshot_blob=/home/mzyx/three_engine_20261004/v8-linux64-rel-15.6.21/snapshot_blob.bin"",""--max-opt=0"",""--no-lazy"",""/mnt/c/Users/mzyx/Desktop/0921/js-interpreter-bench/experiments/three_engine_baseline/adapters/v8.js"",""/mnt/c/Users/mzyx/Desktop/0921/js-interpreter-bench/experiments/timer_recovery/adapters/v8.js"",""/mnt/c/Users/mzyx/Desktop/0921/js-interpreter-bench/experiments/octane_three_engine/MAIN_MONOTONIC_V1/attempt01/generated/PdfJS.PdfJS.N8.measure.js""]","[""--max-opt=0"",""--no-lazy""]",83b744a5953d2662ea723564d4035a333782a0cc85232d1025929a925150b133,/mnt/c/Users/mzyx/Desktop/0921/js-interpreter-bench/experiments/octane_three_engine/MAIN_MONOTONIC_V1/attempt01/generated/PdfJS.PdfJS.N8.measure.js,cb63c6217b459ec070355949d855d6e055aec977deb37f1bc3a4d4df0f700fc2,e610d3aa3d2672a5e6d5eccd9aaf05c6ae6758d1b9c4468289f017a231ab7d9f,0,False,876.334,109.54175,145.97,1022.304,,0,"{""pass"":true,""inner_minus_outer_ms"":-187.56995100000006,""tolerance_ms"":5.0}",300,False,0,"TEB_RESULT:{""benchmark"":""Octane"",""case"":""PdfJS.PdfJS"",""suite"":""PdfJS"",""subbenchmark"":""PdfJS"",""mode"":""MAIN_MONOTONIC_V1"",""phase"":""measure"",""N"":8,""correctness"":""PASS"",""extra_validation_calls"":0,""checksum"":null,""timer"":""benchNow"",""start_ms"":145.97,""stop_ms"":1022.304,""elapsed_ms"":876.334,""elapsed_per_call_ms"":109.54175,""warmup_calls"":0}
",,3914889813823,3913825909872,1063903951,94e240b1-774a-4fdc-8be3-8b5e85457d9d,True,PASS,
wsl2-ubuntu2404-x64-20261004,MAIN_MONOTONIC_V1,Octane,calibration,RayTrace.RayTrace,RayTrace,RayTrace,jsc,1,0,3,[],0,0,1,2026-10-05T05:41:42.963234+00:00,"[""/home/mzyx/jsc_build_fd3406f/JSCOnly/Release/bin/jsc"",""--useJIT=false"",""--useLLInt=true"",""--validateOptions=true"",""/mnt/c/Users/mzyx/Desktop/0921/js-interpreter-bench/experiments/three_engine_baseline/adapters/jsc.js"",""/mnt/c/Users/mzyx/Desktop/0921/js-interpreter-bench/experiments/timer_recovery/adapters/jsc.js"",""/mnt/c/Users/mzyx/Desktop/0921/js-interpreter-bench/experiments/octane_three_engine/MAIN_MONOTONIC_V1/attempt01/generated/RayTrace.RayTrace.N1.measure.js""]","[""--useJIT=false"",""--useLLInt=true"",""--validateOptions=true""]",65c824a055405bf62b05e21d54515a72a1f0187a4d91225d00a6da969d35879f,/mnt/c/Users/mzyx/Desktop/0921/js-interpreter-bench/experiments/octane_three_engine/MAIN_MONOTONIC_V1/attempt01/generated/RayTrace.RayTrace.N1.measure.js,4e14cbf567d6eb93d60f2d4a7bd91334b81163f732be18ed17ae70e4970f7085,0c485996a598b7e36f2f292b66397adc0390cbe6b69b55199e47e1c6c1e37010,0,False,30.26,30.26,0,30.26,,0,"{""pass"":true,""inner_minus_outer_ms"":-30.213182,""tolerance_ms"":5.0}",300,False,0,"TEB_RESULT:{""benchmark"":""Octane"",""case"":""RayTrace.RayTrace"",""suite"":""RayTrace"",""subbenchmark"":""RayTrace"",""mode"":""MAIN_MONOTONIC_V1"",""phase"":""measure"",""N"":1,""correctness"":""PASS"",""extra_validation_calls"":0,""checksum"":null,""timer"":""benchNow"",""start_ms"":0,""stop_ms"":30.26,""elapsed_ms"":30.26,""elapsed_per_call_ms"":30.26,""warmup_calls"":0}
",,3759679069443,3759618596261,60473182,94e240b1-774a-4fdc-8be3-8b5e85457d9d,True,PASS,
wsl2-ubuntu2404-x64-20261004,MAIN_MONOTONIC_V1,Octane,calibration,RayTrace.RayTrace,RayTrace,RayTrace,quickjs,1,0,1,[],0,0,1,2026-10-05T05:41:42.667156+00:00,"[""/home/mzyx/three_engine_20261004/quickjs-04be246001599f5995fa2f2d8c91a0f198d3f34c/qjs"",""-I"",""/mnt/c/Users/mzyx/Desktop/0921/js-interpreter-bench/experiments/three_engine_baseline/adapters/quickjs.js"",""-I"",""/mnt/c/Users/mzyx/Desktop/0921/js-interpreter-bench/experiments/timer_recovery/adapters/quickjs.js"",""/mnt/c/Users/mzyx/Desktop/0921/js-interpreter-bench/experiments/octane_three_engine/MAIN_MONOTONIC_V1/attempt01/generated/RayTrace.RayTrace.N1.measure.js""]",[],140d5233b0337d91cb0f994ae4a051e49aa04da8802acfaedf0a01b81a620b79,/mnt/c/Users/mzyx/Desktop/0921/js-interpreter-bench/experiments/octane_three_engine/MAIN_MONOTONIC_V1/attempt01/generated/RayTrace.RayTrace.N1.measure.js,4e14cbf567d6eb93d60f2d4a7bd91334b81163f732be18ed17ae70e4970f7085,cd393c275173f20526562a008951f65a332deffed85e7c804519788b8ebffab7,0,False,41.093632999807596,41.093632999807596,3759348.674008,3759389.767641,,0,"{""pass"":true,""inner_minus_outer_ms"":-14.872039000192402,""tolerance_ms"":5.0}",300,False,0,"TEB_RESULT:{""benchmark"":""Octane"",""case"":""RayTrace.RayTrace"",""suite"":""RayTrace"",""subbenchmark"":""RayTrace"",""mode"":""MAIN_MONOTONIC_V1"",""phase"":""measure"",""N"":1,""correctness"":""PASS"",""extra_validation_calls"":0,""checksum"":null,""timer"":""benchNow"",""start_ms"":3759348.674008,""stop_ms"":3759389.767641,""elapsed_ms"":41.093632999807596,""elapsed_per_call_ms"":41.093632999807596,""warmup_calls"":0}
",,3759390298735,3759334333063,55965672,94e240b1-774a-4fdc-8be3-8b5e85457d9d,True,PASS,
wsl2-ubuntu2404-x64-20261004,MAIN_MONOTONIC_V1,Octane,calibration,RayTrace.RayTrace,RayTrace,RayTrace,v8,1,0,2,[],0,0,1,2026-10-05T05:41:42.811520+00:00,"[""/home/mzyx/three_engine_20261004/v8-linux64-rel-15.6.21/d8"",""--snapshot_blob=/home/mzyx/three_engine_20261004/v8-linux64-rel-15.6.21/snapshot_blob.bin"",""--max-opt=0"",""--no-lazy"",""/mnt/c/Users/mzyx/Desktop/0921/js-interpreter-bench/experiments/three_engine_baseline/adapters/v8.js"",""/mnt/c/Users/mzyx/Desktop/0921/js-interpreter-bench/experiments/timer_recovery/adapters/v8.js"",""/mnt/c/Users/mzyx/Desktop/0921/js-interpreter-bench/experiments/octane_three_engine/MAIN_MONOTONIC_V1/attempt01/generated/RayTrace.RayTrace.N1.measure.js""]","[""--max-opt=0"",""--no-lazy""]",83b744a5953d2662ea723564d4035a333782a0cc85232d1025929a925150b133,/mnt/c/Users/mzyx/Desktop/0921/js-interpreter-bench/experiments/octane_three_engine/MAIN_MONOTONIC_V1/attempt01/generated/RayTrace.RayTrace.N1.measure.js,4e14cbf567d6eb93d60f2d4a7bd91334b81163f732be18ed17ae70e4970f7085,e610d3aa3d2672a5e6d5eccd9aaf05c6ae6758d1b9c4468289f017a231ab7d9f,0,False,24.113000000000007,24.113000000000007,43.552,67.665,,0,"{""pass"":true,""inner_minus_outer_ms"":-51.53194299999999,""tolerance_ms"":5.0}",300,False,0,"TEB_RESULT:{""benchmark"":""Octane"",""case"":""RayTrace.RayTrace"",""suite"":""RayTrace"",""subbenchmark"":""RayTrace"",""mode"":""MAIN_MONOTONIC_V1"",""phase"":""measure"",""N"":1,""correctness"":""PASS"",""extra_validation_calls"":0,""checksum"":null,""timer"":""benchNow"",""start_ms"":43.552,""stop_ms"":67.665,""elapsed_ms"":24.113000000000007,""elapsed_per_call_ms"":24.113000000000007,""warmup_calls"":0}
",,3759543459559,3759467814616,75644943,94e240b1-774a-4fdc-8be3-8b5e85457d9d,True,PASS,
wsl2-ubuntu2404-x64-20261004,MAIN_MONOTONIC_V1,Octane,calibration,RayTrace.RayTrace,RayTrace,RayTrace,jsc,16,0,3,[],0,0,1,2026-10-05T05:41:46.565503+00:00,"[""/home/mzyx/jsc_build_fd3406f/JSCOnly/Release/bin/jsc"",""--useJIT=false"",""--useLLInt=true"",""--validateOptions=true"",""/mnt/c/Users/mzyx/Desktop/0921/js-interpreter-bench/experiments/three_engine_baseline/adapters/jsc.js"",""/mnt/c/Users/mzyx/Desktop/0921/js-interpreter-bench/experiments/timer_recovery/adapters/jsc.js"",""/mnt/c/Users/mzyx/Desktop/0921/js-interpreter-bench/experiments/octane_three_engine/MAIN_MONOTONIC_V1/attempt01/generated/RayTrace.RayTrace.N16.measure.js""]","[""--useJIT=false"",""--useLLInt=true"",""--validateOptions=true""]",65c824a055405bf62b05e21d54515a72a1f0187a4d91225d00a6da969d35879f,/mnt/c/Users/mzyx/Desktop/0921/js-interpreter-bench/experiments/octane_three_engine/MAIN_MONOTONIC_V1/attempt01/generated/RayTrace.RayTrace.N16.measure.js,e1f33d2a2f37a192e26f1fbb30dbf42e4523af1b124644aa7fed90d389d69daa,0c485996a598b7e36f2f292b66397adc0390cbe6b69b55199e47e1c6c1e37010,0,False,511.38,31.96125,0,511.38,,0,"{""pass"":true,""inner_minus_outer_ms"":-33.21584900000005,""tolerance_ms"":5.0}",300,False,0,"TEB_RESULT:{""benchmark"":""Octane"",""case"":""RayTrace.RayTrace"",""suite"":""RayTrace"",""subbenchmark"":""RayTrace"",""mode"":""MAIN_MONOTONIC_V1"",""phase"":""measure"",""N"":16,""correctness"":""PASS"",""extra_validation_calls"":0,""checksum"":null,""timer"":""benchNow"",""start_ms"":0,""stop_ms"":511.38,""elapsed_ms"":511.38,""elapsed_per_call_ms"":31.96125,""warmup_calls"":0}
",,3763764353822,3763219757973,544595849,94e240b1-774a-4fdc-8be3-8b5e85457d9d,True,PASS,
wsl2-ubuntu2404-x64-20261004,MAIN_MONOTONIC_V1,Octane,calibration,RayTrace.RayTrace,RayTrace,RayTrace,quickjs,16,0,1,[],0,0,1,2026-10-05T05:41:45.378063+00:00,"[""/home/mzyx/three_engine_20261004/quickjs-04be246001599f5995fa2f2d8c91a0f198d3f34c/qjs"",""-I"",""/mnt/c/Users/mzyx/Desktop/0921/js-interpreter-bench/experiments/three_engine_baseline/adapters/quickjs.js"",""-I"",""/mnt/c/Users/mzyx/Desktop/0921/js-interpreter-bench/experiments/timer_recovery/adapters/quickjs.js"",""/mnt/c/Users/mzyx/Desktop/0921/js-interpreter-bench/experiments/octane_three_engine/MAIN_MONOTONIC_V1/attempt01/generated/RayTrace.RayTrace.N16.measure.js""]",[],140d5233b0337d91cb0f994ae4a051e49aa04da8802acfaedf0a01b81a620b79,/mnt/c/Users/mzyx/Desktop/0921/js-interpreter-bench/experiments/octane_three_engine/MAIN_MONOTONIC_V1/attempt01/generated/RayTrace.RayTrace.N16.measure.js,e1f33d2a2f37a192e26f1fbb30dbf42e4523af1b124644aa7fed90d389d69daa,cd393c275173f20526562a008951f65a332deffed85e7c804519788b8ebffab7,0,False,677.4975629998371,42.34359768748982,3762059.194985,3762736.692548,,0,"{""pass"":true,""inner_minus_outer_ms"":-17.776358000162872,""tolerance_ms"":5.0}",300,False,0,"TEB_RESULT:{""benchmark"":""Octane"",""case"":""RayTrace.RayTrace"",""suite"":""RayTrace"",""subbenchmark"":""RayTrace"",""mode"":""MAIN_MONOTONIC_V1"",""phase"":""measure"",""N"":16,""correctness"":""PASS"",""extra_validation_calls"":0,""checksum"":null,""timer"":""benchNow"",""start_ms"":3762059.194985,""stop_ms"":3762736.692548,""elapsed_ms"":677.4975629998371,""elapsed_per_call_ms"":42.34359768748982,""warmup_calls"":0}
",,3762737220302,3762041946381,695273921,94e240b1-774a-4fdc-8be3-8b5e85457d9d,True,PASS,
wsl2-ubuntu2404-x64-20261004,MAIN_MONOTONIC_V1,Octane,calibration,RayTrace.RayTrace,RayTrace,RayTrace,v8,16,0,2,[],0,0,1,2026-10-05T05:41:46.153425+00:00,"[""/home/mzyx/three_engine_20261004/v8-linux64-rel-15.6.21/d8"",""--snapshot_blob=/home/mzyx/three_engine_20261004/v8-linux64-rel-15.6.21/snapshot_blob.bin"",""--max-opt=0"",""--no-lazy"",""/mnt/c/Users/mzyx/Desktop/0921/js-interpreter-bench/experiments/three_engine_baseline/adapters/v8.js"",""/mnt/c/Users/mzyx/Desktop/0921/js-interpreter-bench/experiments/timer_recovery/adapters/v8.js"",""/mnt/c/Users/mzyx/Desktop/0921/js-interpreter-bench/experiments/octane_three_engine/MAIN_MONOTONIC_V1/attempt01/generated/RayTrace.RayTrace.N16.measure.js""]","[""--max-opt=0"",""--no-lazy""]",83b744a5953d2662ea723564d4035a333782a0cc85232d1025929a925150b133,/mnt/c/Users/mzyx/Desktop/0921/js-interpreter-bench/experiments/octane_three_engine/MAIN_MONOTONIC_V1/attempt01/generated/RayTrace.RayTrace.N16.measure.js,e1f33d2a2f37a192e26f1fbb30dbf42e4523af1b124644aa7fed90d389d69daa,e610d3aa3d2672a5e6d5eccd9aaf05c6ae6758d1b9c4468289f017a231ab7d9f,0,False,304.992,19.062,31.801,336.793,,0,"{""pass"":true,""inner_minus_outer_ms"":-39.70378299999999,""tolerance_ms"":5.0}",300,False,0,"TEB_RESULT:{""benchmark"":""Octane"",""case"":""RayTrace.RayTrace"",""suite"":""RayTrace"",""subbenchmark"":""RayTrace"",""mode"":""MAIN_MONOTONIC_V1"",""phase"":""measure"",""N"":16,""correctness"":""PASS"",""extra_validation_calls"":0,""checksum"":null,""timer"":""benchNow"",""start_ms"":31.801,""stop_ms"":336.793,""elapsed_ms"":304.992,""elapsed_per_call_ms"":19.062,""warmup_calls"":0}
",,3763151642515,3762806946732,344695783,94e240b1-774a-4fdc-8be3-8b5e85457d9d,True,PASS,
wsl2-ubuntu2404-x64-20261004,MAIN_MONOTONIC_V1,Octane,calibration,RayTrace.RayTrace,RayTrace,RayTrace,jsc,2,0,3,[],0,0,1,2026-10-05T05:41:43.457742+00:00,"[""/home/mzyx/jsc_build_fd3406f/JSCOnly/Release/bin/jsc"",""--useJIT=false"",""--useLLInt=true"",""--validateOptions=true"",""/mnt/c/Users/mzyx/Desktop/0921/js-interpreter-bench/experiments/three_engine_baseline/adapters/jsc.js"",""/mnt/c/Users/mzyx/Desktop/0921/js-interpreter-bench/experiments/timer_recovery/adapters/jsc.js"",""/mnt/c/Users/mzyx/Desktop/0921/js-interpreter-bench/experiments/octane_three_engine/MAIN_MONOTONIC_V1/attempt01/generated/RayTrace.RayTrace.N2.measure.js""]","[""--useJIT=false"",""--useLLInt=true"",""--validateOptions=true""]",65c824a055405bf62b05e21d54515a72a1f0187a4d91225d00a6da969d35879f,/mnt/c/Users/mzyx/Desktop/0921/js-interpreter-bench/experiments/octane_three_engine/MAIN_MONOTONIC_V1/attempt01/generated/RayTrace.RayTrace.N2.measure.js,57e2d4cfddd14442f2b63002e69bbd5f4ceec406b9ed901e8ab2686b56e76616,0c485996a598b7e36f2f292b66397adc0390cbe6b69b55199e47e1c6c1e37010,0,False,61.82,30.91,0,61.82,,0,"{""pass"":true,""inner_minus_outer_ms"":-29.607690999999996,""tolerance_ms"":5.0}",300,False,0,"TEB_RESULT:{""benchmark"":""Octane"",""case"":""RayTrace.RayTrace"",""suite"":""RayTrace"",""subbenchmark"":""RayTrace"",""mode"":""MAIN_MONOTONIC_V1"",""phase"":""measure"",""N"":2,""correctness"":""PASS"",""extra_validation_calls"":0,""checksum"":null,""timer"":""benchNow"",""start_ms"":0,""stop_ms"":61.82,""elapsed_ms"":61.82,""elapsed_per_call_ms"":30.91,""warmup_calls"":0}
",,3760205655305,3760114227614,91427691,94e240b1-774a-4fdc-8be3-8b5e85457d9d,True,PASS,
wsl2-ubuntu2404-x64-20261004,MAIN_MONOTONIC_V1,Octane,calibration,RayTrace.RayTrace,RayTrace,RayTrace,quickjs,2,0,1,[],0,0,1,2026-10-05T05:41:43.102330+00:00,"[""/home/mzyx/three_engine_20261004/quickjs-04be246001599f5995fa2f2d8c91a0f198d3f34c/qjs"",""-I"",""/mnt/c/Users/mzyx/Desktop/0921/js-interpreter-bench/experiments/three_engine_baseline/adapters/quickjs.js"",""-I"",""/mnt/c/Users/mzyx/Desktop/0921/js-interpreter-bench/experiments/timer_recovery/adapters/quickjs.js"",""/mnt/c/Users/mzyx/Desktop/0921/js-interpreter-bench/experiments/octane_three_engine/MAIN_MONOTONIC_V1/attempt01/generated/RayTrace.RayTrace.N2.measure.js""]",[],140d5233b0337d91cb0f994ae4a051e49aa04da8802acfaedf0a01b81a620b79,/mnt/c/Users/mzyx/Desktop/0921/js-interpreter-bench/experiments/octane_three_engine/MAIN_MONOTONIC_V1/attempt01/generated/RayTrace.RayTrace.N2.measure.js,57e2d4cfddd14442f2b63002e69bbd5f4ceec406b9ed901e8ab2686b56e76616,cd393c275173f20526562a008951f65a332deffed85e7c804519788b8ebffab7,0,False,81.3551659998484,40.6775829999242,3759785.278371,3759866.633537,,0,"{""pass"":true,""inner_minus_outer_ms"":-15.156103000151603,""tolerance_ms"":5.0}",300,False,0,"TEB_RESULT:{""benchmark"":""Octane"",""case"":""RayTrace.RayTrace"",""suite"":""RayTrace"",""subbenchmark"":""RayTrace"",""mode"":""MAIN_MONOTONIC_V1"",""phase"":""measure"",""N"":2,""correctness"":""PASS"",""extra_validation_calls"":0,""checksum"":null,""timer"":""benchNow"",""start_ms"":3759785.278371,""stop_ms"":3759866.633537,""elapsed_ms"":81.3551659998484,""elapsed_per_call_ms"":40.6775829999242,""warmup_calls"":0}
",,3759867138037,3759770626768,96511269,94e240b1-774a-4fdc-8be3-8b5e85457d9d,True,PASS,
wsl2-ubuntu2404-x64-20261004,MAIN_MONOTONIC_V1,Octane,calibration,RayTrace.RayTrace,RayTrace,RayTrace,v8,2,0,2,[],0,0,1,2026-10-05T05:41:43.289325+00:00,"[""/home/mzyx/three_engine_20261004/v8-linux64-rel-15.6.21/d8"",""--snapshot_blob=/home/mzyx/three_engine_20261004/v8-linux64-rel-15.6.21/snapshot_blob.bin"",""--max-opt=0"",""--no-lazy"",""/mnt/c/Users/mzyx/Desktop/0921/js-interpreter-bench/experiments/three_engine_baseline/adapters/v8.js"",""/mnt/c/Users/mzyx/Desktop/0921/js-interpreter-bench/experiments/timer_recovery/adapters/v8.js"",""/mnt/c/Users/mzyx/Desktop/0921/js-interpreter-bench/experiments/octane_three_engine/MAIN_MONOTONIC_V1/attempt01/generated/RayTrace.RayTrace.N2.measure.js""]","[""--max-opt=0"",""--no-lazy""]",83b744a5953d2662ea723564d4035a333782a0cc85232d1025929a925150b133,/mnt/c/Users/mzyx/Desktop/0921/js-interpreter-bench/experiments/octane_three_engine/MAIN_MONOTONIC_V1/attempt01/generated/RayTrace.RayTrace.N2.measure.js,57e2d4cfddd14442f2b63002e69bbd5f4ceec406b9ed901e8ab2686b56e76616,e610d3aa3d2672a5e6d5eccd9aaf05c6ae6758d1b9c4468289f017a231ab7d9f,0,False,42.153999999999996,21.076999999999998,38.3,80.454,,0,"{""pass"":true,""inner_minus_outer_ms"":-47.395981000000006,""tolerance_ms"":5.0}",300,False,0,"TEB_RESULT:{""benchmark"":""Octane"",""case"":""RayTrace.RayTrace"",""suite"":""RayTrace"",""subbenchmark"":""RayTrace"",""mode"":""MAIN_MONOTONIC_V1"",""phase"":""measure"",""N"":2,""correctness"":""PASS"",""extra_validation_calls"":0,""checksum"":null,""timer"":""benchNow"",""start_ms"":38.3,""stop_ms"":80.454,""elapsed_ms"":42.153999999999996,""elapsed_per_call_ms"":21.076999999999998,""warmup_calls"":0}
",,3760034732407,3759945182426,89549981,94e240b1-774a-4fdc-8be3-8b5e85457d9d,True,PASS,
wsl2-ubuntu2404-x64-20261004,MAIN_MONOTONIC_V1,Octane,calibration,RayTrace.RayTrace,RayTrace,RayTrace,jsc,32,0,3,[],0,0,1,2026-10-05T05:41:49.369394+00:00,"[""/home/mzyx/jsc_build_fd3406f/JSCOnly/Release/bin/jsc"",""--useJIT=false"",""--useLLInt=true"",""--validateOptions=true"",""/mnt/c/Users/mzyx/Desktop/0921/js-interpreter-bench/experiments/three_engine_baseline/adapters/jsc.js"",""/mnt/c/Users/mzyx/Desktop/0921/js-interpreter-bench/experiments/timer_recovery/adapters/jsc.js"",""/mnt/c/Users/mzyx/Desktop/0921/js-interpreter-bench/experiments/octane_three_engine/MAIN_MONOTONIC_V1/attempt01/generated/RayTrace.RayTrace.N32.measure.js""]","[""--useJIT=false"",""--useLLInt=true"",""--validateOptions=true""]",65c824a055405bf62b05e21d54515a72a1f0187a4d91225d00a6da969d35879f,/mnt/c/Users/mzyx/Desktop/0921/js-interpreter-bench/experiments/octane_three_engine/MAIN_MONOTONIC_V1/attempt01/generated/RayTrace.RayTrace.N32.measure.js,d829786c65172b63cb2d47155ec719bf26abef81df34fe7cc022e6e7ac1ca5db,0c485996a598b7e36f2f292b66397adc0390cbe6b69b55199e47e1c6c1e37010,0,False,996.44,31.13875,0,996.44,,0,"{""pass"":true,""inner_minus_outer_ms"":-31.26565000000005,""tolerance_ms"":5.0}",300,False,0,"TEB_RESULT:{""benchmark"":""Octane"",""case"":""RayTrace.RayTrace"",""suite"":""RayTrace"",""subbenchmark"":""RayTrace"",""mode"":""MAIN_MONOTONIC_V1"",""phase"":""measure"",""N"":32,""correctness"":""PASS"",""extra_validation_calls"":0,""checksum"":null,""timer"":""benchNow"",""start_ms"":0,""stop_ms"":996.44,""elapsed_ms"":996.44,""elapsed_per_call_ms"":31.13875,""warmup_calls"":0}
",,3767051346737,3766023641087,1027705650,94e240b1-774a-4fdc-8be3-8b5e85457d9d,True,PASS,
wsl2-ubuntu2404-x64-20261004,MAIN_MONOTONIC_V1,Octane,calibration,RayTrace.RayTrace,RayTrace,RayTrace,quickjs,32,0,1,[],0,0,1,2026-10-05T05:41:47.184055+00:00,"[""/home/mzyx/three_engine_20261004/quickjs-04be246001599f5995fa2f2d8c91a0f198d3f34c/qjs"",""-I"",""/mnt/c/Users/mzyx/Desktop/0921/js-interpreter-bench/experiments/three_engine_baseline/adapters/quickjs.js"",""-I"",""/mnt/c/Users/mzyx/Desktop/0921/js-interpreter-bench/experiments/timer_recovery/adapters/quickjs.js"",""/mnt/c/Users/mzyx/Desktop/0921/js-interpreter-bench/experiments/octane_three_engine/MAIN_MONOTONIC_V1/attempt01/generated/RayTrace.RayTrace.N32.measure.js""]",[],140d5233b0337d91cb0f994ae4a051e49aa04da8802acfaedf0a01b81a620b79,/mnt/c/Users/mzyx/Desktop/0921/js-interpreter-bench/experiments/octane_three_engine/MAIN_MONOTONIC_V1/attempt01/generated/RayTrace.RayTrace.N32.measure.js,d829786c65172b63cb2d47155ec719bf26abef81df34fe7cc022e6e7ac1ca5db,cd393c275173f20526562a008951f65a332deffed85e7c804519788b8ebffab7,0,False,1368.9660550002009,42.78018921875628,3763863.117121,3765232.083176,,0,"{""pass"":true,""inner_minus_outer_ms"":-14.400903999799084,""tolerance_ms"":5.0}",300,False,0,"TEB_RESULT:{""benchmark"":""Octane"",""case"":""RayTrace.RayTrace"",""suite"":""RayTrace"",""subbenchmark"":""RayTrace"",""mode"":""MAIN_MONOTONIC_V1"",""phase"":""measure"",""N"":32,""correctness"":""PASS"",""extra_validation_calls"":0,""checksum"":null,""timer"":""benchNow"",""start_ms"":3763863.117121,""stop_ms"":3765232.083176,""elapsed_ms"":1368.9660550002009,""elapsed_per_call_ms"":42.78018921875628,""warmup_calls"":0}
",,3765232623874,3763849256915,1383366959,94e240b1-774a-4fdc-8be3-8b5e85457d9d,True,PASS,
wsl2-ubuntu2404-x64-20261004,MAIN_MONOTONIC_V1,Octane,calibration,RayTrace.RayTrace,RayTrace,RayTrace,v8,32,0,2,[],0,0,1,2026-10-05T05:41:48.648224+00:00,"[""/home/mzyx/three_engine_20261004/v8-linux64-rel-15.6.21/d8"",""--snapshot_blob=/home/mzyx/three_engine_20261004/v8-linux64-rel-15.6.21/snapshot_blob.bin"",""--max-opt=0"",""--no-lazy"",""/mnt/c/Users/mzyx/Desktop/0921/js-interpreter-bench/experiments/three_engine_baseline/adapters/v8.js"",""/mnt/c/Users/mzyx/Desktop/0921/js-interpreter-bench/experiments/timer_recovery/adapters/v8.js"",""/mnt/c/Users/mzyx/Desktop/0921/js-interpreter-bench/experiments/octane_three_engine/MAIN_MONOTONIC_V1/attempt01/generated/RayTrace.RayTrace.N32.measure.js""]","[""--max-opt=0"",""--no-lazy""]",83b744a5953d2662ea723564d4035a333782a0cc85232d1025929a925150b133,/mnt/c/Users/mzyx/Desktop/0921/js-interpreter-bench/experiments/octane_three_engine/MAIN_MONOTONIC_V1/attempt01/generated/RayTrace.RayTrace.N32.measure.js,d829786c65172b63cb2d47155ec719bf26abef81df34fe7cc022e6e7ac1ca5db,e610d3aa3d2672a5e6d5eccd9aaf05c6ae6758d1b9c4468289f017a231ab7d9f,0,False,609.4879999999999,19.046499999999998,33.195,642.683,,0,"{""pass"":true,""inner_minus_outer_ms"":-42.06523100000004,""tolerance_ms"":5.0}",300,False,0,"TEB_RESULT:{""benchmark"":""Octane"",""case"":""RayTrace.RayTrace"",""suite"":""RayTrace"",""subbenchmark"":""RayTrace"",""mode"":""MAIN_MONOTONIC_V1"",""phase"":""measure"",""N"":32,""correctness"":""PASS"",""extra_validation_calls"":0,""checksum"":null,""timer"":""benchNow"",""start_ms"":33.195,""stop_ms"":642.683,""elapsed_ms"":609.4879999999999,""elapsed_per_call_ms"":19.046499999999998,""warmup_calls"":0}
",,3765954075060,3765302521829,651553231,94e240b1-774a-4fdc-8be3-8b5e85457d9d,True,PASS,
wsl2-ubuntu2404-x64-20261004,MAIN_MONOTONIC_V1,Octane,calibration,RayTrace.RayTrace,RayTrace,RayTrace,jsc,4,0,3,[],0,0,1,2026-10-05T05:41:44.091271+00:00,"[""/home/mzyx/jsc_build_fd3406f/JSCOnly/Release/bin/jsc"",""--useJIT=false"",""--useLLInt=true"",""--validateOptions=true"",""/mnt/c/Users/mzyx/Desktop/0921/js-interpreter-bench/experiments/three_engine_baseline/adapters/jsc.js"",""/mnt/c/Users/mzyx/Desktop/0921/js-interpreter-bench/experiments/timer_recovery/adapters/jsc.js"",""/mnt/c/Users/mzyx/Desktop/0921/js-interpreter-bench/experiments/octane_three_engine/MAIN_MONOTONIC_V1/attempt01/generated/RayTrace.RayTrace.N4.measure.js""]","[""--useJIT=false"",""--useLLInt=true"",""--validateOptions=true""]",65c824a055405bf62b05e21d54515a72a1f0187a4d91225d00a6da969d35879f,/mnt/c/Users/mzyx/Desktop/0921/js-interpreter-bench/experiments/octane_three_engine/MAIN_MONOTONIC_V1/attempt01/generated/RayTrace.RayTrace.N4.measure.js,97ed87d96246a858fa7243baf81bca1dee1fe0515972ca3ce9907395b090675f,0c485996a598b7e36f2f292b66397adc0390cbe6b69b55199e47e1c6c1e37010,0,False,116.04,29.01,0,116.04,,0,"{""pass"":true,""inner_minus_outer_ms"":-29.699792999999985,""tolerance_ms"":5.0}",300,False,0,"TEB_RESULT:{""benchmark"":""Octane"",""case"":""RayTrace.RayTrace"",""suite"":""RayTrace"",""subbenchmark"":""RayTrace"",""mode"":""MAIN_MONOTONIC_V1"",""phase"":""measure"",""N"":4,""correctness"":""PASS"",""extra_validation_calls"":0,""checksum"":null,""timer"":""benchNow"",""start_ms"":0,""stop_ms"":116.04,""elapsed_ms"":116.04,""elapsed_per_call_ms"":29.01,""warmup_calls"":0}
",,3760891832509,3760746092716,145739793,94e240b1-774a-4fdc-8be3-8b5e85457d9d,True,PASS,
wsl2-ubuntu2404-x64-20261004,MAIN_MONOTONIC_V1,Octane,calibration,RayTrace.RayTrace,RayTrace,RayTrace,quickjs,4,0,1,[],0,0,1,2026-10-05T05:41:43.627860+00:00,"[""/home/mzyx/three_engine_20261004/quickjs-04be246001599f5995fa2f2d8c91a0f198d3f34c/qjs"",""-I"",""/mnt/c/Users/mzyx/Desktop/0921/js-interpreter-bench/experiments/three_engine_baseline/adapters/quickjs.js"",""-I"",""/mnt/c/Users/mzyx/Desktop/0921/js-interpreter-bench/experiments/timer_recovery/adapters/quickjs.js"",""/mnt/c/Users/mzyx/Desktop/0921/js-interpreter-bench/experiments/octane_three_engine/MAIN_MONOTONIC_V1/attempt01/generated/RayTrace.RayTrace.N4.measure.js""]",[],140d5233b0337d91cb0f994ae4a051e49aa04da8802acfaedf0a01b81a620b79,/mnt/c/Users/mzyx/Desktop/0921/js-interpreter-bench/experiments/octane_three_engine/MAIN_MONOTONIC_V1/attempt01/generated/RayTrace.RayTrace.N4.measure.js,97ed87d96246a858fa7243baf81bca1dee1fe0515972ca3ce9907395b090675f,cd393c275173f20526562a008951f65a332deffed85e7c804519788b8ebffab7,0,False,166.38393999962136,41.59598499990534,3760312.256169,3760478.640109,,0,"{""pass"":true,""inner_minus_outer_ms"":-15.57813800037863,""tolerance_ms"":5.0}",300,False,0,"TEB_RESULT:{""benchmark"":""Octane"",""case"":""RayTrace.RayTrace"",""suite"":""RayTrace"",""subbenchmark"":""RayTrace"",""mode"":""MAIN_MONOTONIC_V1"",""phase"":""measure"",""N"":4,""correctness"":""PASS"",""extra_validation_calls"":0,""checksum"":null,""timer"":""benchNow"",""start_ms"":3760312.256169,""stop_ms"":3760478.640109,""elapsed_ms"":166.38393999962136,""elapsed_per_call_ms"":41.59598499990534,""warmup_calls"":0}
",,3760479127190,3760297165112,181962078,94e240b1-774a-4fdc-8be3-8b5e85457d9d,True,PASS,
wsl2-ubuntu2404-x64-20261004,MAIN_MONOTONIC_V1,Octane,calibration,RayTrace.RayTrace,RayTrace,RayTrace,v8,4,0,2,[],0,0,1,2026-10-05T05:41:43.898261+00:00,"[""/home/mzyx/three_engine_20261004/v8-linux64-rel-15.6.21/d8"",""--snapshot_blob=/home/mzyx/three_engine_20261004/v8-linux64-rel-15.6.21/snapshot_blob.bin"",""--max-opt=0"",""--no-lazy"",""/mnt/c/Users/mzyx/Desktop/0921/js-interpreter-bench/experiments/three_engine_baseline/adapters/v8.js"",""/mnt/c/Users/mzyx/Desktop/0921/js-interpreter-bench/experiments/timer_recovery/adapters/v8.js"",""/mnt/c/Users/mzyx/Desktop/0921/js-interpreter-bench/experiments/octane_three_engine/MAIN_MONOTONIC_V1/attempt01/generated/RayTrace.RayTrace.N4.measure.js""]","[""--max-opt=0"",""--no-lazy""]",83b744a5953d2662ea723564d4035a333782a0cc85232d1025929a925150b133,/mnt/c/Users/mzyx/Desktop/0921/js-interpreter-bench/experiments/octane_three_engine/MAIN_MONOTONIC_V1/attempt01/generated/RayTrace.RayTrace.N4.measure.js,97ed87d96246a858fa7243baf81bca1dee1fe0515972ca3ce9907395b090675f,e610d3aa3d2672a5e6d5eccd9aaf05c6ae6758d1b9c4468289f017a231ab7d9f,0,False,79.893,19.97325,31.672,111.565,,0,"{""pass"":true,""inner_minus_outer_ms"":-40.103424000000004,""tolerance_ms"":5.0}",300,False,0,"TEB_RESULT:{""benchmark"":""Octane"",""case"":""RayTrace.RayTrace"",""suite"":""RayTrace"",""subbenchmark"":""RayTrace"",""mode"":""MAIN_MONOTONIC_V1"",""phase"":""measure"",""N"":4,""correctness"":""PASS"",""extra_validation_calls"":0,""checksum"":null,""timer"":""benchNow"",""start_ms"":31.672,""stop_ms"":111.565,""elapsed_ms"":79.893,""elapsed_per_call_ms"":19.97325,""warmup_calls"":0}
",,3760673705852,3760553709428,119996424,94e240b1-774a-4fdc-8be3-8b5e85457d9d,True,PASS,
wsl2-ubuntu2404-x64-20261004,MAIN_MONOTONIC_V1,Octane,calibration,RayTrace.RayTrace,RayTrace,RayTrace,jsc,64,0,3,[],0,0,1,2026-10-05T05:41:54.526871+00:00,"[""/home/mzyx/jsc_build_fd3406f/JSCOnly/Release/bin/jsc"",""--useJIT=false"",""--useLLInt=true"",""--validateOptions=true"",""/mnt/c/Users/mzyx/Desktop/0921/js-interpreter-bench/experiments/three_engine_baseline/adapters/jsc.js"",""/mnt/c/Users/mzyx/Desktop/0921/js-interpreter-bench/experiments/timer_recovery/adapters/jsc.js"",""/mnt/c/Users/mzyx/Desktop/0921/js-interpreter-bench/experiments/octane_three_engine/MAIN_MONOTONIC_V1/attempt01/generated/RayTrace.RayTrace.N64.measure.js""]","[""--useJIT=false"",""--useLLInt=true"",""--validateOptions=true""]",65c824a055405bf62b05e21d54515a72a1f0187a4d91225d00a6da969d35879f,/mnt/c/Users/mzyx/Desktop/0921/js-interpreter-bench/experiments/octane_three_engine/MAIN_MONOTONIC_V1/attempt01/generated/RayTrace.RayTrace.N64.measure.js,3e069178eff3ef2a195ada154af5ff60aa95696657208bf837f6a055e37645d9,0c485996a598b7e36f2f292b66397adc0390cbe6b69b55199e47e1c6c1e37010,0,False,2036.52,31.820625,0,2036.52,,0,"{""pass"":true,""inner_minus_outer_ms"":-40.63677899999993,""tolerance_ms"":5.0}",300,False,0,"TEB_RESULT:{""benchmark"":""Octane"",""case"":""RayTrace.RayTrace"",""suite"":""RayTrace"",""subbenchmark"":""RayTrace"",""mode"":""MAIN_MONOTONIC_V1"",""phase"":""measure"",""N"":64,""correctness"":""PASS"",""extra_validation_calls"":0,""checksum"":null,""timer"":""benchNow"",""start_ms"":0,""stop_ms"":2036.52,""elapsed_ms"":2036.52,""elapsed_per_call_ms"":31.820625,""warmup_calls"":0}
",,3773259486941,3771182330162,2077156779,94e240b1-774a-4fdc-8be3-8b5e85457d9d,True,PASS,
wsl2-ubuntu2404-x64-20261004,MAIN_MONOTONIC_V1,Octane,calibration,RayTrace.RayTrace,RayTrace,RayTrace,quickjs,64,0,1,[],0,0,1,2026-10-05T05:41:50.464899+00:00,"[""/home/mzyx/three_engine_20261004/quickjs-04be246001599f5995fa2f2d8c91a0f198d3f34c/qjs"",""-I"",""/mnt/c/Users/mzyx/Desktop/0921/js-interpreter-bench/experiments/three_engine_baseline/adapters/quickjs.js"",""-I"",""/mnt/c/Users/mzyx/Desktop/0921/js-interpreter-bench/experiments/timer_recovery/adapters/quickjs.js"",""/mnt/c/Users/mzyx/Desktop/0921/js-interpreter-bench/experiments/octane_three_engine/MAIN_MONOTONIC_V1/attempt01/generated/RayTrace.RayTrace.N64.measure.js""]",[],140d5233b0337d91cb0f994ae4a051e49aa04da8802acfaedf0a01b81a620b79,/mnt/c/Users/mzyx/Desktop/0921/js-interpreter-bench/experiments/octane_three_engine/MAIN_MONOTONIC_V1/attempt01/generated/RayTrace.RayTrace.N64.measure.js,3e069178eff3ef2a195ada154af5ff60aa95696657208bf837f6a055e37645d9,cd393c275173f20526562a008951f65a332deffed85e7c804519788b8ebffab7,0,False,2595.3372039999813,40.55214381249971,3767142.52443,3769737.861634,,0,"{""pass"":true,""inner_minus_outer_ms"":-13.679940000018632,""tolerance_ms"":5.0}",300,False,0,"TEB_RESULT:{""benchmark"":""Octane"",""case"":""RayTrace.RayTrace"",""suite"":""RayTrace"",""subbenchmark"":""RayTrace"",""mode"":""MAIN_MONOTONIC_V1"",""phase"":""measure"",""N"":64,""correctness"":""PASS"",""extra_validation_calls"":0,""checksum"":null,""timer"":""benchNow"",""start_ms"":3767142.52443,""stop_ms"":3769737.861634,""elapsed_ms"":2595.3372039999813,""elapsed_per_call_ms"":40.55214381249971,""warmup_calls"":0}
",,3769738421712,3767129404568,2609017144,94e240b1-774a-4fdc-8be3-8b5e85457d9d,True,PASS,
wsl2-ubuntu2404-x64-20261004,MAIN_MONOTONIC_V1,Octane,calibration,RayTrace.RayTrace,RayTrace,RayTrace,v8,64,0,2,[],0,0,1,2026-10-05T05:41:53.155598+00:00,"[""/home/mzyx/three_engine_20261004/v8-linux64-rel-15.6.21/d8"",""--snapshot_blob=/home/mzyx/three_engine_20261004/v8-linux64-rel-15.6.21/snapshot_blob.bin"",""--max-opt=0"",""--no-lazy"",""/mnt/c/Users/mzyx/Desktop/0921/js-interpreter-bench/experiments/three_engine_baseline/adapters/v8.js"",""/mnt/c/Users/mzyx/Desktop/0921/js-interpreter-bench/experiments/timer_recovery/adapters/v8.js"",""/mnt/c/Users/mzyx/Desktop/0921/js-interpreter-bench/experiments/octane_three_engine/MAIN_MONOTONIC_V1/attempt01/generated/RayTrace.RayTrace.N64.measure.js""]","[""--max-opt=0"",""--no-lazy""]",83b744a5953d2662ea723564d4035a333782a0cc85232d1025929a925150b133,/mnt/c/Users/mzyx/Desktop/0921/js-interpreter-bench/experiments/octane_three_engine/MAIN_MONOTONIC_V1/attempt01/generated/RayTrace.RayTrace.N64.measure.js,3e069178eff3ef2a195ada154af5ff60aa95696657208bf837f6a055e37645d9,e610d3aa3d2672a5e6d5eccd9aaf05c6ae6758d1b9c4468289f017a231ab7d9f,0,False,1252.7649999999999,19.574453124999998,33.236,1286.001,,0,"{""pass"":true,""inner_minus_outer_ms"":-43.283473000000185,""tolerance_ms"":5.0}",300,False,0,"TEB_RESULT:{""benchmark"":""Octane"",""case"":""RayTrace.RayTrace"",""suite"":""RayTrace"",""subbenchmark"":""RayTrace"",""mode"":""MAIN_MONOTONIC_V1"",""phase"":""measure"",""N"":64,""correctness"":""PASS"",""extra_validation_calls"":0,""checksum"":null,""timer"":""benchNow"",""start_ms"":33.236,""stop_ms"":1286.001,""elapsed_ms"":1252.7649999999999,""elapsed_per_call_ms"":19.574453124999998,""warmup_calls"":0}
",,3771105778203,3769809729730,1296048473,94e240b1-774a-4fdc-8be3-8b5e85457d9d,True,PASS,
wsl2-ubuntu2404-x64-20261004,MAIN_MONOTONIC_V1,Octane,calibration,RayTrace.RayTrace,RayTrace,RayTrace,jsc,8,0,3,[],0,0,1,2026-10-05T05:41:45.025335+00:00,"[""/home/mzyx/jsc_build_fd3406f/JSCOnly/Release/bin/jsc"",""--useJIT=false"",""--useLLInt=true"",""--validateOptions=true"",""/mnt/c/Users/mzyx/Desktop/0921/js-interpreter-bench/experiments/three_engine_baseline/adapters/jsc.js"",""/mnt/c/Users/mzyx/Desktop/0921/js-interpreter-bench/experiments/timer_recovery/adapters/jsc.js"",""/mnt/c/Users/mzyx/Desktop/0921/js-interpreter-bench/experiments/octane_three_engine/MAIN_MONOTONIC_V1/attempt01/generated/RayTrace.RayTrace.N8.measure.js""]","[""--useJIT=false"",""--useLLInt=true"",""--validateOptions=true""]",65c824a055405bf62b05e21d54515a72a1f0187a4d91225d00a6da969d35879f,/mnt/c/Users/mzyx/Desktop/0921/js-interpreter-bench/experiments/octane_three_engine/MAIN_MONOTONIC_V1/attempt01/generated/RayTrace.RayTrace.N8.measure.js,cb446334b2ff3c2655e77a150995608181230f78533b3994490d8459f14c5bec,0c485996a598b7e36f2f292b66397adc0390cbe6b69b55199e47e1c6c1e37010,0,False,251.1,31.3875,0,251.1,,0,"{""pass"":true,""inner_minus_outer_ms"":-29.745719999999977,""tolerance_ms"":5.0}",300,False,0,"TEB_RESULT:{""benchmark"":""Octane"",""case"":""RayTrace.RayTrace"",""suite"":""RayTrace"",""subbenchmark"":""RayTrace"",""mode"":""MAIN_MONOTONIC_V1"",""phase"":""measure"",""N"":8,""correctness"":""PASS"",""extra_validation_calls"":0,""checksum"":null,""timer"":""benchNow"",""start_ms"":0,""stop_ms"":251.1,""elapsed_ms"":251.1,""elapsed_per_call_ms"":31.3875,""warmup_calls"":0}
",,3761960678655,3761679832935,280845720,94e240b1-774a-4fdc-8be3-8b5e85457d9d,True,PASS,
wsl2-ubuntu2404-x64-20261004,MAIN_MONOTONIC_V1,Octane,calibration,RayTrace.RayTrace,RayTrace,RayTrace,quickjs,8,0,1,[],0,0,1,2026-10-05T05:41:44.307461+00:00,"[""/home/mzyx/three_engine_20261004/quickjs-04be246001599f5995fa2f2d8c91a0f198d3f34c/qjs"",""-I"",""/mnt/c/Users/mzyx/Desktop/0921/js-interpreter-bench/experiments/three_engine_baseline/adapters/quickjs.js"",""-I"",""/mnt/c/Users/mzyx/Desktop/0921/js-interpreter-bench/experiments/timer_recovery/adapters/quickjs.js"",""/mnt/c/Users/mzyx/Desktop/0921/js-interpreter-bench/experiments/octane_three_engine/MAIN_MONOTONIC_V1/attempt01/generated/RayTrace.RayTrace.N8.measure.js""]",[],140d5233b0337d91cb0f994ae4a051e49aa04da8802acfaedf0a01b81a620b79,/mnt/c/Users/mzyx/Desktop/0921/js-interpreter-bench/experiments/octane_three_engine/MAIN_MONOTONIC_V1/attempt01/generated/RayTrace.RayTrace.N8.measure.js,cb446334b2ff3c2655e77a150995608181230f78533b3994490d8459f14c5bec,cd393c275173f20526562a008951f65a332deffed85e7c804519788b8ebffab7,0,False,335.21039299992844,41.901299124991056,3760996.040906,3761331.251299,,0,"{""pass"":true,""inner_minus_outer_ms"":-16.30247300007153,""tolerance_ms"":5.0}",300,False,0,"TEB_RESULT:{""benchmark"":""Octane"",""case"":""RayTrace.RayTrace"",""suite"":""RayTrace"",""subbenchmark"":""RayTrace"",""mode"":""MAIN_MONOTONIC_V1"",""phase"":""measure"",""N"":8,""correctness"":""PASS"",""extra_validation_calls"":0,""checksum"":null,""timer"":""benchNow"",""start_ms"":3760996.040906,""stop_ms"":3761331.251299,""elapsed_ms"":335.21039299992844,""elapsed_per_call_ms"":41.901299124991056,""warmup_calls"":0}
",,3761331764367,3760980251501,351512866,94e240b1-774a-4fdc-8be3-8b5e85457d9d,True,PASS,
wsl2-ubuntu2404-x64-20261004,MAIN_MONOTONIC_V1,Octane,calibration,RayTrace.RayTrace,RayTrace,RayTrace,v8,8,0,2,[],0,0,1,2026-10-05T05:41:44.758725+00:00,"[""/home/mzyx/three_engine_20261004/v8-linux64-rel-15.6.21/d8"",""--snapshot_blob=/home/mzyx/three_engine_20261004/v8-linux64-rel-15.6.21/snapshot_blob.bin"",""--max-opt=0"",""--no-lazy"",""/mnt/c/Users/mzyx/Desktop/0921/js-interpreter-bench/experiments/three_engine_baseline/adapters/v8.js"",""/mnt/c/Users/mzyx/Desktop/0921/js-interpreter-bench/experiments/timer_recovery/adapters/v8.js"",""/mnt/c/Users/mzyx/Desktop/0921/js-interpreter-bench/experiments/octane_three_engine/MAIN_MONOTONIC_V1/attempt01/generated/RayTrace.RayTrace.N8.measure.js""]","[""--max-opt=0"",""--no-lazy""]",83b744a5953d2662ea723564d4035a333782a0cc85232d1025929a925150b133,/mnt/c/Users/mzyx/Desktop/0921/js-interpreter-bench/experiments/octane_three_engine/MAIN_MONOTONIC_V1/attempt01/generated/RayTrace.RayTrace.N8.measure.js,cb446334b2ff3c2655e77a150995608181230f78533b3994490d8459f14c5bec,e610d3aa3d2672a5e6d5eccd9aaf05c6ae6758d1b9c4468289f017a231ab7d9f,0,False,156.353,19.544125,30.838,187.191,,0,"{""pass"":true,""inner_minus_outer_ms"":-39.322591999999986,""tolerance_ms"":5.0}",300,False,0,"TEB_RESULT:{""benchmark"":""Octane"",""case"":""RayTrace.RayTrace"",""suite"":""RayTrace"",""subbenchmark"":""RayTrace"",""mode"":""MAIN_MONOTONIC_V1"",""phase"":""measure"",""N"":8,""correctness"":""PASS"",""extra_validation_calls"":0,""checksum"":null,""timer"":""benchNow"",""start_ms"":30.838,""stop_ms"":187.191,""elapsed_ms"":156.353,""elapsed_per_call_ms"":19.544125,""warmup_calls"":0}
",,3761609637175,3761413961583,195675592,94e240b1-774a-4fdc-8be3-8b5e85457d9d,True,PASS,
wsl2-ubuntu2404-x64-20261004,MAIN_MONOTONIC_V1,Octane,calibration,RegExp.RegExp,RegExp,RegExp,jsc,1,0,3,[],0,0,1,2026-10-05T05:42:29.372105+00:00,"[""/home/mzyx/jsc_build_fd3406f/JSCOnly/Release/bin/jsc"",""--useJIT=false"",""--useLLInt=true"",""--validateOptions=true"",""/mnt/c/Users/mzyx/Desktop/0921/js-interpreter-bench/experiments/three_engine_baseline/adapters/jsc.js"",""/mnt/c/Users/mzyx/Desktop/0921/js-interpreter-bench/experiments/timer_recovery/adapters/jsc.js"",""/mnt/c/Users/mzyx/Desktop/0921/js-interpreter-bench/experiments/octane_three_engine/MAIN_MONOTONIC_V1/attempt01/generated/RegExp.RegExp.N1.measure.js""]","[""--useJIT=false"",""--useLLInt=true"",""--validateOptions=true""]",65c824a055405bf62b05e21d54515a72a1f0187a4d91225d00a6da969d35879f,/mnt/c/Users/mzyx/Desktop/0921/js-interpreter-bench/experiments/octane_three_engine/MAIN_MONOTONIC_V1/attempt01/generated/RegExp.RegExp.N1.measure.js,11846722af41de15de54a2a29a7ea10ff2bb72743849b4c55af7ec3db31ba50b,0c485996a598b7e36f2f292b66397adc0390cbe6b69b55199e47e1c6c1e37010,0,False,162.62,162.62,0,162.62,,0,"{""pass"":true,""inner_minus_outer_ms"":-49.02260899999999,""tolerance_ms"":5.0}",300,False,0,"TEB_RESULT:{""benchmark"":""Octane"",""case"":""RegExp.RegExp"",""suite"":""RegExp"",""subbenchmark"":""RegExp"",""mode"":""MAIN_MONOTONIC_V1"",""phase"":""measure"",""N"":1,""correctness"":""PASS"",""extra_validation_calls"":0,""checksum"":null,""timer"":""benchNow"",""start_ms"":0,""stop_ms"":162.62,""elapsed_ms"":162.62,""elapsed_per_call_ms"":162.62,""warmup_calls"":0}
",,3809202422054,3808990779445,211642609,94e240b1-774a-4fdc-8be3-8b5e85457d9d,True,PASS,
wsl2-ubuntu2404-x64-20261004,MAIN_MONOTONIC_V1,Octane,calibration,RegExp.RegExp,RegExp,RegExp,quickjs,1,0,1,[],0,0,1,2026-10-05T05:42:28.891623+00:00,"[""/home/mzyx/three_engine_20261004/quickjs-04be246001599f5995fa2f2d8c91a0f198d3f34c/qjs"",""-I"",""/mnt/c/Users/mzyx/Desktop/0921/js-interpreter-bench/experiments/three_engine_baseline/adapters/quickjs.js"",""-I"",""/mnt/c/Users/mzyx/Desktop/0921/js-interpreter-bench/experiments/timer_recovery/adapters/quickjs.js"",""/mnt/c/Users/mzyx/Desktop/0921/js-interpreter-bench/experiments/octane_three_engine/MAIN_MONOTONIC_V1/attempt01/generated/RegExp.RegExp.N1.measure.js""]",[],140d5233b0337d91cb0f994ae4a051e49aa04da8802acfaedf0a01b81a620b79,/mnt/c/Users/mzyx/Desktop/0921/js-interpreter-bench/experiments/octane_three_engine/MAIN_MONOTONIC_V1/attempt01/generated/RegExp.RegExp.N1.measure.js,11846722af41de15de54a2a29a7ea10ff2bb72743849b4c55af7ec3db31ba50b,cd393c275173f20526562a008951f65a332deffed85e7c804519788b8ebffab7,0,False,194.33441400015727,194.33441400015727,3808564.97771,3808759.312124,,0,"{""pass"":true,""inner_minus_outer_ms"":-33.91933499984273,""tolerance_ms"":5.0}",300,False,0,"TEB_RESULT:{""benchmark"":""Octane"",""case"":""RegExp.RegExp"",""suite"":""RegExp"",""subbenchmark"":""RegExp"",""mode"":""MAIN_MONOTONIC_V1"",""phase"":""measure"",""N"":1,""correctness"":""PASS"",""extra_validation_calls"":0,""checksum"":null,""timer"":""benchNow"",""start_ms"":3808564.97771,""stop_ms"":3808759.312124,""elapsed_ms"":194.33441400015727,""elapsed_per_call_ms"":194.33441400015727,""warmup_calls"":0}
",,3808760395328,3808532141579,228253749,94e240b1-774a-4fdc-8be3-8b5e85457d9d,True,PASS,
wsl2-ubuntu2404-x64-20261004,MAIN_MONOTONIC_V1,Octane,calibration,RegExp.RegExp,RegExp,RegExp,v8,1,0,2,[],0,0,1,2026-10-05T05:42:29.208370+00:00,"[""/home/mzyx/three_engine_20261004/v8-linux64-rel-15.6.21/d8"",""--snapshot_blob=/home/mzyx/three_engine_20261004/v8-linux64-rel-15.6.21/snapshot_blob.bin"",""--max-opt=0"",""--no-lazy"",""/mnt/c/Users/mzyx/Desktop/0921/js-interpreter-bench/experiments/three_engine_baseline/adapters/v8.js"",""/mnt/c/Users/mzyx/Desktop/0921/js-interpreter-bench/experiments/timer_recovery/adapters/v8.js"",""/mnt/c/Users/mzyx/Desktop/0921/js-interpreter-bench/experiments/octane_three_engine/MAIN_MONOTONIC_V1/attempt01/generated/RegExp.RegExp.N1.measure.js""]","[""--max-opt=0"",""--no-lazy""]",83b744a5953d2662ea723564d4035a333782a0cc85232d1025929a925150b133,/mnt/c/Users/mzyx/Desktop/0921/js-interpreter-bench/experiments/octane_three_engine/MAIN_MONOTONIC_V1/attempt01/generated/RegExp.RegExp.N1.measure.js,11846722af41de15de54a2a29a7ea10ff2bb72743849b4c55af7ec3db31ba50b,e610d3aa3d2672a5e6d5eccd9aaf05c6ae6758d1b9c4468289f017a231ab7d9f,0,False,27.51899999999999,27.51899999999999,57.209,84.728,,0,"{""pass"":true,""inner_minus_outer_ms"":-65.984622,""tolerance_ms"":5.0}",300,False,0,"TEB_RESULT:{""benchmark"":""Octane"",""case"":""RegExp.RegExp"",""suite"":""RegExp"",""subbenchmark"":""RegExp"",""mode"":""MAIN_MONOTONIC_V1"",""phase"":""measure"",""N"":1,""correctness"":""PASS"",""extra_validation_calls"":0,""checksum"":null,""timer"":""benchNow"",""start_ms"":57.209,""stop_ms"":84.728,""elapsed_ms"":27.51899999999999,""elapsed_per_call_ms"":27.51899999999999,""warmup_calls"":0}
",,3808920361930,3808826858308,93503622,94e240b1-774a-4fdc-8be3-8b5e85457d9d,True,PASS,
wsl2-ubuntu2404-x64-20261004,MAIN_MONOTONIC_V1,Octane,calibration,RegExp.RegExp,RegExp,RegExp,jsc,16,0,3,[],0,0,1,2026-10-05T05:42:39.970489+00:00,"[""/home/mzyx/jsc_build_fd3406f/JSCOnly/Release/bin/jsc"",""--useJIT=false"",""--useLLInt=true"",""--validateOptions=true"",""/mnt/c/Users/mzyx/Desktop/0921/js-interpreter-bench/experiments/three_engine_baseline/adapters/jsc.js"",""/mnt/c/Users/mzyx/Desktop/0921/js-interpreter-bench/experiments/timer_recovery/adapters/jsc.js"",""/mnt/c/Users/mzyx/Desktop/0921/js-interpreter-bench/experiments/octane_three_engine/MAIN_MONOTONIC_V1/attempt01/generated/RegExp.RegExp.N16.measure.js""]","[""--useJIT=false"",""--useLLInt=true"",""--validateOptions=true""]",65c824a055405bf62b05e21d54515a72a1f0187a4d91225d00a6da969d35879f,/mnt/c/Users/mzyx/Desktop/0921/js-interpreter-bench/experiments/octane_three_engine/MAIN_MONOTONIC_V1/attempt01/generated/RegExp.RegExp.N16.measure.js,464b00c27d6c9f662ace7e6e17fd17f4e702b9a40474de84e2e8b4bda410d10c,0c485996a598b7e36f2f292b66397adc0390cbe6b69b55199e47e1c6c1e37010,0,False,2671.94,166.99625,0,2671.94,,0,"{""pass"":true,""inner_minus_outer_ms"":-58.49800899999991,""tolerance_ms"":5.0}",300,False,0,"TEB_RESULT:{""benchmark"":""Octane"",""case"":""RegExp.RegExp"",""suite"":""RegExp"",""subbenchmark"":""RegExp"",""mode"":""MAIN_MONOTONIC_V1"",""phase"":""measure"",""N"":16,""correctness"":""PASS"",""extra_validation_calls"":0,""checksum"":null,""timer"":""benchNow"",""start_ms"":0,""stop_ms"":2671.94,""elapsed_ms"":2671.94,""elapsed_per_call_ms"":166.99625,""warmup_calls"":0}
",,3822320525370,3819590087361,2730438009,94e240b1-774a-4fdc-8be3-8b5e85457d9d,True,PASS,
wsl2-ubuntu2404-x64-20261004,MAIN_MONOTONIC_V1,Octane,calibration,RegExp.RegExp,RegExp,RegExp,quickjs,16,0,1,[],0,0,1,2026-10-05T05:42:36.260049+00:00,"[""/home/mzyx/three_engine_20261004/quickjs-04be246001599f5995fa2f2d8c91a0f198d3f34c/qjs"",""-I"",""/mnt/c/Users/mzyx/Desktop/0921/js-interpreter-bench/experiments/three_engine_baseline/adapters/quickjs.js"",""-I"",""/mnt/c/Users/mzyx/Desktop/0921/js-interpreter-bench/experiments/timer_recovery/adapters/quickjs.js"",""/mnt/c/Users/mzyx/Desktop/0921/js-interpreter-bench/experiments/octane_three_engine/MAIN_MONOTONIC_V1/attempt01/generated/RegExp.RegExp.N16.measure.js""]",[],140d5233b0337d91cb0f994ae4a051e49aa04da8802acfaedf0a01b81a620b79,/mnt/c/Users/mzyx/Desktop/0921/js-interpreter-bench/experiments/octane_three_engine/MAIN_MONOTONIC_V1/attempt01/generated/RegExp.RegExp.N16.measure.js,464b00c27d6c9f662ace7e6e17fd17f4e702b9a40474de84e2e8b4bda410d10c,cd393c275173f20526562a008951f65a332deffed85e7c804519788b8ebffab7,0,False,3098.7778580002487,193.67361612501554,3815936.151776,3819034.929634,,0,"{""pass"":true,""inner_minus_outer_ms"":-34.312329999751455,""tolerance_ms"":5.0}",300,False,0,"TEB_RESULT:{""benchmark"":""Octane"",""case"":""RegExp.RegExp"",""suite"":""RegExp"",""subbenchmark"":""RegExp"",""mode"":""MAIN_MONOTONIC_V1"",""phase"":""measure"",""N"":16,""correctness"":""PASS"",""extra_validation_calls"":0,""checksum"":null,""timer"":""benchNow"",""start_ms"":3815936.151776,""stop_ms"":3819034.929634,""elapsed_ms"":3098.7778580002487,""elapsed_per_call_ms"":193.67361612501554,""warmup_calls"":0}
",,3819036118915,3815903028727,3133090188,94e240b1-774a-4fdc-8be3-8b5e85457d9d,True,PASS,
wsl2-ubuntu2404-x64-20261004,MAIN_MONOTONIC_V1,Octane,calibration,RegExp.RegExp,RegExp,RegExp,v8,16,0,2,[],0,0,1,2026-10-05T05:42:39.489131+00:00,"[""/home/mzyx/three_engine_20261004/v8-linux64-rel-15.6.21/d8"",""--snapshot_blob=/home/mzyx/three_engine_20261004/v8-linux64-rel-15.6.21/snapshot_blob.bin"",""--max-opt=0"",""--no-lazy"",""/mnt/c/Users/mzyx/Desktop/0921/js-interpreter-bench/experiments/three_engine_baseline/adapters/v8.js"",""/mnt/c/Users/mzyx/Desktop/0921/js-interpreter-bench/experiments/timer_recovery/adapters/v8.js"",""/mnt/c/Users/mzyx/Desktop/0921/js-interpreter-bench/experiments/octane_three_engine/MAIN_MONOTONIC_V1/attempt01/generated/RegExp.RegExp.N16.measure.js""]","[""--max-opt=0"",""--no-lazy""]",83b744a5953d2662ea723564d4035a333782a0cc85232d1025929a925150b133,/mnt/c/Users/mzyx/Desktop/0921/js-interpreter-bench/experiments/octane_three_engine/MAIN_MONOTONIC_V1/attempt01/generated/RegExp.RegExp.N16.measure.js,464b00c27d6c9f662ace7e6e17fd17f4e702b9a40474de84e2e8b4bda410d10c,e610d3aa3d2672a5e6d5eccd9aaf05c6ae6758d1b9c4468289f017a231ab7d9f,0,False,333.339,20.8336875,63.526,396.865,,0,"{""pass"":true,""inner_minus_outer_ms"":-73.27488199999999,""tolerance_ms"":5.0}",300,False,0,"TEB_RESULT:{""benchmark"":""Octane"",""case"":""RegExp.RegExp"",""suite"":""RegExp"",""subbenchmark"":""RegExp"",""mode"":""MAIN_MONOTONIC_V1"",""phase"":""measure"",""N"":16,""correctness"":""PASS"",""extra_validation_calls"":0,""checksum"":null,""timer"":""benchNow"",""start_ms"":63.526,""stop_ms"":396.865,""elapsed_ms"":333.339,""elapsed_per_call_ms"":20.8336875,""warmup_calls"":0}
",,3819515094977,3819108481095,406613882,94e240b1-774a-4fdc-8be3-8b5e85457d9d,True,PASS,
wsl2-ubuntu2404-x64-20261004,MAIN_MONOTONIC_V1,Octane,calibration,RegExp.RegExp,RegExp,RegExp,jsc,2,0,3,[],0,0,1,2026-10-05T05:42:30.381609+00:00,"[""/home/mzyx/jsc_build_fd3406f/JSCOnly/Release/bin/jsc"",""--useJIT=false"",""--useLLInt=true"",""--validateOptions=true"",""/mnt/c/Users/mzyx/Desktop/0921/js-interpreter-bench/experiments/three_engine_baseline/adapters/jsc.js"",""/mnt/c/Users/mzyx/Desktop/0921/js-interpreter-bench/experiments/timer_recovery/adapters/jsc.js"",""/mnt/c/Users/mzyx/Desktop/0921/js-interpreter-bench/experiments/octane_three_engine/MAIN_MONOTONIC_V1/attempt01/generated/RegExp.RegExp.N2.measure.js""]","[""--useJIT=false"",""--useLLInt=true"",""--validateOptions=true""]",65c824a055405bf62b05e21d54515a72a1f0187a4d91225d00a6da969d35879f,/mnt/c/Users/mzyx/Desktop/0921/js-interpreter-bench/experiments/octane_three_engine/MAIN_MONOTONIC_V1/attempt01/generated/RegExp.RegExp.N2.measure.js,c6e890db01e7e86e14e51c3c34334fe02d9f7a72a3bd9f5c0c765ff50dc2d1fe,0c485996a598b7e36f2f292b66397adc0390cbe6b69b55199e47e1c6c1e37010,0,False,331.48,165.74,0,331.48,,0,"{""pass"":true,""inner_minus_outer_ms"":-54.74204499999996,""tolerance_ms"":5.0}",300,False,0,"TEB_RESULT:{""benchmark"":""Octane"",""case"":""RegExp.RegExp"",""suite"":""RegExp"",""subbenchmark"":""RegExp"",""mode"":""MAIN_MONOTONIC_V1"",""phase"":""measure"",""N"":2,""correctness"":""PASS"",""extra_validation_calls"":0,""checksum"":null,""timer"":""benchNow"",""start_ms"":0,""stop_ms"":331.48,""elapsed_ms"":331.48,""elapsed_per_call_ms"":165.74,""warmup_calls"":0}
",,3810387565721,3810001343676,386222045,94e240b1-774a-4fdc-8be3-8b5e85457d9d,True,PASS,
wsl2-ubuntu2404-x64-20261004,MAIN_MONOTONIC_V1,Octane,calibration,RegExp.RegExp,RegExp,RegExp,quickjs,2,0,1,[],0,0,1,2026-10-05T05:42:29.661638+00:00,"[""/home/mzyx/three_engine_20261004/quickjs-04be246001599f5995fa2f2d8c91a0f198d3f34c/qjs"",""-I"",""/mnt/c/Users/mzyx/Desktop/0921/js-interpreter-bench/experiments/three_engine_baseline/adapters/quickjs.js"",""-I"",""/mnt/c/Users/mzyx/Desktop/0921/js-interpreter-bench/experiments/timer_recovery/adapters/quickjs.js"",""/mnt/c/Users/mzyx/Desktop/0921/js-interpreter-bench/experiments/octane_three_engine/MAIN_MONOTONIC_V1/attempt01/generated/RegExp.RegExp.N2.measure.js""]",[],140d5233b0337d91cb0f994ae4a051e49aa04da8802acfaedf0a01b81a620b79,/mnt/c/Users/mzyx/Desktop/0921/js-interpreter-bench/experiments/octane_three_engine/MAIN_MONOTONIC_V1/attempt01/generated/RegExp.RegExp.N2.measure.js,c6e890db01e7e86e14e51c3c34334fe02d9f7a72a3bd9f5c0c765ff50dc2d1fe,cd393c275173f20526562a008951f65a332deffed85e7c804519788b8ebffab7,0,False,395.317910999991,197.6589554999955,3809335.106534,3809730.424445,,0,"{""pass"":true,""inner_minus_outer_ms"":-34.15974800000902,""tolerance_ms"":5.0}",300,False,0,"TEB_RESULT:{""benchmark"":""Octane"",""case"":""RegExp.RegExp"",""suite"":""RegExp"",""subbenchmark"":""RegExp"",""mode"":""MAIN_MONOTONIC_V1"",""phase"":""measure"",""N"":2,""correctness"":""PASS"",""extra_validation_calls"":0,""checksum"":null,""timer"":""benchNow"",""start_ms"":3809335.106534,""stop_ms"":3809730.424445,""elapsed_ms"":395.317910999991,""elapsed_per_call_ms"":197.6589554999955,""warmup_calls"":0}
",,3809731594699,3809302117040,429477659,94e240b1-774a-4fdc-8be3-8b5e85457d9d,True,PASS,
wsl2-ubuntu2404-x64-20261004,MAIN_MONOTONIC_V1,Octane,calibration,RegExp.RegExp,RegExp,RegExp,v8,2,0,2,[],0,0,1,2026-10-05T05:42:30.187266+00:00,"[""/home/mzyx/three_engine_20261004/v8-linux64-rel-15.6.21/d8"",""--snapshot_blob=/home/mzyx/three_engine_20261004/v8-linux64-rel-15.6.21/snapshot_blob.bin"",""--max-opt=0"",""--no-lazy"",""/mnt/c/Users/mzyx/Desktop/0921/js-interpreter-bench/experiments/three_engine_baseline/adapters/v8.js"",""/mnt/c/Users/mzyx/Desktop/0921/js-interpreter-bench/experiments/timer_recovery/adapters/v8.js"",""/mnt/c/Users/mzyx/Desktop/0921/js-interpreter-bench/experiments/octane_three_engine/MAIN_MONOTONIC_V1/attempt01/generated/RegExp.RegExp.N2.measure.js""]","[""--max-opt=0"",""--no-lazy""]",83b744a5953d2662ea723564d4035a333782a0cc85232d1025929a925150b133,/mnt/c/Users/mzyx/Desktop/0921/js-interpreter-bench/experiments/octane_three_engine/MAIN_MONOTONIC_V1/attempt01/generated/RegExp.RegExp.N2.measure.js,c6e890db01e7e86e14e51c3c34334fe02d9f7a72a3bd9f5c0c765ff50dc2d1fe,e610d3aa3d2672a5e6d5eccd9aaf05c6ae6758d1b9c4468289f017a231ab7d9f,0,False,51.02499999999999,25.512499999999996,61.316,112.341,,0,"{""pass"":true,""inner_minus_outer_ms"":-71.57484400000001,""tolerance_ms"":5.0}",300,False,0,"TEB_RESULT:{""benchmark"":""Octane"",""case"":""RegExp.RegExp"",""suite"":""RegExp"",""subbenchmark"":""RegExp"",""mode"":""MAIN_MONOTONIC_V1"",""phase"":""measure"",""N"":2,""correctness"":""PASS"",""extra_validation_calls"":0,""checksum"":null,""timer"":""benchNow"",""start_ms"":61.316,""stop_ms"":112.341,""elapsed_ms"":51.02499999999999,""elapsed_per_call_ms"":25.512499999999996,""warmup_calls"":0}
",,3809929352399,3809806752555,122599844,94e240b1-774a-4fdc-8be3-8b5e85457d9d,True,PASS,
wsl2-ubuntu2404-x64-20261004,MAIN_MONOTONIC_V1,Octane,calibration,RegExp.RegExp,RegExp,RegExp,jsc,32,0,3,[],0,0,1,2026-10-05T05:42:46.985026+00:00,"[""/home/mzyx/jsc_build_fd3406f/JSCOnly/Release/bin/jsc"",""--useJIT=false"",""--useLLInt=true"",""--validateOptions=true"",""/mnt/c/Users/mzyx/Desktop/0921/js-interpreter-bench/experiments/three_engine_baseline/adapters/jsc.js"",""/mnt/c/Users/mzyx/Desktop/0921/js-interpreter-bench/experiments/timer_recovery/adapters/jsc.js"",""/mnt/c/Users/mzyx/Desktop/0921/js-interpreter-bench/experiments/octane_three_engine/MAIN_MONOTONIC_V1/attempt01/generated/RegExp.RegExp.N32.measure.js""]","[""--useJIT=false"",""--useLLInt=true"",""--validateOptions=true""]",65c824a055405bf62b05e21d54515a72a1f0187a4d91225d00a6da969d35879f,/mnt/c/Users/mzyx/Desktop/0921/js-interpreter-bench/experiments/octane_three_engine/MAIN_MONOTONIC_V1/attempt01/generated/RegExp.RegExp.N32.measure.js,ade0ac37866ebc6ba5f3ec5e2b53e107b92d2d45093e432d88a66d2e8220b907,0c485996a598b7e36f2f292b66397adc0390cbe6b69b55199e47e1c6c1e37010,0,False,5123.06,160.095625,0,5123.06,,0,"{""pass"":true,""inner_minus_outer_ms"":-56.95888999999988,""tolerance_ms"":5.0}",300,False,0,"TEB_RESULT:{""benchmark"":""Octane"",""case"":""RegExp.RegExp"",""suite"":""RegExp"",""subbenchmark"":""RegExp"",""mode"":""MAIN_MONOTONIC_V1"",""phase"":""measure"",""N"":32,""correctness"":""PASS"",""extra_validation_calls"":0,""checksum"":null,""timer"":""benchNow"",""start_ms"":0,""stop_ms"":5123.06,""elapsed_ms"":5123.06,""elapsed_per_call_ms"":160.095625,""warmup_calls"":0}
",,3834750969738,3829570950848,5180018890,94e240b1-774a-4fdc-8be3-8b5e85457d9d,True,PASS,
wsl2-ubuntu2404-x64-20261004,MAIN_MONOTONIC_V1,Octane,calibration,RegExp.RegExp,RegExp,RegExp,quickjs,32,0,1,[],0,0,1,2026-10-05T05:42:42.776488+00:00,"[""/home/mzyx/three_engine_20261004/quickjs-04be246001599f5995fa2f2d8c91a0f198d3f34c/qjs"",""-I"",""/mnt/c/Users/mzyx/Desktop/0921/js-interpreter-bench/experiments/three_engine_baseline/adapters/quickjs.js"",""-I"",""/mnt/c/Users/mzyx/Desktop/0921/js-interpreter-bench/experiments/timer_recovery/adapters/quickjs.js"",""/mnt/c/Users/mzyx/Desktop/0921/js-interpreter-bench/experiments/octane_three_engine/MAIN_MONOTONIC_V1/attempt01/generated/RegExp.RegExp.N32.measure.js""]",[],140d5233b0337d91cb0f994ae4a051e49aa04da8802acfaedf0a01b81a620b79,/mnt/c/Users/mzyx/Desktop/0921/js-interpreter-bench/experiments/octane_three_engine/MAIN_MONOTONIC_V1/attempt01/generated/RegExp.RegExp.N32.measure.js,ade0ac37866ebc6ba5f3ec5e2b53e107b92d2d45093e432d88a66d2e8220b907,cd393c275173f20526562a008951f65a332deffed85e7c804519788b8ebffab7,0,False,6233.099760000128,194.784367500004,3822451.21332,3828684.31308,,0,"{""pass"":true,""inner_minus_outer_ms"":-36.49981899987142,""tolerance_ms"":5.0}",300,False,0,"TEB_RESULT:{""benchmark"":""Octane"",""case"":""RegExp.RegExp"",""suite"":""RegExp"",""subbenchmark"":""RegExp"",""mode"":""MAIN_MONOTONIC_V1"",""phase"":""measure"",""N"":32,""correctness"":""PASS"",""extra_validation_calls"":0,""checksum"":null,""timer"":""benchNow"",""start_ms"":3822451.21332,""stop_ms"":3828684.31308,""elapsed_ms"":6233.099760000128,""elapsed_per_call_ms"":194.784367500004,""warmup_calls"":0}
",,3828685425479,3822415825900,6269599579,94e240b1-774a-4fdc-8be3-8b5e85457d9d,True,PASS,
wsl2-ubuntu2404-x64-20261004,MAIN_MONOTONIC_V1,Octane,calibration,RegExp.RegExp,RegExp,RegExp,v8,32,0,2,[],0,0,1,2026-10-05T05:42:46.175827+00:00,"[""/home/mzyx/three_engine_20261004/v8-linux64-rel-15.6.21/d8"",""--snapshot_blob=/home/mzyx/three_engine_20261004/v8-linux64-rel-15.6.21/snapshot_blob.bin"",""--max-opt=0"",""--no-lazy"",""/mnt/c/Users/mzyx/Desktop/0921/js-interpreter-bench/experiments/three_engine_baseline/adapters/v8.js"",""/mnt/c/Users/mzyx/Desktop/0921/js-interpreter-bench/experiments/timer_recovery/adapters/v8.js"",""/mnt/c/Users/mzyx/Desktop/0921/js-interpreter-bench/experiments/octane_three_engine/MAIN_MONOTONIC_V1/attempt01/generated/RegExp.RegExp.N32.measure.js""]","[""--max-opt=0"",""--no-lazy""]",83b744a5953d2662ea723564d4035a333782a0cc85232d1025929a925150b133,/mnt/c/Users/mzyx/Desktop/0921/js-interpreter-bench/experiments/octane_three_engine/MAIN_MONOTONIC_V1/attempt01/generated/RegExp.RegExp.N32.measure.js,ade0ac37866ebc6ba5f3ec5e2b53e107b92d2d45093e432d88a66d2e8220b907,e610d3aa3d2672a5e6d5eccd9aaf05c6ae6758d1b9c4468289f017a231ab7d9f,0,False,658.7860000000001,20.587062500000002,67.541,726.327,,0,"{""pass"":true,""inner_minus_outer_ms"":-77.79305199999999,""tolerance_ms"":5.0}",300,False,0,"TEB_RESULT:{""benchmark"":""Octane"",""case"":""RegExp.RegExp"",""suite"":""RegExp"",""subbenchmark"":""RegExp"",""mode"":""MAIN_MONOTONIC_V1"",""phase"":""measure"",""N"":32,""correctness"":""PASS"",""extra_validation_calls"":0,""checksum"":null,""timer"":""benchNow"",""start_ms"":67.541,""stop_ms"":726.327,""elapsed_ms"":658.7860000000001,""elapsed_per_call_ms"":20.587062500000002,""warmup_calls"":0}
",,3829498944727,3828762365675,736579052,94e240b1-774a-4fdc-8be3-8b5e85457d9d,True,PASS,
wsl2-ubuntu2404-x64-20261004,MAIN_MONOTONIC_V1,Octane,calibration,RegExp.RegExp,RegExp,RegExp,jsc,4,0,3,[],0,0,1,2026-10-05T05:42:31.975795+00:00,"[""/home/mzyx/jsc_build_fd3406f/JSCOnly/Release/bin/jsc"",""--useJIT=false"",""--useLLInt=true"",""--validateOptions=true"",""/mnt/c/Users/mzyx/Desktop/0921/js-interpreter-bench/experiments/three_engine_baseline/adapters/jsc.js"",""/mnt/c/Users/mzyx/Desktop/0921/js-interpreter-bench/experiments/timer_recovery/adapters/jsc.js"",""/mnt/c/Users/mzyx/Desktop/0921/js-interpreter-bench/experiments/octane_three_engine/MAIN_MONOTONIC_V1/attempt01/generated/RegExp.RegExp.N4.measure.js""]","[""--useJIT=false"",""--useLLInt=true"",""--validateOptions=true""]",65c824a055405bf62b05e21d54515a72a1f0187a4d91225d00a6da969d35879f,/mnt/c/Users/mzyx/Desktop/0921/js-interpreter-bench/experiments/octane_three_engine/MAIN_MONOTONIC_V1/attempt01/generated/RegExp.RegExp.N4.measure.js,57bb3d750adb19c74cf9a3e40eede76c1768121ce48586d87534bd16d119e703,0c485996a598b7e36f2f292b66397adc0390cbe6b69b55199e47e1c6c1e37010,0,False,636.9,159.225,0,636.9,,0,"{""pass"":true,""inner_minus_outer_ms"":-58.02085899999997,""tolerance_ms"":5.0}",300,False,0,"TEB_RESULT:{""benchmark"":""Octane"",""case"":""RegExp.RegExp"",""suite"":""RegExp"",""subbenchmark"":""RegExp"",""mode"":""MAIN_MONOTONIC_V1"",""phase"":""measure"",""N"":4,""correctness"":""PASS"",""extra_validation_calls"":0,""checksum"":null,""timer"":""benchNow"",""start_ms"":0,""stop_ms"":636.9,""elapsed_ms"":636.9,""elapsed_per_call_ms"":159.225,""warmup_calls"":0}
",,3812289489299,3811594568440,694920859,94e240b1-774a-4fdc-8be3-8b5e85457d9d,True,PASS,
wsl2-ubuntu2404-x64-20261004,MAIN_MONOTONIC_V1,Octane,calibration,RegExp.RegExp,RegExp,RegExp,quickjs,4,0,1,[],0,0,1,2026-10-05T05:42:30.839112+00:00,"[""/home/mzyx/three_engine_20261004/quickjs-04be246001599f5995fa2f2d8c91a0f198d3f34c/qjs"",""-I"",""/mnt/c/Users/mzyx/Desktop/0921/js-interpreter-bench/experiments/three_engine_baseline/adapters/quickjs.js"",""-I"",""/mnt/c/Users/mzyx/Desktop/0921/js-interpreter-bench/experiments/timer_recovery/adapters/quickjs.js"",""/mnt/c/Users/mzyx/Desktop/0921/js-interpreter-bench/experiments/octane_three_engine/MAIN_MONOTONIC_V1/attempt01/generated/RegExp.RegExp.N4.measure.js""]",[],140d5233b0337d91cb0f994ae4a051e49aa04da8802acfaedf0a01b81a620b79,/mnt/c/Users/mzyx/Desktop/0921/js-interpreter-bench/experiments/octane_three_engine/MAIN_MONOTONIC_V1/attempt01/generated/RegExp.RegExp.N4.measure.js,57bb3d750adb19c74cf9a3e40eede76c1768121ce48586d87534bd16d119e703,cd393c275173f20526562a008951f65a332deffed85e7c804519788b8ebffab7,0,False,778.5411729998887,194.63529324997216,3810512.674267,3811291.21544,,0,"{""pass"":true,""inner_minus_outer_ms"":-33.77546900011134,""tolerance_ms"":5.0}",300,False,0,"TEB_RESULT:{""benchmark"":""Octane"",""case"":""RegExp.RegExp"",""suite"":""RegExp"",""subbenchmark"":""RegExp"",""mode"":""MAIN_MONOTONIC_V1"",""phase"":""measure"",""N"":4,""correctness"":""PASS"",""extra_validation_calls"":0,""checksum"":null,""timer"":""benchNow"",""start_ms"":3810512.674267,""stop_ms"":3811291.21544,""elapsed_ms"":778.5411729998887,""elapsed_per_call_ms"":194.63529324997216,""warmup_calls"":0}
",,3811292260918,3810479944276,812316642,94e240b1-774a-4fdc-8be3-8b5e85457d9d,True,PASS,
wsl2-ubuntu2404-x64-20261004,MAIN_MONOTONIC_V1,Octane,calibration,RegExp.RegExp,RegExp,RegExp,v8,4,0,2,[],0,0,1,2026-10-05T05:42:31.743557+00:00,"[""/home/mzyx/three_engine_20261004/v8-linux64-rel-15.6.21/d8"",""--snapshot_blob=/home/mzyx/three_engine_20261004/v8-linux64-rel-15.6.21/snapshot_blob.bin"",""--max-opt=0"",""--no-lazy"",""/mnt/c/Users/mzyx/Desktop/0921/js-interpreter-bench/experiments/three_engine_baseline/adapters/v8.js"",""/mnt/c/Users/mzyx/Desktop/0921/js-interpreter-bench/experiments/timer_recovery/adapters/v8.js"",""/mnt/c/Users/mzyx/Desktop/0921/js-interpreter-bench/experiments/octane_three_engine/MAIN_MONOTONIC_V1/attempt01/generated/RegExp.RegExp.N4.measure.js""]","[""--max-opt=0"",""--no-lazy""]",83b744a5953d2662ea723564d4035a333782a0cc85232d1025929a925150b133,/mnt/c/Users/mzyx/Desktop/0921/js-interpreter-bench/experiments/octane_three_engine/MAIN_MONOTONIC_V1/attempt01/generated/RegExp.RegExp.N4.measure.js,57bb3d750adb19c74cf9a3e40eede76c1768121ce48586d87534bd16d119e703,e610d3aa3d2672a5e6d5eccd9aaf05c6ae6758d1b9c4468289f017a231ab7d9f,0,False,89.068,22.267,58.069,147.137,,0,"{""pass"":true,""inner_minus_outer_ms"":-67.83340299999999,""tolerance_ms"":5.0}",300,False,0,"TEB_RESULT:{""benchmark"":""Octane"",""case"":""RegExp.RegExp"",""suite"":""RegExp"",""subbenchmark"":""RegExp"",""mode"":""MAIN_MONOTONIC_V1"",""phase"":""measure"",""N"":4,""correctness"":""PASS"",""extra_validation_calls"":0,""checksum"":null,""timer"":""benchNow"",""start_ms"":58.069,""stop_ms"":147.137,""elapsed_ms"":89.068,""elapsed_per_call_ms"":22.267,""warmup_calls"":0}
",,3811519884983,3811362983580,156901403,94e240b1-774a-4fdc-8be3-8b5e85457d9d,True,PASS,
wsl2-ubuntu2404-x64-20261004,MAIN_MONOTONIC_V1,Octane,calibration,RegExp.RegExp,RegExp,RegExp,jsc,64,0,3,[],0,0,1,2026-10-05T05:43:06.194547+00:00,"[""/home/mzyx/jsc_build_fd3406f/JSCOnly/Release/bin/jsc"",""--useJIT=false"",""--useLLInt=true"",""--validateOptions=true"",""/mnt/c/Users/mzyx/Desktop/0921/js-interpreter-bench/experiments/three_engine_baseline/adapters/jsc.js"",""/mnt/c/Users/mzyx/Desktop/0921/js-interpreter-bench/experiments/timer_recovery/adapters/jsc.js"",""/mnt/c/Users/mzyx/Desktop/0921/js-interpreter-bench/experiments/octane_three_engine/MAIN_MONOTONIC_V1/attempt01/generated/RegExp.RegExp.N64.measure.js""]","[""--useJIT=false"",""--useLLInt=true"",""--validateOptions=true""]",65c824a055405bf62b05e21d54515a72a1f0187a4d91225d00a6da969d35879f,/mnt/c/Users/mzyx/Desktop/0921/js-interpreter-bench/experiments/octane_three_engine/MAIN_MONOTONIC_V1/attempt01/generated/RegExp.RegExp.N64.measure.js,29cd62e3bbfcaf334cdee904cce71a26c0f12a89f095934b2a709e111ed94c2a,0c485996a598b7e36f2f292b66397adc0390cbe6b69b55199e47e1c6c1e37010,0,False,10134.74,158.3553125,0,10134.74,,0,"{""pass"":true,""inner_minus_outer_ms"":-57.71830199999931,""tolerance_ms"":5.0}",300,False,0,"TEB_RESULT:{""benchmark"":""Octane"",""case"":""RegExp.RegExp"",""suite"":""RegExp"",""subbenchmark"":""RegExp"",""mode"":""MAIN_MONOTONIC_V1"",""phase"":""measure"",""N"":64,""correctness"":""PASS"",""extra_validation_calls"":0,""checksum"":null,""timer"":""benchNow"",""start_ms"":0,""stop_ms"":10134.74,""elapsed_ms"":10134.74,""elapsed_per_call_ms"":158.3553125,""warmup_calls"":0}
",,3858972930077,3848780471775,10192458302,94e240b1-774a-4fdc-8be3-8b5e85457d9d,True,PASS,
wsl2-ubuntu2404-x64-20261004,MAIN_MONOTONIC_V1,Octane,calibration,RegExp.RegExp,RegExp,RegExp,quickjs,64,0,1,[],0,0,1,2026-10-05T05:42:52.243171+00:00,"[""/home/mzyx/three_engine_20261004/quickjs-04be246001599f5995fa2f2d8c91a0f198d3f34c/qjs"",""-I"",""/mnt/c/Users/mzyx/Desktop/0921/js-interpreter-bench/experiments/three_engine_baseline/adapters/quickjs.js"",""-I"",""/mnt/c/Users/mzyx/Desktop/0921/js-interpreter-bench/experiments/timer_recovery/adapters/quickjs.js"",""/mnt/c/Users/mzyx/Desktop/0921/js-interpreter-bench/experiments/octane_three_engine/MAIN_MONOTONIC_V1/attempt01/generated/RegExp.RegExp.N64.measure.js""]",[],140d5233b0337d91cb0f994ae4a051e49aa04da8802acfaedf0a01b81a620b79,/mnt/c/Users/mzyx/Desktop/0921/js-interpreter-bench/experiments/octane_three_engine/MAIN_MONOTONIC_V1/attempt01/generated/RegExp.RegExp.N64.measure.js,29cd62e3bbfcaf334cdee904cce71a26c0f12a89f095934b2a709e111ed94c2a,cd393c275173f20526562a008951f65a332deffed85e7c804519788b8ebffab7,0,False,12355.014016000088,193.04709400000138,3834883.182914,3847238.19693,,0,"{""pass"":true,""inner_minus_outer_ms"":-34.10713299991221,""tolerance_ms"":5.0}",300,False,0,"TEB_RESULT:{""benchmark"":""Octane"",""case"":""RegExp.RegExp"",""suite"":""RegExp"",""subbenchmark"":""RegExp"",""mode"":""MAIN_MONOTONIC_V1"",""phase"":""measure"",""N"":64,""correctness"":""PASS"",""extra_validation_calls"":0,""checksum"":null,""timer"":""benchNow"",""start_ms"":3834883.182914,""stop_ms"":3847238.19693,""elapsed_ms"":12355.014016000088,""elapsed_per_call_ms"":193.04709400000138,""warmup_calls"":0}
",,3847239311268,3834850190119,12389121149,94e240b1-774a-4fdc-8be3-8b5e85457d9d,True,PASS,
wsl2-ubuntu2404-x64-20261004,MAIN_MONOTONIC_V1,Octane,calibration,RegExp.RegExp,RegExp,RegExp,v8,64,0,2,[],0,0,1,2026-10-05T05:43:04.724018+00:00,"[""/home/mzyx/three_engine_20261004/v8-linux64-rel-15.6.21/d8"",""--snapshot_blob=/home/mzyx/three_engine_20261004/v8-linux64-rel-15.6.21/snapshot_blob.bin"",""--max-opt=0"",""--no-lazy"",""/mnt/c/Users/mzyx/Desktop/0921/js-interpreter-bench/experiments/three_engine_baseline/adapters/v8.js"",""/mnt/c/Users/mzyx/Desktop/0921/js-interpreter-bench/experiments/timer_recovery/adapters/v8.js"",""/mnt/c/Users/mzyx/Desktop/0921/js-interpreter-bench/experiments/octane_three_engine/MAIN_MONOTONIC_V1/attempt01/generated/RegExp.RegExp.N64.measure.js""]","[""--max-opt=0"",""--no-lazy""]",83b744a5953d2662ea723564d4035a333782a0cc85232d1025929a925150b133,/mnt/c/Users/mzyx/Desktop/0921/js-interpreter-bench/experiments/octane_three_engine/MAIN_MONOTONIC_V1/attempt01/generated/RegExp.RegExp.N64.measure.js,29cd62e3bbfcaf334cdee904cce71a26c0f12a89f095934b2a709e111ed94c2a,e610d3aa3d2672a5e6d5eccd9aaf05c6ae6758d1b9c4468289f017a231ab7d9f,0,False,1327.5839999999998,20.743499999999997,61.824,1389.408,,0,"{""pass"":true,""inner_minus_outer_ms"":-71.15077400000018,""tolerance_ms"":5.0}",300,False,0,"TEB_RESULT:{""benchmark"":""Octane"",""case"":""RegExp.RegExp"",""suite"":""RegExp"",""subbenchmark"":""RegExp"",""mode"":""MAIN_MONOTONIC_V1"",""phase"":""measure"",""N"":64,""correctness"":""PASS"",""extra_validation_calls"":0,""checksum"":null,""timer"":""benchNow"",""start_ms"":61.824,""stop_ms"":1389.408,""elapsed_ms"":1327.5839999999998,""elapsed_per_call_ms"":20.743499999999997,""warmup_calls"":0}
",,3848708982644,3847310247870,1398734774,94e240b1-774a-4fdc-8be3-8b5e85457d9d,True,PASS,
wsl2-ubuntu2404-x64-20261004,MAIN_MONOTONIC_V1,Octane,calibration,RegExp.RegExp,RegExp,RegExp,jsc,8,0,3,[],0,0,1,2026-10-05T05:42:34.811138+00:00,"[""/home/mzyx/jsc_build_fd3406f/JSCOnly/Release/bin/jsc"",""--useJIT=false"",""--useLLInt=true"",""--validateOptions=true"",""/mnt/c/Users/mzyx/Desktop/0921/js-interpreter-bench/experiments/three_engine_baseline/adapters/jsc.js"",""/mnt/c/Users/mzyx/Desktop/0921/js-interpreter-bench/experiments/timer_recovery/adapters/jsc.js"",""/mnt/c/Users/mzyx/Desktop/0921/js-interpreter-bench/experiments/octane_three_engine/MAIN_MONOTONIC_V1/attempt01/generated/RegExp.RegExp.N8.measure.js""]","[""--useJIT=false"",""--useLLInt=true"",""--validateOptions=true""]",65c824a055405bf62b05e21d54515a72a1f0187a4d91225d00a6da969d35879f,/mnt/c/Users/mzyx/Desktop/0921/js-interpreter-bench/experiments/octane_three_engine/MAIN_MONOTONIC_V1/attempt01/generated/RegExp.RegExp.N8.measure.js,b9f7b956a3872739ca31aa3f5c29c73c900a55c0e6de5b97cfc39fc557562d00,0c485996a598b7e36f2f292b66397adc0390cbe6b69b55199e47e1c6c1e37010,0,False,1315.12,164.39,0,1315.12,,0,"{""pass"":true,""inner_minus_outer_ms"":-59.13788700000009,""tolerance_ms"":5.0}",300,False,0,"TEB_RESULT:{""benchmark"":""Octane"",""case"":""RegExp.RegExp"",""suite"":""RegExp"",""subbenchmark"":""RegExp"",""mode"":""MAIN_MONOTONIC_V1"",""phase"":""measure"",""N"":8,""correctness"":""PASS"",""extra_validation_calls"":0,""checksum"":null,""timer"":""benchNow"",""start_ms"":0,""stop_ms"":1315.12,""elapsed_ms"":1315.12,""elapsed_per_call_ms"":164.39,""warmup_calls"":0}
",,3815806318948,3814432061061,1374257887,94e240b1-774a-4fdc-8be3-8b5e85457d9d,True,PASS,
wsl2-ubuntu2404-x64-20261004,MAIN_MONOTONIC_V1,Octane,calibration,RegExp.RegExp,RegExp,RegExp,quickjs,8,0,1,[],0,0,1,2026-10-05T05:42:32.741669+00:00,"[""/home/mzyx/three_engine_20261004/quickjs-04be246001599f5995fa2f2d8c91a0f198d3f34c/qjs"",""-I"",""/mnt/c/Users/mzyx/Desktop/0921/js-interpreter-bench/experiments/three_engine_baseline/adapters/quickjs.js"",""-I"",""/mnt/c/Users/mzyx/Desktop/0921/js-interpreter-bench/experiments/timer_recovery/adapters/quickjs.js"",""/mnt/c/Users/mzyx/Desktop/0921/js-interpreter-bench/experiments/octane_three_engine/MAIN_MONOTONIC_V1/attempt01/generated/RegExp.RegExp.N8.measure.js""]",[],140d5233b0337d91cb0f994ae4a051e49aa04da8802acfaedf0a01b81a620b79,/mnt/c/Users/mzyx/Desktop/0921/js-interpreter-bench/experiments/octane_three_engine/MAIN_MONOTONIC_V1/attempt01/generated/RegExp.RegExp.N8.measure.js,b9f7b956a3872739ca31aa3f5c29c73c900a55c0e6de5b97cfc39fc557562d00,cd393c275173f20526562a008951f65a332deffed85e7c804519788b8ebffab7,0,False,1591.1312850001268,198.89141062501585,3812414.958141,3814006.089426,,0,"{""pass"":true,""inner_minus_outer_ms"":-34.076031999873294,""tolerance_ms"":5.0}",300,False,0,"TEB_RESULT:{""benchmark"":""Octane"",""case"":""RegExp.RegExp"",""suite"":""RegExp"",""subbenchmark"":""RegExp"",""mode"":""MAIN_MONOTONIC_V1"",""phase"":""measure"",""N"":8,""correctness"":""PASS"",""extra_validation_calls"":0,""checksum"":null,""timer"":""benchNow"",""start_ms"":3812414.958141,""stop_ms"":3814006.089426,""elapsed_ms"":1591.1312850001268,""elapsed_per_call_ms"":198.89141062501585,""warmup_calls"":0}
",,3814007540817,3812382333500,1625207317,94e240b1-774a-4fdc-8be3-8b5e85457d9d,True,PASS,
wsl2-ubuntu2404-x64-20261004,MAIN_MONOTONIC_V1,Octane,calibration,RegExp.RegExp,RegExp,RegExp,v8,8,0,2,[],0,0,1,2026-10-05T05:42:34.463814+00:00,"[""/home/mzyx/three_engine_20261004/v8-linux64-rel-15.6.21/d8"",""--snapshot_blob=/home/mzyx/three_engine_20261004/v8-linux64-rel-15.6.21/snapshot_blob.bin"",""--max-opt=0"",""--no-lazy"",""/mnt/c/Users/mzyx/Desktop/0921/js-interpreter-bench/experiments/three_engine_baseline/adapters/v8.js"",""/mnt/c/Users/mzyx/Desktop/0921/js-interpreter-bench/experiments/timer_recovery/adapters/v8.js"",""/mnt/c/Users/mzyx/Desktop/0921/js-interpreter-bench/experiments/octane_three_engine/MAIN_MONOTONIC_V1/attempt01/generated/RegExp.RegExp.N8.measure.js""]","[""--max-opt=0"",""--no-lazy""]",83b744a5953d2662ea723564d4035a333782a0cc85232d1025929a925150b133,/mnt/c/Users/mzyx/Desktop/0921/js-interpreter-bench/experiments/octane_three_engine/MAIN_MONOTONIC_V1/attempt01/generated/RegExp.RegExp.N8.measure.js,b9f7b956a3872739ca31aa3f5c29c73c900a55c0e6de5b97cfc39fc557562d00,e610d3aa3d2672a5e6d5eccd9aaf05c6ae6758d1b9c4468289f017a231ab7d9f,0,False,190.304,23.788,66.946,257.25,,0,"{""pass"":true,""inner_minus_outer_ms"":-77.835971,""tolerance_ms"":5.0}",300,False,0,"TEB_RESULT:{""benchmark"":""Octane"",""case"":""RegExp.RegExp"",""suite"":""RegExp"",""subbenchmark"":""RegExp"",""mode"":""MAIN_MONOTONIC_V1"",""phase"":""measure"",""N"":8,""correctness"":""PASS"",""extra_validation_calls"":0,""checksum"":null,""timer"":""benchNow"",""start_ms"":66.946,""stop_ms"":257.25,""elapsed_ms"":190.304,""elapsed_per_call_ms"":23.788,""warmup_calls"":0}
",,3814352082661,3814083942690,268139971,94e240b1-774a-4fdc-8be3-8b5e85457d9d,True,PASS,
wsl2-ubuntu2404-x64-20261004,MAIN_MONOTONIC_V1,Octane,calibration,Richards.Richards,Richards,Richards,jsc,1,0,3,[],0,0,1,2026-10-05T05:40:55.561550+00:00,"[""/home/mzyx/jsc_build_fd3406f/JSCOnly/Release/bin/jsc"",""--useJIT=false"",""--useLLInt=true"",""--validateOptions=true"",""/mnt/c/Users/mzyx/Desktop/0921/js-interpreter-bench/experiments/three_engine_baseline/adapters/jsc.js"",""/mnt/c/Users/mzyx/Desktop/0921/js-interpreter-bench/experiments/timer_recovery/adapters/jsc.js"",""/mnt/c/Users/mzyx/Desktop/0921/js-interpreter-bench/experiments/octane_three_engine/MAIN_MONOTONIC_V1/attempt01/generated/Richards.Richards.N1.measure.js""]","[""--useJIT=false"",""--useLLInt=true"",""--validateOptions=true""]",65c824a055405bf62b05e21d54515a72a1f0187a4d91225d00a6da969d35879f,/mnt/c/Users/mzyx/Desktop/0921/js-interpreter-bench/experiments/octane_three_engine/MAIN_MONOTONIC_V1/attempt01/generated/Richards.Richards.N1.measure.js,500912ce71743883f2d91eea253f1045b535f62706f8d7ec8be1508a7fe22880,0c485996a598b7e36f2f292b66397adc0390cbe6b69b55199e47e1c6c1e37010,0,False,3.48,3.48,0,3.48,,0,"{""pass"":true,""inner_minus_outer_ms"":-30.939640999999998,""tolerance_ms"":5.0}",300,False,0,"TEB_RESULT:{""benchmark"":""Octane"",""case"":""Richards.Richards"",""suite"":""Richards"",""subbenchmark"":""Richards"",""mode"":""MAIN_MONOTONIC_V1"",""phase"":""measure"",""N"":1,""correctness"":""PASS"",""extra_validation_calls"":0,""checksum"":null,""timer"":""benchNow"",""start_ms"":0,""stop_ms"":3.48,""elapsed_ms"":3.48,""elapsed_per_call_ms"":3.48,""warmup_calls"":0}
",,3706365083652,3706330664011,34419641,94e240b1-774a-4fdc-8be3-8b5e85457d9d,True,PASS,
wsl2-ubuntu2404-x64-20261004,MAIN_MONOTONIC_V1,Octane,calibration,Richards.Richards,Richards,Richards,quickjs,1,0,1,[],0,0,1,2026-10-05T05:40:55.341451+00:00,"[""/home/mzyx/three_engine_20261004/quickjs-04be246001599f5995fa2f2d8c91a0f198d3f34c/qjs"",""-I"",""/mnt/c/Users/mzyx/Desktop/0921/js-interpreter-bench/experiments/three_engine_baseline/adapters/quickjs.js"",""-I"",""/mnt/c/Users/mzyx/Desktop/0921/js-interpreter-bench/experiments/timer_recovery/adapters/quickjs.js"",""/mnt/c/Users/mzyx/Desktop/0921/js-interpreter-bench/experiments/octane_three_engine/MAIN_MONOTONIC_V1/attempt01/generated/Richards.Richards.N1.measure.js""]",[],140d5233b0337d91cb0f994ae4a051e49aa04da8802acfaedf0a01b81a620b79,/mnt/c/Users/mzyx/Desktop/0921/js-interpreter-bench/experiments/octane_three_engine/MAIN_MONOTONIC_V1/attempt01/generated/Richards.Richards.N1.measure.js,500912ce71743883f2d91eea253f1045b535f62706f8d7ec8be1508a7fe22880,cd393c275173f20526562a008951f65a332deffed85e7c804519788b8ebffab7,0,False,3.6293820003047585,3.6293820003047585,3706126.009857,3706129.639239,,0,"{""pass"":true,""inner_minus_outer_ms"":-14.559814999695242,""tolerance_ms"":5.0}",300,False,0,"TEB_RESULT:{""benchmark"":""Octane"",""case"":""Richards.Richards"",""suite"":""Richards"",""subbenchmark"":""Richards"",""mode"":""MAIN_MONOTONIC_V1"",""phase"":""measure"",""N"":1,""correctness"":""PASS"",""extra_validation_calls"":0,""checksum"":null,""timer"":""benchNow"",""start_ms"":3706126.009857,""stop_ms"":3706129.639239,""elapsed_ms"":3.6293820003047585,""elapsed_per_call_ms"":3.6293820003047585,""warmup_calls"":0}
",,3706130122848,3706111933651,18189197,94e240b1-774a-4fdc-8be3-8b5e85457d9d,True,PASS,
wsl2-ubuntu2404-x64-20261004,MAIN_MONOTONIC_V1,Octane,calibration,Richards.Richards,Richards,Richards,v8,1,0,2,[],0,0,1,2026-10-05T05:40:55.441482+00:00,"[""/home/mzyx/three_engine_20261004/v8-linux64-rel-15.6.21/d8"",""--snapshot_blob=/home/mzyx/three_engine_20261004/v8-linux64-rel-15.6.21/snapshot_blob.bin"",""--max-opt=0"",""--no-lazy"",""/mnt/c/Users/mzyx/Desktop/0921/js-interpreter-bench/experiments/three_engine_baseline/adapters/v8.js"",""/mnt/c/Users/mzyx/Desktop/0921/js-interpreter-bench/experiments/timer_recovery/adapters/v8.js"",""/mnt/c/Users/mzyx/Desktop/0921/js-interpreter-bench/experiments/octane_three_engine/MAIN_MONOTONIC_V1/attempt01/generated/Richards.Richards.N1.measure.js""]","[""--max-opt=0"",""--no-lazy""]",83b744a5953d2662ea723564d4035a333782a0cc85232d1025929a925150b133,/mnt/c/Users/mzyx/Desktop/0921/js-interpreter-bench/experiments/octane_three_engine/MAIN_MONOTONIC_V1/attempt01/generated/Richards.Richards.N1.measure.js,500912ce71743883f2d91eea253f1045b535f62706f8d7ec8be1508a7fe22880,e610d3aa3d2672a5e6d5eccd9aaf05c6ae6758d1b9c4468289f017a231ab7d9f,0,False,2.445999999999998,2.445999999999998,33.197,35.643,,0,"{""pass"":true,""inner_minus_outer_ms"":-41.732527000000005,""tolerance_ms"":5.0}",300,False,0,"TEB_RESULT:{""benchmark"":""Octane"",""case"":""Richards.Richards"",""suite"":""Richards"",""subbenchmark"":""Richards"",""mode"":""MAIN_MONOTONIC_V1"",""phase"":""measure"",""N"":1,""correctness"":""PASS"",""extra_validation_calls"":0,""checksum"":null,""timer"":""benchNow"",""start_ms"":33.197,""stop_ms"":35.643,""elapsed_ms"":2.445999999999998,""elapsed_per_call_ms"":2.445999999999998,""warmup_calls"":0}
",,3706255504131,3706211325604,44178527,94e240b1-774a-4fdc-8be3-8b5e85457d9d,True,PASS,
wsl2-ubuntu2404-x64-20261004,MAIN_MONOTONIC_V1,Octane,calibration,Richards.Richards,Richards,Richards,jsc,128,0,3,[],0,0,1,2026-10-05T05:40:59.787830+00:00,"[""/home/mzyx/jsc_build_fd3406f/JSCOnly/Release/bin/jsc"",""--useJIT=false"",""--useLLInt=true"",""--validateOptions=true"",""/mnt/c/Users/mzyx/Desktop/0921/js-interpreter-bench/experiments/three_engine_baseline/adapters/jsc.js"",""/mnt/c/Users/mzyx/Desktop/0921/js-interpreter-bench/experiments/timer_recovery/adapters/jsc.js"",""/mnt/c/Users/mzyx/Desktop/0921/js-interpreter-bench/experiments/octane_three_engine/MAIN_MONOTONIC_V1/attempt01/generated/Richards.Richards.N128.measure.js""]","[""--useJIT=false"",""--useLLInt=true"",""--validateOptions=true""]",65c824a055405bf62b05e21d54515a72a1f0187a4d91225d00a6da969d35879f,/mnt/c/Users/mzyx/Desktop/0921/js-interpreter-bench/experiments/octane_three_engine/MAIN_MONOTONIC_V1/attempt01/generated/Richards.Richards.N128.measure.js,ae95dec1b08055dd599783afbf7f2f089b259c75d9bfb8a34239b78179140b9b,0c485996a598b7e36f2f292b66397adc0390cbe6b69b55199e47e1c6c1e37010,0,False,274.06,2.14109375,0,274.06,,0,"{""pass"":true,""inner_minus_outer_ms"":-29.39906400000001,""tolerance_ms"":5.0}",300,False,0,"TEB_RESULT:{""benchmark"":""Octane"",""case"":""Richards.Richards"",""suite"":""Richards"",""subbenchmark"":""Richards"",""mode"":""MAIN_MONOTONIC_V1"",""phase"":""measure"",""N"":128,""correctness"":""PASS"",""extra_validation_calls"":0,""checksum"":null,""timer"":""benchNow"",""start_ms"":0,""stop_ms"":274.06,""elapsed_ms"":274.06,""elapsed_per_call_ms"":2.14109375,""warmup_calls"":0}
",,3710860524521,3710557065457,303459064,94e240b1-774a-4fdc-8be3-8b5e85457d9d,True,PASS,
wsl2-ubuntu2404-x64-20261004,MAIN_MONOTONIC_V1,Octane,calibration,Richards.Richards,Richards,Richards,quickjs,128,0,1,[],0,0,1,2026-10-05T05:40:58.805294+00:00,"[""/home/mzyx/three_engine_20261004/quickjs-04be246001599f5995fa2f2d8c91a0f198d3f34c/qjs"",""-I"",""/mnt/c/Users/mzyx/Desktop/0921/js-interpreter-bench/experiments/three_engine_baseline/adapters/quickjs.js"",""-I"",""/mnt/c/Users/mzyx/Desktop/0921/js-interpreter-bench/experiments/timer_recovery/adapters/quickjs.js"",""/mnt/c/Users/mzyx/Desktop/0921/js-interpreter-bench/experiments/octane_three_engine/MAIN_MONOTONIC_V1/attempt01/generated/Richards.Richards.N128.measure.js""]",[],140d5233b0337d91cb0f994ae4a051e49aa04da8802acfaedf0a01b81a620b79,/mnt/c/Users/mzyx/Desktop/0921/js-interpreter-bench/experiments/octane_three_engine/MAIN_MONOTONIC_V1/attempt01/generated/Richards.Richards.N128.measure.js,ae95dec1b08055dd599783afbf7f2f089b259c75d9bfb8a34239b78179140b9b,cd393c275173f20526562a008951f65a332deffed85e7c804519788b8ebffab7,0,False,472.90543700009584,3.694573726563249,3709593.188587,3710066.094024,,0,"{""pass"":true,""inner_minus_outer_ms"":-13.740204999904165,""tolerance_ms"":5.0}",300,False,0,"TEB_RESULT:{""benchmark"":""Octane"",""case"":""Richards.Richards"",""suite"":""Richards"",""subbenchmark"":""Richards"",""mode"":""MAIN_MONOTONIC_V1"",""phase"":""measure"",""N"":128,""correctness"":""PASS"",""extra_validation_calls"":0,""checksum"":null,""timer"":""benchNow"",""start_ms"":3709593.188587,""stop_ms"":3710066.094024,""elapsed_ms"":472.90543700009584,""elapsed_per_call_ms"":3.694573726563249,""warmup_calls"":0}
",,3710066671532,3709580025890,486645642,94e240b1-774a-4fdc-8be3-8b5e85457d9d,True,PASS,
wsl2-ubuntu2404-x64-20261004,MAIN_MONOTONIC_V1,Octane,calibration,Richards.Richards,Richards,Richards,v8,128,0,2,[],0,0,1,2026-10-05T05:40:59.378393+00:00,"[""/home/mzyx/three_engine_20261004/v8-linux64-rel-15.6.21/d8"",""--snapshot_blob=/home/mzyx/three_engine_20261004/v8-linux64-rel-15.6.21/snapshot_blob.bin"",""--max-opt=0"",""--no-lazy"",""/mnt/c/Users/mzyx/Desktop/0921/js-interpreter-bench/experiments/three_engine_baseline/adapters/v8.js"",""/mnt/c/Users/mzyx/Desktop/0921/js-interpreter-bench/experiments/timer_recovery/adapters/v8.js"",""/mnt/c/Users/mzyx/Desktop/0921/js-interpreter-bench/experiments/octane_three_engine/MAIN_MONOTONIC_V1/attempt01/generated/Richards.Richards.N128.measure.js""]","[""--max-opt=0"",""--no-lazy""]",83b744a5953d2662ea723564d4035a333782a0cc85232d1025929a925150b133,/mnt/c/Users/mzyx/Desktop/0921/js-interpreter-bench/experiments/octane_three_engine/MAIN_MONOTONIC_V1/attempt01/generated/Richards.Richards.N128.measure.js,ae95dec1b08055dd599783afbf7f2f089b259c75d9bfb8a34239b78179140b9b,e610d3aa3d2672a5e6d5eccd9aaf05c6ae6758d1b9c4468289f017a231ab7d9f,0,False,286.459,2.2379609375,36.485,322.944,,0,"{""pass"":true,""inner_minus_outer_ms"":-44.68216799999999,""tolerance_ms"":5.0}",300,False,0,"TEB_RESULT:{""benchmark"":""Octane"",""case"":""Richards.Richards"",""suite"":""Richards"",""subbenchmark"":""Richards"",""mode"":""MAIN_MONOTONIC_V1"",""phase"":""measure"",""N"":128,""correctness"":""PASS"",""extra_validation_calls"":0,""checksum"":null,""timer"":""benchNow"",""start_ms"":36.485,""stop_ms"":322.944,""elapsed_ms"":286.459,""elapsed_per_call_ms"":2.2379609375,""warmup_calls"":0}
",,3710480374957,3710149233789,331141168,94e240b1-774a-4fdc-8be3-8b5e85457d9d,True,PASS,
wsl2-ubuntu2404-x64-20261004,MAIN_MONOTONIC_V1,Octane,calibration,Richards.Richards,Richards,Richards,jsc,16,0,3,[],0,0,1,2026-10-05T05:40:57.236483+00:00,"[""/home/mzyx/jsc_build_fd3406f/JSCOnly/Release/bin/jsc"",""--useJIT=false"",""--useLLInt=true"",""--validateOptions=true"",""/mnt/c/Users/mzyx/Desktop/0921/js-interpreter-bench/experiments/three_engine_baseline/adapters/jsc.js"",""/mnt/c/Users/mzyx/Desktop/0921/js-interpreter-bench/experiments/timer_recovery/adapters/jsc.js"",""/mnt/c/Users/mzyx/Desktop/0921/js-interpreter-bench/experiments/octane_three_engine/MAIN_MONOTONIC_V1/attempt01/generated/Richards.Richards.N16.measure.js""]","[""--useJIT=false"",""--useLLInt=true"",""--validateOptions=true""]",65c824a055405bf62b05e21d54515a72a1f0187a4d91225d00a6da969d35879f,/mnt/c/Users/mzyx/Desktop/0921/js-interpreter-bench/experiments/octane_three_engine/MAIN_MONOTONIC_V1/attempt01/generated/Richards.Richards.N16.measure.js,52846b1c3d1ec979ae650d6b816fc8c582bebfbcb18980093bd19972f9e76c36,0c485996a598b7e36f2f292b66397adc0390cbe6b69b55199e47e1c6c1e37010,0,False,35.18,2.19875,0,35.18,,0,"{""pass"":true,""inner_minus_outer_ms"":-30.314038000000004,""tolerance_ms"":5.0}",300,False,0,"TEB_RESULT:{""benchmark"":""Octane"",""case"":""Richards.Richards"",""suite"":""Richards"",""subbenchmark"":""Richards"",""mode"":""MAIN_MONOTONIC_V1"",""phase"":""measure"",""N"":16,""correctness"":""PASS"",""extra_validation_calls"":0,""checksum"":null,""timer"":""benchNow"",""start_ms"":0,""stop_ms"":35.18,""elapsed_ms"":35.18,""elapsed_per_call_ms"":2.19875,""warmup_calls"":0}
",,3708072146129,3708006652091,65494038,94e240b1-774a-4fdc-8be3-8b5e85457d9d,True,PASS,
wsl2-ubuntu2404-x64-20261004,MAIN_MONOTONIC_V1,Octane,calibration,Richards.Richards,Richards,Richards,quickjs,16,0,1,[],0,0,1,2026-10-05T05:40:56.898818+00:00,"[""/home/mzyx/three_engine_20261004/quickjs-04be246001599f5995fa2f2d8c91a0f198d3f34c/qjs"",""-I"",""/mnt/c/Users/mzyx/Desktop/0921/js-interpreter-bench/experiments/three_engine_baseline/adapters/quickjs.js"",""-I"",""/mnt/c/Users/mzyx/Desktop/0921/js-interpreter-bench/experiments/timer_recovery/adapters/quickjs.js"",""/mnt/c/Users/mzyx/Desktop/0921/js-interpreter-bench/experiments/octane_three_engine/MAIN_MONOTONIC_V1/attempt01/generated/Richards.Richards.N16.measure.js""]",[],140d5233b0337d91cb0f994ae4a051e49aa04da8802acfaedf0a01b81a620b79,/mnt/c/Users/mzyx/Desktop/0921/js-interpreter-bench/experiments/octane_three_engine/MAIN_MONOTONIC_V1/attempt01/generated/Richards.Richards.N16.measure.js,52846b1c3d1ec979ae650d6b816fc8c582bebfbcb18980093bd19972f9e76c36,cd393c275173f20526562a008951f65a332deffed85e7c804519788b8ebffab7,0,False,62.95739799970761,3.9348373749817256,3707698.183329,3707761.140727,,0,"{""pass"":true,""inner_minus_outer_ms"":-16.312079000292385,""tolerance_ms"":5.0}",300,False,0,"TEB_RESULT:{""benchmark"":""Octane"",""case"":""Richards.Richards"",""suite"":""Richards"",""subbenchmark"":""Richards"",""mode"":""MAIN_MONOTONIC_V1"",""phase"":""measure"",""N"":16,""correctness"":""PASS"",""extra_validation_calls"":0,""checksum"":null,""timer"":""benchNow"",""start_ms"":3707698.183329,""stop_ms"":3707761.140727,""elapsed_ms"":62.95739799970761,""elapsed_per_call_ms"":3.9348373749817256,""warmup_calls"":0}
",,3707761651052,3707682381575,79269477,94e240b1-774a-4fdc-8be3-8b5e85457d9d,True,PASS,
wsl2-ubuntu2404-x64-20261004,MAIN_MONOTONIC_V1,Octane,calibration,Richards.Richards,Richards,Richards,v8,16,0,2,[],0,0,1,2026-10-05T05:40:57.075107+00:00,"[""/home/mzyx/three_engine_20261004/v8-linux64-rel-15.6.21/d8"",""--snapshot_blob=/home/mzyx/three_engine_20261004/v8-linux64-rel-15.6.21/snapshot_blob.bin"",""--max-opt=0"",""--no-lazy"",""/mnt/c/Users/mzyx/Desktop/0921/js-interpreter-bench/experiments/three_engine_baseline/adapters/v8.js"",""/mnt/c/Users/mzyx/Desktop/0921/js-interpreter-bench/experiments/timer_recovery/adapters/v8.js"",""/mnt/c/Users/mzyx/Desktop/0921/js-interpreter-bench/experiments/octane_three_engine/MAIN_MONOTONIC_V1/attempt01/generated/Richards.Richards.N16.measure.js""]","[""--max-opt=0"",""--no-lazy""]",83b744a5953d2662ea723564d4035a333782a0cc85232d1025929a925150b133,/mnt/c/Users/mzyx/Desktop/0921/js-interpreter-bench/experiments/octane_three_engine/MAIN_MONOTONIC_V1/attempt01/generated/Richards.Richards.N16.measure.js,52846b1c3d1ec979ae650d6b816fc8c582bebfbcb18980093bd19972f9e76c36,e610d3aa3d2672a5e6d5eccd9aaf05c6ae6758d1b9c4468289f017a231ab7d9f,0,False,36.834,2.302125,37.694,74.528,,0,"{""pass"":true,""inner_minus_outer_ms"":-46.43281499999999,""tolerance_ms"":5.0}",300,False,0,"TEB_RESULT:{""benchmark"":""Octane"",""case"":""Richards.Richards"",""suite"":""Richards"",""subbenchmark"":""Richards"",""mode"":""MAIN_MONOTONIC_V1"",""phase"":""measure"",""N"":16,""correctness"":""PASS"",""extra_validation_calls"":0,""checksum"":null,""timer"":""benchNow"",""start_ms"":37.694,""stop_ms"":74.528,""elapsed_ms"":36.834,""elapsed_per_call_ms"":2.302125,""warmup_calls"":0}
",,3707929119553,3707845852738,83266815,94e240b1-774a-4fdc-8be3-8b5e85457d9d,True,PASS,
wsl2-ubuntu2404-x64-20261004,MAIN_MONOTONIC_V1,Octane,calibration,Richards.Richards,Richards,Richards,jsc,2,0,3,[],0,0,1,2026-10-05T05:40:55.937845+00:00,"[""/home/mzyx/jsc_build_fd3406f/JSCOnly/Release/bin/jsc"",""--useJIT=false"",""--useLLInt=true"",""--validateOptions=true"",""/mnt/c/Users/mzyx/Desktop/0921/js-interpreter-bench/experiments/three_engine_baseline/adapters/jsc.js"",""/mnt/c/Users/mzyx/Desktop/0921/js-interpreter-bench/experiments/timer_recovery/adapters/jsc.js"",""/mnt/c/Users/mzyx/Desktop/0921/js-interpreter-bench/experiments/octane_three_engine/MAIN_MONOTONIC_V1/attempt01/generated/Richards.Richards.N2.measure.js""]","[""--useJIT=false"",""--useLLInt=true"",""--validateOptions=true""]",65c824a055405bf62b05e21d54515a72a1f0187a4d91225d00a6da969d35879f,/mnt/c/Users/mzyx/Desktop/0921/js-interpreter-bench/experiments/octane_three_engine/MAIN_MONOTONIC_V1/attempt01/generated/Richards.Richards.N2.measure.js,23b018908de09c1bcb6e39eb0c92b182d88252495fc19f27a3824d286e34046d,0c485996a598b7e36f2f292b66397adc0390cbe6b69b55199e47e1c6c1e37010,0,False,5.08,2.54,0,5.08,,0,"{""pass"":true,""inner_minus_outer_ms"":-32.263883,""tolerance_ms"":5.0}",300,False,0,"TEB_RESULT:{""benchmark"":""Octane"",""case"":""Richards.Richards"",""suite"":""Richards"",""subbenchmark"":""Richards"",""mode"":""MAIN_MONOTONIC_V1"",""phase"":""measure"",""N"":2,""correctness"":""PASS"",""extra_validation_calls"":0,""checksum"":null,""timer"":""benchNow"",""start_ms"":0,""stop_ms"":5.08,""elapsed_ms"":5.08,""elapsed_per_call_ms"":2.54,""warmup_calls"":0}
",,3706745096407,3706707752524,37343883,94e240b1-774a-4fdc-8be3-8b5e85457d9d,True,PASS,
wsl2-ubuntu2404-x64-20261004,MAIN_MONOTONIC_V1,Octane,calibration,Richards.Richards,Richards,Richards,quickjs,2,0,1,[],0,0,1,2026-10-05T05:40:55.676290+00:00,"[""/home/mzyx/three_engine_20261004/quickjs-04be246001599f5995fa2f2d8c91a0f198d3f34c/qjs"",""-I"",""/mnt/c/Users/mzyx/Desktop/0921/js-interpreter-bench/experiments/three_engine_baseline/adapters/quickjs.js"",""-I"",""/mnt/c/Users/mzyx/Desktop/0921/js-interpreter-bench/experiments/timer_recovery/adapters/quickjs.js"",""/mnt/c/Users/mzyx/Desktop/0921/js-interpreter-bench/experiments/octane_three_engine/MAIN_MONOTONIC_V1/attempt01/generated/Richards.Richards.N2.measure.js""]",[],140d5233b0337d91cb0f994ae4a051e49aa04da8802acfaedf0a01b81a620b79,/mnt/c/Users/mzyx/Desktop/0921/js-interpreter-bench/experiments/octane_three_engine/MAIN_MONOTONIC_V1/attempt01/generated/Richards.Richards.N2.measure.js,23b018908de09c1bcb6e39eb0c92b182d88252495fc19f27a3824d286e34046d,cd393c275173f20526562a008951f65a332deffed85e7c804519788b8ebffab7,0,False,7.5343090002425015,3.7671545001212507,3706483.035624,3706490.569933,,0,"{""pass"":true,""inner_minus_outer_ms"":-19.8466249997575,""tolerance_ms"":5.0}",300,False,0,"TEB_RESULT:{""benchmark"":""Octane"",""case"":""Richards.Richards"",""suite"":""Richards"",""subbenchmark"":""Richards"",""mode"":""MAIN_MONOTONIC_V1"",""phase"":""measure"",""N"":2,""correctness"":""PASS"",""extra_validation_calls"":0,""checksum"":null,""timer"":""benchNow"",""start_ms"":3706483.035624,""stop_ms"":3706490.569933,""elapsed_ms"":7.5343090002425015,""elapsed_per_call_ms"":3.7671545001212507,""warmup_calls"":0}
",,3706491300776,3706463919842,27380934,94e240b1-774a-4fdc-8be3-8b5e85457d9d,True,PASS,
wsl2-ubuntu2404-x64-20261004,MAIN_MONOTONIC_V1,Octane,calibration,Richards.Richards,Richards,Richards,v8,2,0,2,[],0,0,1,2026-10-05T05:40:55.806052+00:00,"[""/home/mzyx/three_engine_20261004/v8-linux64-rel-15.6.21/d8"",""--snapshot_blob=/home/mzyx/three_engine_20261004/v8-linux64-rel-15.6.21/snapshot_blob.bin"",""--max-opt=0"",""--no-lazy"",""/mnt/c/Users/mzyx/Desktop/0921/js-interpreter-bench/experiments/three_engine_baseline/adapters/v8.js"",""/mnt/c/Users/mzyx/Desktop/0921/js-interpreter-bench/experiments/timer_recovery/adapters/v8.js"",""/mnt/c/Users/mzyx/Desktop/0921/js-interpreter-bench/experiments/octane_three_engine/MAIN_MONOTONIC_V1/attempt01/generated/Richards.Richards.N2.measure.js""]","[""--max-opt=0"",""--no-lazy""]",83b744a5953d2662ea723564d4035a333782a0cc85232d1025929a925150b133,/mnt/c/Users/mzyx/Desktop/0921/js-interpreter-bench/experiments/octane_three_engine/MAIN_MONOTONIC_V1/attempt01/generated/Richards.Richards.N2.measure.js,23b018908de09c1bcb6e39eb0c92b182d88252495fc19f27a3824d286e34046d,e610d3aa3d2672a5e6d5eccd9aaf05c6ae6758d1b9c4468289f017a231ab7d9f,0,False,5.5660000000000025,2.7830000000000013,36.201,41.767,,0,"{""pass"":true,""inner_minus_outer_ms"":-45.399276,""tolerance_ms"":5.0}",300,False,0,"TEB_RESULT:{""benchmark"":""Octane"",""case"":""Richards.Richards"",""suite"":""Richards"",""subbenchmark"":""Richards"",""mode"":""MAIN_MONOTONIC_V1"",""phase"":""measure"",""N"":2,""correctness"":""PASS"",""extra_validation_calls"":0,""checksum"":null,""timer"":""benchNow"",""start_ms"":36.201,""stop_ms"":41.767,""elapsed_ms"":5.5660000000000025,""elapsed_per_call_ms"":2.7830000000000013,""warmup_calls"":0}
",,3706628372365,3706577407089,50965276,94e240b1-774a-4fdc-8be3-8b5e85457d9d,True,PASS,
wsl2-ubuntu2404-x64-20261004,MAIN_MONOTONIC_V1,Octane,calibration,Richards.Richards,Richards,Richards,jsc,256,0,3,[],0,0,1,2026-10-05T05:41:01.922591+00:00,"[""/home/mzyx/jsc_build_fd3406f/JSCOnly/Release/bin/jsc"",""--useJIT=false"",""--useLLInt=true"",""--validateOptions=true"",""/mnt/c/Users/mzyx/Desktop/0921/js-interpreter-bench/experiments/three_engine_baseline/adapters/jsc.js"",""/mnt/c/Users/mzyx/Desktop/0921/js-interpreter-bench/experiments/timer_recovery/adapters/jsc.js"",""/mnt/c/Users/mzyx/Desktop/0921/js-interpreter-bench/experiments/octane_three_engine/MAIN_MONOTONIC_V1/attempt01/generated/Richards.Richards.N256.measure.js""]","[""--useJIT=false"",""--useLLInt=true"",""--validateOptions=true""]",65c824a055405bf62b05e21d54515a72a1f0187a4d91225d00a6da969d35879f,/mnt/c/Users/mzyx/Desktop/0921/js-interpreter-bench/experiments/octane_three_engine/MAIN_MONOTONIC_V1/attempt01/generated/Richards.Richards.N256.measure.js,da78ed77f6f225971b15bbecf4dcf2289e7bdff7104f341e7be2d6d0ae6cdac1,0c485996a598b7e36f2f292b66397adc0390cbe6b69b55199e47e1c6c1e37010,0,False,565.22,2.207890625,0,565.22,,0,"{""pass"":true,""inner_minus_outer_ms"":-35.572811,""tolerance_ms"":5.0}",300,False,0,"TEB_RESULT:{""benchmark"":""Octane"",""case"":""Richards.Richards"",""suite"":""Richards"",""subbenchmark"":""Richards"",""mode"":""MAIN_MONOTONIC_V1"",""phase"":""measure"",""N"":256,""correctness"":""PASS"",""extra_validation_calls"":0,""checksum"":null,""timer"":""benchNow"",""start_ms"":0,""stop_ms"":565.22,""elapsed_ms"":565.22,""elapsed_per_call_ms"":2.207890625,""warmup_calls"":0}
",,3713293951930,3712693159119,600792811,94e240b1-774a-4fdc-8be3-8b5e85457d9d,True,PASS,
wsl2-ubuntu2404-x64-20261004,MAIN_MONOTONIC_V1,Octane,calibration,Richards.Richards,Richards,Richards,quickjs,256,0,1,[],0,0,1,2026-10-05T05:41:00.167937+00:00,"[""/home/mzyx/three_engine_20261004/quickjs-04be246001599f5995fa2f2d8c91a0f198d3f34c/qjs"",""-I"",""/mnt/c/Users/mzyx/Desktop/0921/js-interpreter-bench/experiments/three_engine_baseline/adapters/quickjs.js"",""-I"",""/mnt/c/Users/mzyx/Desktop/0921/js-interpreter-bench/experiments/timer_recovery/adapters/quickjs.js"",""/mnt/c/Users/mzyx/Desktop/0921/js-interpreter-bench/experiments/octane_three_engine/MAIN_MONOTONIC_V1/attempt01/generated/Richards.Richards.N256.measure.js""]",[],140d5233b0337d91cb0f994ae4a051e49aa04da8802acfaedf0a01b81a620b79,/mnt/c/Users/mzyx/Desktop/0921/js-interpreter-bench/experiments/octane_three_engine/MAIN_MONOTONIC_V1/attempt01/generated/Richards.Richards.N256.measure.js,da78ed77f6f225971b15bbecf4dcf2289e7bdff7104f341e7be2d6d0ae6cdac1,cd393c275173f20526562a008951f65a332deffed85e7c804519788b8ebffab7,0,False,936.6989420000464,3.658980242187681,3710957.487722,3711894.186664,,0,"{""pass"":true,""inner_minus_outer_ms"":-13.874733999953605,""tolerance_ms"":5.0}",300,False,0,"TEB_RESULT:{""benchmark"":""Octane"",""case"":""Richards.Richards"",""suite"":""Richards"",""subbenchmark"":""Richards"",""mode"":""MAIN_MONOTONIC_V1"",""phase"":""measure"",""N"":256,""correctness"":""PASS"",""extra_validation_calls"":0,""checksum"":null,""timer"":""benchNow"",""start_ms"":3710957.487722,""stop_ms"":3711894.186664,""elapsed_ms"":936.6989420000464,""elapsed_per_call_ms"":3.658980242187681,""warmup_calls"":0}
",,3711894722260,3710944148584,950573676,94e240b1-774a-4fdc-8be3-8b5e85457d9d,True,PASS,
wsl2-ubuntu2404-x64-20261004,MAIN_MONOTONIC_V1,Octane,calibration,Richards.Richards,Richards,Richards,v8,256,0,2,[],0,0,1,2026-10-05T05:41:01.202274+00:00,"[""/home/mzyx/three_engine_20261004/v8-linux64-rel-15.6.21/d8"",""--snapshot_blob=/home/mzyx/three_engine_20261004/v8-linux64-rel-15.6.21/snapshot_blob.bin"",""--max-opt=0"",""--no-lazy"",""/mnt/c/Users/mzyx/Desktop/0921/js-interpreter-bench/experiments/three_engine_baseline/adapters/v8.js"",""/mnt/c/Users/mzyx/Desktop/0921/js-interpreter-bench/experiments/timer_recovery/adapters/v8.js"",""/mnt/c/Users/mzyx/Desktop/0921/js-interpreter-bench/experiments/octane_three_engine/MAIN_MONOTONIC_V1/attempt01/generated/Richards.Richards.N256.measure.js""]","[""--max-opt=0"",""--no-lazy""]",83b744a5953d2662ea723564d4035a333782a0cc85232d1025929a925150b133,/mnt/c/Users/mzyx/Desktop/0921/js-interpreter-bench/experiments/octane_three_engine/MAIN_MONOTONIC_V1/attempt01/generated/Richards.Richards.N256.measure.js,da78ed77f6f225971b15bbecf4dcf2289e7bdff7104f341e7be2d6d0ae6cdac1,e610d3aa3d2672a5e6d5eccd9aaf05c6ae6758d1b9c4468289f017a231ab7d9f,0,False,596.035,2.32826171875,37.845,633.88,,0,"{""pass"":true,""inner_minus_outer_ms"":-46.104648999999995,""tolerance_ms"":5.0}",300,False,0,"TEB_RESULT:{""benchmark"":""Octane"",""case"":""Richards.Richards"",""suite"":""Richards"",""subbenchmark"":""Richards"",""mode"":""MAIN_MONOTONIC_V1"",""phase"":""measure"",""N"":256,""correctness"":""PASS"",""extra_validation_calls"":0,""checksum"":null,""timer"":""benchNow"",""start_ms"":37.845,""stop_ms"":633.88,""elapsed_ms"":596.035,""elapsed_per_call_ms"":2.32826171875,""warmup_calls"":0}
",,3712613810723,3711971671074,642139649,94e240b1-774a-4fdc-8be3-8b5e85457d9d,True,PASS,
wsl2-ubuntu2404-x64-20261004,MAIN_MONOTONIC_V1,Octane,calibration,Richards.Richards,Richards,Richards,jsc,32,0,3,[],0,0,1,2026-10-05T05:40:57.784498+00:00,"[""/home/mzyx/jsc_build_fd3406f/JSCOnly/Release/bin/jsc"",""--useJIT=false"",""--useLLInt=true"",""--validateOptions=true"",""/mnt/c/Users/mzyx/Desktop/0921/js-interpreter-bench/experiments/three_engine_baseline/adapters/jsc.js"",""/mnt/c/Users/mzyx/Desktop/0921/js-interpreter-bench/experiments/timer_recovery/adapters/jsc.js"",""/mnt/c/Users/mzyx/Desktop/0921/js-interpreter-bench/experiments/octane_three_engine/MAIN_MONOTONIC_V1/attempt01/generated/Richards.Richards.N32.measure.js""]","[""--useJIT=false"",""--useLLInt=true"",""--validateOptions=true""]",65c824a055405bf62b05e21d54515a72a1f0187a4d91225d00a6da969d35879f,/mnt/c/Users/mzyx/Desktop/0921/js-interpreter-bench/experiments/octane_three_engine/MAIN_MONOTONIC_V1/attempt01/generated/Richards.Richards.N32.measure.js,2f46ad8a5129962c061bcd7de39684c9893a2ea01c247f4d3c99338010869735,0c485996a598b7e36f2f292b66397adc0390cbe6b69b55199e47e1c6c1e37010,0,False,68.56,2.1425,0,68.56,,0,"{""pass"":true,""inner_minus_outer_ms"":-28.54579199999999,""tolerance_ms"":5.0}",300,False,0,"TEB_RESULT:{""benchmark"":""Octane"",""case"":""Richards.Richards"",""suite"":""Richards"",""subbenchmark"":""Richards"",""mode"":""MAIN_MONOTONIC_V1"",""phase"":""measure"",""N"":32,""correctness"":""PASS"",""extra_validation_calls"":0,""checksum"":null,""timer"":""benchNow"",""start_ms"":0,""stop_ms"":68.56,""elapsed_ms"":68.56,""elapsed_per_call_ms"":2.1425,""warmup_calls"":0}
",,3708651143782,3708554037990,97105792,94e240b1-774a-4fdc-8be3-8b5e85457d9d,True,PASS,
wsl2-ubuntu2404-x64-20261004,MAIN_MONOTONIC_V1,Octane,calibration,Richards.Richards,Richards,Richards,quickjs,32,0,1,[],0,0,1,2026-10-05T05:40:57.378640+00:00,"[""/home/mzyx/three_engine_20261004/quickjs-04be246001599f5995fa2f2d8c91a0f198d3f34c/qjs"",""-I"",""/mnt/c/Users/mzyx/Desktop/0921/js-interpreter-bench/experiments/three_engine_baseline/adapters/quickjs.js"",""-I"",""/mnt/c/Users/mzyx/Desktop/0921/js-interpreter-bench/experiments/timer_recovery/adapters/quickjs.js"",""/mnt/c/Users/mzyx/Desktop/0921/js-interpreter-bench/experiments/octane_three_engine/MAIN_MONOTONIC_V1/attempt01/generated/Richards.Richards.N32.measure.js""]",[],140d5233b0337d91cb0f994ae4a051e49aa04da8802acfaedf0a01b81a620b79,/mnt/c/Users/mzyx/Desktop/0921/js-interpreter-bench/experiments/octane_three_engine/MAIN_MONOTONIC_V1/attempt01/generated/Richards.Richards.N32.measure.js,2f46ad8a5129962c061bcd7de39684c9893a2ea01c247f4d3c99338010869735,cd393c275173f20526562a008951f65a332deffed85e7c804519788b8ebffab7,0,False,116.71078400034457,3.647212000010768,3708168.532818,3708285.243602,,0,"{""pass"":true,""inner_minus_outer_ms"":-14.67588799965543,""tolerance_ms"":5.0}",300,False,0,"TEB_RESULT:{""benchmark"":""Octane"",""case"":""Richards.Richards"",""suite"":""Richards"",""subbenchmark"":""Richards"",""mode"":""MAIN_MONOTONIC_V1"",""phase"":""measure"",""N"":32,""correctness"":""PASS"",""extra_validation_calls"":0,""checksum"":null,""timer"":""benchNow"",""start_ms"":3708168.532818,""stop_ms"":3708285.243602,""elapsed_ms"":116.71078400034457,""elapsed_per_call_ms"":3.647212000010768,""warmup_calls"":0}
",,3708285764418,3708154377746,131386672,94e240b1-774a-4fdc-8be3-8b5e85457d9d,True,PASS,
wsl2-ubuntu2404-x64-20261004,MAIN_MONOTONIC_V1,Octane,calibration,Richards.Richards,Richards,Richards,v8,32,0,2,[],0,0,1,2026-10-05T05:40:57.594369+00:00,"[""/home/mzyx/three_engine_20261004/v8-linux64-rel-15.6.21/d8"",""--snapshot_blob=/home/mzyx/three_engine_20261004/v8-linux64-rel-15.6.21/snapshot_blob.bin"",""--max-opt=0"",""--no-lazy"",""/mnt/c/Users/mzyx/Desktop/0921/js-interpreter-bench/experiments/three_engine_baseline/adapters/v8.js"",""/mnt/c/Users/mzyx/Desktop/0921/js-interpreter-bench/experiments/timer_recovery/adapters/v8.js"",""/mnt/c/Users/mzyx/Desktop/0921/js-interpreter-bench/experiments/octane_three_engine/MAIN_MONOTONIC_V1/attempt01/generated/Richards.Richards.N32.measure.js""]","[""--max-opt=0"",""--no-lazy""]",83b744a5953d2662ea723564d4035a333782a0cc85232d1025929a925150b133,/mnt/c/Users/mzyx/Desktop/0921/js-interpreter-bench/experiments/octane_three_engine/MAIN_MONOTONIC_V1/attempt01/generated/Richards.Richards.N32.measure.js,2f46ad8a5129962c061bcd7de39684c9893a2ea01c247f4d3c99338010869735,e610d3aa3d2672a5e6d5eccd9aaf05c6ae6758d1b9c4468289f017a231ab7d9f,0,False,72.285,2.25890625,34.778,107.063,,0,"{""pass"":true,""inner_minus_outer_ms"":-43.16970500000001,""tolerance_ms"":5.0}",300,False,0,"TEB_RESULT:{""benchmark"":""Octane"",""case"":""Richards.Richards"",""suite"":""Richards"",""subbenchmark"":""Richards"",""mode"":""MAIN_MONOTONIC_V1"",""phase"":""measure"",""N"":32,""correctness"":""PASS"",""extra_validation_calls"":0,""checksum"":null,""timer"":""benchNow"",""start_ms"":34.778,""stop_ms"":107.063,""elapsed_ms"":72.285,""elapsed_per_call_ms"":2.25890625,""warmup_calls"":0}
",,3708479467388,3708364012683,115454705,94e240b1-774a-4fdc-8be3-8b5e85457d9d,True,PASS,
wsl2-ubuntu2404-x64-20261004,MAIN_MONOTONIC_V1,Octane,calibration,Richards.Richards,Richards,Richards,jsc,4,0,3,[],0,0,1,2026-10-05T05:40:56.354426+00:00,"[""/home/mzyx/jsc_build_fd3406f/JSCOnly/Release/bin/jsc"",""--useJIT=false"",""--useLLInt=true"",""--validateOptions=true"",""/mnt/c/Users/mzyx/Desktop/0921/js-interpreter-bench/experiments/three_engine_baseline/adapters/jsc.js"",""/mnt/c/Users/mzyx/Desktop/0921/js-interpreter-bench/experiments/timer_recovery/adapters/jsc.js"",""/mnt/c/Users/mzyx/Desktop/0921/js-interpreter-bench/experiments/octane_three_engine/MAIN_MONOTONIC_V1/attempt01/generated/Richards.Richards.N4.measure.js""]","[""--useJIT=false"",""--useLLInt=true"",""--validateOptions=true""]",65c824a055405bf62b05e21d54515a72a1f0187a4d91225d00a6da969d35879f,/mnt/c/Users/mzyx/Desktop/0921/js-interpreter-bench/experiments/octane_three_engine/MAIN_MONOTONIC_V1/attempt01/generated/Richards.Richards.N4.measure.js,2a624f3f9791eeb776875cce0112cfa11202b09d83c1c67cfa3020c214c2a9d6,0c485996a598b7e36f2f292b66397adc0390cbe6b69b55199e47e1c6c1e37010,0,False,9.82,2.455,0,9.82,,0,"{""pass"":true,""inner_minus_outer_ms"":-32.320547,""tolerance_ms"":5.0}",300,False,0,"TEB_RESULT:{""benchmark"":""Octane"",""case"":""Richards.Richards"",""suite"":""Richards"",""subbenchmark"":""Richards"",""mode"":""MAIN_MONOTONIC_V1"",""phase"":""measure"",""N"":4,""correctness"":""PASS"",""extra_validation_calls"":0,""checksum"":null,""timer"":""benchNow"",""start_ms"":0,""stop_ms"":9.82,""elapsed_ms"":9.82,""elapsed_per_call_ms"":2.455,""warmup_calls"":0}
",,3707169329217,3707127188670,42140547,94e240b1-774a-4fdc-8be3-8b5e85457d9d,True,PASS,
wsl2-ubuntu2404-x64-20261004,MAIN_MONOTONIC_V1,Octane,calibration,Richards.Richards,Richards,Richards,quickjs,4,0,1,[],0,0,1,2026-10-05T05:40:56.058244+00:00,"[""/home/mzyx/three_engine_20261004/quickjs-04be246001599f5995fa2f2d8c91a0f198d3f34c/qjs"",""-I"",""/mnt/c/Users/mzyx/Desktop/0921/js-interpreter-bench/experiments/three_engine_baseline/adapters/quickjs.js"",""-I"",""/mnt/c/Users/mzyx/Desktop/0921/js-interpreter-bench/experiments/timer_recovery/adapters/quickjs.js"",""/mnt/c/Users/mzyx/Desktop/0921/js-interpreter-bench/experiments/octane_three_engine/MAIN_MONOTONIC_V1/attempt01/generated/Richards.Richards.N4.measure.js""]",[],140d5233b0337d91cb0f994ae4a051e49aa04da8802acfaedf0a01b81a620b79,/mnt/c/Users/mzyx/Desktop/0921/js-interpreter-bench/experiments/octane_three_engine/MAIN_MONOTONIC_V1/attempt01/generated/Richards.Richards.N4.measure.js,2a624f3f9791eeb776875cce0112cfa11202b09d83c1c67cfa3020c214c2a9d6,cd393c275173f20526562a008951f65a332deffed85e7c804519788b8ebffab7,0,False,15.01395499985665,3.7534887499641627,3706855.878874,3706870.892829,,0,"{""pass"":true,""inner_minus_outer_ms"":-15.64987200014335,""tolerance_ms"":5.0}",300,False,0,"TEB_RESULT:{""benchmark"":""Octane"",""case"":""Richards.Richards"",""suite"":""Richards"",""subbenchmark"":""Richards"",""mode"":""MAIN_MONOTONIC_V1"",""phase"":""measure"",""N"":4,""correctness"":""PASS"",""extra_validation_calls"":0,""checksum"":null,""timer"":""benchNow"",""start_ms"":3706855.878874,""stop_ms"":3706870.892829,""elapsed_ms"":15.01395499985665,""elapsed_per_call_ms"":3.7534887499641627,""warmup_calls"":0}
",,3706871463581,3706840799754,30663827,94e240b1-774a-4fdc-8be3-8b5e85457d9d,True,PASS,
wsl2-ubuntu2404-x64-20261004,MAIN_MONOTONIC_V1,Octane,calibration,Richards.Richards,Richards,Richards,v8,4,0,2,[],0,0,1,2026-10-05T05:40:56.182648+00:00,"[""/home/mzyx/three_engine_20261004/v8-linux64-rel-15.6.21/d8"",""--snapshot_blob=/home/mzyx/three_engine_20261004/v8-linux64-rel-15.6.21/snapshot_blob.bin"",""--max-opt=0"",""--no-lazy"",""/mnt/c/Users/mzyx/Desktop/0921/js-interpreter-bench/experiments/three_engine_baseline/adapters/v8.js"",""/mnt/c/Users/mzyx/Desktop/0921/js-interpreter-bench/experiments/timer_recovery/adapters/v8.js"",""/mnt/c/Users/mzyx/Desktop/0921/js-interpreter-bench/experiments/octane_three_engine/MAIN_MONOTONIC_V1/attempt01/generated/Richards.Richards.N4.measure.js""]","[""--max-opt=0"",""--no-lazy""]",83b744a5953d2662ea723564d4035a333782a0cc85232d1025929a925150b133,/mnt/c/Users/mzyx/Desktop/0921/js-interpreter-bench/experiments/octane_three_engine/MAIN_MONOTONIC_V1/attempt01/generated/Richards.Richards.N4.measure.js,2a624f3f9791eeb776875cce0112cfa11202b09d83c1c67cfa3020c214c2a9d6,e610d3aa3d2672a5e6d5eccd9aaf05c6ae6758d1b9c4468289f017a231ab7d9f,0,False,9.895000000000003,2.473750000000001,42.552,52.447,,0,"{""pass"":true,""inner_minus_outer_ms"":-53.430617999999996,""tolerance_ms"":5.0}",300,False,0,"TEB_RESULT:{""benchmark"":""Octane"",""case"":""Richards.Richards"",""suite"":""Richards"",""subbenchmark"":""Richards"",""mode"":""MAIN_MONOTONIC_V1"",""phase"":""measure"",""N"":4,""correctness"":""PASS"",""extra_validation_calls"":0,""checksum"":null,""timer"":""benchNow"",""start_ms"":42.552,""stop_ms"":52.447,""elapsed_ms"":9.895000000000003,""elapsed_per_call_ms"":2.473750000000001,""warmup_calls"":0}
",,3707017367646,3706954042028,63325618,94e240b1-774a-4fdc-8be3-8b5e85457d9d,True,PASS,
wsl2-ubuntu2404-x64-20261004,MAIN_MONOTONIC_V1,Octane,calibration,Richards.Richards,Richards,Richards,jsc,512,0,3,[],0,0,1,2026-10-05T05:41:05.943839+00:00,"[""/home/mzyx/jsc_build_fd3406f/JSCOnly/Release/bin/jsc"",""--useJIT=false"",""--useLLInt=true"",""--validateOptions=true"",""/mnt/c/Users/mzyx/Desktop/0921/js-interpreter-bench/experiments/three_engine_baseline/adapters/jsc.js"",""/mnt/c/Users/mzyx/Desktop/0921/js-interpreter-bench/experiments/timer_recovery/adapters/jsc.js"",""/mnt/c/Users/mzyx/Desktop/0921/js-interpreter-bench/experiments/octane_three_engine/MAIN_MONOTONIC_V1/attempt01/generated/Richards.Richards.N512.measure.js""]","[""--useJIT=false"",""--useLLInt=true"",""--validateOptions=true""]",65c824a055405bf62b05e21d54515a72a1f0187a4d91225d00a6da969d35879f,/mnt/c/Users/mzyx/Desktop/0921/js-interpreter-bench/experiments/octane_three_engine/MAIN_MONOTONIC_V1/attempt01/generated/Richards.Richards.N512.measure.js,a2ac0ecfd7b183a38436198adb4228527971f5768a9973be5d73ab0070208e97,0c485996a598b7e36f2f292b66397adc0390cbe6b69b55199e47e1c6c1e37010,0,False,1097.8,2.144140625,0,1097.8,,0,"{""pass"":true,""inner_minus_outer_ms"":-33.921031000000085,""tolerance_ms"":5.0}",300,False,0,"TEB_RESULT:{""benchmark"":""Octane"",""case"":""Richards.Richards"",""suite"":""Richards"",""subbenchmark"":""Richards"",""mode"":""MAIN_MONOTONIC_V1"",""phase"":""measure"",""N"":512,""correctness"":""PASS"",""extra_validation_calls"":0,""checksum"":null,""timer"":""benchNow"",""start_ms"":0,""stop_ms"":1097.8,""elapsed_ms"":1097.8,""elapsed_per_call_ms"":2.144140625,""warmup_calls"":0}
",,3717845686875,3716713965844,1131721031,94e240b1-774a-4fdc-8be3-8b5e85457d9d,True,PASS,
wsl2-ubuntu2404-x64-20261004,MAIN_MONOTONIC_V1,Octane,calibration,Richards.Richards,Richards,Richards,quickjs,512,0,1,[],0,0,1,2026-10-05T05:41:02.603174+00:00,"[""/home/mzyx/three_engine_20261004/quickjs-04be246001599f5995fa2f2d8c91a0f198d3f34c/qjs"",""-I"",""/mnt/c/Users/mzyx/Desktop/0921/js-interpreter-bench/experiments/three_engine_baseline/adapters/quickjs.js"",""-I"",""/mnt/c/Users/mzyx/Desktop/0921/js-interpreter-bench/experiments/timer_recovery/adapters/quickjs.js"",""/mnt/c/Users/mzyx/Desktop/0921/js-interpreter-bench/experiments/octane_three_engine/MAIN_MONOTONIC_V1/attempt01/generated/Richards.Richards.N512.measure.js""]",[],140d5233b0337d91cb0f994ae4a051e49aa04da8802acfaedf0a01b81a620b79,/mnt/c/Users/mzyx/Desktop/0921/js-interpreter-bench/experiments/octane_three_engine/MAIN_MONOTONIC_V1/attempt01/generated/Richards.Richards.N512.measure.js,a2ac0ecfd7b183a38436198adb4228527971f5768a9973be5d73ab0070208e97,cd393c275173f20526562a008951f65a332deffed85e7c804519788b8ebffab7,0,False,1868.2730459999293,3.648970792968612,3713394.275279,3715262.548325,,0,"{""pass"":true,""inner_minus_outer_ms"":-14.932774000070594,""tolerance_ms"":5.0}",300,False,0,"TEB_RESULT:{""benchmark"":""Octane"",""case"":""Richards.Richards"",""suite"":""Richards"",""subbenchmark"":""Richards"",""mode"":""MAIN_MONOTONIC_V1"",""phase"":""measure"",""N"":512,""correctness"":""PASS"",""extra_validation_calls"":0,""checksum"":null,""timer"":""benchNow"",""start_ms"":3713394.275279,""stop_ms"":3715262.548325,""elapsed_ms"":1868.2730459999293,""elapsed_per_call_ms"":3.648970792968612,""warmup_calls"":0}
",,3715263175802,3713379969982,1883205820,94e240b1-774a-4fdc-8be3-8b5e85457d9d,True,PASS,
wsl2-ubuntu2404-x64-20261004,MAIN_MONOTONIC_V1,Octane,calibration,Richards.Richards,Richards,Richards,v8,512,0,2,[],0,0,1,2026-10-05T05:41:04.570838+00:00,"[""/home/mzyx/three_engine_20261004/v8-linux64-rel-15.6.21/d8"",""--snapshot_blob=/home/mzyx/three_engine_20261004/v8-linux64-rel-15.6.21/snapshot_blob.bin"",""--max-opt=0"",""--no-lazy"",""/mnt/c/Users/mzyx/Desktop/0921/js-interpreter-bench/experiments/three_engine_baseline/adapters/v8.js"",""/mnt/c/Users/mzyx/Desktop/0921/js-interpreter-bench/experiments/timer_recovery/adapters/v8.js"",""/mnt/c/Users/mzyx/Desktop/0921/js-interpreter-bench/experiments/octane_three_engine/MAIN_MONOTONIC_V1/attempt01/generated/Richards.Richards.N512.measure.js""]","[""--max-opt=0"",""--no-lazy""]",83b744a5953d2662ea723564d4035a333782a0cc85232d1025929a925150b133,/mnt/c/Users/mzyx/Desktop/0921/js-interpreter-bench/experiments/octane_three_engine/MAIN_MONOTONIC_V1/attempt01/generated/Richards.Richards.N512.measure.js,a2ac0ecfd7b183a38436198adb4228527971f5768a9973be5d73ab0070208e97,e610d3aa3d2672a5e6d5eccd9aaf05c6ae6758d1b9c4468289f017a231ab7d9f,0,False,1253.241,2.447736328125,35.401,1288.642,,0,"{""pass"":true,""inner_minus_outer_ms"":-43.96520200000009,""tolerance_ms"":5.0}",300,False,0,"TEB_RESULT:{""benchmark"":""Octane"",""case"":""Richards.Richards"",""suite"":""Richards"",""subbenchmark"":""Richards"",""mode"":""MAIN_MONOTONIC_V1"",""phase"":""measure"",""N"":512,""correctness"":""PASS"",""extra_validation_calls"":0,""checksum"":null,""timer"":""benchNow"",""start_ms"":35.401,""stop_ms"":1288.642,""elapsed_ms"":1253.241,""elapsed_per_call_ms"":2.447736328125,""warmup_calls"":0}
",,3716637712975,3715340506773,1297206202,94e240b1-774a-4fdc-8be3-8b5e85457d9d,True,PASS,
wsl2-ubuntu2404-x64-20261004,MAIN_MONOTONIC_V1,Octane,calibration,Richards.Richards,Richards,Richards,jsc,64,0,3,[],0,0,1,2026-10-05T05:40:58.557714+00:00,"[""/home/mzyx/jsc_build_fd3406f/JSCOnly/Release/bin/jsc"",""--useJIT=false"",""--useLLInt=true"",""--validateOptions=true"",""/mnt/c/Users/mzyx/Desktop/0921/js-interpreter-bench/experiments/three_engine_baseline/adapters/jsc.js"",""/mnt/c/Users/mzyx/Desktop/0921/js-interpreter-bench/experiments/timer_recovery/adapters/jsc.js"",""/mnt/c/Users/mzyx/Desktop/0921/js-interpreter-bench/experiments/octane_three_engine/MAIN_MONOTONIC_V1/attempt01/generated/Richards.Richards.N64.measure.js""]","[""--useJIT=false"",""--useLLInt=true"",""--validateOptions=true""]",65c824a055405bf62b05e21d54515a72a1f0187a4d91225d00a6da969d35879f,/mnt/c/Users/mzyx/Desktop/0921/js-interpreter-bench/experiments/octane_three_engine/MAIN_MONOTONIC_V1/attempt01/generated/Richards.Richards.N64.measure.js,237a5761fa384bc2513fb5734623a9df91f41e10d15d155e50b5959a9187b7f8,0c485996a598b7e36f2f292b66397adc0390cbe6b69b55199e47e1c6c1e37010,0,False,139.64,2.181875,0,139.64,,0,"{""pass"":true,""inner_minus_outer_ms"":-30.260592000000003,""tolerance_ms"":5.0}",300,False,0,"TEB_RESULT:{""benchmark"":""Octane"",""case"":""Richards.Richards"",""suite"":""Richards"",""subbenchmark"":""Richards"",""mode"":""MAIN_MONOTONIC_V1"",""phase"":""measure"",""N"":64,""correctness"":""PASS"",""extra_validation_calls"":0,""checksum"":null,""timer"":""benchNow"",""start_ms"":0,""stop_ms"":139.64,""elapsed_ms"":139.64,""elapsed_per_call_ms"":2.181875,""warmup_calls"":0}
",,3709496990483,3709327089891,169900592,94e240b1-774a-4fdc-8be3-8b5e85457d9d,True,PASS,
wsl2-ubuntu2404-x64-20261004,MAIN_MONOTONIC_V1,Octane,calibration,Richards.Richards,Richards,Richards,quickjs,64,0,1,[],0,0,1,2026-10-05T05:40:57.959938+00:00,"[""/home/mzyx/three_engine_20261004/quickjs-04be246001599f5995fa2f2d8c91a0f198d3f34c/qjs"",""-I"",""/mnt/c/Users/mzyx/Desktop/0921/js-interpreter-bench/experiments/three_engine_baseline/adapters/quickjs.js"",""-I"",""/mnt/c/Users/mzyx/Desktop/0921/js-interpreter-bench/experiments/timer_recovery/adapters/quickjs.js"",""/mnt/c/Users/mzyx/Desktop/0921/js-interpreter-bench/experiments/octane_three_engine/MAIN_MONOTONIC_V1/attempt01/generated/Richards.Richards.N64.measure.js""]",[],140d5233b0337d91cb0f994ae4a051e49aa04da8802acfaedf0a01b81a620b79,/mnt/c/Users/mzyx/Desktop/0921/js-interpreter-bench/experiments/octane_three_engine/MAIN_MONOTONIC_V1/attempt01/generated/Richards.Richards.N64.measure.js,237a5761fa384bc2513fb5734623a9df91f41e10d15d155e50b5959a9187b7f8,cd393c275173f20526562a008951f65a332deffed85e7c804519788b8ebffab7,0,False,234.88553699990734,3.6700865156235523,3708749.5537,3708984.439237,,0,"{""pass"":true,""inner_minus_outer_ms"":-14.745770000092648,""tolerance_ms"":5.0}",300,False,0,"TEB_RESULT:{""benchmark"":""Octane"",""case"":""Richards.Richards"",""suite"":""Richards"",""subbenchmark"":""Richards"",""mode"":""MAIN_MONOTONIC_V1"",""phase"":""measure"",""N"":64,""correctness"":""PASS"",""extra_validation_calls"":0,""checksum"":null,""timer"":""benchNow"",""start_ms"":3708749.5537,""stop_ms"":3708984.439237,""elapsed_ms"":234.88553699990734,""elapsed_per_call_ms"":3.6700865156235523,""warmup_calls"":0}
",,3708984973378,3708735342071,249631307,94e240b1-774a-4fdc-8be3-8b5e85457d9d,True,PASS,
wsl2-ubuntu2404-x64-20261004,MAIN_MONOTONIC_V1,Octane,calibration,Richards.Richards,Richards,Richards,v8,64,0,2,[],0,0,1,2026-10-05T05:40:58.295246+00:00,"[""/home/mzyx/three_engine_20261004/v8-linux64-rel-15.6.21/d8"",""--snapshot_blob=/home/mzyx/three_engine_20261004/v8-linux64-rel-15.6.21/snapshot_blob.bin"",""--max-opt=0"",""--no-lazy"",""/mnt/c/Users/mzyx/Desktop/0921/js-interpreter-bench/experiments/three_engine_baseline/adapters/v8.js"",""/mnt/c/Users/mzyx/Desktop/0921/js-interpreter-bench/experiments/timer_recovery/adapters/v8.js"",""/mnt/c/Users/mzyx/Desktop/0921/js-interpreter-bench/experiments/octane_three_engine/MAIN_MONOTONIC_V1/attempt01/generated/Richards.Richards.N64.measure.js""]","[""--max-opt=0"",""--no-lazy""]",83b744a5953d2662ea723564d4035a333782a0cc85232d1025929a925150b133,/mnt/c/Users/mzyx/Desktop/0921/js-interpreter-bench/experiments/octane_three_engine/MAIN_MONOTONIC_V1/attempt01/generated/Richards.Richards.N64.measure.js,237a5761fa384bc2513fb5734623a9df91f41e10d15d155e50b5959a9187b7f8,e610d3aa3d2672a5e6d5eccd9aaf05c6ae6758d1b9c4468289f017a231ab7d9f,0,False,144.78199999999998,2.2622187499999997,34.211,178.993,,0,"{""pass"":true,""inner_minus_outer_ms"":-42.88053800000003,""tolerance_ms"":5.0}",300,False,0,"TEB_RESULT:{""benchmark"":""Octane"",""case"":""Richards.Richards"",""suite"":""Richards"",""subbenchmark"":""Richards"",""mode"":""MAIN_MONOTONIC_V1"",""phase"":""measure"",""N"":64,""correctness"":""PASS"",""extra_validation_calls"":0,""checksum"":null,""timer"":""benchNow"",""start_ms"":34.211,""stop_ms"":178.993,""elapsed_ms"":144.78199999999998,""elapsed_per_call_ms"":2.2622187499999997,""warmup_calls"":0}
",,3709252132499,3709064469961,187662538,94e240b1-774a-4fdc-8be3-8b5e85457d9d,True,PASS,
wsl2-ubuntu2404-x64-20261004,MAIN_MONOTONIC_V1,Octane,calibration,Richards.Richards,Richards,Richards,jsc,8,0,3,[],0,0,1,2026-10-05T05:40:56.764328+00:00,"[""/home/mzyx/jsc_build_fd3406f/JSCOnly/Release/bin/jsc"",""--useJIT=false"",""--useLLInt=true"",""--validateOptions=true"",""/mnt/c/Users/mzyx/Desktop/0921/js-interpreter-bench/experiments/three_engine_baseline/adapters/jsc.js"",""/mnt/c/Users/mzyx/Desktop/0921/js-interpreter-bench/experiments/timer_recovery/adapters/jsc.js"",""/mnt/c/Users/mzyx/Desktop/0921/js-interpreter-bench/experiments/octane_three_engine/MAIN_MONOTONIC_V1/attempt01/generated/Richards.Richards.N8.measure.js""]","[""--useJIT=false"",""--useLLInt=true"",""--validateOptions=true""]",65c824a055405bf62b05e21d54515a72a1f0187a4d91225d00a6da969d35879f,/mnt/c/Users/mzyx/Desktop/0921/js-interpreter-bench/experiments/octane_three_engine/MAIN_MONOTONIC_V1/attempt01/generated/Richards.Richards.N8.measure.js,a76a31683e1ef462a01b627153a75f95d6ded5a5df62b29ded8b657b32197d61,0c485996a598b7e36f2f292b66397adc0390cbe6b69b55199e47e1c6c1e37010,0,False,18.6,2.325,0,18.6,,0,"{""pass"":true,""inner_minus_outer_ms"":-34.45015,""tolerance_ms"":5.0}",300,False,0,"TEB_RESULT:{""benchmark"":""Octane"",""case"":""Richards.Richards"",""suite"":""Richards"",""subbenchmark"":""Richards"",""mode"":""MAIN_MONOTONIC_V1"",""phase"":""measure"",""N"":8,""correctness"":""PASS"",""extra_validation_calls"":0,""checksum"":null,""timer"":""benchNow"",""start_ms"":0,""stop_ms"":18.6,""elapsed_ms"":18.6,""elapsed_per_call_ms"":2.325,""warmup_calls"":0}
",,3707587747943,3707534697793,53050150,94e240b1-774a-4fdc-8be3-8b5e85457d9d,True,PASS,
wsl2-ubuntu2404-x64-20261004,MAIN_MONOTONIC_V1,Octane,calibration,Richards.Richards,Richards,Richards,quickjs,8,0,1,[],0,0,1,2026-10-05T05:40:56.479140+00:00,"[""/home/mzyx/three_engine_20261004/quickjs-04be246001599f5995fa2f2d8c91a0f198d3f34c/qjs"",""-I"",""/mnt/c/Users/mzyx/Desktop/0921/js-interpreter-bench/experiments/three_engine_baseline/adapters/quickjs.js"",""-I"",""/mnt/c/Users/mzyx/Desktop/0921/js-interpreter-bench/experiments/timer_recovery/adapters/quickjs.js"",""/mnt/c/Users/mzyx/Desktop/0921/js-interpreter-bench/experiments/octane_three_engine/MAIN_MONOTONIC_V1/attempt01/generated/Richards.Richards.N8.measure.js""]",[],140d5233b0337d91cb0f994ae4a051e49aa04da8802acfaedf0a01b81a620b79,/mnt/c/Users/mzyx/Desktop/0921/js-interpreter-bench/experiments/octane_three_engine/MAIN_MONOTONIC_V1/attempt01/generated/Richards.Richards.N8.measure.js,a76a31683e1ef462a01b627153a75f95d6ded5a5df62b29ded8b657b32197d61,cd393c275173f20526562a008951f65a332deffed85e7c804519788b8ebffab7,0,False,30.448874999769032,3.806109374971129,3707274.852791,3707305.301666,,0,"{""pass"":true,""inner_minus_outer_ms"":-15.660134000230968,""tolerance_ms"":5.0}",300,False,0,"TEB_RESULT:{""benchmark"":""Octane"",""case"":""Richards.Richards"",""suite"":""Richards"",""subbenchmark"":""Richards"",""mode"":""MAIN_MONOTONIC_V1"",""phase"":""measure"",""N"":8,""correctness"":""PASS"",""extra_validation_calls"":0,""checksum"":null,""timer"":""benchNow"",""start_ms"":3707274.852791,""stop_ms"":3707305.301666,""elapsed_ms"":30.448874999769032,""elapsed_per_call_ms"":3.806109374971129,""warmup_calls"":0}
",,3707305819518,3707259710509,46109009,94e240b1-774a-4fdc-8be3-8b5e85457d9d,True,PASS,
wsl2-ubuntu2404-x64-20261004,MAIN_MONOTONIC_V1,Octane,calibration,Richards.Richards,Richards,Richards,v8,8,0,2,[],0,0,1,2026-10-05T05:40:56.613681+00:00,"[""/home/mzyx/three_engine_20261004/v8-linux64-rel-15.6.21/d8"",""--snapshot_blob=/home/mzyx/three_engine_20261004/v8-linux64-rel-15.6.21/snapshot_blob.bin"",""--max-opt=0"",""--no-lazy"",""/mnt/c/Users/mzyx/Desktop/0921/js-interpreter-bench/experiments/three_engine_baseline/adapters/v8.js"",""/mnt/c/Users/mzyx/Desktop/0921/js-interpreter-bench/experiments/timer_recovery/adapters/v8.js"",""/mnt/c/Users/mzyx/Desktop/0921/js-interpreter-bench/experiments/octane_three_engine/MAIN_MONOTONIC_V1/attempt01/generated/Richards.Richards.N8.measure.js""]","[""--max-opt=0"",""--no-lazy""]",83b744a5953d2662ea723564d4035a333782a0cc85232d1025929a925150b133,/mnt/c/Users/mzyx/Desktop/0921/js-interpreter-bench/experiments/octane_three_engine/MAIN_MONOTONIC_V1/attempt01/generated/Richards.Richards.N8.measure.js,a76a31683e1ef462a01b627153a75f95d6ded5a5df62b29ded8b657b32197d61,e610d3aa3d2672a5e6d5eccd9aaf05c6ae6758d1b9c4468289f017a231ab7d9f,0,False,18.753999999999998,2.3442499999999997,40.564,59.318,,0,"{""pass"":true,""inner_minus_outer_ms"":-49.497768,""tolerance_ms"":5.0}",300,False,0,"TEB_RESULT:{""benchmark"":""Octane"",""case"":""Richards.Richards"",""suite"":""Richards"",""subbenchmark"":""Richards"",""mode"":""MAIN_MONOTONIC_V1"",""phase"":""measure"",""N"":8,""correctness"":""PASS"",""extra_validation_calls"":0,""checksum"":null,""timer"":""benchNow"",""start_ms"":40.564,""stop_ms"":59.318,""elapsed_ms"":18.753999999999998,""elapsed_per_call_ms"":2.3442499999999997,""warmup_calls"":0}
",,3707452946115,3707384694347,68251768,94e240b1-774a-4fdc-8be3-8b5e85457d9d,True,PASS,
wsl2-ubuntu2404-x64-20261004,MAIN_MONOTONIC_V1,Octane,calibration,Splay.Splay,Splay,Splay,jsc,1,0,3,[],0,0,1,2026-10-05T05:43:14.393409+00:00,"[""/home/mzyx/jsc_build_fd3406f/JSCOnly/Release/bin/jsc"",""--useJIT=false"",""--useLLInt=true"",""--validateOptions=true"",""/mnt/c/Users/mzyx/Desktop/0921/js-interpreter-bench/experiments/three_engine_baseline/adapters/jsc.js"",""/mnt/c/Users/mzyx/Desktop/0921/js-interpreter-bench/experiments/timer_recovery/adapters/jsc.js"",""/mnt/c/Users/mzyx/Desktop/0921/js-interpreter-bench/experiments/octane_three_engine/MAIN_MONOTONIC_V1/attempt01/generated/Splay.Splay.N1.measure.js""]","[""--useJIT=false"",""--useLLInt=true"",""--validateOptions=true""]",65c824a055405bf62b05e21d54515a72a1f0187a4d91225d00a6da969d35879f,/mnt/c/Users/mzyx/Desktop/0921/js-interpreter-bench/experiments/octane_three_engine/MAIN_MONOTONIC_V1/attempt01/generated/Splay.Splay.N1.measure.js,e3e394dc4aa78c88de6f456a0966b8145b7e87d3b67133e9df1653c7a603e877,0c485996a598b7e36f2f292b66397adc0390cbe6b69b55199e47e1c6c1e37010,0,False,1.7399999999999949,1.7399999999999949,115.84,117.58,,0,"{""pass"":true,""inner_minus_outer_ms"":-144.86494199999999,""tolerance_ms"":5.0}",300,False,0,"TEB_RESULT:{""benchmark"":""Octane"",""case"":""Splay.Splay"",""suite"":""Splay"",""subbenchmark"":""Splay"",""mode"":""MAIN_MONOTONIC_V1"",""phase"":""measure"",""N"":1,""correctness"":""PASS"",""extra_validation_calls"":0,""checksum"":null,""timer"":""benchNow"",""start_ms"":115.84,""stop_ms"":117.58,""elapsed_ms"":1.7399999999999949,""elapsed_per_call_ms"":1.7399999999999949,""warmup_calls"":0}
",,3860079474258,3859932869316,146604942,94e240b1-774a-4fdc-8be3-8b5e85457d9d,True,PASS,
wsl2-ubuntu2404-x64-20261004,MAIN_MONOTONIC_V1,Octane,calibration,Splay.Splay,Splay,Splay,quickjs,1,0,1,[],0,0,1,2026-10-05T05:43:13.506414+00:00,"[""/home/mzyx/three_engine_20261004/quickjs-04be246001599f5995fa2f2d8c91a0f198d3f34c/qjs"",""-I"",""/mnt/c/Users/mzyx/Desktop/0921/js-interpreter-bench/experiments/three_engine_baseline/adapters/quickjs.js"",""-I"",""/mnt/c/Users/mzyx/Desktop/0921/js-interpreter-bench/experiments/timer_recovery/adapters/quickjs.js"",""/mnt/c/Users/mzyx/Desktop/0921/js-interpreter-bench/experiments/octane_three_engine/MAIN_MONOTONIC_V1/attempt01/generated/Splay.Splay.N1.measure.js""]",[],140d5233b0337d91cb0f994ae4a051e49aa04da8802acfaedf0a01b81a620b79,/mnt/c/Users/mzyx/Desktop/0921/js-interpreter-bench/experiments/octane_three_engine/MAIN_MONOTONIC_V1/attempt01/generated/Splay.Splay.N1.measure.js,e3e394dc4aa78c88de6f456a0966b8145b7e87d3b67133e9df1653c7a603e877,cd393c275173f20526562a008951f65a332deffed85e7c804519788b8ebffab7,0,False,2.411193999927491,2.411193999927491,3859558.295614,3859560.706808,,0,"{""pass"":true,""inner_minus_outer_ms"":-596.3106320000725,""tolerance_ms"":5.0}",300,False,0,"TEB_RESULT:{""benchmark"":""Octane"",""case"":""Splay.Splay"",""suite"":""Splay"",""subbenchmark"":""Splay"",""mode"":""MAIN_MONOTONIC_V1"",""phase"":""measure"",""N"":1,""correctness"":""PASS"",""extra_validation_calls"":0,""checksum"":null,""timer"":""benchNow"",""start_ms"":3859558.295614,""stop_ms"":3859560.706808,""elapsed_ms"":2.411193999927491,""elapsed_per_call_ms"":2.411193999927491,""warmup_calls"":0}
",,3859652632948,3859053911122,598721826,94e240b1-774a-4fdc-8be3-8b5e85457d9d,True,PASS,
wsl2-ubuntu2404-x64-20261004,MAIN_MONOTONIC_V1,Octane,calibration,Splay.Splay,Splay,Splay,v8,1,0,2,[],0,0,1,2026-10-05T05:43:14.180090+00:00,"[""/home/mzyx/three_engine_20261004/v8-linux64-rel-15.6.21/d8"",""--snapshot_blob=/home/mzyx/three_engine_20261004/v8-linux64-rel-15.6.21/snapshot_blob.bin"",""--max-opt=0"",""--no-lazy"",""/mnt/c/Users/mzyx/Desktop/0921/js-interpreter-bench/experiments/three_engine_baseline/adapters/v8.js"",""/mnt/c/Users/mzyx/Desktop/0921/js-interpreter-bench/experiments/timer_recovery/adapters/v8.js"",""/mnt/c/Users/mzyx/Desktop/0921/js-interpreter-bench/experiments/octane_three_engine/MAIN_MONOTONIC_V1/attempt01/generated/Splay.Splay.N1.measure.js""]","[""--max-opt=0"",""--no-lazy""]",83b744a5953d2662ea723564d4035a333782a0cc85232d1025929a925150b133,/mnt/c/Users/mzyx/Desktop/0921/js-interpreter-bench/experiments/octane_three_engine/MAIN_MONOTONIC_V1/attempt01/generated/Splay.Splay.N1.measure.js,e3e394dc4aa78c88de6f456a0966b8145b7e87d3b67133e9df1653c7a603e877,e610d3aa3d2672a5e6d5eccd9aaf05c6ae6758d1b9c4468289f017a231ab7d9f,0,False,1.1219999999999857,1.1219999999999857,131.58,132.702,,0,"{""pass"":true,""inner_minus_outer_ms"":-145.101132,""tolerance_ms"":5.0}",300,False,0,"TEB_RESULT:{""benchmark"":""Octane"",""case"":""Splay.Splay"",""suite"":""Splay"",""subbenchmark"":""Splay"",""mode"":""MAIN_MONOTONIC_V1"",""phase"":""measure"",""N"":1,""correctness"":""PASS"",""extra_validation_calls"":0,""checksum"":null,""timer"":""benchNow"",""start_ms"":131.58,""stop_ms"":132.702,""elapsed_ms"":1.1219999999999857,""elapsed_per_call_ms"":1.1219999999999857,""warmup_calls"":0}
",,3859864861331,3859718638199,146223132,94e240b1-774a-4fdc-8be3-8b5e85457d9d,True,PASS,
wsl2-ubuntu2404-x64-20261004,MAIN_MONOTONIC_V1,Octane,calibration,Splay.Splay,Splay,Splay,jsc,1024,0,3,[],0,0,1,2026-10-05T05:43:35.020081+00:00,"[""/home/mzyx/jsc_build_fd3406f/JSCOnly/Release/bin/jsc"",""--useJIT=false"",""--useLLInt=true"",""--validateOptions=true"",""/mnt/c/Users/mzyx/Desktop/0921/js-interpreter-bench/experiments/three_engine_baseline/adapters/jsc.js"",""/mnt/c/Users/mzyx/Desktop/0921/js-interpreter-bench/experiments/timer_recovery/adapters/jsc.js"",""/mnt/c/Users/mzyx/Desktop/0921/js-interpreter-bench/experiments/octane_three_engine/MAIN_MONOTONIC_V1/attempt01/generated/Splay.Splay.N1024.measure.js""]","[""--useJIT=false"",""--useLLInt=true"",""--validateOptions=true""]",65c824a055405bf62b05e21d54515a72a1f0187a4d91225d00a6da969d35879f,/mnt/c/Users/mzyx/Desktop/0921/js-interpreter-bench/experiments/octane_three_engine/MAIN_MONOTONIC_V1/attempt01/generated/Splay.Splay.N1024.measure.js,b2a3635c9e9c87d69ff2a9faa023e7d709ea078a7a996280a8639622a174b9d9,0c485996a598b7e36f2f292b66397adc0390cbe6b69b55199e47e1c6c1e37010,0,False,2099.48,2.0502734375,123.44,2222.92,,0,"{""pass"":true,""inner_minus_outer_ms"":-154.51598000000013,""tolerance_ms"":5.0}",300,False,0,"TEB_RESULT:{""benchmark"":""Octane"",""case"":""Splay.Splay"",""suite"":""Splay"",""subbenchmark"":""Splay"",""mode"":""MAIN_MONOTONIC_V1"",""phase"":""measure"",""N"":1024,""correctness"":""PASS"",""extra_validation_calls"":0,""checksum"":null,""timer"":""benchNow"",""start_ms"":123.44,""stop_ms"":2222.92,""elapsed_ms"":2099.48,""elapsed_per_call_ms"":2.0502734375,""warmup_calls"":0}
",,3882812689375,3880558693395,2253995980,94e240b1-774a-4fdc-8be3-8b5e85457d9d,True,PASS,
wsl2-ubuntu2404-x64-20261004,MAIN_MONOTONIC_V1,Octane,calibration,Splay.Splay,Splay,Splay,quickjs,1024,0,1,[],0,0,1,2026-10-05T05:43:30.466560+00:00,"[""/home/mzyx/three_engine_20261004/quickjs-04be246001599f5995fa2f2d8c91a0f198d3f34c/qjs"",""-I"",""/mnt/c/Users/mzyx/Desktop/0921/js-interpreter-bench/experiments/three_engine_baseline/adapters/quickjs.js"",""-I"",""/mnt/c/Users/mzyx/Desktop/0921/js-interpreter-bench/experiments/timer_recovery/adapters/quickjs.js"",""/mnt/c/Users/mzyx/Desktop/0921/js-interpreter-bench/experiments/octane_three_engine/MAIN_MONOTONIC_V1/attempt01/generated/Splay.Splay.N1024.measure.js""]",[],140d5233b0337d91cb0f994ae4a051e49aa04da8802acfaedf0a01b81a620b79,/mnt/c/Users/mzyx/Desktop/0921/js-interpreter-bench/experiments/octane_three_engine/MAIN_MONOTONIC_V1/attempt01/generated/Splay.Splay.N1024.measure.js,b2a3635c9e9c87d69ff2a9faa023e7d709ea078a7a996280a8639622a174b9d9,cd393c275173f20526562a008951f65a332deffed85e7c804519788b8ebffab7,0,False,2525.373687000014,2.466185241210951,3876490.353667,3879015.727354,,0,"{""pass"":true,""inner_minus_outer_ms"":-575.8743109999859,""tolerance_ms"":5.0}",300,False,0,"TEB_RESULT:{""benchmark"":""Octane"",""case"":""Splay.Splay"",""suite"":""Splay"",""subbenchmark"":""Splay"",""mode"":""MAIN_MONOTONIC_V1"",""phase"":""measure"",""N"":1024,""correctness"":""PASS"",""extra_validation_calls"":0,""checksum"":null,""timer"":""benchNow"",""start_ms"":3876490.353667,""stop_ms"":3879015.727354,""elapsed_ms"":2525.373687000014,""elapsed_per_call_ms"":2.466185241210951,""warmup_calls"":0}
",,3879120385145,3876019137147,3101247998,94e240b1-774a-4fdc-8be3-8b5e85457d9d,True,PASS,
wsl2-ubuntu2404-x64-20261004,MAIN_MONOTONIC_V1,Octane,calibration,Splay.Splay,Splay,Splay,v8,1024,0,2,[],0,0,1,2026-10-05T05:43:33.651612+00:00,"[""/home/mzyx/three_engine_20261004/v8-linux64-rel-15.6.21/d8"",""--snapshot_blob=/home/mzyx/three_engine_20261004/v8-linux64-rel-15.6.21/snapshot_blob.bin"",""--max-opt=0"",""--no-lazy"",""/mnt/c/Users/mzyx/Desktop/0921/js-interpreter-bench/experiments/three_engine_baseline/adapters/v8.js"",""/mnt/c/Users/mzyx/Desktop/0921/js-interpreter-bench/experiments/timer_recovery/adapters/v8.js"",""/mnt/c/Users/mzyx/Desktop/0921/js-interpreter-bench/experiments/octane_three_engine/MAIN_MONOTONIC_V1/attempt01/generated/Splay.Splay.N1024.measure.js""]","[""--max-opt=0"",""--no-lazy""]",83b744a5953d2662ea723564d4035a333782a0cc85232d1025929a925150b133,/mnt/c/Users/mzyx/Desktop/0921/js-interpreter-bench/experiments/octane_three_engine/MAIN_MONOTONIC_V1/attempt01/generated/Splay.Splay.N1024.measure.js,b2a3635c9e9c87d69ff2a9faa023e7d709ea078a7a996280a8639622a174b9d9,e610d3aa3d2672a5e6d5eccd9aaf05c6ae6758d1b9c4468289f017a231ab7d9f,0,False,1122.087,1.0957880859375,135.393,1257.48,,0,"{""pass"":true,""inner_minus_outer_ms"":-174.27389100000005,""tolerance_ms"":5.0}",300,False,0,"TEB_RESULT:{""benchmark"":""Octane"",""case"":""Splay.Splay"",""suite"":""Splay"",""subbenchmark"":""Splay"",""mode"":""MAIN_MONOTONIC_V1"",""phase"":""measure"",""N"":1024,""correctness"":""PASS"",""extra_validation_calls"":0,""checksum"":null,""timer"":""benchNow"",""start_ms"":135.393,""stop_ms"":1257.48,""elapsed_ms"":1122.087,""elapsed_per_call_ms"":1.0957880859375,""warmup_calls"":0}
",,3880486632216,3879190271325,1296360891,94e240b1-774a-4fdc-8be3-8b5e85457d9d,True,PASS,
wsl2-ubuntu2404-x64-20261004,MAIN_MONOTONIC_V1,Octane,calibration,Splay.Splay,Splay,Splay,jsc,128,0,3,[],0,0,1,2026-10-05T05:43:23.258419+00:00,"[""/home/mzyx/jsc_build_fd3406f/JSCOnly/Release/bin/jsc"",""--useJIT=false"",""--useLLInt=true"",""--validateOptions=true"",""/mnt/c/Users/mzyx/Desktop/0921/js-interpreter-bench/experiments/three_engine_baseline/adapters/jsc.js"",""/mnt/c/Users/mzyx/Desktop/0921/js-interpreter-bench/experiments/timer_recovery/adapters/jsc.js"",""/mnt/c/Users/mzyx/Desktop/0921/js-interpreter-bench/experiments/octane_three_engine/MAIN_MONOTONIC_V1/attempt01/generated/Splay.Splay.N128.measure.js""]","[""--useJIT=false"",""--useLLInt=true"",""--validateOptions=true""]",65c824a055405bf62b05e21d54515a72a1f0187a4d91225d00a6da969d35879f,/mnt/c/Users/mzyx/Desktop/0921/js-interpreter-bench/experiments/octane_three_engine/MAIN_MONOTONIC_V1/attempt01/generated/Splay.Splay.N128.measure.js,6df9646e984736a26e811f9933ad9efa4a06146291977aac83e027ada4498993,0c485996a598b7e36f2f292b66397adc0390cbe6b69b55199e47e1c6c1e37010,0,False,260.44,2.0346875,127.44,387.88,,0,"{""pass"":true,""inner_minus_outer_ms"":-163.551846,""tolerance_ms"":5.0}",300,False,0,"TEB_RESULT:{""benchmark"":""Octane"",""case"":""Splay.Splay"",""suite"":""Splay"",""subbenchmark"":""Splay"",""mode"":""MAIN_MONOTONIC_V1"",""phase"":""measure"",""N"":128,""correctness"":""PASS"",""extra_validation_calls"":0,""checksum"":null,""timer"":""benchNow"",""start_ms"":127.44,""stop_ms"":387.88,""elapsed_ms"":260.44,""elapsed_per_call_ms"":2.0346875,""warmup_calls"":0}
",,3869221061234,3868797069388,423991846,94e240b1-774a-4fdc-8be3-8b5e85457d9d,True,PASS,
wsl2-ubuntu2404-x64-20261004,MAIN_MONOTONIC_V1,Octane,calibration,Splay.Splay,Splay,Splay,quickjs,128,0,1,[],0,0,1,2026-10-05T05:43:21.932441+00:00,"[""/home/mzyx/three_engine_20261004/quickjs-04be246001599f5995fa2f2d8c91a0f198d3f34c/qjs"",""-I"",""/mnt/c/Users/mzyx/Desktop/0921/js-interpreter-bench/experiments/three_engine_baseline/adapters/quickjs.js"",""-I"",""/mnt/c/Users/mzyx/Desktop/0921/js-interpreter-bench/experiments/timer_recovery/adapters/quickjs.js"",""/mnt/c/Users/mzyx/Desktop/0921/js-interpreter-bench/experiments/octane_three_engine/MAIN_MONOTONIC_V1/attempt01/generated/Splay.Splay.N128.measure.js""]",[],140d5233b0337d91cb0f994ae4a051e49aa04da8802acfaedf0a01b81a620b79,/mnt/c/Users/mzyx/Desktop/0921/js-interpreter-bench/experiments/octane_three_engine/MAIN_MONOTONIC_V1/attempt01/generated/Splay.Splay.N128.measure.js,6df9646e984736a26e811f9933ad9efa4a06146291977aac83e027ada4498993,cd393c275173f20526562a008951f65a332deffed85e7c804519788b8ebffab7,0,False,301.7657459997572,2.357544890623103,3867936.8289,3868238.594646,,0,"{""pass"":true,""inner_minus_outer_ms"":-552.2828270002428,""tolerance_ms"":5.0}",300,False,0,"TEB_RESULT:{""benchmark"":""Octane"",""case"":""Splay.Splay"",""suite"":""Splay"",""subbenchmark"":""Splay"",""mode"":""MAIN_MONOTONIC_V1"",""phase"":""measure"",""N"":128,""correctness"":""PASS"",""extra_validation_calls"":0,""checksum"":null,""timer"":""benchNow"",""start_ms"":3867936.8289,""stop_ms"":3868238.594646,""elapsed_ms"":301.7657459997572,""elapsed_per_call_ms"":2.357544890623103,""warmup_calls"":0}
",,3868335317363,3867481268790,854048573,94e240b1-774a-4fdc-8be3-8b5e85457d9d,True,PASS,
wsl2-ubuntu2404-x64-20261004,MAIN_MONOTONIC_V1,Octane,calibration,Splay.Splay,Splay,Splay,v8,128,0,2,[],0,0,1,2026-10-05T05:43:22.869910+00:00,"[""/home/mzyx/three_engine_20261004/v8-linux64-rel-15.6.21/d8"",""--snapshot_blob=/home/mzyx/three_engine_20261004/v8-linux64-rel-15.6.21/snapshot_blob.bin"",""--max-opt=0"",""--no-lazy"",""/mnt/c/Users/mzyx/Desktop/0921/js-interpreter-bench/experiments/three_engine_baseline/adapters/v8.js"",""/mnt/c/Users/mzyx/Desktop/0921/js-interpreter-bench/experiments/timer_recovery/adapters/v8.js"",""/mnt/c/Users/mzyx/Desktop/0921/js-interpreter-bench/experiments/octane_three_engine/MAIN_MONOTONIC_V1/attempt01/generated/Splay.Splay.N128.measure.js""]","[""--max-opt=0"",""--no-lazy""]",83b744a5953d2662ea723564d4035a333782a0cc85232d1025929a925150b133,/mnt/c/Users/mzyx/Desktop/0921/js-interpreter-bench/experiments/octane_three_engine/MAIN_MONOTONIC_V1/attempt01/generated/Splay.Splay.N128.measure.js,6df9646e984736a26e811f9933ad9efa4a06146291977aac83e027ada4498993,e610d3aa3d2672a5e6d5eccd9aaf05c6ae6758d1b9c4468289f017a231ab7d9f,0,False,141.372,1.10446875,157.209,298.581,,0,"{""pass"":true,""inner_minus_outer_ms"":-178.0014,""tolerance_ms"":5.0}",300,False,0,"TEB_RESULT:{""benchmark"":""Octane"",""case"":""Splay.Splay"",""suite"":""Splay"",""subbenchmark"":""Splay"",""mode"":""MAIN_MONOTONIC_V1"",""phase"":""measure"",""N"":128,""correctness"":""PASS"",""extra_validation_calls"":0,""checksum"":null,""timer"":""benchNow"",""start_ms"":157.209,""stop_ms"":298.581,""elapsed_ms"":141.372,""elapsed_per_call_ms"":1.10446875,""warmup_calls"":0}
",,3868728777104,3868409403704,319373400,94e240b1-774a-4fdc-8be3-8b5e85457d9d,True,PASS,
wsl2-ubuntu2404-x64-20261004,MAIN_MONOTONIC_V1,Octane,calibration,Splay.Splay,Splay,Splay,jsc,16,0,3,[],0,0,1,2026-10-05T05:43:18.951092+00:00,"[""/home/mzyx/jsc_build_fd3406f/JSCOnly/Release/bin/jsc"",""--useJIT=false"",""--useLLInt=true"",""--validateOptions=true"",""/mnt/c/Users/mzyx/Desktop/0921/js-interpreter-bench/experiments/three_engine_baseline/adapters/jsc.js"",""/mnt/c/Users/mzyx/Desktop/0921/js-interpreter-bench/experiments/timer_recovery/adapters/jsc.js"",""/mnt/c/Users/mzyx/Desktop/0921/js-interpreter-bench/experiments/octane_three_engine/MAIN_MONOTONIC_V1/attempt01/generated/Splay.Splay.N16.measure.js""]","[""--useJIT=false"",""--useLLInt=true"",""--validateOptions=true""]",65c824a055405bf62b05e21d54515a72a1f0187a4d91225d00a6da969d35879f,/mnt/c/Users/mzyx/Desktop/0921/js-interpreter-bench/experiments/octane_three_engine/MAIN_MONOTONIC_V1/attempt01/generated/Splay.Splay.N16.measure.js,16c2cc2732c470aecbb9082bfd87293ccd527f90f47d6b58917b74f75796aeed,0c485996a598b7e36f2f292b66397adc0390cbe6b69b55199e47e1c6c1e37010,0,False,34.42,2.15125,126.2,160.62,,0,"{""pass"":true,""inner_minus_outer_ms"":-163.50194499999998,""tolerance_ms"":5.0}",300,False,0,"TEB_RESULT:{""benchmark"":""Octane"",""case"":""Splay.Splay"",""suite"":""Splay"",""subbenchmark"":""Splay"",""mode"":""MAIN_MONOTONIC_V1"",""phase"":""measure"",""N"":16,""correctness"":""PASS"",""extra_validation_calls"":0,""checksum"":null,""timer"":""benchNow"",""start_ms"":126.2,""stop_ms"":160.62,""elapsed_ms"":34.42,""elapsed_per_call_ms"":2.15125,""warmup_calls"":0}
",,3864687891784,3864489969839,197921945,94e240b1-774a-4fdc-8be3-8b5e85457d9d,True,PASS,
wsl2-ubuntu2404-x64-20261004,MAIN_MONOTONIC_V1,Octane,calibration,Splay.Splay,Splay,Splay,quickjs,16,0,1,[],0,0,1,2026-10-05T05:43:18.053909+00:00,"[""/home/mzyx/three_engine_20261004/quickjs-04be246001599f5995fa2f2d8c91a0f198d3f34c/qjs"",""-I"",""/mnt/c/Users/mzyx/Desktop/0921/js-interpreter-bench/experiments/three_engine_baseline/adapters/quickjs.js"",""-I"",""/mnt/c/Users/mzyx/Desktop/0921/js-interpreter-bench/experiments/timer_recovery/adapters/quickjs.js"",""/mnt/c/Users/mzyx/Desktop/0921/js-interpreter-bench/experiments/octane_three_engine/MAIN_MONOTONIC_V1/attempt01/generated/Splay.Splay.N16.measure.js""]",[],140d5233b0337d91cb0f994ae4a051e49aa04da8802acfaedf0a01b81a620b79,/mnt/c/Users/mzyx/Desktop/0921/js-interpreter-bench/experiments/octane_three_engine/MAIN_MONOTONIC_V1/attempt01/generated/Splay.Splay.N16.measure.js,16c2cc2732c470aecbb9082bfd87293ccd527f90f47d6b58917b74f75796aeed,cd393c275173f20526562a008951f65a332deffed85e7c804519788b8ebffab7,0,False,36.45815100008622,2.2786344375053886,3864048.318806,3864084.776957,,0,"{""pass"":true,""inner_minus_outer_ms"":-536.2421399999138,""tolerance_ms"":5.0}",300,False,0,"TEB_RESULT:{""benchmark"":""Octane"",""case"":""Splay.Splay"",""suite"":""Splay"",""subbenchmark"":""Splay"",""mode"":""MAIN_MONOTONIC_V1"",""phase"":""measure"",""N"":16,""correctness"":""PASS"",""extra_validation_calls"":0,""checksum"":null,""timer"":""benchNow"",""start_ms"":3864048.318806,""stop_ms"":3864084.776957,""elapsed_ms"":36.45815100008622,""elapsed_per_call_ms"":2.2786344375053886,""warmup_calls"":0}
",,3864178529414,3863605829123,572700291,94e240b1-774a-4fdc-8be3-8b5e85457d9d,True,PASS,
wsl2-ubuntu2404-x64-20261004,MAIN_MONOTONIC_V1,Octane,calibration,Splay.Splay,Splay,Splay,v8,16,0,2,[],0,0,1,2026-10-05T05:43:18.709353+00:00,"[""/home/mzyx/three_engine_20261004/v8-linux64-rel-15.6.21/d8"",""--snapshot_blob=/home/mzyx/three_engine_20261004/v8-linux64-rel-15.6.21/snapshot_blob.bin"",""--max-opt=0"",""--no-lazy"",""/mnt/c/Users/mzyx/Desktop/0921/js-interpreter-bench/experiments/three_engine_baseline/adapters/v8.js"",""/mnt/c/Users/mzyx/Desktop/0921/js-interpreter-bench/experiments/timer_recovery/adapters/v8.js"",""/mnt/c/Users/mzyx/Desktop/0921/js-interpreter-bench/experiments/octane_three_engine/MAIN_MONOTONIC_V1/attempt01/generated/Splay.Splay.N16.measure.js""]","[""--max-opt=0"",""--no-lazy""]",83b744a5953d2662ea723564d4035a333782a0cc85232d1025929a925150b133,/mnt/c/Users/mzyx/Desktop/0921/js-interpreter-bench/experiments/octane_three_engine/MAIN_MONOTONIC_V1/attempt01/generated/Splay.Splay.N16.measure.js,16c2cc2732c470aecbb9082bfd87293ccd527f90f47d6b58917b74f75796aeed,e610d3aa3d2672a5e6d5eccd9aaf05c6ae6758d1b9c4468289f017a231ab7d9f,0,False,15.60299999999998,0.9751874999999988,132.775,148.378,,0,"{""pass"":true,""inner_minus_outer_ms"":-154.82944500000002,""tolerance_ms"":5.0}",300,False,0,"TEB_RESULT:{""benchmark"":""Octane"",""case"":""Splay.Splay"",""suite"":""Splay"",""subbenchmark"":""Splay"",""mode"":""MAIN_MONOTONIC_V1"",""phase"":""measure"",""N"":16,""correctness"":""PASS"",""extra_validation_calls"":0,""checksum"":null,""timer"":""benchNow"",""start_ms"":132.775,""stop_ms"":148.378,""elapsed_ms"":15.60299999999998,""elapsed_per_call_ms"":0.9751874999999988,""warmup_calls"":0}
",,3864419655263,3864249222818,170432445,94e240b1-774a-4fdc-8be3-8b5e85457d9d,True,PASS,
wsl2-ubuntu2404-x64-20261004,MAIN_MONOTONIC_V1,Octane,calibration,Splay.Splay,Splay,Splay,jsc,2,0,3,[],0,0,1,2026-10-05T05:43:15.552487+00:00,"[""/home/mzyx/jsc_build_fd3406f/JSCOnly/Release/bin/jsc"",""--useJIT=false"",""--useLLInt=true"",""--validateOptions=true"",""/mnt/c/Users/mzyx/Desktop/0921/js-interpreter-bench/experiments/three_engine_baseline/adapters/jsc.js"",""/mnt/c/Users/mzyx/Desktop/0921/js-interpreter-bench/experiments/timer_recovery/adapters/jsc.js"",""/mnt/c/Users/mzyx/Desktop/0921/js-interpreter-bench/experiments/octane_three_engine/MAIN_MONOTONIC_V1/attempt01/generated/Splay.Splay.N2.measure.js""]","[""--useJIT=false"",""--useLLInt=true"",""--validateOptions=true""]",65c824a055405bf62b05e21d54515a72a1f0187a4d91225d00a6da969d35879f,/mnt/c/Users/mzyx/Desktop/0921/js-interpreter-bench/experiments/octane_three_engine/MAIN_MONOTONIC_V1/attempt01/generated/Splay.Splay.N2.measure.js,40220ad1111f955baf1fc64cb43e01d4686a08d7686effc5dbfea2857596e4c2,0c485996a598b7e36f2f292b66397adc0390cbe6b69b55199e47e1c6c1e37010,0,False,3.0799999999999983,1.5399999999999991,126.08,129.16,,0,"{""pass"":true,""inner_minus_outer_ms"":-157.553695,""tolerance_ms"":5.0}",300,False,0,"TEB_RESULT:{""benchmark"":""Octane"",""case"":""Splay.Splay"",""suite"":""Splay"",""subbenchmark"":""Splay"",""mode"":""MAIN_MONOTONIC_V1"",""phase"":""measure"",""N"":2,""correctness"":""PASS"",""extra_validation_calls"":0,""checksum"":null,""timer"":""benchNow"",""start_ms"":126.08,""stop_ms"":129.16,""elapsed_ms"":3.0799999999999983,""elapsed_per_call_ms"":1.5399999999999991,""warmup_calls"":0}
",,3861252666149,3861092032454,160633695,94e240b1-774a-4fdc-8be3-8b5e85457d9d,True,PASS,
wsl2-ubuntu2404-x64-20261004,MAIN_MONOTONIC_V1,Octane,calibration,Splay.Splay,Splay,Splay,quickjs,2,0,1,[],0,0,1,2026-10-05T05:43:14.616988+00:00,"[""/home/mzyx/three_engine_20261004/quickjs-04be246001599f5995fa2f2d8c91a0f198d3f34c/qjs"",""-I"",""/mnt/c/Users/mzyx/Desktop/0921/js-interpreter-bench/experiments/three_engine_baseline/adapters/quickjs.js"",""-I"",""/mnt/c/Users/mzyx/Desktop/0921/js-interpreter-bench/experiments/timer_recovery/adapters/quickjs.js"",""/mnt/c/Users/mzyx/Desktop/0921/js-interpreter-bench/experiments/octane_three_engine/MAIN_MONOTONIC_V1/attempt01/generated/Splay.Splay.N2.measure.js""]",[],140d5233b0337d91cb0f994ae4a051e49aa04da8802acfaedf0a01b81a620b79,/mnt/c/Users/mzyx/Desktop/0921/js-interpreter-bench/experiments/octane_three_engine/MAIN_MONOTONIC_V1/attempt01/generated/Splay.Splay.N2.measure.js,40220ad1111f955baf1fc64cb43e01d4686a08d7686effc5dbfea2857596e4c2,cd393c275173f20526562a008951f65a332deffed85e7c804519788b8ebffab7,0,False,4.972062999848276,2.486031499924138,3860698.751232,3860703.723295,,0,"{""pass"":true,""inner_minus_outer_ms"":-623.0293280001517,""tolerance_ms"":5.0}",300,False,0,"TEB_RESULT:{""benchmark"":""Octane"",""case"":""Splay.Splay"",""suite"":""Splay"",""subbenchmark"":""Splay"",""mode"":""MAIN_MONOTONIC_V1"",""phase"":""measure"",""N"":2,""correctness"":""PASS"",""extra_validation_calls"":0,""checksum"":null,""timer"":""benchNow"",""start_ms"":3860698.751232,""stop_ms"":3860703.723295,""elapsed_ms"":4.972062999848276,""elapsed_per_call_ms"":2.486031499924138,""warmup_calls"":0}
",,3860797709922,3860169708531,628001391,94e240b1-774a-4fdc-8be3-8b5e85457d9d,True,PASS,
wsl2-ubuntu2404-x64-20261004,MAIN_MONOTONIC_V1,Octane,calibration,Splay.Splay,Splay,Splay,v8,2,0,2,[],0,0,1,2026-10-05T05:43:15.330262+00:00,"[""/home/mzyx/three_engine_20261004/v8-linux64-rel-15.6.21/d8"",""--snapshot_blob=/home/mzyx/three_engine_20261004/v8-linux64-rel-15.6.21/snapshot_blob.bin"",""--max-opt=0"",""--no-lazy"",""/mnt/c/Users/mzyx/Desktop/0921/js-interpreter-bench/experiments/three_engine_baseline/adapters/v8.js"",""/mnt/c/Users/mzyx/Desktop/0921/js-interpreter-bench/experiments/timer_recovery/adapters/v8.js"",""/mnt/c/Users/mzyx/Desktop/0921/js-interpreter-bench/experiments/octane_three_engine/MAIN_MONOTONIC_V1/attempt01/generated/Splay.Splay.N2.measure.js""]","[""--max-opt=0"",""--no-lazy""]",83b744a5953d2662ea723564d4035a333782a0cc85232d1025929a925150b133,/mnt/c/Users/mzyx/Desktop/0921/js-interpreter-bench/experiments/octane_three_engine/MAIN_MONOTONIC_V1/attempt01/generated/Splay.Splay.N2.measure.js,40220ad1111f955baf1fc64cb43e01d4686a08d7686effc5dbfea2857596e4c2,e610d3aa3d2672a5e6d5eccd9aaf05c6ae6758d1b9c4468289f017a231ab7d9f,0,False,2.2379999999999995,1.1189999999999998,136.332,138.57,,0,"{""pass"":true,""inner_minus_outer_ms"":-150.259026,""tolerance_ms"":5.0}",300,False,0,"TEB_RESULT:{""benchmark"":""Octane"",""case"":""Splay.Splay"",""suite"":""Splay"",""subbenchmark"":""Splay"",""mode"":""MAIN_MONOTONIC_V1"",""phase"":""measure"",""N"":2,""correctness"":""PASS"",""extra_validation_calls"":0,""checksum"":null,""timer"":""benchNow"",""start_ms"":136.332,""stop_ms"":138.57,""elapsed_ms"":2.2379999999999995,""elapsed_per_call_ms"":1.1189999999999998,""warmup_calls"":0}
",,3861022491558,3860869994532,152497026,94e240b1-774a-4fdc-8be3-8b5e85457d9d,True,PASS,
wsl2-ubuntu2404-x64-20261004,MAIN_MONOTONIC_V1,Octane,calibration,Splay.Splay,Splay,Splay,jsc,256,0,3,[],0,0,1,2026-10-05T05:43:25.768414+00:00,"[""/home/mzyx/jsc_build_fd3406f/JSCOnly/Release/bin/jsc"",""--useJIT=false"",""--useLLInt=true"",""--validateOptions=true"",""/mnt/c/Users/mzyx/Desktop/0921/js-interpreter-bench/experiments/three_engine_baseline/adapters/jsc.js"",""/mnt/c/Users/mzyx/Desktop/0921/js-interpreter-bench/experiments/timer_recovery/adapters/jsc.js"",""/mnt/c/Users/mzyx/Desktop/0921/js-interpreter-bench/experiments/octane_three_engine/MAIN_MONOTONIC_V1/attempt01/generated/Splay.Splay.N256.measure.js""]","[""--useJIT=false"",""--useLLInt=true"",""--validateOptions=true""]",65c824a055405bf62b05e21d54515a72a1f0187a4d91225d00a6da969d35879f,/mnt/c/Users/mzyx/Desktop/0921/js-interpreter-bench/experiments/octane_three_engine/MAIN_MONOTONIC_V1/attempt01/generated/Splay.Splay.N256.measure.js,2c8c4bd43da6a0a4f8c2c51388c4bebffc6477e776905fef250fc79e8c071ba4,0c485996a598b7e36f2f292b66397adc0390cbe6b69b55199e47e1c6c1e37010,0,False,547.52,2.13875,131,678.52,,0,"{""pass"":true,""inner_minus_outer_ms"":-166.312276,""tolerance_ms"":5.0}",300,False,0,"TEB_RESULT:{""benchmark"":""Octane"",""case"":""Splay.Splay"",""suite"":""Splay"",""subbenchmark"":""Splay"",""mode"":""MAIN_MONOTONIC_V1"",""phase"":""measure"",""N"":256,""correctness"":""PASS"",""extra_validation_calls"":0,""checksum"":null,""timer"":""benchNow"",""start_ms"":131,""stop_ms"":678.52,""elapsed_ms"":547.52,""elapsed_per_call_ms"":2.13875,""warmup_calls"":0}
",,3872021820380,3871307988104,713832276,94e240b1-774a-4fdc-8be3-8b5e85457d9d,True,PASS,
wsl2-ubuntu2404-x64-20261004,MAIN_MONOTONIC_V1,Octane,calibration,Splay.Splay,Splay,Splay,quickjs,256,0,1,[],0,0,1,2026-10-05T05:43:23.749781+00:00,"[""/home/mzyx/three_engine_20261004/quickjs-04be246001599f5995fa2f2d8c91a0f198d3f34c/qjs"",""-I"",""/mnt/c/Users/mzyx/Desktop/0921/js-interpreter-bench/experiments/three_engine_baseline/adapters/quickjs.js"",""-I"",""/mnt/c/Users/mzyx/Desktop/0921/js-interpreter-bench/experiments/timer_recovery/adapters/quickjs.js"",""/mnt/c/Users/mzyx/Desktop/0921/js-interpreter-bench/experiments/octane_three_engine/MAIN_MONOTONIC_V1/attempt01/generated/Splay.Splay.N256.measure.js""]",[],140d5233b0337d91cb0f994ae4a051e49aa04da8802acfaedf0a01b81a620b79,/mnt/c/Users/mzyx/Desktop/0921/js-interpreter-bench/experiments/octane_three_engine/MAIN_MONOTONIC_V1/attempt01/generated/Splay.Splay.N256.measure.js,2c8c4bd43da6a0a4f8c2c51388c4bebffc6477e776905fef250fc79e8c071ba4,cd393c275173f20526562a008951f65a332deffed85e7c804519788b8ebffab7,0,False,698.0418330002576,2.7267259101572563,3869813.852449,3870511.894282,,0,"{""pass"":true,""inner_minus_outer_ms"":-635.3692939997425,""tolerance_ms"":5.0}",300,False,0,"TEB_RESULT:{""benchmark"":""Octane"",""case"":""Splay.Splay"",""suite"":""Splay"",""subbenchmark"":""Splay"",""mode"":""MAIN_MONOTONIC_V1"",""phase"":""measure"",""N"":256,""correctness"":""PASS"",""extra_validation_calls"":0,""checksum"":null,""timer"":""benchNow"",""start_ms"":3869813.852449,""stop_ms"":3870511.894282,""elapsed_ms"":698.0418330002576,""elapsed_per_call_ms"":2.7267259101572563,""warmup_calls"":0}
",,3870633646120,3869300234993,1333411127,94e240b1-774a-4fdc-8be3-8b5e85457d9d,True,PASS,
wsl2-ubuntu2404-x64-20261004,MAIN_MONOTONIC_V1,Octane,calibration,Splay.Splay,Splay,Splay,v8,256,0,2,[],0,0,1,2026-10-05T05:43:25.173420+00:00,"[""/home/mzyx/three_engine_20261004/v8-linux64-rel-15.6.21/d8"",""--snapshot_blob=/home/mzyx/three_engine_20261004/v8-linux64-rel-15.6.21/snapshot_blob.bin"",""--max-opt=0"",""--no-lazy"",""/mnt/c/Users/mzyx/Desktop/0921/js-interpreter-bench/experiments/three_engine_baseline/adapters/v8.js"",""/mnt/c/Users/mzyx/Desktop/0921/js-interpreter-bench/experiments/timer_recovery/adapters/v8.js"",""/mnt/c/Users/mzyx/Desktop/0921/js-interpreter-bench/experiments/octane_three_engine/MAIN_MONOTONIC_V1/attempt01/generated/Splay.Splay.N256.measure.js""]","[""--max-opt=0"",""--no-lazy""]",83b744a5953d2662ea723564d4035a333782a0cc85232d1025929a925150b133,/mnt/c/Users/mzyx/Desktop/0921/js-interpreter-bench/experiments/octane_three_engine/MAIN_MONOTONIC_V1/attempt01/generated/Splay.Splay.N256.measure.js,2c8c4bd43da6a0a4f8c2c51388c4bebffc6477e776905fef250fc79e8c071ba4,e610d3aa3d2672a5e6d5eccd9aaf05c6ae6758d1b9c4468289f017a231ab7d9f,0,False,335.745,1.31150390625,152.139,487.884,,0,"{""pass"":true,""inner_minus_outer_ms"":-186.421783,""tolerance_ms"":5.0}",300,False,0,"TEB_RESULT:{""benchmark"":""Octane"",""case"":""Splay.Splay"",""suite"":""Splay"",""subbenchmark"":""Splay"",""mode"":""MAIN_MONOTONIC_V1"",""phase"":""measure"",""N"":256,""correctness"":""PASS"",""extra_validation_calls"":0,""checksum"":null,""timer"":""benchNow"",""start_ms"":152.139,""stop_ms"":487.884,""elapsed_ms"":335.745,""elapsed_per_call_ms"":1.31150390625,""warmup_calls"":0}
",,3871236694974,3870714528191,522166783,94e240b1-774a-4fdc-8be3-8b5e85457d9d,True,PASS,
wsl2-ubuntu2404-x64-20261004,MAIN_MONOTONIC_V1,Octane,calibration,Splay.Splay,Splay,Splay,jsc,32,0,3,[],0,0,1,2026-10-05T05:43:20.238447+00:00,"[""/home/mzyx/jsc_build_fd3406f/JSCOnly/Release/bin/jsc"",""--useJIT=false"",""--useLLInt=true"",""--validateOptions=true"",""/mnt/c/Users/mzyx/Desktop/0921/js-interpreter-bench/experiments/three_engine_baseline/adapters/jsc.js"",""/mnt/c/Users/mzyx/Desktop/0921/js-interpreter-bench/experiments/timer_recovery/adapters/jsc.js"",""/mnt/c/Users/mzyx/Desktop/0921/js-interpreter-bench/experiments/octane_three_engine/MAIN_MONOTONIC_V1/attempt01/generated/Splay.Splay.N32.measure.js""]","[""--useJIT=false"",""--useLLInt=true"",""--validateOptions=true""]",65c824a055405bf62b05e21d54515a72a1f0187a4d91225d00a6da969d35879f,/mnt/c/Users/mzyx/Desktop/0921/js-interpreter-bench/experiments/octane_three_engine/MAIN_MONOTONIC_V1/attempt01/generated/Splay.Splay.N32.measure.js,cb01d802d367b37550500aea29a8141044f559e20275c55a42bf8f401bd2784c,0c485996a598b7e36f2f292b66397adc0390cbe6b69b55199e47e1c6c1e37010,0,False,64.44,2.01375,112.56,177,,0,"{""pass"":true,""inner_minus_outer_ms"":-142.656061,""tolerance_ms"":5.0}",300,False,0,"TEB_RESULT:{""benchmark"":""Octane"",""case"":""Splay.Splay"",""suite"":""Splay"",""subbenchmark"":""Splay"",""mode"":""MAIN_MONOTONIC_V1"",""phase"":""measure"",""N"":32,""correctness"":""PASS"",""extra_validation_calls"":0,""checksum"":null,""timer"":""benchNow"",""start_ms"":112.56,""stop_ms"":177,""elapsed_ms"":64.44,""elapsed_per_call_ms"":2.01375,""warmup_calls"":0}
",,3865984157892,3865777061831,207096061,94e240b1-774a-4fdc-8be3-8b5e85457d9d,True,PASS,
wsl2-ubuntu2404-x64-20261004,MAIN_MONOTONIC_V1,Octane,calibration,Splay.Splay,Splay,Splay,quickjs,32,0,1,[],0,0,1,2026-10-05T05:43:19.218447+00:00,"[""/home/mzyx/three_engine_20261004/quickjs-04be246001599f5995fa2f2d8c91a0f198d3f34c/qjs"",""-I"",""/mnt/c/Users/mzyx/Desktop/0921/js-interpreter-bench/experiments/three_engine_baseline/adapters/quickjs.js"",""-I"",""/mnt/c/Users/mzyx/Desktop/0921/js-interpreter-bench/experiments/timer_recovery/adapters/quickjs.js"",""/mnt/c/Users/mzyx/Desktop/0921/js-interpreter-bench/experiments/octane_three_engine/MAIN_MONOTONIC_V1/attempt01/generated/Splay.Splay.N32.measure.js""]",[],140d5233b0337d91cb0f994ae4a051e49aa04da8802acfaedf0a01b81a620b79,/mnt/c/Users/mzyx/Desktop/0921/js-interpreter-bench/experiments/octane_three_engine/MAIN_MONOTONIC_V1/attempt01/generated/Splay.Splay.N32.measure.js,cb01d802d367b37550500aea29a8141044f559e20275c55a42bf8f401bd2784c,cd393c275173f20526562a008951f65a332deffed85e7c804519788b8ebffab7,0,False,76.35970599995926,2.386240812498727,3865282.952558,3865359.312264,,0,"{""pass"":true,""inner_minus_outer_ms"":-611.7660410000408,""tolerance_ms"":5.0}",300,False,0,"TEB_RESULT:{""benchmark"":""Octane"",""case"":""Splay.Splay"",""suite"":""Splay"",""subbenchmark"":""Splay"",""mode"":""MAIN_MONOTONIC_V1"",""phase"":""measure"",""N"":32,""correctness"":""PASS"",""extra_validation_calls"":0,""checksum"":null,""timer"":""benchNow"",""start_ms"":3865282.952558,""stop_ms"":3865359.312264,""elapsed_ms"":76.35970599995926,""elapsed_per_call_ms"":2.386240812498727,""warmup_calls"":0}
",,3865453350524,3864765224777,688125747,94e240b1-774a-4fdc-8be3-8b5e85457d9d,True,PASS,
wsl2-ubuntu2404-x64-20261004,MAIN_MONOTONIC_V1,Octane,calibration,Splay.Splay,Splay,Splay,v8,32,0,2,[],0,0,1,2026-10-05T05:43:19.985399+00:00,"[""/home/mzyx/three_engine_20261004/v8-linux64-rel-15.6.21/d8"",""--snapshot_blob=/home/mzyx/three_engine_20261004/v8-linux64-rel-15.6.21/snapshot_blob.bin"",""--max-opt=0"",""--no-lazy"",""/mnt/c/Users/mzyx/Desktop/0921/js-interpreter-bench/experiments/three_engine_baseline/adapters/v8.js"",""/mnt/c/Users/mzyx/Desktop/0921/js-interpreter-bench/experiments/timer_recovery/adapters/v8.js"",""/mnt/c/Users/mzyx/Desktop/0921/js-interpreter-bench/experiments/octane_three_engine/MAIN_MONOTONIC_V1/attempt01/generated/Splay.Splay.N32.measure.js""]","[""--max-opt=0"",""--no-lazy""]",83b744a5953d2662ea723564d4035a333782a0cc85232d1025929a925150b133,/mnt/c/Users/mzyx/Desktop/0921/js-interpreter-bench/experiments/octane_three_engine/MAIN_MONOTONIC_V1/attempt01/generated/Splay.Splay.N32.measure.js,cb01d802d367b37550500aea29a8141044f559e20275c55a42bf8f401bd2784c,e610d3aa3d2672a5e6d5eccd9aaf05c6ae6758d1b9c4468289f017a231ab7d9f,0,False,35.06100000000001,1.0956562500000002,133.952,169.013,,0,"{""pass"":true,""inner_minus_outer_ms"":-150.59129199999998,""tolerance_ms"":5.0}",300,False,0,"TEB_RESULT:{""benchmark"":""Octane"",""case"":""Splay.Splay"",""suite"":""Splay"",""subbenchmark"":""Splay"",""mode"":""MAIN_MONOTONIC_V1"",""phase"":""measure"",""N"":32,""correctness"":""PASS"",""extra_validation_calls"":0,""checksum"":null,""timer"":""benchNow"",""start_ms"":133.952,""stop_ms"":169.013,""elapsed_ms"":35.06100000000001,""elapsed_per_call_ms"":1.0956562500000002,""warmup_calls"":0}
",,3865710020586,3865524368294,185652292,94e240b1-774a-4fdc-8be3-8b5e85457d9d,True,PASS,
wsl2-ubuntu2404-x64-20261004,MAIN_MONOTONIC_V1,Octane,calibration,Splay.Splay,Splay,Splay,jsc,4,0,3,[],0,0,1,2026-10-05T05:43:16.637987+00:00,"[""/home/mzyx/jsc_build_fd3406f/JSCOnly/Release/bin/jsc"",""--useJIT=false"",""--useLLInt=true"",""--validateOptions=true"",""/mnt/c/Users/mzyx/Desktop/0921/js-interpreter-bench/experiments/three_engine_baseline/adapters/jsc.js"",""/mnt/c/Users/mzyx/Desktop/0921/js-interpreter-bench/experiments/timer_recovery/adapters/jsc.js"",""/mnt/c/Users/mzyx/Desktop/0921/js-interpreter-bench/experiments/octane_three_engine/MAIN_MONOTONIC_V1/attempt01/generated/Splay.Splay.N4.measure.js""]","[""--useJIT=false"",""--useLLInt=true"",""--validateOptions=true""]",65c824a055405bf62b05e21d54515a72a1f0187a4d91225d00a6da969d35879f,/mnt/c/Users/mzyx/Desktop/0921/js-interpreter-bench/experiments/octane_three_engine/MAIN_MONOTONIC_V1/attempt01/generated/Splay.Splay.N4.measure.js,335acf44518cdd5f2b8ecc5165a2c1a95b07c26b7782952a4674248a9ac87981,0c485996a598b7e36f2f292b66397adc0390cbe6b69b55199e47e1c6c1e37010,0,False,6.079999999999998,1.5199999999999996,111.98,118.06,,0,"{""pass"":true,""inner_minus_outer_ms"":-141.38597499999997,""tolerance_ms"":5.0}",300,False,0,"TEB_RESULT:{""benchmark"":""Octane"",""case"":""Splay.Splay"",""suite"":""Splay"",""subbenchmark"":""Splay"",""mode"":""MAIN_MONOTONIC_V1"",""phase"":""measure"",""N"":4,""correctness"":""PASS"",""extra_validation_calls"":0,""checksum"":null,""timer"":""benchNow"",""start_ms"":111.98,""stop_ms"":118.06,""elapsed_ms"":6.079999999999998,""elapsed_per_call_ms"":1.5199999999999996,""warmup_calls"":0}
",,3862324864539,3862177398564,147465975,94e240b1-774a-4fdc-8be3-8b5e85457d9d,True,PASS,
wsl2-ubuntu2404-x64-20261004,MAIN_MONOTONIC_V1,Octane,calibration,Splay.Splay,Splay,Splay,quickjs,4,0,1,[],0,0,1,2026-10-05T05:43:15.783419+00:00,"[""/home/mzyx/three_engine_20261004/quickjs-04be246001599f5995fa2f2d8c91a0f198d3f34c/qjs"",""-I"",""/mnt/c/Users/mzyx/Desktop/0921/js-interpreter-bench/experiments/three_engine_baseline/adapters/quickjs.js"",""-I"",""/mnt/c/Users/mzyx/Desktop/0921/js-interpreter-bench/experiments/timer_recovery/adapters/quickjs.js"",""/mnt/c/Users/mzyx/Desktop/0921/js-interpreter-bench/experiments/octane_three_engine/MAIN_MONOTONIC_V1/attempt01/generated/Splay.Splay.N4.measure.js""]",[],140d5233b0337d91cb0f994ae4a051e49aa04da8802acfaedf0a01b81a620b79,/mnt/c/Users/mzyx/Desktop/0921/js-interpreter-bench/experiments/octane_three_engine/MAIN_MONOTONIC_V1/attempt01/generated/Splay.Splay.N4.measure.js,335acf44518cdd5f2b8ecc5165a2c1a95b07c26b7782952a4674248a9ac87981,cd393c275173f20526562a008951f65a332deffed85e7c804519788b8ebffab7,0,False,9.25466200010851,2.3136655000271276,3861787.11257,3861796.367232,,0,"{""pass"":true,""inner_minus_outer_ms"":-546.9038159998914,""tolerance_ms"":5.0}",300,False,0,"TEB_RESULT:{""benchmark"":""Octane"",""case"":""Splay.Splay"",""suite"":""Splay"",""subbenchmark"":""Splay"",""mode"":""MAIN_MONOTONIC_V1"",""phase"":""measure"",""N"":4,""correctness"":""PASS"",""extra_validation_calls"":0,""checksum"":null,""timer"":""benchNow"",""start_ms"":3861787.11257,""stop_ms"":3861796.367232,""elapsed_ms"":9.25466200010851,""elapsed_per_call_ms"":2.3136655000271276,""warmup_calls"":0}
",,3861888455007,3861332296529,556158478,94e240b1-774a-4fdc-8be3-8b5e85457d9d,True,PASS,
wsl2-ubuntu2404-x64-20261004,MAIN_MONOTONIC_V1,Octane,calibration,Splay.Splay,Splay,Splay,v8,4,0,2,[],0,0,1,2026-10-05T05:43:16.419537+00:00,"[""/home/mzyx/three_engine_20261004/v8-linux64-rel-15.6.21/d8"",""--snapshot_blob=/home/mzyx/three_engine_20261004/v8-linux64-rel-15.6.21/snapshot_blob.bin"",""--max-opt=0"",""--no-lazy"",""/mnt/c/Users/mzyx/Desktop/0921/js-interpreter-bench/experiments/three_engine_baseline/adapters/v8.js"",""/mnt/c/Users/mzyx/Desktop/0921/js-interpreter-bench/experiments/timer_recovery/adapters/v8.js"",""/mnt/c/Users/mzyx/Desktop/0921/js-interpreter-bench/experiments/octane_three_engine/MAIN_MONOTONIC_V1/attempt01/generated/Splay.Splay.N4.measure.js""]","[""--max-opt=0"",""--no-lazy""]",83b744a5953d2662ea723564d4035a333782a0cc85232d1025929a925150b133,/mnt/c/Users/mzyx/Desktop/0921/js-interpreter-bench/experiments/octane_three_engine/MAIN_MONOTONIC_V1/attempt01/generated/Splay.Splay.N4.measure.js,335acf44518cdd5f2b8ecc5165a2c1a95b07c26b7782952a4674248a9ac87981,e610d3aa3d2672a5e6d5eccd9aaf05c6ae6758d1b9c4468289f017a231ab7d9f,0,False,4.052999999999997,1.0132499999999993,133.201,137.254,,0,"{""pass"":true,""inner_minus_outer_ms"":-146.599298,""tolerance_ms"":5.0}",300,False,0,"TEB_RESULT:{""benchmark"":""Octane"",""case"":""Splay.Splay"",""suite"":""Splay"",""subbenchmark"":""Splay"",""mode"":""MAIN_MONOTONIC_V1"",""phase"":""measure"",""N"":4,""correctness"":""PASS"",""extra_validation_calls"":0,""checksum"":null,""timer"":""benchNow"",""start_ms"":133.201,""stop_ms"":137.254,""elapsed_ms"":4.052999999999997,""elapsed_per_call_ms"":1.0132499999999993,""warmup_calls"":0}
",,3862108323044,3861957670746,150652298,94e240b1-774a-4fdc-8be3-8b5e85457d9d,True,PASS,
wsl2-ubuntu2404-x64-20261004,MAIN_MONOTONIC_V1,Octane,calibration,Splay.Splay,Splay,Splay,jsc,512,0,3,[],0,0,1,2026-10-05T05:43:29.172104+00:00,"[""/home/mzyx/jsc_build_fd3406f/JSCOnly/Release/bin/jsc"",""--useJIT=false"",""--useLLInt=true"",""--validateOptions=true"",""/mnt/c/Users/mzyx/Desktop/0921/js-interpreter-bench/experiments/three_engine_baseline/adapters/jsc.js"",""/mnt/c/Users/mzyx/Desktop/0921/js-interpreter-bench/experiments/timer_recovery/adapters/jsc.js"",""/mnt/c/Users/mzyx/Desktop/0921/js-interpreter-bench/experiments/octane_three_engine/MAIN_MONOTONIC_V1/attempt01/generated/Splay.Splay.N512.measure.js""]","[""--useJIT=false"",""--useLLInt=true"",""--validateOptions=true""]",65c824a055405bf62b05e21d54515a72a1f0187a4d91225d00a6da969d35879f,/mnt/c/Users/mzyx/Desktop/0921/js-interpreter-bench/experiments/octane_three_engine/MAIN_MONOTONIC_V1/attempt01/generated/Splay.Splay.N512.measure.js,64081b29a8b619a33bdde4c30dfa7acf0942e433c54ca54d7e7871485f73a6e5,0c485996a598b7e36f2f292b66397adc0390cbe6b69b55199e47e1c6c1e37010,0,False,1062.46,2.0751171875,126.7,1189.16,,0,"{""pass"":true,""inner_minus_outer_ms"":-158.52712599999995,""tolerance_ms"":5.0}",300,False,0,"TEB_RESULT:{""benchmark"":""Octane"",""case"":""Splay.Splay"",""suite"":""Splay"",""subbenchmark"":""Splay"",""mode"":""MAIN_MONOTONIC_V1"",""phase"":""measure"",""N"":512,""correctness"":""PASS"",""extra_validation_calls"":0,""checksum"":null,""timer"":""benchNow"",""start_ms"":126.7,""stop_ms"":1189.16,""elapsed_ms"":1062.46,""elapsed_per_call_ms"":2.0751171875,""warmup_calls"":0}
",,3875932027049,3874711039923,1220987126,94e240b1-774a-4fdc-8be3-8b5e85457d9d,True,PASS,
wsl2-ubuntu2404-x64-20261004,MAIN_MONOTONIC_V1,Octane,calibration,Splay.Splay,Splay,Splay,quickjs,512,0,1,[],0,0,1,2026-10-05T05:43:26.554510+00:00,"[""/home/mzyx/three_engine_20261004/quickjs-04be246001599f5995fa2f2d8c91a0f198d3f34c/qjs"",""-I"",""/mnt/c/Users/mzyx/Desktop/0921/js-interpreter-bench/experiments/three_engine_baseline/adapters/quickjs.js"",""-I"",""/mnt/c/Users/mzyx/Desktop/0921/js-interpreter-bench/experiments/timer_recovery/adapters/quickjs.js"",""/mnt/c/Users/mzyx/Desktop/0921/js-interpreter-bench/experiments/octane_three_engine/MAIN_MONOTONIC_V1/attempt01/generated/Splay.Splay.N512.measure.js""]",[],140d5233b0337d91cb0f994ae4a051e49aa04da8802acfaedf0a01b81a620b79,/mnt/c/Users/mzyx/Desktop/0921/js-interpreter-bench/experiments/octane_three_engine/MAIN_MONOTONIC_V1/attempt01/generated/Splay.Splay.N512.measure.js,64081b29a8b619a33bdde4c30dfa7acf0942e433c54ca54d7e7871485f73a6e5,cd393c275173f20526562a008951f65a332deffed85e7c804519788b8ebffab7,0,False,1175.3987680003047,2.295700718750595,3872551.641887,3873727.040655,,0,"{""pass"":true,""inner_minus_outer_ms"":-547.3354179996952,""tolerance_ms"":5.0}",300,False,0,"TEB_RESULT:{""benchmark"":""Octane"",""case"":""Splay.Splay"",""suite"":""Splay"",""subbenchmark"":""Splay"",""mode"":""MAIN_MONOTONIC_V1"",""phase"":""measure"",""N"":512,""correctness"":""PASS"",""extra_validation_calls"":0,""checksum"":null,""timer"":""benchNow"",""start_ms"":3872551.641887,""stop_ms"":3873727.040655,""elapsed_ms"":1175.3987680003047,""elapsed_per_call_ms"":2.295700718750595,""warmup_calls"":0}
",,3873824835047,3872102100861,1722734186,94e240b1-774a-4fdc-8be3-8b5e85457d9d,True,PASS,
wsl2-ubuntu2404-x64-20261004,MAIN_MONOTONIC_V1,Octane,calibration,Splay.Splay,Splay,Splay,v8,512,0,2,[],0,0,1,2026-10-05T05:43:28.357838+00:00,"[""/home/mzyx/three_engine_20261004/v8-linux64-rel-15.6.21/d8"",""--snapshot_blob=/home/mzyx/three_engine_20261004/v8-linux64-rel-15.6.21/snapshot_blob.bin"",""--max-opt=0"",""--no-lazy"",""/mnt/c/Users/mzyx/Desktop/0921/js-interpreter-bench/experiments/three_engine_baseline/adapters/v8.js"",""/mnt/c/Users/mzyx/Desktop/0921/js-interpreter-bench/experiments/timer_recovery/adapters/v8.js"",""/mnt/c/Users/mzyx/Desktop/0921/js-interpreter-bench/experiments/octane_three_engine/MAIN_MONOTONIC_V1/attempt01/generated/Splay.Splay.N512.measure.js""]","[""--max-opt=0"",""--no-lazy""]",83b744a5953d2662ea723564d4035a333782a0cc85232d1025929a925150b133,/mnt/c/Users/mzyx/Desktop/0921/js-interpreter-bench/experiments/octane_three_engine/MAIN_MONOTONIC_V1/attempt01/generated/Splay.Splay.N512.measure.js,64081b29a8b619a33bdde4c30dfa7acf0942e433c54ca54d7e7871485f73a6e5,e610d3aa3d2672a5e6d5eccd9aaf05c6ae6758d1b9c4468289f017a231ab7d9f,0,False,579.066,1.13098828125,133.928,712.994,,0,"{""pass"":true,""inner_minus_outer_ms"":-162.83610199999998,""tolerance_ms"":5.0}",300,False,0,"TEB_RESULT:{""benchmark"":""Octane"",""case"":""Splay.Splay"",""suite"":""Splay"",""subbenchmark"":""Splay"",""mode"":""MAIN_MONOTONIC_V1"",""phase"":""measure"",""N"":512,""correctness"":""PASS"",""extra_validation_calls"":0,""checksum"":null,""timer"":""benchNow"",""start_ms"":133.928,""stop_ms"":712.994,""elapsed_ms"":579.066,""elapsed_per_call_ms"":1.13098828125,""warmup_calls"":0}
",,3874638981424,3873897079322,741902102,94e240b1-774a-4fdc-8be3-8b5e85457d9d,True,PASS,
wsl2-ubuntu2404-x64-20261004,MAIN_MONOTONIC_V1,Octane,calibration,Splay.Splay,Splay,Splay,jsc,64,0,3,[],0,0,1,2026-10-05T05:43:21.570641+00:00,"[""/home/mzyx/jsc_build_fd3406f/JSCOnly/Release/bin/jsc"",""--useJIT=false"",""--useLLInt=true"",""--validateOptions=true"",""/mnt/c/Users/mzyx/Desktop/0921/js-interpreter-bench/experiments/three_engine_baseline/adapters/jsc.js"",""/mnt/c/Users/mzyx/Desktop/0921/js-interpreter-bench/experiments/timer_recovery/adapters/jsc.js"",""/mnt/c/Users/mzyx/Desktop/0921/js-interpreter-bench/experiments/octane_three_engine/MAIN_MONOTONIC_V1/attempt01/generated/Splay.Splay.N64.measure.js""]","[""--useJIT=false"",""--useLLInt=true"",""--validateOptions=true""]",65c824a055405bf62b05e21d54515a72a1f0187a4d91225d00a6da969d35879f,/mnt/c/Users/mzyx/Desktop/0921/js-interpreter-bench/experiments/octane_three_engine/MAIN_MONOTONIC_V1/attempt01/generated/Splay.Splay.N64.measure.js,7e8a6ceac91a89fa7d9e04d0fc363616a23f99c3153d23dded80cb181014bb44,0c485996a598b7e36f2f292b66397adc0390cbe6b69b55199e47e1c6c1e37010,0,False,125.34,1.9584375,128.7,254.04,,0,"{""pass"":true,""inner_minus_outer_ms"":-164.252956,""tolerance_ms"":5.0}",300,False,0,"TEB_RESULT:{""benchmark"":""Octane"",""case"":""Splay.Splay"",""suite"":""Splay"",""subbenchmark"":""Splay"",""mode"":""MAIN_MONOTONIC_V1"",""phase"":""measure"",""N"":64,""correctness"":""PASS"",""extra_validation_calls"":0,""checksum"":null,""timer"":""benchNow"",""start_ms"":128.7,""stop_ms"":254.04,""elapsed_ms"":125.34,""elapsed_per_call_ms"":1.9584375,""warmup_calls"":0}
",,3867400247535,3867110654579,289592956,94e240b1-774a-4fdc-8be3-8b5e85457d9d,True,PASS,
wsl2-ubuntu2404-x64-20261004,MAIN_MONOTONIC_V1,Octane,calibration,Splay.Splay,Splay,Splay,quickjs,64,0,1,[],0,0,1,2026-10-05T05:43:20.513959+00:00,"[""/home/mzyx/three_engine_20261004/quickjs-04be246001599f5995fa2f2d8c91a0f198d3f34c/qjs"",""-I"",""/mnt/c/Users/mzyx/Desktop/0921/js-interpreter-bench/experiments/three_engine_baseline/adapters/quickjs.js"",""-I"",""/mnt/c/Users/mzyx/Desktop/0921/js-interpreter-bench/experiments/timer_recovery/adapters/quickjs.js"",""/mnt/c/Users/mzyx/Desktop/0921/js-interpreter-bench/experiments/octane_three_engine/MAIN_MONOTONIC_V1/attempt01/generated/Splay.Splay.N64.measure.js""]",[],140d5233b0337d91cb0f994ae4a051e49aa04da8802acfaedf0a01b81a620b79,/mnt/c/Users/mzyx/Desktop/0921/js-interpreter-bench/experiments/octane_three_engine/MAIN_MONOTONIC_V1/attempt01/generated/Splay.Splay.N64.measure.js,7e8a6ceac91a89fa7d9e04d0fc363616a23f99c3153d23dded80cb181014bb44,cd393c275173f20526562a008951f65a332deffed85e7c804519788b8ebffab7,0,False,146.88271499983966,2.2950424218724947,3866498.381819,3866645.264534,,0,"{""pass"":true,""inner_minus_outer_ms"":-531.4127080001604,""tolerance_ms"":5.0}",300,False,0,"TEB_RESULT:{""benchmark"":""Octane"",""case"":""Splay.Splay"",""suite"":""Splay"",""subbenchmark"":""Splay"",""mode"":""MAIN_MONOTONIC_V1"",""phase"":""measure"",""N"":64,""correctness"":""PASS"",""extra_validation_calls"":0,""checksum"":null,""timer"":""benchNow"",""start_ms"":3866498.381819,""stop_ms"":3866645.264534,""elapsed_ms"":146.88271499983966,""elapsed_per_call_ms"":2.2950424218724947,""warmup_calls"":0}
",,3866740230094,3866061934671,678295423,94e240b1-774a-4fdc-8be3-8b5e85457d9d,True,PASS,
wsl2-ubuntu2404-x64-20261004,MAIN_MONOTONIC_V1,Octane,calibration,Splay.Splay,Splay,Splay,v8,64,0,2,[],0,0,1,2026-10-05T05:43:21.271783+00:00,"[""/home/mzyx/three_engine_20261004/v8-linux64-rel-15.6.21/d8"",""--snapshot_blob=/home/mzyx/three_engine_20261004/v8-linux64-rel-15.6.21/snapshot_blob.bin"",""--max-opt=0"",""--no-lazy"",""/mnt/c/Users/mzyx/Desktop/0921/js-interpreter-bench/experiments/three_engine_baseline/adapters/v8.js"",""/mnt/c/Users/mzyx/Desktop/0921/js-interpreter-bench/experiments/timer_recovery/adapters/v8.js"",""/mnt/c/Users/mzyx/Desktop/0921/js-interpreter-bench/experiments/octane_three_engine/MAIN_MONOTONIC_V1/attempt01/generated/Splay.Splay.N64.measure.js""]","[""--max-opt=0"",""--no-lazy""]",83b744a5953d2662ea723564d4035a333782a0cc85232d1025929a925150b133,/mnt/c/Users/mzyx/Desktop/0921/js-interpreter-bench/experiments/octane_three_engine/MAIN_MONOTONIC_V1/attempt01/generated/Splay.Splay.N64.measure.js,7e8a6ceac91a89fa7d9e04d0fc363616a23f99c3153d23dded80cb181014bb44,e610d3aa3d2672a5e6d5eccd9aaf05c6ae6758d1b9c4468289f017a231ab7d9f,0,False,62.21799999999999,0.9721562499999998,145.286,207.504,,0,"{""pass"":true,""inner_minus_outer_ms"":-163.361331,""tolerance_ms"":5.0}",300,False,0,"TEB_RESULT:{""benchmark"":""Octane"",""case"":""Splay.Splay"",""suite"":""Splay"",""subbenchmark"":""Splay"",""mode"":""MAIN_MONOTONIC_V1"",""phase"":""measure"",""N"":64,""correctness"":""PASS"",""extra_validation_calls"":0,""checksum"":null,""timer"":""benchNow"",""start_ms"":145.286,""stop_ms"":207.504,""elapsed_ms"":62.21799999999999,""elapsed_per_call_ms"":0.9721562499999998,""warmup_calls"":0}
",,3867036629370,3866811050039,225579331,94e240b1-774a-4fdc-8be3-8b5e85457d9d,True,PASS,
wsl2-ubuntu2404-x64-20261004,MAIN_MONOTONIC_V1,Octane,calibration,Splay.Splay,Splay,Splay,jsc,8,0,3,[],0,0,1,2026-10-05T05:43:17.807440+00:00,"[""/home/mzyx/jsc_build_fd3406f/JSCOnly/Release/bin/jsc"",""--useJIT=false"",""--useLLInt=true"",""--validateOptions=true"",""/mnt/c/Users/mzyx/Desktop/0921/js-interpreter-bench/experiments/three_engine_baseline/adapters/jsc.js"",""/mnt/c/Users/mzyx/Desktop/0921/js-interpreter-bench/experiments/timer_recovery/adapters/jsc.js"",""/mnt/c/Users/mzyx/Desktop/0921/js-interpreter-bench/experiments/octane_three_engine/MAIN_MONOTONIC_V1/attempt01/generated/Splay.Splay.N8.measure.js""]","[""--useJIT=false"",""--useLLInt=true"",""--validateOptions=true""]",65c824a055405bf62b05e21d54515a72a1f0187a4d91225d00a6da969d35879f,/mnt/c/Users/mzyx/Desktop/0921/js-interpreter-bench/experiments/octane_three_engine/MAIN_MONOTONIC_V1/attempt01/generated/Splay.Splay.N8.measure.js,fce9f0877a4e66ce00289d2d55c93e4c9f70d322489e0406ee27209959a7d31c,0c485996a598b7e36f2f292b66397adc0390cbe6b69b55199e47e1c6c1e37010,0,False,13.400000000000006,1.6750000000000007,127.82,141.22,,0,"{""pass"":true,""inner_minus_outer_ms"":-161.404282,""tolerance_ms"":5.0}",300,False,0,"TEB_RESULT:{""benchmark"":""Octane"",""case"":""Splay.Splay"",""suite"":""Splay"",""subbenchmark"":""Splay"",""mode"":""MAIN_MONOTONIC_V1"",""phase"":""measure"",""N"":8,""correctness"":""PASS"",""extra_validation_calls"":0,""checksum"":null,""timer"":""benchNow"",""start_ms"":127.82,""stop_ms"":141.22,""elapsed_ms"":13.400000000000006,""elapsed_per_call_ms"":1.6750000000000007,""warmup_calls"":0}
",,3863522041219,3863347236937,174804282,94e240b1-774a-4fdc-8be3-8b5e85457d9d,True,PASS,
wsl2-ubuntu2404-x64-20261004,MAIN_MONOTONIC_V1,Octane,calibration,Splay.Splay,Splay,Splay,quickjs,8,0,1,[],0,0,1,2026-10-05T05:43:16.859796+00:00,"[""/home/mzyx/three_engine_20261004/quickjs-04be246001599f5995fa2f2d8c91a0f198d3f34c/qjs"",""-I"",""/mnt/c/Users/mzyx/Desktop/0921/js-interpreter-bench/experiments/three_engine_baseline/adapters/quickjs.js"",""-I"",""/mnt/c/Users/mzyx/Desktop/0921/js-interpreter-bench/experiments/timer_recovery/adapters/quickjs.js"",""/mnt/c/Users/mzyx/Desktop/0921/js-interpreter-bench/experiments/octane_three_engine/MAIN_MONOTONIC_V1/attempt01/generated/Splay.Splay.N8.measure.js""]",[],140d5233b0337d91cb0f994ae4a051e49aa04da8802acfaedf0a01b81a620b79,/mnt/c/Users/mzyx/Desktop/0921/js-interpreter-bench/experiments/octane_three_engine/MAIN_MONOTONIC_V1/attempt01/generated/Splay.Splay.N8.measure.js,fce9f0877a4e66ce00289d2d55c93e4c9f70d322489e0406ee27209959a7d31c,cd393c275173f20526562a008951f65a332deffed85e7c804519788b8ebffab7,0,False,18.703633000142872,2.337954125017859,3862910.781682,3862929.485315,,0,"{""pass"":true,""inner_minus_outer_ms"":-604.3726119998571,""tolerance_ms"":5.0}",300,False,0,"TEB_RESULT:{""benchmark"":""Octane"",""case"":""Splay.Splay"",""suite"":""Splay"",""subbenchmark"":""Splay"",""mode"":""MAIN_MONOTONIC_V1"",""phase"":""measure"",""N"":8,""correctness"":""PASS"",""extra_validation_calls"":0,""checksum"":null,""timer"":""benchNow"",""start_ms"":3862910.781682,""stop_ms"":3862929.485315,""elapsed_ms"":18.703633000142872,""elapsed_per_call_ms"":2.337954125017859,""warmup_calls"":0}
",,3863029959560,3862406883315,623076245,94e240b1-774a-4fdc-8be3-8b5e85457d9d,True,PASS,
wsl2-ubuntu2404-x64-20261004,MAIN_MONOTONIC_V1,Octane,calibration,Splay.Splay,Splay,Splay,v8,8,0,2,[],0,0,1,2026-10-05T05:43:17.562815+00:00,"[""/home/mzyx/three_engine_20261004/v8-linux64-rel-15.6.21/d8"",""--snapshot_blob=/home/mzyx/three_engine_20261004/v8-linux64-rel-15.6.21/snapshot_blob.bin"",""--max-opt=0"",""--no-lazy"",""/mnt/c/Users/mzyx/Desktop/0921/js-interpreter-bench/experiments/three_engine_baseline/adapters/v8.js"",""/mnt/c/Users/mzyx/Desktop/0921/js-interpreter-bench/experiments/timer_recovery/adapters/v8.js"",""/mnt/c/Users/mzyx/Desktop/0921/js-interpreter-bench/experiments/octane_three_engine/MAIN_MONOTONIC_V1/attempt01/generated/Splay.Splay.N8.measure.js""]","[""--max-opt=0"",""--no-lazy""]",83b744a5953d2662ea723564d4035a333782a0cc85232d1025929a925150b133,/mnt/c/Users/mzyx/Desktop/0921/js-interpreter-bench/experiments/octane_three_engine/MAIN_MONOTONIC_V1/attempt01/generated/Splay.Splay.N8.measure.js,fce9f0877a4e66ce00289d2d55c93e4c9f70d322489e0406ee27209959a7d31c,e610d3aa3d2672a5e6d5eccd9aaf05c6ae6758d1b9c4468289f017a231ab7d9f,0,False,8.424000000000007,1.0530000000000008,138.192,146.616,,0,"{""pass"":true,""inner_minus_outer_ms"":-162.680441,""tolerance_ms"":5.0}",300,False,0,"TEB_RESULT:{""benchmark"":""Octane"",""case"":""Splay.Splay"",""suite"":""Splay"",""subbenchmark"":""Splay"",""mode"":""MAIN_MONOTONIC_V1"",""phase"":""measure"",""N"":8,""correctness"":""PASS"",""extra_validation_calls"":0,""checksum"":null,""timer"":""benchNow"",""start_ms"":138.192,""stop_ms"":146.616,""elapsed_ms"":8.424000000000007,""elapsed_per_call_ms"":1.0530000000000008,""warmup_calls"":0}
",,3863272672024,3863101567583,171104441,94e240b1-774a-4fdc-8be3-8b5e85457d9d,True,PASS,
wsl2-ubuntu2404-x64-20261004,MAIN_MONOTONIC_V1,Octane,calibration,Typescript.Typescript,Typescript,Typescript,jsc,1,0,3,[],0,0,1,2026-10-05T05:45:06.783953+00:00,"[""/home/mzyx/jsc_build_fd3406f/JSCOnly/Release/bin/jsc"",""--useJIT=false"",""--useLLInt=true"",""--validateOptions=true"",""/mnt/c/Users/mzyx/Desktop/0921/js-interpreter-bench/experiments/three_engine_baseline/adapters/jsc.js"",""/mnt/c/Users/mzyx/Desktop/0921/js-interpreter-bench/experiments/timer_recovery/adapters/jsc.js"",""/mnt/c/Users/mzyx/Desktop/0921/js-interpreter-bench/experiments/octane_three_engine/MAIN_MONOTONIC_V1/attempt01/generated/Typescript.Typescript.N1.measure.js""]","[""--useJIT=false"",""--useLLInt=true"",""--validateOptions=true""]",65c824a055405bf62b05e21d54515a72a1f0187a4d91225d00a6da969d35879f,/mnt/c/Users/mzyx/Desktop/0921/js-interpreter-bench/experiments/octane_three_engine/MAIN_MONOTONIC_V1/attempt01/generated/Typescript.Typescript.N1.measure.js,59f59935f89fa7c1757a23e40b06475aaf674ec86103de4efb4832a759f83032,0c485996a598b7e36f2f292b66397adc0390cbe6b69b55199e47e1c6c1e37010,0,False,1856.14,1856.14,0,1856.14,,0,"{""pass"":true,""inner_minus_outer_ms"":-80.77227099999982,""tolerance_ms"":5.0}",300,False,0,"TEB_RESULT:{""benchmark"":""Octane"",""case"":""Typescript.Typescript"",""suite"":""Typescript"",""subbenchmark"":""Typescript"",""mode"":""MAIN_MONOTONIC_V1"",""phase"":""measure"",""N"":1,""correctness"":""PASS"",""extra_validation_calls"":0,""checksum"":null,""timer"":""benchNow"",""start_ms"":0,""stop_ms"":1856.14,""elapsed_ms"":1856.14,""elapsed_per_call_ms"":1856.14,""warmup_calls"":0}
",,3983125001482,3981188089211,1936912271,94e240b1-774a-4fdc-8be3-8b5e85457d9d,True,PASS,
wsl2-ubuntu2404-x64-20261004,MAIN_MONOTONIC_V1,Octane,calibration,Typescript.Typescript,Typescript,Typescript,quickjs,1,0,1,[],0,0,1,2026-10-05T05:45:02.286984+00:00,"[""/home/mzyx/three_engine_20261004/quickjs-04be246001599f5995fa2f2d8c91a0f198d3f34c/qjs"",""-I"",""/mnt/c/Users/mzyx/Desktop/0921/js-interpreter-bench/experiments/three_engine_baseline/adapters/quickjs.js"",""-I"",""/mnt/c/Users/mzyx/Desktop/0921/js-interpreter-bench/experiments/timer_recovery/adapters/quickjs.js"",""/mnt/c/Users/mzyx/Desktop/0921/js-interpreter-bench/experiments/octane_three_engine/MAIN_MONOTONIC_V1/attempt01/generated/Typescript.Typescript.N1.measure.js""]",[],140d5233b0337d91cb0f994ae4a051e49aa04da8802acfaedf0a01b81a620b79,/mnt/c/Users/mzyx/Desktop/0921/js-interpreter-bench/experiments/octane_three_engine/MAIN_MONOTONIC_V1/attempt01/generated/Typescript.Typescript.N1.measure.js,59f59935f89fa7c1757a23e40b06475aaf674ec86103de4efb4832a759f83032,cd393c275173f20526562a008951f65a332deffed85e7c804519788b8ebffab7,0,False,2399.7290550000034,2399.7290550000034,3976790.056137,3979189.785192,,0,"{""pass"":true,""inner_minus_outer_ms"":-244.58659299999636,""tolerance_ms"":5.0}",300,False,0,"TEB_RESULT:{""benchmark"":""Octane"",""case"":""Typescript.Typescript"",""suite"":""Typescript"",""subbenchmark"":""Typescript"",""mode"":""MAIN_MONOTONIC_V1"",""phase"":""measure"",""N"":1,""correctness"":""PASS"",""extra_validation_calls"":0,""checksum"":null,""timer"":""benchNow"",""start_ms"":3976790.056137,""stop_ms"":3979189.785192,""elapsed_ms"":2399.7290550000034,""elapsed_per_call_ms"":2399.7290550000034,""warmup_calls"":0}
",,3979346509867,3976702194219,2644315648,94e240b1-774a-4fdc-8be3-8b5e85457d9d,True,PASS,
wsl2-ubuntu2404-x64-20261004,MAIN_MONOTONIC_V1,Octane,calibration,Typescript.Typescript,Typescript,Typescript,v8,1,0,2,[],0,0,1,2026-10-05T05:45:05.058268+00:00,"[""/home/mzyx/three_engine_20261004/v8-linux64-rel-15.6.21/d8"",""--snapshot_blob=/home/mzyx/three_engine_20261004/v8-linux64-rel-15.6.21/snapshot_blob.bin"",""--max-opt=0"",""--no-lazy"",""/mnt/c/Users/mzyx/Desktop/0921/js-interpreter-bench/experiments/three_engine_baseline/adapters/v8.js"",""/mnt/c/Users/mzyx/Desktop/0921/js-interpreter-bench/experiments/timer_recovery/adapters/v8.js"",""/mnt/c/Users/mzyx/Desktop/0921/js-interpreter-bench/experiments/octane_three_engine/MAIN_MONOTONIC_V1/attempt01/generated/Typescript.Typescript.N1.measure.js""]","[""--max-opt=0"",""--no-lazy""]",83b744a5953d2662ea723564d4035a333782a0cc85232d1025929a925150b133,/mnt/c/Users/mzyx/Desktop/0921/js-interpreter-bench/experiments/octane_three_engine/MAIN_MONOTONIC_V1/attempt01/generated/Typescript.Typescript.N1.measure.js,59f59935f89fa7c1757a23e40b06475aaf674ec86103de4efb4832a759f83032,e610d3aa3d2672a5e6d5eccd9aaf05c6ae6758d1b9c4468289f017a231ab7d9f,0,False,1407.821,1407.821,175.4,1583.221,,0,"{""pass"":true,""inner_minus_outer_ms"":-195.72665500000016,""tolerance_ms"":5.0}",300,False,0,"TEB_RESULT:{""benchmark"":""Octane"",""case"":""Typescript.Typescript"",""suite"":""Typescript"",""subbenchmark"":""Typescript"",""mode"":""MAIN_MONOTONIC_V1"",""phase"":""measure"",""N"":1,""correctness"":""PASS"",""extra_validation_calls"":0,""checksum"":null,""timer"":""benchNow"",""start_ms"":175.4,""stop_ms"":1583.221,""elapsed_ms"":1407.821,""elapsed_per_call_ms"":1407.821,""warmup_calls"":0}
",,3981065999981,3979462452326,1603547655,94e240b1-774a-4fdc-8be3-8b5e85457d9d,True,PASS,
