cohort,mode,benchmark,stage,case,suite,subbenchmark,engine,N,rep,order,permutation,schedule_index,round_case_position,attempt,timestamp_utc,command,flags,binary_sha256,script_path,script_sha256,adapter_sha256,warmup_calls,checks_each_call,elapsed_ms,elapsed_per_call_ms,start_ms,stop_ms,checksum,extra_validation_calls,clock_consistency,timeout_seconds,diagnostic_preload,exit_code,stdout,stderr,outer_stop_ns,outer_start_ns,outer_wall_ns,boot_id,valid,status,error
wsl2-ubuntu2404-x64-20261004,MAIN_MONOTONIC_V1,Octane,correctness,CodeLoad.CodeLoadClosure,CodeLoad,CodeLoadClosure,jsc,1,0,0,[],0,0,1,2026-10-05T05:40:36.904624+00:00,"[""/home/mzyx/jsc_build_fd3406f/JSCOnly/Release/bin/jsc"",""--useJIT=false"",""--useLLInt=true"",""--validateOptions=true"",""/mnt/c/Users/mzyx/Desktop/0921/js-interpreter-bench/experiments/three_engine_baseline/adapters/jsc.js"",""/mnt/c/Users/mzyx/Desktop/0921/js-interpreter-bench/experiments/timer_recovery/adapters/jsc.js"",""/mnt/c/Users/mzyx/Desktop/0921/js-interpreter-bench/experiments/octane_three_engine/MAIN_MONOTONIC_V1/attempt01/generated/CodeLoad.CodeLoadClosure.N1.correctness.js""]","[""--useJIT=false"",""--useLLInt=true"",""--validateOptions=true""]",65c824a055405bf62b05e21d54515a72a1f0187a4d91225d00a6da969d35879f,/mnt/c/Users/mzyx/Desktop/0921/js-interpreter-bench/experiments/octane_three_engine/MAIN_MONOTONIC_V1/attempt01/generated/CodeLoad.CodeLoadClosure.N1.correctness.js,da16049731409ccbcfa355ffa066f8784d79817f10b91899c42a74b43669518c,0c485996a598b7e36f2f292b66397adc0390cbe6b69b55199e47e1c6c1e37010,0,True,,,,,,0,,300,False,0,"TEB_RESULT:{""benchmark"":""Octane"",""case"":""CodeLoad.CodeLoadClosure"",""suite"":""CodeLoad"",""subbenchmark"":""CodeLoadClosure"",""mode"":""MAIN_MONOTONIC_V1"",""phase"":""correctness"",""N"":1,""correctness"":""PASS"",""extra_validation_calls"":0,""checksum"":null,""timer"":""benchNow"",""start_ms"":null,""stop_ms"":null,""elapsed_ms"":null,""elapsed_per_call_ms"":null,""warmup_calls"":0}
",,3684773266876,3684741746700,31520176,94e240b1-774a-4fdc-8be3-8b5e85457d9d,True,PASS,
wsl2-ubuntu2404-x64-20261004,MAIN_MONOTONIC_V1,Octane,correctness,CodeLoad.CodeLoadClosure,CodeLoad,CodeLoadClosure,quickjs,1,0,0,[],0,0,1,2026-10-05T05:40:36.661499+00:00,"[""/home/mzyx/three_engine_20261004/quickjs-04be246001599f5995fa2f2d8c91a0f198d3f34c/qjs"",""-I"",""/mnt/c/Users/mzyx/Desktop/0921/js-interpreter-bench/experiments/three_engine_baseline/adapters/quickjs.js"",""-I"",""/mnt/c/Users/mzyx/Desktop/0921/js-interpreter-bench/experiments/timer_recovery/adapters/quickjs.js"",""/mnt/c/Users/mzyx/Desktop/0921/js-interpreter-bench/experiments/octane_three_engine/MAIN_MONOTONIC_V1/attempt01/generated/CodeLoad.CodeLoadClosure.N1.correctness.js""]",[],140d5233b0337d91cb0f994ae4a051e49aa04da8802acfaedf0a01b81a620b79,/mnt/c/Users/mzyx/Desktop/0921/js-interpreter-bench/experiments/octane_three_engine/MAIN_MONOTONIC_V1/attempt01/generated/CodeLoad.CodeLoadClosure.N1.correctness.js,da16049731409ccbcfa355ffa066f8784d79817f10b91899c42a74b43669518c,cd393c275173f20526562a008951f65a332deffed85e7c804519788b8ebffab7,0,True,,,,,,0,,300,False,0,"TEB_RESULT:{""benchmark"":""Octane"",""case"":""CodeLoad.CodeLoadClosure"",""suite"":""CodeLoad"",""subbenchmark"":""CodeLoadClosure"",""mode"":""MAIN_MONOTONIC_V1"",""phase"":""correctness"",""N"":1,""correctness"":""PASS"",""extra_validation_calls"":0,""checksum"":null,""timer"":""benchNow"",""start_ms"":null,""stop_ms"":null,""elapsed_ms"":null,""elapsed_per_call_ms"":null,""warmup_calls"":0}
",,3684545001946,3684529057233,15944713,94e240b1-774a-4fdc-8be3-8b5e85457d9d,True,PASS,
wsl2-ubuntu2404-x64-20261004,MAIN_MONOTONIC_V1,Octane,correctness,CodeLoad.CodeLoadClosure,CodeLoad,CodeLoadClosure,v8,1,0,0,[],0,0,1,2026-10-05T05:40:36.782263+00:00,"[""/home/mzyx/three_engine_20261004/v8-linux64-rel-15.6.21/d8"",""--snapshot_blob=/home/mzyx/three_engine_20261004/v8-linux64-rel-15.6.21/snapshot_blob.bin"",""--max-opt=0"",""--no-lazy"",""/mnt/c/Users/mzyx/Desktop/0921/js-interpreter-bench/experiments/three_engine_baseline/adapters/v8.js"",""/mnt/c/Users/mzyx/Desktop/0921/js-interpreter-bench/experiments/timer_recovery/adapters/v8.js"",""/mnt/c/Users/mzyx/Desktop/0921/js-interpreter-bench/experiments/octane_three_engine/MAIN_MONOTONIC_V1/attempt01/generated/CodeLoad.CodeLoadClosure.N1.correctness.js""]","[""--max-opt=0"",""--no-lazy""]",83b744a5953d2662ea723564d4035a333782a0cc85232d1025929a925150b133,/mnt/c/Users/mzyx/Desktop/0921/js-interpreter-bench/experiments/octane_three_engine/MAIN_MONOTONIC_V1/attempt01/generated/CodeLoad.CodeLoadClosure.N1.correctness.js,da16049731409ccbcfa355ffa066f8784d79817f10b91899c42a74b43669518c,e610d3aa3d2672a5e6d5eccd9aaf05c6ae6758d1b9c4468289f017a231ab7d9f,0,True,,,,,,0,,300,False,0,"TEB_RESULT:{""benchmark"":""Octane"",""case"":""CodeLoad.CodeLoadClosure"",""suite"":""CodeLoad"",""subbenchmark"":""CodeLoadClosure"",""mode"":""MAIN_MONOTONIC_V1"",""phase"":""correctness"",""N"":1,""correctness"":""PASS"",""extra_validation_calls"":0,""checksum"":null,""timer"":""benchNow"",""start_ms"":null,""stop_ms"":null,""elapsed_ms"":null,""elapsed_per_call_ms"":null,""warmup_calls"":0}
",,3684664923001,3684618458598,46464403,94e240b1-774a-4fdc-8be3-8b5e85457d9d,True,PASS,
wsl2-ubuntu2404-x64-20261004,MAIN_MONOTONIC_V1,Octane,correctness,CodeLoad.CodeLoadClosure,CodeLoad,CodeLoadClosure,jsc,2,0,0,[],0,0,1,2026-10-05T05:40:37.263864+00:00,"[""/home/mzyx/jsc_build_fd3406f/JSCOnly/Release/bin/jsc"",""--useJIT=false"",""--useLLInt=true"",""--validateOptions=true"",""/mnt/c/Users/mzyx/Desktop/0921/js-interpreter-bench/experiments/three_engine_baseline/adapters/jsc.js"",""/mnt/c/Users/mzyx/Desktop/0921/js-interpreter-bench/experiments/timer_recovery/adapters/jsc.js"",""/mnt/c/Users/mzyx/Desktop/0921/js-interpreter-bench/experiments/octane_three_engine/MAIN_MONOTONIC_V1/attempt01/generated/CodeLoad.CodeLoadClosure.N2.correctness.js""]","[""--useJIT=false"",""--useLLInt=true"",""--validateOptions=true""]",65c824a055405bf62b05e21d54515a72a1f0187a4d91225d00a6da969d35879f,/mnt/c/Users/mzyx/Desktop/0921/js-interpreter-bench/experiments/octane_three_engine/MAIN_MONOTONIC_V1/attempt01/generated/CodeLoad.CodeLoadClosure.N2.correctness.js,d3c637f0edd2652f14e813c6271059dfc7dbb4aa9a379e329531b15410397f7d,0c485996a598b7e36f2f292b66397adc0390cbe6b69b55199e47e1c6c1e37010,0,True,,,,,,0,,300,False,0,"TEB_RESULT:{""benchmark"":""Octane"",""case"":""CodeLoad.CodeLoadClosure"",""suite"":""CodeLoad"",""subbenchmark"":""CodeLoadClosure"",""mode"":""MAIN_MONOTONIC_V1"",""phase"":""correctness"",""N"":2,""correctness"":""PASS"",""extra_validation_calls"":0,""checksum"":null,""timer"":""benchNow"",""start_ms"":null,""stop_ms"":null,""elapsed_ms"":null,""elapsed_per_call_ms"":null,""warmup_calls"":0}
",,3685132906384,3685099706572,33199812,94e240b1-774a-4fdc-8be3-8b5e85457d9d,True,PASS,
wsl2-ubuntu2404-x64-20261004,MAIN_MONOTONIC_V1,Octane,correctness,CodeLoad.CodeLoadClosure,CodeLoad,CodeLoadClosure,quickjs,2,0,0,[],0,0,1,2026-10-05T05:40:37.019956+00:00,"[""/home/mzyx/three_engine_20261004/quickjs-04be246001599f5995fa2f2d8c91a0f198d3f34c/qjs"",""-I"",""/mnt/c/Users/mzyx/Desktop/0921/js-interpreter-bench/experiments/three_engine_baseline/adapters/quickjs.js"",""-I"",""/mnt/c/Users/mzyx/Desktop/0921/js-interpreter-bench/experiments/timer_recovery/adapters/quickjs.js"",""/mnt/c/Users/mzyx/Desktop/0921/js-interpreter-bench/experiments/octane_three_engine/MAIN_MONOTONIC_V1/attempt01/generated/CodeLoad.CodeLoadClosure.N2.correctness.js""]",[],140d5233b0337d91cb0f994ae4a051e49aa04da8802acfaedf0a01b81a620b79,/mnt/c/Users/mzyx/Desktop/0921/js-interpreter-bench/experiments/octane_three_engine/MAIN_MONOTONIC_V1/attempt01/generated/CodeLoad.CodeLoadClosure.N2.correctness.js,d3c637f0edd2652f14e813c6271059dfc7dbb4aa9a379e329531b15410397f7d,cd393c275173f20526562a008951f65a332deffed85e7c804519788b8ebffab7,0,True,,,,,,0,,300,False,0,"TEB_RESULT:{""benchmark"":""Octane"",""case"":""CodeLoad.CodeLoadClosure"",""suite"":""CodeLoad"",""subbenchmark"":""CodeLoadClosure"",""mode"":""MAIN_MONOTONIC_V1"",""phase"":""correctness"",""N"":2,""correctness"":""PASS"",""extra_validation_calls"":0,""checksum"":null,""timer"":""benchNow"",""start_ms"":null,""stop_ms"":null,""elapsed_ms"":null,""elapsed_per_call_ms"":null,""warmup_calls"":0}
",,3684901040025,3684884557773,16482252,94e240b1-774a-4fdc-8be3-8b5e85457d9d,True,PASS,
wsl2-ubuntu2404-x64-20261004,MAIN_MONOTONIC_V1,Octane,correctness,CodeLoad.CodeLoadClosure,CodeLoad,CodeLoadClosure,v8,2,0,0,[],0,0,1,2026-10-05T05:40:37.140390+00:00,"[""/home/mzyx/three_engine_20261004/v8-linux64-rel-15.6.21/d8"",""--snapshot_blob=/home/mzyx/three_engine_20261004/v8-linux64-rel-15.6.21/snapshot_blob.bin"",""--max-opt=0"",""--no-lazy"",""/mnt/c/Users/mzyx/Desktop/0921/js-interpreter-bench/experiments/three_engine_baseline/adapters/v8.js"",""/mnt/c/Users/mzyx/Desktop/0921/js-interpreter-bench/experiments/timer_recovery/adapters/v8.js"",""/mnt/c/Users/mzyx/Desktop/0921/js-interpreter-bench/experiments/octane_three_engine/MAIN_MONOTONIC_V1/attempt01/generated/CodeLoad.CodeLoadClosure.N2.correctness.js""]","[""--max-opt=0"",""--no-lazy""]",83b744a5953d2662ea723564d4035a333782a0cc85232d1025929a925150b133,/mnt/c/Users/mzyx/Desktop/0921/js-interpreter-bench/experiments/octane_three_engine/MAIN_MONOTONIC_V1/attempt01/generated/CodeLoad.CodeLoadClosure.N2.correctness.js,d3c637f0edd2652f14e813c6271059dfc7dbb4aa9a379e329531b15410397f7d,e610d3aa3d2672a5e6d5eccd9aaf05c6ae6758d1b9c4468289f017a231ab7d9f,0,True,,,,,,0,,300,False,0,"TEB_RESULT:{""benchmark"":""Octane"",""case"":""CodeLoad.CodeLoadClosure"",""suite"":""CodeLoad"",""subbenchmark"":""CodeLoadClosure"",""mode"":""MAIN_MONOTONIC_V1"",""phase"":""correctness"",""N"":2,""correctness"":""PASS"",""extra_validation_calls"":0,""checksum"":null,""timer"":""benchNow"",""start_ms"":null,""stop_ms"":null,""elapsed_ms"":null,""elapsed_per_call_ms"":null,""warmup_calls"":0}
",,3685025576656,3684978630980,46945676,94e240b1-774a-4fdc-8be3-8b5e85457d9d,True,PASS,
wsl2-ubuntu2404-x64-20261004,MAIN_MONOTONIC_V1,Octane,correctness,CodeLoad.CodeLoadJQuery,CodeLoad,CodeLoadJQuery,jsc,1,0,0,[],0,0,1,2026-10-05T05:40:37.618257+00:00,"[""/home/mzyx/jsc_build_fd3406f/JSCOnly/Release/bin/jsc"",""--useJIT=false"",""--useLLInt=true"",""--validateOptions=true"",""/mnt/c/Users/mzyx/Desktop/0921/js-interpreter-bench/experiments/three_engine_baseline/adapters/jsc.js"",""/mnt/c/Users/mzyx/Desktop/0921/js-interpreter-bench/experiments/timer_recovery/adapters/jsc.js"",""/mnt/c/Users/mzyx/Desktop/0921/js-interpreter-bench/experiments/octane_three_engine/MAIN_MONOTONIC_V1/attempt01/generated/CodeLoad.CodeLoadJQuery.N1.correctness.js""]","[""--useJIT=false"",""--useLLInt=true"",""--validateOptions=true""]",65c824a055405bf62b05e21d54515a72a1f0187a4d91225d00a6da969d35879f,/mnt/c/Users/mzyx/Desktop/0921/js-interpreter-bench/experiments/octane_three_engine/MAIN_MONOTONIC_V1/attempt01/generated/CodeLoad.CodeLoadJQuery.N1.correctness.js,bfd9c43380080646f9e633eb4b205ae5ebd74fbf2ac6a89e19b8a185b4307bab,0c485996a598b7e36f2f292b66397adc0390cbe6b69b55199e47e1c6c1e37010,0,True,,,,,,0,,300,False,0,"TEB_RESULT:{""benchmark"":""Octane"",""case"":""CodeLoad.CodeLoadJQuery"",""suite"":""CodeLoad"",""subbenchmark"":""CodeLoadJQuery"",""mode"":""MAIN_MONOTONIC_V1"",""phase"":""correctness"",""N"":1,""correctness"":""PASS"",""extra_validation_calls"":0,""checksum"":null,""timer"":""benchNow"",""start_ms"":null,""stop_ms"":null,""elapsed_ms"":null,""elapsed_per_call_ms"":null,""warmup_calls"":0}
",,3685494646756,3685454330515,40316241,94e240b1-774a-4fdc-8be3-8b5e85457d9d,True,PASS,
wsl2-ubuntu2404-x64-20261004,MAIN_MONOTONIC_V1,Octane,correctness,CodeLoad.CodeLoadJQuery,CodeLoad,CodeLoadJQuery,quickjs,1,0,0,[],0,0,1,2026-10-05T05:40:37.363685+00:00,"[""/home/mzyx/three_engine_20261004/quickjs-04be246001599f5995fa2f2d8c91a0f198d3f34c/qjs"",""-I"",""/mnt/c/Users/mzyx/Desktop/0921/js-interpreter-bench/experiments/three_engine_baseline/adapters/quickjs.js"",""-I"",""/mnt/c/Users/mzyx/Desktop/0921/js-interpreter-bench/experiments/timer_recovery/adapters/quickjs.js"",""/mnt/c/Users/mzyx/Desktop/0921/js-interpreter-bench/experiments/octane_three_engine/MAIN_MONOTONIC_V1/attempt01/generated/CodeLoad.CodeLoadJQuery.N1.correctness.js""]",[],140d5233b0337d91cb0f994ae4a051e49aa04da8802acfaedf0a01b81a620b79,/mnt/c/Users/mzyx/Desktop/0921/js-interpreter-bench/experiments/octane_three_engine/MAIN_MONOTONIC_V1/attempt01/generated/CodeLoad.CodeLoadJQuery.N1.correctness.js,bfd9c43380080646f9e633eb4b205ae5ebd74fbf2ac6a89e19b8a185b4307bab,cd393c275173f20526562a008951f65a332deffed85e7c804519788b8ebffab7,0,True,,,,,,0,,300,False,0,"TEB_RESULT:{""benchmark"":""Octane"",""case"":""CodeLoad.CodeLoadJQuery"",""suite"":""CodeLoad"",""subbenchmark"":""CodeLoadJQuery"",""mode"":""MAIN_MONOTONIC_V1"",""phase"":""correctness"",""N"":1,""correctness"":""PASS"",""extra_validation_calls"":0,""checksum"":null,""timer"":""benchNow"",""start_ms"":null,""stop_ms"":null,""elapsed_ms"":null,""elapsed_per_call_ms"":null,""warmup_calls"":0}
",,3685254573701,3685226751656,27822045,94e240b1-774a-4fdc-8be3-8b5e85457d9d,True,PASS,
wsl2-ubuntu2404-x64-20261004,MAIN_MONOTONIC_V1,Octane,correctness,CodeLoad.CodeLoadJQuery,CodeLoad,CodeLoadJQuery,v8,1,0,0,[],0,0,1,2026-10-05T05:40:37.490804+00:00,"[""/home/mzyx/three_engine_20261004/v8-linux64-rel-15.6.21/d8"",""--snapshot_blob=/home/mzyx/three_engine_20261004/v8-linux64-rel-15.6.21/snapshot_blob.bin"",""--max-opt=0"",""--no-lazy"",""/mnt/c/Users/mzyx/Desktop/0921/js-interpreter-bench/experiments/three_engine_baseline/adapters/v8.js"",""/mnt/c/Users/mzyx/Desktop/0921/js-interpreter-bench/experiments/timer_recovery/adapters/v8.js"",""/mnt/c/Users/mzyx/Desktop/0921/js-interpreter-bench/experiments/octane_three_engine/MAIN_MONOTONIC_V1/attempt01/generated/CodeLoad.CodeLoadJQuery.N1.correctness.js""]","[""--max-opt=0"",""--no-lazy""]",83b744a5953d2662ea723564d4035a333782a0cc85232d1025929a925150b133,/mnt/c/Users/mzyx/Desktop/0921/js-interpreter-bench/experiments/octane_three_engine/MAIN_MONOTONIC_V1/attempt01/generated/CodeLoad.CodeLoadJQuery.N1.correctness.js,bfd9c43380080646f9e633eb4b205ae5ebd74fbf2ac6a89e19b8a185b4307bab,e610d3aa3d2672a5e6d5eccd9aaf05c6ae6758d1b9c4468289f017a231ab7d9f,0,True,,,,,,0,,300,False,0,"TEB_RESULT:{""benchmark"":""Octane"",""case"":""CodeLoad.CodeLoadJQuery"",""suite"":""CodeLoad"",""subbenchmark"":""CodeLoadJQuery"",""mode"":""MAIN_MONOTONIC_V1"",""phase"":""correctness"",""N"":1,""correctness"":""PASS"",""extra_validation_calls"":0,""checksum"":null,""timer"":""benchNow"",""start_ms"":null,""stop_ms"":null,""elapsed_ms"":null,""elapsed_per_call_ms"":null,""warmup_calls"":0}
",,3685378679995,3685326857425,51822570,94e240b1-774a-4fdc-8be3-8b5e85457d9d,True,PASS,
wsl2-ubuntu2404-x64-20261004,MAIN_MONOTONIC_V1,Octane,correctness,CodeLoad.CodeLoadJQuery,CodeLoad,CodeLoadJQuery,jsc,2,0,0,[],0,0,1,2026-10-05T05:40:38.009399+00:00,"[""/home/mzyx/jsc_build_fd3406f/JSCOnly/Release/bin/jsc"",""--useJIT=false"",""--useLLInt=true"",""--validateOptions=true"",""/mnt/c/Users/mzyx/Desktop/0921/js-interpreter-bench/experiments/three_engine_baseline/adapters/jsc.js"",""/mnt/c/Users/mzyx/Desktop/0921/js-interpreter-bench/experiments/timer_recovery/adapters/jsc.js"",""/mnt/c/Users/mzyx/Desktop/0921/js-interpreter-bench/experiments/octane_three_engine/MAIN_MONOTONIC_V1/attempt01/generated/CodeLoad.CodeLoadJQuery.N2.correctness.js""]","[""--useJIT=false"",""--useLLInt=true"",""--validateOptions=true""]",65c824a055405bf62b05e21d54515a72a1f0187a4d91225d00a6da969d35879f,/mnt/c/Users/mzyx/Desktop/0921/js-interpreter-bench/experiments/octane_three_engine/MAIN_MONOTONIC_V1/attempt01/generated/CodeLoad.CodeLoadJQuery.N2.correctness.js,08df0c3bfe15ab21ee650a2eebc8f50c65a1720c85fc538c678a9d08c7f72f61,0c485996a598b7e36f2f292b66397adc0390cbe6b69b55199e47e1c6c1e37010,0,True,,,,,,0,,300,False,0,"TEB_RESULT:{""benchmark"":""Octane"",""case"":""CodeLoad.CodeLoadJQuery"",""suite"":""CodeLoad"",""subbenchmark"":""CodeLoadJQuery"",""mode"":""MAIN_MONOTONIC_V1"",""phase"":""correctness"",""N"":2,""correctness"":""PASS"",""extra_validation_calls"":0,""checksum"":null,""timer"":""benchNow"",""start_ms"":null,""stop_ms"":null,""elapsed_ms"":null,""elapsed_per_call_ms"":null,""warmup_calls"":0}
",,3685888607153,3685845429377,43177776,94e240b1-774a-4fdc-8be3-8b5e85457d9d,True,PASS,
wsl2-ubuntu2404-x64-20261004,MAIN_MONOTONIC_V1,Octane,correctness,CodeLoad.CodeLoadJQuery,CodeLoad,CodeLoadJQuery,quickjs,2,0,0,[],0,0,1,2026-10-05T05:40:37.734888+00:00,"[""/home/mzyx/three_engine_20261004/quickjs-04be246001599f5995fa2f2d8c91a0f198d3f34c/qjs"",""-I"",""/mnt/c/Users/mzyx/Desktop/0921/js-interpreter-bench/experiments/three_engine_baseline/adapters/quickjs.js"",""-I"",""/mnt/c/Users/mzyx/Desktop/0921/js-interpreter-bench/experiments/timer_recovery/adapters/quickjs.js"",""/mnt/c/Users/mzyx/Desktop/0921/js-interpreter-bench/experiments/octane_three_engine/MAIN_MONOTONIC_V1/attempt01/generated/CodeLoad.CodeLoadJQuery.N2.correctness.js""]",[],140d5233b0337d91cb0f994ae4a051e49aa04da8802acfaedf0a01b81a620b79,/mnt/c/Users/mzyx/Desktop/0921/js-interpreter-bench/experiments/octane_three_engine/MAIN_MONOTONIC_V1/attempt01/generated/CodeLoad.CodeLoadJQuery.N2.correctness.js,08df0c3bfe15ab21ee650a2eebc8f50c65a1720c85fc538c678a9d08c7f72f61,cd393c275173f20526562a008951f65a332deffed85e7c804519788b8ebffab7,0,True,,,,,,0,,300,False,0,"TEB_RESULT:{""benchmark"":""Octane"",""case"":""CodeLoad.CodeLoadJQuery"",""suite"":""CodeLoad"",""subbenchmark"":""CodeLoadJQuery"",""mode"":""MAIN_MONOTONIC_V1"",""phase"":""correctness"",""N"":2,""correctness"":""PASS"",""extra_validation_calls"":0,""checksum"":null,""timer"":""benchNow"",""start_ms"":null,""stop_ms"":null,""elapsed_ms"":null,""elapsed_per_call_ms"":null,""warmup_calls"":0}
",,3685636697857,3685597859479,38838378,94e240b1-774a-4fdc-8be3-8b5e85457d9d,True,PASS,
wsl2-ubuntu2404-x64-20261004,MAIN_MONOTONIC_V1,Octane,correctness,CodeLoad.CodeLoadJQuery,CodeLoad,CodeLoadJQuery,v8,2,0,0,[],0,0,1,2026-10-05T05:40:37.879120+00:00,"[""/home/mzyx/three_engine_20261004/v8-linux64-rel-15.6.21/d8"",""--snapshot_blob=/home/mzyx/three_engine_20261004/v8-linux64-rel-15.6.21/snapshot_blob.bin"",""--max-opt=0"",""--no-lazy"",""/mnt/c/Users/mzyx/Desktop/0921/js-interpreter-bench/experiments/three_engine_baseline/adapters/v8.js"",""/mnt/c/Users/mzyx/Desktop/0921/js-interpreter-bench/experiments/timer_recovery/adapters/v8.js"",""/mnt/c/Users/mzyx/Desktop/0921/js-interpreter-bench/experiments/octane_three_engine/MAIN_MONOTONIC_V1/attempt01/generated/CodeLoad.CodeLoadJQuery.N2.correctness.js""]","[""--max-opt=0"",""--no-lazy""]",83b744a5953d2662ea723564d4035a333782a0cc85232d1025929a925150b133,/mnt/c/Users/mzyx/Desktop/0921/js-interpreter-bench/experiments/octane_three_engine/MAIN_MONOTONIC_V1/attempt01/generated/CodeLoad.CodeLoadJQuery.N2.correctness.js,08df0c3bfe15ab21ee650a2eebc8f50c65a1720c85fc538c678a9d08c7f72f61,e610d3aa3d2672a5e6d5eccd9aaf05c6ae6758d1b9c4468289f017a231ab7d9f,0,True,,,,,,0,,300,False,0,"TEB_RESULT:{""benchmark"":""Octane"",""case"":""CodeLoad.CodeLoadJQuery"",""suite"":""CodeLoad"",""subbenchmark"":""CodeLoadJQuery"",""mode"":""MAIN_MONOTONIC_V1"",""phase"":""correctness"",""N"":2,""correctness"":""PASS"",""extra_validation_calls"":0,""checksum"":null,""timer"":""benchNow"",""start_ms"":null,""stop_ms"":null,""elapsed_ms"":null,""elapsed_per_call_ms"":null,""warmup_calls"":0}
",,3685770839676,3685716128440,54711236,94e240b1-774a-4fdc-8be3-8b5e85457d9d,True,PASS,
wsl2-ubuntu2404-x64-20261004,MAIN_MONOTONIC_V1,Octane,correctness,Crypto.Decrypt,Crypto,Decrypt,jsc,1,0,0,[],0,0,1,2026-10-05T05:39:46.257638+00:00,"[""/home/mzyx/jsc_build_fd3406f/JSCOnly/Release/bin/jsc"",""--useJIT=false"",""--useLLInt=true"",""--validateOptions=true"",""/mnt/c/Users/mzyx/Desktop/0921/js-interpreter-bench/experiments/three_engine_baseline/adapters/jsc.js"",""/mnt/c/Users/mzyx/Desktop/0921/js-interpreter-bench/experiments/timer_recovery/adapters/jsc.js"",""/mnt/c/Users/mzyx/Desktop/0921/js-interpreter-bench/experiments/octane_three_engine/MAIN_MONOTONIC_V1/attempt01/generated/Crypto.Decrypt.N1.correctness.js""]","[""--useJIT=false"",""--useLLInt=true"",""--validateOptions=true""]",65c824a055405bf62b05e21d54515a72a1f0187a4d91225d00a6da969d35879f,/mnt/c/Users/mzyx/Desktop/0921/js-interpreter-bench/experiments/octane_three_engine/MAIN_MONOTONIC_V1/attempt01/generated/Crypto.Decrypt.N1.correctness.js,68a255f1bedf72ecab6381d1882c3eda3cf0c5fe696abe42c076c00ddb1f7f8e,0c485996a598b7e36f2f292b66397adc0390cbe6b69b55199e47e1c6c1e37010,0,True,,,,,,0,,300,False,0,"TEB_RESULT:{""benchmark"":""Octane"",""case"":""Crypto.Decrypt"",""suite"":""Crypto"",""subbenchmark"":""Decrypt"",""mode"":""MAIN_MONOTONIC_V1"",""phase"":""correctness"",""N"":1,""correctness"":""PASS"",""extra_validation_calls"":0,""checksum"":null,""timer"":""benchNow"",""start_ms"":null,""stop_ms"":null,""elapsed_ms"":null,""elapsed_per_call_ms"":null,""warmup_calls"":0}
",,3631218915851,3631107353259,111562592,94e240b1-774a-4fdc-8be3-8b5e85457d9d,True,PASS,
wsl2-ubuntu2404-x64-20261004,MAIN_MONOTONIC_V1,Octane,correctness,Crypto.Decrypt,Crypto,Decrypt,quickjs,1,0,0,[],0,0,1,2026-10-05T05:39:45.831132+00:00,"[""/home/mzyx/three_engine_20261004/quickjs-04be246001599f5995fa2f2d8c91a0f198d3f34c/qjs"",""-I"",""/mnt/c/Users/mzyx/Desktop/0921/js-interpreter-bench/experiments/three_engine_baseline/adapters/quickjs.js"",""-I"",""/mnt/c/Users/mzyx/Desktop/0921/js-interpreter-bench/experiments/timer_recovery/adapters/quickjs.js"",""/mnt/c/Users/mzyx/Desktop/0921/js-interpreter-bench/experiments/octane_three_engine/MAIN_MONOTONIC_V1/attempt01/generated/Crypto.Decrypt.N1.correctness.js""]",[],140d5233b0337d91cb0f994ae4a051e49aa04da8802acfaedf0a01b81a620b79,/mnt/c/Users/mzyx/Desktop/0921/js-interpreter-bench/experiments/octane_three_engine/MAIN_MONOTONIC_V1/attempt01/generated/Crypto.Decrypt.N1.correctness.js,68a255f1bedf72ecab6381d1882c3eda3cf0c5fe696abe42c076c00ddb1f7f8e,cd393c275173f20526562a008951f65a332deffed85e7c804519788b8ebffab7,0,True,,,,,,0,,300,False,0,"TEB_RESULT:{""benchmark"":""Octane"",""case"":""Crypto.Decrypt"",""suite"":""Crypto"",""subbenchmark"":""Decrypt"",""mode"":""MAIN_MONOTONIC_V1"",""phase"":""correctness"",""N"":1,""correctness"":""PASS"",""extra_validation_calls"":0,""checksum"":null,""timer"":""benchNow"",""start_ms"":null,""stop_ms"":null,""elapsed_ms"":null,""elapsed_per_call_ms"":null,""warmup_calls"":0}
",,3630829187584,3630704216587,124970997,94e240b1-774a-4fdc-8be3-8b5e85457d9d,True,PASS,
wsl2-ubuntu2404-x64-20261004,MAIN_MONOTONIC_V1,Octane,correctness,Crypto.Decrypt,Crypto,Decrypt,v8,1,0,0,[],0,0,1,2026-10-05T05:39:46.048853+00:00,"[""/home/mzyx/three_engine_20261004/v8-linux64-rel-15.6.21/d8"",""--snapshot_blob=/home/mzyx/three_engine_20261004/v8-linux64-rel-15.6.21/snapshot_blob.bin"",""--max-opt=0"",""--no-lazy"",""/mnt/c/Users/mzyx/Desktop/0921/js-interpreter-bench/experiments/three_engine_baseline/adapters/v8.js"",""/mnt/c/Users/mzyx/Desktop/0921/js-interpreter-bench/experiments/timer_recovery/adapters/v8.js"",""/mnt/c/Users/mzyx/Desktop/0921/js-interpreter-bench/experiments/octane_three_engine/MAIN_MONOTONIC_V1/attempt01/generated/Crypto.Decrypt.N1.correctness.js""]","[""--max-opt=0"",""--no-lazy""]",83b744a5953d2662ea723564d4035a333782a0cc85232d1025929a925150b133,/mnt/c/Users/mzyx/Desktop/0921/js-interpreter-bench/experiments/octane_three_engine/MAIN_MONOTONIC_V1/attempt01/generated/Crypto.Decrypt.N1.correctness.js,68a255f1bedf72ecab6381d1882c3eda3cf0c5fe696abe42c076c00ddb1f7f8e,e610d3aa3d2672a5e6d5eccd9aaf05c6ae6758d1b9c4468289f017a231ab7d9f,0,True,,,,,,0,,300,False,0,"TEB_RESULT:{""benchmark"":""Octane"",""case"":""Crypto.Decrypt"",""suite"":""Crypto"",""subbenchmark"":""Decrypt"",""mode"":""MAIN_MONOTONIC_V1"",""phase"":""correctness"",""N"":1,""correctness"":""PASS"",""extra_validation_calls"":0,""checksum"":null,""timer"":""benchNow"",""start_ms"":null,""stop_ms"":null,""elapsed_ms"":null,""elapsed_per_call_ms"":null,""warmup_calls"":0}
",,3631034433937,3630897982572,136451365,94e240b1-774a-4fdc-8be3-8b5e85457d9d,True,PASS,
wsl2-ubuntu2404-x64-20261004,MAIN_MONOTONIC_V1,Octane,correctness,Crypto.Decrypt,Crypto,Decrypt,jsc,2,0,0,[],0,0,1,2026-10-05T05:39:47.067189+00:00,"[""/home/mzyx/jsc_build_fd3406f/JSCOnly/Release/bin/jsc"",""--useJIT=false"",""--useLLInt=true"",""--validateOptions=true"",""/mnt/c/Users/mzyx/Desktop/0921/js-interpreter-bench/experiments/three_engine_baseline/adapters/jsc.js"",""/mnt/c/Users/mzyx/Desktop/0921/js-interpreter-bench/experiments/timer_recovery/adapters/jsc.js"",""/mnt/c/Users/mzyx/Desktop/0921/js-interpreter-bench/experiments/octane_three_engine/MAIN_MONOTONIC_V1/attempt01/generated/Crypto.Decrypt.N2.correctness.js""]","[""--useJIT=false"",""--useLLInt=true"",""--validateOptions=true""]",65c824a055405bf62b05e21d54515a72a1f0187a4d91225d00a6da969d35879f,/mnt/c/Users/mzyx/Desktop/0921/js-interpreter-bench/experiments/octane_three_engine/MAIN_MONOTONIC_V1/attempt01/generated/Crypto.Decrypt.N2.correctness.js,91967ccbfad3baf5fbde74e5146325614f362304fa8e4436c3f9f08967968b66,0c485996a598b7e36f2f292b66397adc0390cbe6b69b55199e47e1c6c1e37010,0,True,,,,,,0,,300,False,0,"TEB_RESULT:{""benchmark"":""Octane"",""case"":""Crypto.Decrypt"",""suite"":""Crypto"",""subbenchmark"":""Decrypt"",""mode"":""MAIN_MONOTONIC_V1"",""phase"":""correctness"",""N"":2,""correctness"":""PASS"",""extra_validation_calls"":0,""checksum"":null,""timer"":""benchNow"",""start_ms"":null,""stop_ms"":null,""elapsed_ms"":null,""elapsed_per_call_ms"":null,""warmup_calls"":0}
",,3632082935069,3631917035464,165899605,94e240b1-774a-4fdc-8be3-8b5e85457d9d,True,PASS,
wsl2-ubuntu2404-x64-20261004,MAIN_MONOTONIC_V1,Octane,correctness,Crypto.Decrypt,Crypto,Decrypt,quickjs,2,0,0,[],0,0,1,2026-10-05T05:39:46.444704+00:00,"[""/home/mzyx/three_engine_20261004/quickjs-04be246001599f5995fa2f2d8c91a0f198d3f34c/qjs"",""-I"",""/mnt/c/Users/mzyx/Desktop/0921/js-interpreter-bench/experiments/three_engine_baseline/adapters/quickjs.js"",""-I"",""/mnt/c/Users/mzyx/Desktop/0921/js-interpreter-bench/experiments/timer_recovery/adapters/quickjs.js"",""/mnt/c/Users/mzyx/Desktop/0921/js-interpreter-bench/experiments/octane_three_engine/MAIN_MONOTONIC_V1/attempt01/generated/Crypto.Decrypt.N2.correctness.js""]",[],140d5233b0337d91cb0f994ae4a051e49aa04da8802acfaedf0a01b81a620b79,/mnt/c/Users/mzyx/Desktop/0921/js-interpreter-bench/experiments/octane_three_engine/MAIN_MONOTONIC_V1/attempt01/generated/Crypto.Decrypt.N2.correctness.js,91967ccbfad3baf5fbde74e5146325614f362304fa8e4436c3f9f08967968b66,cd393c275173f20526562a008951f65a332deffed85e7c804519788b8ebffab7,0,True,,,,,,0,,300,False,0,"TEB_RESULT:{""benchmark"":""Octane"",""case"":""Crypto.Decrypt"",""suite"":""Crypto"",""subbenchmark"":""Decrypt"",""mode"":""MAIN_MONOTONIC_V1"",""phase"":""correctness"",""N"":2,""correctness"":""PASS"",""extra_validation_calls"":0,""checksum"":null,""timer"":""benchNow"",""start_ms"":null,""stop_ms"":null,""elapsed_ms"":null,""elapsed_per_call_ms"":null,""warmup_calls"":0}
",,3631545667377,3631313493049,232174328,94e240b1-774a-4fdc-8be3-8b5e85457d9d,True,PASS,
wsl2-ubuntu2404-x64-20261004,MAIN_MONOTONIC_V1,Octane,correctness,Crypto.Decrypt,Crypto,Decrypt,v8,2,0,0,[],0,0,1,2026-10-05T05:39:46.769196+00:00,"[""/home/mzyx/three_engine_20261004/v8-linux64-rel-15.6.21/d8"",""--snapshot_blob=/home/mzyx/three_engine_20261004/v8-linux64-rel-15.6.21/snapshot_blob.bin"",""--max-opt=0"",""--no-lazy"",""/mnt/c/Users/mzyx/Desktop/0921/js-interpreter-bench/experiments/three_engine_baseline/adapters/v8.js"",""/mnt/c/Users/mzyx/Desktop/0921/js-interpreter-bench/experiments/timer_recovery/adapters/v8.js"",""/mnt/c/Users/mzyx/Desktop/0921/js-interpreter-bench/experiments/octane_three_engine/MAIN_MONOTONIC_V1/attempt01/generated/Crypto.Decrypt.N2.correctness.js""]","[""--max-opt=0"",""--no-lazy""]",83b744a5953d2662ea723564d4035a333782a0cc85232d1025929a925150b133,/mnt/c/Users/mzyx/Desktop/0921/js-interpreter-bench/experiments/octane_three_engine/MAIN_MONOTONIC_V1/attempt01/generated/Crypto.Decrypt.N2.correctness.js,91967ccbfad3baf5fbde74e5146325614f362304fa8e4436c3f9f08967968b66,e610d3aa3d2672a5e6d5eccd9aaf05c6ae6758d1b9c4468289f017a231ab7d9f,0,True,,,,,,0,,300,False,0,"TEB_RESULT:{""benchmark"":""Octane"",""case"":""Crypto.Decrypt"",""suite"":""Crypto"",""subbenchmark"":""Decrypt"",""mode"":""MAIN_MONOTONIC_V1"",""phase"":""correctness"",""N"":2,""correctness"":""PASS"",""extra_validation_calls"":0,""checksum"":null,""timer"":""benchNow"",""start_ms"":null,""stop_ms"":null,""elapsed_ms"":null,""elapsed_per_call_ms"":null,""warmup_calls"":0}
",,3631845808286,3631618954192,226854094,94e240b1-774a-4fdc-8be3-8b5e85457d9d,True,PASS,
wsl2-ubuntu2404-x64-20261004,MAIN_MONOTONIC_V1,Octane,correctness,Crypto.Encrypt,Crypto,Encrypt,jsc,1,0,0,[],0,0,1,2026-10-05T05:39:44.777591+00:00,"[""/home/mzyx/jsc_build_fd3406f/JSCOnly/Release/bin/jsc"",""--useJIT=false"",""--useLLInt=true"",""--validateOptions=true"",""/mnt/c/Users/mzyx/Desktop/0921/js-interpreter-bench/experiments/three_engine_baseline/adapters/jsc.js"",""/mnt/c/Users/mzyx/Desktop/0921/js-interpreter-bench/experiments/timer_recovery/adapters/jsc.js"",""/mnt/c/Users/mzyx/Desktop/0921/js-interpreter-bench/experiments/octane_three_engine/MAIN_MONOTONIC_V1/attempt01/generated/Crypto.Encrypt.N1.correctness.js""]","[""--useJIT=false"",""--useLLInt=true"",""--validateOptions=true""]",65c824a055405bf62b05e21d54515a72a1f0187a4d91225d00a6da969d35879f,/mnt/c/Users/mzyx/Desktop/0921/js-interpreter-bench/experiments/octane_three_engine/MAIN_MONOTONIC_V1/attempt01/generated/Crypto.Encrypt.N1.correctness.js,3daca48ccac0fa664bd33c6874fd1c6f67079abb21efba273c1db016f7196fd1,0c485996a598b7e36f2f292b66397adc0390cbe6b69b55199e47e1c6c1e37010,0,True,,,,,,0,,300,False,0,"TEB_RESULT:{""benchmark"":""Octane"",""case"":""Crypto.Encrypt"",""suite"":""Crypto"",""subbenchmark"":""Encrypt"",""mode"":""MAIN_MONOTONIC_V1"",""phase"":""correctness"",""N"":1,""correctness"":""PASS"",""extra_validation_calls"":0,""checksum"":null,""timer"":""benchNow"",""start_ms"":null,""stop_ms"":null,""elapsed_ms"":null,""elapsed_per_call_ms"":null,""warmup_calls"":0}
",,3629731772999,3629628955065,102817934,94e240b1-774a-4fdc-8be3-8b5e85457d9d,True,PASS,
wsl2-ubuntu2404-x64-20261004,MAIN_MONOTONIC_V1,Octane,correctness,Crypto.Encrypt,Crypto,Encrypt,quickjs,1,0,0,[],0,0,1,2026-10-05T05:39:47.245461+00:00,"[""/home/mzyx/three_engine_20261004/quickjs-04be246001599f5995fa2f2d8c91a0f198d3f34c/qjs"",""-I"",""/mnt/c/Users/mzyx/Desktop/0921/js-interpreter-bench/experiments/three_engine_baseline/adapters/quickjs.js"",""-I"",""/mnt/c/Users/mzyx/Desktop/0921/js-interpreter-bench/experiments/timer_recovery/adapters/quickjs.js"",""/mnt/c/Users/mzyx/Desktop/0921/js-interpreter-bench/experiments/octane_three_engine/MAIN_MONOTONIC_V1/attempt01/generated/Crypto.Encrypt.N1.correctness.js""]",[],140d5233b0337d91cb0f994ae4a051e49aa04da8802acfaedf0a01b81a620b79,/mnt/c/Users/mzyx/Desktop/0921/js-interpreter-bench/experiments/octane_three_engine/MAIN_MONOTONIC_V1/attempt01/generated/Crypto.Encrypt.N1.correctness.js,3daca48ccac0fa664bd33c6874fd1c6f67079abb21efba273c1db016f7196fd1,cd393c275173f20526562a008951f65a332deffed85e7c804519788b8ebffab7,0,True,,,,,,0,,300,False,0,"TEB_RESULT:{""benchmark"":""Octane"",""case"":""Crypto.Encrypt"",""suite"":""Crypto"",""subbenchmark"":""Encrypt"",""mode"":""MAIN_MONOTONIC_V1"",""phase"":""correctness"",""N"":1,""correctness"":""PASS"",""extra_validation_calls"":0,""checksum"":null,""timer"":""benchNow"",""start_ms"":null,""stop_ms"":null,""elapsed_ms"":null,""elapsed_per_call_ms"":null,""warmup_calls"":0}
",,3629332366766,3629204681125,127685641,94e240b1-774a-4fdc-8be3-8b5e85457d9d,True,PASS,
wsl2-ubuntu2404-x64-20261004,MAIN_MONOTONIC_V1,Octane,correctness,Crypto.Encrypt,Crypto,Encrypt,v8,1,0,0,[],0,0,1,2026-10-05T05:39:44.553685+00:00,"[""/home/mzyx/three_engine_20261004/v8-linux64-rel-15.6.21/d8"",""--snapshot_blob=/home/mzyx/three_engine_20261004/v8-linux64-rel-15.6.21/snapshot_blob.bin"",""--max-opt=0"",""--no-lazy"",""/mnt/c/Users/mzyx/Desktop/0921/js-interpreter-bench/experiments/three_engine_baseline/adapters/v8.js"",""/mnt/c/Users/mzyx/Desktop/0921/js-interpreter-bench/experiments/timer_recovery/adapters/v8.js"",""/mnt/c/Users/mzyx/Desktop/0921/js-interpreter-bench/experiments/octane_three_engine/MAIN_MONOTONIC_V1/attempt01/generated/Crypto.Encrypt.N1.correctness.js""]","[""--max-opt=0"",""--no-lazy""]",83b744a5953d2662ea723564d4035a333782a0cc85232d1025929a925150b133,/mnt/c/Users/mzyx/Desktop/0921/js-interpreter-bench/experiments/octane_three_engine/MAIN_MONOTONIC_V1/attempt01/generated/Crypto.Encrypt.N1.correctness.js,3daca48ccac0fa664bd33c6874fd1c6f67079abb21efba273c1db016f7196fd1,e610d3aa3d2672a5e6d5eccd9aaf05c6ae6758d1b9c4468289f017a231ab7d9f,0,True,,,,,,0,,300,False,0,"TEB_RESULT:{""benchmark"":""Octane"",""case"":""Crypto.Encrypt"",""suite"":""Crypto"",""subbenchmark"":""Encrypt"",""mode"":""MAIN_MONOTONIC_V1"",""phase"":""correctness"",""N"":1,""correctness"":""PASS"",""extra_validation_calls"":0,""checksum"":null,""timer"":""benchNow"",""start_ms"":null,""stop_ms"":null,""elapsed_ms"":null,""elapsed_per_call_ms"":null,""warmup_calls"":0}
",,3629549546372,3629402876450,146669922,94e240b1-774a-4fdc-8be3-8b5e85457d9d,True,PASS,
wsl2-ubuntu2404-x64-20261004,MAIN_MONOTONIC_V1,Octane,correctness,Crypto.Encrypt,Crypto,Encrypt,jsc,2,0,0,[],0,0,1,2026-10-05T05:39:45.598084+00:00,"[""/home/mzyx/jsc_build_fd3406f/JSCOnly/Release/bin/jsc"",""--useJIT=false"",""--useLLInt=true"",""--validateOptions=true"",""/mnt/c/Users/mzyx/Desktop/0921/js-interpreter-bench/experiments/three_engine_baseline/adapters/jsc.js"",""/mnt/c/Users/mzyx/Desktop/0921/js-interpreter-bench/experiments/timer_recovery/adapters/jsc.js"",""/mnt/c/Users/mzyx/Desktop/0921/js-interpreter-bench/experiments/octane_three_engine/MAIN_MONOTONIC_V1/attempt01/generated/Crypto.Encrypt.N2.correctness.js""]","[""--useJIT=false"",""--useLLInt=true"",""--validateOptions=true""]",65c824a055405bf62b05e21d54515a72a1f0187a4d91225d00a6da969d35879f,/mnt/c/Users/mzyx/Desktop/0921/js-interpreter-bench/experiments/octane_three_engine/MAIN_MONOTONIC_V1/attempt01/generated/Crypto.Encrypt.N2.correctness.js,ec5c2f1076625f4b3406db738149aa4a302001e36cd2266eaf7e91ce92d79352,0c485996a598b7e36f2f292b66397adc0390cbe6b69b55199e47e1c6c1e37010,0,True,,,,,,0,,300,False,0,"TEB_RESULT:{""benchmark"":""Octane"",""case"":""Crypto.Encrypt"",""suite"":""Crypto"",""subbenchmark"":""Encrypt"",""mode"":""MAIN_MONOTONIC_V1"",""phase"":""correctness"",""N"":2,""correctness"":""PASS"",""extra_validation_calls"":0,""checksum"":null,""timer"":""benchNow"",""start_ms"":null,""stop_ms"":null,""elapsed_ms"":null,""elapsed_per_call_ms"":null,""warmup_calls"":0}
",,3630618279544,3630447625715,170653829,94e240b1-774a-4fdc-8be3-8b5e85457d9d,True,PASS,
wsl2-ubuntu2404-x64-20261004,MAIN_MONOTONIC_V1,Octane,correctness,Crypto.Encrypt,Crypto,Encrypt,quickjs,2,0,0,[],0,0,1,2026-10-05T05:39:44.957018+00:00,"[""/home/mzyx/three_engine_20261004/quickjs-04be246001599f5995fa2f2d8c91a0f198d3f34c/qjs"",""-I"",""/mnt/c/Users/mzyx/Desktop/0921/js-interpreter-bench/experiments/three_engine_baseline/adapters/quickjs.js"",""-I"",""/mnt/c/Users/mzyx/Desktop/0921/js-interpreter-bench/experiments/timer_recovery/adapters/quickjs.js"",""/mnt/c/Users/mzyx/Desktop/0921/js-interpreter-bench/experiments/octane_three_engine/MAIN_MONOTONIC_V1/attempt01/generated/Crypto.Encrypt.N2.correctness.js""]",[],140d5233b0337d91cb0f994ae4a051e49aa04da8802acfaedf0a01b81a620b79,/mnt/c/Users/mzyx/Desktop/0921/js-interpreter-bench/experiments/octane_three_engine/MAIN_MONOTONIC_V1/attempt01/generated/Crypto.Encrypt.N2.correctness.js,ec5c2f1076625f4b3406db738149aa4a302001e36cd2266eaf7e91ce92d79352,cd393c275173f20526562a008951f65a332deffed85e7c804519788b8ebffab7,0,True,,,,,,0,,300,False,0,"TEB_RESULT:{""benchmark"":""Octane"",""case"":""Crypto.Encrypt"",""suite"":""Crypto"",""subbenchmark"":""Encrypt"",""mode"":""MAIN_MONOTONIC_V1"",""phase"":""correctness"",""N"":2,""correctness"":""PASS"",""extra_validation_calls"":0,""checksum"":null,""timer"":""benchNow"",""start_ms"":null,""stop_ms"":null,""elapsed_ms"":null,""elapsed_per_call_ms"":null,""warmup_calls"":0}
",,3630063608909,3629825651475,237957434,94e240b1-774a-4fdc-8be3-8b5e85457d9d,True,PASS,
wsl2-ubuntu2404-x64-20261004,MAIN_MONOTONIC_V1,Octane,correctness,Crypto.Encrypt,Crypto,Encrypt,v8,2,0,0,[],0,0,1,2026-10-05T05:39:45.287216+00:00,"[""/home/mzyx/three_engine_20261004/v8-linux64-rel-15.6.21/d8"",""--snapshot_blob=/home/mzyx/three_engine_20261004/v8-linux64-rel-15.6.21/snapshot_blob.bin"",""--max-opt=0"",""--no-lazy"",""/mnt/c/Users/mzyx/Desktop/0921/js-interpreter-bench/experiments/three_engine_baseline/adapters/v8.js"",""/mnt/c/Users/mzyx/Desktop/0921/js-interpreter-bench/experiments/timer_recovery/adapters/v8.js"",""/mnt/c/Users/mzyx/Desktop/0921/js-interpreter-bench/experiments/octane_three_engine/MAIN_MONOTONIC_V1/attempt01/generated/Crypto.Encrypt.N2.correctness.js""]","[""--max-opt=0"",""--no-lazy""]",83b744a5953d2662ea723564d4035a333782a0cc85232d1025929a925150b133,/mnt/c/Users/mzyx/Desktop/0921/js-interpreter-bench/experiments/octane_three_engine/MAIN_MONOTONIC_V1/attempt01/generated/Crypto.Encrypt.N2.correctness.js,ec5c2f1076625f4b3406db738149aa4a302001e36cd2266eaf7e91ce92d79352,e610d3aa3d2672a5e6d5eccd9aaf05c6ae6758d1b9c4468289f017a231ab7d9f,0,True,,,,,,0,,300,False,0,"TEB_RESULT:{""benchmark"":""Octane"",""case"":""Crypto.Encrypt"",""suite"":""Crypto"",""subbenchmark"":""Encrypt"",""mode"":""MAIN_MONOTONIC_V1"",""phase"":""correctness"",""N"":2,""correctness"":""PASS"",""extra_validation_calls"":0,""checksum"":null,""timer"":""benchNow"",""start_ms"":null,""stop_ms"":null,""elapsed_ms"":null,""elapsed_per_call_ms"":null,""warmup_calls"":0}
",,3630373580846,3630137121731,236459115,94e240b1-774a-4fdc-8be3-8b5e85457d9d,True,PASS,
wsl2-ubuntu2404-x64-20261004,MAIN_MONOTONIC_V1,Octane,correctness,DeltaBlue.DeltaBlue,DeltaBlue,DeltaBlue,jsc,1,0,0,[],0,0,1,2026-10-05T05:39:46.786109+00:00,"[""/home/mzyx/jsc_build_fd3406f/JSCOnly/Release/bin/jsc"",""--useJIT=false"",""--useLLInt=true"",""--validateOptions=true"",""/mnt/c/Users/mzyx/Desktop/0921/js-interpreter-bench/experiments/three_engine_baseline/adapters/jsc.js"",""/mnt/c/Users/mzyx/Desktop/0921/js-interpreter-bench/experiments/timer_recovery/adapters/jsc.js"",""/mnt/c/Users/mzyx/Desktop/0921/js-interpreter-bench/experiments/octane_three_engine/MAIN_MONOTONIC_V1/attempt01/generated/DeltaBlue.DeltaBlue.N1.correctness.js""]","[""--useJIT=false"",""--useLLInt=true"",""--validateOptions=true""]",65c824a055405bf62b05e21d54515a72a1f0187a4d91225d00a6da969d35879f,/mnt/c/Users/mzyx/Desktop/0921/js-interpreter-bench/experiments/octane_three_engine/MAIN_MONOTONIC_V1/attempt01/generated/DeltaBlue.DeltaBlue.N1.correctness.js,be85bcf8e7ca9d5eaee041ae3692b30a35f74a8fad4df0fa03586689d2a043cd,0c485996a598b7e36f2f292b66397adc0390cbe6b69b55199e47e1c6c1e37010,0,True,,,,,,0,,300,False,0,"TEB_RESULT:{""benchmark"":""Octane"",""case"":""DeltaBlue.DeltaBlue"",""suite"":""DeltaBlue"",""subbenchmark"":""DeltaBlue"",""mode"":""MAIN_MONOTONIC_V1"",""phase"":""correctness"",""N"":1,""correctness"":""PASS"",""extra_validation_calls"":0,""checksum"":null,""timer"":""benchNow"",""start_ms"":null,""stop_ms"":null,""elapsed_ms"":null,""elapsed_per_call_ms"":null,""warmup_calls"":0}
",,3628762210351,3628727599155,34611196,94e240b1-774a-4fdc-8be3-8b5e85457d9d,True,PASS,
wsl2-ubuntu2404-x64-20261004,MAIN_MONOTONIC_V1,Octane,correctness,DeltaBlue.DeltaBlue,DeltaBlue,DeltaBlue,quickjs,1,0,0,[],0,0,1,2026-10-05T05:39:46.564480+00:00,"[""/home/mzyx/three_engine_20261004/quickjs-04be246001599f5995fa2f2d8c91a0f198d3f34c/qjs"",""-I"",""/mnt/c/Users/mzyx/Desktop/0921/js-interpreter-bench/experiments/three_engine_baseline/adapters/quickjs.js"",""-I"",""/mnt/c/Users/mzyx/Desktop/0921/js-interpreter-bench/experiments/timer_recovery/adapters/quickjs.js"",""/mnt/c/Users/mzyx/Desktop/0921/js-interpreter-bench/experiments/octane_three_engine/MAIN_MONOTONIC_V1/attempt01/generated/DeltaBlue.DeltaBlue.N1.correctness.js""]",[],140d5233b0337d91cb0f994ae4a051e49aa04da8802acfaedf0a01b81a620b79,/mnt/c/Users/mzyx/Desktop/0921/js-interpreter-bench/experiments/octane_three_engine/MAIN_MONOTONIC_V1/attempt01/generated/DeltaBlue.DeltaBlue.N1.correctness.js,be85bcf8e7ca9d5eaee041ae3692b30a35f74a8fad4df0fa03586689d2a043cd,cd393c275173f20526562a008951f65a332deffed85e7c804519788b8ebffab7,0,True,,,,,,0,,300,False,0,"TEB_RESULT:{""benchmark"":""Octane"",""case"":""DeltaBlue.DeltaBlue"",""suite"":""DeltaBlue"",""subbenchmark"":""DeltaBlue"",""mode"":""MAIN_MONOTONIC_V1"",""phase"":""correctness"",""N"":1,""correctness"":""PASS"",""extra_validation_calls"":0,""checksum"":null,""timer"":""benchNow"",""start_ms"":null,""stop_ms"":null,""elapsed_ms"":null,""elapsed_per_call_ms"":null,""warmup_calls"":0}
",,3628542179806,3628520323767,21856039,94e240b1-774a-4fdc-8be3-8b5e85457d9d,True,PASS,
wsl2-ubuntu2404-x64-20261004,MAIN_MONOTONIC_V1,Octane,correctness,DeltaBlue.DeltaBlue,DeltaBlue,DeltaBlue,v8,1,0,0,[],0,0,1,2026-10-05T05:39:46.670554+00:00,"[""/home/mzyx/three_engine_20261004/v8-linux64-rel-15.6.21/d8"",""--snapshot_blob=/home/mzyx/three_engine_20261004/v8-linux64-rel-15.6.21/snapshot_blob.bin"",""--max-opt=0"",""--no-lazy"",""/mnt/c/Users/mzyx/Desktop/0921/js-interpreter-bench/experiments/three_engine_baseline/adapters/v8.js"",""/mnt/c/Users/mzyx/Desktop/0921/js-interpreter-bench/experiments/timer_recovery/adapters/v8.js"",""/mnt/c/Users/mzyx/Desktop/0921/js-interpreter-bench/experiments/octane_three_engine/MAIN_MONOTONIC_V1/attempt01/generated/DeltaBlue.DeltaBlue.N1.correctness.js""]","[""--max-opt=0"",""--no-lazy""]",83b744a5953d2662ea723564d4035a333782a0cc85232d1025929a925150b133,/mnt/c/Users/mzyx/Desktop/0921/js-interpreter-bench/experiments/octane_three_engine/MAIN_MONOTONIC_V1/attempt01/generated/DeltaBlue.DeltaBlue.N1.correctness.js,be85bcf8e7ca9d5eaee041ae3692b30a35f74a8fad4df0fa03586689d2a043cd,e610d3aa3d2672a5e6d5eccd9aaf05c6ae6758d1b9c4468289f017a231ab7d9f,0,True,,,,,,0,,300,False,0,"TEB_RESULT:{""benchmark"":""Octane"",""case"":""DeltaBlue.DeltaBlue"",""suite"":""DeltaBlue"",""subbenchmark"":""DeltaBlue"",""mode"":""MAIN_MONOTONIC_V1"",""phase"":""correctness"",""N"":1,""correctness"":""PASS"",""extra_validation_calls"":0,""checksum"":null,""timer"":""benchNow"",""start_ms"":null,""stop_ms"":null,""elapsed_ms"":null,""elapsed_per_call_ms"":null,""warmup_calls"":0}
",,3628657134646,3628612748081,44386565,94e240b1-774a-4fdc-8be3-8b5e85457d9d,True,PASS,
wsl2-ubuntu2404-x64-20261004,MAIN_MONOTONIC_V1,Octane,correctness,DeltaBlue.DeltaBlue,DeltaBlue,DeltaBlue,jsc,2,0,0,[],0,0,1,2026-10-05T05:39:47.139448+00:00,"[""/home/mzyx/jsc_build_fd3406f/JSCOnly/Release/bin/jsc"",""--useJIT=false"",""--useLLInt=true"",""--validateOptions=true"",""/mnt/c/Users/mzyx/Desktop/0921/js-interpreter-bench/experiments/three_engine_baseline/adapters/jsc.js"",""/mnt/c/Users/mzyx/Desktop/0921/js-interpreter-bench/experiments/timer_recovery/adapters/jsc.js"",""/mnt/c/Users/mzyx/Desktop/0921/js-interpreter-bench/experiments/octane_three_engine/MAIN_MONOTONIC_V1/attempt01/generated/DeltaBlue.DeltaBlue.N2.correctness.js""]","[""--useJIT=false"",""--useLLInt=true"",""--validateOptions=true""]",65c824a055405bf62b05e21d54515a72a1f0187a4d91225d00a6da969d35879f,/mnt/c/Users/mzyx/Desktop/0921/js-interpreter-bench/experiments/octane_three_engine/MAIN_MONOTONIC_V1/attempt01/generated/DeltaBlue.DeltaBlue.N2.correctness.js,4ec2d36bde2a645b8e0f326946310477a37a59ea1cb632b9d732f3d0feb70159,0c485996a598b7e36f2f292b66397adc0390cbe6b69b55199e47e1c6c1e37010,0,True,,,,,,0,,300,False,0,"TEB_RESULT:{""benchmark"":""Octane"",""case"":""DeltaBlue.DeltaBlue"",""suite"":""DeltaBlue"",""subbenchmark"":""DeltaBlue"",""mode"":""MAIN_MONOTONIC_V1"",""phase"":""correctness"",""N"":2,""correctness"":""PASS"",""extra_validation_calls"":0,""checksum"":null,""timer"":""benchNow"",""start_ms"":null,""stop_ms"":null,""elapsed_ms"":null,""elapsed_per_call_ms"":null,""warmup_calls"":0}
",,3629121978373,3629082811992,39166381,94e240b1-774a-4fdc-8be3-8b5e85457d9d,True,PASS,
wsl2-ubuntu2404-x64-20261004,MAIN_MONOTONIC_V1,Octane,correctness,DeltaBlue.DeltaBlue,DeltaBlue,DeltaBlue,quickjs,2,0,0,[],0,0,1,2026-10-05T05:39:46.892391+00:00,"[""/home/mzyx/three_engine_20261004/quickjs-04be246001599f5995fa2f2d8c91a0f198d3f34c/qjs"",""-I"",""/mnt/c/Users/mzyx/Desktop/0921/js-interpreter-bench/experiments/three_engine_baseline/adapters/quickjs.js"",""-I"",""/mnt/c/Users/mzyx/Desktop/0921/js-interpreter-bench/experiments/timer_recovery/adapters/quickjs.js"",""/mnt/c/Users/mzyx/Desktop/0921/js-interpreter-bench/experiments/octane_three_engine/MAIN_MONOTONIC_V1/attempt01/generated/DeltaBlue.DeltaBlue.N2.correctness.js""]",[],140d5233b0337d91cb0f994ae4a051e49aa04da8802acfaedf0a01b81a620b79,/mnt/c/Users/mzyx/Desktop/0921/js-interpreter-bench/experiments/octane_three_engine/MAIN_MONOTONIC_V1/attempt01/generated/DeltaBlue.DeltaBlue.N2.correctness.js,4ec2d36bde2a645b8e0f326946310477a37a59ea1cb632b9d732f3d0feb70159,cd393c275173f20526562a008951f65a332deffed85e7c804519788b8ebffab7,0,True,,,,,,0,,300,False,0,"TEB_RESULT:{""benchmark"":""Octane"",""case"":""DeltaBlue.DeltaBlue"",""suite"":""DeltaBlue"",""subbenchmark"":""DeltaBlue"",""mode"":""MAIN_MONOTONIC_V1"",""phase"":""correctness"",""N"":2,""correctness"":""PASS"",""extra_validation_calls"":0,""checksum"":null,""timer"":""benchNow"",""start_ms"":null,""stop_ms"":null,""elapsed_ms"":null,""elapsed_per_call_ms"":null,""warmup_calls"":0}
",,3628878034213,3628848706862,29327351,94e240b1-774a-4fdc-8be3-8b5e85457d9d,True,PASS,
wsl2-ubuntu2404-x64-20261004,MAIN_MONOTONIC_V1,Octane,correctness,DeltaBlue.DeltaBlue,DeltaBlue,DeltaBlue,v8,2,0,0,[],0,0,1,2026-10-05T05:39:47.010706+00:00,"[""/home/mzyx/three_engine_20261004/v8-linux64-rel-15.6.21/d8"",""--snapshot_blob=/home/mzyx/three_engine_20261004/v8-linux64-rel-15.6.21/snapshot_blob.bin"",""--max-opt=0"",""--no-lazy"",""/mnt/c/Users/mzyx/Desktop/0921/js-interpreter-bench/experiments/three_engine_baseline/adapters/v8.js"",""/mnt/c/Users/mzyx/Desktop/0921/js-interpreter-bench/experiments/timer_recovery/adapters/v8.js"",""/mnt/c/Users/mzyx/Desktop/0921/js-interpreter-bench/experiments/octane_three_engine/MAIN_MONOTONIC_V1/attempt01/generated/DeltaBlue.DeltaBlue.N2.correctness.js""]","[""--max-opt=0"",""--no-lazy""]",83b744a5953d2662ea723564d4035a333782a0cc85232d1025929a925150b133,/mnt/c/Users/mzyx/Desktop/0921/js-interpreter-bench/experiments/octane_three_engine/MAIN_MONOTONIC_V1/attempt01/generated/DeltaBlue.DeltaBlue.N2.correctness.js,4ec2d36bde2a645b8e0f326946310477a37a59ea1cb632b9d732f3d0feb70159,e610d3aa3d2672a5e6d5eccd9aaf05c6ae6758d1b9c4468289f017a231ab7d9f,0,True,,,,,,0,,300,False,0,"TEB_RESULT:{""benchmark"":""Octane"",""case"":""DeltaBlue.DeltaBlue"",""suite"":""DeltaBlue"",""subbenchmark"":""DeltaBlue"",""mode"":""MAIN_MONOTONIC_V1"",""phase"":""correctness"",""N"":2,""correctness"":""PASS"",""extra_validation_calls"":0,""checksum"":null,""timer"":""benchNow"",""start_ms"":null,""stop_ms"":null,""elapsed_ms"":null,""elapsed_per_call_ms"":null,""warmup_calls"":0}
",,3629006892515,3628954804914,52087601,94e240b1-774a-4fdc-8be3-8b5e85457d9d,True,PASS,
wsl2-ubuntu2404-x64-20261004,MAIN_MONOTONIC_V1,Octane,correctness,EarleyBoyer.Boyer,EarleyBoyer,Boyer,jsc,1,0,0,[],0,0,1,2026-10-05T05:39:49.683833+00:00,"[""/home/mzyx/jsc_build_fd3406f/JSCOnly/Release/bin/jsc"",""--useJIT=false"",""--useLLInt=true"",""--validateOptions=true"",""/mnt/c/Users/mzyx/Desktop/0921/js-interpreter-bench/experiments/three_engine_baseline/adapters/jsc.js"",""/mnt/c/Users/mzyx/Desktop/0921/js-interpreter-bench/experiments/timer_recovery/adapters/jsc.js"",""/mnt/c/Users/mzyx/Desktop/0921/js-interpreter-bench/experiments/octane_three_engine/MAIN_MONOTONIC_V1/attempt01/generated/EarleyBoyer.Boyer.N1.correctness.js""]","[""--useJIT=false"",""--useLLInt=true"",""--validateOptions=true""]",65c824a055405bf62b05e21d54515a72a1f0187a4d91225d00a6da969d35879f,/mnt/c/Users/mzyx/Desktop/0921/js-interpreter-bench/experiments/octane_three_engine/MAIN_MONOTONIC_V1/attempt01/generated/EarleyBoyer.Boyer.N1.correctness.js,76de0e88816cd99f257f4e46a677509234552df86fd3a4fc53ef71d191fa91bb,0c485996a598b7e36f2f292b66397adc0390cbe6b69b55199e47e1c6c1e37010,0,True,,,,,,0,,300,False,0,"TEB_RESULT:{""benchmark"":""Octane"",""case"":""EarleyBoyer.Boyer"",""suite"":""EarleyBoyer"",""subbenchmark"":""Boyer"",""mode"":""MAIN_MONOTONIC_V1"",""phase"":""correctness"",""N"":1,""correctness"":""PASS"",""extra_validation_calls"":0,""checksum"":null,""timer"":""benchNow"",""start_ms"":null,""stop_ms"":null,""elapsed_ms"":null,""elapsed_per_call_ms"":null,""warmup_calls"":0}
",,3634637015919,3634533957492,103058427,94e240b1-774a-4fdc-8be3-8b5e85457d9d,True,PASS,
wsl2-ubuntu2404-x64-20261004,MAIN_MONOTONIC_V1,Octane,correctness,EarleyBoyer.Boyer,EarleyBoyer,Boyer,quickjs,1,0,0,[],0,0,1,2026-10-05T05:39:49.163714+00:00,"[""/home/mzyx/three_engine_20261004/quickjs-04be246001599f5995fa2f2d8c91a0f198d3f34c/qjs"",""-I"",""/mnt/c/Users/mzyx/Desktop/0921/js-interpreter-bench/experiments/three_engine_baseline/adapters/quickjs.js"",""-I"",""/mnt/c/Users/mzyx/Desktop/0921/js-interpreter-bench/experiments/timer_recovery/adapters/quickjs.js"",""/mnt/c/Users/mzyx/Desktop/0921/js-interpreter-bench/experiments/octane_three_engine/MAIN_MONOTONIC_V1/attempt01/generated/EarleyBoyer.Boyer.N1.correctness.js""]",[],140d5233b0337d91cb0f994ae4a051e49aa04da8802acfaedf0a01b81a620b79,/mnt/c/Users/mzyx/Desktop/0921/js-interpreter-bench/experiments/octane_three_engine/MAIN_MONOTONIC_V1/attempt01/generated/EarleyBoyer.Boyer.N1.correctness.js,76de0e88816cd99f257f4e46a677509234552df86fd3a4fc53ef71d191fa91bb,cd393c275173f20526562a008951f65a332deffed85e7c804519788b8ebffab7,0,True,,,,,,0,,300,False,0,"TEB_RESULT:{""benchmark"":""Octane"",""case"":""EarleyBoyer.Boyer"",""suite"":""EarleyBoyer"",""subbenchmark"":""Boyer"",""mode"":""MAIN_MONOTONIC_V1"",""phase"":""correctness"",""N"":1,""correctness"":""PASS"",""extra_validation_calls"":0,""checksum"":null,""timer"":""benchNow"",""start_ms"":null,""stop_ms"":null,""elapsed_ms"":null,""elapsed_per_call_ms"":null,""warmup_calls"":0}
",,3634277352408,3634130568084,146784324,94e240b1-774a-4fdc-8be3-8b5e85457d9d,True,PASS,
wsl2-ubuntu2404-x64-20261004,MAIN_MONOTONIC_V1,Octane,correctness,EarleyBoyer.Boyer,EarleyBoyer,Boyer,v8,1,0,0,[],0,0,1,2026-10-05T05:39:49.500103+00:00,"[""/home/mzyx/three_engine_20261004/v8-linux64-rel-15.6.21/d8"",""--snapshot_blob=/home/mzyx/three_engine_20261004/v8-linux64-rel-15.6.21/snapshot_blob.bin"",""--max-opt=0"",""--no-lazy"",""/mnt/c/Users/mzyx/Desktop/0921/js-interpreter-bench/experiments/three_engine_baseline/adapters/v8.js"",""/mnt/c/Users/mzyx/Desktop/0921/js-interpreter-bench/experiments/timer_recovery/adapters/v8.js"",""/mnt/c/Users/mzyx/Desktop/0921/js-interpreter-bench/experiments/octane_three_engine/MAIN_MONOTONIC_V1/attempt01/generated/EarleyBoyer.Boyer.N1.correctness.js""]","[""--max-opt=0"",""--no-lazy""]",83b744a5953d2662ea723564d4035a333782a0cc85232d1025929a925150b133,/mnt/c/Users/mzyx/Desktop/0921/js-interpreter-bench/experiments/octane_three_engine/MAIN_MONOTONIC_V1/attempt01/generated/EarleyBoyer.Boyer.N1.correctness.js,76de0e88816cd99f257f4e46a677509234552df86fd3a4fc53ef71d191fa91bb,e610d3aa3d2672a5e6d5eccd9aaf05c6ae6758d1b9c4468289f017a231ab7d9f,0,True,,,,,,0,,300,False,0,"TEB_RESULT:{""benchmark"":""Octane"",""case"":""EarleyBoyer.Boyer"",""suite"":""EarleyBoyer"",""subbenchmark"":""Boyer"",""mode"":""MAIN_MONOTONIC_V1"",""phase"":""correctness"",""N"":1,""correctness"":""PASS"",""extra_validation_calls"":0,""checksum"":null,""timer"":""benchNow"",""start_ms"":null,""stop_ms"":null,""elapsed_ms"":null,""elapsed_per_call_ms"":null,""warmup_calls"":0}
",,3634459834611,3634351242830,108591781,94e240b1-774a-4fdc-8be3-8b5e85457d9d,True,PASS,
wsl2-ubuntu2404-x64-20261004,MAIN_MONOTONIC_V1,Octane,correctness,EarleyBoyer.Boyer,EarleyBoyer,Boyer,jsc,2,0,0,[],0,0,1,2026-10-05T05:39:50.534700+00:00,"[""/home/mzyx/jsc_build_fd3406f/JSCOnly/Release/bin/jsc"",""--useJIT=false"",""--useLLInt=true"",""--validateOptions=true"",""/mnt/c/Users/mzyx/Desktop/0921/js-interpreter-bench/experiments/three_engine_baseline/adapters/jsc.js"",""/mnt/c/Users/mzyx/Desktop/0921/js-interpreter-bench/experiments/timer_recovery/adapters/jsc.js"",""/mnt/c/Users/mzyx/Desktop/0921/js-interpreter-bench/experiments/octane_three_engine/MAIN_MONOTONIC_V1/attempt01/generated/EarleyBoyer.Boyer.N2.correctness.js""]","[""--useJIT=false"",""--useLLInt=true"",""--validateOptions=true""]",65c824a055405bf62b05e21d54515a72a1f0187a4d91225d00a6da969d35879f,/mnt/c/Users/mzyx/Desktop/0921/js-interpreter-bench/experiments/octane_three_engine/MAIN_MONOTONIC_V1/attempt01/generated/EarleyBoyer.Boyer.N2.correctness.js,cb117098959788b7c638ecdf17d1d49535c21761580913086f0c92fa3d85620b,0c485996a598b7e36f2f292b66397adc0390cbe6b69b55199e47e1c6c1e37010,0,True,,,,,,0,,300,False,0,"TEB_RESULT:{""benchmark"":""Octane"",""case"":""EarleyBoyer.Boyer"",""suite"":""EarleyBoyer"",""subbenchmark"":""Boyer"",""mode"":""MAIN_MONOTONIC_V1"",""phase"":""correctness"",""N"":2,""correctness"":""PASS"",""extra_validation_calls"":0,""checksum"":null,""timer"":""benchNow"",""start_ms"":null,""stop_ms"":null,""elapsed_ms"":null,""elapsed_per_call_ms"":null,""warmup_calls"":0}
",,3635535824384,3635384640497,151183887,94e240b1-774a-4fdc-8be3-8b5e85457d9d,True,PASS,
wsl2-ubuntu2404-x64-20261004,MAIN_MONOTONIC_V1,Octane,correctness,EarleyBoyer.Boyer,EarleyBoyer,Boyer,quickjs,2,0,0,[],0,0,1,2026-10-05T05:39:49.863541+00:00,"[""/home/mzyx/three_engine_20261004/quickjs-04be246001599f5995fa2f2d8c91a0f198d3f34c/qjs"",""-I"",""/mnt/c/Users/mzyx/Desktop/0921/js-interpreter-bench/experiments/three_engine_baseline/adapters/quickjs.js"",""-I"",""/mnt/c/Users/mzyx/Desktop/0921/js-interpreter-bench/experiments/timer_recovery/adapters/quickjs.js"",""/mnt/c/Users/mzyx/Desktop/0921/js-interpreter-bench/experiments/octane_three_engine/MAIN_MONOTONIC_V1/attempt01/generated/EarleyBoyer.Boyer.N2.correctness.js""]",[],140d5233b0337d91cb0f994ae4a051e49aa04da8802acfaedf0a01b81a620b79,/mnt/c/Users/mzyx/Desktop/0921/js-interpreter-bench/experiments/octane_three_engine/MAIN_MONOTONIC_V1/attempt01/generated/EarleyBoyer.Boyer.N2.correctness.js,cb117098959788b7c638ecdf17d1d49535c21761580913086f0c92fa3d85620b,cd393c275173f20526562a008951f65a332deffed85e7c804519788b8ebffab7,0,True,,,,,,0,,300,False,0,"TEB_RESULT:{""benchmark"":""Octane"",""case"":""EarleyBoyer.Boyer"",""suite"":""EarleyBoyer"",""subbenchmark"":""Boyer"",""mode"":""MAIN_MONOTONIC_V1"",""phase"":""correctness"",""N"":2,""correctness"":""PASS"",""extra_validation_calls"":0,""checksum"":null,""timer"":""benchNow"",""start_ms"":null,""stop_ms"":null,""elapsed_ms"":null,""elapsed_per_call_ms"":null,""warmup_calls"":0}
",,3635070698345,3634809776520,260921825,94e240b1-774a-4fdc-8be3-8b5e85457d9d,True,PASS,
wsl2-ubuntu2404-x64-20261004,MAIN_MONOTONIC_V1,Octane,correctness,EarleyBoyer.Boyer,EarleyBoyer,Boyer,v8,2,0,0,[],0,0,1,2026-10-05T05:39:50.297348+00:00,"[""/home/mzyx/three_engine_20261004/v8-linux64-rel-15.6.21/d8"",""--snapshot_blob=/home/mzyx/three_engine_20261004/v8-linux64-rel-15.6.21/snapshot_blob.bin"",""--max-opt=0"",""--no-lazy"",""/mnt/c/Users/mzyx/Desktop/0921/js-interpreter-bench/experiments/three_engine_baseline/adapters/v8.js"",""/mnt/c/Users/mzyx/Desktop/0921/js-interpreter-bench/experiments/timer_recovery/adapters/v8.js"",""/mnt/c/Users/mzyx/Desktop/0921/js-interpreter-bench/experiments/octane_three_engine/MAIN_MONOTONIC_V1/attempt01/generated/EarleyBoyer.Boyer.N2.correctness.js""]","[""--max-opt=0"",""--no-lazy""]",83b744a5953d2662ea723564d4035a333782a0cc85232d1025929a925150b133,/mnt/c/Users/mzyx/Desktop/0921/js-interpreter-bench/experiments/octane_three_engine/MAIN_MONOTONIC_V1/attempt01/generated/EarleyBoyer.Boyer.N2.correctness.js,cb117098959788b7c638ecdf17d1d49535c21761580913086f0c92fa3d85620b,e610d3aa3d2672a5e6d5eccd9aaf05c6ae6758d1b9c4468289f017a231ab7d9f,0,True,,,,,,0,,300,False,0,"TEB_RESULT:{""benchmark"":""Octane"",""case"":""EarleyBoyer.Boyer"",""suite"":""EarleyBoyer"",""subbenchmark"":""Boyer"",""mode"":""MAIN_MONOTONIC_V1"",""phase"":""correctness"",""N"":2,""correctness"":""PASS"",""extra_validation_calls"":0,""checksum"":null,""timer"":""benchNow"",""start_ms"":null,""stop_ms"":null,""elapsed_ms"":null,""elapsed_per_call_ms"":null,""warmup_calls"":0}
",,3635310833834,3635147594420,163239414,94e240b1-774a-4fdc-8be3-8b5e85457d9d,True,PASS,
wsl2-ubuntu2404-x64-20261004,MAIN_MONOTONIC_V1,Octane,correctness,EarleyBoyer.Earley,EarleyBoyer,Earley,jsc,1,0,0,[],0,0,1,2026-10-05T05:39:48.569455+00:00,"[""/home/mzyx/jsc_build_fd3406f/JSCOnly/Release/bin/jsc"",""--useJIT=false"",""--useLLInt=true"",""--validateOptions=true"",""/mnt/c/Users/mzyx/Desktop/0921/js-interpreter-bench/experiments/three_engine_baseline/adapters/jsc.js"",""/mnt/c/Users/mzyx/Desktop/0921/js-interpreter-bench/experiments/timer_recovery/adapters/jsc.js"",""/mnt/c/Users/mzyx/Desktop/0921/js-interpreter-bench/experiments/octane_three_engine/MAIN_MONOTONIC_V1/attempt01/generated/EarleyBoyer.Earley.N1.correctness.js""]","[""--useJIT=false"",""--useLLInt=true"",""--validateOptions=true""]",65c824a055405bf62b05e21d54515a72a1f0187a4d91225d00a6da969d35879f,/mnt/c/Users/mzyx/Desktop/0921/js-interpreter-bench/experiments/octane_three_engine/MAIN_MONOTONIC_V1/attempt01/generated/EarleyBoyer.Earley.N1.correctness.js,9e74a46a8525edc666f0a4957e27f90bad89af3472748aaf2dfa7d1409611d56,0c485996a598b7e36f2f292b66397adc0390cbe6b69b55199e47e1c6c1e37010,0,True,,,,,,0,,300,False,0,"TEB_RESULT:{""benchmark"":""Octane"",""case"":""EarleyBoyer.Earley"",""suite"":""EarleyBoyer"",""subbenchmark"":""Earley"",""mode"":""MAIN_MONOTONIC_V1"",""phase"":""correctness"",""N"":1,""correctness"":""PASS"",""extra_validation_calls"":0,""checksum"":null,""timer"":""benchNow"",""start_ms"":null,""stop_ms"":null,""elapsed_ms"":null,""elapsed_per_call_ms"":null,""warmup_calls"":0}
",,3633460823469,3633419420153,41403316,94e240b1-774a-4fdc-8be3-8b5e85457d9d,True,PASS,
wsl2-ubuntu2404-x64-20261004,MAIN_MONOTONIC_V1,Octane,correctness,EarleyBoyer.Earley,EarleyBoyer,Earley,quickjs,1,0,0,[],0,0,1,2026-10-05T05:39:48.221413+00:00,"[""/home/mzyx/three_engine_20261004/quickjs-04be246001599f5995fa2f2d8c91a0f198d3f34c/qjs"",""-I"",""/mnt/c/Users/mzyx/Desktop/0921/js-interpreter-bench/experiments/three_engine_baseline/adapters/quickjs.js"",""-I"",""/mnt/c/Users/mzyx/Desktop/0921/js-interpreter-bench/experiments/timer_recovery/adapters/quickjs.js"",""/mnt/c/Users/mzyx/Desktop/0921/js-interpreter-bench/experiments/octane_three_engine/MAIN_MONOTONIC_V1/attempt01/generated/EarleyBoyer.Earley.N1.correctness.js""]",[],140d5233b0337d91cb0f994ae4a051e49aa04da8802acfaedf0a01b81a620b79,/mnt/c/Users/mzyx/Desktop/0921/js-interpreter-bench/experiments/octane_three_engine/MAIN_MONOTONIC_V1/attempt01/generated/EarleyBoyer.Earley.N1.correctness.js,9e74a46a8525edc666f0a4957e27f90bad89af3472748aaf2dfa7d1409611d56,cd393c275173f20526562a008951f65a332deffed85e7c804519788b8ebffab7,0,True,,,,,,0,,300,False,0,"TEB_RESULT:{""benchmark"":""Octane"",""case"":""EarleyBoyer.Earley"",""suite"":""EarleyBoyer"",""subbenchmark"":""Earley"",""mode"":""MAIN_MONOTONIC_V1"",""phase"":""correctness"",""N"":1,""correctness"":""PASS"",""extra_validation_calls"":0,""checksum"":null,""timer"":""benchNow"",""start_ms"":null,""stop_ms"":null,""elapsed_ms"":null,""elapsed_per_call_ms"":null,""warmup_calls"":0}
",,3633215563397,3633183139305,32424092,94e240b1-774a-4fdc-8be3-8b5e85457d9d,True,PASS,
wsl2-ubuntu2404-x64-20261004,MAIN_MONOTONIC_V1,Octane,correctness,EarleyBoyer.Earley,EarleyBoyer,Earley,v8,1,0,0,[],0,0,1,2026-10-05T05:39:48.438367+00:00,"[""/home/mzyx/three_engine_20261004/v8-linux64-rel-15.6.21/d8"",""--snapshot_blob=/home/mzyx/three_engine_20261004/v8-linux64-rel-15.6.21/snapshot_blob.bin"",""--max-opt=0"",""--no-lazy"",""/mnt/c/Users/mzyx/Desktop/0921/js-interpreter-bench/experiments/three_engine_baseline/adapters/v8.js"",""/mnt/c/Users/mzyx/Desktop/0921/js-interpreter-bench/experiments/timer_recovery/adapters/v8.js"",""/mnt/c/Users/mzyx/Desktop/0921/js-interpreter-bench/experiments/octane_three_engine/MAIN_MONOTONIC_V1/attempt01/generated/EarleyBoyer.Earley.N1.correctness.js""]","[""--max-opt=0"",""--no-lazy""]",83b744a5953d2662ea723564d4035a333782a0cc85232d1025929a925150b133,/mnt/c/Users/mzyx/Desktop/0921/js-interpreter-bench/experiments/octane_three_engine/MAIN_MONOTONIC_V1/attempt01/generated/EarleyBoyer.Earley.N1.correctness.js,9e74a46a8525edc666f0a4957e27f90bad89af3472748aaf2dfa7d1409611d56,e610d3aa3d2672a5e6d5eccd9aaf05c6ae6758d1b9c4468289f017a231ab7d9f,0,True,,,,,,0,,300,False,0,"TEB_RESULT:{""benchmark"":""Octane"",""case"":""EarleyBoyer.Earley"",""suite"":""EarleyBoyer"",""subbenchmark"":""Earley"",""mode"":""MAIN_MONOTONIC_V1"",""phase"":""correctness"",""N"":1,""correctness"":""PASS"",""extra_validation_calls"":0,""checksum"":null,""timer"":""benchNow"",""start_ms"":null,""stop_ms"":null,""elapsed_ms"":null,""elapsed_per_call_ms"":null,""warmup_calls"":0}
",,3633345911987,3633288659927,57252060,94e240b1-774a-4fdc-8be3-8b5e85457d9d,True,PASS,
wsl2-ubuntu2404-x64-20261004,MAIN_MONOTONIC_V1,Octane,correctness,EarleyBoyer.Earley,EarleyBoyer,Earley,jsc,2,0,0,[],0,0,1,2026-10-05T05:39:49.054164+00:00,"[""/home/mzyx/jsc_build_fd3406f/JSCOnly/Release/bin/jsc"",""--useJIT=false"",""--useLLInt=true"",""--validateOptions=true"",""/mnt/c/Users/mzyx/Desktop/0921/js-interpreter-bench/experiments/three_engine_baseline/adapters/jsc.js"",""/mnt/c/Users/mzyx/Desktop/0921/js-interpreter-bench/experiments/timer_recovery/adapters/jsc.js"",""/mnt/c/Users/mzyx/Desktop/0921/js-interpreter-bench/experiments/octane_three_engine/MAIN_MONOTONIC_V1/attempt01/generated/EarleyBoyer.Earley.N2.correctness.js""]","[""--useJIT=false"",""--useLLInt=true"",""--validateOptions=true""]",65c824a055405bf62b05e21d54515a72a1f0187a4d91225d00a6da969d35879f,/mnt/c/Users/mzyx/Desktop/0921/js-interpreter-bench/experiments/octane_three_engine/MAIN_MONOTONIC_V1/attempt01/generated/EarleyBoyer.Earley.N2.correctness.js,9912bc7fcd77d1a51e08be01aae4155a508ea071cfeac7acc6deba13f2687ed1,0c485996a598b7e36f2f292b66397adc0390cbe6b69b55199e47e1c6c1e37010,0,True,,,,,,0,,300,False,0,"TEB_RESULT:{""benchmark"":""Octane"",""case"":""EarleyBoyer.Earley"",""suite"":""EarleyBoyer"",""subbenchmark"":""Earley"",""mode"":""MAIN_MONOTONIC_V1"",""phase"":""correctness"",""N"":2,""correctness"":""PASS"",""extra_validation_calls"":0,""checksum"":null,""timer"":""benchNow"",""start_ms"":null,""stop_ms"":null,""elapsed_ms"":null,""elapsed_per_call_ms"":null,""warmup_calls"":0}
",,3633947167787,3633904759696,42408091,94e240b1-774a-4fdc-8be3-8b5e85457d9d,True,PASS,
wsl2-ubuntu2404-x64-20261004,MAIN_MONOTONIC_V1,Octane,correctness,EarleyBoyer.Earley,EarleyBoyer,Earley,quickjs,2,0,0,[],0,0,1,2026-10-05T05:39:48.687860+00:00,"[""/home/mzyx/three_engine_20261004/quickjs-04be246001599f5995fa2f2d8c91a0f198d3f34c/qjs"",""-I"",""/mnt/c/Users/mzyx/Desktop/0921/js-interpreter-bench/experiments/three_engine_baseline/adapters/quickjs.js"",""-I"",""/mnt/c/Users/mzyx/Desktop/0921/js-interpreter-bench/experiments/timer_recovery/adapters/quickjs.js"",""/mnt/c/Users/mzyx/Desktop/0921/js-interpreter-bench/experiments/octane_three_engine/MAIN_MONOTONIC_V1/attempt01/generated/EarleyBoyer.Earley.N2.correctness.js""]",[],140d5233b0337d91cb0f994ae4a051e49aa04da8802acfaedf0a01b81a620b79,/mnt/c/Users/mzyx/Desktop/0921/js-interpreter-bench/experiments/octane_three_engine/MAIN_MONOTONIC_V1/attempt01/generated/EarleyBoyer.Earley.N2.correctness.js,9912bc7fcd77d1a51e08be01aae4155a508ea071cfeac7acc6deba13f2687ed1,cd393c275173f20526562a008951f65a332deffed85e7c804519788b8ebffab7,0,True,,,,,,0,,300,False,0,"TEB_RESULT:{""benchmark"":""Octane"",""case"":""EarleyBoyer.Earley"",""suite"":""EarleyBoyer"",""subbenchmark"":""Earley"",""mode"":""MAIN_MONOTONIC_V1"",""phase"":""correctness"",""N"":2,""correctness"":""PASS"",""extra_validation_calls"":0,""checksum"":null,""timer"":""benchNow"",""start_ms"":null,""stop_ms"":null,""elapsed_ms"":null,""elapsed_per_call_ms"":null,""warmup_calls"":0}
",,3633695577036,3633653987340,41589696,94e240b1-774a-4fdc-8be3-8b5e85457d9d,True,PASS,
wsl2-ubuntu2404-x64-20261004,MAIN_MONOTONIC_V1,Octane,correctness,EarleyBoyer.Earley,EarleyBoyer,Earley,v8,2,0,0,[],0,0,1,2026-10-05T05:39:48.921028+00:00,"[""/home/mzyx/three_engine_20261004/v8-linux64-rel-15.6.21/d8"",""--snapshot_blob=/home/mzyx/three_engine_20261004/v8-linux64-rel-15.6.21/snapshot_blob.bin"",""--max-opt=0"",""--no-lazy"",""/mnt/c/Users/mzyx/Desktop/0921/js-interpreter-bench/experiments/three_engine_baseline/adapters/v8.js"",""/mnt/c/Users/mzyx/Desktop/0921/js-interpreter-bench/experiments/timer_recovery/adapters/v8.js"",""/mnt/c/Users/mzyx/Desktop/0921/js-interpreter-bench/experiments/octane_three_engine/MAIN_MONOTONIC_V1/attempt01/generated/EarleyBoyer.Earley.N2.correctness.js""]","[""--max-opt=0"",""--no-lazy""]",83b744a5953d2662ea723564d4035a333782a0cc85232d1025929a925150b133,/mnt/c/Users/mzyx/Desktop/0921/js-interpreter-bench/experiments/octane_three_engine/MAIN_MONOTONIC_V1/attempt01/generated/EarleyBoyer.Earley.N2.correctness.js,9912bc7fcd77d1a51e08be01aae4155a508ea071cfeac7acc6deba13f2687ed1,e610d3aa3d2672a5e6d5eccd9aaf05c6ae6758d1b9c4468289f017a231ab7d9f,0,True,,,,,,0,,300,False,0,"TEB_RESULT:{""benchmark"":""Octane"",""case"":""EarleyBoyer.Earley"",""suite"":""EarleyBoyer"",""subbenchmark"":""Earley"",""mode"":""MAIN_MONOTONIC_V1"",""phase"":""correctness"",""N"":2,""correctness"":""PASS"",""extra_validation_calls"":0,""checksum"":null,""timer"":""benchNow"",""start_ms"":null,""stop_ms"":null,""elapsed_ms"":null,""elapsed_per_call_ms"":null,""warmup_calls"":0}
",,3633831088260,3633771813706,59274554,94e240b1-774a-4fdc-8be3-8b5e85457d9d,True,PASS,
wsl2-ubuntu2404-x64-20261004,MAIN_MONOTONIC_V1,Octane,correctness,Gameboy.Gameboy,Gameboy,Gameboy,jsc,1,0,0,[],0,0,1,2026-10-05T05:40:33.240684+00:00,"[""/home/mzyx/jsc_build_fd3406f/JSCOnly/Release/bin/jsc"",""--useJIT=false"",""--useLLInt=true"",""--validateOptions=true"",""/mnt/c/Users/mzyx/Desktop/0921/js-interpreter-bench/experiments/three_engine_baseline/adapters/jsc.js"",""/mnt/c/Users/mzyx/Desktop/0921/js-interpreter-bench/experiments/timer_recovery/adapters/jsc.js"",""/mnt/c/Users/mzyx/Desktop/0921/js-interpreter-bench/experiments/octane_three_engine/MAIN_MONOTONIC_V1/attempt01/generated/Gameboy.Gameboy.N1.correctness.js""]","[""--useJIT=false"",""--useLLInt=true"",""--validateOptions=true""]",65c824a055405bf62b05e21d54515a72a1f0187a4d91225d00a6da969d35879f,/mnt/c/Users/mzyx/Desktop/0921/js-interpreter-bench/experiments/octane_three_engine/MAIN_MONOTONIC_V1/attempt01/generated/Gameboy.Gameboy.N1.correctness.js,47f21f3e187dc879173c8c3700ca533f149a4fb96d45eebcede4708689ef35f8,0c485996a598b7e36f2f292b66397adc0390cbe6b69b55199e47e1c6c1e37010,0,True,,,,,,0,,300,False,0,"TEB_RESULT:{""benchmark"":""Octane"",""case"":""Gameboy.Gameboy"",""suite"":""Gameboy"",""subbenchmark"":""Gameboy"",""mode"":""MAIN_MONOTONIC_V1"",""phase"":""correctness"",""N"":1,""correctness"":""PASS"",""extra_validation_calls"":0,""checksum"":null,""timer"":""benchNow"",""start_ms"":null,""stop_ms"":null,""elapsed_ms"":null,""elapsed_per_call_ms"":null,""warmup_calls"":0}
",,3681575971920,3681079220741,496751179,94e240b1-774a-4fdc-8be3-8b5e85457d9d,True,PASS,
wsl2-ubuntu2404-x64-20261004,MAIN_MONOTONIC_V1,Octane,correctness,Gameboy.Gameboy,Gameboy,Gameboy,quickjs,1,0,0,[],0,0,1,2026-10-05T05:40:32.002324+00:00,"[""/home/mzyx/three_engine_20261004/quickjs-04be246001599f5995fa2f2d8c91a0f198d3f34c/qjs"",""-I"",""/mnt/c/Users/mzyx/Desktop/0921/js-interpreter-bench/experiments/three_engine_baseline/adapters/quickjs.js"",""-I"",""/mnt/c/Users/mzyx/Desktop/0921/js-interpreter-bench/experiments/timer_recovery/adapters/quickjs.js"",""/mnt/c/Users/mzyx/Desktop/0921/js-interpreter-bench/experiments/octane_three_engine/MAIN_MONOTONIC_V1/attempt01/generated/Gameboy.Gameboy.N1.correctness.js""]",[],140d5233b0337d91cb0f994ae4a051e49aa04da8802acfaedf0a01b81a620b79,/mnt/c/Users/mzyx/Desktop/0921/js-interpreter-bench/experiments/octane_three_engine/MAIN_MONOTONIC_V1/attempt01/generated/Gameboy.Gameboy.N1.correctness.js,47f21f3e187dc879173c8c3700ca533f149a4fb96d45eebcede4708689ef35f8,cd393c275173f20526562a008951f65a332deffed85e7c804519788b8ebffab7,0,True,,,,,,0,,300,False,0,"TEB_RESULT:{""benchmark"":""Octane"",""case"":""Gameboy.Gameboy"",""suite"":""Gameboy"",""subbenchmark"":""Gameboy"",""mode"":""MAIN_MONOTONIC_V1"",""phase"":""correctness"",""N"":1,""correctness"":""PASS"",""extra_validation_calls"":0,""checksum"":null,""timer"":""benchNow"",""start_ms"":null,""stop_ms"":null,""elapsed_ms"":null,""elapsed_per_call_ms"":null,""warmup_calls"":0}
",,3680413092555,3679925907879,487184676,94e240b1-774a-4fdc-8be3-8b5e85457d9d,True,PASS,
wsl2-ubuntu2404-x64-20261004,MAIN_MONOTONIC_V1,Octane,correctness,Gameboy.Gameboy,Gameboy,Gameboy,v8,1,0,0,[],0,0,1,2026-10-05T05:40:32.661514+00:00,"[""/home/mzyx/three_engine_20261004/v8-linux64-rel-15.6.21/d8"",""--snapshot_blob=/home/mzyx/three_engine_20261004/v8-linux64-rel-15.6.21/snapshot_blob.bin"",""--max-opt=0"",""--no-lazy"",""/mnt/c/Users/mzyx/Desktop/0921/js-interpreter-bench/experiments/three_engine_baseline/adapters/v8.js"",""/mnt/c/Users/mzyx/Desktop/0921/js-interpreter-bench/experiments/timer_recovery/adapters/v8.js"",""/mnt/c/Users/mzyx/Desktop/0921/js-interpreter-bench/experiments/octane_three_engine/MAIN_MONOTONIC_V1/attempt01/generated/Gameboy.Gameboy.N1.correctness.js""]","[""--max-opt=0"",""--no-lazy""]",83b744a5953d2662ea723564d4035a333782a0cc85232d1025929a925150b133,/mnt/c/Users/mzyx/Desktop/0921/js-interpreter-bench/experiments/octane_three_engine/MAIN_MONOTONIC_V1/attempt01/generated/Gameboy.Gameboy.N1.correctness.js,47f21f3e187dc879173c8c3700ca533f149a4fb96d45eebcede4708689ef35f8,e610d3aa3d2672a5e6d5eccd9aaf05c6ae6758d1b9c4468289f017a231ab7d9f,0,True,,,,,,0,,300,False,0,"TEB_RESULT:{""benchmark"":""Octane"",""case"":""Gameboy.Gameboy"",""suite"":""Gameboy"",""subbenchmark"":""Gameboy"",""mode"":""MAIN_MONOTONIC_V1"",""phase"":""correctness"",""N"":1,""correctness"":""PASS"",""extra_validation_calls"":0,""checksum"":null,""timer"":""benchNow"",""start_ms"":null,""stop_ms"":null,""elapsed_ms"":null,""elapsed_per_call_ms"":null,""warmup_calls"":0}
",,3680992259212,3680501187080,491072132,94e240b1-774a-4fdc-8be3-8b5e85457d9d,True,PASS,
wsl2-ubuntu2404-x64-20261004,MAIN_MONOTONIC_V1,Octane,correctness,Gameboy.Gameboy,Gameboy,Gameboy,jsc,2,0,0,[],0,0,1,2026-10-05T05:40:35.699887+00:00,"[""/home/mzyx/jsc_build_fd3406f/JSCOnly/Release/bin/jsc"",""--useJIT=false"",""--useLLInt=true"",""--validateOptions=true"",""/mnt/c/Users/mzyx/Desktop/0921/js-interpreter-bench/experiments/three_engine_baseline/adapters/jsc.js"",""/mnt/c/Users/mzyx/Desktop/0921/js-interpreter-bench/experiments/timer_recovery/adapters/jsc.js"",""/mnt/c/Users/mzyx/Desktop/0921/js-interpreter-bench/experiments/octane_three_engine/MAIN_MONOTONIC_V1/attempt01/generated/Gameboy.Gameboy.N2.correctness.js""]","[""--useJIT=false"",""--useLLInt=true"",""--validateOptions=true""]",65c824a055405bf62b05e21d54515a72a1f0187a4d91225d00a6da969d35879f,/mnt/c/Users/mzyx/Desktop/0921/js-interpreter-bench/experiments/octane_three_engine/MAIN_MONOTONIC_V1/attempt01/generated/Gameboy.Gameboy.N2.correctness.js,18464b503c95daeeb4ecd564d98647b567681a02202cbd375c27b1178f053c02,0c485996a598b7e36f2f292b66397adc0390cbe6b69b55199e47e1c6c1e37010,0,True,,,,,,0,,300,False,0,"TEB_RESULT:{""benchmark"":""Octane"",""case"":""Gameboy.Gameboy"",""suite"":""Gameboy"",""subbenchmark"":""Gameboy"",""mode"":""MAIN_MONOTONIC_V1"",""phase"":""correctness"",""N"":2,""correctness"":""PASS"",""extra_validation_calls"":0,""checksum"":null,""timer"":""benchNow"",""start_ms"":null,""stop_ms"":null,""elapsed_ms"":null,""elapsed_per_call_ms"":null,""warmup_calls"":0}
",,3684431962820,3683539924847,892037973,94e240b1-774a-4fdc-8be3-8b5e85457d9d,True,PASS,
wsl2-ubuntu2404-x64-20261004,MAIN_MONOTONIC_V1,Octane,correctness,Gameboy.Gameboy,Gameboy,Gameboy,quickjs,2,0,0,[],0,0,1,2026-10-05T05:40:33.823176+00:00,"[""/home/mzyx/three_engine_20261004/quickjs-04be246001599f5995fa2f2d8c91a0f198d3f34c/qjs"",""-I"",""/mnt/c/Users/mzyx/Desktop/0921/js-interpreter-bench/experiments/three_engine_baseline/adapters/quickjs.js"",""-I"",""/mnt/c/Users/mzyx/Desktop/0921/js-interpreter-bench/experiments/timer_recovery/adapters/quickjs.js"",""/mnt/c/Users/mzyx/Desktop/0921/js-interpreter-bench/experiments/octane_three_engine/MAIN_MONOTONIC_V1/attempt01/generated/Gameboy.Gameboy.N2.correctness.js""]",[],140d5233b0337d91cb0f994ae4a051e49aa04da8802acfaedf0a01b81a620b79,/mnt/c/Users/mzyx/Desktop/0921/js-interpreter-bench/experiments/octane_three_engine/MAIN_MONOTONIC_V1/attempt01/generated/Gameboy.Gameboy.N2.correctness.js,18464b503c95daeeb4ecd564d98647b567681a02202cbd375c27b1178f053c02,cd393c275173f20526562a008951f65a332deffed85e7c804519788b8ebffab7,0,True,,,,,,0,,300,False,0,"TEB_RESULT:{""benchmark"":""Octane"",""case"":""Gameboy.Gameboy"",""suite"":""Gameboy"",""subbenchmark"":""Gameboy"",""mode"":""MAIN_MONOTONIC_V1"",""phase"":""correctness"",""N"":2,""correctness"":""PASS"",""extra_validation_calls"":0,""checksum"":null,""timer"":""benchNow"",""start_ms"":null,""stop_ms"":null,""elapsed_ms"":null,""elapsed_per_call_ms"":null,""warmup_calls"":0}
",,3682571920990,3681738240007,833680983,94e240b1-774a-4fdc-8be3-8b5e85457d9d,True,PASS,
wsl2-ubuntu2404-x64-20261004,MAIN_MONOTONIC_V1,Octane,correctness,Gameboy.Gameboy,Gameboy,Gameboy,v8,2,0,0,[],0,0,1,2026-10-05T05:40:34.820597+00:00,"[""/home/mzyx/three_engine_20261004/v8-linux64-rel-15.6.21/d8"",""--snapshot_blob=/home/mzyx/three_engine_20261004/v8-linux64-rel-15.6.21/snapshot_blob.bin"",""--max-opt=0"",""--no-lazy"",""/mnt/c/Users/mzyx/Desktop/0921/js-interpreter-bench/experiments/three_engine_baseline/adapters/v8.js"",""/mnt/c/Users/mzyx/Desktop/0921/js-interpreter-bench/experiments/timer_recovery/adapters/v8.js"",""/mnt/c/Users/mzyx/Desktop/0921/js-interpreter-bench/experiments/octane_three_engine/MAIN_MONOTONIC_V1/attempt01/generated/Gameboy.Gameboy.N2.correctness.js""]","[""--max-opt=0"",""--no-lazy""]",83b744a5953d2662ea723564d4035a333782a0cc85232d1025929a925150b133,/mnt/c/Users/mzyx/Desktop/0921/js-interpreter-bench/experiments/octane_three_engine/MAIN_MONOTONIC_V1/attempt01/generated/Gameboy.Gameboy.N2.correctness.js,18464b503c95daeeb4ecd564d98647b567681a02202cbd375c27b1178f053c02,e610d3aa3d2672a5e6d5eccd9aaf05c6ae6758d1b9c4468289f017a231ab7d9f,0,True,,,,,,0,,300,False,0,"TEB_RESULT:{""benchmark"":""Octane"",""case"":""Gameboy.Gameboy"",""suite"":""Gameboy"",""subbenchmark"":""Gameboy"",""mode"":""MAIN_MONOTONIC_V1"",""phase"":""correctness"",""N"":2,""correctness"":""PASS"",""extra_validation_calls"":0,""checksum"":null,""timer"":""benchNow"",""start_ms"":null,""stop_ms"":null,""elapsed_ms"":null,""elapsed_per_call_ms"":null,""warmup_calls"":0}
",,3683447757462,3682659341094,788416368,94e240b1-774a-4fdc-8be3-8b5e85457d9d,True,PASS,
wsl2-ubuntu2404-x64-20261004,MAIN_MONOTONIC_V1,Octane,correctness,Mandreel.Mandreel,Mandreel,Mandreel,jsc,1,0,0,[],0,0,1,2026-10-05T05:40:13.922713+00:00,"[""/home/mzyx/jsc_build_fd3406f/JSCOnly/Release/bin/jsc"",""--useJIT=false"",""--useLLInt=true"",""--validateOptions=true"",""/mnt/c/Users/mzyx/Desktop/0921/js-interpreter-bench/experiments/three_engine_baseline/adapters/jsc.js"",""/mnt/c/Users/mzyx/Desktop/0921/js-interpreter-bench/experiments/timer_recovery/adapters/jsc.js"",""/mnt/c/Users/mzyx/Desktop/0921/js-interpreter-bench/experiments/octane_three_engine/MAIN_MONOTONIC_V1/attempt01/generated/Mandreel.Mandreel.N1.correctness.js""]","[""--useJIT=false"",""--useLLInt=true"",""--validateOptions=true""]",65c824a055405bf62b05e21d54515a72a1f0187a4d91225d00a6da969d35879f,/mnt/c/Users/mzyx/Desktop/0921/js-interpreter-bench/experiments/octane_three_engine/MAIN_MONOTONIC_V1/attempt01/generated/Mandreel.Mandreel.N1.correctness.js,bb36b51d68b2f18f7accffd3abe7ce7d3c60fc7bad03c3402298c17d2253d6a8,0c485996a598b7e36f2f292b66397adc0390cbe6b69b55199e47e1c6c1e37010,0,True,,,,,,0,,300,False,0,"TEB_RESULT:{""benchmark"":""Octane"",""case"":""Mandreel.Mandreel"",""suite"":""Mandreel"",""subbenchmark"":""Mandreel"",""mode"":""MAIN_MONOTONIC_V1"",""phase"":""correctness"",""N"":1,""correctness"":""PASS"",""extra_validation_calls"":0,""checksum"":null,""timer"":""benchNow"",""start_ms"":null,""stop_ms"":null,""elapsed_ms"":null,""elapsed_per_call_ms"":null,""warmup_calls"":0}
",,3662532109673,3658799385175,3732724498,94e240b1-774a-4fdc-8be3-8b5e85457d9d,True,PASS,
wsl2-ubuntu2404-x64-20261004,MAIN_MONOTONIC_V1,Octane,correctness,Mandreel.Mandreel,Mandreel,Mandreel,quickjs,1,0,0,[],0,0,1,2026-10-05T05:40:05.738928+00:00,"[""/home/mzyx/three_engine_20261004/quickjs-04be246001599f5995fa2f2d8c91a0f198d3f34c/qjs"",""-I"",""/mnt/c/Users/mzyx/Desktop/0921/js-interpreter-bench/experiments/three_engine_baseline/adapters/quickjs.js"",""-I"",""/mnt/c/Users/mzyx/Desktop/0921/js-interpreter-bench/experiments/timer_recovery/adapters/quickjs.js"",""/mnt/c/Users/mzyx/Desktop/0921/js-interpreter-bench/experiments/octane_three_engine/MAIN_MONOTONIC_V1/attempt01/generated/Mandreel.Mandreel.N1.correctness.js""]",[],140d5233b0337d91cb0f994ae4a051e49aa04da8802acfaedf0a01b81a620b79,/mnt/c/Users/mzyx/Desktop/0921/js-interpreter-bench/experiments/octane_three_engine/MAIN_MONOTONIC_V1/attempt01/generated/Mandreel.Mandreel.N1.correctness.js,bb36b51d68b2f18f7accffd3abe7ce7d3c60fc7bad03c3402298c17d2253d6a8,cd393c275173f20526562a008951f65a332deffed85e7c804519788b8ebffab7,0,True,,,,,,0,,300,False,0,"TEB_RESULT:{""benchmark"":""Octane"",""case"":""Mandreel.Mandreel"",""suite"":""Mandreel"",""subbenchmark"":""Mandreel"",""mode"":""MAIN_MONOTONIC_V1"",""phase"":""correctness"",""N"":1,""correctness"":""PASS"",""extra_validation_calls"":0,""checksum"":null,""timer"":""benchNow"",""start_ms"":null,""stop_ms"":null,""elapsed_ms"":null,""elapsed_per_call_ms"":null,""warmup_calls"":0}
",,3654995550129,3651567805444,3427744685,94e240b1-774a-4fdc-8be3-8b5e85457d9d,True,PASS,
wsl2-ubuntu2404-x64-20261004,MAIN_MONOTONIC_V1,Octane,correctness,Mandreel.Mandreel,Mandreel,Mandreel,v8,1,0,0,[],0,0,1,2026-10-05T05:40:10.288366+00:00,"[""/home/mzyx/three_engine_20261004/v8-linux64-rel-15.6.21/d8"",""--snapshot_blob=/home/mzyx/three_engine_20261004/v8-linux64-rel-15.6.21/snapshot_blob.bin"",""--max-opt=0"",""--no-lazy"",""/mnt/c/Users/mzyx/Desktop/0921/js-interpreter-bench/experiments/three_engine_baseline/adapters/v8.js"",""/mnt/c/Users/mzyx/Desktop/0921/js-interpreter-bench/experiments/timer_recovery/adapters/v8.js"",""/mnt/c/Users/mzyx/Desktop/0921/js-interpreter-bench/experiments/octane_three_engine/MAIN_MONOTONIC_V1/attempt01/generated/Mandreel.Mandreel.N1.correctness.js""]","[""--max-opt=0"",""--no-lazy""]",83b744a5953d2662ea723564d4035a333782a0cc85232d1025929a925150b133,/mnt/c/Users/mzyx/Desktop/0921/js-interpreter-bench/experiments/octane_three_engine/MAIN_MONOTONIC_V1/attempt01/generated/Mandreel.Mandreel.N1.correctness.js,bb36b51d68b2f18f7accffd3abe7ce7d3c60fc7bad03c3402298c17d2253d6a8,e610d3aa3d2672a5e6d5eccd9aaf05c6ae6758d1b9c4468289f017a231ab7d9f,0,True,,,,,,0,,300,False,0,"TEB_RESULT:{""benchmark"":""Octane"",""case"":""Mandreel.Mandreel"",""suite"":""Mandreel"",""subbenchmark"":""Mandreel"",""mode"":""MAIN_MONOTONIC_V1"",""phase"":""correctness"",""N"":1,""correctness"":""PASS"",""extra_validation_calls"":0,""checksum"":null,""timer"":""benchNow"",""start_ms"":null,""stop_ms"":null,""elapsed_ms"":null,""elapsed_per_call_ms"":null,""warmup_calls"":0}
",,3658635070865,3655170426710,3464644155,94e240b1-774a-4fdc-8be3-8b5e85457d9d,True,PASS,
wsl2-ubuntu2404-x64-20261004,MAIN_MONOTONIC_V1,Octane,correctness,Mandreel.Mandreel,Mandreel,Mandreel,jsc,2,0,0,[],0,0,1,2026-10-05T05:40:26.434057+00:00,"[""/home/mzyx/jsc_build_fd3406f/JSCOnly/Release/bin/jsc"",""--useJIT=false"",""--useLLInt=true"",""--validateOptions=true"",""/mnt/c/Users/mzyx/Desktop/0921/js-interpreter-bench/experiments/three_engine_baseline/adapters/jsc.js"",""/mnt/c/Users/mzyx/Desktop/0921/js-interpreter-bench/experiments/timer_recovery/adapters/jsc.js"",""/mnt/c/Users/mzyx/Desktop/0921/js-interpreter-bench/experiments/octane_three_engine/MAIN_MONOTONIC_V1/attempt01/generated/Mandreel.Mandreel.N2.correctness.js""]","[""--useJIT=false"",""--useLLInt=true"",""--validateOptions=true""]",65c824a055405bf62b05e21d54515a72a1f0187a4d91225d00a6da969d35879f,/mnt/c/Users/mzyx/Desktop/0921/js-interpreter-bench/experiments/octane_three_engine/MAIN_MONOTONIC_V1/attempt01/generated/Mandreel.Mandreel.N2.correctness.js,c25028c529007e6c467e45fb4079df8ea10598520cac3bd0119325fd7461ecb2,0c485996a598b7e36f2f292b66397adc0390cbe6b69b55199e47e1c6c1e37010,0,True,,,,,,0,,300,False,0,"TEB_RESULT:{""benchmark"":""Octane"",""case"":""Mandreel.Mandreel"",""suite"":""Mandreel"",""subbenchmark"":""Mandreel"",""mode"":""MAIN_MONOTONIC_V1"",""phase"":""correctness"",""N"":2,""correctness"":""PASS"",""extra_validation_calls"":0,""checksum"":null,""timer"":""benchNow"",""start_ms"":null,""stop_ms"":null,""elapsed_ms"":null,""elapsed_per_call_ms"":null,""warmup_calls"":0}
",,3679763351509,3674299622133,5463729376,94e240b1-774a-4fdc-8be3-8b5e85457d9d,True,PASS,
wsl2-ubuntu2404-x64-20261004,MAIN_MONOTONIC_V1,Octane,correctness,Mandreel.Mandreel,Mandreel,Mandreel,quickjs,2,0,0,[],0,0,1,2026-10-05T05:40:14.853786+00:00,"[""/home/mzyx/three_engine_20261004/quickjs-04be246001599f5995fa2f2d8c91a0f198d3f34c/qjs"",""-I"",""/mnt/c/Users/mzyx/Desktop/0921/js-interpreter-bench/experiments/three_engine_baseline/adapters/quickjs.js"",""-I"",""/mnt/c/Users/mzyx/Desktop/0921/js-interpreter-bench/experiments/timer_recovery/adapters/quickjs.js"",""/mnt/c/Users/mzyx/Desktop/0921/js-interpreter-bench/experiments/octane_three_engine/MAIN_MONOTONIC_V1/attempt01/generated/Mandreel.Mandreel.N2.correctness.js""]",[],140d5233b0337d91cb0f994ae4a051e49aa04da8802acfaedf0a01b81a620b79,/mnt/c/Users/mzyx/Desktop/0921/js-interpreter-bench/experiments/octane_three_engine/MAIN_MONOTONIC_V1/attempt01/generated/Mandreel.Mandreel.N2.correctness.js,c25028c529007e6c467e45fb4079df8ea10598520cac3bd0119325fd7461ecb2,cd393c275173f20526562a008951f65a332deffed85e7c804519788b8ebffab7,0,True,,,,,,0,,300,False,0,"TEB_RESULT:{""benchmark"":""Octane"",""case"":""Mandreel.Mandreel"",""suite"":""Mandreel"",""subbenchmark"":""Mandreel"",""mode"":""MAIN_MONOTONIC_V1"",""phase"":""correctness"",""N"":2,""correctness"":""PASS"",""extra_validation_calls"":0,""checksum"":null,""timer"":""benchNow"",""start_ms"":null,""stop_ms"":null,""elapsed_ms"":null,""elapsed_per_call_ms"":null,""warmup_calls"":0}
",,3668897722995,3663501776140,5395946855,94e240b1-774a-4fdc-8be3-8b5e85457d9d,True,PASS,
wsl2-ubuntu2404-x64-20261004,MAIN_MONOTONIC_V1,Octane,correctness,Mandreel.Mandreel,Mandreel,Mandreel,v8,2,0,0,[],0,0,1,2026-10-05T05:40:21.195811+00:00,"[""/home/mzyx/three_engine_20261004/v8-linux64-rel-15.6.21/d8"",""--snapshot_blob=/home/mzyx/three_engine_20261004/v8-linux64-rel-15.6.21/snapshot_blob.bin"",""--max-opt=0"",""--no-lazy"",""/mnt/c/Users/mzyx/Desktop/0921/js-interpreter-bench/experiments/three_engine_baseline/adapters/v8.js"",""/mnt/c/Users/mzyx/Desktop/0921/js-interpreter-bench/experiments/timer_recovery/adapters/v8.js"",""/mnt/c/Users/mzyx/Desktop/0921/js-interpreter-bench/experiments/octane_three_engine/MAIN_MONOTONIC_V1/attempt01/generated/Mandreel.Mandreel.N2.correctness.js""]","[""--max-opt=0"",""--no-lazy""]",83b744a5953d2662ea723564d4035a333782a0cc85232d1025929a925150b133,/mnt/c/Users/mzyx/Desktop/0921/js-interpreter-bench/experiments/octane_three_engine/MAIN_MONOTONIC_V1/attempt01/generated/Mandreel.Mandreel.N2.correctness.js,c25028c529007e6c467e45fb4079df8ea10598520cac3bd0119325fd7461ecb2,e610d3aa3d2672a5e6d5eccd9aaf05c6ae6758d1b9c4468289f017a231ab7d9f,0,True,,,,,,0,,300,False,0,"TEB_RESULT:{""benchmark"":""Octane"",""case"":""Mandreel.Mandreel"",""suite"":""Mandreel"",""subbenchmark"":""Mandreel"",""mode"":""MAIN_MONOTONIC_V1"",""phase"":""correctness"",""N"":2,""correctness"":""PASS"",""extra_validation_calls"":0,""checksum"":null,""timer"":""benchNow"",""start_ms"":null,""stop_ms"":null,""elapsed_ms"":null,""elapsed_per_call_ms"":null,""warmup_calls"":0}
",,3674128651443,3669062017753,5066633690,94e240b1-774a-4fdc-8be3-8b5e85457d9d,True,PASS,
wsl2-ubuntu2404-x64-20261004,MAIN_MONOTONIC_V1,Octane,correctness,NavierStokes.NavierStokes,NavierStokes,NavierStokes,jsc,1,0,0,[],0,0,1,2026-10-05T05:39:57.470936+00:00,"[""/home/mzyx/jsc_build_fd3406f/JSCOnly/Release/bin/jsc"",""--useJIT=false"",""--useLLInt=true"",""--validateOptions=true"",""/mnt/c/Users/mzyx/Desktop/0921/js-interpreter-bench/experiments/three_engine_baseline/adapters/jsc.js"",""/mnt/c/Users/mzyx/Desktop/0921/js-interpreter-bench/experiments/timer_recovery/adapters/jsc.js"",""/mnt/c/Users/mzyx/Desktop/0921/js-interpreter-bench/experiments/octane_three_engine/MAIN_MONOTONIC_V1/attempt01/generated/NavierStokes.NavierStokes.N1.correctness.js""]","[""--useJIT=false"",""--useLLInt=true"",""--validateOptions=true""]",65c824a055405bf62b05e21d54515a72a1f0187a4d91225d00a6da969d35879f,/mnt/c/Users/mzyx/Desktop/0921/js-interpreter-bench/experiments/octane_three_engine/MAIN_MONOTONIC_V1/attempt01/generated/NavierStokes.NavierStokes.N1.correctness.js,bd62c7644e16b41f0a0c7a41e5cdf20f76831d716dd12af2fbad398aefa93919,0c485996a598b7e36f2f292b66397adc0390cbe6b69b55199e47e1c6c1e37010,0,True,,,,,,14,,300,False,0,"TEB_RESULT:{""benchmark"":""Octane"",""case"":""NavierStokes.NavierStokes"",""suite"":""NavierStokes"",""subbenchmark"":""NavierStokes"",""mode"":""MAIN_MONOTONIC_V1"",""phase"":""correctness"",""N"":1,""correctness"":""PASS"",""extra_validation_calls"":14,""checksum"":null,""timer"":""benchNow"",""start_ms"":null,""stop_ms"":null,""elapsed_ms"":null,""elapsed_per_call_ms"":null,""warmup_calls"":0}
",,3643275886592,3642322077914,953808678,94e240b1-774a-4fdc-8be3-8b5e85457d9d,True,PASS,
wsl2-ubuntu2404-x64-20261004,MAIN_MONOTONIC_V1,Octane,correctness,NavierStokes.NavierStokes,NavierStokes,NavierStokes,quickjs,1,0,0,[],0,0,1,2026-10-05T05:39:55.144638+00:00,"[""/home/mzyx/three_engine_20261004/quickjs-04be246001599f5995fa2f2d8c91a0f198d3f34c/qjs"",""-I"",""/mnt/c/Users/mzyx/Desktop/0921/js-interpreter-bench/experiments/three_engine_baseline/adapters/quickjs.js"",""-I"",""/mnt/c/Users/mzyx/Desktop/0921/js-interpreter-bench/experiments/timer_recovery/adapters/quickjs.js"",""/mnt/c/Users/mzyx/Desktop/0921/js-interpreter-bench/experiments/octane_three_engine/MAIN_MONOTONIC_V1/attempt01/generated/NavierStokes.NavierStokes.N1.correctness.js""]",[],140d5233b0337d91cb0f994ae4a051e49aa04da8802acfaedf0a01b81a620b79,/mnt/c/Users/mzyx/Desktop/0921/js-interpreter-bench/experiments/octane_three_engine/MAIN_MONOTONIC_V1/attempt01/generated/NavierStokes.NavierStokes.N1.correctness.js,bd62c7644e16b41f0a0c7a41e5cdf20f76831d716dd12af2fbad398aefa93919,cd393c275173f20526562a008951f65a332deffed85e7c804519788b8ebffab7,0,True,,,,,,14,,300,False,0,"TEB_RESULT:{""benchmark"":""Octane"",""case"":""NavierStokes.NavierStokes"",""suite"":""NavierStokes"",""subbenchmark"":""NavierStokes"",""mode"":""MAIN_MONOTONIC_V1"",""phase"":""correctness"",""N"":1,""correctness"":""PASS"",""extra_validation_calls"":14,""checksum"":null,""timer"":""benchNow"",""start_ms"":null,""stop_ms"":null,""elapsed_ms"":null,""elapsed_per_call_ms"":null,""warmup_calls"":0}
",,3640973560840,3640009548010,964012830,94e240b1-774a-4fdc-8be3-8b5e85457d9d,True,PASS,
wsl2-ubuntu2404-x64-20261004,MAIN_MONOTONIC_V1,Octane,correctness,NavierStokes.NavierStokes,NavierStokes,NavierStokes,v8,1,0,0,[],0,0,1,2026-10-05T05:39:56.195541+00:00,"[""/home/mzyx/three_engine_20261004/v8-linux64-rel-15.6.21/d8"",""--snapshot_blob=/home/mzyx/three_engine_20261004/v8-linux64-rel-15.6.21/snapshot_blob.bin"",""--max-opt=0"",""--no-lazy"",""/mnt/c/Users/mzyx/Desktop/0921/js-interpreter-bench/experiments/three_engine_baseline/adapters/v8.js"",""/mnt/c/Users/mzyx/Desktop/0921/js-interpreter-bench/experiments/timer_recovery/adapters/v8.js"",""/mnt/c/Users/mzyx/Desktop/0921/js-interpreter-bench/experiments/octane_three_engine/MAIN_MONOTONIC_V1/attempt01/generated/NavierStokes.NavierStokes.N1.correctness.js""]","[""--max-opt=0"",""--no-lazy""]",83b744a5953d2662ea723564d4035a333782a0cc85232d1025929a925150b133,/mnt/c/Users/mzyx/Desktop/0921/js-interpreter-bench/experiments/octane_three_engine/MAIN_MONOTONIC_V1/attempt01/generated/NavierStokes.NavierStokes.N1.correctness.js,bd62c7644e16b41f0a0c7a41e5cdf20f76831d716dd12af2fbad398aefa93919,e610d3aa3d2672a5e6d5eccd9aaf05c6ae6758d1b9c4468289f017a231ab7d9f,0,True,,,,,,14,,300,False,0,"TEB_RESULT:{""benchmark"":""Octane"",""case"":""NavierStokes.NavierStokes"",""suite"":""NavierStokes"",""subbenchmark"":""NavierStokes"",""mode"":""MAIN_MONOTONIC_V1"",""phase"":""correctness"",""N"":1,""correctness"":""PASS"",""extra_validation_calls"":14,""checksum"":null,""timer"":""benchNow"",""start_ms"":null,""stop_ms"":null,""elapsed_ms"":null,""elapsed_per_call_ms"":null,""warmup_calls"":0}
",,3642242698417,3641045873185,1196825232,94e240b1-774a-4fdc-8be3-8b5e85457d9d,True,PASS,
wsl2-ubuntu2404-x64-20261004,MAIN_MONOTONIC_V1,Octane,correctness,NavierStokes.NavierStokes,NavierStokes,NavierStokes,jsc,2,0,0,[],0,0,1,2026-10-05T05:40:01.025623+00:00,"[""/home/mzyx/jsc_build_fd3406f/JSCOnly/Release/bin/jsc"",""--useJIT=false"",""--useLLInt=true"",""--validateOptions=true"",""/mnt/c/Users/mzyx/Desktop/0921/js-interpreter-bench/experiments/three_engine_baseline/adapters/jsc.js"",""/mnt/c/Users/mzyx/Desktop/0921/js-interpreter-bench/experiments/timer_recovery/adapters/jsc.js"",""/mnt/c/Users/mzyx/Desktop/0921/js-interpreter-bench/experiments/octane_three_engine/MAIN_MONOTONIC_V1/attempt01/generated/NavierStokes.NavierStokes.N2.correctness.js""]","[""--useJIT=false"",""--useLLInt=true"",""--validateOptions=true""]",65c824a055405bf62b05e21d54515a72a1f0187a4d91225d00a6da969d35879f,/mnt/c/Users/mzyx/Desktop/0921/js-interpreter-bench/experiments/octane_three_engine/MAIN_MONOTONIC_V1/attempt01/generated/NavierStokes.NavierStokes.N2.correctness.js,b93c03c5f70522cecc358e35ac814625f93bc1dd378f98a2f90c418d2322baee,0c485996a598b7e36f2f292b66397adc0390cbe6b69b55199e47e1c6c1e37010,0,True,,,,,,13,,300,False,0,"TEB_RESULT:{""benchmark"":""Octane"",""case"":""NavierStokes.NavierStokes"",""suite"":""NavierStokes"",""subbenchmark"":""NavierStokes"",""mode"":""MAIN_MONOTONIC_V1"",""phase"":""correctness"",""N"":2,""correctness"":""PASS"",""extra_validation_calls"":13,""checksum"":null,""timer"":""benchNow"",""start_ms"":null,""stop_ms"":null,""elapsed_ms"":null,""elapsed_per_call_ms"":null,""warmup_calls"":0}
",,3646849692328,3645875284959,974407369,94e240b1-774a-4fdc-8be3-8b5e85457d9d,True,PASS,
wsl2-ubuntu2404-x64-20261004,MAIN_MONOTONIC_V1,Octane,correctness,NavierStokes.NavierStokes,NavierStokes,NavierStokes,quickjs,2,0,0,[],0,0,1,2026-10-05T05:39:58.520848+00:00,"[""/home/mzyx/three_engine_20261004/quickjs-04be246001599f5995fa2f2d8c91a0f198d3f34c/qjs"",""-I"",""/mnt/c/Users/mzyx/Desktop/0921/js-interpreter-bench/experiments/three_engine_baseline/adapters/quickjs.js"",""-I"",""/mnt/c/Users/mzyx/Desktop/0921/js-interpreter-bench/experiments/timer_recovery/adapters/quickjs.js"",""/mnt/c/Users/mzyx/Desktop/0921/js-interpreter-bench/experiments/octane_three_engine/MAIN_MONOTONIC_V1/attempt01/generated/NavierStokes.NavierStokes.N2.correctness.js""]",[],140d5233b0337d91cb0f994ae4a051e49aa04da8802acfaedf0a01b81a620b79,/mnt/c/Users/mzyx/Desktop/0921/js-interpreter-bench/experiments/octane_three_engine/MAIN_MONOTONIC_V1/attempt01/generated/NavierStokes.NavierStokes.N2.correctness.js,b93c03c5f70522cecc358e35ac814625f93bc1dd378f98a2f90c418d2322baee,cd393c275173f20526562a008951f65a332deffed85e7c804519788b8ebffab7,0,True,,,,,,13,,300,False,0,"TEB_RESULT:{""benchmark"":""Octane"",""case"":""NavierStokes.NavierStokes"",""suite"":""NavierStokes"",""subbenchmark"":""NavierStokes"",""mode"":""MAIN_MONOTONIC_V1"",""phase"":""correctness"",""N"":2,""correctness"":""PASS"",""extra_validation_calls"":13,""checksum"":null,""timer"":""benchNow"",""start_ms"":null,""stop_ms"":null,""elapsed_ms"":null,""elapsed_per_call_ms"":null,""warmup_calls"":0}
",,3644468855995,3643383746847,1085109148,94e240b1-774a-4fdc-8be3-8b5e85457d9d,True,PASS,
wsl2-ubuntu2404-x64-20261004,MAIN_MONOTONIC_V1,Octane,correctness,NavierStokes.NavierStokes,NavierStokes,NavierStokes,v8,2,0,0,[],0,0,1,2026-10-05T05:39:59.697734+00:00,"[""/home/mzyx/three_engine_20261004/v8-linux64-rel-15.6.21/d8"",""--snapshot_blob=/home/mzyx/three_engine_20261004/v8-linux64-rel-15.6.21/snapshot_blob.bin"",""--max-opt=0"",""--no-lazy"",""/mnt/c/Users/mzyx/Desktop/0921/js-interpreter-bench/experiments/three_engine_baseline/adapters/v8.js"",""/mnt/c/Users/mzyx/Desktop/0921/js-interpreter-bench/experiments/timer_recovery/adapters/v8.js"",""/mnt/c/Users/mzyx/Desktop/0921/js-interpreter-bench/experiments/octane_three_engine/MAIN_MONOTONIC_V1/attempt01/generated/NavierStokes.NavierStokes.N2.correctness.js""]","[""--max-opt=0"",""--no-lazy""]",83b744a5953d2662ea723564d4035a333782a0cc85232d1025929a925150b133,/mnt/c/Users/mzyx/Desktop/0921/js-interpreter-bench/experiments/octane_three_engine/MAIN_MONOTONIC_V1/attempt01/generated/NavierStokes.NavierStokes.N2.correctness.js,b93c03c5f70522cecc358e35ac814625f93bc1dd378f98a2f90c418d2322baee,e610d3aa3d2672a5e6d5eccd9aaf05c6ae6758d1b9c4468289f017a231ab7d9f,0,True,,,,,,13,,300,False,0,"TEB_RESULT:{""benchmark"":""Octane"",""case"":""NavierStokes.NavierStokes"",""suite"":""NavierStokes"",""subbenchmark"":""NavierStokes"",""mode"":""MAIN_MONOTONIC_V1"",""phase"":""correctness"",""N"":2,""correctness"":""PASS"",""extra_validation_calls"":13,""checksum"":null,""timer"":""benchNow"",""start_ms"":null,""stop_ms"":null,""elapsed_ms"":null,""elapsed_per_call_ms"":null,""warmup_calls"":0}
",,3645803127732,3644548637956,1254489776,94e240b1-774a-4fdc-8be3-8b5e85457d9d,True,PASS,
wsl2-ubuntu2404-x64-20261004,MAIN_MONOTONIC_V1,Octane,correctness,PdfJS.PdfJS,PdfJS,PdfJS,jsc,1,0,0,[],0,0,1,2026-10-05T05:40:03.166059+00:00,"[""/home/mzyx/jsc_build_fd3406f/JSCOnly/Release/bin/jsc"",""--useJIT=false"",""--useLLInt=true"",""--validateOptions=true"",""/mnt/c/Users/mzyx/Desktop/0921/js-interpreter-bench/experiments/three_engine_baseline/adapters/jsc.js"",""/mnt/c/Users/mzyx/Desktop/0921/js-interpreter-bench/experiments/timer_recovery/adapters/jsc.js"",""/mnt/c/Users/mzyx/Desktop/0921/js-interpreter-bench/experiments/octane_three_engine/MAIN_MONOTONIC_V1/attempt01/generated/PdfJS.PdfJS.N1.correctness.js""]","[""--useJIT=false"",""--useLLInt=true"",""--validateOptions=true""]",65c824a055405bf62b05e21d54515a72a1f0187a4d91225d00a6da969d35879f,/mnt/c/Users/mzyx/Desktop/0921/js-interpreter-bench/experiments/octane_three_engine/MAIN_MONOTONIC_V1/attempt01/generated/PdfJS.PdfJS.N1.correctness.js,3c298d9e7a014f5e6317d1e452b2e4e26049b7cf853240eef4a9bfd899c5962c,0c485996a598b7e36f2f292b66397adc0390cbe6b69b55199e47e1c6c1e37010,0,True,,,,,,0,,300,False,0,"TEB_RESULT:{""benchmark"":""Octane"",""case"":""PdfJS.PdfJS"",""suite"":""PdfJS"",""subbenchmark"":""PdfJS"",""mode"":""MAIN_MONOTONIC_V1"",""phase"":""correctness"",""N"":1,""correctness"":""PASS"",""extra_validation_calls"":0,""checksum"":null,""timer"":""benchNow"",""start_ms"":null,""stop_ms"":null,""elapsed_ms"":null,""elapsed_per_call_ms"":null,""warmup_calls"":0}
",,3648366827476,3648024931876,341895600,94e240b1-774a-4fdc-8be3-8b5e85457d9d,True,PASS,
wsl2-ubuntu2404-x64-20261004,MAIN_MONOTONIC_V1,Octane,correctness,PdfJS.PdfJS,PdfJS,PdfJS,quickjs,1,0,0,[],0,0,1,2026-10-05T05:40:02.097668+00:00,"[""/home/mzyx/three_engine_20261004/quickjs-04be246001599f5995fa2f2d8c91a0f198d3f34c/qjs"",""-I"",""/mnt/c/Users/mzyx/Desktop/0921/js-interpreter-bench/experiments/three_engine_baseline/adapters/quickjs.js"",""-I"",""/mnt/c/Users/mzyx/Desktop/0921/js-interpreter-bench/experiments/timer_recovery/adapters/quickjs.js"",""/mnt/c/Users/mzyx/Desktop/0921/js-interpreter-bench/experiments/octane_three_engine/MAIN_MONOTONIC_V1/attempt01/generated/PdfJS.PdfJS.N1.correctness.js""]",[],140d5233b0337d91cb0f994ae4a051e49aa04da8802acfaedf0a01b81a620b79,/mnt/c/Users/mzyx/Desktop/0921/js-interpreter-bench/experiments/octane_three_engine/MAIN_MONOTONIC_V1/attempt01/generated/PdfJS.PdfJS.N1.correctness.js,3c298d9e7a014f5e6317d1e452b2e4e26049b7cf853240eef4a9bfd899c5962c,cd393c275173f20526562a008951f65a332deffed85e7c804519788b8ebffab7,0,True,,,,,,0,,300,False,0,"TEB_RESULT:{""benchmark"":""Octane"",""case"":""PdfJS.PdfJS"",""suite"":""PdfJS"",""subbenchmark"":""PdfJS"",""mode"":""MAIN_MONOTONIC_V1"",""phase"":""correctness"",""N"":1,""correctness"":""PASS"",""extra_validation_calls"":0,""checksum"":null,""timer"":""benchNow"",""start_ms"":null,""stop_ms"":null,""elapsed_ms"":null,""elapsed_per_call_ms"":null,""warmup_calls"":0}
",,3647487222469,3647110840082,376382387,94e240b1-774a-4fdc-8be3-8b5e85457d9d,True,PASS,
wsl2-ubuntu2404-x64-20261004,MAIN_MONOTONIC_V1,Octane,correctness,PdfJS.PdfJS,PdfJS,PdfJS,v8,1,0,0,[],0,0,1,2026-10-05T05:40:02.731725+00:00,"[""/home/mzyx/three_engine_20261004/v8-linux64-rel-15.6.21/d8"",""--snapshot_blob=/home/mzyx/three_engine_20261004/v8-linux64-rel-15.6.21/snapshot_blob.bin"",""--max-opt=0"",""--no-lazy"",""/mnt/c/Users/mzyx/Desktop/0921/js-interpreter-bench/experiments/three_engine_baseline/adapters/v8.js"",""/mnt/c/Users/mzyx/Desktop/0921/js-interpreter-bench/experiments/timer_recovery/adapters/v8.js"",""/mnt/c/Users/mzyx/Desktop/0921/js-interpreter-bench/experiments/octane_three_engine/MAIN_MONOTONIC_V1/attempt01/generated/PdfJS.PdfJS.N1.correctness.js""]","[""--max-opt=0"",""--no-lazy""]",83b744a5953d2662ea723564d4035a333782a0cc85232d1025929a925150b133,/mnt/c/Users/mzyx/Desktop/0921/js-interpreter-bench/experiments/octane_three_engine/MAIN_MONOTONIC_V1/attempt01/generated/PdfJS.PdfJS.N1.correctness.js,3c298d9e7a014f5e6317d1e452b2e4e26049b7cf853240eef4a9bfd899c5962c,e610d3aa3d2672a5e6d5eccd9aaf05c6ae6758d1b9c4468289f017a231ab7d9f,0,True,,,,,,0,,300,False,0,"TEB_RESULT:{""benchmark"":""Octane"",""case"":""PdfJS.PdfJS"",""suite"":""PdfJS"",""subbenchmark"":""PdfJS"",""mode"":""MAIN_MONOTONIC_V1"",""phase"":""correctness"",""N"":1,""correctness"":""PASS"",""extra_validation_calls"":0,""checksum"":null,""timer"":""benchNow"",""start_ms"":null,""stop_ms"":null,""elapsed_ms"":null,""elapsed_per_call_ms"":null,""warmup_calls"":0}
",,3647917836839,3647594753019,323083820,94e240b1-774a-4fdc-8be3-8b5e85457d9d,True,PASS,
wsl2-ubuntu2404-x64-20261004,MAIN_MONOTONIC_V1,Octane,correctness,PdfJS.PdfJS,PdfJS,PdfJS,jsc,2,0,0,[],0,0,1,2026-10-05T05:40:05.047322+00:00,"[""/home/mzyx/jsc_build_fd3406f/JSCOnly/Release/bin/jsc"",""--useJIT=false"",""--useLLInt=true"",""--validateOptions=true"",""/mnt/c/Users/mzyx/Desktop/0921/js-interpreter-bench/experiments/three_engine_baseline/adapters/jsc.js"",""/mnt/c/Users/mzyx/Desktop/0921/js-interpreter-bench/experiments/timer_recovery/adapters/jsc.js"",""/mnt/c/Users/mzyx/Desktop/0921/js-interpreter-bench/experiments/octane_three_engine/MAIN_MONOTONIC_V1/attempt01/generated/PdfJS.PdfJS.N2.correctness.js""]","[""--useJIT=false"",""--useLLInt=true"",""--validateOptions=true""]",65c824a055405bf62b05e21d54515a72a1f0187a4d91225d00a6da969d35879f,/mnt/c/Users/mzyx/Desktop/0921/js-interpreter-bench/experiments/octane_three_engine/MAIN_MONOTONIC_V1/attempt01/generated/PdfJS.PdfJS.N2.correctness.js,0ffe7d459dc2a33109832ebf3f0f8051f25feb555ed6eb538f1ec6532714464c,0c485996a598b7e36f2f292b66397adc0390cbe6b69b55199e47e1c6c1e37010,0,True,,,,,,0,,300,False,0,"TEB_RESULT:{""benchmark"":""Octane"",""case"":""PdfJS.PdfJS"",""suite"":""PdfJS"",""subbenchmark"":""PdfJS"",""mode"":""MAIN_MONOTONIC_V1"",""phase"":""correctness"",""N"":2,""correctness"":""PASS"",""extra_validation_calls"":0,""checksum"":null,""timer"":""benchNow"",""start_ms"":null,""stop_ms"":null,""elapsed_ms"":null,""elapsed_per_call_ms"":null,""warmup_calls"":0}
",,3650450260844,3649910171019,540089825,94e240b1-774a-4fdc-8be3-8b5e85457d9d,True,PASS,
wsl2-ubuntu2404-x64-20261004,MAIN_MONOTONIC_V1,Octane,correctness,PdfJS.PdfJS,PdfJS,PdfJS,quickjs,2,0,0,[],0,0,1,2026-10-05T05:40:03.615001+00:00,"[""/home/mzyx/three_engine_20261004/quickjs-04be246001599f5995fa2f2d8c91a0f198d3f34c/qjs"",""-I"",""/mnt/c/Users/mzyx/Desktop/0921/js-interpreter-bench/experiments/three_engine_baseline/adapters/quickjs.js"",""-I"",""/mnt/c/Users/mzyx/Desktop/0921/js-interpreter-bench/experiments/timer_recovery/adapters/quickjs.js"",""/mnt/c/Users/mzyx/Desktop/0921/js-interpreter-bench/experiments/octane_three_engine/MAIN_MONOTONIC_V1/attempt01/generated/PdfJS.PdfJS.N2.correctness.js""]",[],140d5233b0337d91cb0f994ae4a051e49aa04da8802acfaedf0a01b81a620b79,/mnt/c/Users/mzyx/Desktop/0921/js-interpreter-bench/experiments/octane_three_engine/MAIN_MONOTONIC_V1/attempt01/generated/PdfJS.PdfJS.N2.correctness.js,0ffe7d459dc2a33109832ebf3f0f8051f25feb555ed6eb538f1ec6532714464c,cd393c275173f20526562a008951f65a332deffed85e7c804519788b8ebffab7,0,True,,,,,,0,,300,False,0,"TEB_RESULT:{""benchmark"":""Octane"",""case"":""PdfJS.PdfJS"",""suite"":""PdfJS"",""subbenchmark"":""PdfJS"",""mode"":""MAIN_MONOTONIC_V1"",""phase"":""correctness"",""N"":2,""correctness"":""PASS"",""extra_validation_calls"":0,""checksum"":null,""timer"":""benchNow"",""start_ms"":null,""stop_ms"":null,""elapsed_ms"":null,""elapsed_per_call_ms"":null,""warmup_calls"":0}
",,3649174380712,3648615009121,559371591,94e240b1-774a-4fdc-8be3-8b5e85457d9d,True,PASS,
wsl2-ubuntu2404-x64-20261004,MAIN_MONOTONIC_V1,Octane,correctness,PdfJS.PdfJS,PdfJS,PdfJS,v8,2,0,0,[],0,0,1,2026-10-05T05:40:04.422191+00:00,"[""/home/mzyx/three_engine_20261004/v8-linux64-rel-15.6.21/d8"",""--snapshot_blob=/home/mzyx/three_engine_20261004/v8-linux64-rel-15.6.21/snapshot_blob.bin"",""--max-opt=0"",""--no-lazy"",""/mnt/c/Users/mzyx/Desktop/0921/js-interpreter-bench/experiments/three_engine_baseline/adapters/v8.js"",""/mnt/c/Users/mzyx/Desktop/0921/js-interpreter-bench/experiments/timer_recovery/adapters/v8.js"",""/mnt/c/Users/mzyx/Desktop/0921/js-interpreter-bench/experiments/octane_three_engine/MAIN_MONOTONIC_V1/attempt01/generated/PdfJS.PdfJS.N2.correctness.js""]","[""--max-opt=0"",""--no-lazy""]",83b744a5953d2662ea723564d4035a333782a0cc85232d1025929a925150b133,/mnt/c/Users/mzyx/Desktop/0921/js-interpreter-bench/experiments/octane_three_engine/MAIN_MONOTONIC_V1/attempt01/generated/PdfJS.PdfJS.N2.correctness.js,0ffe7d459dc2a33109832ebf3f0f8051f25feb555ed6eb538f1ec6532714464c,e610d3aa3d2672a5e6d5eccd9aaf05c6ae6758d1b9c4468289f017a231ab7d9f,0,True,,,,,,0,,300,False,0,"TEB_RESULT:{""benchmark"":""Octane"",""case"":""PdfJS.PdfJS"",""suite"":""PdfJS"",""subbenchmark"":""PdfJS"",""mode"":""MAIN_MONOTONIC_V1"",""phase"":""correctness"",""N"":2,""correctness"":""PASS"",""extra_validation_calls"":0,""checksum"":null,""timer"":""benchNow"",""start_ms"":null,""stop_ms"":null,""elapsed_ms"":null,""elapsed_per_call_ms"":null,""warmup_calls"":0}
",,3649781891603,3649284764684,497126919,94e240b1-774a-4fdc-8be3-8b5e85457d9d,True,PASS,
wsl2-ubuntu2404-x64-20261004,MAIN_MONOTONIC_V1,Octane,correctness,RayTrace.RayTrace,RayTrace,RayTrace,jsc,1,0,0,[],0,0,1,2026-10-05T05:39:47.583075+00:00,"[""/home/mzyx/jsc_build_fd3406f/JSCOnly/Release/bin/jsc"",""--useJIT=false"",""--useLLInt=true"",""--validateOptions=true"",""/mnt/c/Users/mzyx/Desktop/0921/js-interpreter-bench/experiments/three_engine_baseline/adapters/jsc.js"",""/mnt/c/Users/mzyx/Desktop/0921/js-interpreter-bench/experiments/timer_recovery/adapters/jsc.js"",""/mnt/c/Users/mzyx/Desktop/0921/js-interpreter-bench/experiments/octane_three_engine/MAIN_MONOTONIC_V1/attempt01/generated/RayTrace.RayTrace.N1.correctness.js""]","[""--useJIT=false"",""--useLLInt=true"",""--validateOptions=true""]",65c824a055405bf62b05e21d54515a72a1f0187a4d91225d00a6da969d35879f,/mnt/c/Users/mzyx/Desktop/0921/js-interpreter-bench/experiments/octane_three_engine/MAIN_MONOTONIC_V1/attempt01/generated/RayTrace.RayTrace.N1.correctness.js,7a7816125a292bb94ffb30c6c0032ec276e839ba6bb95a117009b282a0474c5d,0c485996a598b7e36f2f292b66397adc0390cbe6b69b55199e47e1c6c1e37010,0,True,,,,,,0,,300,False,0,"TEB_RESULT:{""benchmark"":""Octane"",""case"":""RayTrace.RayTrace"",""suite"":""RayTrace"",""subbenchmark"":""RayTrace"",""mode"":""MAIN_MONOTONIC_V1"",""phase"":""correctness"",""N"":1,""correctness"":""PASS"",""extra_validation_calls"":0,""checksum"":null,""timer"":""benchNow"",""start_ms"":null,""stop_ms"":null,""elapsed_ms"":null,""elapsed_per_call_ms"":null,""warmup_calls"":0}
",,3632506522956,3632434607507,71915449,94e240b1-774a-4fdc-8be3-8b5e85457d9d,True,PASS,
wsl2-ubuntu2404-x64-20261004,MAIN_MONOTONIC_V1,Octane,correctness,RayTrace.RayTrace,RayTrace,RayTrace,quickjs,1,0,0,[],0,0,1,2026-10-05T05:39:47.296148+00:00,"[""/home/mzyx/three_engine_20261004/quickjs-04be246001599f5995fa2f2d8c91a0f198d3f34c/qjs"",""-I"",""/mnt/c/Users/mzyx/Desktop/0921/js-interpreter-bench/experiments/three_engine_baseline/adapters/quickjs.js"",""-I"",""/mnt/c/Users/mzyx/Desktop/0921/js-interpreter-bench/experiments/timer_recovery/adapters/quickjs.js"",""/mnt/c/Users/mzyx/Desktop/0921/js-interpreter-bench/experiments/octane_three_engine/MAIN_MONOTONIC_V1/attempt01/generated/RayTrace.RayTrace.N1.correctness.js""]",[],140d5233b0337d91cb0f994ae4a051e49aa04da8802acfaedf0a01b81a620b79,/mnt/c/Users/mzyx/Desktop/0921/js-interpreter-bench/experiments/octane_three_engine/MAIN_MONOTONIC_V1/attempt01/generated/RayTrace.RayTrace.N1.correctness.js,7a7816125a292bb94ffb30c6c0032ec276e839ba6bb95a117009b282a0474c5d,cd393c275173f20526562a008951f65a332deffed85e7c804519788b8ebffab7,0,True,,,,,,0,,300,False,0,"TEB_RESULT:{""benchmark"":""Octane"",""case"":""RayTrace.RayTrace"",""suite"":""RayTrace"",""subbenchmark"":""RayTrace"",""mode"":""MAIN_MONOTONIC_V1"",""phase"":""correctness"",""N"":1,""correctness"":""PASS"",""extra_validation_calls"":0,""checksum"":null,""timer"":""benchNow"",""start_ms"":null,""stop_ms"":null,""elapsed_ms"":null,""elapsed_per_call_ms"":null,""warmup_calls"":0}
",,3632212734737,3632156431713,56303024,94e240b1-774a-4fdc-8be3-8b5e85457d9d,True,PASS,
wsl2-ubuntu2404-x64-20261004,MAIN_MONOTONIC_V1,Octane,correctness,RayTrace.RayTrace,RayTrace,RayTrace,v8,1,0,0,[],0,0,1,2026-10-05T05:39:47.432207+00:00,"[""/home/mzyx/three_engine_20261004/v8-linux64-rel-15.6.21/d8"",""--snapshot_blob=/home/mzyx/three_engine_20261004/v8-linux64-rel-15.6.21/snapshot_blob.bin"",""--max-opt=0"",""--no-lazy"",""/mnt/c/Users/mzyx/Desktop/0921/js-interpreter-bench/experiments/three_engine_baseline/adapters/v8.js"",""/mnt/c/Users/mzyx/Desktop/0921/js-interpreter-bench/experiments/timer_recovery/adapters/v8.js"",""/mnt/c/Users/mzyx/Desktop/0921/js-interpreter-bench/experiments/octane_three_engine/MAIN_MONOTONIC_V1/attempt01/generated/RayTrace.RayTrace.N1.correctness.js""]","[""--max-opt=0"",""--no-lazy""]",83b744a5953d2662ea723564d4035a333782a0cc85232d1025929a925150b133,/mnt/c/Users/mzyx/Desktop/0921/js-interpreter-bench/experiments/octane_three_engine/MAIN_MONOTONIC_V1/attempt01/generated/RayTrace.RayTrace.N1.correctness.js,7a7816125a292bb94ffb30c6c0032ec276e839ba6bb95a117009b282a0474c5d,e610d3aa3d2672a5e6d5eccd9aaf05c6ae6758d1b9c4468289f017a231ab7d9f,0,True,,,,,,0,,300,False,0,"TEB_RESULT:{""benchmark"":""Octane"",""case"":""RayTrace.RayTrace"",""suite"":""RayTrace"",""subbenchmark"":""RayTrace"",""mode"":""MAIN_MONOTONIC_V1"",""phase"":""correctness"",""N"":1,""correctness"":""PASS"",""extra_validation_calls"":0,""checksum"":null,""timer"":""benchNow"",""start_ms"":null,""stop_ms"":null,""elapsed_ms"":null,""elapsed_per_call_ms"":null,""warmup_calls"":0}
",,3632352043939,3632283092585,68951354,94e240b1-774a-4fdc-8be3-8b5e85457d9d,True,PASS,
wsl2-ubuntu2404-x64-20261004,MAIN_MONOTONIC_V1,Octane,correctness,RayTrace.RayTrace,RayTrace,RayTrace,jsc,2,0,0,[],0,0,1,2026-10-05T05:39:48.067052+00:00,"[""/home/mzyx/jsc_build_fd3406f/JSCOnly/Release/bin/jsc"",""--useJIT=false"",""--useLLInt=true"",""--validateOptions=true"",""/mnt/c/Users/mzyx/Desktop/0921/js-interpreter-bench/experiments/three_engine_baseline/adapters/jsc.js"",""/mnt/c/Users/mzyx/Desktop/0921/js-interpreter-bench/experiments/timer_recovery/adapters/jsc.js"",""/mnt/c/Users/mzyx/Desktop/0921/js-interpreter-bench/experiments/octane_three_engine/MAIN_MONOTONIC_V1/attempt01/generated/RayTrace.RayTrace.N2.correctness.js""]","[""--useJIT=false"",""--useLLInt=true"",""--validateOptions=true""]",65c824a055405bf62b05e21d54515a72a1f0187a4d91225d00a6da969d35879f,/mnt/c/Users/mzyx/Desktop/0921/js-interpreter-bench/experiments/octane_three_engine/MAIN_MONOTONIC_V1/attempt01/generated/RayTrace.RayTrace.N2.correctness.js,cf7704c5e622838aac8350e9be8d8654f20cf24bdac3c9e0240e2677c044a1c4,0c485996a598b7e36f2f292b66397adc0390cbe6b69b55199e47e1c6c1e37010,0,True,,,,,,0,,300,False,0,"TEB_RESULT:{""benchmark"":""Octane"",""case"":""RayTrace.RayTrace"",""suite"":""RayTrace"",""subbenchmark"":""RayTrace"",""mode"":""MAIN_MONOTONIC_V1"",""phase"":""correctness"",""N"":2,""correctness"":""PASS"",""extra_validation_calls"":0,""checksum"":null,""timer"":""benchNow"",""start_ms"":null,""stop_ms"":null,""elapsed_ms"":null,""elapsed_per_call_ms"":null,""warmup_calls"":0}
",,3633004014711,3632917088317,86926394,94e240b1-774a-4fdc-8be3-8b5e85457d9d,True,PASS,
wsl2-ubuntu2404-x64-20261004,MAIN_MONOTONIC_V1,Octane,correctness,RayTrace.RayTrace,RayTrace,RayTrace,quickjs,2,0,0,[],0,0,1,2026-10-05T05:39:47.731380+00:00,"[""/home/mzyx/three_engine_20261004/quickjs-04be246001599f5995fa2f2d8c91a0f198d3f34c/qjs"",""-I"",""/mnt/c/Users/mzyx/Desktop/0921/js-interpreter-bench/experiments/three_engine_baseline/adapters/quickjs.js"",""-I"",""/mnt/c/Users/mzyx/Desktop/0921/js-interpreter-bench/experiments/timer_recovery/adapters/quickjs.js"",""/mnt/c/Users/mzyx/Desktop/0921/js-interpreter-bench/experiments/octane_three_engine/MAIN_MONOTONIC_V1/attempt01/generated/RayTrace.RayTrace.N2.correctness.js""]",[],140d5233b0337d91cb0f994ae4a051e49aa04da8802acfaedf0a01b81a620b79,/mnt/c/Users/mzyx/Desktop/0921/js-interpreter-bench/experiments/octane_three_engine/MAIN_MONOTONIC_V1/attempt01/generated/RayTrace.RayTrace.N2.correctness.js,cf7704c5e622838aac8350e9be8d8654f20cf24bdac3c9e0240e2677c044a1c4,cd393c275173f20526562a008951f65a332deffed85e7c804519788b8ebffab7,0,True,,,,,,0,,300,False,0,"TEB_RESULT:{""benchmark"":""Octane"",""case"":""RayTrace.RayTrace"",""suite"":""RayTrace"",""subbenchmark"":""RayTrace"",""mode"":""MAIN_MONOTONIC_V1"",""phase"":""correctness"",""N"":2,""correctness"":""PASS"",""extra_validation_calls"":0,""checksum"":null,""timer"":""benchNow"",""start_ms"":null,""stop_ms"":null,""elapsed_ms"":null,""elapsed_per_call_ms"":null,""warmup_calls"":0}
",,3632688577921,3632592739106,95838815,94e240b1-774a-4fdc-8be3-8b5e85457d9d,True,PASS,
wsl2-ubuntu2404-x64-20261004,MAIN_MONOTONIC_V1,Octane,correctness,RayTrace.RayTrace,RayTrace,RayTrace,v8,2,0,0,[],0,0,1,2026-10-05T05:39:47.911007+00:00,"[""/home/mzyx/three_engine_20261004/v8-linux64-rel-15.6.21/d8"",""--snapshot_blob=/home/mzyx/three_engine_20261004/v8-linux64-rel-15.6.21/snapshot_blob.bin"",""--max-opt=0"",""--no-lazy"",""/mnt/c/Users/mzyx/Desktop/0921/js-interpreter-bench/experiments/three_engine_baseline/adapters/v8.js"",""/mnt/c/Users/mzyx/Desktop/0921/js-interpreter-bench/experiments/timer_recovery/adapters/v8.js"",""/mnt/c/Users/mzyx/Desktop/0921/js-interpreter-bench/experiments/octane_three_engine/MAIN_MONOTONIC_V1/attempt01/generated/RayTrace.RayTrace.N2.correctness.js""]","[""--max-opt=0"",""--no-lazy""]",83b744a5953d2662ea723564d4035a333782a0cc85232d1025929a925150b133,/mnt/c/Users/mzyx/Desktop/0921/js-interpreter-bench/experiments/octane_three_engine/MAIN_MONOTONIC_V1/attempt01/generated/RayTrace.RayTrace.N2.correctness.js,cf7704c5e622838aac8350e9be8d8654f20cf24bdac3c9e0240e2677c044a1c4,e610d3aa3d2672a5e6d5eccd9aaf05c6ae6758d1b9c4468289f017a231ab7d9f,0,True,,,,,,0,,300,False,0,"TEB_RESULT:{""benchmark"":""Octane"",""case"":""RayTrace.RayTrace"",""suite"":""RayTrace"",""subbenchmark"":""RayTrace"",""mode"":""MAIN_MONOTONIC_V1"",""phase"":""correctness"",""N"":2,""correctness"":""PASS"",""extra_validation_calls"":0,""checksum"":null,""timer"":""benchNow"",""start_ms"":null,""stop_ms"":null,""elapsed_ms"":null,""elapsed_per_call_ms"":null,""warmup_calls"":0}
",,3632839595273,3632759966579,79628694,94e240b1-774a-4fdc-8be3-8b5e85457d9d,True,PASS,
wsl2-ubuntu2404-x64-20261004,MAIN_MONOTONIC_V1,Octane,correctness,RegExp.RegExp,RegExp,RegExp,jsc,1,0,0,[],0,0,1,2026-10-05T05:39:51.279494+00:00,"[""/home/mzyx/jsc_build_fd3406f/JSCOnly/Release/bin/jsc"",""--useJIT=false"",""--useLLInt=true"",""--validateOptions=true"",""/mnt/c/Users/mzyx/Desktop/0921/js-interpreter-bench/experiments/three_engine_baseline/adapters/jsc.js"",""/mnt/c/Users/mzyx/Desktop/0921/js-interpreter-bench/experiments/timer_recovery/adapters/jsc.js"",""/mnt/c/Users/mzyx/Desktop/0921/js-interpreter-bench/experiments/octane_three_engine/MAIN_MONOTONIC_V1/attempt01/generated/RegExp.RegExp.N1.correctness.js""]","[""--useJIT=false"",""--useLLInt=true"",""--validateOptions=true""]",65c824a055405bf62b05e21d54515a72a1f0187a4d91225d00a6da969d35879f,/mnt/c/Users/mzyx/Desktop/0921/js-interpreter-bench/experiments/octane_three_engine/MAIN_MONOTONIC_V1/attempt01/generated/RegExp.RegExp.N1.correctness.js,0f467abeb49217c4dd7e69f73d5adb35a3884b48919c75351700ecb69d2c46d9,0c485996a598b7e36f2f292b66397adc0390cbe6b69b55199e47e1c6c1e37010,0,True,,,,,,0,,300,False,0,"TEB_RESULT:{""benchmark"":""Octane"",""case"":""RegExp.RegExp"",""suite"":""RegExp"",""subbenchmark"":""RegExp"",""mode"":""MAIN_MONOTONIC_V1"",""phase"":""correctness"",""N"":1,""correctness"":""PASS"",""extra_validation_calls"":0,""checksum"":null,""timer"":""benchNow"",""start_ms"":null,""stop_ms"":null,""elapsed_ms"":null,""elapsed_per_call_ms"":null,""warmup_calls"":0}
",,3636345502454,3636129767130,215735324,94e240b1-774a-4fdc-8be3-8b5e85457d9d,True,PASS,
wsl2-ubuntu2404-x64-20261004,MAIN_MONOTONIC_V1,Octane,correctness,RegExp.RegExp,RegExp,RegExp,quickjs,1,0,0,[],0,0,1,2026-10-05T05:39:50.752283+00:00,"[""/home/mzyx/three_engine_20261004/quickjs-04be246001599f5995fa2f2d8c91a0f198d3f34c/qjs"",""-I"",""/mnt/c/Users/mzyx/Desktop/0921/js-interpreter-bench/experiments/three_engine_baseline/adapters/quickjs.js"",""-I"",""/mnt/c/Users/mzyx/Desktop/0921/js-interpreter-bench/experiments/timer_recovery/adapters/quickjs.js"",""/mnt/c/Users/mzyx/Desktop/0921/js-interpreter-bench/experiments/octane_three_engine/MAIN_MONOTONIC_V1/attempt01/generated/RegExp.RegExp.N1.correctness.js""]",[],140d5233b0337d91cb0f994ae4a051e49aa04da8802acfaedf0a01b81a620b79,/mnt/c/Users/mzyx/Desktop/0921/js-interpreter-bench/experiments/octane_three_engine/MAIN_MONOTONIC_V1/attempt01/generated/RegExp.RegExp.N1.correctness.js,0f467abeb49217c4dd7e69f73d5adb35a3884b48919c75351700ecb69d2c46d9,cd393c275173f20526562a008951f65a332deffed85e7c804519788b8ebffab7,0,True,,,,,,0,,300,False,0,"TEB_RESULT:{""benchmark"":""Octane"",""case"":""RegExp.RegExp"",""suite"":""RegExp"",""subbenchmark"":""RegExp"",""mode"":""MAIN_MONOTONIC_V1"",""phase"":""correctness"",""N"":1,""correctness"":""PASS"",""extra_validation_calls"":0,""checksum"":null,""timer"":""benchNow"",""start_ms"":null,""stop_ms"":null,""elapsed_ms"":null,""elapsed_per_call_ms"":null,""warmup_calls"":0}
",,3635876513985,3635629017822,247496163,94e240b1-774a-4fdc-8be3-8b5e85457d9d,True,PASS,
wsl2-ubuntu2404-x64-20261004,MAIN_MONOTONIC_V1,Octane,correctness,RegExp.RegExp,RegExp,RegExp,v8,1,0,0,[],0,0,1,2026-10-05T05:39:51.101073+00:00,"[""/home/mzyx/three_engine_20261004/v8-linux64-rel-15.6.21/d8"",""--snapshot_blob=/home/mzyx/three_engine_20261004/v8-linux64-rel-15.6.21/snapshot_blob.bin"",""--max-opt=0"",""--no-lazy"",""/mnt/c/Users/mzyx/Desktop/0921/js-interpreter-bench/experiments/three_engine_baseline/adapters/v8.js"",""/mnt/c/Users/mzyx/Desktop/0921/js-interpreter-bench/experiments/timer_recovery/adapters/v8.js"",""/mnt/c/Users/mzyx/Desktop/0921/js-interpreter-bench/experiments/octane_three_engine/MAIN_MONOTONIC_V1/attempt01/generated/RegExp.RegExp.N1.correctness.js""]","[""--max-opt=0"",""--no-lazy""]",83b744a5953d2662ea723564d4035a333782a0cc85232d1025929a925150b133,/mnt/c/Users/mzyx/Desktop/0921/js-interpreter-bench/experiments/octane_three_engine/MAIN_MONOTONIC_V1/attempt01/generated/RegExp.RegExp.N1.correctness.js,0f467abeb49217c4dd7e69f73d5adb35a3884b48919c75351700ecb69d2c46d9,e610d3aa3d2672a5e6d5eccd9aaf05c6ae6758d1b9c4468289f017a231ab7d9f,0,True,,,,,,0,,300,False,0,"TEB_RESULT:{""benchmark"":""Octane"",""case"":""RegExp.RegExp"",""suite"":""RegExp"",""subbenchmark"":""RegExp"",""mode"":""MAIN_MONOTONIC_V1"",""phase"":""correctness"",""N"":1,""correctness"":""PASS"",""extra_validation_calls"":0,""checksum"":null,""timer"":""benchNow"",""start_ms"":null,""stop_ms"":null,""elapsed_ms"":null,""elapsed_per_call_ms"":null,""warmup_calls"":0}
",,3636057040433,3635951181508,105858925,94e240b1-774a-4fdc-8be3-8b5e85457d9d,True,PASS,
wsl2-ubuntu2404-x64-20261004,MAIN_MONOTONIC_V1,Octane,correctness,RegExp.RegExp,RegExp,RegExp,jsc,2,0,0,[],0,0,1,2026-10-05T05:39:52.328640+00:00,"[""/home/mzyx/jsc_build_fd3406f/JSCOnly/Release/bin/jsc"",""--useJIT=false"",""--useLLInt=true"",""--validateOptions=true"",""/mnt/c/Users/mzyx/Desktop/0921/js-interpreter-bench/experiments/three_engine_baseline/adapters/jsc.js"",""/mnt/c/Users/mzyx/Desktop/0921/js-interpreter-bench/experiments/timer_recovery/adapters/jsc.js"",""/mnt/c/Users/mzyx/Desktop/0921/js-interpreter-bench/experiments/octane_three_engine/MAIN_MONOTONIC_V1/attempt01/generated/RegExp.RegExp.N2.correctness.js""]","[""--useJIT=false"",""--useLLInt=true"",""--validateOptions=true""]",65c824a055405bf62b05e21d54515a72a1f0187a4d91225d00a6da969d35879f,/mnt/c/Users/mzyx/Desktop/0921/js-interpreter-bench/experiments/octane_three_engine/MAIN_MONOTONIC_V1/attempt01/generated/RegExp.RegExp.N2.correctness.js,3990f86c990eb844d88b700ecdf7e805882fb1be768c37247de4837bbd8b0b04,0c485996a598b7e36f2f292b66397adc0390cbe6b69b55199e47e1c6c1e37010,0,True,,,,,,0,,300,False,0,"TEB_RESULT:{""benchmark"":""Octane"",""case"":""RegExp.RegExp"",""suite"":""RegExp"",""subbenchmark"":""RegExp"",""mode"":""MAIN_MONOTONIC_V1"",""phase"":""correctness"",""N"":2,""correctness"":""PASS"",""extra_validation_calls"":0,""checksum"":null,""timer"":""benchNow"",""start_ms"":null,""stop_ms"":null,""elapsed_ms"":null,""elapsed_per_call_ms"":null,""warmup_calls"":0}
",,3637570069677,3637177978700,392090977,94e240b1-774a-4fdc-8be3-8b5e85457d9d,True,PASS,
wsl2-ubuntu2404-x64-20261004,MAIN_MONOTONIC_V1,Octane,correctness,RegExp.RegExp,RegExp,RegExp,quickjs,2,0,0,[],0,0,1,2026-10-05T05:39:51.569156+00:00,"[""/home/mzyx/three_engine_20261004/quickjs-04be246001599f5995fa2f2d8c91a0f198d3f34c/qjs"",""-I"",""/mnt/c/Users/mzyx/Desktop/0921/js-interpreter-bench/experiments/three_engine_baseline/adapters/quickjs.js"",""-I"",""/mnt/c/Users/mzyx/Desktop/0921/js-interpreter-bench/experiments/timer_recovery/adapters/quickjs.js"",""/mnt/c/Users/mzyx/Desktop/0921/js-interpreter-bench/experiments/octane_three_engine/MAIN_MONOTONIC_V1/attempt01/generated/RegExp.RegExp.N2.correctness.js""]",[],140d5233b0337d91cb0f994ae4a051e49aa04da8802acfaedf0a01b81a620b79,/mnt/c/Users/mzyx/Desktop/0921/js-interpreter-bench/experiments/octane_three_engine/MAIN_MONOTONIC_V1/attempt01/generated/RegExp.RegExp.N2.correctness.js,3990f86c990eb844d88b700ecdf7e805882fb1be768c37247de4837bbd8b0b04,cd393c275173f20526562a008951f65a332deffed85e7c804519788b8ebffab7,0,True,,,,,,0,,300,False,0,"TEB_RESULT:{""benchmark"":""Octane"",""case"":""RegExp.RegExp"",""suite"":""RegExp"",""subbenchmark"":""RegExp"",""mode"":""MAIN_MONOTONIC_V1"",""phase"":""correctness"",""N"":2,""correctness"":""PASS"",""extra_validation_calls"":0,""checksum"":null,""timer"":""benchNow"",""start_ms"":null,""stop_ms"":null,""elapsed_ms"":null,""elapsed_per_call_ms"":null,""warmup_calls"":0}
",,3636888585443,3636460782125,427803318,94e240b1-774a-4fdc-8be3-8b5e85457d9d,True,PASS,
wsl2-ubuntu2404-x64-20261004,MAIN_MONOTONIC_V1,Octane,correctness,RegExp.RegExp,RegExp,RegExp,v8,2,0,0,[],0,0,1,2026-10-05T05:39:52.115250+00:00,"[""/home/mzyx/three_engine_20261004/v8-linux64-rel-15.6.21/d8"",""--snapshot_blob=/home/mzyx/three_engine_20261004/v8-linux64-rel-15.6.21/snapshot_blob.bin"",""--max-opt=0"",""--no-lazy"",""/mnt/c/Users/mzyx/Desktop/0921/js-interpreter-bench/experiments/three_engine_baseline/adapters/v8.js"",""/mnt/c/Users/mzyx/Desktop/0921/js-interpreter-bench/experiments/timer_recovery/adapters/v8.js"",""/mnt/c/Users/mzyx/Desktop/0921/js-interpreter-bench/experiments/octane_three_engine/MAIN_MONOTONIC_V1/attempt01/generated/RegExp.RegExp.N2.correctness.js""]","[""--max-opt=0"",""--no-lazy""]",83b744a5953d2662ea723564d4035a333782a0cc85232d1025929a925150b133,/mnt/c/Users/mzyx/Desktop/0921/js-interpreter-bench/experiments/octane_three_engine/MAIN_MONOTONIC_V1/attempt01/generated/RegExp.RegExp.N2.correctness.js,3990f86c990eb844d88b700ecdf7e805882fb1be768c37247de4837bbd8b0b04,e610d3aa3d2672a5e6d5eccd9aaf05c6ae6758d1b9c4468289f017a231ab7d9f,0,True,,,,,,0,,300,False,0,"TEB_RESULT:{""benchmark"":""Octane"",""case"":""RegExp.RegExp"",""suite"":""RegExp"",""subbenchmark"":""RegExp"",""mode"":""MAIN_MONOTONIC_V1"",""phase"":""correctness"",""N"":2,""correctness"":""PASS"",""extra_validation_calls"":0,""checksum"":null,""timer"":""benchNow"",""start_ms"":null,""stop_ms"":null,""elapsed_ms"":null,""elapsed_per_call_ms"":null,""warmup_calls"":0}
",,3637104349079,3636966185159,138163920,94e240b1-774a-4fdc-8be3-8b5e85457d9d,True,PASS,
wsl2-ubuntu2404-x64-20261004,MAIN_MONOTONIC_V1,Octane,correctness,Richards.Richards,Richards,Richards,jsc,1,0,0,[],0,0,1,2026-10-05T05:39:46.138843+00:00,"[""/home/mzyx/jsc_build_fd3406f/JSCOnly/Release/bin/jsc"",""--useJIT=false"",""--useLLInt=true"",""--validateOptions=true"",""/mnt/c/Users/mzyx/Desktop/0921/js-interpreter-bench/experiments/three_engine_baseline/adapters/jsc.js"",""/mnt/c/Users/mzyx/Desktop/0921/js-interpreter-bench/experiments/timer_recovery/adapters/jsc.js"",""/mnt/c/Users/mzyx/Desktop/0921/js-interpreter-bench/experiments/octane_three_engine/MAIN_MONOTONIC_V1/attempt01/generated/Richards.Richards.N1.correctness.js""]","[""--useJIT=false"",""--useLLInt=true"",""--validateOptions=true""]",65c824a055405bf62b05e21d54515a72a1f0187a4d91225d00a6da969d35879f,/mnt/c/Users/mzyx/Desktop/0921/js-interpreter-bench/experiments/octane_three_engine/MAIN_MONOTONIC_V1/attempt01/generated/Richards.Richards.N1.correctness.js,44e90db0af6d910d418ab773d21c7b7e8ac3b1373588a02a3f3c90fe9b131454,0c485996a598b7e36f2f292b66397adc0390cbe6b69b55199e47e1c6c1e37010,0,True,,,,,,0,,300,False,0,"TEB_RESULT:{""benchmark"":""Octane"",""case"":""Richards.Richards"",""suite"":""Richards"",""subbenchmark"":""Richards"",""mode"":""MAIN_MONOTONIC_V1"",""phase"":""correctness"",""N"":1,""correctness"":""PASS"",""extra_validation_calls"":0,""checksum"":null,""timer"":""benchNow"",""start_ms"":null,""stop_ms"":null,""elapsed_ms"":null,""elapsed_per_call_ms"":null,""warmup_calls"":0}
",,3628110979570,3628080680436,30299134,94e240b1-774a-4fdc-8be3-8b5e85457d9d,True,PASS,
wsl2-ubuntu2404-x64-20261004,MAIN_MONOTONIC_V1,Octane,correctness,Richards.Richards,Richards,Richards,quickjs,1,0,0,[],0,0,1,2026-10-05T05:39:45.876842+00:00,"[""/home/mzyx/three_engine_20261004/quickjs-04be246001599f5995fa2f2d8c91a0f198d3f34c/qjs"",""-I"",""/mnt/c/Users/mzyx/Desktop/0921/js-interpreter-bench/experiments/three_engine_baseline/adapters/quickjs.js"",""-I"",""/mnt/c/Users/mzyx/Desktop/0921/js-interpreter-bench/experiments/timer_recovery/adapters/quickjs.js"",""/mnt/c/Users/mzyx/Desktop/0921/js-interpreter-bench/experiments/octane_three_engine/MAIN_MONOTONIC_V1/attempt01/generated/Richards.Richards.N1.correctness.js""]",[],140d5233b0337d91cb0f994ae4a051e49aa04da8802acfaedf0a01b81a620b79,/mnt/c/Users/mzyx/Desktop/0921/js-interpreter-bench/experiments/octane_three_engine/MAIN_MONOTONIC_V1/attempt01/generated/Richards.Richards.N1.correctness.js,44e90db0af6d910d418ab773d21c7b7e8ac3b1373588a02a3f3c90fe9b131454,cd393c275173f20526562a008951f65a332deffed85e7c804519788b8ebffab7,0,True,,,,,,0,,300,False,0,"TEB_RESULT:{""benchmark"":""Octane"",""case"":""Richards.Richards"",""suite"":""Richards"",""subbenchmark"":""Richards"",""mode"":""MAIN_MONOTONIC_V1"",""phase"":""correctness"",""N"":1,""correctness"":""PASS"",""extra_validation_calls"":0,""checksum"":null,""timer"":""benchNow"",""start_ms"":null,""stop_ms"":null,""elapsed_ms"":null,""elapsed_per_call_ms"":null,""warmup_calls"":0}
",,3627857056271,3627839146489,17909782,94e240b1-774a-4fdc-8be3-8b5e85457d9d,True,PASS,
wsl2-ubuntu2404-x64-20261004,MAIN_MONOTONIC_V1,Octane,correctness,Richards.Richards,Richards,Richards,v8,1,0,0,[],0,0,1,2026-10-05T05:39:45.990670+00:00,"[""/home/mzyx/three_engine_20261004/v8-linux64-rel-15.6.21/d8"",""--snapshot_blob=/home/mzyx/three_engine_20261004/v8-linux64-rel-15.6.21/snapshot_blob.bin"",""--max-opt=0"",""--no-lazy"",""/mnt/c/Users/mzyx/Desktop/0921/js-interpreter-bench/experiments/three_engine_baseline/adapters/v8.js"",""/mnt/c/Users/mzyx/Desktop/0921/js-interpreter-bench/experiments/timer_recovery/adapters/v8.js"",""/mnt/c/Users/mzyx/Desktop/0921/js-interpreter-bench/experiments/octane_three_engine/MAIN_MONOTONIC_V1/attempt01/generated/Richards.Richards.N1.correctness.js""]","[""--max-opt=0"",""--no-lazy""]",83b744a5953d2662ea723564d4035a333782a0cc85232d1025929a925150b133,/mnt/c/Users/mzyx/Desktop/0921/js-interpreter-bench/experiments/octane_three_engine/MAIN_MONOTONIC_V1/attempt01/generated/Richards.Richards.N1.correctness.js,44e90db0af6d910d418ab773d21c7b7e8ac3b1373588a02a3f3c90fe9b131454,e610d3aa3d2672a5e6d5eccd9aaf05c6ae6758d1b9c4468289f017a231ab7d9f,0,True,,,,,,0,,300,False,0,"TEB_RESULT:{""benchmark"":""Octane"",""case"":""Richards.Richards"",""suite"":""Richards"",""subbenchmark"":""Richards"",""mode"":""MAIN_MONOTONIC_V1"",""phase"":""correctness"",""N"":1,""correctness"":""PASS"",""extra_validation_calls"":0,""checksum"":null,""timer"":""benchNow"",""start_ms"":null,""stop_ms"":null,""elapsed_ms"":null,""elapsed_per_call_ms"":null,""warmup_calls"":0}
",,3628006998994,3627933089526,73909468,94e240b1-774a-4fdc-8be3-8b5e85457d9d,True,PASS,
wsl2-ubuntu2404-x64-20261004,MAIN_MONOTONIC_V1,Octane,correctness,Richards.Richards,Richards,Richards,jsc,2,0,0,[],0,0,1,2026-10-05T05:39:46.465156+00:00,"[""/home/mzyx/jsc_build_fd3406f/JSCOnly/Release/bin/jsc"",""--useJIT=false"",""--useLLInt=true"",""--validateOptions=true"",""/mnt/c/Users/mzyx/Desktop/0921/js-interpreter-bench/experiments/three_engine_baseline/adapters/jsc.js"",""/mnt/c/Users/mzyx/Desktop/0921/js-interpreter-bench/experiments/timer_recovery/adapters/jsc.js"",""/mnt/c/Users/mzyx/Desktop/0921/js-interpreter-bench/experiments/octane_three_engine/MAIN_MONOTONIC_V1/attempt01/generated/Richards.Richards.N2.correctness.js""]","[""--useJIT=false"",""--useLLInt=true"",""--validateOptions=true""]",65c824a055405bf62b05e21d54515a72a1f0187a4d91225d00a6da969d35879f,/mnt/c/Users/mzyx/Desktop/0921/js-interpreter-bench/experiments/octane_three_engine/MAIN_MONOTONIC_V1/attempt01/generated/Richards.Richards.N2.correctness.js,5b3f12acdae636b4665d6b86893152b08a03b037700107a882efb38502587661,0c485996a598b7e36f2f292b66397adc0390cbe6b69b55199e47e1c6c1e37010,0,True,,,,,,0,,300,False,0,"TEB_RESULT:{""benchmark"":""Octane"",""case"":""Richards.Richards"",""suite"":""Richards"",""subbenchmark"":""Richards"",""mode"":""MAIN_MONOTONIC_V1"",""phase"":""correctness"",""N"":2,""correctness"":""PASS"",""extra_validation_calls"":0,""checksum"":null,""timer"":""benchNow"",""start_ms"":null,""stop_ms"":null,""elapsed_ms"":null,""elapsed_per_call_ms"":null,""warmup_calls"":0}
",,3628442721593,3628408583756,34137837,94e240b1-774a-4fdc-8be3-8b5e85457d9d,True,PASS,
wsl2-ubuntu2404-x64-20261004,MAIN_MONOTONIC_V1,Octane,correctness,Richards.Richards,Richards,Richards,quickjs,2,0,0,[],0,0,1,2026-10-05T05:39:46.240484+00:00,"[""/home/mzyx/three_engine_20261004/quickjs-04be246001599f5995fa2f2d8c91a0f198d3f34c/qjs"",""-I"",""/mnt/c/Users/mzyx/Desktop/0921/js-interpreter-bench/experiments/three_engine_baseline/adapters/quickjs.js"",""-I"",""/mnt/c/Users/mzyx/Desktop/0921/js-interpreter-bench/experiments/timer_recovery/adapters/quickjs.js"",""/mnt/c/Users/mzyx/Desktop/0921/js-interpreter-bench/experiments/octane_three_engine/MAIN_MONOTONIC_V1/attempt01/generated/Richards.Richards.N2.correctness.js""]",[],140d5233b0337d91cb0f994ae4a051e49aa04da8802acfaedf0a01b81a620b79,/mnt/c/Users/mzyx/Desktop/0921/js-interpreter-bench/experiments/octane_three_engine/MAIN_MONOTONIC_V1/attempt01/generated/Richards.Richards.N2.correctness.js,5b3f12acdae636b4665d6b86893152b08a03b037700107a882efb38502587661,cd393c275173f20526562a008951f65a332deffed85e7c804519788b8ebffab7,0,True,,,,,,0,,300,False,0,"TEB_RESULT:{""benchmark"":""Octane"",""case"":""Richards.Richards"",""suite"":""Richards"",""subbenchmark"":""Richards"",""mode"":""MAIN_MONOTONIC_V1"",""phase"":""correctness"",""N"":2,""correctness"":""PASS"",""extra_validation_calls"":0,""checksum"":null,""timer"":""benchNow"",""start_ms"":null,""stop_ms"":null,""elapsed_ms"":null,""elapsed_per_call_ms"":null,""warmup_calls"":0}
",,3628216909707,3628196896556,20013151,94e240b1-774a-4fdc-8be3-8b5e85457d9d,True,PASS,
wsl2-ubuntu2404-x64-20261004,MAIN_MONOTONIC_V1,Octane,correctness,Richards.Richards,Richards,Richards,v8,2,0,0,[],0,0,1,2026-10-05T05:39:46.346835+00:00,"[""/home/mzyx/three_engine_20261004/v8-linux64-rel-15.6.21/d8"",""--snapshot_blob=/home/mzyx/three_engine_20261004/v8-linux64-rel-15.6.21/snapshot_blob.bin"",""--max-opt=0"",""--no-lazy"",""/mnt/c/Users/mzyx/Desktop/0921/js-interpreter-bench/experiments/three_engine_baseline/adapters/v8.js"",""/mnt/c/Users/mzyx/Desktop/0921/js-interpreter-bench/experiments/timer_recovery/adapters/v8.js"",""/mnt/c/Users/mzyx/Desktop/0921/js-interpreter-bench/experiments/octane_three_engine/MAIN_MONOTONIC_V1/attempt01/generated/Richards.Richards.N2.correctness.js""]","[""--max-opt=0"",""--no-lazy""]",83b744a5953d2662ea723564d4035a333782a0cc85232d1025929a925150b133,/mnt/c/Users/mzyx/Desktop/0921/js-interpreter-bench/experiments/octane_three_engine/MAIN_MONOTONIC_V1/attempt01/generated/Richards.Richards.N2.correctness.js,5b3f12acdae636b4665d6b86893152b08a03b037700107a882efb38502587661,e610d3aa3d2672a5e6d5eccd9aaf05c6ae6758d1b9c4468289f017a231ab7d9f,0,True,,,,,,0,,300,False,0,"TEB_RESULT:{""benchmark"":""Octane"",""case"":""Richards.Richards"",""suite"":""Richards"",""subbenchmark"":""Richards"",""mode"":""MAIN_MONOTONIC_V1"",""phase"":""correctness"",""N"":2,""correctness"":""PASS"",""extra_validation_calls"":0,""checksum"":null,""timer"":""benchNow"",""start_ms"":null,""stop_ms"":null,""elapsed_ms"":null,""elapsed_per_call_ms"":null,""warmup_calls"":0}
",,3628335668544,3628288876413,46792131,94e240b1-774a-4fdc-8be3-8b5e85457d9d,True,PASS,
wsl2-ubuntu2404-x64-20261004,MAIN_MONOTONIC_V1,Octane,correctness,Splay.Splay,Splay,Splay,jsc,1,0,0,[],0,0,1,2026-10-05T05:39:53.753789+00:00,"[""/home/mzyx/jsc_build_fd3406f/JSCOnly/Release/bin/jsc"",""--useJIT=false"",""--useLLInt=true"",""--validateOptions=true"",""/mnt/c/Users/mzyx/Desktop/0921/js-interpreter-bench/experiments/three_engine_baseline/adapters/jsc.js"",""/mnt/c/Users/mzyx/Desktop/0921/js-interpreter-bench/experiments/timer_recovery/adapters/jsc.js"",""/mnt/c/Users/mzyx/Desktop/0921/js-interpreter-bench/experiments/octane_three_engine/MAIN_MONOTONIC_V1/attempt01/generated/Splay.Splay.N1.correctness.js""]","[""--useJIT=false"",""--useLLInt=true"",""--validateOptions=true""]",65c824a055405bf62b05e21d54515a72a1f0187a4d91225d00a6da969d35879f,/mnt/c/Users/mzyx/Desktop/0921/js-interpreter-bench/experiments/octane_three_engine/MAIN_MONOTONIC_V1/attempt01/generated/Splay.Splay.N1.correctness.js,0249b292fb3db24033ad49f66682b45aba0c6e5111dc188a6de1f08edfec3d01,0c485996a598b7e36f2f292b66397adc0390cbe6b69b55199e47e1c6c1e37010,0,True,,,,,,0,,300,False,0,"TEB_RESULT:{""benchmark"":""Octane"",""case"":""Splay.Splay"",""suite"":""Splay"",""subbenchmark"":""Splay"",""mode"":""MAIN_MONOTONIC_V1"",""phase"":""correctness"",""N"":1,""correctness"":""PASS"",""extra_validation_calls"":0,""checksum"":null,""timer"":""benchNow"",""start_ms"":null,""stop_ms"":null,""elapsed_ms"":null,""elapsed_per_call_ms"":null,""warmup_calls"":0}
",,3638753566952,3638603420146,150146806,94e240b1-774a-4fdc-8be3-8b5e85457d9d,True,PASS,
wsl2-ubuntu2404-x64-20261004,MAIN_MONOTONIC_V1,Octane,correctness,Splay.Splay,Splay,Splay,quickjs,1,0,0,[],0,0,1,2026-10-05T05:39:52.782919+00:00,"[""/home/mzyx/three_engine_20261004/quickjs-04be246001599f5995fa2f2d8c91a0f198d3f34c/qjs"",""-I"",""/mnt/c/Users/mzyx/Desktop/0921/js-interpreter-bench/experiments/three_engine_baseline/adapters/quickjs.js"",""-I"",""/mnt/c/Users/mzyx/Desktop/0921/js-interpreter-bench/experiments/timer_recovery/adapters/quickjs.js"",""/mnt/c/Users/mzyx/Desktop/0921/js-interpreter-bench/experiments/octane_three_engine/MAIN_MONOTONIC_V1/attempt01/generated/Splay.Splay.N1.correctness.js""]",[],140d5233b0337d91cb0f994ae4a051e49aa04da8802acfaedf0a01b81a620b79,/mnt/c/Users/mzyx/Desktop/0921/js-interpreter-bench/experiments/octane_three_engine/MAIN_MONOTONIC_V1/attempt01/generated/Splay.Splay.N1.correctness.js,0249b292fb3db24033ad49f66682b45aba0c6e5111dc188a6de1f08edfec3d01,cd393c275173f20526562a008951f65a332deffed85e7c804519788b8ebffab7,0,True,,,,,,0,,300,False,0,"TEB_RESULT:{""benchmark"":""Octane"",""case"":""Splay.Splay"",""suite"":""Splay"",""subbenchmark"":""Splay"",""mode"":""MAIN_MONOTONIC_V1"",""phase"":""correctness"",""N"":1,""correctness"":""PASS"",""extra_validation_calls"":0,""checksum"":null,""timer"":""benchNow"",""start_ms"":null,""stop_ms"":null,""elapsed_ms"":null,""elapsed_per_call_ms"":null,""warmup_calls"":0}
",,3638311161414,3637642484703,668676711,94e240b1-774a-4fdc-8be3-8b5e85457d9d,True,PASS,
wsl2-ubuntu2404-x64-20261004,MAIN_MONOTONIC_V1,Octane,correctness,Splay.Splay,Splay,Splay,v8,1,0,0,[],0,0,1,2026-10-05T05:39:53.532529+00:00,"[""/home/mzyx/three_engine_20261004/v8-linux64-rel-15.6.21/d8"",""--snapshot_blob=/home/mzyx/three_engine_20261004/v8-linux64-rel-15.6.21/snapshot_blob.bin"",""--max-opt=0"",""--no-lazy"",""/mnt/c/Users/mzyx/Desktop/0921/js-interpreter-bench/experiments/three_engine_baseline/adapters/v8.js"",""/mnt/c/Users/mzyx/Desktop/0921/js-interpreter-bench/experiments/timer_recovery/adapters/v8.js"",""/mnt/c/Users/mzyx/Desktop/0921/js-interpreter-bench/experiments/octane_three_engine/MAIN_MONOTONIC_V1/attempt01/generated/Splay.Splay.N1.correctness.js""]","[""--max-opt=0"",""--no-lazy""]",83b744a5953d2662ea723564d4035a333782a0cc85232d1025929a925150b133,/mnt/c/Users/mzyx/Desktop/0921/js-interpreter-bench/experiments/octane_three_engine/MAIN_MONOTONIC_V1/attempt01/generated/Splay.Splay.N1.correctness.js,0249b292fb3db24033ad49f66682b45aba0c6e5111dc188a6de1f08edfec3d01,e610d3aa3d2672a5e6d5eccd9aaf05c6ae6758d1b9c4468289f017a231ab7d9f,0,True,,,,,,0,,300,False,0,"TEB_RESULT:{""benchmark"":""Octane"",""case"":""Splay.Splay"",""suite"":""Splay"",""subbenchmark"":""Splay"",""mode"":""MAIN_MONOTONIC_V1"",""phase"":""correctness"",""N"":1,""correctness"":""PASS"",""extra_validation_calls"":0,""checksum"":null,""timer"":""benchNow"",""start_ms"":null,""stop_ms"":null,""elapsed_ms"":null,""elapsed_per_call_ms"":null,""warmup_calls"":0}
",,3638532481428,3638382264539,150216889,94e240b1-774a-4fdc-8be3-8b5e85457d9d,True,PASS,
wsl2-ubuntu2404-x64-20261004,MAIN_MONOTONIC_V1,Octane,correctness,Splay.Splay,Splay,Splay,jsc,2,0,0,[],0,0,1,2026-10-05T05:39:54.907256+00:00,"[""/home/mzyx/jsc_build_fd3406f/JSCOnly/Release/bin/jsc"",""--useJIT=false"",""--useLLInt=true"",""--validateOptions=true"",""/mnt/c/Users/mzyx/Desktop/0921/js-interpreter-bench/experiments/three_engine_baseline/adapters/jsc.js"",""/mnt/c/Users/mzyx/Desktop/0921/js-interpreter-bench/experiments/timer_recovery/adapters/jsc.js"",""/mnt/c/Users/mzyx/Desktop/0921/js-interpreter-bench/experiments/octane_three_engine/MAIN_MONOTONIC_V1/attempt01/generated/Splay.Splay.N2.correctness.js""]","[""--useJIT=false"",""--useLLInt=true"",""--validateOptions=true""]",65c824a055405bf62b05e21d54515a72a1f0187a4d91225d00a6da969d35879f,/mnt/c/Users/mzyx/Desktop/0921/js-interpreter-bench/experiments/octane_three_engine/MAIN_MONOTONIC_V1/attempt01/generated/Splay.Splay.N2.correctness.js,32f78ab9ce0a14c124d8bc12d2037f9b6b06ae6f9cb2bfaf3491e17f5d02fcf9,0c485996a598b7e36f2f292b66397adc0390cbe6b69b55199e47e1c6c1e37010,0,True,,,,,,0,,300,False,0,"TEB_RESULT:{""benchmark"":""Octane"",""case"":""Splay.Splay"",""suite"":""Splay"",""subbenchmark"":""Splay"",""mode"":""MAIN_MONOTONIC_V1"",""phase"":""correctness"",""N"":2,""correctness"":""PASS"",""extra_validation_calls"":0,""checksum"":null,""timer"":""benchNow"",""start_ms"":null,""stop_ms"":null,""elapsed_ms"":null,""elapsed_per_call_ms"":null,""warmup_calls"":0}
",,3639930140253,3639757160325,172979928,94e240b1-774a-4fdc-8be3-8b5e85457d9d,True,PASS,
wsl2-ubuntu2404-x64-20261004,MAIN_MONOTONIC_V1,Octane,correctness,Splay.Splay,Splay,Splay,quickjs,2,0,0,[],0,0,1,2026-10-05T05:39:53.977241+00:00,"[""/home/mzyx/three_engine_20261004/quickjs-04be246001599f5995fa2f2d8c91a0f198d3f34c/qjs"",""-I"",""/mnt/c/Users/mzyx/Desktop/0921/js-interpreter-bench/experiments/three_engine_baseline/adapters/quickjs.js"",""-I"",""/mnt/c/Users/mzyx/Desktop/0921/js-interpreter-bench/experiments/timer_recovery/adapters/quickjs.js"",""/mnt/c/Users/mzyx/Desktop/0921/js-interpreter-bench/experiments/octane_three_engine/MAIN_MONOTONIC_V1/attempt01/generated/Splay.Splay.N2.correctness.js""]",[],140d5233b0337d91cb0f994ae4a051e49aa04da8802acfaedf0a01b81a620b79,/mnt/c/Users/mzyx/Desktop/0921/js-interpreter-bench/experiments/octane_three_engine/MAIN_MONOTONIC_V1/attempt01/generated/Splay.Splay.N2.correctness.js,32f78ab9ce0a14c124d8bc12d2037f9b6b06ae6f9cb2bfaf3491e17f5d02fcf9,cd393c275173f20526562a008951f65a332deffed85e7c804519788b8ebffab7,0,True,,,,,,0,,300,False,0,"TEB_RESULT:{""benchmark"":""Octane"",""case"":""Splay.Splay"",""suite"":""Splay"",""subbenchmark"":""Splay"",""mode"":""MAIN_MONOTONIC_V1"",""phase"":""correctness"",""N"":2,""correctness"":""PASS"",""extra_validation_calls"":0,""checksum"":null,""timer"":""benchNow"",""start_ms"":null,""stop_ms"":null,""elapsed_ms"":null,""elapsed_per_call_ms"":null,""warmup_calls"":0}
",,3639437781689,3638832632552,605149137,94e240b1-774a-4fdc-8be3-8b5e85457d9d,True,PASS,
wsl2-ubuntu2404-x64-20261004,MAIN_MONOTONIC_V1,Octane,correctness,Splay.Splay,Splay,Splay,v8,2,0,0,[],0,0,1,2026-10-05T05:39:54.662589+00:00,"[""/home/mzyx/three_engine_20261004/v8-linux64-rel-15.6.21/d8"",""--snapshot_blob=/home/mzyx/three_engine_20261004/v8-linux64-rel-15.6.21/snapshot_blob.bin"",""--max-opt=0"",""--no-lazy"",""/mnt/c/Users/mzyx/Desktop/0921/js-interpreter-bench/experiments/three_engine_baseline/adapters/v8.js"",""/mnt/c/Users/mzyx/Desktop/0921/js-interpreter-bench/experiments/timer_recovery/adapters/v8.js"",""/mnt/c/Users/mzyx/Desktop/0921/js-interpreter-bench/experiments/octane_three_engine/MAIN_MONOTONIC_V1/attempt01/generated/Splay.Splay.N2.correctness.js""]","[""--max-opt=0"",""--no-lazy""]",83b744a5953d2662ea723564d4035a333782a0cc85232d1025929a925150b133,/mnt/c/Users/mzyx/Desktop/0921/js-interpreter-bench/experiments/octane_three_engine/MAIN_MONOTONIC_V1/attempt01/generated/Splay.Splay.N2.correctness.js,32f78ab9ce0a14c124d8bc12d2037f9b6b06ae6f9cb2bfaf3491e17f5d02fcf9,e610d3aa3d2672a5e6d5eccd9aaf05c6ae6758d1b9c4468289f017a231ab7d9f,0,True,,,,,,0,,300,False,0,"TEB_RESULT:{""benchmark"":""Octane"",""case"":""Splay.Splay"",""suite"":""Splay"",""subbenchmark"":""Splay"",""mode"":""MAIN_MONOTONIC_V1"",""phase"":""correctness"",""N"":2,""correctness"":""PASS"",""extra_validation_calls"":0,""checksum"":null,""timer"":""benchNow"",""start_ms"":null,""stop_ms"":null,""elapsed_ms"":null,""elapsed_per_call_ms"":null,""warmup_calls"":0}
",,3639682672679,3639512168009,170504670,94e240b1-774a-4fdc-8be3-8b5e85457d9d,True,PASS,
wsl2-ubuntu2404-x64-20261004,MAIN_MONOTONIC_V1,Octane,correctness,Typescript.Typescript,Typescript,Typescript,jsc,1,0,0,[],0,0,1,2026-10-05T05:40:43.023015+00:00,"[""/home/mzyx/jsc_build_fd3406f/JSCOnly/Release/bin/jsc"",""--useJIT=false"",""--useLLInt=true"",""--validateOptions=true"",""/mnt/c/Users/mzyx/Desktop/0921/js-interpreter-bench/experiments/three_engine_baseline/adapters/jsc.js"",""/mnt/c/Users/mzyx/Desktop/0921/js-interpreter-bench/experiments/timer_recovery/adapters/jsc.js"",""/mnt/c/Users/mzyx/Desktop/0921/js-interpreter-bench/experiments/octane_three_engine/MAIN_MONOTONIC_V1/attempt01/generated/Typescript.Typescript.N1.correctness.js""]","[""--useJIT=false"",""--useLLInt=true"",""--validateOptions=true""]",65c824a055405bf62b05e21d54515a72a1f0187a4d91225d00a6da969d35879f,/mnt/c/Users/mzyx/Desktop/0921/js-interpreter-bench/experiments/octane_three_engine/MAIN_MONOTONIC_V1/attempt01/generated/Typescript.Typescript.N1.correctness.js,95594cee5f471dcca99dc488dfc1552a9bdcdfe4255fa274d680e9324e9ad10a,0c485996a598b7e36f2f292b66397adc0390cbe6b69b55199e47e1c6c1e37010,0,True,,,,,,0,,300,False,0,"TEB_RESULT:{""benchmark"":""Octane"",""case"":""Typescript.Typescript"",""suite"":""Typescript"",""subbenchmark"":""Typescript"",""mode"":""MAIN_MONOTONIC_V1"",""phase"":""correctness"",""N"":1,""correctness"":""PASS"",""extra_validation_calls"":0,""checksum"":null,""timer"":""benchNow"",""start_ms"":null,""stop_ms"":null,""elapsed_ms"":null,""elapsed_per_call_ms"":null,""warmup_calls"":0}
",,3692872159764,3690874611611,1997548153,94e240b1-774a-4fdc-8be3-8b5e85457d9d,True,PASS,
wsl2-ubuntu2404-x64-20261004,MAIN_MONOTONIC_V1,Octane,correctness,Typescript.Typescript,Typescript,Typescript,quickjs,1,0,0,[],0,0,1,2026-10-05T05:40:38.165588+00:00,"[""/home/mzyx/three_engine_20261004/quickjs-04be246001599f5995fa2f2d8c91a0f198d3f34c/qjs"",""-I"",""/mnt/c/Users/mzyx/Desktop/0921/js-interpreter-bench/experiments/three_engine_baseline/adapters/quickjs.js"",""-I"",""/mnt/c/Users/mzyx/Desktop/0921/js-interpreter-bench/experiments/timer_recovery/adapters/quickjs.js"",""/mnt/c/Users/mzyx/Desktop/0921/js-interpreter-bench/experiments/octane_three_engine/MAIN_MONOTONIC_V1/attempt01/generated/Typescript.Typescript.N1.correctness.js""]",[],140d5233b0337d91cb0f994ae4a051e49aa04da8802acfaedf0a01b81a620b79,/mnt/c/Users/mzyx/Desktop/0921/js-interpreter-bench/experiments/octane_three_engine/MAIN_MONOTONIC_V1/attempt01/generated/Typescript.Typescript.N1.correctness.js,95594cee5f471dcca99dc488dfc1552a9bdcdfe4255fa274d680e9324e9ad10a,cd393c275173f20526562a008951f65a332deffed85e7c804519788b8ebffab7,0,True,,,,,,0,,300,False,0,"TEB_RESULT:{""benchmark"":""Octane"",""case"":""Typescript.Typescript"",""suite"":""Typescript"",""subbenchmark"":""Typescript"",""mode"":""MAIN_MONOTONIC_V1"",""phase"":""correctness"",""N"":1,""correctness"":""PASS"",""extra_validation_calls"":0,""checksum"":null,""timer"":""benchNow"",""start_ms"":null,""stop_ms"":null,""elapsed_ms"":null,""elapsed_per_call_ms"":null,""warmup_calls"":0}
",,3688863976602,3686032474241,2831502361,94e240b1-774a-4fdc-8be3-8b5e85457d9d,True,PASS,
wsl2-ubuntu2404-x64-20261004,MAIN_MONOTONIC_V1,Octane,correctness,Typescript.Typescript,Typescript,Typescript,v8,1,0,0,[],0,0,1,2026-10-05T05:40:41.144811+00:00,"[""/home/mzyx/three_engine_20261004/v8-linux64-rel-15.6.21/d8"",""--snapshot_blob=/home/mzyx/three_engine_20261004/v8-linux64-rel-15.6.21/snapshot_blob.bin"",""--max-opt=0"",""--no-lazy"",""/mnt/c/Users/mzyx/Desktop/0921/js-interpreter-bench/experiments/three_engine_baseline/adapters/v8.js"",""/mnt/c/Users/mzyx/Desktop/0921/js-interpreter-bench/experiments/timer_recovery/adapters/v8.js"",""/mnt/c/Users/mzyx/Desktop/0921/js-interpreter-bench/experiments/octane_three_engine/MAIN_MONOTONIC_V1/attempt01/generated/Typescript.Typescript.N1.correctness.js""]","[""--max-opt=0"",""--no-lazy""]",83b744a5953d2662ea723564d4035a333782a0cc85232d1025929a925150b133,/mnt/c/Users/mzyx/Desktop/0921/js-interpreter-bench/experiments/octane_three_engine/MAIN_MONOTONIC_V1/attempt01/generated/Typescript.Typescript.N1.correctness.js,95594cee5f471dcca99dc488dfc1552a9bdcdfe4255fa274d680e9324e9ad10a,e610d3aa3d2672a5e6d5eccd9aaf05c6ae6758d1b9c4468289f017a231ab7d9f,0,True,,,,,,0,,300,False,0,"TEB_RESULT:{""benchmark"":""Octane"",""case"":""Typescript.Typescript"",""suite"":""Typescript"",""subbenchmark"":""Typescript"",""mode"":""MAIN_MONOTONIC_V1"",""phase"":""correctness"",""N"":1,""correctness"":""PASS"",""extra_validation_calls"":0,""checksum"":null,""timer"":""benchNow"",""start_ms"":null,""stop_ms"":null,""elapsed_ms"":null,""elapsed_per_call_ms"":null,""warmup_calls"":0}
",,3690741125258,3688997671089,1743454169,94e240b1-774a-4fdc-8be3-8b5e85457d9d,True,PASS,
wsl2-ubuntu2404-x64-20261004,MAIN_MONOTONIC_V1,Octane,correctness,Typescript.Typescript,Typescript,Typescript,jsc,2,0,0,[],0,0,1,2026-10-05T05:40:50.550933+00:00,"[""/home/mzyx/jsc_build_fd3406f/JSCOnly/Release/bin/jsc"",""--useJIT=false"",""--useLLInt=true"",""--validateOptions=true"",""/mnt/c/Users/mzyx/Desktop/0921/js-interpreter-bench/experiments/three_engine_baseline/adapters/jsc.js"",""/mnt/c/Users/mzyx/Desktop/0921/js-interpreter-bench/experiments/timer_recovery/adapters/jsc.js"",""/mnt/c/Users/mzyx/Desktop/0921/js-interpreter-bench/experiments/octane_three_engine/MAIN_MONOTONIC_V1/attempt01/generated/Typescript.Typescript.N2.correctness.js""]","[""--useJIT=false"",""--useLLInt=true"",""--validateOptions=true""]",65c824a055405bf62b05e21d54515a72a1f0187a4d91225d00a6da969d35879f,/mnt/c/Users/mzyx/Desktop/0921/js-interpreter-bench/experiments/octane_three_engine/MAIN_MONOTONIC_V1/attempt01/generated/Typescript.Typescript.N2.correctness.js,e754e450158a68240ab2c1bf2a1f61628830489cf7135bb5cf1c6da1ef6ee8d5,0c485996a598b7e36f2f292b66397adc0390cbe6b69b55199e47e1c6c1e37010,0,True,,,,,,0,,300,False,0,"TEB_RESULT:{""benchmark"":""Octane"",""case"":""Typescript.Typescript"",""suite"":""Typescript"",""subbenchmark"":""Typescript"",""mode"":""MAIN_MONOTONIC_V1"",""phase"":""correctness"",""N"":2,""correctness"":""PASS"",""extra_validation_calls"":0,""checksum"":null,""timer"":""benchNow"",""start_ms"":null,""stop_ms"":null,""elapsed_ms"":null,""elapsed_per_call_ms"":null,""warmup_calls"":0}
",,3705228761144,3701337150115,3891611029,94e240b1-774a-4fdc-8be3-8b5e85457d9d,True,PASS,
wsl2-ubuntu2404-x64-20261004,MAIN_MONOTONIC_V1,Octane,correctness,Typescript.Typescript,Typescript,Typescript,quickjs,2,0,0,[],0,0,1,2026-10-05T05:40:45.153683+00:00,"[""/home/mzyx/three_engine_20261004/quickjs-04be246001599f5995fa2f2d8c91a0f198d3f34c/qjs"",""-I"",""/mnt/c/Users/mzyx/Desktop/0921/js-interpreter-bench/experiments/three_engine_baseline/adapters/quickjs.js"",""-I"",""/mnt/c/Users/mzyx/Desktop/0921/js-interpreter-bench/experiments/timer_recovery/adapters/quickjs.js"",""/mnt/c/Users/mzyx/Desktop/0921/js-interpreter-bench/experiments/octane_three_engine/MAIN_MONOTONIC_V1/attempt01/generated/Typescript.Typescript.N2.correctness.js""]",[],140d5233b0337d91cb0f994ae4a051e49aa04da8802acfaedf0a01b81a620b79,/mnt/c/Users/mzyx/Desktop/0921/js-interpreter-bench/experiments/octane_three_engine/MAIN_MONOTONIC_V1/attempt01/generated/Typescript.Typescript.N2.correctness.js,e754e450158a68240ab2c1bf2a1f61628830489cf7135bb5cf1c6da1ef6ee8d5,cd393c275173f20526562a008951f65a332deffed85e7c804519788b8ebffab7,0,True,,,,,,0,,300,False,0,"TEB_RESULT:{""benchmark"":""Octane"",""case"":""Typescript.Typescript"",""suite"":""Typescript"",""subbenchmark"":""Typescript"",""mode"":""MAIN_MONOTONIC_V1"",""phase"":""correctness"",""N"":2,""correctness"":""PASS"",""extra_validation_calls"":0,""checksum"":null,""timer"":""benchNow"",""start_ms"":null,""stop_ms"":null,""elapsed_ms"":null,""elapsed_per_call_ms"":null,""warmup_calls"":0}
",,3697964956090,3693012846977,4952109113,94e240b1-774a-4fdc-8be3-8b5e85457d9d,True,PASS,
wsl2-ubuntu2404-x64-20261004,MAIN_MONOTONIC_V1,Octane,correctness,Typescript.Typescript,Typescript,Typescript,v8,2,0,0,[],0,0,1,2026-10-05T05:40:47.309087+00:00,"[""/home/mzyx/three_engine_20261004/v8-linux64-rel-15.6.21/d8"",""--snapshot_blob=/home/mzyx/three_engine_20261004/v8-linux64-rel-15.6.21/snapshot_blob.bin"",""--max-opt=0"",""--no-lazy"",""/mnt/c/Users/mzyx/Desktop/0921/js-interpreter-bench/experiments/three_engine_baseline/adapters/v8.js"",""/mnt/c/Users/mzyx/Desktop/0921/js-interpreter-bench/experiments/timer_recovery/adapters/v8.js"",""/mnt/c/Users/mzyx/Desktop/0921/js-interpreter-bench/experiments/octane_three_engine/MAIN_MONOTONIC_V1/attempt01/generated/Typescript.Typescript.N2.correctness.js""]","[""--max-opt=0"",""--no-lazy""]",83b744a5953d2662ea723564d4035a333782a0cc85232d1025929a925150b133,/mnt/c/Users/mzyx/Desktop/0921/js-interpreter-bench/experiments/octane_three_engine/MAIN_MONOTONIC_V1/attempt01/generated/Typescript.Typescript.N2.correctness.js,e754e450158a68240ab2c1bf2a1f61628830489cf7135bb5cf1c6da1ef6ee8d5,e610d3aa3d2672a5e6d5eccd9aaf05c6ae6758d1b9c4468289f017a231ab7d9f,0,True,,,,,,0,,300,False,0,"TEB_RESULT:{""benchmark"":""Octane"",""case"":""Typescript.Typescript"",""suite"":""Typescript"",""subbenchmark"":""Typescript"",""mode"":""MAIN_MONOTONIC_V1"",""phase"":""correctness"",""N"":2,""correctness"":""PASS"",""extra_validation_calls"":0,""checksum"":null,""timer"":""benchNow"",""start_ms"":null,""stop_ms"":null,""elapsed_ms"":null,""elapsed_per_call_ms"":null,""warmup_calls"":0}
",,3701205630829,3698095655926,3109974903,94e240b1-774a-4fdc-8be3-8b5e85457d9d,True,PASS,
