cohort,mode,stage,case,engine,rep,order,round_case_position,permutation,schedule_index,attempt,N,elapsed_ms,elapsed_per_call,outer_wall_ns,flags,command,binary_sha256,script_path,script_sha256,checksum,stdout,stderr,exit_code,valid,status,error,timestamp_utc,warmup_calls,checks_each_call,timeout_seconds
wsl2-ubuntu2404-x64-20261004,MAIN,calibration,3d-cube,jsc,0,3,0,[],0,1,1,12,12,34571191,"[""--useJIT=false"",""--useLLInt=true"",""--validateOptions=true""]","[""/home/mzyx/jsc_build_fd3406f/JSCOnly/Release/bin/jsc"",""--useJIT=false"",""--useLLInt=true"",""--validateOptions=true"",""/mnt/c/Users/mzyx/Desktop/0921/js-interpreter-bench/experiments/three_engine_baseline/adapters/jsc.js"",""/mnt/c/Users/mzyx/Desktop/0921/js-interpreter-bench/experiments/sunspider_three_engine/generated/MAIN/3d-cube.N1.main.js""]",65c824a055405bf62b05e21d54515a72a1f0187a4d91225d00a6da969d35879f,/mnt/c/Users/mzyx/Desktop/0921/js-interpreter-bench/experiments/sunspider_three_engine/generated/MAIN/3d-cube.N1.main.js,e0edc74df2875114120221f662918bf24f8f25a46d99039024b82ed6310ca1bf,320,"TEB_RESULT:{""benchmark"":""SunSpider"",""case"":""3d-cube"",""mode"":""main"",""N"":1,""checksum"":""320"",""correctness"":""PASS"",""timer"":""Date.now"",""elapsed_ms"":12,""elapsed_per_call_ms"":12,""warmup_calls"":0}
",,0,True,PASS,,2026-10-04T15:25:20.944646+00:00,0,False,300
wsl2-ubuntu2404-x64-20261004,MAIN,calibration,3d-cube,quickjs,0,1,0,[],0,1,1,22,22,31656399,[],"[""/home/mzyx/three_engine_20261004/quickjs-04be246001599f5995fa2f2d8c91a0f198d3f34c/qjs"",""-I"",""/mnt/c/Users/mzyx/Desktop/0921/js-interpreter-bench/experiments/three_engine_baseline/adapters/quickjs.js"",""/mnt/c/Users/mzyx/Desktop/0921/js-interpreter-bench/experiments/sunspider_three_engine/generated/MAIN/3d-cube.N1.main.js""]",140d5233b0337d91cb0f994ae4a051e49aa04da8802acfaedf0a01b81a620b79,/mnt/c/Users/mzyx/Desktop/0921/js-interpreter-bench/experiments/sunspider_three_engine/generated/MAIN/3d-cube.N1.main.js,e0edc74df2875114120221f662918bf24f8f25a46d99039024b82ed6310ca1bf,320,"TEB_RESULT:{""benchmark"":""SunSpider"",""case"":""3d-cube"",""mode"":""main"",""N"":1,""checksum"":""320"",""correctness"":""PASS"",""timer"":""Date.now"",""elapsed_ms"":22,""elapsed_per_call_ms"":22,""warmup_calls"":0}
",,0,True,PASS,,2026-10-04T15:25:20.716636+00:00,0,False,300
wsl2-ubuntu2404-x64-20261004,MAIN,calibration,3d-cube,v8,0,2,0,[],0,1,1,23,23,57257401,"[""--max-opt=0"",""--no-lazy""]","[""/home/mzyx/three_engine_20261004/v8-linux64-rel-15.6.21/d8"",""--snapshot_blob=/home/mzyx/three_engine_20261004/v8-linux64-rel-15.6.21/snapshot_blob.bin"",""--max-opt=0"",""--no-lazy"",""/mnt/c/Users/mzyx/Desktop/0921/js-interpreter-bench/experiments/three_engine_baseline/adapters/v8.js"",""/mnt/c/Users/mzyx/Desktop/0921/js-interpreter-bench/experiments/sunspider_three_engine/generated/MAIN/3d-cube.N1.main.js""]",83b744a5953d2662ea723564d4035a333782a0cc85232d1025929a925150b133,/mnt/c/Users/mzyx/Desktop/0921/js-interpreter-bench/experiments/sunspider_three_engine/generated/MAIN/3d-cube.N1.main.js,e0edc74df2875114120221f662918bf24f8f25a46d99039024b82ed6310ca1bf,320,"TEB_RESULT:{""benchmark"":""SunSpider"",""case"":""3d-cube"",""mode"":""main"",""N"":1,""checksum"":""320"",""correctness"":""PASS"",""timer"":""Date.now"",""elapsed_ms"":23,""elapsed_per_call_ms"":23,""warmup_calls"":0}
",,0,True,PASS,,2026-10-04T15:25:20.821052+00:00,0,False,300
wsl2-ubuntu2404-x64-20261004,MAIN,calibration,3d-cube,jsc,0,3,0,[],0,1,128,1374,10.734375,1396082444,"[""--useJIT=false"",""--useLLInt=true"",""--validateOptions=true""]","[""/home/mzyx/jsc_build_fd3406f/JSCOnly/Release/bin/jsc"",""--useJIT=false"",""--useLLInt=true"",""--validateOptions=true"",""/mnt/c/Users/mzyx/Desktop/0921/js-interpreter-bench/experiments/three_engine_baseline/adapters/jsc.js"",""/mnt/c/Users/mzyx/Desktop/0921/js-interpreter-bench/experiments/sunspider_three_engine/generated/MAIN/3d-cube.N128.main.js""]",65c824a055405bf62b05e21d54515a72a1f0187a4d91225d00a6da969d35879f,/mnt/c/Users/mzyx/Desktop/0921/js-interpreter-bench/experiments/sunspider_three_engine/generated/MAIN/3d-cube.N128.main.js,99de871ab936356509ab0ad2c16269cf9e78a7a645ea61b8ef301355b61623cc,320,"TEB_RESULT:{""benchmark"":""SunSpider"",""case"":""3d-cube"",""mode"":""main"",""N"":128,""checksum"":""320"",""correctness"":""PASS"",""timer"":""Date.now"",""elapsed_ms"":1374,""elapsed_per_call_ms"":10.734375,""warmup_calls"":0}
",,0,True,PASS,,2026-10-04T15:25:35.080228+00:00,0,False,300
wsl2-ubuntu2404-x64-20261004,MAIN,calibration,3d-cube,quickjs,0,1,0,[],0,1,128,2852,22.28125,2861056333,[],"[""/home/mzyx/three_engine_20261004/quickjs-04be246001599f5995fa2f2d8c91a0f198d3f34c/qjs"",""-I"",""/mnt/c/Users/mzyx/Desktop/0921/js-interpreter-bench/experiments/three_engine_baseline/adapters/quickjs.js"",""/mnt/c/Users/mzyx/Desktop/0921/js-interpreter-bench/experiments/sunspider_three_engine/generated/MAIN/3d-cube.N128.main.js""]",140d5233b0337d91cb0f994ae4a051e49aa04da8802acfaedf0a01b81a620b79,/mnt/c/Users/mzyx/Desktop/0921/js-interpreter-bench/experiments/sunspider_three_engine/generated/MAIN/3d-cube.N128.main.js,99de871ab936356509ab0ad2c16269cf9e78a7a645ea61b8ef301355b61623cc,320,"TEB_RESULT:{""benchmark"":""SunSpider"",""case"":""3d-cube"",""mode"":""main"",""N"":128,""checksum"":""320"",""correctness"":""PASS"",""timer"":""Date.now"",""elapsed_ms"":2852,""elapsed_per_call_ms"":22.28125,""warmup_calls"":0}
",,0,True,PASS,,2026-10-04T15:25:29.520769+00:00,0,False,300
wsl2-ubuntu2404-x64-20261004,MAIN,calibration,3d-cube,v8,0,2,0,[],0,1,128,2522,19.703125,2555631878,"[""--max-opt=0"",""--no-lazy""]","[""/home/mzyx/three_engine_20261004/v8-linux64-rel-15.6.21/d8"",""--snapshot_blob=/home/mzyx/three_engine_20261004/v8-linux64-rel-15.6.21/snapshot_blob.bin"",""--max-opt=0"",""--no-lazy"",""/mnt/c/Users/mzyx/Desktop/0921/js-interpreter-bench/experiments/three_engine_baseline/adapters/v8.js"",""/mnt/c/Users/mzyx/Desktop/0921/js-interpreter-bench/experiments/sunspider_three_engine/generated/MAIN/3d-cube.N128.main.js""]",83b744a5953d2662ea723564d4035a333782a0cc85232d1025929a925150b133,/mnt/c/Users/mzyx/Desktop/0921/js-interpreter-bench/experiments/sunspider_three_engine/generated/MAIN/3d-cube.N128.main.js,99de871ab936356509ab0ad2c16269cf9e78a7a645ea61b8ef301355b61623cc,320,"TEB_RESULT:{""benchmark"":""SunSpider"",""case"":""3d-cube"",""mode"":""main"",""N"":128,""checksum"":""320"",""correctness"":""PASS"",""timer"":""Date.now"",""elapsed_ms"":2522,""elapsed_per_call_ms"":19.703125,""warmup_calls"":0}
",,0,True,PASS,,2026-10-04T15:25:32.453960+00:00,0,False,300
wsl2-ubuntu2404-x64-20261004,MAIN,calibration,3d-cube,jsc,0,3,0,[],0,1,16,167,10.4375,189584492,"[""--useJIT=false"",""--useLLInt=true"",""--validateOptions=true""]","[""/home/mzyx/jsc_build_fd3406f/JSCOnly/Release/bin/jsc"",""--useJIT=false"",""--useLLInt=true"",""--validateOptions=true"",""/mnt/c/Users/mzyx/Desktop/0921/js-interpreter-bench/experiments/three_engine_baseline/adapters/jsc.js"",""/mnt/c/Users/mzyx/Desktop/0921/js-interpreter-bench/experiments/sunspider_three_engine/generated/MAIN/3d-cube.N16.main.js""]",65c824a055405bf62b05e21d54515a72a1f0187a4d91225d00a6da969d35879f,/mnt/c/Users/mzyx/Desktop/0921/js-interpreter-bench/experiments/sunspider_three_engine/generated/MAIN/3d-cube.N16.main.js,9be170c4f09b3495f5342594d070bc61ecb198bdfadb90cae34705dc8b4d68eb,320,"TEB_RESULT:{""benchmark"":""SunSpider"",""case"":""3d-cube"",""mode"":""main"",""N"":16,""checksum"":""320"",""correctness"":""PASS"",""timer"":""Date.now"",""elapsed_ms"":167,""elapsed_per_call_ms"":10.4375,""warmup_calls"":0}
",,0,True,PASS,,2026-10-04T15:25:23.559753+00:00,0,False,300
wsl2-ubuntu2404-x64-20261004,MAIN,calibration,3d-cube,quickjs,0,1,0,[],0,1,16,358,22.375,367777570,[],"[""/home/mzyx/three_engine_20261004/quickjs-04be246001599f5995fa2f2d8c91a0f198d3f34c/qjs"",""-I"",""/mnt/c/Users/mzyx/Desktop/0921/js-interpreter-bench/experiments/three_engine_baseline/adapters/quickjs.js"",""/mnt/c/Users/mzyx/Desktop/0921/js-interpreter-bench/experiments/sunspider_three_engine/generated/MAIN/3d-cube.N16.main.js""]",140d5233b0337d91cb0f994ae4a051e49aa04da8802acfaedf0a01b81a620b79,/mnt/c/Users/mzyx/Desktop/0921/js-interpreter-bench/experiments/sunspider_three_engine/generated/MAIN/3d-cube.N16.main.js,9be170c4f09b3495f5342594d070bc61ecb198bdfadb90cae34705dc8b4d68eb,320,"TEB_RESULT:{""benchmark"":""SunSpider"",""case"":""3d-cube"",""mode"":""main"",""N"":16,""checksum"":""320"",""correctness"":""PASS"",""timer"":""Date.now"",""elapsed_ms"":358,""elapsed_per_call_ms"":22.375,""warmup_calls"":0}
",,0,True,PASS,,2026-10-04T15:25:22.675487+00:00,0,False,300
wsl2-ubuntu2404-x64-20261004,MAIN,calibration,3d-cube,v8,0,2,0,[],0,1,16,346,21.625,380567948,"[""--max-opt=0"",""--no-lazy""]","[""/home/mzyx/three_engine_20261004/v8-linux64-rel-15.6.21/d8"",""--snapshot_blob=/home/mzyx/three_engine_20261004/v8-linux64-rel-15.6.21/snapshot_blob.bin"",""--max-opt=0"",""--no-lazy"",""/mnt/c/Users/mzyx/Desktop/0921/js-interpreter-bench/experiments/three_engine_baseline/adapters/v8.js"",""/mnt/c/Users/mzyx/Desktop/0921/js-interpreter-bench/experiments/sunspider_three_engine/generated/MAIN/3d-cube.N16.main.js""]",83b744a5953d2662ea723564d4035a333782a0cc85232d1025929a925150b133,/mnt/c/Users/mzyx/Desktop/0921/js-interpreter-bench/experiments/sunspider_three_engine/generated/MAIN/3d-cube.N16.main.js,9be170c4f09b3495f5342594d070bc61ecb198bdfadb90cae34705dc8b4d68eb,320,"TEB_RESULT:{""benchmark"":""SunSpider"",""case"":""3d-cube"",""mode"":""main"",""N"":16,""checksum"":""320"",""correctness"":""PASS"",""timer"":""Date.now"",""elapsed_ms"":346,""elapsed_per_call_ms"":21.625,""warmup_calls"":0}
",,0,True,PASS,,2026-10-04T15:25:23.115534+00:00,0,False,300
wsl2-ubuntu2404-x64-20261004,MAIN,calibration,3d-cube,jsc,0,3,0,[],0,1,2,23,11.5,42848142,"[""--useJIT=false"",""--useLLInt=true"",""--validateOptions=true""]","[""/home/mzyx/jsc_build_fd3406f/JSCOnly/Release/bin/jsc"",""--useJIT=false"",""--useLLInt=true"",""--validateOptions=true"",""/mnt/c/Users/mzyx/Desktop/0921/js-interpreter-bench/experiments/three_engine_baseline/adapters/jsc.js"",""/mnt/c/Users/mzyx/Desktop/0921/js-interpreter-bench/experiments/sunspider_three_engine/generated/MAIN/3d-cube.N2.main.js""]",65c824a055405bf62b05e21d54515a72a1f0187a4d91225d00a6da969d35879f,/mnt/c/Users/mzyx/Desktop/0921/js-interpreter-bench/experiments/sunspider_three_engine/generated/MAIN/3d-cube.N2.main.js,2a23eb3002c82a73d625d95afac0f29b6300e2c097802febc93498b489a35bb1,320,"TEB_RESULT:{""benchmark"":""SunSpider"",""case"":""3d-cube"",""mode"":""main"",""N"":2,""checksum"":""320"",""correctness"":""PASS"",""timer"":""Date.now"",""elapsed_ms"":23,""elapsed_per_call_ms"":11.5,""warmup_calls"":0}
",,0,True,PASS,,2026-10-04T15:25:21.324792+00:00,0,False,300
wsl2-ubuntu2404-x64-20261004,MAIN,calibration,3d-cube,quickjs,0,1,0,[],0,1,2,49,24.5,57938108,[],"[""/home/mzyx/three_engine_20261004/quickjs-04be246001599f5995fa2f2d8c91a0f198d3f34c/qjs"",""-I"",""/mnt/c/Users/mzyx/Desktop/0921/js-interpreter-bench/experiments/three_engine_baseline/adapters/quickjs.js"",""/mnt/c/Users/mzyx/Desktop/0921/js-interpreter-bench/experiments/sunspider_three_engine/generated/MAIN/3d-cube.N2.main.js""]",140d5233b0337d91cb0f994ae4a051e49aa04da8802acfaedf0a01b81a620b79,/mnt/c/Users/mzyx/Desktop/0921/js-interpreter-bench/experiments/sunspider_three_engine/generated/MAIN/3d-cube.N2.main.js,2a23eb3002c82a73d625d95afac0f29b6300e2c097802febc93498b489a35bb1,320,"TEB_RESULT:{""benchmark"":""SunSpider"",""case"":""3d-cube"",""mode"":""main"",""N"":2,""checksum"":""320"",""correctness"":""PASS"",""timer"":""Date.now"",""elapsed_ms"":49,""elapsed_per_call_ms"":24.5,""warmup_calls"":0}
",,0,True,PASS,,2026-10-04T15:25:21.058599+00:00,0,False,300
wsl2-ubuntu2404-x64-20261004,MAIN,calibration,3d-cube,v8,0,2,0,[],0,1,2,49,24.5,78753944,"[""--max-opt=0"",""--no-lazy""]","[""/home/mzyx/three_engine_20261004/v8-linux64-rel-15.6.21/d8"",""--snapshot_blob=/home/mzyx/three_engine_20261004/v8-linux64-rel-15.6.21/snapshot_blob.bin"",""--max-opt=0"",""--no-lazy"",""/mnt/c/Users/mzyx/Desktop/0921/js-interpreter-bench/experiments/three_engine_baseline/adapters/v8.js"",""/mnt/c/Users/mzyx/Desktop/0921/js-interpreter-bench/experiments/sunspider_three_engine/generated/MAIN/3d-cube.N2.main.js""]",83b744a5953d2662ea723564d4035a333782a0cc85232d1025929a925150b133,/mnt/c/Users/mzyx/Desktop/0921/js-interpreter-bench/experiments/sunspider_three_engine/generated/MAIN/3d-cube.N2.main.js,2a23eb3002c82a73d625d95afac0f29b6300e2c097802febc93498b489a35bb1,320,"TEB_RESULT:{""benchmark"":""SunSpider"",""case"":""3d-cube"",""mode"":""main"",""N"":2,""checksum"":""320"",""correctness"":""PASS"",""timer"":""Date.now"",""elapsed_ms"":49,""elapsed_per_call_ms"":24.5,""warmup_calls"":0}
",,0,True,PASS,,2026-10-04T15:25:21.182655+00:00,0,False,300
wsl2-ubuntu2404-x64-20261004,MAIN,calibration,3d-cube,jsc,0,3,0,[],0,1,32,343,10.71875,367098810,"[""--useJIT=false"",""--useLLInt=true"",""--validateOptions=true""]","[""/home/mzyx/jsc_build_fd3406f/JSCOnly/Release/bin/jsc"",""--useJIT=false"",""--useLLInt=true"",""--validateOptions=true"",""/mnt/c/Users/mzyx/Desktop/0921/js-interpreter-bench/experiments/three_engine_baseline/adapters/jsc.js"",""/mnt/c/Users/mzyx/Desktop/0921/js-interpreter-bench/experiments/sunspider_three_engine/generated/MAIN/3d-cube.N32.main.js""]",65c824a055405bf62b05e21d54515a72a1f0187a4d91225d00a6da969d35879f,/mnt/c/Users/mzyx/Desktop/0921/js-interpreter-bench/experiments/sunspider_three_engine/generated/MAIN/3d-cube.N32.main.js,e917bd42bea5a985c67267a04c4893f4e4ef48592a0c3a6b79e25368dac27712,320,"TEB_RESULT:{""benchmark"":""SunSpider"",""case"":""3d-cube"",""mode"":""main"",""N"":32,""checksum"":""320"",""correctness"":""PASS"",""timer"":""Date.now"",""elapsed_ms"":343,""elapsed_per_call_ms"":10.71875,""warmup_calls"":0}
",,0,True,PASS,,2026-10-04T15:25:25.383155+00:00,0,False,300
wsl2-ubuntu2404-x64-20261004,MAIN,calibration,3d-cube,quickjs,0,1,0,[],0,1,32,713,22.28125,722847222,[],"[""/home/mzyx/three_engine_20261004/quickjs-04be246001599f5995fa2f2d8c91a0f198d3f34c/qjs"",""-I"",""/mnt/c/Users/mzyx/Desktop/0921/js-interpreter-bench/experiments/three_engine_baseline/adapters/quickjs.js"",""/mnt/c/Users/mzyx/Desktop/0921/js-interpreter-bench/experiments/sunspider_three_engine/generated/MAIN/3d-cube.N32.main.js""]",140d5233b0337d91cb0f994ae4a051e49aa04da8802acfaedf0a01b81a620b79,/mnt/c/Users/mzyx/Desktop/0921/js-interpreter-bench/experiments/sunspider_three_engine/generated/MAIN/3d-cube.N32.main.js,e917bd42bea5a985c67267a04c4893f4e4ef48592a0c3a6b79e25368dac27712,320,"TEB_RESULT:{""benchmark"":""SunSpider"",""case"":""3d-cube"",""mode"":""main"",""N"":32,""checksum"":""320"",""correctness"":""PASS"",""timer"":""Date.now"",""elapsed_ms"":713,""elapsed_per_call_ms"":22.28125,""warmup_calls"":0}
",,0,True,PASS,,2026-10-04T15:25:23.831352+00:00,0,False,300
wsl2-ubuntu2404-x64-20261004,MAIN,calibration,3d-cube,v8,0,2,0,[],0,1,32,662,20.6875,693676885,"[""--max-opt=0"",""--no-lazy""]","[""/home/mzyx/three_engine_20261004/v8-linux64-rel-15.6.21/d8"",""--snapshot_blob=/home/mzyx/three_engine_20261004/v8-linux64-rel-15.6.21/snapshot_blob.bin"",""--max-opt=0"",""--no-lazy"",""/mnt/c/Users/mzyx/Desktop/0921/js-interpreter-bench/experiments/three_engine_baseline/adapters/v8.js"",""/mnt/c/Users/mzyx/Desktop/0921/js-interpreter-bench/experiments/sunspider_three_engine/generated/MAIN/3d-cube.N32.main.js""]",83b744a5953d2662ea723564d4035a333782a0cc85232d1025929a925150b133,/mnt/c/Users/mzyx/Desktop/0921/js-interpreter-bench/experiments/sunspider_three_engine/generated/MAIN/3d-cube.N32.main.js,e917bd42bea5a985c67267a04c4893f4e4ef48592a0c3a6b79e25368dac27712,320,"TEB_RESULT:{""benchmark"":""SunSpider"",""case"":""3d-cube"",""mode"":""main"",""N"":32,""checksum"":""320"",""correctness"":""PASS"",""timer"":""Date.now"",""elapsed_ms"":662,""elapsed_per_call_ms"":20.6875,""warmup_calls"":0}
",,0,True,PASS,,2026-10-04T15:25:24.620132+00:00,0,False,300
wsl2-ubuntu2404-x64-20261004,MAIN,calibration,3d-cube,jsc,0,3,0,[],0,1,4,42,10.5,63826493,"[""--useJIT=false"",""--useLLInt=true"",""--validateOptions=true""]","[""/home/mzyx/jsc_build_fd3406f/JSCOnly/Release/bin/jsc"",""--useJIT=false"",""--useLLInt=true"",""--validateOptions=true"",""/mnt/c/Users/mzyx/Desktop/0921/js-interpreter-bench/experiments/three_engine_baseline/adapters/jsc.js"",""/mnt/c/Users/mzyx/Desktop/0921/js-interpreter-bench/experiments/sunspider_three_engine/generated/MAIN/3d-cube.N4.main.js""]",65c824a055405bf62b05e21d54515a72a1f0187a4d91225d00a6da969d35879f,/mnt/c/Users/mzyx/Desktop/0921/js-interpreter-bench/experiments/sunspider_three_engine/generated/MAIN/3d-cube.N4.main.js,d4b6977ca723dddb9a379ceb096498181a56e83d0048dfef8b55bf2fe8fcc92e,320,"TEB_RESULT:{""benchmark"":""SunSpider"",""case"":""3d-cube"",""mode"":""main"",""N"":4,""checksum"":""320"",""correctness"":""PASS"",""timer"":""Date.now"",""elapsed_ms"":42,""elapsed_per_call_ms"":10.5,""warmup_calls"":0}
",,0,True,PASS,,2026-10-04T15:25:21.800521+00:00,0,False,300
wsl2-ubuntu2404-x64-20261004,MAIN,calibration,3d-cube,quickjs,0,1,0,[],0,1,4,91,22.75,100237090,[],"[""/home/mzyx/three_engine_20261004/quickjs-04be246001599f5995fa2f2d8c91a0f198d3f34c/qjs"",""-I"",""/mnt/c/Users/mzyx/Desktop/0921/js-interpreter-bench/experiments/three_engine_baseline/adapters/quickjs.js"",""/mnt/c/Users/mzyx/Desktop/0921/js-interpreter-bench/experiments/sunspider_three_engine/generated/MAIN/3d-cube.N4.main.js""]",140d5233b0337d91cb0f994ae4a051e49aa04da8802acfaedf0a01b81a620b79,/mnt/c/Users/mzyx/Desktop/0921/js-interpreter-bench/experiments/sunspider_three_engine/generated/MAIN/3d-cube.N4.main.js,d4b6977ca723dddb9a379ceb096498181a56e83d0048dfef8b55bf2fe8fcc92e,320,"TEB_RESULT:{""benchmark"":""SunSpider"",""case"":""3d-cube"",""mode"":""main"",""N"":4,""checksum"":""320"",""correctness"":""PASS"",""timer"":""Date.now"",""elapsed_ms"":91,""elapsed_per_call_ms"":22.75,""warmup_calls"":0}
",,0,True,PASS,,2026-10-04T15:25:21.448475+00:00,0,False,300
wsl2-ubuntu2404-x64-20261004,MAIN,calibration,3d-cube,v8,0,2,0,[],0,1,4,87,21.75,119154152,"[""--max-opt=0"",""--no-lazy""]","[""/home/mzyx/three_engine_20261004/v8-linux64-rel-15.6.21/d8"",""--snapshot_blob=/home/mzyx/three_engine_20261004/v8-linux64-rel-15.6.21/snapshot_blob.bin"",""--max-opt=0"",""--no-lazy"",""/mnt/c/Users/mzyx/Desktop/0921/js-interpreter-bench/experiments/three_engine_baseline/adapters/v8.js"",""/mnt/c/Users/mzyx/Desktop/0921/js-interpreter-bench/experiments/sunspider_three_engine/generated/MAIN/3d-cube.N4.main.js""]",83b744a5953d2662ea723564d4035a333782a0cc85232d1025929a925150b133,/mnt/c/Users/mzyx/Desktop/0921/js-interpreter-bench/experiments/sunspider_three_engine/generated/MAIN/3d-cube.N4.main.js,d4b6977ca723dddb9a379ceb096498181a56e83d0048dfef8b55bf2fe8fcc92e,320,"TEB_RESULT:{""benchmark"":""SunSpider"",""case"":""3d-cube"",""mode"":""main"",""N"":4,""checksum"":""320"",""correctness"":""PASS"",""timer"":""Date.now"",""elapsed_ms"":87,""elapsed_per_call_ms"":21.75,""warmup_calls"":0}
",,0,True,PASS,,2026-10-04T15:25:21.614388+00:00,0,False,300
wsl2-ubuntu2404-x64-20261004,MAIN,calibration,3d-cube,jsc,0,3,0,[],0,1,64,667,10.421875,691534139,"[""--useJIT=false"",""--useLLInt=true"",""--validateOptions=true""]","[""/home/mzyx/jsc_build_fd3406f/JSCOnly/Release/bin/jsc"",""--useJIT=false"",""--useLLInt=true"",""--validateOptions=true"",""/mnt/c/Users/mzyx/Desktop/0921/js-interpreter-bench/experiments/three_engine_baseline/adapters/jsc.js"",""/mnt/c/Users/mzyx/Desktop/0921/js-interpreter-bench/experiments/sunspider_three_engine/generated/MAIN/3d-cube.N64.main.js""]",65c824a055405bf62b05e21d54515a72a1f0187a4d91225d00a6da969d35879f,/mnt/c/Users/mzyx/Desktop/0921/js-interpreter-bench/experiments/sunspider_three_engine/generated/MAIN/3d-cube.N64.main.js,f8c19ae5a510ee6105f3cdbd44d4d6f9f03d53dc874af5f70a384c3a8a19756b,320,"TEB_RESULT:{""benchmark"":""SunSpider"",""case"":""3d-cube"",""mode"":""main"",""N"":64,""checksum"":""320"",""correctness"":""PASS"",""timer"":""Date.now"",""elapsed_ms"":667,""elapsed_per_call_ms"":10.421875,""warmup_calls"":0}
",,0,True,PASS,,2026-10-04T15:25:28.746046+00:00,0,False,300
wsl2-ubuntu2404-x64-20261004,MAIN,calibration,3d-cube,quickjs,0,1,0,[],0,1,64,1438,22.46875,1448517390,[],"[""/home/mzyx/three_engine_20261004/quickjs-04be246001599f5995fa2f2d8c91a0f198d3f34c/qjs"",""-I"",""/mnt/c/Users/mzyx/Desktop/0921/js-interpreter-bench/experiments/three_engine_baseline/adapters/quickjs.js"",""/mnt/c/Users/mzyx/Desktop/0921/js-interpreter-bench/experiments/sunspider_three_engine/generated/MAIN/3d-cube.N64.main.js""]",140d5233b0337d91cb0f994ae4a051e49aa04da8802acfaedf0a01b81a620b79,/mnt/c/Users/mzyx/Desktop/0921/js-interpreter-bench/experiments/sunspider_three_engine/generated/MAIN/3d-cube.N64.main.js,f8c19ae5a510ee6105f3cdbd44d4d6f9f03d53dc874af5f70a384c3a8a19756b,320,"TEB_RESULT:{""benchmark"":""SunSpider"",""case"":""3d-cube"",""mode"":""main"",""N"":64,""checksum"":""320"",""correctness"":""PASS"",""timer"":""Date.now"",""elapsed_ms"":1438,""elapsed_per_call_ms"":22.46875,""warmup_calls"":0}
",,0,True,PASS,,2026-10-04T15:25:25.842690+00:00,0,False,300
wsl2-ubuntu2404-x64-20261004,MAIN,calibration,3d-cube,v8,0,2,0,[],0,1,64,1284,20.0625,1324118536,"[""--max-opt=0"",""--no-lazy""]","[""/home/mzyx/three_engine_20261004/v8-linux64-rel-15.6.21/d8"",""--snapshot_blob=/home/mzyx/three_engine_20261004/v8-linux64-rel-15.6.21/snapshot_blob.bin"",""--max-opt=0"",""--no-lazy"",""/mnt/c/Users/mzyx/Desktop/0921/js-interpreter-bench/experiments/three_engine_baseline/adapters/v8.js"",""/mnt/c/Users/mzyx/Desktop/0921/js-interpreter-bench/experiments/sunspider_three_engine/generated/MAIN/3d-cube.N64.main.js""]",83b744a5953d2662ea723564d4035a333782a0cc85232d1025929a925150b133,/mnt/c/Users/mzyx/Desktop/0921/js-interpreter-bench/experiments/sunspider_three_engine/generated/MAIN/3d-cube.N64.main.js,f8c19ae5a510ee6105f3cdbd44d4d6f9f03d53dc874af5f70a384c3a8a19756b,320,"TEB_RESULT:{""benchmark"":""SunSpider"",""case"":""3d-cube"",""mode"":""main"",""N"":64,""checksum"":""320"",""correctness"":""PASS"",""timer"":""Date.now"",""elapsed_ms"":1284,""elapsed_per_call_ms"":20.0625,""warmup_calls"":0}
",,0,True,PASS,,2026-10-04T15:25:27.357564+00:00,0,False,300
wsl2-ubuntu2404-x64-20261004,MAIN,calibration,3d-cube,jsc,0,3,0,[],0,1,8,87,10.875,108017215,"[""--useJIT=false"",""--useLLInt=true"",""--validateOptions=true""]","[""/home/mzyx/jsc_build_fd3406f/JSCOnly/Release/bin/jsc"",""--useJIT=false"",""--useLLInt=true"",""--validateOptions=true"",""/mnt/c/Users/mzyx/Desktop/0921/js-interpreter-bench/experiments/three_engine_baseline/adapters/jsc.js"",""/mnt/c/Users/mzyx/Desktop/0921/js-interpreter-bench/experiments/sunspider_three_engine/generated/MAIN/3d-cube.N8.main.js""]",65c824a055405bf62b05e21d54515a72a1f0187a4d91225d00a6da969d35879f,/mnt/c/Users/mzyx/Desktop/0921/js-interpreter-bench/experiments/sunspider_three_engine/generated/MAIN/3d-cube.N8.main.js,d89e73d3f519e68e2c8759b23df6d74208a4d4b88955f91d913a7b7f0e4ce134,320,"TEB_RESULT:{""benchmark"":""SunSpider"",""case"":""3d-cube"",""mode"":""main"",""N"":8,""checksum"":""320"",""correctness"":""PASS"",""timer"":""Date.now"",""elapsed_ms"":87,""elapsed_per_call_ms"":10.875,""warmup_calls"":0}
",,0,True,PASS,,2026-10-04T15:25:22.489343+00:00,0,False,300
wsl2-ubuntu2404-x64-20261004,MAIN,calibration,3d-cube,quickjs,0,1,0,[],0,1,8,188,23.5,197624117,[],"[""/home/mzyx/three_engine_20261004/quickjs-04be246001599f5995fa2f2d8c91a0f198d3f34c/qjs"",""-I"",""/mnt/c/Users/mzyx/Desktop/0921/js-interpreter-bench/experiments/three_engine_baseline/adapters/quickjs.js"",""/mnt/c/Users/mzyx/Desktop/0921/js-interpreter-bench/experiments/sunspider_three_engine/generated/MAIN/3d-cube.N8.main.js""]",140d5233b0337d91cb0f994ae4a051e49aa04da8802acfaedf0a01b81a620b79,/mnt/c/Users/mzyx/Desktop/0921/js-interpreter-bench/experiments/sunspider_three_engine/generated/MAIN/3d-cube.N8.main.js,d89e73d3f519e68e2c8759b23df6d74208a4d4b88955f91d913a7b7f0e4ce134,320,"TEB_RESULT:{""benchmark"":""SunSpider"",""case"":""3d-cube"",""mode"":""main"",""N"":8,""checksum"":""320"",""correctness"":""PASS"",""timer"":""Date.now"",""elapsed_ms"":188,""elapsed_per_call_ms"":23.5,""warmup_calls"":0}
",,0,True,PASS,,2026-10-04T15:25:21.949451+00:00,0,False,300
wsl2-ubuntu2404-x64-20261004,MAIN,calibration,3d-cube,v8,0,2,0,[],0,1,8,172,21.5,200616035,"[""--max-opt=0"",""--no-lazy""]","[""/home/mzyx/three_engine_20261004/v8-linux64-rel-15.6.21/d8"",""--snapshot_blob=/home/mzyx/three_engine_20261004/v8-linux64-rel-15.6.21/snapshot_blob.bin"",""--max-opt=0"",""--no-lazy"",""/mnt/c/Users/mzyx/Desktop/0921/js-interpreter-bench/experiments/three_engine_baseline/adapters/v8.js"",""/mnt/c/Users/mzyx/Desktop/0921/js-interpreter-bench/experiments/sunspider_three_engine/generated/MAIN/3d-cube.N8.main.js""]",83b744a5953d2662ea723564d4035a333782a0cc85232d1025929a925150b133,/mnt/c/Users/mzyx/Desktop/0921/js-interpreter-bench/experiments/sunspider_three_engine/generated/MAIN/3d-cube.N8.main.js,d89e73d3f519e68e2c8759b23df6d74208a4d4b88955f91d913a7b7f0e4ce134,320,"TEB_RESULT:{""benchmark"":""SunSpider"",""case"":""3d-cube"",""mode"":""main"",""N"":8,""checksum"":""320"",""correctness"":""PASS"",""timer"":""Date.now"",""elapsed_ms"":172,""elapsed_per_call_ms"":21.5,""warmup_calls"":0}
",,0,True,PASS,,2026-10-04T15:25:22.214153+00:00,0,False,300
wsl2-ubuntu2404-x64-20261004,MAIN,calibration,3d-morph,jsc,0,3,0,[],0,1,1,14,14,34079263,"[""--useJIT=false"",""--useLLInt=true"",""--validateOptions=true""]","[""/home/mzyx/jsc_build_fd3406f/JSCOnly/Release/bin/jsc"",""--useJIT=false"",""--useLLInt=true"",""--validateOptions=true"",""/mnt/c/Users/mzyx/Desktop/0921/js-interpreter-bench/experiments/three_engine_baseline/adapters/jsc.js"",""/mnt/c/Users/mzyx/Desktop/0921/js-interpreter-bench/experiments/sunspider_three_engine/generated/MAIN/3d-morph.N1.main.js""]",65c824a055405bf62b05e21d54515a72a1f0187a4d91225d00a6da969d35879f,/mnt/c/Users/mzyx/Desktop/0921/js-interpreter-bench/experiments/sunspider_three_engine/generated/MAIN/3d-morph.N1.main.js,26956bab4b6bdfae903e181c5e7ba914fc6fac0ae30ea6a2be5855ec49bed443,0,"TEB_RESULT:{""benchmark"":""SunSpider"",""case"":""3d-morph"",""mode"":""main"",""N"":1,""checksum"":""0"",""correctness"":""PASS"",""timer"":""Date.now"",""elapsed_ms"":14,""elapsed_per_call_ms"":14,""warmup_calls"":0}
",,0,True,PASS,,2026-10-04T15:25:36.774015+00:00,0,False,300
wsl2-ubuntu2404-x64-20261004,MAIN,calibration,3d-morph,quickjs,0,1,0,[],0,1,1,15,15,23515473,[],"[""/home/mzyx/three_engine_20261004/quickjs-04be246001599f5995fa2f2d8c91a0f198d3f34c/qjs"",""-I"",""/mnt/c/Users/mzyx/Desktop/0921/js-interpreter-bench/experiments/three_engine_baseline/adapters/quickjs.js"",""/mnt/c/Users/mzyx/Desktop/0921/js-interpreter-bench/experiments/sunspider_three_engine/generated/MAIN/3d-morph.N1.main.js""]",140d5233b0337d91cb0f994ae4a051e49aa04da8802acfaedf0a01b81a620b79,/mnt/c/Users/mzyx/Desktop/0921/js-interpreter-bench/experiments/sunspider_three_engine/generated/MAIN/3d-morph.N1.main.js,26956bab4b6bdfae903e181c5e7ba914fc6fac0ae30ea6a2be5855ec49bed443,0,"TEB_RESULT:{""benchmark"":""SunSpider"",""case"":""3d-morph"",""mode"":""main"",""N"":1,""checksum"":""0"",""correctness"":""PASS"",""timer"":""Date.now"",""elapsed_ms"":15,""elapsed_per_call_ms"":15,""warmup_calls"":0}
",,0,True,PASS,,2026-10-04T15:25:36.558161+00:00,0,False,300
wsl2-ubuntu2404-x64-20261004,MAIN,calibration,3d-morph,v8,0,2,0,[],0,1,1,21,21,53181254,"[""--max-opt=0"",""--no-lazy""]","[""/home/mzyx/three_engine_20261004/v8-linux64-rel-15.6.21/d8"",""--snapshot_blob=/home/mzyx/three_engine_20261004/v8-linux64-rel-15.6.21/snapshot_blob.bin"",""--max-opt=0"",""--no-lazy"",""/mnt/c/Users/mzyx/Desktop/0921/js-interpreter-bench/experiments/three_engine_baseline/adapters/v8.js"",""/mnt/c/Users/mzyx/Desktop/0921/js-interpreter-bench/experiments/sunspider_three_engine/generated/MAIN/3d-morph.N1.main.js""]",83b744a5953d2662ea723564d4035a333782a0cc85232d1025929a925150b133,/mnt/c/Users/mzyx/Desktop/0921/js-interpreter-bench/experiments/sunspider_three_engine/generated/MAIN/3d-morph.N1.main.js,26956bab4b6bdfae903e181c5e7ba914fc6fac0ae30ea6a2be5855ec49bed443,0,"TEB_RESULT:{""benchmark"":""SunSpider"",""case"":""3d-morph"",""mode"":""main"",""N"":1,""checksum"":""0"",""correctness"":""PASS"",""timer"":""Date.now"",""elapsed_ms"":21,""elapsed_per_call_ms"":21,""warmup_calls"":0}
",,0,True,PASS,,2026-10-04T15:25:36.646370+00:00,0,False,300
wsl2-ubuntu2404-x64-20261004,MAIN,calibration,3d-morph,jsc,0,3,0,[],0,1,128,1847,14.4296875,1866363942,"[""--useJIT=false"",""--useLLInt=true"",""--validateOptions=true""]","[""/home/mzyx/jsc_build_fd3406f/JSCOnly/Release/bin/jsc"",""--useJIT=false"",""--useLLInt=true"",""--validateOptions=true"",""/mnt/c/Users/mzyx/Desktop/0921/js-interpreter-bench/experiments/three_engine_baseline/adapters/jsc.js"",""/mnt/c/Users/mzyx/Desktop/0921/js-interpreter-bench/experiments/sunspider_three_engine/generated/MAIN/3d-morph.N128.main.js""]",65c824a055405bf62b05e21d54515a72a1f0187a4d91225d00a6da969d35879f,/mnt/c/Users/mzyx/Desktop/0921/js-interpreter-bench/experiments/sunspider_three_engine/generated/MAIN/3d-morph.N128.main.js,c4d1e14da4465629ad2306db0e2599d5313a367e613d91048524e8f73a191227,0,"TEB_RESULT:{""benchmark"":""SunSpider"",""case"":""3d-morph"",""mode"":""main"",""N"":128,""checksum"":""0"",""correctness"":""PASS"",""timer"":""Date.now"",""elapsed_ms"":1847,""elapsed_per_call_ms"":14.4296875,""warmup_calls"":0}
",,0,True,PASS,,2026-10-04T15:28:04.139628+00:00,0,False,300
wsl2-ubuntu2404-x64-20261004,MAIN,calibration,3d-morph,quickjs,0,1,0,[],0,1,128,1686,13.171875,1694687786,[],"[""/home/mzyx/three_engine_20261004/quickjs-04be246001599f5995fa2f2d8c91a0f198d3f34c/qjs"",""-I"",""/mnt/c/Users/mzyx/Desktop/0921/js-interpreter-bench/experiments/three_engine_baseline/adapters/quickjs.js"",""/mnt/c/Users/mzyx/Desktop/0921/js-interpreter-bench/experiments/sunspider_three_engine/generated/MAIN/3d-morph.N128.main.js""]",140d5233b0337d91cb0f994ae4a051e49aa04da8802acfaedf0a01b81a620b79,/mnt/c/Users/mzyx/Desktop/0921/js-interpreter-bench/experiments/sunspider_three_engine/generated/MAIN/3d-morph.N128.main.js,c4d1e14da4465629ad2306db0e2599d5313a367e613d91048524e8f73a191227,0,"TEB_RESULT:{""benchmark"":""SunSpider"",""case"":""3d-morph"",""mode"":""main"",""N"":128,""checksum"":""0"",""correctness"":""PASS"",""timer"":""Date.now"",""elapsed_ms"":1686,""elapsed_per_call_ms"":13.171875,""warmup_calls"":0}
",,0,True,PASS,,2026-10-04T15:28:00.003661+00:00,0,False,300
wsl2-ubuntu2404-x64-20261004,MAIN,calibration,3d-morph,v8,0,2,0,[],0,1,128,2275,17.7734375,2308960726,"[""--max-opt=0"",""--no-lazy""]","[""/home/mzyx/three_engine_20261004/v8-linux64-rel-15.6.21/d8"",""--snapshot_blob=/home/mzyx/three_engine_20261004/v8-linux64-rel-15.6.21/snapshot_blob.bin"",""--max-opt=0"",""--no-lazy"",""/mnt/c/Users/mzyx/Desktop/0921/js-interpreter-bench/experiments/three_engine_baseline/adapters/v8.js"",""/mnt/c/Users/mzyx/Desktop/0921/js-interpreter-bench/experiments/sunspider_three_engine/generated/MAIN/3d-morph.N128.main.js""]",83b744a5953d2662ea723564d4035a333782a0cc85232d1025929a925150b133,/mnt/c/Users/mzyx/Desktop/0921/js-interpreter-bench/experiments/sunspider_three_engine/generated/MAIN/3d-morph.N128.main.js,c4d1e14da4465629ad2306db0e2599d5313a367e613d91048524e8f73a191227,0,"TEB_RESULT:{""benchmark"":""SunSpider"",""case"":""3d-morph"",""mode"":""main"",""N"":128,""checksum"":""0"",""correctness"":""PASS"",""timer"":""Date.now"",""elapsed_ms"":2275,""elapsed_per_call_ms"":17.7734375,""warmup_calls"":0}
",,0,True,PASS,,2026-10-04T15:28:01.765398+00:00,0,False,300
wsl2-ubuntu2404-x64-20261004,MAIN,calibration,3d-morph,jsc,0,3,0,[],0,1,16,,,243347165,"[""--useJIT=false"",""--useLLInt=true"",""--validateOptions=true""]","[""/home/mzyx/jsc_build_fd3406f/JSCOnly/Release/bin/jsc"",""--useJIT=false"",""--useLLInt=true"",""--validateOptions=true"",""/mnt/c/Users/mzyx/Desktop/0921/js-interpreter-bench/experiments/three_engine_baseline/adapters/jsc.js"",""/mnt/c/Users/mzyx/Desktop/0921/js-interpreter-bench/experiments/sunspider_three_engine/generated/MAIN/3d-morph.N16.main.js""]",65c824a055405bf62b05e21d54515a72a1f0187a4d91225d00a6da969d35879f,/mnt/c/Users/mzyx/Desktop/0921/js-interpreter-bench/experiments/sunspider_three_engine/generated/MAIN/3d-morph.N16.main.js,f7af19535e39ada49d25c7d0fdbefdfa0dbd331148d8ca5da934fcb5f72611f2,,"Exception: Error: invalid timer interval
@/mnt/c/Users/mzyx/Desktop/0921/js-interpreter-bench/experiments/sunspider_three_engine/generated/MAIN/3d-morph.N16.main.js:91:20
global code@/mnt/c/Users/mzyx/Desktop/0921/js-interpreter-bench/experiments/sunspider_three_engine/generated/MAIN/3d-morph.N16.main.js:99:3
",,3,False,FAIL,exit/stderr gate failed,2026-10-04T15:25:39.081068+00:00,0,False,300
wsl2-ubuntu2404-x64-20261004,MAIN,calibration,3d-morph,jsc,0,3,0,[],0,2,16,198,12.375,223438231,"[""--useJIT=false"",""--useLLInt=true"",""--validateOptions=true""]","[""/home/mzyx/jsc_build_fd3406f/JSCOnly/Release/bin/jsc"",""--useJIT=false"",""--useLLInt=true"",""--validateOptions=true"",""/mnt/c/Users/mzyx/Desktop/0921/js-interpreter-bench/experiments/three_engine_baseline/adapters/jsc.js"",""/mnt/c/Users/mzyx/Desktop/0921/js-interpreter-bench/experiments/sunspider_three_engine/generated/MAIN/3d-morph.N16.main.js""]",65c824a055405bf62b05e21d54515a72a1f0187a4d91225d00a6da969d35879f,/mnt/c/Users/mzyx/Desktop/0921/js-interpreter-bench/experiments/sunspider_three_engine/generated/MAIN/3d-morph.N16.main.js,f7af19535e39ada49d25c7d0fdbefdfa0dbd331148d8ca5da934fcb5f72611f2,0,"TEB_RESULT:{""benchmark"":""SunSpider"",""case"":""3d-morph"",""mode"":""main"",""N"":16,""checksum"":""0"",""correctness"":""PASS"",""timer"":""Date.now"",""elapsed_ms"":198,""elapsed_per_call_ms"":12.375,""warmup_calls"":0}
",,0,True,PASS,,2026-10-04T15:27:54.981735+00:00,0,False,300
wsl2-ubuntu2404-x64-20261004,MAIN,calibration,3d-morph,quickjs,0,1,0,[],0,1,16,231,14.4375,239983502,[],"[""/home/mzyx/three_engine_20261004/quickjs-04be246001599f5995fa2f2d8c91a0f198d3f34c/qjs"",""-I"",""/mnt/c/Users/mzyx/Desktop/0921/js-interpreter-bench/experiments/three_engine_baseline/adapters/quickjs.js"",""/mnt/c/Users/mzyx/Desktop/0921/js-interpreter-bench/experiments/sunspider_three_engine/generated/MAIN/3d-morph.N16.main.js""]",140d5233b0337d91cb0f994ae4a051e49aa04da8802acfaedf0a01b81a620b79,/mnt/c/Users/mzyx/Desktop/0921/js-interpreter-bench/experiments/sunspider_three_engine/generated/MAIN/3d-morph.N16.main.js,f7af19535e39ada49d25c7d0fdbefdfa0dbd331148d8ca5da934fcb5f72611f2,0,"TEB_RESULT:{""benchmark"":""SunSpider"",""case"":""3d-morph"",""mode"":""main"",""N"":16,""checksum"":""0"",""correctness"":""PASS"",""timer"":""Date.now"",""elapsed_ms"":231,""elapsed_per_call_ms"":14.4375,""warmup_calls"":0}
",,0,True,PASS,,2026-10-04T15:25:38.359229+00:00,0,False,300
wsl2-ubuntu2404-x64-20261004,MAIN,calibration,3d-morph,v8,0,2,0,[],0,1,16,310,19.375,341363036,"[""--max-opt=0"",""--no-lazy""]","[""/home/mzyx/three_engine_20261004/v8-linux64-rel-15.6.21/d8"",""--snapshot_blob=/home/mzyx/three_engine_20261004/v8-linux64-rel-15.6.21/snapshot_blob.bin"",""--max-opt=0"",""--no-lazy"",""/mnt/c/Users/mzyx/Desktop/0921/js-interpreter-bench/experiments/three_engine_baseline/adapters/v8.js"",""/mnt/c/Users/mzyx/Desktop/0921/js-interpreter-bench/experiments/sunspider_three_engine/generated/MAIN/3d-morph.N16.main.js""]",83b744a5953d2662ea723564d4035a333782a0cc85232d1025929a925150b133,/mnt/c/Users/mzyx/Desktop/0921/js-interpreter-bench/experiments/sunspider_three_engine/generated/MAIN/3d-morph.N16.main.js,f7af19535e39ada49d25c7d0fdbefdfa0dbd331148d8ca5da934fcb5f72611f2,0,"TEB_RESULT:{""benchmark"":""SunSpider"",""case"":""3d-morph"",""mode"":""main"",""N"":16,""checksum"":""0"",""correctness"":""PASS"",""timer"":""Date.now"",""elapsed_ms"":310,""elapsed_per_call_ms"":19.375,""warmup_calls"":0}
",,0,True,PASS,,2026-10-04T15:25:38.667261+00:00,0,False,300
wsl2-ubuntu2404-x64-20261004,MAIN,calibration,3d-morph,jsc,0,3,0,[],0,1,2,27,13.5,47643317,"[""--useJIT=false"",""--useLLInt=true"",""--validateOptions=true""]","[""/home/mzyx/jsc_build_fd3406f/JSCOnly/Release/bin/jsc"",""--useJIT=false"",""--useLLInt=true"",""--validateOptions=true"",""/mnt/c/Users/mzyx/Desktop/0921/js-interpreter-bench/experiments/three_engine_baseline/adapters/jsc.js"",""/mnt/c/Users/mzyx/Desktop/0921/js-interpreter-bench/experiments/sunspider_three_engine/generated/MAIN/3d-morph.N2.main.js""]",65c824a055405bf62b05e21d54515a72a1f0187a4d91225d00a6da969d35879f,/mnt/c/Users/mzyx/Desktop/0921/js-interpreter-bench/experiments/sunspider_three_engine/generated/MAIN/3d-morph.N2.main.js,74db57948e6a53382469fb790673fbf87038213d6ab4ba9109d8ed76c1869a28,0,"TEB_RESULT:{""benchmark"":""SunSpider"",""case"":""3d-morph"",""mode"":""main"",""N"":2,""checksum"":""0"",""correctness"":""PASS"",""timer"":""Date.now"",""elapsed_ms"":27,""elapsed_per_call_ms"":13.5,""warmup_calls"":0}
",,0,True,PASS,,2026-10-04T15:25:37.120720+00:00,0,False,300
wsl2-ubuntu2404-x64-20261004,MAIN,calibration,3d-morph,quickjs,0,1,0,[],0,1,2,29,14.5,38037157,[],"[""/home/mzyx/three_engine_20261004/quickjs-04be246001599f5995fa2f2d8c91a0f198d3f34c/qjs"",""-I"",""/mnt/c/Users/mzyx/Desktop/0921/js-interpreter-bench/experiments/three_engine_baseline/adapters/quickjs.js"",""/mnt/c/Users/mzyx/Desktop/0921/js-interpreter-bench/experiments/sunspider_three_engine/generated/MAIN/3d-morph.N2.main.js""]",140d5233b0337d91cb0f994ae4a051e49aa04da8802acfaedf0a01b81a620b79,/mnt/c/Users/mzyx/Desktop/0921/js-interpreter-bench/experiments/sunspider_three_engine/generated/MAIN/3d-morph.N2.main.js,74db57948e6a53382469fb790673fbf87038213d6ab4ba9109d8ed76c1869a28,0,"TEB_RESULT:{""benchmark"":""SunSpider"",""case"":""3d-morph"",""mode"":""main"",""N"":2,""checksum"":""0"",""correctness"":""PASS"",""timer"":""Date.now"",""elapsed_ms"":29,""elapsed_per_call_ms"":14.5,""warmup_calls"":0}
",,0,True,PASS,,2026-10-04T15:25:36.887070+00:00,0,False,300
wsl2-ubuntu2404-x64-20261004,MAIN,calibration,3d-morph,v8,0,2,0,[],0,1,2,39,19.5,67837328,"[""--max-opt=0"",""--no-lazy""]","[""/home/mzyx/three_engine_20261004/v8-linux64-rel-15.6.21/d8"",""--snapshot_blob=/home/mzyx/three_engine_20261004/v8-linux64-rel-15.6.21/snapshot_blob.bin"",""--max-opt=0"",""--no-lazy"",""/mnt/c/Users/mzyx/Desktop/0921/js-interpreter-bench/experiments/three_engine_baseline/adapters/v8.js"",""/mnt/c/Users/mzyx/Desktop/0921/js-interpreter-bench/experiments/sunspider_three_engine/generated/MAIN/3d-morph.N2.main.js""]",83b744a5953d2662ea723564d4035a333782a0cc85232d1025929a925150b133,/mnt/c/Users/mzyx/Desktop/0921/js-interpreter-bench/experiments/sunspider_three_engine/generated/MAIN/3d-morph.N2.main.js,74db57948e6a53382469fb790673fbf87038213d6ab4ba9109d8ed76c1869a28,0,"TEB_RESULT:{""benchmark"":""SunSpider"",""case"":""3d-morph"",""mode"":""main"",""N"":2,""checksum"":""0"",""correctness"":""PASS"",""timer"":""Date.now"",""elapsed_ms"":39,""elapsed_per_call_ms"":19.5,""warmup_calls"":0}
",,0,True,PASS,,2026-10-04T15:25:36.988530+00:00,0,False,300
wsl2-ubuntu2404-x64-20261004,MAIN,calibration,3d-morph,jsc,0,3,0,[],0,1,32,397,12.40625,416926938,"[""--useJIT=false"",""--useLLInt=true"",""--validateOptions=true""]","[""/home/mzyx/jsc_build_fd3406f/JSCOnly/Release/bin/jsc"",""--useJIT=false"",""--useLLInt=true"",""--validateOptions=true"",""/mnt/c/Users/mzyx/Desktop/0921/js-interpreter-bench/experiments/three_engine_baseline/adapters/jsc.js"",""/mnt/c/Users/mzyx/Desktop/0921/js-interpreter-bench/experiments/sunspider_three_engine/generated/MAIN/3d-morph.N32.main.js""]",65c824a055405bf62b05e21d54515a72a1f0187a4d91225d00a6da969d35879f,/mnt/c/Users/mzyx/Desktop/0921/js-interpreter-bench/experiments/sunspider_three_engine/generated/MAIN/3d-morph.N32.main.js,5d23b8a6599d2a8a6c9699f57521aa3791e181590bb1e0b7956ba9705027908a,0,"TEB_RESULT:{""benchmark"":""SunSpider"",""case"":""3d-morph"",""mode"":""main"",""N"":32,""checksum"":""0"",""correctness"":""PASS"",""timer"":""Date.now"",""elapsed_ms"":397,""elapsed_per_call_ms"":12.40625,""warmup_calls"":0}
",,0,True,PASS,,2026-10-04T15:27:56.457169+00:00,0,False,300
wsl2-ubuntu2404-x64-20261004,MAIN,calibration,3d-morph,quickjs,0,1,0,[],0,1,32,421,13.15625,429240129,[],"[""/home/mzyx/three_engine_20261004/quickjs-04be246001599f5995fa2f2d8c91a0f198d3f34c/qjs"",""-I"",""/mnt/c/Users/mzyx/Desktop/0921/js-interpreter-bench/experiments/three_engine_baseline/adapters/quickjs.js"",""/mnt/c/Users/mzyx/Desktop/0921/js-interpreter-bench/experiments/sunspider_three_engine/generated/MAIN/3d-morph.N32.main.js""]",140d5233b0337d91cb0f994ae4a051e49aa04da8802acfaedf0a01b81a620b79,/mnt/c/Users/mzyx/Desktop/0921/js-interpreter-bench/experiments/sunspider_three_engine/generated/MAIN/3d-morph.N32.main.js,5d23b8a6599d2a8a6c9699f57521aa3791e181590bb1e0b7956ba9705027908a,0,"TEB_RESULT:{""benchmark"":""SunSpider"",""case"":""3d-morph"",""mode"":""main"",""N"":32,""checksum"":""0"",""correctness"":""PASS"",""timer"":""Date.now"",""elapsed_ms"":421,""elapsed_per_call_ms"":13.15625,""warmup_calls"":0}
",,0,True,PASS,,2026-10-04T15:27:55.284048+00:00,0,False,300
wsl2-ubuntu2404-x64-20261004,MAIN,calibration,3d-morph,v8,0,2,0,[],0,1,32,587,18.34375,618558132,"[""--max-opt=0"",""--no-lazy""]","[""/home/mzyx/three_engine_20261004/v8-linux64-rel-15.6.21/d8"",""--snapshot_blob=/home/mzyx/three_engine_20261004/v8-linux64-rel-15.6.21/snapshot_blob.bin"",""--max-opt=0"",""--no-lazy"",""/mnt/c/Users/mzyx/Desktop/0921/js-interpreter-bench/experiments/three_engine_baseline/adapters/v8.js"",""/mnt/c/Users/mzyx/Desktop/0921/js-interpreter-bench/experiments/sunspider_three_engine/generated/MAIN/3d-morph.N32.main.js""]",83b744a5953d2662ea723564d4035a333782a0cc85232d1025929a925150b133,/mnt/c/Users/mzyx/Desktop/0921/js-interpreter-bench/experiments/sunspider_three_engine/generated/MAIN/3d-morph.N32.main.js,5d23b8a6599d2a8a6c9699f57521aa3791e181590bb1e0b7956ba9705027908a,0,"TEB_RESULT:{""benchmark"":""SunSpider"",""case"":""3d-morph"",""mode"":""main"",""N"":32,""checksum"":""0"",""correctness"":""PASS"",""timer"":""Date.now"",""elapsed_ms"":587,""elapsed_per_call_ms"":18.34375,""warmup_calls"":0}
",,0,True,PASS,,2026-10-04T15:27:55.776159+00:00,0,False,300
wsl2-ubuntu2404-x64-20261004,MAIN,calibration,3d-morph,jsc,0,3,0,[],0,1,4,54,13.5,74134337,"[""--useJIT=false"",""--useLLInt=true"",""--validateOptions=true""]","[""/home/mzyx/jsc_build_fd3406f/JSCOnly/Release/bin/jsc"",""--useJIT=false"",""--useLLInt=true"",""--validateOptions=true"",""/mnt/c/Users/mzyx/Desktop/0921/js-interpreter-bench/experiments/three_engine_baseline/adapters/jsc.js"",""/mnt/c/Users/mzyx/Desktop/0921/js-interpreter-bench/experiments/sunspider_three_engine/generated/MAIN/3d-morph.N4.main.js""]",65c824a055405bf62b05e21d54515a72a1f0187a4d91225d00a6da969d35879f,/mnt/c/Users/mzyx/Desktop/0921/js-interpreter-bench/experiments/sunspider_three_engine/generated/MAIN/3d-morph.N4.main.js,885e28a7d066a61c904f43db6bee17ef83bcde71a266d5215e5945be03461982,0,"TEB_RESULT:{""benchmark"":""SunSpider"",""case"":""3d-morph"",""mode"":""main"",""N"":4,""checksum"":""0"",""correctness"":""PASS"",""timer"":""Date.now"",""elapsed_ms"":54,""elapsed_per_call_ms"":13.5,""warmup_calls"":0}
",,0,True,PASS,,2026-10-04T15:25:37.563782+00:00,0,False,300
wsl2-ubuntu2404-x64-20261004,MAIN,calibration,3d-morph,quickjs,0,1,0,[],0,1,4,57,14.25,66764948,[],"[""/home/mzyx/three_engine_20261004/quickjs-04be246001599f5995fa2f2d8c91a0f198d3f34c/qjs"",""-I"",""/mnt/c/Users/mzyx/Desktop/0921/js-interpreter-bench/experiments/three_engine_baseline/adapters/quickjs.js"",""/mnt/c/Users/mzyx/Desktop/0921/js-interpreter-bench/experiments/sunspider_three_engine/generated/MAIN/3d-morph.N4.main.js""]",140d5233b0337d91cb0f994ae4a051e49aa04da8802acfaedf0a01b81a620b79,/mnt/c/Users/mzyx/Desktop/0921/js-interpreter-bench/experiments/sunspider_three_engine/generated/MAIN/3d-morph.N4.main.js,885e28a7d066a61c904f43db6bee17ef83bcde71a266d5215e5945be03461982,0,"TEB_RESULT:{""benchmark"":""SunSpider"",""case"":""3d-morph"",""mode"":""main"",""N"":4,""checksum"":""0"",""correctness"":""PASS"",""timer"":""Date.now"",""elapsed_ms"":57,""elapsed_per_call_ms"":14.25,""warmup_calls"":0}
",,0,True,PASS,,2026-10-04T15:25:37.245695+00:00,0,False,300
wsl2-ubuntu2404-x64-20261004,MAIN,calibration,3d-morph,v8,0,2,0,[],0,1,4,85,21.25,117077131,"[""--max-opt=0"",""--no-lazy""]","[""/home/mzyx/three_engine_20261004/v8-linux64-rel-15.6.21/d8"",""--snapshot_blob=/home/mzyx/three_engine_20261004/v8-linux64-rel-15.6.21/snapshot_blob.bin"",""--max-opt=0"",""--no-lazy"",""/mnt/c/Users/mzyx/Desktop/0921/js-interpreter-bench/experiments/three_engine_baseline/adapters/v8.js"",""/mnt/c/Users/mzyx/Desktop/0921/js-interpreter-bench/experiments/sunspider_three_engine/generated/MAIN/3d-morph.N4.main.js""]",83b744a5953d2662ea723564d4035a333782a0cc85232d1025929a925150b133,/mnt/c/Users/mzyx/Desktop/0921/js-interpreter-bench/experiments/sunspider_three_engine/generated/MAIN/3d-morph.N4.main.js,885e28a7d066a61c904f43db6bee17ef83bcde71a266d5215e5945be03461982,0,"TEB_RESULT:{""benchmark"":""SunSpider"",""case"":""3d-morph"",""mode"":""main"",""N"":4,""checksum"":""0"",""correctness"":""PASS"",""timer"":""Date.now"",""elapsed_ms"":85,""elapsed_per_call_ms"":21.25,""warmup_calls"":0}
",,0,True,PASS,,2026-10-04T15:25:37.380350+00:00,0,False,300
wsl2-ubuntu2404-x64-20261004,MAIN,calibration,3d-morph,jsc,0,3,0,[],0,1,64,817,12.765625,838077529,"[""--useJIT=false"",""--useLLInt=true"",""--validateOptions=true""]","[""/home/mzyx/jsc_build_fd3406f/JSCOnly/Release/bin/jsc"",""--useJIT=false"",""--useLLInt=true"",""--validateOptions=true"",""/mnt/c/Users/mzyx/Desktop/0921/js-interpreter-bench/experiments/three_engine_baseline/adapters/jsc.js"",""/mnt/c/Users/mzyx/Desktop/0921/js-interpreter-bench/experiments/sunspider_three_engine/generated/MAIN/3d-morph.N64.main.js""]",65c824a055405bf62b05e21d54515a72a1f0187a4d91225d00a6da969d35879f,/mnt/c/Users/mzyx/Desktop/0921/js-interpreter-bench/experiments/sunspider_three_engine/generated/MAIN/3d-morph.N64.main.js,ceeb66a4f6e9b848c3a5ff1d6da0d7699e4c2a524e694472ff023112109e1074,0,"TEB_RESULT:{""benchmark"":""SunSpider"",""case"":""3d-morph"",""mode"":""main"",""N"":64,""checksum"":""0"",""correctness"":""PASS"",""timer"":""Date.now"",""elapsed_ms"":817,""elapsed_per_call_ms"":12.765625,""warmup_calls"":0}
",,0,True,PASS,,2026-10-04T15:27:59.086401+00:00,0,False,300
wsl2-ubuntu2404-x64-20261004,MAIN,calibration,3d-morph,quickjs,0,1,0,[],0,1,64,843,13.171875,850832805,[],"[""/home/mzyx/three_engine_20261004/quickjs-04be246001599f5995fa2f2d8c91a0f198d3f34c/qjs"",""-I"",""/mnt/c/Users/mzyx/Desktop/0921/js-interpreter-bench/experiments/three_engine_baseline/adapters/quickjs.js"",""/mnt/c/Users/mzyx/Desktop/0921/js-interpreter-bench/experiments/sunspider_three_engine/generated/MAIN/3d-morph.N64.main.js""]",140d5233b0337d91cb0f994ae4a051e49aa04da8802acfaedf0a01b81a620b79,/mnt/c/Users/mzyx/Desktop/0921/js-interpreter-bench/experiments/sunspider_three_engine/generated/MAIN/3d-morph.N64.main.js,ceeb66a4f6e9b848c3a5ff1d6da0d7699e4c2a524e694472ff023112109e1074,0,"TEB_RESULT:{""benchmark"":""SunSpider"",""case"":""3d-morph"",""mode"":""main"",""N"":64,""checksum"":""0"",""correctness"":""PASS"",""timer"":""Date.now"",""elapsed_ms"":843,""elapsed_per_call_ms"":13.171875,""warmup_calls"":0}
",,0,True,PASS,,2026-10-04T15:27:56.951066+00:00,0,False,300
wsl2-ubuntu2404-x64-20261004,MAIN,calibration,3d-morph,v8,0,2,0,[],0,1,64,1126,17.59375,1160555335,"[""--max-opt=0"",""--no-lazy""]","[""/home/mzyx/three_engine_20261004/v8-linux64-rel-15.6.21/d8"",""--snapshot_blob=/home/mzyx/three_engine_20261004/v8-linux64-rel-15.6.21/snapshot_blob.bin"",""--max-opt=0"",""--no-lazy"",""/mnt/c/Users/mzyx/Desktop/0921/js-interpreter-bench/experiments/three_engine_baseline/adapters/v8.js"",""/mnt/c/Users/mzyx/Desktop/0921/js-interpreter-bench/experiments/sunspider_three_engine/generated/MAIN/3d-morph.N64.main.js""]",83b744a5953d2662ea723564d4035a333782a0cc85232d1025929a925150b133,/mnt/c/Users/mzyx/Desktop/0921/js-interpreter-bench/experiments/sunspider_three_engine/generated/MAIN/3d-morph.N64.main.js,ceeb66a4f6e9b848c3a5ff1d6da0d7699e4c2a524e694472ff023112109e1074,0,"TEB_RESULT:{""benchmark"":""SunSpider"",""case"":""3d-morph"",""mode"":""main"",""N"":64,""checksum"":""0"",""correctness"":""PASS"",""timer"":""Date.now"",""elapsed_ms"":1126,""elapsed_per_call_ms"":17.59375,""warmup_calls"":0}
",,0,True,PASS,,2026-10-04T15:27:57.862098+00:00,0,False,300
wsl2-ubuntu2404-x64-20261004,MAIN,calibration,3d-morph,jsc,0,3,0,[],0,1,8,106,13.25,126244252,"[""--useJIT=false"",""--useLLInt=true"",""--validateOptions=true""]","[""/home/mzyx/jsc_build_fd3406f/JSCOnly/Release/bin/jsc"",""--useJIT=false"",""--useLLInt=true"",""--validateOptions=true"",""/mnt/c/Users/mzyx/Desktop/0921/js-interpreter-bench/experiments/three_engine_baseline/adapters/jsc.js"",""/mnt/c/Users/mzyx/Desktop/0921/js-interpreter-bench/experiments/sunspider_three_engine/generated/MAIN/3d-morph.N8.main.js""]",65c824a055405bf62b05e21d54515a72a1f0187a4d91225d00a6da969d35879f,/mnt/c/Users/mzyx/Desktop/0921/js-interpreter-bench/experiments/sunspider_three_engine/generated/MAIN/3d-morph.N8.main.js,82494ee23e021f12a6cb8ba5e1755aa15ca5a528bf862231b084faae0506ad2f,0,"TEB_RESULT:{""benchmark"":""SunSpider"",""case"":""3d-morph"",""mode"":""main"",""N"":8,""checksum"":""0"",""correctness"":""PASS"",""timer"":""Date.now"",""elapsed_ms"":106,""elapsed_per_call_ms"":13.25,""warmup_calls"":0}
",,0,True,PASS,,2026-10-04T15:25:38.158175+00:00,0,False,300
wsl2-ubuntu2404-x64-20261004,MAIN,calibration,3d-morph,quickjs,0,1,0,[],0,1,8,116,14.5,125229893,[],"[""/home/mzyx/three_engine_20261004/quickjs-04be246001599f5995fa2f2d8c91a0f198d3f34c/qjs"",""-I"",""/mnt/c/Users/mzyx/Desktop/0921/js-interpreter-bench/experiments/three_engine_baseline/adapters/quickjs.js"",""/mnt/c/Users/mzyx/Desktop/0921/js-interpreter-bench/experiments/sunspider_three_engine/generated/MAIN/3d-morph.N8.main.js""]",140d5233b0337d91cb0f994ae4a051e49aa04da8802acfaedf0a01b81a620b79,/mnt/c/Users/mzyx/Desktop/0921/js-interpreter-bench/experiments/sunspider_three_engine/generated/MAIN/3d-morph.N8.main.js,82494ee23e021f12a6cb8ba5e1755aa15ca5a528bf862231b084faae0506ad2f,0,"TEB_RESULT:{""benchmark"":""SunSpider"",""case"":""3d-morph"",""mode"":""main"",""N"":8,""checksum"":""0"",""correctness"":""PASS"",""timer"":""Date.now"",""elapsed_ms"":116,""elapsed_per_call_ms"":14.5,""warmup_calls"":0}
",,0,True,PASS,,2026-10-04T15:25:37.712708+00:00,0,False,300
wsl2-ubuntu2404-x64-20261004,MAIN,calibration,3d-morph,v8,0,2,0,[],0,1,8,156,19.5,188145676,"[""--max-opt=0"",""--no-lazy""]","[""/home/mzyx/three_engine_20261004/v8-linux64-rel-15.6.21/d8"",""--snapshot_blob=/home/mzyx/three_engine_20261004/v8-linux64-rel-15.6.21/snapshot_blob.bin"",""--max-opt=0"",""--no-lazy"",""/mnt/c/Users/mzyx/Desktop/0921/js-interpreter-bench/experiments/three_engine_baseline/adapters/v8.js"",""/mnt/c/Users/mzyx/Desktop/0921/js-interpreter-bench/experiments/sunspider_three_engine/generated/MAIN/3d-morph.N8.main.js""]",83b744a5953d2662ea723564d4035a333782a0cc85232d1025929a925150b133,/mnt/c/Users/mzyx/Desktop/0921/js-interpreter-bench/experiments/sunspider_three_engine/generated/MAIN/3d-morph.N8.main.js,82494ee23e021f12a6cb8ba5e1755aa15ca5a528bf862231b084faae0506ad2f,0,"TEB_RESULT:{""benchmark"":""SunSpider"",""case"":""3d-morph"",""mode"":""main"",""N"":8,""checksum"":""0"",""correctness"":""PASS"",""timer"":""Date.now"",""elapsed_ms"":156,""elapsed_per_call_ms"":19.5,""warmup_calls"":0}
",,0,True,PASS,,2026-10-04T15:25:37.904252+00:00,0,False,300
wsl2-ubuntu2404-x64-20261004,MAIN,calibration,3d-raytrace,jsc,0,3,0,[],0,1,1,13,13,30679623,"[""--useJIT=false"",""--useLLInt=true"",""--validateOptions=true""]","[""/home/mzyx/jsc_build_fd3406f/JSCOnly/Release/bin/jsc"",""--useJIT=false"",""--useLLInt=true"",""--validateOptions=true"",""/mnt/c/Users/mzyx/Desktop/0921/js-interpreter-bench/experiments/three_engine_baseline/adapters/jsc.js"",""/mnt/c/Users/mzyx/Desktop/0921/js-interpreter-bench/experiments/sunspider_three_engine/generated/MAIN/3d-raytrace.N1.main.js""]",65c824a055405bf62b05e21d54515a72a1f0187a4d91225d00a6da969d35879f,/mnt/c/Users/mzyx/Desktop/0921/js-interpreter-bench/experiments/sunspider_three_engine/generated/MAIN/3d-raytrace.N1.main.js,43edee16a2e69a8bcd8aafddb8f608ba2998f32d25a0443e46b4b95e40f905c2,20970,"TEB_RESULT:{""benchmark"":""SunSpider"",""case"":""3d-raytrace"",""mode"":""main"",""N"":1,""checksum"":""20970"",""correctness"":""PASS"",""timer"":""Date.now"",""elapsed_ms"":13,""elapsed_per_call_ms"":13,""warmup_calls"":0}
",,0,True,PASS,,2026-10-04T15:28:06.274646+00:00,0,False,300
wsl2-ubuntu2404-x64-20261004,MAIN,calibration,3d-raytrace,quickjs,0,1,0,[],0,1,1,16,16,23898941,[],"[""/home/mzyx/three_engine_20261004/quickjs-04be246001599f5995fa2f2d8c91a0f198d3f34c/qjs"",""-I"",""/mnt/c/Users/mzyx/Desktop/0921/js-interpreter-bench/experiments/three_engine_baseline/adapters/quickjs.js"",""/mnt/c/Users/mzyx/Desktop/0921/js-interpreter-bench/experiments/sunspider_three_engine/generated/MAIN/3d-raytrace.N1.main.js""]",140d5233b0337d91cb0f994ae4a051e49aa04da8802acfaedf0a01b81a620b79,/mnt/c/Users/mzyx/Desktop/0921/js-interpreter-bench/experiments/sunspider_three_engine/generated/MAIN/3d-raytrace.N1.main.js,43edee16a2e69a8bcd8aafddb8f608ba2998f32d25a0443e46b4b95e40f905c2,20970,"TEB_RESULT:{""benchmark"":""SunSpider"",""case"":""3d-raytrace"",""mode"":""main"",""N"":1,""checksum"":""20970"",""correctness"":""PASS"",""timer"":""Date.now"",""elapsed_ms"":16,""elapsed_per_call_ms"":16,""warmup_calls"":0}
",,0,True,PASS,,2026-10-04T15:28:06.088669+00:00,0,False,300
wsl2-ubuntu2404-x64-20261004,MAIN,calibration,3d-raytrace,v8,0,2,0,[],0,1,1,17,17,44716620,"[""--max-opt=0"",""--no-lazy""]","[""/home/mzyx/three_engine_20261004/v8-linux64-rel-15.6.21/d8"",""--snapshot_blob=/home/mzyx/three_engine_20261004/v8-linux64-rel-15.6.21/snapshot_blob.bin"",""--max-opt=0"",""--no-lazy"",""/mnt/c/Users/mzyx/Desktop/0921/js-interpreter-bench/experiments/three_engine_baseline/adapters/v8.js"",""/mnt/c/Users/mzyx/Desktop/0921/js-interpreter-bench/experiments/sunspider_three_engine/generated/MAIN/3d-raytrace.N1.main.js""]",83b744a5953d2662ea723564d4035a333782a0cc85232d1025929a925150b133,/mnt/c/Users/mzyx/Desktop/0921/js-interpreter-bench/experiments/sunspider_three_engine/generated/MAIN/3d-raytrace.N1.main.js,43edee16a2e69a8bcd8aafddb8f608ba2998f32d25a0443e46b4b95e40f905c2,20970,"TEB_RESULT:{""benchmark"":""SunSpider"",""case"":""3d-raytrace"",""mode"":""main"",""N"":1,""checksum"":""20970"",""correctness"":""PASS"",""timer"":""Date.now"",""elapsed_ms"":17,""elapsed_per_call_ms"":17,""warmup_calls"":0}
",,0,True,PASS,,2026-10-04T15:28:06.170615+00:00,0,False,300
wsl2-ubuntu2404-x64-20261004,MAIN,calibration,3d-raytrace,jsc,0,3,0,[],0,1,128,1717,13.4140625,1736387684,"[""--useJIT=false"",""--useLLInt=true"",""--validateOptions=true""]","[""/home/mzyx/jsc_build_fd3406f/JSCOnly/Release/bin/jsc"",""--useJIT=false"",""--useLLInt=true"",""--validateOptions=true"",""/mnt/c/Users/mzyx/Desktop/0921/js-interpreter-bench/experiments/three_engine_baseline/adapters/jsc.js"",""/mnt/c/Users/mzyx/Desktop/0921/js-interpreter-bench/experiments/sunspider_three_engine/generated/MAIN/3d-raytrace.N128.main.js""]",65c824a055405bf62b05e21d54515a72a1f0187a4d91225d00a6da969d35879f,/mnt/c/Users/mzyx/Desktop/0921/js-interpreter-bench/experiments/sunspider_three_engine/generated/MAIN/3d-raytrace.N128.main.js,2b00c858e8982689890d4296be70ba44e6e7d9292a76d490f894bbca77f7cdea,20970,"TEB_RESULT:{""benchmark"":""SunSpider"",""case"":""3d-raytrace"",""mode"":""main"",""N"":128,""checksum"":""20970"",""correctness"":""PASS"",""timer"":""Date.now"",""elapsed_ms"":1717,""elapsed_per_call_ms"":13.4140625,""warmup_calls"":0}
",,0,True,PASS,,2026-10-04T15:28:17.623390+00:00,0,False,300
wsl2-ubuntu2404-x64-20261004,MAIN,calibration,3d-raytrace,quickjs,0,1,0,[],0,1,128,1931,15.0859375,1940453383,[],"[""/home/mzyx/three_engine_20261004/quickjs-04be246001599f5995fa2f2d8c91a0f198d3f34c/qjs"",""-I"",""/mnt/c/Users/mzyx/Desktop/0921/js-interpreter-bench/experiments/three_engine_baseline/adapters/quickjs.js"",""/mnt/c/Users/mzyx/Desktop/0921/js-interpreter-bench/experiments/sunspider_three_engine/generated/MAIN/3d-raytrace.N128.main.js""]",140d5233b0337d91cb0f994ae4a051e49aa04da8802acfaedf0a01b81a620b79,/mnt/c/Users/mzyx/Desktop/0921/js-interpreter-bench/experiments/sunspider_three_engine/generated/MAIN/3d-raytrace.N128.main.js,2b00c858e8982689890d4296be70ba44e6e7d9292a76d490f894bbca77f7cdea,20970,"TEB_RESULT:{""benchmark"":""SunSpider"",""case"":""3d-raytrace"",""mode"":""main"",""N"":128,""checksum"":""20970"",""correctness"":""PASS"",""timer"":""Date.now"",""elapsed_ms"":1931,""elapsed_per_call_ms"":15.0859375,""warmup_calls"":0}
",,0,True,PASS,,2026-10-04T15:28:13.550124+00:00,0,False,300
wsl2-ubuntu2404-x64-20261004,MAIN,calibration,3d-raytrace,v8,0,2,0,[],0,1,128,1968,15.375,2001163886,"[""--max-opt=0"",""--no-lazy""]","[""/home/mzyx/three_engine_20261004/v8-linux64-rel-15.6.21/d8"",""--snapshot_blob=/home/mzyx/three_engine_20261004/v8-linux64-rel-15.6.21/snapshot_blob.bin"",""--max-opt=0"",""--no-lazy"",""/mnt/c/Users/mzyx/Desktop/0921/js-interpreter-bench/experiments/three_engine_baseline/adapters/v8.js"",""/mnt/c/Users/mzyx/Desktop/0921/js-interpreter-bench/experiments/sunspider_three_engine/generated/MAIN/3d-raytrace.N128.main.js""]",83b744a5953d2662ea723564d4035a333782a0cc85232d1025929a925150b133,/mnt/c/Users/mzyx/Desktop/0921/js-interpreter-bench/experiments/sunspider_three_engine/generated/MAIN/3d-raytrace.N128.main.js,2b00c858e8982689890d4296be70ba44e6e7d9292a76d490f894bbca77f7cdea,20970,"TEB_RESULT:{""benchmark"":""SunSpider"",""case"":""3d-raytrace"",""mode"":""main"",""N"":128,""checksum"":""20970"",""correctness"":""PASS"",""timer"":""Date.now"",""elapsed_ms"":1968,""elapsed_per_call_ms"":15.375,""warmup_calls"":0}
",,0,True,PASS,,2026-10-04T15:28:15.555180+00:00,0,False,300
wsl2-ubuntu2404-x64-20261004,MAIN,calibration,3d-raytrace,jsc,0,3,0,[],0,1,16,206,12.875,224028092,"[""--useJIT=false"",""--useLLInt=true"",""--validateOptions=true""]","[""/home/mzyx/jsc_build_fd3406f/JSCOnly/Release/bin/jsc"",""--useJIT=false"",""--useLLInt=true"",""--validateOptions=true"",""/mnt/c/Users/mzyx/Desktop/0921/js-interpreter-bench/experiments/three_engine_baseline/adapters/jsc.js"",""/mnt/c/Users/mzyx/Desktop/0921/js-interpreter-bench/experiments/sunspider_three_engine/generated/MAIN/3d-raytrace.N16.main.js""]",65c824a055405bf62b05e21d54515a72a1f0187a4d91225d00a6da969d35879f,/mnt/c/Users/mzyx/Desktop/0921/js-interpreter-bench/experiments/sunspider_three_engine/generated/MAIN/3d-raytrace.N16.main.js,c544ba193c3380782346a13b19b4a54ddd4c48408d78d76c9ae1be8c5a385289,20970,"TEB_RESULT:{""benchmark"":""SunSpider"",""case"":""3d-raytrace"",""mode"":""main"",""N"":16,""checksum"":""20970"",""correctness"":""PASS"",""timer"":""Date.now"",""elapsed_ms"":206,""elapsed_per_call_ms"":12.875,""warmup_calls"":0}
",,0,True,PASS,,2026-10-04T15:28:08.457643+00:00,0,False,300
wsl2-ubuntu2404-x64-20261004,MAIN,calibration,3d-raytrace,quickjs,0,1,0,[],0,1,16,238,14.875,246628677,[],"[""/home/mzyx/three_engine_20261004/quickjs-04be246001599f5995fa2f2d8c91a0f198d3f34c/qjs"",""-I"",""/mnt/c/Users/mzyx/Desktop/0921/js-interpreter-bench/experiments/three_engine_baseline/adapters/quickjs.js"",""/mnt/c/Users/mzyx/Desktop/0921/js-interpreter-bench/experiments/sunspider_three_engine/generated/MAIN/3d-raytrace.N16.main.js""]",140d5233b0337d91cb0f994ae4a051e49aa04da8802acfaedf0a01b81a620b79,/mnt/c/Users/mzyx/Desktop/0921/js-interpreter-bench/experiments/sunspider_three_engine/generated/MAIN/3d-raytrace.N16.main.js,c544ba193c3380782346a13b19b4a54ddd4c48408d78d76c9ae1be8c5a385289,20970,"TEB_RESULT:{""benchmark"":""SunSpider"",""case"":""3d-raytrace"",""mode"":""main"",""N"":16,""checksum"":""20970"",""correctness"":""PASS"",""timer"":""Date.now"",""elapsed_ms"":238,""elapsed_per_call_ms"":14.875,""warmup_calls"":0}
",,0,True,PASS,,2026-10-04T15:28:07.808477+00:00,0,False,300
wsl2-ubuntu2404-x64-20261004,MAIN,calibration,3d-raytrace,v8,0,2,0,[],0,1,16,250,15.625,278193732,"[""--max-opt=0"",""--no-lazy""]","[""/home/mzyx/three_engine_20261004/v8-linux64-rel-15.6.21/d8"",""--snapshot_blob=/home/mzyx/three_engine_20261004/v8-linux64-rel-15.6.21/snapshot_blob.bin"",""--max-opt=0"",""--no-lazy"",""/mnt/c/Users/mzyx/Desktop/0921/js-interpreter-bench/experiments/three_engine_baseline/adapters/v8.js"",""/mnt/c/Users/mzyx/Desktop/0921/js-interpreter-bench/experiments/sunspider_three_engine/generated/MAIN/3d-raytrace.N16.main.js""]",83b744a5953d2662ea723564d4035a333782a0cc85232d1025929a925150b133,/mnt/c/Users/mzyx/Desktop/0921/js-interpreter-bench/experiments/sunspider_three_engine/generated/MAIN/3d-raytrace.N16.main.js,c544ba193c3380782346a13b19b4a54ddd4c48408d78d76c9ae1be8c5a385289,20970,"TEB_RESULT:{""benchmark"":""SunSpider"",""case"":""3d-raytrace"",""mode"":""main"",""N"":16,""checksum"":""20970"",""correctness"":""PASS"",""timer"":""Date.now"",""elapsed_ms"":250,""elapsed_per_call_ms"":15.625,""warmup_calls"":0}
",,0,True,PASS,,2026-10-04T15:28:08.120801+00:00,0,False,300
wsl2-ubuntu2404-x64-20261004,MAIN,calibration,3d-raytrace,jsc,0,3,0,[],0,1,2,28,14,45976433,"[""--useJIT=false"",""--useLLInt=true"",""--validateOptions=true""]","[""/home/mzyx/jsc_build_fd3406f/JSCOnly/Release/bin/jsc"",""--useJIT=false"",""--useLLInt=true"",""--validateOptions=true"",""/mnt/c/Users/mzyx/Desktop/0921/js-interpreter-bench/experiments/three_engine_baseline/adapters/jsc.js"",""/mnt/c/Users/mzyx/Desktop/0921/js-interpreter-bench/experiments/sunspider_three_engine/generated/MAIN/3d-raytrace.N2.main.js""]",65c824a055405bf62b05e21d54515a72a1f0187a4d91225d00a6da969d35879f,/mnt/c/Users/mzyx/Desktop/0921/js-interpreter-bench/experiments/sunspider_three_engine/generated/MAIN/3d-raytrace.N2.main.js,a24d709dfbead8267fdcd35eae112d15ab3c42de4727bfb6074783d48d43c028,20970,"TEB_RESULT:{""benchmark"":""SunSpider"",""case"":""3d-raytrace"",""mode"":""main"",""N"":2,""checksum"":""20970"",""correctness"":""PASS"",""timer"":""Date.now"",""elapsed_ms"":28,""elapsed_per_call_ms"":14,""warmup_calls"":0}
",,0,True,PASS,,2026-10-04T15:28:06.603892+00:00,0,False,300
wsl2-ubuntu2404-x64-20261004,MAIN,calibration,3d-raytrace,quickjs,0,1,0,[],0,1,2,29,14.5,37846157,[],"[""/home/mzyx/three_engine_20261004/quickjs-04be246001599f5995fa2f2d8c91a0f198d3f34c/qjs"",""-I"",""/mnt/c/Users/mzyx/Desktop/0921/js-interpreter-bench/experiments/three_engine_baseline/adapters/quickjs.js"",""/mnt/c/Users/mzyx/Desktop/0921/js-interpreter-bench/experiments/sunspider_three_engine/generated/MAIN/3d-raytrace.N2.main.js""]",140d5233b0337d91cb0f994ae4a051e49aa04da8802acfaedf0a01b81a620b79,/mnt/c/Users/mzyx/Desktop/0921/js-interpreter-bench/experiments/sunspider_three_engine/generated/MAIN/3d-raytrace.N2.main.js,a24d709dfbead8267fdcd35eae112d15ab3c42de4727bfb6074783d48d43c028,20970,"TEB_RESULT:{""benchmark"":""SunSpider"",""case"":""3d-raytrace"",""mode"":""main"",""N"":2,""checksum"":""20970"",""correctness"":""PASS"",""timer"":""Date.now"",""elapsed_ms"":29,""elapsed_per_call_ms"":14.5,""warmup_calls"":0}
",,0,True,PASS,,2026-10-04T15:28:06.386360+00:00,0,False,300
wsl2-ubuntu2404-x64-20261004,MAIN,calibration,3d-raytrace,v8,0,2,0,[],0,1,2,33,16.5,60234169,"[""--max-opt=0"",""--no-lazy""]","[""/home/mzyx/three_engine_20261004/v8-linux64-rel-15.6.21/d8"",""--snapshot_blob=/home/mzyx/three_engine_20261004/v8-linux64-rel-15.6.21/snapshot_blob.bin"",""--max-opt=0"",""--no-lazy"",""/mnt/c/Users/mzyx/Desktop/0921/js-interpreter-bench/experiments/three_engine_baseline/adapters/v8.js"",""/mnt/c/Users/mzyx/Desktop/0921/js-interpreter-bench/experiments/sunspider_three_engine/generated/MAIN/3d-raytrace.N2.main.js""]",83b744a5953d2662ea723564d4035a333782a0cc85232d1025929a925150b133,/mnt/c/Users/mzyx/Desktop/0921/js-interpreter-bench/experiments/sunspider_three_engine/generated/MAIN/3d-raytrace.N2.main.js,a24d709dfbead8267fdcd35eae112d15ab3c42de4727bfb6074783d48d43c028,20970,"TEB_RESULT:{""benchmark"":""SunSpider"",""case"":""3d-raytrace"",""mode"":""main"",""N"":2,""checksum"":""20970"",""correctness"":""PASS"",""timer"":""Date.now"",""elapsed_ms"":33,""elapsed_per_call_ms"":16.5,""warmup_calls"":0}
",,0,True,PASS,,2026-10-04T15:28:06.484188+00:00,0,False,300
wsl2-ubuntu2404-x64-20261004,MAIN,calibration,3d-raytrace,jsc,0,3,0,[],0,1,32,438,13.6875,463123944,"[""--useJIT=false"",""--useLLInt=true"",""--validateOptions=true""]","[""/home/mzyx/jsc_build_fd3406f/JSCOnly/Release/bin/jsc"",""--useJIT=false"",""--useLLInt=true"",""--validateOptions=true"",""/mnt/c/Users/mzyx/Desktop/0921/js-interpreter-bench/experiments/three_engine_baseline/adapters/jsc.js"",""/mnt/c/Users/mzyx/Desktop/0921/js-interpreter-bench/experiments/sunspider_three_engine/generated/MAIN/3d-raytrace.N32.main.js""]",65c824a055405bf62b05e21d54515a72a1f0187a4d91225d00a6da969d35879f,/mnt/c/Users/mzyx/Desktop/0921/js-interpreter-bench/experiments/sunspider_three_engine/generated/MAIN/3d-raytrace.N32.main.js,70af7f678192910e11b5baa1cfafa326ab9018b329d3347e92ff4f18bcb6d1bd,20970,"TEB_RESULT:{""benchmark"":""SunSpider"",""case"":""3d-raytrace"",""mode"":""main"",""N"":32,""checksum"":""20970"",""correctness"":""PASS"",""timer"":""Date.now"",""elapsed_ms"":438,""elapsed_per_call_ms"":13.6875,""warmup_calls"":0}
",,0,True,PASS,,2026-10-04T15:28:09.908027+00:00,0,False,300
wsl2-ubuntu2404-x64-20261004,MAIN,calibration,3d-raytrace,quickjs,0,1,0,[],0,1,32,469,14.65625,478213876,[],"[""/home/mzyx/three_engine_20261004/quickjs-04be246001599f5995fa2f2d8c91a0f198d3f34c/qjs"",""-I"",""/mnt/c/Users/mzyx/Desktop/0921/js-interpreter-bench/experiments/three_engine_baseline/adapters/quickjs.js"",""/mnt/c/Users/mzyx/Desktop/0921/js-interpreter-bench/experiments/sunspider_three_engine/generated/MAIN/3d-raytrace.N32.main.js""]",140d5233b0337d91cb0f994ae4a051e49aa04da8802acfaedf0a01b81a620b79,/mnt/c/Users/mzyx/Desktop/0921/js-interpreter-bench/experiments/sunspider_three_engine/generated/MAIN/3d-raytrace.N32.main.js,70af7f678192910e11b5baa1cfafa326ab9018b329d3347e92ff4f18bcb6d1bd,20970,"TEB_RESULT:{""benchmark"":""SunSpider"",""case"":""3d-raytrace"",""mode"":""main"",""N"":32,""checksum"":""20970"",""correctness"":""PASS"",""timer"":""Date.now"",""elapsed_ms"":469,""elapsed_per_call_ms"":14.65625,""warmup_calls"":0}
",,0,True,PASS,,2026-10-04T15:28:08.767871+00:00,0,False,300
wsl2-ubuntu2404-x64-20261004,MAIN,calibration,3d-raytrace,v8,0,2,0,[],0,1,32,507,15.84375,537848074,"[""--max-opt=0"",""--no-lazy""]","[""/home/mzyx/three_engine_20261004/v8-linux64-rel-15.6.21/d8"",""--snapshot_blob=/home/mzyx/three_engine_20261004/v8-linux64-rel-15.6.21/snapshot_blob.bin"",""--max-opt=0"",""--no-lazy"",""/mnt/c/Users/mzyx/Desktop/0921/js-interpreter-bench/experiments/three_engine_baseline/adapters/v8.js"",""/mnt/c/Users/mzyx/Desktop/0921/js-interpreter-bench/experiments/sunspider_three_engine/generated/MAIN/3d-raytrace.N32.main.js""]",83b744a5953d2662ea723564d4035a333782a0cc85232d1025929a925150b133,/mnt/c/Users/mzyx/Desktop/0921/js-interpreter-bench/experiments/sunspider_three_engine/generated/MAIN/3d-raytrace.N32.main.js,70af7f678192910e11b5baa1cfafa326ab9018b329d3347e92ff4f18bcb6d1bd,20970,"TEB_RESULT:{""benchmark"":""SunSpider"",""case"":""3d-raytrace"",""mode"":""main"",""N"":32,""checksum"":""20970"",""correctness"":""PASS"",""timer"":""Date.now"",""elapsed_ms"":507,""elapsed_per_call_ms"":15.84375,""warmup_calls"":0}
",,0,True,PASS,,2026-10-04T15:28:09.307301+00:00,0,False,300
wsl2-ubuntu2404-x64-20261004,MAIN,calibration,3d-raytrace,jsc,0,3,0,[],0,1,4,52,13,70490453,"[""--useJIT=false"",""--useLLInt=true"",""--validateOptions=true""]","[""/home/mzyx/jsc_build_fd3406f/JSCOnly/Release/bin/jsc"",""--useJIT=false"",""--useLLInt=true"",""--validateOptions=true"",""/mnt/c/Users/mzyx/Desktop/0921/js-interpreter-bench/experiments/three_engine_baseline/adapters/jsc.js"",""/mnt/c/Users/mzyx/Desktop/0921/js-interpreter-bench/experiments/sunspider_three_engine/generated/MAIN/3d-raytrace.N4.main.js""]",65c824a055405bf62b05e21d54515a72a1f0187a4d91225d00a6da969d35879f,/mnt/c/Users/mzyx/Desktop/0921/js-interpreter-bench/experiments/sunspider_three_engine/generated/MAIN/3d-raytrace.N4.main.js,73d26f7e42a1004d33054a6502c0b1a920210d3288a014159dee7081b987e4ad,20970,"TEB_RESULT:{""benchmark"":""SunSpider"",""case"":""3d-raytrace"",""mode"":""main"",""N"":4,""checksum"":""20970"",""correctness"":""PASS"",""timer"":""Date.now"",""elapsed_ms"":52,""elapsed_per_call_ms"":13,""warmup_calls"":0}
",,0,True,PASS,,2026-10-04T15:28:07.007675+00:00,0,False,300
wsl2-ubuntu2404-x64-20261004,MAIN,calibration,3d-raytrace,quickjs,0,1,0,[],0,1,4,59,14.75,68468511,[],"[""/home/mzyx/three_engine_20261004/quickjs-04be246001599f5995fa2f2d8c91a0f198d3f34c/qjs"",""-I"",""/mnt/c/Users/mzyx/Desktop/0921/js-interpreter-bench/experiments/three_engine_baseline/adapters/quickjs.js"",""/mnt/c/Users/mzyx/Desktop/0921/js-interpreter-bench/experiments/sunspider_three_engine/generated/MAIN/3d-raytrace.N4.main.js""]",140d5233b0337d91cb0f994ae4a051e49aa04da8802acfaedf0a01b81a620b79,/mnt/c/Users/mzyx/Desktop/0921/js-interpreter-bench/experiments/sunspider_three_engine/generated/MAIN/3d-raytrace.N4.main.js,73d26f7e42a1004d33054a6502c0b1a920210d3288a014159dee7081b987e4ad,20970,"TEB_RESULT:{""benchmark"":""SunSpider"",""case"":""3d-raytrace"",""mode"":""main"",""N"":4,""checksum"":""20970"",""correctness"":""PASS"",""timer"":""Date.now"",""elapsed_ms"":59,""elapsed_per_call_ms"":14.75,""warmup_calls"":0}
",,0,True,PASS,,2026-10-04T15:28:06.728427+00:00,0,False,300
wsl2-ubuntu2404-x64-20261004,MAIN,calibration,3d-raytrace,v8,0,2,0,[],0,1,4,63,15.75,90808562,"[""--max-opt=0"",""--no-lazy""]","[""/home/mzyx/three_engine_20261004/v8-linux64-rel-15.6.21/d8"",""--snapshot_blob=/home/mzyx/three_engine_20261004/v8-linux64-rel-15.6.21/snapshot_blob.bin"",""--max-opt=0"",""--no-lazy"",""/mnt/c/Users/mzyx/Desktop/0921/js-interpreter-bench/experiments/three_engine_baseline/adapters/v8.js"",""/mnt/c/Users/mzyx/Desktop/0921/js-interpreter-bench/experiments/sunspider_three_engine/generated/MAIN/3d-raytrace.N4.main.js""]",83b744a5953d2662ea723564d4035a333782a0cc85232d1025929a925150b133,/mnt/c/Users/mzyx/Desktop/0921/js-interpreter-bench/experiments/sunspider_three_engine/generated/MAIN/3d-raytrace.N4.main.js,73d26f7e42a1004d33054a6502c0b1a920210d3288a014159dee7081b987e4ad,20970,"TEB_RESULT:{""benchmark"":""SunSpider"",""case"":""3d-raytrace"",""mode"":""main"",""N"":4,""checksum"":""20970"",""correctness"":""PASS"",""timer"":""Date.now"",""elapsed_ms"":63,""elapsed_per_call_ms"":15.75,""warmup_calls"":0}
",,0,True,PASS,,2026-10-04T15:28:06.857194+00:00,0,False,300
wsl2-ubuntu2404-x64-20261004,MAIN,calibration,3d-raytrace,jsc,0,3,0,[],0,1,64,2482,38.78125,875465375,"[""--useJIT=false"",""--useLLInt=true"",""--validateOptions=true""]","[""/home/mzyx/jsc_build_fd3406f/JSCOnly/Release/bin/jsc"",""--useJIT=false"",""--useLLInt=true"",""--validateOptions=true"",""/mnt/c/Users/mzyx/Desktop/0921/js-interpreter-bench/experiments/three_engine_baseline/adapters/jsc.js"",""/mnt/c/Users/mzyx/Desktop/0921/js-interpreter-bench/experiments/sunspider_three_engine/generated/MAIN/3d-raytrace.N64.main.js""]",65c824a055405bf62b05e21d54515a72a1f0187a4d91225d00a6da969d35879f,/mnt/c/Users/mzyx/Desktop/0921/js-interpreter-bench/experiments/sunspider_three_engine/generated/MAIN/3d-raytrace.N64.main.js,9041b9e74dd9691ce003b026f5eca48f46bc485195798d569995dfae204380d2,20970,"TEB_RESULT:{""benchmark"":""SunSpider"",""case"":""3d-raytrace"",""mode"":""main"",""N"":64,""checksum"":""20970"",""correctness"":""PASS"",""timer"":""Date.now"",""elapsed_ms"":2482,""elapsed_per_call_ms"":38.78125,""warmup_calls"":0}
",,0,True,PASS,,2026-10-04T15:28:12.596450+00:00,0,False,300
wsl2-ubuntu2404-x64-20261004,MAIN,calibration,3d-raytrace,quickjs,0,1,0,[],0,1,64,951,14.859375,959955243,[],"[""/home/mzyx/three_engine_20261004/quickjs-04be246001599f5995fa2f2d8c91a0f198d3f34c/qjs"",""-I"",""/mnt/c/Users/mzyx/Desktop/0921/js-interpreter-bench/experiments/three_engine_baseline/adapters/quickjs.js"",""/mnt/c/Users/mzyx/Desktop/0921/js-interpreter-bench/experiments/sunspider_three_engine/generated/MAIN/3d-raytrace.N64.main.js""]",140d5233b0337d91cb0f994ae4a051e49aa04da8802acfaedf0a01b81a620b79,/mnt/c/Users/mzyx/Desktop/0921/js-interpreter-bench/experiments/sunspider_three_engine/generated/MAIN/3d-raytrace.N64.main.js,9041b9e74dd9691ce003b026f5eca48f46bc485195798d569995dfae204380d2,20970,"TEB_RESULT:{""benchmark"":""SunSpider"",""case"":""3d-raytrace"",""mode"":""main"",""N"":64,""checksum"":""20970"",""correctness"":""PASS"",""timer"":""Date.now"",""elapsed_ms"":951,""elapsed_per_call_ms"":14.859375,""warmup_calls"":0}
",,0,True,PASS,,2026-10-04T15:28:10.476016+00:00,0,False,300
wsl2-ubuntu2404-x64-20261004,MAIN,calibration,3d-raytrace,v8,0,2,0,[],0,1,64,999,15.609375,1030096349,"[""--max-opt=0"",""--no-lazy""]","[""/home/mzyx/three_engine_20261004/v8-linux64-rel-15.6.21/d8"",""--snapshot_blob=/home/mzyx/three_engine_20261004/v8-linux64-rel-15.6.21/snapshot_blob.bin"",""--max-opt=0"",""--no-lazy"",""/mnt/c/Users/mzyx/Desktop/0921/js-interpreter-bench/experiments/three_engine_baseline/adapters/v8.js"",""/mnt/c/Users/mzyx/Desktop/0921/js-interpreter-bench/experiments/sunspider_three_engine/generated/MAIN/3d-raytrace.N64.main.js""]",83b744a5953d2662ea723564d4035a333782a0cc85232d1025929a925150b133,/mnt/c/Users/mzyx/Desktop/0921/js-interpreter-bench/experiments/sunspider_three_engine/generated/MAIN/3d-raytrace.N64.main.js,9041b9e74dd9691ce003b026f5eca48f46bc485195798d569995dfae204380d2,20970,"TEB_RESULT:{""benchmark"":""SunSpider"",""case"":""3d-raytrace"",""mode"":""main"",""N"":64,""checksum"":""20970"",""correctness"":""PASS"",""timer"":""Date.now"",""elapsed_ms"":999,""elapsed_per_call_ms"":15.609375,""warmup_calls"":0}
",,0,True,PASS,,2026-10-04T15:28:11.503394+00:00,0,False,300
wsl2-ubuntu2404-x64-20261004,MAIN,calibration,3d-raytrace,jsc,0,3,0,[],0,1,8,109,13.625,131767307,"[""--useJIT=false"",""--useLLInt=true"",""--validateOptions=true""]","[""/home/mzyx/jsc_build_fd3406f/JSCOnly/Release/bin/jsc"",""--useJIT=false"",""--useLLInt=true"",""--validateOptions=true"",""/mnt/c/Users/mzyx/Desktop/0921/js-interpreter-bench/experiments/three_engine_baseline/adapters/jsc.js"",""/mnt/c/Users/mzyx/Desktop/0921/js-interpreter-bench/experiments/sunspider_three_engine/generated/MAIN/3d-raytrace.N8.main.js""]",65c824a055405bf62b05e21d54515a72a1f0187a4d91225d00a6da969d35879f,/mnt/c/Users/mzyx/Desktop/0921/js-interpreter-bench/experiments/sunspider_three_engine/generated/MAIN/3d-raytrace.N8.main.js,4dbb7db1248cdab68f4742e07e6ea29354759e749d3aa2648cbfa02c189ae824,20970,"TEB_RESULT:{""benchmark"":""SunSpider"",""case"":""3d-raytrace"",""mode"":""main"",""N"":8,""checksum"":""20970"",""correctness"":""PASS"",""timer"":""Date.now"",""elapsed_ms"":109,""elapsed_per_call_ms"":13.625,""warmup_calls"":0}
",,0,True,PASS,,2026-10-04T15:28:07.596395+00:00,0,False,300
wsl2-ubuntu2404-x64-20261004,MAIN,calibration,3d-raytrace,quickjs,0,1,0,[],0,1,8,120,15,129989088,[],"[""/home/mzyx/three_engine_20261004/quickjs-04be246001599f5995fa2f2d8c91a0f198d3f34c/qjs"",""-I"",""/mnt/c/Users/mzyx/Desktop/0921/js-interpreter-bench/experiments/three_engine_baseline/adapters/quickjs.js"",""/mnt/c/Users/mzyx/Desktop/0921/js-interpreter-bench/experiments/sunspider_three_engine/generated/MAIN/3d-raytrace.N8.main.js""]",140d5233b0337d91cb0f994ae4a051e49aa04da8802acfaedf0a01b81a620b79,/mnt/c/Users/mzyx/Desktop/0921/js-interpreter-bench/experiments/sunspider_three_engine/generated/MAIN/3d-raytrace.N8.main.js,4dbb7db1248cdab68f4742e07e6ea29354759e749d3aa2648cbfa02c189ae824,20970,"TEB_RESULT:{""benchmark"":""SunSpider"",""case"":""3d-raytrace"",""mode"":""main"",""N"":8,""checksum"":""20970"",""correctness"":""PASS"",""timer"":""Date.now"",""elapsed_ms"":120,""elapsed_per_call_ms"":15,""warmup_calls"":0}
",,0,True,PASS,,2026-10-04T15:28:07.163878+00:00,0,False,300
wsl2-ubuntu2404-x64-20261004,MAIN,calibration,3d-raytrace,v8,0,2,0,[],0,1,8,131,16.375,163179601,"[""--max-opt=0"",""--no-lazy""]","[""/home/mzyx/three_engine_20261004/v8-linux64-rel-15.6.21/d8"",""--snapshot_blob=/home/mzyx/three_engine_20261004/v8-linux64-rel-15.6.21/snapshot_blob.bin"",""--max-opt=0"",""--no-lazy"",""/mnt/c/Users/mzyx/Desktop/0921/js-interpreter-bench/experiments/three_engine_baseline/adapters/v8.js"",""/mnt/c/Users/mzyx/Desktop/0921/js-interpreter-bench/experiments/sunspider_three_engine/generated/MAIN/3d-raytrace.N8.main.js""]",83b744a5953d2662ea723564d4035a333782a0cc85232d1025929a925150b133,/mnt/c/Users/mzyx/Desktop/0921/js-interpreter-bench/experiments/sunspider_three_engine/generated/MAIN/3d-raytrace.N8.main.js,4dbb7db1248cdab68f4742e07e6ea29354759e749d3aa2648cbfa02c189ae824,20970,"TEB_RESULT:{""benchmark"":""SunSpider"",""case"":""3d-raytrace"",""mode"":""main"",""N"":8,""checksum"":""20970"",""correctness"":""PASS"",""timer"":""Date.now"",""elapsed_ms"":131,""elapsed_per_call_ms"":16.375,""warmup_calls"":0}
",,0,True,PASS,,2026-10-04T15:28:07.356984+00:00,0,False,300
wsl2-ubuntu2404-x64-20261004,MAIN,calibration,access-binary-trees,jsc,0,3,0,[],0,1,1,6,6,23567131,"[""--useJIT=false"",""--useLLInt=true"",""--validateOptions=true""]","[""/home/mzyx/jsc_build_fd3406f/JSCOnly/Release/bin/jsc"",""--useJIT=false"",""--useLLInt=true"",""--validateOptions=true"",""/mnt/c/Users/mzyx/Desktop/0921/js-interpreter-bench/experiments/three_engine_baseline/adapters/jsc.js"",""/mnt/c/Users/mzyx/Desktop/0921/js-interpreter-bench/experiments/sunspider_three_engine/generated/MAIN/access-binary-trees.N1.main.js""]",65c824a055405bf62b05e21d54515a72a1f0187a4d91225d00a6da969d35879f,/mnt/c/Users/mzyx/Desktop/0921/js-interpreter-bench/experiments/sunspider_three_engine/generated/MAIN/access-binary-trees.N1.main.js,9916181132d3b0e141c9b32f6f416856b38bbfa471287dec1a55570e325c5555,-4,"TEB_RESULT:{""benchmark"":""SunSpider"",""case"":""access-binary-trees"",""mode"":""main"",""N"":1,""checksum"":""-4"",""correctness"":""PASS"",""timer"":""Date.now"",""elapsed_ms"":6,""elapsed_per_call_ms"":6,""warmup_calls"":0}
",,0,True,PASS,,2026-10-04T15:28:19.603635+00:00,0,False,300
wsl2-ubuntu2404-x64-20261004,MAIN,calibration,access-binary-trees,quickjs,0,1,0,[],0,1,1,12,12,19254819,[],"[""/home/mzyx/three_engine_20261004/quickjs-04be246001599f5995fa2f2d8c91a0f198d3f34c/qjs"",""-I"",""/mnt/c/Users/mzyx/Desktop/0921/js-interpreter-bench/experiments/three_engine_baseline/adapters/quickjs.js"",""/mnt/c/Users/mzyx/Desktop/0921/js-interpreter-bench/experiments/sunspider_three_engine/generated/MAIN/access-binary-trees.N1.main.js""]",140d5233b0337d91cb0f994ae4a051e49aa04da8802acfaedf0a01b81a620b79,/mnt/c/Users/mzyx/Desktop/0921/js-interpreter-bench/experiments/sunspider_three_engine/generated/MAIN/access-binary-trees.N1.main.js,9916181132d3b0e141c9b32f6f416856b38bbfa471287dec1a55570e325c5555,-4,"TEB_RESULT:{""benchmark"":""SunSpider"",""case"":""access-binary-trees"",""mode"":""main"",""N"":1,""checksum"":""-4"",""correctness"":""PASS"",""timer"":""Date.now"",""elapsed_ms"":12,""elapsed_per_call_ms"":12,""warmup_calls"":0}
",,0,True,PASS,,2026-10-04T15:28:19.434572+00:00,0,False,300
wsl2-ubuntu2404-x64-20261004,MAIN,calibration,access-binary-trees,v8,0,2,0,[],0,1,1,6,6,32295232,"[""--max-opt=0"",""--no-lazy""]","[""/home/mzyx/three_engine_20261004/v8-linux64-rel-15.6.21/d8"",""--snapshot_blob=/home/mzyx/three_engine_20261004/v8-linux64-rel-15.6.21/snapshot_blob.bin"",""--max-opt=0"",""--no-lazy"",""/mnt/c/Users/mzyx/Desktop/0921/js-interpreter-bench/experiments/three_engine_baseline/adapters/v8.js"",""/mnt/c/Users/mzyx/Desktop/0921/js-interpreter-bench/experiments/sunspider_three_engine/generated/MAIN/access-binary-trees.N1.main.js""]",83b744a5953d2662ea723564d4035a333782a0cc85232d1025929a925150b133,/mnt/c/Users/mzyx/Desktop/0921/js-interpreter-bench/experiments/sunspider_three_engine/generated/MAIN/access-binary-trees.N1.main.js,9916181132d3b0e141c9b32f6f416856b38bbfa471287dec1a55570e325c5555,-4,"TEB_RESULT:{""benchmark"":""SunSpider"",""case"":""access-binary-trees"",""mode"":""main"",""N"":1,""checksum"":""-4"",""correctness"":""PASS"",""timer"":""Date.now"",""elapsed_ms"":6,""elapsed_per_call_ms"":6,""warmup_calls"":0}
",,0,True,PASS,,2026-10-04T15:28:19.511609+00:00,0,False,300
wsl2-ubuntu2404-x64-20261004,MAIN,calibration,access-binary-trees,jsc,0,3,0,[],0,1,128,1686,13.171875,1709611636,"[""--useJIT=false"",""--useLLInt=true"",""--validateOptions=true""]","[""/home/mzyx/jsc_build_fd3406f/JSCOnly/Release/bin/jsc"",""--useJIT=false"",""--useLLInt=true"",""--validateOptions=true"",""/mnt/c/Users/mzyx/Desktop/0921/js-interpreter-bench/experiments/three_engine_baseline/adapters/jsc.js"",""/mnt/c/Users/mzyx/Desktop/0921/js-interpreter-bench/experiments/sunspider_three_engine/generated/MAIN/access-binary-trees.N128.main.js""]",65c824a055405bf62b05e21d54515a72a1f0187a4d91225d00a6da969d35879f,/mnt/c/Users/mzyx/Desktop/0921/js-interpreter-bench/experiments/sunspider_three_engine/generated/MAIN/access-binary-trees.N128.main.js,0ccdf2ffe733f941d138f22e3a31778470366c102c6a95bb600472fe47bc5b46,-4,"TEB_RESULT:{""benchmark"":""SunSpider"",""case"":""access-binary-trees"",""mode"":""main"",""N"":128,""checksum"":""-4"",""correctness"":""PASS"",""timer"":""Date.now"",""elapsed_ms"":1686,""elapsed_per_call_ms"":13.171875,""warmup_calls"":0}
",,0,True,PASS,,2026-10-04T15:28:27.544054+00:00,0,False,300
wsl2-ubuntu2404-x64-20261004,MAIN,calibration,access-binary-trees,quickjs,0,1,0,[],0,1,128,1542,12.046875,1549850568,[],"[""/home/mzyx/three_engine_20261004/quickjs-04be246001599f5995fa2f2d8c91a0f198d3f34c/qjs"",""-I"",""/mnt/c/Users/mzyx/Desktop/0921/js-interpreter-bench/experiments/three_engine_baseline/adapters/quickjs.js"",""/mnt/c/Users/mzyx/Desktop/0921/js-interpreter-bench/experiments/sunspider_three_engine/generated/MAIN/access-binary-trees.N128.main.js""]",140d5233b0337d91cb0f994ae4a051e49aa04da8802acfaedf0a01b81a620b79,/mnt/c/Users/mzyx/Desktop/0921/js-interpreter-bench/experiments/sunspider_three_engine/generated/MAIN/access-binary-trees.N128.main.js,0ccdf2ffe733f941d138f22e3a31778470366c102c6a95bb600472fe47bc5b46,-4,"TEB_RESULT:{""benchmark"":""SunSpider"",""case"":""access-binary-trees"",""mode"":""main"",""N"":128,""checksum"":""-4"",""correctness"":""PASS"",""timer"":""Date.now"",""elapsed_ms"":1542,""elapsed_per_call_ms"":12.046875,""warmup_calls"":0}
",,0,True,PASS,,2026-10-04T15:28:25.099532+00:00,0,False,300
wsl2-ubuntu2404-x64-20261004,MAIN,calibration,access-binary-trees,v8,0,2,0,[],0,1,128,737,5.7578125,765294555,"[""--max-opt=0"",""--no-lazy""]","[""/home/mzyx/three_engine_20261004/v8-linux64-rel-15.6.21/d8"",""--snapshot_blob=/home/mzyx/three_engine_20261004/v8-linux64-rel-15.6.21/snapshot_blob.bin"",""--max-opt=0"",""--no-lazy"",""/mnt/c/Users/mzyx/Desktop/0921/js-interpreter-bench/experiments/three_engine_baseline/adapters/v8.js"",""/mnt/c/Users/mzyx/Desktop/0921/js-interpreter-bench/experiments/sunspider_three_engine/generated/MAIN/access-binary-trees.N128.main.js""]",83b744a5953d2662ea723564d4035a333782a0cc85232d1025929a925150b133,/mnt/c/Users/mzyx/Desktop/0921/js-interpreter-bench/experiments/sunspider_three_engine/generated/MAIN/access-binary-trees.N128.main.js,0ccdf2ffe733f941d138f22e3a31778470366c102c6a95bb600472fe47bc5b46,-4,"TEB_RESULT:{""benchmark"":""SunSpider"",""case"":""access-binary-trees"",""mode"":""main"",""N"":128,""checksum"":""-4"",""correctness"":""PASS"",""timer"":""Date.now"",""elapsed_ms"":737,""elapsed_per_call_ms"":5.7578125,""warmup_calls"":0}
",,0,True,PASS,,2026-10-04T15:28:26.712659+00:00,0,False,300
wsl2-ubuntu2404-x64-20261004,MAIN,calibration,access-binary-trees,jsc,0,3,0,[],0,1,16,209,13.0625,230223391,"[""--useJIT=false"",""--useLLInt=true"",""--validateOptions=true""]","[""/home/mzyx/jsc_build_fd3406f/JSCOnly/Release/bin/jsc"",""--useJIT=false"",""--useLLInt=true"",""--validateOptions=true"",""/mnt/c/Users/mzyx/Desktop/0921/js-interpreter-bench/experiments/three_engine_baseline/adapters/jsc.js"",""/mnt/c/Users/mzyx/Desktop/0921/js-interpreter-bench/experiments/sunspider_three_engine/generated/MAIN/access-binary-trees.N16.main.js""]",65c824a055405bf62b05e21d54515a72a1f0187a4d91225d00a6da969d35879f,/mnt/c/Users/mzyx/Desktop/0921/js-interpreter-bench/experiments/sunspider_three_engine/generated/MAIN/access-binary-trees.N16.main.js,18eca0c3691a1d146c185721825be1feba26ca42168090ee01c40af2435702d2,-4,"TEB_RESULT:{""benchmark"":""SunSpider"",""case"":""access-binary-trees"",""mode"":""main"",""N"":16,""checksum"":""-4"",""correctness"":""PASS"",""timer"":""Date.now"",""elapsed_ms"":209,""elapsed_per_call_ms"":13.0625,""warmup_calls"":0}
",,0,True,PASS,,2026-10-04T15:28:21.313161+00:00,0,False,300
wsl2-ubuntu2404-x64-20261004,MAIN,calibration,access-binary-trees,quickjs,0,1,0,[],0,1,16,199,12.4375,207613784,[],"[""/home/mzyx/three_engine_20261004/quickjs-04be246001599f5995fa2f2d8c91a0f198d3f34c/qjs"",""-I"",""/mnt/c/Users/mzyx/Desktop/0921/js-interpreter-bench/experiments/three_engine_baseline/adapters/quickjs.js"",""/mnt/c/Users/mzyx/Desktop/0921/js-interpreter-bench/experiments/sunspider_three_engine/generated/MAIN/access-binary-trees.N16.main.js""]",140d5233b0337d91cb0f994ae4a051e49aa04da8802acfaedf0a01b81a620b79,/mnt/c/Users/mzyx/Desktop/0921/js-interpreter-bench/experiments/sunspider_three_engine/generated/MAIN/access-binary-trees.N16.main.js,18eca0c3691a1d146c185721825be1feba26ca42168090ee01c40af2435702d2,-4,"TEB_RESULT:{""benchmark"":""SunSpider"",""case"":""access-binary-trees"",""mode"":""main"",""N"":16,""checksum"":""-4"",""correctness"":""PASS"",""timer"":""Date.now"",""elapsed_ms"":199,""elapsed_per_call_ms"":12.4375,""warmup_calls"":0}
",,0,True,PASS,,2026-10-04T15:28:20.850380+00:00,0,False,300
wsl2-ubuntu2404-x64-20261004,MAIN,calibration,access-binary-trees,v8,0,2,0,[],0,1,16,99,6.1875,126589997,"[""--max-opt=0"",""--no-lazy""]","[""/home/mzyx/three_engine_20261004/v8-linux64-rel-15.6.21/d8"",""--snapshot_blob=/home/mzyx/three_engine_20261004/v8-linux64-rel-15.6.21/snapshot_blob.bin"",""--max-opt=0"",""--no-lazy"",""/mnt/c/Users/mzyx/Desktop/0921/js-interpreter-bench/experiments/three_engine_baseline/adapters/v8.js"",""/mnt/c/Users/mzyx/Desktop/0921/js-interpreter-bench/experiments/sunspider_three_engine/generated/MAIN/access-binary-trees.N16.main.js""]",83b744a5953d2662ea723564d4035a333782a0cc85232d1025929a925150b133,/mnt/c/Users/mzyx/Desktop/0921/js-interpreter-bench/experiments/sunspider_three_engine/generated/MAIN/access-binary-trees.N16.main.js,18eca0c3691a1d146c185721825be1feba26ca42168090ee01c40af2435702d2,-4,"TEB_RESULT:{""benchmark"":""SunSpider"",""case"":""access-binary-trees"",""mode"":""main"",""N"":16,""checksum"":""-4"",""correctness"":""PASS"",""timer"":""Date.now"",""elapsed_ms"":99,""elapsed_per_call_ms"":6.1875,""warmup_calls"":0}
",,0,True,PASS,,2026-10-04T15:28:21.123022+00:00,0,False,300
wsl2-ubuntu2404-x64-20261004,MAIN,calibration,access-binary-trees,jsc,0,3,0,[],0,1,2,19,9.5,36441278,"[""--useJIT=false"",""--useLLInt=true"",""--validateOptions=true""]","[""/home/mzyx/jsc_build_fd3406f/JSCOnly/Release/bin/jsc"",""--useJIT=false"",""--useLLInt=true"",""--validateOptions=true"",""/mnt/c/Users/mzyx/Desktop/0921/js-interpreter-bench/experiments/three_engine_baseline/adapters/jsc.js"",""/mnt/c/Users/mzyx/Desktop/0921/js-interpreter-bench/experiments/sunspider_three_engine/generated/MAIN/access-binary-trees.N2.main.js""]",65c824a055405bf62b05e21d54515a72a1f0187a4d91225d00a6da969d35879f,/mnt/c/Users/mzyx/Desktop/0921/js-interpreter-bench/experiments/sunspider_three_engine/generated/MAIN/access-binary-trees.N2.main.js,d3e784fdd77864ab1eb3b828e2bb878d6907489e17d10cdce51186b94a60ce58,-4,"TEB_RESULT:{""benchmark"":""SunSpider"",""case"":""access-binary-trees"",""mode"":""main"",""N"":2,""checksum"":""-4"",""correctness"":""PASS"",""timer"":""Date.now"",""elapsed_ms"":19,""elapsed_per_call_ms"":9.5,""warmup_calls"":0}
",,0,True,PASS,,2026-10-04T15:28:19.891133+00:00,0,False,300
wsl2-ubuntu2404-x64-20261004,MAIN,calibration,access-binary-trees,quickjs,0,1,0,[],0,1,2,25,12.5,31805656,[],"[""/home/mzyx/three_engine_20261004/quickjs-04be246001599f5995fa2f2d8c91a0f198d3f34c/qjs"",""-I"",""/mnt/c/Users/mzyx/Desktop/0921/js-interpreter-bench/experiments/three_engine_baseline/adapters/quickjs.js"",""/mnt/c/Users/mzyx/Desktop/0921/js-interpreter-bench/experiments/sunspider_three_engine/generated/MAIN/access-binary-trees.N2.main.js""]",140d5233b0337d91cb0f994ae4a051e49aa04da8802acfaedf0a01b81a620b79,/mnt/c/Users/mzyx/Desktop/0921/js-interpreter-bench/experiments/sunspider_three_engine/generated/MAIN/access-binary-trees.N2.main.js,d3e784fdd77864ab1eb3b828e2bb878d6907489e17d10cdce51186b94a60ce58,-4,"TEB_RESULT:{""benchmark"":""SunSpider"",""case"":""access-binary-trees"",""mode"":""main"",""N"":2,""checksum"":""-4"",""correctness"":""PASS"",""timer"":""Date.now"",""elapsed_ms"":25,""elapsed_per_call_ms"":12.5,""warmup_calls"":0}
",,0,True,PASS,,2026-10-04T15:28:19.698674+00:00,0,False,300
wsl2-ubuntu2404-x64-20261004,MAIN,calibration,access-binary-trees,v8,0,2,0,[],0,1,2,12,6,38734775,"[""--max-opt=0"",""--no-lazy""]","[""/home/mzyx/three_engine_20261004/v8-linux64-rel-15.6.21/d8"",""--snapshot_blob=/home/mzyx/three_engine_20261004/v8-linux64-rel-15.6.21/snapshot_blob.bin"",""--max-opt=0"",""--no-lazy"",""/mnt/c/Users/mzyx/Desktop/0921/js-interpreter-bench/experiments/three_engine_baseline/adapters/v8.js"",""/mnt/c/Users/mzyx/Desktop/0921/js-interpreter-bench/experiments/sunspider_three_engine/generated/MAIN/access-binary-trees.N2.main.js""]",83b744a5953d2662ea723564d4035a333782a0cc85232d1025929a925150b133,/mnt/c/Users/mzyx/Desktop/0921/js-interpreter-bench/experiments/sunspider_three_engine/generated/MAIN/access-binary-trees.N2.main.js,d3e784fdd77864ab1eb3b828e2bb878d6907489e17d10cdce51186b94a60ce58,-4,"TEB_RESULT:{""benchmark"":""SunSpider"",""case"":""access-binary-trees"",""mode"":""main"",""N"":2,""checksum"":""-4"",""correctness"":""PASS"",""timer"":""Date.now"",""elapsed_ms"":12,""elapsed_per_call_ms"":6,""warmup_calls"":0}
",,0,True,PASS,,2026-10-04T15:28:19.792692+00:00,0,False,300
wsl2-ubuntu2404-x64-20261004,MAIN,calibration,access-binary-trees,jsc,0,3,0,[],0,1,256,3413,13.33203125,3433057267,"[""--useJIT=false"",""--useLLInt=true"",""--validateOptions=true""]","[""/home/mzyx/jsc_build_fd3406f/JSCOnly/Release/bin/jsc"",""--useJIT=false"",""--useLLInt=true"",""--validateOptions=true"",""/mnt/c/Users/mzyx/Desktop/0921/js-interpreter-bench/experiments/three_engine_baseline/adapters/jsc.js"",""/mnt/c/Users/mzyx/Desktop/0921/js-interpreter-bench/experiments/sunspider_three_engine/generated/MAIN/access-binary-trees.N256.main.js""]",65c824a055405bf62b05e21d54515a72a1f0187a4d91225d00a6da969d35879f,/mnt/c/Users/mzyx/Desktop/0921/js-interpreter-bench/experiments/sunspider_three_engine/generated/MAIN/access-binary-trees.N256.main.js,8258beb0bddbac007d1f6a71c4a01f0fe218d7576e2545c38fa293276d971619,-4,"TEB_RESULT:{""benchmark"":""SunSpider"",""case"":""access-binary-trees"",""mode"":""main"",""N"":256,""checksum"":""-4"",""correctness"":""PASS"",""timer"":""Date.now"",""elapsed_ms"":3413,""elapsed_per_call_ms"":13.33203125,""warmup_calls"":0}
",,0,True,PASS,,2026-10-04T15:28:35.745252+00:00,0,False,300
wsl2-ubuntu2404-x64-20261004,MAIN,calibration,access-binary-trees,quickjs,0,1,0,[],0,1,256,3052,11.921875,3060314538,[],"[""/home/mzyx/three_engine_20261004/quickjs-04be246001599f5995fa2f2d8c91a0f198d3f34c/qjs"",""-I"",""/mnt/c/Users/mzyx/Desktop/0921/js-interpreter-bench/experiments/three_engine_baseline/adapters/quickjs.js"",""/mnt/c/Users/mzyx/Desktop/0921/js-interpreter-bench/experiments/sunspider_three_engine/generated/MAIN/access-binary-trees.N256.main.js""]",140d5233b0337d91cb0f994ae4a051e49aa04da8802acfaedf0a01b81a620b79,/mnt/c/Users/mzyx/Desktop/0921/js-interpreter-bench/experiments/sunspider_three_engine/generated/MAIN/access-binary-trees.N256.main.js,8258beb0bddbac007d1f6a71c4a01f0fe218d7576e2545c38fa293276d971619,-4,"TEB_RESULT:{""benchmark"":""SunSpider"",""case"":""access-binary-trees"",""mode"":""main"",""N"":256,""checksum"":""-4"",""correctness"":""PASS"",""timer"":""Date.now"",""elapsed_ms"":3052,""elapsed_per_call_ms"":11.921875,""warmup_calls"":0}
",,0,True,PASS,,2026-10-04T15:28:29.326591+00:00,0,False,300
wsl2-ubuntu2404-x64-20261004,MAIN,calibration,access-binary-trees,v8,0,2,0,[],0,1,256,3196,12.484375,1489970802,"[""--max-opt=0"",""--no-lazy""]","[""/home/mzyx/three_engine_20261004/v8-linux64-rel-15.6.21/d8"",""--snapshot_blob=/home/mzyx/three_engine_20261004/v8-linux64-rel-15.6.21/snapshot_blob.bin"",""--max-opt=0"",""--no-lazy"",""/mnt/c/Users/mzyx/Desktop/0921/js-interpreter-bench/experiments/three_engine_baseline/adapters/v8.js"",""/mnt/c/Users/mzyx/Desktop/0921/js-interpreter-bench/experiments/sunspider_three_engine/generated/MAIN/access-binary-trees.N256.main.js""]",83b744a5953d2662ea723564d4035a333782a0cc85232d1025929a925150b133,/mnt/c/Users/mzyx/Desktop/0921/js-interpreter-bench/experiments/sunspider_three_engine/generated/MAIN/access-binary-trees.N256.main.js,8258beb0bddbac007d1f6a71c4a01f0fe218d7576e2545c38fa293276d971619,-4,"TEB_RESULT:{""benchmark"":""SunSpider"",""case"":""access-binary-trees"",""mode"":""main"",""N"":256,""checksum"":""-4"",""correctness"":""PASS"",""timer"":""Date.now"",""elapsed_ms"":3196,""elapsed_per_call_ms"":12.484375,""warmup_calls"":0}
",,0,True,PASS,,2026-10-04T15:28:32.457017+00:00,0,False,300
wsl2-ubuntu2404-x64-20261004,MAIN,calibration,access-binary-trees,jsc,0,3,0,[],0,1,32,403,12.59375,422862199,"[""--useJIT=false"",""--useLLInt=true"",""--validateOptions=true""]","[""/home/mzyx/jsc_build_fd3406f/JSCOnly/Release/bin/jsc"",""--useJIT=false"",""--useLLInt=true"",""--validateOptions=true"",""/mnt/c/Users/mzyx/Desktop/0921/js-interpreter-bench/experiments/three_engine_baseline/adapters/jsc.js"",""/mnt/c/Users/mzyx/Desktop/0921/js-interpreter-bench/experiments/sunspider_three_engine/generated/MAIN/access-binary-trees.N32.main.js""]",65c824a055405bf62b05e21d54515a72a1f0187a4d91225d00a6da969d35879f,/mnt/c/Users/mzyx/Desktop/0921/js-interpreter-bench/experiments/sunspider_three_engine/generated/MAIN/access-binary-trees.N32.main.js,91130ae3069b0712fe385a6d4cfae758f933a94a1faecdc00fa9657e0b474aa0,-4,"TEB_RESULT:{""benchmark"":""SunSpider"",""case"":""access-binary-trees"",""mode"":""main"",""N"":32,""checksum"":""-4"",""correctness"":""PASS"",""timer"":""Date.now"",""elapsed_ms"":403,""elapsed_per_call_ms"":12.59375,""warmup_calls"":0}
",,0,True,PASS,,2026-10-04T15:28:22.358795+00:00,0,False,300
wsl2-ubuntu2404-x64-20261004,MAIN,calibration,access-binary-trees,quickjs,0,1,0,[],0,1,32,388,12.125,396262541,[],"[""/home/mzyx/three_engine_20261004/quickjs-04be246001599f5995fa2f2d8c91a0f198d3f34c/qjs"",""-I"",""/mnt/c/Users/mzyx/Desktop/0921/js-interpreter-bench/experiments/three_engine_baseline/adapters/quickjs.js"",""/mnt/c/Users/mzyx/Desktop/0921/js-interpreter-bench/experiments/sunspider_three_engine/generated/MAIN/access-binary-trees.N32.main.js""]",140d5233b0337d91cb0f994ae4a051e49aa04da8802acfaedf0a01b81a620b79,/mnt/c/Users/mzyx/Desktop/0921/js-interpreter-bench/experiments/sunspider_three_engine/generated/MAIN/access-binary-trees.N32.main.js,91130ae3069b0712fe385a6d4cfae758f933a94a1faecdc00fa9657e0b474aa0,-4,"TEB_RESULT:{""benchmark"":""SunSpider"",""case"":""access-binary-trees"",""mode"":""main"",""N"":32,""checksum"":""-4"",""correctness"":""PASS"",""timer"":""Date.now"",""elapsed_ms"":388,""elapsed_per_call_ms"":12.125,""warmup_calls"":0}
",,0,True,PASS,,2026-10-04T15:28:21.618583+00:00,0,False,300
wsl2-ubuntu2404-x64-20261004,MAIN,calibration,access-binary-trees,v8,0,2,0,[],0,1,32,180,5.625,208653114,"[""--max-opt=0"",""--no-lazy""]","[""/home/mzyx/three_engine_20261004/v8-linux64-rel-15.6.21/d8"",""--snapshot_blob=/home/mzyx/three_engine_20261004/v8-linux64-rel-15.6.21/snapshot_blob.bin"",""--max-opt=0"",""--no-lazy"",""/mnt/c/Users/mzyx/Desktop/0921/js-interpreter-bench/experiments/three_engine_baseline/adapters/v8.js"",""/mnt/c/Users/mzyx/Desktop/0921/js-interpreter-bench/experiments/sunspider_three_engine/generated/MAIN/access-binary-trees.N32.main.js""]",83b744a5953d2662ea723564d4035a333782a0cc85232d1025929a925150b133,/mnt/c/Users/mzyx/Desktop/0921/js-interpreter-bench/experiments/sunspider_three_engine/generated/MAIN/access-binary-trees.N32.main.js,91130ae3069b0712fe385a6d4cfae758f933a94a1faecdc00fa9657e0b474aa0,-4,"TEB_RESULT:{""benchmark"":""SunSpider"",""case"":""access-binary-trees"",""mode"":""main"",""N"":32,""checksum"":""-4"",""correctness"":""PASS"",""timer"":""Date.now"",""elapsed_ms"":180,""elapsed_per_call_ms"":5.625,""warmup_calls"":0}
",,0,True,PASS,,2026-10-04T15:28:22.083357+00:00,0,False,300
wsl2-ubuntu2404-x64-20261004,MAIN,calibration,access-binary-trees,jsc,0,3,0,[],0,1,4,44,11,63952282,"[""--useJIT=false"",""--useLLInt=true"",""--validateOptions=true""]","[""/home/mzyx/jsc_build_fd3406f/JSCOnly/Release/bin/jsc"",""--useJIT=false"",""--useLLInt=true"",""--validateOptions=true"",""/mnt/c/Users/mzyx/Desktop/0921/js-interpreter-bench/experiments/three_engine_baseline/adapters/jsc.js"",""/mnt/c/Users/mzyx/Desktop/0921/js-interpreter-bench/experiments/sunspider_three_engine/generated/MAIN/access-binary-trees.N4.main.js""]",65c824a055405bf62b05e21d54515a72a1f0187a4d91225d00a6da969d35879f,/mnt/c/Users/mzyx/Desktop/0921/js-interpreter-bench/experiments/sunspider_three_engine/generated/MAIN/access-binary-trees.N4.main.js,3e157a7a7b7d8f51a3c1c8eb463a5096792038cf87981086dbfbd3254b38f10f,-4,"TEB_RESULT:{""benchmark"":""SunSpider"",""case"":""access-binary-trees"",""mode"":""main"",""N"":4,""checksum"":""-4"",""correctness"":""PASS"",""timer"":""Date.now"",""elapsed_ms"":44,""elapsed_per_call_ms"":11,""warmup_calls"":0}
",,0,True,PASS,,2026-10-04T15:28:20.229611+00:00,0,False,300
wsl2-ubuntu2404-x64-20261004,MAIN,calibration,access-binary-trees,quickjs,0,1,0,[],0,1,4,48,12,56039479,[],"[""/home/mzyx/three_engine_20261004/quickjs-04be246001599f5995fa2f2d8c91a0f198d3f34c/qjs"",""-I"",""/mnt/c/Users/mzyx/Desktop/0921/js-interpreter-bench/experiments/three_engine_baseline/adapters/quickjs.js"",""/mnt/c/Users/mzyx/Desktop/0921/js-interpreter-bench/experiments/sunspider_three_engine/generated/MAIN/access-binary-trees.N4.main.js""]",140d5233b0337d91cb0f994ae4a051e49aa04da8802acfaedf0a01b81a620b79,/mnt/c/Users/mzyx/Desktop/0921/js-interpreter-bench/experiments/sunspider_three_engine/generated/MAIN/access-binary-trees.N4.main.js,3e157a7a7b7d8f51a3c1c8eb463a5096792038cf87981086dbfbd3254b38f10f,-4,"TEB_RESULT:{""benchmark"":""SunSpider"",""case"":""access-binary-trees"",""mode"":""main"",""N"":4,""checksum"":""-4"",""correctness"":""PASS"",""timer"":""Date.now"",""elapsed_ms"":48,""elapsed_per_call_ms"":12,""warmup_calls"":0}
",,0,True,PASS,,2026-10-04T15:28:19.999572+00:00,0,False,300
wsl2-ubuntu2404-x64-20261004,MAIN,calibration,access-binary-trees,v8,0,2,0,[],0,1,4,21,5.25,48868721,"[""--max-opt=0"",""--no-lazy""]","[""/home/mzyx/three_engine_20261004/v8-linux64-rel-15.6.21/d8"",""--snapshot_blob=/home/mzyx/three_engine_20261004/v8-linux64-rel-15.6.21/snapshot_blob.bin"",""--max-opt=0"",""--no-lazy"",""/mnt/c/Users/mzyx/Desktop/0921/js-interpreter-bench/experiments/three_engine_baseline/adapters/v8.js"",""/mnt/c/Users/mzyx/Desktop/0921/js-interpreter-bench/experiments/sunspider_three_engine/generated/MAIN/access-binary-trees.N4.main.js""]",83b744a5953d2662ea723564d4035a333782a0cc85232d1025929a925150b133,/mnt/c/Users/mzyx/Desktop/0921/js-interpreter-bench/experiments/sunspider_three_engine/generated/MAIN/access-binary-trees.N4.main.js,3e157a7a7b7d8f51a3c1c8eb463a5096792038cf87981086dbfbd3254b38f10f,-4,"TEB_RESULT:{""benchmark"":""SunSpider"",""case"":""access-binary-trees"",""mode"":""main"",""N"":4,""checksum"":""-4"",""correctness"":""PASS"",""timer"":""Date.now"",""elapsed_ms"":21,""elapsed_per_call_ms"":5.25,""warmup_calls"":0}
",,0,True,PASS,,2026-10-04T15:28:20.119156+00:00,0,False,300
wsl2-ubuntu2404-x64-20261004,MAIN,calibration,access-binary-trees,jsc,0,3,0,[],0,1,64,827,12.921875,846217057,"[""--useJIT=false"",""--useLLInt=true"",""--validateOptions=true""]","[""/home/mzyx/jsc_build_fd3406f/JSCOnly/Release/bin/jsc"",""--useJIT=false"",""--useLLInt=true"",""--validateOptions=true"",""/mnt/c/Users/mzyx/Desktop/0921/js-interpreter-bench/experiments/three_engine_baseline/adapters/jsc.js"",""/mnt/c/Users/mzyx/Desktop/0921/js-interpreter-bench/experiments/sunspider_three_engine/generated/MAIN/access-binary-trees.N64.main.js""]",65c824a055405bf62b05e21d54515a72a1f0187a4d91225d00a6da969d35879f,/mnt/c/Users/mzyx/Desktop/0921/js-interpreter-bench/experiments/sunspider_three_engine/generated/MAIN/access-binary-trees.N64.main.js,c3d330678487ddd01e04b63afb197d5845e8ad5eea22b03be38d4c0bb71a6c64,-4,"TEB_RESULT:{""benchmark"":""SunSpider"",""case"":""access-binary-trees"",""mode"":""main"",""N"":64,""checksum"":""-4"",""correctness"":""PASS"",""timer"":""Date.now"",""elapsed_ms"":827,""elapsed_per_call_ms"":12.921875,""warmup_calls"":0}
",,0,True,PASS,,2026-10-04T15:28:24.175417+00:00,0,False,300
wsl2-ubuntu2404-x64-20261004,MAIN,calibration,access-binary-trees,quickjs,0,1,0,[],0,1,64,761,11.890625,775248400,[],"[""/home/mzyx/three_engine_20261004/quickjs-04be246001599f5995fa2f2d8c91a0f198d3f34c/qjs"",""-I"",""/mnt/c/Users/mzyx/Desktop/0921/js-interpreter-bench/experiments/three_engine_baseline/adapters/quickjs.js"",""/mnt/c/Users/mzyx/Desktop/0921/js-interpreter-bench/experiments/sunspider_three_engine/generated/MAIN/access-binary-trees.N64.main.js""]",140d5233b0337d91cb0f994ae4a051e49aa04da8802acfaedf0a01b81a620b79,/mnt/c/Users/mzyx/Desktop/0921/js-interpreter-bench/experiments/sunspider_three_engine/generated/MAIN/access-binary-trees.N64.main.js,c3d330678487ddd01e04b63afb197d5845e8ad5eea22b03be38d4c0bb71a6c64,-4,"TEB_RESULT:{""benchmark"":""SunSpider"",""case"":""access-binary-trees"",""mode"":""main"",""N"":64,""checksum"":""-4"",""correctness"":""PASS"",""timer"":""Date.now"",""elapsed_ms"":761,""elapsed_per_call_ms"":11.890625,""warmup_calls"":0}
",,0,True,PASS,,2026-10-04T15:28:22.853754+00:00,0,False,300
wsl2-ubuntu2404-x64-20261004,MAIN,calibration,access-binary-trees,v8,0,2,0,[],0,1,64,385,6.015625,417678630,"[""--max-opt=0"",""--no-lazy""]","[""/home/mzyx/three_engine_20261004/v8-linux64-rel-15.6.21/d8"",""--snapshot_blob=/home/mzyx/three_engine_20261004/v8-linux64-rel-15.6.21/snapshot_blob.bin"",""--max-opt=0"",""--no-lazy"",""/mnt/c/Users/mzyx/Desktop/0921/js-interpreter-bench/experiments/three_engine_baseline/adapters/v8.js"",""/mnt/c/Users/mzyx/Desktop/0921/js-interpreter-bench/experiments/sunspider_three_engine/generated/MAIN/access-binary-trees.N64.main.js""]",83b744a5953d2662ea723564d4035a333782a0cc85232d1025929a925150b133,/mnt/c/Users/mzyx/Desktop/0921/js-interpreter-bench/experiments/sunspider_three_engine/generated/MAIN/access-binary-trees.N64.main.js,c3d330678487ddd01e04b63afb197d5845e8ad5eea22b03be38d4c0bb71a6c64,-4,"TEB_RESULT:{""benchmark"":""SunSpider"",""case"":""access-binary-trees"",""mode"":""main"",""N"":64,""checksum"":""-4"",""correctness"":""PASS"",""timer"":""Date.now"",""elapsed_ms"":385,""elapsed_per_call_ms"":6.015625,""warmup_calls"":0}
",,0,True,PASS,,2026-10-04T15:28:23.694202+00:00,0,False,300
wsl2-ubuntu2404-x64-20261004,MAIN,calibration,access-binary-trees,jsc,0,3,0,[],0,1,8,91,11.375,108153296,"[""--useJIT=false"",""--useLLInt=true"",""--validateOptions=true""]","[""/home/mzyx/jsc_build_fd3406f/JSCOnly/Release/bin/jsc"",""--useJIT=false"",""--useLLInt=true"",""--validateOptions=true"",""/mnt/c/Users/mzyx/Desktop/0921/js-interpreter-bench/experiments/three_engine_baseline/adapters/jsc.js"",""/mnt/c/Users/mzyx/Desktop/0921/js-interpreter-bench/experiments/sunspider_three_engine/generated/MAIN/access-binary-trees.N8.main.js""]",65c824a055405bf62b05e21d54515a72a1f0187a4d91225d00a6da969d35879f,/mnt/c/Users/mzyx/Desktop/0921/js-interpreter-bench/experiments/sunspider_three_engine/generated/MAIN/access-binary-trees.N8.main.js,752069e0230c9cb67a0e6215af47c04fbdd4cc80ba4f8da421521993eae07592,-4,"TEB_RESULT:{""benchmark"":""SunSpider"",""case"":""access-binary-trees"",""mode"":""main"",""N"":8,""checksum"":""-4"",""correctness"":""PASS"",""timer"":""Date.now"",""elapsed_ms"":91,""elapsed_per_call_ms"":11.375,""warmup_calls"":0}
",,0,True,PASS,,2026-10-04T15:28:20.670240+00:00,0,False,300
wsl2-ubuntu2404-x64-20261004,MAIN,calibration,access-binary-trees,quickjs,0,1,0,[],0,1,8,101,12.625,108433594,[],"[""/home/mzyx/three_engine_20261004/quickjs-04be246001599f5995fa2f2d8c91a0f198d3f34c/qjs"",""-I"",""/mnt/c/Users/mzyx/Desktop/0921/js-interpreter-bench/experiments/three_engine_baseline/adapters/quickjs.js"",""/mnt/c/Users/mzyx/Desktop/0921/js-interpreter-bench/experiments/sunspider_three_engine/generated/MAIN/access-binary-trees.N8.main.js""]",140d5233b0337d91cb0f994ae4a051e49aa04da8802acfaedf0a01b81a620b79,/mnt/c/Users/mzyx/Desktop/0921/js-interpreter-bench/experiments/sunspider_three_engine/generated/MAIN/access-binary-trees.N8.main.js,752069e0230c9cb67a0e6215af47c04fbdd4cc80ba4f8da421521993eae07592,-4,"TEB_RESULT:{""benchmark"":""SunSpider"",""case"":""access-binary-trees"",""mode"":""main"",""N"":8,""checksum"":""-4"",""correctness"":""PASS"",""timer"":""Date.now"",""elapsed_ms"":101,""elapsed_per_call_ms"":12.625,""warmup_calls"":0}
",,0,True,PASS,,2026-10-04T15:28:20.364573+00:00,0,False,300
wsl2-ubuntu2404-x64-20261004,MAIN,calibration,access-binary-trees,v8,0,2,0,[],0,1,8,45,5.625,72446268,"[""--max-opt=0"",""--no-lazy""]","[""/home/mzyx/three_engine_20261004/v8-linux64-rel-15.6.21/d8"",""--snapshot_blob=/home/mzyx/three_engine_20261004/v8-linux64-rel-15.6.21/snapshot_blob.bin"",""--max-opt=0"",""--no-lazy"",""/mnt/c/Users/mzyx/Desktop/0921/js-interpreter-bench/experiments/three_engine_baseline/adapters/v8.js"",""/mnt/c/Users/mzyx/Desktop/0921/js-interpreter-bench/experiments/sunspider_three_engine/generated/MAIN/access-binary-trees.N8.main.js""]",83b744a5953d2662ea723564d4035a333782a0cc85232d1025929a925150b133,/mnt/c/Users/mzyx/Desktop/0921/js-interpreter-bench/experiments/sunspider_three_engine/generated/MAIN/access-binary-trees.N8.main.js,752069e0230c9cb67a0e6215af47c04fbdd4cc80ba4f8da421521993eae07592,-4,"TEB_RESULT:{""benchmark"":""SunSpider"",""case"":""access-binary-trees"",""mode"":""main"",""N"":8,""checksum"":""-4"",""correctness"":""PASS"",""timer"":""Date.now"",""elapsed_ms"":45,""elapsed_per_call_ms"":5.625,""warmup_calls"":0}
",,0,True,PASS,,2026-10-04T15:28:20.537885+00:00,0,False,300
wsl2-ubuntu2404-x64-20261004,MAIN,calibration,access-fannkuch,jsc,0,3,0,[],0,1,1,23,23,43730004,"[""--useJIT=false"",""--useLLInt=true"",""--validateOptions=true""]","[""/home/mzyx/jsc_build_fd3406f/JSCOnly/Release/bin/jsc"",""--useJIT=false"",""--useLLInt=true"",""--validateOptions=true"",""/mnt/c/Users/mzyx/Desktop/0921/js-interpreter-bench/experiments/three_engine_baseline/adapters/jsc.js"",""/mnt/c/Users/mzyx/Desktop/0921/js-interpreter-bench/experiments/sunspider_three_engine/generated/MAIN/access-fannkuch.N1.main.js""]",65c824a055405bf62b05e21d54515a72a1f0187a4d91225d00a6da969d35879f,/mnt/c/Users/mzyx/Desktop/0921/js-interpreter-bench/experiments/sunspider_three_engine/generated/MAIN/access-fannkuch.N1.main.js,2b0321d8f9450d9c74e43e1315da6547ac257f077bc09a3fcf6d15efdd7b9f35,22,"TEB_RESULT:{""benchmark"":""SunSpider"",""case"":""access-fannkuch"",""mode"":""main"",""N"":1,""checksum"":""22"",""correctness"":""PASS"",""timer"":""Date.now"",""elapsed_ms"":23,""elapsed_per_call_ms"":23,""warmup_calls"":0}
",,0,True,PASS,,2026-10-04T15:28:39.490803+00:00,0,False,300
wsl2-ubuntu2404-x64-20261004,MAIN,calibration,access-fannkuch,quickjs,0,1,0,[],0,1,1,37,37,45037048,[],"[""/home/mzyx/three_engine_20261004/quickjs-04be246001599f5995fa2f2d8c91a0f198d3f34c/qjs"",""-I"",""/mnt/c/Users/mzyx/Desktop/0921/js-interpreter-bench/experiments/three_engine_baseline/adapters/quickjs.js"",""/mnt/c/Users/mzyx/Desktop/0921/js-interpreter-bench/experiments/sunspider_three_engine/generated/MAIN/access-fannkuch.N1.main.js""]",140d5233b0337d91cb0f994ae4a051e49aa04da8802acfaedf0a01b81a620b79,/mnt/c/Users/mzyx/Desktop/0921/js-interpreter-bench/experiments/sunspider_three_engine/generated/MAIN/access-fannkuch.N1.main.js,2b0321d8f9450d9c74e43e1315da6547ac257f077bc09a3fcf6d15efdd7b9f35,22,"TEB_RESULT:{""benchmark"":""SunSpider"",""case"":""access-fannkuch"",""mode"":""main"",""N"":1,""checksum"":""22"",""correctness"":""PASS"",""timer"":""Date.now"",""elapsed_ms"":37,""elapsed_per_call_ms"":37,""warmup_calls"":0}
",,0,True,PASS,,2026-10-04T15:28:39.257884+00:00,0,False,300
wsl2-ubuntu2404-x64-20261004,MAIN,calibration,access-fannkuch,v8,0,2,0,[],0,1,1,35,35,63048595,"[""--max-opt=0"",""--no-lazy""]","[""/home/mzyx/three_engine_20261004/v8-linux64-rel-15.6.21/d8"",""--snapshot_blob=/home/mzyx/three_engine_20261004/v8-linux64-rel-15.6.21/snapshot_blob.bin"",""--max-opt=0"",""--no-lazy"",""/mnt/c/Users/mzyx/Desktop/0921/js-interpreter-bench/experiments/three_engine_baseline/adapters/v8.js"",""/mnt/c/Users/mzyx/Desktop/0921/js-interpreter-bench/experiments/sunspider_three_engine/generated/MAIN/access-fannkuch.N1.main.js""]",83b744a5953d2662ea723564d4035a333782a0cc85232d1025929a925150b133,/mnt/c/Users/mzyx/Desktop/0921/js-interpreter-bench/experiments/sunspider_three_engine/generated/MAIN/access-fannkuch.N1.main.js,2b0321d8f9450d9c74e43e1315da6547ac257f077bc09a3fcf6d15efdd7b9f35,22,"TEB_RESULT:{""benchmark"":""SunSpider"",""case"":""access-fannkuch"",""mode"":""main"",""N"":1,""checksum"":""22"",""correctness"":""PASS"",""timer"":""Date.now"",""elapsed_ms"":35,""elapsed_per_call_ms"":35,""warmup_calls"":0}
",,0,True,PASS,,2026-10-04T15:28:39.364294+00:00,0,False,300
wsl2-ubuntu2404-x64-20261004,MAIN,calibration,access-fannkuch,jsc,0,3,0,[],0,1,128,3127,24.4296875,3149054268,"[""--useJIT=false"",""--useLLInt=true"",""--validateOptions=true""]","[""/home/mzyx/jsc_build_fd3406f/JSCOnly/Release/bin/jsc"",""--useJIT=false"",""--useLLInt=true"",""--validateOptions=true"",""/mnt/c/Users/mzyx/Desktop/0921/js-interpreter-bench/experiments/three_engine_baseline/adapters/jsc.js"",""/mnt/c/Users/mzyx/Desktop/0921/js-interpreter-bench/experiments/sunspider_three_engine/generated/MAIN/access-fannkuch.N128.main.js""]",65c824a055405bf62b05e21d54515a72a1f0187a4d91225d00a6da969d35879f,/mnt/c/Users/mzyx/Desktop/0921/js-interpreter-bench/experiments/sunspider_three_engine/generated/MAIN/access-fannkuch.N128.main.js,94436c318fa26fded4d4e415677df99bee17b2729224249d9d742513d0c633ef,22,"TEB_RESULT:{""benchmark"":""SunSpider"",""case"":""access-fannkuch"",""mode"":""main"",""N"":128,""checksum"":""22"",""correctness"":""PASS"",""timer"":""Date.now"",""elapsed_ms"":3127,""elapsed_per_call_ms"":24.4296875,""warmup_calls"":0}
",,0,True,PASS,,2026-10-04T15:29:00.067490+00:00,0,False,300
wsl2-ubuntu2404-x64-20261004,MAIN,calibration,access-fannkuch,quickjs,0,1,0,[],0,1,128,4442,34.703125,4448752120,[],"[""/home/mzyx/three_engine_20261004/quickjs-04be246001599f5995fa2f2d8c91a0f198d3f34c/qjs"",""-I"",""/mnt/c/Users/mzyx/Desktop/0921/js-interpreter-bench/experiments/three_engine_baseline/adapters/quickjs.js"",""/mnt/c/Users/mzyx/Desktop/0921/js-interpreter-bench/experiments/sunspider_three_engine/generated/MAIN/access-fannkuch.N128.main.js""]",140d5233b0337d91cb0f994ae4a051e49aa04da8802acfaedf0a01b81a620b79,/mnt/c/Users/mzyx/Desktop/0921/js-interpreter-bench/experiments/sunspider_three_engine/generated/MAIN/access-fannkuch.N128.main.js,94436c318fa26fded4d4e415677df99bee17b2729224249d9d742513d0c633ef,22,"TEB_RESULT:{""benchmark"":""SunSpider"",""case"":""access-fannkuch"",""mode"":""main"",""N"":128,""checksum"":""22"",""correctness"":""PASS"",""timer"":""Date.now"",""elapsed_ms"":4442,""elapsed_per_call_ms"":34.703125,""warmup_calls"":0}
",,0,True,PASS,,2026-10-04T15:28:51.032801+00:00,0,False,300
wsl2-ubuntu2404-x64-20261004,MAIN,calibration,access-fannkuch,v8,0,2,0,[],0,1,128,4421,34.5390625,4452684361,"[""--max-opt=0"",""--no-lazy""]","[""/home/mzyx/three_engine_20261004/v8-linux64-rel-15.6.21/d8"",""--snapshot_blob=/home/mzyx/three_engine_20261004/v8-linux64-rel-15.6.21/snapshot_blob.bin"",""--max-opt=0"",""--no-lazy"",""/mnt/c/Users/mzyx/Desktop/0921/js-interpreter-bench/experiments/three_engine_baseline/adapters/v8.js"",""/mnt/c/Users/mzyx/Desktop/0921/js-interpreter-bench/experiments/sunspider_three_engine/generated/MAIN/access-fannkuch.N128.main.js""]",83b744a5953d2662ea723564d4035a333782a0cc85232d1025929a925150b133,/mnt/c/Users/mzyx/Desktop/0921/js-interpreter-bench/experiments/sunspider_three_engine/generated/MAIN/access-fannkuch.N128.main.js,94436c318fa26fded4d4e415677df99bee17b2729224249d9d742513d0c633ef,22,"TEB_RESULT:{""benchmark"":""SunSpider"",""case"":""access-fannkuch"",""mode"":""main"",""N"":128,""checksum"":""22"",""correctness"":""PASS"",""timer"":""Date.now"",""elapsed_ms"":4421,""elapsed_per_call_ms"":34.5390625,""warmup_calls"":0}
",,0,True,PASS,,2026-10-04T15:28:55.546338+00:00,0,False,300
wsl2-ubuntu2404-x64-20261004,MAIN,calibration,access-fannkuch,jsc,0,3,0,[],0,1,16,376,23.5,393490629,"[""--useJIT=false"",""--useLLInt=true"",""--validateOptions=true""]","[""/home/mzyx/jsc_build_fd3406f/JSCOnly/Release/bin/jsc"",""--useJIT=false"",""--useLLInt=true"",""--validateOptions=true"",""/mnt/c/Users/mzyx/Desktop/0921/js-interpreter-bench/experiments/three_engine_baseline/adapters/jsc.js"",""/mnt/c/Users/mzyx/Desktop/0921/js-interpreter-bench/experiments/sunspider_three_engine/generated/MAIN/access-fannkuch.N16.main.js""]",65c824a055405bf62b05e21d54515a72a1f0187a4d91225d00a6da969d35879f,/mnt/c/Users/mzyx/Desktop/0921/js-interpreter-bench/experiments/sunspider_three_engine/generated/MAIN/access-fannkuch.N16.main.js,862b747503e62c35521e2701a544e2c7beca8c0a015de04f3a9bf6f6991a88e6,22,"TEB_RESULT:{""benchmark"":""SunSpider"",""case"":""access-fannkuch"",""mode"":""main"",""N"":16,""checksum"":""22"",""correctness"":""PASS"",""timer"":""Date.now"",""elapsed_ms"":376,""elapsed_per_call_ms"":23.5,""warmup_calls"":0}
",,0,True,PASS,,2026-10-04T15:28:42.921204+00:00,0,False,300
wsl2-ubuntu2404-x64-20261004,MAIN,calibration,access-fannkuch,quickjs,0,1,0,[],0,1,16,553,34.5625,560222941,[],"[""/home/mzyx/three_engine_20261004/quickjs-04be246001599f5995fa2f2d8c91a0f198d3f34c/qjs"",""-I"",""/mnt/c/Users/mzyx/Desktop/0921/js-interpreter-bench/experiments/three_engine_baseline/adapters/quickjs.js"",""/mnt/c/Users/mzyx/Desktop/0921/js-interpreter-bench/experiments/sunspider_three_engine/generated/MAIN/access-fannkuch.N16.main.js""]",140d5233b0337d91cb0f994ae4a051e49aa04da8802acfaedf0a01b81a620b79,/mnt/c/Users/mzyx/Desktop/0921/js-interpreter-bench/experiments/sunspider_three_engine/generated/MAIN/access-fannkuch.N16.main.js,862b747503e62c35521e2701a544e2c7beca8c0a015de04f3a9bf6f6991a88e6,22,"TEB_RESULT:{""benchmark"":""SunSpider"",""case"":""access-fannkuch"",""mode"":""main"",""N"":16,""checksum"":""22"",""correctness"":""PASS"",""timer"":""Date.now"",""elapsed_ms"":553,""elapsed_per_call_ms"":34.5625,""warmup_calls"":0}
",,0,True,PASS,,2026-10-04T15:28:41.649315+00:00,0,False,300
wsl2-ubuntu2404-x64-20261004,MAIN,calibration,access-fannkuch,v8,0,2,0,[],0,1,16,554,34.625,581706667,"[""--max-opt=0"",""--no-lazy""]","[""/home/mzyx/three_engine_20261004/v8-linux64-rel-15.6.21/d8"",""--snapshot_blob=/home/mzyx/three_engine_20261004/v8-linux64-rel-15.6.21/snapshot_blob.bin"",""--max-opt=0"",""--no-lazy"",""/mnt/c/Users/mzyx/Desktop/0921/js-interpreter-bench/experiments/three_engine_baseline/adapters/v8.js"",""/mnt/c/Users/mzyx/Desktop/0921/js-interpreter-bench/experiments/sunspider_three_engine/generated/MAIN/access-fannkuch.N16.main.js""]",83b744a5953d2662ea723564d4035a333782a0cc85232d1025929a925150b133,/mnt/c/Users/mzyx/Desktop/0921/js-interpreter-bench/experiments/sunspider_three_engine/generated/MAIN/access-fannkuch.N16.main.js,862b747503e62c35521e2701a544e2c7beca8c0a015de04f3a9bf6f6991a88e6,22,"TEB_RESULT:{""benchmark"":""SunSpider"",""case"":""access-fannkuch"",""mode"":""main"",""N"":16,""checksum"":""22"",""correctness"":""PASS"",""timer"":""Date.now"",""elapsed_ms"":554,""elapsed_per_call_ms"":34.625,""warmup_calls"":0}
",,0,True,PASS,,2026-10-04T15:28:42.276493+00:00,0,False,300
wsl2-ubuntu2404-x64-20261004,MAIN,calibration,access-fannkuch,jsc,0,3,0,[],0,1,2,45,22.5,63399836,"[""--useJIT=false"",""--useLLInt=true"",""--validateOptions=true""]","[""/home/mzyx/jsc_build_fd3406f/JSCOnly/Release/bin/jsc"",""--useJIT=false"",""--useLLInt=true"",""--validateOptions=true"",""/mnt/c/Users/mzyx/Desktop/0921/js-interpreter-bench/experiments/three_engine_baseline/adapters/jsc.js"",""/mnt/c/Users/mzyx/Desktop/0921/js-interpreter-bench/experiments/sunspider_three_engine/generated/MAIN/access-fannkuch.N2.main.js""]",65c824a055405bf62b05e21d54515a72a1f0187a4d91225d00a6da969d35879f,/mnt/c/Users/mzyx/Desktop/0921/js-interpreter-bench/experiments/sunspider_three_engine/generated/MAIN/access-fannkuch.N2.main.js,2b65e88e8306a40f5d665246510f3b369ca42c346397a14348f905000980dcf4,22,"TEB_RESULT:{""benchmark"":""SunSpider"",""case"":""access-fannkuch"",""mode"":""main"",""N"":2,""checksum"":""22"",""correctness"":""PASS"",""timer"":""Date.now"",""elapsed_ms"":45,""elapsed_per_call_ms"":22.5,""warmup_calls"":0}
",,0,True,PASS,,2026-10-04T15:28:39.919544+00:00,0,False,300
wsl2-ubuntu2404-x64-20261004,MAIN,calibration,access-fannkuch,quickjs,0,1,0,[],0,1,2,72,36,81601740,[],"[""/home/mzyx/three_engine_20261004/quickjs-04be246001599f5995fa2f2d8c91a0f198d3f34c/qjs"",""-I"",""/mnt/c/Users/mzyx/Desktop/0921/js-interpreter-bench/experiments/three_engine_baseline/adapters/quickjs.js"",""/mnt/c/Users/mzyx/Desktop/0921/js-interpreter-bench/experiments/sunspider_three_engine/generated/MAIN/access-fannkuch.N2.main.js""]",140d5233b0337d91cb0f994ae4a051e49aa04da8802acfaedf0a01b81a620b79,/mnt/c/Users/mzyx/Desktop/0921/js-interpreter-bench/experiments/sunspider_three_engine/generated/MAIN/access-fannkuch.N2.main.js,2b65e88e8306a40f5d665246510f3b369ca42c346397a14348f905000980dcf4,22,"TEB_RESULT:{""benchmark"":""SunSpider"",""case"":""access-fannkuch"",""mode"":""main"",""N"":2,""checksum"":""22"",""correctness"":""PASS"",""timer"":""Date.now"",""elapsed_ms"":72,""elapsed_per_call_ms"":36,""warmup_calls"":0}
",,0,True,PASS,,2026-10-04T15:28:39.616858+00:00,0,False,300
wsl2-ubuntu2404-x64-20261004,MAIN,calibration,access-fannkuch,v8,0,2,0,[],0,1,2,73,36.5,99839312,"[""--max-opt=0"",""--no-lazy""]","[""/home/mzyx/three_engine_20261004/v8-linux64-rel-15.6.21/d8"",""--snapshot_blob=/home/mzyx/three_engine_20261004/v8-linux64-rel-15.6.21/snapshot_blob.bin"",""--max-opt=0"",""--no-lazy"",""/mnt/c/Users/mzyx/Desktop/0921/js-interpreter-bench/experiments/three_engine_baseline/adapters/v8.js"",""/mnt/c/Users/mzyx/Desktop/0921/js-interpreter-bench/experiments/sunspider_three_engine/generated/MAIN/access-fannkuch.N2.main.js""]",83b744a5953d2662ea723564d4035a333782a0cc85232d1025929a925150b133,/mnt/c/Users/mzyx/Desktop/0921/js-interpreter-bench/experiments/sunspider_three_engine/generated/MAIN/access-fannkuch.N2.main.js,2b65e88e8306a40f5d665246510f3b369ca42c346397a14348f905000980dcf4,22,"TEB_RESULT:{""benchmark"":""SunSpider"",""case"":""access-fannkuch"",""mode"":""main"",""N"":2,""checksum"":""22"",""correctness"":""PASS"",""timer"":""Date.now"",""elapsed_ms"":73,""elapsed_per_call_ms"":36.5,""warmup_calls"":0}
",,0,True,PASS,,2026-10-04T15:28:39.760025+00:00,0,False,300
wsl2-ubuntu2404-x64-20261004,MAIN,calibration,access-fannkuch,jsc,0,3,0,[],0,1,32,752,23.5,773184953,"[""--useJIT=false"",""--useLLInt=true"",""--validateOptions=true""]","[""/home/mzyx/jsc_build_fd3406f/JSCOnly/Release/bin/jsc"",""--useJIT=false"",""--useLLInt=true"",""--validateOptions=true"",""/mnt/c/Users/mzyx/Desktop/0921/js-interpreter-bench/experiments/three_engine_baseline/adapters/jsc.js"",""/mnt/c/Users/mzyx/Desktop/0921/js-interpreter-bench/experiments/sunspider_three_engine/generated/MAIN/access-fannkuch.N32.main.js""]",65c824a055405bf62b05e21d54515a72a1f0187a4d91225d00a6da969d35879f,/mnt/c/Users/mzyx/Desktop/0921/js-interpreter-bench/experiments/sunspider_three_engine/generated/MAIN/access-fannkuch.N32.main.js,1f0f1aa6de275121594e89ec99b27d56646d1156b3673b6e1e925f14bc0b7820,22,"TEB_RESULT:{""benchmark"":""SunSpider"",""case"":""access-fannkuch"",""mode"":""main"",""N"":32,""checksum"":""22"",""correctness"":""PASS"",""timer"":""Date.now"",""elapsed_ms"":752,""elapsed_per_call_ms"":23.5,""warmup_calls"":0}
",,0,True,PASS,,2026-10-04T15:28:45.886397+00:00,0,False,300
wsl2-ubuntu2404-x64-20261004,MAIN,calibration,access-fannkuch,quickjs,0,1,0,[],0,1,32,1173,36.65625,1180819264,[],"[""/home/mzyx/three_engine_20261004/quickjs-04be246001599f5995fa2f2d8c91a0f198d3f34c/qjs"",""-I"",""/mnt/c/Users/mzyx/Desktop/0921/js-interpreter-bench/experiments/three_engine_baseline/adapters/quickjs.js"",""/mnt/c/Users/mzyx/Desktop/0921/js-interpreter-bench/experiments/sunspider_three_engine/generated/MAIN/access-fannkuch.N32.main.js""]",140d5233b0337d91cb0f994ae4a051e49aa04da8802acfaedf0a01b81a620b79,/mnt/c/Users/mzyx/Desktop/0921/js-interpreter-bench/experiments/sunspider_three_engine/generated/MAIN/access-fannkuch.N32.main.js,1f0f1aa6de275121594e89ec99b27d56646d1156b3673b6e1e925f14bc0b7820,22,"TEB_RESULT:{""benchmark"":""SunSpider"",""case"":""access-fannkuch"",""mode"":""main"",""N"":32,""checksum"":""22"",""correctness"":""PASS"",""timer"":""Date.now"",""elapsed_ms"":1173,""elapsed_per_call_ms"":36.65625,""warmup_calls"":0}
",,0,True,PASS,,2026-10-04T15:28:43.396754+00:00,0,False,300
wsl2-ubuntu2404-x64-20261004,MAIN,calibration,access-fannkuch,v8,0,2,0,[],0,1,32,1144,35.75,1173734463,"[""--max-opt=0"",""--no-lazy""]","[""/home/mzyx/three_engine_20261004/v8-linux64-rel-15.6.21/d8"",""--snapshot_blob=/home/mzyx/three_engine_20261004/v8-linux64-rel-15.6.21/snapshot_blob.bin"",""--max-opt=0"",""--no-lazy"",""/mnt/c/Users/mzyx/Desktop/0921/js-interpreter-bench/experiments/three_engine_baseline/adapters/v8.js"",""/mnt/c/Users/mzyx/Desktop/0921/js-interpreter-bench/experiments/sunspider_three_engine/generated/MAIN/access-fannkuch.N32.main.js""]",83b744a5953d2662ea723564d4035a333782a0cc85232d1025929a925150b133,/mnt/c/Users/mzyx/Desktop/0921/js-interpreter-bench/experiments/sunspider_three_engine/generated/MAIN/access-fannkuch.N32.main.js,1f0f1aa6de275121594e89ec99b27d56646d1156b3673b6e1e925f14bc0b7820,22,"TEB_RESULT:{""benchmark"":""SunSpider"",""case"":""access-fannkuch"",""mode"":""main"",""N"":32,""checksum"":""22"",""correctness"":""PASS"",""timer"":""Date.now"",""elapsed_ms"":1144,""elapsed_per_call_ms"":35.75,""warmup_calls"":0}
",,0,True,PASS,,2026-10-04T15:28:44.648470+00:00,0,False,300
wsl2-ubuntu2404-x64-20261004,MAIN,calibration,access-fannkuch,jsc,0,3,0,[],0,1,4,90,22.5,108673069,"[""--useJIT=false"",""--useLLInt=true"",""--validateOptions=true""]","[""/home/mzyx/jsc_build_fd3406f/JSCOnly/Release/bin/jsc"",""--useJIT=false"",""--useLLInt=true"",""--validateOptions=true"",""/mnt/c/Users/mzyx/Desktop/0921/js-interpreter-bench/experiments/three_engine_baseline/adapters/jsc.js"",""/mnt/c/Users/mzyx/Desktop/0921/js-interpreter-bench/experiments/sunspider_three_engine/generated/MAIN/access-fannkuch.N4.main.js""]",65c824a055405bf62b05e21d54515a72a1f0187a4d91225d00a6da969d35879f,/mnt/c/Users/mzyx/Desktop/0921/js-interpreter-bench/experiments/sunspider_three_engine/generated/MAIN/access-fannkuch.N4.main.js,801ca0efda64201ee6900a087295d794366bad5174b135ca78ad85d495d125ad,22,"TEB_RESULT:{""benchmark"":""SunSpider"",""case"":""access-fannkuch"",""mode"":""main"",""N"":4,""checksum"":""22"",""correctness"":""PASS"",""timer"":""Date.now"",""elapsed_ms"":90,""elapsed_per_call_ms"":22.5,""warmup_calls"":0}
",,0,True,PASS,,2026-10-04T15:28:40.487705+00:00,0,False,300
wsl2-ubuntu2404-x64-20261004,MAIN,calibration,access-fannkuch,quickjs,0,1,0,[],0,1,4,139,34.75,146750045,[],"[""/home/mzyx/three_engine_20261004/quickjs-04be246001599f5995fa2f2d8c91a0f198d3f34c/qjs"",""-I"",""/mnt/c/Users/mzyx/Desktop/0921/js-interpreter-bench/experiments/three_engine_baseline/adapters/quickjs.js"",""/mnt/c/Users/mzyx/Desktop/0921/js-interpreter-bench/experiments/sunspider_three_engine/generated/MAIN/access-fannkuch.N4.main.js""]",140d5233b0337d91cb0f994ae4a051e49aa04da8802acfaedf0a01b81a620b79,/mnt/c/Users/mzyx/Desktop/0921/js-interpreter-bench/experiments/sunspider_three_engine/generated/MAIN/access-fannkuch.N4.main.js,801ca0efda64201ee6900a087295d794366bad5174b135ca78ad85d495d125ad,22,"TEB_RESULT:{""benchmark"":""SunSpider"",""case"":""access-fannkuch"",""mode"":""main"",""N"":4,""checksum"":""22"",""correctness"":""PASS"",""timer"":""Date.now"",""elapsed_ms"":139,""elapsed_per_call_ms"":34.75,""warmup_calls"":0}
",,0,True,PASS,,2026-10-04T15:28:40.054134+00:00,0,False,300
wsl2-ubuntu2404-x64-20261004,MAIN,calibration,access-fannkuch,v8,0,2,0,[],0,1,4,133,33.25,161253123,"[""--max-opt=0"",""--no-lazy""]","[""/home/mzyx/three_engine_20261004/v8-linux64-rel-15.6.21/d8"",""--snapshot_blob=/home/mzyx/three_engine_20261004/v8-linux64-rel-15.6.21/snapshot_blob.bin"",""--max-opt=0"",""--no-lazy"",""/mnt/c/Users/mzyx/Desktop/0921/js-interpreter-bench/experiments/three_engine_baseline/adapters/v8.js"",""/mnt/c/Users/mzyx/Desktop/0921/js-interpreter-bench/experiments/sunspider_three_engine/generated/MAIN/access-fannkuch.N4.main.js""]",83b744a5953d2662ea723564d4035a333782a0cc85232d1025929a925150b133,/mnt/c/Users/mzyx/Desktop/0921/js-interpreter-bench/experiments/sunspider_three_engine/generated/MAIN/access-fannkuch.N4.main.js,801ca0efda64201ee6900a087295d794366bad5174b135ca78ad85d495d125ad,22,"TEB_RESULT:{""benchmark"":""SunSpider"",""case"":""access-fannkuch"",""mode"":""main"",""N"":4,""checksum"":""22"",""correctness"":""PASS"",""timer"":""Date.now"",""elapsed_ms"":133,""elapsed_per_call_ms"":33.25,""warmup_calls"":0}
",,0,True,PASS,,2026-10-04T15:28:40.265826+00:00,0,False,300
wsl2-ubuntu2404-x64-20261004,MAIN,calibration,access-fannkuch,jsc,0,3,0,[],0,1,64,1480,23.125,1497014763,"[""--useJIT=false"",""--useLLInt=true"",""--validateOptions=true""]","[""/home/mzyx/jsc_build_fd3406f/JSCOnly/Release/bin/jsc"",""--useJIT=false"",""--useLLInt=true"",""--validateOptions=true"",""/mnt/c/Users/mzyx/Desktop/0921/js-interpreter-bench/experiments/three_engine_baseline/adapters/jsc.js"",""/mnt/c/Users/mzyx/Desktop/0921/js-interpreter-bench/experiments/sunspider_three_engine/generated/MAIN/access-fannkuch.N64.main.js""]",65c824a055405bf62b05e21d54515a72a1f0187a4d91225d00a6da969d35879f,/mnt/c/Users/mzyx/Desktop/0921/js-interpreter-bench/experiments/sunspider_three_engine/generated/MAIN/access-fannkuch.N64.main.js,df2705ff55b6254d03dbf7bad7b9bd8a80633f2e9a30c39a18d2c070ef4cb6aa,22,"TEB_RESULT:{""benchmark"":""SunSpider"",""case"":""access-fannkuch"",""mode"":""main"",""N"":64,""checksum"":""22"",""correctness"":""PASS"",""timer"":""Date.now"",""elapsed_ms"":1480,""elapsed_per_call_ms"":23.125,""warmup_calls"":0}
",,0,True,PASS,,2026-10-04T15:28:49.454711+00:00,0,False,300
wsl2-ubuntu2404-x64-20261004,MAIN,calibration,access-fannkuch,quickjs,0,1,0,[],0,1,64,2334,36.46875,2342499862,[],"[""/home/mzyx/three_engine_20261004/quickjs-04be246001599f5995fa2f2d8c91a0f198d3f34c/qjs"",""-I"",""/mnt/c/Users/mzyx/Desktop/0921/js-interpreter-bench/experiments/three_engine_baseline/adapters/quickjs.js"",""/mnt/c/Users/mzyx/Desktop/0921/js-interpreter-bench/experiments/sunspider_three_engine/generated/MAIN/access-fannkuch.N64.main.js""]",140d5233b0337d91cb0f994ae4a051e49aa04da8802acfaedf0a01b81a620b79,/mnt/c/Users/mzyx/Desktop/0921/js-interpreter-bench/experiments/sunspider_three_engine/generated/MAIN/access-fannkuch.N64.main.js,df2705ff55b6254d03dbf7bad7b9bd8a80633f2e9a30c39a18d2c070ef4cb6aa,22,"TEB_RESULT:{""benchmark"":""SunSpider"",""case"":""access-fannkuch"",""mode"":""main"",""N"":64,""checksum"":""22"",""correctness"":""PASS"",""timer"":""Date.now"",""elapsed_ms"":2334,""elapsed_per_call_ms"":36.46875,""warmup_calls"":0}
",,0,True,PASS,,2026-10-04T15:28:46.743962+00:00,0,False,300
wsl2-ubuntu2404-x64-20261004,MAIN,calibration,access-fannkuch,v8,0,2,0,[],0,1,64,202,3.15625,2276989344,"[""--max-opt=0"",""--no-lazy""]","[""/home/mzyx/three_engine_20261004/v8-linux64-rel-15.6.21/d8"",""--snapshot_blob=/home/mzyx/three_engine_20261004/v8-linux64-rel-15.6.21/snapshot_blob.bin"",""--max-opt=0"",""--no-lazy"",""/mnt/c/Users/mzyx/Desktop/0921/js-interpreter-bench/experiments/three_engine_baseline/adapters/v8.js"",""/mnt/c/Users/mzyx/Desktop/0921/js-interpreter-bench/experiments/sunspider_three_engine/generated/MAIN/access-fannkuch.N64.main.js""]",83b744a5953d2662ea723564d4035a333782a0cc85232d1025929a925150b133,/mnt/c/Users/mzyx/Desktop/0921/js-interpreter-bench/experiments/sunspider_three_engine/generated/MAIN/access-fannkuch.N64.main.js,df2705ff55b6254d03dbf7bad7b9bd8a80633f2e9a30c39a18d2c070ef4cb6aa,22,"TEB_RESULT:{""benchmark"":""SunSpider"",""case"":""access-fannkuch"",""mode"":""main"",""N"":64,""checksum"":""22"",""correctness"":""PASS"",""timer"":""Date.now"",""elapsed_ms"":202,""elapsed_per_call_ms"":3.15625,""warmup_calls"":0}
",,0,True,PASS,,2026-10-04T15:28:49.151737+00:00,0,False,300
wsl2-ubuntu2404-x64-20261004,MAIN,calibration,access-fannkuch,jsc,0,3,0,[],0,1,8,179,22.375,196425290,"[""--useJIT=false"",""--useLLInt=true"",""--validateOptions=true""]","[""/home/mzyx/jsc_build_fd3406f/JSCOnly/Release/bin/jsc"",""--useJIT=false"",""--useLLInt=true"",""--validateOptions=true"",""/mnt/c/Users/mzyx/Desktop/0921/js-interpreter-bench/experiments/three_engine_baseline/adapters/jsc.js"",""/mnt/c/Users/mzyx/Desktop/0921/js-interpreter-bench/experiments/sunspider_three_engine/generated/MAIN/access-fannkuch.N8.main.js""]",65c824a055405bf62b05e21d54515a72a1f0187a4d91225d00a6da969d35879f,/mnt/c/Users/mzyx/Desktop/0921/js-interpreter-bench/experiments/sunspider_three_engine/generated/MAIN/access-fannkuch.N8.main.js,48928a3858d34b9198f4df6713ea52ca0cc77bc766ffc0c83d1097147febb12a,22,"TEB_RESULT:{""benchmark"":""SunSpider"",""case"":""access-fannkuch"",""mode"":""main"",""N"":8,""checksum"":""22"",""correctness"":""PASS"",""timer"":""Date.now"",""elapsed_ms"":179,""elapsed_per_call_ms"":22.375,""warmup_calls"":0}
",,0,True,PASS,,2026-10-04T15:28:41.379531+00:00,0,False,300
wsl2-ubuntu2404-x64-20261004,MAIN,calibration,access-fannkuch,quickjs,0,1,0,[],0,1,8,279,34.875,286296546,[],"[""/home/mzyx/three_engine_20261004/quickjs-04be246001599f5995fa2f2d8c91a0f198d3f34c/qjs"",""-I"",""/mnt/c/Users/mzyx/Desktop/0921/js-interpreter-bench/experiments/three_engine_baseline/adapters/quickjs.js"",""/mnt/c/Users/mzyx/Desktop/0921/js-interpreter-bench/experiments/sunspider_three_engine/generated/MAIN/access-fannkuch.N8.main.js""]",140d5233b0337d91cb0f994ae4a051e49aa04da8802acfaedf0a01b81a620b79,/mnt/c/Users/mzyx/Desktop/0921/js-interpreter-bench/experiments/sunspider_three_engine/generated/MAIN/access-fannkuch.N8.main.js,48928a3858d34b9198f4df6713ea52ca0cc77bc766ffc0c83d1097147febb12a,22,"TEB_RESULT:{""benchmark"":""SunSpider"",""case"":""access-fannkuch"",""mode"":""main"",""N"":8,""checksum"":""22"",""correctness"":""PASS"",""timer"":""Date.now"",""elapsed_ms"":279,""elapsed_per_call_ms"":34.875,""warmup_calls"":0}
",,0,True,PASS,,2026-10-04T15:28:40.666243+00:00,0,False,300
wsl2-ubuntu2404-x64-20261004,MAIN,calibration,access-fannkuch,v8,0,2,0,[],0,1,8,266,33.25,292766727,"[""--max-opt=0"",""--no-lazy""]","[""/home/mzyx/three_engine_20261004/v8-linux64-rel-15.6.21/d8"",""--snapshot_blob=/home/mzyx/three_engine_20261004/v8-linux64-rel-15.6.21/snapshot_blob.bin"",""--max-opt=0"",""--no-lazy"",""/mnt/c/Users/mzyx/Desktop/0921/js-interpreter-bench/experiments/three_engine_baseline/adapters/v8.js"",""/mnt/c/Users/mzyx/Desktop/0921/js-interpreter-bench/experiments/sunspider_three_engine/generated/MAIN/access-fannkuch.N8.main.js""]",83b744a5953d2662ea723564d4035a333782a0cc85232d1025929a925150b133,/mnt/c/Users/mzyx/Desktop/0921/js-interpreter-bench/experiments/sunspider_three_engine/generated/MAIN/access-fannkuch.N8.main.js,48928a3858d34b9198f4df6713ea52ca0cc77bc766ffc0c83d1097147febb12a,22,"TEB_RESULT:{""benchmark"":""SunSpider"",""case"":""access-fannkuch"",""mode"":""main"",""N"":8,""checksum"":""22"",""correctness"":""PASS"",""timer"":""Date.now"",""elapsed_ms"":266,""elapsed_per_call_ms"":33.25,""warmup_calls"":0}
",,0,True,PASS,,2026-10-04T15:28:41.019860+00:00,0,False,300
wsl2-ubuntu2404-x64-20261004,MAIN,calibration,access-nbody,jsc,0,3,0,[],0,1,1,12,12,32097516,"[""--useJIT=false"",""--useLLInt=true"",""--validateOptions=true""]","[""/home/mzyx/jsc_build_fd3406f/JSCOnly/Release/bin/jsc"",""--useJIT=false"",""--useLLInt=true"",""--validateOptions=true"",""/mnt/c/Users/mzyx/Desktop/0921/js-interpreter-bench/experiments/three_engine_baseline/adapters/jsc.js"",""/mnt/c/Users/mzyx/Desktop/0921/js-interpreter-bench/experiments/sunspider_three_engine/generated/MAIN/access-nbody.N1.main.js""]",65c824a055405bf62b05e21d54515a72a1f0187a4d91225d00a6da969d35879f,/mnt/c/Users/mzyx/Desktop/0921/js-interpreter-bench/experiments/sunspider_three_engine/generated/MAIN/access-nbody.N1.main.js,241a1d8c990c094c6138ba74e6c2e9bdd935035b0988ac06144ddf0a7fc8e9ea,-1.3524862408537381,"TEB_RESULT:{""benchmark"":""SunSpider"",""case"":""access-nbody"",""mode"":""main"",""N"":1,""checksum"":""-1.3524862408537381"",""correctness"":""PASS"",""timer"":""Date.now"",""elapsed_ms"":12,""elapsed_per_call_ms"":12,""warmup_calls"":0}
",,0,True,PASS,,2026-10-04T15:29:03.508378+00:00,0,False,300
wsl2-ubuntu2404-x64-20261004,MAIN,calibration,access-nbody,quickjs,0,1,0,[],0,1,1,17,17,25076839,[],"[""/home/mzyx/three_engine_20261004/quickjs-04be246001599f5995fa2f2d8c91a0f198d3f34c/qjs"",""-I"",""/mnt/c/Users/mzyx/Desktop/0921/js-interpreter-bench/experiments/three_engine_baseline/adapters/quickjs.js"",""/mnt/c/Users/mzyx/Desktop/0921/js-interpreter-bench/experiments/sunspider_three_engine/generated/MAIN/access-nbody.N1.main.js""]",140d5233b0337d91cb0f994ae4a051e49aa04da8802acfaedf0a01b81a620b79,/mnt/c/Users/mzyx/Desktop/0921/js-interpreter-bench/experiments/sunspider_three_engine/generated/MAIN/access-nbody.N1.main.js,241a1d8c990c094c6138ba74e6c2e9bdd935035b0988ac06144ddf0a7fc8e9ea,-1.3524862408537381,"TEB_RESULT:{""benchmark"":""SunSpider"",""case"":""access-nbody"",""mode"":""main"",""N"":1,""checksum"":""-1.3524862408537381"",""correctness"":""PASS"",""timer"":""Date.now"",""elapsed_ms"":17,""elapsed_per_call_ms"":17,""warmup_calls"":0}
",,0,True,PASS,,2026-10-04T15:29:03.307770+00:00,0,False,300
wsl2-ubuntu2404-x64-20261004,MAIN,calibration,access-nbody,v8,0,2,0,[],0,1,1,18,18,48774572,"[""--max-opt=0"",""--no-lazy""]","[""/home/mzyx/three_engine_20261004/v8-linux64-rel-15.6.21/d8"",""--snapshot_blob=/home/mzyx/three_engine_20261004/v8-linux64-rel-15.6.21/snapshot_blob.bin"",""--max-opt=0"",""--no-lazy"",""/mnt/c/Users/mzyx/Desktop/0921/js-interpreter-bench/experiments/three_engine_baseline/adapters/v8.js"",""/mnt/c/Users/mzyx/Desktop/0921/js-interpreter-bench/experiments/sunspider_three_engine/generated/MAIN/access-nbody.N1.main.js""]",83b744a5953d2662ea723564d4035a333782a0cc85232d1025929a925150b133,/mnt/c/Users/mzyx/Desktop/0921/js-interpreter-bench/experiments/sunspider_three_engine/generated/MAIN/access-nbody.N1.main.js,241a1d8c990c094c6138ba74e6c2e9bdd935035b0988ac06144ddf0a7fc8e9ea,-1.3524862408537381,"TEB_RESULT:{""benchmark"":""SunSpider"",""case"":""access-nbody"",""mode"":""main"",""N"":1,""checksum"":""-1.3524862408537381"",""correctness"":""PASS"",""timer"":""Date.now"",""elapsed_ms"":18,""elapsed_per_call_ms"":18,""warmup_calls"":0}
",,0,True,PASS,,2026-10-04T15:29:03.395218+00:00,0,False,300
wsl2-ubuntu2404-x64-20261004,MAIN,calibration,access-nbody,jsc,0,3,0,[],0,1,128,1497,11.6953125,1516757326,"[""--useJIT=false"",""--useLLInt=true"",""--validateOptions=true""]","[""/home/mzyx/jsc_build_fd3406f/JSCOnly/Release/bin/jsc"",""--useJIT=false"",""--useLLInt=true"",""--validateOptions=true"",""/mnt/c/Users/mzyx/Desktop/0921/js-interpreter-bench/experiments/three_engine_baseline/adapters/jsc.js"",""/mnt/c/Users/mzyx/Desktop/0921/js-interpreter-bench/experiments/sunspider_three_engine/generated/MAIN/access-nbody.N128.main.js""]",65c824a055405bf62b05e21d54515a72a1f0187a4d91225d00a6da969d35879f,/mnt/c/Users/mzyx/Desktop/0921/js-interpreter-bench/experiments/sunspider_three_engine/generated/MAIN/access-nbody.N128.main.js,80311d1d7a879a46d44f459242c14f74af72717fcfa8a86245b43b75ba64f9c2,-1.3524862408537381,"TEB_RESULT:{""benchmark"":""SunSpider"",""case"":""access-nbody"",""mode"":""main"",""N"":128,""checksum"":""-1.3524862408537381"",""correctness"":""PASS"",""timer"":""Date.now"",""elapsed_ms"":1497,""elapsed_per_call_ms"":11.6953125,""warmup_calls"":0}
",,0,True,PASS,,2026-10-04T15:29:16.634744+00:00,0,False,300
wsl2-ubuntu2404-x64-20261004,MAIN,calibration,access-nbody,quickjs,0,1,0,[],0,1,128,2147,16.7734375,2155655348,[],"[""/home/mzyx/three_engine_20261004/quickjs-04be246001599f5995fa2f2d8c91a0f198d3f34c/qjs"",""-I"",""/mnt/c/Users/mzyx/Desktop/0921/js-interpreter-bench/experiments/three_engine_baseline/adapters/quickjs.js"",""/mnt/c/Users/mzyx/Desktop/0921/js-interpreter-bench/experiments/sunspider_three_engine/generated/MAIN/access-nbody.N128.main.js""]",140d5233b0337d91cb0f994ae4a051e49aa04da8802acfaedf0a01b81a620b79,/mnt/c/Users/mzyx/Desktop/0921/js-interpreter-bench/experiments/sunspider_three_engine/generated/MAIN/access-nbody.N128.main.js,80311d1d7a879a46d44f459242c14f74af72717fcfa8a86245b43b75ba64f9c2,-1.3524862408537381,"TEB_RESULT:{""benchmark"":""SunSpider"",""case"":""access-nbody"",""mode"":""main"",""N"":128,""checksum"":""-1.3524862408537381"",""correctness"":""PASS"",""timer"":""Date.now"",""elapsed_ms"":2147,""elapsed_per_call_ms"":16.7734375,""warmup_calls"":0}
",,0,True,PASS,,2026-10-04T15:29:11.574580+00:00,0,False,300
wsl2-ubuntu2404-x64-20261004,MAIN,calibration,access-nbody,v8,0,2,0,[],0,1,128,2735,21.3671875,2765205014,"[""--max-opt=0"",""--no-lazy""]","[""/home/mzyx/three_engine_20261004/v8-linux64-rel-15.6.21/d8"",""--snapshot_blob=/home/mzyx/three_engine_20261004/v8-linux64-rel-15.6.21/snapshot_blob.bin"",""--max-opt=0"",""--no-lazy"",""/mnt/c/Users/mzyx/Desktop/0921/js-interpreter-bench/experiments/three_engine_baseline/adapters/v8.js"",""/mnt/c/Users/mzyx/Desktop/0921/js-interpreter-bench/experiments/sunspider_three_engine/generated/MAIN/access-nbody.N128.main.js""]",83b744a5953d2662ea723564d4035a333782a0cc85232d1025929a925150b133,/mnt/c/Users/mzyx/Desktop/0921/js-interpreter-bench/experiments/sunspider_three_engine/generated/MAIN/access-nbody.N128.main.js,80311d1d7a879a46d44f459242c14f74af72717fcfa8a86245b43b75ba64f9c2,-1.3524862408537381,"TEB_RESULT:{""benchmark"":""SunSpider"",""case"":""access-nbody"",""mode"":""main"",""N"":128,""checksum"":""-1.3524862408537381"",""correctness"":""PASS"",""timer"":""Date.now"",""elapsed_ms"":2735,""elapsed_per_call_ms"":21.3671875,""warmup_calls"":0}
",,0,True,PASS,,2026-10-04T15:29:13.802396+00:00,0,False,300
wsl2-ubuntu2404-x64-20261004,MAIN,calibration,access-nbody,jsc,0,3,0,[],0,1,16,187,11.6875,206180371,"[""--useJIT=false"",""--useLLInt=true"",""--validateOptions=true""]","[""/home/mzyx/jsc_build_fd3406f/JSCOnly/Release/bin/jsc"",""--useJIT=false"",""--useLLInt=true"",""--validateOptions=true"",""/mnt/c/Users/mzyx/Desktop/0921/js-interpreter-bench/experiments/three_engine_baseline/adapters/jsc.js"",""/mnt/c/Users/mzyx/Desktop/0921/js-interpreter-bench/experiments/sunspider_three_engine/generated/MAIN/access-nbody.N16.main.js""]",65c824a055405bf62b05e21d54515a72a1f0187a4d91225d00a6da969d35879f,/mnt/c/Users/mzyx/Desktop/0921/js-interpreter-bench/experiments/sunspider_three_engine/generated/MAIN/access-nbody.N16.main.js,223547ec99ec5ee0966d844081f4684bd2ee00e56258307ffbfa1ffe13754638,-1.3524862408537381,"TEB_RESULT:{""benchmark"":""SunSpider"",""case"":""access-nbody"",""mode"":""main"",""N"":16,""checksum"":""-1.3524862408537381"",""correctness"":""PASS"",""timer"":""Date.now"",""elapsed_ms"":187,""elapsed_per_call_ms"":11.6875,""warmup_calls"":0}
",,0,True,PASS,,2026-10-04T15:29:05.929601+00:00,0,False,300
wsl2-ubuntu2404-x64-20261004,MAIN,calibration,access-nbody,quickjs,0,1,0,[],0,1,16,267,16.6875,275062670,[],"[""/home/mzyx/three_engine_20261004/quickjs-04be246001599f5995fa2f2d8c91a0f198d3f34c/qjs"",""-I"",""/mnt/c/Users/mzyx/Desktop/0921/js-interpreter-bench/experiments/three_engine_baseline/adapters/quickjs.js"",""/mnt/c/Users/mzyx/Desktop/0921/js-interpreter-bench/experiments/sunspider_three_engine/generated/MAIN/access-nbody.N16.main.js""]",140d5233b0337d91cb0f994ae4a051e49aa04da8802acfaedf0a01b81a620b79,/mnt/c/Users/mzyx/Desktop/0921/js-interpreter-bench/experiments/sunspider_three_engine/generated/MAIN/access-nbody.N16.main.js,223547ec99ec5ee0966d844081f4684bd2ee00e56258307ffbfa1ffe13754638,-1.3524862408537381,"TEB_RESULT:{""benchmark"":""SunSpider"",""case"":""access-nbody"",""mode"":""main"",""N"":16,""checksum"":""-1.3524862408537381"",""correctness"":""PASS"",""timer"":""Date.now"",""elapsed_ms"":267,""elapsed_per_call_ms"":16.6875,""warmup_calls"":0}
",,0,True,PASS,,2026-10-04T15:29:05.166476+00:00,0,False,300
wsl2-ubuntu2404-x64-20261004,MAIN,calibration,access-nbody,v8,0,2,0,[],0,1,16,318,19.875,347762978,"[""--max-opt=0"",""--no-lazy""]","[""/home/mzyx/three_engine_20261004/v8-linux64-rel-15.6.21/d8"",""--snapshot_blob=/home/mzyx/three_engine_20261004/v8-linux64-rel-15.6.21/snapshot_blob.bin"",""--max-opt=0"",""--no-lazy"",""/mnt/c/Users/mzyx/Desktop/0921/js-interpreter-bench/experiments/three_engine_baseline/adapters/v8.js"",""/mnt/c/Users/mzyx/Desktop/0921/js-interpreter-bench/experiments/sunspider_three_engine/generated/MAIN/access-nbody.N16.main.js""]",83b744a5953d2662ea723564d4035a333782a0cc85232d1025929a925150b133,/mnt/c/Users/mzyx/Desktop/0921/js-interpreter-bench/experiments/sunspider_three_engine/generated/MAIN/access-nbody.N16.main.js,223547ec99ec5ee0966d844081f4684bd2ee00e56258307ffbfa1ffe13754638,-1.3524862408537381,"TEB_RESULT:{""benchmark"":""SunSpider"",""case"":""access-nbody"",""mode"":""main"",""N"":16,""checksum"":""-1.3524862408537381"",""correctness"":""PASS"",""timer"":""Date.now"",""elapsed_ms"":318,""elapsed_per_call_ms"":19.875,""warmup_calls"":0}
",,0,True,PASS,,2026-10-04T15:29:05.516978+00:00,0,False,300
wsl2-ubuntu2404-x64-20261004,MAIN,calibration,access-nbody,jsc,0,3,0,[],0,1,2,24,12,44291884,"[""--useJIT=false"",""--useLLInt=true"",""--validateOptions=true""]","[""/home/mzyx/jsc_build_fd3406f/JSCOnly/Release/bin/jsc"",""--useJIT=false"",""--useLLInt=true"",""--validateOptions=true"",""/mnt/c/Users/mzyx/Desktop/0921/js-interpreter-bench/experiments/three_engine_baseline/adapters/jsc.js"",""/mnt/c/Users/mzyx/Desktop/0921/js-interpreter-bench/experiments/sunspider_three_engine/generated/MAIN/access-nbody.N2.main.js""]",65c824a055405bf62b05e21d54515a72a1f0187a4d91225d00a6da969d35879f,/mnt/c/Users/mzyx/Desktop/0921/js-interpreter-bench/experiments/sunspider_three_engine/generated/MAIN/access-nbody.N2.main.js,cac13ca32583b7fd003b58a6d8cc32f5d46abb392d9186758f97aefba594b4ad,-1.3524862408537381,"TEB_RESULT:{""benchmark"":""SunSpider"",""case"":""access-nbody"",""mode"":""main"",""N"":2,""checksum"":""-1.3524862408537381"",""correctness"":""PASS"",""timer"":""Date.now"",""elapsed_ms"":24,""elapsed_per_call_ms"":12,""warmup_calls"":0}
",,0,True,PASS,,2026-10-04T15:29:03.867643+00:00,0,False,300
wsl2-ubuntu2404-x64-20261004,MAIN,calibration,access-nbody,quickjs,0,1,0,[],0,1,2,33,16.5,42079602,[],"[""/home/mzyx/three_engine_20261004/quickjs-04be246001599f5995fa2f2d8c91a0f198d3f34c/qjs"",""-I"",""/mnt/c/Users/mzyx/Desktop/0921/js-interpreter-bench/experiments/three_engine_baseline/adapters/quickjs.js"",""/mnt/c/Users/mzyx/Desktop/0921/js-interpreter-bench/experiments/sunspider_three_engine/generated/MAIN/access-nbody.N2.main.js""]",140d5233b0337d91cb0f994ae4a051e49aa04da8802acfaedf0a01b81a620b79,/mnt/c/Users/mzyx/Desktop/0921/js-interpreter-bench/experiments/sunspider_three_engine/generated/MAIN/access-nbody.N2.main.js,cac13ca32583b7fd003b58a6d8cc32f5d46abb392d9186758f97aefba594b4ad,-1.3524862408537381,"TEB_RESULT:{""benchmark"":""SunSpider"",""case"":""access-nbody"",""mode"":""main"",""N"":2,""checksum"":""-1.3524862408537381"",""correctness"":""PASS"",""timer"":""Date.now"",""elapsed_ms"":33,""elapsed_per_call_ms"":16.5,""warmup_calls"":0}
",,0,True,PASS,,2026-10-04T15:29:03.620136+00:00,0,False,300
wsl2-ubuntu2404-x64-20261004,MAIN,calibration,access-nbody,v8,0,2,0,[],0,1,2,38,19,67485857,"[""--max-opt=0"",""--no-lazy""]","[""/home/mzyx/three_engine_20261004/v8-linux64-rel-15.6.21/d8"",""--snapshot_blob=/home/mzyx/three_engine_20261004/v8-linux64-rel-15.6.21/snapshot_blob.bin"",""--max-opt=0"",""--no-lazy"",""/mnt/c/Users/mzyx/Desktop/0921/js-interpreter-bench/experiments/three_engine_baseline/adapters/v8.js"",""/mnt/c/Users/mzyx/Desktop/0921/js-interpreter-bench/experiments/sunspider_three_engine/generated/MAIN/access-nbody.N2.main.js""]",83b744a5953d2662ea723564d4035a333782a0cc85232d1025929a925150b133,/mnt/c/Users/mzyx/Desktop/0921/js-interpreter-bench/experiments/sunspider_three_engine/generated/MAIN/access-nbody.N2.main.js,cac13ca32583b7fd003b58a6d8cc32f5d46abb392d9186758f97aefba594b4ad,-1.3524862408537381,"TEB_RESULT:{""benchmark"":""SunSpider"",""case"":""access-nbody"",""mode"":""main"",""N"":2,""checksum"":""-1.3524862408537381"",""correctness"":""PASS"",""timer"":""Date.now"",""elapsed_ms"":38,""elapsed_per_call_ms"":19,""warmup_calls"":0}
",,0,True,PASS,,2026-10-04T15:29:03.732063+00:00,0,False,300
wsl2-ubuntu2404-x64-20261004,MAIN,calibration,access-nbody,jsc,0,3,0,[],0,1,32,371,11.59375,390303119,"[""--useJIT=false"",""--useLLInt=true"",""--validateOptions=true""]","[""/home/mzyx/jsc_build_fd3406f/JSCOnly/Release/bin/jsc"",""--useJIT=false"",""--useLLInt=true"",""--validateOptions=true"",""/mnt/c/Users/mzyx/Desktop/0921/js-interpreter-bench/experiments/three_engine_baseline/adapters/jsc.js"",""/mnt/c/Users/mzyx/Desktop/0921/js-interpreter-bench/experiments/sunspider_three_engine/generated/MAIN/access-nbody.N32.main.js""]",65c824a055405bf62b05e21d54515a72a1f0187a4d91225d00a6da969d35879f,/mnt/c/Users/mzyx/Desktop/0921/js-interpreter-bench/experiments/sunspider_three_engine/generated/MAIN/access-nbody.N32.main.js,ef675907c99d8efb618650b4065a53bf5886330b9d5fb635550892f9c9022ac9,-1.3524862408537381,"TEB_RESULT:{""benchmark"":""SunSpider"",""case"":""access-nbody"",""mode"":""main"",""N"":32,""checksum"":""-1.3524862408537381"",""correctness"":""PASS"",""timer"":""Date.now"",""elapsed_ms"":371,""elapsed_per_call_ms"":11.59375,""warmup_calls"":0}
",,0,True,PASS,,2026-10-04T15:29:07.610403+00:00,0,False,300
wsl2-ubuntu2404-x64-20261004,MAIN,calibration,access-nbody,quickjs,0,1,0,[],0,1,32,535,16.71875,543667240,[],"[""/home/mzyx/three_engine_20261004/quickjs-04be246001599f5995fa2f2d8c91a0f198d3f34c/qjs"",""-I"",""/mnt/c/Users/mzyx/Desktop/0921/js-interpreter-bench/experiments/three_engine_baseline/adapters/quickjs.js"",""/mnt/c/Users/mzyx/Desktop/0921/js-interpreter-bench/experiments/sunspider_three_engine/generated/MAIN/access-nbody.N32.main.js""]",140d5233b0337d91cb0f994ae4a051e49aa04da8802acfaedf0a01b81a620b79,/mnt/c/Users/mzyx/Desktop/0921/js-interpreter-bench/experiments/sunspider_three_engine/generated/MAIN/access-nbody.N32.main.js,ef675907c99d8efb618650b4065a53bf5886330b9d5fb635550892f9c9022ac9,-1.3524862408537381,"TEB_RESULT:{""benchmark"":""SunSpider"",""case"":""access-nbody"",""mode"":""main"",""N"":32,""checksum"":""-1.3524862408537381"",""correctness"":""PASS"",""timer"":""Date.now"",""elapsed_ms"":535,""elapsed_per_call_ms"":16.71875,""warmup_calls"":0}
",,0,True,PASS,,2026-10-04T15:29:06.216821+00:00,0,False,300
wsl2-ubuntu2404-x64-20261004,MAIN,calibration,access-nbody,v8,0,2,0,[],0,1,32,671,20.96875,706227850,"[""--max-opt=0"",""--no-lazy""]","[""/home/mzyx/three_engine_20261004/v8-linux64-rel-15.6.21/d8"",""--snapshot_blob=/home/mzyx/three_engine_20261004/v8-linux64-rel-15.6.21/snapshot_blob.bin"",""--max-opt=0"",""--no-lazy"",""/mnt/c/Users/mzyx/Desktop/0921/js-interpreter-bench/experiments/three_engine_baseline/adapters/v8.js"",""/mnt/c/Users/mzyx/Desktop/0921/js-interpreter-bench/experiments/sunspider_three_engine/generated/MAIN/access-nbody.N32.main.js""]",83b744a5953d2662ea723564d4035a333782a0cc85232d1025929a925150b133,/mnt/c/Users/mzyx/Desktop/0921/js-interpreter-bench/experiments/sunspider_three_engine/generated/MAIN/access-nbody.N32.main.js,ef675907c99d8efb618650b4065a53bf5886330b9d5fb635550892f9c9022ac9,-1.3524862408537381,"TEB_RESULT:{""benchmark"":""SunSpider"",""case"":""access-nbody"",""mode"":""main"",""N"":32,""checksum"":""-1.3524862408537381"",""correctness"":""PASS"",""timer"":""Date.now"",""elapsed_ms"":671,""elapsed_per_call_ms"":20.96875,""warmup_calls"":0}
",,0,True,PASS,,2026-10-04T15:29:06.831110+00:00,0,False,300
wsl2-ubuntu2404-x64-20261004,MAIN,calibration,access-nbody,jsc,0,3,0,[],0,1,4,49,12.25,75755208,"[""--useJIT=false"",""--useLLInt=true"",""--validateOptions=true""]","[""/home/mzyx/jsc_build_fd3406f/JSCOnly/Release/bin/jsc"",""--useJIT=false"",""--useLLInt=true"",""--validateOptions=true"",""/mnt/c/Users/mzyx/Desktop/0921/js-interpreter-bench/experiments/three_engine_baseline/adapters/jsc.js"",""/mnt/c/Users/mzyx/Desktop/0921/js-interpreter-bench/experiments/sunspider_three_engine/generated/MAIN/access-nbody.N4.main.js""]",65c824a055405bf62b05e21d54515a72a1f0187a4d91225d00a6da969d35879f,/mnt/c/Users/mzyx/Desktop/0921/js-interpreter-bench/experiments/sunspider_three_engine/generated/MAIN/access-nbody.N4.main.js,460cb7e20ccdefbe7e445e7498efca1379d72ada391abc898004df60a2a07007,-1.3524862408537381,"TEB_RESULT:{""benchmark"":""SunSpider"",""case"":""access-nbody"",""mode"":""main"",""N"":4,""checksum"":""-1.3524862408537381"",""correctness"":""PASS"",""timer"":""Date.now"",""elapsed_ms"":49,""elapsed_per_call_ms"":12.25,""warmup_calls"":0}
",,0,True,PASS,,2026-10-04T15:29:04.311127+00:00,0,False,300
wsl2-ubuntu2404-x64-20261004,MAIN,calibration,access-nbody,quickjs,0,1,0,[],0,1,4,67,16.75,75199877,[],"[""/home/mzyx/three_engine_20261004/quickjs-04be246001599f5995fa2f2d8c91a0f198d3f34c/qjs"",""-I"",""/mnt/c/Users/mzyx/Desktop/0921/js-interpreter-bench/experiments/three_engine_baseline/adapters/quickjs.js"",""/mnt/c/Users/mzyx/Desktop/0921/js-interpreter-bench/experiments/sunspider_three_engine/generated/MAIN/access-nbody.N4.main.js""]",140d5233b0337d91cb0f994ae4a051e49aa04da8802acfaedf0a01b81a620b79,/mnt/c/Users/mzyx/Desktop/0921/js-interpreter-bench/experiments/sunspider_three_engine/generated/MAIN/access-nbody.N4.main.js,460cb7e20ccdefbe7e445e7498efca1379d72ada391abc898004df60a2a07007,-1.3524862408537381,"TEB_RESULT:{""benchmark"":""SunSpider"",""case"":""access-nbody"",""mode"":""main"",""N"":4,""checksum"":""-1.3524862408537381"",""correctness"":""PASS"",""timer"":""Date.now"",""elapsed_ms"":67,""elapsed_per_call_ms"":16.75,""warmup_calls"":0}
",,0,True,PASS,,2026-10-04T15:29:03.992525+00:00,0,False,300
wsl2-ubuntu2404-x64-20261004,MAIN,calibration,access-nbody,v8,0,2,0,[],0,1,4,75,18.75,104045962,"[""--max-opt=0"",""--no-lazy""]","[""/home/mzyx/three_engine_20261004/v8-linux64-rel-15.6.21/d8"",""--snapshot_blob=/home/mzyx/three_engine_20261004/v8-linux64-rel-15.6.21/snapshot_blob.bin"",""--max-opt=0"",""--no-lazy"",""/mnt/c/Users/mzyx/Desktop/0921/js-interpreter-bench/experiments/three_engine_baseline/adapters/v8.js"",""/mnt/c/Users/mzyx/Desktop/0921/js-interpreter-bench/experiments/sunspider_three_engine/generated/MAIN/access-nbody.N4.main.js""]",83b744a5953d2662ea723564d4035a333782a0cc85232d1025929a925150b133,/mnt/c/Users/mzyx/Desktop/0921/js-interpreter-bench/experiments/sunspider_three_engine/generated/MAIN/access-nbody.N4.main.js,460cb7e20ccdefbe7e445e7498efca1379d72ada391abc898004df60a2a07007,-1.3524862408537381,"TEB_RESULT:{""benchmark"":""SunSpider"",""case"":""access-nbody"",""mode"":""main"",""N"":4,""checksum"":""-1.3524862408537381"",""correctness"":""PASS"",""timer"":""Date.now"",""elapsed_ms"":75,""elapsed_per_call_ms"":18.75,""warmup_calls"":0}
",,0,True,PASS,,2026-10-04T15:29:04.134366+00:00,0,False,300
wsl2-ubuntu2404-x64-20261004,MAIN,calibration,access-nbody,jsc,0,3,0,[],0,1,64,775,12.109375,798313745,"[""--useJIT=false"",""--useLLInt=true"",""--validateOptions=true""]","[""/home/mzyx/jsc_build_fd3406f/JSCOnly/Release/bin/jsc"",""--useJIT=false"",""--useLLInt=true"",""--validateOptions=true"",""/mnt/c/Users/mzyx/Desktop/0921/js-interpreter-bench/experiments/three_engine_baseline/adapters/jsc.js"",""/mnt/c/Users/mzyx/Desktop/0921/js-interpreter-bench/experiments/sunspider_three_engine/generated/MAIN/access-nbody.N64.main.js""]",65c824a055405bf62b05e21d54515a72a1f0187a4d91225d00a6da969d35879f,/mnt/c/Users/mzyx/Desktop/0921/js-interpreter-bench/experiments/sunspider_three_engine/generated/MAIN/access-nbody.N64.main.js,f0258678e923380959bfbf2715cd1572fe54841e7c1c16323645ec0875e6bde9,-1.3524862408537381,"TEB_RESULT:{""benchmark"":""SunSpider"",""case"":""access-nbody"",""mode"":""main"",""N"":64,""checksum"":""-1.3524862408537381"",""correctness"":""PASS"",""timer"":""Date.now"",""elapsed_ms"":775,""elapsed_per_call_ms"":12.109375,""warmup_calls"":0}
",,0,True,PASS,,2026-10-04T15:29:10.692849+00:00,0,False,300
wsl2-ubuntu2404-x64-20261004,MAIN,calibration,access-nbody,quickjs,0,1,0,[],0,1,64,1056,16.5,1065597001,[],"[""/home/mzyx/three_engine_20261004/quickjs-04be246001599f5995fa2f2d8c91a0f198d3f34c/qjs"",""-I"",""/mnt/c/Users/mzyx/Desktop/0921/js-interpreter-bench/experiments/three_engine_baseline/adapters/quickjs.js"",""/mnt/c/Users/mzyx/Desktop/0921/js-interpreter-bench/experiments/sunspider_three_engine/generated/MAIN/access-nbody.N64.main.js""]",140d5233b0337d91cb0f994ae4a051e49aa04da8802acfaedf0a01b81a620b79,/mnt/c/Users/mzyx/Desktop/0921/js-interpreter-bench/experiments/sunspider_three_engine/generated/MAIN/access-nbody.N64.main.js,f0258678e923380959bfbf2715cd1572fe54841e7c1c16323645ec0875e6bde9,-1.3524862408537381,"TEB_RESULT:{""benchmark"":""SunSpider"",""case"":""access-nbody"",""mode"":""main"",""N"":64,""checksum"":""-1.3524862408537381"",""correctness"":""PASS"",""timer"":""Date.now"",""elapsed_ms"":1056,""elapsed_per_call_ms"":16.5,""warmup_calls"":0}
",,0,True,PASS,,2026-10-04T15:29:08.097611+00:00,0,False,300
wsl2-ubuntu2404-x64-20261004,MAIN,calibration,access-nbody,v8,0,2,0,[],0,1,64,1364,21.3125,1393655572,"[""--max-opt=0"",""--no-lazy""]","[""/home/mzyx/three_engine_20261004/v8-linux64-rel-15.6.21/d8"",""--snapshot_blob=/home/mzyx/three_engine_20261004/v8-linux64-rel-15.6.21/snapshot_blob.bin"",""--max-opt=0"",""--no-lazy"",""/mnt/c/Users/mzyx/Desktop/0921/js-interpreter-bench/experiments/three_engine_baseline/adapters/v8.js"",""/mnt/c/Users/mzyx/Desktop/0921/js-interpreter-bench/experiments/sunspider_three_engine/generated/MAIN/access-nbody.N64.main.js""]",83b744a5953d2662ea723564d4035a333782a0cc85232d1025929a925150b133,/mnt/c/Users/mzyx/Desktop/0921/js-interpreter-bench/experiments/sunspider_three_engine/generated/MAIN/access-nbody.N64.main.js,f0258678e923380959bfbf2715cd1572fe54841e7c1c16323645ec0875e6bde9,-1.3524862408537381,"TEB_RESULT:{""benchmark"":""SunSpider"",""case"":""access-nbody"",""mode"":""main"",""N"":64,""checksum"":""-1.3524862408537381"",""correctness"":""PASS"",""timer"":""Date.now"",""elapsed_ms"":1364,""elapsed_per_call_ms"":21.3125,""warmup_calls"":0}
",,0,True,PASS,,2026-10-04T15:29:09.228483+00:00,0,False,300
wsl2-ubuntu2404-x64-20261004,MAIN,calibration,access-nbody,jsc,0,3,0,[],0,1,8,97,12.125,118667631,"[""--useJIT=false"",""--useLLInt=true"",""--validateOptions=true""]","[""/home/mzyx/jsc_build_fd3406f/JSCOnly/Release/bin/jsc"",""--useJIT=false"",""--useLLInt=true"",""--validateOptions=true"",""/mnt/c/Users/mzyx/Desktop/0921/js-interpreter-bench/experiments/three_engine_baseline/adapters/jsc.js"",""/mnt/c/Users/mzyx/Desktop/0921/js-interpreter-bench/experiments/sunspider_three_engine/generated/MAIN/access-nbody.N8.main.js""]",65c824a055405bf62b05e21d54515a72a1f0187a4d91225d00a6da969d35879f,/mnt/c/Users/mzyx/Desktop/0921/js-interpreter-bench/experiments/sunspider_three_engine/generated/MAIN/access-nbody.N8.main.js,ea741ef87a427d90db7d07e235ba0c2bb2a39572ee90b7c3237c7615835e6faa,-1.3524862408537381,"TEB_RESULT:{""benchmark"":""SunSpider"",""case"":""access-nbody"",""mode"":""main"",""N"":8,""checksum"":""-1.3524862408537381"",""correctness"":""PASS"",""timer"":""Date.now"",""elapsed_ms"":97,""elapsed_per_call_ms"":12.125,""warmup_calls"":0}
",,0,True,PASS,,2026-10-04T15:29:04.968114+00:00,0,False,300
wsl2-ubuntu2404-x64-20261004,MAIN,calibration,access-nbody,quickjs,0,1,0,[],0,1,8,149,18.625,158309993,[],"[""/home/mzyx/three_engine_20261004/quickjs-04be246001599f5995fa2f2d8c91a0f198d3f34c/qjs"",""-I"",""/mnt/c/Users/mzyx/Desktop/0921/js-interpreter-bench/experiments/three_engine_baseline/adapters/quickjs.js"",""/mnt/c/Users/mzyx/Desktop/0921/js-interpreter-bench/experiments/sunspider_three_engine/generated/MAIN/access-nbody.N8.main.js""]",140d5233b0337d91cb0f994ae4a051e49aa04da8802acfaedf0a01b81a620b79,/mnt/c/Users/mzyx/Desktop/0921/js-interpreter-bench/experiments/sunspider_three_engine/generated/MAIN/access-nbody.N8.main.js,ea741ef87a427d90db7d07e235ba0c2bb2a39572ee90b7c3237c7615835e6faa,-1.3524862408537381,"TEB_RESULT:{""benchmark"":""SunSpider"",""case"":""access-nbody"",""mode"":""main"",""N"":8,""checksum"":""-1.3524862408537381"",""correctness"":""PASS"",""timer"":""Date.now"",""elapsed_ms"":149,""elapsed_per_call_ms"":18.625,""warmup_calls"":0}
",,0,True,PASS,,2026-10-04T15:29:04.478725+00:00,0,False,300
wsl2-ubuntu2404-x64-20261004,MAIN,calibration,access-nbody,v8,0,2,0,[],0,1,8,152,19,182642074,"[""--max-opt=0"",""--no-lazy""]","[""/home/mzyx/three_engine_20261004/v8-linux64-rel-15.6.21/d8"",""--snapshot_blob=/home/mzyx/three_engine_20261004/v8-linux64-rel-15.6.21/snapshot_blob.bin"",""--max-opt=0"",""--no-lazy"",""/mnt/c/Users/mzyx/Desktop/0921/js-interpreter-bench/experiments/three_engine_baseline/adapters/v8.js"",""/mnt/c/Users/mzyx/Desktop/0921/js-interpreter-bench/experiments/sunspider_three_engine/generated/MAIN/access-nbody.N8.main.js""]",83b744a5953d2662ea723564d4035a333782a0cc85232d1025929a925150b133,/mnt/c/Users/mzyx/Desktop/0921/js-interpreter-bench/experiments/sunspider_three_engine/generated/MAIN/access-nbody.N8.main.js,ea741ef87a427d90db7d07e235ba0c2bb2a39572ee90b7c3237c7615835e6faa,-1.3524862408537381,"TEB_RESULT:{""benchmark"":""SunSpider"",""case"":""access-nbody"",""mode"":""main"",""N"":8,""checksum"":""-1.3524862408537381"",""correctness"":""PASS"",""timer"":""Date.now"",""elapsed_ms"":152,""elapsed_per_call_ms"":19,""warmup_calls"":0}
",,0,True,PASS,,2026-10-04T15:29:04.704559+00:00,0,False,300
wsl2-ubuntu2404-x64-20261004,MAIN,calibration,access-nsieve,jsc,0,3,0,[],0,1,1,6,6,24618036,"[""--useJIT=false"",""--useLLInt=true"",""--validateOptions=true""]","[""/home/mzyx/jsc_build_fd3406f/JSCOnly/Release/bin/jsc"",""--useJIT=false"",""--useLLInt=true"",""--validateOptions=true"",""/mnt/c/Users/mzyx/Desktop/0921/js-interpreter-bench/experiments/three_engine_baseline/adapters/jsc.js"",""/mnt/c/Users/mzyx/Desktop/0921/js-interpreter-bench/experiments/sunspider_three_engine/generated/MAIN/access-nsieve.N1.main.js""]",65c824a055405bf62b05e21d54515a72a1f0187a4d91225d00a6da969d35879f,/mnt/c/Users/mzyx/Desktop/0921/js-interpreter-bench/experiments/sunspider_three_engine/generated/MAIN/access-nsieve.N1.main.js,00a46a0da609a601c55c994b7af6a3e445a80ad8a7a6f634e8eb1ec7807515b2,14302,"TEB_RESULT:{""benchmark"":""SunSpider"",""case"":""access-nsieve"",""mode"":""main"",""N"":1,""checksum"":""14302"",""correctness"":""PASS"",""timer"":""Date.now"",""elapsed_ms"":6,""elapsed_per_call_ms"":6,""warmup_calls"":0}
",,0,True,PASS,,2026-10-04T15:29:18.433444+00:00,0,False,300
wsl2-ubuntu2404-x64-20261004,MAIN,calibration,access-nsieve,quickjs,0,1,0,[],0,1,1,23,23,31305113,[],"[""/home/mzyx/three_engine_20261004/quickjs-04be246001599f5995fa2f2d8c91a0f198d3f34c/qjs"",""-I"",""/mnt/c/Users/mzyx/Desktop/0921/js-interpreter-bench/experiments/three_engine_baseline/adapters/quickjs.js"",""/mnt/c/Users/mzyx/Desktop/0921/js-interpreter-bench/experiments/sunspider_three_engine/generated/MAIN/access-nsieve.N1.main.js""]",140d5233b0337d91cb0f994ae4a051e49aa04da8802acfaedf0a01b81a620b79,/mnt/c/Users/mzyx/Desktop/0921/js-interpreter-bench/experiments/sunspider_three_engine/generated/MAIN/access-nsieve.N1.main.js,00a46a0da609a601c55c994b7af6a3e445a80ad8a7a6f634e8eb1ec7807515b2,14302,"TEB_RESULT:{""benchmark"":""SunSpider"",""case"":""access-nsieve"",""mode"":""main"",""N"":1,""checksum"":""14302"",""correctness"":""PASS"",""timer"":""Date.now"",""elapsed_ms"":23,""elapsed_per_call_ms"":23,""warmup_calls"":0}
",,0,True,PASS,,2026-10-04T15:29:18.230122+00:00,0,False,300
wsl2-ubuntu2404-x64-20261004,MAIN,calibration,access-nsieve,v8,0,2,0,[],0,1,1,11,11,40244581,"[""--max-opt=0"",""--no-lazy""]","[""/home/mzyx/three_engine_20261004/v8-linux64-rel-15.6.21/d8"",""--snapshot_blob=/home/mzyx/three_engine_20261004/v8-linux64-rel-15.6.21/snapshot_blob.bin"",""--max-opt=0"",""--no-lazy"",""/mnt/c/Users/mzyx/Desktop/0921/js-interpreter-bench/experiments/three_engine_baseline/adapters/v8.js"",""/mnt/c/Users/mzyx/Desktop/0921/js-interpreter-bench/experiments/sunspider_three_engine/generated/MAIN/access-nsieve.N1.main.js""]",83b744a5953d2662ea723564d4035a333782a0cc85232d1025929a925150b133,/mnt/c/Users/mzyx/Desktop/0921/js-interpreter-bench/experiments/sunspider_three_engine/generated/MAIN/access-nsieve.N1.main.js,00a46a0da609a601c55c994b7af6a3e445a80ad8a7a6f634e8eb1ec7807515b2,14302,"TEB_RESULT:{""benchmark"":""SunSpider"",""case"":""access-nsieve"",""mode"":""main"",""N"":1,""checksum"":""14302"",""correctness"":""PASS"",""timer"":""Date.now"",""elapsed_ms"":11,""elapsed_per_call_ms"":11,""warmup_calls"":0}
",,0,True,PASS,,2026-10-04T15:29:18.327193+00:00,0,False,300
wsl2-ubuntu2404-x64-20261004,MAIN,calibration,access-nsieve,jsc,0,3,0,[],0,1,16,104,6.5,123194483,"[""--useJIT=false"",""--useLLInt=true"",""--validateOptions=true""]","[""/home/mzyx/jsc_build_fd3406f/JSCOnly/Release/bin/jsc"",""--useJIT=false"",""--useLLInt=true"",""--validateOptions=true"",""/mnt/c/Users/mzyx/Desktop/0921/js-interpreter-bench/experiments/three_engine_baseline/adapters/jsc.js"",""/mnt/c/Users/mzyx/Desktop/0921/js-interpreter-bench/experiments/sunspider_three_engine/generated/MAIN/access-nsieve.N16.main.js""]",65c824a055405bf62b05e21d54515a72a1f0187a4d91225d00a6da969d35879f,/mnt/c/Users/mzyx/Desktop/0921/js-interpreter-bench/experiments/sunspider_three_engine/generated/MAIN/access-nsieve.N16.main.js,125906926efb87fc95f549a7e28cd234499028df9030e5839befa04bb5f140fe,14302,"TEB_RESULT:{""benchmark"":""SunSpider"",""case"":""access-nsieve"",""mode"":""main"",""N"":16,""checksum"":""14302"",""correctness"":""PASS"",""timer"":""Date.now"",""elapsed_ms"":104,""elapsed_per_call_ms"":6.5,""warmup_calls"":0}
",,0,True,PASS,,2026-10-04T15:29:18.695629+00:00,0,False,300
wsl2-ubuntu2404-x64-20261004,MAIN,calibration,access-nsieve,quickjs,0,1,0,[],0,1,16,325,20.3125,334106431,[],"[""/home/mzyx/three_engine_20261004/quickjs-04be246001599f5995fa2f2d8c91a0f198d3f34c/qjs"",""-I"",""/mnt/c/Users/mzyx/Desktop/0921/js-interpreter-bench/experiments/three_engine_baseline/adapters/quickjs.js"",""/mnt/c/Users/mzyx/Desktop/0921/js-interpreter-bench/experiments/sunspider_three_engine/generated/MAIN/access-nsieve.N16.main.js""]",140d5233b0337d91cb0f994ae4a051e49aa04da8802acfaedf0a01b81a620b79,/mnt/c/Users/mzyx/Desktop/0921/js-interpreter-bench/experiments/sunspider_three_engine/generated/MAIN/access-nsieve.N16.main.js,125906926efb87fc95f549a7e28cd234499028df9030e5839befa04bb5f140fe,14302,"TEB_RESULT:{""benchmark"":""SunSpider"",""case"":""access-nsieve"",""mode"":""main"",""N"":16,""checksum"":""14302"",""correctness"":""PASS"",""timer"":""Date.now"",""elapsed_ms"":325,""elapsed_per_call_ms"":20.3125,""warmup_calls"":0}
",,0,True,PASS,,2026-10-04T15:29:19.894270+00:00,0,False,300
wsl2-ubuntu2404-x64-20261004,MAIN,calibration,access-nsieve,v8,0,2,0,[],0,1,16,,,213183336,"[""--max-opt=0"",""--no-lazy""]","[""/home/mzyx/three_engine_20261004/v8-linux64-rel-15.6.21/d8"",""--snapshot_blob=/home/mzyx/three_engine_20261004/v8-linux64-rel-15.6.21/snapshot_blob.bin"",""--max-opt=0"",""--no-lazy"",""/mnt/c/Users/mzyx/Desktop/0921/js-interpreter-bench/experiments/three_engine_baseline/adapters/v8.js"",""/mnt/c/Users/mzyx/Desktop/0921/js-interpreter-bench/experiments/sunspider_three_engine/generated/MAIN/access-nsieve.N16.main.js""]",83b744a5953d2662ea723564d4035a333782a0cc85232d1025929a925150b133,/mnt/c/Users/mzyx/Desktop/0921/js-interpreter-bench/experiments/sunspider_three_engine/generated/MAIN/access-nsieve.N16.main.js,125906926efb87fc95f549a7e28cd234499028df9030e5839befa04bb5f140fe,,"/mnt/c/Users/mzyx/Desktop/0921/js-interpreter-bench/experiments/sunspider_three_engine/generated/MAIN/access-nsieve.N16.main.js:74: Error: invalid timer interval
    throw new Error('invalid timer interval');
    ^
Error: invalid timer interval
    at /mnt/c/Users/mzyx/Desktop/0921/js-interpreter-bench/experiments/sunspider_three_engine/generated/MAIN/access-nsieve.N16.main.js:74:11
    at /mnt/c/Users/mzyx/Desktop/0921/js-interpreter-bench/experiments/sunspider_three_engine/generated/MAIN/access-nsieve.N16.main.js:82:3

",,1,False,FAIL,exit/stderr gate failed,2026-10-04T15:29:20.298181+00:00,0,False,300
wsl2-ubuntu2404-x64-20261004,MAIN,calibration,access-nsieve,jsc,0,3,0,[],0,1,2,13,6.5,33089089,"[""--useJIT=false"",""--useLLInt=true"",""--validateOptions=true""]","[""/home/mzyx/jsc_build_fd3406f/JSCOnly/Release/bin/jsc"",""--useJIT=false"",""--useLLInt=true"",""--validateOptions=true"",""/mnt/c/Users/mzyx/Desktop/0921/js-interpreter-bench/experiments/three_engine_baseline/adapters/jsc.js"",""/mnt/c/Users/mzyx/Desktop/0921/js-interpreter-bench/experiments/sunspider_three_engine/generated/MAIN/access-nsieve.N2.main.js""]",65c824a055405bf62b05e21d54515a72a1f0187a4d91225d00a6da969d35879f,/mnt/c/Users/mzyx/Desktop/0921/js-interpreter-bench/experiments/sunspider_three_engine/generated/MAIN/access-nsieve.N2.main.js,161a6f9611c59922290ef3b3bd48b6eb1d8f3d52a151ca804737dd1c49106d9b,14302,"TEB_RESULT:{""benchmark"":""SunSpider"",""case"":""access-nsieve"",""mode"":""main"",""N"":2,""checksum"":""14302"",""correctness"":""PASS"",""timer"":""Date.now"",""elapsed_ms"":13,""elapsed_per_call_ms"":6.5,""warmup_calls"":0}
",,0,True,PASS,,2026-10-04T15:29:18.777918+00:00,0,False,300
wsl2-ubuntu2404-x64-20261004,MAIN,calibration,access-nsieve,quickjs,0,1,0,[],0,1,2,43,21.5,52575484,[],"[""/home/mzyx/three_engine_20261004/quickjs-04be246001599f5995fa2f2d8c91a0f198d3f34c/qjs"",""-I"",""/mnt/c/Users/mzyx/Desktop/0921/js-interpreter-bench/experiments/three_engine_baseline/adapters/quickjs.js"",""/mnt/c/Users/mzyx/Desktop/0921/js-interpreter-bench/experiments/sunspider_three_engine/generated/MAIN/access-nsieve.N2.main.js""]",140d5233b0337d91cb0f994ae4a051e49aa04da8802acfaedf0a01b81a620b79,/mnt/c/Users/mzyx/Desktop/0921/js-interpreter-bench/experiments/sunspider_three_engine/generated/MAIN/access-nsieve.N2.main.js,161a6f9611c59922290ef3b3bd48b6eb1d8f3d52a151ca804737dd1c49106d9b,14302,"TEB_RESULT:{""benchmark"":""SunSpider"",""case"":""access-nsieve"",""mode"":""main"",""N"":2,""checksum"":""14302"",""correctness"":""PASS"",""timer"":""Date.now"",""elapsed_ms"":43,""elapsed_per_call_ms"":21.5,""warmup_calls"":0}
",,0,True,PASS,,2026-10-04T15:29:18.535518+00:00,0,False,300
wsl2-ubuntu2404-x64-20261004,MAIN,calibration,access-nsieve,v8,0,2,0,[],0,1,2,27,13.5,57967087,"[""--max-opt=0"",""--no-lazy""]","[""/home/mzyx/three_engine_20261004/v8-linux64-rel-15.6.21/d8"",""--snapshot_blob=/home/mzyx/three_engine_20261004/v8-linux64-rel-15.6.21/snapshot_blob.bin"",""--max-opt=0"",""--no-lazy"",""/mnt/c/Users/mzyx/Desktop/0921/js-interpreter-bench/experiments/three_engine_baseline/adapters/v8.js"",""/mnt/c/Users/mzyx/Desktop/0921/js-interpreter-bench/experiments/sunspider_three_engine/generated/MAIN/access-nsieve.N2.main.js""]",83b744a5953d2662ea723564d4035a333782a0cc85232d1025929a925150b133,/mnt/c/Users/mzyx/Desktop/0921/js-interpreter-bench/experiments/sunspider_three_engine/generated/MAIN/access-nsieve.N2.main.js,161a6f9611c59922290ef3b3bd48b6eb1d8f3d52a151ca804737dd1c49106d9b,14302,"TEB_RESULT:{""benchmark"":""SunSpider"",""case"":""access-nsieve"",""mode"":""main"",""N"":2,""checksum"":""14302"",""correctness"":""PASS"",""timer"":""Date.now"",""elapsed_ms"":27,""elapsed_per_call_ms"":13.5,""warmup_calls"":0}
",,0,True,PASS,,2026-10-04T15:29:18.654707+00:00,0,False,300
wsl2-ubuntu2404-x64-20261004,MAIN,calibration,access-nsieve,jsc,0,3,0,[],0,1,4,25,6.25,45393923,"[""--useJIT=false"",""--useLLInt=true"",""--validateOptions=true""]","[""/home/mzyx/jsc_build_fd3406f/JSCOnly/Release/bin/jsc"",""--useJIT=false"",""--useLLInt=true"",""--validateOptions=true"",""/mnt/c/Users/mzyx/Desktop/0921/js-interpreter-bench/experiments/three_engine_baseline/adapters/jsc.js"",""/mnt/c/Users/mzyx/Desktop/0921/js-interpreter-bench/experiments/sunspider_three_engine/generated/MAIN/access-nsieve.N4.main.js""]",65c824a055405bf62b05e21d54515a72a1f0187a4d91225d00a6da969d35879f,/mnt/c/Users/mzyx/Desktop/0921/js-interpreter-bench/experiments/sunspider_three_engine/generated/MAIN/access-nsieve.N4.main.js,05c1121ace40685deca32cb98568f45dac7c75a88176d02e409fc59484f6c239,14302,"TEB_RESULT:{""benchmark"":""SunSpider"",""case"":""access-nsieve"",""mode"":""main"",""N"":4,""checksum"":""14302"",""correctness"":""PASS"",""timer"":""Date.now"",""elapsed_ms"":25,""elapsed_per_call_ms"":6.25,""warmup_calls"":0}
",,0,True,PASS,,2026-10-04T15:29:19.197089+00:00,0,False,300
wsl2-ubuntu2404-x64-20261004,MAIN,calibration,access-nsieve,quickjs,0,1,0,[],0,1,4,86,21.5,96026528,[],"[""/home/mzyx/three_engine_20261004/quickjs-04be246001599f5995fa2f2d8c91a0f198d3f34c/qjs"",""-I"",""/mnt/c/Users/mzyx/Desktop/0921/js-interpreter-bench/experiments/three_engine_baseline/adapters/quickjs.js"",""/mnt/c/Users/mzyx/Desktop/0921/js-interpreter-bench/experiments/sunspider_three_engine/generated/MAIN/access-nsieve.N4.main.js""]",140d5233b0337d91cb0f994ae4a051e49aa04da8802acfaedf0a01b81a620b79,/mnt/c/Users/mzyx/Desktop/0921/js-interpreter-bench/experiments/sunspider_three_engine/generated/MAIN/access-nsieve.N4.main.js,05c1121ace40685deca32cb98568f45dac7c75a88176d02e409fc59484f6c239,14302,"TEB_RESULT:{""benchmark"":""SunSpider"",""case"":""access-nsieve"",""mode"":""main"",""N"":4,""checksum"":""14302"",""correctness"":""PASS"",""timer"":""Date.now"",""elapsed_ms"":86,""elapsed_per_call_ms"":21.5,""warmup_calls"":0}
",,0,True,PASS,,2026-10-04T15:29:18.895486+00:00,0,False,300
wsl2-ubuntu2404-x64-20261004,MAIN,calibration,access-nsieve,v8,0,2,0,[],0,1,4,44,11,74468319,"[""--max-opt=0"",""--no-lazy""]","[""/home/mzyx/three_engine_20261004/v8-linux64-rel-15.6.21/d8"",""--snapshot_blob=/home/mzyx/three_engine_20261004/v8-linux64-rel-15.6.21/snapshot_blob.bin"",""--max-opt=0"",""--no-lazy"",""/mnt/c/Users/mzyx/Desktop/0921/js-interpreter-bench/experiments/three_engine_baseline/adapters/v8.js"",""/mnt/c/Users/mzyx/Desktop/0921/js-interpreter-bench/experiments/sunspider_three_engine/generated/MAIN/access-nsieve.N4.main.js""]",83b744a5953d2662ea723564d4035a333782a0cc85232d1025929a925150b133,/mnt/c/Users/mzyx/Desktop/0921/js-interpreter-bench/experiments/sunspider_three_engine/generated/MAIN/access-nsieve.N4.main.js,05c1121ace40685deca32cb98568f45dac7c75a88176d02e409fc59484f6c239,14302,"TEB_RESULT:{""benchmark"":""SunSpider"",""case"":""access-nsieve"",""mode"":""main"",""N"":4,""checksum"":""14302"",""correctness"":""PASS"",""timer"":""Date.now"",""elapsed_ms"":44,""elapsed_per_call_ms"":11,""warmup_calls"":0}
",,0,True,PASS,,2026-10-04T15:29:19.059013+00:00,0,False,300
wsl2-ubuntu2404-x64-20261004,MAIN,calibration,access-nsieve,jsc,0,3,0,[],0,1,8,52,6.5,71519810,"[""--useJIT=false"",""--useLLInt=true"",""--validateOptions=true""]","[""/home/mzyx/jsc_build_fd3406f/JSCOnly/Release/bin/jsc"",""--useJIT=false"",""--useLLInt=true"",""--validateOptions=true"",""/mnt/c/Users/mzyx/Desktop/0921/js-interpreter-bench/experiments/three_engine_baseline/adapters/jsc.js"",""/mnt/c/Users/mzyx/Desktop/0921/js-interpreter-bench/experiments/sunspider_three_engine/generated/MAIN/access-nsieve.N8.main.js""]",65c824a055405bf62b05e21d54515a72a1f0187a4d91225d00a6da969d35879f,/mnt/c/Users/mzyx/Desktop/0921/js-interpreter-bench/experiments/sunspider_three_engine/generated/MAIN/access-nsieve.N8.main.js,adb4f5193b73f1e592a8988138d61306f528fd947d8de2b3c89723a9e101bbc9,14302,"TEB_RESULT:{""benchmark"":""SunSpider"",""case"":""access-nsieve"",""mode"":""main"",""N"":8,""checksum"":""14302"",""correctness"":""PASS"",""timer"":""Date.now"",""elapsed_ms"":52,""elapsed_per_call_ms"":6.5,""warmup_calls"":0}
",,0,True,PASS,,2026-10-04T15:29:19.746436+00:00,0,False,300
wsl2-ubuntu2404-x64-20261004,MAIN,calibration,access-nsieve,quickjs,0,1,0,[],0,1,8,169,21.125,177479430,[],"[""/home/mzyx/three_engine_20261004/quickjs-04be246001599f5995fa2f2d8c91a0f198d3f34c/qjs"",""-I"",""/mnt/c/Users/mzyx/Desktop/0921/js-interpreter-bench/experiments/three_engine_baseline/adapters/quickjs.js"",""/mnt/c/Users/mzyx/Desktop/0921/js-interpreter-bench/experiments/sunspider_three_engine/generated/MAIN/access-nsieve.N8.main.js""]",140d5233b0337d91cb0f994ae4a051e49aa04da8802acfaedf0a01b81a620b79,/mnt/c/Users/mzyx/Desktop/0921/js-interpreter-bench/experiments/sunspider_three_engine/generated/MAIN/access-nsieve.N8.main.js,adb4f5193b73f1e592a8988138d61306f528fd947d8de2b3c89723a9e101bbc9,14302,"TEB_RESULT:{""benchmark"":""SunSpider"",""case"":""access-nsieve"",""mode"":""main"",""N"":8,""checksum"":""14302"",""correctness"":""PASS"",""timer"":""Date.now"",""elapsed_ms"":169,""elapsed_per_call_ms"":21.125,""warmup_calls"":0}
",,0,True,PASS,,2026-10-04T15:29:19.319837+00:00,0,False,300
wsl2-ubuntu2404-x64-20261004,MAIN,calibration,access-nsieve,v8,0,2,0,[],0,1,8,87,10.875,116948610,"[""--max-opt=0"",""--no-lazy""]","[""/home/mzyx/three_engine_20261004/v8-linux64-rel-15.6.21/d8"",""--snapshot_blob=/home/mzyx/three_engine_20261004/v8-linux64-rel-15.6.21/snapshot_blob.bin"",""--max-opt=0"",""--no-lazy"",""/mnt/c/Users/mzyx/Desktop/0921/js-interpreter-bench/experiments/three_engine_baseline/adapters/v8.js"",""/mnt/c/Users/mzyx/Desktop/0921/js-interpreter-bench/experiments/sunspider_three_engine/generated/MAIN/access-nsieve.N8.main.js""]",83b744a5953d2662ea723564d4035a333782a0cc85232d1025929a925150b133,/mnt/c/Users/mzyx/Desktop/0921/js-interpreter-bench/experiments/sunspider_three_engine/generated/MAIN/access-nsieve.N8.main.js,adb4f5193b73f1e592a8988138d61306f528fd947d8de2b3c89723a9e101bbc9,14302,"TEB_RESULT:{""benchmark"":""SunSpider"",""case"":""access-nsieve"",""mode"":""main"",""N"":8,""checksum"":""14302"",""correctness"":""PASS"",""timer"":""Date.now"",""elapsed_ms"":87,""elapsed_per_call_ms"":10.875,""warmup_calls"":0}
",,0,True,PASS,,2026-10-04T15:29:19.564422+00:00,0,False,300
