cohort,mode,stage,case,engine,rep,order,round_case_position,permutation,schedule_index,attempt,N,elapsed_ms,elapsed_per_call,outer_wall_ns,flags,command,binary_sha256,script_path,script_sha256,checksum,stdout,stderr,exit_code,valid,status,error,timestamp_utc,warmup_calls,checks_each_call,timeout_seconds
wsl2-ubuntu2404-x64-20261004,MAIN,correctness,3d-cube,jsc,0,0,0,[],0,1,1,,,32393579,"[""--useJIT=false"",""--useLLInt=true"",""--validateOptions=true""]","[""/home/mzyx/jsc_build_fd3406f/JSCOnly/Release/bin/jsc"",""--useJIT=false"",""--useLLInt=true"",""--validateOptions=true"",""/mnt/c/Users/mzyx/Desktop/0921/js-interpreter-bench/experiments/three_engine_baseline/adapters/jsc.js"",""/mnt/c/Users/mzyx/Desktop/0921/js-interpreter-bench/experiments/sunspider_three_engine/generated/MAIN/3d-cube.N1.correctness.js""]",65c824a055405bf62b05e21d54515a72a1f0187a4d91225d00a6da969d35879f,/mnt/c/Users/mzyx/Desktop/0921/js-interpreter-bench/experiments/sunspider_three_engine/generated/MAIN/3d-cube.N1.correctness.js,5fc1f4b16fb6d96a0d517076f8db3128500c8a3610065abb1613343789cc6cdc,320,"TEB_RESULT:{""benchmark"":""SunSpider"",""case"":""3d-cube"",""mode"":""correctness"",""N"":1,""checksum"":""320"",""correctness"":""PASS"",""timer"":""Date.now"",""elapsed_ms"":null,""elapsed_per_call_ms"":null,""warmup_calls"":0}
",,0,True,PASS,,2026-10-04T15:24:20.273346+00:00,0,True,300
wsl2-ubuntu2404-x64-20261004,MAIN,correctness,3d-cube,quickjs,0,0,0,[],0,1,1,,,29046063,[],"[""/home/mzyx/three_engine_20261004/quickjs-04be246001599f5995fa2f2d8c91a0f198d3f34c/qjs"",""-I"",""/mnt/c/Users/mzyx/Desktop/0921/js-interpreter-bench/experiments/three_engine_baseline/adapters/quickjs.js"",""/mnt/c/Users/mzyx/Desktop/0921/js-interpreter-bench/experiments/sunspider_three_engine/generated/MAIN/3d-cube.N1.correctness.js""]",140d5233b0337d91cb0f994ae4a051e49aa04da8802acfaedf0a01b81a620b79,/mnt/c/Users/mzyx/Desktop/0921/js-interpreter-bench/experiments/sunspider_three_engine/generated/MAIN/3d-cube.N1.correctness.js,5fc1f4b16fb6d96a0d517076f8db3128500c8a3610065abb1613343789cc6cdc,320,"TEB_RESULT:{""benchmark"":""SunSpider"",""case"":""3d-cube"",""mode"":""correctness"",""N"":1,""checksum"":""320"",""correctness"":""PASS"",""timer"":""Date.now"",""elapsed_ms"":null,""elapsed_per_call_ms"":null,""warmup_calls"":0}
",,0,True,PASS,,2026-10-04T15:24:20.066058+00:00,0,True,300
wsl2-ubuntu2404-x64-20261004,MAIN,correctness,3d-cube,v8,0,0,0,[],0,1,1,,,49834596,"[""--max-opt=0"",""--no-lazy""]","[""/home/mzyx/three_engine_20261004/v8-linux64-rel-15.6.21/d8"",""--snapshot_blob=/home/mzyx/three_engine_20261004/v8-linux64-rel-15.6.21/snapshot_blob.bin"",""--max-opt=0"",""--no-lazy"",""/mnt/c/Users/mzyx/Desktop/0921/js-interpreter-bench/experiments/three_engine_baseline/adapters/v8.js"",""/mnt/c/Users/mzyx/Desktop/0921/js-interpreter-bench/experiments/sunspider_three_engine/generated/MAIN/3d-cube.N1.correctness.js""]",83b744a5953d2662ea723564d4035a333782a0cc85232d1025929a925150b133,/mnt/c/Users/mzyx/Desktop/0921/js-interpreter-bench/experiments/sunspider_three_engine/generated/MAIN/3d-cube.N1.correctness.js,5fc1f4b16fb6d96a0d517076f8db3128500c8a3610065abb1613343789cc6cdc,320,"TEB_RESULT:{""benchmark"":""SunSpider"",""case"":""3d-cube"",""mode"":""correctness"",""N"":1,""checksum"":""320"",""correctness"":""PASS"",""timer"":""Date.now"",""elapsed_ms"":null,""elapsed_per_call_ms"":null,""warmup_calls"":0}
",,0,True,PASS,,2026-10-04T15:24:20.162311+00:00,0,True,300
wsl2-ubuntu2404-x64-20261004,MAIN,correctness,3d-cube,jsc,0,0,0,[],0,1,2,,,41714756,"[""--useJIT=false"",""--useLLInt=true"",""--validateOptions=true""]","[""/home/mzyx/jsc_build_fd3406f/JSCOnly/Release/bin/jsc"",""--useJIT=false"",""--useLLInt=true"",""--validateOptions=true"",""/mnt/c/Users/mzyx/Desktop/0921/js-interpreter-bench/experiments/three_engine_baseline/adapters/jsc.js"",""/mnt/c/Users/mzyx/Desktop/0921/js-interpreter-bench/experiments/sunspider_three_engine/generated/MAIN/3d-cube.N2.correctness.js""]",65c824a055405bf62b05e21d54515a72a1f0187a4d91225d00a6da969d35879f,/mnt/c/Users/mzyx/Desktop/0921/js-interpreter-bench/experiments/sunspider_three_engine/generated/MAIN/3d-cube.N2.correctness.js,7ad42b3a3431a851dab85068ea9353239a248de371aa0d0dbb62d5ff1980c441,320,"TEB_RESULT:{""benchmark"":""SunSpider"",""case"":""3d-cube"",""mode"":""correctness"",""N"":2,""checksum"":""320"",""correctness"":""PASS"",""timer"":""Date.now"",""elapsed_ms"":null,""elapsed_per_call_ms"":null,""warmup_calls"":0}
",,0,True,PASS,,2026-10-04T15:24:20.635411+00:00,0,True,300
wsl2-ubuntu2404-x64-20261004,MAIN,correctness,3d-cube,quickjs,0,0,0,[],0,1,2,,,51574902,[],"[""/home/mzyx/three_engine_20261004/quickjs-04be246001599f5995fa2f2d8c91a0f198d3f34c/qjs"",""-I"",""/mnt/c/Users/mzyx/Desktop/0921/js-interpreter-bench/experiments/three_engine_baseline/adapters/quickjs.js"",""/mnt/c/Users/mzyx/Desktop/0921/js-interpreter-bench/experiments/sunspider_three_engine/generated/MAIN/3d-cube.N2.correctness.js""]",140d5233b0337d91cb0f994ae4a051e49aa04da8802acfaedf0a01b81a620b79,/mnt/c/Users/mzyx/Desktop/0921/js-interpreter-bench/experiments/sunspider_three_engine/generated/MAIN/3d-cube.N2.correctness.js,7ad42b3a3431a851dab85068ea9353239a248de371aa0d0dbb62d5ff1980c441,320,"TEB_RESULT:{""benchmark"":""SunSpider"",""case"":""3d-cube"",""mode"":""correctness"",""N"":2,""checksum"":""320"",""correctness"":""PASS"",""timer"":""Date.now"",""elapsed_ms"":null,""elapsed_per_call_ms"":null,""warmup_calls"":0}
",,0,True,PASS,,2026-10-04T15:24:20.380680+00:00,0,True,300
wsl2-ubuntu2404-x64-20261004,MAIN,correctness,3d-cube,v8,0,0,0,[],0,1,2,,,73368324,"[""--max-opt=0"",""--no-lazy""]","[""/home/mzyx/three_engine_20261004/v8-linux64-rel-15.6.21/d8"",""--snapshot_blob=/home/mzyx/three_engine_20261004/v8-linux64-rel-15.6.21/snapshot_blob.bin"",""--max-opt=0"",""--no-lazy"",""/mnt/c/Users/mzyx/Desktop/0921/js-interpreter-bench/experiments/three_engine_baseline/adapters/v8.js"",""/mnt/c/Users/mzyx/Desktop/0921/js-interpreter-bench/experiments/sunspider_three_engine/generated/MAIN/3d-cube.N2.correctness.js""]",83b744a5953d2662ea723564d4035a333782a0cc85232d1025929a925150b133,/mnt/c/Users/mzyx/Desktop/0921/js-interpreter-bench/experiments/sunspider_three_engine/generated/MAIN/3d-cube.N2.correctness.js,7ad42b3a3431a851dab85068ea9353239a248de371aa0d0dbb62d5ff1980c441,320,"TEB_RESULT:{""benchmark"":""SunSpider"",""case"":""3d-cube"",""mode"":""correctness"",""N"":2,""checksum"":""320"",""correctness"":""PASS"",""timer"":""Date.now"",""elapsed_ms"":null,""elapsed_per_call_ms"":null,""warmup_calls"":0}
",,0,True,PASS,,2026-10-04T15:24:20.493642+00:00,0,True,300
wsl2-ubuntu2404-x64-20261004,MAIN,correctness,3d-morph,jsc,0,0,0,[],0,1,1,,,31982358,"[""--useJIT=false"",""--useLLInt=true"",""--validateOptions=true""]","[""/home/mzyx/jsc_build_fd3406f/JSCOnly/Release/bin/jsc"",""--useJIT=false"",""--useLLInt=true"",""--validateOptions=true"",""/mnt/c/Users/mzyx/Desktop/0921/js-interpreter-bench/experiments/three_engine_baseline/adapters/jsc.js"",""/mnt/c/Users/mzyx/Desktop/0921/js-interpreter-bench/experiments/sunspider_three_engine/generated/MAIN/3d-morph.N1.correctness.js""]",65c824a055405bf62b05e21d54515a72a1f0187a4d91225d00a6da969d35879f,/mnt/c/Users/mzyx/Desktop/0921/js-interpreter-bench/experiments/sunspider_three_engine/generated/MAIN/3d-morph.N1.correctness.js,f9b86295be81eb4346ade467dd751fca7c16e79e2c3f83a5fe6dcb6d80b29b47,0,"TEB_RESULT:{""benchmark"":""SunSpider"",""case"":""3d-morph"",""mode"":""correctness"",""N"":1,""checksum"":""0"",""correctness"":""PASS"",""timer"":""Date.now"",""elapsed_ms"":null,""elapsed_per_call_ms"":null,""warmup_calls"":0}
",,0,True,PASS,,2026-10-04T15:24:20.929403+00:00,0,True,300
wsl2-ubuntu2404-x64-20261004,MAIN,correctness,3d-morph,quickjs,0,0,0,[],0,1,1,,,22189113,[],"[""/home/mzyx/three_engine_20261004/quickjs-04be246001599f5995fa2f2d8c91a0f198d3f34c/qjs"",""-I"",""/mnt/c/Users/mzyx/Desktop/0921/js-interpreter-bench/experiments/three_engine_baseline/adapters/quickjs.js"",""/mnt/c/Users/mzyx/Desktop/0921/js-interpreter-bench/experiments/sunspider_three_engine/generated/MAIN/3d-morph.N1.correctness.js""]",140d5233b0337d91cb0f994ae4a051e49aa04da8802acfaedf0a01b81a620b79,/mnt/c/Users/mzyx/Desktop/0921/js-interpreter-bench/experiments/sunspider_three_engine/generated/MAIN/3d-morph.N1.correctness.js,f9b86295be81eb4346ade467dd751fca7c16e79e2c3f83a5fe6dcb6d80b29b47,0,"TEB_RESULT:{""benchmark"":""SunSpider"",""case"":""3d-morph"",""mode"":""correctness"",""N"":1,""checksum"":""0"",""correctness"":""PASS"",""timer"":""Date.now"",""elapsed_ms"":null,""elapsed_per_call_ms"":null,""warmup_calls"":0}
",,0,True,PASS,,2026-10-04T15:24:20.739991+00:00,0,True,300
wsl2-ubuntu2404-x64-20261004,MAIN,correctness,3d-morph,v8,0,0,0,[],0,1,1,,,50699531,"[""--max-opt=0"",""--no-lazy""]","[""/home/mzyx/three_engine_20261004/v8-linux64-rel-15.6.21/d8"",""--snapshot_blob=/home/mzyx/three_engine_20261004/v8-linux64-rel-15.6.21/snapshot_blob.bin"",""--max-opt=0"",""--no-lazy"",""/mnt/c/Users/mzyx/Desktop/0921/js-interpreter-bench/experiments/three_engine_baseline/adapters/v8.js"",""/mnt/c/Users/mzyx/Desktop/0921/js-interpreter-bench/experiments/sunspider_three_engine/generated/MAIN/3d-morph.N1.correctness.js""]",83b744a5953d2662ea723564d4035a333782a0cc85232d1025929a925150b133,/mnt/c/Users/mzyx/Desktop/0921/js-interpreter-bench/experiments/sunspider_three_engine/generated/MAIN/3d-morph.N1.correctness.js,f9b86295be81eb4346ade467dd751fca7c16e79e2c3f83a5fe6dcb6d80b29b47,0,"TEB_RESULT:{""benchmark"":""SunSpider"",""case"":""3d-morph"",""mode"":""correctness"",""N"":1,""checksum"":""0"",""correctness"":""PASS"",""timer"":""Date.now"",""elapsed_ms"":null,""elapsed_per_call_ms"":null,""warmup_calls"":0}
",,0,True,PASS,,2026-10-04T15:24:20.818763+00:00,0,True,300
wsl2-ubuntu2404-x64-20261004,MAIN,correctness,3d-morph,jsc,0,0,0,[],0,1,2,,,43636964,"[""--useJIT=false"",""--useLLInt=true"",""--validateOptions=true""]","[""/home/mzyx/jsc_build_fd3406f/JSCOnly/Release/bin/jsc"",""--useJIT=false"",""--useLLInt=true"",""--validateOptions=true"",""/mnt/c/Users/mzyx/Desktop/0921/js-interpreter-bench/experiments/three_engine_baseline/adapters/jsc.js"",""/mnt/c/Users/mzyx/Desktop/0921/js-interpreter-bench/experiments/sunspider_three_engine/generated/MAIN/3d-morph.N2.correctness.js""]",65c824a055405bf62b05e21d54515a72a1f0187a4d91225d00a6da969d35879f,/mnt/c/Users/mzyx/Desktop/0921/js-interpreter-bench/experiments/sunspider_three_engine/generated/MAIN/3d-morph.N2.correctness.js,0d7d8b1e46999cc86b5e9aba38b6ae95592d50482ea7639afbd041b4a5c61151,0,"TEB_RESULT:{""benchmark"":""SunSpider"",""case"":""3d-morph"",""mode"":""correctness"",""N"":2,""checksum"":""0"",""correctness"":""PASS"",""timer"":""Date.now"",""elapsed_ms"":null,""elapsed_per_call_ms"":null,""warmup_calls"":0}
",,0,True,PASS,,2026-10-04T15:24:21.269853+00:00,0,True,300
wsl2-ubuntu2404-x64-20261004,MAIN,correctness,3d-morph,quickjs,0,0,0,[],0,1,2,,,36001272,[],"[""/home/mzyx/three_engine_20261004/quickjs-04be246001599f5995fa2f2d8c91a0f198d3f34c/qjs"",""-I"",""/mnt/c/Users/mzyx/Desktop/0921/js-interpreter-bench/experiments/three_engine_baseline/adapters/quickjs.js"",""/mnt/c/Users/mzyx/Desktop/0921/js-interpreter-bench/experiments/sunspider_three_engine/generated/MAIN/3d-morph.N2.correctness.js""]",140d5233b0337d91cb0f994ae4a051e49aa04da8802acfaedf0a01b81a620b79,/mnt/c/Users/mzyx/Desktop/0921/js-interpreter-bench/experiments/sunspider_three_engine/generated/MAIN/3d-morph.N2.correctness.js,0d7d8b1e46999cc86b5e9aba38b6ae95592d50482ea7639afbd041b4a5c61151,0,"TEB_RESULT:{""benchmark"":""SunSpider"",""case"":""3d-morph"",""mode"":""correctness"",""N"":2,""checksum"":""0"",""correctness"":""PASS"",""timer"":""Date.now"",""elapsed_ms"":null,""elapsed_per_call_ms"":null,""warmup_calls"":0}
",,0,True,PASS,,2026-10-04T15:24:21.036057+00:00,0,True,300
wsl2-ubuntu2404-x64-20261004,MAIN,correctness,3d-morph,v8,0,0,0,[],0,1,2,,,73208255,"[""--max-opt=0"",""--no-lazy""]","[""/home/mzyx/three_engine_20261004/v8-linux64-rel-15.6.21/d8"",""--snapshot_blob=/home/mzyx/three_engine_20261004/v8-linux64-rel-15.6.21/snapshot_blob.bin"",""--max-opt=0"",""--no-lazy"",""/mnt/c/Users/mzyx/Desktop/0921/js-interpreter-bench/experiments/three_engine_baseline/adapters/v8.js"",""/mnt/c/Users/mzyx/Desktop/0921/js-interpreter-bench/experiments/sunspider_three_engine/generated/MAIN/3d-morph.N2.correctness.js""]",83b744a5953d2662ea723564d4035a333782a0cc85232d1025929a925150b133,/mnt/c/Users/mzyx/Desktop/0921/js-interpreter-bench/experiments/sunspider_three_engine/generated/MAIN/3d-morph.N2.correctness.js,0d7d8b1e46999cc86b5e9aba38b6ae95592d50482ea7639afbd041b4a5c61151,0,"TEB_RESULT:{""benchmark"":""SunSpider"",""case"":""3d-morph"",""mode"":""correctness"",""N"":2,""checksum"":""0"",""correctness"":""PASS"",""timer"":""Date.now"",""elapsed_ms"":null,""elapsed_per_call_ms"":null,""warmup_calls"":0}
",,0,True,PASS,,2026-10-04T15:24:21.137020+00:00,0,True,300
wsl2-ubuntu2404-x64-20261004,MAIN,correctness,3d-raytrace,jsc,0,0,0,[],0,1,1,,,34614308,"[""--useJIT=false"",""--useLLInt=true"",""--validateOptions=true""]","[""/home/mzyx/jsc_build_fd3406f/JSCOnly/Release/bin/jsc"",""--useJIT=false"",""--useLLInt=true"",""--validateOptions=true"",""/mnt/c/Users/mzyx/Desktop/0921/js-interpreter-bench/experiments/three_engine_baseline/adapters/jsc.js"",""/mnt/c/Users/mzyx/Desktop/0921/js-interpreter-bench/experiments/sunspider_three_engine/generated/MAIN/3d-raytrace.N1.correctness.js""]",65c824a055405bf62b05e21d54515a72a1f0187a4d91225d00a6da969d35879f,/mnt/c/Users/mzyx/Desktop/0921/js-interpreter-bench/experiments/sunspider_three_engine/generated/MAIN/3d-raytrace.N1.correctness.js,e0285c6bc7f87e4debfaf5f7da97ca7c11fe9bc6a79b32a09c8c0e4fee82ffbc,20970,"TEB_RESULT:{""benchmark"":""SunSpider"",""case"":""3d-raytrace"",""mode"":""correctness"",""N"":1,""checksum"":""20970"",""correctness"":""PASS"",""timer"":""Date.now"",""elapsed_ms"":null,""elapsed_per_call_ms"":null,""warmup_calls"":0}
",,0,True,PASS,,2026-10-04T15:24:21.584271+00:00,0,True,300
wsl2-ubuntu2404-x64-20261004,MAIN,correctness,3d-raytrace,quickjs,0,0,0,[],0,1,1,,,25462562,[],"[""/home/mzyx/three_engine_20261004/quickjs-04be246001599f5995fa2f2d8c91a0f198d3f34c/qjs"",""-I"",""/mnt/c/Users/mzyx/Desktop/0921/js-interpreter-bench/experiments/three_engine_baseline/adapters/quickjs.js"",""/mnt/c/Users/mzyx/Desktop/0921/js-interpreter-bench/experiments/sunspider_three_engine/generated/MAIN/3d-raytrace.N1.correctness.js""]",140d5233b0337d91cb0f994ae4a051e49aa04da8802acfaedf0a01b81a620b79,/mnt/c/Users/mzyx/Desktop/0921/js-interpreter-bench/experiments/sunspider_three_engine/generated/MAIN/3d-raytrace.N1.correctness.js,e0285c6bc7f87e4debfaf5f7da97ca7c11fe9bc6a79b32a09c8c0e4fee82ffbc,20970,"TEB_RESULT:{""benchmark"":""SunSpider"",""case"":""3d-raytrace"",""mode"":""correctness"",""N"":1,""checksum"":""20970"",""correctness"":""PASS"",""timer"":""Date.now"",""elapsed_ms"":null,""elapsed_per_call_ms"":null,""warmup_calls"":0}
",,0,True,PASS,,2026-10-04T15:24:21.386189+00:00,0,True,300
wsl2-ubuntu2404-x64-20261004,MAIN,correctness,3d-raytrace,v8,0,0,0,[],0,1,1,,,45750840,"[""--max-opt=0"",""--no-lazy""]","[""/home/mzyx/three_engine_20261004/v8-linux64-rel-15.6.21/d8"",""--snapshot_blob=/home/mzyx/three_engine_20261004/v8-linux64-rel-15.6.21/snapshot_blob.bin"",""--max-opt=0"",""--no-lazy"",""/mnt/c/Users/mzyx/Desktop/0921/js-interpreter-bench/experiments/three_engine_baseline/adapters/v8.js"",""/mnt/c/Users/mzyx/Desktop/0921/js-interpreter-bench/experiments/sunspider_three_engine/generated/MAIN/3d-raytrace.N1.correctness.js""]",83b744a5953d2662ea723564d4035a333782a0cc85232d1025929a925150b133,/mnt/c/Users/mzyx/Desktop/0921/js-interpreter-bench/experiments/sunspider_three_engine/generated/MAIN/3d-raytrace.N1.correctness.js,e0285c6bc7f87e4debfaf5f7da97ca7c11fe9bc6a79b32a09c8c0e4fee82ffbc,20970,"TEB_RESULT:{""benchmark"":""SunSpider"",""case"":""3d-raytrace"",""mode"":""correctness"",""N"":1,""checksum"":""20970"",""correctness"":""PASS"",""timer"":""Date.now"",""elapsed_ms"":null,""elapsed_per_call_ms"":null,""warmup_calls"":0}
",,0,True,PASS,,2026-10-04T15:24:21.469202+00:00,0,True,300
wsl2-ubuntu2404-x64-20261004,MAIN,correctness,3d-raytrace,jsc,0,0,0,[],0,1,2,,,44863399,"[""--useJIT=false"",""--useLLInt=true"",""--validateOptions=true""]","[""/home/mzyx/jsc_build_fd3406f/JSCOnly/Release/bin/jsc"",""--useJIT=false"",""--useLLInt=true"",""--validateOptions=true"",""/mnt/c/Users/mzyx/Desktop/0921/js-interpreter-bench/experiments/three_engine_baseline/adapters/jsc.js"",""/mnt/c/Users/mzyx/Desktop/0921/js-interpreter-bench/experiments/sunspider_three_engine/generated/MAIN/3d-raytrace.N2.correctness.js""]",65c824a055405bf62b05e21d54515a72a1f0187a4d91225d00a6da969d35879f,/mnt/c/Users/mzyx/Desktop/0921/js-interpreter-bench/experiments/sunspider_three_engine/generated/MAIN/3d-raytrace.N2.correctness.js,e2099a704b47d4aa9343c7ece179bd26c5fe48823f28f848e742c25f5caf8bf4,20970,"TEB_RESULT:{""benchmark"":""SunSpider"",""case"":""3d-raytrace"",""mode"":""correctness"",""N"":2,""checksum"":""20970"",""correctness"":""PASS"",""timer"":""Date.now"",""elapsed_ms"":null,""elapsed_per_call_ms"":null,""warmup_calls"":0}
",,0,True,PASS,,2026-10-04T15:24:21.925556+00:00,0,True,300
wsl2-ubuntu2404-x64-20261004,MAIN,correctness,3d-raytrace,quickjs,0,0,0,[],0,1,2,,,39858707,[],"[""/home/mzyx/three_engine_20261004/quickjs-04be246001599f5995fa2f2d8c91a0f198d3f34c/qjs"",""-I"",""/mnt/c/Users/mzyx/Desktop/0921/js-interpreter-bench/experiments/three_engine_baseline/adapters/quickjs.js"",""/mnt/c/Users/mzyx/Desktop/0921/js-interpreter-bench/experiments/sunspider_three_engine/generated/MAIN/3d-raytrace.N2.correctness.js""]",140d5233b0337d91cb0f994ae4a051e49aa04da8802acfaedf0a01b81a620b79,/mnt/c/Users/mzyx/Desktop/0921/js-interpreter-bench/experiments/sunspider_three_engine/generated/MAIN/3d-raytrace.N2.correctness.js,e2099a704b47d4aa9343c7ece179bd26c5fe48823f28f848e742c25f5caf8bf4,20970,"TEB_RESULT:{""benchmark"":""SunSpider"",""case"":""3d-raytrace"",""mode"":""correctness"",""N"":2,""checksum"":""20970"",""correctness"":""PASS"",""timer"":""Date.now"",""elapsed_ms"":null,""elapsed_per_call_ms"":null,""warmup_calls"":0}
",,0,True,PASS,,2026-10-04T15:24:21.704717+00:00,0,True,300
wsl2-ubuntu2404-x64-20261004,MAIN,correctness,3d-raytrace,v8,0,0,0,[],0,1,2,,,61070508,"[""--max-opt=0"",""--no-lazy""]","[""/home/mzyx/three_engine_20261004/v8-linux64-rel-15.6.21/d8"",""--snapshot_blob=/home/mzyx/three_engine_20261004/v8-linux64-rel-15.6.21/snapshot_blob.bin"",""--max-opt=0"",""--no-lazy"",""/mnt/c/Users/mzyx/Desktop/0921/js-interpreter-bench/experiments/three_engine_baseline/adapters/v8.js"",""/mnt/c/Users/mzyx/Desktop/0921/js-interpreter-bench/experiments/sunspider_three_engine/generated/MAIN/3d-raytrace.N2.correctness.js""]",83b744a5953d2662ea723564d4035a333782a0cc85232d1025929a925150b133,/mnt/c/Users/mzyx/Desktop/0921/js-interpreter-bench/experiments/sunspider_three_engine/generated/MAIN/3d-raytrace.N2.correctness.js,e2099a704b47d4aa9343c7ece179bd26c5fe48823f28f848e742c25f5caf8bf4,20970,"TEB_RESULT:{""benchmark"":""SunSpider"",""case"":""3d-raytrace"",""mode"":""correctness"",""N"":2,""checksum"":""20970"",""correctness"":""PASS"",""timer"":""Date.now"",""elapsed_ms"":null,""elapsed_per_call_ms"":null,""warmup_calls"":0}
",,0,True,PASS,,2026-10-04T15:24:21.805420+00:00,0,True,300
wsl2-ubuntu2404-x64-20261004,MAIN,correctness,access-binary-trees,jsc,0,0,0,[],0,1,1,,,23962803,"[""--useJIT=false"",""--useLLInt=true"",""--validateOptions=true""]","[""/home/mzyx/jsc_build_fd3406f/JSCOnly/Release/bin/jsc"",""--useJIT=false"",""--useLLInt=true"",""--validateOptions=true"",""/mnt/c/Users/mzyx/Desktop/0921/js-interpreter-bench/experiments/three_engine_baseline/adapters/jsc.js"",""/mnt/c/Users/mzyx/Desktop/0921/js-interpreter-bench/experiments/sunspider_three_engine/generated/MAIN/access-binary-trees.N1.correctness.js""]",65c824a055405bf62b05e21d54515a72a1f0187a4d91225d00a6da969d35879f,/mnt/c/Users/mzyx/Desktop/0921/js-interpreter-bench/experiments/sunspider_three_engine/generated/MAIN/access-binary-trees.N1.correctness.js,be07d53b74595f643f32fbaf894b23c1544987bc36215fb29664f14319fde63c,-4,"TEB_RESULT:{""benchmark"":""SunSpider"",""case"":""access-binary-trees"",""mode"":""correctness"",""N"":1,""checksum"":""-4"",""correctness"":""PASS"",""timer"":""Date.now"",""elapsed_ms"":null,""elapsed_per_call_ms"":null,""warmup_calls"":0}
",,0,True,PASS,,2026-10-04T15:24:22.205307+00:00,0,True,300
wsl2-ubuntu2404-x64-20261004,MAIN,correctness,access-binary-trees,quickjs,0,0,0,[],0,1,1,,,19310349,[],"[""/home/mzyx/three_engine_20261004/quickjs-04be246001599f5995fa2f2d8c91a0f198d3f34c/qjs"",""-I"",""/mnt/c/Users/mzyx/Desktop/0921/js-interpreter-bench/experiments/three_engine_baseline/adapters/quickjs.js"",""/mnt/c/Users/mzyx/Desktop/0921/js-interpreter-bench/experiments/sunspider_three_engine/generated/MAIN/access-binary-trees.N1.correctness.js""]",140d5233b0337d91cb0f994ae4a051e49aa04da8802acfaedf0a01b81a620b79,/mnt/c/Users/mzyx/Desktop/0921/js-interpreter-bench/experiments/sunspider_three_engine/generated/MAIN/access-binary-trees.N1.correctness.js,be07d53b74595f643f32fbaf894b23c1544987bc36215fb29664f14319fde63c,-4,"TEB_RESULT:{""benchmark"":""SunSpider"",""case"":""access-binary-trees"",""mode"":""correctness"",""N"":1,""checksum"":""-4"",""correctness"":""PASS"",""timer"":""Date.now"",""elapsed_ms"":null,""elapsed_per_call_ms"":null,""warmup_calls"":0}
",,0,True,PASS,,2026-10-04T15:24:22.036544+00:00,0,True,300
wsl2-ubuntu2404-x64-20261004,MAIN,correctness,access-binary-trees,v8,0,0,0,[],0,1,1,,,32294271,"[""--max-opt=0"",""--no-lazy""]","[""/home/mzyx/three_engine_20261004/v8-linux64-rel-15.6.21/d8"",""--snapshot_blob=/home/mzyx/three_engine_20261004/v8-linux64-rel-15.6.21/snapshot_blob.bin"",""--max-opt=0"",""--no-lazy"",""/mnt/c/Users/mzyx/Desktop/0921/js-interpreter-bench/experiments/three_engine_baseline/adapters/v8.js"",""/mnt/c/Users/mzyx/Desktop/0921/js-interpreter-bench/experiments/sunspider_three_engine/generated/MAIN/access-binary-trees.N1.correctness.js""]",83b744a5953d2662ea723564d4035a333782a0cc85232d1025929a925150b133,/mnt/c/Users/mzyx/Desktop/0921/js-interpreter-bench/experiments/sunspider_three_engine/generated/MAIN/access-binary-trees.N1.correctness.js,be07d53b74595f643f32fbaf894b23c1544987bc36215fb29664f14319fde63c,-4,"TEB_RESULT:{""benchmark"":""SunSpider"",""case"":""access-binary-trees"",""mode"":""correctness"",""N"":1,""checksum"":""-4"",""correctness"":""PASS"",""timer"":""Date.now"",""elapsed_ms"":null,""elapsed_per_call_ms"":null,""warmup_calls"":0}
",,0,True,PASS,,2026-10-04T15:24:22.113755+00:00,0,True,300
wsl2-ubuntu2404-x64-20261004,MAIN,correctness,access-binary-trees,jsc,0,0,0,[],0,1,2,,,44092373,"[""--useJIT=false"",""--useLLInt=true"",""--validateOptions=true""]","[""/home/mzyx/jsc_build_fd3406f/JSCOnly/Release/bin/jsc"",""--useJIT=false"",""--useLLInt=true"",""--validateOptions=true"",""/mnt/c/Users/mzyx/Desktop/0921/js-interpreter-bench/experiments/three_engine_baseline/adapters/jsc.js"",""/mnt/c/Users/mzyx/Desktop/0921/js-interpreter-bench/experiments/sunspider_three_engine/generated/MAIN/access-binary-trees.N2.correctness.js""]",65c824a055405bf62b05e21d54515a72a1f0187a4d91225d00a6da969d35879f,/mnt/c/Users/mzyx/Desktop/0921/js-interpreter-bench/experiments/sunspider_three_engine/generated/MAIN/access-binary-trees.N2.correctness.js,ca877a65f06a8c37914e077356c1d96c4bed5c86c9c56c16e666957dbc7c626d,-4,"TEB_RESULT:{""benchmark"":""SunSpider"",""case"":""access-binary-trees"",""mode"":""correctness"",""N"":2,""checksum"":""-4"",""correctness"":""PASS"",""timer"":""Date.now"",""elapsed_ms"":null,""elapsed_per_call_ms"":null,""warmup_calls"":0}
",,0,True,PASS,,2026-10-04T15:24:22.493669+00:00,0,True,300
wsl2-ubuntu2404-x64-20261004,MAIN,correctness,access-binary-trees,quickjs,0,0,0,[],0,1,2,,,32358472,[],"[""/home/mzyx/three_engine_20261004/quickjs-04be246001599f5995fa2f2d8c91a0f198d3f34c/qjs"",""-I"",""/mnt/c/Users/mzyx/Desktop/0921/js-interpreter-bench/experiments/three_engine_baseline/adapters/quickjs.js"",""/mnt/c/Users/mzyx/Desktop/0921/js-interpreter-bench/experiments/sunspider_three_engine/generated/MAIN/access-binary-trees.N2.correctness.js""]",140d5233b0337d91cb0f994ae4a051e49aa04da8802acfaedf0a01b81a620b79,/mnt/c/Users/mzyx/Desktop/0921/js-interpreter-bench/experiments/sunspider_three_engine/generated/MAIN/access-binary-trees.N2.correctness.js,ca877a65f06a8c37914e077356c1d96c4bed5c86c9c56c16e666957dbc7c626d,-4,"TEB_RESULT:{""benchmark"":""SunSpider"",""case"":""access-binary-trees"",""mode"":""correctness"",""N"":2,""checksum"":""-4"",""correctness"":""PASS"",""timer"":""Date.now"",""elapsed_ms"":null,""elapsed_per_call_ms"":null,""warmup_calls"":0}
",,0,True,PASS,,2026-10-04T15:24:22.302669+00:00,0,True,300
wsl2-ubuntu2404-x64-20261004,MAIN,correctness,access-binary-trees,v8,0,0,0,[],0,1,2,,,37850641,"[""--max-opt=0"",""--no-lazy""]","[""/home/mzyx/three_engine_20261004/v8-linux64-rel-15.6.21/d8"",""--snapshot_blob=/home/mzyx/three_engine_20261004/v8-linux64-rel-15.6.21/snapshot_blob.bin"",""--max-opt=0"",""--no-lazy"",""/mnt/c/Users/mzyx/Desktop/0921/js-interpreter-bench/experiments/three_engine_baseline/adapters/v8.js"",""/mnt/c/Users/mzyx/Desktop/0921/js-interpreter-bench/experiments/sunspider_three_engine/generated/MAIN/access-binary-trees.N2.correctness.js""]",83b744a5953d2662ea723564d4035a333782a0cc85232d1025929a925150b133,/mnt/c/Users/mzyx/Desktop/0921/js-interpreter-bench/experiments/sunspider_three_engine/generated/MAIN/access-binary-trees.N2.correctness.js,ca877a65f06a8c37914e077356c1d96c4bed5c86c9c56c16e666957dbc7c626d,-4,"TEB_RESULT:{""benchmark"":""SunSpider"",""case"":""access-binary-trees"",""mode"":""correctness"",""N"":2,""checksum"":""-4"",""correctness"":""PASS"",""timer"":""Date.now"",""elapsed_ms"":null,""elapsed_per_call_ms"":null,""warmup_calls"":0}
",,0,True,PASS,,2026-10-04T15:24:22.396665+00:00,0,True,300
wsl2-ubuntu2404-x64-20261004,MAIN,correctness,access-fannkuch,jsc,0,0,0,[],0,1,1,,,40066676,"[""--useJIT=false"",""--useLLInt=true"",""--validateOptions=true""]","[""/home/mzyx/jsc_build_fd3406f/JSCOnly/Release/bin/jsc"",""--useJIT=false"",""--useLLInt=true"",""--validateOptions=true"",""/mnt/c/Users/mzyx/Desktop/0921/js-interpreter-bench/experiments/three_engine_baseline/adapters/jsc.js"",""/mnt/c/Users/mzyx/Desktop/0921/js-interpreter-bench/experiments/sunspider_three_engine/generated/MAIN/access-fannkuch.N1.correctness.js""]",65c824a055405bf62b05e21d54515a72a1f0187a4d91225d00a6da969d35879f,/mnt/c/Users/mzyx/Desktop/0921/js-interpreter-bench/experiments/sunspider_three_engine/generated/MAIN/access-fannkuch.N1.correctness.js,c6cd5654a485445d36850b01e9fad1bb4fac78d2488b7a69dc5d589879ef45fe,22,"TEB_RESULT:{""benchmark"":""SunSpider"",""case"":""access-fannkuch"",""mode"":""correctness"",""N"":1,""checksum"":""22"",""correctness"":""PASS"",""timer"":""Date.now"",""elapsed_ms"":null,""elapsed_per_call_ms"":null,""warmup_calls"":0}
",,0,True,PASS,,2026-10-04T15:24:22.828902+00:00,0,True,300
wsl2-ubuntu2404-x64-20261004,MAIN,correctness,access-fannkuch,quickjs,0,0,0,[],0,1,1,,,42734844,[],"[""/home/mzyx/three_engine_20261004/quickjs-04be246001599f5995fa2f2d8c91a0f198d3f34c/qjs"",""-I"",""/mnt/c/Users/mzyx/Desktop/0921/js-interpreter-bench/experiments/three_engine_baseline/adapters/quickjs.js"",""/mnt/c/Users/mzyx/Desktop/0921/js-interpreter-bench/experiments/sunspider_three_engine/generated/MAIN/access-fannkuch.N1.correctness.js""]",140d5233b0337d91cb0f994ae4a051e49aa04da8802acfaedf0a01b81a620b79,/mnt/c/Users/mzyx/Desktop/0921/js-interpreter-bench/experiments/sunspider_three_engine/generated/MAIN/access-fannkuch.N1.correctness.js,c6cd5654a485445d36850b01e9fad1bb4fac78d2488b7a69dc5d589879ef45fe,22,"TEB_RESULT:{""benchmark"":""SunSpider"",""case"":""access-fannkuch"",""mode"":""correctness"",""N"":1,""checksum"":""22"",""correctness"":""PASS"",""timer"":""Date.now"",""elapsed_ms"":null,""elapsed_per_call_ms"":null,""warmup_calls"":0}
",,0,True,PASS,,2026-10-04T15:24:22.603874+00:00,0,True,300
wsl2-ubuntu2404-x64-20261004,MAIN,correctness,access-fannkuch,v8,0,0,0,[],0,1,1,,,61571299,"[""--max-opt=0"",""--no-lazy""]","[""/home/mzyx/three_engine_20261004/v8-linux64-rel-15.6.21/d8"",""--snapshot_blob=/home/mzyx/three_engine_20261004/v8-linux64-rel-15.6.21/snapshot_blob.bin"",""--max-opt=0"",""--no-lazy"",""/mnt/c/Users/mzyx/Desktop/0921/js-interpreter-bench/experiments/three_engine_baseline/adapters/v8.js"",""/mnt/c/Users/mzyx/Desktop/0921/js-interpreter-bench/experiments/sunspider_three_engine/generated/MAIN/access-fannkuch.N1.correctness.js""]",83b744a5953d2662ea723564d4035a333782a0cc85232d1025929a925150b133,/mnt/c/Users/mzyx/Desktop/0921/js-interpreter-bench/experiments/sunspider_three_engine/generated/MAIN/access-fannkuch.N1.correctness.js,c6cd5654a485445d36850b01e9fad1bb4fac78d2488b7a69dc5d589879ef45fe,22,"TEB_RESULT:{""benchmark"":""SunSpider"",""case"":""access-fannkuch"",""mode"":""correctness"",""N"":1,""checksum"":""22"",""correctness"":""PASS"",""timer"":""Date.now"",""elapsed_ms"":null,""elapsed_per_call_ms"":null,""warmup_calls"":0}
",,0,True,PASS,,2026-10-04T15:24:22.707354+00:00,0,True,300
wsl2-ubuntu2404-x64-20261004,MAIN,correctness,access-fannkuch,jsc,0,0,0,[],0,1,2,,,62140931,"[""--useJIT=false"",""--useLLInt=true"",""--validateOptions=true""]","[""/home/mzyx/jsc_build_fd3406f/JSCOnly/Release/bin/jsc"",""--useJIT=false"",""--useLLInt=true"",""--validateOptions=true"",""/mnt/c/Users/mzyx/Desktop/0921/js-interpreter-bench/experiments/three_engine_baseline/adapters/jsc.js"",""/mnt/c/Users/mzyx/Desktop/0921/js-interpreter-bench/experiments/sunspider_three_engine/generated/MAIN/access-fannkuch.N2.correctness.js""]",65c824a055405bf62b05e21d54515a72a1f0187a4d91225d00a6da969d35879f,/mnt/c/Users/mzyx/Desktop/0921/js-interpreter-bench/experiments/sunspider_three_engine/generated/MAIN/access-fannkuch.N2.correctness.js,d95e5590d8292cefa1b47b58bfd0d153ef561adc3971b81f2d9c75bc952fd6f1,22,"TEB_RESULT:{""benchmark"":""SunSpider"",""case"":""access-fannkuch"",""mode"":""correctness"",""N"":2,""checksum"":""22"",""correctness"":""PASS"",""timer"":""Date.now"",""elapsed_ms"":null,""elapsed_per_call_ms"":null,""warmup_calls"":0}
",,0,True,PASS,,2026-10-04T15:24:23.238110+00:00,0,True,300
wsl2-ubuntu2404-x64-20261004,MAIN,correctness,access-fannkuch,quickjs,0,0,0,[],0,1,2,,,77583692,[],"[""/home/mzyx/three_engine_20261004/quickjs-04be246001599f5995fa2f2d8c91a0f198d3f34c/qjs"",""-I"",""/mnt/c/Users/mzyx/Desktop/0921/js-interpreter-bench/experiments/three_engine_baseline/adapters/quickjs.js"",""/mnt/c/Users/mzyx/Desktop/0921/js-interpreter-bench/experiments/sunspider_three_engine/generated/MAIN/access-fannkuch.N2.correctness.js""]",140d5233b0337d91cb0f994ae4a051e49aa04da8802acfaedf0a01b81a620b79,/mnt/c/Users/mzyx/Desktop/0921/js-interpreter-bench/experiments/sunspider_three_engine/generated/MAIN/access-fannkuch.N2.correctness.js,d95e5590d8292cefa1b47b58bfd0d153ef561adc3971b81f2d9c75bc952fd6f1,22,"TEB_RESULT:{""benchmark"":""SunSpider"",""case"":""access-fannkuch"",""mode"":""correctness"",""N"":2,""checksum"":""22"",""correctness"":""PASS"",""timer"":""Date.now"",""elapsed_ms"":null,""elapsed_per_call_ms"":null,""warmup_calls"":0}
",,0,True,PASS,,2026-10-04T15:24:22.940943+00:00,0,True,300
wsl2-ubuntu2404-x64-20261004,MAIN,correctness,access-fannkuch,v8,0,0,0,[],0,1,2,,,93995195,"[""--max-opt=0"",""--no-lazy""]","[""/home/mzyx/three_engine_20261004/v8-linux64-rel-15.6.21/d8"",""--snapshot_blob=/home/mzyx/three_engine_20261004/v8-linux64-rel-15.6.21/snapshot_blob.bin"",""--max-opt=0"",""--no-lazy"",""/mnt/c/Users/mzyx/Desktop/0921/js-interpreter-bench/experiments/three_engine_baseline/adapters/v8.js"",""/mnt/c/Users/mzyx/Desktop/0921/js-interpreter-bench/experiments/sunspider_three_engine/generated/MAIN/access-fannkuch.N2.correctness.js""]",83b744a5953d2662ea723564d4035a333782a0cc85232d1025929a925150b133,/mnt/c/Users/mzyx/Desktop/0921/js-interpreter-bench/experiments/sunspider_three_engine/generated/MAIN/access-fannkuch.N2.correctness.js,d95e5590d8292cefa1b47b58bfd0d153ef561adc3971b81f2d9c75bc952fd6f1,22,"TEB_RESULT:{""benchmark"":""SunSpider"",""case"":""access-fannkuch"",""mode"":""correctness"",""N"":2,""checksum"":""22"",""correctness"":""PASS"",""timer"":""Date.now"",""elapsed_ms"":null,""elapsed_per_call_ms"":null,""warmup_calls"":0}
",,0,True,PASS,,2026-10-04T15:24:23.079056+00:00,0,True,300
wsl2-ubuntu2404-x64-20261004,MAIN,correctness,access-nbody,jsc,0,0,0,[],0,1,1,,,29278411,"[""--useJIT=false"",""--useLLInt=true"",""--validateOptions=true""]","[""/home/mzyx/jsc_build_fd3406f/JSCOnly/Release/bin/jsc"",""--useJIT=false"",""--useLLInt=true"",""--validateOptions=true"",""/mnt/c/Users/mzyx/Desktop/0921/js-interpreter-bench/experiments/three_engine_baseline/adapters/jsc.js"",""/mnt/c/Users/mzyx/Desktop/0921/js-interpreter-bench/experiments/sunspider_three_engine/generated/MAIN/access-nbody.N1.correctness.js""]",65c824a055405bf62b05e21d54515a72a1f0187a4d91225d00a6da969d35879f,/mnt/c/Users/mzyx/Desktop/0921/js-interpreter-bench/experiments/sunspider_three_engine/generated/MAIN/access-nbody.N1.correctness.js,ab134f18356cf29c08f05e2b33ae49e41bff21dd9d9c8a62e4e1ebaf4ea76200,-1.3524862408537381,"TEB_RESULT:{""benchmark"":""SunSpider"",""case"":""access-nbody"",""mode"":""correctness"",""N"":1,""checksum"":""-1.3524862408537381"",""correctness"":""PASS"",""timer"":""Date.now"",""elapsed_ms"":null,""elapsed_per_call_ms"":null,""warmup_calls"":0}
",,0,True,PASS,,2026-10-04T15:24:23.557987+00:00,0,True,300
wsl2-ubuntu2404-x64-20261004,MAIN,correctness,access-nbody,quickjs,0,0,0,[],0,1,1,,,24185701,[],"[""/home/mzyx/three_engine_20261004/quickjs-04be246001599f5995fa2f2d8c91a0f198d3f34c/qjs"",""-I"",""/mnt/c/Users/mzyx/Desktop/0921/js-interpreter-bench/experiments/three_engine_baseline/adapters/quickjs.js"",""/mnt/c/Users/mzyx/Desktop/0921/js-interpreter-bench/experiments/sunspider_three_engine/generated/MAIN/access-nbody.N1.correctness.js""]",140d5233b0337d91cb0f994ae4a051e49aa04da8802acfaedf0a01b81a620b79,/mnt/c/Users/mzyx/Desktop/0921/js-interpreter-bench/experiments/sunspider_three_engine/generated/MAIN/access-nbody.N1.correctness.js,ab134f18356cf29c08f05e2b33ae49e41bff21dd9d9c8a62e4e1ebaf4ea76200,-1.3524862408537381,"TEB_RESULT:{""benchmark"":""SunSpider"",""case"":""access-nbody"",""mode"":""correctness"",""N"":1,""checksum"":""-1.3524862408537381"",""correctness"":""PASS"",""timer"":""Date.now"",""elapsed_ms"":null,""elapsed_per_call_ms"":null,""warmup_calls"":0}
",,0,True,PASS,,2026-10-04T15:24:23.368115+00:00,0,True,300
wsl2-ubuntu2404-x64-20261004,MAIN,correctness,access-nbody,v8,0,0,0,[],0,1,1,,,45393650,"[""--max-opt=0"",""--no-lazy""]","[""/home/mzyx/three_engine_20261004/v8-linux64-rel-15.6.21/d8"",""--snapshot_blob=/home/mzyx/three_engine_20261004/v8-linux64-rel-15.6.21/snapshot_blob.bin"",""--max-opt=0"",""--no-lazy"",""/mnt/c/Users/mzyx/Desktop/0921/js-interpreter-bench/experiments/three_engine_baseline/adapters/v8.js"",""/mnt/c/Users/mzyx/Desktop/0921/js-interpreter-bench/experiments/sunspider_three_engine/generated/MAIN/access-nbody.N1.correctness.js""]",83b744a5953d2662ea723564d4035a333782a0cc85232d1025929a925150b133,/mnt/c/Users/mzyx/Desktop/0921/js-interpreter-bench/experiments/sunspider_three_engine/generated/MAIN/access-nbody.N1.correctness.js,ab134f18356cf29c08f05e2b33ae49e41bff21dd9d9c8a62e4e1ebaf4ea76200,-1.3524862408537381,"TEB_RESULT:{""benchmark"":""SunSpider"",""case"":""access-nbody"",""mode"":""correctness"",""N"":1,""checksum"":""-1.3524862408537381"",""correctness"":""PASS"",""timer"":""Date.now"",""elapsed_ms"":null,""elapsed_per_call_ms"":null,""warmup_calls"":0}
",,0,True,PASS,,2026-10-04T15:24:23.451668+00:00,0,True,300
wsl2-ubuntu2404-x64-20261004,MAIN,correctness,access-nbody,jsc,0,0,0,[],0,1,2,,,40542063,"[""--useJIT=false"",""--useLLInt=true"",""--validateOptions=true""]","[""/home/mzyx/jsc_build_fd3406f/JSCOnly/Release/bin/jsc"",""--useJIT=false"",""--useLLInt=true"",""--validateOptions=true"",""/mnt/c/Users/mzyx/Desktop/0921/js-interpreter-bench/experiments/three_engine_baseline/adapters/jsc.js"",""/mnt/c/Users/mzyx/Desktop/0921/js-interpreter-bench/experiments/sunspider_three_engine/generated/MAIN/access-nbody.N2.correctness.js""]",65c824a055405bf62b05e21d54515a72a1f0187a4d91225d00a6da969d35879f,/mnt/c/Users/mzyx/Desktop/0921/js-interpreter-bench/experiments/sunspider_three_engine/generated/MAIN/access-nbody.N2.correctness.js,ae9151ee79fdc56db66a86961c3c0d86f8f833edc947aa51064bb82062d1ee78,-1.3524862408537381,"TEB_RESULT:{""benchmark"":""SunSpider"",""case"":""access-nbody"",""mode"":""correctness"",""N"":2,""checksum"":""-1.3524862408537381"",""correctness"":""PASS"",""timer"":""Date.now"",""elapsed_ms"":null,""elapsed_per_call_ms"":null,""warmup_calls"":0}
",,0,True,PASS,,2026-10-04T15:24:23.889922+00:00,0,True,300
wsl2-ubuntu2404-x64-20261004,MAIN,correctness,access-nbody,quickjs,0,0,0,[],0,1,2,,,38845141,[],"[""/home/mzyx/three_engine_20261004/quickjs-04be246001599f5995fa2f2d8c91a0f198d3f34c/qjs"",""-I"",""/mnt/c/Users/mzyx/Desktop/0921/js-interpreter-bench/experiments/three_engine_baseline/adapters/quickjs.js"",""/mnt/c/Users/mzyx/Desktop/0921/js-interpreter-bench/experiments/sunspider_three_engine/generated/MAIN/access-nbody.N2.correctness.js""]",140d5233b0337d91cb0f994ae4a051e49aa04da8802acfaedf0a01b81a620b79,/mnt/c/Users/mzyx/Desktop/0921/js-interpreter-bench/experiments/sunspider_three_engine/generated/MAIN/access-nbody.N2.correctness.js,ae9151ee79fdc56db66a86961c3c0d86f8f833edc947aa51064bb82062d1ee78,-1.3524862408537381,"TEB_RESULT:{""benchmark"":""SunSpider"",""case"":""access-nbody"",""mode"":""correctness"",""N"":2,""checksum"":""-1.3524862408537381"",""correctness"":""PASS"",""timer"":""Date.now"",""elapsed_ms"":null,""elapsed_per_call_ms"":null,""warmup_calls"":0}
",,0,True,PASS,,2026-10-04T15:24:23.664877+00:00,0,True,300
wsl2-ubuntu2404-x64-20261004,MAIN,correctness,access-nbody,v8,0,0,0,[],0,1,2,,,61348579,"[""--max-opt=0"",""--no-lazy""]","[""/home/mzyx/three_engine_20261004/v8-linux64-rel-15.6.21/d8"",""--snapshot_blob=/home/mzyx/three_engine_20261004/v8-linux64-rel-15.6.21/snapshot_blob.bin"",""--max-opt=0"",""--no-lazy"",""/mnt/c/Users/mzyx/Desktop/0921/js-interpreter-bench/experiments/three_engine_baseline/adapters/v8.js"",""/mnt/c/Users/mzyx/Desktop/0921/js-interpreter-bench/experiments/sunspider_three_engine/generated/MAIN/access-nbody.N2.correctness.js""]",83b744a5953d2662ea723564d4035a333782a0cc85232d1025929a925150b133,/mnt/c/Users/mzyx/Desktop/0921/js-interpreter-bench/experiments/sunspider_three_engine/generated/MAIN/access-nbody.N2.correctness.js,ae9151ee79fdc56db66a86961c3c0d86f8f833edc947aa51064bb82062d1ee78,-1.3524862408537381,"TEB_RESULT:{""benchmark"":""SunSpider"",""case"":""access-nbody"",""mode"":""correctness"",""N"":2,""checksum"":""-1.3524862408537381"",""correctness"":""PASS"",""timer"":""Date.now"",""elapsed_ms"":null,""elapsed_per_call_ms"":null,""warmup_calls"":0}
",,0,True,PASS,,2026-10-04T15:24:23.766939+00:00,0,True,300
wsl2-ubuntu2404-x64-20261004,MAIN,correctness,access-nsieve,jsc,0,0,0,[],0,1,1,,,24300099,"[""--useJIT=false"",""--useLLInt=true"",""--validateOptions=true""]","[""/home/mzyx/jsc_build_fd3406f/JSCOnly/Release/bin/jsc"",""--useJIT=false"",""--useLLInt=true"",""--validateOptions=true"",""/mnt/c/Users/mzyx/Desktop/0921/js-interpreter-bench/experiments/three_engine_baseline/adapters/jsc.js"",""/mnt/c/Users/mzyx/Desktop/0921/js-interpreter-bench/experiments/sunspider_three_engine/generated/MAIN/access-nsieve.N1.correctness.js""]",65c824a055405bf62b05e21d54515a72a1f0187a4d91225d00a6da969d35879f,/mnt/c/Users/mzyx/Desktop/0921/js-interpreter-bench/experiments/sunspider_three_engine/generated/MAIN/access-nsieve.N1.correctness.js,f551a09a89b44506c690fd1822daca54a288cbd468434e9033e0ab15a3045df5,14302,"TEB_RESULT:{""benchmark"":""SunSpider"",""case"":""access-nsieve"",""mode"":""correctness"",""N"":1,""checksum"":""14302"",""correctness"":""PASS"",""timer"":""Date.now"",""elapsed_ms"":null,""elapsed_per_call_ms"":null,""warmup_calls"":0}
",,0,True,PASS,,2026-10-04T15:24:24.181556+00:00,0,True,300
wsl2-ubuntu2404-x64-20261004,MAIN,correctness,access-nsieve,quickjs,0,0,0,[],0,1,1,,,28062722,[],"[""/home/mzyx/three_engine_20261004/quickjs-04be246001599f5995fa2f2d8c91a0f198d3f34c/qjs"",""-I"",""/mnt/c/Users/mzyx/Desktop/0921/js-interpreter-bench/experiments/three_engine_baseline/adapters/quickjs.js"",""/mnt/c/Users/mzyx/Desktop/0921/js-interpreter-bench/experiments/sunspider_three_engine/generated/MAIN/access-nsieve.N1.correctness.js""]",140d5233b0337d91cb0f994ae4a051e49aa04da8802acfaedf0a01b81a620b79,/mnt/c/Users/mzyx/Desktop/0921/js-interpreter-bench/experiments/sunspider_three_engine/generated/MAIN/access-nsieve.N1.correctness.js,f551a09a89b44506c690fd1822daca54a288cbd468434e9033e0ab15a3045df5,14302,"TEB_RESULT:{""benchmark"":""SunSpider"",""case"":""access-nsieve"",""mode"":""correctness"",""N"":1,""checksum"":""14302"",""correctness"":""PASS"",""timer"":""Date.now"",""elapsed_ms"":null,""elapsed_per_call_ms"":null,""warmup_calls"":0}
",,0,True,PASS,,2026-10-04T15:24:23.993632+00:00,0,True,300
wsl2-ubuntu2404-x64-20261004,MAIN,correctness,access-nsieve,v8,0,0,0,[],0,1,1,,,39671740,"[""--max-opt=0"",""--no-lazy""]","[""/home/mzyx/three_engine_20261004/v8-linux64-rel-15.6.21/d8"",""--snapshot_blob=/home/mzyx/three_engine_20261004/v8-linux64-rel-15.6.21/snapshot_blob.bin"",""--max-opt=0"",""--no-lazy"",""/mnt/c/Users/mzyx/Desktop/0921/js-interpreter-bench/experiments/three_engine_baseline/adapters/v8.js"",""/mnt/c/Users/mzyx/Desktop/0921/js-interpreter-bench/experiments/sunspider_three_engine/generated/MAIN/access-nsieve.N1.correctness.js""]",83b744a5953d2662ea723564d4035a333782a0cc85232d1025929a925150b133,/mnt/c/Users/mzyx/Desktop/0921/js-interpreter-bench/experiments/sunspider_three_engine/generated/MAIN/access-nsieve.N1.correctness.js,f551a09a89b44506c690fd1822daca54a288cbd468434e9033e0ab15a3045df5,14302,"TEB_RESULT:{""benchmark"":""SunSpider"",""case"":""access-nsieve"",""mode"":""correctness"",""N"":1,""checksum"":""14302"",""correctness"":""PASS"",""timer"":""Date.now"",""elapsed_ms"":null,""elapsed_per_call_ms"":null,""warmup_calls"":0}
",,0,True,PASS,,2026-10-04T15:24:24.082658+00:00,0,True,300
wsl2-ubuntu2404-x64-20261004,MAIN,correctness,access-nsieve,jsc,0,0,0,[],0,1,2,,,30237774,"[""--useJIT=false"",""--useLLInt=true"",""--validateOptions=true""]","[""/home/mzyx/jsc_build_fd3406f/JSCOnly/Release/bin/jsc"",""--useJIT=false"",""--useLLInt=true"",""--validateOptions=true"",""/mnt/c/Users/mzyx/Desktop/0921/js-interpreter-bench/experiments/three_engine_baseline/adapters/jsc.js"",""/mnt/c/Users/mzyx/Desktop/0921/js-interpreter-bench/experiments/sunspider_three_engine/generated/MAIN/access-nsieve.N2.correctness.js""]",65c824a055405bf62b05e21d54515a72a1f0187a4d91225d00a6da969d35879f,/mnt/c/Users/mzyx/Desktop/0921/js-interpreter-bench/experiments/sunspider_three_engine/generated/MAIN/access-nsieve.N2.correctness.js,74acf9a4af29ab8130697465f162554496b53d3b42d4acbeff370eaf50322c20,14302,"TEB_RESULT:{""benchmark"":""SunSpider"",""case"":""access-nsieve"",""mode"":""correctness"",""N"":2,""checksum"":""14302"",""correctness"":""PASS"",""timer"":""Date.now"",""elapsed_ms"":null,""elapsed_per_call_ms"":null,""warmup_calls"":0}
",,0,True,PASS,,2026-10-04T15:24:24.506794+00:00,0,True,300
wsl2-ubuntu2404-x64-20261004,MAIN,correctness,access-nsieve,quickjs,0,0,0,[],0,1,2,,,45911283,[],"[""/home/mzyx/three_engine_20261004/quickjs-04be246001599f5995fa2f2d8c91a0f198d3f34c/qjs"",""-I"",""/mnt/c/Users/mzyx/Desktop/0921/js-interpreter-bench/experiments/three_engine_baseline/adapters/quickjs.js"",""/mnt/c/Users/mzyx/Desktop/0921/js-interpreter-bench/experiments/sunspider_three_engine/generated/MAIN/access-nsieve.N2.correctness.js""]",140d5233b0337d91cb0f994ae4a051e49aa04da8802acfaedf0a01b81a620b79,/mnt/c/Users/mzyx/Desktop/0921/js-interpreter-bench/experiments/sunspider_three_engine/generated/MAIN/access-nsieve.N2.correctness.js,74acf9a4af29ab8130697465f162554496b53d3b42d4acbeff370eaf50322c20,14302,"TEB_RESULT:{""benchmark"":""SunSpider"",""case"":""access-nsieve"",""mode"":""correctness"",""N"":2,""checksum"":""14302"",""correctness"":""PASS"",""timer"":""Date.now"",""elapsed_ms"":null,""elapsed_per_call_ms"":null,""warmup_calls"":0}
",,0,True,PASS,,2026-10-04T15:24:24.277849+00:00,0,True,300
wsl2-ubuntu2404-x64-20261004,MAIN,correctness,access-nsieve,v8,0,0,0,[],0,1,2,,,48521417,"[""--max-opt=0"",""--no-lazy""]","[""/home/mzyx/three_engine_20261004/v8-linux64-rel-15.6.21/d8"",""--snapshot_blob=/home/mzyx/three_engine_20261004/v8-linux64-rel-15.6.21/snapshot_blob.bin"",""--max-opt=0"",""--no-lazy"",""/mnt/c/Users/mzyx/Desktop/0921/js-interpreter-bench/experiments/three_engine_baseline/adapters/v8.js"",""/mnt/c/Users/mzyx/Desktop/0921/js-interpreter-bench/experiments/sunspider_three_engine/generated/MAIN/access-nsieve.N2.correctness.js""]",83b744a5953d2662ea723564d4035a333782a0cc85232d1025929a925150b133,/mnt/c/Users/mzyx/Desktop/0921/js-interpreter-bench/experiments/sunspider_three_engine/generated/MAIN/access-nsieve.N2.correctness.js,74acf9a4af29ab8130697465f162554496b53d3b42d4acbeff370eaf50322c20,14302,"TEB_RESULT:{""benchmark"":""SunSpider"",""case"":""access-nsieve"",""mode"":""correctness"",""N"":2,""checksum"":""14302"",""correctness"":""PASS"",""timer"":""Date.now"",""elapsed_ms"":null,""elapsed_per_call_ms"":null,""warmup_calls"":0}
",,0,True,PASS,,2026-10-04T15:24:24.390878+00:00,0,True,300
wsl2-ubuntu2404-x64-20261004,MAIN,correctness,bitops-3bit-bits-in-byte,jsc,0,0,0,[],0,1,1,,,26574464,"[""--useJIT=false"",""--useLLInt=true"",""--validateOptions=true""]","[""/home/mzyx/jsc_build_fd3406f/JSCOnly/Release/bin/jsc"",""--useJIT=false"",""--useLLInt=true"",""--validateOptions=true"",""/mnt/c/Users/mzyx/Desktop/0921/js-interpreter-bench/experiments/three_engine_baseline/adapters/jsc.js"",""/mnt/c/Users/mzyx/Desktop/0921/js-interpreter-bench/experiments/sunspider_three_engine/generated/MAIN/bitops-3bit-bits-in-byte.N1.correctness.js""]",65c824a055405bf62b05e21d54515a72a1f0187a4d91225d00a6da969d35879f,/mnt/c/Users/mzyx/Desktop/0921/js-interpreter-bench/experiments/sunspider_three_engine/generated/MAIN/bitops-3bit-bits-in-byte.N1.correctness.js,27aca4a77766c296418c9633507d504087c632d327f36c96f5b9b2b7770157ac,512000,"TEB_RESULT:{""benchmark"":""SunSpider"",""case"":""bitops-3bit-bits-in-byte"",""mode"":""correctness"",""N"":1,""checksum"":""512000"",""correctness"":""PASS"",""timer"":""Date.now"",""elapsed_ms"":null,""elapsed_per_call_ms"":null,""warmup_calls"":0}
",,0,True,PASS,,2026-10-04T15:24:24.788944+00:00,0,True,300
wsl2-ubuntu2404-x64-20261004,MAIN,correctness,bitops-3bit-bits-in-byte,quickjs,0,0,0,[],0,1,1,,,18081059,[],"[""/home/mzyx/three_engine_20261004/quickjs-04be246001599f5995fa2f2d8c91a0f198d3f34c/qjs"",""-I"",""/mnt/c/Users/mzyx/Desktop/0921/js-interpreter-bench/experiments/three_engine_baseline/adapters/quickjs.js"",""/mnt/c/Users/mzyx/Desktop/0921/js-interpreter-bench/experiments/sunspider_three_engine/generated/MAIN/bitops-3bit-bits-in-byte.N1.correctness.js""]",140d5233b0337d91cb0f994ae4a051e49aa04da8802acfaedf0a01b81a620b79,/mnt/c/Users/mzyx/Desktop/0921/js-interpreter-bench/experiments/sunspider_three_engine/generated/MAIN/bitops-3bit-bits-in-byte.N1.correctness.js,27aca4a77766c296418c9633507d504087c632d327f36c96f5b9b2b7770157ac,512000,"TEB_RESULT:{""benchmark"":""SunSpider"",""case"":""bitops-3bit-bits-in-byte"",""mode"":""correctness"",""N"":1,""checksum"":""512000"",""correctness"":""PASS"",""timer"":""Date.now"",""elapsed_ms"":null,""elapsed_per_call_ms"":null,""warmup_calls"":0}
",,0,True,PASS,,2026-10-04T15:24:24.603473+00:00,0,True,300
wsl2-ubuntu2404-x64-20261004,MAIN,correctness,bitops-3bit-bits-in-byte,v8,0,0,0,[],0,1,1,,,35549103,"[""--max-opt=0"",""--no-lazy""]","[""/home/mzyx/three_engine_20261004/v8-linux64-rel-15.6.21/d8"",""--snapshot_blob=/home/mzyx/three_engine_20261004/v8-linux64-rel-15.6.21/snapshot_blob.bin"",""--max-opt=0"",""--no-lazy"",""/mnt/c/Users/mzyx/Desktop/0921/js-interpreter-bench/experiments/three_engine_baseline/adapters/v8.js"",""/mnt/c/Users/mzyx/Desktop/0921/js-interpreter-bench/experiments/sunspider_three_engine/generated/MAIN/bitops-3bit-bits-in-byte.N1.correctness.js""]",83b744a5953d2662ea723564d4035a333782a0cc85232d1025929a925150b133,/mnt/c/Users/mzyx/Desktop/0921/js-interpreter-bench/experiments/sunspider_three_engine/generated/MAIN/bitops-3bit-bits-in-byte.N1.correctness.js,27aca4a77766c296418c9633507d504087c632d327f36c96f5b9b2b7770157ac,512000,"TEB_RESULT:{""benchmark"":""SunSpider"",""case"":""bitops-3bit-bits-in-byte"",""mode"":""correctness"",""N"":1,""checksum"":""512000"",""correctness"":""PASS"",""timer"":""Date.now"",""elapsed_ms"":null,""elapsed_per_call_ms"":null,""warmup_calls"":0}
",,0,True,PASS,,2026-10-04T15:24:24.690365+00:00,0,True,300
wsl2-ubuntu2404-x64-20261004,MAIN,correctness,bitops-3bit-bits-in-byte,jsc,0,0,0,[],0,1,2,,,30417870,"[""--useJIT=false"",""--useLLInt=true"",""--validateOptions=true""]","[""/home/mzyx/jsc_build_fd3406f/JSCOnly/Release/bin/jsc"",""--useJIT=false"",""--useLLInt=true"",""--validateOptions=true"",""/mnt/c/Users/mzyx/Desktop/0921/js-interpreter-bench/experiments/three_engine_baseline/adapters/jsc.js"",""/mnt/c/Users/mzyx/Desktop/0921/js-interpreter-bench/experiments/sunspider_three_engine/generated/MAIN/bitops-3bit-bits-in-byte.N2.correctness.js""]",65c824a055405bf62b05e21d54515a72a1f0187a4d91225d00a6da969d35879f,/mnt/c/Users/mzyx/Desktop/0921/js-interpreter-bench/experiments/sunspider_three_engine/generated/MAIN/bitops-3bit-bits-in-byte.N2.correctness.js,37eda35db87f67dec27e79be52f2fd51130d7c86c8fb2e64e88ab4a027a9c9ba,512000,"TEB_RESULT:{""benchmark"":""SunSpider"",""case"":""bitops-3bit-bits-in-byte"",""mode"":""correctness"",""N"":2,""checksum"":""512000"",""correctness"":""PASS"",""timer"":""Date.now"",""elapsed_ms"":null,""elapsed_per_call_ms"":null,""warmup_calls"":0}
",,0,True,PASS,,2026-10-04T15:24:25.075665+00:00,0,True,300
wsl2-ubuntu2404-x64-20261004,MAIN,correctness,bitops-3bit-bits-in-byte,quickjs,0,0,0,[],0,1,2,,,25048240,[],"[""/home/mzyx/three_engine_20261004/quickjs-04be246001599f5995fa2f2d8c91a0f198d3f34c/qjs"",""-I"",""/mnt/c/Users/mzyx/Desktop/0921/js-interpreter-bench/experiments/three_engine_baseline/adapters/quickjs.js"",""/mnt/c/Users/mzyx/Desktop/0921/js-interpreter-bench/experiments/sunspider_three_engine/generated/MAIN/bitops-3bit-bits-in-byte.N2.correctness.js""]",140d5233b0337d91cb0f994ae4a051e49aa04da8802acfaedf0a01b81a620b79,/mnt/c/Users/mzyx/Desktop/0921/js-interpreter-bench/experiments/sunspider_three_engine/generated/MAIN/bitops-3bit-bits-in-byte.N2.correctness.js,37eda35db87f67dec27e79be52f2fd51130d7c86c8fb2e64e88ab4a027a9c9ba,512000,"TEB_RESULT:{""benchmark"":""SunSpider"",""case"":""bitops-3bit-bits-in-byte"",""mode"":""correctness"",""N"":2,""checksum"":""512000"",""correctness"":""PASS"",""timer"":""Date.now"",""elapsed_ms"":null,""elapsed_per_call_ms"":null,""warmup_calls"":0}
",,0,True,PASS,,2026-10-04T15:24:24.886145+00:00,0,True,300
wsl2-ubuntu2404-x64-20261004,MAIN,correctness,bitops-3bit-bits-in-byte,v8,0,0,0,[],0,1,2,,,41055985,"[""--max-opt=0"",""--no-lazy""]","[""/home/mzyx/three_engine_20261004/v8-linux64-rel-15.6.21/d8"",""--snapshot_blob=/home/mzyx/three_engine_20261004/v8-linux64-rel-15.6.21/snapshot_blob.bin"",""--max-opt=0"",""--no-lazy"",""/mnt/c/Users/mzyx/Desktop/0921/js-interpreter-bench/experiments/three_engine_baseline/adapters/v8.js"",""/mnt/c/Users/mzyx/Desktop/0921/js-interpreter-bench/experiments/sunspider_three_engine/generated/MAIN/bitops-3bit-bits-in-byte.N2.correctness.js""]",83b744a5953d2662ea723564d4035a333782a0cc85232d1025929a925150b133,/mnt/c/Users/mzyx/Desktop/0921/js-interpreter-bench/experiments/sunspider_three_engine/generated/MAIN/bitops-3bit-bits-in-byte.N2.correctness.js,37eda35db87f67dec27e79be52f2fd51130d7c86c8fb2e64e88ab4a027a9c9ba,512000,"TEB_RESULT:{""benchmark"":""SunSpider"",""case"":""bitops-3bit-bits-in-byte"",""mode"":""correctness"",""N"":2,""checksum"":""512000"",""correctness"":""PASS"",""timer"":""Date.now"",""elapsed_ms"":null,""elapsed_per_call_ms"":null,""warmup_calls"":0}
",,0,True,PASS,,2026-10-04T15:24:24.972797+00:00,0,True,300
wsl2-ubuntu2404-x64-20261004,MAIN,correctness,bitops-bits-in-byte,jsc,0,0,0,[],0,1,1,,,37938166,"[""--useJIT=false"",""--useLLInt=true"",""--validateOptions=true""]","[""/home/mzyx/jsc_build_fd3406f/JSCOnly/Release/bin/jsc"",""--useJIT=false"",""--useLLInt=true"",""--validateOptions=true"",""/mnt/c/Users/mzyx/Desktop/0921/js-interpreter-bench/experiments/three_engine_baseline/adapters/jsc.js"",""/mnt/c/Users/mzyx/Desktop/0921/js-interpreter-bench/experiments/sunspider_three_engine/generated/MAIN/bitops-bits-in-byte.N1.correctness.js""]",65c824a055405bf62b05e21d54515a72a1f0187a4d91225d00a6da969d35879f,/mnt/c/Users/mzyx/Desktop/0921/js-interpreter-bench/experiments/sunspider_three_engine/generated/MAIN/bitops-bits-in-byte.N1.correctness.js,d4f0c8a07b779e1cb0b0a7e70224e73fd6f3df0d80265c7b4cd9048ab9a78c8c,358400,"TEB_RESULT:{""benchmark"":""SunSpider"",""case"":""bitops-bits-in-byte"",""mode"":""correctness"",""N"":1,""checksum"":""358400"",""correctness"":""PASS"",""timer"":""Date.now"",""elapsed_ms"":null,""elapsed_per_call_ms"":null,""warmup_calls"":0}
",,0,True,PASS,,2026-10-04T15:24:25.364954+00:00,0,True,300
wsl2-ubuntu2404-x64-20261004,MAIN,correctness,bitops-bits-in-byte,quickjs,0,0,0,[],0,1,1,,,26257338,[],"[""/home/mzyx/three_engine_20261004/quickjs-04be246001599f5995fa2f2d8c91a0f198d3f34c/qjs"",""-I"",""/mnt/c/Users/mzyx/Desktop/0921/js-interpreter-bench/experiments/three_engine_baseline/adapters/quickjs.js"",""/mnt/c/Users/mzyx/Desktop/0921/js-interpreter-bench/experiments/sunspider_three_engine/generated/MAIN/bitops-bits-in-byte.N1.correctness.js""]",140d5233b0337d91cb0f994ae4a051e49aa04da8802acfaedf0a01b81a620b79,/mnt/c/Users/mzyx/Desktop/0921/js-interpreter-bench/experiments/sunspider_three_engine/generated/MAIN/bitops-bits-in-byte.N1.correctness.js,d4f0c8a07b779e1cb0b0a7e70224e73fd6f3df0d80265c7b4cd9048ab9a78c8c,358400,"TEB_RESULT:{""benchmark"":""SunSpider"",""case"":""bitops-bits-in-byte"",""mode"":""correctness"",""N"":1,""checksum"":""358400"",""correctness"":""PASS"",""timer"":""Date.now"",""elapsed_ms"":null,""elapsed_per_call_ms"":null,""warmup_calls"":0}
",,0,True,PASS,,2026-10-04T15:24:25.168426+00:00,0,True,300
wsl2-ubuntu2404-x64-20261004,MAIN,correctness,bitops-bits-in-byte,v8,0,0,0,[],0,1,1,,,48242778,"[""--max-opt=0"",""--no-lazy""]","[""/home/mzyx/three_engine_20261004/v8-linux64-rel-15.6.21/d8"",""--snapshot_blob=/home/mzyx/three_engine_20261004/v8-linux64-rel-15.6.21/snapshot_blob.bin"",""--max-opt=0"",""--no-lazy"",""/mnt/c/Users/mzyx/Desktop/0921/js-interpreter-bench/experiments/three_engine_baseline/adapters/v8.js"",""/mnt/c/Users/mzyx/Desktop/0921/js-interpreter-bench/experiments/sunspider_three_engine/generated/MAIN/bitops-bits-in-byte.N1.correctness.js""]",83b744a5953d2662ea723564d4035a333782a0cc85232d1025929a925150b133,/mnt/c/Users/mzyx/Desktop/0921/js-interpreter-bench/experiments/sunspider_three_engine/generated/MAIN/bitops-bits-in-byte.N1.correctness.js,d4f0c8a07b779e1cb0b0a7e70224e73fd6f3df0d80265c7b4cd9048ab9a78c8c,358400,"TEB_RESULT:{""benchmark"":""SunSpider"",""case"":""bitops-bits-in-byte"",""mode"":""correctness"",""N"":1,""checksum"":""358400"",""correctness"":""PASS"",""timer"":""Date.now"",""elapsed_ms"":null,""elapsed_per_call_ms"":null,""warmup_calls"":0}
",,0,True,PASS,,2026-10-04T15:24:25.256396+00:00,0,True,300
wsl2-ubuntu2404-x64-20261004,MAIN,correctness,bitops-bits-in-byte,jsc,0,0,0,[],0,1,2,,,47154160,"[""--useJIT=false"",""--useLLInt=true"",""--validateOptions=true""]","[""/home/mzyx/jsc_build_fd3406f/JSCOnly/Release/bin/jsc"",""--useJIT=false"",""--useLLInt=true"",""--validateOptions=true"",""/mnt/c/Users/mzyx/Desktop/0921/js-interpreter-bench/experiments/three_engine_baseline/adapters/jsc.js"",""/mnt/c/Users/mzyx/Desktop/0921/js-interpreter-bench/experiments/sunspider_three_engine/generated/MAIN/bitops-bits-in-byte.N2.correctness.js""]",65c824a055405bf62b05e21d54515a72a1f0187a4d91225d00a6da969d35879f,/mnt/c/Users/mzyx/Desktop/0921/js-interpreter-bench/experiments/sunspider_three_engine/generated/MAIN/bitops-bits-in-byte.N2.correctness.js,b8870dcc5ef7d63a712d6dc1be7755091912506ea6b04e38e540a722768bac49,358400,"TEB_RESULT:{""benchmark"":""SunSpider"",""case"":""bitops-bits-in-byte"",""mode"":""correctness"",""N"":2,""checksum"":""358400"",""correctness"":""PASS"",""timer"":""Date.now"",""elapsed_ms"":null,""elapsed_per_call_ms"":null,""warmup_calls"":0}
",,0,True,PASS,,2026-10-04T15:24:25.719113+00:00,0,True,300
wsl2-ubuntu2404-x64-20261004,MAIN,correctness,bitops-bits-in-byte,quickjs,0,0,0,[],0,1,2,,,45379178,[],"[""/home/mzyx/three_engine_20261004/quickjs-04be246001599f5995fa2f2d8c91a0f198d3f34c/qjs"",""-I"",""/mnt/c/Users/mzyx/Desktop/0921/js-interpreter-bench/experiments/three_engine_baseline/adapters/quickjs.js"",""/mnt/c/Users/mzyx/Desktop/0921/js-interpreter-bench/experiments/sunspider_three_engine/generated/MAIN/bitops-bits-in-byte.N2.correctness.js""]",140d5233b0337d91cb0f994ae4a051e49aa04da8802acfaedf0a01b81a620b79,/mnt/c/Users/mzyx/Desktop/0921/js-interpreter-bench/experiments/sunspider_three_engine/generated/MAIN/bitops-bits-in-byte.N2.correctness.js,b8870dcc5ef7d63a712d6dc1be7755091912506ea6b04e38e540a722768bac49,358400,"TEB_RESULT:{""benchmark"":""SunSpider"",""case"":""bitops-bits-in-byte"",""mode"":""correctness"",""N"":2,""checksum"":""358400"",""correctness"":""PASS"",""timer"":""Date.now"",""elapsed_ms"":null,""elapsed_per_call_ms"":null,""warmup_calls"":0}
",,0,True,PASS,,2026-10-04T15:24:25.473278+00:00,0,True,300
wsl2-ubuntu2404-x64-20261004,MAIN,correctness,bitops-bits-in-byte,v8,0,0,0,[],0,1,2,,,69340318,"[""--max-opt=0"",""--no-lazy""]","[""/home/mzyx/three_engine_20261004/v8-linux64-rel-15.6.21/d8"",""--snapshot_blob=/home/mzyx/three_engine_20261004/v8-linux64-rel-15.6.21/snapshot_blob.bin"",""--max-opt=0"",""--no-lazy"",""/mnt/c/Users/mzyx/Desktop/0921/js-interpreter-bench/experiments/three_engine_baseline/adapters/v8.js"",""/mnt/c/Users/mzyx/Desktop/0921/js-interpreter-bench/experiments/sunspider_three_engine/generated/MAIN/bitops-bits-in-byte.N2.correctness.js""]",83b744a5953d2662ea723564d4035a333782a0cc85232d1025929a925150b133,/mnt/c/Users/mzyx/Desktop/0921/js-interpreter-bench/experiments/sunspider_three_engine/generated/MAIN/bitops-bits-in-byte.N2.correctness.js,b8870dcc5ef7d63a712d6dc1be7755091912506ea6b04e38e540a722768bac49,358400,"TEB_RESULT:{""benchmark"":""SunSpider"",""case"":""bitops-bits-in-byte"",""mode"":""correctness"",""N"":2,""checksum"":""358400"",""correctness"":""PASS"",""timer"":""Date.now"",""elapsed_ms"":null,""elapsed_per_call_ms"":null,""warmup_calls"":0}
",,0,True,PASS,,2026-10-04T15:24:25.586163+00:00,0,True,300
wsl2-ubuntu2404-x64-20261004,MAIN,correctness,bitops-bitwise-and,jsc,0,0,0,[],0,1,1,,,25160232,"[""--useJIT=false"",""--useLLInt=true"",""--validateOptions=true""]","[""/home/mzyx/jsc_build_fd3406f/JSCOnly/Release/bin/jsc"",""--useJIT=false"",""--useLLInt=true"",""--validateOptions=true"",""/mnt/c/Users/mzyx/Desktop/0921/js-interpreter-bench/experiments/three_engine_baseline/adapters/jsc.js"",""/mnt/c/Users/mzyx/Desktop/0921/js-interpreter-bench/experiments/sunspider_three_engine/generated/MAIN/bitops-bitwise-and.N1.correctness.js""]",65c824a055405bf62b05e21d54515a72a1f0187a4d91225d00a6da969d35879f,/mnt/c/Users/mzyx/Desktop/0921/js-interpreter-bench/experiments/sunspider_three_engine/generated/MAIN/bitops-bitwise-and.N1.correctness.js,3d873b86ae8f7730e773bd45ad2264304d0565d160599218b57dac19843fc49d,0,"TEB_RESULT:{""benchmark"":""SunSpider"",""case"":""bitops-bitwise-and"",""mode"":""correctness"",""N"":1,""checksum"":""0"",""correctness"":""PASS"",""timer"":""Date.now"",""elapsed_ms"":null,""elapsed_per_call_ms"":null,""warmup_calls"":0}
",,0,True,PASS,,2026-10-04T15:24:25.995966+00:00,0,True,300
wsl2-ubuntu2404-x64-20261004,MAIN,correctness,bitops-bitwise-and,quickjs,0,0,0,[],0,1,1,,,15257205,[],"[""/home/mzyx/three_engine_20261004/quickjs-04be246001599f5995fa2f2d8c91a0f198d3f34c/qjs"",""-I"",""/mnt/c/Users/mzyx/Desktop/0921/js-interpreter-bench/experiments/three_engine_baseline/adapters/quickjs.js"",""/mnt/c/Users/mzyx/Desktop/0921/js-interpreter-bench/experiments/sunspider_three_engine/generated/MAIN/bitops-bitwise-and.N1.correctness.js""]",140d5233b0337d91cb0f994ae4a051e49aa04da8802acfaedf0a01b81a620b79,/mnt/c/Users/mzyx/Desktop/0921/js-interpreter-bench/experiments/sunspider_three_engine/generated/MAIN/bitops-bitwise-and.N1.correctness.js,3d873b86ae8f7730e773bd45ad2264304d0565d160599218b57dac19843fc49d,0,"TEB_RESULT:{""benchmark"":""SunSpider"",""case"":""bitops-bitwise-and"",""mode"":""correctness"",""N"":1,""checksum"":""0"",""correctness"":""PASS"",""timer"":""Date.now"",""elapsed_ms"":null,""elapsed_per_call_ms"":null,""warmup_calls"":0}
",,0,True,PASS,,2026-10-04T15:24:25.823576+00:00,0,True,300
wsl2-ubuntu2404-x64-20261004,MAIN,correctness,bitops-bitwise-and,v8,0,0,0,[],0,1,1,,,35367764,"[""--max-opt=0"",""--no-lazy""]","[""/home/mzyx/three_engine_20261004/v8-linux64-rel-15.6.21/d8"",""--snapshot_blob=/home/mzyx/three_engine_20261004/v8-linux64-rel-15.6.21/snapshot_blob.bin"",""--max-opt=0"",""--no-lazy"",""/mnt/c/Users/mzyx/Desktop/0921/js-interpreter-bench/experiments/three_engine_baseline/adapters/v8.js"",""/mnt/c/Users/mzyx/Desktop/0921/js-interpreter-bench/experiments/sunspider_three_engine/generated/MAIN/bitops-bitwise-and.N1.correctness.js""]",83b744a5953d2662ea723564d4035a333782a0cc85232d1025929a925150b133,/mnt/c/Users/mzyx/Desktop/0921/js-interpreter-bench/experiments/sunspider_three_engine/generated/MAIN/bitops-bitwise-and.N1.correctness.js,3d873b86ae8f7730e773bd45ad2264304d0565d160599218b57dac19843fc49d,0,"TEB_RESULT:{""benchmark"":""SunSpider"",""case"":""bitops-bitwise-and"",""mode"":""correctness"",""N"":1,""checksum"":""0"",""correctness"":""PASS"",""timer"":""Date.now"",""elapsed_ms"":null,""elapsed_per_call_ms"":null,""warmup_calls"":0}
",,0,True,PASS,,2026-10-04T15:24:25.900382+00:00,0,True,300
wsl2-ubuntu2404-x64-20261004,MAIN,correctness,bitops-bitwise-and,jsc,0,0,0,[],0,1,2,,,32849330,"[""--useJIT=false"",""--useLLInt=true"",""--validateOptions=true""]","[""/home/mzyx/jsc_build_fd3406f/JSCOnly/Release/bin/jsc"",""--useJIT=false"",""--useLLInt=true"",""--validateOptions=true"",""/mnt/c/Users/mzyx/Desktop/0921/js-interpreter-bench/experiments/three_engine_baseline/adapters/jsc.js"",""/mnt/c/Users/mzyx/Desktop/0921/js-interpreter-bench/experiments/sunspider_three_engine/generated/MAIN/bitops-bitwise-and.N2.correctness.js""]",65c824a055405bf62b05e21d54515a72a1f0187a4d91225d00a6da969d35879f,/mnt/c/Users/mzyx/Desktop/0921/js-interpreter-bench/experiments/sunspider_three_engine/generated/MAIN/bitops-bitwise-and.N2.correctness.js,0cdd213c53b014855518f775ba226b19011816fc43b33ca59a8f01d1a06a8103,0,"TEB_RESULT:{""benchmark"":""SunSpider"",""case"":""bitops-bitwise-and"",""mode"":""correctness"",""N"":2,""checksum"":""0"",""correctness"":""PASS"",""timer"":""Date.now"",""elapsed_ms"":null,""elapsed_per_call_ms"":null,""warmup_calls"":0}
",,0,True,PASS,,2026-10-04T15:24:26.282357+00:00,0,True,300
wsl2-ubuntu2404-x64-20261004,MAIN,correctness,bitops-bitwise-and,quickjs,0,0,0,[],0,1,2,,,20973820,[],"[""/home/mzyx/three_engine_20261004/quickjs-04be246001599f5995fa2f2d8c91a0f198d3f34c/qjs"",""-I"",""/mnt/c/Users/mzyx/Desktop/0921/js-interpreter-bench/experiments/three_engine_baseline/adapters/quickjs.js"",""/mnt/c/Users/mzyx/Desktop/0921/js-interpreter-bench/experiments/sunspider_three_engine/generated/MAIN/bitops-bitwise-and.N2.correctness.js""]",140d5233b0337d91cb0f994ae4a051e49aa04da8802acfaedf0a01b81a620b79,/mnt/c/Users/mzyx/Desktop/0921/js-interpreter-bench/experiments/sunspider_three_engine/generated/MAIN/bitops-bitwise-and.N2.correctness.js,0cdd213c53b014855518f775ba226b19011816fc43b33ca59a8f01d1a06a8103,0,"TEB_RESULT:{""benchmark"":""SunSpider"",""case"":""bitops-bitwise-and"",""mode"":""correctness"",""N"":2,""checksum"":""0"",""correctness"":""PASS"",""timer"":""Date.now"",""elapsed_ms"":null,""elapsed_per_call_ms"":null,""warmup_calls"":0}
",,0,True,PASS,,2026-10-04T15:24:26.082244+00:00,0,True,300
wsl2-ubuntu2404-x64-20261004,MAIN,correctness,bitops-bitwise-and,v8,0,0,0,[],0,1,2,,,55839519,"[""--max-opt=0"",""--no-lazy""]","[""/home/mzyx/three_engine_20261004/v8-linux64-rel-15.6.21/d8"",""--snapshot_blob=/home/mzyx/three_engine_20261004/v8-linux64-rel-15.6.21/snapshot_blob.bin"",""--max-opt=0"",""--no-lazy"",""/mnt/c/Users/mzyx/Desktop/0921/js-interpreter-bench/experiments/three_engine_baseline/adapters/v8.js"",""/mnt/c/Users/mzyx/Desktop/0921/js-interpreter-bench/experiments/sunspider_three_engine/generated/MAIN/bitops-bitwise-and.N2.correctness.js""]",83b744a5953d2662ea723564d4035a333782a0cc85232d1025929a925150b133,/mnt/c/Users/mzyx/Desktop/0921/js-interpreter-bench/experiments/sunspider_three_engine/generated/MAIN/bitops-bitwise-and.N2.correctness.js,0cdd213c53b014855518f775ba226b19011816fc43b33ca59a8f01d1a06a8103,0,"TEB_RESULT:{""benchmark"":""SunSpider"",""case"":""bitops-bitwise-and"",""mode"":""correctness"",""N"":2,""checksum"":""0"",""correctness"":""PASS"",""timer"":""Date.now"",""elapsed_ms"":null,""elapsed_per_call_ms"":null,""warmup_calls"":0}
",,0,True,PASS,,2026-10-04T15:24:26.161388+00:00,0,True,300
wsl2-ubuntu2404-x64-20261004,MAIN,correctness,bitops-nsieve-bits,jsc,0,0,0,[],0,1,1,,,37810760,"[""--useJIT=false"",""--useLLInt=true"",""--validateOptions=true""]","[""/home/mzyx/jsc_build_fd3406f/JSCOnly/Release/bin/jsc"",""--useJIT=false"",""--useLLInt=true"",""--validateOptions=true"",""/mnt/c/Users/mzyx/Desktop/0921/js-interpreter-bench/experiments/three_engine_baseline/adapters/jsc.js"",""/mnt/c/Users/mzyx/Desktop/0921/js-interpreter-bench/experiments/sunspider_three_engine/generated/MAIN/bitops-nsieve-bits.N1.correctness.js""]",65c824a055405bf62b05e21d54515a72a1f0187a4d91225d00a6da969d35879f,/mnt/c/Users/mzyx/Desktop/0921/js-interpreter-bench/experiments/sunspider_three_engine/generated/MAIN/bitops-nsieve-bits.N1.correctness.js,f29d9cdff2a9aa44d400f9090052b69c9811c0334b96bff9a97cd9026f302acc,-1286749544853,"TEB_RESULT:{""benchmark"":""SunSpider"",""case"":""bitops-nsieve-bits"",""mode"":""correctness"",""N"":1,""checksum"":""-1286749544853"",""correctness"":""PASS"",""timer"":""Date.now"",""elapsed_ms"":null,""elapsed_per_call_ms"":null,""warmup_calls"":0}
",,0,True,PASS,,2026-10-04T15:24:26.576439+00:00,0,True,300
wsl2-ubuntu2404-x64-20261004,MAIN,correctness,bitops-nsieve-bits,quickjs,0,0,0,[],0,1,1,,,21683693,[],"[""/home/mzyx/three_engine_20261004/quickjs-04be246001599f5995fa2f2d8c91a0f198d3f34c/qjs"",""-I"",""/mnt/c/Users/mzyx/Desktop/0921/js-interpreter-bench/experiments/three_engine_baseline/adapters/quickjs.js"",""/mnt/c/Users/mzyx/Desktop/0921/js-interpreter-bench/experiments/sunspider_three_engine/generated/MAIN/bitops-nsieve-bits.N1.correctness.js""]",140d5233b0337d91cb0f994ae4a051e49aa04da8802acfaedf0a01b81a620b79,/mnt/c/Users/mzyx/Desktop/0921/js-interpreter-bench/experiments/sunspider_three_engine/generated/MAIN/bitops-nsieve-bits.N1.correctness.js,f29d9cdff2a9aa44d400f9090052b69c9811c0334b96bff9a97cd9026f302acc,-1286749544853,"TEB_RESULT:{""benchmark"":""SunSpider"",""case"":""bitops-nsieve-bits"",""mode"":""correctness"",""N"":1,""checksum"":""-1286749544853"",""correctness"":""PASS"",""timer"":""Date.now"",""elapsed_ms"":null,""elapsed_per_call_ms"":null,""warmup_calls"":0}
",,0,True,PASS,,2026-10-04T15:24:26.384275+00:00,0,True,300
wsl2-ubuntu2404-x64-20261004,MAIN,correctness,bitops-nsieve-bits,v8,0,0,0,[],0,1,1,,,50392873,"[""--max-opt=0"",""--no-lazy""]","[""/home/mzyx/three_engine_20261004/v8-linux64-rel-15.6.21/d8"",""--snapshot_blob=/home/mzyx/three_engine_20261004/v8-linux64-rel-15.6.21/snapshot_blob.bin"",""--max-opt=0"",""--no-lazy"",""/mnt/c/Users/mzyx/Desktop/0921/js-interpreter-bench/experiments/three_engine_baseline/adapters/v8.js"",""/mnt/c/Users/mzyx/Desktop/0921/js-interpreter-bench/experiments/sunspider_three_engine/generated/MAIN/bitops-nsieve-bits.N1.correctness.js""]",83b744a5953d2662ea723564d4035a333782a0cc85232d1025929a925150b133,/mnt/c/Users/mzyx/Desktop/0921/js-interpreter-bench/experiments/sunspider_three_engine/generated/MAIN/bitops-nsieve-bits.N1.correctness.js,f29d9cdff2a9aa44d400f9090052b69c9811c0334b96bff9a97cd9026f302acc,-1286749544853,"TEB_RESULT:{""benchmark"":""SunSpider"",""case"":""bitops-nsieve-bits"",""mode"":""correctness"",""N"":1,""checksum"":""-1286749544853"",""correctness"":""PASS"",""timer"":""Date.now"",""elapsed_ms"":null,""elapsed_per_call_ms"":null,""warmup_calls"":0}
",,0,True,PASS,,2026-10-04T15:24:26.465898+00:00,0,True,300
wsl2-ubuntu2404-x64-20261004,MAIN,correctness,bitops-nsieve-bits,jsc,0,0,0,[],0,1,2,,,68971166,"[""--useJIT=false"",""--useLLInt=true"",""--validateOptions=true""]","[""/home/mzyx/jsc_build_fd3406f/JSCOnly/Release/bin/jsc"",""--useJIT=false"",""--useLLInt=true"",""--validateOptions=true"",""/mnt/c/Users/mzyx/Desktop/0921/js-interpreter-bench/experiments/three_engine_baseline/adapters/jsc.js"",""/mnt/c/Users/mzyx/Desktop/0921/js-interpreter-bench/experiments/sunspider_three_engine/generated/MAIN/bitops-nsieve-bits.N2.correctness.js""]",65c824a055405bf62b05e21d54515a72a1f0187a4d91225d00a6da969d35879f,/mnt/c/Users/mzyx/Desktop/0921/js-interpreter-bench/experiments/sunspider_three_engine/generated/MAIN/bitops-nsieve-bits.N2.correctness.js,061b1b1c902fd118d907808458644622c0855a4f73832dcb3f96ac853d6a2695,-1286749544853,"TEB_RESULT:{""benchmark"":""SunSpider"",""case"":""bitops-nsieve-bits"",""mode"":""correctness"",""N"":2,""checksum"":""-1286749544853"",""correctness"":""PASS"",""timer"":""Date.now"",""elapsed_ms"":null,""elapsed_per_call_ms"":null,""warmup_calls"":0}
",,0,True,PASS,,2026-10-04T15:24:26.944223+00:00,0,True,300
wsl2-ubuntu2404-x64-20261004,MAIN,correctness,bitops-nsieve-bits,quickjs,0,0,0,[],0,1,2,,,36890803,[],"[""/home/mzyx/three_engine_20261004/quickjs-04be246001599f5995fa2f2d8c91a0f198d3f34c/qjs"",""-I"",""/mnt/c/Users/mzyx/Desktop/0921/js-interpreter-bench/experiments/three_engine_baseline/adapters/quickjs.js"",""/mnt/c/Users/mzyx/Desktop/0921/js-interpreter-bench/experiments/sunspider_three_engine/generated/MAIN/bitops-nsieve-bits.N2.correctness.js""]",140d5233b0337d91cb0f994ae4a051e49aa04da8802acfaedf0a01b81a620b79,/mnt/c/Users/mzyx/Desktop/0921/js-interpreter-bench/experiments/sunspider_three_engine/generated/MAIN/bitops-nsieve-bits.N2.correctness.js,061b1b1c902fd118d907808458644622c0855a4f73832dcb3f96ac853d6a2695,-1286749544853,"TEB_RESULT:{""benchmark"":""SunSpider"",""case"":""bitops-nsieve-bits"",""mode"":""correctness"",""N"":2,""checksum"":""-1286749544853"",""correctness"":""PASS"",""timer"":""Date.now"",""elapsed_ms"":null,""elapsed_per_call_ms"":null,""warmup_calls"":0}
",,0,True,PASS,,2026-10-04T15:24:26.695728+00:00,0,True,300
wsl2-ubuntu2404-x64-20261004,MAIN,correctness,bitops-nsieve-bits,v8,0,0,0,[],0,1,2,,,76301542,"[""--max-opt=0"",""--no-lazy""]","[""/home/mzyx/three_engine_20261004/v8-linux64-rel-15.6.21/d8"",""--snapshot_blob=/home/mzyx/three_engine_20261004/v8-linux64-rel-15.6.21/snapshot_blob.bin"",""--max-opt=0"",""--no-lazy"",""/mnt/c/Users/mzyx/Desktop/0921/js-interpreter-bench/experiments/three_engine_baseline/adapters/v8.js"",""/mnt/c/Users/mzyx/Desktop/0921/js-interpreter-bench/experiments/sunspider_three_engine/generated/MAIN/bitops-nsieve-bits.N2.correctness.js""]",83b744a5953d2662ea723564d4035a333782a0cc85232d1025929a925150b133,/mnt/c/Users/mzyx/Desktop/0921/js-interpreter-bench/experiments/sunspider_three_engine/generated/MAIN/bitops-nsieve-bits.N2.correctness.js,061b1b1c902fd118d907808458644622c0855a4f73832dcb3f96ac853d6a2695,-1286749544853,"TEB_RESULT:{""benchmark"":""SunSpider"",""case"":""bitops-nsieve-bits"",""mode"":""correctness"",""N"":2,""checksum"":""-1286749544853"",""correctness"":""PASS"",""timer"":""Date.now"",""elapsed_ms"":null,""elapsed_per_call_ms"":null,""warmup_calls"":0}
",,0,True,PASS,,2026-10-04T15:24:26.800752+00:00,0,True,300
wsl2-ubuntu2404-x64-20261004,MAIN,correctness,controlflow-recursive,jsc,0,0,0,[],0,1,1,,,23028929,"[""--useJIT=false"",""--useLLInt=true"",""--validateOptions=true""]","[""/home/mzyx/jsc_build_fd3406f/JSCOnly/Release/bin/jsc"",""--useJIT=false"",""--useLLInt=true"",""--validateOptions=true"",""/mnt/c/Users/mzyx/Desktop/0921/js-interpreter-bench/experiments/three_engine_baseline/adapters/jsc.js"",""/mnt/c/Users/mzyx/Desktop/0921/js-interpreter-bench/experiments/sunspider_three_engine/generated/MAIN/controlflow-recursive.N1.correctness.js""]",65c824a055405bf62b05e21d54515a72a1f0187a4d91225d00a6da969d35879f,/mnt/c/Users/mzyx/Desktop/0921/js-interpreter-bench/experiments/sunspider_three_engine/generated/MAIN/controlflow-recursive.N1.correctness.js,946fcc64999b92ee27ba519546fd8b4a5d3eb251a5ae308f1cc4c983e63fc697,57775,"TEB_RESULT:{""benchmark"":""SunSpider"",""case"":""controlflow-recursive"",""mode"":""correctness"",""N"":1,""checksum"":""57775"",""correctness"":""PASS"",""timer"":""Date.now"",""elapsed_ms"":null,""elapsed_per_call_ms"":null,""warmup_calls"":0}
",,0,True,PASS,,2026-10-04T15:24:27.236681+00:00,0,True,300
wsl2-ubuntu2404-x64-20261004,MAIN,correctness,controlflow-recursive,quickjs,0,0,0,[],0,1,1,,,14115080,[],"[""/home/mzyx/three_engine_20261004/quickjs-04be246001599f5995fa2f2d8c91a0f198d3f34c/qjs"",""-I"",""/mnt/c/Users/mzyx/Desktop/0921/js-interpreter-bench/experiments/three_engine_baseline/adapters/quickjs.js"",""/mnt/c/Users/mzyx/Desktop/0921/js-interpreter-bench/experiments/sunspider_three_engine/generated/MAIN/controlflow-recursive.N1.correctness.js""]",140d5233b0337d91cb0f994ae4a051e49aa04da8802acfaedf0a01b81a620b79,/mnt/c/Users/mzyx/Desktop/0921/js-interpreter-bench/experiments/sunspider_three_engine/generated/MAIN/controlflow-recursive.N1.correctness.js,946fcc64999b92ee27ba519546fd8b4a5d3eb251a5ae308f1cc4c983e63fc697,57775,"TEB_RESULT:{""benchmark"":""SunSpider"",""case"":""controlflow-recursive"",""mode"":""correctness"",""N"":1,""checksum"":""57775"",""correctness"":""PASS"",""timer"":""Date.now"",""elapsed_ms"":null,""elapsed_per_call_ms"":null,""warmup_calls"":0}
",,0,True,PASS,,2026-10-04T15:24:27.069902+00:00,0,True,300
wsl2-ubuntu2404-x64-20261004,MAIN,correctness,controlflow-recursive,v8,0,0,0,[],0,1,1,,,33305135,"[""--max-opt=0"",""--no-lazy""]","[""/home/mzyx/three_engine_20261004/v8-linux64-rel-15.6.21/d8"",""--snapshot_blob=/home/mzyx/three_engine_20261004/v8-linux64-rel-15.6.21/snapshot_blob.bin"",""--max-opt=0"",""--no-lazy"",""/mnt/c/Users/mzyx/Desktop/0921/js-interpreter-bench/experiments/three_engine_baseline/adapters/v8.js"",""/mnt/c/Users/mzyx/Desktop/0921/js-interpreter-bench/experiments/sunspider_three_engine/generated/MAIN/controlflow-recursive.N1.correctness.js""]",83b744a5953d2662ea723564d4035a333782a0cc85232d1025929a925150b133,/mnt/c/Users/mzyx/Desktop/0921/js-interpreter-bench/experiments/sunspider_three_engine/generated/MAIN/controlflow-recursive.N1.correctness.js,946fcc64999b92ee27ba519546fd8b4a5d3eb251a5ae308f1cc4c983e63fc697,57775,"TEB_RESULT:{""benchmark"":""SunSpider"",""case"":""controlflow-recursive"",""mode"":""correctness"",""N"":1,""checksum"":""57775"",""correctness"":""PASS"",""timer"":""Date.now"",""elapsed_ms"":null,""elapsed_per_call_ms"":null,""warmup_calls"":0}
",,0,True,PASS,,2026-10-04T15:24:27.141563+00:00,0,True,300
wsl2-ubuntu2404-x64-20261004,MAIN,correctness,controlflow-recursive,jsc,0,0,0,[],0,1,2,,,30647662,"[""--useJIT=false"",""--useLLInt=true"",""--validateOptions=true""]","[""/home/mzyx/jsc_build_fd3406f/JSCOnly/Release/bin/jsc"",""--useJIT=false"",""--useLLInt=true"",""--validateOptions=true"",""/mnt/c/Users/mzyx/Desktop/0921/js-interpreter-bench/experiments/three_engine_baseline/adapters/jsc.js"",""/mnt/c/Users/mzyx/Desktop/0921/js-interpreter-bench/experiments/sunspider_three_engine/generated/MAIN/controlflow-recursive.N2.correctness.js""]",65c824a055405bf62b05e21d54515a72a1f0187a4d91225d00a6da969d35879f,/mnt/c/Users/mzyx/Desktop/0921/js-interpreter-bench/experiments/sunspider_three_engine/generated/MAIN/controlflow-recursive.N2.correctness.js,1c1b39319617d862b239f922846d3947fa10fddb6d06846c961c697a32f57062,57775,"TEB_RESULT:{""benchmark"":""SunSpider"",""case"":""controlflow-recursive"",""mode"":""correctness"",""N"":2,""checksum"":""57775"",""correctness"":""PASS"",""timer"":""Date.now"",""elapsed_ms"":null,""elapsed_per_call_ms"":null,""warmup_calls"":0}
",,0,True,PASS,,2026-10-04T15:24:27.506793+00:00,0,True,300
wsl2-ubuntu2404-x64-20261004,MAIN,correctness,controlflow-recursive,quickjs,0,0,0,[],0,1,2,,,21706079,[],"[""/home/mzyx/three_engine_20261004/quickjs-04be246001599f5995fa2f2d8c91a0f198d3f34c/qjs"",""-I"",""/mnt/c/Users/mzyx/Desktop/0921/js-interpreter-bench/experiments/three_engine_baseline/adapters/quickjs.js"",""/mnt/c/Users/mzyx/Desktop/0921/js-interpreter-bench/experiments/sunspider_three_engine/generated/MAIN/controlflow-recursive.N2.correctness.js""]",140d5233b0337d91cb0f994ae4a051e49aa04da8802acfaedf0a01b81a620b79,/mnt/c/Users/mzyx/Desktop/0921/js-interpreter-bench/experiments/sunspider_three_engine/generated/MAIN/controlflow-recursive.N2.correctness.js,1c1b39319617d862b239f922846d3947fa10fddb6d06846c961c697a32f57062,57775,"TEB_RESULT:{""benchmark"":""SunSpider"",""case"":""controlflow-recursive"",""mode"":""correctness"",""N"":2,""checksum"":""57775"",""correctness"":""PASS"",""timer"":""Date.now"",""elapsed_ms"":null,""elapsed_per_call_ms"":null,""warmup_calls"":0}
",,0,True,PASS,,2026-10-04T15:24:27.321982+00:00,0,True,300
wsl2-ubuntu2404-x64-20261004,MAIN,correctness,controlflow-recursive,v8,0,0,0,[],0,1,2,,,40191403,"[""--max-opt=0"",""--no-lazy""]","[""/home/mzyx/three_engine_20261004/v8-linux64-rel-15.6.21/d8"",""--snapshot_blob=/home/mzyx/three_engine_20261004/v8-linux64-rel-15.6.21/snapshot_blob.bin"",""--max-opt=0"",""--no-lazy"",""/mnt/c/Users/mzyx/Desktop/0921/js-interpreter-bench/experiments/three_engine_baseline/adapters/v8.js"",""/mnt/c/Users/mzyx/Desktop/0921/js-interpreter-bench/experiments/sunspider_three_engine/generated/MAIN/controlflow-recursive.N2.correctness.js""]",83b744a5953d2662ea723564d4035a333782a0cc85232d1025929a925150b133,/mnt/c/Users/mzyx/Desktop/0921/js-interpreter-bench/experiments/sunspider_three_engine/generated/MAIN/controlflow-recursive.N2.correctness.js,1c1b39319617d862b239f922846d3947fa10fddb6d06846c961c697a32f57062,57775,"TEB_RESULT:{""benchmark"":""SunSpider"",""case"":""controlflow-recursive"",""mode"":""correctness"",""N"":2,""checksum"":""57775"",""correctness"":""PASS"",""timer"":""Date.now"",""elapsed_ms"":null,""elapsed_per_call_ms"":null,""warmup_calls"":0}
",,0,True,PASS,,2026-10-04T15:24:27.404679+00:00,0,True,300
wsl2-ubuntu2404-x64-20261004,MAIN,correctness,crypto-aes,jsc,0,0,0,[],0,1,1,,,31840900,"[""--useJIT=false"",""--useLLInt=true"",""--validateOptions=true""]","[""/home/mzyx/jsc_build_fd3406f/JSCOnly/Release/bin/jsc"",""--useJIT=false"",""--useLLInt=true"",""--validateOptions=true"",""/mnt/c/Users/mzyx/Desktop/0921/js-interpreter-bench/experiments/three_engine_baseline/adapters/jsc.js"",""/mnt/c/Users/mzyx/Desktop/0921/js-interpreter-bench/experiments/sunspider_three_engine/generated/MAIN/crypto-aes.N1.correctness.js""]",65c824a055405bf62b05e21d54515a72a1f0187a4d91225d00a6da969d35879f,/mnt/c/Users/mzyx/Desktop/0921/js-interpreter-bench/experiments/sunspider_three_engine/generated/MAIN/crypto-aes.N1.correctness.js,e55c64153709648fe48bfeb9cf023c7f33c200c5c2f2f4de4a39a3ca94e6d9c4,1343,"TEB_RESULT:{""benchmark"":""SunSpider"",""case"":""crypto-aes"",""mode"":""correctness"",""N"":1,""checksum"":""1343"",""correctness"":""PASS"",""timer"":""Date.now"",""elapsed_ms"":null,""elapsed_per_call_ms"":null,""warmup_calls"":0}
",,0,True,PASS,,2026-10-04T15:24:27.809121+00:00,0,True,300
wsl2-ubuntu2404-x64-20261004,MAIN,correctness,crypto-aes,quickjs,0,0,0,[],0,1,1,,,24218819,[],"[""/home/mzyx/three_engine_20261004/quickjs-04be246001599f5995fa2f2d8c91a0f198d3f34c/qjs"",""-I"",""/mnt/c/Users/mzyx/Desktop/0921/js-interpreter-bench/experiments/three_engine_baseline/adapters/quickjs.js"",""/mnt/c/Users/mzyx/Desktop/0921/js-interpreter-bench/experiments/sunspider_three_engine/generated/MAIN/crypto-aes.N1.correctness.js""]",140d5233b0337d91cb0f994ae4a051e49aa04da8802acfaedf0a01b81a620b79,/mnt/c/Users/mzyx/Desktop/0921/js-interpreter-bench/experiments/sunspider_three_engine/generated/MAIN/crypto-aes.N1.correctness.js,e55c64153709648fe48bfeb9cf023c7f33c200c5c2f2f4de4a39a3ca94e6d9c4,1343,"TEB_RESULT:{""benchmark"":""SunSpider"",""case"":""crypto-aes"",""mode"":""correctness"",""N"":1,""checksum"":""1343"",""correctness"":""PASS"",""timer"":""Date.now"",""elapsed_ms"":null,""elapsed_per_call_ms"":null,""warmup_calls"":0}
",,0,True,PASS,,2026-10-04T15:24:27.610231+00:00,0,True,300
wsl2-ubuntu2404-x64-20261004,MAIN,correctness,crypto-aes,v8,0,0,0,[],0,1,1,,,47120015,"[""--max-opt=0"",""--no-lazy""]","[""/home/mzyx/three_engine_20261004/v8-linux64-rel-15.6.21/d8"",""--snapshot_blob=/home/mzyx/three_engine_20261004/v8-linux64-rel-15.6.21/snapshot_blob.bin"",""--max-opt=0"",""--no-lazy"",""/mnt/c/Users/mzyx/Desktop/0921/js-interpreter-bench/experiments/three_engine_baseline/adapters/v8.js"",""/mnt/c/Users/mzyx/Desktop/0921/js-interpreter-bench/experiments/sunspider_three_engine/generated/MAIN/crypto-aes.N1.correctness.js""]",83b744a5953d2662ea723564d4035a333782a0cc85232d1025929a925150b133,/mnt/c/Users/mzyx/Desktop/0921/js-interpreter-bench/experiments/sunspider_three_engine/generated/MAIN/crypto-aes.N1.correctness.js,e55c64153709648fe48bfeb9cf023c7f33c200c5c2f2f4de4a39a3ca94e6d9c4,1343,"TEB_RESULT:{""benchmark"":""SunSpider"",""case"":""crypto-aes"",""mode"":""correctness"",""N"":1,""checksum"":""1343"",""correctness"":""PASS"",""timer"":""Date.now"",""elapsed_ms"":null,""elapsed_per_call_ms"":null,""warmup_calls"":0}
",,0,True,PASS,,2026-10-04T15:24:27.697131+00:00,0,True,300
wsl2-ubuntu2404-x64-20261004,MAIN,correctness,crypto-aes,jsc,0,0,0,[],0,1,2,,,41707658,"[""--useJIT=false"",""--useLLInt=true"",""--validateOptions=true""]","[""/home/mzyx/jsc_build_fd3406f/JSCOnly/Release/bin/jsc"",""--useJIT=false"",""--useLLInt=true"",""--validateOptions=true"",""/mnt/c/Users/mzyx/Desktop/0921/js-interpreter-bench/experiments/three_engine_baseline/adapters/jsc.js"",""/mnt/c/Users/mzyx/Desktop/0921/js-interpreter-bench/experiments/sunspider_three_engine/generated/MAIN/crypto-aes.N2.correctness.js""]",65c824a055405bf62b05e21d54515a72a1f0187a4d91225d00a6da969d35879f,/mnt/c/Users/mzyx/Desktop/0921/js-interpreter-bench/experiments/sunspider_three_engine/generated/MAIN/crypto-aes.N2.correctness.js,c661b8cc3c9aaaf54b6f76395d43d90906f06753830625b4beecda8c58e8ec08,1343,"TEB_RESULT:{""benchmark"":""SunSpider"",""case"":""crypto-aes"",""mode"":""correctness"",""N"":2,""checksum"":""1343"",""correctness"":""PASS"",""timer"":""Date.now"",""elapsed_ms"":null,""elapsed_per_call_ms"":null,""warmup_calls"":0}
",,0,True,PASS,,2026-10-04T15:24:28.146171+00:00,0,True,300
wsl2-ubuntu2404-x64-20261004,MAIN,correctness,crypto-aes,quickjs,0,0,0,[],0,1,2,,,37597975,[],"[""/home/mzyx/three_engine_20261004/quickjs-04be246001599f5995fa2f2d8c91a0f198d3f34c/qjs"",""-I"",""/mnt/c/Users/mzyx/Desktop/0921/js-interpreter-bench/experiments/three_engine_baseline/adapters/quickjs.js"",""/mnt/c/Users/mzyx/Desktop/0921/js-interpreter-bench/experiments/sunspider_three_engine/generated/MAIN/crypto-aes.N2.correctness.js""]",140d5233b0337d91cb0f994ae4a051e49aa04da8802acfaedf0a01b81a620b79,/mnt/c/Users/mzyx/Desktop/0921/js-interpreter-bench/experiments/sunspider_three_engine/generated/MAIN/crypto-aes.N2.correctness.js,c661b8cc3c9aaaf54b6f76395d43d90906f06753830625b4beecda8c58e8ec08,1343,"TEB_RESULT:{""benchmark"":""SunSpider"",""case"":""crypto-aes"",""mode"":""correctness"",""N"":2,""checksum"":""1343"",""correctness"":""PASS"",""timer"":""Date.now"",""elapsed_ms"":null,""elapsed_per_call_ms"":null,""warmup_calls"":0}
",,0,True,PASS,,2026-10-04T15:24:27.915330+00:00,0,True,300
wsl2-ubuntu2404-x64-20261004,MAIN,correctness,crypto-aes,v8,0,0,0,[],0,1,2,,,60473653,"[""--max-opt=0"",""--no-lazy""]","[""/home/mzyx/three_engine_20261004/v8-linux64-rel-15.6.21/d8"",""--snapshot_blob=/home/mzyx/three_engine_20261004/v8-linux64-rel-15.6.21/snapshot_blob.bin"",""--max-opt=0"",""--no-lazy"",""/mnt/c/Users/mzyx/Desktop/0921/js-interpreter-bench/experiments/three_engine_baseline/adapters/v8.js"",""/mnt/c/Users/mzyx/Desktop/0921/js-interpreter-bench/experiments/sunspider_three_engine/generated/MAIN/crypto-aes.N2.correctness.js""]",83b744a5953d2662ea723564d4035a333782a0cc85232d1025929a925150b133,/mnt/c/Users/mzyx/Desktop/0921/js-interpreter-bench/experiments/sunspider_three_engine/generated/MAIN/crypto-aes.N2.correctness.js,c661b8cc3c9aaaf54b6f76395d43d90906f06753830625b4beecda8c58e8ec08,1343,"TEB_RESULT:{""benchmark"":""SunSpider"",""case"":""crypto-aes"",""mode"":""correctness"",""N"":2,""checksum"":""1343"",""correctness"":""PASS"",""timer"":""Date.now"",""elapsed_ms"":null,""elapsed_per_call_ms"":null,""warmup_calls"":0}
",,0,True,PASS,,2026-10-04T15:24:28.022708+00:00,0,True,300
wsl2-ubuntu2404-x64-20261004,MAIN,correctness,crypto-md5,jsc,0,0,0,[],0,1,1,,,25715331,"[""--useJIT=false"",""--useLLInt=true"",""--validateOptions=true""]","[""/home/mzyx/jsc_build_fd3406f/JSCOnly/Release/bin/jsc"",""--useJIT=false"",""--useLLInt=true"",""--validateOptions=true"",""/mnt/c/Users/mzyx/Desktop/0921/js-interpreter-bench/experiments/three_engine_baseline/adapters/jsc.js"",""/mnt/c/Users/mzyx/Desktop/0921/js-interpreter-bench/experiments/sunspider_three_engine/generated/MAIN/crypto-md5.N1.correctness.js""]",65c824a055405bf62b05e21d54515a72a1f0187a4d91225d00a6da969d35879f,/mnt/c/Users/mzyx/Desktop/0921/js-interpreter-bench/experiments/sunspider_three_engine/generated/MAIN/crypto-md5.N1.correctness.js,a1fa5f40cd361efff66717983a2286fe58c73a63e0ba28fae3209ae9bc068234,a831e91e0f70eddcb70dc61c6f82f6cd,"TEB_RESULT:{""benchmark"":""SunSpider"",""case"":""crypto-md5"",""mode"":""correctness"",""N"":1,""checksum"":""a831e91e0f70eddcb70dc61c6f82f6cd"",""correctness"":""PASS"",""timer"":""Date.now"",""elapsed_ms"":null,""elapsed_per_call_ms"":null,""warmup_calls"":0}
",,0,True,PASS,,2026-10-04T15:24:28.434038+00:00,0,True,300
wsl2-ubuntu2404-x64-20261004,MAIN,correctness,crypto-md5,quickjs,0,0,0,[],0,1,1,,,15196099,[],"[""/home/mzyx/three_engine_20261004/quickjs-04be246001599f5995fa2f2d8c91a0f198d3f34c/qjs"",""-I"",""/mnt/c/Users/mzyx/Desktop/0921/js-interpreter-bench/experiments/three_engine_baseline/adapters/quickjs.js"",""/mnt/c/Users/mzyx/Desktop/0921/js-interpreter-bench/experiments/sunspider_three_engine/generated/MAIN/crypto-md5.N1.correctness.js""]",140d5233b0337d91cb0f994ae4a051e49aa04da8802acfaedf0a01b81a620b79,/mnt/c/Users/mzyx/Desktop/0921/js-interpreter-bench/experiments/sunspider_three_engine/generated/MAIN/crypto-md5.N1.correctness.js,a1fa5f40cd361efff66717983a2286fe58c73a63e0ba28fae3209ae9bc068234,a831e91e0f70eddcb70dc61c6f82f6cd,"TEB_RESULT:{""benchmark"":""SunSpider"",""case"":""crypto-md5"",""mode"":""correctness"",""N"":1,""checksum"":""a831e91e0f70eddcb70dc61c6f82f6cd"",""correctness"":""PASS"",""timer"":""Date.now"",""elapsed_ms"":null,""elapsed_per_call_ms"":null,""warmup_calls"":0}
",,0,True,PASS,,2026-10-04T15:24:28.259995+00:00,0,True,300
wsl2-ubuntu2404-x64-20261004,MAIN,correctness,crypto-md5,v8,0,0,0,[],0,1,1,,,37525858,"[""--max-opt=0"",""--no-lazy""]","[""/home/mzyx/three_engine_20261004/v8-linux64-rel-15.6.21/d8"",""--snapshot_blob=/home/mzyx/three_engine_20261004/v8-linux64-rel-15.6.21/snapshot_blob.bin"",""--max-opt=0"",""--no-lazy"",""/mnt/c/Users/mzyx/Desktop/0921/js-interpreter-bench/experiments/three_engine_baseline/adapters/v8.js"",""/mnt/c/Users/mzyx/Desktop/0921/js-interpreter-bench/experiments/sunspider_three_engine/generated/MAIN/crypto-md5.N1.correctness.js""]",83b744a5953d2662ea723564d4035a333782a0cc85232d1025929a925150b133,/mnt/c/Users/mzyx/Desktop/0921/js-interpreter-bench/experiments/sunspider_three_engine/generated/MAIN/crypto-md5.N1.correctness.js,a1fa5f40cd361efff66717983a2286fe58c73a63e0ba28fae3209ae9bc068234,a831e91e0f70eddcb70dc61c6f82f6cd,"TEB_RESULT:{""benchmark"":""SunSpider"",""case"":""crypto-md5"",""mode"":""correctness"",""N"":1,""checksum"":""a831e91e0f70eddcb70dc61c6f82f6cd"",""correctness"":""PASS"",""timer"":""Date.now"",""elapsed_ms"":null,""elapsed_per_call_ms"":null,""warmup_calls"":0}
",,0,True,PASS,,2026-10-04T15:24:28.334398+00:00,0,True,300
wsl2-ubuntu2404-x64-20261004,MAIN,correctness,crypto-md5,jsc,0,0,0,[],0,1,2,,,34234021,"[""--useJIT=false"",""--useLLInt=true"",""--validateOptions=true""]","[""/home/mzyx/jsc_build_fd3406f/JSCOnly/Release/bin/jsc"",""--useJIT=false"",""--useLLInt=true"",""--validateOptions=true"",""/mnt/c/Users/mzyx/Desktop/0921/js-interpreter-bench/experiments/three_engine_baseline/adapters/jsc.js"",""/mnt/c/Users/mzyx/Desktop/0921/js-interpreter-bench/experiments/sunspider_three_engine/generated/MAIN/crypto-md5.N2.correctness.js""]",65c824a055405bf62b05e21d54515a72a1f0187a4d91225d00a6da969d35879f,/mnt/c/Users/mzyx/Desktop/0921/js-interpreter-bench/experiments/sunspider_three_engine/generated/MAIN/crypto-md5.N2.correctness.js,f90d49901e3279200df442112481d5f7d66fddeb3c98fe6aac5227271b4d296a,a831e91e0f70eddcb70dc61c6f82f6cd,"TEB_RESULT:{""benchmark"":""SunSpider"",""case"":""crypto-md5"",""mode"":""correctness"",""N"":2,""checksum"":""a831e91e0f70eddcb70dc61c6f82f6cd"",""correctness"":""PASS"",""timer"":""Date.now"",""elapsed_ms"":null,""elapsed_per_call_ms"":null,""warmup_calls"":0}
",,0,True,PASS,,2026-10-04T15:24:28.723341+00:00,0,True,300
wsl2-ubuntu2404-x64-20261004,MAIN,correctness,crypto-md5,quickjs,0,0,0,[],0,1,2,,,21775748,[],"[""/home/mzyx/three_engine_20261004/quickjs-04be246001599f5995fa2f2d8c91a0f198d3f34c/qjs"",""-I"",""/mnt/c/Users/mzyx/Desktop/0921/js-interpreter-bench/experiments/three_engine_baseline/adapters/quickjs.js"",""/mnt/c/Users/mzyx/Desktop/0921/js-interpreter-bench/experiments/sunspider_three_engine/generated/MAIN/crypto-md5.N2.correctness.js""]",140d5233b0337d91cb0f994ae4a051e49aa04da8802acfaedf0a01b81a620b79,/mnt/c/Users/mzyx/Desktop/0921/js-interpreter-bench/experiments/sunspider_three_engine/generated/MAIN/crypto-md5.N2.correctness.js,f90d49901e3279200df442112481d5f7d66fddeb3c98fe6aac5227271b4d296a,a831e91e0f70eddcb70dc61c6f82f6cd,"TEB_RESULT:{""benchmark"":""SunSpider"",""case"":""crypto-md5"",""mode"":""correctness"",""N"":2,""checksum"":""a831e91e0f70eddcb70dc61c6f82f6cd"",""correctness"":""PASS"",""timer"":""Date.now"",""elapsed_ms"":null,""elapsed_per_call_ms"":null,""warmup_calls"":0}
",,0,True,PASS,,2026-10-04T15:24:28.534687+00:00,0,True,300
wsl2-ubuntu2404-x64-20261004,MAIN,correctness,crypto-md5,v8,0,0,0,[],0,1,2,,,43796798,"[""--max-opt=0"",""--no-lazy""]","[""/home/mzyx/three_engine_20261004/v8-linux64-rel-15.6.21/d8"",""--snapshot_blob=/home/mzyx/three_engine_20261004/v8-linux64-rel-15.6.21/snapshot_blob.bin"",""--max-opt=0"",""--no-lazy"",""/mnt/c/Users/mzyx/Desktop/0921/js-interpreter-bench/experiments/three_engine_baseline/adapters/v8.js"",""/mnt/c/Users/mzyx/Desktop/0921/js-interpreter-bench/experiments/sunspider_three_engine/generated/MAIN/crypto-md5.N2.correctness.js""]",83b744a5953d2662ea723564d4035a333782a0cc85232d1025929a925150b133,/mnt/c/Users/mzyx/Desktop/0921/js-interpreter-bench/experiments/sunspider_three_engine/generated/MAIN/crypto-md5.N2.correctness.js,f90d49901e3279200df442112481d5f7d66fddeb3c98fe6aac5227271b4d296a,a831e91e0f70eddcb70dc61c6f82f6cd,"TEB_RESULT:{""benchmark"":""SunSpider"",""case"":""crypto-md5"",""mode"":""correctness"",""N"":2,""checksum"":""a831e91e0f70eddcb70dc61c6f82f6cd"",""correctness"":""PASS"",""timer"":""Date.now"",""elapsed_ms"":null,""elapsed_per_call_ms"":null,""warmup_calls"":0}
",,0,True,PASS,,2026-10-04T15:24:28.619582+00:00,0,True,300
wsl2-ubuntu2404-x64-20261004,MAIN,correctness,crypto-sha1,jsc,0,0,0,[],0,1,1,,,25703896,"[""--useJIT=false"",""--useLLInt=true"",""--validateOptions=true""]","[""/home/mzyx/jsc_build_fd3406f/JSCOnly/Release/bin/jsc"",""--useJIT=false"",""--useLLInt=true"",""--validateOptions=true"",""/mnt/c/Users/mzyx/Desktop/0921/js-interpreter-bench/experiments/three_engine_baseline/adapters/jsc.js"",""/mnt/c/Users/mzyx/Desktop/0921/js-interpreter-bench/experiments/sunspider_three_engine/generated/MAIN/crypto-sha1.N1.correctness.js""]",65c824a055405bf62b05e21d54515a72a1f0187a4d91225d00a6da969d35879f,/mnt/c/Users/mzyx/Desktop/0921/js-interpreter-bench/experiments/sunspider_three_engine/generated/MAIN/crypto-sha1.N1.correctness.js,014c5a0523d67ae740f0ee7af9988c02566cfd6ec7ba16f5d692fd8a48319c07,2524d264def74cce2498bf112bedf00e6c0b796d,"TEB_RESULT:{""benchmark"":""SunSpider"",""case"":""crypto-sha1"",""mode"":""correctness"",""N"":1,""checksum"":""2524d264def74cce2498bf112bedf00e6c0b796d"",""correctness"":""PASS"",""timer"":""Date.now"",""elapsed_ms"":null,""elapsed_per_call_ms"":null,""warmup_calls"":0}
",,0,True,PASS,,2026-10-04T15:24:29.004706+00:00,0,True,300
wsl2-ubuntu2404-x64-20261004,MAIN,correctness,crypto-sha1,quickjs,0,0,0,[],0,1,1,,,15002390,[],"[""/home/mzyx/three_engine_20261004/quickjs-04be246001599f5995fa2f2d8c91a0f198d3f34c/qjs"",""-I"",""/mnt/c/Users/mzyx/Desktop/0921/js-interpreter-bench/experiments/three_engine_baseline/adapters/quickjs.js"",""/mnt/c/Users/mzyx/Desktop/0921/js-interpreter-bench/experiments/sunspider_three_engine/generated/MAIN/crypto-sha1.N1.correctness.js""]",140d5233b0337d91cb0f994ae4a051e49aa04da8802acfaedf0a01b81a620b79,/mnt/c/Users/mzyx/Desktop/0921/js-interpreter-bench/experiments/sunspider_three_engine/generated/MAIN/crypto-sha1.N1.correctness.js,014c5a0523d67ae740f0ee7af9988c02566cfd6ec7ba16f5d692fd8a48319c07,2524d264def74cce2498bf112bedf00e6c0b796d,"TEB_RESULT:{""benchmark"":""SunSpider"",""case"":""crypto-sha1"",""mode"":""correctness"",""N"":1,""checksum"":""2524d264def74cce2498bf112bedf00e6c0b796d"",""correctness"":""PASS"",""timer"":""Date.now"",""elapsed_ms"":null,""elapsed_per_call_ms"":null,""warmup_calls"":0}
",,0,True,PASS,,2026-10-04T15:24:28.829926+00:00,0,True,300
wsl2-ubuntu2404-x64-20261004,MAIN,correctness,crypto-sha1,v8,0,0,0,[],0,1,1,,,40762528,"[""--max-opt=0"",""--no-lazy""]","[""/home/mzyx/three_engine_20261004/v8-linux64-rel-15.6.21/d8"",""--snapshot_blob=/home/mzyx/three_engine_20261004/v8-linux64-rel-15.6.21/snapshot_blob.bin"",""--max-opt=0"",""--no-lazy"",""/mnt/c/Users/mzyx/Desktop/0921/js-interpreter-bench/experiments/three_engine_baseline/adapters/v8.js"",""/mnt/c/Users/mzyx/Desktop/0921/js-interpreter-bench/experiments/sunspider_three_engine/generated/MAIN/crypto-sha1.N1.correctness.js""]",83b744a5953d2662ea723564d4035a333782a0cc85232d1025929a925150b133,/mnt/c/Users/mzyx/Desktop/0921/js-interpreter-bench/experiments/sunspider_three_engine/generated/MAIN/crypto-sha1.N1.correctness.js,014c5a0523d67ae740f0ee7af9988c02566cfd6ec7ba16f5d692fd8a48319c07,2524d264def74cce2498bf112bedf00e6c0b796d,"TEB_RESULT:{""benchmark"":""SunSpider"",""case"":""crypto-sha1"",""mode"":""correctness"",""N"":1,""checksum"":""2524d264def74cce2498bf112bedf00e6c0b796d"",""correctness"":""PASS"",""timer"":""Date.now"",""elapsed_ms"":null,""elapsed_per_call_ms"":null,""warmup_calls"":0}
",,0,True,PASS,,2026-10-04T15:24:28.905353+00:00,0,True,300
wsl2-ubuntu2404-x64-20261004,MAIN,correctness,crypto-sha1,jsc,0,0,0,[],0,1,2,,,31488660,"[""--useJIT=false"",""--useLLInt=true"",""--validateOptions=true""]","[""/home/mzyx/jsc_build_fd3406f/JSCOnly/Release/bin/jsc"",""--useJIT=false"",""--useLLInt=true"",""--validateOptions=true"",""/mnt/c/Users/mzyx/Desktop/0921/js-interpreter-bench/experiments/three_engine_baseline/adapters/jsc.js"",""/mnt/c/Users/mzyx/Desktop/0921/js-interpreter-bench/experiments/sunspider_three_engine/generated/MAIN/crypto-sha1.N2.correctness.js""]",65c824a055405bf62b05e21d54515a72a1f0187a4d91225d00a6da969d35879f,/mnt/c/Users/mzyx/Desktop/0921/js-interpreter-bench/experiments/sunspider_three_engine/generated/MAIN/crypto-sha1.N2.correctness.js,58ea99b61ef47612b562ed666b6acde176ad30efc7e5f225e5a5b162216db466,2524d264def74cce2498bf112bedf00e6c0b796d,"TEB_RESULT:{""benchmark"":""SunSpider"",""case"":""crypto-sha1"",""mode"":""correctness"",""N"":2,""checksum"":""2524d264def74cce2498bf112bedf00e6c0b796d"",""correctness"":""PASS"",""timer"":""Date.now"",""elapsed_ms"":null,""elapsed_per_call_ms"":null,""warmup_calls"":0}
",,0,True,PASS,,2026-10-04T15:24:29.292491+00:00,0,True,300
wsl2-ubuntu2404-x64-20261004,MAIN,correctness,crypto-sha1,quickjs,0,0,0,[],0,1,2,,,20732787,[],"[""/home/mzyx/three_engine_20261004/quickjs-04be246001599f5995fa2f2d8c91a0f198d3f34c/qjs"",""-I"",""/mnt/c/Users/mzyx/Desktop/0921/js-interpreter-bench/experiments/three_engine_baseline/adapters/quickjs.js"",""/mnt/c/Users/mzyx/Desktop/0921/js-interpreter-bench/experiments/sunspider_three_engine/generated/MAIN/crypto-sha1.N2.correctness.js""]",140d5233b0337d91cb0f994ae4a051e49aa04da8802acfaedf0a01b81a620b79,/mnt/c/Users/mzyx/Desktop/0921/js-interpreter-bench/experiments/sunspider_three_engine/generated/MAIN/crypto-sha1.N2.correctness.js,58ea99b61ef47612b562ed666b6acde176ad30efc7e5f225e5a5b162216db466,2524d264def74cce2498bf112bedf00e6c0b796d,"TEB_RESULT:{""benchmark"":""SunSpider"",""case"":""crypto-sha1"",""mode"":""correctness"",""N"":2,""checksum"":""2524d264def74cce2498bf112bedf00e6c0b796d"",""correctness"":""PASS"",""timer"":""Date.now"",""elapsed_ms"":null,""elapsed_per_call_ms"":null,""warmup_calls"":0}
",,0,True,PASS,,2026-10-04T15:24:29.105410+00:00,0,True,300
wsl2-ubuntu2404-x64-20261004,MAIN,correctness,crypto-sha1,v8,0,0,0,[],0,1,2,,,45134132,"[""--max-opt=0"",""--no-lazy""]","[""/home/mzyx/three_engine_20261004/v8-linux64-rel-15.6.21/d8"",""--snapshot_blob=/home/mzyx/three_engine_20261004/v8-linux64-rel-15.6.21/snapshot_blob.bin"",""--max-opt=0"",""--no-lazy"",""/mnt/c/Users/mzyx/Desktop/0921/js-interpreter-bench/experiments/three_engine_baseline/adapters/v8.js"",""/mnt/c/Users/mzyx/Desktop/0921/js-interpreter-bench/experiments/sunspider_three_engine/generated/MAIN/crypto-sha1.N2.correctness.js""]",83b744a5953d2662ea723564d4035a333782a0cc85232d1025929a925150b133,/mnt/c/Users/mzyx/Desktop/0921/js-interpreter-bench/experiments/sunspider_three_engine/generated/MAIN/crypto-sha1.N2.correctness.js,58ea99b61ef47612b562ed666b6acde176ad30efc7e5f225e5a5b162216db466,2524d264def74cce2498bf112bedf00e6c0b796d,"TEB_RESULT:{""benchmark"":""SunSpider"",""case"":""crypto-sha1"",""mode"":""correctness"",""N"":2,""checksum"":""2524d264def74cce2498bf112bedf00e6c0b796d"",""correctness"":""PASS"",""timer"":""Date.now"",""elapsed_ms"":null,""elapsed_per_call_ms"":null,""warmup_calls"":0}
",,0,True,PASS,,2026-10-04T15:24:29.185760+00:00,0,True,300
wsl2-ubuntu2404-x64-20261004,MAIN,correctness,date-format-tofte,jsc,0,0,0,[],0,1,1,,,35069373,"[""--useJIT=false"",""--useLLInt=true"",""--validateOptions=true""]","[""/home/mzyx/jsc_build_fd3406f/JSCOnly/Release/bin/jsc"",""--useJIT=false"",""--useLLInt=true"",""--validateOptions=true"",""/mnt/c/Users/mzyx/Desktop/0921/js-interpreter-bench/experiments/three_engine_baseline/adapters/jsc.js"",""/mnt/c/Users/mzyx/Desktop/0921/js-interpreter-bench/experiments/sunspider_three_engine/generated/MAIN/date-format-tofte.N1.correctness.js""]",65c824a055405bf62b05e21d54515a72a1f0187a4d91225d00a6da969d35879f,/mnt/c/Users/mzyx/Desktop/0921/js-interpreter-bench/experiments/sunspider_three_engine/generated/MAIN/date-format-tofte.N1.correctness.js,bc2bf3cf889ed96fc46f56091626a639a2c6a90a99e9824b6616475d2b393be3,"2008-05-01|Thursday, May 01, 2008 5:31:22 PM|1209718549000","TEB_RESULT:{""benchmark"":""SunSpider"",""case"":""date-format-tofte"",""mode"":""correctness"",""N"":1,""checksum"":""2008-05-01|Thursday, May 01, 2008 5:31:22 PM|1209718549000"",""correctness"":""PASS"",""timer"":""Date.now"",""elapsed_ms"":null,""elapsed_per_call_ms"":null,""warmup_calls"":0}
",,0,True,PASS,,2026-10-04T15:24:29.592995+00:00,0,True,300
wsl2-ubuntu2404-x64-20261004,MAIN,correctness,date-format-tofte,quickjs,0,0,0,[],0,1,1,,,37846218,[],"[""/home/mzyx/three_engine_20261004/quickjs-04be246001599f5995fa2f2d8c91a0f198d3f34c/qjs"",""-I"",""/mnt/c/Users/mzyx/Desktop/0921/js-interpreter-bench/experiments/three_engine_baseline/adapters/quickjs.js"",""/mnt/c/Users/mzyx/Desktop/0921/js-interpreter-bench/experiments/sunspider_three_engine/generated/MAIN/date-format-tofte.N1.correctness.js""]",140d5233b0337d91cb0f994ae4a051e49aa04da8802acfaedf0a01b81a620b79,/mnt/c/Users/mzyx/Desktop/0921/js-interpreter-bench/experiments/sunspider_three_engine/generated/MAIN/date-format-tofte.N1.correctness.js,bc2bf3cf889ed96fc46f56091626a639a2c6a90a99e9824b6616475d2b393be3,"2008-05-01|Thursday, May 01, 2008 5:31:22 PM|1209718549000","TEB_RESULT:{""benchmark"":""SunSpider"",""case"":""date-format-tofte"",""mode"":""correctness"",""N"":1,""checksum"":""2008-05-01|Thursday, May 01, 2008 5:31:22 PM|1209718549000"",""correctness"":""PASS"",""timer"":""Date.now"",""elapsed_ms"":null,""elapsed_per_call_ms"":null,""warmup_calls"":0}
",,0,True,PASS,,2026-10-04T15:24:29.400409+00:00,0,True,300
wsl2-ubuntu2404-x64-20261004,MAIN,correctness,date-format-tofte,v8,0,0,0,[],0,1,1,,,36614798,"[""--max-opt=0"",""--no-lazy""]","[""/home/mzyx/three_engine_20261004/v8-linux64-rel-15.6.21/d8"",""--snapshot_blob=/home/mzyx/three_engine_20261004/v8-linux64-rel-15.6.21/snapshot_blob.bin"",""--max-opt=0"",""--no-lazy"",""/mnt/c/Users/mzyx/Desktop/0921/js-interpreter-bench/experiments/three_engine_baseline/adapters/v8.js"",""/mnt/c/Users/mzyx/Desktop/0921/js-interpreter-bench/experiments/sunspider_three_engine/generated/MAIN/date-format-tofte.N1.correctness.js""]",83b744a5953d2662ea723564d4035a333782a0cc85232d1025929a925150b133,/mnt/c/Users/mzyx/Desktop/0921/js-interpreter-bench/experiments/sunspider_three_engine/generated/MAIN/date-format-tofte.N1.correctness.js,bc2bf3cf889ed96fc46f56091626a639a2c6a90a99e9824b6616475d2b393be3,"2008-05-01|Thursday, May 01, 2008 5:31:22 PM|1209718549000","TEB_RESULT:{""benchmark"":""SunSpider"",""case"":""date-format-tofte"",""mode"":""correctness"",""N"":1,""checksum"":""2008-05-01|Thursday, May 01, 2008 5:31:22 PM|1209718549000"",""correctness"":""PASS"",""timer"":""Date.now"",""elapsed_ms"":null,""elapsed_per_call_ms"":null,""warmup_calls"":0}
",,0,True,PASS,,2026-10-04T15:24:29.496794+00:00,0,True,300
wsl2-ubuntu2404-x64-20261004,MAIN,correctness,date-format-tofte,jsc,0,0,0,[],0,1,2,,,44649838,"[""--useJIT=false"",""--useLLInt=true"",""--validateOptions=true""]","[""/home/mzyx/jsc_build_fd3406f/JSCOnly/Release/bin/jsc"",""--useJIT=false"",""--useLLInt=true"",""--validateOptions=true"",""/mnt/c/Users/mzyx/Desktop/0921/js-interpreter-bench/experiments/three_engine_baseline/adapters/jsc.js"",""/mnt/c/Users/mzyx/Desktop/0921/js-interpreter-bench/experiments/sunspider_three_engine/generated/MAIN/date-format-tofte.N2.correctness.js""]",65c824a055405bf62b05e21d54515a72a1f0187a4d91225d00a6da969d35879f,/mnt/c/Users/mzyx/Desktop/0921/js-interpreter-bench/experiments/sunspider_three_engine/generated/MAIN/date-format-tofte.N2.correctness.js,6eb6b5e435e1e750dc572d71278f3938ad42e5b17cc51cf025c15bda7276542a,"2008-05-01|Thursday, May 01, 2008 5:31:22 PM|1209718549000","TEB_RESULT:{""benchmark"":""SunSpider"",""case"":""date-format-tofte"",""mode"":""correctness"",""N"":2,""checksum"":""2008-05-01|Thursday, May 01, 2008 5:31:22 PM|1209718549000"",""correctness"":""PASS"",""timer"":""Date.now"",""elapsed_ms"":null,""elapsed_per_call_ms"":null,""warmup_calls"":0}
",,0,True,PASS,,2026-10-04T15:24:29.943568+00:00,0,True,300
wsl2-ubuntu2404-x64-20261004,MAIN,correctness,date-format-tofte,quickjs,0,0,0,[],0,1,2,,,68184061,[],"[""/home/mzyx/three_engine_20261004/quickjs-04be246001599f5995fa2f2d8c91a0f198d3f34c/qjs"",""-I"",""/mnt/c/Users/mzyx/Desktop/0921/js-interpreter-bench/experiments/three_engine_baseline/adapters/quickjs.js"",""/mnt/c/Users/mzyx/Desktop/0921/js-interpreter-bench/experiments/sunspider_three_engine/generated/MAIN/date-format-tofte.N2.correctness.js""]",140d5233b0337d91cb0f994ae4a051e49aa04da8802acfaedf0a01b81a620b79,/mnt/c/Users/mzyx/Desktop/0921/js-interpreter-bench/experiments/sunspider_three_engine/generated/MAIN/date-format-tofte.N2.correctness.js,6eb6b5e435e1e750dc572d71278f3938ad42e5b17cc51cf025c15bda7276542a,"2008-05-01|Thursday, May 01, 2008 5:31:22 PM|1209718549000","TEB_RESULT:{""benchmark"":""SunSpider"",""case"":""date-format-tofte"",""mode"":""correctness"",""N"":2,""checksum"":""2008-05-01|Thursday, May 01, 2008 5:31:22 PM|1209718549000"",""correctness"":""PASS"",""timer"":""Date.now"",""elapsed_ms"":null,""elapsed_per_call_ms"":null,""warmup_calls"":0}
",,0,True,PASS,,2026-10-04T15:24:29.707445+00:00,0,True,300
wsl2-ubuntu2404-x64-20261004,MAIN,correctness,date-format-tofte,v8,0,0,0,[],0,1,2,,,47483917,"[""--max-opt=0"",""--no-lazy""]","[""/home/mzyx/three_engine_20261004/v8-linux64-rel-15.6.21/d8"",""--snapshot_blob=/home/mzyx/three_engine_20261004/v8-linux64-rel-15.6.21/snapshot_blob.bin"",""--max-opt=0"",""--no-lazy"",""/mnt/c/Users/mzyx/Desktop/0921/js-interpreter-bench/experiments/three_engine_baseline/adapters/v8.js"",""/mnt/c/Users/mzyx/Desktop/0921/js-interpreter-bench/experiments/sunspider_three_engine/generated/MAIN/date-format-tofte.N2.correctness.js""]",83b744a5953d2662ea723564d4035a333782a0cc85232d1025929a925150b133,/mnt/c/Users/mzyx/Desktop/0921/js-interpreter-bench/experiments/sunspider_three_engine/generated/MAIN/date-format-tofte.N2.correctness.js,6eb6b5e435e1e750dc572d71278f3938ad42e5b17cc51cf025c15bda7276542a,"2008-05-01|Thursday, May 01, 2008 5:31:22 PM|1209718549000","TEB_RESULT:{""benchmark"":""SunSpider"",""case"":""date-format-tofte"",""mode"":""correctness"",""N"":2,""checksum"":""2008-05-01|Thursday, May 01, 2008 5:31:22 PM|1209718549000"",""correctness"":""PASS"",""timer"":""Date.now"",""elapsed_ms"":null,""elapsed_per_call_ms"":null,""warmup_calls"":0}
",,0,True,PASS,,2026-10-04T15:24:29.837583+00:00,0,True,300
wsl2-ubuntu2404-x64-20261004,MAIN,correctness,date-format-xparb,jsc,0,0,0,[],0,1,1,,,30615517,"[""--useJIT=false"",""--useLLInt=true"",""--validateOptions=true""]","[""/home/mzyx/jsc_build_fd3406f/JSCOnly/Release/bin/jsc"",""--useJIT=false"",""--useLLInt=true"",""--validateOptions=true"",""/mnt/c/Users/mzyx/Desktop/0921/js-interpreter-bench/experiments/three_engine_baseline/adapters/jsc.js"",""/mnt/c/Users/mzyx/Desktop/0921/js-interpreter-bench/experiments/sunspider_three_engine/generated/MAIN/date-format-xparb.N1.correctness.js""]",65c824a055405bf62b05e21d54515a72a1f0187a4d91225d00a6da969d35879f,/mnt/c/Users/mzyx/Desktop/0921/js-interpreter-bench/experiments/sunspider_three_engine/generated/MAIN/date-format-xparb.N1.correctness.js,89e4c44267b4d784a3dc0da8decab6e6faf59be581ac0ae5a9135dd48c2571a5,"2017-09-05|Tuesday, September 05, 2017 7:43:48 AM|1504652895000","TEB_RESULT:{""benchmark"":""SunSpider"",""case"":""date-format-xparb"",""mode"":""correctness"",""N"":1,""checksum"":""2017-09-05|Tuesday, September 05, 2017 7:43:48 AM|1504652895000"",""correctness"":""PASS"",""timer"":""Date.now"",""elapsed_ms"":null,""elapsed_per_call_ms"":null,""warmup_calls"":0}
",,0,True,PASS,,2026-10-04T15:24:30.251798+00:00,0,True,300
wsl2-ubuntu2404-x64-20261004,MAIN,correctness,date-format-xparb,quickjs,0,0,0,[],0,1,1,,,30738735,[],"[""/home/mzyx/three_engine_20261004/quickjs-04be246001599f5995fa2f2d8c91a0f198d3f34c/qjs"",""-I"",""/mnt/c/Users/mzyx/Desktop/0921/js-interpreter-bench/experiments/three_engine_baseline/adapters/quickjs.js"",""/mnt/c/Users/mzyx/Desktop/0921/js-interpreter-bench/experiments/sunspider_three_engine/generated/MAIN/date-format-xparb.N1.correctness.js""]",140d5233b0337d91cb0f994ae4a051e49aa04da8802acfaedf0a01b81a620b79,/mnt/c/Users/mzyx/Desktop/0921/js-interpreter-bench/experiments/sunspider_three_engine/generated/MAIN/date-format-xparb.N1.correctness.js,89e4c44267b4d784a3dc0da8decab6e6faf59be581ac0ae5a9135dd48c2571a5,"2017-09-05|Tuesday, September 05, 2017 7:43:48 AM|1504652895000","TEB_RESULT:{""benchmark"":""SunSpider"",""case"":""date-format-xparb"",""mode"":""correctness"",""N"":1,""checksum"":""2017-09-05|Tuesday, September 05, 2017 7:43:48 AM|1504652895000"",""correctness"":""PASS"",""timer"":""Date.now"",""elapsed_ms"":null,""elapsed_per_call_ms"":null,""warmup_calls"":0}
",,0,True,PASS,,2026-10-04T15:24:30.069122+00:00,0,True,300
wsl2-ubuntu2404-x64-20261004,MAIN,correctness,date-format-xparb,v8,0,0,0,[],0,1,1,,,34523895,"[""--max-opt=0"",""--no-lazy""]","[""/home/mzyx/three_engine_20261004/v8-linux64-rel-15.6.21/d8"",""--snapshot_blob=/home/mzyx/three_engine_20261004/v8-linux64-rel-15.6.21/snapshot_blob.bin"",""--max-opt=0"",""--no-lazy"",""/mnt/c/Users/mzyx/Desktop/0921/js-interpreter-bench/experiments/three_engine_baseline/adapters/v8.js"",""/mnt/c/Users/mzyx/Desktop/0921/js-interpreter-bench/experiments/sunspider_three_engine/generated/MAIN/date-format-xparb.N1.correctness.js""]",83b744a5953d2662ea723564d4035a333782a0cc85232d1025929a925150b133,/mnt/c/Users/mzyx/Desktop/0921/js-interpreter-bench/experiments/sunspider_three_engine/generated/MAIN/date-format-xparb.N1.correctness.js,89e4c44267b4d784a3dc0da8decab6e6faf59be581ac0ae5a9135dd48c2571a5,"2017-09-05|Tuesday, September 05, 2017 7:43:48 AM|1504652895000","TEB_RESULT:{""benchmark"":""SunSpider"",""case"":""date-format-xparb"",""mode"":""correctness"",""N"":1,""checksum"":""2017-09-05|Tuesday, September 05, 2017 7:43:48 AM|1504652895000"",""correctness"":""PASS"",""timer"":""Date.now"",""elapsed_ms"":null,""elapsed_per_call_ms"":null,""warmup_calls"":0}
",,0,True,PASS,,2026-10-04T15:24:30.157608+00:00,0,True,300
wsl2-ubuntu2404-x64-20261004,MAIN,correctness,date-format-xparb,jsc,0,0,0,[],0,1,2,,,38930467,"[""--useJIT=false"",""--useLLInt=true"",""--validateOptions=true""]","[""/home/mzyx/jsc_build_fd3406f/JSCOnly/Release/bin/jsc"",""--useJIT=false"",""--useLLInt=true"",""--validateOptions=true"",""/mnt/c/Users/mzyx/Desktop/0921/js-interpreter-bench/experiments/three_engine_baseline/adapters/jsc.js"",""/mnt/c/Users/mzyx/Desktop/0921/js-interpreter-bench/experiments/sunspider_three_engine/generated/MAIN/date-format-xparb.N2.correctness.js""]",65c824a055405bf62b05e21d54515a72a1f0187a4d91225d00a6da969d35879f,/mnt/c/Users/mzyx/Desktop/0921/js-interpreter-bench/experiments/sunspider_three_engine/generated/MAIN/date-format-xparb.N2.correctness.js,79f3812d535bac377de8be325fdfc52ac24c1f3326ca31c2ddcce8d953b3aff1,"2017-09-05|Tuesday, September 05, 2017 7:43:48 AM|1504652895000","TEB_RESULT:{""benchmark"":""SunSpider"",""case"":""date-format-xparb"",""mode"":""correctness"",""N"":2,""checksum"":""2017-09-05|Tuesday, September 05, 2017 7:43:48 AM|1504652895000"",""correctness"":""PASS"",""timer"":""Date.now"",""elapsed_ms"":null,""elapsed_per_call_ms"":null,""warmup_calls"":0}
",,0,True,PASS,,2026-10-04T15:24:30.573753+00:00,0,True,300
wsl2-ubuntu2404-x64-20261004,MAIN,correctness,date-format-xparb,quickjs,0,0,0,[],0,1,2,,,51838072,[],"[""/home/mzyx/three_engine_20261004/quickjs-04be246001599f5995fa2f2d8c91a0f198d3f34c/qjs"",""-I"",""/mnt/c/Users/mzyx/Desktop/0921/js-interpreter-bench/experiments/three_engine_baseline/adapters/quickjs.js"",""/mnt/c/Users/mzyx/Desktop/0921/js-interpreter-bench/experiments/sunspider_three_engine/generated/MAIN/date-format-xparb.N2.correctness.js""]",140d5233b0337d91cb0f994ae4a051e49aa04da8802acfaedf0a01b81a620b79,/mnt/c/Users/mzyx/Desktop/0921/js-interpreter-bench/experiments/sunspider_three_engine/generated/MAIN/date-format-xparb.N2.correctness.js,79f3812d535bac377de8be325fdfc52ac24c1f3326ca31c2ddcce8d953b3aff1,"2017-09-05|Tuesday, September 05, 2017 7:43:48 AM|1504652895000","TEB_RESULT:{""benchmark"":""SunSpider"",""case"":""date-format-xparb"",""mode"":""correctness"",""N"":2,""checksum"":""2017-09-05|Tuesday, September 05, 2017 7:43:48 AM|1504652895000"",""correctness"":""PASS"",""timer"":""Date.now"",""elapsed_ms"":null,""elapsed_per_call_ms"":null,""warmup_calls"":0}
",,0,True,PASS,,2026-10-04T15:24:30.357518+00:00,0,True,300
wsl2-ubuntu2404-x64-20261004,MAIN,correctness,date-format-xparb,v8,0,0,0,[],0,1,2,,,38360895,"[""--max-opt=0"",""--no-lazy""]","[""/home/mzyx/three_engine_20261004/v8-linux64-rel-15.6.21/d8"",""--snapshot_blob=/home/mzyx/three_engine_20261004/v8-linux64-rel-15.6.21/snapshot_blob.bin"",""--max-opt=0"",""--no-lazy"",""/mnt/c/Users/mzyx/Desktop/0921/js-interpreter-bench/experiments/three_engine_baseline/adapters/v8.js"",""/mnt/c/Users/mzyx/Desktop/0921/js-interpreter-bench/experiments/sunspider_three_engine/generated/MAIN/date-format-xparb.N2.correctness.js""]",83b744a5953d2662ea723564d4035a333782a0cc85232d1025929a925150b133,/mnt/c/Users/mzyx/Desktop/0921/js-interpreter-bench/experiments/sunspider_three_engine/generated/MAIN/date-format-xparb.N2.correctness.js,79f3812d535bac377de8be325fdfc52ac24c1f3326ca31c2ddcce8d953b3aff1,"2017-09-05|Tuesday, September 05, 2017 7:43:48 AM|1504652895000","TEB_RESULT:{""benchmark"":""SunSpider"",""case"":""date-format-xparb"",""mode"":""correctness"",""N"":2,""checksum"":""2017-09-05|Tuesday, September 05, 2017 7:43:48 AM|1504652895000"",""correctness"":""PASS"",""timer"":""Date.now"",""elapsed_ms"":null,""elapsed_per_call_ms"":null,""warmup_calls"":0}
",,0,True,PASS,,2026-10-04T15:24:30.472823+00:00,0,True,300
wsl2-ubuntu2404-x64-20261004,MAIN,correctness,math-cordic,jsc,0,0,0,[],0,1,1,,,41584244,"[""--useJIT=false"",""--useLLInt=true"",""--validateOptions=true""]","[""/home/mzyx/jsc_build_fd3406f/JSCOnly/Release/bin/jsc"",""--useJIT=false"",""--useLLInt=true"",""--validateOptions=true"",""/mnt/c/Users/mzyx/Desktop/0921/js-interpreter-bench/experiments/three_engine_baseline/adapters/jsc.js"",""/mnt/c/Users/mzyx/Desktop/0921/js-interpreter-bench/experiments/sunspider_three_engine/generated/MAIN/math-cordic.N1.correctness.js""]",65c824a055405bf62b05e21d54515a72a1f0187a4d91225d00a6da969d35879f,/mnt/c/Users/mzyx/Desktop/0921/js-interpreter-bench/experiments/sunspider_three_engine/generated/MAIN/math-cordic.N1.correctness.js,a690ef0cafff7c7bfddd84472dd52404aba007e1616784e36a4a2850e6d1ac91,10362.570468755888,"TEB_RESULT:{""benchmark"":""SunSpider"",""case"":""math-cordic"",""mode"":""correctness"",""N"":1,""checksum"":""10362.570468755888"",""correctness"":""PASS"",""timer"":""Date.now"",""elapsed_ms"":null,""elapsed_per_call_ms"":null,""warmup_calls"":0}
",,0,True,PASS,,2026-10-04T15:24:30.885979+00:00,0,True,300
wsl2-ubuntu2404-x64-20261004,MAIN,correctness,math-cordic,quickjs,0,0,0,[],0,1,1,,,30950788,[],"[""/home/mzyx/three_engine_20261004/quickjs-04be246001599f5995fa2f2d8c91a0f198d3f34c/qjs"",""-I"",""/mnt/c/Users/mzyx/Desktop/0921/js-interpreter-bench/experiments/three_engine_baseline/adapters/quickjs.js"",""/mnt/c/Users/mzyx/Desktop/0921/js-interpreter-bench/experiments/sunspider_three_engine/generated/MAIN/math-cordic.N1.correctness.js""]",140d5233b0337d91cb0f994ae4a051e49aa04da8802acfaedf0a01b81a620b79,/mnt/c/Users/mzyx/Desktop/0921/js-interpreter-bench/experiments/sunspider_three_engine/generated/MAIN/math-cordic.N1.correctness.js,a690ef0cafff7c7bfddd84472dd52404aba007e1616784e36a4a2850e6d1ac91,10362.570468755888,"TEB_RESULT:{""benchmark"":""SunSpider"",""case"":""math-cordic"",""mode"":""correctness"",""N"":1,""checksum"":""10362.570468755888"",""correctness"":""PASS"",""timer"":""Date.now"",""elapsed_ms"":null,""elapsed_per_call_ms"":null,""warmup_calls"":0}
",,0,True,PASS,,2026-10-04T15:24:30.680546+00:00,0,True,300
wsl2-ubuntu2404-x64-20261004,MAIN,correctness,math-cordic,v8,0,0,0,[],0,1,1,,,47722821,"[""--max-opt=0"",""--no-lazy""]","[""/home/mzyx/three_engine_20261004/v8-linux64-rel-15.6.21/d8"",""--snapshot_blob=/home/mzyx/three_engine_20261004/v8-linux64-rel-15.6.21/snapshot_blob.bin"",""--max-opt=0"",""--no-lazy"",""/mnt/c/Users/mzyx/Desktop/0921/js-interpreter-bench/experiments/three_engine_baseline/adapters/v8.js"",""/mnt/c/Users/mzyx/Desktop/0921/js-interpreter-bench/experiments/sunspider_three_engine/generated/MAIN/math-cordic.N1.correctness.js""]",83b744a5953d2662ea723564d4035a333782a0cc85232d1025929a925150b133,/mnt/c/Users/mzyx/Desktop/0921/js-interpreter-bench/experiments/sunspider_three_engine/generated/MAIN/math-cordic.N1.correctness.js,a690ef0cafff7c7bfddd84472dd52404aba007e1616784e36a4a2850e6d1ac91,10362.570468755888,"TEB_RESULT:{""benchmark"":""SunSpider"",""case"":""math-cordic"",""mode"":""correctness"",""N"":1,""checksum"":""10362.570468755888"",""correctness"":""PASS"",""timer"":""Date.now"",""elapsed_ms"":null,""elapsed_per_call_ms"":null,""warmup_calls"":0}
",,0,True,PASS,,2026-10-04T15:24:30.771902+00:00,0,True,300
wsl2-ubuntu2404-x64-20261004,MAIN,correctness,math-cordic,jsc,0,0,0,[],0,1,2,,,59171469,"[""--useJIT=false"",""--useLLInt=true"",""--validateOptions=true""]","[""/home/mzyx/jsc_build_fd3406f/JSCOnly/Release/bin/jsc"",""--useJIT=false"",""--useLLInt=true"",""--validateOptions=true"",""/mnt/c/Users/mzyx/Desktop/0921/js-interpreter-bench/experiments/three_engine_baseline/adapters/jsc.js"",""/mnt/c/Users/mzyx/Desktop/0921/js-interpreter-bench/experiments/sunspider_three_engine/generated/MAIN/math-cordic.N2.correctness.js""]",65c824a055405bf62b05e21d54515a72a1f0187a4d91225d00a6da969d35879f,/mnt/c/Users/mzyx/Desktop/0921/js-interpreter-bench/experiments/sunspider_three_engine/generated/MAIN/math-cordic.N2.correctness.js,ccf65cbb3c078d91de85ef9c2c638e3eedf5ec14406fd8e17ecd80b7ccfd670b,10362.570468755888,"TEB_RESULT:{""benchmark"":""SunSpider"",""case"":""math-cordic"",""mode"":""correctness"",""N"":2,""checksum"":""10362.570468755888"",""correctness"":""PASS"",""timer"":""Date.now"",""elapsed_ms"":null,""elapsed_per_call_ms"":null,""warmup_calls"":0}
",,0,True,PASS,,2026-10-04T15:24:31.266936+00:00,0,True,300
wsl2-ubuntu2404-x64-20261004,MAIN,correctness,math-cordic,quickjs,0,0,0,[],0,1,2,,,54187511,[],"[""/home/mzyx/three_engine_20261004/quickjs-04be246001599f5995fa2f2d8c91a0f198d3f34c/qjs"",""-I"",""/mnt/c/Users/mzyx/Desktop/0921/js-interpreter-bench/experiments/three_engine_baseline/adapters/quickjs.js"",""/mnt/c/Users/mzyx/Desktop/0921/js-interpreter-bench/experiments/sunspider_three_engine/generated/MAIN/math-cordic.N2.correctness.js""]",140d5233b0337d91cb0f994ae4a051e49aa04da8802acfaedf0a01b81a620b79,/mnt/c/Users/mzyx/Desktop/0921/js-interpreter-bench/experiments/sunspider_three_engine/generated/MAIN/math-cordic.N2.correctness.js,ccf65cbb3c078d91de85ef9c2c638e3eedf5ec14406fd8e17ecd80b7ccfd670b,10362.570468755888,"TEB_RESULT:{""benchmark"":""SunSpider"",""case"":""math-cordic"",""mode"":""correctness"",""N"":2,""checksum"":""10362.570468755888"",""correctness"":""PASS"",""timer"":""Date.now"",""elapsed_ms"":null,""elapsed_per_call_ms"":null,""warmup_calls"":0}
",,0,True,PASS,,2026-10-04T15:24:31.011931+00:00,0,True,300
wsl2-ubuntu2404-x64-20261004,MAIN,correctness,math-cordic,v8,0,0,0,[],0,1,2,,,68000352,"[""--max-opt=0"",""--no-lazy""]","[""/home/mzyx/three_engine_20261004/v8-linux64-rel-15.6.21/d8"",""--snapshot_blob=/home/mzyx/three_engine_20261004/v8-linux64-rel-15.6.21/snapshot_blob.bin"",""--max-opt=0"",""--no-lazy"",""/mnt/c/Users/mzyx/Desktop/0921/js-interpreter-bench/experiments/three_engine_baseline/adapters/v8.js"",""/mnt/c/Users/mzyx/Desktop/0921/js-interpreter-bench/experiments/sunspider_three_engine/generated/MAIN/math-cordic.N2.correctness.js""]",83b744a5953d2662ea723564d4035a333782a0cc85232d1025929a925150b133,/mnt/c/Users/mzyx/Desktop/0921/js-interpreter-bench/experiments/sunspider_three_engine/generated/MAIN/math-cordic.N2.correctness.js,ccf65cbb3c078d91de85ef9c2c638e3eedf5ec14406fd8e17ecd80b7ccfd670b,10362.570468755888,"TEB_RESULT:{""benchmark"":""SunSpider"",""case"":""math-cordic"",""mode"":""correctness"",""N"":2,""checksum"":""10362.570468755888"",""correctness"":""PASS"",""timer"":""Date.now"",""elapsed_ms"":null,""elapsed_per_call_ms"":null,""warmup_calls"":0}
",,0,True,PASS,,2026-10-04T15:24:31.132291+00:00,0,True,300
wsl2-ubuntu2404-x64-20261004,MAIN,correctness,math-partial-sums,jsc,0,0,0,[],0,1,1,,,30438215,"[""--useJIT=false"",""--useLLInt=true"",""--validateOptions=true""]","[""/home/mzyx/jsc_build_fd3406f/JSCOnly/Release/bin/jsc"",""--useJIT=false"",""--useLLInt=true"",""--validateOptions=true"",""/mnt/c/Users/mzyx/Desktop/0921/js-interpreter-bench/experiments/three_engine_baseline/adapters/jsc.js"",""/mnt/c/Users/mzyx/Desktop/0921/js-interpreter-bench/experiments/sunspider_three_engine/generated/MAIN/math-partial-sums.N1.correctness.js""]",65c824a055405bf62b05e21d54515a72a1f0187a4d91225d00a6da969d35879f,/mnt/c/Users/mzyx/Desktop/0921/js-interpreter-bench/experiments/sunspider_three_engine/generated/MAIN/math-partial-sums.N1.correctness.js,9ecabb3352864875045d895a3f2b69fe150e203a2a8443d93150d15da87c8ff5,60.08994194659945,"TEB_RESULT:{""benchmark"":""SunSpider"",""case"":""math-partial-sums"",""mode"":""correctness"",""N"":1,""checksum"":""60.08994194659945"",""correctness"":""PASS"",""timer"":""Date.now"",""elapsed_ms"":null,""elapsed_per_call_ms"":null,""warmup_calls"":0}
",,0,True,PASS,,2026-10-04T15:24:31.587220+00:00,0,True,300
wsl2-ubuntu2404-x64-20261004,MAIN,correctness,math-partial-sums,quickjs,0,0,0,[],0,1,1,,,20083112,[],"[""/home/mzyx/three_engine_20261004/quickjs-04be246001599f5995fa2f2d8c91a0f198d3f34c/qjs"",""-I"",""/mnt/c/Users/mzyx/Desktop/0921/js-interpreter-bench/experiments/three_engine_baseline/adapters/quickjs.js"",""/mnt/c/Users/mzyx/Desktop/0921/js-interpreter-bench/experiments/sunspider_three_engine/generated/MAIN/math-partial-sums.N1.correctness.js""]",140d5233b0337d91cb0f994ae4a051e49aa04da8802acfaedf0a01b81a620b79,/mnt/c/Users/mzyx/Desktop/0921/js-interpreter-bench/experiments/sunspider_three_engine/generated/MAIN/math-partial-sums.N1.correctness.js,9ecabb3352864875045d895a3f2b69fe150e203a2a8443d93150d15da87c8ff5,60.08994194659945,"TEB_RESULT:{""benchmark"":""SunSpider"",""case"":""math-partial-sums"",""mode"":""correctness"",""N"":1,""checksum"":""60.08994194659945"",""correctness"":""PASS"",""timer"":""Date.now"",""elapsed_ms"":null,""elapsed_per_call_ms"":null,""warmup_calls"":0}
",,0,True,PASS,,2026-10-04T15:24:31.399057+00:00,0,True,300
wsl2-ubuntu2404-x64-20261004,MAIN,correctness,math-partial-sums,v8,0,0,0,[],0,1,1,,,40453921,"[""--max-opt=0"",""--no-lazy""]","[""/home/mzyx/three_engine_20261004/v8-linux64-rel-15.6.21/d8"",""--snapshot_blob=/home/mzyx/three_engine_20261004/v8-linux64-rel-15.6.21/snapshot_blob.bin"",""--max-opt=0"",""--no-lazy"",""/mnt/c/Users/mzyx/Desktop/0921/js-interpreter-bench/experiments/three_engine_baseline/adapters/v8.js"",""/mnt/c/Users/mzyx/Desktop/0921/js-interpreter-bench/experiments/sunspider_three_engine/generated/MAIN/math-partial-sums.N1.correctness.js""]",83b744a5953d2662ea723564d4035a333782a0cc85232d1025929a925150b133,/mnt/c/Users/mzyx/Desktop/0921/js-interpreter-bench/experiments/sunspider_three_engine/generated/MAIN/math-partial-sums.N1.correctness.js,9ecabb3352864875045d895a3f2b69fe150e203a2a8443d93150d15da87c8ff5,60.08994194659945,"TEB_RESULT:{""benchmark"":""SunSpider"",""case"":""math-partial-sums"",""mode"":""correctness"",""N"":1,""checksum"":""60.08994194659945"",""correctness"":""PASS"",""timer"":""Date.now"",""elapsed_ms"":null,""elapsed_per_call_ms"":null,""warmup_calls"":0}
",,0,True,PASS,,2026-10-04T15:24:31.480440+00:00,0,True,300
wsl2-ubuntu2404-x64-20261004,MAIN,correctness,math-partial-sums,jsc,0,0,0,[],0,1,2,,,44012217,"[""--useJIT=false"",""--useLLInt=true"",""--validateOptions=true""]","[""/home/mzyx/jsc_build_fd3406f/JSCOnly/Release/bin/jsc"",""--useJIT=false"",""--useLLInt=true"",""--validateOptions=true"",""/mnt/c/Users/mzyx/Desktop/0921/js-interpreter-bench/experiments/three_engine_baseline/adapters/jsc.js"",""/mnt/c/Users/mzyx/Desktop/0921/js-interpreter-bench/experiments/sunspider_three_engine/generated/MAIN/math-partial-sums.N2.correctness.js""]",65c824a055405bf62b05e21d54515a72a1f0187a4d91225d00a6da969d35879f,/mnt/c/Users/mzyx/Desktop/0921/js-interpreter-bench/experiments/sunspider_three_engine/generated/MAIN/math-partial-sums.N2.correctness.js,ea6bdd1234c0ff0a9b475af0e4c9ee7c4ca4eb8767fd6acc9daca2f06c550459,60.08994194659945,"TEB_RESULT:{""benchmark"":""SunSpider"",""case"":""math-partial-sums"",""mode"":""correctness"",""N"":2,""checksum"":""60.08994194659945"",""correctness"":""PASS"",""timer"":""Date.now"",""elapsed_ms"":null,""elapsed_per_call_ms"":null,""warmup_calls"":0}
",,0,True,PASS,,2026-10-04T15:24:31.912594+00:00,0,True,300
wsl2-ubuntu2404-x64-20261004,MAIN,correctness,math-partial-sums,quickjs,0,0,0,[],0,1,2,,,30691792,[],"[""/home/mzyx/three_engine_20261004/quickjs-04be246001599f5995fa2f2d8c91a0f198d3f34c/qjs"",""-I"",""/mnt/c/Users/mzyx/Desktop/0921/js-interpreter-bench/experiments/three_engine_baseline/adapters/quickjs.js"",""/mnt/c/Users/mzyx/Desktop/0921/js-interpreter-bench/experiments/sunspider_three_engine/generated/MAIN/math-partial-sums.N2.correctness.js""]",140d5233b0337d91cb0f994ae4a051e49aa04da8802acfaedf0a01b81a620b79,/mnt/c/Users/mzyx/Desktop/0921/js-interpreter-bench/experiments/sunspider_three_engine/generated/MAIN/math-partial-sums.N2.correctness.js,ea6bdd1234c0ff0a9b475af0e4c9ee7c4ca4eb8767fd6acc9daca2f06c550459,60.08994194659945,"TEB_RESULT:{""benchmark"":""SunSpider"",""case"":""math-partial-sums"",""mode"":""correctness"",""N"":2,""checksum"":""60.08994194659945"",""correctness"":""PASS"",""timer"":""Date.now"",""elapsed_ms"":null,""elapsed_per_call_ms"":null,""warmup_calls"":0}
",,0,True,PASS,,2026-10-04T15:24:31.698839+00:00,0,True,300
wsl2-ubuntu2404-x64-20261004,MAIN,correctness,math-partial-sums,v8,0,0,0,[],0,1,2,,,53954358,"[""--max-opt=0"",""--no-lazy""]","[""/home/mzyx/three_engine_20261004/v8-linux64-rel-15.6.21/d8"",""--snapshot_blob=/home/mzyx/three_engine_20261004/v8-linux64-rel-15.6.21/snapshot_blob.bin"",""--max-opt=0"",""--no-lazy"",""/mnt/c/Users/mzyx/Desktop/0921/js-interpreter-bench/experiments/three_engine_baseline/adapters/v8.js"",""/mnt/c/Users/mzyx/Desktop/0921/js-interpreter-bench/experiments/sunspider_three_engine/generated/MAIN/math-partial-sums.N2.correctness.js""]",83b744a5953d2662ea723564d4035a333782a0cc85232d1025929a925150b133,/mnt/c/Users/mzyx/Desktop/0921/js-interpreter-bench/experiments/sunspider_three_engine/generated/MAIN/math-partial-sums.N2.correctness.js,ea6bdd1234c0ff0a9b475af0e4c9ee7c4ca4eb8767fd6acc9daca2f06c550459,60.08994194659945,"TEB_RESULT:{""benchmark"":""SunSpider"",""case"":""math-partial-sums"",""mode"":""correctness"",""N"":2,""checksum"":""60.08994194659945"",""correctness"":""PASS"",""timer"":""Date.now"",""elapsed_ms"":null,""elapsed_per_call_ms"":null,""warmup_calls"":0}
",,0,True,PASS,,2026-10-04T15:24:31.794451+00:00,0,True,300
wsl2-ubuntu2404-x64-20261004,MAIN,correctness,math-spectral-norm,jsc,0,0,0,[],0,1,1,,,29640428,"[""--useJIT=false"",""--useLLInt=true"",""--validateOptions=true""]","[""/home/mzyx/jsc_build_fd3406f/JSCOnly/Release/bin/jsc"",""--useJIT=false"",""--useLLInt=true"",""--validateOptions=true"",""/mnt/c/Users/mzyx/Desktop/0921/js-interpreter-bench/experiments/three_engine_baseline/adapters/jsc.js"",""/mnt/c/Users/mzyx/Desktop/0921/js-interpreter-bench/experiments/sunspider_three_engine/generated/MAIN/math-spectral-norm.N1.correctness.js""]",65c824a055405bf62b05e21d54515a72a1f0187a4d91225d00a6da969d35879f,/mnt/c/Users/mzyx/Desktop/0921/js-interpreter-bench/experiments/sunspider_three_engine/generated/MAIN/math-spectral-norm.N1.correctness.js,7e959d44bf30cfe31326bfe4f568d57dffb30456f38a31dbbc88cfc4cf0ccd74,5.086694231303284,"TEB_RESULT:{""benchmark"":""SunSpider"",""case"":""math-spectral-norm"",""mode"":""correctness"",""N"":1,""checksum"":""5.086694231303284"",""correctness"":""PASS"",""timer"":""Date.now"",""elapsed_ms"":null,""elapsed_per_call_ms"":null,""warmup_calls"":0}
",,0,True,PASS,,2026-10-04T15:24:32.204929+00:00,0,True,300
wsl2-ubuntu2404-x64-20261004,MAIN,correctness,math-spectral-norm,quickjs,0,0,0,[],0,1,1,,,17279316,[],"[""/home/mzyx/three_engine_20261004/quickjs-04be246001599f5995fa2f2d8c91a0f198d3f34c/qjs"",""-I"",""/mnt/c/Users/mzyx/Desktop/0921/js-interpreter-bench/experiments/three_engine_baseline/adapters/quickjs.js"",""/mnt/c/Users/mzyx/Desktop/0921/js-interpreter-bench/experiments/sunspider_three_engine/generated/MAIN/math-spectral-norm.N1.correctness.js""]",140d5233b0337d91cb0f994ae4a051e49aa04da8802acfaedf0a01b81a620b79,/mnt/c/Users/mzyx/Desktop/0921/js-interpreter-bench/experiments/sunspider_three_engine/generated/MAIN/math-spectral-norm.N1.correctness.js,7e959d44bf30cfe31326bfe4f568d57dffb30456f38a31dbbc88cfc4cf0ccd74,5.086694231303284,"TEB_RESULT:{""benchmark"":""SunSpider"",""case"":""math-spectral-norm"",""mode"":""correctness"",""N"":1,""checksum"":""5.086694231303284"",""correctness"":""PASS"",""timer"":""Date.now"",""elapsed_ms"":null,""elapsed_per_call_ms"":null,""warmup_calls"":0}
",,0,True,PASS,,2026-10-04T15:24:32.024376+00:00,0,True,300
wsl2-ubuntu2404-x64-20261004,MAIN,correctness,math-spectral-norm,v8,0,0,0,[],0,1,1,,,38522001,"[""--max-opt=0"",""--no-lazy""]","[""/home/mzyx/three_engine_20261004/v8-linux64-rel-15.6.21/d8"",""--snapshot_blob=/home/mzyx/three_engine_20261004/v8-linux64-rel-15.6.21/snapshot_blob.bin"",""--max-opt=0"",""--no-lazy"",""/mnt/c/Users/mzyx/Desktop/0921/js-interpreter-bench/experiments/three_engine_baseline/adapters/v8.js"",""/mnt/c/Users/mzyx/Desktop/0921/js-interpreter-bench/experiments/sunspider_three_engine/generated/MAIN/math-spectral-norm.N1.correctness.js""]",83b744a5953d2662ea723564d4035a333782a0cc85232d1025929a925150b133,/mnt/c/Users/mzyx/Desktop/0921/js-interpreter-bench/experiments/sunspider_three_engine/generated/MAIN/math-spectral-norm.N1.correctness.js,7e959d44bf30cfe31326bfe4f568d57dffb30456f38a31dbbc88cfc4cf0ccd74,5.086694231303284,"TEB_RESULT:{""benchmark"":""SunSpider"",""case"":""math-spectral-norm"",""mode"":""correctness"",""N"":1,""checksum"":""5.086694231303284"",""correctness"":""PASS"",""timer"":""Date.now"",""elapsed_ms"":null,""elapsed_per_call_ms"":null,""warmup_calls"":0}
",,0,True,PASS,,2026-10-04T15:24:32.101973+00:00,0,True,300
wsl2-ubuntu2404-x64-20261004,MAIN,correctness,math-spectral-norm,jsc,0,0,0,[],0,1,2,,,38992675,"[""--useJIT=false"",""--useLLInt=true"",""--validateOptions=true""]","[""/home/mzyx/jsc_build_fd3406f/JSCOnly/Release/bin/jsc"",""--useJIT=false"",""--useLLInt=true"",""--validateOptions=true"",""/mnt/c/Users/mzyx/Desktop/0921/js-interpreter-bench/experiments/three_engine_baseline/adapters/jsc.js"",""/mnt/c/Users/mzyx/Desktop/0921/js-interpreter-bench/experiments/sunspider_three_engine/generated/MAIN/math-spectral-norm.N2.correctness.js""]",65c824a055405bf62b05e21d54515a72a1f0187a4d91225d00a6da969d35879f,/mnt/c/Users/mzyx/Desktop/0921/js-interpreter-bench/experiments/sunspider_three_engine/generated/MAIN/math-spectral-norm.N2.correctness.js,4d48140bfde1b40f1a88de9ecbaa60ae675d7b9ba6da9405d4d192f73c30d3ce,5.086694231303284,"TEB_RESULT:{""benchmark"":""SunSpider"",""case"":""math-spectral-norm"",""mode"":""correctness"",""N"":2,""checksum"":""5.086694231303284"",""correctness"":""PASS"",""timer"":""Date.now"",""elapsed_ms"":null,""elapsed_per_call_ms"":null,""warmup_calls"":0}
",,0,True,PASS,,2026-10-04T15:24:32.521975+00:00,0,True,300
wsl2-ubuntu2404-x64-20261004,MAIN,correctness,math-spectral-norm,quickjs,0,0,0,[],0,1,2,,,25143322,[],"[""/home/mzyx/three_engine_20261004/quickjs-04be246001599f5995fa2f2d8c91a0f198d3f34c/qjs"",""-I"",""/mnt/c/Users/mzyx/Desktop/0921/js-interpreter-bench/experiments/three_engine_baseline/adapters/quickjs.js"",""/mnt/c/Users/mzyx/Desktop/0921/js-interpreter-bench/experiments/sunspider_three_engine/generated/MAIN/math-spectral-norm.N2.correctness.js""]",140d5233b0337d91cb0f994ae4a051e49aa04da8802acfaedf0a01b81a620b79,/mnt/c/Users/mzyx/Desktop/0921/js-interpreter-bench/experiments/sunspider_three_engine/generated/MAIN/math-spectral-norm.N2.correctness.js,4d48140bfde1b40f1a88de9ecbaa60ae675d7b9ba6da9405d4d192f73c30d3ce,5.086694231303284,"TEB_RESULT:{""benchmark"":""SunSpider"",""case"":""math-spectral-norm"",""mode"":""correctness"",""N"":2,""checksum"":""5.086694231303284"",""correctness"":""PASS"",""timer"":""Date.now"",""elapsed_ms"":null,""elapsed_per_call_ms"":null,""warmup_calls"":0}
",,0,True,PASS,,2026-10-04T15:24:32.322190+00:00,0,True,300
wsl2-ubuntu2404-x64-20261004,MAIN,correctness,math-spectral-norm,v8,0,0,0,[],0,1,2,,,46356109,"[""--max-opt=0"",""--no-lazy""]","[""/home/mzyx/three_engine_20261004/v8-linux64-rel-15.6.21/d8"",""--snapshot_blob=/home/mzyx/three_engine_20261004/v8-linux64-rel-15.6.21/snapshot_blob.bin"",""--max-opt=0"",""--no-lazy"",""/mnt/c/Users/mzyx/Desktop/0921/js-interpreter-bench/experiments/three_engine_baseline/adapters/v8.js"",""/mnt/c/Users/mzyx/Desktop/0921/js-interpreter-bench/experiments/sunspider_three_engine/generated/MAIN/math-spectral-norm.N2.correctness.js""]",83b744a5953d2662ea723564d4035a333782a0cc85232d1025929a925150b133,/mnt/c/Users/mzyx/Desktop/0921/js-interpreter-bench/experiments/sunspider_three_engine/generated/MAIN/math-spectral-norm.N2.correctness.js,4d48140bfde1b40f1a88de9ecbaa60ae675d7b9ba6da9405d4d192f73c30d3ce,5.086694231303284,"TEB_RESULT:{""benchmark"":""SunSpider"",""case"":""math-spectral-norm"",""mode"":""correctness"",""N"":2,""checksum"":""5.086694231303284"",""correctness"":""PASS"",""timer"":""Date.now"",""elapsed_ms"":null,""elapsed_per_call_ms"":null,""warmup_calls"":0}
",,0,True,PASS,,2026-10-04T15:24:32.413009+00:00,0,True,300
wsl2-ubuntu2404-x64-20261004,MAIN,correctness,regexp-dna,jsc,0,0,0,[],0,1,1,,,123181767,"[""--useJIT=false"",""--useLLInt=true"",""--validateOptions=true""]","[""/home/mzyx/jsc_build_fd3406f/JSCOnly/Release/bin/jsc"",""--useJIT=false"",""--useLLInt=true"",""--validateOptions=true"",""/mnt/c/Users/mzyx/Desktop/0921/js-interpreter-bench/experiments/three_engine_baseline/adapters/jsc.js"",""/mnt/c/Users/mzyx/Desktop/0921/js-interpreter-bench/experiments/sunspider_three_engine/generated/MAIN/regexp-dna.N1.correctness.js""]",65c824a055405bf62b05e21d54515a72a1f0187a4d91225d00a6da969d35879f,/mnt/c/Users/mzyx/Desktop/0921/js-interpreter-bench/experiments/sunspider_three_engine/generated/MAIN/regexp-dna.N1.correctness.js,3cba9c9261ecb177ed5dd8504cb339971fd7743fbe972104d45a17912f159182,249:300056,"TEB_RESULT:{""benchmark"":""SunSpider"",""case"":""regexp-dna"",""mode"":""correctness"",""N"":1,""checksum"":""249:300056"",""correctness"":""PASS"",""timer"":""Date.now"",""elapsed_ms"":null,""elapsed_per_call_ms"":null,""warmup_calls"":0}
",,0,True,PASS,,2026-10-04T15:24:32.935095+00:00,0,True,300
wsl2-ubuntu2404-x64-20261004,MAIN,correctness,regexp-dna,quickjs,0,0,0,[],0,1,1,,,81702853,[],"[""/home/mzyx/three_engine_20261004/quickjs-04be246001599f5995fa2f2d8c91a0f198d3f34c/qjs"",""-I"",""/mnt/c/Users/mzyx/Desktop/0921/js-interpreter-bench/experiments/three_engine_baseline/adapters/quickjs.js"",""/mnt/c/Users/mzyx/Desktop/0921/js-interpreter-bench/experiments/sunspider_three_engine/generated/MAIN/regexp-dna.N1.correctness.js""]",140d5233b0337d91cb0f994ae4a051e49aa04da8802acfaedf0a01b81a620b79,/mnt/c/Users/mzyx/Desktop/0921/js-interpreter-bench/experiments/sunspider_three_engine/generated/MAIN/regexp-dna.N1.correctness.js,3cba9c9261ecb177ed5dd8504cb339971fd7743fbe972104d45a17912f159182,249:300056,"TEB_RESULT:{""benchmark"":""SunSpider"",""case"":""regexp-dna"",""mode"":""correctness"",""N"":1,""checksum"":""249:300056"",""correctness"":""PASS"",""timer"":""Date.now"",""elapsed_ms"":null,""elapsed_per_call_ms"":null,""warmup_calls"":0}
",,0,True,PASS,,2026-10-04T15:24:32.656587+00:00,0,True,300
wsl2-ubuntu2404-x64-20261004,MAIN,correctness,regexp-dna,v8,0,0,0,[],0,1,1,,,47600348,"[""--max-opt=0"",""--no-lazy""]","[""/home/mzyx/three_engine_20261004/v8-linux64-rel-15.6.21/d8"",""--snapshot_blob=/home/mzyx/three_engine_20261004/v8-linux64-rel-15.6.21/snapshot_blob.bin"",""--max-opt=0"",""--no-lazy"",""/mnt/c/Users/mzyx/Desktop/0921/js-interpreter-bench/experiments/three_engine_baseline/adapters/v8.js"",""/mnt/c/Users/mzyx/Desktop/0921/js-interpreter-bench/experiments/sunspider_three_engine/generated/MAIN/regexp-dna.N1.correctness.js""]",83b744a5953d2662ea723564d4035a333782a0cc85232d1025929a925150b133,/mnt/c/Users/mzyx/Desktop/0921/js-interpreter-bench/experiments/sunspider_three_engine/generated/MAIN/regexp-dna.N1.correctness.js,3cba9c9261ecb177ed5dd8504cb339971fd7743fbe972104d45a17912f159182,249:300056,"TEB_RESULT:{""benchmark"":""SunSpider"",""case"":""regexp-dna"",""mode"":""correctness"",""N"":1,""checksum"":""249:300056"",""correctness"":""PASS"",""timer"":""Date.now"",""elapsed_ms"":null,""elapsed_per_call_ms"":null,""warmup_calls"":0}
",,0,True,PASS,,2026-10-04T15:24:32.817888+00:00,0,True,300
wsl2-ubuntu2404-x64-20261004,MAIN,correctness,regexp-dna,jsc,0,0,0,[],0,1,2,,,226073588,"[""--useJIT=false"",""--useLLInt=true"",""--validateOptions=true""]","[""/home/mzyx/jsc_build_fd3406f/JSCOnly/Release/bin/jsc"",""--useJIT=false"",""--useLLInt=true"",""--validateOptions=true"",""/mnt/c/Users/mzyx/Desktop/0921/js-interpreter-bench/experiments/three_engine_baseline/adapters/jsc.js"",""/mnt/c/Users/mzyx/Desktop/0921/js-interpreter-bench/experiments/sunspider_three_engine/generated/MAIN/regexp-dna.N2.correctness.js""]",65c824a055405bf62b05e21d54515a72a1f0187a4d91225d00a6da969d35879f,/mnt/c/Users/mzyx/Desktop/0921/js-interpreter-bench/experiments/sunspider_three_engine/generated/MAIN/regexp-dna.N2.correctness.js,b434e5a6c0e428ce44813edf0914ee7db4087844ebb14ca65d2e9ad11dbb723d,249:300056,"TEB_RESULT:{""benchmark"":""SunSpider"",""case"":""regexp-dna"",""mode"":""correctness"",""N"":2,""checksum"":""249:300056"",""correctness"":""PASS"",""timer"":""Date.now"",""elapsed_ms"":null,""elapsed_per_call_ms"":null,""warmup_calls"":0}
",,0,True,PASS,,2026-10-04T15:24:33.522506+00:00,0,True,300
wsl2-ubuntu2404-x64-20261004,MAIN,correctness,regexp-dna,quickjs,0,0,0,[],0,1,2,,,156147237,[],"[""/home/mzyx/three_engine_20261004/quickjs-04be246001599f5995fa2f2d8c91a0f198d3f34c/qjs"",""-I"",""/mnt/c/Users/mzyx/Desktop/0921/js-interpreter-bench/experiments/three_engine_baseline/adapters/quickjs.js"",""/mnt/c/Users/mzyx/Desktop/0921/js-interpreter-bench/experiments/sunspider_three_engine/generated/MAIN/regexp-dna.N2.correctness.js""]",140d5233b0337d91cb0f994ae4a051e49aa04da8802acfaedf0a01b81a620b79,/mnt/c/Users/mzyx/Desktop/0921/js-interpreter-bench/experiments/sunspider_three_engine/generated/MAIN/regexp-dna.N2.correctness.js,b434e5a6c0e428ce44813edf0914ee7db4087844ebb14ca65d2e9ad11dbb723d,249:300056,"TEB_RESULT:{""benchmark"":""SunSpider"",""case"":""regexp-dna"",""mode"":""correctness"",""N"":2,""checksum"":""249:300056"",""correctness"":""PASS"",""timer"":""Date.now"",""elapsed_ms"":null,""elapsed_per_call_ms"":null,""warmup_calls"":0}
",,0,True,PASS,,2026-10-04T15:24:33.165120+00:00,0,True,300
wsl2-ubuntu2404-x64-20261004,MAIN,correctness,regexp-dna,v8,0,0,0,[],0,1,2,,,55453878,"[""--max-opt=0"",""--no-lazy""]","[""/home/mzyx/three_engine_20261004/v8-linux64-rel-15.6.21/d8"",""--snapshot_blob=/home/mzyx/three_engine_20261004/v8-linux64-rel-15.6.21/snapshot_blob.bin"",""--max-opt=0"",""--no-lazy"",""/mnt/c/Users/mzyx/Desktop/0921/js-interpreter-bench/experiments/three_engine_baseline/adapters/v8.js"",""/mnt/c/Users/mzyx/Desktop/0921/js-interpreter-bench/experiments/sunspider_three_engine/generated/MAIN/regexp-dna.N2.correctness.js""]",83b744a5953d2662ea723564d4035a333782a0cc85232d1025929a925150b133,/mnt/c/Users/mzyx/Desktop/0921/js-interpreter-bench/experiments/sunspider_three_engine/generated/MAIN/regexp-dna.N2.correctness.js,b434e5a6c0e428ce44813edf0914ee7db4087844ebb14ca65d2e9ad11dbb723d,249:300056,"TEB_RESULT:{""benchmark"":""SunSpider"",""case"":""regexp-dna"",""mode"":""correctness"",""N"":2,""checksum"":""249:300056"",""correctness"":""PASS"",""timer"":""Date.now"",""elapsed_ms"":null,""elapsed_per_call_ms"":null,""warmup_calls"":0}
",,0,True,PASS,,2026-10-04T15:24:33.397167+00:00,0,True,300
wsl2-ubuntu2404-x64-20261004,MAIN,correctness,string-base64,jsc,0,0,0,[],0,1,1,,,28624599,"[""--useJIT=false"",""--useLLInt=true"",""--validateOptions=true""]","[""/home/mzyx/jsc_build_fd3406f/JSCOnly/Release/bin/jsc"",""--useJIT=false"",""--useLLInt=true"",""--validateOptions=true"",""/mnt/c/Users/mzyx/Desktop/0921/js-interpreter-bench/experiments/three_engine_baseline/adapters/jsc.js"",""/mnt/c/Users/mzyx/Desktop/0921/js-interpreter-bench/experiments/sunspider_three_engine/generated/MAIN/string-base64.N1.correctness.js""]",65c824a055405bf62b05e21d54515a72a1f0187a4d91225d00a6da969d35879f,/mnt/c/Users/mzyx/Desktop/0921/js-interpreter-bench/experiments/sunspider_three_engine/generated/MAIN/string-base64.N1.correctness.js,bc3331986e087c6c5384aa3d95249a9664fb47c0689515ce431aed54c36f8e3a,32768,"TEB_RESULT:{""benchmark"":""SunSpider"",""case"":""string-base64"",""mode"":""correctness"",""N"":1,""checksum"":""32768"",""correctness"":""PASS"",""timer"":""Date.now"",""elapsed_ms"":null,""elapsed_per_call_ms"":null,""warmup_calls"":0}
",,0,True,PASS,,2026-10-04T15:24:34.004881+00:00,0,True,300
wsl2-ubuntu2404-x64-20261004,MAIN,correctness,string-base64,quickjs,0,0,0,[],0,1,1,,,24057583,[],"[""/home/mzyx/three_engine_20261004/quickjs-04be246001599f5995fa2f2d8c91a0f198d3f34c/qjs"",""-I"",""/mnt/c/Users/mzyx/Desktop/0921/js-interpreter-bench/experiments/three_engine_baseline/adapters/quickjs.js"",""/mnt/c/Users/mzyx/Desktop/0921/js-interpreter-bench/experiments/sunspider_three_engine/generated/MAIN/string-base64.N1.correctness.js""]",140d5233b0337d91cb0f994ae4a051e49aa04da8802acfaedf0a01b81a620b79,/mnt/c/Users/mzyx/Desktop/0921/js-interpreter-bench/experiments/sunspider_three_engine/generated/MAIN/string-base64.N1.correctness.js,bc3331986e087c6c5384aa3d95249a9664fb47c0689515ce431aed54c36f8e3a,32768,"TEB_RESULT:{""benchmark"":""SunSpider"",""case"":""string-base64"",""mode"":""correctness"",""N"":1,""checksum"":""32768"",""correctness"":""PASS"",""timer"":""Date.now"",""elapsed_ms"":null,""elapsed_per_call_ms"":null,""warmup_calls"":0}
",,0,True,PASS,,2026-10-04T15:24:33.816111+00:00,0,True,300
wsl2-ubuntu2404-x64-20261004,MAIN,correctness,string-base64,v8,0,0,0,[],0,1,1,,,38699393,"[""--max-opt=0"",""--no-lazy""]","[""/home/mzyx/three_engine_20261004/v8-linux64-rel-15.6.21/d8"",""--snapshot_blob=/home/mzyx/three_engine_20261004/v8-linux64-rel-15.6.21/snapshot_blob.bin"",""--max-opt=0"",""--no-lazy"",""/mnt/c/Users/mzyx/Desktop/0921/js-interpreter-bench/experiments/three_engine_baseline/adapters/v8.js"",""/mnt/c/Users/mzyx/Desktop/0921/js-interpreter-bench/experiments/sunspider_three_engine/generated/MAIN/string-base64.N1.correctness.js""]",83b744a5953d2662ea723564d4035a333782a0cc85232d1025929a925150b133,/mnt/c/Users/mzyx/Desktop/0921/js-interpreter-bench/experiments/sunspider_three_engine/generated/MAIN/string-base64.N1.correctness.js,bc3331986e087c6c5384aa3d95249a9664fb47c0689515ce431aed54c36f8e3a,32768,"TEB_RESULT:{""benchmark"":""SunSpider"",""case"":""string-base64"",""mode"":""correctness"",""N"":1,""checksum"":""32768"",""correctness"":""PASS"",""timer"":""Date.now"",""elapsed_ms"":null,""elapsed_per_call_ms"":null,""warmup_calls"":0}
",,0,True,PASS,,2026-10-04T15:24:33.901273+00:00,0,True,300
wsl2-ubuntu2404-x64-20261004,MAIN,correctness,string-base64,jsc,0,0,0,[],0,1,2,,,35262539,"[""--useJIT=false"",""--useLLInt=true"",""--validateOptions=true""]","[""/home/mzyx/jsc_build_fd3406f/JSCOnly/Release/bin/jsc"",""--useJIT=false"",""--useLLInt=true"",""--validateOptions=true"",""/mnt/c/Users/mzyx/Desktop/0921/js-interpreter-bench/experiments/three_engine_baseline/adapters/jsc.js"",""/mnt/c/Users/mzyx/Desktop/0921/js-interpreter-bench/experiments/sunspider_three_engine/generated/MAIN/string-base64.N2.correctness.js""]",65c824a055405bf62b05e21d54515a72a1f0187a4d91225d00a6da969d35879f,/mnt/c/Users/mzyx/Desktop/0921/js-interpreter-bench/experiments/sunspider_three_engine/generated/MAIN/string-base64.N2.correctness.js,369f84cd8f944338222c510c359875dd0437d5f510ff435d8bb2d388943db726,32768,"TEB_RESULT:{""benchmark"":""SunSpider"",""case"":""string-base64"",""mode"":""correctness"",""N"":2,""checksum"":""32768"",""correctness"":""PASS"",""timer"":""Date.now"",""elapsed_ms"":null,""elapsed_per_call_ms"":null,""warmup_calls"":0}
",,0,True,PASS,,2026-10-04T15:24:34.313824+00:00,0,True,300
wsl2-ubuntu2404-x64-20261004,MAIN,correctness,string-base64,quickjs,0,0,0,[],0,1,2,,,39742370,[],"[""/home/mzyx/three_engine_20261004/quickjs-04be246001599f5995fa2f2d8c91a0f198d3f34c/qjs"",""-I"",""/mnt/c/Users/mzyx/Desktop/0921/js-interpreter-bench/experiments/three_engine_baseline/adapters/quickjs.js"",""/mnt/c/Users/mzyx/Desktop/0921/js-interpreter-bench/experiments/sunspider_three_engine/generated/MAIN/string-base64.N2.correctness.js""]",140d5233b0337d91cb0f994ae4a051e49aa04da8802acfaedf0a01b81a620b79,/mnt/c/Users/mzyx/Desktop/0921/js-interpreter-bench/experiments/sunspider_three_engine/generated/MAIN/string-base64.N2.correctness.js,369f84cd8f944338222c510c359875dd0437d5f510ff435d8bb2d388943db726,32768,"TEB_RESULT:{""benchmark"":""SunSpider"",""case"":""string-base64"",""mode"":""correctness"",""N"":2,""checksum"":""32768"",""correctness"":""PASS"",""timer"":""Date.now"",""elapsed_ms"":null,""elapsed_per_call_ms"":null,""warmup_calls"":0}
",,0,True,PASS,,2026-10-04T15:24:34.110831+00:00,0,True,300
wsl2-ubuntu2404-x64-20261004,MAIN,correctness,string-base64,v8,0,0,0,[],0,1,2,,,42250755,"[""--max-opt=0"",""--no-lazy""]","[""/home/mzyx/three_engine_20261004/v8-linux64-rel-15.6.21/d8"",""--snapshot_blob=/home/mzyx/three_engine_20261004/v8-linux64-rel-15.6.21/snapshot_blob.bin"",""--max-opt=0"",""--no-lazy"",""/mnt/c/Users/mzyx/Desktop/0921/js-interpreter-bench/experiments/three_engine_baseline/adapters/v8.js"",""/mnt/c/Users/mzyx/Desktop/0921/js-interpreter-bench/experiments/sunspider_three_engine/generated/MAIN/string-base64.N2.correctness.js""]",83b744a5953d2662ea723564d4035a333782a0cc85232d1025929a925150b133,/mnt/c/Users/mzyx/Desktop/0921/js-interpreter-bench/experiments/sunspider_three_engine/generated/MAIN/string-base64.N2.correctness.js,369f84cd8f944338222c510c359875dd0437d5f510ff435d8bb2d388943db726,32768,"TEB_RESULT:{""benchmark"":""SunSpider"",""case"":""string-base64"",""mode"":""correctness"",""N"":2,""checksum"":""32768"",""correctness"":""PASS"",""timer"":""Date.now"",""elapsed_ms"":null,""elapsed_per_call_ms"":null,""warmup_calls"":0}
",,0,True,PASS,,2026-10-04T15:24:34.210905+00:00,0,True,300
wsl2-ubuntu2404-x64-20261004,MAIN,correctness,string-fasta,jsc,0,0,0,[],0,1,1,,,30110893,"[""--useJIT=false"",""--useLLInt=true"",""--validateOptions=true""]","[""/home/mzyx/jsc_build_fd3406f/JSCOnly/Release/bin/jsc"",""--useJIT=false"",""--useLLInt=true"",""--validateOptions=true"",""/mnt/c/Users/mzyx/Desktop/0921/js-interpreter-bench/experiments/three_engine_baseline/adapters/jsc.js"",""/mnt/c/Users/mzyx/Desktop/0921/js-interpreter-bench/experiments/sunspider_three_engine/generated/MAIN/string-fasta.N1.correctness.js""]",65c824a055405bf62b05e21d54515a72a1f0187a4d91225d00a6da969d35879f,/mnt/c/Users/mzyx/Desktop/0921/js-interpreter-bench/experiments/sunspider_three_engine/generated/MAIN/string-fasta.N1.correctness.js,774848259e94077db7448094429f7efc95dca58e0c068165a693c6fa6e45d8ec,1456000,"TEB_RESULT:{""benchmark"":""SunSpider"",""case"":""string-fasta"",""mode"":""correctness"",""N"":1,""checksum"":""1456000"",""correctness"":""PASS"",""timer"":""Date.now"",""elapsed_ms"":null,""elapsed_per_call_ms"":null,""warmup_calls"":0}
",,0,True,PASS,,2026-10-04T15:24:34.603661+00:00,0,True,300
wsl2-ubuntu2404-x64-20261004,MAIN,correctness,string-fasta,quickjs,0,0,0,[],0,1,1,,,30282549,[],"[""/home/mzyx/three_engine_20261004/quickjs-04be246001599f5995fa2f2d8c91a0f198d3f34c/qjs"",""-I"",""/mnt/c/Users/mzyx/Desktop/0921/js-interpreter-bench/experiments/three_engine_baseline/adapters/quickjs.js"",""/mnt/c/Users/mzyx/Desktop/0921/js-interpreter-bench/experiments/sunspider_three_engine/generated/MAIN/string-fasta.N1.correctness.js""]",140d5233b0337d91cb0f994ae4a051e49aa04da8802acfaedf0a01b81a620b79,/mnt/c/Users/mzyx/Desktop/0921/js-interpreter-bench/experiments/sunspider_three_engine/generated/MAIN/string-fasta.N1.correctness.js,774848259e94077db7448094429f7efc95dca58e0c068165a693c6fa6e45d8ec,1456000,"TEB_RESULT:{""benchmark"":""SunSpider"",""case"":""string-fasta"",""mode"":""correctness"",""N"":1,""checksum"":""1456000"",""correctness"":""PASS"",""timer"":""Date.now"",""elapsed_ms"":null,""elapsed_per_call_ms"":null,""warmup_calls"":0}
",,0,True,PASS,,2026-10-04T15:24:34.414767+00:00,0,True,300
wsl2-ubuntu2404-x64-20261004,MAIN,correctness,string-fasta,v8,0,0,0,[],0,1,1,,,40891323,"[""--max-opt=0"",""--no-lazy""]","[""/home/mzyx/three_engine_20261004/v8-linux64-rel-15.6.21/d8"",""--snapshot_blob=/home/mzyx/three_engine_20261004/v8-linux64-rel-15.6.21/snapshot_blob.bin"",""--max-opt=0"",""--no-lazy"",""/mnt/c/Users/mzyx/Desktop/0921/js-interpreter-bench/experiments/three_engine_baseline/adapters/v8.js"",""/mnt/c/Users/mzyx/Desktop/0921/js-interpreter-bench/experiments/sunspider_three_engine/generated/MAIN/string-fasta.N1.correctness.js""]",83b744a5953d2662ea723564d4035a333782a0cc85232d1025929a925150b133,/mnt/c/Users/mzyx/Desktop/0921/js-interpreter-bench/experiments/sunspider_three_engine/generated/MAIN/string-fasta.N1.correctness.js,774848259e94077db7448094429f7efc95dca58e0c068165a693c6fa6e45d8ec,1456000,"TEB_RESULT:{""benchmark"":""SunSpider"",""case"":""string-fasta"",""mode"":""correctness"",""N"":1,""checksum"":""1456000"",""correctness"":""PASS"",""timer"":""Date.now"",""elapsed_ms"":null,""elapsed_per_call_ms"":null,""warmup_calls"":0}
",,0,True,PASS,,2026-10-04T15:24:34.502994+00:00,0,True,300
wsl2-ubuntu2404-x64-20261004,MAIN,correctness,string-fasta,jsc,0,0,0,[],0,1,2,,,41859547,"[""--useJIT=false"",""--useLLInt=true"",""--validateOptions=true""]","[""/home/mzyx/jsc_build_fd3406f/JSCOnly/Release/bin/jsc"",""--useJIT=false"",""--useLLInt=true"",""--validateOptions=true"",""/mnt/c/Users/mzyx/Desktop/0921/js-interpreter-bench/experiments/three_engine_baseline/adapters/jsc.js"",""/mnt/c/Users/mzyx/Desktop/0921/js-interpreter-bench/experiments/sunspider_three_engine/generated/MAIN/string-fasta.N2.correctness.js""]",65c824a055405bf62b05e21d54515a72a1f0187a4d91225d00a6da969d35879f,/mnt/c/Users/mzyx/Desktop/0921/js-interpreter-bench/experiments/sunspider_three_engine/generated/MAIN/string-fasta.N2.correctness.js,9938cd8918054c8e228ec8f1242654967c95e1d9811b6999c7dcedfab9824e9b,1456000,"TEB_RESULT:{""benchmark"":""SunSpider"",""case"":""string-fasta"",""mode"":""correctness"",""N"":2,""checksum"":""1456000"",""correctness"":""PASS"",""timer"":""Date.now"",""elapsed_ms"":null,""elapsed_per_call_ms"":null,""warmup_calls"":0}
",,0,True,PASS,,2026-10-04T15:24:34.933838+00:00,0,True,300
wsl2-ubuntu2404-x64-20261004,MAIN,correctness,string-fasta,quickjs,0,0,0,[],0,1,2,,,53547861,[],"[""/home/mzyx/three_engine_20261004/quickjs-04be246001599f5995fa2f2d8c91a0f198d3f34c/qjs"",""-I"",""/mnt/c/Users/mzyx/Desktop/0921/js-interpreter-bench/experiments/three_engine_baseline/adapters/quickjs.js"",""/mnt/c/Users/mzyx/Desktop/0921/js-interpreter-bench/experiments/sunspider_three_engine/generated/MAIN/string-fasta.N2.correctness.js""]",140d5233b0337d91cb0f994ae4a051e49aa04da8802acfaedf0a01b81a620b79,/mnt/c/Users/mzyx/Desktop/0921/js-interpreter-bench/experiments/sunspider_three_engine/generated/MAIN/string-fasta.N2.correctness.js,9938cd8918054c8e228ec8f1242654967c95e1d9811b6999c7dcedfab9824e9b,1456000,"TEB_RESULT:{""benchmark"":""SunSpider"",""case"":""string-fasta"",""mode"":""correctness"",""N"":2,""checksum"":""1456000"",""correctness"":""PASS"",""timer"":""Date.now"",""elapsed_ms"":null,""elapsed_per_call_ms"":null,""warmup_calls"":0}
",,0,True,PASS,,2026-10-04T15:24:34.704796+00:00,0,True,300
wsl2-ubuntu2404-x64-20261004,MAIN,correctness,string-fasta,v8,0,0,0,[],0,1,2,,,51031836,"[""--max-opt=0"",""--no-lazy""]","[""/home/mzyx/three_engine_20261004/v8-linux64-rel-15.6.21/d8"",""--snapshot_blob=/home/mzyx/three_engine_20261004/v8-linux64-rel-15.6.21/snapshot_blob.bin"",""--max-opt=0"",""--no-lazy"",""/mnt/c/Users/mzyx/Desktop/0921/js-interpreter-bench/experiments/three_engine_baseline/adapters/v8.js"",""/mnt/c/Users/mzyx/Desktop/0921/js-interpreter-bench/experiments/sunspider_three_engine/generated/MAIN/string-fasta.N2.correctness.js""]",83b744a5953d2662ea723564d4035a333782a0cc85232d1025929a925150b133,/mnt/c/Users/mzyx/Desktop/0921/js-interpreter-bench/experiments/sunspider_three_engine/generated/MAIN/string-fasta.N2.correctness.js,9938cd8918054c8e228ec8f1242654967c95e1d9811b6999c7dcedfab9824e9b,1456000,"TEB_RESULT:{""benchmark"":""SunSpider"",""case"":""string-fasta"",""mode"":""correctness"",""N"":2,""checksum"":""1456000"",""correctness"":""PASS"",""timer"":""Date.now"",""elapsed_ms"":null,""elapsed_per_call_ms"":null,""warmup_calls"":0}
",,0,True,PASS,,2026-10-04T15:24:34.823433+00:00,0,True,300
wsl2-ubuntu2404-x64-20261004,MAIN,correctness,string-tagcloud,jsc,0,0,0,[],0,1,1,,,39334034,"[""--useJIT=false"",""--useLLInt=true"",""--validateOptions=true""]","[""/home/mzyx/jsc_build_fd3406f/JSCOnly/Release/bin/jsc"",""--useJIT=false"",""--useLLInt=true"",""--validateOptions=true"",""/mnt/c/Users/mzyx/Desktop/0921/js-interpreter-bench/experiments/three_engine_baseline/adapters/jsc.js"",""/mnt/c/Users/mzyx/Desktop/0921/js-interpreter-bench/experiments/sunspider_three_engine/generated/MAIN/string-tagcloud.N1.correctness.js""]",65c824a055405bf62b05e21d54515a72a1f0187a4d91225d00a6da969d35879f,/mnt/c/Users/mzyx/Desktop/0921/js-interpreter-bench/experiments/sunspider_three_engine/generated/MAIN/string-tagcloud.N1.correctness.js,e90267673cada57a27e21b16339ed40577af1b3493d5e439d660b895f52cc117,315241,"TEB_RESULT:{""benchmark"":""SunSpider"",""case"":""string-tagcloud"",""mode"":""correctness"",""N"":1,""checksum"":""315241"",""correctness"":""PASS"",""timer"":""Date.now"",""elapsed_ms"":null,""elapsed_per_call_ms"":null,""warmup_calls"":0}
",,0,True,PASS,,2026-10-04T15:24:35.277578+00:00,0,True,300
wsl2-ubuntu2404-x64-20261004,MAIN,correctness,string-tagcloud,quickjs,0,0,0,[],0,1,1,,,34447220,[],"[""/home/mzyx/three_engine_20261004/quickjs-04be246001599f5995fa2f2d8c91a0f198d3f34c/qjs"",""-I"",""/mnt/c/Users/mzyx/Desktop/0921/js-interpreter-bench/experiments/three_engine_baseline/adapters/quickjs.js"",""/mnt/c/Users/mzyx/Desktop/0921/js-interpreter-bench/experiments/sunspider_three_engine/generated/MAIN/string-tagcloud.N1.correctness.js""]",140d5233b0337d91cb0f994ae4a051e49aa04da8802acfaedf0a01b81a620b79,/mnt/c/Users/mzyx/Desktop/0921/js-interpreter-bench/experiments/sunspider_three_engine/generated/MAIN/string-tagcloud.N1.correctness.js,e90267673cada57a27e21b16339ed40577af1b3493d5e439d660b895f52cc117,315241,"TEB_RESULT:{""benchmark"":""SunSpider"",""case"":""string-tagcloud"",""mode"":""correctness"",""N"":1,""checksum"":""315241"",""correctness"":""PASS"",""timer"":""Date.now"",""elapsed_ms"":null,""elapsed_per_call_ms"":null,""warmup_calls"":0}
",,0,True,PASS,,2026-10-04T15:24:35.056293+00:00,0,True,300
wsl2-ubuntu2404-x64-20261004,MAIN,correctness,string-tagcloud,v8,0,0,0,[],0,1,1,,,51075685,"[""--max-opt=0"",""--no-lazy""]","[""/home/mzyx/three_engine_20261004/v8-linux64-rel-15.6.21/d8"",""--snapshot_blob=/home/mzyx/three_engine_20261004/v8-linux64-rel-15.6.21/snapshot_blob.bin"",""--max-opt=0"",""--no-lazy"",""/mnt/c/Users/mzyx/Desktop/0921/js-interpreter-bench/experiments/three_engine_baseline/adapters/v8.js"",""/mnt/c/Users/mzyx/Desktop/0921/js-interpreter-bench/experiments/sunspider_three_engine/generated/MAIN/string-tagcloud.N1.correctness.js""]",83b744a5953d2662ea723564d4035a333782a0cc85232d1025929a925150b133,/mnt/c/Users/mzyx/Desktop/0921/js-interpreter-bench/experiments/sunspider_three_engine/generated/MAIN/string-tagcloud.N1.correctness.js,e90267673cada57a27e21b16339ed40577af1b3493d5e439d660b895f52cc117,315241,"TEB_RESULT:{""benchmark"":""SunSpider"",""case"":""string-tagcloud"",""mode"":""correctness"",""N"":1,""checksum"":""315241"",""correctness"":""PASS"",""timer"":""Date.now"",""elapsed_ms"":null,""elapsed_per_call_ms"":null,""warmup_calls"":0}
",,0,True,PASS,,2026-10-04T15:24:35.161929+00:00,0,True,300
wsl2-ubuntu2404-x64-20261004,MAIN,correctness,string-tagcloud,jsc,0,0,0,[],0,1,2,,,61852392,"[""--useJIT=false"",""--useLLInt=true"",""--validateOptions=true""]","[""/home/mzyx/jsc_build_fd3406f/JSCOnly/Release/bin/jsc"",""--useJIT=false"",""--useLLInt=true"",""--validateOptions=true"",""/mnt/c/Users/mzyx/Desktop/0921/js-interpreter-bench/experiments/three_engine_baseline/adapters/jsc.js"",""/mnt/c/Users/mzyx/Desktop/0921/js-interpreter-bench/experiments/sunspider_three_engine/generated/MAIN/string-tagcloud.N2.correctness.js""]",65c824a055405bf62b05e21d54515a72a1f0187a4d91225d00a6da969d35879f,/mnt/c/Users/mzyx/Desktop/0921/js-interpreter-bench/experiments/sunspider_three_engine/generated/MAIN/string-tagcloud.N2.correctness.js,be9b4e409d544457a28b2e6362e69b4f2260219224f08aad4e7f07a2a85cc9a5,315241,"TEB_RESULT:{""benchmark"":""SunSpider"",""case"":""string-tagcloud"",""mode"":""correctness"",""N"":2,""checksum"":""315241"",""correctness"":""PASS"",""timer"":""Date.now"",""elapsed_ms"":null,""elapsed_per_call_ms"":null,""warmup_calls"":0}
",,0,True,PASS,,2026-10-04T15:24:35.661304+00:00,0,True,300
wsl2-ubuntu2404-x64-20261004,MAIN,correctness,string-tagcloud,quickjs,0,0,0,[],0,1,2,,,56916987,[],"[""/home/mzyx/three_engine_20261004/quickjs-04be246001599f5995fa2f2d8c91a0f198d3f34c/qjs"",""-I"",""/mnt/c/Users/mzyx/Desktop/0921/js-interpreter-bench/experiments/three_engine_baseline/adapters/quickjs.js"",""/mnt/c/Users/mzyx/Desktop/0921/js-interpreter-bench/experiments/sunspider_three_engine/generated/MAIN/string-tagcloud.N2.correctness.js""]",140d5233b0337d91cb0f994ae4a051e49aa04da8802acfaedf0a01b81a620b79,/mnt/c/Users/mzyx/Desktop/0921/js-interpreter-bench/experiments/sunspider_three_engine/generated/MAIN/string-tagcloud.N2.correctness.js,be9b4e409d544457a28b2e6362e69b4f2260219224f08aad4e7f07a2a85cc9a5,315241,"TEB_RESULT:{""benchmark"":""SunSpider"",""case"":""string-tagcloud"",""mode"":""correctness"",""N"":2,""checksum"":""315241"",""correctness"":""PASS"",""timer"":""Date.now"",""elapsed_ms"":null,""elapsed_per_call_ms"":null,""warmup_calls"":0}
",,0,True,PASS,,2026-10-04T15:24:35.416667+00:00,0,True,300
wsl2-ubuntu2404-x64-20261004,MAIN,correctness,string-tagcloud,v8,0,0,0,[],0,1,2,,,61941252,"[""--max-opt=0"",""--no-lazy""]","[""/home/mzyx/three_engine_20261004/v8-linux64-rel-15.6.21/d8"",""--snapshot_blob=/home/mzyx/three_engine_20261004/v8-linux64-rel-15.6.21/snapshot_blob.bin"",""--max-opt=0"",""--no-lazy"",""/mnt/c/Users/mzyx/Desktop/0921/js-interpreter-bench/experiments/three_engine_baseline/adapters/v8.js"",""/mnt/c/Users/mzyx/Desktop/0921/js-interpreter-bench/experiments/sunspider_three_engine/generated/MAIN/string-tagcloud.N2.correctness.js""]",83b744a5953d2662ea723564d4035a333782a0cc85232d1025929a925150b133,/mnt/c/Users/mzyx/Desktop/0921/js-interpreter-bench/experiments/sunspider_three_engine/generated/MAIN/string-tagcloud.N2.correctness.js,be9b4e409d544457a28b2e6362e69b4f2260219224f08aad4e7f07a2a85cc9a5,315241,"TEB_RESULT:{""benchmark"":""SunSpider"",""case"":""string-tagcloud"",""mode"":""correctness"",""N"":2,""checksum"":""315241"",""correctness"":""PASS"",""timer"":""Date.now"",""elapsed_ms"":null,""elapsed_per_call_ms"":null,""warmup_calls"":0}
",,0,True,PASS,,2026-10-04T15:24:35.538105+00:00,0,True,300
wsl2-ubuntu2404-x64-20261004,MAIN,correctness,string-unpack-code,jsc,0,0,0,[],0,1,1,,,39975192,"[""--useJIT=false"",""--useLLInt=true"",""--validateOptions=true""]","[""/home/mzyx/jsc_build_fd3406f/JSCOnly/Release/bin/jsc"",""--useJIT=false"",""--useLLInt=true"",""--validateOptions=true"",""/mnt/c/Users/mzyx/Desktop/0921/js-interpreter-bench/experiments/three_engine_baseline/adapters/jsc.js"",""/mnt/c/Users/mzyx/Desktop/0921/js-interpreter-bench/experiments/sunspider_three_engine/generated/MAIN/string-unpack-code.N1.correctness.js""]",65c824a055405bf62b05e21d54515a72a1f0187a4d91225d00a6da969d35879f,/mnt/c/Users/mzyx/Desktop/0921/js-interpreter-bench/experiments/sunspider_three_engine/generated/MAIN/string-unpack-code.N1.correctness.js,65f32dcc1cd70cf9a88d0b07806324ea2594af93da8fdb81e61344e82562c5ca,511508,"TEB_RESULT:{""benchmark"":""SunSpider"",""case"":""string-unpack-code"",""mode"":""correctness"",""N"":1,""checksum"":""511508"",""correctness"":""PASS"",""timer"":""Date.now"",""elapsed_ms"":null,""elapsed_per_call_ms"":null,""warmup_calls"":0}
",,0,True,PASS,,2026-10-04T15:24:36.040714+00:00,0,True,300
wsl2-ubuntu2404-x64-20261004,MAIN,correctness,string-unpack-code,quickjs,0,0,0,[],0,1,1,,,58332155,[],"[""/home/mzyx/three_engine_20261004/quickjs-04be246001599f5995fa2f2d8c91a0f198d3f34c/qjs"",""-I"",""/mnt/c/Users/mzyx/Desktop/0921/js-interpreter-bench/experiments/three_engine_baseline/adapters/quickjs.js"",""/mnt/c/Users/mzyx/Desktop/0921/js-interpreter-bench/experiments/sunspider_three_engine/generated/MAIN/string-unpack-code.N1.correctness.js""]",140d5233b0337d91cb0f994ae4a051e49aa04da8802acfaedf0a01b81a620b79,/mnt/c/Users/mzyx/Desktop/0921/js-interpreter-bench/experiments/sunspider_three_engine/generated/MAIN/string-unpack-code.N1.correctness.js,65f32dcc1cd70cf9a88d0b07806324ea2594af93da8fdb81e61344e82562c5ca,511508,"TEB_RESULT:{""benchmark"":""SunSpider"",""case"":""string-unpack-code"",""mode"":""correctness"",""N"":1,""checksum"":""511508"",""correctness"":""PASS"",""timer"":""Date.now"",""elapsed_ms"":null,""elapsed_per_call_ms"":null,""warmup_calls"":0}
",,0,True,PASS,,2026-10-04T15:24:35.808723+00:00,0,True,300
wsl2-ubuntu2404-x64-20261004,MAIN,correctness,string-unpack-code,v8,0,0,0,[],0,1,1,,,46644517,"[""--max-opt=0"",""--no-lazy""]","[""/home/mzyx/three_engine_20261004/v8-linux64-rel-15.6.21/d8"",""--snapshot_blob=/home/mzyx/three_engine_20261004/v8-linux64-rel-15.6.21/snapshot_blob.bin"",""--max-opt=0"",""--no-lazy"",""/mnt/c/Users/mzyx/Desktop/0921/js-interpreter-bench/experiments/three_engine_baseline/adapters/v8.js"",""/mnt/c/Users/mzyx/Desktop/0921/js-interpreter-bench/experiments/sunspider_three_engine/generated/MAIN/string-unpack-code.N1.correctness.js""]",83b744a5953d2662ea723564d4035a333782a0cc85232d1025929a925150b133,/mnt/c/Users/mzyx/Desktop/0921/js-interpreter-bench/experiments/sunspider_three_engine/generated/MAIN/string-unpack-code.N1.correctness.js,65f32dcc1cd70cf9a88d0b07806324ea2594af93da8fdb81e61344e82562c5ca,511508,"TEB_RESULT:{""benchmark"":""SunSpider"",""case"":""string-unpack-code"",""mode"":""correctness"",""N"":1,""checksum"":""511508"",""correctness"":""PASS"",""timer"":""Date.now"",""elapsed_ms"":null,""elapsed_per_call_ms"":null,""warmup_calls"":0}
",,0,True,PASS,,2026-10-04T15:24:35.926468+00:00,0,True,300
wsl2-ubuntu2404-x64-20261004,MAIN,correctness,string-unpack-code,jsc,0,0,0,[],0,1,2,,,50551243,"[""--useJIT=false"",""--useLLInt=true"",""--validateOptions=true""]","[""/home/mzyx/jsc_build_fd3406f/JSCOnly/Release/bin/jsc"",""--useJIT=false"",""--useLLInt=true"",""--validateOptions=true"",""/mnt/c/Users/mzyx/Desktop/0921/js-interpreter-bench/experiments/three_engine_baseline/adapters/jsc.js"",""/mnt/c/Users/mzyx/Desktop/0921/js-interpreter-bench/experiments/sunspider_three_engine/generated/MAIN/string-unpack-code.N2.correctness.js""]",65c824a055405bf62b05e21d54515a72a1f0187a4d91225d00a6da969d35879f,/mnt/c/Users/mzyx/Desktop/0921/js-interpreter-bench/experiments/sunspider_three_engine/generated/MAIN/string-unpack-code.N2.correctness.js,c196d3728bce8a1ff67646240706eb15ad2e920e778fd842ea6b4da64838d23e,511508,"TEB_RESULT:{""benchmark"":""SunSpider"",""case"":""string-unpack-code"",""mode"":""correctness"",""N"":2,""checksum"":""511508"",""correctness"":""PASS"",""timer"":""Date.now"",""elapsed_ms"":null,""elapsed_per_call_ms"":null,""warmup_calls"":0}
",,0,True,PASS,,2026-10-04T15:24:36.466025+00:00,0,True,300
wsl2-ubuntu2404-x64-20261004,MAIN,correctness,string-unpack-code,quickjs,0,0,0,[],0,1,2,,,102268697,[],"[""/home/mzyx/three_engine_20261004/quickjs-04be246001599f5995fa2f2d8c91a0f198d3f34c/qjs"",""-I"",""/mnt/c/Users/mzyx/Desktop/0921/js-interpreter-bench/experiments/three_engine_baseline/adapters/quickjs.js"",""/mnt/c/Users/mzyx/Desktop/0921/js-interpreter-bench/experiments/sunspider_three_engine/generated/MAIN/string-unpack-code.N2.correctness.js""]",140d5233b0337d91cb0f994ae4a051e49aa04da8802acfaedf0a01b81a620b79,/mnt/c/Users/mzyx/Desktop/0921/js-interpreter-bench/experiments/sunspider_three_engine/generated/MAIN/string-unpack-code.N2.correctness.js,c196d3728bce8a1ff67646240706eb15ad2e920e778fd842ea6b4da64838d23e,511508,"TEB_RESULT:{""benchmark"":""SunSpider"",""case"":""string-unpack-code"",""mode"":""correctness"",""N"":2,""checksum"":""511508"",""correctness"":""PASS"",""timer"":""Date.now"",""elapsed_ms"":null,""elapsed_per_call_ms"":null,""warmup_calls"":0}
",,0,True,PASS,,2026-10-04T15:24:36.177324+00:00,0,True,300
wsl2-ubuntu2404-x64-20261004,MAIN,correctness,string-unpack-code,v8,0,0,0,[],0,1,2,,,57497986,"[""--max-opt=0"",""--no-lazy""]","[""/home/mzyx/three_engine_20261004/v8-linux64-rel-15.6.21/d8"",""--snapshot_blob=/home/mzyx/three_engine_20261004/v8-linux64-rel-15.6.21/snapshot_blob.bin"",""--max-opt=0"",""--no-lazy"",""/mnt/c/Users/mzyx/Desktop/0921/js-interpreter-bench/experiments/three_engine_baseline/adapters/v8.js"",""/mnt/c/Users/mzyx/Desktop/0921/js-interpreter-bench/experiments/sunspider_three_engine/generated/MAIN/string-unpack-code.N2.correctness.js""]",83b744a5953d2662ea723564d4035a333782a0cc85232d1025929a925150b133,/mnt/c/Users/mzyx/Desktop/0921/js-interpreter-bench/experiments/sunspider_three_engine/generated/MAIN/string-unpack-code.N2.correctness.js,c196d3728bce8a1ff67646240706eb15ad2e920e778fd842ea6b4da64838d23e,511508,"TEB_RESULT:{""benchmark"":""SunSpider"",""case"":""string-unpack-code"",""mode"":""correctness"",""N"":2,""checksum"":""511508"",""correctness"":""PASS"",""timer"":""Date.now"",""elapsed_ms"":null,""elapsed_per_call_ms"":null,""warmup_calls"":0}
",,0,True,PASS,,2026-10-04T15:24:36.345377+00:00,0,True,300
wsl2-ubuntu2404-x64-20261004,MAIN,correctness,string-validate-input,jsc,0,0,0,[],0,1,1,,,25989733,"[""--useJIT=false"",""--useLLInt=true"",""--validateOptions=true""]","[""/home/mzyx/jsc_build_fd3406f/JSCOnly/Release/bin/jsc"",""--useJIT=false"",""--useLLInt=true"",""--validateOptions=true"",""/mnt/c/Users/mzyx/Desktop/0921/js-interpreter-bench/experiments/three_engine_baseline/adapters/jsc.js"",""/mnt/c/Users/mzyx/Desktop/0921/js-interpreter-bench/experiments/sunspider_three_engine/generated/MAIN/string-validate-input.N1.correctness.js""]",65c824a055405bf62b05e21d54515a72a1f0187a4d91225d00a6da969d35879f,/mnt/c/Users/mzyx/Desktop/0921/js-interpreter-bench/experiments/sunspider_three_engine/generated/MAIN/string-validate-input.N1.correctness.js,6a5119b5da8a6fea94cf4d49bf7dbc7a35240e4ab24f6666b64efe8fe12b2e71,462000,"TEB_RESULT:{""benchmark"":""SunSpider"",""case"":""string-validate-input"",""mode"":""correctness"",""N"":1,""checksum"":""462000"",""correctness"":""PASS"",""timer"":""Date.now"",""elapsed_ms"":null,""elapsed_per_call_ms"":null,""warmup_calls"":0}
",,0,True,PASS,,2026-10-04T15:24:36.759926+00:00,0,True,300
wsl2-ubuntu2404-x64-20261004,MAIN,correctness,string-validate-input,quickjs,0,0,0,[],0,1,1,,,19599514,[],"[""/home/mzyx/three_engine_20261004/quickjs-04be246001599f5995fa2f2d8c91a0f198d3f34c/qjs"",""-I"",""/mnt/c/Users/mzyx/Desktop/0921/js-interpreter-bench/experiments/three_engine_baseline/adapters/quickjs.js"",""/mnt/c/Users/mzyx/Desktop/0921/js-interpreter-bench/experiments/sunspider_three_engine/generated/MAIN/string-validate-input.N1.correctness.js""]",140d5233b0337d91cb0f994ae4a051e49aa04da8802acfaedf0a01b81a620b79,/mnt/c/Users/mzyx/Desktop/0921/js-interpreter-bench/experiments/sunspider_three_engine/generated/MAIN/string-validate-input.N1.correctness.js,6a5119b5da8a6fea94cf4d49bf7dbc7a35240e4ab24f6666b64efe8fe12b2e71,462000,"TEB_RESULT:{""benchmark"":""SunSpider"",""case"":""string-validate-input"",""mode"":""correctness"",""N"":1,""checksum"":""462000"",""correctness"":""PASS"",""timer"":""Date.now"",""elapsed_ms"":null,""elapsed_per_call_ms"":null,""warmup_calls"":0}
",,0,True,PASS,,2026-10-04T15:24:36.585073+00:00,0,True,300
wsl2-ubuntu2404-x64-20261004,MAIN,correctness,string-validate-input,v8,0,0,0,[],0,1,1,,,36400922,"[""--max-opt=0"",""--no-lazy""]","[""/home/mzyx/three_engine_20261004/v8-linux64-rel-15.6.21/d8"",""--snapshot_blob=/home/mzyx/three_engine_20261004/v8-linux64-rel-15.6.21/snapshot_blob.bin"",""--max-opt=0"",""--no-lazy"",""/mnt/c/Users/mzyx/Desktop/0921/js-interpreter-bench/experiments/three_engine_baseline/adapters/v8.js"",""/mnt/c/Users/mzyx/Desktop/0921/js-interpreter-bench/experiments/sunspider_three_engine/generated/MAIN/string-validate-input.N1.correctness.js""]",83b744a5953d2662ea723564d4035a333782a0cc85232d1025929a925150b133,/mnt/c/Users/mzyx/Desktop/0921/js-interpreter-bench/experiments/sunspider_three_engine/generated/MAIN/string-validate-input.N1.correctness.js,6a5119b5da8a6fea94cf4d49bf7dbc7a35240e4ab24f6666b64efe8fe12b2e71,462000,"TEB_RESULT:{""benchmark"":""SunSpider"",""case"":""string-validate-input"",""mode"":""correctness"",""N"":1,""checksum"":""462000"",""correctness"":""PASS"",""timer"":""Date.now"",""elapsed_ms"":null,""elapsed_per_call_ms"":null,""warmup_calls"":0}
",,0,True,PASS,,2026-10-04T15:24:36.664410+00:00,0,True,300
wsl2-ubuntu2404-x64-20261004,MAIN,correctness,string-validate-input,jsc,0,0,0,[],0,1,2,,,35600060,"[""--useJIT=false"",""--useLLInt=true"",""--validateOptions=true""]","[""/home/mzyx/jsc_build_fd3406f/JSCOnly/Release/bin/jsc"",""--useJIT=false"",""--useLLInt=true"",""--validateOptions=true"",""/mnt/c/Users/mzyx/Desktop/0921/js-interpreter-bench/experiments/three_engine_baseline/adapters/jsc.js"",""/mnt/c/Users/mzyx/Desktop/0921/js-interpreter-bench/experiments/sunspider_three_engine/generated/MAIN/string-validate-input.N2.correctness.js""]",65c824a055405bf62b05e21d54515a72a1f0187a4d91225d00a6da969d35879f,/mnt/c/Users/mzyx/Desktop/0921/js-interpreter-bench/experiments/sunspider_three_engine/generated/MAIN/string-validate-input.N2.correctness.js,d2ceb0e7ed8dc48c018c6ea025363bf93142edb4b70a972e31689e809e488bfb,462000,"TEB_RESULT:{""benchmark"":""SunSpider"",""case"":""string-validate-input"",""mode"":""correctness"",""N"":2,""checksum"":""462000"",""correctness"":""PASS"",""timer"":""Date.now"",""elapsed_ms"":null,""elapsed_per_call_ms"":null,""warmup_calls"":0}
",,0,True,PASS,,2026-10-04T15:24:37.047780+00:00,0,True,300
wsl2-ubuntu2404-x64-20261004,MAIN,correctness,string-validate-input,quickjs,0,0,0,[],0,1,2,,,38695551,[],"[""/home/mzyx/three_engine_20261004/quickjs-04be246001599f5995fa2f2d8c91a0f198d3f34c/qjs"",""-I"",""/mnt/c/Users/mzyx/Desktop/0921/js-interpreter-bench/experiments/three_engine_baseline/adapters/quickjs.js"",""/mnt/c/Users/mzyx/Desktop/0921/js-interpreter-bench/experiments/sunspider_three_engine/generated/MAIN/string-validate-input.N2.correctness.js""]",140d5233b0337d91cb0f994ae4a051e49aa04da8802acfaedf0a01b81a620b79,/mnt/c/Users/mzyx/Desktop/0921/js-interpreter-bench/experiments/sunspider_three_engine/generated/MAIN/string-validate-input.N2.correctness.js,d2ceb0e7ed8dc48c018c6ea025363bf93142edb4b70a972e31689e809e488bfb,462000,"TEB_RESULT:{""benchmark"":""SunSpider"",""case"":""string-validate-input"",""mode"":""correctness"",""N"":2,""checksum"":""462000"",""correctness"":""PASS"",""timer"":""Date.now"",""elapsed_ms"":null,""elapsed_per_call_ms"":null,""warmup_calls"":0}
",,0,True,PASS,,2026-10-04T15:24:36.858519+00:00,0,True,300
wsl2-ubuntu2404-x64-20261004,MAIN,correctness,string-validate-input,v8,0,0,0,[],0,1,2,,,43348309,"[""--max-opt=0"",""--no-lazy""]","[""/home/mzyx/three_engine_20261004/v8-linux64-rel-15.6.21/d8"",""--snapshot_blob=/home/mzyx/three_engine_20261004/v8-linux64-rel-15.6.21/snapshot_blob.bin"",""--max-opt=0"",""--no-lazy"",""/mnt/c/Users/mzyx/Desktop/0921/js-interpreter-bench/experiments/three_engine_baseline/adapters/v8.js"",""/mnt/c/Users/mzyx/Desktop/0921/js-interpreter-bench/experiments/sunspider_three_engine/generated/MAIN/string-validate-input.N2.correctness.js""]",83b744a5953d2662ea723564d4035a333782a0cc85232d1025929a925150b133,/mnt/c/Users/mzyx/Desktop/0921/js-interpreter-bench/experiments/sunspider_three_engine/generated/MAIN/string-validate-input.N2.correctness.js,d2ceb0e7ed8dc48c018c6ea025363bf93142edb4b70a972e31689e809e488bfb,462000,"TEB_RESULT:{""benchmark"":""SunSpider"",""case"":""string-validate-input"",""mode"":""correctness"",""N"":2,""checksum"":""462000"",""correctness"":""PASS"",""timer"":""Date.now"",""elapsed_ms"":null,""elapsed_per_call_ms"":null,""warmup_calls"":0}
",,0,True,PASS,,2026-10-04T15:24:36.957936+00:00,0,True,300
