cohort,mode,benchmark,stage,case,suite,subbenchmark,engine,N,rep,order,permutation,schedule_index,round_case_position,attempt,timestamp_utc,command,flags,binary_sha256,script_path,script_sha256,adapter_sha256,warmup_calls,checks_each_call,elapsed_ms,elapsed_per_call_ms,start_ms,stop_ms,checksum,extra_validation_calls,clock_consistency,timeout_seconds,diagnostic_preload,exit_code,stdout,stderr,outer_stop_ns,outer_start_ns,outer_wall_ns,boot_id,valid,status,error
wsl2-ubuntu2404-x64-20261004,MAIN_MONOTONIC_V1,SunSpider,selected_correctness,3d-cube,3d-cube,3d-cube,jsc,128,0,0,[],0,0,1,2026-10-04T16:47:02.596349+00:00,"[""/home/mzyx/jsc_build_fd3406f/JSCOnly/Release/bin/jsc"",""--useJIT=false"",""--useLLInt=true"",""--validateOptions=true"",""/mnt/c/Users/mzyx/Desktop/0921/js-interpreter-bench/experiments/three_engine_baseline/adapters/jsc.js"",""/mnt/c/Users/mzyx/Desktop/0921/js-interpreter-bench/experiments/timer_recovery/adapters/jsc.js"",""/mnt/c/Users/mzyx/Desktop/0921/js-interpreter-bench/experiments/sunspider_three_engine/MAIN_MONOTONIC_V1/attempt01/generated/3d-cube.N128.selected_correctness.js""]","[""--useJIT=false"",""--useLLInt=true"",""--validateOptions=true""]",65c824a055405bf62b05e21d54515a72a1f0187a4d91225d00a6da969d35879f,/mnt/c/Users/mzyx/Desktop/0921/js-interpreter-bench/experiments/sunspider_three_engine/MAIN_MONOTONIC_V1/attempt01/generated/3d-cube.N128.selected_correctness.js,c92308afdd3b1dc7e6443f286cda2fadfd9c84db1f5382ccd19867358542ad23,0c485996a598b7e36f2f292b66397adc0390cbe6b69b55199e47e1c6c1e37010,0,True,,,,,320,0,,300,False,0,"TEB_RESULT:{""benchmark"":""SunSpider"",""case"":""3d-cube"",""mode"":""MAIN_MONOTONIC_V1"",""phase"":""correctness"",""N"":128,""checksum"":""320"",""correctness"":""PASS"",""timer"":""benchNow"",""start_ms"":null,""stop_ms"":null,""elapsed_ms"":null,""elapsed_per_call_ms"":null,""warmup_calls"":0}
",,717618290290,716245120557,1373169733,3e035c9e-fd4d-4283-a7ce-c1d3e4721a0a,True,PASS,
wsl2-ubuntu2404-x64-20261004,MAIN_MONOTONIC_V1,SunSpider,selected_correctness,3d-cube,3d-cube,3d-cube,quickjs,128,0,0,[],0,0,1,2026-10-04T16:46:57.112082+00:00,"[""/home/mzyx/three_engine_20261004/quickjs-04be246001599f5995fa2f2d8c91a0f198d3f34c/qjs"",""-I"",""/mnt/c/Users/mzyx/Desktop/0921/js-interpreter-bench/experiments/three_engine_baseline/adapters/quickjs.js"",""-I"",""/mnt/c/Users/mzyx/Desktop/0921/js-interpreter-bench/experiments/timer_recovery/adapters/quickjs.js"",""/mnt/c/Users/mzyx/Desktop/0921/js-interpreter-bench/experiments/sunspider_three_engine/MAIN_MONOTONIC_V1/attempt01/generated/3d-cube.N128.selected_correctness.js""]",[],140d5233b0337d91cb0f994ae4a051e49aa04da8802acfaedf0a01b81a620b79,/mnt/c/Users/mzyx/Desktop/0921/js-interpreter-bench/experiments/sunspider_three_engine/MAIN_MONOTONIC_V1/attempt01/generated/3d-cube.N128.selected_correctness.js,c92308afdd3b1dc7e6443f286cda2fadfd9c84db1f5382ccd19867358542ad23,cd393c275173f20526562a008951f65a332deffed85e7c804519788b8ebffab7,0,True,,,,,320,0,,300,False,0,"TEB_RESULT:{""benchmark"":""SunSpider"",""case"":""3d-cube"",""mode"":""MAIN_MONOTONIC_V1"",""phase"":""correctness"",""N"":128,""checksum"":""320"",""correctness"":""PASS"",""timer"":""benchNow"",""start_ms"":null,""stop_ms"":null,""elapsed_ms"":null,""elapsed_per_call_ms"":null,""warmup_calls"":0}
",,713542905881,710772075480,2770830401,3e035c9e-fd4d-4283-a7ce-c1d3e4721a0a,True,PASS,
wsl2-ubuntu2404-x64-20261004,MAIN_MONOTONIC_V1,SunSpider,selected_correctness,3d-cube,3d-cube,3d-cube,v8,128,0,0,[],0,0,1,2026-10-04T16:46:59.963100+00:00,"[""/home/mzyx/three_engine_20261004/v8-linux64-rel-15.6.21/d8"",""--snapshot_blob=/home/mzyx/three_engine_20261004/v8-linux64-rel-15.6.21/snapshot_blob.bin"",""--max-opt=0"",""--no-lazy"",""/mnt/c/Users/mzyx/Desktop/0921/js-interpreter-bench/experiments/three_engine_baseline/adapters/v8.js"",""/mnt/c/Users/mzyx/Desktop/0921/js-interpreter-bench/experiments/timer_recovery/adapters/v8.js"",""/mnt/c/Users/mzyx/Desktop/0921/js-interpreter-bench/experiments/sunspider_three_engine/MAIN_MONOTONIC_V1/attempt01/generated/3d-cube.N128.selected_correctness.js""]","[""--max-opt=0"",""--no-lazy""]",83b744a5953d2662ea723564d4035a333782a0cc85232d1025929a925150b133,/mnt/c/Users/mzyx/Desktop/0921/js-interpreter-bench/experiments/sunspider_three_engine/MAIN_MONOTONIC_V1/attempt01/generated/3d-cube.N128.selected_correctness.js,c92308afdd3b1dc7e6443f286cda2fadfd9c84db1f5382ccd19867358542ad23,e610d3aa3d2672a5e6d5eccd9aaf05c6ae6758d1b9c4468289f017a231ab7d9f,0,True,,,,,320,0,,300,False,0,"TEB_RESULT:{""benchmark"":""SunSpider"",""case"":""3d-cube"",""mode"":""MAIN_MONOTONIC_V1"",""phase"":""correctness"",""N"":128,""checksum"":""320"",""correctness"":""PASS"",""timer"":""benchNow"",""start_ms"":null,""stop_ms"":null,""elapsed_ms"":null,""elapsed_per_call_ms"":null,""warmup_calls"":0}
",,716179298801,713612730750,2566568051,3e035c9e-fd4d-4283-a7ce-c1d3e4721a0a,True,PASS,
wsl2-ubuntu2404-x64-20261004,MAIN_MONOTONIC_V1,SunSpider,selected_correctness,3d-morph,3d-morph,3d-morph,jsc,128,0,0,[],0,0,1,2026-10-04T16:47:08.417403+00:00,"[""/home/mzyx/jsc_build_fd3406f/JSCOnly/Release/bin/jsc"",""--useJIT=false"",""--useLLInt=true"",""--validateOptions=true"",""/mnt/c/Users/mzyx/Desktop/0921/js-interpreter-bench/experiments/three_engine_baseline/adapters/jsc.js"",""/mnt/c/Users/mzyx/Desktop/0921/js-interpreter-bench/experiments/timer_recovery/adapters/jsc.js"",""/mnt/c/Users/mzyx/Desktop/0921/js-interpreter-bench/experiments/sunspider_three_engine/MAIN_MONOTONIC_V1/attempt01/generated/3d-morph.N128.selected_correctness.js""]","[""--useJIT=false"",""--useLLInt=true"",""--validateOptions=true""]",65c824a055405bf62b05e21d54515a72a1f0187a4d91225d00a6da969d35879f,/mnt/c/Users/mzyx/Desktop/0921/js-interpreter-bench/experiments/sunspider_three_engine/MAIN_MONOTONIC_V1/attempt01/generated/3d-morph.N128.selected_correctness.js,4d0eee84ab03523e8efab7e7252a4b6dbd6694525b3b3048b63ffd3e582d0d83,0c485996a598b7e36f2f292b66397adc0390cbe6b69b55199e47e1c6c1e37010,0,True,,,,,0,0,,300,False,0,"TEB_RESULT:{""benchmark"":""SunSpider"",""case"":""3d-morph"",""mode"":""MAIN_MONOTONIC_V1"",""phase"":""correctness"",""N"":128,""checksum"":""0"",""correctness"":""PASS"",""timer"":""benchNow"",""start_ms"":null,""stop_ms"":null,""elapsed_ms"":null,""elapsed_per_call_ms"":null,""warmup_calls"":0}
",,723825428331,722066409045,1759019286,3e035c9e-fd4d-4283-a7ce-c1d3e4721a0a,True,PASS,
wsl2-ubuntu2404-x64-20261004,MAIN_MONOTONIC_V1,SunSpider,selected_correctness,3d-morph,3d-morph,3d-morph,quickjs,128,0,0,[],0,0,1,2026-10-04T16:47:04.027215+00:00,"[""/home/mzyx/three_engine_20261004/quickjs-04be246001599f5995fa2f2d8c91a0f198d3f34c/qjs"",""-I"",""/mnt/c/Users/mzyx/Desktop/0921/js-interpreter-bench/experiments/three_engine_baseline/adapters/quickjs.js"",""-I"",""/mnt/c/Users/mzyx/Desktop/0921/js-interpreter-bench/experiments/timer_recovery/adapters/quickjs.js"",""/mnt/c/Users/mzyx/Desktop/0921/js-interpreter-bench/experiments/sunspider_three_engine/MAIN_MONOTONIC_V1/attempt01/generated/3d-morph.N128.selected_correctness.js""]",[],140d5233b0337d91cb0f994ae4a051e49aa04da8802acfaedf0a01b81a620b79,/mnt/c/Users/mzyx/Desktop/0921/js-interpreter-bench/experiments/sunspider_three_engine/MAIN_MONOTONIC_V1/attempt01/generated/3d-morph.N128.selected_correctness.js,4d0eee84ab03523e8efab7e7252a4b6dbd6694525b3b3048b63ffd3e582d0d83,cd393c275173f20526562a008951f65a332deffed85e7c804519788b8ebffab7,0,True,,,,,0,0,,300,False,0,"TEB_RESULT:{""benchmark"":""SunSpider"",""case"":""3d-morph"",""mode"":""MAIN_MONOTONIC_V1"",""phase"":""correctness"",""N"":128,""checksum"":""0"",""correctness"":""PASS"",""timer"":""benchNow"",""start_ms"":null,""stop_ms"":null,""elapsed_ms"":null,""elapsed_per_call_ms"":null,""warmup_calls"":0}
",,719504061477,717679760548,1824300929,3e035c9e-fd4d-4283-a7ce-c1d3e4721a0a,True,PASS,
wsl2-ubuntu2404-x64-20261004,MAIN_MONOTONIC_V1,SunSpider,selected_correctness,3d-morph,3d-morph,3d-morph,v8,128,0,0,[],0,0,1,2026-10-04T16:47:05.917060+00:00,"[""/home/mzyx/three_engine_20261004/v8-linux64-rel-15.6.21/d8"",""--snapshot_blob=/home/mzyx/three_engine_20261004/v8-linux64-rel-15.6.21/snapshot_blob.bin"",""--max-opt=0"",""--no-lazy"",""/mnt/c/Users/mzyx/Desktop/0921/js-interpreter-bench/experiments/three_engine_baseline/adapters/v8.js"",""/mnt/c/Users/mzyx/Desktop/0921/js-interpreter-bench/experiments/timer_recovery/adapters/v8.js"",""/mnt/c/Users/mzyx/Desktop/0921/js-interpreter-bench/experiments/sunspider_three_engine/MAIN_MONOTONIC_V1/attempt01/generated/3d-morph.N128.selected_correctness.js""]","[""--max-opt=0"",""--no-lazy""]",83b744a5953d2662ea723564d4035a333782a0cc85232d1025929a925150b133,/mnt/c/Users/mzyx/Desktop/0921/js-interpreter-bench/experiments/sunspider_three_engine/MAIN_MONOTONIC_V1/attempt01/generated/3d-morph.N128.selected_correctness.js,4d0eee84ab03523e8efab7e7252a4b6dbd6694525b3b3048b63ffd3e582d0d83,e610d3aa3d2672a5e6d5eccd9aaf05c6ae6758d1b9c4468289f017a231ab7d9f,0,True,,,,,0,0,,300,False,0,"TEB_RESULT:{""benchmark"":""SunSpider"",""case"":""3d-morph"",""mode"":""MAIN_MONOTONIC_V1"",""phase"":""correctness"",""N"":128,""checksum"":""0"",""correctness"":""PASS"",""timer"":""benchNow"",""start_ms"":null,""stop_ms"":null,""elapsed_ms"":null,""elapsed_per_call_ms"":null,""warmup_calls"":0}
",,722002133445,719565610075,2436523370,3e035c9e-fd4d-4283-a7ce-c1d3e4721a0a,True,PASS,
wsl2-ubuntu2404-x64-20261004,MAIN_MONOTONIC_V1,SunSpider,selected_correctness,3d-raytrace,3d-raytrace,3d-raytrace,jsc,128,0,0,[],0,0,1,2026-10-04T16:47:14.598883+00:00,"[""/home/mzyx/jsc_build_fd3406f/JSCOnly/Release/bin/jsc"",""--useJIT=false"",""--useLLInt=true"",""--validateOptions=true"",""/mnt/c/Users/mzyx/Desktop/0921/js-interpreter-bench/experiments/three_engine_baseline/adapters/jsc.js"",""/mnt/c/Users/mzyx/Desktop/0921/js-interpreter-bench/experiments/timer_recovery/adapters/jsc.js"",""/mnt/c/Users/mzyx/Desktop/0921/js-interpreter-bench/experiments/sunspider_three_engine/MAIN_MONOTONIC_V1/attempt01/generated/3d-raytrace.N128.selected_correctness.js""]","[""--useJIT=false"",""--useLLInt=true"",""--validateOptions=true""]",65c824a055405bf62b05e21d54515a72a1f0187a4d91225d00a6da969d35879f,/mnt/c/Users/mzyx/Desktop/0921/js-interpreter-bench/experiments/sunspider_three_engine/MAIN_MONOTONIC_V1/attempt01/generated/3d-raytrace.N128.selected_correctness.js,5d81b604b06f98fe5c019e12ff6328a4bf56868ad3b525e9faef7e8791979d50,0c485996a598b7e36f2f292b66397adc0390cbe6b69b55199e47e1c6c1e37010,0,True,,,,,20970,0,,300,False,0,"TEB_RESULT:{""benchmark"":""SunSpider"",""case"":""3d-raytrace"",""mode"":""MAIN_MONOTONIC_V1"",""phase"":""correctness"",""N"":128,""checksum"":""20970"",""correctness"":""PASS"",""timer"":""benchNow"",""start_ms"":null,""stop_ms"":null,""elapsed_ms"":null,""elapsed_per_call_ms"":null,""warmup_calls"":0}
",,730052241744,728247658047,1804583697,3e035c9e-fd4d-4283-a7ce-c1d3e4721a0a,True,PASS,
wsl2-ubuntu2404-x64-20261004,MAIN_MONOTONIC_V1,SunSpider,selected_correctness,3d-raytrace,3d-raytrace,3d-raytrace,quickjs,128,0,0,[],0,0,1,2026-10-04T16:47:10.238792+00:00,"[""/home/mzyx/three_engine_20261004/quickjs-04be246001599f5995fa2f2d8c91a0f198d3f34c/qjs"",""-I"",""/mnt/c/Users/mzyx/Desktop/0921/js-interpreter-bench/experiments/three_engine_baseline/adapters/quickjs.js"",""-I"",""/mnt/c/Users/mzyx/Desktop/0921/js-interpreter-bench/experiments/timer_recovery/adapters/quickjs.js"",""/mnt/c/Users/mzyx/Desktop/0921/js-interpreter-bench/experiments/sunspider_three_engine/MAIN_MONOTONIC_V1/attempt01/generated/3d-raytrace.N128.selected_correctness.js""]",[],140d5233b0337d91cb0f994ae4a051e49aa04da8802acfaedf0a01b81a620b79,/mnt/c/Users/mzyx/Desktop/0921/js-interpreter-bench/experiments/sunspider_three_engine/MAIN_MONOTONIC_V1/attempt01/generated/3d-raytrace.N128.selected_correctness.js,5d81b604b06f98fe5c019e12ff6328a4bf56868ad3b525e9faef7e8791979d50,cd393c275173f20526562a008951f65a332deffed85e7c804519788b8ebffab7,0,True,,,,,20970,0,,300,False,0,"TEB_RESULT:{""benchmark"":""SunSpider"",""case"":""3d-raytrace"",""mode"":""MAIN_MONOTONIC_V1"",""phase"":""correctness"",""N"":128,""checksum"":""20970"",""correctness"":""PASS"",""timer"":""benchNow"",""start_ms"":null,""stop_ms"":null,""elapsed_ms"":null,""elapsed_per_call_ms"":null,""warmup_calls"":0}
",,726003961677,723907755814,2096205863,3e035c9e-fd4d-4283-a7ce-c1d3e4721a0a,True,PASS,
wsl2-ubuntu2404-x64-20261004,MAIN_MONOTONIC_V1,SunSpider,selected_correctness,3d-raytrace,3d-raytrace,3d-raytrace,v8,128,0,0,[],0,0,1,2026-10-04T16:47:12.418994+00:00,"[""/home/mzyx/three_engine_20261004/v8-linux64-rel-15.6.21/d8"",""--snapshot_blob=/home/mzyx/three_engine_20261004/v8-linux64-rel-15.6.21/snapshot_blob.bin"",""--max-opt=0"",""--no-lazy"",""/mnt/c/Users/mzyx/Desktop/0921/js-interpreter-bench/experiments/three_engine_baseline/adapters/v8.js"",""/mnt/c/Users/mzyx/Desktop/0921/js-interpreter-bench/experiments/timer_recovery/adapters/v8.js"",""/mnt/c/Users/mzyx/Desktop/0921/js-interpreter-bench/experiments/sunspider_three_engine/MAIN_MONOTONIC_V1/attempt01/generated/3d-raytrace.N128.selected_correctness.js""]","[""--max-opt=0"",""--no-lazy""]",83b744a5953d2662ea723564d4035a333782a0cc85232d1025929a925150b133,/mnt/c/Users/mzyx/Desktop/0921/js-interpreter-bench/experiments/sunspider_three_engine/MAIN_MONOTONIC_V1/attempt01/generated/3d-raytrace.N128.selected_correctness.js,5d81b604b06f98fe5c019e12ff6328a4bf56868ad3b525e9faef7e8791979d50,e610d3aa3d2672a5e6d5eccd9aaf05c6ae6758d1b9c4468289f017a231ab7d9f,0,True,,,,,20970,0,,300,False,0,"TEB_RESULT:{""benchmark"":""SunSpider"",""case"":""3d-raytrace"",""mode"":""MAIN_MONOTONIC_V1"",""phase"":""correctness"",""N"":128,""checksum"":""20970"",""correctness"":""PASS"",""timer"":""benchNow"",""start_ms"":null,""stop_ms"":null,""elapsed_ms"":null,""elapsed_per_call_ms"":null,""warmup_calls"":0}
",,728186573804,726067813876,2118759928,3e035c9e-fd4d-4283-a7ce-c1d3e4721a0a,True,PASS,
wsl2-ubuntu2404-x64-20261004,MAIN_MONOTONIC_V1,SunSpider,selected_correctness,access-binary-trees,access-binary-trees,access-binary-trees,jsc,256,0,0,[],0,0,1,2026-10-04T16:47:21.570594+00:00,"[""/home/mzyx/jsc_build_fd3406f/JSCOnly/Release/bin/jsc"",""--useJIT=false"",""--useLLInt=true"",""--validateOptions=true"",""/mnt/c/Users/mzyx/Desktop/0921/js-interpreter-bench/experiments/three_engine_baseline/adapters/jsc.js"",""/mnt/c/Users/mzyx/Desktop/0921/js-interpreter-bench/experiments/timer_recovery/adapters/jsc.js"",""/mnt/c/Users/mzyx/Desktop/0921/js-interpreter-bench/experiments/sunspider_three_engine/MAIN_MONOTONIC_V1/attempt01/generated/access-binary-trees.N256.selected_correctness.js""]","[""--useJIT=false"",""--useLLInt=true"",""--validateOptions=true""]",65c824a055405bf62b05e21d54515a72a1f0187a4d91225d00a6da969d35879f,/mnt/c/Users/mzyx/Desktop/0921/js-interpreter-bench/experiments/sunspider_three_engine/MAIN_MONOTONIC_V1/attempt01/generated/access-binary-trees.N256.selected_correctness.js,e6d7c258180d4463e63aa3fc1fb57bed4fe59b0ae58aa0bd31fe205da54a443d,0c485996a598b7e36f2f292b66397adc0390cbe6b69b55199e47e1c6c1e37010,0,True,,,,,-4,0,,300,False,0,"TEB_RESULT:{""benchmark"":""SunSpider"",""case"":""access-binary-trees"",""mode"":""MAIN_MONOTONIC_V1"",""phase"":""correctness"",""N"":256,""checksum"":""-4"",""correctness"":""PASS"",""timer"":""benchNow"",""start_ms"":null,""stop_ms"":null,""elapsed_ms"":null,""elapsed_per_call_ms"":null,""warmup_calls"":0}
",,738642704936,735220678360,3422026576,3e035c9e-fd4d-4283-a7ce-c1d3e4721a0a,True,PASS,
wsl2-ubuntu2404-x64-20261004,MAIN_MONOTONIC_V1,SunSpider,selected_correctness,access-binary-trees,access-binary-trees,access-binary-trees,quickjs,256,0,0,[],0,0,1,2026-10-04T16:47:16.459663+00:00,"[""/home/mzyx/three_engine_20261004/quickjs-04be246001599f5995fa2f2d8c91a0f198d3f34c/qjs"",""-I"",""/mnt/c/Users/mzyx/Desktop/0921/js-interpreter-bench/experiments/three_engine_baseline/adapters/quickjs.js"",""-I"",""/mnt/c/Users/mzyx/Desktop/0921/js-interpreter-bench/experiments/timer_recovery/adapters/quickjs.js"",""/mnt/c/Users/mzyx/Desktop/0921/js-interpreter-bench/experiments/sunspider_three_engine/MAIN_MONOTONIC_V1/attempt01/generated/access-binary-trees.N256.selected_correctness.js""]",[],140d5233b0337d91cb0f994ae4a051e49aa04da8802acfaedf0a01b81a620b79,/mnt/c/Users/mzyx/Desktop/0921/js-interpreter-bench/experiments/sunspider_three_engine/MAIN_MONOTONIC_V1/attempt01/generated/access-binary-trees.N256.selected_correctness.js,e6d7c258180d4463e63aa3fc1fb57bed4fe59b0ae58aa0bd31fe205da54a443d,cd393c275173f20526562a008951f65a332deffed85e7c804519788b8ebffab7,0,True,,,,,-4,0,,300,False,0,"TEB_RESULT:{""benchmark"":""SunSpider"",""case"":""access-binary-trees"",""mode"":""MAIN_MONOTONIC_V1"",""phase"":""correctness"",""N"":256,""checksum"":""-4"",""correctness"":""PASS"",""timer"":""benchNow"",""start_ms"":null,""stop_ms"":null,""elapsed_ms"":null,""elapsed_per_call_ms"":null,""warmup_calls"":0}
",,733471646054,730113502814,3358143240,3e035c9e-fd4d-4283-a7ce-c1d3e4721a0a,True,PASS,
wsl2-ubuntu2404-x64-20261004,MAIN_MONOTONIC_V1,SunSpider,selected_correctness,access-binary-trees,access-binary-trees,access-binary-trees,v8,256,0,0,[],0,0,1,2026-10-04T16:47:19.896369+00:00,"[""/home/mzyx/three_engine_20261004/v8-linux64-rel-15.6.21/d8"",""--snapshot_blob=/home/mzyx/three_engine_20261004/v8-linux64-rel-15.6.21/snapshot_blob.bin"",""--max-opt=0"",""--no-lazy"",""/mnt/c/Users/mzyx/Desktop/0921/js-interpreter-bench/experiments/three_engine_baseline/adapters/v8.js"",""/mnt/c/Users/mzyx/Desktop/0921/js-interpreter-bench/experiments/timer_recovery/adapters/v8.js"",""/mnt/c/Users/mzyx/Desktop/0921/js-interpreter-bench/experiments/sunspider_three_engine/MAIN_MONOTONIC_V1/attempt01/generated/access-binary-trees.N256.selected_correctness.js""]","[""--max-opt=0"",""--no-lazy""]",83b744a5953d2662ea723564d4035a333782a0cc85232d1025929a925150b133,/mnt/c/Users/mzyx/Desktop/0921/js-interpreter-bench/experiments/sunspider_three_engine/MAIN_MONOTONIC_V1/attempt01/generated/access-binary-trees.N256.selected_correctness.js,e6d7c258180d4463e63aa3fc1fb57bed4fe59b0ae58aa0bd31fe205da54a443d,e610d3aa3d2672a5e6d5eccd9aaf05c6ae6758d1b9c4468289f017a231ab7d9f,0,True,,,,,-4,0,,300,False,0,"TEB_RESULT:{""benchmark"":""SunSpider"",""case"":""access-binary-trees"",""mode"":""MAIN_MONOTONIC_V1"",""phase"":""correctness"",""N"":256,""checksum"":""-4"",""correctness"":""PASS"",""timer"":""benchNow"",""start_ms"":null,""stop_ms"":null,""elapsed_ms"":null,""elapsed_per_call_ms"":null,""warmup_calls"":0}
",,735155575689,733545676917,1609898772,3e035c9e-fd4d-4283-a7ce-c1d3e4721a0a,True,PASS,
wsl2-ubuntu2404-x64-20261004,MAIN_MONOTONIC_V1,SunSpider,selected_correctness,access-fannkuch,access-fannkuch,access-fannkuch,jsc,64,0,0,[],0,0,1,2026-10-04T16:47:27.635877+00:00,"[""/home/mzyx/jsc_build_fd3406f/JSCOnly/Release/bin/jsc"",""--useJIT=false"",""--useLLInt=true"",""--validateOptions=true"",""/mnt/c/Users/mzyx/Desktop/0921/js-interpreter-bench/experiments/three_engine_baseline/adapters/jsc.js"",""/mnt/c/Users/mzyx/Desktop/0921/js-interpreter-bench/experiments/timer_recovery/adapters/jsc.js"",""/mnt/c/Users/mzyx/Desktop/0921/js-interpreter-bench/experiments/sunspider_three_engine/MAIN_MONOTONIC_V1/attempt01/generated/access-fannkuch.N64.selected_correctness.js""]","[""--useJIT=false"",""--useLLInt=true"",""--validateOptions=true""]",65c824a055405bf62b05e21d54515a72a1f0187a4d91225d00a6da969d35879f,/mnt/c/Users/mzyx/Desktop/0921/js-interpreter-bench/experiments/sunspider_three_engine/MAIN_MONOTONIC_V1/attempt01/generated/access-fannkuch.N64.selected_correctness.js,92eeaff0db1ebf982bd10dffc352de20c2fd57b5d508521583436685427db379,0c485996a598b7e36f2f292b66397adc0390cbe6b69b55199e47e1c6c1e37010,0,True,,,,,22,0,,300,False,0,"TEB_RESULT:{""benchmark"":""SunSpider"",""case"":""access-fannkuch"",""mode"":""MAIN_MONOTONIC_V1"",""phase"":""correctness"",""N"":64,""checksum"":""22"",""correctness"":""PASS"",""timer"":""benchNow"",""start_ms"":null,""stop_ms"":null,""elapsed_ms"":null,""elapsed_per_call_ms"":null,""warmup_calls"":0}
",,745061743659,743478437246,1583306413,3e035c9e-fd4d-4283-a7ce-c1d3e4721a0a,True,PASS,
wsl2-ubuntu2404-x64-20261004,MAIN_MONOTONIC_V1,SunSpider,selected_correctness,access-fannkuch,access-fannkuch,access-fannkuch,quickjs,64,0,0,[],0,0,1,2026-10-04T16:47:22.859802+00:00,"[""/home/mzyx/three_engine_20261004/quickjs-04be246001599f5995fa2f2d8c91a0f198d3f34c/qjs"",""-I"",""/mnt/c/Users/mzyx/Desktop/0921/js-interpreter-bench/experiments/three_engine_baseline/adapters/quickjs.js"",""-I"",""/mnt/c/Users/mzyx/Desktop/0921/js-interpreter-bench/experiments/timer_recovery/adapters/quickjs.js"",""/mnt/c/Users/mzyx/Desktop/0921/js-interpreter-bench/experiments/sunspider_three_engine/MAIN_MONOTONIC_V1/attempt01/generated/access-fannkuch.N64.selected_correctness.js""]",[],140d5233b0337d91cb0f994ae4a051e49aa04da8802acfaedf0a01b81a620b79,/mnt/c/Users/mzyx/Desktop/0921/js-interpreter-bench/experiments/sunspider_three_engine/MAIN_MONOTONIC_V1/attempt01/generated/access-fannkuch.N64.selected_correctness.js,92eeaff0db1ebf982bd10dffc352de20c2fd57b5d508521583436685427db379,cd393c275173f20526562a008951f65a332deffed85e7c804519788b8ebffab7,0,True,,,,,22,0,,300,False,0,"TEB_RESULT:{""benchmark"":""SunSpider"",""case"":""access-fannkuch"",""mode"":""MAIN_MONOTONIC_V1"",""phase"":""correctness"",""N"":64,""checksum"":""22"",""correctness"":""PASS"",""timer"":""benchNow"",""start_ms"":null,""stop_ms"":null,""elapsed_ms"":null,""elapsed_per_call_ms"":null,""warmup_calls"":0}
",,741029943440,738706564880,2323378560,3e035c9e-fd4d-4283-a7ce-c1d3e4721a0a,True,PASS,
wsl2-ubuntu2404-x64-20261004,MAIN_MONOTONIC_V1,SunSpider,selected_correctness,access-fannkuch,access-fannkuch,access-fannkuch,v8,64,0,0,[],0,0,1,2026-10-04T16:47:25.255285+00:00,"[""/home/mzyx/three_engine_20261004/v8-linux64-rel-15.6.21/d8"",""--snapshot_blob=/home/mzyx/three_engine_20261004/v8-linux64-rel-15.6.21/snapshot_blob.bin"",""--max-opt=0"",""--no-lazy"",""/mnt/c/Users/mzyx/Desktop/0921/js-interpreter-bench/experiments/three_engine_baseline/adapters/v8.js"",""/mnt/c/Users/mzyx/Desktop/0921/js-interpreter-bench/experiments/timer_recovery/adapters/v8.js"",""/mnt/c/Users/mzyx/Desktop/0921/js-interpreter-bench/experiments/sunspider_three_engine/MAIN_MONOTONIC_V1/attempt01/generated/access-fannkuch.N64.selected_correctness.js""]","[""--max-opt=0"",""--no-lazy""]",83b744a5953d2662ea723564d4035a333782a0cc85232d1025929a925150b133,/mnt/c/Users/mzyx/Desktop/0921/js-interpreter-bench/experiments/sunspider_three_engine/MAIN_MONOTONIC_V1/attempt01/generated/access-fannkuch.N64.selected_correctness.js,92eeaff0db1ebf982bd10dffc352de20c2fd57b5d508521583436685427db379,e610d3aa3d2672a5e6d5eccd9aaf05c6ae6758d1b9c4468289f017a231ab7d9f,0,True,,,,,22,0,,300,False,0,"TEB_RESULT:{""benchmark"":""SunSpider"",""case"":""access-fannkuch"",""mode"":""MAIN_MONOTONIC_V1"",""phase"":""correctness"",""N"":64,""checksum"":""22"",""correctness"":""PASS"",""timer"":""benchNow"",""start_ms"":null,""stop_ms"":null,""elapsed_ms"":null,""elapsed_per_call_ms"":null,""warmup_calls"":0}
",,743409674287,741096324843,2313349444,3e035c9e-fd4d-4283-a7ce-c1d3e4721a0a,True,PASS,
wsl2-ubuntu2404-x64-20261004,MAIN_MONOTONIC_V1,SunSpider,selected_correctness,access-nbody,access-nbody,access-nbody,jsc,128,0,0,[],0,0,1,2026-10-04T16:47:34.269672+00:00,"[""/home/mzyx/jsc_build_fd3406f/JSCOnly/Release/bin/jsc"",""--useJIT=false"",""--useLLInt=true"",""--validateOptions=true"",""/mnt/c/Users/mzyx/Desktop/0921/js-interpreter-bench/experiments/three_engine_baseline/adapters/jsc.js"",""/mnt/c/Users/mzyx/Desktop/0921/js-interpreter-bench/experiments/timer_recovery/adapters/jsc.js"",""/mnt/c/Users/mzyx/Desktop/0921/js-interpreter-bench/experiments/sunspider_three_engine/MAIN_MONOTONIC_V1/attempt01/generated/access-nbody.N128.selected_correctness.js""]","[""--useJIT=false"",""--useLLInt=true"",""--validateOptions=true""]",65c824a055405bf62b05e21d54515a72a1f0187a4d91225d00a6da969d35879f,/mnt/c/Users/mzyx/Desktop/0921/js-interpreter-bench/experiments/sunspider_three_engine/MAIN_MONOTONIC_V1/attempt01/generated/access-nbody.N128.selected_correctness.js,e144fcca54f2776b72eec629ab5ec99c9c786d2c6eae2ae4796cc8619513733c,0c485996a598b7e36f2f292b66397adc0390cbe6b69b55199e47e1c6c1e37010,0,True,,,,,-1.3524862408537381,0,,300,False,0,"TEB_RESULT:{""benchmark"":""SunSpider"",""case"":""access-nbody"",""mode"":""MAIN_MONOTONIC_V1"",""phase"":""correctness"",""N"":128,""checksum"":""-1.3524862408537381"",""correctness"":""PASS"",""timer"":""benchNow"",""start_ms"":null,""stop_ms"":null,""elapsed_ms"":null,""elapsed_per_call_ms"":null,""warmup_calls"":0}
",,751654431796,750110535249,1543896547,3e035c9e-fd4d-4283-a7ce-c1d3e4721a0a,True,PASS,
wsl2-ubuntu2404-x64-20261004,MAIN_MONOTONIC_V1,SunSpider,selected_correctness,access-nbody,access-nbody,access-nbody,quickjs,128,0,0,[],0,0,1,2026-10-04T16:47:29.281217+00:00,"[""/home/mzyx/three_engine_20261004/quickjs-04be246001599f5995fa2f2d8c91a0f198d3f34c/qjs"",""-I"",""/mnt/c/Users/mzyx/Desktop/0921/js-interpreter-bench/experiments/three_engine_baseline/adapters/quickjs.js"",""-I"",""/mnt/c/Users/mzyx/Desktop/0921/js-interpreter-bench/experiments/timer_recovery/adapters/quickjs.js"",""/mnt/c/Users/mzyx/Desktop/0921/js-interpreter-bench/experiments/sunspider_three_engine/MAIN_MONOTONIC_V1/attempt01/generated/access-nbody.N128.selected_correctness.js""]",[],140d5233b0337d91cb0f994ae4a051e49aa04da8802acfaedf0a01b81a620b79,/mnt/c/Users/mzyx/Desktop/0921/js-interpreter-bench/experiments/sunspider_three_engine/MAIN_MONOTONIC_V1/attempt01/generated/access-nbody.N128.selected_correctness.js,e144fcca54f2776b72eec629ab5ec99c9c786d2c6eae2ae4796cc8619513733c,cd393c275173f20526562a008951f65a332deffed85e7c804519788b8ebffab7,0,True,,,,,-1.3524862408537381,0,,300,False,0,"TEB_RESULT:{""benchmark"":""SunSpider"",""case"":""access-nbody"",""mode"":""MAIN_MONOTONIC_V1"",""phase"":""correctness"",""N"":128,""checksum"":""-1.3524862408537381"",""correctness"":""PASS"",""timer"":""benchNow"",""start_ms"":null,""stop_ms"":null,""elapsed_ms"":null,""elapsed_per_call_ms"":null,""warmup_calls"":0}
",,747242620679,745129941802,2112678877,3e035c9e-fd4d-4283-a7ce-c1d3e4721a0a,True,PASS,
wsl2-ubuntu2404-x64-20261004,MAIN_MONOTONIC_V1,SunSpider,selected_correctness,access-nbody,access-nbody,access-nbody,v8,128,0,0,[],0,0,1,2026-10-04T16:47:31.462016+00:00,"[""/home/mzyx/three_engine_20261004/v8-linux64-rel-15.6.21/d8"",""--snapshot_blob=/home/mzyx/three_engine_20261004/v8-linux64-rel-15.6.21/snapshot_blob.bin"",""--max-opt=0"",""--no-lazy"",""/mnt/c/Users/mzyx/Desktop/0921/js-interpreter-bench/experiments/three_engine_baseline/adapters/v8.js"",""/mnt/c/Users/mzyx/Desktop/0921/js-interpreter-bench/experiments/timer_recovery/adapters/v8.js"",""/mnt/c/Users/mzyx/Desktop/0921/js-interpreter-bench/experiments/sunspider_three_engine/MAIN_MONOTONIC_V1/attempt01/generated/access-nbody.N128.selected_correctness.js""]","[""--max-opt=0"",""--no-lazy""]",83b744a5953d2662ea723564d4035a333782a0cc85232d1025929a925150b133,/mnt/c/Users/mzyx/Desktop/0921/js-interpreter-bench/experiments/sunspider_three_engine/MAIN_MONOTONIC_V1/attempt01/generated/access-nbody.N128.selected_correctness.js,e144fcca54f2776b72eec629ab5ec99c9c786d2c6eae2ae4796cc8619513733c,e610d3aa3d2672a5e6d5eccd9aaf05c6ae6758d1b9c4468289f017a231ab7d9f,0,True,,,,,-1.3524862408537381,0,,300,False,0,"TEB_RESULT:{""benchmark"":""SunSpider"",""case"":""access-nbody"",""mode"":""MAIN_MONOTONIC_V1"",""phase"":""correctness"",""N"":128,""checksum"":""-1.3524862408537381"",""correctness"":""PASS"",""timer"":""benchNow"",""start_ms"":null,""stop_ms"":null,""elapsed_ms"":null,""elapsed_per_call_ms"":null,""warmup_calls"":0}
",,750044546145,747301045537,2743500608,3e035c9e-fd4d-4283-a7ce-c1d3e4721a0a,True,PASS,
wsl2-ubuntu2404-x64-20261004,MAIN_MONOTONIC_V1,SunSpider,selected_correctness,access-nsieve,access-nsieve,access-nsieve,jsc,256,0,0,[],0,0,1,2026-10-04T16:47:43.828893+00:00,"[""/home/mzyx/jsc_build_fd3406f/JSCOnly/Release/bin/jsc"",""--useJIT=false"",""--useLLInt=true"",""--validateOptions=true"",""/mnt/c/Users/mzyx/Desktop/0921/js-interpreter-bench/experiments/three_engine_baseline/adapters/jsc.js"",""/mnt/c/Users/mzyx/Desktop/0921/js-interpreter-bench/experiments/timer_recovery/adapters/jsc.js"",""/mnt/c/Users/mzyx/Desktop/0921/js-interpreter-bench/experiments/sunspider_three_engine/MAIN_MONOTONIC_V1/attempt01/generated/access-nsieve.N256.selected_correctness.js""]","[""--useJIT=false"",""--useLLInt=true"",""--validateOptions=true""]",65c824a055405bf62b05e21d54515a72a1f0187a4d91225d00a6da969d35879f,/mnt/c/Users/mzyx/Desktop/0921/js-interpreter-bench/experiments/sunspider_three_engine/MAIN_MONOTONIC_V1/attempt01/generated/access-nsieve.N256.selected_correctness.js,5d70beaa987742f077e8145434978f66bf5004771ac47f21ba710367227c2683,0c485996a598b7e36f2f292b66397adc0390cbe6b69b55199e47e1c6c1e37010,0,True,,,,,14302,0,,300,False,0,"TEB_RESULT:{""benchmark"":""SunSpider"",""case"":""access-nsieve"",""mode"":""MAIN_MONOTONIC_V1"",""phase"":""correctness"",""N"":256,""checksum"":""14302"",""correctness"":""PASS"",""timer"":""benchNow"",""start_ms"":null,""stop_ms"":null,""elapsed_ms"":null,""elapsed_per_call_ms"":null,""warmup_calls"":0}
",,761314990773,759669455348,1645535425,3e035c9e-fd4d-4283-a7ce-c1d3e4721a0a,True,PASS,
wsl2-ubuntu2404-x64-20261004,MAIN_MONOTONIC_V1,SunSpider,selected_correctness,access-nsieve,access-nsieve,access-nsieve,quickjs,256,0,0,[],0,0,1,2026-10-04T16:47:35.873676+00:00,"[""/home/mzyx/three_engine_20261004/quickjs-04be246001599f5995fa2f2d8c91a0f198d3f34c/qjs"",""-I"",""/mnt/c/Users/mzyx/Desktop/0921/js-interpreter-bench/experiments/three_engine_baseline/adapters/quickjs.js"",""-I"",""/mnt/c/Users/mzyx/Desktop/0921/js-interpreter-bench/experiments/timer_recovery/adapters/quickjs.js"",""/mnt/c/Users/mzyx/Desktop/0921/js-interpreter-bench/experiments/sunspider_three_engine/MAIN_MONOTONIC_V1/attempt01/generated/access-nsieve.N256.selected_correctness.js""]",[],140d5233b0337d91cb0f994ae4a051e49aa04da8802acfaedf0a01b81a620b79,/mnt/c/Users/mzyx/Desktop/0921/js-interpreter-bench/experiments/sunspider_three_engine/MAIN_MONOTONIC_V1/attempt01/generated/access-nsieve.N256.selected_correctness.js,5d70beaa987742f077e8145434978f66bf5004771ac47f21ba710367227c2683,cd393c275173f20526562a008951f65a332deffed85e7c804519788b8ebffab7,0,True,,,,,14302,0,,300,False,0,"TEB_RESULT:{""benchmark"":""SunSpider"",""case"":""access-nsieve"",""mode"":""MAIN_MONOTONIC_V1"",""phase"":""correctness"",""N"":256,""checksum"":""14302"",""correctness"":""PASS"",""timer"":""benchNow"",""start_ms"":null,""stop_ms"":null,""elapsed_ms"":null,""elapsed_per_call_ms"":null,""warmup_calls"":0}
",,756779765447,751721307939,5058457508,3e035c9e-fd4d-4283-a7ce-c1d3e4721a0a,True,PASS,
wsl2-ubuntu2404-x64-20261004,MAIN_MONOTONIC_V1,SunSpider,selected_correctness,access-nsieve,access-nsieve,access-nsieve,v8,256,0,0,[],0,0,1,2026-10-04T16:47:41.003756+00:00,"[""/home/mzyx/three_engine_20261004/v8-linux64-rel-15.6.21/d8"",""--snapshot_blob=/home/mzyx/three_engine_20261004/v8-linux64-rel-15.6.21/snapshot_blob.bin"",""--max-opt=0"",""--no-lazy"",""/mnt/c/Users/mzyx/Desktop/0921/js-interpreter-bench/experiments/three_engine_baseline/adapters/v8.js"",""/mnt/c/Users/mzyx/Desktop/0921/js-interpreter-bench/experiments/timer_recovery/adapters/v8.js"",""/mnt/c/Users/mzyx/Desktop/0921/js-interpreter-bench/experiments/sunspider_three_engine/MAIN_MONOTONIC_V1/attempt01/generated/access-nsieve.N256.selected_correctness.js""]","[""--max-opt=0"",""--no-lazy""]",83b744a5953d2662ea723564d4035a333782a0cc85232d1025929a925150b133,/mnt/c/Users/mzyx/Desktop/0921/js-interpreter-bench/experiments/sunspider_three_engine/MAIN_MONOTONIC_V1/attempt01/generated/access-nsieve.N256.selected_correctness.js,5d70beaa987742f077e8145434978f66bf5004771ac47f21ba710367227c2683,e610d3aa3d2672a5e6d5eccd9aaf05c6ae6758d1b9c4468289f017a231ab7d9f,0,True,,,,,14302,0,,300,False,0,"TEB_RESULT:{""benchmark"":""SunSpider"",""case"":""access-nsieve"",""mode"":""MAIN_MONOTONIC_V1"",""phase"":""correctness"",""N"":256,""checksum"":""14302"",""correctness"":""PASS"",""timer"":""benchNow"",""start_ms"":null,""stop_ms"":null,""elapsed_ms"":null,""elapsed_per_call_ms"":null,""warmup_calls"":0}
",,759601651516,756844878256,2756773260,3e035c9e-fd4d-4283-a7ce-c1d3e4721a0a,True,PASS,
wsl2-ubuntu2404-x64-20261004,MAIN_MONOTONIC_V1,SunSpider,selected_correctness,bitops-3bit-bits-in-byte,bitops-3bit-bits-in-byte,bitops-3bit-bits-in-byte,jsc,256,0,0,[],0,0,1,2026-10-04T16:47:50.028059+00:00,"[""/home/mzyx/jsc_build_fd3406f/JSCOnly/Release/bin/jsc"",""--useJIT=false"",""--useLLInt=true"",""--validateOptions=true"",""/mnt/c/Users/mzyx/Desktop/0921/js-interpreter-bench/experiments/three_engine_baseline/adapters/jsc.js"",""/mnt/c/Users/mzyx/Desktop/0921/js-interpreter-bench/experiments/timer_recovery/adapters/jsc.js"",""/mnt/c/Users/mzyx/Desktop/0921/js-interpreter-bench/experiments/sunspider_three_engine/MAIN_MONOTONIC_V1/attempt01/generated/bitops-3bit-bits-in-byte.N256.selected_correctness.js""]","[""--useJIT=false"",""--useLLInt=true"",""--validateOptions=true""]",65c824a055405bf62b05e21d54515a72a1f0187a4d91225d00a6da969d35879f,/mnt/c/Users/mzyx/Desktop/0921/js-interpreter-bench/experiments/sunspider_three_engine/MAIN_MONOTONIC_V1/attempt01/generated/bitops-3bit-bits-in-byte.N256.selected_correctness.js,f195da016ef2b13ebb8174d9f6b4d1e4f3610b858ca6d4413ca4666a54310ffd,0c485996a598b7e36f2f292b66397adc0390cbe6b69b55199e47e1c6c1e37010,0,True,,,,,512000,0,,300,False,0,"TEB_RESULT:{""benchmark"":""SunSpider"",""case"":""bitops-3bit-bits-in-byte"",""mode"":""MAIN_MONOTONIC_V1"",""phase"":""correctness"",""N"":256,""checksum"":""512000"",""correctness"":""PASS"",""timer"":""benchNow"",""start_ms"":null,""stop_ms"":null,""elapsed_ms"":null,""elapsed_per_call_ms"":null,""warmup_calls"":0}
",,767488563357,765868213200,1620350157,3e035c9e-fd4d-4283-a7ce-c1d3e4721a0a,True,PASS,
wsl2-ubuntu2404-x64-20261004,MAIN_MONOTONIC_V1,SunSpider,selected_correctness,bitops-3bit-bits-in-byte,bitops-3bit-bits-in-byte,bitops-3bit-bits-in-byte,quickjs,256,0,0,[],0,0,1,2026-10-04T16:47:45.537185+00:00,"[""/home/mzyx/three_engine_20261004/quickjs-04be246001599f5995fa2f2d8c91a0f198d3f34c/qjs"",""-I"",""/mnt/c/Users/mzyx/Desktop/0921/js-interpreter-bench/experiments/three_engine_baseline/adapters/quickjs.js"",""-I"",""/mnt/c/Users/mzyx/Desktop/0921/js-interpreter-bench/experiments/timer_recovery/adapters/quickjs.js"",""/mnt/c/Users/mzyx/Desktop/0921/js-interpreter-bench/experiments/sunspider_three_engine/MAIN_MONOTONIC_V1/attempt01/generated/bitops-3bit-bits-in-byte.N256.selected_correctness.js""]",[],140d5233b0337d91cb0f994ae4a051e49aa04da8802acfaedf0a01b81a620b79,/mnt/c/Users/mzyx/Desktop/0921/js-interpreter-bench/experiments/sunspider_three_engine/MAIN_MONOTONIC_V1/attempt01/generated/bitops-3bit-bits-in-byte.N256.selected_correctness.js,f195da016ef2b13ebb8174d9f6b4d1e4f3610b858ca6d4413ca4666a54310ffd,cd393c275173f20526562a008951f65a332deffed85e7c804519788b8ebffab7,0,True,,,,,512000,0,,300,False,0,"TEB_RESULT:{""benchmark"":""SunSpider"",""case"":""bitops-3bit-bits-in-byte"",""mode"":""MAIN_MONOTONIC_V1"",""phase"":""correctness"",""N"":256,""checksum"":""512000"",""correctness"":""PASS"",""timer"":""benchNow"",""start_ms"":null,""stop_ms"":null,""elapsed_ms"":null,""elapsed_per_call_ms"":null,""warmup_calls"":0}
",,763874296900,761382178782,2492118118,3e035c9e-fd4d-4283-a7ce-c1d3e4721a0a,True,PASS,
wsl2-ubuntu2404-x64-20261004,MAIN_MONOTONIC_V1,SunSpider,selected_correctness,bitops-3bit-bits-in-byte,bitops-3bit-bits-in-byte,bitops-3bit-bits-in-byte,v8,256,0,0,[],0,0,1,2026-10-04T16:47:48.100526+00:00,"[""/home/mzyx/three_engine_20261004/v8-linux64-rel-15.6.21/d8"",""--snapshot_blob=/home/mzyx/three_engine_20261004/v8-linux64-rel-15.6.21/snapshot_blob.bin"",""--max-opt=0"",""--no-lazy"",""/mnt/c/Users/mzyx/Desktop/0921/js-interpreter-bench/experiments/three_engine_baseline/adapters/v8.js"",""/mnt/c/Users/mzyx/Desktop/0921/js-interpreter-bench/experiments/timer_recovery/adapters/v8.js"",""/mnt/c/Users/mzyx/Desktop/0921/js-interpreter-bench/experiments/sunspider_three_engine/MAIN_MONOTONIC_V1/attempt01/generated/bitops-3bit-bits-in-byte.N256.selected_correctness.js""]","[""--max-opt=0"",""--no-lazy""]",83b744a5953d2662ea723564d4035a333782a0cc85232d1025929a925150b133,/mnt/c/Users/mzyx/Desktop/0921/js-interpreter-bench/experiments/sunspider_three_engine/MAIN_MONOTONIC_V1/attempt01/generated/bitops-3bit-bits-in-byte.N256.selected_correctness.js,f195da016ef2b13ebb8174d9f6b4d1e4f3610b858ca6d4413ca4666a54310ffd,e610d3aa3d2672a5e6d5eccd9aaf05c6ae6758d1b9c4468289f017a231ab7d9f,0,True,,,,,512000,0,,300,False,0,"TEB_RESULT:{""benchmark"":""SunSpider"",""case"":""bitops-3bit-bits-in-byte"",""mode"":""MAIN_MONOTONIC_V1"",""phase"":""correctness"",""N"":256,""checksum"":""512000"",""correctness"":""PASS"",""timer"":""benchNow"",""start_ms"":null,""stop_ms"":null,""elapsed_ms"":null,""elapsed_per_call_ms"":null,""warmup_calls"":0}
",,765804280823,763940027344,1864253479,3e035c9e-fd4d-4283-a7ce-c1d3e4721a0a,True,PASS,
wsl2-ubuntu2404-x64-20261004,MAIN_MONOTONIC_V1,SunSpider,selected_correctness,bitops-bits-in-byte,bitops-bits-in-byte,bitops-bits-in-byte,jsc,128,0,0,[],0,0,1,2026-10-04T16:47:55.026405+00:00,"[""/home/mzyx/jsc_build_fd3406f/JSCOnly/Release/bin/jsc"",""--useJIT=false"",""--useLLInt=true"",""--validateOptions=true"",""/mnt/c/Users/mzyx/Desktop/0921/js-interpreter-bench/experiments/three_engine_baseline/adapters/jsc.js"",""/mnt/c/Users/mzyx/Desktop/0921/js-interpreter-bench/experiments/timer_recovery/adapters/jsc.js"",""/mnt/c/Users/mzyx/Desktop/0921/js-interpreter-bench/experiments/sunspider_three_engine/MAIN_MONOTONIC_V1/attempt01/generated/bitops-bits-in-byte.N128.selected_correctness.js""]","[""--useJIT=false"",""--useLLInt=true"",""--validateOptions=true""]",65c824a055405bf62b05e21d54515a72a1f0187a4d91225d00a6da969d35879f,/mnt/c/Users/mzyx/Desktop/0921/js-interpreter-bench/experiments/sunspider_three_engine/MAIN_MONOTONIC_V1/attempt01/generated/bitops-bits-in-byte.N128.selected_correctness.js,325f04ae9259cf9d6e4031629e72adac8f4036281f22bade348468f627310891,0c485996a598b7e36f2f292b66397adc0390cbe6b69b55199e47e1c6c1e37010,0,True,,,,,358400,0,,300,False,0,"TEB_RESULT:{""benchmark"":""SunSpider"",""case"":""bitops-bits-in-byte"",""mode"":""MAIN_MONOTONIC_V1"",""phase"":""correctness"",""N"":128,""checksum"":""358400"",""correctness"":""PASS"",""timer"":""benchNow"",""start_ms"":null,""stop_ms"":null,""elapsed_ms"":null,""elapsed_per_call_ms"":null,""warmup_calls"":0}
",,774937916405,772976792267,1961124138,3e035c9e-fd4d-4283-a7ce-c1d3e4721a0a,True,PASS,
wsl2-ubuntu2404-x64-20261004,MAIN_MONOTONIC_V1,SunSpider,selected_correctness,bitops-bits-in-byte,bitops-bits-in-byte,bitops-bits-in-byte,quickjs,128,0,0,[],0,0,1,2026-10-04T16:47:51.711470+00:00,"[""/home/mzyx/three_engine_20261004/quickjs-04be246001599f5995fa2f2d8c91a0f198d3f34c/qjs"",""-I"",""/mnt/c/Users/mzyx/Desktop/0921/js-interpreter-bench/experiments/three_engine_baseline/adapters/quickjs.js"",""-I"",""/mnt/c/Users/mzyx/Desktop/0921/js-interpreter-bench/experiments/timer_recovery/adapters/quickjs.js"",""/mnt/c/Users/mzyx/Desktop/0921/js-interpreter-bench/experiments/sunspider_three_engine/MAIN_MONOTONIC_V1/attempt01/generated/bitops-bits-in-byte.N128.selected_correctness.js""]",[],140d5233b0337d91cb0f994ae4a051e49aa04da8802acfaedf0a01b81a620b79,/mnt/c/Users/mzyx/Desktop/0921/js-interpreter-bench/experiments/sunspider_three_engine/MAIN_MONOTONIC_V1/attempt01/generated/bitops-bits-in-byte.N128.selected_correctness.js,325f04ae9259cf9d6e4031629e72adac8f4036281f22bade348468f627310891,cd393c275173f20526562a008951f65a332deffed85e7c804519788b8ebffab7,0,True,,,,,358400,0,,300,False,0,"TEB_RESULT:{""benchmark"":""SunSpider"",""case"":""bitops-bits-in-byte"",""mode"":""MAIN_MONOTONIC_V1"",""phase"":""correctness"",""N"":128,""checksum"":""358400"",""correctness"":""PASS"",""timer"":""benchNow"",""start_ms"":null,""stop_ms"":null,""elapsed_ms"":null,""elapsed_per_call_ms"":null,""warmup_calls"":0}
",,770207483960,767555822665,2651661295,3e035c9e-fd4d-4283-a7ce-c1d3e4721a0a,True,PASS,
wsl2-ubuntu2404-x64-20261004,MAIN_MONOTONIC_V1,SunSpider,selected_correctness,bitops-bits-in-byte,bitops-bits-in-byte,bitops-bits-in-byte,v8,128,0,0,[],0,0,1,2026-10-04T16:47:52.321407+00:00,"[""/home/mzyx/three_engine_20261004/v8-linux64-rel-15.6.21/d8"",""--snapshot_blob=/home/mzyx/three_engine_20261004/v8-linux64-rel-15.6.21/snapshot_blob.bin"",""--max-opt=0"",""--no-lazy"",""/mnt/c/Users/mzyx/Desktop/0921/js-interpreter-bench/experiments/three_engine_baseline/adapters/v8.js"",""/mnt/c/Users/mzyx/Desktop/0921/js-interpreter-bench/experiments/timer_recovery/adapters/v8.js"",""/mnt/c/Users/mzyx/Desktop/0921/js-interpreter-bench/experiments/sunspider_three_engine/MAIN_MONOTONIC_V1/attempt01/generated/bitops-bits-in-byte.N128.selected_correctness.js""]","[""--max-opt=0"",""--no-lazy""]",83b744a5953d2662ea723564d4035a333782a0cc85232d1025929a925150b133,/mnt/c/Users/mzyx/Desktop/0921/js-interpreter-bench/experiments/sunspider_three_engine/MAIN_MONOTONIC_V1/attempt01/generated/bitops-bits-in-byte.N128.selected_correctness.js,325f04ae9259cf9d6e4031629e72adac8f4036281f22bade348468f627310891,e610d3aa3d2672a5e6d5eccd9aaf05c6ae6758d1b9c4468289f017a231ab7d9f,0,True,,,,,358400,0,,300,False,0,"TEB_RESULT:{""benchmark"":""SunSpider"",""case"":""bitops-bits-in-byte"",""mode"":""MAIN_MONOTONIC_V1"",""phase"":""correctness"",""N"":128,""checksum"":""358400"",""correctness"":""PASS"",""timer"":""benchNow"",""start_ms"":null,""stop_ms"":null,""elapsed_ms"":null,""elapsed_per_call_ms"":null,""warmup_calls"":0}
",,772911035417,770271310238,2639725179,3e035c9e-fd4d-4283-a7ce-c1d3e4721a0a,True,PASS,
wsl2-ubuntu2404-x64-20261004,MAIN_MONOTONIC_V1,SunSpider,selected_correctness,bitops-bitwise-and,bitops-bitwise-and,bitops-bitwise-and,jsc,256,0,0,[],0,0,1,2026-10-04T16:48:01.634995+00:00,"[""/home/mzyx/jsc_build_fd3406f/JSCOnly/Release/bin/jsc"",""--useJIT=false"",""--useLLInt=true"",""--validateOptions=true"",""/mnt/c/Users/mzyx/Desktop/0921/js-interpreter-bench/experiments/three_engine_baseline/adapters/jsc.js"",""/mnt/c/Users/mzyx/Desktop/0921/js-interpreter-bench/experiments/timer_recovery/adapters/jsc.js"",""/mnt/c/Users/mzyx/Desktop/0921/js-interpreter-bench/experiments/sunspider_three_engine/MAIN_MONOTONIC_V1/attempt01/generated/bitops-bitwise-and.N256.selected_correctness.js""]","[""--useJIT=false"",""--useLLInt=true"",""--validateOptions=true""]",65c824a055405bf62b05e21d54515a72a1f0187a4d91225d00a6da969d35879f,/mnt/c/Users/mzyx/Desktop/0921/js-interpreter-bench/experiments/sunspider_three_engine/MAIN_MONOTONIC_V1/attempt01/generated/bitops-bitwise-and.N256.selected_correctness.js,467508dcb1153863ad8481938d42e85c160aa6fe1b6ab73608a1bc5bbc730b88,0c485996a598b7e36f2f292b66397adc0390cbe6b69b55199e47e1c6c1e37010,0,True,,,,,0,0,,300,False,0,"TEB_RESULT:{""benchmark"":""SunSpider"",""case"":""bitops-bitwise-and"",""mode"":""MAIN_MONOTONIC_V1"",""phase"":""correctness"",""N"":256,""checksum"":""0"",""correctness"":""PASS"",""timer"":""benchNow"",""start_ms"":null,""stop_ms"":null,""elapsed_ms"":null,""elapsed_per_call_ms"":null,""warmup_calls"":0}
",,781759617160,779584341671,2175275489,3e035c9e-fd4d-4283-a7ce-c1d3e4721a0a,True,PASS,
wsl2-ubuntu2404-x64-20261004,MAIN_MONOTONIC_V1,SunSpider,selected_correctness,bitops-bitwise-and,bitops-bitwise-and,bitops-bitwise-and,quickjs,256,0,0,[],0,0,1,2026-10-04T16:47:57.047588+00:00,"[""/home/mzyx/three_engine_20261004/quickjs-04be246001599f5995fa2f2d8c91a0f198d3f34c/qjs"",""-I"",""/mnt/c/Users/mzyx/Desktop/0921/js-interpreter-bench/experiments/three_engine_baseline/adapters/quickjs.js"",""-I"",""/mnt/c/Users/mzyx/Desktop/0921/js-interpreter-bench/experiments/timer_recovery/adapters/quickjs.js"",""/mnt/c/Users/mzyx/Desktop/0921/js-interpreter-bench/experiments/sunspider_three_engine/MAIN_MONOTONIC_V1/attempt01/generated/bitops-bitwise-and.N256.selected_correctness.js""]",[],140d5233b0337d91cb0f994ae4a051e49aa04da8802acfaedf0a01b81a620b79,/mnt/c/Users/mzyx/Desktop/0921/js-interpreter-bench/experiments/sunspider_three_engine/MAIN_MONOTONIC_V1/attempt01/generated/bitops-bitwise-and.N256.selected_correctness.js,467508dcb1153863ad8481938d42e85c160aa6fe1b6ab73608a1bc5bbc730b88,cd393c275173f20526562a008951f65a332deffed85e7c804519788b8ebffab7,0,True,,,,,0,0,,300,False,0,"TEB_RESULT:{""benchmark"":""SunSpider"",""case"":""bitops-bitwise-and"",""mode"":""MAIN_MONOTONIC_V1"",""phase"":""correctness"",""N"":256,""checksum"":""0"",""correctness"":""PASS"",""timer"":""benchNow"",""start_ms"":null,""stop_ms"":null,""elapsed_ms"":null,""elapsed_per_call_ms"":null,""warmup_calls"":0}
",,776940384206,775001008642,1939375564,3e035c9e-fd4d-4283-a7ce-c1d3e4721a0a,True,PASS,
wsl2-ubuntu2404-x64-20261004,MAIN_MONOTONIC_V1,SunSpider,selected_correctness,bitops-bitwise-and,bitops-bitwise-and,bitops-bitwise-and,v8,256,0,0,[],0,0,1,2026-10-04T16:47:59.051881+00:00,"[""/home/mzyx/three_engine_20261004/v8-linux64-rel-15.6.21/d8"",""--snapshot_blob=/home/mzyx/three_engine_20261004/v8-linux64-rel-15.6.21/snapshot_blob.bin"",""--max-opt=0"",""--no-lazy"",""/mnt/c/Users/mzyx/Desktop/0921/js-interpreter-bench/experiments/three_engine_baseline/adapters/v8.js"",""/mnt/c/Users/mzyx/Desktop/0921/js-interpreter-bench/experiments/timer_recovery/adapters/v8.js"",""/mnt/c/Users/mzyx/Desktop/0921/js-interpreter-bench/experiments/sunspider_three_engine/MAIN_MONOTONIC_V1/attempt01/generated/bitops-bitwise-and.N256.selected_correctness.js""]","[""--max-opt=0"",""--no-lazy""]",83b744a5953d2662ea723564d4035a333782a0cc85232d1025929a925150b133,/mnt/c/Users/mzyx/Desktop/0921/js-interpreter-bench/experiments/sunspider_three_engine/MAIN_MONOTONIC_V1/attempt01/generated/bitops-bitwise-and.N256.selected_correctness.js,467508dcb1153863ad8481938d42e85c160aa6fe1b6ab73608a1bc5bbc730b88,e610d3aa3d2672a5e6d5eccd9aaf05c6ae6758d1b9c4468289f017a231ab7d9f,0,True,,,,,0,0,,300,False,0,"TEB_RESULT:{""benchmark"":""SunSpider"",""case"":""bitops-bitwise-and"",""mode"":""MAIN_MONOTONIC_V1"",""phase"":""correctness"",""N"":256,""checksum"":""0"",""correctness"":""PASS"",""timer"":""benchNow"",""start_ms"":null,""stop_ms"":null,""elapsed_ms"":null,""elapsed_per_call_ms"":null,""warmup_calls"":0}
",,779518611097,777001133521,2517477576,3e035c9e-fd4d-4283-a7ce-c1d3e4721a0a,True,PASS,
wsl2-ubuntu2404-x64-20261004,MAIN_MONOTONIC_V1,SunSpider,selected_correctness,bitops-nsieve-bits,bitops-nsieve-bits,bitops-nsieve-bits,jsc,128,0,0,[],0,0,1,2026-10-04T16:48:08.963692+00:00,"[""/home/mzyx/jsc_build_fd3406f/JSCOnly/Release/bin/jsc"",""--useJIT=false"",""--useLLInt=true"",""--validateOptions=true"",""/mnt/c/Users/mzyx/Desktop/0921/js-interpreter-bench/experiments/three_engine_baseline/adapters/jsc.js"",""/mnt/c/Users/mzyx/Desktop/0921/js-interpreter-bench/experiments/timer_recovery/adapters/jsc.js"",""/mnt/c/Users/mzyx/Desktop/0921/js-interpreter-bench/experiments/sunspider_three_engine/MAIN_MONOTONIC_V1/attempt01/generated/bitops-nsieve-bits.N128.selected_correctness.js""]","[""--useJIT=false"",""--useLLInt=true"",""--validateOptions=true""]",65c824a055405bf62b05e21d54515a72a1f0187a4d91225d00a6da969d35879f,/mnt/c/Users/mzyx/Desktop/0921/js-interpreter-bench/experiments/sunspider_three_engine/MAIN_MONOTONIC_V1/attempt01/generated/bitops-nsieve-bits.N128.selected_correctness.js,4dc72fa54acc169f27494a688e251bfb76ed976127570f232a6e4672a74a4011,0c485996a598b7e36f2f292b66397adc0390cbe6b69b55199e47e1c6c1e37010,0,True,,,,,-1286749544853,0,,300,False,0,"TEB_RESULT:{""benchmark"":""SunSpider"",""case"":""bitops-nsieve-bits"",""mode"":""MAIN_MONOTONIC_V1"",""phase"":""correctness"",""N"":128,""checksum"":""-1286749544853"",""correctness"":""PASS"",""timer"":""benchNow"",""start_ms"":null,""stop_ms"":null,""elapsed_ms"":null,""elapsed_per_call_ms"":null,""warmup_calls"":0}
",,789727634431,786916151684,2811482747,3e035c9e-fd4d-4283-a7ce-c1d3e4721a0a,True,PASS,
wsl2-ubuntu2404-x64-20261004,MAIN_MONOTONIC_V1,SunSpider,selected_correctness,bitops-nsieve-bits,bitops-nsieve-bits,bitops-nsieve-bits,quickjs,128,0,0,[],0,0,1,2026-10-04T16:48:03.867477+00:00,"[""/home/mzyx/three_engine_20261004/quickjs-04be246001599f5995fa2f2d8c91a0f198d3f34c/qjs"",""-I"",""/mnt/c/Users/mzyx/Desktop/0921/js-interpreter-bench/experiments/three_engine_baseline/adapters/quickjs.js"",""-I"",""/mnt/c/Users/mzyx/Desktop/0921/js-interpreter-bench/experiments/timer_recovery/adapters/quickjs.js"",""/mnt/c/Users/mzyx/Desktop/0921/js-interpreter-bench/experiments/sunspider_three_engine/MAIN_MONOTONIC_V1/attempt01/generated/bitops-nsieve-bits.N128.selected_correctness.js""]",[],140d5233b0337d91cb0f994ae4a051e49aa04da8802acfaedf0a01b81a620b79,/mnt/c/Users/mzyx/Desktop/0921/js-interpreter-bench/experiments/sunspider_three_engine/MAIN_MONOTONIC_V1/attempt01/generated/bitops-nsieve-bits.N128.selected_correctness.js,4dc72fa54acc169f27494a688e251bfb76ed976127570f232a6e4672a74a4011,cd393c275173f20526562a008951f65a332deffed85e7c804519788b8ebffab7,0,True,,,,,-1286749544853,0,,300,False,0,"TEB_RESULT:{""benchmark"":""SunSpider"",""case"":""bitops-nsieve-bits"",""mode"":""MAIN_MONOTONIC_V1"",""phase"":""correctness"",""N"":128,""checksum"":""-1286749544853"",""correctness"":""PASS"",""timer"":""benchNow"",""start_ms"":null,""stop_ms"":null,""elapsed_ms"":null,""elapsed_per_call_ms"":null,""warmup_calls"":0}
",,783648143546,781822038264,1826105282,3e035c9e-fd4d-4283-a7ce-c1d3e4721a0a,True,PASS,
wsl2-ubuntu2404-x64-20261004,MAIN_MONOTONIC_V1,SunSpider,selected_correctness,bitops-nsieve-bits,bitops-nsieve-bits,bitops-nsieve-bits,v8,128,0,0,[],0,0,1,2026-10-04T16:48:05.769863+00:00,"[""/home/mzyx/three_engine_20261004/v8-linux64-rel-15.6.21/d8"",""--snapshot_blob=/home/mzyx/three_engine_20261004/v8-linux64-rel-15.6.21/snapshot_blob.bin"",""--max-opt=0"",""--no-lazy"",""/mnt/c/Users/mzyx/Desktop/0921/js-interpreter-bench/experiments/three_engine_baseline/adapters/v8.js"",""/mnt/c/Users/mzyx/Desktop/0921/js-interpreter-bench/experiments/timer_recovery/adapters/v8.js"",""/mnt/c/Users/mzyx/Desktop/0921/js-interpreter-bench/experiments/sunspider_three_engine/MAIN_MONOTONIC_V1/attempt01/generated/bitops-nsieve-bits.N128.selected_correctness.js""]","[""--max-opt=0"",""--no-lazy""]",83b744a5953d2662ea723564d4035a333782a0cc85232d1025929a925150b133,/mnt/c/Users/mzyx/Desktop/0921/js-interpreter-bench/experiments/sunspider_three_engine/MAIN_MONOTONIC_V1/attempt01/generated/bitops-nsieve-bits.N128.selected_correctness.js,4dc72fa54acc169f27494a688e251bfb76ed976127570f232a6e4672a74a4011,e610d3aa3d2672a5e6d5eccd9aaf05c6ae6758d1b9c4468289f017a231ab7d9f,0,True,,,,,-1286749544853,0,,300,False,0,"TEB_RESULT:{""benchmark"":""SunSpider"",""case"":""bitops-nsieve-bits"",""mode"":""MAIN_MONOTONIC_V1"",""phase"":""correctness"",""N"":128,""checksum"":""-1286749544853"",""correctness"":""PASS"",""timer"":""benchNow"",""start_ms"":null,""stop_ms"":null,""elapsed_ms"":null,""elapsed_per_call_ms"":null,""warmup_calls"":0}
",,786846622934,783720086867,3126536067,3e035c9e-fd4d-4283-a7ce-c1d3e4721a0a,True,PASS,
wsl2-ubuntu2404-x64-20261004,MAIN_MONOTONIC_V1,SunSpider,selected_correctness,controlflow-recursive,controlflow-recursive,controlflow-recursive,jsc,256,0,0,[],0,0,1,2026-10-04T16:48:15.565621+00:00,"[""/home/mzyx/jsc_build_fd3406f/JSCOnly/Release/bin/jsc"",""--useJIT=false"",""--useLLInt=true"",""--validateOptions=true"",""/mnt/c/Users/mzyx/Desktop/0921/js-interpreter-bench/experiments/three_engine_baseline/adapters/jsc.js"",""/mnt/c/Users/mzyx/Desktop/0921/js-interpreter-bench/experiments/timer_recovery/adapters/jsc.js"",""/mnt/c/Users/mzyx/Desktop/0921/js-interpreter-bench/experiments/sunspider_three_engine/MAIN_MONOTONIC_V1/attempt01/generated/controlflow-recursive.N256.selected_correctness.js""]","[""--useJIT=false"",""--useLLInt=true"",""--validateOptions=true""]",65c824a055405bf62b05e21d54515a72a1f0187a4d91225d00a6da969d35879f,/mnt/c/Users/mzyx/Desktop/0921/js-interpreter-bench/experiments/sunspider_three_engine/MAIN_MONOTONIC_V1/attempt01/generated/controlflow-recursive.N256.selected_correctness.js,4891a4d1e96c68cbdaf1e9126bf304a343a5f8c5bffb206acaa3a54b4630becb,0c485996a598b7e36f2f292b66397adc0390cbe6b69b55199e47e1c6c1e37010,0,True,,,,,57775,0,,300,False,0,"TEB_RESULT:{""benchmark"":""SunSpider"",""case"":""controlflow-recursive"",""mode"":""MAIN_MONOTONIC_V1"",""phase"":""correctness"",""N"":256,""checksum"":""57775"",""correctness"":""PASS"",""timer"":""benchNow"",""start_ms"":null,""stop_ms"":null,""elapsed_ms"":null,""elapsed_per_call_ms"":null,""warmup_calls"":0}
",,795215406160,793515642599,1699763561,3e035c9e-fd4d-4283-a7ce-c1d3e4721a0a,True,PASS,
wsl2-ubuntu2404-x64-20261004,MAIN_MONOTONIC_V1,SunSpider,selected_correctness,controlflow-recursive,controlflow-recursive,controlflow-recursive,quickjs,256,0,0,[],0,0,1,2026-10-04T16:48:11.832515+00:00,"[""/home/mzyx/three_engine_20261004/quickjs-04be246001599f5995fa2f2d8c91a0f198d3f34c/qjs"",""-I"",""/mnt/c/Users/mzyx/Desktop/0921/js-interpreter-bench/experiments/three_engine_baseline/adapters/quickjs.js"",""-I"",""/mnt/c/Users/mzyx/Desktop/0921/js-interpreter-bench/experiments/timer_recovery/adapters/quickjs.js"",""/mnt/c/Users/mzyx/Desktop/0921/js-interpreter-bench/experiments/sunspider_three_engine/MAIN_MONOTONIC_V1/attempt01/generated/controlflow-recursive.N256.selected_correctness.js""]",[],140d5233b0337d91cb0f994ae4a051e49aa04da8802acfaedf0a01b81a620b79,/mnt/c/Users/mzyx/Desktop/0921/js-interpreter-bench/experiments/sunspider_three_engine/MAIN_MONOTONIC_V1/attempt01/generated/controlflow-recursive.N256.selected_correctness.js,4891a4d1e96c68cbdaf1e9126bf304a343a5f8c5bffb206acaa3a54b4630becb,cd393c275173f20526562a008951f65a332deffed85e7c804519788b8ebffab7,0,True,,,,,57775,0,,300,False,0,"TEB_RESULT:{""benchmark"":""SunSpider"",""case"":""controlflow-recursive"",""mode"":""MAIN_MONOTONIC_V1"",""phase"":""correctness"",""N"":256,""checksum"":""57775"",""correctness"":""PASS"",""timer"":""benchNow"",""start_ms"":null,""stop_ms"":null,""elapsed_ms"":null,""elapsed_per_call_ms"":null,""warmup_calls"":0}
",,791587055741,789786388168,1800667573,3e035c9e-fd4d-4283-a7ce-c1d3e4721a0a,True,PASS,
wsl2-ubuntu2404-x64-20261004,MAIN_MONOTONIC_V1,SunSpider,selected_correctness,controlflow-recursive,controlflow-recursive,controlflow-recursive,v8,256,0,0,[],0,0,1,2026-10-04T16:48:13.698656+00:00,"[""/home/mzyx/three_engine_20261004/v8-linux64-rel-15.6.21/d8"",""--snapshot_blob=/home/mzyx/three_engine_20261004/v8-linux64-rel-15.6.21/snapshot_blob.bin"",""--max-opt=0"",""--no-lazy"",""/mnt/c/Users/mzyx/Desktop/0921/js-interpreter-bench/experiments/three_engine_baseline/adapters/v8.js"",""/mnt/c/Users/mzyx/Desktop/0921/js-interpreter-bench/experiments/timer_recovery/adapters/v8.js"",""/mnt/c/Users/mzyx/Desktop/0921/js-interpreter-bench/experiments/sunspider_three_engine/MAIN_MONOTONIC_V1/attempt01/generated/controlflow-recursive.N256.selected_correctness.js""]","[""--max-opt=0"",""--no-lazy""]",83b744a5953d2662ea723564d4035a333782a0cc85232d1025929a925150b133,/mnt/c/Users/mzyx/Desktop/0921/js-interpreter-bench/experiments/sunspider_three_engine/MAIN_MONOTONIC_V1/attempt01/generated/controlflow-recursive.N256.selected_correctness.js,4891a4d1e96c68cbdaf1e9126bf304a343a5f8c5bffb206acaa3a54b4630becb,e610d3aa3d2672a5e6d5eccd9aaf05c6ae6758d1b9c4468289f017a231ab7d9f,0,True,,,,,57775,0,,300,False,0,"TEB_RESULT:{""benchmark"":""SunSpider"",""case"":""controlflow-recursive"",""mode"":""MAIN_MONOTONIC_V1"",""phase"":""correctness"",""N"":256,""checksum"":""57775"",""correctness"":""PASS"",""timer"":""benchNow"",""start_ms"":null,""stop_ms"":null,""elapsed_ms"":null,""elapsed_per_call_ms"":null,""warmup_calls"":0}
",,793443907990,791648196089,1795711901,3e035c9e-fd4d-4283-a7ce-c1d3e4721a0a,True,PASS,
wsl2-ubuntu2404-x64-20261004,MAIN_MONOTONIC_V1,SunSpider,selected_correctness,crypto-aes,crypto-aes,crypto-aes,jsc,128,0,0,[],0,0,1,2026-10-04T16:48:21.364211+00:00,"[""/home/mzyx/jsc_build_fd3406f/JSCOnly/Release/bin/jsc"",""--useJIT=false"",""--useLLInt=true"",""--validateOptions=true"",""/mnt/c/Users/mzyx/Desktop/0921/js-interpreter-bench/experiments/three_engine_baseline/adapters/jsc.js"",""/mnt/c/Users/mzyx/Desktop/0921/js-interpreter-bench/experiments/timer_recovery/adapters/jsc.js"",""/mnt/c/Users/mzyx/Desktop/0921/js-interpreter-bench/experiments/sunspider_three_engine/MAIN_MONOTONIC_V1/attempt01/generated/crypto-aes.N128.selected_correctness.js""]","[""--useJIT=false"",""--useLLInt=true"",""--validateOptions=true""]",65c824a055405bf62b05e21d54515a72a1f0187a4d91225d00a6da969d35879f,/mnt/c/Users/mzyx/Desktop/0921/js-interpreter-bench/experiments/sunspider_three_engine/MAIN_MONOTONIC_V1/attempt01/generated/crypto-aes.N128.selected_correctness.js,2fd932ca81433b68c88630c23d99cfa34fa5e69ec963987e461edd5754459d12,0c485996a598b7e36f2f292b66397adc0390cbe6b69b55199e47e1c6c1e37010,0,True,,,,,1343,0,,300,False,0,"TEB_RESULT:{""benchmark"":""SunSpider"",""case"":""crypto-aes"",""mode"":""MAIN_MONOTONIC_V1"",""phase"":""correctness"",""N"":128,""checksum"":""1343"",""correctness"":""PASS"",""timer"":""benchNow"",""start_ms"":null,""stop_ms"":null,""elapsed_ms"":null,""elapsed_per_call_ms"":null,""warmup_calls"":0}
",,800654034766,799312960516,1341074250,3e035c9e-fd4d-4283-a7ce-c1d3e4721a0a,True,PASS,
wsl2-ubuntu2404-x64-20261004,MAIN_MONOTONIC_V1,SunSpider,selected_correctness,crypto-aes,crypto-aes,crypto-aes,quickjs,128,0,0,[],0,0,1,2026-10-04T16:48:17.330647+00:00,"[""/home/mzyx/three_engine_20261004/quickjs-04be246001599f5995fa2f2d8c91a0f198d3f34c/qjs"",""-I"",""/mnt/c/Users/mzyx/Desktop/0921/js-interpreter-bench/experiments/three_engine_baseline/adapters/quickjs.js"",""-I"",""/mnt/c/Users/mzyx/Desktop/0921/js-interpreter-bench/experiments/timer_recovery/adapters/quickjs.js"",""/mnt/c/Users/mzyx/Desktop/0921/js-interpreter-bench/experiments/sunspider_three_engine/MAIN_MONOTONIC_V1/attempt01/generated/crypto-aes.N128.selected_correctness.js""]",[],140d5233b0337d91cb0f994ae4a051e49aa04da8802acfaedf0a01b81a620b79,/mnt/c/Users/mzyx/Desktop/0921/js-interpreter-bench/experiments/sunspider_three_engine/MAIN_MONOTONIC_V1/attempt01/generated/crypto-aes.N128.selected_correctness.js,2fd932ca81433b68c88630c23d99cfa34fa5e69ec963987e461edd5754459d12,cd393c275173f20526562a008951f65a332deffed85e7c804519788b8ebffab7,0,True,,,,,1343,0,,300,False,0,"TEB_RESULT:{""benchmark"":""SunSpider"",""case"":""crypto-aes"",""mode"":""MAIN_MONOTONIC_V1"",""phase"":""correctness"",""N"":128,""checksum"":""1343"",""correctness"":""PASS"",""timer"":""benchNow"",""start_ms"":null,""stop_ms"":null,""elapsed_ms"":null,""elapsed_per_call_ms"":null,""warmup_calls"":0}
",,797268253173,795289293935,1978959238,3e035c9e-fd4d-4283-a7ce-c1d3e4721a0a,True,PASS,
wsl2-ubuntu2404-x64-20261004,MAIN_MONOTONIC_V1,SunSpider,selected_correctness,crypto-aes,crypto-aes,crypto-aes,v8,128,0,0,[],0,0,1,2026-10-04T16:48:19.381416+00:00,"[""/home/mzyx/three_engine_20261004/v8-linux64-rel-15.6.21/d8"",""--snapshot_blob=/home/mzyx/three_engine_20261004/v8-linux64-rel-15.6.21/snapshot_blob.bin"",""--max-opt=0"",""--no-lazy"",""/mnt/c/Users/mzyx/Desktop/0921/js-interpreter-bench/experiments/three_engine_baseline/adapters/v8.js"",""/mnt/c/Users/mzyx/Desktop/0921/js-interpreter-bench/experiments/timer_recovery/adapters/v8.js"",""/mnt/c/Users/mzyx/Desktop/0921/js-interpreter-bench/experiments/sunspider_three_engine/MAIN_MONOTONIC_V1/attempt01/generated/crypto-aes.N128.selected_correctness.js""]","[""--max-opt=0"",""--no-lazy""]",83b744a5953d2662ea723564d4035a333782a0cc85232d1025929a925150b133,/mnt/c/Users/mzyx/Desktop/0921/js-interpreter-bench/experiments/sunspider_three_engine/MAIN_MONOTONIC_V1/attempt01/generated/crypto-aes.N128.selected_correctness.js,2fd932ca81433b68c88630c23d99cfa34fa5e69ec963987e461edd5754459d12,e610d3aa3d2672a5e6d5eccd9aaf05c6ae6758d1b9c4468289f017a231ab7d9f,0,True,,,,,1343,0,,300,False,0,"TEB_RESULT:{""benchmark"":""SunSpider"",""case"":""crypto-aes"",""mode"":""MAIN_MONOTONIC_V1"",""phase"":""correctness"",""N"":128,""checksum"":""1343"",""correctness"":""PASS"",""timer"":""benchNow"",""start_ms"":null,""stop_ms"":null,""elapsed_ms"":null,""elapsed_per_call_ms"":null,""warmup_calls"":0}
",,799251448184,797331756394,1919691790,3e035c9e-fd4d-4283-a7ce-c1d3e4721a0a,True,PASS,
wsl2-ubuntu2404-x64-20261004,MAIN_MONOTONIC_V1,SunSpider,selected_correctness,crypto-md5,crypto-md5,crypto-md5,jsc,256,0,0,[],0,0,1,2026-10-04T16:48:24.766175+00:00,"[""/home/mzyx/jsc_build_fd3406f/JSCOnly/Release/bin/jsc"",""--useJIT=false"",""--useLLInt=true"",""--validateOptions=true"",""/mnt/c/Users/mzyx/Desktop/0921/js-interpreter-bench/experiments/three_engine_baseline/adapters/jsc.js"",""/mnt/c/Users/mzyx/Desktop/0921/js-interpreter-bench/experiments/timer_recovery/adapters/jsc.js"",""/mnt/c/Users/mzyx/Desktop/0921/js-interpreter-bench/experiments/sunspider_three_engine/MAIN_MONOTONIC_V1/attempt01/generated/crypto-md5.N256.selected_correctness.js""]","[""--useJIT=false"",""--useLLInt=true"",""--validateOptions=true""]",65c824a055405bf62b05e21d54515a72a1f0187a4d91225d00a6da969d35879f,/mnt/c/Users/mzyx/Desktop/0921/js-interpreter-bench/experiments/sunspider_three_engine/MAIN_MONOTONIC_V1/attempt01/generated/crypto-md5.N256.selected_correctness.js,068be1a4e3e7121234399eea4c723adeb58bbbbc0e83f7f19490ec060fae0ef5,0c485996a598b7e36f2f292b66397adc0390cbe6b69b55199e47e1c6c1e37010,0,True,,,,,a831e91e0f70eddcb70dc61c6f82f6cd,0,,300,False,0,"TEB_RESULT:{""benchmark"":""SunSpider"",""case"":""crypto-md5"",""mode"":""MAIN_MONOTONIC_V1"",""phase"":""correctness"",""N"":256,""checksum"":""a831e91e0f70eddcb70dc61c6f82f6cd"",""correctness"":""PASS"",""timer"":""benchNow"",""start_ms"":null,""stop_ms"":null,""elapsed_ms"":null,""elapsed_per_call_ms"":null,""warmup_calls"":0}
",,806778183167,804800103995,1978079172,3e035c9e-fd4d-4283-a7ce-c1d3e4721a0a,True,PASS,
wsl2-ubuntu2404-x64-20261004,MAIN_MONOTONIC_V1,SunSpider,selected_correctness,crypto-md5,crypto-md5,crypto-md5,quickjs,256,0,0,[],0,0,1,2026-10-04T16:48:20.677352+00:00,"[""/home/mzyx/three_engine_20261004/quickjs-04be246001599f5995fa2f2d8c91a0f198d3f34c/qjs"",""-I"",""/mnt/c/Users/mzyx/Desktop/0921/js-interpreter-bench/experiments/three_engine_baseline/adapters/quickjs.js"",""-I"",""/mnt/c/Users/mzyx/Desktop/0921/js-interpreter-bench/experiments/timer_recovery/adapters/quickjs.js"",""/mnt/c/Users/mzyx/Desktop/0921/js-interpreter-bench/experiments/sunspider_three_engine/MAIN_MONOTONIC_V1/attempt01/generated/crypto-md5.N256.selected_correctness.js""]",[],140d5233b0337d91cb0f994ae4a051e49aa04da8802acfaedf0a01b81a620b79,/mnt/c/Users/mzyx/Desktop/0921/js-interpreter-bench/experiments/sunspider_three_engine/MAIN_MONOTONIC_V1/attempt01/generated/crypto-md5.N256.selected_correctness.js,068be1a4e3e7121234399eea4c723adeb58bbbbc0e83f7f19490ec060fae0ef5,cd393c275173f20526562a008951f65a332deffed85e7c804519788b8ebffab7,0,True,,,,,a831e91e0f70eddcb70dc61c6f82f6cd,0,,300,False,0,"TEB_RESULT:{""benchmark"":""SunSpider"",""case"":""crypto-md5"",""mode"":""MAIN_MONOTONIC_V1"",""phase"":""correctness"",""N"":256,""checksum"":""a831e91e0f70eddcb70dc61c6f82f6cd"",""correctness"":""PASS"",""timer"":""benchNow"",""start_ms"":null,""stop_ms"":null,""elapsed_ms"":null,""elapsed_per_call_ms"":null,""warmup_calls"":0}
",,802558473900,800718759254,1839714646,3e035c9e-fd4d-4283-a7ce-c1d3e4721a0a,True,PASS,
wsl2-ubuntu2404-x64-20261004,MAIN_MONOTONIC_V1,SunSpider,selected_correctness,crypto-md5,crypto-md5,crypto-md5,v8,256,0,0,[],0,0,1,2026-10-04T16:48:22.588497+00:00,"[""/home/mzyx/three_engine_20261004/v8-linux64-rel-15.6.21/d8"",""--snapshot_blob=/home/mzyx/three_engine_20261004/v8-linux64-rel-15.6.21/snapshot_blob.bin"",""--max-opt=0"",""--no-lazy"",""/mnt/c/Users/mzyx/Desktop/0921/js-interpreter-bench/experiments/three_engine_baseline/adapters/v8.js"",""/mnt/c/Users/mzyx/Desktop/0921/js-interpreter-bench/experiments/timer_recovery/adapters/v8.js"",""/mnt/c/Users/mzyx/Desktop/0921/js-interpreter-bench/experiments/sunspider_three_engine/MAIN_MONOTONIC_V1/attempt01/generated/crypto-md5.N256.selected_correctness.js""]","[""--max-opt=0"",""--no-lazy""]",83b744a5953d2662ea723564d4035a333782a0cc85232d1025929a925150b133,/mnt/c/Users/mzyx/Desktop/0921/js-interpreter-bench/experiments/sunspider_three_engine/MAIN_MONOTONIC_V1/attempt01/generated/crypto-md5.N256.selected_correctness.js,068be1a4e3e7121234399eea4c723adeb58bbbbc0e83f7f19490ec060fae0ef5,e610d3aa3d2672a5e6d5eccd9aaf05c6ae6758d1b9c4468289f017a231ab7d9f,0,True,,,,,a831e91e0f70eddcb70dc61c6f82f6cd,0,,300,False,0,"TEB_RESULT:{""benchmark"":""SunSpider"",""case"":""crypto-md5"",""mode"":""MAIN_MONOTONIC_V1"",""phase"":""correctness"",""N"":256,""checksum"":""a831e91e0f70eddcb70dc61c6f82f6cd"",""correctness"":""PASS"",""timer"":""benchNow"",""start_ms"":null,""stop_ms"":null,""elapsed_ms"":null,""elapsed_per_call_ms"":null,""warmup_calls"":0}
",,804733846785,802621817190,2112029595,3e035c9e-fd4d-4283-a7ce-c1d3e4721a0a,True,PASS,
wsl2-ubuntu2404-x64-20261004,MAIN_MONOTONIC_V1,SunSpider,selected_correctness,crypto-sha1,crypto-sha1,crypto-sha1,jsc,256,0,0,[],0,0,1,2026-10-04T16:48:31.182153+00:00,"[""/home/mzyx/jsc_build_fd3406f/JSCOnly/Release/bin/jsc"",""--useJIT=false"",""--useLLInt=true"",""--validateOptions=true"",""/mnt/c/Users/mzyx/Desktop/0921/js-interpreter-bench/experiments/three_engine_baseline/adapters/jsc.js"",""/mnt/c/Users/mzyx/Desktop/0921/js-interpreter-bench/experiments/timer_recovery/adapters/jsc.js"",""/mnt/c/Users/mzyx/Desktop/0921/js-interpreter-bench/experiments/sunspider_three_engine/MAIN_MONOTONIC_V1/attempt01/generated/crypto-sha1.N256.selected_correctness.js""]","[""--useJIT=false"",""--useLLInt=true"",""--validateOptions=true""]",65c824a055405bf62b05e21d54515a72a1f0187a4d91225d00a6da969d35879f,/mnt/c/Users/mzyx/Desktop/0921/js-interpreter-bench/experiments/sunspider_three_engine/MAIN_MONOTONIC_V1/attempt01/generated/crypto-sha1.N256.selected_correctness.js,06a0117d9692916207b1feb13f1d89f562660b17471bcf13a0e9470d4308149d,0c485996a598b7e36f2f292b66397adc0390cbe6b69b55199e47e1c6c1e37010,0,True,,,,,2524d264def74cce2498bf112bedf00e6c0b796d,0,,300,False,0,"TEB_RESULT:{""benchmark"":""SunSpider"",""case"":""crypto-sha1"",""mode"":""MAIN_MONOTONIC_V1"",""phase"":""correctness"",""N"":256,""checksum"":""2524d264def74cce2498bf112bedf00e6c0b796d"",""correctness"":""PASS"",""timer"":""benchNow"",""start_ms"":null,""stop_ms"":null,""elapsed_ms"":null,""elapsed_per_call_ms"":null,""warmup_calls"":0}
",,813157130824,811215302861,1941827963,3e035c9e-fd4d-4283-a7ce-c1d3e4721a0a,True,PASS,
wsl2-ubuntu2404-x64-20261004,MAIN_MONOTONIC_V1,SunSpider,selected_correctness,crypto-sha1,crypto-sha1,crypto-sha1,quickjs,256,0,0,[],0,0,1,2026-10-04T16:48:26.802115+00:00,"[""/home/mzyx/three_engine_20261004/quickjs-04be246001599f5995fa2f2d8c91a0f198d3f34c/qjs"",""-I"",""/mnt/c/Users/mzyx/Desktop/0921/js-interpreter-bench/experiments/three_engine_baseline/adapters/quickjs.js"",""-I"",""/mnt/c/Users/mzyx/Desktop/0921/js-interpreter-bench/experiments/timer_recovery/adapters/quickjs.js"",""/mnt/c/Users/mzyx/Desktop/0921/js-interpreter-bench/experiments/sunspider_three_engine/MAIN_MONOTONIC_V1/attempt01/generated/crypto-sha1.N256.selected_correctness.js""]",[],140d5233b0337d91cb0f994ae4a051e49aa04da8802acfaedf0a01b81a620b79,/mnt/c/Users/mzyx/Desktop/0921/js-interpreter-bench/experiments/sunspider_three_engine/MAIN_MONOTONIC_V1/attempt01/generated/crypto-sha1.N256.selected_correctness.js,06a0117d9692916207b1feb13f1d89f562660b17471bcf13a0e9470d4308149d,cd393c275173f20526562a008951f65a332deffed85e7c804519788b8ebffab7,0,True,,,,,2524d264def74cce2498bf112bedf00e6c0b796d,0,,300,False,0,"TEB_RESULT:{""benchmark"":""SunSpider"",""case"":""crypto-sha1"",""mode"":""MAIN_MONOTONIC_V1"",""phase"":""correctness"",""N"":256,""checksum"":""2524d264def74cce2498bf112bedf00e6c0b796d"",""correctness"":""PASS"",""timer"":""benchNow"",""start_ms"":null,""stop_ms"":null,""elapsed_ms"":null,""elapsed_per_call_ms"":null,""warmup_calls"":0}
",,808696088123,806845401883,1850686240,3e035c9e-fd4d-4283-a7ce-c1d3e4721a0a,True,PASS,
wsl2-ubuntu2404-x64-20261004,MAIN_MONOTONIC_V1,SunSpider,selected_correctness,crypto-sha1,crypto-sha1,crypto-sha1,v8,256,0,0,[],0,0,1,2026-10-04T16:48:28.733633+00:00,"[""/home/mzyx/three_engine_20261004/v8-linux64-rel-15.6.21/d8"",""--snapshot_blob=/home/mzyx/three_engine_20261004/v8-linux64-rel-15.6.21/snapshot_blob.bin"",""--max-opt=0"",""--no-lazy"",""/mnt/c/Users/mzyx/Desktop/0921/js-interpreter-bench/experiments/three_engine_baseline/adapters/v8.js"",""/mnt/c/Users/mzyx/Desktop/0921/js-interpreter-bench/experiments/timer_recovery/adapters/v8.js"",""/mnt/c/Users/mzyx/Desktop/0921/js-interpreter-bench/experiments/sunspider_three_engine/MAIN_MONOTONIC_V1/attempt01/generated/crypto-sha1.N256.selected_correctness.js""]","[""--max-opt=0"",""--no-lazy""]",83b744a5953d2662ea723564d4035a333782a0cc85232d1025929a925150b133,/mnt/c/Users/mzyx/Desktop/0921/js-interpreter-bench/experiments/sunspider_three_engine/MAIN_MONOTONIC_V1/attempt01/generated/crypto-sha1.N256.selected_correctness.js,06a0117d9692916207b1feb13f1d89f562660b17471bcf13a0e9470d4308149d,e610d3aa3d2672a5e6d5eccd9aaf05c6ae6758d1b9c4468289f017a231ab7d9f,0,True,,,,,2524d264def74cce2498bf112bedf00e6c0b796d,0,,300,False,0,"TEB_RESULT:{""benchmark"":""SunSpider"",""case"":""crypto-sha1"",""mode"":""MAIN_MONOTONIC_V1"",""phase"":""correctness"",""N"":256,""checksum"":""2524d264def74cce2498bf112bedf00e6c0b796d"",""correctness"":""PASS"",""timer"":""benchNow"",""start_ms"":null,""stop_ms"":null,""elapsed_ms"":null,""elapsed_per_call_ms"":null,""warmup_calls"":0}
",,811149840925,808767010164,2382830761,3e035c9e-fd4d-4283-a7ce-c1d3e4721a0a,True,PASS,
wsl2-ubuntu2404-x64-20261004,MAIN_MONOTONIC_V1,SunSpider,selected_correctness,date-format-tofte,date-format-tofte,date-format-tofte,jsc,128,0,0,[],0,0,1,2026-10-04T16:48:38.523515+00:00,"[""/home/mzyx/jsc_build_fd3406f/JSCOnly/Release/bin/jsc"",""--useJIT=false"",""--useLLInt=true"",""--validateOptions=true"",""/mnt/c/Users/mzyx/Desktop/0921/js-interpreter-bench/experiments/three_engine_baseline/adapters/jsc.js"",""/mnt/c/Users/mzyx/Desktop/0921/js-interpreter-bench/experiments/timer_recovery/adapters/jsc.js"",""/mnt/c/Users/mzyx/Desktop/0921/js-interpreter-bench/experiments/sunspider_three_engine/MAIN_MONOTONIC_V1/attempt01/generated/date-format-tofte.N128.selected_correctness.js""]","[""--useJIT=false"",""--useLLInt=true"",""--validateOptions=true""]",65c824a055405bf62b05e21d54515a72a1f0187a4d91225d00a6da969d35879f,/mnt/c/Users/mzyx/Desktop/0921/js-interpreter-bench/experiments/sunspider_three_engine/MAIN_MONOTONIC_V1/attempt01/generated/date-format-tofte.N128.selected_correctness.js,ab3e67ac4a3fef49660325d0f60c2c2cbdd089a2c29de00ec1493e9b35032b59,0c485996a598b7e36f2f292b66397adc0390cbe6b69b55199e47e1c6c1e37010,0,True,,,,,"2008-05-01|Thursday, May 01, 2008 5:31:22 PM|1209718549000",0,,300,False,0,"TEB_RESULT:{""benchmark"":""SunSpider"",""case"":""date-format-tofte"",""mode"":""MAIN_MONOTONIC_V1"",""phase"":""correctness"",""N"":128,""checksum"":""2008-05-01|Thursday, May 01, 2008 5:31:22 PM|1209718549000"",""correctness"":""PASS"",""timer"":""benchNow"",""start_ms"":null,""stop_ms"":null,""elapsed_ms"":null,""elapsed_per_call_ms"":null,""warmup_calls"":0}
",,820134110464,818557027877,1577082587,3e035c9e-fd4d-4283-a7ce-c1d3e4721a0a,True,PASS,
wsl2-ubuntu2404-x64-20261004,MAIN_MONOTONIC_V1,SunSpider,selected_correctness,date-format-tofte,date-format-tofte,date-format-tofte,quickjs,128,0,0,[],0,0,1,2026-10-04T16:48:33.182176+00:00,"[""/home/mzyx/three_engine_20261004/quickjs-04be246001599f5995fa2f2d8c91a0f198d3f34c/qjs"",""-I"",""/mnt/c/Users/mzyx/Desktop/0921/js-interpreter-bench/experiments/three_engine_baseline/adapters/quickjs.js"",""-I"",""/mnt/c/Users/mzyx/Desktop/0921/js-interpreter-bench/experiments/timer_recovery/adapters/quickjs.js"",""/mnt/c/Users/mzyx/Desktop/0921/js-interpreter-bench/experiments/sunspider_three_engine/MAIN_MONOTONIC_V1/attempt01/generated/date-format-tofte.N128.selected_correctness.js""]",[],140d5233b0337d91cb0f994ae4a051e49aa04da8802acfaedf0a01b81a620b79,/mnt/c/Users/mzyx/Desktop/0921/js-interpreter-bench/experiments/sunspider_three_engine/MAIN_MONOTONIC_V1/attempt01/generated/date-format-tofte.N128.selected_correctness.js,ab3e67ac4a3fef49660325d0f60c2c2cbdd089a2c29de00ec1493e9b35032b59,cd393c275173f20526562a008951f65a332deffed85e7c804519788b8ebffab7,0,True,,,,,"2008-05-01|Thursday, May 01, 2008 5:31:22 PM|1209718549000",0,,300,False,0,"TEB_RESULT:{""benchmark"":""SunSpider"",""case"":""date-format-tofte"",""mode"":""MAIN_MONOTONIC_V1"",""phase"":""correctness"",""N"":128,""checksum"":""2008-05-01|Thursday, May 01, 2008 5:31:22 PM|1209718549000"",""correctness"":""PASS"",""timer"":""benchNow"",""start_ms"":null,""stop_ms"":null,""elapsed_ms"":null,""elapsed_per_call_ms"":null,""warmup_calls"":0}
",,817194352709,813225685086,3968667623,3e035c9e-fd4d-4283-a7ce-c1d3e4721a0a,True,PASS,
wsl2-ubuntu2404-x64-20261004,MAIN_MONOTONIC_V1,SunSpider,selected_correctness,date-format-tofte,date-format-tofte,date-format-tofte,v8,128,0,0,[],0,0,1,2026-10-04T16:48:37.225553+00:00,"[""/home/mzyx/three_engine_20261004/v8-linux64-rel-15.6.21/d8"",""--snapshot_blob=/home/mzyx/three_engine_20261004/v8-linux64-rel-15.6.21/snapshot_blob.bin"",""--max-opt=0"",""--no-lazy"",""/mnt/c/Users/mzyx/Desktop/0921/js-interpreter-bench/experiments/three_engine_baseline/adapters/v8.js"",""/mnt/c/Users/mzyx/Desktop/0921/js-interpreter-bench/experiments/timer_recovery/adapters/v8.js"",""/mnt/c/Users/mzyx/Desktop/0921/js-interpreter-bench/experiments/sunspider_three_engine/MAIN_MONOTONIC_V1/attempt01/generated/date-format-tofte.N128.selected_correctness.js""]","[""--max-opt=0"",""--no-lazy""]",83b744a5953d2662ea723564d4035a333782a0cc85232d1025929a925150b133,/mnt/c/Users/mzyx/Desktop/0921/js-interpreter-bench/experiments/sunspider_three_engine/MAIN_MONOTONIC_V1/attempt01/generated/date-format-tofte.N128.selected_correctness.js,ab3e67ac4a3fef49660325d0f60c2c2cbdd089a2c29de00ec1493e9b35032b59,e610d3aa3d2672a5e6d5eccd9aaf05c6ae6758d1b9c4468289f017a231ab7d9f,0,True,,,,,"2008-05-01|Thursday, May 01, 2008 5:31:22 PM|1209718549000",0,,300,False,0,"TEB_RESULT:{""benchmark"":""SunSpider"",""case"":""date-format-tofte"",""mode"":""MAIN_MONOTONIC_V1"",""phase"":""correctness"",""N"":128,""checksum"":""2008-05-01|Thursday, May 01, 2008 5:31:22 PM|1209718549000"",""correctness"":""PASS"",""timer"":""benchNow"",""start_ms"":null,""stop_ms"":null,""elapsed_ms"":null,""elapsed_per_call_ms"":null,""warmup_calls"":0}
",,818492195349,817258978100,1233217249,3e035c9e-fd4d-4283-a7ce-c1d3e4721a0a,True,PASS,
wsl2-ubuntu2404-x64-20261004,MAIN_MONOTONIC_V1,SunSpider,selected_correctness,date-format-xparb,date-format-xparb,date-format-xparb,jsc,256,0,0,[],0,0,1,2026-10-04T16:48:47.337731+00:00,"[""/home/mzyx/jsc_build_fd3406f/JSCOnly/Release/bin/jsc"",""--useJIT=false"",""--useLLInt=true"",""--validateOptions=true"",""/mnt/c/Users/mzyx/Desktop/0921/js-interpreter-bench/experiments/three_engine_baseline/adapters/jsc.js"",""/mnt/c/Users/mzyx/Desktop/0921/js-interpreter-bench/experiments/timer_recovery/adapters/jsc.js"",""/mnt/c/Users/mzyx/Desktop/0921/js-interpreter-bench/experiments/sunspider_three_engine/MAIN_MONOTONIC_V1/attempt01/generated/date-format-xparb.N256.selected_correctness.js""]","[""--useJIT=false"",""--useLLInt=true"",""--validateOptions=true""]",65c824a055405bf62b05e21d54515a72a1f0187a4d91225d00a6da969d35879f,/mnt/c/Users/mzyx/Desktop/0921/js-interpreter-bench/experiments/sunspider_three_engine/MAIN_MONOTONIC_V1/attempt01/generated/date-format-xparb.N256.selected_correctness.js,b898def0f0c22bafc3f1bcd38ba578cdf0c3fcc24c3451a451d8d3588a4d913d,0c485996a598b7e36f2f292b66397adc0390cbe6b69b55199e47e1c6c1e37010,0,True,,,,,"2017-09-05|Tuesday, September 05, 2017 7:43:48 AM|1504652895000",0,,300,False,0,"TEB_RESULT:{""benchmark"":""SunSpider"",""case"":""date-format-xparb"",""mode"":""MAIN_MONOTONIC_V1"",""phase"":""correctness"",""N"":256,""checksum"":""2017-09-05|Tuesday, September 05, 2017 7:43:48 AM|1504652895000"",""correctness"":""PASS"",""timer"":""benchNow"",""start_ms"":null,""stop_ms"":null,""elapsed_ms"":null,""elapsed_per_call_ms"":null,""warmup_calls"":0}
",,829519367725,827371762665,2147605060,3e035c9e-fd4d-4283-a7ce-c1d3e4721a0a,True,PASS,
wsl2-ubuntu2404-x64-20261004,MAIN_MONOTONIC_V1,SunSpider,selected_correctness,date-format-xparb,date-format-xparb,date-format-xparb,quickjs,256,0,0,[],0,0,1,2026-10-04T16:48:40.159381+00:00,"[""/home/mzyx/three_engine_20261004/quickjs-04be246001599f5995fa2f2d8c91a0f198d3f34c/qjs"",""-I"",""/mnt/c/Users/mzyx/Desktop/0921/js-interpreter-bench/experiments/three_engine_baseline/adapters/quickjs.js"",""-I"",""/mnt/c/Users/mzyx/Desktop/0921/js-interpreter-bench/experiments/timer_recovery/adapters/quickjs.js"",""/mnt/c/Users/mzyx/Desktop/0921/js-interpreter-bench/experiments/sunspider_three_engine/MAIN_MONOTONIC_V1/attempt01/generated/date-format-xparb.N256.selected_correctness.js""]",[],140d5233b0337d91cb0f994ae4a051e49aa04da8802acfaedf0a01b81a620b79,/mnt/c/Users/mzyx/Desktop/0921/js-interpreter-bench/experiments/sunspider_three_engine/MAIN_MONOTONIC_V1/attempt01/generated/date-format-xparb.N256.selected_correctness.js,b898def0f0c22bafc3f1bcd38ba578cdf0c3fcc24c3451a451d8d3588a4d913d,cd393c275173f20526562a008951f65a332deffed85e7c804519788b8ebffab7,0,True,,,,,"2017-09-05|Tuesday, September 05, 2017 7:43:48 AM|1504652895000",0,,300,False,0,"TEB_RESULT:{""benchmark"":""SunSpider"",""case"":""date-format-xparb"",""mode"":""MAIN_MONOTONIC_V1"",""phase"":""correctness"",""N"":256,""checksum"":""2017-09-05|Tuesday, September 05, 2017 7:43:48 AM|1504652895000"",""correctness"":""PASS"",""timer"":""benchNow"",""start_ms"":null,""stop_ms"":null,""elapsed_ms"":null,""elapsed_per_call_ms"":null,""warmup_calls"":0}
",,826110292544,820203208985,5907083559,3e035c9e-fd4d-4283-a7ce-c1d3e4721a0a,True,PASS,
wsl2-ubuntu2404-x64-20261004,MAIN_MONOTONIC_V1,SunSpider,selected_correctness,date-format-xparb,date-format-xparb,date-format-xparb,v8,256,0,0,[],0,0,1,2026-10-04T16:48:46.141476+00:00,"[""/home/mzyx/three_engine_20261004/v8-linux64-rel-15.6.21/d8"",""--snapshot_blob=/home/mzyx/three_engine_20261004/v8-linux64-rel-15.6.21/snapshot_blob.bin"",""--max-opt=0"",""--no-lazy"",""/mnt/c/Users/mzyx/Desktop/0921/js-interpreter-bench/experiments/three_engine_baseline/adapters/v8.js"",""/mnt/c/Users/mzyx/Desktop/0921/js-interpreter-bench/experiments/timer_recovery/adapters/v8.js"",""/mnt/c/Users/mzyx/Desktop/0921/js-interpreter-bench/experiments/sunspider_three_engine/MAIN_MONOTONIC_V1/attempt01/generated/date-format-xparb.N256.selected_correctness.js""]","[""--max-opt=0"",""--no-lazy""]",83b744a5953d2662ea723564d4035a333782a0cc85232d1025929a925150b133,/mnt/c/Users/mzyx/Desktop/0921/js-interpreter-bench/experiments/sunspider_three_engine/MAIN_MONOTONIC_V1/attempt01/generated/date-format-xparb.N256.selected_correctness.js,b898def0f0c22bafc3f1bcd38ba578cdf0c3fcc24c3451a451d8d3588a4d913d,e610d3aa3d2672a5e6d5eccd9aaf05c6ae6758d1b9c4468289f017a231ab7d9f,0,True,,,,,"2017-09-05|Tuesday, September 05, 2017 7:43:48 AM|1504652895000",0,,300,False,0,"TEB_RESULT:{""benchmark"":""SunSpider"",""case"":""date-format-xparb"",""mode"":""MAIN_MONOTONIC_V1"",""phase"":""correctness"",""N"":256,""checksum"":""2017-09-05|Tuesday, September 05, 2017 7:43:48 AM|1504652895000"",""correctness"":""PASS"",""timer"":""benchNow"",""start_ms"":null,""stop_ms"":null,""elapsed_ms"":null,""elapsed_per_call_ms"":null,""warmup_calls"":0}
",,827304161451,826175391263,1128770188,3e035c9e-fd4d-4283-a7ce-c1d3e4721a0a,True,PASS,
wsl2-ubuntu2404-x64-20261004,MAIN_MONOTONIC_V1,SunSpider,selected_correctness,math-cordic,math-cordic,math-cordic,jsc,64,0,0,[],0,0,1,2026-10-04T16:48:52.424879+00:00,"[""/home/mzyx/jsc_build_fd3406f/JSCOnly/Release/bin/jsc"",""--useJIT=false"",""--useLLInt=true"",""--validateOptions=true"",""/mnt/c/Users/mzyx/Desktop/0921/js-interpreter-bench/experiments/three_engine_baseline/adapters/jsc.js"",""/mnt/c/Users/mzyx/Desktop/0921/js-interpreter-bench/experiments/timer_recovery/adapters/jsc.js"",""/mnt/c/Users/mzyx/Desktop/0921/js-interpreter-bench/experiments/sunspider_three_engine/MAIN_MONOTONIC_V1/attempt01/generated/math-cordic.N64.selected_correctness.js""]","[""--useJIT=false"",""--useLLInt=true"",""--validateOptions=true""]",65c824a055405bf62b05e21d54515a72a1f0187a4d91225d00a6da969d35879f,/mnt/c/Users/mzyx/Desktop/0921/js-interpreter-bench/experiments/sunspider_three_engine/MAIN_MONOTONIC_V1/attempt01/generated/math-cordic.N64.selected_correctness.js,cd79d31056e8456c6632e8a24b408fd3a635e09a86fbd8d7f2d104de5165da1e,0c485996a598b7e36f2f292b66397adc0390cbe6b69b55199e47e1c6c1e37010,0,True,,,,,10362.570468755888,0,,300,False,0,"TEB_RESULT:{""benchmark"":""SunSpider"",""case"":""math-cordic"",""mode"":""MAIN_MONOTONIC_V1"",""phase"":""correctness"",""N"":64,""checksum"":""10362.570468755888"",""correctness"":""PASS"",""timer"":""benchNow"",""start_ms"":null,""stop_ms"":null,""elapsed_ms"":null,""elapsed_per_call_ms"":null,""warmup_calls"":0}
",,833650253030,832457854545,1192398485,3e035c9e-fd4d-4283-a7ce-c1d3e4721a0a,True,PASS,
wsl2-ubuntu2404-x64-20261004,MAIN_MONOTONIC_V1,SunSpider,selected_correctness,math-cordic,math-cordic,math-cordic,quickjs,64,0,0,[],0,0,1,2026-10-04T16:48:49.544781+00:00,"[""/home/mzyx/three_engine_20261004/quickjs-04be246001599f5995fa2f2d8c91a0f198d3f34c/qjs"",""-I"",""/mnt/c/Users/mzyx/Desktop/0921/js-interpreter-bench/experiments/three_engine_baseline/adapters/quickjs.js"",""-I"",""/mnt/c/Users/mzyx/Desktop/0921/js-interpreter-bench/experiments/timer_recovery/adapters/quickjs.js"",""/mnt/c/Users/mzyx/Desktop/0921/js-interpreter-bench/experiments/sunspider_three_engine/MAIN_MONOTONIC_V1/attempt01/generated/math-cordic.N64.selected_correctness.js""]",[],140d5233b0337d91cb0f994ae4a051e49aa04da8802acfaedf0a01b81a620b79,/mnt/c/Users/mzyx/Desktop/0921/js-interpreter-bench/experiments/sunspider_three_engine/MAIN_MONOTONIC_V1/attempt01/generated/math-cordic.N64.selected_correctness.js,cd79d31056e8456c6632e8a24b408fd3a635e09a86fbd8d7f2d104de5165da1e,cd393c275173f20526562a008951f65a332deffed85e7c804519788b8ebffab7,0,True,,,,,10362.570468755888,0,,300,False,0,"TEB_RESULT:{""benchmark"":""SunSpider"",""case"":""math-cordic"",""mode"":""MAIN_MONOTONIC_V1"",""phase"":""correctness"",""N"":64,""checksum"":""10362.570468755888"",""correctness"":""PASS"",""timer"":""benchNow"",""start_ms"":null,""stop_ms"":null,""elapsed_ms"":null,""elapsed_per_call_ms"":null,""warmup_calls"":0}
",,831159220095,829584328070,1574892025,3e035c9e-fd4d-4283-a7ce-c1d3e4721a0a,True,PASS,
wsl2-ubuntu2404-x64-20261004,MAIN_MONOTONIC_V1,SunSpider,selected_correctness,math-cordic,math-cordic,math-cordic,v8,64,0,0,[],0,0,1,2026-10-04T16:48:51.197260+00:00,"[""/home/mzyx/three_engine_20261004/v8-linux64-rel-15.6.21/d8"",""--snapshot_blob=/home/mzyx/three_engine_20261004/v8-linux64-rel-15.6.21/snapshot_blob.bin"",""--max-opt=0"",""--no-lazy"",""/mnt/c/Users/mzyx/Desktop/0921/js-interpreter-bench/experiments/three_engine_baseline/adapters/v8.js"",""/mnt/c/Users/mzyx/Desktop/0921/js-interpreter-bench/experiments/timer_recovery/adapters/v8.js"",""/mnt/c/Users/mzyx/Desktop/0921/js-interpreter-bench/experiments/sunspider_three_engine/MAIN_MONOTONIC_V1/attempt01/generated/math-cordic.N64.selected_correctness.js""]","[""--max-opt=0"",""--no-lazy""]",83b744a5953d2662ea723564d4035a333782a0cc85232d1025929a925150b133,/mnt/c/Users/mzyx/Desktop/0921/js-interpreter-bench/experiments/sunspider_three_engine/MAIN_MONOTONIC_V1/attempt01/generated/math-cordic.N64.selected_correctness.js,cd79d31056e8456c6632e8a24b408fd3a635e09a86fbd8d7f2d104de5165da1e,e610d3aa3d2672a5e6d5eccd9aaf05c6ae6758d1b9c4468289f017a231ab7d9f,0,True,,,,,10362.570468755888,0,,300,False,0,"TEB_RESULT:{""benchmark"":""SunSpider"",""case"":""math-cordic"",""mode"":""MAIN_MONOTONIC_V1"",""phase"":""correctness"",""N"":64,""checksum"":""10362.570468755888"",""correctness"":""PASS"",""timer"":""benchNow"",""start_ms"":null,""stop_ms"":null,""elapsed_ms"":null,""elapsed_per_call_ms"":null,""warmup_calls"":0}
",,832396988880,831232020616,1164968264,3e035c9e-fd4d-4283-a7ce-c1d3e4721a0a,True,PASS,
wsl2-ubuntu2404-x64-20261004,MAIN_MONOTONIC_V1,SunSpider,selected_correctness,math-partial-sums,math-partial-sums,math-partial-sums,jsc,128,0,0,[],0,0,1,2026-10-04T16:48:54.355090+00:00,"[""/home/mzyx/jsc_build_fd3406f/JSCOnly/Release/bin/jsc"",""--useJIT=false"",""--useLLInt=true"",""--validateOptions=true"",""/mnt/c/Users/mzyx/Desktop/0921/js-interpreter-bench/experiments/three_engine_baseline/adapters/jsc.js"",""/mnt/c/Users/mzyx/Desktop/0921/js-interpreter-bench/experiments/timer_recovery/adapters/jsc.js"",""/mnt/c/Users/mzyx/Desktop/0921/js-interpreter-bench/experiments/sunspider_three_engine/MAIN_MONOTONIC_V1/attempt01/generated/math-partial-sums.N128.selected_correctness.js""]","[""--useJIT=false"",""--useLLInt=true"",""--validateOptions=true""]",65c824a055405bf62b05e21d54515a72a1f0187a4d91225d00a6da969d35879f,/mnt/c/Users/mzyx/Desktop/0921/js-interpreter-bench/experiments/sunspider_three_engine/MAIN_MONOTONIC_V1/attempt01/generated/math-partial-sums.N128.selected_correctness.js,2f964976e9b364a4ade2efa57c4493156c62c63f8070202d7ca0e7412c419dde,0c485996a598b7e36f2f292b66397adc0390cbe6b69b55199e47e1c6c1e37010,0,True,,,,,60.08994194659945,0,,300,False,0,"TEB_RESULT:{""benchmark"":""SunSpider"",""case"":""math-partial-sums"",""mode"":""MAIN_MONOTONIC_V1"",""phase"":""correctness"",""N"":128,""checksum"":""60.08994194659945"",""correctness"":""PASS"",""timer"":""benchNow"",""start_ms"":null,""stop_ms"":null,""elapsed_ms"":null,""elapsed_per_call_ms"":null,""warmup_calls"":0}
",,838047907709,836798896579,1249011130,3e035c9e-fd4d-4283-a7ce-c1d3e4721a0a,True,PASS,
wsl2-ubuntu2404-x64-20261004,MAIN_MONOTONIC_V1,SunSpider,selected_correctness,math-partial-sums,math-partial-sums,math-partial-sums,quickjs,128,0,0,[],0,0,1,2026-10-04T16:48:51.260575+00:00,"[""/home/mzyx/three_engine_20261004/quickjs-04be246001599f5995fa2f2d8c91a0f198d3f34c/qjs"",""-I"",""/mnt/c/Users/mzyx/Desktop/0921/js-interpreter-bench/experiments/three_engine_baseline/adapters/quickjs.js"",""-I"",""/mnt/c/Users/mzyx/Desktop/0921/js-interpreter-bench/experiments/timer_recovery/adapters/quickjs.js"",""/mnt/c/Users/mzyx/Desktop/0921/js-interpreter-bench/experiments/sunspider_three_engine/MAIN_MONOTONIC_V1/attempt01/generated/math-partial-sums.N128.selected_correctness.js""]",[],140d5233b0337d91cb0f994ae4a051e49aa04da8802acfaedf0a01b81a620b79,/mnt/c/Users/mzyx/Desktop/0921/js-interpreter-bench/experiments/sunspider_three_engine/MAIN_MONOTONIC_V1/attempt01/generated/math-partial-sums.N128.selected_correctness.js,2f964976e9b364a4ade2efa57c4493156c62c63f8070202d7ca0e7412c419dde,cd393c275173f20526562a008951f65a332deffed85e7c804519788b8ebffab7,0,True,,,,,60.08994194659945,0,,300,False,0,"TEB_RESULT:{""benchmark"":""SunSpider"",""case"":""math-partial-sums"",""mode"":""MAIN_MONOTONIC_V1"",""phase"":""correctness"",""N"":128,""checksum"":""60.08994194659945"",""correctness"":""PASS"",""timer"":""benchNow"",""start_ms"":null,""stop_ms"":null,""elapsed_ms"":null,""elapsed_per_call_ms"":null,""warmup_calls"":0}
",,835121729922,833712776215,1408953707,3e035c9e-fd4d-4283-a7ce-c1d3e4721a0a,True,PASS,
wsl2-ubuntu2404-x64-20261004,MAIN_MONOTONIC_V1,SunSpider,selected_correctness,math-partial-sums,math-partial-sums,math-partial-sums,v8,128,0,0,[],0,0,1,2026-10-04T16:48:52.743459+00:00,"[""/home/mzyx/three_engine_20261004/v8-linux64-rel-15.6.21/d8"",""--snapshot_blob=/home/mzyx/three_engine_20261004/v8-linux64-rel-15.6.21/snapshot_blob.bin"",""--max-opt=0"",""--no-lazy"",""/mnt/c/Users/mzyx/Desktop/0921/js-interpreter-bench/experiments/three_engine_baseline/adapters/v8.js"",""/mnt/c/Users/mzyx/Desktop/0921/js-interpreter-bench/experiments/timer_recovery/adapters/v8.js"",""/mnt/c/Users/mzyx/Desktop/0921/js-interpreter-bench/experiments/sunspider_three_engine/MAIN_MONOTONIC_V1/attempt01/generated/math-partial-sums.N128.selected_correctness.js""]","[""--max-opt=0"",""--no-lazy""]",83b744a5953d2662ea723564d4035a333782a0cc85232d1025929a925150b133,/mnt/c/Users/mzyx/Desktop/0921/js-interpreter-bench/experiments/sunspider_three_engine/MAIN_MONOTONIC_V1/attempt01/generated/math-partial-sums.N128.selected_correctness.js,2f964976e9b364a4ade2efa57c4493156c62c63f8070202d7ca0e7412c419dde,e610d3aa3d2672a5e6d5eccd9aaf05c6ae6758d1b9c4468289f017a231ab7d9f,0,True,,,,,60.08994194659945,0,,300,False,0,"TEB_RESULT:{""benchmark"":""SunSpider"",""case"":""math-partial-sums"",""mode"":""MAIN_MONOTONIC_V1"",""phase"":""correctness"",""N"":128,""checksum"":""60.08994194659945"",""correctness"":""PASS"",""timer"":""benchNow"",""start_ms"":null,""stop_ms"":null,""elapsed_ms"":null,""elapsed_per_call_ms"":null,""warmup_calls"":0}
",,836739281036,835186422028,1552859008,3e035c9e-fd4d-4283-a7ce-c1d3e4721a0a,True,PASS,
wsl2-ubuntu2404-x64-20261004,MAIN_MONOTONIC_V1,SunSpider,selected_correctness,math-spectral-norm,math-spectral-norm,math-spectral-norm,jsc,128,0,0,[],0,0,1,2026-10-04T16:48:58.189008+00:00,"[""/home/mzyx/jsc_build_fd3406f/JSCOnly/Release/bin/jsc"",""--useJIT=false"",""--useLLInt=true"",""--validateOptions=true"",""/mnt/c/Users/mzyx/Desktop/0921/js-interpreter-bench/experiments/three_engine_baseline/adapters/jsc.js"",""/mnt/c/Users/mzyx/Desktop/0921/js-interpreter-bench/experiments/timer_recovery/adapters/jsc.js"",""/mnt/c/Users/mzyx/Desktop/0921/js-interpreter-bench/experiments/sunspider_three_engine/MAIN_MONOTONIC_V1/attempt01/generated/math-spectral-norm.N128.selected_correctness.js""]","[""--useJIT=false"",""--useLLInt=true"",""--validateOptions=true""]",65c824a055405bf62b05e21d54515a72a1f0187a4d91225d00a6da969d35879f,/mnt/c/Users/mzyx/Desktop/0921/js-interpreter-bench/experiments/sunspider_three_engine/MAIN_MONOTONIC_V1/attempt01/generated/math-spectral-norm.N128.selected_correctness.js,ee18ce231f73784f434c923a519e33d7da98803aea8b3405202a3aa6d0ece1ea,0c485996a598b7e36f2f292b66397adc0390cbe6b69b55199e47e1c6c1e37010,0,True,,,,,5.086694231303284,0,,300,False,0,"TEB_RESULT:{""benchmark"":""SunSpider"",""case"":""math-spectral-norm"",""mode"":""MAIN_MONOTONIC_V1"",""phase"":""correctness"",""N"":128,""checksum"":""5.086694231303284"",""correctness"":""PASS"",""timer"":""benchNow"",""start_ms"":null,""stop_ms"":null,""elapsed_ms"":null,""elapsed_per_call_ms"":null,""warmup_calls"":0}
",,842101183567,840633806416,1467377151,3e035c9e-fd4d-4283-a7ce-c1d3e4721a0a,True,PASS,
wsl2-ubuntu2404-x64-20261004,MAIN_MONOTONIC_V1,SunSpider,selected_correctness,math-spectral-norm,math-spectral-norm,math-spectral-norm,quickjs,128,0,0,[],0,0,1,2026-10-04T16:48:55.661426+00:00,"[""/home/mzyx/three_engine_20261004/quickjs-04be246001599f5995fa2f2d8c91a0f198d3f34c/qjs"",""-I"",""/mnt/c/Users/mzyx/Desktop/0921/js-interpreter-bench/experiments/three_engine_baseline/adapters/quickjs.js"",""-I"",""/mnt/c/Users/mzyx/Desktop/0921/js-interpreter-bench/experiments/timer_recovery/adapters/quickjs.js"",""/mnt/c/Users/mzyx/Desktop/0921/js-interpreter-bench/experiments/sunspider_three_engine/MAIN_MONOTONIC_V1/attempt01/generated/math-spectral-norm.N128.selected_correctness.js""]",[],140d5233b0337d91cb0f994ae4a051e49aa04da8802acfaedf0a01b81a620b79,/mnt/c/Users/mzyx/Desktop/0921/js-interpreter-bench/experiments/sunspider_three_engine/MAIN_MONOTONIC_V1/attempt01/generated/math-spectral-norm.N128.selected_correctness.js,ee18ce231f73784f434c923a519e33d7da98803aea8b3405202a3aa6d0ece1ea,cd393c275173f20526562a008951f65a332deffed85e7c804519788b8ebffab7,0,True,,,,,5.086694231303284,0,,300,False,0,"TEB_RESULT:{""benchmark"":""SunSpider"",""case"":""math-spectral-norm"",""mode"":""MAIN_MONOTONIC_V1"",""phase"":""correctness"",""N"":128,""checksum"":""5.086694231303284"",""correctness"":""PASS"",""timer"":""benchNow"",""start_ms"":null,""stop_ms"":null,""elapsed_ms"":null,""elapsed_per_call_ms"":null,""warmup_calls"":0}
",,839275230165,838112021401,1163208764,3e035c9e-fd4d-4283-a7ce-c1d3e4721a0a,True,PASS,
wsl2-ubuntu2404-x64-20261004,MAIN_MONOTONIC_V1,SunSpider,selected_correctness,math-spectral-norm,math-spectral-norm,math-spectral-norm,v8,128,0,0,[],0,0,1,2026-10-04T16:48:56.896683+00:00,"[""/home/mzyx/three_engine_20261004/v8-linux64-rel-15.6.21/d8"",""--snapshot_blob=/home/mzyx/three_engine_20261004/v8-linux64-rel-15.6.21/snapshot_blob.bin"",""--max-opt=0"",""--no-lazy"",""/mnt/c/Users/mzyx/Desktop/0921/js-interpreter-bench/experiments/three_engine_baseline/adapters/v8.js"",""/mnt/c/Users/mzyx/Desktop/0921/js-interpreter-bench/experiments/timer_recovery/adapters/v8.js"",""/mnt/c/Users/mzyx/Desktop/0921/js-interpreter-bench/experiments/sunspider_three_engine/MAIN_MONOTONIC_V1/attempt01/generated/math-spectral-norm.N128.selected_correctness.js""]","[""--max-opt=0"",""--no-lazy""]",83b744a5953d2662ea723564d4035a333782a0cc85232d1025929a925150b133,/mnt/c/Users/mzyx/Desktop/0921/js-interpreter-bench/experiments/sunspider_three_engine/MAIN_MONOTONIC_V1/attempt01/generated/math-spectral-norm.N128.selected_correctness.js,ee18ce231f73784f434c923a519e33d7da98803aea8b3405202a3aa6d0ece1ea,e610d3aa3d2672a5e6d5eccd9aaf05c6ae6758d1b9c4468289f017a231ab7d9f,0,True,,,,,5.086694231303284,0,,300,False,0,"TEB_RESULT:{""benchmark"":""SunSpider"",""case"":""math-spectral-norm"",""mode"":""MAIN_MONOTONIC_V1"",""phase"":""correctness"",""N"":128,""checksum"":""5.086694231303284"",""correctness"":""PASS"",""timer"":""benchNow"",""start_ms"":null,""stop_ms"":null,""elapsed_ms"":null,""elapsed_per_call_ms"":null,""warmup_calls"":0}
",,840568520888,839345775628,1222745260,3e035c9e-fd4d-4283-a7ce-c1d3e4721a0a,True,PASS,
wsl2-ubuntu2404-x64-20261004,MAIN_MONOTONIC_V1,SunSpider,selected_correctness,regexp-dna,regexp-dna,regexp-dna,jsc,512,0,0,[],0,0,1,2026-10-04T16:49:34.631237+00:00,"[""/home/mzyx/jsc_build_fd3406f/JSCOnly/Release/bin/jsc"",""--useJIT=false"",""--useLLInt=true"",""--validateOptions=true"",""/mnt/c/Users/mzyx/Desktop/0921/js-interpreter-bench/experiments/three_engine_baseline/adapters/jsc.js"",""/mnt/c/Users/mzyx/Desktop/0921/js-interpreter-bench/experiments/timer_recovery/adapters/jsc.js"",""/mnt/c/Users/mzyx/Desktop/0921/js-interpreter-bench/experiments/sunspider_three_engine/MAIN_MONOTONIC_V1/attempt01/generated/regexp-dna.N512.selected_correctness.js""]","[""--useJIT=false"",""--useLLInt=true"",""--validateOptions=true""]",65c824a055405bf62b05e21d54515a72a1f0187a4d91225d00a6da969d35879f,/mnt/c/Users/mzyx/Desktop/0921/js-interpreter-bench/experiments/sunspider_three_engine/MAIN_MONOTONIC_V1/attempt01/generated/regexp-dna.N512.selected_correctness.js,a07db2d84b48c641da671e43fd24ae8791b2780c38c8bf3092c5759fcebc8ca2,0c485996a598b7e36f2f292b66397adc0390cbe6b69b55199e47e1c6c1e37010,0,True,,,,,249:300056,0,,300,False,0,"TEB_RESULT:{""benchmark"":""SunSpider"",""case"":""regexp-dna"",""mode"":""MAIN_MONOTONIC_V1"",""phase"":""correctness"",""N"":512,""checksum"":""249:300056"",""correctness"":""PASS"",""timer"":""benchNow"",""start_ms"":null,""stop_ms"":null,""elapsed_ms"":null,""elapsed_per_call_ms"":null,""warmup_calls"":0}
",,929898016836,878882497052,51015519784,3e035c9e-fd4d-4283-a7ce-c1d3e4721a0a,True,PASS,
wsl2-ubuntu2404-x64-20261004,MAIN_MONOTONIC_V1,SunSpider,selected_correctness,regexp-dna,regexp-dna,regexp-dna,quickjs,512,0,0,[],0,0,1,2026-10-04T16:48:59.721086+00:00,"[""/home/mzyx/three_engine_20261004/quickjs-04be246001599f5995fa2f2d8c91a0f198d3f34c/qjs"",""-I"",""/mnt/c/Users/mzyx/Desktop/0921/js-interpreter-bench/experiments/three_engine_baseline/adapters/quickjs.js"",""-I"",""/mnt/c/Users/mzyx/Desktop/0921/js-interpreter-bench/experiments/timer_recovery/adapters/quickjs.js"",""/mnt/c/Users/mzyx/Desktop/0921/js-interpreter-bench/experiments/sunspider_three_engine/MAIN_MONOTONIC_V1/attempt01/generated/regexp-dna.N512.selected_correctness.js""]",[],140d5233b0337d91cb0f994ae4a051e49aa04da8802acfaedf0a01b81a620b79,/mnt/c/Users/mzyx/Desktop/0921/js-interpreter-bench/experiments/sunspider_three_engine/MAIN_MONOTONIC_V1/attempt01/generated/regexp-dna.N512.selected_correctness.js,a07db2d84b48c641da671e43fd24ae8791b2780c38c8bf3092c5759fcebc8ca2,cd393c275173f20526562a008951f65a332deffed85e7c804519788b8ebffab7,0,True,,,,,249:300056,0,,300,False,0,"TEB_RESULT:{""benchmark"":""SunSpider"",""case"":""regexp-dna"",""mode"":""MAIN_MONOTONIC_V1"",""phase"":""correctness"",""N"":512,""checksum"":""249:300056"",""correctness"":""PASS"",""timer"":""benchNow"",""start_ms"":null,""stop_ms"":null,""elapsed_ms"":null,""elapsed_per_call_ms"":null,""warmup_calls"":0}
",,877664377281,842184280799,35480096482,3e035c9e-fd4d-4283-a7ce-c1d3e4721a0a,True,PASS,
wsl2-ubuntu2404-x64-20261004,MAIN_MONOTONIC_V1,SunSpider,selected_correctness,regexp-dna,regexp-dna,regexp-dna,v8,512,0,0,[],0,0,1,2026-10-04T16:49:33.488053+00:00,"[""/home/mzyx/three_engine_20261004/v8-linux64-rel-15.6.21/d8"",""--snapshot_blob=/home/mzyx/three_engine_20261004/v8-linux64-rel-15.6.21/snapshot_blob.bin"",""--max-opt=0"",""--no-lazy"",""/mnt/c/Users/mzyx/Desktop/0921/js-interpreter-bench/experiments/three_engine_baseline/adapters/v8.js"",""/mnt/c/Users/mzyx/Desktop/0921/js-interpreter-bench/experiments/timer_recovery/adapters/v8.js"",""/mnt/c/Users/mzyx/Desktop/0921/js-interpreter-bench/experiments/sunspider_three_engine/MAIN_MONOTONIC_V1/attempt01/generated/regexp-dna.N512.selected_correctness.js""]","[""--max-opt=0"",""--no-lazy""]",83b744a5953d2662ea723564d4035a333782a0cc85232d1025929a925150b133,/mnt/c/Users/mzyx/Desktop/0921/js-interpreter-bench/experiments/sunspider_three_engine/MAIN_MONOTONIC_V1/attempt01/generated/regexp-dna.N512.selected_correctness.js,a07db2d84b48c641da671e43fd24ae8791b2780c38c8bf3092c5759fcebc8ca2,e610d3aa3d2672a5e6d5eccd9aaf05c6ae6758d1b9c4468289f017a231ab7d9f,0,True,,,,,249:300056,0,,300,False,0,"TEB_RESULT:{""benchmark"":""SunSpider"",""case"":""regexp-dna"",""mode"":""MAIN_MONOTONIC_V1"",""phase"":""correctness"",""N"":512,""checksum"":""249:300056"",""correctness"":""PASS"",""timer"":""benchNow"",""start_ms"":null,""stop_ms"":null,""elapsed_ms"":null,""elapsed_per_call_ms"":null,""warmup_calls"":0}
",,878808752595,877738968586,1069784009,3e035c9e-fd4d-4283-a7ce-c1d3e4721a0a,True,PASS,
wsl2-ubuntu2404-x64-20261004,MAIN_MONOTONIC_V1,SunSpider,selected_correctness,string-base64,string-base64,string-base64,jsc,256,0,0,[],0,0,1,2026-10-04T16:50:28.268604+00:00,"[""/home/mzyx/jsc_build_fd3406f/JSCOnly/Release/bin/jsc"",""--useJIT=false"",""--useLLInt=true"",""--validateOptions=true"",""/mnt/c/Users/mzyx/Desktop/0921/js-interpreter-bench/experiments/three_engine_baseline/adapters/jsc.js"",""/mnt/c/Users/mzyx/Desktop/0921/js-interpreter-bench/experiments/timer_recovery/adapters/jsc.js"",""/mnt/c/Users/mzyx/Desktop/0921/js-interpreter-bench/experiments/sunspider_three_engine/MAIN_MONOTONIC_V1/attempt01/generated/string-base64.N256.selected_correctness.js""]","[""--useJIT=false"",""--useLLInt=true"",""--validateOptions=true""]",65c824a055405bf62b05e21d54515a72a1f0187a4d91225d00a6da969d35879f,/mnt/c/Users/mzyx/Desktop/0921/js-interpreter-bench/experiments/sunspider_three_engine/MAIN_MONOTONIC_V1/attempt01/generated/string-base64.N256.selected_correctness.js,be02afb7e488a1ac5276417d11292a2b99899de4c4d4130277cc049f389ed390,0c485996a598b7e36f2f292b66397adc0390cbe6b69b55199e47e1c6c1e37010,0,True,,,,,32768,0,,300,False,0,"TEB_RESULT:{""benchmark"":""SunSpider"",""case"":""string-base64"",""mode"":""MAIN_MONOTONIC_V1"",""phase"":""correctness"",""N"":256,""checksum"":""32768"",""correctness"":""PASS"",""timer"":""benchNow"",""start_ms"":null,""stop_ms"":null,""elapsed_ms"":null,""elapsed_per_call_ms"":null,""warmup_calls"":0}
",,939346243653,936716895336,2629348317,3e035c9e-fd4d-4283-a7ce-c1d3e4721a0a,True,PASS,
wsl2-ubuntu2404-x64-20261004,MAIN_MONOTONIC_V1,SunSpider,selected_correctness,string-base64,string-base64,string-base64,quickjs,256,0,0,[],0,0,1,2026-10-04T16:50:23.512088+00:00,"[""/home/mzyx/three_engine_20261004/quickjs-04be246001599f5995fa2f2d8c91a0f198d3f34c/qjs"",""-I"",""/mnt/c/Users/mzyx/Desktop/0921/js-interpreter-bench/experiments/three_engine_baseline/adapters/quickjs.js"",""-I"",""/mnt/c/Users/mzyx/Desktop/0921/js-interpreter-bench/experiments/timer_recovery/adapters/quickjs.js"",""/mnt/c/Users/mzyx/Desktop/0921/js-interpreter-bench/experiments/sunspider_three_engine/MAIN_MONOTONIC_V1/attempt01/generated/string-base64.N256.selected_correctness.js""]",[],140d5233b0337d91cb0f994ae4a051e49aa04da8802acfaedf0a01b81a620b79,/mnt/c/Users/mzyx/Desktop/0921/js-interpreter-bench/experiments/sunspider_three_engine/MAIN_MONOTONIC_V1/attempt01/generated/string-base64.N256.selected_correctness.js,be02afb7e488a1ac5276417d11292a2b99899de4c4d4130277cc049f389ed390,cd393c275173f20526562a008951f65a332deffed85e7c804519788b8ebffab7,0,True,,,,,32768,0,,300,False,0,"TEB_RESULT:{""benchmark"":""SunSpider"",""case"":""string-base64"",""mode"":""MAIN_MONOTONIC_V1"",""phase"":""correctness"",""N"":256,""checksum"":""32768"",""correctness"":""PASS"",""timer"":""benchNow"",""start_ms"":null,""stop_ms"":null,""elapsed_ms"":null,""elapsed_per_call_ms"":null,""warmup_calls"":0}
",,934884058550,929970826661,4913231889,3e035c9e-fd4d-4283-a7ce-c1d3e4721a0a,True,PASS,
wsl2-ubuntu2404-x64-20261004,MAIN_MONOTONIC_V1,SunSpider,selected_correctness,string-base64,string-base64,string-base64,v8,256,0,0,[],0,0,1,2026-10-04T16:50:26.489446+00:00,"[""/home/mzyx/three_engine_20261004/v8-linux64-rel-15.6.21/d8"",""--snapshot_blob=/home/mzyx/three_engine_20261004/v8-linux64-rel-15.6.21/snapshot_blob.bin"",""--max-opt=0"",""--no-lazy"",""/mnt/c/Users/mzyx/Desktop/0921/js-interpreter-bench/experiments/three_engine_baseline/adapters/v8.js"",""/mnt/c/Users/mzyx/Desktop/0921/js-interpreter-bench/experiments/timer_recovery/adapters/v8.js"",""/mnt/c/Users/mzyx/Desktop/0921/js-interpreter-bench/experiments/sunspider_three_engine/MAIN_MONOTONIC_V1/attempt01/generated/string-base64.N256.selected_correctness.js""]","[""--max-opt=0"",""--no-lazy""]",83b744a5953d2662ea723564d4035a333782a0cc85232d1025929a925150b133,/mnt/c/Users/mzyx/Desktop/0921/js-interpreter-bench/experiments/sunspider_three_engine/MAIN_MONOTONIC_V1/attempt01/generated/string-base64.N256.selected_correctness.js,be02afb7e488a1ac5276417d11292a2b99899de4c4d4130277cc049f389ed390,e610d3aa3d2672a5e6d5eccd9aaf05c6ae6758d1b9c4468289f017a231ab7d9f,0,True,,,,,32768,0,,300,False,0,"TEB_RESULT:{""benchmark"":""SunSpider"",""case"":""string-base64"",""mode"":""MAIN_MONOTONIC_V1"",""phase"":""correctness"",""N"":256,""checksum"":""32768"",""correctness"":""PASS"",""timer"":""benchNow"",""start_ms"":null,""stop_ms"":null,""elapsed_ms"":null,""elapsed_per_call_ms"":null,""warmup_calls"":0}
",,936649968767,934936304072,1713664695,3e035c9e-fd4d-4283-a7ce-c1d3e4721a0a,True,PASS,
wsl2-ubuntu2404-x64-20261004,MAIN_MONOTONIC_V1,SunSpider,selected_correctness,string-fasta,string-fasta,string-fasta,jsc,128,0,0,[],0,0,1,2026-10-04T16:50:35.705721+00:00,"[""/home/mzyx/jsc_build_fd3406f/JSCOnly/Release/bin/jsc"",""--useJIT=false"",""--useLLInt=true"",""--validateOptions=true"",""/mnt/c/Users/mzyx/Desktop/0921/js-interpreter-bench/experiments/three_engine_baseline/adapters/jsc.js"",""/mnt/c/Users/mzyx/Desktop/0921/js-interpreter-bench/experiments/timer_recovery/adapters/jsc.js"",""/mnt/c/Users/mzyx/Desktop/0921/js-interpreter-bench/experiments/sunspider_three_engine/MAIN_MONOTONIC_V1/attempt01/generated/string-fasta.N128.selected_correctness.js""]","[""--useJIT=false"",""--useLLInt=true"",""--validateOptions=true""]",65c824a055405bf62b05e21d54515a72a1f0187a4d91225d00a6da969d35879f,/mnt/c/Users/mzyx/Desktop/0921/js-interpreter-bench/experiments/sunspider_three_engine/MAIN_MONOTONIC_V1/attempt01/generated/string-fasta.N128.selected_correctness.js,a59013da64ac393f79dc6a4a4b3741a20c9bcf109a5b1e56617940db7f243efd,0c485996a598b7e36f2f292b66397adc0390cbe6b69b55199e47e1c6c1e37010,0,True,,,,,1456000,0,,300,False,0,"TEB_RESULT:{""benchmark"":""SunSpider"",""case"":""string-fasta"",""mode"":""MAIN_MONOTONIC_V1"",""phase"":""correctness"",""N"":128,""checksum"":""1456000"",""correctness"":""PASS"",""timer"":""benchNow"",""start_ms"":null,""stop_ms"":null,""elapsed_ms"":null,""elapsed_per_call_ms"":null,""warmup_calls"":0}
",,945926089797,944153972087,1772117710,3e035c9e-fd4d-4283-a7ce-c1d3e4721a0a,True,PASS,
wsl2-ubuntu2404-x64-20261004,MAIN_MONOTONIC_V1,SunSpider,selected_correctness,string-fasta,string-fasta,string-fasta,quickjs,128,0,0,[],0,0,1,2026-10-04T16:50:30.954398+00:00,"[""/home/mzyx/three_engine_20261004/quickjs-04be246001599f5995fa2f2d8c91a0f198d3f34c/qjs"",""-I"",""/mnt/c/Users/mzyx/Desktop/0921/js-interpreter-bench/experiments/three_engine_baseline/adapters/quickjs.js"",""-I"",""/mnt/c/Users/mzyx/Desktop/0921/js-interpreter-bench/experiments/timer_recovery/adapters/quickjs.js"",""/mnt/c/Users/mzyx/Desktop/0921/js-interpreter-bench/experiments/sunspider_three_engine/MAIN_MONOTONIC_V1/attempt01/generated/string-fasta.N128.selected_correctness.js""]",[],140d5233b0337d91cb0f994ae4a051e49aa04da8802acfaedf0a01b81a620b79,/mnt/c/Users/mzyx/Desktop/0921/js-interpreter-bench/experiments/sunspider_three_engine/MAIN_MONOTONIC_V1/attempt01/generated/string-fasta.N128.selected_correctness.js,a59013da64ac393f79dc6a4a4b3741a20c9bcf109a5b1e56617940db7f243efd,cd393c275173f20526562a008951f65a332deffed85e7c804519788b8ebffab7,0,True,,,,,1456000,0,,300,False,0,"TEB_RESULT:{""benchmark"":""SunSpider"",""case"":""string-fasta"",""mode"":""MAIN_MONOTONIC_V1"",""phase"":""correctness"",""N"":128,""checksum"":""1456000"",""correctness"":""PASS"",""timer"":""benchNow"",""start_ms"":null,""stop_ms"":null,""elapsed_ms"":null,""elapsed_per_call_ms"":null,""warmup_calls"":0}
",,942566877962,939409039394,3157838568,3e035c9e-fd4d-4283-a7ce-c1d3e4721a0a,True,PASS,
wsl2-ubuntu2404-x64-20261004,MAIN_MONOTONIC_V1,SunSpider,selected_correctness,string-fasta,string-fasta,string-fasta,v8,128,0,0,[],0,0,1,2026-10-04T16:50:34.182513+00:00,"[""/home/mzyx/three_engine_20261004/v8-linux64-rel-15.6.21/d8"",""--snapshot_blob=/home/mzyx/three_engine_20261004/v8-linux64-rel-15.6.21/snapshot_blob.bin"",""--max-opt=0"",""--no-lazy"",""/mnt/c/Users/mzyx/Desktop/0921/js-interpreter-bench/experiments/three_engine_baseline/adapters/v8.js"",""/mnt/c/Users/mzyx/Desktop/0921/js-interpreter-bench/experiments/timer_recovery/adapters/v8.js"",""/mnt/c/Users/mzyx/Desktop/0921/js-interpreter-bench/experiments/sunspider_three_engine/MAIN_MONOTONIC_V1/attempt01/generated/string-fasta.N128.selected_correctness.js""]","[""--max-opt=0"",""--no-lazy""]",83b744a5953d2662ea723564d4035a333782a0cc85232d1025929a925150b133,/mnt/c/Users/mzyx/Desktop/0921/js-interpreter-bench/experiments/sunspider_three_engine/MAIN_MONOTONIC_V1/attempt01/generated/string-fasta.N128.selected_correctness.js,a59013da64ac393f79dc6a4a4b3741a20c9bcf109a5b1e56617940db7f243efd,e610d3aa3d2672a5e6d5eccd9aaf05c6ae6758d1b9c4468289f017a231ab7d9f,0,True,,,,,1456000,0,,300,False,0,"TEB_RESULT:{""benchmark"":""SunSpider"",""case"":""string-fasta"",""mode"":""MAIN_MONOTONIC_V1"",""phase"":""correctness"",""N"":128,""checksum"":""1456000"",""correctness"":""PASS"",""timer"":""benchNow"",""start_ms"":null,""stop_ms"":null,""elapsed_ms"":null,""elapsed_per_call_ms"":null,""warmup_calls"":0}
",,944088969409,942631216841,1457752568,3e035c9e-fd4d-4283-a7ce-c1d3e4721a0a,True,PASS,
wsl2-ubuntu2404-x64-20261004,MAIN_MONOTONIC_V1,SunSpider,selected_correctness,string-tagcloud,string-tagcloud,string-tagcloud,jsc,256,0,0,[],0,0,1,2026-10-04T16:50:45.214869+00:00,"[""/home/mzyx/jsc_build_fd3406f/JSCOnly/Release/bin/jsc"",""--useJIT=false"",""--useLLInt=true"",""--validateOptions=true"",""/mnt/c/Users/mzyx/Desktop/0921/js-interpreter-bench/experiments/three_engine_baseline/adapters/jsc.js"",""/mnt/c/Users/mzyx/Desktop/0921/js-interpreter-bench/experiments/timer_recovery/adapters/jsc.js"",""/mnt/c/Users/mzyx/Desktop/0921/js-interpreter-bench/experiments/sunspider_three_engine/MAIN_MONOTONIC_V1/attempt01/generated/string-tagcloud.N256.selected_correctness.js""]","[""--useJIT=false"",""--useLLInt=true"",""--validateOptions=true""]",65c824a055405bf62b05e21d54515a72a1f0187a4d91225d00a6da969d35879f,/mnt/c/Users/mzyx/Desktop/0921/js-interpreter-bench/experiments/sunspider_three_engine/MAIN_MONOTONIC_V1/attempt01/generated/string-tagcloud.N256.selected_correctness.js,098c78d8998f9e8afd9bc59f17c9eb316a08d52fc52ec16b302262f8cb166052,0c485996a598b7e36f2f292b66397adc0390cbe6b69b55199e47e1c6c1e37010,0,True,,,,,315241,0,,300,False,0,"TEB_RESULT:{""benchmark"":""SunSpider"",""case"":""string-tagcloud"",""mode"":""MAIN_MONOTONIC_V1"",""phase"":""correctness"",""N"":256,""checksum"":""315241"",""correctness"":""PASS"",""timer"":""benchNow"",""start_ms"":null,""stop_ms"":null,""elapsed_ms"":null,""elapsed_per_call_ms"":null,""warmup_calls"":0}
",,958705864684,953664433629,5041431055,3e035c9e-fd4d-4283-a7ce-c1d3e4721a0a,True,PASS,
wsl2-ubuntu2404-x64-20261004,MAIN_MONOTONIC_V1,SunSpider,selected_correctness,string-tagcloud,string-tagcloud,string-tagcloud,quickjs,256,0,0,[],0,0,1,2026-10-04T16:50:37.542760+00:00,"[""/home/mzyx/three_engine_20261004/quickjs-04be246001599f5995fa2f2d8c91a0f198d3f34c/qjs"",""-I"",""/mnt/c/Users/mzyx/Desktop/0921/js-interpreter-bench/experiments/three_engine_baseline/adapters/quickjs.js"",""-I"",""/mnt/c/Users/mzyx/Desktop/0921/js-interpreter-bench/experiments/timer_recovery/adapters/quickjs.js"",""/mnt/c/Users/mzyx/Desktop/0921/js-interpreter-bench/experiments/sunspider_three_engine/MAIN_MONOTONIC_V1/attempt01/generated/string-tagcloud.N256.selected_correctness.js""]",[],140d5233b0337d91cb0f994ae4a051e49aa04da8802acfaedf0a01b81a620b79,/mnt/c/Users/mzyx/Desktop/0921/js-interpreter-bench/experiments/sunspider_three_engine/MAIN_MONOTONIC_V1/attempt01/generated/string-tagcloud.N256.selected_correctness.js,098c78d8998f9e8afd9bc59f17c9eb316a08d52fc52ec16b302262f8cb166052,cd393c275173f20526562a008951f65a332deffed85e7c804519788b8ebffab7,0,True,,,,,315241,0,,300,False,0,"TEB_RESULT:{""benchmark"":""SunSpider"",""case"":""string-tagcloud"",""mode"":""MAIN_MONOTONIC_V1"",""phase"":""correctness"",""N"":256,""checksum"":""315241"",""correctness"":""PASS"",""timer"":""benchNow"",""start_ms"":null,""stop_ms"":null,""elapsed_ms"":null,""elapsed_per_call_ms"":null,""warmup_calls"":0}
",,951965697480,946010950464,5954747016,3e035c9e-fd4d-4283-a7ce-c1d3e4721a0a,True,PASS,
wsl2-ubuntu2404-x64-20261004,MAIN_MONOTONIC_V1,SunSpider,selected_correctness,string-tagcloud,string-tagcloud,string-tagcloud,v8,256,0,0,[],0,0,1,2026-10-04T16:50:43.577710+00:00,"[""/home/mzyx/three_engine_20261004/v8-linux64-rel-15.6.21/d8"",""--snapshot_blob=/home/mzyx/three_engine_20261004/v8-linux64-rel-15.6.21/snapshot_blob.bin"",""--max-opt=0"",""--no-lazy"",""/mnt/c/Users/mzyx/Desktop/0921/js-interpreter-bench/experiments/three_engine_baseline/adapters/v8.js"",""/mnt/c/Users/mzyx/Desktop/0921/js-interpreter-bench/experiments/timer_recovery/adapters/v8.js"",""/mnt/c/Users/mzyx/Desktop/0921/js-interpreter-bench/experiments/sunspider_three_engine/MAIN_MONOTONIC_V1/attempt01/generated/string-tagcloud.N256.selected_correctness.js""]","[""--max-opt=0"",""--no-lazy""]",83b744a5953d2662ea723564d4035a333782a0cc85232d1025929a925150b133,/mnt/c/Users/mzyx/Desktop/0921/js-interpreter-bench/experiments/sunspider_three_engine/MAIN_MONOTONIC_V1/attempt01/generated/string-tagcloud.N256.selected_correctness.js,098c78d8998f9e8afd9bc59f17c9eb316a08d52fc52ec16b302262f8cb166052,e610d3aa3d2672a5e6d5eccd9aaf05c6ae6758d1b9c4468289f017a231ab7d9f,0,True,,,,,315241,0,,300,False,0,"TEB_RESULT:{""benchmark"":""SunSpider"",""case"":""string-tagcloud"",""mode"":""MAIN_MONOTONIC_V1"",""phase"":""correctness"",""N"":256,""checksum"":""315241"",""correctness"":""PASS"",""timer"":""benchNow"",""start_ms"":null,""stop_ms"":null,""elapsed_ms"":null,""elapsed_per_call_ms"":null,""warmup_calls"":0}
",,953596222939,952025461299,1570761640,3e035c9e-fd4d-4283-a7ce-c1d3e4721a0a,True,PASS,
wsl2-ubuntu2404-x64-20261004,MAIN_MONOTONIC_V1,SunSpider,selected_correctness,string-unpack-code,string-unpack-code,string-unpack-code,jsc,256,0,0,[],0,0,1,2026-10-04T16:51:02.016110+00:00,"[""/home/mzyx/jsc_build_fd3406f/JSCOnly/Release/bin/jsc"",""--useJIT=false"",""--useLLInt=true"",""--validateOptions=true"",""/mnt/c/Users/mzyx/Desktop/0921/js-interpreter-bench/experiments/three_engine_baseline/adapters/jsc.js"",""/mnt/c/Users/mzyx/Desktop/0921/js-interpreter-bench/experiments/timer_recovery/adapters/jsc.js"",""/mnt/c/Users/mzyx/Desktop/0921/js-interpreter-bench/experiments/sunspider_three_engine/MAIN_MONOTONIC_V1/attempt01/generated/string-unpack-code.N256.selected_correctness.js""]","[""--useJIT=false"",""--useLLInt=true"",""--validateOptions=true""]",65c824a055405bf62b05e21d54515a72a1f0187a4d91225d00a6da969d35879f,/mnt/c/Users/mzyx/Desktop/0921/js-interpreter-bench/experiments/sunspider_three_engine/MAIN_MONOTONIC_V1/attempt01/generated/string-unpack-code.N256.selected_correctness.js,e00002d67118f20161f4fa7d878600d3dd7cc7a019e0d8040c62a01482c9b2a7,0c485996a598b7e36f2f292b66397adc0390cbe6b69b55199e47e1c6c1e37010,0,True,,,,,511508,0,,300,False,0,"TEB_RESULT:{""benchmark"":""SunSpider"",""case"":""string-unpack-code"",""mode"":""MAIN_MONOTONIC_V1"",""phase"":""correctness"",""N"":256,""checksum"":""511508"",""correctness"":""PASS"",""timer"":""benchNow"",""start_ms"":null,""stop_ms"":null,""elapsed_ms"":null,""elapsed_per_call_ms"":null,""warmup_calls"":0}
",,976102178456,972637691855,3464486601,3e035c9e-fd4d-4283-a7ce-c1d3e4721a0a,True,PASS,
wsl2-ubuntu2404-x64-20261004,MAIN_MONOTONIC_V1,SunSpider,selected_correctness,string-unpack-code,string-unpack-code,string-unpack-code,quickjs,256,0,0,[],0,0,1,2026-10-04T16:50:50.316505+00:00,"[""/home/mzyx/three_engine_20261004/quickjs-04be246001599f5995fa2f2d8c91a0f198d3f34c/qjs"",""-I"",""/mnt/c/Users/mzyx/Desktop/0921/js-interpreter-bench/experiments/three_engine_baseline/adapters/quickjs.js"",""-I"",""/mnt/c/Users/mzyx/Desktop/0921/js-interpreter-bench/experiments/timer_recovery/adapters/quickjs.js"",""/mnt/c/Users/mzyx/Desktop/0921/js-interpreter-bench/experiments/sunspider_three_engine/MAIN_MONOTONIC_V1/attempt01/generated/string-unpack-code.N256.selected_correctness.js""]",[],140d5233b0337d91cb0f994ae4a051e49aa04da8802acfaedf0a01b81a620b79,/mnt/c/Users/mzyx/Desktop/0921/js-interpreter-bench/experiments/sunspider_three_engine/MAIN_MONOTONIC_V1/attempt01/generated/string-unpack-code.N256.selected_correctness.js,e00002d67118f20161f4fa7d878600d3dd7cc7a019e0d8040c62a01482c9b2a7,cd393c275173f20526562a008951f65a332deffed85e7c804519788b8ebffab7,0,True,,,,,511508,0,,300,False,0,"TEB_RESULT:{""benchmark"":""SunSpider"",""case"":""string-unpack-code"",""mode"":""MAIN_MONOTONIC_V1"",""phase"":""correctness"",""N"":256,""checksum"":""511508"",""correctness"":""PASS"",""timer"":""benchNow"",""start_ms"":null,""stop_ms"":null,""elapsed_ms"":null,""elapsed_per_call_ms"":null,""warmup_calls"":0}
",,970662105957,958793727051,11868378906,3e035c9e-fd4d-4283-a7ce-c1d3e4721a0a,True,PASS,
wsl2-ubuntu2404-x64-20261004,MAIN_MONOTONIC_V1,SunSpider,selected_correctness,string-unpack-code,string-unpack-code,string-unpack-code,v8,256,0,0,[],0,0,1,2026-10-04T16:51:00.105754+00:00,"[""/home/mzyx/three_engine_20261004/v8-linux64-rel-15.6.21/d8"",""--snapshot_blob=/home/mzyx/three_engine_20261004/v8-linux64-rel-15.6.21/snapshot_blob.bin"",""--max-opt=0"",""--no-lazy"",""/mnt/c/Users/mzyx/Desktop/0921/js-interpreter-bench/experiments/three_engine_baseline/adapters/v8.js"",""/mnt/c/Users/mzyx/Desktop/0921/js-interpreter-bench/experiments/timer_recovery/adapters/v8.js"",""/mnt/c/Users/mzyx/Desktop/0921/js-interpreter-bench/experiments/sunspider_three_engine/MAIN_MONOTONIC_V1/attempt01/generated/string-unpack-code.N256.selected_correctness.js""]","[""--max-opt=0"",""--no-lazy""]",83b744a5953d2662ea723564d4035a333782a0cc85232d1025929a925150b133,/mnt/c/Users/mzyx/Desktop/0921/js-interpreter-bench/experiments/sunspider_three_engine/MAIN_MONOTONIC_V1/attempt01/generated/string-unpack-code.N256.selected_correctness.js,e00002d67118f20161f4fa7d878600d3dd7cc7a019e0d8040c62a01482c9b2a7,e610d3aa3d2672a5e6d5eccd9aaf05c6ae6758d1b9c4468289f017a231ab7d9f,0,True,,,,,511508,0,,300,False,0,"TEB_RESULT:{""benchmark"":""SunSpider"",""case"":""string-unpack-code"",""mode"":""MAIN_MONOTONIC_V1"",""phase"":""correctness"",""N"":256,""checksum"":""511508"",""correctness"":""PASS"",""timer"":""benchNow"",""start_ms"":null,""stop_ms"":null,""elapsed_ms"":null,""elapsed_per_call_ms"":null,""warmup_calls"":0}
",,972563342539,970724461754,1838880785,3e035c9e-fd4d-4283-a7ce-c1d3e4721a0a,True,PASS,
wsl2-ubuntu2404-x64-20261004,MAIN_MONOTONIC_V1,SunSpider,selected_correctness,string-validate-input,string-validate-input,string-validate-input,jsc,256,0,0,[],0,0,1,2026-10-04T16:51:10.337280+00:00,"[""/home/mzyx/jsc_build_fd3406f/JSCOnly/Release/bin/jsc"",""--useJIT=false"",""--useLLInt=true"",""--validateOptions=true"",""/mnt/c/Users/mzyx/Desktop/0921/js-interpreter-bench/experiments/three_engine_baseline/adapters/jsc.js"",""/mnt/c/Users/mzyx/Desktop/0921/js-interpreter-bench/experiments/timer_recovery/adapters/jsc.js"",""/mnt/c/Users/mzyx/Desktop/0921/js-interpreter-bench/experiments/sunspider_three_engine/MAIN_MONOTONIC_V1/attempt01/generated/string-validate-input.N256.selected_correctness.js""]","[""--useJIT=false"",""--useLLInt=true"",""--validateOptions=true""]",65c824a055405bf62b05e21d54515a72a1f0187a4d91225d00a6da969d35879f,/mnt/c/Users/mzyx/Desktop/0921/js-interpreter-bench/experiments/sunspider_three_engine/MAIN_MONOTONIC_V1/attempt01/generated/string-validate-input.N256.selected_correctness.js,90a4754cfb4248eee2543e4027ae00a9d132c42b1f1abdad25985279a5526fd3,0c485996a598b7e36f2f292b66397adc0390cbe6b69b55199e47e1c6c1e37010,0,True,,,,,462000,0,,300,False,0,"TEB_RESULT:{""benchmark"":""SunSpider"",""case"":""string-validate-input"",""mode"":""MAIN_MONOTONIC_V1"",""phase"":""correctness"",""N"":256,""checksum"":""462000"",""correctness"":""PASS"",""timer"":""benchNow"",""start_ms"":null,""stop_ms"":null,""elapsed_ms"":null,""elapsed_per_call_ms"":null,""warmup_calls"":0}
",,983808458848,980956464055,2851994793,3e035c9e-fd4d-4283-a7ce-c1d3e4721a0a,True,PASS,
wsl2-ubuntu2404-x64-20261004,MAIN_MONOTONIC_V1,SunSpider,selected_correctness,string-validate-input,string-validate-input,string-validate-input,quickjs,256,0,0,[],0,0,1,2026-10-04T16:51:05.544480+00:00,"[""/home/mzyx/three_engine_20261004/quickjs-04be246001599f5995fa2f2d8c91a0f198d3f34c/qjs"",""-I"",""/mnt/c/Users/mzyx/Desktop/0921/js-interpreter-bench/experiments/three_engine_baseline/adapters/quickjs.js"",""-I"",""/mnt/c/Users/mzyx/Desktop/0921/js-interpreter-bench/experiments/timer_recovery/adapters/quickjs.js"",""/mnt/c/Users/mzyx/Desktop/0921/js-interpreter-bench/experiments/sunspider_three_engine/MAIN_MONOTONIC_V1/attempt01/generated/string-validate-input.N256.selected_correctness.js""]",[],140d5233b0337d91cb0f994ae4a051e49aa04da8802acfaedf0a01b81a620b79,/mnt/c/Users/mzyx/Desktop/0921/js-interpreter-bench/experiments/sunspider_three_engine/MAIN_MONOTONIC_V1/attempt01/generated/string-validate-input.N256.selected_correctness.js,90a4754cfb4248eee2543e4027ae00a9d132c42b1f1abdad25985279a5526fd3,cd393c275173f20526562a008951f65a332deffed85e7c804519788b8ebffab7,0,True,,,,,462000,0,,300,False,0,"TEB_RESULT:{""benchmark"":""SunSpider"",""case"":""string-validate-input"",""mode"":""MAIN_MONOTONIC_V1"",""phase"":""correctness"",""N"":256,""checksum"":""462000"",""correctness"":""PASS"",""timer"":""benchNow"",""start_ms"":null,""stop_ms"":null,""elapsed_ms"":null,""elapsed_per_call_ms"":null,""warmup_calls"":0}
",,979259536710,976172543840,3086992870,3e035c9e-fd4d-4283-a7ce-c1d3e4721a0a,True,PASS,
wsl2-ubuntu2404-x64-20261004,MAIN_MONOTONIC_V1,SunSpider,selected_correctness,string-validate-input,string-validate-input,string-validate-input,v8,256,0,0,[],0,0,1,2026-10-04T16:51:08.700079+00:00,"[""/home/mzyx/three_engine_20261004/v8-linux64-rel-15.6.21/d8"",""--snapshot_blob=/home/mzyx/three_engine_20261004/v8-linux64-rel-15.6.21/snapshot_blob.bin"",""--max-opt=0"",""--no-lazy"",""/mnt/c/Users/mzyx/Desktop/0921/js-interpreter-bench/experiments/three_engine_baseline/adapters/v8.js"",""/mnt/c/Users/mzyx/Desktop/0921/js-interpreter-bench/experiments/timer_recovery/adapters/v8.js"",""/mnt/c/Users/mzyx/Desktop/0921/js-interpreter-bench/experiments/sunspider_three_engine/MAIN_MONOTONIC_V1/attempt01/generated/string-validate-input.N256.selected_correctness.js""]","[""--max-opt=0"",""--no-lazy""]",83b744a5953d2662ea723564d4035a333782a0cc85232d1025929a925150b133,/mnt/c/Users/mzyx/Desktop/0921/js-interpreter-bench/experiments/sunspider_three_engine/MAIN_MONOTONIC_V1/attempt01/generated/string-validate-input.N256.selected_correctness.js,90a4754cfb4248eee2543e4027ae00a9d132c42b1f1abdad25985279a5526fd3,e610d3aa3d2672a5e6d5eccd9aaf05c6ae6758d1b9c4468289f017a231ab7d9f,0,True,,,,,462000,0,,300,False,0,"TEB_RESULT:{""benchmark"":""SunSpider"",""case"":""string-validate-input"",""mode"":""MAIN_MONOTONIC_V1"",""phase"":""correctness"",""N"":256,""checksum"":""462000"",""correctness"":""PASS"",""timer"":""benchNow"",""start_ms"":null,""stop_ms"":null,""elapsed_ms"":null,""elapsed_per_call_ms"":null,""warmup_calls"":0}
",,980887788902,979318172428,1569616474,3e035c9e-fd4d-4283-a7ce-c1d3e4721a0a,True,PASS,
