WARNING: clang and clang++ not found in PATH: building with the default system compiler instead of Clang.
+  cmake -DPORT="JSCOnly" -DCMAKE_BUILD_TYPE=Release -G Ninja -DSHOW_BINDINGS_GENERATION_PROGRESS=1 -DDEVELOPER_MODE=ON  -DENABLE_FTL_JIT=ON  /home/mzyx/jsc_webkit_fd3406f "/home/mzyx/jsc_webkit_fd3406f"
-- The CMake build type is: Release
-- Ruby interpreter executable
-- Ruby interpreter executable - /usr/bin/ruby (version: 3.2.3)
-- Enabling ccache: Couldn't find ccache program. Not enabling it.
-- Linker variant in use: BFD 
--   Linker supports thin archives - TRUE
--   Linker supports split debug info - TRUE
--   Linker supports --gdb-index - FALSE
--   Linker supports --disable-new-dtags - TRUE
--   Linker supports --gc-sections - TRUE
-- Archiver variant in use: BFD
--   Archiver supports thin archives - TRUE
-- C++ standard library in use: GLIBCXX
--   Assertions enabled, _GLIBCXX_ASSERTIONS=1
-- Found the following ICU libraries:
--   data (required): /usr/lib/x86_64-linux-gnu/libicudata.so
--   i18n (required): /usr/lib/x86_64-linux-gnu/libicui18n.so
--   uc (required): /usr/lib/x86_64-linux-gnu/libicuuc.so
-- Not recording the build settings: /home/mzyx/jsc_build_fd3406f/JSCOnly/Release is not in /home/mzyx/jsc_webkit_fd3406f/WebKitBuild
-- Using platform-specific CMakeLists: /home/mzyx/jsc_webkit_fd3406f/Source/bmalloc/PlatformJSCOnly.cmake
-- Using platform-specific CMakeLists: /home/mzyx/jsc_webkit_fd3406f/Source/WTF/wtf/PlatformJSCOnly.cmake
-- Copying generate-unified-source-bundles.py to: /home/mzyx/jsc_build_fd3406f/JSCOnly/Release/WTF/Scripts
-- Using platform-specific CMakeLists: /home/mzyx/jsc_webkit_fd3406f/Source/JavaScriptCore/PlatformJSCOnly.cmake
-- Using source list file: Sources.txt
-- Platform-specific CMakeLists not found: /home/mzyx/jsc_webkit_fd3406f/Source/JavaScriptCore/shell/PlatformJSCOnly.cmake
-- Platform-specific CMakeLists not found: /home/mzyx/jsc_webkit_fd3406f/Source/ThirdParty/gtest/PlatformJSCOnly.cmake
-- Performing Test CXX_COMPILER_SUPPORTS_-Wno-undef
-- Performing Test CXX_COMPILER_SUPPORTS_-Wno-undef - Success
-- Performing Test CXX_COMPILER_SUPPORTS_-Wno-stringop-truncation
-- Performing Test CXX_COMPILER_SUPPORTS_-Wno-stringop-truncation - Success
-- Performing Test CXX_COMPILER_SUPPORTS_-Wno-suggest-attribute__format
-- Performing Test CXX_COMPILER_SUPPORTS_-Wno-suggest-attribute__format - Success
-- Platform-specific CMakeLists not found: /home/mzyx/jsc_webkit_fd3406f/Source/PlatformJSCOnly.cmake
-- Platform-specific CMakeLists not found: /home/mzyx/jsc_webkit_fd3406f/Tools/PlatformJSCOnly.cmake
-- Using platform-specific CMakeLists: /home/mzyx/jsc_webkit_fd3406f/Tools/TestWebKitAPI/PlatformJSCOnly.cmake
-- Performing Test CXX_COMPILER_SUPPORTS_-Wno-dangling-else
-- Performing Test CXX_COMPILER_SUPPORTS_-Wno-dangling-else - Success
-- Performing Test CXX_COMPILER_SUPPORTS_-Wno-deprecated-declarations
-- Performing Test CXX_COMPILER_SUPPORTS_-Wno-deprecated-declarations - Success
-- Performing Test CXX_COMPILER_SUPPORTS_-Wno-sign-compare
-- Performing Test CXX_COMPILER_SUPPORTS_-Wno-sign-compare - Success
-- Performing Test CXX_COMPILER_SUPPORTS_-Wno-unused-parameter
-- Performing Test CXX_COMPILER_SUPPORTS_-Wno-unused-parameter - Success
-- Enabled features:
--  ENABLE_FUZZILLI ........................................ OFF
--  ENABLE_JSC_GLIB_API                                      OFF
--  ENABLE_STATIC_JSC ...................................... OFF
--  USE_LIBBACKTRACE                                         OFF
-- Configuring done (4.2s)
-- Generating done (0.1s)
-- Build files have been written to: /home/mzyx/jsc_build_fd3406f/JSCOnly/Release
+  cmake --build /home/mzyx/jsc_build_fd3406f/JSCOnly/Release --config Release -- jsc testb3 testair testapi testmasm testdfg testwasmdebugger -j2
[1/2719] Building CXX object Source/bmalloc/CMakeFiles/bmalloc.dir/bmalloc/CryptoRandom.cpp.o
[2/2719] Building CXX object Source/bmalloc/CMakeFiles/bmalloc.dir/bmalloc/SystemHeap.cpp.o
[3/2719] Building CXX object Source/bmalloc/CMakeFiles/bmalloc.dir/bmalloc/Environment.cpp.o
[4/2719] Building CXX object Source/bmalloc/CMakeFiles/bmalloc.dir/bmalloc/HeapKind.cpp.o
[5/2719] Building CXX object Source/bmalloc/CMakeFiles/bmalloc.dir/bmalloc/Logging.cpp.o
[6/2719] Building CXX object Source/bmalloc/CMakeFiles/bmalloc.dir/bmalloc/Mutex.cpp.o
[7/2719] Building CXX object Source/bmalloc/CMakeFiles/bmalloc.dir/bmalloc/TZoneHeap.cpp.o
[8/2719] Building CXX object Source/bmalloc/CMakeFiles/bmalloc.dir/bmalloc/TZoneHeapManager.cpp.o
[9/2719] Building CXX object Source/bmalloc/CMakeFiles/bmalloc.dir/bmalloc/VMAllocate.cpp.o
[10/2719] Building CXX object Source/bmalloc/CMakeFiles/bmalloc.dir/bmalloc/Gigacage.cpp.o
[11/2719] Building CXX object Source/bmalloc/CMakeFiles/bmalloc.dir/libpas/src/libpas/bmalloc_heap.c.o
[12/2719] Building CXX object Source/bmalloc/CMakeFiles/bmalloc.dir/bmalloc/bmalloc.cpp.o
[13/2719] Building CXX object Source/bmalloc/CMakeFiles/bmalloc.dir/libpas/src/libpas/bmalloc_heap_flex.c.o
[14/2719] Building CXX object Source/bmalloc/CMakeFiles/bmalloc.dir/libpas/src/libpas/bmalloc_heap_iso.c.o
[15/2719] Building CXX object Source/bmalloc/CMakeFiles/bmalloc.dir/libpas/src/libpas/bmalloc_heap_utils.c.o
[16/2719] Building CXX object Source/bmalloc/CMakeFiles/bmalloc.dir/libpas/src/libpas/bmalloc_heap_config.c.o
[17/2719] Building CXX object Source/bmalloc/CMakeFiles/bmalloc.dir/libpas/src/libpas/jit_heap.c.o
[18/2719] Building CXX object Source/bmalloc/CMakeFiles/bmalloc.dir/libpas/src/libpas/bmalloc_prefault_supply.c.o
[19/2719] Building CXX object Source/bmalloc/CMakeFiles/bmalloc.dir/libpas/src/libpas/pas_bitfit_page_config_kind.c.o
[20/2719] Building CXX object Source/bmalloc/CMakeFiles/bmalloc.dir/libpas/src/libpas/pas_heap_config_kind.c.o
[21/2719] Building CXX object Source/bmalloc/CMakeFiles/bmalloc.dir/libpas/src/libpas/pas_segregated_page_config_kind.c.o
[22/2719] Building CXX object Source/bmalloc/CMakeFiles/bmalloc.dir/libpas/src/libpas/tagged_bmalloc_heap.c.o
[23/2719] Building CXX object Source/bmalloc/CMakeFiles/bmalloc.dir/libpas/src/libpas/tagged_bmalloc_heap_utils.c.o
[24/2719] Building C object Source/bmalloc/CMakeFiles/bmalloc.dir/libpas/src/libpas/bmalloc_type.c.o
[25/2719] Building C object Source/bmalloc/CMakeFiles/bmalloc.dir/libpas/src/libpas/hotbit_heap.c.o
[26/2719] Building C object Source/bmalloc/CMakeFiles/bmalloc.dir/libpas/src/libpas/hotbit_heap_config.c.o
[27/2719] Building C object Source/bmalloc/CMakeFiles/bmalloc.dir/libpas/src/libpas/iso_heap.c.o
[28/2719] Building C object Source/bmalloc/CMakeFiles/bmalloc.dir/libpas/src/libpas/iso_heap_config.c.o
[29/2719] Building C object Source/bmalloc/CMakeFiles/bmalloc.dir/libpas/src/libpas/iso_test_heap.c.o
[30/2719] Building C object Source/bmalloc/CMakeFiles/bmalloc.dir/libpas/src/libpas/iso_test_heap_config.c.o
[31/2719] Building CXX object Source/bmalloc/CMakeFiles/bmalloc.dir/libpas/src/libpas/tagged_bmalloc_heap_config.c.o
[32/2719] Building C object Source/bmalloc/CMakeFiles/bmalloc.dir/libpas/src/libpas/minalign32_heap.c.o
[33/2719] Building C object Source/bmalloc/CMakeFiles/bmalloc.dir/libpas/src/libpas/minalign32_heap_config.c.o
[34/2719] Building C object Source/bmalloc/CMakeFiles/bmalloc.dir/libpas/src/libpas/pagesize64k_heap.c.o
[35/2719] Building C object Source/bmalloc/CMakeFiles/bmalloc.dir/libpas/src/libpas/pagesize64k_heap_config.c.o
[36/2719] Building C object Source/bmalloc/CMakeFiles/bmalloc.dir/libpas/src/libpas/pas_alignment.c.o
[37/2719] Building C object Source/bmalloc/CMakeFiles/bmalloc.dir/libpas/src/libpas/jit_heap_config.c.o
[38/2719] Building C object Source/bmalloc/CMakeFiles/bmalloc.dir/libpas/src/libpas/pas_allocation_callbacks.c.o
[39/2719] Building C object Source/bmalloc/CMakeFiles/bmalloc.dir/libpas/src/libpas/pas_allocation_result.c.o
[40/2719] Building C object Source/bmalloc/CMakeFiles/bmalloc.dir/libpas/src/libpas/pas_baseline_allocator.c.o
[41/2719] Building C object Source/bmalloc/CMakeFiles/bmalloc.dir/libpas/src/libpas/pas_all_heaps.c.o
[42/2719] Building C object Source/bmalloc/CMakeFiles/bmalloc.dir/libpas/src/libpas/pas_baseline_allocator_table.c.o
[43/2719] Building C object Source/bmalloc/CMakeFiles/bmalloc.dir/libpas/src/libpas/pas_basic_heap_config_enumerator_data.c.o
[44/2719] Building C object Source/bmalloc/CMakeFiles/bmalloc.dir/libpas/src/libpas/pas_bitfit_allocator.c.o
[45/2719] Building C object Source/bmalloc/CMakeFiles/bmalloc.dir/libpas/src/libpas/pas_bitfit_heap.c.o
[46/2719] Building C object Source/bmalloc/CMakeFiles/bmalloc.dir/libpas/src/libpas/pas_bitfit_directory.c.o
[47/2719] Building C object Source/bmalloc/CMakeFiles/bmalloc.dir/libpas/src/libpas/pas_bitfit_page.c.o
[48/2719] Building C object Source/bmalloc/CMakeFiles/bmalloc.dir/libpas/src/libpas/pas_bitfit_size_class.c.o
[49/2719] Building C object Source/bmalloc/CMakeFiles/bmalloc.dir/libpas/src/libpas/pas_bitfit_view.c.o
[50/2719] Building C object Source/bmalloc/CMakeFiles/bmalloc.dir/libpas/src/libpas/pas_bootstrap_heap_page_provider.c.o
[51/2719] Building C object Source/bmalloc/CMakeFiles/bmalloc.dir/libpas/src/libpas/pas_bootstrap_free_heap.c.o
[52/2719] Building C object Source/bmalloc/CMakeFiles/bmalloc.dir/libpas/src/libpas/pas_coalign.c.o
[53/2719] Building C object Source/bmalloc/CMakeFiles/bmalloc.dir/libpas/src/libpas/pas_commit_span.c.o
[54/2719] Building C object Source/bmalloc/CMakeFiles/bmalloc.dir/libpas/src/libpas/pas_committed_pages_vector.c.o
[55/2719] Building C object Source/bmalloc/CMakeFiles/bmalloc.dir/libpas/src/libpas/pas_compact_expendable_memory.c.o
[56/2719] Building C object Source/bmalloc/CMakeFiles/bmalloc.dir/libpas/src/libpas/pas_compact_bootstrap_free_heap.c.o
[57/2719] Building C object Source/bmalloc/CMakeFiles/bmalloc.dir/libpas/src/libpas/pas_compact_heap_reservation.c.o
[58/2719] Building C object Source/bmalloc/CMakeFiles/bmalloc.dir/libpas/src/libpas/pas_compact_large_utility_free_heap.c.o
[59/2719] Building C object Source/bmalloc/CMakeFiles/bmalloc.dir/libpas/src/libpas/pas_compute_summary_object_callbacks.c.o
[60/2719] Building C object Source/bmalloc/CMakeFiles/bmalloc.dir/libpas/src/libpas/pas_create_basic_heap_page_caches_with_reserved_memory.c.o
[61/2719] Building C object Source/bmalloc/CMakeFiles/bmalloc.dir/libpas/src/libpas/pas_debug_spectrum.c.o
[62/2719] Building C object Source/bmalloc/CMakeFiles/bmalloc.dir/libpas/src/libpas/pas_deallocate.c.o
[63/2719] Building C object Source/bmalloc/CMakeFiles/bmalloc.dir/libpas/src/libpas/pas_deferred_decommit_log.c.o
[64/2719] Building C object Source/bmalloc/CMakeFiles/bmalloc.dir/libpas/src/libpas/pas_dyld_state.c.o
[65/2719] Building C object Source/bmalloc/CMakeFiles/bmalloc.dir/libpas/src/libpas/pas_designated_intrinsic_heap.c.o
[66/2719] Building C object Source/bmalloc/CMakeFiles/bmalloc.dir/libpas/src/libpas/pas_ensure_heap_forced_into_reserved_memory.c.o
[67/2719] Building C object Source/bmalloc/CMakeFiles/bmalloc.dir/libpas/src/libpas/pas_ensure_heap_with_page_caches.c.o
[68/2719] Building C object Source/bmalloc/CMakeFiles/bmalloc.dir/libpas/src/libpas/pas_dynamic_primitive_heap_map.c.o
[69/2719] Building C object Source/bmalloc/CMakeFiles/bmalloc.dir/libpas/src/libpas/pas_enumerable_page_malloc.c.o
[70/2719] Building C object Source/bmalloc/CMakeFiles/bmalloc.dir/libpas/src/libpas/pas_enumerable_range_list.c.o
[71/2719] Building C object Source/bmalloc/CMakeFiles/bmalloc.dir/libpas/src/libpas/pas_enumerate_bitfit_heaps.c.o
[72/2719] Building C object Source/bmalloc/CMakeFiles/bmalloc.dir/libpas/src/libpas/pas_enumerate_initially_unaccounted_pages.c.o
[73/2719] Building C object Source/bmalloc/CMakeFiles/bmalloc.dir/libpas/src/libpas/pas_enumerate_large_heaps.c.o
[74/2719] Building C object Source/bmalloc/CMakeFiles/bmalloc.dir/libpas/src/libpas/pas_enumerate_segregated_heaps.c.o
[75/2719] Building C object Source/bmalloc/CMakeFiles/bmalloc.dir/libpas/src/libpas/pas_enumerate_unaccounted_pages_as_meta.c.o
[76/2719] Building C object Source/bmalloc/CMakeFiles/bmalloc.dir/libpas/src/libpas/pas_enumerator_region.c.o
[77/2719] Building C object Source/bmalloc/CMakeFiles/bmalloc.dir/libpas/src/libpas/pas_epoch.c.o
[78/2719] Building C object Source/bmalloc/CMakeFiles/bmalloc.dir/libpas/src/libpas/pas_enumerator.c.o
[79/2719] Building C object Source/bmalloc/CMakeFiles/bmalloc.dir/libpas/src/libpas/pas_exclusive_view_template_memo_table.c.o
[80/2719] Building C object Source/bmalloc/CMakeFiles/bmalloc.dir/libpas/src/libpas/pas_extended_gcd.c.o
[81/2719] Building C object Source/bmalloc/CMakeFiles/bmalloc.dir/libpas/src/libpas/pas_expendable_memory.c.o
[82/2719] Building C object Source/bmalloc/CMakeFiles/bmalloc.dir/libpas/src/libpas/pas_fast_megapage_cache.c.o
[83/2719] Building C object Source/bmalloc/CMakeFiles/bmalloc.dir/libpas/src/libpas/pas_fast_megapage_table.c.o
[84/2719] Building C object Source/bmalloc/CMakeFiles/bmalloc.dir/libpas/src/libpas/pas_fd_stream.c.o
[85/2719] Building C object Source/bmalloc/CMakeFiles/bmalloc.dir/libpas/src/libpas/pas_free_granules.c.o
[86/2719] Building C object Source/bmalloc/CMakeFiles/bmalloc.dir/libpas/src/libpas/pas_heap.c.o
[87/2719] Building C object Source/bmalloc/CMakeFiles/bmalloc.dir/libpas/src/libpas/pas_heap_config.c.o
[88/2719] Building C object Source/bmalloc/CMakeFiles/bmalloc.dir/libpas/src/libpas/pas_heap_config_utils.c.o
[89/2719] Building C object Source/bmalloc/CMakeFiles/bmalloc.dir/libpas/src/libpas/pas_heap_for_config.c.o
[90/2719] Building C object Source/bmalloc/CMakeFiles/bmalloc.dir/libpas/src/libpas/pas_heap_lock.c.o
[91/2719] Building C object Source/bmalloc/CMakeFiles/bmalloc.dir/libpas/src/libpas/pas_heap_ref.c.o
[92/2719] Building C object Source/bmalloc/CMakeFiles/bmalloc.dir/libpas/src/libpas/pas_fast_large_free_heap.c.o
[93/2719] Building C object Source/bmalloc/CMakeFiles/bmalloc.dir/libpas/src/libpas/pas_heap_runtime_config.c.o
[94/2719] Building C object Source/bmalloc/CMakeFiles/bmalloc.dir/libpas/src/libpas/pas_heap_summary.c.o
[95/2719] Building C object Source/bmalloc/CMakeFiles/bmalloc.dir/libpas/src/libpas/pas_heap_table.c.o
[96/2719] Building C object Source/bmalloc/CMakeFiles/bmalloc.dir/libpas/src/libpas/pas_large_expendable_memory.c.o
[97/2719] Building C object Source/bmalloc/CMakeFiles/bmalloc.dir/libpas/src/libpas/pas_immortal_heap.c.o
[98/2719] Building C object Source/bmalloc/CMakeFiles/bmalloc.dir/libpas/src/libpas/pas_large_free_heap_deferred_commit_log.c.o
[99/2719] Building C object Source/bmalloc/CMakeFiles/bmalloc.dir/libpas/src/libpas/pas_large_free_heap_helpers.c.o
[100/2719] Building C object Source/bmalloc/CMakeFiles/bmalloc.dir/libpas/src/libpas/pas_large_heap_physical_page_sharing_cache.c.o
[101/2719] Building C object Source/bmalloc/CMakeFiles/bmalloc.dir/libpas/src/libpas/pas_large_heap.c.o
[102/2719] Building C object Source/bmalloc/CMakeFiles/bmalloc.dir/libpas/src/libpas/pas_large_map.c.o
[103/2719] Building C object Source/bmalloc/CMakeFiles/bmalloc.dir/libpas/src/libpas/pas_large_utility_free_heap.c.o
[104/2719] Building C object Source/bmalloc/CMakeFiles/bmalloc.dir/libpas/src/libpas/pas_lenient_compact_unsigned_ptr.c.o
[105/2719] Building C object Source/bmalloc/CMakeFiles/bmalloc.dir/libpas/src/libpas/pas_large_sharing_pool.c.o
[106/2719] Building C object Source/bmalloc/CMakeFiles/bmalloc.dir/libpas/src/libpas/pas_local_allocator.c.o
[107/2719] Building C object Source/bmalloc/CMakeFiles/bmalloc.dir/libpas/src/libpas/pas_local_allocator_scavenger_data.c.o
[108/2719] Building C object Source/bmalloc/CMakeFiles/bmalloc.dir/libpas/src/libpas/pas_lock.c.o
[109/2719] Building C object Source/bmalloc/CMakeFiles/bmalloc.dir/libpas/src/libpas/pas_lock_free_read_ptr_ptr_hashtable.c.o
[110/2719] Building C object Source/bmalloc/CMakeFiles/bmalloc.dir/libpas/src/libpas/pas_local_view_cache.c.o
[111/2719] Building C object Source/bmalloc/CMakeFiles/bmalloc.dir/libpas/src/libpas/pas_log.c.o
[112/2719] Building C object Source/bmalloc/CMakeFiles/bmalloc.dir/libpas/src/libpas/pas_mar_registry.c.o
[113/2719] Building C object Source/bmalloc/CMakeFiles/bmalloc.dir/libpas/src/libpas/pas_mar_report_crash.c.o
[114/2719] Building C object Source/bmalloc/CMakeFiles/bmalloc.dir/libpas/src/libpas/pas_malloc_stack_logging.c.o
[115/2719] Building C object Source/bmalloc/CMakeFiles/bmalloc.dir/libpas/src/libpas/pas_medium_megapage_cache.c.o
[116/2719] Building C object Source/bmalloc/CMakeFiles/bmalloc.dir/libpas/src/libpas/pas_monotonic_time.c.o
[117/2719] Building C object Source/bmalloc/CMakeFiles/bmalloc.dir/libpas/src/libpas/pas_megapage_cache.c.o
[118/2719] Building C object Source/bmalloc/CMakeFiles/bmalloc.dir/libpas/src/libpas/pas_mte.c.o
[119/2719] Building C object Source/bmalloc/CMakeFiles/bmalloc.dir/libpas/src/libpas/pas_mte_config.c.o
[120/2719] Building C object Source/bmalloc/CMakeFiles/bmalloc.dir/libpas/src/libpas/pas_page_base.c.o
[121/2719] Building C object Source/bmalloc/CMakeFiles/bmalloc.dir/libpas/src/libpas/pas_page_base_config.c.o
[122/2719] Building C object Source/bmalloc/CMakeFiles/bmalloc.dir/libpas/src/libpas/pas_page_header_table.c.o
[123/2719] Building C object Source/bmalloc/CMakeFiles/bmalloc.dir/libpas/src/libpas/pas_page_malloc.c.o
[124/2719] Building C object Source/bmalloc/CMakeFiles/bmalloc.dir/libpas/src/libpas/pas_page_sharing_participant.c.o
[125/2719] Building C object Source/bmalloc/CMakeFiles/bmalloc.dir/libpas/src/libpas/pas_payload_reservation_page_list.c.o
[126/2719] Building C object Source/bmalloc/CMakeFiles/bmalloc.dir/libpas/src/libpas/pas_physical_memory_transaction.c.o
[127/2719] Building C object Source/bmalloc/CMakeFiles/bmalloc.dir/libpas/src/libpas/pas_primitive_heap_ref.c.o
[128/2719] Building C object Source/bmalloc/CMakeFiles/bmalloc.dir/libpas/src/libpas/pas_page_sharing_pool.c.o
[129/2719] Building C object Source/bmalloc/CMakeFiles/bmalloc.dir/libpas/src/libpas/pas_process.c.o
[130/2719] Building C object Source/bmalloc/CMakeFiles/bmalloc.dir/libpas/src/libpas/pas_probabilistic_guard_malloc_allocator.c.o
[131/2719] Building C object Source/bmalloc/CMakeFiles/bmalloc.dir/libpas/src/libpas/pas_race_test_hooks.c.o
[132/2719] Building C object Source/bmalloc/CMakeFiles/bmalloc.dir/libpas/src/libpas/pas_ptr_worklist.c.o
[133/2719] Building C object Source/bmalloc/CMakeFiles/bmalloc.dir/libpas/src/libpas/pas_random.c.o
[134/2719] Building C object Source/bmalloc/CMakeFiles/bmalloc.dir/libpas/src/libpas/pas_redundant_local_allocator_node.c.o
[135/2719] Building C object Source/bmalloc/CMakeFiles/bmalloc.dir/libpas/src/libpas/pas_report_crash.c.o
[136/2719] Building C object Source/bmalloc/CMakeFiles/bmalloc.dir/libpas/src/libpas/pas_reserved_memory_provider.c.o
[137/2719] Building C object Source/bmalloc/CMakeFiles/bmalloc.dir/libpas/src/libpas/pas_red_black_tree.c.o
[138/2719] Building C object Source/bmalloc/CMakeFiles/bmalloc.dir/libpas/src/libpas/pas_runtime_config.c.o
[139/2719] Building C object Source/bmalloc/CMakeFiles/bmalloc.dir/libpas/src/libpas/pas_root.c.o
[140/2719] Building C object Source/bmalloc/CMakeFiles/bmalloc.dir/libpas/src/libpas/pas_scavenger.c.o
[141/2719] Building C object Source/bmalloc/CMakeFiles/bmalloc.dir/libpas/src/libpas/pas_segregated_directory.c.o
[142/2719] Building C object Source/bmalloc/CMakeFiles/bmalloc.dir/libpas/src/libpas/pas_segregated_exclusive_view.c.o
[143/2719] Building C object Source/bmalloc/CMakeFiles/bmalloc.dir/libpas/src/libpas/pas_segregated_page.c.o
[144/2719] Building C object Source/bmalloc/CMakeFiles/bmalloc.dir/libpas/src/libpas/pas_segregated_page_config.c.o
[145/2719] Building C object Source/bmalloc/CMakeFiles/bmalloc.dir/libpas/src/libpas/pas_segregated_heap.c.o
[146/2719] Building C object Source/bmalloc/CMakeFiles/bmalloc.dir/libpas/src/libpas/pas_segregated_size_directory.c.o
[147/2719] Building C object Source/bmalloc/CMakeFiles/bmalloc.dir/libpas/src/libpas/pas_simple_free_heap_helpers.c.o
[148/2719] Building C object Source/bmalloc/CMakeFiles/bmalloc.dir/libpas/src/libpas/pas_segregated_view.c.o
[149/2719] Building C object Source/bmalloc/CMakeFiles/bmalloc.dir/libpas/src/libpas/pas_simple_type.c.o
[150/2719] Building C object Source/bmalloc/CMakeFiles/bmalloc.dir/libpas/src/libpas/pas_small_medium_bootstrap_free_heap.c.o
[151/2719] Building C object Source/bmalloc/CMakeFiles/bmalloc.dir/libpas/src/libpas/pas_small_medium_bootstrap_heap_page_provider.c.o
[152/2719] Building C object Source/bmalloc/CMakeFiles/bmalloc.dir/libpas/src/libpas/pas_stats.c.o
[153/2719] Building C object Source/bmalloc/CMakeFiles/bmalloc.dir/libpas/src/libpas/pas_simple_large_free_heap.c.o
[154/2719] Building C object Source/bmalloc/CMakeFiles/bmalloc.dir/libpas/src/libpas/pas_stream.c.o
[155/2719] Building C object Source/bmalloc/CMakeFiles/bmalloc.dir/libpas/src/libpas/pas_string_stream.c.o
[156/2719] Building C object Source/bmalloc/CMakeFiles/bmalloc.dir/libpas/src/libpas/pas_thread.c.o
[157/2719] Building C object Source/bmalloc/CMakeFiles/bmalloc.dir/libpas/src/libpas/pas_status_reporter.c.o
[158/2719] Building C object Source/bmalloc/CMakeFiles/bmalloc.dir/libpas/src/libpas/pas_thread_local_cache_layout.c.o
[159/2719] Building C object Source/bmalloc/CMakeFiles/bmalloc.dir/libpas/src/libpas/pas_thread_local_cache_layout_node.c.o
[160/2719] Building C object Source/bmalloc/CMakeFiles/bmalloc.dir/libpas/src/libpas/pas_thread_local_cache_node.c.o
[161/2719] Building C object Source/bmalloc/CMakeFiles/bmalloc.dir/libpas/src/libpas/pas_thread_suspend_lock.c.o
[162/2719] Building C object Source/bmalloc/CMakeFiles/bmalloc.dir/libpas/src/libpas/pas_utility_heap.c.o
[163/2719] Building C object Source/bmalloc/CMakeFiles/bmalloc.dir/libpas/src/libpas/pas_utility_heap_config.c.o
[164/2719] Building C object Source/bmalloc/CMakeFiles/bmalloc.dir/libpas/src/libpas/pas_utils.c.o
[165/2719] Building C object Source/bmalloc/CMakeFiles/bmalloc.dir/libpas/src/libpas/pas_versioned_field.c.o
[166/2719] Building C object Source/bmalloc/CMakeFiles/bmalloc.dir/libpas/src/libpas/pas_virtual_range.c.o
[167/2719] Building C object Source/bmalloc/CMakeFiles/bmalloc.dir/libpas/src/libpas/thingy_heap.c.o
[168/2719] Building C object Source/bmalloc/CMakeFiles/bmalloc.dir/libpas/src/libpas/thingy_heap_config.c.o
[169/2719] Generating ../../bmalloc/Headers/bmalloc/Algorithm.h
[170/2719] Generating ../../bmalloc/Headers/bmalloc/AllocationCounts.h
[171/2719] Generating ../../bmalloc/Headers/bmalloc/BAssert.h
[172/2719] Generating ../../bmalloc/Headers/bmalloc/BCompiler.h
[173/2719] Generating ../../bmalloc/Headers/bmalloc/BExport.h
[174/2719] Generating ../../bmalloc/Headers/bmalloc/BInline.h
[175/2719] Generating ../../bmalloc/Headers/bmalloc/BMalloced.h
[176/2719] Generating ../../bmalloc/Headers/bmalloc/BPlatform.h
[177/2719] Generating ../../bmalloc/Headers/bmalloc/BSyscall.h
[178/2719] Generating ../../bmalloc/Headers/bmalloc/BVMTags.h
[179/2719] Generating ../../bmalloc/Headers/bmalloc/CompactAllocationMode.h
[180/2719] Generating ../../bmalloc/Headers/bmalloc/CryptoRandom.h
[181/2719] Generating ../../bmalloc/Headers/bmalloc/Environment.h
[182/2719] Generating ../../bmalloc/Headers/bmalloc/FailureAction.h
[183/2719] Generating ../../bmalloc/Headers/bmalloc/Gigacage.h
[184/2719] Generating ../../bmalloc/Headers/bmalloc/GigacageConfig.h
[185/2719] Generating ../../bmalloc/Headers/bmalloc/GigacageKind.h
[186/2719] Generating ../../bmalloc/Headers/bmalloc/HeapKind.h
[187/2719] Generating ../../bmalloc/Headers/bmalloc/Logging.h
[188/2719] Generating ../../bmalloc/Headers/bmalloc/Map.h
[189/2719] Generating ../../bmalloc/Headers/bmalloc/Mutex.h
[190/2719] Generating ../../bmalloc/Headers/bmalloc/Sizes.h
[191/2719] Generating ../../bmalloc/Headers/bmalloc/StaticPerProcess.h
[192/2719] Generating ../../bmalloc/Headers/bmalloc/SystemHeap.h
[193/2719] Generating ../../bmalloc/Headers/bmalloc/TZoneHeap.h
[194/2719] Generating ../../bmalloc/Headers/bmalloc/TZoneHeapInlines.h
[195/2719] Generating ../../bmalloc/Headers/bmalloc/TZoneHeapManager.h
[196/2719] Generating ../../bmalloc/Headers/bmalloc/TZoneLog.h
[197/2719] Generating ../../bmalloc/Headers/bmalloc/VMAllocate.h
[198/2719] Generating ../../bmalloc/Headers/bmalloc/Vector.h
[199/2719] Generating ../../bmalloc/Headers/bmalloc/bmalloc.h
[200/2719] Generating ../../bmalloc/Headers/bmalloc/bmalloc_heap.h
[201/2719] Generating ../../bmalloc/Headers/bmalloc/bmalloc_heap_config.h
[202/2719] Generating ../../bmalloc/Headers/bmalloc/bmalloc_heap_flex_internal.h
[203/2719] Generating ../../bmalloc/Headers/bmalloc/bmalloc_heap_inlines.h
[204/2719] Generating ../../bmalloc/Headers/bmalloc/bmalloc_heap_innards.h
[205/2719] Generating ../../bmalloc/Headers/bmalloc/bmalloc_heap_iso_internal.h
[206/2719] Generating ../../bmalloc/Headers/bmalloc/bmalloc_heap_ref.h
[207/2719] Generating ../../bmalloc/Headers/bmalloc/bmalloc_heap_utils.h
[208/2719] Generating ../../bmalloc/Headers/bmalloc/bmalloc_prefault_supply.h
[209/2719] Generating ../../bmalloc/Headers/bmalloc/bmalloc_type.h
[210/2719] Generating ../../bmalloc/Headers/bmalloc/hotbit_heap.h
[211/2719] Generating ../../bmalloc/Headers/bmalloc/hotbit_heap_config.h
[212/2719] Generating ../../bmalloc/Headers/bmalloc/hotbit_heap_innards.h
[213/2719] Generating ../../bmalloc/Headers/bmalloc/iso_heap.h
[214/2719] Generating ../../bmalloc/Headers/bmalloc/iso_heap_config.h
[215/2719] Generating ../../bmalloc/Headers/bmalloc/iso_heap_innards.h
[216/2719] Generating ../../bmalloc/Headers/bmalloc/iso_heap_ref.h
[217/2719] Generating ../../bmalloc/Headers/bmalloc/iso_test_heap.h
[218/2719] Generating ../../bmalloc/Headers/bmalloc/iso_test_heap_config.h
[219/2719] Generating ../../bmalloc/Headers/bmalloc/jit_heap.h
[220/2719] Generating ../../bmalloc/Headers/bmalloc/jit_heap_config.h
[221/2719] Generating ../../bmalloc/Headers/bmalloc/jit_heap_config_root_data.h
[222/2719] Generating ../../bmalloc/Headers/bmalloc/minalign32_heap.h
[223/2719] Generating ../../bmalloc/Headers/bmalloc/minalign32_heap_config.h
[224/2719] Generating ../../bmalloc/Headers/bmalloc/pagesize64k_heap.h
[225/2719] Generating ../../bmalloc/Headers/bmalloc/pagesize64k_heap_config.h
[226/2719] Generating ../../bmalloc/Headers/bmalloc/pas_aligned_allocation_result.h
[227/2719] Generating ../../bmalloc/Headers/bmalloc/pas_aligned_allocator.h
[228/2719] Generating ../../bmalloc/Headers/bmalloc/pas_alignment.h
[229/2719] Generating ../../bmalloc/Headers/bmalloc/pas_all_heaps.h
[230/2719] Generating ../../bmalloc/Headers/bmalloc/pas_allocation_callbacks.h
[231/2719] Generating ../../bmalloc/Headers/bmalloc/pas_allocation_config.h
[232/2719] Generating ../../bmalloc/Headers/bmalloc/pas_allocation_kind.h
[233/2719] Generating ../../bmalloc/Headers/bmalloc/pas_allocation_mode.h
[234/2719] Generating ../../bmalloc/Headers/bmalloc/pas_allocation_result.h
[235/2719] Generating ../../bmalloc/Headers/bmalloc/pas_allocator_counts.h
[236/2719] Generating ../../bmalloc/Headers/bmalloc/pas_allocator_index.h
[237/2719] Generating ../../bmalloc/Headers/bmalloc/pas_allocator_scavenge_action.h
[238/2719] Generating ../../bmalloc/Headers/bmalloc/pas_baseline_allocator.h
[239/2719] Generating ../../bmalloc/Headers/bmalloc/pas_baseline_allocator_result.h
[240/2719] Generating ../../bmalloc/Headers/bmalloc/pas_baseline_allocator_table.h
[241/2719] Generating ../../bmalloc/Headers/bmalloc/pas_basic_heap_config_enumerator_data.h
[242/2719] Generating ../../bmalloc/Headers/bmalloc/pas_basic_heap_config_root_data.h
[243/2719] Generating ../../bmalloc/Headers/bmalloc/pas_basic_heap_page_caches.h
[244/2719] Generating ../../bmalloc/Headers/bmalloc/pas_basic_heap_runtime_config.h
[245/2719] Generating ../../bmalloc/Headers/bmalloc/pas_bitfield_vector.h
[246/2719] Generating ../../bmalloc/Headers/bmalloc/pas_bitfit_allocation_result.h
[247/2719] Generating ../../bmalloc/Headers/bmalloc/pas_bitfit_allocator.h
[248/2719] Generating ../../bmalloc/Headers/bmalloc/pas_bitfit_allocator_inlines.h
[249/2719] Generating ../../bmalloc/Headers/bmalloc/pas_bitfit_directory.h
[250/2719] Generating ../../bmalloc/Headers/bmalloc/pas_bitfit_heap.h
[251/2719] Generating ../../bmalloc/Headers/bmalloc/pas_bitfit_max_free.h
[252/2719] Generating ../../bmalloc/Headers/bmalloc/pas_bitfit_page.h
[253/2719] Generating ../../bmalloc/Headers/bmalloc/pas_bitfit_page_config.h
[254/2719] Generating ../../bmalloc/Headers/bmalloc/pas_bitfit_page_config_inlines.h
[255/2719] Generating ../../bmalloc/Headers/bmalloc/pas_bitfit_page_config_kind.def
[256/2719] Generating ../../bmalloc/Headers/bmalloc/pas_bitfit_page_config_kind.h
[257/2719] Generating ../../bmalloc/Headers/bmalloc/pas_bitfit_page_config_utils.h
[258/2719] Generating ../../bmalloc/Headers/bmalloc/pas_bitfit_page_config_utils_inlines.h
[259/2719] Generating ../../bmalloc/Headers/bmalloc/pas_bitfit_page_config_variant.h
[260/2719] Generating ../../bmalloc/Headers/bmalloc/pas_bitfit_page_inlines.h
[261/2719] Generating ../../bmalloc/Headers/bmalloc/pas_bitfit_size_class.h
[262/2719] Generating ../../bmalloc/Headers/bmalloc/pas_bitfit_view.h
[263/2719] Generating ../../bmalloc/Headers/bmalloc/pas_bitfit_view_and_index.h
[264/2719] Generating ../../bmalloc/Headers/bmalloc/pas_bitvector.h
[265/2719] Generating ../../bmalloc/Headers/bmalloc/pas_bootstrap_free_heap.h
[266/2719] Generating ../../bmalloc/Headers/bmalloc/pas_bootstrap_heap_page_provider.h
[267/2719] Generating ../../bmalloc/Headers/bmalloc/pas_cares_about_size_mode.h
[268/2719] Generating ../../bmalloc/Headers/bmalloc/pas_cartesian_tree.h
[269/2719] Generating ../../bmalloc/Headers/bmalloc/pas_coalign.h
[270/2719] Generating ../../bmalloc/Headers/bmalloc/pas_commit_mode.h
[271/2719] Generating ../../bmalloc/Headers/bmalloc/pas_commit_span.h
[272/2719] Generating ../../bmalloc/Headers/bmalloc/pas_committed_pages_vector.h
[273/2719] Generating ../../bmalloc/Headers/bmalloc/pas_compact_atomic_allocator_index_ptr.h
[274/2719] Generating ../../bmalloc/Headers/bmalloc/pas_compact_atomic_bitfit_heap_ptr.h
[275/2719] Generating ../../bmalloc/Headers/bmalloc/pas_compact_atomic_bitfit_size_class_ptr.h
[276/2719] Generating ../../bmalloc/Headers/bmalloc/pas_compact_atomic_bitfit_view_ptr.h
[277/2719] Generating ../../bmalloc/Headers/bmalloc/pas_compact_atomic_enumerable_range_list_chunk_ptr.h
[278/2719] Generating ../../bmalloc/Headers/bmalloc/pas_compact_atomic_page_sharing_pool_ptr.h
[279/2719] Generating ../../bmalloc/Headers/bmalloc/pas_compact_atomic_ptr.h
[280/2719] Generating ../../bmalloc/Headers/bmalloc/pas_compact_atomic_segregated_size_directory_ptr.h
[281/2719] Generating ../../bmalloc/Headers/bmalloc/pas_compact_atomic_segregated_view.h
[282/2719] Generating ../../bmalloc/Headers/bmalloc/pas_compact_atomic_thread_local_cache_layout_node.h
[283/2719] Generating ../../bmalloc/Headers/bmalloc/pas_compact_bitfit_directory_ptr.h
[284/2719] Generating ../../bmalloc/Headers/bmalloc/pas_compact_bootstrap_free_heap.h
[285/2719] Generating ../../bmalloc/Headers/bmalloc/pas_compact_cartesian_tree_node_ptr.h
[286/2719] Generating ../../bmalloc/Headers/bmalloc/pas_compact_expendable_memory.h
[287/2719] Generating ../../bmalloc/Headers/bmalloc/pas_compact_heap_ptr.h
[288/2719] Generating ../../bmalloc/Headers/bmalloc/pas_compact_heap_reservation.h
[289/2719] Generating ../../bmalloc/Headers/bmalloc/pas_compact_ptr.h
[290/2719] Generating ../../bmalloc/Headers/bmalloc/pas_compact_segregated_exclusive_view_ptr.h
[291/2719] Generating ../../bmalloc/Headers/bmalloc/pas_compact_segregated_size_directory_ptr.h
[292/2719] Generating ../../bmalloc/Headers/bmalloc/pas_compact_tagged_atomic_ptr.h
[293/2719] Generating ../../bmalloc/Headers/bmalloc/pas_compact_tagged_page_granule_use_count_ptr.h
[294/2719] Generating ../../bmalloc/Headers/bmalloc/pas_compact_tagged_ptr.h
[295/2719] Generating ../../bmalloc/Headers/bmalloc/pas_compact_tagged_unsigned_ptr.h
[296/2719] Generating ../../bmalloc/Headers/bmalloc/pas_compact_thread_local_cache_layout_node.h
[297/2719] Generating ../../bmalloc/Headers/bmalloc/pas_compute_summary_object_callbacks.h
[298/2719] Generating ../../bmalloc/Headers/bmalloc/pas_config.h
[299/2719] Generating ../../bmalloc/Headers/bmalloc/pas_config_prefix.h
[300/2719] Generating ../../bmalloc/Headers/bmalloc/pas_create_basic_heap_page_caches_with_reserved_memory.h
[301/2719] Generating ../../bmalloc/Headers/bmalloc/pas_darwin_spi.h
[302/2719] Generating ../../bmalloc/Headers/bmalloc/pas_deallocate.h
[303/2719] Generating ../../bmalloc/Headers/bmalloc/pas_deallocation_mode.h
[304/2719] Generating ../../bmalloc/Headers/bmalloc/pas_deallocator.h
[305/2719] Generating ../../bmalloc/Headers/bmalloc/pas_deallocator_scavenge_action.h
[306/2719] Generating ../../bmalloc/Headers/bmalloc/pas_debug_spectrum.h
[307/2719] Generating ../../bmalloc/Headers/bmalloc/pas_decommit_exclusion_range.h
[308/2719] Generating ../../bmalloc/Headers/bmalloc/pas_deferred_decommit_log.h
[309/2719] Generating ../../bmalloc/Headers/bmalloc/pas_designated_intrinsic_heap.h
[310/2719] Generating ../../bmalloc/Headers/bmalloc/pas_designated_intrinsic_heap_inlines.h
[311/2719] Generating ../../bmalloc/Headers/bmalloc/pas_dyld_state.h
[312/2719] Generating ../../bmalloc/Headers/bmalloc/pas_dynamic_primitive_heap_map.h
[313/2719] Generating ../../bmalloc/Headers/bmalloc/pas_ensure_heap_forced_into_reserved_memory.h
[314/2719] Generating ../../bmalloc/Headers/bmalloc/pas_ensure_heap_with_page_caches.h
[315/2719] Generating ../../bmalloc/Headers/bmalloc/pas_enumerable_page_malloc.h
[316/2719] Generating ../../bmalloc/Headers/bmalloc/pas_enumerable_range_list.h
[317/2719] Generating ../../bmalloc/Headers/bmalloc/pas_enumerate_bitfit_heaps.h
[318/2719] Generating ../../bmalloc/Headers/bmalloc/pas_enumerate_initially_unaccounted_pages.h
[319/2719] Generating ../../bmalloc/Headers/bmalloc/pas_enumerate_large_heaps.h
[320/2719] Generating ../../bmalloc/Headers/bmalloc/pas_enumerate_segregated_heaps.h
[321/2719] Generating ../../bmalloc/Headers/bmalloc/pas_enumerate_unaccounted_pages_as_meta.h
[322/2719] Generating ../../bmalloc/Headers/bmalloc/pas_enumerator.h
[323/2719] Generating ../../bmalloc/Headers/bmalloc/pas_enumerator_internal.h
[324/2719] Generating ../../bmalloc/Headers/bmalloc/pas_enumerator_region.h
[325/2719] Generating ../../bmalloc/Headers/bmalloc/pas_epoch.h
[326/2719] Generating ../../bmalloc/Headers/bmalloc/pas_exclusive_view_template_memo_table.h
[327/2719] Generating ../../bmalloc/Headers/bmalloc/pas_expendable_memory.h
[328/2719] Generating ../../bmalloc/Headers/bmalloc/pas_extended_gcd.h
[329/2719] Generating ../../bmalloc/Headers/bmalloc/pas_fast_large_free_heap.h
[330/2719] Generating ../../bmalloc/Headers/bmalloc/pas_fast_megapage_cache.h
[331/2719] Generating ../../bmalloc/Headers/bmalloc/pas_fast_megapage_kind.h
[332/2719] Generating ../../bmalloc/Headers/bmalloc/pas_fast_megapage_table.h
[333/2719] Generating ../../bmalloc/Headers/bmalloc/pas_fast_path_allocation_result.h
[334/2719] Generating ../../bmalloc/Headers/bmalloc/pas_fast_path_allocation_result_kind.h
[335/2719] Generating ../../bmalloc/Headers/bmalloc/pas_fast_tls.h
[336/2719] Generating ../../bmalloc/Headers/bmalloc/pas_fd_stream.h
[337/2719] Generating ../../bmalloc/Headers/bmalloc/pas_first_level_tiny_large_map_entry.h
[338/2719] Generating ../../bmalloc/Headers/bmalloc/pas_found_bit_index.h
[339/2719] Generating ../../bmalloc/Headers/bmalloc/pas_found_index.h
[340/2719] Generating ../../bmalloc/Headers/bmalloc/pas_free_granules.h
[341/2719] Generating ../../bmalloc/Headers/bmalloc/pas_free_mode.h
[342/2719] Generating ../../bmalloc/Headers/bmalloc/pas_free_range_kind.h
[343/2719] Generating ../../bmalloc/Headers/bmalloc/pas_full_alloc_bits.h
[344/2719] Generating ../../bmalloc/Headers/bmalloc/pas_full_alloc_bits_inlines.h
[345/2719] Generating ../../bmalloc/Headers/bmalloc/pas_get_page_base_and_kind_for_small_other_in_fast_megapage.h
[346/2719] Generating ../../bmalloc/Headers/bmalloc/pas_hashtable.h
[347/2719] Generating ../../bmalloc/Headers/bmalloc/pas_heap.h
[348/2719] Generating ../../bmalloc/Headers/bmalloc/pas_heap_config.h
[349/2719] Generating ../../bmalloc/Headers/bmalloc/pas_heap_config_inlines.h
[350/2719] Generating ../../bmalloc/Headers/bmalloc/pas_heap_config_kind.def
[351/2719] Generating ../../bmalloc/Headers/bmalloc/pas_heap_config_kind.h
[352/2719] Generating ../../bmalloc/Headers/bmalloc/pas_heap_config_utils.h
[353/2719] Generating ../../bmalloc/Headers/bmalloc/pas_heap_config_utils_inlines.h
[354/2719] Generating ../../bmalloc/Headers/bmalloc/pas_heap_for_config.h
[355/2719] Generating ../../bmalloc/Headers/bmalloc/pas_heap_inlines.h
[356/2719] Generating ../../bmalloc/Headers/bmalloc/pas_heap_kind.h
[357/2719] Generating ../../bmalloc/Headers/bmalloc/pas_heap_lock.h
[358/2719] Generating ../../bmalloc/Headers/bmalloc/pas_heap_page_provider.h
[359/2719] Generating ../../bmalloc/Headers/bmalloc/pas_heap_ref.h
[360/2719] Generating ../../bmalloc/Headers/bmalloc/pas_heap_ref_kind.h
[361/2719] Generating ../../bmalloc/Headers/bmalloc/pas_heap_ref_prefix.h
[362/2719] Generating ../../bmalloc/Headers/bmalloc/pas_heap_runtime_config.h
[363/2719] Generating ../../bmalloc/Headers/bmalloc/pas_heap_summary.h
[364/2719] Generating ../../bmalloc/Headers/bmalloc/pas_heap_table.h
[365/2719] Generating ../../bmalloc/Headers/bmalloc/pas_heap_table_state.h
[366/2719] Generating ../../bmalloc/Headers/bmalloc/pas_immortal_heap.h
[367/2719] Generating ../../bmalloc/Headers/bmalloc/pas_immutable_vector.h
[368/2719] Generating ../../bmalloc/Headers/bmalloc/pas_internal_config.h
[369/2719] Generating ../../bmalloc/Headers/bmalloc/pas_intrinsic_heap_support.h
[370/2719] Generating ../../bmalloc/Headers/bmalloc/pas_large_expendable_memory.h
[371/2719] Generating ../../bmalloc/Headers/bmalloc/pas_large_free.h
[372/2719] Generating ../../bmalloc/Headers/bmalloc/pas_large_free_heap_config.h
[373/2719] Generating ../../bmalloc/Headers/bmalloc/pas_large_free_heap_declarations.def
[374/2719] Generating ../../bmalloc/Headers/bmalloc/pas_large_free_heap_deferred_commit_log.h
[375/2719] Generating ../../bmalloc/Headers/bmalloc/pas_large_free_heap_definitions.def
[376/2719] Generating ../../bmalloc/Headers/bmalloc/pas_large_free_heap_helpers.h
[377/2719] Generating ../../bmalloc/Headers/bmalloc/pas_large_free_visitor.h
[378/2719] Generating ../../bmalloc/Headers/bmalloc/pas_large_heap.h
[379/2719] Generating ../../bmalloc/Headers/bmalloc/pas_large_heap_physical_page_sharing_cache.h
[380/2719] Generating ../../bmalloc/Headers/bmalloc/pas_large_map.h
[381/2719] Generating ../../bmalloc/Headers/bmalloc/pas_large_map_entry.h
[382/2719] Generating ../../bmalloc/Headers/bmalloc/pas_large_map_variant.h
[383/2719] Generating ../../bmalloc/Headers/bmalloc/pas_large_sharing_pool.h
[384/2719] Generating ../../bmalloc/Headers/bmalloc/pas_large_sharing_pool_epoch_update_mode.h
[385/2719] Generating ../../bmalloc/Headers/bmalloc/pas_large_virtual_range.h
[386/2719] Generating ../../bmalloc/Headers/bmalloc/pas_large_virtual_range_min_heap.h
[387/2719] Generating ../../bmalloc/Headers/bmalloc/pas_lenient_compact_ptr.h
[388/2719] Generating ../../bmalloc/Headers/bmalloc/pas_lenient_compact_unsigned_ptr.h
[389/2719] Generating ../../bmalloc/Headers/bmalloc/pas_local_allocator.h
[390/2719] Generating ../../bmalloc/Headers/bmalloc/pas_local_allocator_config_kind.h
[391/2719] Generating ../../bmalloc/Headers/bmalloc/pas_local_allocator_inlines.h
[392/2719] Generating ../../bmalloc/Headers/bmalloc/pas_local_allocator_kind.h
[393/2719] Generating ../../bmalloc/Headers/bmalloc/pas_local_allocator_refill_mode.h
[394/2719] Generating ../../bmalloc/Headers/bmalloc/pas_local_allocator_result.h
[395/2719] Generating ../../bmalloc/Headers/bmalloc/pas_local_allocator_scavenger_data.h
[396/2719] Generating ../../bmalloc/Headers/bmalloc/pas_local_view_cache.h
[397/2719] Generating ../../bmalloc/Headers/bmalloc/pas_lock.h
[398/2719] Generating ../../bmalloc/Headers/bmalloc/pas_lock_free_read_ptr_ptr_hashtable.h
[399/2719] Generating ../../bmalloc/Headers/bmalloc/pas_log.h
[400/2719] Generating ../../bmalloc/Headers/bmalloc/pas_malloc_stack_logging.h
[401/2719] Generating ../../bmalloc/Headers/bmalloc/pas_mar_crash_reporter_report.h
[402/2719] Generating ../../bmalloc/Headers/bmalloc/pas_mar_registry.h
[403/2719] Generating ../../bmalloc/Headers/bmalloc/pas_mar_report_crash.h
[404/2719] Generating ../../bmalloc/Headers/bmalloc/pas_medium_megapage_cache.h
[405/2719] Generating ../../bmalloc/Headers/bmalloc/pas_megapage_cache.h
[406/2719] Generating ../../bmalloc/Headers/bmalloc/pas_min_heap.h
[407/2719] Generating ../../bmalloc/Headers/bmalloc/pas_monotonic_time.h
[408/2719] Generating ../../bmalloc/Headers/bmalloc/pas_mte.h
[409/2719] Generating ../../bmalloc/Headers/bmalloc/pas_mte_config.h
[410/2719] Generating ../../bmalloc/Headers/bmalloc/pas_mutation_count.h
[411/2719] Generating ../../bmalloc/Headers/bmalloc/pas_page_base.h
[412/2719] Generating ../../bmalloc/Headers/bmalloc/pas_page_base_and_kind.h
[413/2719] Generating ../../bmalloc/Headers/bmalloc/pas_page_base_config.h
[414/2719] Generating ../../bmalloc/Headers/bmalloc/pas_page_base_config_utils.h
[415/2719] Generating ../../bmalloc/Headers/bmalloc/pas_page_base_config_utils_inlines.h
[416/2719] Generating ../../bmalloc/Headers/bmalloc/pas_page_base_inlines.h
[417/2719] Generating ../../bmalloc/Headers/bmalloc/pas_page_config_kind.h
[418/2719] Generating ../../bmalloc/Headers/bmalloc/pas_page_config_size_category.h
[419/2719] Generating ../../bmalloc/Headers/bmalloc/pas_page_flags.h
[420/2719] Generating ../../bmalloc/Headers/bmalloc/pas_page_granule_use_count.h
[421/2719] Generating ../../bmalloc/Headers/bmalloc/pas_page_header_placement_mode.h
[422/2719] Generating ../../bmalloc/Headers/bmalloc/pas_page_header_table.h
[423/2719] Generating ../../bmalloc/Headers/bmalloc/pas_page_kind.h
[424/2719] Generating ../../bmalloc/Headers/bmalloc/pas_page_malloc.h
[425/2719] Generating ../../bmalloc/Headers/bmalloc/pas_page_sharing_mode.h
[426/2719] Generating ../../bmalloc/Headers/bmalloc/pas_page_sharing_participant.h
[427/2719] Generating ../../bmalloc/Headers/bmalloc/pas_page_sharing_participant_kind.h
[428/2719] Generating ../../bmalloc/Headers/bmalloc/pas_page_sharing_pool.h
[429/2719] Generating ../../bmalloc/Headers/bmalloc/pas_page_sharing_pool_scavenge_result.h
[430/2719] Generating ../../bmalloc/Headers/bmalloc/pas_page_sharing_pool_take_result.h
[431/2719] Generating ../../bmalloc/Headers/bmalloc/pas_payload_reservation_page_list.h
[432/2719] Generating ../../bmalloc/Headers/bmalloc/pas_physical_memory_synchronization_style.h
[433/2719] Generating ../../bmalloc/Headers/bmalloc/pas_physical_memory_transaction.h
[434/2719] Generating ../../bmalloc/Headers/bmalloc/pas_platform.h
[435/2719] Generating ../../bmalloc/Headers/bmalloc/pas_primitive_heap_ref.h
[436/2719] Generating ../../bmalloc/Headers/bmalloc/pas_probabilistic_guard_malloc_allocator.h
[437/2719] Generating ../../bmalloc/Headers/bmalloc/pas_process.h
[438/2719] Generating ../../bmalloc/Headers/bmalloc/pas_ptr_hash_map.h
[439/2719] Generating ../../bmalloc/Headers/bmalloc/pas_ptr_hash_set.h
[440/2719] Generating ../../bmalloc/Headers/bmalloc/pas_ptr_min_heap.h
[441/2719] Generating ../../bmalloc/Headers/bmalloc/pas_ptr_worklist.h
[442/2719] Generating ../../bmalloc/Headers/bmalloc/pas_race_test_hooks.h
[443/2719] Generating ../../bmalloc/Headers/bmalloc/pas_random.h
[444/2719] Generating ../../bmalloc/Headers/bmalloc/pas_range.h
[445/2719] Generating ../../bmalloc/Headers/bmalloc/pas_range_locked_mode.h
[446/2719] Generating ../../bmalloc/Headers/bmalloc/pas_range_min_heap.h
[447/2719] Generating ../../bmalloc/Headers/bmalloc/pas_reallocate_free_mode.h
[448/2719] Generating ../../bmalloc/Headers/bmalloc/pas_reallocate_heap_teleport_rule.h
[449/2719] Generating ../../bmalloc/Headers/bmalloc/pas_red_black_tree.h
[450/2719] Generating ../../bmalloc/Headers/bmalloc/pas_redundant_local_allocator_node.h
[451/2719] Generating ../../bmalloc/Headers/bmalloc/pas_report_crash.h
[452/2719] Generating ../../bmalloc/Headers/bmalloc/pas_report_crash_pgm_report.h
[453/2719] Generating ../../bmalloc/Headers/bmalloc/pas_reserved_memory_provider.h
[454/2719] Generating ../../bmalloc/Headers/bmalloc/pas_root.h
[455/2719] Generating ../../bmalloc/Headers/bmalloc/pas_runtime_config.h
[456/2719] Generating ../../bmalloc/Headers/bmalloc/pas_scavenger.h
[457/2719] Generating ../../bmalloc/Headers/bmalloc/pas_segmented_vector.h
[458/2719] Generating ../../bmalloc/Headers/bmalloc/pas_segregated_deallocation_logging_mode.h
[459/2719] Generating ../../bmalloc/Headers/bmalloc/pas_segregated_deallocation_mode.h
[460/2719] Generating ../../bmalloc/Headers/bmalloc/pas_segregated_directory.h
[461/2719] Generating ../../bmalloc/Headers/bmalloc/pas_segregated_directory_bit_reference.h
[462/2719] Generating ../../bmalloc/Headers/bmalloc/pas_segregated_directory_first_eligible_kind.h
[463/2719] Generating ../../bmalloc/Headers/bmalloc/pas_segregated_directory_inlines.h
[464/2719] Generating ../../bmalloc/Headers/bmalloc/pas_segregated_directory_kind.h
[465/2719] Generating ../../bmalloc/Headers/bmalloc/pas_segregated_exclusive_view.h
[466/2719] Generating ../../bmalloc/Headers/bmalloc/pas_segregated_exclusive_view_inlines.h
[467/2719] Generating ../../bmalloc/Headers/bmalloc/pas_segregated_heap.h
[468/2719] Generating ../../bmalloc/Headers/bmalloc/pas_segregated_heap_inlines.h
[469/2719] Generating ../../bmalloc/Headers/bmalloc/pas_segregated_heap_lookup_kind.h
[470/2719] Generating ../../bmalloc/Headers/bmalloc/pas_segregated_page.h
[471/2719] Generating ../../bmalloc/Headers/bmalloc/pas_segregated_page_and_config.h
[472/2719] Generating ../../bmalloc/Headers/bmalloc/pas_segregated_page_config.h
[473/2719] Generating ../../bmalloc/Headers/bmalloc/pas_segregated_page_config_inlines.h
[474/2719] Generating ../../bmalloc/Headers/bmalloc/pas_segregated_page_config_kind.def
[475/2719] Generating ../../bmalloc/Headers/bmalloc/pas_segregated_page_config_kind.h
[476/2719] Generating ../../bmalloc/Headers/bmalloc/pas_segregated_page_config_utils.h
[477/2719] Generating ../../bmalloc/Headers/bmalloc/pas_segregated_page_config_utils_inlines.h
[478/2719] Generating ../../bmalloc/Headers/bmalloc/pas_segregated_page_config_variant.h
[479/2719] Generating ../../bmalloc/Headers/bmalloc/pas_segregated_page_inlines.h
[480/2719] Generating ../../bmalloc/Headers/bmalloc/pas_segregated_size_directory.h
[481/2719] Generating ../../bmalloc/Headers/bmalloc/pas_segregated_size_directory_creation_mode.h
[482/2719] Generating ../../bmalloc/Headers/bmalloc/pas_segregated_size_directory_inlines.h
[483/2719] Generating ../../bmalloc/Headers/bmalloc/pas_segregated_view.h
[484/2719] Generating ../../bmalloc/Headers/bmalloc/pas_segregated_view_allocator_inlines.h
[485/2719] Generating ../../bmalloc/Headers/bmalloc/pas_segregated_view_kind.h
[486/2719] Generating ../../bmalloc/Headers/bmalloc/pas_simple_free_heap_declarations.def
[487/2719] Generating ../../bmalloc/Headers/bmalloc/pas_simple_free_heap_definitions.def
[488/2719] Generating ../../bmalloc/Headers/bmalloc/pas_simple_free_heap_helpers.h
[489/2719] Generating ../../bmalloc/Headers/bmalloc/pas_simple_large_free_heap.h
[490/2719] Generating ../../bmalloc/Headers/bmalloc/pas_simple_type.h
[491/2719] Generating ../../bmalloc/Headers/bmalloc/pas_size_lookup_mode.h
[492/2719] Generating ../../bmalloc/Headers/bmalloc/pas_small_large_map_entry.h
[493/2719] Generating ../../bmalloc/Headers/bmalloc/pas_small_medium_bootstrap_free_heap.h
[494/2719] Generating ../../bmalloc/Headers/bmalloc/pas_small_medium_bootstrap_heap_page_provider.h
[495/2719] Generating ../../bmalloc/Headers/bmalloc/pas_stats.h
[496/2719] Generating ../../bmalloc/Headers/bmalloc/pas_status_reporter.h
[497/2719] Generating ../../bmalloc/Headers/bmalloc/pas_stream.h
[498/2719] Generating ../../bmalloc/Headers/bmalloc/pas_string_stream.h
[499/2719] Generating ../../bmalloc/Headers/bmalloc/pas_system_heap.h
[500/2719] Generating ../../bmalloc/Headers/bmalloc/pas_thread.h
[501/2719] Generating ../../bmalloc/Headers/bmalloc/pas_thread_local_cache.h
[502/2719] Generating ../../bmalloc/Headers/bmalloc/pas_thread_local_cache_layout.h
[503/2719] Generating ../../bmalloc/Headers/bmalloc/pas_thread_local_cache_layout_entry.h
[504/2719] Generating ../../bmalloc/Headers/bmalloc/pas_thread_local_cache_layout_node.h
[505/2719] Generating ../../bmalloc/Headers/bmalloc/pas_thread_local_cache_layout_node_kind.h
[506/2719] Generating ../../bmalloc/Headers/bmalloc/pas_thread_local_cache_node.h
[507/2719] Generating ../../bmalloc/Headers/bmalloc/pas_thread_suspend_lock.h
[508/2719] Generating ../../bmalloc/Headers/bmalloc/pas_tiny_large_map_entry.h
[509/2719] Generating ../../bmalloc/Headers/bmalloc/pas_tree_direction.h
[510/2719] Generating ../../bmalloc/Headers/bmalloc/pas_tri_state.h
[511/2719] Generating ../../bmalloc/Headers/bmalloc/pas_try_allocate.h
[512/2719] Generating ../../bmalloc/Headers/bmalloc/pas_try_allocate_array.h
[513/2719] Generating ../../bmalloc/Headers/bmalloc/pas_try_allocate_common.h
[514/2719] Generating ../../bmalloc/Headers/bmalloc/pas_try_allocate_intrinsic.h
[515/2719] Generating ../../bmalloc/Headers/bmalloc/pas_try_allocate_primitive.h
[516/2719] Generating ../../bmalloc/Headers/bmalloc/pas_try_reallocate.h
[517/2719] Generating ../../bmalloc/Headers/bmalloc/pas_utility_heap.h
[518/2719] Generating ../../bmalloc/Headers/bmalloc/pas_utility_heap_config.h
[519/2719] Generating ../../bmalloc/Headers/bmalloc/pas_utility_heap_support.h
[520/2719] Generating ../../bmalloc/Headers/bmalloc/pas_utils.h
[521/2719] Generating ../../bmalloc/Headers/bmalloc/pas_utils_prefix.h
[522/2719] Generating ../../bmalloc/Headers/bmalloc/pas_versioned_field.h
[523/2719] Generating ../../bmalloc/Headers/bmalloc/pas_virtual_range.h
[524/2719] Generating ../../bmalloc/Headers/bmalloc/pas_virtual_range_min_heap.h
[525/2719] Generating ../../bmalloc/Headers/bmalloc/pas_zero_memory.h
[526/2719] Generating ../../bmalloc/Headers/bmalloc/pas_zero_mode.h
[527/2719] Generating ../../bmalloc/Headers/bmalloc/tagged_bmalloc_heap.h
[528/2719] Generating ../../bmalloc/Headers/bmalloc/tagged_bmalloc_heap_config.h
[529/2719] Generating ../../bmalloc/Headers/bmalloc/tagged_bmalloc_heap_inlines.h
[530/2719] Generating ../../bmalloc/Headers/bmalloc/tagged_bmalloc_heap_innards.h
[531/2719] Generating ../../bmalloc/Headers/bmalloc/tagged_bmalloc_heap_utils.h
[532/2719] Generating ../../bmalloc/Headers/bmalloc/thingy_heap_config.h
[533/2719] Generating ../../bmalloc/Headers/bmalloc/valgrind.h
[534/2719] Generating ../../bmalloc/PrivateHeaders/bmalloc/ProcessCheck.h
[535/2719] Generating ../../bmalloc/PrivateHeaders/bmalloc/ScopeExit.h
[536/2719] Generating ../../bmalloc/PrivateHeaders/bmalloc/SpinBackoff.h
[537/2719] Generating ../../bmalloc/PrivateHeaders/bmalloc/hotbit_heap_inlines.h
[538/2719] Generating ../../bmalloc/PrivateHeaders/bmalloc/iso_heap_inlines.h
[539/2719] Generating ../../bmalloc/PrivateHeaders/bmalloc/pas_all_heap_configs.h
[540/2719] Generating ../../bmalloc/PrivateHeaders/bmalloc/pas_biasing_directory_kind.h
[541/2719] Generating ../../bmalloc/PrivateHeaders/bmalloc/pas_bitfit_directory_inlines.h
[542/2719] Generating ../../bmalloc/PrivateHeaders/bmalloc/pas_bitfit_view_inlines.h
[543/2719] Generating ../../bmalloc/PrivateHeaders/bmalloc/pas_compact_atomic_biasing_directory_ptr.h
[544/2719] Generating ../../bmalloc/PrivateHeaders/bmalloc/pas_compact_atomic_bitfit_biasing_directory_ptr.h
[545/2719] Generating ../../bmalloc/PrivateHeaders/bmalloc/pas_compact_atomic_bitfit_global_size_class_ptr.h
[546/2719] Generating ../../bmalloc/PrivateHeaders/bmalloc/pas_compact_atomic_segregated_exclusive_view_ptr.h
[547/2719] Generating ../../bmalloc/PrivateHeaders/bmalloc/pas_compact_atomic_segregated_heap_page_sharing_pools_ptr.h
[548/2719] Generating ../../bmalloc/PrivateHeaders/bmalloc/pas_compact_atomic_unsigned_ptr.h
[549/2719] Generating ../../bmalloc/PrivateHeaders/bmalloc/pas_compact_biasing_directory_ptr.h
[550/2719] Generating ../../bmalloc/PrivateHeaders/bmalloc/pas_compact_bitfit_global_directory_ptr.h
[551/2719] Generating ../../bmalloc/PrivateHeaders/bmalloc/pas_compact_bitfit_view_ptr.h
[552/2719] Generating ../../bmalloc/PrivateHeaders/bmalloc/pas_compact_large_utility_free_heap.h
[553/2719] Generating ../../bmalloc/PrivateHeaders/bmalloc/pas_compact_page_granule_use_count_ptr.h
[554/2719] Generating ../../bmalloc/PrivateHeaders/bmalloc/pas_compact_segregated_biasing_directory_ptr.h
[555/2719] Generating ../../bmalloc/PrivateHeaders/bmalloc/pas_compact_segregated_heap_ptr.h
[556/2719] Generating ../../bmalloc/PrivateHeaders/bmalloc/pas_compact_segregated_view.h
[557/2719] Generating ../../bmalloc/PrivateHeaders/bmalloc/pas_compact_unsigned_ptr.h
[558/2719] Generating ../../bmalloc/PrivateHeaders/bmalloc/pas_generic_large_free_heap.h
[559/2719] Generating ../../bmalloc/PrivateHeaders/bmalloc/pas_get_allocation_size.h
[560/2719] Generating ../../bmalloc/PrivateHeaders/bmalloc/pas_get_heap.h
[561/2719] Generating ../../bmalloc/PrivateHeaders/bmalloc/pas_get_object_kind.h
[562/2719] Generating ../../bmalloc/PrivateHeaders/bmalloc/pas_get_page_base.h
[563/2719] Generating ../../bmalloc/PrivateHeaders/bmalloc/pas_has_object.h
[564/2719] Generating ../../bmalloc/PrivateHeaders/bmalloc/pas_large_free_inlines.h
[565/2719] Generating ../../bmalloc/PrivateHeaders/bmalloc/pas_large_utility_free_heap.h
[566/2719] Generating ../../bmalloc/PrivateHeaders/bmalloc/pas_lenient_compact_ptr_inlines.h
[567/2719] Generating ../../bmalloc/PrivateHeaders/bmalloc/pas_line_word_config.h
[568/2719] Generating ../../bmalloc/PrivateHeaders/bmalloc/pas_list_direction.h
[569/2719] Generating ../../bmalloc/PrivateHeaders/bmalloc/pas_object_kind.h
[570/2719] Generating ../../bmalloc/PrivateHeaders/bmalloc/pas_page_base_config_inlines.h
[571/2719] Generating ../../bmalloc/PrivateHeaders/bmalloc/pas_promote_intrinsic_heap.h
[572/2719] Generating ../../bmalloc/PrivateHeaders/bmalloc/pas_range16.h
[573/2719] Generating ../../bmalloc/PrivateHeaders/bmalloc/pas_range_begin_min_heap.h
[574/2719] Generating ../../bmalloc/PrivateHeaders/bmalloc/pas_segregated_page_emptiness_kind.h
[575/2719] Generating ../../bmalloc/PrivateHeaders/bmalloc/pas_slow_path_mode.h
[576/2719] Generating ../../bmalloc/PrivateHeaders/bmalloc/pas_slow_path_mode_prefix.h
[577/2719] Generating ../../bmalloc/PrivateHeaders/bmalloc/pas_snprintf.h
[578/2719] Generating ../../bmalloc/PrivateHeaders/bmalloc/pas_try_shrink.h
[579/2719] Generating ../../bmalloc/PrivateHeaders/bmalloc/thingy_heap.h
[580/2719] Generating ../../bmalloc/PrivateHeaders/bmalloc/thingy_heap_prefix.h
[581/2719] Building CXX object Source/WTF/wtf/CMakeFiles/WTF.dir/ASCIICType.cpp.o
[582/2719] Building CXX object Source/WTF/wtf/CMakeFiles/WTF.dir/ApproximateTime.cpp.o
[583/2719] Building C object Source/bmalloc/CMakeFiles/bmalloc.dir/libpas/src/libpas/pas_thread_local_cache.c.o
[584/2719] Building CXX object Source/WTF/wtf/CMakeFiles/WTF.dir/Assertions.cpp.o
[585/2719] Building CXX object Source/WTF/wtf/CMakeFiles/WTF.dir/AutomaticThread.cpp.o
[586/2719] Building CXX object Source/WTF/wtf/CMakeFiles/WTF.dir/AvailableMemory.cpp.o
[587/2719] Building CXX object Source/WTF/wtf/CMakeFiles/WTF.dir/BitVector.cpp.o
[588/2719] Building CXX object Source/WTF/wtf/CMakeFiles/WTF.dir/CPUTime.cpp.o
[589/2719] Building CXX object Source/WTF/wtf/CMakeFiles/WTF.dir/BloomFilter.cpp.o
[590/2719] Building CXX object Source/WTF/wtf/CMakeFiles/WTF.dir/ClockType.cpp.o
[591/2719] Building CXX object Source/WTF/wtf/CMakeFiles/WTF.dir/CompactPtr.cpp.o
[592/2719] Building CXX object Source/WTF/wtf/CMakeFiles/WTF.dir/CodePtr.cpp.o
[593/2719] Building CXX object Source/WTF/wtf/CMakeFiles/WTF.dir/ConcurrentBuffer.cpp.o
[594/2719] Building CXX object Source/WTF/wtf/CMakeFiles/WTF.dir/CompilationThread.cpp.o
[595/2719] Building CXX object Source/WTF/wtf/CMakeFiles/WTF.dir/ConcurrentPtrHashSet.cpp.o
[596/2719] Building CXX object Source/WTF/wtf/CMakeFiles/WTF.dir/ContinuousApproximateTime.cpp.o
[597/2719] Building CXX object Source/WTF/wtf/CMakeFiles/WTF.dir/ContinuousTime.cpp.o
[598/2719] Building CXX object Source/WTF/wtf/CMakeFiles/WTF.dir/CountingLock.cpp.o
[599/2719] Building CXX object Source/WTF/wtf/CMakeFiles/WTF.dir/CrossThreadCopier.cpp.o
[600/2719] Building CXX object Source/WTF/wtf/CMakeFiles/WTF.dir/CryptographicUtilities.cpp.o
[601/2719] Building CXX object Source/WTF/wtf/CMakeFiles/WTF.dir/CryptographicallyRandomNumber.cpp.o
[602/2719] Building CXX object Source/WTF/wtf/CMakeFiles/WTF.dir/CrossThreadTaskHandler.cpp.o
[603/2719] Building CXX object Source/WTF/wtf/CMakeFiles/WTF.dir/CurrentTime.cpp.o
[604/2719] Building CXX object Source/WTF/wtf/CMakeFiles/WTF.dir/CurrentThread.cpp.o
[605/2719] Building CXX object Source/WTF/wtf/CMakeFiles/WTF.dir/DataLog.cpp.o
[606/2719] Building CXX object Source/WTF/wtf/CMakeFiles/WTF.dir/DebugHeap.cpp.o
[607/2719] Building CXX object Source/WTF/wtf/CMakeFiles/WTF.dir/EmbeddedFixedVector.cpp.o
[608/2719] Building CXX object Source/WTF/wtf/CMakeFiles/WTF.dir/DateMath.cpp.o
[609/2719] Building CXX object Source/WTF/wtf/CMakeFiles/WTF.dir/FastBitVector.cpp.o
[610/2719] Building CXX object Source/WTF/wtf/CMakeFiles/WTF.dir/FastFloat.cpp.o
[611/2719] Building CXX object Source/WTF/wtf/CMakeFiles/WTF.dir/FastMalloc.cpp.o
[612/2719] Building CXX object Source/WTF/wtf/CMakeFiles/WTF.dir/FileHandle.cpp.o
[613/2719] Building CXX object Source/WTF/wtf/CMakeFiles/WTF.dir/FilePrintStream.cpp.o
[614/2719] Building CXX object Source/WTF/wtf/CMakeFiles/WTF.dir/FunctionDispatcher.cpp.o
[615/2719] Building CXX object Source/WTF/wtf/CMakeFiles/WTF.dir/GlobalVersion.cpp.o
[616/2719] Building CXX object Source/WTF/wtf/CMakeFiles/WTF.dir/FileSystem.cpp.o
[617/2719] Building CXX object Source/WTF/wtf/CMakeFiles/WTF.dir/GregorianDateTime.cpp.o
[618/2719] Building CXX object Source/WTF/wtf/CMakeFiles/WTF.dir/HashTable.cpp.o
[619/2719] Building CXX object Source/WTF/wtf/CMakeFiles/WTF.dir/Int128.cpp.o
[620/2719] Building CXX object Source/WTF/wtf/CMakeFiles/WTF.dir/HexNumber.cpp.o
[621/2719] Building CXX object Source/WTF/wtf/CMakeFiles/WTF.dir/Language.cpp.o
[622/2719] Building CXX object Source/WTF/wtf/CMakeFiles/WTF.dir/JSONValues.cpp.o
[623/2719] Building CXX object Source/WTF/wtf/CMakeFiles/WTF.dir/LikelyDenseUnsignedIntegerSet.cpp.o
[624/2719] Building CXX object Source/WTF/wtf/CMakeFiles/WTF.dir/Lock.cpp.o
[625/2719] Building CXX object Source/WTF/wtf/CMakeFiles/WTF.dir/LockedPrintStream.cpp.o
[626/2719] Building CXX object Source/WTF/wtf/CMakeFiles/WTF.dir/LogChannels.cpp.o
[627/2719] Building CXX object Source/WTF/wtf/CMakeFiles/WTF.dir/LogInitialization.cpp.o
[628/2719] Building CXX object Source/WTF/wtf/CMakeFiles/WTF.dir/Logging.cpp.o
[629/2719] Building CXX object Source/WTF/wtf/CMakeFiles/WTF.dir/Logger.cpp.o
[630/2719] Building CXX object Source/WTF/wtf/CMakeFiles/WTF.dir/MainThreadDispatcher.cpp.o
[631/2719] Building CXX object Source/WTF/wtf/CMakeFiles/WTF.dir/MainThread.cpp.o
[632/2719] Building CXX object Source/WTF/wtf/CMakeFiles/WTF.dir/MallocCommon.cpp.o
[633/2719] Building CXX object Source/WTF/wtf/CMakeFiles/WTF.dir/MediaTime.cpp.o
[634/2719] Building CXX object Source/WTF/wtf/CMakeFiles/WTF.dir/MemoryPressureHandler.cpp.o
[635/2719] Building CXX object Source/WTF/wtf/CMakeFiles/WTF.dir/MonotonicTime.cpp.o
[636/2719] Building CXX object Source/WTF/wtf/CMakeFiles/WTF.dir/MetaAllocator.cpp.o
[637/2719] Building CXX object Source/WTF/wtf/CMakeFiles/WTF.dir/NativePromise.cpp.o
[638/2719] Building CXX object Source/WTF/wtf/CMakeFiles/WTF.dir/OSRandomSource.cpp.o
[639/2719] Building CXX object Source/WTF/wtf/CMakeFiles/WTF.dir/NumberOfCores.cpp.o
[640/2719] Building CXX object Source/WTF/wtf/CMakeFiles/WTF.dir/PageBlock.cpp.o
[641/2719] Building CXX object Source/WTF/wtf/CMakeFiles/WTF.dir/ObjectIdentifier.cpp.o
[642/2719] Building CXX object Source/WTF/wtf/CMakeFiles/WTF.dir/ParallelHelperPool.cpp.o
[643/2719] Building CXX object Source/WTF/wtf/CMakeFiles/WTF.dir/ParallelJobsGeneric.cpp.o
[644/2719] Building CXX object Source/WTF/wtf/CMakeFiles/WTF.dir/PreciseSum.cpp.o
[645/2719] Building CXX object Source/WTF/wtf/CMakeFiles/WTF.dir/ParkingLot.cpp.o
[646/2719] Building CXX object Source/WTF/wtf/CMakeFiles/WTF.dir/ProcessPrivilege.cpp.o
[647/2719] Building CXX object Source/WTF/wtf/CMakeFiles/WTF.dir/RAMSize.cpp.o
[648/2719] Building CXX object Source/WTF/wtf/CMakeFiles/WTF.dir/PrintStream.cpp.o
[649/2719] Building CXX object Source/WTF/wtf/CMakeFiles/WTF.dir/RandomDevice.cpp.o
[650/2719] Building CXX object Source/WTF/wtf/CMakeFiles/WTF.dir/ReadWriteLock.cpp.o
[651/2719] Building CXX object Source/WTF/wtf/CMakeFiles/WTF.dir/RefCountDebugger.cpp.o
[652/2719] Building CXX object Source/WTF/wtf/CMakeFiles/WTF.dir/RefTrackerMixin.cpp.o
[653/2719] Building CXX object Source/WTF/wtf/CMakeFiles/WTF.dir/RuntimeApplicationChecks.cpp.o
[654/2719] Building CXX object Source/WTF/wtf/CMakeFiles/WTF.dir/RunLoop.cpp.o
[655/2719] Building CXX object Source/WTF/wtf/CMakeFiles/WTF.dir/SHA1.cpp.o
[656/2719] Building CXX object Source/WTF/wtf/CMakeFiles/WTF.dir/SafeStrerror.cpp.o
[657/2719] Building CXX object Source/WTF/wtf/CMakeFiles/WTF.dir/Seconds.cpp.o
[658/2719] Building CXX object Source/WTF/wtf/CMakeFiles/WTF.dir/SegmentedVector.cpp.o
[659/2719] Building CXX object Source/WTF/wtf/CMakeFiles/WTF.dir/SequesteredAllocator.cpp.o
[660/2719] Building CXX object Source/WTF/wtf/CMakeFiles/WTF.dir/SequesteredAutomaticThread.cpp.o
[661/2719] Building CXX object Source/WTF/wtf/CMakeFiles/WTF.dir/SequesteredImmortalHeap.cpp.o
[662/2719] Building CXX object Source/WTF/wtf/CMakeFiles/WTF.dir/SequesteredMalloc.cpp.o
[663/2719] Building CXX object Source/WTF/wtf/CMakeFiles/WTF.dir/SixCharacterHash.cpp.o
[664/2719] Building CXX object Source/WTF/wtf/CMakeFiles/WTF.dir/SmallSet.cpp.o
[665/2719] Building CXX object Source/WTF/wtf/CMakeFiles/WTF.dir/SIMDUTF.cpp.o
[666/2719] Building CXX object Source/WTF/wtf/CMakeFiles/WTF.dir/StackBounds.cpp.o
[667/2719] Building CXX object Source/WTF/wtf/CMakeFiles/WTF.dir/StackPointer.cpp.o
[668/2719] Building CXX object Source/WTF/wtf/CMakeFiles/WTF.dir/StackStats.cpp.o
[669/2719] Building CXX object Source/WTF/wtf/CMakeFiles/WTF.dir/StackCheck.cpp.o
[670/2719] Building CXX object Source/WTF/wtf/CMakeFiles/WTF.dir/StackTrace.cpp.o
[671/2719] Building CXX object Source/WTF/wtf/CMakeFiles/WTF.dir/StringPrintStream.cpp.o
[672/2719] Building CXX object Source/WTF/wtf/CMakeFiles/WTF.dir/ThreadGroup.cpp.o
[673/2719] Building CXX object Source/WTF/wtf/CMakeFiles/WTF.dir/SuspendableWorkQueue.cpp.o
[674/2719] Building CXX object Source/WTF/wtf/CMakeFiles/WTF.dir/ThreadMessage.cpp.o
[675/2719] Building CXX object Source/WTF/wtf/CMakeFiles/WTF.dir/TimeWithDynamicClockType.cpp.o
[676/2719] Building CXX object Source/WTF/wtf/CMakeFiles/WTF.dir/Threading.cpp.o
[677/2719] Building CXX object Source/WTF/wtf/CMakeFiles/WTF.dir/TimingScope.cpp.o
[678/2719] Building CXX object Source/WTF/wtf/CMakeFiles/WTF.dir/TimeZone.cpp.o
[679/2719] Building CXX object Source/WTF/wtf/CMakeFiles/WTF.dir/URLHelpers.cpp.o
[680/2719] Building CXX object Source/WTF/wtf/CMakeFiles/WTF.dir/URL.cpp.o
[681/2719] Building CXX object Source/WTF/wtf/CMakeFiles/WTF.dir/UUID.cpp.o
[682/2719] Building CXX object Source/WTF/wtf/CMakeFiles/WTF.dir/UnbarrieredMonotonicTime.cpp.o
[683/2719] Building CXX object Source/WTF/wtf/CMakeFiles/WTF.dir/UniqueArray.cpp.o
[684/2719] Building CXX object Source/WTF/wtf/CMakeFiles/WTF.dir/Vector.cpp.o
[685/2719] Building CXX object Source/WTF/wtf/CMakeFiles/WTF.dir/WTFAssertions.cpp.o
[686/2719] Building CXX object Source/WTF/wtf/CMakeFiles/WTF.dir/URLParser.cpp.o
[687/2719] Building CXX object Source/WTF/wtf/CMakeFiles/WTF.dir/WTFProcess.cpp.o
[688/2719] Building CXX object Source/WTF/wtf/CMakeFiles/WTF.dir/WallTime.cpp.o
[689/2719] Building CXX object Source/WTF/wtf/CMakeFiles/WTF.dir/WTFConfig.cpp.o
[690/2719] Building CXX object Source/WTF/wtf/CMakeFiles/WTF.dir/WeakPtr.cpp.o
[691/2719] Building CXX object Source/WTF/wtf/CMakeFiles/WTF.dir/WeakRandomNumber.cpp.o
[692/2719] Building CXX object Source/WTF/wtf/CMakeFiles/WTF.dir/WordLock.cpp.o
[693/2719] Building CXX object Source/WTF/wtf/CMakeFiles/WTF.dir/WorkQueue.cpp.o
[694/2719] Building CXX object Source/WTF/wtf/CMakeFiles/WTF.dir/WorkerPool.cpp.o
[695/2719] Building CXX object Source/WTF/wtf/CMakeFiles/WTF.dir/dtoa.cpp.o
[696/2719] Building CXX object Source/WTF/wtf/CMakeFiles/WTF.dir/dtoa/bignum-dtoa.cc.o
[697/2719] Building CXX object Source/WTF/wtf/CMakeFiles/WTF.dir/dragonbox/dragonbox_to_chars.cpp.o
[698/2719] Building CXX object Source/WTF/wtf/CMakeFiles/WTF.dir/dtoa/cached-powers.cc.o
[699/2719] Building CXX object Source/WTF/wtf/CMakeFiles/WTF.dir/dtoa/bignum.cc.o
[700/2719] Building CXX object Source/WTF/wtf/CMakeFiles/WTF.dir/dtoa/diy-fp.cc.o
[701/2719] Building CXX object Source/WTF/wtf/CMakeFiles/WTF.dir/dtoa/double-conversion.cc.o
[702/2719] Building CXX object Source/WTF/wtf/CMakeFiles/WTF.dir/dtoa/fast-dtoa.cc.o
[703/2719] Building CXX object Source/WTF/wtf/CMakeFiles/WTF.dir/dtoa/fixed-dtoa.cc.o
[704/2719] Building CXX object Source/WTF/wtf/CMakeFiles/WTF.dir/dtoa/strtod.cc.o
[705/2719] Building CXX object Source/WTF/wtf/CMakeFiles/WTF.dir/persistence/PersistentCoders.cpp.o
[706/2719] Building CXX object Source/WTF/wtf/CMakeFiles/WTF.dir/persistence/PersistentDecoder.cpp.o
[707/2719] Building CXX object Source/WTF/wtf/CMakeFiles/WTF.dir/persistence/PersistentEncoder.cpp.o
[708/2719] Building CXX object Source/WTF/wtf/CMakeFiles/WTF.dir/text/ASCIILiteral.cpp.o
[709/2719] Building CXX object Source/WTF/wtf/CMakeFiles/WTF.dir/text/AtomString.cpp.o
[710/2719] Building CXX object Source/WTF/wtf/CMakeFiles/WTF.dir/text/AtomStringImpl.cpp.o
[711/2719] Building CXX object Source/WTF/wtf/CMakeFiles/WTF.dir/text/AtomStringTable.cpp.o
[712/2719] Building CXX object Source/WTF/wtf/CMakeFiles/WTF.dir/text/CString.cpp.o
[713/2719] Building CXX object Source/WTF/wtf/CMakeFiles/WTF.dir/text/Base64.cpp.o
[714/2719] Building CXX object Source/WTF/wtf/CMakeFiles/WTF.dir/text/CStringView.cpp.o
[715/2719] Building CXX object Source/WTF/wtf/CMakeFiles/WTF.dir/text/LineEnding.cpp.o
[716/2719] Building CXX object Source/WTF/wtf/CMakeFiles/WTF.dir/text/ExternalStringImpl.cpp.o
[717/2719] Building CXX object Source/WTF/wtf/CMakeFiles/WTF.dir/text/StringBuffer.cpp.o
[718/2719] Building CXX object Source/WTF/wtf/CMakeFiles/WTF.dir/text/StringBuilder.cpp.o
[719/2719] Building CXX object Source/WTF/wtf/CMakeFiles/WTF.dir/text/StringBuilderJSON.cpp.o
[720/2719] Building CXX object Source/WTF/wtf/CMakeFiles/WTF.dir/text/StringCommon.cpp.o
[721/2719] Building CXX object Source/WTF/wtf/CMakeFiles/WTF.dir/text/StringImpl.cpp.o
[722/2719] Building CXX object Source/WTF/wtf/CMakeFiles/WTF.dir/text/StringView.cpp.o
[723/2719] Building CXX object Source/WTF/wtf/CMakeFiles/WTF.dir/text/SymbolImpl.cpp.o
[724/2719] Building CXX object Source/WTF/wtf/CMakeFiles/WTF.dir/text/SymbolRegistry.cpp.o
[725/2719] Building CXX object Source/WTF/wtf/CMakeFiles/WTF.dir/text/TextBreakIterator.cpp.o
[726/2719] Building CXX object Source/WTF/wtf/CMakeFiles/WTF.dir/text/TextStream.cpp.o
[727/2719] Building CXX object Source/WTF/wtf/CMakeFiles/WTF.dir/text/UniquedStringImpl.cpp.o
[728/2719] Building CXX object Source/WTF/wtf/CMakeFiles/WTF.dir/text/icu/UnicodeExtras.cpp.o
[729/2719] Building CXX object Source/WTF/wtf/CMakeFiles/WTF.dir/text/icu/UTextProvider.cpp.o
[730/2719] Building CXX object Source/WTF/wtf/CMakeFiles/WTF.dir/text/WTFString.cpp.o
[731/2719] Building CXX object Source/WTF/wtf/CMakeFiles/WTF.dir/text/icu/UTextProviderUTF16.cpp.o
[732/2719] Building CXX object Source/WTF/wtf/CMakeFiles/WTF.dir/text/icu/UTextProviderLatin1.cpp.o
[733/2719] Building CXX object Source/WTF/wtf/CMakeFiles/WTF.dir/threads/BinarySemaphore.cpp.o
[734/2719] Building CXX object Source/WTF/wtf/CMakeFiles/WTF.dir/unicode/CollatorDefault.cpp.o
[735/2719] Building CXX object Source/WTF/wtf/CMakeFiles/WTF.dir/unicode/UTF8Conversion.cpp.o
[736/2719] Building CXX object Source/WTF/wtf/CMakeFiles/WTF.dir/threads/Signals.cpp.o
[737/2719] Building CXX object Source/WTF/wtf/CMakeFiles/WTF.dir/unicode/icu/ICUHelpers.cpp.o
[738/2719] Building CXX object Source/WTF/wtf/CMakeFiles/WTF.dir/unicode/icu/CollatorICU.cpp.o
[739/2719] Building CXX object Source/WTF/wtf/CMakeFiles/WTF.dir/generic/WorkQueueGeneric.cpp.o
[740/2719] Building CXX object Source/WTF/wtf/CMakeFiles/WTF.dir/generic/MainThreadGeneric.cpp.o
[741/2719] Building CXX object Source/WTF/wtf/CMakeFiles/WTF.dir/posix/OSAllocatorPOSIX.cpp.o
[742/2719] Building CXX object Source/WTF/wtf/CMakeFiles/WTF.dir/text/unix/TextBreakIteratorInternalICUUnix.cpp.o
[743/2719] Building CXX object Source/WTF/wtf/CMakeFiles/WTF.dir/posix/ThreadingPOSIX.cpp.o
[744/2719] Building CXX object Source/WTF/wtf/CMakeFiles/WTF.dir/unix/LoggingUnix.cpp.o
[745/2719] Building CXX object Source/WTF/wtf/CMakeFiles/WTF.dir/unix/LanguageUnix.cpp.o
[746/2719] Building CXX object Source/WTF/wtf/CMakeFiles/WTF.dir/posix/CPUTimePOSIX.cpp.o
[747/2719] Building CXX object Source/WTF/wtf/CMakeFiles/WTF.dir/posix/FileHandlePOSIX.cpp.o
[748/2719] Building CXX object Source/WTF/wtf/CMakeFiles/WTF.dir/posix/FileSystemPOSIX.cpp.o
[749/2719] Building CXX object Source/WTF/wtf/CMakeFiles/WTF.dir/posix/MappedFileDataPOSIX.cpp.o
[750/2719] Building CXX object Source/WTF/wtf/CMakeFiles/WTF.dir/unix/UniStdExtrasUnix.cpp.o
[751/2719] Building CXX object Source/WTF/wtf/CMakeFiles/WTF.dir/linux/CurrentProcessMemoryStatus.cpp.o
[752/2719] Building CXX object Source/WTF/wtf/CMakeFiles/WTF.dir/linux/MemoryFootprintLinux.cpp.o
[753/2719] Building CXX object Source/WTF/wtf/CMakeFiles/WTF.dir/linux/HighPriorityThreads.cpp.o
[754/2719] Building CXX object Source/WTF/wtf/CMakeFiles/WTF.dir/unix/MemoryPressureHandlerUnix.cpp.o
[755/2719] Generating ../../../WTF/Headers/wtf/ASCIICType.h
[756/2719] Generating ../../../WTF/Headers/wtf/AbstractCanMakeCheckedPtr.h
[757/2719] Generating ../../../WTF/Headers/wtf/AbstractRefCounted.h
[758/2719] Generating ../../../WTF/Headers/wtf/AbstractRefCountedAndCanMakeWeakPtr.h
[759/2719] Generating ../../../WTF/Headers/wtf/AbstractThreadSafeRefCountedAndCanMakeWeakPtr.h
[760/2719] Generating ../../../WTF/Headers/wtf/AccessibleAddress.h
[761/2719] Generating ../../../WTF/Headers/wtf/AggregateLogger.h
[762/2719] Generating ../../../WTF/Headers/wtf/AlignedStorage.h
[763/2719] Generating ../../../WTF/Headers/wtf/AllocSpanMixin.h
[764/2719] Generating ../../../WTF/Headers/wtf/AnsiColors.h
[765/2719] Generating ../../../WTF/Headers/wtf/ApproximateTime.h
[766/2719] Generating ../../../WTF/Headers/wtf/ArgumentCoder.h
[767/2719] Generating ../../../WTF/Headers/wtf/Assertions.h
[768/2719] Generating ../../../WTF/Headers/wtf/Atomics.h
[769/2719] Generating ../../../WTF/Headers/wtf/AutodrainedPool.h
[770/2719] Generating ../../../WTF/Headers/wtf/AutomaticThread.h
[771/2719] Generating ../../../WTF/Headers/wtf/AvailableMemory.h
[772/2719] Generating ../../../WTF/Headers/wtf/BackwardsGraph.h
[773/2719] Generating ../../../WTF/Headers/wtf/Bag.h
[774/2719] Generating ../../../WTF/Headers/wtf/BagToHashMap.h
[775/2719] Generating ../../../WTF/Headers/wtf/BitSet.h
[776/2719] Generating ../../../WTF/Headers/wtf/BitVector.h
[777/2719] Generating ../../../WTF/Headers/wtf/BlockObjCExceptions.h
[778/2719] Generating ../../../WTF/Headers/wtf/BlockPtr.h
[779/2719] Generating ../../../WTF/Headers/wtf/BloomFilter.h
[780/2719] Generating ../../../WTF/Headers/wtf/BooleanLattice.h
[781/2719] Generating ../../../WTF/Headers/wtf/Borrow.h
[782/2719] Generating ../../../WTF/Headers/wtf/Box.h
[783/2719] Generating ../../../WTF/Headers/wtf/BoxPtr.h
[784/2719] Generating ../../../WTF/Headers/wtf/Brigand.h
[785/2719] Generating ../../../WTF/Headers/wtf/BubbleSort.h
[786/2719] Generating ../../../WTF/Headers/wtf/BumpPointerAllocator.h
[787/2719] Generating ../../../WTF/Headers/wtf/ButterflyArray.h
[788/2719] Generating ../../../WTF/Headers/wtf/ByteOrder.h
[789/2719] Generating ../../../WTF/Headers/wtf/CPUTime.h
[790/2719] Generating ../../../WTF/Headers/wtf/CagedPtr.h
[791/2719] Generating ../../../WTF/Headers/wtf/CagedUniquePtr.h
[792/2719] Generating ../../../WTF/Headers/wtf/CallbackAggregator.h
[793/2719] Generating ../../../WTF/Headers/wtf/CanBorrow.h
[794/2719] Generating ../../../WTF/Headers/wtf/CanMakeWeakPtr.h
[795/2719] Generating ../../../WTF/Headers/wtf/CancellableTask.h
[796/2719] Generating ../../../WTF/Headers/wtf/CheckedArithmetic.h
[797/2719] Generating ../../../WTF/Headers/wtf/CheckedPtr.h
[798/2719] Generating ../../../WTF/Headers/wtf/CheckedRef.h
[799/2719] Generating ../../../WTF/Headers/wtf/ClockType.h
[800/2719] Generating ../../../WTF/Headers/wtf/CodePtr.h
[801/2719] Generating ../../../WTF/Headers/wtf/CommaPrinter.h
[802/2719] Generating ../../../WTF/Headers/wtf/CompactPointerTuple.h
[803/2719] Generating ../../../WTF/Headers/wtf/CompactPtr.h
[804/2719] Generating ../../../WTF/Headers/wtf/CompactRefPtr.h
[805/2719] Generating ../../../WTF/Headers/wtf/CompactRefPtrTuple.h
[806/2719] Generating ../../../WTF/Headers/wtf/CompactUniquePtrTuple.h
[807/2719] Generating ../../../WTF/Headers/wtf/CompactVariant.h
[808/2719] Generating ../../../WTF/Headers/wtf/CompactVariantOperations.h
[809/2719] Generating ../../../WTF/Headers/wtf/CompilationThread.h
[810/2719] Generating ../../../WTF/Headers/wtf/Compiler.h
[811/2719] Generating ../../../WTF/Headers/wtf/CompletionHandler.h
[812/2719] Generating ../../../WTF/Headers/wtf/ConcurrentBuffer.h
[813/2719] Generating ../../../WTF/Headers/wtf/ConcurrentPtrHashSet.h
[814/2719] Generating ../../../WTF/Headers/wtf/ConcurrentVector.h
[815/2719] Generating ../../../WTF/Headers/wtf/Condition.h
[816/2719] Generating ../../../WTF/Headers/wtf/ContinuousApproximateTime.h
[817/2719] Generating ../../../WTF/Headers/wtf/ContinuousTime.h
[818/2719] Generating ../../../WTF/Headers/wtf/CoroutineUtilities.h
[819/2719] Generating ../../../WTF/Headers/wtf/CountingLock.h
[820/2719] Generating ../../../WTF/Headers/wtf/CrossThreadCopier.h
[821/2719] Generating ../../../WTF/Headers/wtf/CrossThreadQueue.h
[822/2719] Generating ../../../WTF/Headers/wtf/CrossThreadTask.h
[823/2719] Generating ../../../WTF/Headers/wtf/CrossThreadTaskHandler.h
[824/2719] Generating ../../../WTF/Headers/wtf/CryptographicUtilities.h
[825/2719] Generating ../../../WTF/Headers/wtf/CryptographicallyRandomNumber.h
[826/2719] Generating ../../../WTF/Headers/wtf/CurrentThread.h
[827/2719] Generating ../../../WTF/Headers/wtf/DataLog.h
[828/2719] Generating ../../../WTF/Headers/wtf/DataMutex.h
[829/2719] Generating ../../../WTF/Headers/wtf/DataRef.h
[830/2719] Generating ../../../WTF/Headers/wtf/DateMath.h
[831/2719] Generating ../../../WTF/Headers/wtf/DebugHeap.h
[832/2719] Generating ../../../WTF/Headers/wtf/DebugUtilities.h
[833/2719] Generating ../../../WTF/Headers/wtf/DeferrableRefCounted.h
[834/2719] Generating ../../../WTF/Headers/wtf/Deque.h
[835/2719] Generating ../../../WTF/Headers/wtf/Dominators.h
[836/2719] Generating ../../../WTF/Headers/wtf/DoublyLinkedList.h
[837/2719] Generating ../../../WTF/Headers/wtf/EmbeddedFixedVector.h
[838/2719] Generating ../../../WTF/Headers/wtf/EnumClassOperatorOverloads.h
[839/2719] Generating ../../../WTF/Headers/wtf/EnumSet.h
[840/2719] Generating ../../../WTF/Headers/wtf/EnumTraits.h
[841/2719] Generating ../../../WTF/Headers/wtf/EnumeratedArray.h
[842/2719] Generating ../../../WTF/Headers/wtf/EscapableByteSpan.h
[843/2719] Generating ../../../WTF/Headers/wtf/ExperimentalFeatureNames.h
[844/2719] Generating ../../../WTF/Headers/wtf/ExportMacros.h
[845/2719] Generating ../../../WTF/Headers/wtf/FailureAction.h
[846/2719] Generating ../../../WTF/Headers/wtf/FastBitVector.h
[847/2719] Generating ../../../WTF/Headers/wtf/FastFloat.h
[848/2719] Generating ../../../WTF/Headers/wtf/FastMalloc.h
[849/2719] Generating ../../../WTF/Headers/wtf/FastTLS.h
[850/2719] Generating ../../../WTF/Headers/wtf/FileHandle.h
[851/2719] Generating ../../../WTF/Headers/wtf/FileLockMode.h
[852/2719] Generating ../../../WTF/Headers/wtf/FilePrintStream.h
[853/2719] Generating ../../../WTF/Headers/wtf/FileSystem.h
[854/2719] Generating ../../../WTF/Headers/wtf/FixedBitVector.h
[855/2719] Generating ../../../WTF/Headers/wtf/FixedVector.h
[856/2719] Generating ../../../WTF/Headers/wtf/FixedWidthDouble.h
[857/2719] Generating ../../../WTF/Headers/wtf/FlatteningVariantAdaptor.h
[858/2719] Generating ../../../WTF/Headers/wtf/FlipBytes.h
[859/2719] Generating ../../../WTF/Headers/wtf/Float16.h
[860/2719] Generating ../../../WTF/Headers/wtf/ForbidHeapAllocation.h
[861/2719] Generating ../../../WTF/Headers/wtf/FormattedLogging.h
[862/2719] Generating ../../../WTF/Headers/wtf/Forward.h
[863/2719] Generating ../../../WTF/Headers/wtf/Function.h
[864/2719] Generating ../../../WTF/Headers/wtf/FunctionDispatcher.h
[865/2719] Generating ../../../WTF/Headers/wtf/FunctionPtr.h
[866/2719] Generating ../../../WTF/Headers/wtf/FunctionTraits.h
[867/2719] Generating ../../../WTF/Headers/wtf/GenerationalSet.h
[868/2719] Generating ../../../WTF/Headers/wtf/GenericHashKey.h
[869/2719] Generating ../../../WTF/Headers/wtf/GenericTimeMixin.h
[870/2719] Generating ../../../WTF/Headers/wtf/GetPtr.h
[871/2719] Generating ../../../WTF/Headers/wtf/GlobalVersion.h
[872/2719] Generating ../../../WTF/Headers/wtf/GraphNodeWorklist.h
[873/2719] Generating ../../../WTF/Headers/wtf/GraphOrdering.h
[874/2719] Generating ../../../WTF/Headers/wtf/GregorianDateTime.h
[875/2719] Generating ../../../WTF/Headers/wtf/HashCountedSet.h
[876/2719] Generating ../../../WTF/Headers/wtf/HashFunctions.h
[877/2719] Generating ../../../WTF/Headers/wtf/HashIterators.h
[878/2719] Generating ../../../WTF/Headers/wtf/HashMap.h
[879/2719] Generating ../../../WTF/Headers/wtf/HashMethod.h
[880/2719] Generating ../../../WTF/Headers/wtf/HashSet.h
[881/2719] Generating ../../../WTF/Headers/wtf/HashTable.h
[882/2719] Generating ../../../WTF/Headers/wtf/HashTraits.h
[883/2719] Generating ../../../WTF/Headers/wtf/Hasher.h
[884/2719] Generating ../../../WTF/Headers/wtf/HexNumber.h
[885/2719] Generating ../../../WTF/Headers/wtf/Identified.h
[886/2719] Generating ../../../WTF/Headers/wtf/Indenter.h
[887/2719] Generating ../../../WTF/Headers/wtf/IndexKeyType.h
[888/2719] Generating ../../../WTF/Headers/wtf/IndexMap.h
[889/2719] Generating ../../../WTF/Headers/wtf/IndexSet.h
[890/2719] Generating ../../../WTF/Headers/wtf/IndexSparseSet.h
[891/2719] Generating ../../../WTF/Headers/wtf/IndexedContainerIterator.h
[892/2719] Generating ../../../WTF/Headers/wtf/IndexedRange.h
[893/2719] Generating ../../../WTF/Headers/wtf/InlineASM.h
[894/2719] Generating ../../../WTF/Headers/wtf/InlineMap.h
[895/2719] Generating ../../../WTF/Headers/wtf/InlineWeakPtr.h
[896/2719] Generating ../../../WTF/Headers/wtf/InlineWeakRef.h
[897/2719] Generating ../../../WTF/Headers/wtf/Insertion.h
[898/2719] Generating ../../../WTF/Headers/wtf/InstanceCounted.h
[899/2719] Generating ../../../WTF/Headers/wtf/Int128.h
[900/2719] Generating ../../../WTF/Headers/wtf/InterferenceGraph.h
[901/2719] Generating ../../../WTF/Headers/wtf/IntervalSet.h
[902/2719] Generating ../../../WTF/Headers/wtf/IsIncreasing.h
[903/2719] Generating ../../../WTF/Headers/wtf/IterationStatus.h
[904/2719] Generating ../../../WTF/Headers/wtf/IteratorRange.h
[905/2719] Generating ../../../WTF/Headers/wtf/JSONValues.h
[906/2719] Generating ../../../WTF/Headers/wtf/JSValueMalloc.h
[907/2719] Generating ../../../WTF/Headers/wtf/KeyValuePair.h
[908/2719] Generating ../../../WTF/Headers/wtf/LEBDecoder.h
[909/2719] Generating ../../../WTF/Headers/wtf/LEBEncoder.h
[910/2719] Generating ../../../WTF/Headers/wtf/LLVMProfilingUtils.h
[911/2719] Generating ../../../WTF/Headers/wtf/Language.h
[912/2719] Generating ../../../WTF/Headers/wtf/LazyRef.h
[913/2719] Generating ../../../WTF/Headers/wtf/LazyUniqueRef.h
[914/2719] Generating ../../../WTF/Headers/wtf/LikelyDenseUnsignedIntegerSet.h
[915/2719] Generating ../../../WTF/Headers/wtf/ListDump.h
[916/2719] Generating ../../../WTF/Headers/wtf/ListHashSet.h
[917/2719] Generating ../../../WTF/Headers/wtf/Liveness.h
[918/2719] Generating ../../../WTF/Headers/wtf/Lock.h
[919/2719] Generating ../../../WTF/Headers/wtf/LockAlgorithm.h
[920/2719] Generating ../../../WTF/Headers/wtf/LockAlgorithmInlines.h
[921/2719] Generating ../../../WTF/Headers/wtf/LockedPrintStream.h
[922/2719] Generating ../../../WTF/Headers/wtf/Locker.h
[923/2719] Generating ../../../WTF/Headers/wtf/LocklessBag.h
[924/2719] Generating ../../../WTF/Headers/wtf/LogChannels.h
[925/2719] Generating ../../../WTF/Headers/wtf/LogInitialization.h
[926/2719] Generating ../../../WTF/Headers/wtf/Logger.h
[927/2719] Generating ../../../WTF/Headers/wtf/LoggerHelper.h
[928/2719] Generating ../../../WTF/Headers/wtf/Logging.h
[929/2719] Generating ../../../WTF/Headers/wtf/LoggingAccumulator.h
[930/2719] Generating ../../../WTF/Headers/wtf/LoggingHashID.h
[931/2719] Generating ../../../WTF/Headers/wtf/LoggingHashMap.h
[932/2719] Generating ../../../WTF/Headers/wtf/LoggingHashSet.h
[933/2719] Generating ../../../WTF/Headers/wtf/LoggingHashTraits.h
[934/2719] Generating ../../../WTF/Headers/wtf/MachSendRight.h
[935/2719] Generating ../../../WTF/Headers/wtf/MachSendRightAnnotated.h
[936/2719] Generating ../../../WTF/Headers/wtf/MainThread.h
[937/2719] Generating ../../../WTF/Headers/wtf/MainThreadDispatcher.h
[938/2719] Generating ../../../WTF/Headers/wtf/MallocCommon.h
[939/2719] Generating ../../../WTF/Headers/wtf/MallocPtr.h
[940/2719] Generating ../../../WTF/Headers/wtf/MallocSpan.h
[941/2719] Generating ../../../WTF/Headers/wtf/MappedFileData.h
[942/2719] Generating ../../../WTF/Headers/wtf/Markable.h
[943/2719] Generating ../../../WTF/Headers/wtf/MathExtras.h
[944/2719] Generating ../../../WTF/Headers/wtf/MediaTime.h
[945/2719] Generating ../../../WTF/Headers/wtf/MemoryDump.h
[946/2719] Generating ../../../WTF/Headers/wtf/MemoryFootprint.h
[947/2719] Generating ../../../WTF/Headers/wtf/MemoryPressureHandler.h
[948/2719] Generating ../../../WTF/Headers/wtf/MessageQueue.h
[949/2719] Generating ../../../WTF/Headers/wtf/MetaAllocator.h
[950/2719] Generating ../../../WTF/Headers/wtf/MetaAllocatorHandle.h
[951/2719] Generating ../../../WTF/Headers/wtf/MmapSpan.h
[952/2719] Generating ../../../WTF/Headers/wtf/MonotonicTime.h
[953/2719] Generating ../../../WTF/Headers/wtf/NakedPtr.h
[954/2719] Generating ../../../WTF/Headers/wtf/NativePromise.h
[955/2719] Generating ../../../WTF/Headers/wtf/NaturalLoops.h
[956/2719] Generating ../../../WTF/Headers/wtf/NeverDestroyed.h
[957/2719] Generating ../../../WTF/Headers/wtf/NoLock.h
[958/2719] Generating ../../../WTF/Headers/wtf/NoTailCalls.h
[959/2719] Generating ../../../WTF/Headers/wtf/NoVirtualDestructorBase.h
[960/2719] Generating ../../../WTF/Headers/wtf/Nonallocatable.h
[961/2719] Generating ../../../WTF/Headers/wtf/Noncopyable.h
[962/2719] Generating ../../../WTF/Headers/wtf/Nonmovable.h
[963/2719] Generating ../../../WTF/Headers/wtf/NotFound.h
[964/2719] Generating ../../../WTF/Headers/wtf/NumberOfCores.h
[965/2719] Generating ../../../WTF/Headers/wtf/OSAllocator.h
[966/2719] Generating ../../../WTF/Headers/wtf/OSObjectPtr.h
[967/2719] Generating ../../../WTF/Headers/wtf/OSRandomSource.h
[968/2719] Generating ../../../WTF/Headers/wtf/ObjCRuntimeExtras.h
[969/2719] Generating ../../../WTF/Headers/wtf/ObjectIdentifier.h
[970/2719] Generating ../../../WTF/Headers/wtf/Observer.h
[971/2719] Generating ../../../WTF/Headers/wtf/OptionCountedSet.h
[972/2719] Generating ../../../WTF/Headers/wtf/OptionSet.h
[973/2719] Generating ../../../WTF/Headers/wtf/OptionSetHash.h
[974/2719] Generating ../../../WTF/Headers/wtf/OptionalOrReference.h
[975/2719] Generating ../../../WTF/Headers/wtf/OrderMaker.h
[976/2719] Generating ../../../WTF/Headers/wtf/OrderedHashMap.h
[977/2719] Generating ../../../WTF/Headers/wtf/OrderedHashSet.h
[978/2719] Generating ../../../WTF/Headers/wtf/OrderedHashTable.h
[979/2719] Generating ../../../WTF/Headers/wtf/OverflowHandler.h
[980/2719] Generating ../../../WTF/Headers/wtf/OverflowPolicy.h
[981/2719] Generating ../../../WTF/Headers/wtf/Packed.h
[982/2719] Generating ../../../WTF/Headers/wtf/PackedRef.h
[983/2719] Generating ../../../WTF/Headers/wtf/PackedRefPtr.h
[984/2719] Generating ../../../WTF/Headers/wtf/PageAllocation.h
[985/2719] Generating ../../../WTF/Headers/wtf/PageBlock.h
[986/2719] Generating ../../../WTF/Headers/wtf/PageReservation.h
[987/2719] Generating ../../../WTF/Headers/wtf/ParallelHelperPool.h
[988/2719] Generating ../../../WTF/Headers/wtf/ParallelJobs.h
[989/2719] Generating ../../../WTF/Headers/wtf/ParallelJobsGeneric.h
[990/2719] Generating ../../../WTF/Headers/wtf/ParallelJobsLibdispatch.h
[991/2719] Generating ../../../WTF/Headers/wtf/ParallelJobsOpenMP.h
[992/2719] Generating ../../../WTF/Headers/wtf/ParallelVectorIterator.h
[993/2719] Generating ../../../WTF/Headers/wtf/ParkingLot.h
[994/2719] Generating ../../../WTF/Headers/wtf/Platform.h
[995/2719] Generating ../../../WTF/Headers/wtf/PlatformCPU.h
[996/2719] Generating ../../../WTF/Headers/wtf/PlatformCallingConventions.h
[997/2719] Generating ../../../WTF/Headers/wtf/PlatformEnable.h
[998/2719] Generating ../../../WTF/Headers/wtf/PlatformEnableCocoa.h
[999/2719] Generating ../../../WTF/Headers/wtf/PlatformHave.h
[1000/2719] Generating ../../../WTF/Headers/wtf/PlatformLegacy.h
[1001/2719] Generating ../../../WTF/Headers/wtf/PlatformOS.h
[1002/2719] Generating ../../../WTF/Headers/wtf/PlatformRegisters.h
[1003/2719] Generating ../../../WTF/Headers/wtf/PlatformUse.h
[1004/2719] Generating ../../../WTF/Headers/wtf/PointerComparison.h
[1005/2719] Generating ../../../WTF/Headers/wtf/PointerPreparations.h
[1006/2719] Generating ../../../WTF/Headers/wtf/PreciseSum.h
[1007/2719] Generating ../../../WTF/Headers/wtf/PrintStream.h
[1008/2719] Generating ../../../WTF/Headers/wtf/PriorityQueue.h
[1009/2719] Generating ../../../WTF/Headers/wtf/ProcessID.h
[1010/2719] Generating ../../../WTF/Headers/wtf/ProcessMemoryStatus.h
[1011/2719] Generating ../../../WTF/Headers/wtf/ProcessPrivilege.h
[1012/2719] Generating ../../../WTF/Headers/wtf/PtrTag.h
[1013/2719] Generating ../../../WTF/Headers/wtf/RAMSize.h
[1014/2719] Generating ../../../WTF/Headers/wtf/RandomDevice.h
[1015/2719] Generating ../../../WTF/Headers/wtf/Range.h
[1016/2719] Generating ../../../WTF/Headers/wtf/RangeAdaptors.h
[1017/2719] Generating ../../../WTF/Headers/wtf/RangeSet.h
[1018/2719] Generating ../../../WTF/Headers/wtf/RawHex.h
[1019/2719] Generating ../../../WTF/Headers/wtf/RawPointer.h
[1020/2719] Generating ../../../WTF/Headers/wtf/RawPtrTraits.h
[1021/2719] Generating ../../../WTF/Headers/wtf/RawValueTraits.h
[1022/2719] Generating ../../../WTF/Headers/wtf/ReadWriteLock.h
[1023/2719] Generating ../../../WTF/Headers/wtf/RecursableLambda.h
[1024/2719] Generating ../../../WTF/Headers/wtf/RecursiveLockAdapter.h
[1025/2719] Generating ../../../WTF/Headers/wtf/RedBlackTree.h
[1026/2719] Generating ../../../WTF/Headers/wtf/ReducedResolutionSeconds.h
[1027/2719] Generating ../../../WTF/Headers/wtf/Ref.h
[1028/2719] Building CXX object Source/WTF/wtf/CMakeFiles/WTF.dir/generic/RunLoopGeneric.cpp.o
[1029/2719] Generating ../../../WTF/Headers/wtf/RefCountDebugger.h
[1030/2719] Generating ../../../WTF/Headers/wtf/RefCountable.h
[1031/2719] Generating ../../../WTF/Headers/wtf/RefCounted.h
[1032/2719] Generating ../../../WTF/Headers/wtf/RefCountedAndCanMakeWeakPtr.h
[1033/2719] Generating ../../../WTF/Headers/wtf/RefCountedFixedVector.h
[1034/2719] Generating ../../../WTF/Headers/wtf/RefCountedWithInlineWeakPtr.h
[1035/2719] Generating ../../../WTF/Headers/wtf/RefCounter.h
[1036/2719] Generating ../../../WTF/Headers/wtf/RefPtr.h
[1037/2719] Generating ../../../WTF/Headers/wtf/RefTrackerMixin.h
[1038/2719] Generating ../../../WTF/Headers/wtf/RefVector.h
[1039/2719] Generating ../../../WTF/Headers/wtf/ReferenceWrapperVector.h
[1040/2719] Generating ../../../WTF/Headers/wtf/ResourceUsage.h
[1041/2719] Generating ../../../WTF/Headers/wtf/RetainPtr.h
[1042/2719] Generating ../../../WTF/Headers/wtf/RobinHoodHashMap.h
[1043/2719] Generating ../../../WTF/Headers/wtf/RetainRef.h
[1044/2719] Generating ../../../WTF/Headers/wtf/RobinHoodHashTable.h
[1045/2719] Generating ../../../WTF/Headers/wtf/RobinHoodHashSet.h
[1046/2719] Generating ../../../WTF/Headers/wtf/RunLoop.h
[1047/2719] Generating ../../../WTF/Headers/wtf/RuntimeApplicationChecks.h
[1048/2719] Generating ../../../WTF/Headers/wtf/SHA1.h
[1049/2719] Generating ../../../WTF/Headers/wtf/SIMDHelpers.h
[1050/2719] Generating ../../../WTF/Headers/wtf/SIMDUTF.h
[1051/2719] Generating ../../../WTF/Headers/wtf/SSACalculator.h
[1052/2719] Generating ../../../WTF/Headers/wtf/SafeStrerror.h
[1053/2719] Generating ../../../WTF/Headers/wtf/SaturatingArithmetic.h
[1054/2719] Generating ../../../WTF/Headers/wtf/Scope.h
[1055/2719] Generating ../../../WTF/Headers/wtf/SchedulePair.h
[1056/2719] Generating ../../../WTF/Headers/wtf/ScopedLambda.h
[1057/2719] Generating ../../../WTF/Headers/wtf/ScopedPrintStream.h
[1058/2719] Generating ../../../WTF/Headers/wtf/Seconds.h
[1059/2719] Generating ../../../WTF/Headers/wtf/SegmentedVector.h
[1060/2719] Generating ../../../WTF/Headers/wtf/SentinelLinkedList.h
[1061/2719] Generating ../../../WTF/Headers/wtf/SequenceLocked.h
[1062/2719] Generating ../../../WTF/Headers/wtf/SequesteredAutomaticThread.h
[1063/2719] Generating ../../../WTF/Headers/wtf/SequesteredAllocator.h
[1064/2719] Generating ../../../WTF/Headers/wtf/SequesteredImmortalHeap.h
[1065/2719] Generating ../../../WTF/Headers/wtf/SequesteredMalloc.h
[1066/2719] Generating ../../../WTF/Headers/wtf/SharedTask.h
[1067/2719] Generating ../../../WTF/Headers/wtf/SetForScope.h
[1068/2719] Generating ../../../WTF/Headers/wtf/SimpleStats.h
[1069/2719] Generating ../../../WTF/Headers/wtf/SignedPtr.h
[1070/2719] Generating ../../../WTF/Headers/wtf/SingleThreadIntegralWrapper.h
[1071/2719] Generating ../../../WTF/Headers/wtf/SingleRootGraph.h
[1072/2719] Generating ../../../WTF/Headers/wtf/SinglyLinkedList.h
[1073/2719] Generating ../../../WTF/Headers/wtf/SinglyLinkedListWithTail.h
[1074/2719] Generating ../../../WTF/Headers/wtf/SixCharacterHash.h
[1075/2719] Generating ../../../WTF/Headers/wtf/SmallMap.h
[1076/2719] Generating ../../../WTF/Headers/wtf/SmallSet.h
[1077/2719] Generating ../../../WTF/Headers/wtf/SoftLinking.h
[1078/2719] Generating ../../../WTF/Headers/wtf/SpanningTree.h
[1079/2719] Generating ../../../WTF/Headers/wtf/SortedArrayMap.h
[1080/2719] Generating ../../../WTF/Headers/wtf/Spectrum.h
[1081/2719] Generating ../../../WTF/Headers/wtf/SparseBitVector.h
[1082/2719] Generating ../../../WTF/Headers/wtf/SpinBackoff.h
[1083/2719] Generating ../../../WTF/Headers/wtf/StackAllocation.h
[1084/2719] Generating ../../../WTF/Headers/wtf/StackBounds.h
[1085/2719] Generating ../../../WTF/Headers/wtf/StackCheck.h
[1086/2719] Generating ../../../WTF/Headers/wtf/StackPointer.h
[1087/2719] Generating ../../../WTF/Headers/wtf/StackShot.h
[1088/2719] Generating ../../../WTF/Headers/wtf/StackShotProfiler.h
[1089/2719] Generating ../../../WTF/Headers/wtf/StackStats.h
[1090/2719] Generating ../../../WTF/Headers/wtf/StackTrace.h
[1091/2719] Generating ../../../WTF/Headers/wtf/StdFilesystem.h
[1092/2719] Generating ../../../WTF/Headers/wtf/StdIntExtras.h
[1093/2719] Generating ../../../WTF/Headers/wtf/StdLibExtras.h
[1094/2719] Generating ../../../WTF/Headers/wtf/StdList.h
[1095/2719] Generating ../../../WTF/Headers/wtf/StdMap.h
[1096/2719] Generating ../../../WTF/Headers/wtf/StdMultimap.h
[1097/2719] Generating ../../../WTF/Headers/wtf/StdSet.h
[1098/2719] Generating ../../../WTF/Headers/wtf/StdUnorderedMap.h
[1099/2719] Generating ../../../WTF/Headers/wtf/StdUnorderedSet.h
[1100/2719] Generating ../../../WTF/Headers/wtf/StreamBuffer.h
[1101/2719] Generating ../../../WTF/Headers/wtf/Stopwatch.h
[1102/2719] Generating ../../../WTF/Headers/wtf/StringPrintStream.h
[1103/2719] Generating ../../../WTF/Headers/wtf/StringHashDumpContext.h
[1104/2719] Generating ../../../WTF/Headers/wtf/SuspendableWorkQueue.h
[1105/2719] Generating ../../../WTF/Headers/wtf/StructDump.h
[1106/2719] Generating ../../../WTF/Headers/wtf/SwiftBridging.h
[1107/2719] Generating ../../../WTF/Headers/wtf/SwiftCXXThunk.h
[1108/2719] Generating ../../../WTF/Headers/wtf/SystemFree.h
[1109/2719] Generating ../../../WTF/Headers/wtf/SynchronizedFixedQueue.h
[1110/2719] Generating ../../../WTF/Headers/wtf/SystemMalloc.h
[1111/2719] Generating ../../../WTF/Headers/wtf/SystemTracing.h
[1112/2719] Generating ../../../WTF/Headers/wtf/TZoneMalloc.h
[1113/2719] Generating ../../../WTF/Headers/wtf/TZoneMallocInlines.h
[1114/2719] Generating ../../../WTF/Headers/wtf/TaggedArrayStoragePtr.h
[1115/2719] Generating ../../../WTF/Headers/wtf/TaggedPtr.h
[1116/2719] Generating ../../../WTF/Headers/wtf/ThreadAssertions.h
[1117/2719] Generating ../../../WTF/Headers/wtf/ThreadGroup.h
[1118/2719] Generating ../../../WTF/Headers/wtf/ThreadMessage.h
[1119/2719] Generating ../../../WTF/Headers/wtf/ThreadSafeLazyUniquePtr.h
[1120/2719] Generating ../../../WTF/Headers/wtf/ThreadSafeRefCounted.h
[1121/2719] Generating ../../../WTF/Headers/wtf/ThreadSafeRefCountedWithSuppressingSaferCPPChecking.h
[1122/2719] Generating ../../../WTF/Headers/wtf/ThreadSafeWeakHashSet.h
[1123/2719] Generating ../../../WTF/Headers/wtf/ThreadSafeWeakPtr.h
[1124/2719] Generating ../../../WTF/Headers/wtf/ThreadSafetyAnalysis.h
[1125/2719] Generating ../../../WTF/Headers/wtf/ThreadSanitizerSupport.h
[1126/2719] Generating ../../../WTF/Headers/wtf/ThreadSpecific.h
[1127/2719] Generating ../../../WTF/Headers/wtf/Threading.h
[1128/2719] Generating ../../../WTF/Headers/wtf/ThreadingEnums.h
[1129/2719] Generating ../../../WTF/Headers/wtf/ThreadingPrimitives.h
[1130/2719] Generating ../../../WTF/Headers/wtf/TimeZone.h
[1131/2719] Generating ../../../WTF/Headers/wtf/TimeWithDynamicClockType.h
[1132/2719] Generating ../../../WTF/Headers/wtf/TimingScope.h
[1133/2719] Generating ../../../WTF/Headers/wtf/TinyLRUCache.h
[1134/2719] Generating ../../../WTF/Headers/wtf/TrailingArray.h
[1135/2719] Generating ../../../WTF/Headers/wtf/TinyPtrSet.h
[1136/2719] Generating ../../../WTF/Headers/wtf/TranslatedProcess.h
[1137/2719] Generating ../../../WTF/Headers/wtf/TriState.h
[1138/2719] Generating ../../../WTF/Headers/wtf/TypeCasts.h
[1139/2719] Generating ../../../WTF/Headers/wtf/TypeTraits.h
[1140/2719] Generating ../../../WTF/Headers/wtf/URL.h
[1141/2719] Generating ../../../WTF/Headers/wtf/URLHash.h
[1142/2719] Generating ../../../WTF/Headers/wtf/URLHelpers.h
[1143/2719] Generating ../../../WTF/Headers/wtf/URLParser.h
[1144/2719] Generating ../../../WTF/Headers/wtf/UnalignedAccess.h
[1145/2719] Generating ../../../WTF/Headers/wtf/UUID.h
[1146/2719] Generating ../../../WTF/Headers/wtf/UnbarrieredMonotonicTime.h
[1147/2719] Generating ../../../WTF/Headers/wtf/UniStdExtras.h
[1148/2719] Generating ../../../WTF/Headers/wtf/UniqueArray.h
[1149/2719] Generating ../../../WTF/Headers/wtf/UnionFind.h
[1150/2719] Generating ../../../WTF/Headers/wtf/UniqueRef.h
[1151/2719] Generating ../../../WTF/Headers/wtf/UniqueRefVector.h
[1152/2719] Generating ../../../WTF/Headers/wtf/UniquelyOwned.h
[1153/2719] Generating ../../../WTF/Headers/wtf/UniquelyOwnedPtr.h
[1154/2719] Generating ../../../WTF/Headers/wtf/VMTags.h
[1155/2719] Generating ../../../WTF/Headers/wtf/ValidatedReinterpretCast.h
[1156/2719] Generating ../../../WTF/Headers/wtf/ValueOrReference.h
[1157/2719] Generating ../../../WTF/Headers/wtf/ValueCheck.h
[1158/2719] Generating ../../../WTF/Headers/wtf/Variant.h
[1159/2719] Generating ../../../WTF/Headers/wtf/VariantExtras.h
[1160/2719] Generating ../../../WTF/Headers/wtf/VariantList.h
[1161/2719] Generating ../../../WTF/Headers/wtf/VariantListOperations.h
[1162/2719] Generating ../../../WTF/Headers/wtf/Vector.h
[1163/2719] Generating ../../../WTF/Headers/wtf/VectorTraits.h
[1164/2719] Generating ../../../WTF/Headers/wtf/WTFConfig.h
[1165/2719] Generating ../../../WTF/Headers/wtf/WTFProcess.h
[1166/2719] Generating ../../../WTF/Headers/wtf/WallTime.h
[1167/2719] Generating ../../../WTF/Headers/wtf/WTFSemaphore.h
[1168/2719] Generating ../../../WTF/Headers/wtf/WeakHashCountedSet.h
[1169/2719] Generating ../../../WTF/Headers/wtf/WasmSIMD128.h
[1170/2719] Generating ../../../WTF/Headers/wtf/WeakHashSet.h
[1171/2719] Generating ../../../WTF/Headers/wtf/WeakHashMap.h
[1172/2719] Generating ../../../WTF/Headers/wtf/WeakObjCPtr.h
[1173/2719] Generating ../../../WTF/Headers/wtf/WeakListHashSet.h
[1174/2719] Generating ../../../WTF/Headers/wtf/WeakPtr.h
[1175/2719] Generating ../../../WTF/Headers/wtf/WeakPtrFactory.h
[1176/2719] Generating ../../../WTF/Headers/wtf/WeakPtrImpl.h
[1177/2719] Generating ../../../WTF/Headers/wtf/WeakRandom.h
[1178/2719] Generating ../../../WTF/Headers/wtf/WeakRandomNumber.h
[1179/2719] Generating ../../../WTF/Headers/wtf/WeakRef.h
[1180/2719] Generating ../../../WTF/Headers/wtf/WordLock.h
[1181/2719] Generating ../../../WTF/Headers/wtf/WindowsExtras.h
[1182/2719] Generating ../../../WTF/Headers/wtf/WorkQueue.h
[1183/2719] Generating ../../../WTF/Headers/wtf/WorkerPool.h
[1184/2719] Generating ../../../WTF/Headers/wtf/ZippedRange.h
[1185/2719] Generating ../../../WTF/Headers/wtf/dragonbox/detail/bits.h
[1186/2719] Generating ../../../WTF/Headers/wtf/dragonbox/detail/cache_holder.h
[1187/2719] Generating ../../../WTF/Headers/wtf/dragonbox/detail/decimal_fp.h
[1188/2719] Generating ../../../WTF/Headers/wtf/dragonbox/detail/div.h
[1189/2719] Generating ../../../WTF/Headers/wtf/dragonbox/detail/log.h
[1190/2719] Generating ../../../WTF/Headers/wtf/dragonbox/detail/policy_holder.h
[1191/2719] Generating ../../../WTF/Headers/wtf/dragonbox/detail/policy.h
[1192/2719] Generating ../../../WTF/Headers/wtf/dragonbox/detail/util.h
[1193/2719] Generating ../../../WTF/Headers/wtf/dragonbox/detail/wuint.h
[1194/2719] Generating ../../../WTF/Headers/wtf/dragonbox/dragonbox.h
[1195/2719] Generating ../../../WTF/Headers/wtf/dragonbox/dragonbox_to_chars.h
[1196/2719] Generating ../../../WTF/Headers/wtf/dtoa.h
[1197/2719] Generating ../../../WTF/Headers/wtf/dragonbox/ieee754_format.h
[1198/2719] Generating ../../../WTF/Headers/wtf/dtoa/bignum-dtoa.h
[1199/2719] Generating ../../../WTF/Headers/wtf/dtoa/bignum.h
[1200/2719] Generating ../../../WTF/Headers/wtf/dtoa/cached-powers.h
[1201/2719] Generating ../../../WTF/Headers/wtf/dtoa/diy-fp.h
[1202/2719] Generating ../../../WTF/Headers/wtf/dtoa/double-conversion.h
[1203/2719] Generating ../../../WTF/Headers/wtf/dtoa/fast-dtoa.h
[1204/2719] Generating ../../../WTF/Headers/wtf/dtoa/fixed-dtoa.h
[1205/2719] Generating ../../../WTF/Headers/wtf/dtoa/ieee.h
[1206/2719] Generating ../../../WTF/Headers/wtf/dtoa/strtod.h
[1207/2719] Generating ../../../WTF/Headers/wtf/dtoa/utils.h
[1208/2719] Generating ../../../WTF/Headers/wtf/linux/CurrentProcessMemoryStatus.h
[1209/2719] Generating ../../../WTF/Headers/wtf/fast_float/fast_float.h
[1210/2719] Generating ../../../WTF/Headers/wtf/linux/HighPriorityThreads.h
[1211/2719] Generating ../../../WTF/Headers/wtf/linux/ProcessMemoryFootprint.h
[1212/2719] Generating ../../../WTF/Headers/wtf/module.modulemap
[1213/2719] Generating ../../../WTF/Headers/wtf/persistence/PersistentCoders.h
[1214/2719] Generating ../../../WTF/Headers/wtf/persistence/PersistentEncoder.h
[1215/2719] Generating ../../../WTF/Headers/wtf/persistence/PersistentDecoder.h
[1216/2719] Generating ../../../WTF/Headers/wtf/simde/arm/sve.h
[1217/2719] Generating ../../../WTF/Headers/wtf/simde/simde.h
[1218/2719] Generating ../../../WTF/Headers/wtf/simde/arm/neon.h
[1219/2719] Generating ../../../WTF/Headers/wtf/simdutf/simdutf_impl.h
[1220/2719] Generating ../../../WTF/Headers/wtf/simde/wasm/simd128.h
[1221/2719] Generating ../../../WTF/Headers/wtf/text/ASCIIFastPath.h
[1222/2719] Generating ../../../WTF/Headers/wtf/text/ASCIILiteral.h
[1223/2719] Generating ../../../WTF/Headers/wtf/text/AdaptiveStringSearcher.h
[1224/2719] Generating ../../../WTF/Headers/wtf/text/AtomString.h
[1225/2719] Generating ../../../WTF/Headers/wtf/text/AtomStringImpl.h
[1226/2719] Generating ../../../WTF/Headers/wtf/text/AtomStringHash.h
[1227/2719] Generating ../../../WTF/Headers/wtf/text/AtomStringTable.h
[1228/2719] Generating ../../../WTF/Headers/wtf/text/Base64.h
[1229/2719] Generating ../../../WTF/Headers/wtf/text/CString.h
[1230/2719] Generating ../../../WTF/Headers/wtf/text/CStringView.h
[1231/2719] Generating ../../../WTF/Headers/wtf/text/CodePointIterator.h
[1232/2719] Generating ../../../WTF/Headers/wtf/text/CharacterProperties.h
[1233/2719] Generating ../../../WTF/Headers/wtf/text/ConversionMode.h
[1234/2719] Generating ../../../WTF/Headers/wtf/text/EscapedFormsForJSON.h
[1235/2719] Generating ../../../WTF/Headers/wtf/text/ExternalStringImpl.h
[1236/2719] Generating ../../../WTF/Headers/wtf/text/FastCharacterComparison.h
[1237/2719] Generating ../../../WTF/Headers/wtf/text/Latin1Character.h
[1238/2719] Generating ../../../WTF/Headers/wtf/text/IntegerToStringConversion.h
[1239/2719] Generating ../../../WTF/Headers/wtf/text/LineEnding.h
[1240/2719] Generating ../../../WTF/Headers/wtf/text/MakeString.h
[1241/2719] Generating ../../../WTF/Headers/wtf/text/NullTextBreakIterator.h
[1242/2719] Generating ../../../WTF/Headers/wtf/text/OrdinalNumber.h
[1243/2719] Generating ../../../WTF/Headers/wtf/text/ParsingUtilities.h
[1244/2719] Generating ../../../WTF/Headers/wtf/text/RapidHash.h
[1245/2719] Generating ../../../WTF/Headers/wtf/text/StringBuffer.h
[1246/2719] Generating ../../../WTF/Headers/wtf/text/StringBuilder.h
[1247/2719] Generating ../../../WTF/Headers/wtf/text/StringBuilderInternals.h
[1248/2719] Generating ../../../WTF/Headers/wtf/text/StringBuilderJSON.h
[1249/2719] Generating ../../../WTF/Headers/wtf/text/StringConcatenate.h
[1250/2719] Generating ../../../WTF/Headers/wtf/text/StringCommon.h
[1251/2719] Generating ../../../WTF/Headers/wtf/text/StringConcatenateNumbers.h
[1252/2719] Generating ../../../WTF/Headers/wtf/text/StringHash.h
[1253/2719] Generating ../../../WTF/Headers/wtf/text/StringHasher.h
[1254/2719] Generating ../../../WTF/Headers/wtf/text/StringHasherInlines.h
[1255/2719] Generating ../../../WTF/Headers/wtf/text/StringImpl.h
[1256/2719] Generating ../../../WTF/Headers/wtf/text/StringParsingBuffer.h
[1257/2719] Generating ../../../WTF/Headers/wtf/text/StringToIntegerConversion.h
[1258/2719] Generating ../../../WTF/Headers/wtf/text/StringSearch.h
[1259/2719] Generating ../../../WTF/Headers/wtf/text/StringView.h
[1260/2719] Generating ../../../WTF/Headers/wtf/text/SuperFastHash.h
[1261/2719] Generating ../../../WTF/Headers/wtf/text/SymbolRegistry.h
[1262/2719] Generating ../../../WTF/Headers/wtf/text/SymbolImpl.h
[1263/2719] Generating ../../../WTF/Headers/wtf/text/TextBreakIterator.h
[1264/2719] Generating ../../../WTF/Headers/wtf/text/TextBreakIteratorInternalICU.h
[1265/2719] Generating ../../../WTF/Headers/wtf/text/TextStream.h
[1266/2719] Generating ../../../WTF/Headers/wtf/text/TextPosition.h
[1267/2719] Generating ../../../WTF/Headers/wtf/text/UTF8ConversionError.h
[1268/2719] Generating ../../../WTF/Headers/wtf/text/UniquedStringImpl.h
[1269/2719] Generating ../../../WTF/Headers/wtf/text/WTFString.h
[1270/2719] Generating ../../../WTF/Headers/wtf/text/icu/TextBreakIteratorICU.h
[1271/2719] Generating ../../../WTF/Headers/wtf/text/icu/UTextProvider.h
[1272/2719] Generating ../../../WTF/Headers/wtf/text/icu/UTextProviderLatin1.h
[1273/2719] Generating ../../../WTF/Headers/wtf/text/icu/UTextProviderUTF16.h
[1274/2719] Generating ../../../WTF/Headers/wtf/text/icu/UnicodeExtras.h
[1275/2719] Generating ../../../WTF/Headers/wtf/threads/BinarySemaphore.h
[1276/2719] Generating ../../../WTF/Headers/wtf/threads/Signals.h
[1277/2719] Generating ../../../WTF/Headers/wtf/unicode/CharacterNames.h
[1278/2719] Generating ../../../WTF/Headers/wtf/unicode/Collator.h
[1279/2719] Generating ../../../WTF/Headers/wtf/unicode/UTF8Conversion.h
[1280/2719] Generating ../../../WTF/Headers/wtf/unicode/icu/ICUHelpers.h
[1281/2719] Generating ../../../WTF/Scripts/GenerateSecurityFlags.rb
[1282/2719] Generating ../../../WTF/Scripts/GeneratePreferences.rb
[1283/2719] Generating ../../../WTF/Scripts/Preferences/SecurityFlags.yaml
[1284/2719] Generating ../../../WTF/Scripts/Preferences/UnifiedWebPreferences.yaml
[1285/2719] Generating ../../JavaScriptCore/DerivedSources/Bytecodes.h, ../../JavaScriptCore/DerivedSources/InitBytecodes.asm, ../../JavaScriptCore/DerivedSources/BytecodeStructs.h, ../../JavaScriptCore/DerivedSources/BytecodeIndices.h, ../../JavaScriptCore/DerivedSources/BytecodeDumperGenerated.cpp
[1286/2719] Generating ../../JavaScriptCore/DerivedSources/JSCWebPreferenceOptions.h
[1287/2719] Generating ../../JavaScriptCore/Scripts/generate-js-builtins.py
[1288/2719] Generating ../../JavaScriptCore/Scripts/builtins_generate_combined_header.py
[1289/2719] Generating ../../JavaScriptCore/Scripts/builtins_generate_combined_implementation.py
[1290/2719] Generating ../../JavaScriptCore/Scripts/builtins_generate_internals_wrapper_header.py
[1291/2719] Generating ../../JavaScriptCore/Scripts/builtins_generate_internals_wrapper_implementation.py
[1292/2719] Generating ../../JavaScriptCore/Scripts/builtins_generate_separate_header.py
[1293/2719] Generating ../../JavaScriptCore/Scripts/builtins_generate_wrapper_header.py
[1294/2719] Generating ../../JavaScriptCore/Scripts/builtins_generate_separate_implementation.py
[1295/2719] Generating ../../JavaScriptCore/Scripts/builtins_generate_wrapper_implementation.py
[1296/2719] Generating ../../JavaScriptCore/Scripts/builtins_generator.py
[1297/2719] Generating ../../JavaScriptCore/Scripts/builtins_model.py
[1298/2719] Generating ../../JavaScriptCore/Scripts/builtins_templates.py
[1299/2719] Generating ../../JavaScriptCore/Scripts/lazywriter.py
[1300/2719] Generating ../../JavaScriptCore/Scripts/wkbuiltins.py
[1301/2719] Generating ../../JavaScriptCore/Headers/JavaScriptCore/JSBase.h
[1302/2719] Generating ../../JavaScriptCore/Headers/JavaScriptCore/JSContextRef.h
[1303/2719] Generating ../../JavaScriptCore/Headers/JavaScriptCore/JSObjectRef.h
[1304/2719] Generating ../../JavaScriptCore/Headers/JavaScriptCore/JSStringRef.h
[1305/2719] Generating ../../JavaScriptCore/Headers/JavaScriptCore/JSTypedArray.h
[1306/2719] Generating ../../JavaScriptCore/Headers/JavaScriptCore/JSValueRef.h
[1307/2719] Generating ../../JavaScriptCore/Headers/JavaScriptCore/JavaScript.h
[1308/2719] Generating ../../JavaScriptCore/Headers/JavaScriptCore/WebKitAvailability.h
[1309/2719] Generating ../../JavaScriptCore/DerivedSources/JSCBuiltins.cpp, ../../JavaScriptCore/DerivedSources/JSCBuiltins.h
[1310/2719] Generating ../../JavaScriptCore/PrivateHeaders/JavaScriptCore/Bytecodes.h
[1311/2719] Generating ../../JavaScriptCore/PrivateHeaders/JavaScriptCore/JSCWebPreferenceOptions.h
[1312/2719] Generating ../../JavaScriptCore/Scripts/generate-combined-inspector-json.py
[1313/2719] Generating ../../JavaScriptCore/DerivedSources/WasmOps.h
[1314/2719] Generating ../../JavaScriptCore/PrivateHeaders/JavaScriptCore/WasmOps.h
[1315/2719] Generating ../../JavaScriptCore/PrivateHeaders/JavaScriptCore/APICallbackFunction.h
[1316/2719] Generating ../../JavaScriptCore/PrivateHeaders/JavaScriptCore/APICast.h
[1317/2719] Generating ../../JavaScriptCore/DerivedSources/CombinedDomains.json
[1318/2719] Generating ../../JavaScriptCore/PrivateHeaders/JavaScriptCore/APIIntegrityPrivate.h
[1319/2719] Generating ../../JavaScriptCore/PrivateHeaders/JavaScriptCore/ARM64Assembler.h
[1320/2719] Generating ../../JavaScriptCore/PrivateHeaders/JavaScriptCore/ARM64EAssembler.h
[1321/2719] Generating ../../JavaScriptCore/PrivateHeaders/JavaScriptCore/ARM64Registers.h
[1322/2719] Generating ../../JavaScriptCore/PrivateHeaders/JavaScriptCore/AbortReason.h
[1323/2719] Generating ../../JavaScriptCore/PrivateHeaders/JavaScriptCore/AbstractMacroAssembler.h
[1324/2719] Generating ../../JavaScriptCore/PrivateHeaders/JavaScriptCore/AbstractModuleRecord.h
[1325/2719] Generating ../../JavaScriptCore/PrivateHeaders/JavaScriptCore/AbstractSlotVisitor.h
[1326/2719] Generating ../../JavaScriptCore/PrivateHeaders/JavaScriptCore/AbstractSlotVisitorInlines.h
[1327/2719] Generating ../../JavaScriptCore/PrivateHeaders/JavaScriptCore/AirDisassembler.h
[1328/2719] Generating ../../JavaScriptCore/PrivateHeaders/JavaScriptCore/AlignedMemoryAllocator.h
[1329/2719] Generating ../../JavaScriptCore/PrivateHeaders/JavaScriptCore/AllocationFailureMode.h
[1330/2719] Generating ../../JavaScriptCore/PrivateHeaders/JavaScriptCore/Allocator.h
[1331/2719] Generating ../../JavaScriptCore/PrivateHeaders/JavaScriptCore/AllocatorForMode.h
[1332/2719] Generating ../../JavaScriptCore/PrivateHeaders/JavaScriptCore/AllocatorInlines.h
[1333/2719] Generating ../../JavaScriptCore/PrivateHeaders/JavaScriptCore/AllowMacroScratchRegisterUsage.h
[1334/2719] Generating ../../JavaScriptCore/PrivateHeaders/JavaScriptCore/ArgList.h
[1335/2719] Generating ../../JavaScriptCore/PrivateHeaders/JavaScriptCore/ArgumentsMode.h
[1336/2719] Generating ../../JavaScriptCore/PrivateHeaders/JavaScriptCore/ArithProfile.h
[1337/2719] Generating ../../JavaScriptCore/PrivateHeaders/JavaScriptCore/ArityCheckMode.h
[1338/2719] Generating ../../JavaScriptCore/DerivedSources/inspector/InspectorAlternateBackendDispatchers.h, ../../JavaScriptCore/DerivedSources/inspector/InspectorBackendDispatchers.cpp, ../../JavaScriptCore/DerivedSources/inspector/InspectorBackendDispatchers.h, ../../JavaScriptCore/DerivedSources/inspector/InspectorFrontendDispatchers.cpp, ../../JavaScriptCore/DerivedSources/inspector/InspectorFrontendDispatchers.h, ../../JavaScriptCore/DerivedSources/inspector/InspectorProtocolObjects.cpp, ../../JavaScriptCore/DerivedSources/inspector/InspectorProtocolObjects.h, ../../JavaScriptCore/DerivedSources/inspector/InspectorBackendCommands.js
[1339/2719] Generating ../../JavaScriptCore/PrivateHeaders/JavaScriptCore/ArrayAllocationProfile.h
[1340/2719] Generating ../../JavaScriptCore/PrivateHeaders/JavaScriptCore/ArrayBufferSharingMode.h
[1341/2719] Generating ../../JavaScriptCore/PrivateHeaders/JavaScriptCore/ArrayBuffer.h
[1342/2719] Generating ../../JavaScriptCore/PrivateHeaders/JavaScriptCore/ArrayBufferView.h
[1343/2719] Generating ../../JavaScriptCore/PrivateHeaders/JavaScriptCore/ArrayConstructor.h
[1344/2719] Generating ../../JavaScriptCore/PrivateHeaders/JavaScriptCore/ArrayConventions.h
[1345/2719] Generating ../../JavaScriptCore/PrivateHeaders/JavaScriptCore/ArrayIteratorPrototype.h
[1346/2719] Generating ../../JavaScriptCore/PrivateHeaders/JavaScriptCore/ArrayProfile.h
[1347/2719] Generating ../../JavaScriptCore/PrivateHeaders/JavaScriptCore/ArrayPrototype.h
[1348/2719] Generating ../../JavaScriptCore/PrivateHeaders/JavaScriptCore/ArrayStorage.h
[1349/2719] Generating ../../JavaScriptCore/PrivateHeaders/JavaScriptCore/ArrayStorageInlines.h
[1350/2719] Generating ../../JavaScriptCore/PrivateHeaders/JavaScriptCore/AssemblerBuffer.h
[1351/2719] Generating ../../JavaScriptCore/PrivateHeaders/JavaScriptCore/AssemblerCommon.h
[1352/2719] Generating ../../JavaScriptCore/PrivateHeaders/JavaScriptCore/AssemblyComments.h
[1353/2719] Generating ../../JavaScriptCore/PrivateHeaders/JavaScriptCore/AssemblyHelpers.h
[1354/2719] Generating ../../JavaScriptCore/PrivateHeaders/JavaScriptCore/AssemblyHelpersSpoolers.h
[1355/2719] Generating ../../JavaScriptCore/PrivateHeaders/JavaScriptCore/AsyncIteratorPrototype.h
[1356/2719] Generating ../../JavaScriptCore/PrivateHeaders/JavaScriptCore/AugmentableInspectorControllerClient.h
[1357/2719] Generating ../../JavaScriptCore/PrivateHeaders/JavaScriptCore/AsyncStackTrace.h
[1358/2719] Generating ../../JavaScriptCore/PrivateHeaders/JavaScriptCore/AuxiliaryBarrierInlines.h
[1359/2719] Generating ../../JavaScriptCore/PrivateHeaders/JavaScriptCore/AuxiliaryBarrier.h
[1360/2719] Generating ../../JavaScriptCore/PrivateHeaders/JavaScriptCore/B3Common.h
[1361/2719] Generating ../../JavaScriptCore/PrivateHeaders/JavaScriptCore/B3CanonicalizePrePostIncrements.h
[1362/2719] Generating ../../JavaScriptCore/PrivateHeaders/JavaScriptCore/B3Type.h
[1363/2719] Generating ../../JavaScriptCore/PrivateHeaders/JavaScriptCore/B3Compile.h
[1364/2719] Generating ../../JavaScriptCore/PrivateHeaders/JavaScriptCore/B3ValueRep.h
[1365/2719] Generating ../../JavaScriptCore/PrivateHeaders/JavaScriptCore/BaselineJITRegisters.h
[1366/2719] Generating ../../JavaScriptCore/PrivateHeaders/JavaScriptCore/BatchedTransitionOptimizer.h
[1367/2719] Generating ../../JavaScriptCore/PrivateHeaders/JavaScriptCore/BasicBlockLocation.h
[1368/2719] Generating ../../JavaScriptCore/PrivateHeaders/JavaScriptCore/BigIntConstructor.h
[1369/2719] Generating ../../JavaScriptCore/PrivateHeaders/JavaScriptCore/BigInt64Array.h
[1370/2719] Generating ../../JavaScriptCore/PrivateHeaders/JavaScriptCore/BigIntPrototype.h
[1371/2719] Generating ../../JavaScriptCore/PrivateHeaders/JavaScriptCore/BigIntObject.h
[1372/2719] Generating ../../JavaScriptCore/PrivateHeaders/JavaScriptCore/BigUint64Array.h
[1373/2719] Generating ../../JavaScriptCore/PrivateHeaders/JavaScriptCore/BigInteger.h
[1374/2719] Generating ../../JavaScriptCore/PrivateHeaders/JavaScriptCore/BlockDirectoryBits.h
[1375/2719] Generating ../../JavaScriptCore/PrivateHeaders/JavaScriptCore/BlockDirectory.h
[1376/2719] Generating ../../JavaScriptCore/PrivateHeaders/JavaScriptCore/BlockDirectoryInlines.h
[1377/2719] Generating ../../JavaScriptCore/PrivateHeaders/JavaScriptCore/BooleanObject.h
[1378/2719] Generating ../../JavaScriptCore/PrivateHeaders/JavaScriptCore/BrandedStructure.h
[1379/2719] Generating ../../JavaScriptCore/PrivateHeaders/JavaScriptCore/BooleanPrototype.h
[1380/2719] Generating ../../JavaScriptCore/PrivateHeaders/JavaScriptCore/BufferMemoryHandle.h
[1381/2719] Generating ../../JavaScriptCore/PrivateHeaders/JavaScriptCore/Breakpoint.h
[1382/2719] Generating ../../JavaScriptCore/PrivateHeaders/JavaScriptCore/BuiltinExecutables.h
[1383/2719] Generating ../../JavaScriptCore/PrivateHeaders/JavaScriptCore/BuiltinNames.h
[1384/2719] Generating ../../JavaScriptCore/PrivateHeaders/JavaScriptCore/Butterfly.h
[1385/2719] Generating ../../JavaScriptCore/PrivateHeaders/JavaScriptCore/BuiltinUtils.h
[1386/2719] Generating ../../JavaScriptCore/PrivateHeaders/JavaScriptCore/ButterflyInlines.h
[1387/2719] Generating ../../JavaScriptCore/PrivateHeaders/JavaScriptCore/ButterflyInlinesLight.h
[1388/2719] Generating ../../JavaScriptCore/PrivateHeaders/JavaScriptCore/BytecodeBasicBlock.h
[1389/2719] Generating ../../JavaScriptCore/PrivateHeaders/JavaScriptCore/BytecodeCacheError.h
[1390/2719] Generating ../../JavaScriptCore/PrivateHeaders/JavaScriptCore/BytecodeGeneratorification.h
[1391/2719] Generating ../../JavaScriptCore/PrivateHeaders/JavaScriptCore/BytecodeConventions.h
[1392/2719] Generating ../../JavaScriptCore/PrivateHeaders/JavaScriptCore/BytecodeIndex.h
[1393/2719] Generating ../../JavaScriptCore/PrivateHeaders/JavaScriptCore/BytecodeIntrinsicRegistry.h
[1394/2719] Generating ../../JavaScriptCore/PrivateHeaders/JavaScriptCore/CCallHelpers.h
[1395/2719] Generating ../../JavaScriptCore/PrivateHeaders/JavaScriptCore/CLoopStack.h
[1396/2719] Generating ../../JavaScriptCore/PrivateHeaders/JavaScriptCore/CLoopStackInlines.h
[1397/2719] Generating ../../JavaScriptCore/PrivateHeaders/JavaScriptCore/CPU.h
[1398/2719] Generating ../../JavaScriptCore/PrivateHeaders/JavaScriptCore/CachePayload.h
[1399/2719] Generating ../../JavaScriptCore/PrivateHeaders/JavaScriptCore/CacheUpdate.h
[1400/2719] Generating ../../JavaScriptCore/PrivateHeaders/JavaScriptCore/CacheableIdentifier.h
[1401/2719] Generating ../../JavaScriptCore/PrivateHeaders/JavaScriptCore/CacheableIdentifierInlines.h
[1402/2719] Generating ../../JavaScriptCore/PrivateHeaders/JavaScriptCore/CachedCall.h
[1403/2719] Generating ../../JavaScriptCore/PrivateHeaders/JavaScriptCore/CachedBytecode.h
[1404/2719] Generating ../../JavaScriptCore/PrivateHeaders/JavaScriptCore/CachedCallInlines.h
[1405/2719] Generating ../../JavaScriptCore/PrivateHeaders/JavaScriptCore/CachedTypes.h
[1406/2719] Generating ../../JavaScriptCore/PrivateHeaders/JavaScriptCore/CagedBarrierPtr.h
[1407/2719] Generating ../../JavaScriptCore/PrivateHeaders/JavaScriptCore/CalendarArithmetic.h
[1408/2719] Generating ../../JavaScriptCore/PrivateHeaders/JavaScriptCore/CalendarFields.h
[1409/2719] Generating ../../JavaScriptCore/PrivateHeaders/JavaScriptCore/CalendarICUBridge.h
[1410/2719] Generating ../../JavaScriptCore/PrivateHeaders/JavaScriptCore/CallEdge.h
[1411/2719] Generating ../../JavaScriptCore/PrivateHeaders/JavaScriptCore/CallData.h
[1412/2719] Generating ../../JavaScriptCore/PrivateHeaders/JavaScriptCore/CallFrame.h
[1413/2719] Generating ../../JavaScriptCore/PrivateHeaders/JavaScriptCore/CallFrameInlines.h
[1414/2719] Generating ../../JavaScriptCore/PrivateHeaders/JavaScriptCore/CallFrameShuffleData.h
[1415/2719] Generating ../../JavaScriptCore/PrivateHeaders/JavaScriptCore/CallLinkInfo.h
[1416/2719] Generating ../../JavaScriptCore/PrivateHeaders/JavaScriptCore/CallMode.h
[1417/2719] Generating ../../JavaScriptCore/PrivateHeaders/JavaScriptCore/CallLinkInfoBase.h
[1418/2719] Generating ../../JavaScriptCore/PrivateHeaders/JavaScriptCore/CalleeBits.h
[1419/2719] Generating ../../JavaScriptCore/PrivateHeaders/JavaScriptCore/CallVariant.h
[1420/2719] Generating ../../JavaScriptCore/PrivateHeaders/JavaScriptCore/CellContainer.h
[1421/2719] Generating ../../JavaScriptCore/PrivateHeaders/JavaScriptCore/CellAttributes.h
[1422/2719] Generating ../../JavaScriptCore/PrivateHeaders/JavaScriptCore/CellContainerInlines.h
[1423/2719] Generating ../../JavaScriptCore/PrivateHeaders/JavaScriptCore/CellState.h
[1424/2719] Generating ../../JavaScriptCore/PrivateHeaders/JavaScriptCore/ChainedWatchpoint.h
[1425/2719] Generating ../../JavaScriptCore/PrivateHeaders/JavaScriptCore/CheckpointOSRExitSideState.h
[1426/2719] Generating ../../JavaScriptCore/PrivateHeaders/JavaScriptCore/CloneBase.h
[1427/2719] Generating ../../JavaScriptCore/PrivateHeaders/JavaScriptCore/ClassInfo.h
[1428/2719] Generating ../../JavaScriptCore/PrivateHeaders/JavaScriptCore/CloneDeserializerBase.h
[1429/2719] Generating ../../JavaScriptCore/PrivateHeaders/JavaScriptCore/CloneSerializerBase.h
[1430/2719] Generating ../../JavaScriptCore/PrivateHeaders/JavaScriptCore/CodeBlock.h
[1431/2719] Generating ../../JavaScriptCore/PrivateHeaders/JavaScriptCore/ClonedArguments.h
[1432/2719] Generating ../../JavaScriptCore/PrivateHeaders/JavaScriptCore/CodeBlockInlines.h
[1433/2719] Generating ../../JavaScriptCore/PrivateHeaders/JavaScriptCore/CodeBlockHash.h
[1434/2719] Generating ../../JavaScriptCore/PrivateHeaders/JavaScriptCore/CodeBlockWithJITType.h
[1435/2719] Generating ../../JavaScriptCore/PrivateHeaders/JavaScriptCore/CodeBlockJettisoningWatchpoint.h
[1436/2719] Generating ../../JavaScriptCore/PrivateHeaders/JavaScriptCore/CodeOrigin.h
[1437/2719] Generating ../../JavaScriptCore/PrivateHeaders/JavaScriptCore/CodeLocation.h
[1438/2719] Generating ../../JavaScriptCore/PrivateHeaders/JavaScriptCore/CodeType.h
[1439/2719] Generating ../../JavaScriptCore/PrivateHeaders/JavaScriptCore/CodeSpecializationKind.h
[1440/2719] Generating ../../JavaScriptCore/PrivateHeaders/JavaScriptCore/CollectorPhase.h
[1441/2719] Generating ../../JavaScriptCore/PrivateHeaders/JavaScriptCore/CollectionScope.h
[1442/2719] Generating ../../JavaScriptCore/PrivateHeaders/JavaScriptCore/CompilationResult.h
[1443/2719] Generating ../../JavaScriptCore/PrivateHeaders/JavaScriptCore/CommonIdentifiers.h
[1444/2719] Generating ../../JavaScriptCore/PrivateHeaders/JavaScriptCore/CompleteSubspace.h
[1445/2719] Generating ../../JavaScriptCore/PrivateHeaders/JavaScriptCore/CompleteSubspaceInlines.h
[1446/2719] Generating ../../JavaScriptCore/PrivateHeaders/JavaScriptCore/ComplexGetStatus.h
[1447/2719] Generating ../../JavaScriptCore/PrivateHeaders/JavaScriptCore/Completion.h
[1448/2719] Generating ../../JavaScriptCore/PrivateHeaders/JavaScriptCore/ConcurrentJSLock.h
[1449/2719] Generating ../../JavaScriptCore/PrivateHeaders/JavaScriptCore/Concurrency.h
[1450/2719] Generating ../../JavaScriptCore/PrivateHeaders/JavaScriptCore/ConsoleClient.h
[1451/2719] Generating ../../JavaScriptCore/PrivateHeaders/JavaScriptCore/ConfigFile.h
[1452/2719] Generating ../../JavaScriptCore/PrivateHeaders/JavaScriptCore/ConsoleMessage.h
[1453/2719] Generating ../../JavaScriptCore/PrivateHeaders/JavaScriptCore/ConsoleTypes.h
[1454/2719] Generating ../../JavaScriptCore/PrivateHeaders/JavaScriptCore/ConstantMode.h
[1455/2719] Generating ../../JavaScriptCore/PrivateHeaders/JavaScriptCore/ConstraintConcurrency.h
[1456/2719] Generating ../../JavaScriptCore/PrivateHeaders/JavaScriptCore/ConstraintVolatility.h
[1457/2719] Generating ../../JavaScriptCore/PrivateHeaders/JavaScriptCore/ConstraintParallelism.h
[1458/2719] Generating ../../JavaScriptCore/PrivateHeaders/JavaScriptCore/ConstructData.h
[1459/2719] Generating ../../JavaScriptCore/PrivateHeaders/JavaScriptCore/ConstructAbility.h
[1460/2719] Generating ../../JavaScriptCore/PrivateHeaders/JavaScriptCore/ConstructorKind.h
[1461/2719] Generating ../../JavaScriptCore/PrivateHeaders/JavaScriptCore/ContentSearchUtilities.h
[1462/2719] Generating ../../JavaScriptCore/PrivateHeaders/JavaScriptCore/ControlFlowProfiler.h
[1463/2719] Generating ../../JavaScriptCore/PrivateHeaders/JavaScriptCore/CrossTaskToken.h
[1464/2719] Generating ../../JavaScriptCore/PrivateHeaders/JavaScriptCore/CyclicModuleRecord.h
[1465/2719] Generating ../../JavaScriptCore/PrivateHeaders/JavaScriptCore/CustomGetterSetter.h
[1466/2719] Generating ../../JavaScriptCore/PrivateHeaders/JavaScriptCore/DFGCSEPhase.h
[1467/2719] Generating ../../JavaScriptCore/PrivateHeaders/JavaScriptCore/DFGCPSRethreadingPhase.h
[1468/2719] Generating ../../JavaScriptCore/PrivateHeaders/JavaScriptCore/DFGCodeOriginPool.h
[1469/2719] Generating ../../JavaScriptCore/PrivateHeaders/JavaScriptCore/DFGCommon.h
[1470/2719] Generating ../../JavaScriptCore/PrivateHeaders/JavaScriptCore/DFGDoesGCCheck.h
[1471/2719] Generating ../../JavaScriptCore/PrivateHeaders/JavaScriptCore/DFGExitProfile.h
[1472/2719] Generating ../../JavaScriptCore/PrivateHeaders/JavaScriptCore/DFGInPlaceAbstractState.h
[1473/2719] Generating ../../JavaScriptCore/PrivateHeaders/JavaScriptCore/DFGLiveCatchVariablePreservationPhase.h
[1474/2719] Generating ../../JavaScriptCore/PrivateHeaders/JavaScriptCore/DFGRegisteredStructure.h
[1475/2719] Generating ../../JavaScriptCore/PrivateHeaders/JavaScriptCore/DFGMinifiedID.h
[1476/2719] Generating ../../JavaScriptCore/PrivateHeaders/JavaScriptCore/DFGRegisteredStructureSet.h
[1477/2719] Generating ../../JavaScriptCore/PrivateHeaders/JavaScriptCore/DOMAnnotation.h
[1478/2719] Generating ../../JavaScriptCore/PrivateHeaders/JavaScriptCore/DOMJITAbstractHeap.h
[1479/2719] Generating ../../JavaScriptCore/PrivateHeaders/JavaScriptCore/DOMAttributeGetterSetter.h
[1480/2719] Generating ../../JavaScriptCore/PrivateHeaders/JavaScriptCore/DOMJITCallDOMGetterSnippet.h
[1481/2719] Generating ../../JavaScriptCore/PrivateHeaders/JavaScriptCore/DOMJITEffect.h
[1482/2719] Generating ../../JavaScriptCore/PrivateHeaders/JavaScriptCore/DOMJITHeapRange.h
[1483/2719] Generating ../../JavaScriptCore/PrivateHeaders/JavaScriptCore/DOMJITGetterSetter.h
[1484/2719] Generating ../../JavaScriptCore/PrivateHeaders/JavaScriptCore/DOMJITSignature.h
[1485/2719] Generating ../../JavaScriptCore/PrivateHeaders/JavaScriptCore/DataFormat.h
[1486/2719] Generating ../../JavaScriptCore/PrivateHeaders/JavaScriptCore/DataView.h
[1487/2719] Generating ../../JavaScriptCore/PrivateHeaders/JavaScriptCore/DateInstance.h
[1488/2719] Generating ../../JavaScriptCore/PrivateHeaders/JavaScriptCore/DebuggerCallFrame.h
[1489/2719] Generating ../../JavaScriptCore/PrivateHeaders/JavaScriptCore/Debugger.h
[1490/2719] Generating ../../JavaScriptCore/PrivateHeaders/JavaScriptCore/DebuggerPrimitives.h
[1491/2719] Generating ../../JavaScriptCore/PrivateHeaders/JavaScriptCore/DebuggerParseData.h
[1492/2719] Generating ../../JavaScriptCore/PrivateHeaders/JavaScriptCore/DeferGCInlines.h
[1493/2719] Generating ../../JavaScriptCore/PrivateHeaders/JavaScriptCore/DeferGC.h
[1494/2719] Generating ../../JavaScriptCore/PrivateHeaders/JavaScriptCore/DeferTermination.h
[1495/2719] Generating ../../JavaScriptCore/PrivateHeaders/JavaScriptCore/DeferredCompilationCallback.h
[1496/2719] Generating ../../JavaScriptCore/PrivateHeaders/JavaScriptCore/DeferredSourceDump.h
[1497/2719] Generating ../../JavaScriptCore/PrivateHeaders/JavaScriptCore/DeferredWorkTimer.h
[1498/2719] Generating ../../JavaScriptCore/PrivateHeaders/JavaScriptCore/DefinePropertyAttributes.h
[1499/2719] Generating ../../JavaScriptCore/PrivateHeaders/JavaScriptCore/DeleteAllCodeEffort.h
[1500/2719] Generating ../../JavaScriptCore/PrivateHeaders/JavaScriptCore/DeletePropertySlot.h
[1501/2719] Generating ../../JavaScriptCore/PrivateHeaders/JavaScriptCore/DestructionMode.h
[1502/2719] Generating ../../JavaScriptCore/PrivateHeaders/JavaScriptCore/DirectArgumentsOffset.h
[1503/2719] Generating ../../JavaScriptCore/PrivateHeaders/JavaScriptCore/DirectArguments.h
[1504/2719] Generating ../../JavaScriptCore/PrivateHeaders/JavaScriptCore/DirectEvalExecutable.h
[1505/2719] Generating ../../JavaScriptCore/PrivateHeaders/JavaScriptCore/DirectEvalCodeCache.h
[1506/2719] Generating ../../JavaScriptCore/PrivateHeaders/JavaScriptCore/DisallowScope.h
[1507/2719] Generating ../../JavaScriptCore/PrivateHeaders/JavaScriptCore/DisallowMacroScratchRegisterUsage.h
[1508/2719] Generating ../../JavaScriptCore/PrivateHeaders/JavaScriptCore/DisallowVMEntry.h
[1509/2719] Generating ../../JavaScriptCore/PrivateHeaders/JavaScriptCore/DumpContext.h
[1510/2719] Generating ../../JavaScriptCore/PrivateHeaders/JavaScriptCore/DurationArithmetic.h
[1511/2719] Generating ../../JavaScriptCore/PrivateHeaders/JavaScriptCore/ECMAMode.h
[1512/2719] Generating ../../JavaScriptCore/PrivateHeaders/JavaScriptCore/EdenGCActivityCallback.h
[1513/2719] Generating ../../JavaScriptCore/PrivateHeaders/JavaScriptCore/EmbedderArrayLike.h
[1514/2719] Generating ../../JavaScriptCore/PrivateHeaders/JavaScriptCore/EncodedValueDescriptor.h
[1515/2719] Generating ../../JavaScriptCore/PrivateHeaders/JavaScriptCore/EnsureStillAliveHere.h
[1516/2719] Generating ../../JavaScriptCore/PrivateHeaders/JavaScriptCore/EnumerationMode.h
[1517/2719] Generating ../../JavaScriptCore/PrivateHeaders/JavaScriptCore/EntryFrame.h
[1518/2719] Generating ../../JavaScriptCore/PrivateHeaders/JavaScriptCore/Error.h
[1519/2719] Generating ../../JavaScriptCore/PrivateHeaders/JavaScriptCore/ErrorHandlingScope.h
[1520/2719] Generating ../../JavaScriptCore/PrivateHeaders/JavaScriptCore/ErrorInstance.h
[1521/2719] Generating ../../JavaScriptCore/PrivateHeaders/JavaScriptCore/ErrorPrototype.h
[1522/2719] Generating ../../JavaScriptCore/PrivateHeaders/JavaScriptCore/ErrorType.h
[1523/2719] Generating ../../JavaScriptCore/PrivateHeaders/JavaScriptCore/EvacuatedStack.h
[1524/2719] Generating ../../JavaScriptCore/PrivateHeaders/JavaScriptCore/EvalExecutable.h
[1525/2719] Generating ../../JavaScriptCore/PrivateHeaders/JavaScriptCore/Exception.h
[1526/2719] Generating ../../JavaScriptCore/PrivateHeaders/JavaScriptCore/ExceptionEventLocation.h
[1527/2719] Generating ../../JavaScriptCore/PrivateHeaders/JavaScriptCore/ExceptionExpectation.h
[1528/2719] Generating ../../JavaScriptCore/PrivateHeaders/JavaScriptCore/ExceptionHelpers.h
[1529/2719] Generating ../../JavaScriptCore/PrivateHeaders/JavaScriptCore/ExceptionFuzz.h
[1530/2719] Generating ../../JavaScriptCore/PrivateHeaders/JavaScriptCore/ExecutableAllocator.h
[1531/2719] Generating ../../JavaScriptCore/PrivateHeaders/JavaScriptCore/ExceptionScope.h
[1532/2719] Generating ../../JavaScriptCore/PrivateHeaders/JavaScriptCore/ExecutableBase.h
[1533/2719] Generating ../../JavaScriptCore/PrivateHeaders/JavaScriptCore/ExecutableBaseInlines.h
[1534/2719] Generating ../../JavaScriptCore/PrivateHeaders/JavaScriptCore/ExecutableInfo.h
[1535/2719] Generating ../../JavaScriptCore/PrivateHeaders/JavaScriptCore/ExecutableMemoryHandle.h
[1536/2719] Generating ../../JavaScriptCore/PrivateHeaders/JavaScriptCore/ExecutionCounter.h
[1537/2719] Generating ../../JavaScriptCore/PrivateHeaders/JavaScriptCore/ExitKind.h
[1538/2719] Generating ../../JavaScriptCore/PrivateHeaders/JavaScriptCore/ExitingJITType.h
[1539/2719] Generating ../../JavaScriptCore/PrivateHeaders/JavaScriptCore/ExitingInlineKind.h
[1540/2719] Generating ../../JavaScriptCore/PrivateHeaders/JavaScriptCore/ExpressionInfo.h
[1541/2719] Generating ../../JavaScriptCore/PrivateHeaders/JavaScriptCore/ExpressionInfoInlines.h
[1542/2719] Generating ../../JavaScriptCore/PrivateHeaders/JavaScriptCore/FTLAbbreviatedTypes.h
[1543/2719] Generating ../../JavaScriptCore/PrivateHeaders/JavaScriptCore/FPRInfo.h
[1544/2719] Generating ../../JavaScriptCore/PrivateHeaders/JavaScriptCore/FTLExitArgument.h
[1545/2719] Generating ../../JavaScriptCore/PrivateHeaders/JavaScriptCore/FTLCommonValues.h
[1546/2719] Generating ../../JavaScriptCore/PrivateHeaders/JavaScriptCore/FTLExitValue.h
[1547/2719] Generating ../../JavaScriptCore/PrivateHeaders/JavaScriptCore/FTLExitArgumentForOperand.h
[1548/2719] Generating ../../JavaScriptCore/PrivateHeaders/JavaScriptCore/FTLFormattedValue.h
[1549/2719] Generating ../../JavaScriptCore/PrivateHeaders/JavaScriptCore/FTLLocation.h
[1550/2719] Generating ../../JavaScriptCore/PrivateHeaders/JavaScriptCore/FTLOSREntry.h
[1551/2719] Generating ../../JavaScriptCore/PrivateHeaders/JavaScriptCore/FTLRecoveryOpcode.h
[1552/2719] Generating ../../JavaScriptCore/PrivateHeaders/JavaScriptCore/FTLSlowPathCallKey.h
[1553/2719] Generating ../../JavaScriptCore/PrivateHeaders/JavaScriptCore/FTLSaveRestore.h
[1554/2719] Generating ../../JavaScriptCore/PrivateHeaders/JavaScriptCore/FTLStackmapArgumentList.h
[1555/2719] Generating ../../JavaScriptCore/PrivateHeaders/JavaScriptCore/FTLThunks.h
[1556/2719] Generating ../../JavaScriptCore/PrivateHeaders/JavaScriptCore/FTLValueRange.h
[1557/2719] Generating ../../JavaScriptCore/PrivateHeaders/JavaScriptCore/FTLValueFromBlock.h
[1558/2719] Generating ../../JavaScriptCore/PrivateHeaders/JavaScriptCore/FastMallocAlignedMemoryAllocator.h
[1559/2719] Generating ../../JavaScriptCore/PrivateHeaders/JavaScriptCore/FastJITPermissions.h
[1560/2719] Generating ../../JavaScriptCore/PrivateHeaders/JavaScriptCore/Float32Array.h
[1561/2719] Generating ../../JavaScriptCore/PrivateHeaders/JavaScriptCore/Float16Array.h
[1562/2719] Generating ../../JavaScriptCore/PrivateHeaders/JavaScriptCore/Forward.h
[1563/2719] Generating ../../JavaScriptCore/PrivateHeaders/JavaScriptCore/Float64Array.h
[1564/2719] Generating ../../JavaScriptCore/PrivateHeaders/JavaScriptCore/FrameTracers.h
[1565/2719] Generating ../../JavaScriptCore/PrivateHeaders/JavaScriptCore/FreeList.h
[1566/2719] Generating ../../JavaScriptCore/PrivateHeaders/JavaScriptCore/FullGCActivityCallback.h
[1567/2719] Generating ../../JavaScriptCore/PrivateHeaders/JavaScriptCore/FreeListInlines.h
[1568/2719] Generating ../../JavaScriptCore/PrivateHeaders/JavaScriptCore/FunctionConstructor.h
[1569/2719] Generating ../../JavaScriptCore/PrivateHeaders/JavaScriptCore/FunctionExecutable.h
[1570/2719] Generating ../../JavaScriptCore/PrivateHeaders/JavaScriptCore/FunctionHasExecutedCache.h
[1571/2719] Generating ../../JavaScriptCore/PrivateHeaders/JavaScriptCore/FunctionExecutableDump.h
[1572/2719] Generating ../../JavaScriptCore/PrivateHeaders/JavaScriptCore/FunctionRareData.h
[1573/2719] Generating ../../JavaScriptCore/PrivateHeaders/JavaScriptCore/FunctionPrototype.h
[1574/2719] Generating ../../JavaScriptCore/PrivateHeaders/JavaScriptCore/FuzzerAgent.h
[1575/2719] Generating ../../JavaScriptCore/PrivateHeaders/JavaScriptCore/GCActivityCallback.h
[1576/2719] Generating ../../JavaScriptCore/PrivateHeaders/JavaScriptCore/GCAssertions.h
[1577/2719] Generating ../../JavaScriptCore/PrivateHeaders/JavaScriptCore/GCAwareJITStubRoutine.h
[1578/2719] Generating ../../JavaScriptCore/PrivateHeaders/JavaScriptCore/GCCompletionCallback.h
[1579/2719] Generating ../../JavaScriptCore/PrivateHeaders/JavaScriptCore/GCConductor.h
[1580/2719] Generating ../../JavaScriptCore/PrivateHeaders/JavaScriptCore/GCIncomingRefCounted.h
[1581/2719] Generating ../../JavaScriptCore/PrivateHeaders/JavaScriptCore/GCDeferralContext.h
[1582/2719] Generating ../../JavaScriptCore/PrivateHeaders/JavaScriptCore/GCIncomingRefCountedSet.h
[1583/2719] Generating ../../JavaScriptCore/PrivateHeaders/JavaScriptCore/GCIncomingRefCountedInlines.h
[1584/2719] Generating ../../JavaScriptCore/PrivateHeaders/JavaScriptCore/GCLogging.h
[1585/2719] Generating ../../JavaScriptCore/PrivateHeaders/JavaScriptCore/GCMemoryOperations.h
[1586/2719] Generating ../../JavaScriptCore/PrivateHeaders/JavaScriptCore/GCOwnedDataScope.h
[1587/2719] Generating ../../JavaScriptCore/PrivateHeaders/JavaScriptCore/GCRequest.h
[1588/2719] Generating ../../JavaScriptCore/PrivateHeaders/JavaScriptCore/GCSegmentedArray.h
[1589/2719] Generating ../../JavaScriptCore/PrivateHeaders/JavaScriptCore/GCSegmentedArrayInlines.h
[1590/2719] Generating ../../JavaScriptCore/PrivateHeaders/JavaScriptCore/GPRInfo.h
[1591/2719] Generating ../../JavaScriptCore/PrivateHeaders/JavaScriptCore/Gate.h
[1592/2719] Generating ../../JavaScriptCore/PrivateHeaders/JavaScriptCore/GeneratorFunctionPrototype.h
[1593/2719] Generating ../../JavaScriptCore/PrivateHeaders/JavaScriptCore/GeneratorFunctionConstructor.h
[1594/2719] Generating ../../JavaScriptCore/PrivateHeaders/JavaScriptCore/GeneratorPrototype.h
[1595/2719] Generating ../../JavaScriptCore/PrivateHeaders/JavaScriptCore/GenericArgumentsImpl.h
[1596/2719] Generating ../../JavaScriptCore/PrivateHeaders/JavaScriptCore/GenericArgumentsImplInlines.h
[1597/2719] Generating ../../JavaScriptCore/PrivateHeaders/JavaScriptCore/GenericOffset.h
[1598/2719] Generating ../../JavaScriptCore/PrivateHeaders/JavaScriptCore/GenericTypedArrayView.h
[1599/2719] Generating ../../JavaScriptCore/PrivateHeaders/JavaScriptCore/GenericTypedArrayViewInlines.h
[1600/2719] Generating ../../JavaScriptCore/PrivateHeaders/JavaScriptCore/GetVM.h
[1601/2719] Generating ../../JavaScriptCore/PrivateHeaders/JavaScriptCore/GetPutInfo.h
[1602/2719] Generating ../../JavaScriptCore/PrivateHeaders/JavaScriptCore/GlobalExecutable.h
[1603/2719] Generating ../../JavaScriptCore/PrivateHeaders/JavaScriptCore/GetterSetter.h
[1604/2719] Generating ../../JavaScriptCore/PrivateHeaders/JavaScriptCore/GlobalObjectMethodTable.h
[1605/2719] Generating ../../JavaScriptCore/PrivateHeaders/JavaScriptCore/Handle.h
[1606/2719] Generating ../../JavaScriptCore/PrivateHeaders/JavaScriptCore/HandleTypes.h
[1607/2719] Generating ../../JavaScriptCore/PrivateHeaders/JavaScriptCore/HandleForward.h
[1608/2719] Generating ../../JavaScriptCore/PrivateHeaders/JavaScriptCore/HasOwnPropertyCache.h
[1609/2719] Generating ../../JavaScriptCore/PrivateHeaders/JavaScriptCore/HandlerInfo.h
[1610/2719] Generating ../../JavaScriptCore/PrivateHeaders/JavaScriptCore/HashMapHelper.h
[1611/2719] Generating ../../JavaScriptCore/PrivateHeaders/JavaScriptCore/Heap.h
[1612/2719] Generating ../../JavaScriptCore/PrivateHeaders/JavaScriptCore/HeapAnalyzer.h
[1613/2719] Generating ../../JavaScriptCore/PrivateHeaders/JavaScriptCore/HeapCell.h
[1614/2719] Generating ../../JavaScriptCore/PrivateHeaders/JavaScriptCore/HeapCellInlines.h
[1615/2719] Generating ../../JavaScriptCore/PrivateHeaders/JavaScriptCore/HeapCellType.h
[1616/2719] Generating ../../JavaScriptCore/PrivateHeaders/JavaScriptCore/HeapInlines.h
[1617/2719] Generating ../../JavaScriptCore/PrivateHeaders/JavaScriptCore/HeapIterationScope.h
[1618/2719] Generating ../../JavaScriptCore/PrivateHeaders/JavaScriptCore/HeapObserver.h
[1619/2719] Generating ../../JavaScriptCore/PrivateHeaders/JavaScriptCore/HeapSnapshotBuilder.h
[1620/2719] Generating ../../JavaScriptCore/PrivateHeaders/JavaScriptCore/ICStatusMap.h
[1621/2719] Generating ../../JavaScriptCore/PrivateHeaders/JavaScriptCore/ISO8601.h
[1622/2719] Generating ../../JavaScriptCore/PrivateHeaders/JavaScriptCore/Identifier.h
[1623/2719] Generating ../../JavaScriptCore/PrivateHeaders/JavaScriptCore/ISOArithmetic.h
[1624/2719] Generating ../../JavaScriptCore/PrivateHeaders/JavaScriptCore/IdentifierInlines.h
[1625/2719] Generating ../../JavaScriptCore/PrivateHeaders/JavaScriptCore/IdentifiersFactory.h
[1626/2719] Generating ../../JavaScriptCore/PrivateHeaders/JavaScriptCore/ImportMap.h
[1627/2719] Generating ../../JavaScriptCore/PrivateHeaders/JavaScriptCore/ImplementationVisibility.h
[1628/2719] Generating ../../JavaScriptCore/PrivateHeaders/JavaScriptCore/InPlaceInterpreter.h
[1629/2719] Generating ../../JavaScriptCore/PrivateHeaders/JavaScriptCore/IncrementalSweeper.h
[1630/2719] Generating ../../JavaScriptCore/PrivateHeaders/JavaScriptCore/IndexingHeaderInlines.h
[1631/2719] Generating ../../JavaScriptCore/PrivateHeaders/JavaScriptCore/IndexingHeader.h
[1632/2719] Generating ../../JavaScriptCore/PrivateHeaders/JavaScriptCore/IndexingTypeInlines.h
[1633/2719] Generating ../../JavaScriptCore/PrivateHeaders/JavaScriptCore/IndexingType.h
[1634/2719] Generating ../../JavaScriptCore/PrivateHeaders/JavaScriptCore/IndirectEvalExecutable.h
[1635/2719] Generating ../../JavaScriptCore/PrivateHeaders/JavaScriptCore/InferredValue.h
[1636/2719] Generating ../../JavaScriptCore/PrivateHeaders/JavaScriptCore/InjectedScript.h
[1637/2719] Generating ../../JavaScriptCore/PrivateHeaders/JavaScriptCore/InitializeThreading.h
[1638/2719] Generating ../../JavaScriptCore/PrivateHeaders/JavaScriptCore/InjectedScriptHost.h
[1639/2719] Generating ../../JavaScriptCore/PrivateHeaders/JavaScriptCore/InjectedScriptBase.h
[1640/2719] Generating ../../JavaScriptCore/PrivateHeaders/JavaScriptCore/InjectedScriptModule.h
[1641/2719] Generating ../../JavaScriptCore/PrivateHeaders/JavaScriptCore/InjectedScriptManager.h
[1642/2719] Generating ../../JavaScriptCore/PrivateHeaders/JavaScriptCore/InlineAccess.h
[1643/2719] Generating ../../JavaScriptCore/PrivateHeaders/JavaScriptCore/InlineAttribute.h
[1644/2719] Generating ../../JavaScriptCore/PrivateHeaders/JavaScriptCore/InlineCallFrameSet.h
[1645/2719] Generating ../../JavaScriptCore/PrivateHeaders/JavaScriptCore/InlineCallFrame.h
[1646/2719] Generating ../../JavaScriptCore/PrivateHeaders/JavaScriptCore/InspectorAgent.h
[1647/2719] Generating ../../JavaScriptCore/PrivateHeaders/JavaScriptCore/InspectorAgentBase.h
[1648/2719] Generating ../../JavaScriptCore/PrivateHeaders/JavaScriptCore/InspectorAgentRegistry.h
[1649/2719] Generating ../../JavaScriptCore/PrivateHeaders/JavaScriptCore/InspectorAlternateBackendDispatchers.h
[1650/2719] Generating ../../JavaScriptCore/PrivateHeaders/JavaScriptCore/InspectorBackendDispatcher.h
[1651/2719] Generating ../../JavaScriptCore/PrivateHeaders/JavaScriptCore/InspectorAuditAgent.h
[1652/2719] Generating ../../JavaScriptCore/PrivateHeaders/JavaScriptCore/InspectorBackendDispatchers.h
[1653/2719] Generating ../../JavaScriptCore/PrivateHeaders/JavaScriptCore/InspectorConsoleAgent.h
[1654/2719] Generating ../../JavaScriptCore/PrivateHeaders/JavaScriptCore/InspectorDebuggerAgent.h
[1655/2719] Generating ../../JavaScriptCore/PrivateHeaders/JavaScriptCore/InspectorEnvironment.h
[1656/2719] Generating ../../JavaScriptCore/PrivateHeaders/JavaScriptCore/InspectorFrontendChannel.h
[1657/2719] Generating ../../JavaScriptCore/PrivateHeaders/JavaScriptCore/InspectorFrontendDispatchers.h
[1658/2719] Generating ../../JavaScriptCore/PrivateHeaders/JavaScriptCore/InspectorFrontendRouter.h
[1659/2719] Generating ../../JavaScriptCore/PrivateHeaders/JavaScriptCore/InspectorHeapAgent.h
[1660/2719] Generating ../../JavaScriptCore/PrivateHeaders/JavaScriptCore/InspectorProtocolObjects.h
[1661/2719] Generating ../../JavaScriptCore/PrivateHeaders/JavaScriptCore/InspectorProtocolTypes.h
[1662/2719] Generating ../../JavaScriptCore/PrivateHeaders/JavaScriptCore/InspectorScriptProfilerAgent.h
[1663/2719] Generating ../../JavaScriptCore/PrivateHeaders/JavaScriptCore/InspectorRuntimeAgent.h
[1664/2719] Generating ../../JavaScriptCore/PrivateHeaders/JavaScriptCore/InspectorTarget.h
[1665/2719] Generating ../../JavaScriptCore/PrivateHeaders/JavaScriptCore/InspectorTargetAgent.h
[1666/2719] Generating ../../JavaScriptCore/PrivateHeaders/JavaScriptCore/InstantCore.h
[1667/2719] Generating ../../JavaScriptCore/PrivateHeaders/JavaScriptCore/Instruction.h
[1668/2719] Generating ../../JavaScriptCore/PrivateHeaders/JavaScriptCore/Int16Array.h
[1669/2719] Generating ../../JavaScriptCore/PrivateHeaders/JavaScriptCore/InstructionStream.h
[1670/2719] Generating ../../JavaScriptCore/PrivateHeaders/JavaScriptCore/Int32Array.h
[1671/2719] Generating ../../JavaScriptCore/PrivateHeaders/JavaScriptCore/Int8Array.h
[1672/2719] Generating ../../JavaScriptCore/PrivateHeaders/JavaScriptCore/Integrity.h
[1673/2719] Generating ../../JavaScriptCore/PrivateHeaders/JavaScriptCore/IntegrityInlines.h
[1674/2719] Generating ../../JavaScriptCore/PrivateHeaders/JavaScriptCore/InternalFunction.h
[1675/2719] Generating ../../JavaScriptCore/PrivateHeaders/JavaScriptCore/InternalFunctionAllocationProfile.h
[1676/2719] Generating ../../JavaScriptCore/PrivateHeaders/JavaScriptCore/IntlObject.h
[1677/2719] Generating ../../JavaScriptCore/PrivateHeaders/JavaScriptCore/Interpreter.h
[1678/2719] Generating ../../JavaScriptCore/PrivateHeaders/JavaScriptCore/IsoCellSet.h
[1679/2719] Generating ../../JavaScriptCore/PrivateHeaders/JavaScriptCore/Intrinsic.h
[1680/2719] Generating ../../JavaScriptCore/PrivateHeaders/JavaScriptCore/IsoInlinedHeapCellType.h
[1681/2719] Generating ../../JavaScriptCore/PrivateHeaders/JavaScriptCore/IsoHeapCellType.h
[1682/2719] Generating ../../JavaScriptCore/PrivateHeaders/JavaScriptCore/IsoSubspace.h
[1683/2719] Generating ../../JavaScriptCore/PrivateHeaders/JavaScriptCore/IsoSubspaceInlines.h
[1684/2719] Generating ../../JavaScriptCore/PrivateHeaders/JavaScriptCore/IterationModeMetadata.h
[1685/2719] Generating ../../JavaScriptCore/PrivateHeaders/JavaScriptCore/IterationKind.h
[1686/2719] Generating ../../JavaScriptCore/PrivateHeaders/JavaScriptCore/IteratorOperations.h
[1687/2719] Generating ../../JavaScriptCore/PrivateHeaders/JavaScriptCore/JITAllocator.h
[1688/2719] Generating ../../JavaScriptCore/PrivateHeaders/JavaScriptCore/JITCode.h
[1689/2719] Generating ../../JavaScriptCore/PrivateHeaders/JavaScriptCore/JITCodeMap.h
[1690/2719] Generating ../../JavaScriptCore/PrivateHeaders/JavaScriptCore/JITCompilation.h
[1691/2719] Generating ../../JavaScriptCore/PrivateHeaders/JavaScriptCore/JITCompilationEffort.h
[1692/2719] Generating ../../JavaScriptCore/PrivateHeaders/JavaScriptCore/JITMathICForwards.h
[1693/2719] Generating ../../JavaScriptCore/PrivateHeaders/JavaScriptCore/JITCompilationMode.h
[1694/2719] Generating ../../JavaScriptCore/PrivateHeaders/JavaScriptCore/JITOperationList.h
[1695/2719] Generating ../../JavaScriptCore/PrivateHeaders/JavaScriptCore/JITOperationValidation.h
[1696/2719] Generating ../../JavaScriptCore/PrivateHeaders/JavaScriptCore/JITStubRoutine.h
[1697/2719] Generating ../../JavaScriptCore/PrivateHeaders/JavaScriptCore/JITOperations.h
[1698/2719] Generating ../../JavaScriptCore/PrivateHeaders/JavaScriptCore/JITThunks.h
[1699/2719] Generating ../../JavaScriptCore/PrivateHeaders/JavaScriptCore/JSAPIValueWrapper.h
[1700/2719] Generating ../../JavaScriptCore/PrivateHeaders/JavaScriptCore/JSArray.h
[1701/2719] Generating ../../JavaScriptCore/PrivateHeaders/JavaScriptCore/JSAPIWrapperGlobalObject.h
[1702/2719] Generating ../../JavaScriptCore/PrivateHeaders/JavaScriptCore/JSArrayBufferConstructor.h
[1703/2719] Generating ../../JavaScriptCore/PrivateHeaders/JavaScriptCore/JSArrayBuffer.h
[1704/2719] Generating ../../JavaScriptCore/PrivateHeaders/JavaScriptCore/JSArrayBufferPrototype.h
[1705/2719] Generating ../../JavaScriptCore/PrivateHeaders/JavaScriptCore/JSArrayBufferView.h
[1706/2719] Generating ../../JavaScriptCore/PrivateHeaders/JavaScriptCore/JSArrayBufferViewInlines.h
[1707/2719] Generating ../../JavaScriptCore/PrivateHeaders/JavaScriptCore/JSArrayBufferViewInlinesLight.h
[1708/2719] Generating ../../JavaScriptCore/PrivateHeaders/JavaScriptCore/JSArrayIterator.h
[1709/2719] Generating ../../JavaScriptCore/PrivateHeaders/JavaScriptCore/JSArrayInlines.h
[1710/2719] Generating ../../JavaScriptCore/PrivateHeaders/JavaScriptCore/JSArrayIteratorInlines.h
[1711/2719] Generating ../../JavaScriptCore/PrivateHeaders/JavaScriptCore/JSBase.h
[1712/2719] Generating ../../JavaScriptCore/PrivateHeaders/JavaScriptCore/JSBigInt.h
[1713/2719] Generating ../../JavaScriptCore/PrivateHeaders/JavaScriptCore/JSBasePrivate.h
[1714/2719] Generating ../../JavaScriptCore/PrivateHeaders/JavaScriptCore/JSBigIntInlines.h
[1715/2719] Generating ../../JavaScriptCore/PrivateHeaders/JavaScriptCore/JSBoundFunction.h
[1716/2719] Generating ../../JavaScriptCore/PrivateHeaders/JavaScriptCore/JSCAutocleanups.h
[1717/2719] Generating ../../JavaScriptCore/PrivateHeaders/JavaScriptCore/JSCBuiltins.h
[1718/2719] Generating ../../JavaScriptCore/PrivateHeaders/JavaScriptCore/JSCCallbackFunction.h
[1719/2719] Generating ../../JavaScriptCore/PrivateHeaders/JavaScriptCore/JSCBytecodeCacheVersion.h
[1720/2719] Generating ../../JavaScriptCore/PrivateHeaders/JavaScriptCore/JSCClassPrivate.h
[1721/2719] Generating ../../JavaScriptCore/PrivateHeaders/JavaScriptCore/JSCConfig.h
[1722/2719] Generating ../../JavaScriptCore/PrivateHeaders/JavaScriptCore/JSCContextInternal.h
[1723/2719] Generating ../../JavaScriptCore/PrivateHeaders/JavaScriptCore/JSCContextPrivate.h
[1724/2719] Generating ../../JavaScriptCore/PrivateHeaders/JavaScriptCore/JSCExceptionPrivate.h
[1725/2719] Generating ../../JavaScriptCore/PrivateHeaders/JavaScriptCore/JSCGLibWrapperObject.h
[1726/2719] Generating ../../JavaScriptCore/PrivateHeaders/JavaScriptCore/JSCInlines.h
[1727/2719] Generating ../../JavaScriptCore/PrivateHeaders/JavaScriptCore/JSCJSValue.h
[1728/2719] Generating ../../JavaScriptCore/PrivateHeaders/JavaScriptCore/JSCJSValueCell.h
[1729/2719] Generating ../../JavaScriptCore/PrivateHeaders/JavaScriptCore/JSCJSValueBigInt.h
[1730/2719] Generating ../../JavaScriptCore/PrivateHeaders/JavaScriptCore/JSCJSValueInlines.h
[1731/2719] Generating ../../JavaScriptCore/PrivateHeaders/JavaScriptCore/JSCJSValuePropertyInlines.h
[1732/2719] Generating ../../JavaScriptCore/PrivateHeaders/JavaScriptCore/JSCJSValueStructure.h
[1733/2719] Generating ../../JavaScriptCore/PrivateHeaders/JavaScriptCore/JSCOptions.h
[1734/2719] Generating ../../JavaScriptCore/PrivateHeaders/JavaScriptCore/JSCPtrTag.h
[1735/2719] Generating ../../JavaScriptCore/PrivateHeaders/JavaScriptCore/JSCTestRunnerUtils.h
[1736/2719] Generating ../../JavaScriptCore/PrivateHeaders/JavaScriptCore/JSCValuePrivate.h
[1737/2719] Generating ../../JavaScriptCore/PrivateHeaders/JavaScriptCore/JSCTimeZone.h
[1738/2719] Generating ../../JavaScriptCore/PrivateHeaders/JavaScriptCore/JSCWrapperMap.h
[1739/2719] Generating ../../JavaScriptCore/PrivateHeaders/JavaScriptCore/JSCVirtualMachinePrivate.h
[1740/2719] Generating ../../JavaScriptCore/PrivateHeaders/JavaScriptCore/JSCallbackConstructor.h
[1741/2719] Generating ../../JavaScriptCore/PrivateHeaders/JavaScriptCore/JSCallbackObject.h
[1742/2719] Generating ../../JavaScriptCore/PrivateHeaders/JavaScriptCore/JSCallee.h
[1743/2719] Generating ../../JavaScriptCore/PrivateHeaders/JavaScriptCore/JSCalleeInlines.h
[1744/2719] Generating ../../JavaScriptCore/PrivateHeaders/JavaScriptCore/JSCell.h
[1745/2719] Generating ../../JavaScriptCore/PrivateHeaders/JavaScriptCore/JSCast.h
[1746/2719] Generating ../../JavaScriptCore/PrivateHeaders/JavaScriptCore/JSCellInlines.h
[1747/2719] Generating ../../JavaScriptCore/PrivateHeaders/JavaScriptCore/JSCellButterfly.h
[1748/2719] Generating ../../JavaScriptCore/PrivateHeaders/JavaScriptCore/JSContext.h
[1749/2719] Generating ../../JavaScriptCore/PrivateHeaders/JavaScriptCore/JSClassRef.h
[1750/2719] Generating ../../JavaScriptCore/PrivateHeaders/JavaScriptCore/JSContextInternal.h
[1751/2719] Generating ../../JavaScriptCore/PrivateHeaders/JavaScriptCore/JSContextPrivate.h
[1752/2719] Generating ../../JavaScriptCore/PrivateHeaders/JavaScriptCore/JSContextRef.h
[1753/2719] Generating ../../JavaScriptCore/PrivateHeaders/JavaScriptCore/JSContextRefInspectorSupport.h
[1754/2719] Generating ../../JavaScriptCore/PrivateHeaders/JavaScriptCore/JSCustomGetterFunction.h
[1755/2719] Generating ../../JavaScriptCore/PrivateHeaders/JavaScriptCore/JSContextRefPrivate.h
[1756/2719] Generating ../../JavaScriptCore/PrivateHeaders/JavaScriptCore/JSCustomSetterFunction.h
[1757/2719] Generating ../../JavaScriptCore/PrivateHeaders/JavaScriptCore/JSDataView.h
[1758/2719] Generating ../../JavaScriptCore/PrivateHeaders/JavaScriptCore/JSDateMath.h
[1759/2719] Generating ../../JavaScriptCore/PrivateHeaders/JavaScriptCore/JSDataViewPrototype.h
[1760/2719] Generating ../../JavaScriptCore/PrivateHeaders/JavaScriptCore/JSDestructibleObject.h
[1761/2719] Generating ../../JavaScriptCore/PrivateHeaders/JavaScriptCore/JSDestructibleObjectHeapCellType.h
[1762/2719] Generating ../../JavaScriptCore/PrivateHeaders/JavaScriptCore/JSExport.h
[1763/2719] Generating ../../JavaScriptCore/PrivateHeaders/JavaScriptCore/JSEmbedderArrayLike.h
[1764/2719] Generating ../../JavaScriptCore/PrivateHeaders/JavaScriptCore/JSExportMacros.h
[1765/2719] Generating ../../JavaScriptCore/PrivateHeaders/JavaScriptCore/JSFloat16Array.h
[1766/2719] Generating ../../JavaScriptCore/PrivateHeaders/JavaScriptCore/JSFloat32Array.h
[1767/2719] Generating ../../JavaScriptCore/PrivateHeaders/JavaScriptCore/JSFloat64Array.h
[1768/2719] Generating ../../JavaScriptCore/PrivateHeaders/JavaScriptCore/JSFunction.h
[1769/2719] Generating ../../JavaScriptCore/PrivateHeaders/JavaScriptCore/JSFunctionInlines.h
[1770/2719] Generating ../../JavaScriptCore/PrivateHeaders/JavaScriptCore/JSGenerator.h
[1771/2719] Generating ../../JavaScriptCore/PrivateHeaders/JavaScriptCore/JSFunctionWithFields.h
[1772/2719] Generating ../../JavaScriptCore/PrivateHeaders/JavaScriptCore/JSGenericTypedArrayView.h
[1773/2719] Generating ../../JavaScriptCore/PrivateHeaders/JavaScriptCore/JSGeneratorFunction.h
[1774/2719] Generating ../../JavaScriptCore/PrivateHeaders/JavaScriptCore/JSGenericTypedArrayViewInlines.h
[1775/2719] Generating ../../JavaScriptCore/PrivateHeaders/JavaScriptCore/JSGenericTypedArrayViewConstructor.h
[1776/2719] Generating ../../JavaScriptCore/PrivateHeaders/JavaScriptCore/JSGenericTypedArrayViewInlinesLight.h
[1777/2719] Generating ../../JavaScriptCore/PrivateHeaders/JavaScriptCore/JSGenericTypedArrayViewPrototype.h
[1778/2719] Generating ../../JavaScriptCore/PrivateHeaders/JavaScriptCore/JSGenericTypedArrayViewPrototypeInlines.h
[1779/2719] Generating ../../JavaScriptCore/PrivateHeaders/JavaScriptCore/JSGlobalLexicalEnvironment.h
[1780/2719] Generating ../../JavaScriptCore/PrivateHeaders/JavaScriptCore/JSGlobalObjectFunctions.h
[1781/2719] Generating ../../JavaScriptCore/PrivateHeaders/JavaScriptCore/JSGlobalObject.h
[1782/2719] Generating ../../JavaScriptCore/PrivateHeaders/JavaScriptCore/JSGlobalObjectInlines.h
[1783/2719] Generating ../../JavaScriptCore/PrivateHeaders/JavaScriptCore/JSGlobalProxy.h
[1784/2719] Generating ../../JavaScriptCore/PrivateHeaders/JavaScriptCore/JSGlobalProxyInlines.h
[1785/2719] Generating ../../JavaScriptCore/PrivateHeaders/JavaScriptCore/JSHeapFinalizerPrivate.h
[1786/2719] Generating ../../JavaScriptCore/PrivateHeaders/JavaScriptCore/JSInt16Array.h
[1787/2719] Generating ../../JavaScriptCore/PrivateHeaders/JavaScriptCore/JSInt32Array.h
[1788/2719] Generating ../../JavaScriptCore/PrivateHeaders/JavaScriptCore/JSInternalFieldObjectImpl.h
[1789/2719] Generating ../../JavaScriptCore/PrivateHeaders/JavaScriptCore/JSInt8Array.h
[1790/2719] Generating ../../JavaScriptCore/PrivateHeaders/JavaScriptCore/JSIteratorPrototype.h
[1791/2719] Generating ../../JavaScriptCore/PrivateHeaders/JavaScriptCore/JSLexicalEnvironment.h
[1792/2719] Generating ../../JavaScriptCore/PrivateHeaders/JavaScriptCore/JSLock.h
[1793/2719] Generating ../../JavaScriptCore/PrivateHeaders/JavaScriptCore/JSLockRefPrivate.h
[1794/2719] Generating ../../JavaScriptCore/PrivateHeaders/JavaScriptCore/JSMap.h
[1795/2719] Generating ../../JavaScriptCore/PrivateHeaders/JavaScriptCore/JSManagedValue.h
[1796/2719] Generating ../../JavaScriptCore/PrivateHeaders/JavaScriptCore/JSMapIterator.h
[1797/2719] Generating ../../JavaScriptCore/PrivateHeaders/JavaScriptCore/JSMapInlines.h
[1798/2719] Generating ../../JavaScriptCore/PrivateHeaders/JavaScriptCore/JSMarkingConstraintPrivate.h
[1799/2719] Generating ../../JavaScriptCore/PrivateHeaders/JavaScriptCore/JSMicrotask.h
[1800/2719] Generating ../../JavaScriptCore/PrivateHeaders/JavaScriptCore/JSModuleEnvironment.h
[1801/2719] Generating ../../JavaScriptCore/PrivateHeaders/JavaScriptCore/JSMicrotaskDispatcher.h
[1802/2719] Generating ../../JavaScriptCore/PrivateHeaders/JavaScriptCore/JSModuleNamespaceObject.h
[1803/2719] Generating ../../JavaScriptCore/PrivateHeaders/JavaScriptCore/JSModuleRecord.h
[1804/2719] Generating ../../JavaScriptCore/PrivateHeaders/JavaScriptCore/JSNativeStdFunction.h
[1805/2719] Generating ../../JavaScriptCore/PrivateHeaders/JavaScriptCore/JSONAtomStringCache.h
[1806/2719] Generating ../../JavaScriptCore/PrivateHeaders/JavaScriptCore/JSObject.h
[1807/2719] Generating ../../JavaScriptCore/PrivateHeaders/JavaScriptCore/JSONObject.h
[1808/2719] Generating ../../JavaScriptCore/PrivateHeaders/JavaScriptCore/JSObjectInlines.h
[1809/2719] Generating ../../JavaScriptCore/PrivateHeaders/JavaScriptCore/JSObjectRef.h
[1810/2719] Generating ../../JavaScriptCore/PrivateHeaders/JavaScriptCore/JSObjectRefPrivate.h
[1811/2719] Generating ../../JavaScriptCore/PrivateHeaders/JavaScriptCore/JSOrderedHashTable.h
[1812/2719] Generating ../../JavaScriptCore/PrivateHeaders/JavaScriptCore/JSOrderedHashTableHelper.h
[1813/2719] Generating ../../JavaScriptCore/PrivateHeaders/JavaScriptCore/JSPIContext.h
[1814/2719] Generating ../../JavaScriptCore/PrivateHeaders/JavaScriptCore/JSPromise.h
[1815/2719] Generating ../../JavaScriptCore/PrivateHeaders/JavaScriptCore/JSPIContextInlines.h
[1816/2719] Generating ../../JavaScriptCore/PrivateHeaders/JavaScriptCore/JSPropertyNameEnumerator.h
[1817/2719] Generating ../../JavaScriptCore/PrivateHeaders/JavaScriptCore/JSPromiseConstructor.h
[1818/2719] Generating ../../JavaScriptCore/PrivateHeaders/JavaScriptCore/JSRemoteFunction.h
[1819/2719] Generating ../../JavaScriptCore/PrivateHeaders/JavaScriptCore/JSRemoteInspector.h
[1820/2719] Generating ../../JavaScriptCore/PrivateHeaders/JavaScriptCore/JSRunLoopTimer.h
[1821/2719] Generating ../../JavaScriptCore/PrivateHeaders/JavaScriptCore/JSRetainPtr.h
[1822/2719] Generating ../../JavaScriptCore/PrivateHeaders/JavaScriptCore/JSScopeInlines.h
[1823/2719] Generating ../../JavaScriptCore/PrivateHeaders/JavaScriptCore/JSScope.h
[1824/2719] Generating ../../JavaScriptCore/PrivateHeaders/JavaScriptCore/JSScript.h
[1825/2719] Generating ../../JavaScriptCore/PrivateHeaders/JavaScriptCore/JSScriptRefPrivate.h
[1826/2719] Generating ../../JavaScriptCore/PrivateHeaders/JavaScriptCore/JSSegmentedVariableObject.h
[1827/2719] Generating ../../JavaScriptCore/PrivateHeaders/JavaScriptCore/JSSentinel.h
[1828/2719] Generating ../../JavaScriptCore/PrivateHeaders/JavaScriptCore/JSSet.h
[1829/2719] Generating ../../JavaScriptCore/PrivateHeaders/JavaScriptCore/JSSentinelInlines.h
[1830/2719] Generating ../../JavaScriptCore/PrivateHeaders/JavaScriptCore/JSSetInlines.h
[1831/2719] Generating ../../JavaScriptCore/PrivateHeaders/JavaScriptCore/JSSetIterator.h
[1832/2719] Generating ../../JavaScriptCore/PrivateHeaders/JavaScriptCore/JSSetIteratorInlines.h
[1833/2719] Generating ../../JavaScriptCore/PrivateHeaders/JavaScriptCore/JSSourceCode.h
[1834/2719] Generating ../../JavaScriptCore/PrivateHeaders/JavaScriptCore/JSString.h
[1835/2719] Generating ../../JavaScriptCore/PrivateHeaders/JavaScriptCore/JSSourceCodeInlines.h
[1836/2719] Generating ../../JavaScriptCore/PrivateHeaders/JavaScriptCore/JSStringInlines.h
[1837/2719] Generating ../../JavaScriptCore/PrivateHeaders/JavaScriptCore/JSStringIterator.h
[1838/2719] Generating ../../JavaScriptCore/PrivateHeaders/JavaScriptCore/JSStringIteratorInlines.h
[1839/2719] Generating ../../JavaScriptCore/PrivateHeaders/JavaScriptCore/JSStringJoiner.h
[1840/2719] Generating ../../JavaScriptCore/PrivateHeaders/JavaScriptCore/JSStringRef.h
[1841/2719] Generating ../../JavaScriptCore/PrivateHeaders/JavaScriptCore/JSStringRefCF.h
[1842/2719] Generating ../../JavaScriptCore/PrivateHeaders/JavaScriptCore/JSStringRefCPP.h
[1843/2719] Generating ../../JavaScriptCore/PrivateHeaders/JavaScriptCore/JSStringRefPrivate.h
[1844/2719] Generating ../../JavaScriptCore/PrivateHeaders/JavaScriptCore/JSSymbolTableObject.h
[1845/2719] Generating ../../JavaScriptCore/PrivateHeaders/JavaScriptCore/JSTemplateObjectDescriptor.h
[1846/2719] Generating ../../JavaScriptCore/PrivateHeaders/JavaScriptCore/JSTypeInfo.h
[1847/2719] Generating ../../JavaScriptCore/PrivateHeaders/JavaScriptCore/JSType.h
[1848/2719] Generating ../../JavaScriptCore/PrivateHeaders/JavaScriptCore/JSTypedArray.h
[1849/2719] Generating ../../JavaScriptCore/PrivateHeaders/JavaScriptCore/JSTypedArrayConstructors.h
[1850/2719] Generating ../../JavaScriptCore/PrivateHeaders/JavaScriptCore/JSTypedArrayViewPrototype.h
[1851/2719] Generating ../../JavaScriptCore/PrivateHeaders/JavaScriptCore/JSTypedArrayPrototypes.h
[1852/2719] Generating ../../JavaScriptCore/PrivateHeaders/JavaScriptCore/JSUint16Array.h
[1853/2719] Generating ../../JavaScriptCore/PrivateHeaders/JavaScriptCore/JSTypedArrays.h
[1854/2719] Generating ../../JavaScriptCore/PrivateHeaders/JavaScriptCore/JSUint32Array.h
[1855/2719] Generating ../../JavaScriptCore/PrivateHeaders/JavaScriptCore/JSUint8Array.h
[1856/2719] Generating ../../JavaScriptCore/PrivateHeaders/JavaScriptCore/JSValue.h
[1857/2719] Generating ../../JavaScriptCore/PrivateHeaders/JavaScriptCore/JSUint8ClampedArray.h
[1858/2719] Generating ../../JavaScriptCore/PrivateHeaders/JavaScriptCore/JSValuePrivate.h
[1859/2719] Generating ../../JavaScriptCore/PrivateHeaders/JavaScriptCore/JSValueInternal.h
[1860/2719] Generating ../../JavaScriptCore/PrivateHeaders/JavaScriptCore/JSValueRef.h
[1861/2719] Generating ../../JavaScriptCore/PrivateHeaders/JavaScriptCore/JSVirtualMachine.h
[1862/2719] Generating ../../JavaScriptCore/PrivateHeaders/JavaScriptCore/JSVirtualMachinePrivate.h
[1863/2719] Generating ../../JavaScriptCore/PrivateHeaders/JavaScriptCore/JSVirtualMachineInternal.h
[1864/2719] Generating ../../JavaScriptCore/PrivateHeaders/JavaScriptCore/JSWeakObjectMapRefInternal.h
[1865/2719] Generating ../../JavaScriptCore/PrivateHeaders/JavaScriptCore/JSWeakObjectMapRefPrivate.h
[1866/2719] Generating ../../JavaScriptCore/PrivateHeaders/JavaScriptCore/JSWeakPrivate.h
[1867/2719] Generating ../../JavaScriptCore/PrivateHeaders/JavaScriptCore/JSWeakValue.h
[1868/2719] Generating ../../JavaScriptCore/PrivateHeaders/JavaScriptCore/JSWebAssembly.h
[1869/2719] Generating ../../JavaScriptCore/PrivateHeaders/JavaScriptCore/JSWebAssemblyGlobal.h
[1870/2719] Generating ../../JavaScriptCore/PrivateHeaders/JavaScriptCore/JSWebAssemblyInstance.h
[1871/2719] Generating ../../JavaScriptCore/PrivateHeaders/JavaScriptCore/JSWebAssemblyLinkError.h
[1872/2719] Generating ../../JavaScriptCore/PrivateHeaders/JavaScriptCore/JSWebAssemblyMemory.h
[1873/2719] Generating ../../JavaScriptCore/PrivateHeaders/JavaScriptCore/JSWebAssemblyModule.h
[1874/2719] Generating ../../JavaScriptCore/PrivateHeaders/JavaScriptCore/JSWebAssemblyTable.h
[1875/2719] Generating ../../JavaScriptCore/PrivateHeaders/JavaScriptCore/JSWebAssemblyStreamingContext.h
[1876/2719] Generating ../../JavaScriptCore/PrivateHeaders/JavaScriptCore/JSWithScope.h
[1877/2719] Generating ../../JavaScriptCore/PrivateHeaders/JavaScriptCore/JSWrapperObject.h
[1878/2719] Generating ../../JavaScriptCore/PrivateHeaders/JavaScriptCore/JavaScriptCore.h
[1879/2719] Generating ../../JavaScriptCore/PrivateHeaders/JavaScriptCore/JavaScript.h
[1880/2719] Generating ../../JavaScriptCore/PrivateHeaders/JavaScriptCore/KeyAtomStringCache.h
[1881/2719] Generating ../../JavaScriptCore/PrivateHeaders/JavaScriptCore/JumpTable.h
[1882/2719] Generating ../../JavaScriptCore/PrivateHeaders/JavaScriptCore/LLIntCLoop.h
[1883/2719] Generating ../../JavaScriptCore/PrivateHeaders/JavaScriptCore/KeyAtomStringCacheInlines.h
[1884/2719] Generating ../../JavaScriptCore/PrivateHeaders/JavaScriptCore/LLIntCommon.h
[1885/2719] Generating ../../JavaScriptCore/PrivateHeaders/JavaScriptCore/LLIntEntrypoint.h
[1886/2719] Generating ../../JavaScriptCore/PrivateHeaders/JavaScriptCore/LLIntOfflineAsmConfig.h
[1887/2719] Generating ../../JavaScriptCore/PrivateHeaders/JavaScriptCore/LLIntExceptions.h
[1888/2719] Generating ../../JavaScriptCore/PrivateHeaders/JavaScriptCore/LLIntPCRanges.h
[1889/2719] Generating ../../JavaScriptCore/PrivateHeaders/JavaScriptCore/LLIntOpcode.h
[1890/2719] Generating ../../JavaScriptCore/PrivateHeaders/JavaScriptCore/LLVMProfiling.h
[1891/2719] Generating ../../JavaScriptCore/PrivateHeaders/JavaScriptCore/LLIntThunks.h
[1892/2719] Generating ../../JavaScriptCore/PrivateHeaders/JavaScriptCore/LOLRegisterAllocator.h
[1893/2719] Generating ../../JavaScriptCore/PrivateHeaders/JavaScriptCore/LOLJIT.h
[1894/2719] Generating ../../JavaScriptCore/PrivateHeaders/JavaScriptCore/LazyClassStructureInlines.h
[1895/2719] Generating ../../JavaScriptCore/PrivateHeaders/JavaScriptCore/LazyClassStructure.h
[1896/2719] Generating ../../JavaScriptCore/PrivateHeaders/JavaScriptCore/LazyOperandValueProfile.h
[1897/2719] Generating ../../JavaScriptCore/PrivateHeaders/JavaScriptCore/LazyProperty.h
[1898/2719] Generating ../../JavaScriptCore/PrivateHeaders/JavaScriptCore/LazyPropertyInlines.h
[1899/2719] Generating ../../JavaScriptCore/PrivateHeaders/JavaScriptCore/LazyValueProfile.h
[1900/2719] Generating ../../JavaScriptCore/PrivateHeaders/JavaScriptCore/LeafExecutable.h
[1901/2719] Generating ../../JavaScriptCore/PrivateHeaders/JavaScriptCore/Lexer.h
[1902/2719] Generating ../../JavaScriptCore/PrivateHeaders/JavaScriptCore/LineColumn.h
[1903/2719] Generating ../../JavaScriptCore/PrivateHeaders/JavaScriptCore/LexerUnicodeProperties.h
[1904/2719] Generating ../../JavaScriptCore/PrivateHeaders/JavaScriptCore/LinkTimeConstant.h
[1905/2719] Generating ../../JavaScriptCore/PrivateHeaders/JavaScriptCore/LinkBuffer.h
[1906/2719] Generating ../../JavaScriptCore/PrivateHeaders/JavaScriptCore/LocalAllocatorInlines.h
[1907/2719] Generating ../../JavaScriptCore/PrivateHeaders/JavaScriptCore/LocalAllocator.h
[1908/2719] Generating ../../JavaScriptCore/PrivateHeaders/JavaScriptCore/MachineContext.h
[1909/2719] Generating ../../JavaScriptCore/PrivateHeaders/JavaScriptCore/Lookup.h
[1910/2719] Generating ../../JavaScriptCore/PrivateHeaders/JavaScriptCore/MachineStackMarker.h
[1911/2719] Generating ../../JavaScriptCore/PrivateHeaders/JavaScriptCore/MacroAssembler.h
[1912/2719] Generating ../../JavaScriptCore/PrivateHeaders/JavaScriptCore/MacroAssemblerARM64E.h
[1913/2719] Generating ../../JavaScriptCore/PrivateHeaders/JavaScriptCore/MacroAssemblerARM64.h
[1914/2719] Generating ../../JavaScriptCore/PrivateHeaders/JavaScriptCore/MacroAssemblerCodeRef.h
[1915/2719] Generating ../../JavaScriptCore/PrivateHeaders/JavaScriptCore/MacroAssemblerHelpers.h
[1916/2719] Generating ../../JavaScriptCore/PrivateHeaders/JavaScriptCore/MapIteratorPrototype.h
[1917/2719] Generating ../../JavaScriptCore/PrivateHeaders/JavaScriptCore/MacroAssemblerX86_64.h
[1918/2719] Generating ../../JavaScriptCore/PrivateHeaders/JavaScriptCore/MarkStack.h
[1919/2719] Generating ../../JavaScriptCore/PrivateHeaders/JavaScriptCore/MapIteratorPrototypeInlines.h
[1920/2719] Generating ../../JavaScriptCore/PrivateHeaders/JavaScriptCore/MarkedBlockInlines.h
[1921/2719] Generating ../../JavaScriptCore/PrivateHeaders/JavaScriptCore/MarkedBlock.h
[1922/2719] Generating ../../JavaScriptCore/PrivateHeaders/JavaScriptCore/MarkedSpace.h
[1923/2719] Generating ../../JavaScriptCore/PrivateHeaders/JavaScriptCore/MarkedBlockSet.h
[1924/2719] Generating ../../JavaScriptCore/PrivateHeaders/JavaScriptCore/MarkedVector.h
[1925/2719] Generating ../../JavaScriptCore/PrivateHeaders/JavaScriptCore/MarkedSpaceInlines.h
[1926/2719] Generating ../../JavaScriptCore/PrivateHeaders/JavaScriptCore/MatchResult.h
[1927/2719] Generating ../../JavaScriptCore/PrivateHeaders/JavaScriptCore/MarkingConstraint.h
[1928/2719] Generating ../../JavaScriptCore/PrivateHeaders/JavaScriptCore/MathObject.h
[1929/2719] Generating ../../JavaScriptCore/PrivateHeaders/JavaScriptCore/MathCommon.h
[1930/2719] Generating ../../JavaScriptCore/PrivateHeaders/JavaScriptCore/MaxFrameExtentForSlowPathCall.h
[1931/2719] Generating ../../JavaScriptCore/PrivateHeaders/JavaScriptCore/MegamorphicCache.h
[1932/2719] Generating ../../JavaScriptCore/PrivateHeaders/JavaScriptCore/MemoryStatistics.h
[1933/2719] Generating ../../JavaScriptCore/PrivateHeaders/JavaScriptCore/MemoryMode.h
[1934/2719] Generating ../../JavaScriptCore/PrivateHeaders/JavaScriptCore/MetadataTable.h
[1935/2719] Generating ../../JavaScriptCore/PrivateHeaders/JavaScriptCore/MethodOfGettingAValueProfile.h
[1936/2719] Generating ../../JavaScriptCore/PrivateHeaders/JavaScriptCore/Microtask.h
[1937/2719] Generating ../../JavaScriptCore/PrivateHeaders/JavaScriptCore/MicrotaskCall.h
[1938/2719] Generating ../../JavaScriptCore/PrivateHeaders/JavaScriptCore/MicrotaskQueue.h
[1939/2719] Generating ../../JavaScriptCore/PrivateHeaders/JavaScriptCore/MicrotaskCallInlines.h
[1940/2719] Generating ../../JavaScriptCore/PrivateHeaders/JavaScriptCore/ModuleGraphLoadingState.h
[1941/2719] Generating ../../JavaScriptCore/PrivateHeaders/JavaScriptCore/MicrotaskQueueInlines.h
[1942/2719] Generating ../../JavaScriptCore/PrivateHeaders/JavaScriptCore/ModuleLoaderPayload.h
[1943/2719] Generating ../../JavaScriptCore/PrivateHeaders/JavaScriptCore/ModuleLoadingContext.h
[1944/2719] Generating ../../JavaScriptCore/PrivateHeaders/JavaScriptCore/ModuleMap.h
[1945/2719] Generating ../../JavaScriptCore/PrivateHeaders/JavaScriptCore/ModuleProgramExecutable.h
[1946/2719] Generating ../../JavaScriptCore/PrivateHeaders/JavaScriptCore/ModuleRegistryEntry.h
[1947/2719] Generating ../../JavaScriptCore/PrivateHeaders/JavaScriptCore/MutatorState.h
[1948/2719] Generating ../../JavaScriptCore/PrivateHeaders/JavaScriptCore/NativeCallee.h
[1949/2719] Generating ../../JavaScriptCore/PrivateHeaders/JavaScriptCore/NativeCalleeRegistry.h
[1950/2719] Generating ../../JavaScriptCore/PrivateHeaders/JavaScriptCore/NativeExecutable.h
[1951/2719] Generating ../../JavaScriptCore/PrivateHeaders/JavaScriptCore/NativeFunction.h
[1952/2719] Generating ../../JavaScriptCore/PrivateHeaders/JavaScriptCore/NullSetterFunction.h
[1953/2719] Generating ../../JavaScriptCore/PrivateHeaders/JavaScriptCore/NullGetterFunction.h
[1954/2719] Generating ../../JavaScriptCore/PrivateHeaders/JavaScriptCore/NumberPrototype.h
[1955/2719] Generating ../../JavaScriptCore/PrivateHeaders/JavaScriptCore/NumberObject.h
[1956/2719] Generating ../../JavaScriptCore/PrivateHeaders/JavaScriptCore/NumericStrings.h
[1957/2719] Generating ../../JavaScriptCore/PrivateHeaders/JavaScriptCore/OSCheck.h
[1958/2719] Generating ../../JavaScriptCore/PrivateHeaders/JavaScriptCore/ObjectAllocationProfile.h
[1959/2719] Generating ../../JavaScriptCore/PrivateHeaders/JavaScriptCore/ObjectAdaptiveStructureWatchpoint.h
[1960/2719] Generating ../../JavaScriptCore/PrivateHeaders/JavaScriptCore/ObjectInitializationScope.h
[1961/2719] Generating ../../JavaScriptCore/PrivateHeaders/JavaScriptCore/ObjectConstructor.h
[1962/2719] Generating ../../JavaScriptCore/PrivateHeaders/JavaScriptCore/ObjectPropertyConditionSet.h
[1963/2719] Generating ../../JavaScriptCore/PrivateHeaders/JavaScriptCore/ObjectPropertyCondition.h
[1964/2719] Generating ../../JavaScriptCore/PrivateHeaders/JavaScriptCore/ObjectPrototype.h
[1965/2719] Generating ../../JavaScriptCore/PrivateHeaders/JavaScriptCore/OpaqueJSString.h
[1966/2719] Generating ../../JavaScriptCore/PrivateHeaders/JavaScriptCore/Opcode.h
[1967/2719] Generating ../../JavaScriptCore/PrivateHeaders/JavaScriptCore/OpcodeSize.h
[1968/2719] Generating ../../JavaScriptCore/PrivateHeaders/JavaScriptCore/Operands.h
[1969/2719] Generating ../../JavaScriptCore/PrivateHeaders/JavaScriptCore/OperandsInlines.h
[1970/2719] Generating ../../JavaScriptCore/PrivateHeaders/JavaScriptCore/OperationResult.h
[1971/2719] Generating ../../JavaScriptCore/PrivateHeaders/JavaScriptCore/Operations.h
[1972/2719] Generating ../../JavaScriptCore/PrivateHeaders/JavaScriptCore/Options.h
[1973/2719] Generating ../../JavaScriptCore/PrivateHeaders/JavaScriptCore/OperationsInlines.h
[1974/2719] Generating ../../JavaScriptCore/PrivateHeaders/JavaScriptCore/PCToCodeOriginMap.h
[1975/2719] Generating ../../JavaScriptCore/PrivateHeaders/JavaScriptCore/OptionsList.h
[1976/2719] Generating ../../JavaScriptCore/PrivateHeaders/JavaScriptCore/PackedCellPtr.h
[1977/2719] Generating ../../JavaScriptCore/PrivateHeaders/JavaScriptCore/PageCount.h
[1978/2719] Generating ../../JavaScriptCore/PrivateHeaders/JavaScriptCore/ParseHash.h
[1979/2719] Generating ../../JavaScriptCore/PrivateHeaders/JavaScriptCore/ParseInt.h
[1980/2719] Generating ../../JavaScriptCore/PrivateHeaders/JavaScriptCore/ParserError.h
[1981/2719] Generating ../../JavaScriptCore/PrivateHeaders/JavaScriptCore/ParserArena.h
[1982/2719] Generating ../../JavaScriptCore/PrivateHeaders/JavaScriptCore/ParserTokens.h
[1983/2719] Generating ../../JavaScriptCore/PrivateHeaders/JavaScriptCore/ParserModes.h
[1984/2719] Generating ../../JavaScriptCore/PrivateHeaders/JavaScriptCore/PinballCompletion.h
[1985/2719] Generating ../../JavaScriptCore/PrivateHeaders/JavaScriptCore/PerGlobalObjectWrapperWorld.h
[1986/2719] Generating ../../JavaScriptCore/PrivateHeaders/JavaScriptCore/PlainDateTimeCore.h
[1987/2719] Generating ../../JavaScriptCore/PrivateHeaders/JavaScriptCore/PlainGregorianDateTime.h
[1988/2719] Generating ../../JavaScriptCore/PrivateHeaders/JavaScriptCore/PolyProtoAccessChain.h
[1989/2719] Generating ../../JavaScriptCore/PrivateHeaders/JavaScriptCore/PolymorphicCallStubRoutine.h
[1990/2719] Generating ../../JavaScriptCore/PrivateHeaders/JavaScriptCore/PreciseJumpTargets.h
[1991/2719] Generating ../../JavaScriptCore/PrivateHeaders/JavaScriptCore/PreciseAllocation.h
[1992/2719] Generating ../../JavaScriptCore/PrivateHeaders/JavaScriptCore/PreciseSubspace.h
[1993/2719] Generating ../../JavaScriptCore/PrivateHeaders/JavaScriptCore/Printer.h
[1994/2719] Generating ../../JavaScriptCore/PrivateHeaders/JavaScriptCore/PrivateName.h
[1995/2719] Generating ../../JavaScriptCore/PrivateHeaders/JavaScriptCore/PrivateFieldPutKind.h
[1996/2719] Generating ../../JavaScriptCore/PrivateHeaders/JavaScriptCore/ProbeStack.h
[1997/2719] Generating ../../JavaScriptCore/PrivateHeaders/JavaScriptCore/ProbeContext.h
[1998/2719] Generating ../../JavaScriptCore/PrivateHeaders/JavaScriptCore/ProfilerBytecode.h
[1999/2719] Generating ../../JavaScriptCore/PrivateHeaders/JavaScriptCore/ProfilerBytecodeSequence.h
[2000/2719] Generating ../../JavaScriptCore/PrivateHeaders/JavaScriptCore/ProfilerBytecodes.h
[2001/2719] Generating ../../JavaScriptCore/PrivateHeaders/JavaScriptCore/ProfilerCompilation.h
[2002/2719] Generating ../../JavaScriptCore/PrivateHeaders/JavaScriptCore/ProfilerCompilationKind.h
[2003/2719] Generating ../../JavaScriptCore/PrivateHeaders/JavaScriptCore/ProfilerCompiledBytecode.h
[2004/2719] Generating ../../JavaScriptCore/PrivateHeaders/JavaScriptCore/ProfilerDatabase.h
[2005/2719] Generating ../../JavaScriptCore/PrivateHeaders/JavaScriptCore/ProfilerDumper.h
[2006/2719] Generating ../../JavaScriptCore/PrivateHeaders/JavaScriptCore/ProfilerEvent.h
[2007/2719] Generating ../../JavaScriptCore/PrivateHeaders/JavaScriptCore/ProfilerExecutionCounter.h
[2008/2719] Generating ../../JavaScriptCore/PrivateHeaders/JavaScriptCore/ProfilerJettisonReason.h
[2009/2719] Generating ../../JavaScriptCore/PrivateHeaders/JavaScriptCore/ProfilerOSRExit.h
[2010/2719] Generating ../../JavaScriptCore/PrivateHeaders/JavaScriptCore/ProfilerOrigin.h
[2011/2719] Generating ../../JavaScriptCore/PrivateHeaders/JavaScriptCore/ProfilerOSRExitSite.h
[2012/2719] Generating ../../JavaScriptCore/PrivateHeaders/JavaScriptCore/ProfilerProfiledBytecodes.h
[2013/2719] Generating ../../JavaScriptCore/PrivateHeaders/JavaScriptCore/ProfilerOriginStack.h
[2014/2719] Generating ../../JavaScriptCore/PrivateHeaders/JavaScriptCore/ProfilerUID.h
[2015/2719] Generating ../../JavaScriptCore/PrivateHeaders/JavaScriptCore/ProfilerSupport.h
[2016/2719] Generating ../../JavaScriptCore/PrivateHeaders/JavaScriptCore/PropertyCondition.h
[2017/2719] Generating ../../JavaScriptCore/PrivateHeaders/JavaScriptCore/ProgramExecutable.h
[2018/2719] Generating ../../JavaScriptCore/PrivateHeaders/JavaScriptCore/PropertyName.h
[2019/2719] Generating ../../JavaScriptCore/PrivateHeaders/JavaScriptCore/PropertyDescriptor.h
[2020/2719] Generating ../../JavaScriptCore/PrivateHeaders/JavaScriptCore/PropertyNameInlines.h
[2021/2719] Generating ../../JavaScriptCore/PrivateHeaders/JavaScriptCore/PropertyNameArray.h
[2022/2719] Generating ../../JavaScriptCore/PrivateHeaders/JavaScriptCore/PropertyOffset.h
[2023/2719] Generating ../../JavaScriptCore/PrivateHeaders/JavaScriptCore/PropertySlot.h
[2024/2719] Generating ../../JavaScriptCore/PrivateHeaders/JavaScriptCore/PropertyStorage.h
[2025/2719] Generating ../../JavaScriptCore/PrivateHeaders/JavaScriptCore/PropertyTable.h
[2026/2719] Generating ../../JavaScriptCore/PrivateHeaders/JavaScriptCore/Protect.h
[2027/2719] Generating ../../JavaScriptCore/PrivateHeaders/JavaScriptCore/ProtoCallFrame.h
[2028/2719] Generating ../../JavaScriptCore/PrivateHeaders/JavaScriptCore/PrototypeKey.h
[2029/2719] Generating ../../JavaScriptCore/PrivateHeaders/JavaScriptCore/ProtoCallFrameInlines.h
[2030/2719] Generating ../../JavaScriptCore/PrivateHeaders/JavaScriptCore/ProxyObject.h
[2031/2719] Generating ../../JavaScriptCore/PrivateHeaders/JavaScriptCore/ProxyConstructor.h
[2032/2719] Generating ../../JavaScriptCore/PrivateHeaders/JavaScriptCore/PureNaN.h
[2033/2719] Generating ../../JavaScriptCore/PrivateHeaders/JavaScriptCore/ProxyRevoke.h
[2034/2719] Generating ../../JavaScriptCore/PrivateHeaders/JavaScriptCore/PutDirectIndexMode.h
[2035/2719] Generating ../../JavaScriptCore/PrivateHeaders/JavaScriptCore/PutByIdFlags.h
[2036/2719] Generating ../../JavaScriptCore/PrivateHeaders/JavaScriptCore/ReduceWhitespace.h
[2037/2719] Generating ../../JavaScriptCore/PrivateHeaders/JavaScriptCore/PutPropertySlot.h
[2038/2719] Generating ../../JavaScriptCore/PrivateHeaders/JavaScriptCore/ReflectObject.h
[2039/2719] Generating ../../JavaScriptCore/PrivateHeaders/JavaScriptCore/Reg.h
[2040/2719] Generating ../../JavaScriptCore/PrivateHeaders/JavaScriptCore/RegExpCache.h
[2041/2719] Generating ../../JavaScriptCore/PrivateHeaders/JavaScriptCore/RegExp.h
[2042/2719] Generating ../../JavaScriptCore/PrivateHeaders/JavaScriptCore/RegExpCachedResult.h
[2043/2719] Generating ../../JavaScriptCore/PrivateHeaders/JavaScriptCore/RegExpGlobalData.h
[2044/2719] Generating ../../JavaScriptCore/PrivateHeaders/JavaScriptCore/RegExpKey.h
[2045/2719] Generating ../../JavaScriptCore/PrivateHeaders/JavaScriptCore/RegExpInlines.h
[2046/2719] Generating ../../JavaScriptCore/PrivateHeaders/JavaScriptCore/RegExpMatchesArray.h
[2047/2719] Generating ../../JavaScriptCore/PrivateHeaders/JavaScriptCore/RegExpObject.h
[2048/2719] Generating ../../JavaScriptCore/PrivateHeaders/JavaScriptCore/Register.h
[2049/2719] Generating ../../JavaScriptCore/PrivateHeaders/JavaScriptCore/RegExpSubstringGlobalAtomCache.h
[2050/2719] Generating ../../JavaScriptCore/PrivateHeaders/JavaScriptCore/RegisterAtOffsetList.h
[2051/2719] Generating ../../JavaScriptCore/PrivateHeaders/JavaScriptCore/RegisterAtOffset.h
[2052/2719] Generating ../../JavaScriptCore/PrivateHeaders/JavaScriptCore/RegisterInfo.h
[2053/2719] Generating ../../JavaScriptCore/PrivateHeaders/JavaScriptCore/RegisterInlines.h
[2054/2719] Generating ../../JavaScriptCore/PrivateHeaders/JavaScriptCore/RegisterSet.h
[2055/2719] Generating ../../JavaScriptCore/PrivateHeaders/JavaScriptCore/RegisterMap.h
[2056/2719] Generating ../../JavaScriptCore/PrivateHeaders/JavaScriptCore/RegularExpression.h
[2057/2719] Generating ../../JavaScriptCore/PrivateHeaders/JavaScriptCore/RegisterState.h
[2058/2719] Generating ../../JavaScriptCore/PrivateHeaders/JavaScriptCore/RemoteAutomationTarget.h
[2059/2719] Generating ../../JavaScriptCore/PrivateHeaders/JavaScriptCore/RemoteConnectionToTarget.h
[2060/2719] Generating ../../JavaScriptCore/PrivateHeaders/JavaScriptCore/RemoteControllableTarget.h
[2061/2719] Generating ../../JavaScriptCore/PrivateHeaders/JavaScriptCore/RemoteInspectionTarget.h
[2062/2719] Generating ../../JavaScriptCore/PrivateHeaders/JavaScriptCore/RemoteInspector.h
[2063/2719] Generating ../../JavaScriptCore/PrivateHeaders/JavaScriptCore/ResourceExhaustion.h
[2064/2719] Generating ../../JavaScriptCore/PrivateHeaders/JavaScriptCore/ResultType.h
[2065/2719] Generating ../../JavaScriptCore/PrivateHeaders/JavaScriptCore/RootMarkReason.h
[2066/2719] Generating ../../JavaScriptCore/PrivateHeaders/JavaScriptCore/Rounding.h
[2067/2719] Generating ../../JavaScriptCore/PrivateHeaders/JavaScriptCore/RunningScope.h
[2068/2719] Generating ../../JavaScriptCore/PrivateHeaders/JavaScriptCore/RuntimeFlags.h
[2069/2719] Generating ../../JavaScriptCore/PrivateHeaders/JavaScriptCore/RuntimeType.h
[2070/2719] Generating ../../JavaScriptCore/PrivateHeaders/JavaScriptCore/SIMDInfo.h
[2071/2719] Generating ../../JavaScriptCore/PrivateHeaders/JavaScriptCore/SIMDShuffle.h
[2072/2719] Generating ../../JavaScriptCore/PrivateHeaders/JavaScriptCore/SamplingProfiler.h
[2073/2719] Generating ../../JavaScriptCore/PrivateHeaders/JavaScriptCore/SamplingCounter.h
[2074/2719] Generating ../../JavaScriptCore/PrivateHeaders/JavaScriptCore/ScopeOffset.h
[2075/2719] Generating ../../JavaScriptCore/PrivateHeaders/JavaScriptCore/ScopedArguments.h
[2076/2719] Generating ../../JavaScriptCore/PrivateHeaders/JavaScriptCore/ScopedArgumentsTable.h
[2077/2719] Generating ../../JavaScriptCore/PrivateHeaders/JavaScriptCore/ScratchRegisterAllocator.h
[2078/2719] Generating ../../JavaScriptCore/PrivateHeaders/JavaScriptCore/Scribble.h
[2079/2719] Generating ../../JavaScriptCore/PrivateHeaders/JavaScriptCore/ScriptArguments.h
[2080/2719] Generating ../../JavaScriptCore/PrivateHeaders/JavaScriptCore/ScriptCallFrame.h
[2081/2719] Generating ../../JavaScriptCore/PrivateHeaders/JavaScriptCore/ScriptCallStack.h
[2082/2719] Generating ../../JavaScriptCore/PrivateHeaders/JavaScriptCore/ScriptExecutable.h
[2083/2719] Generating ../../JavaScriptCore/PrivateHeaders/JavaScriptCore/ScriptCallStackFactory.h
[2084/2719] Generating ../../JavaScriptCore/PrivateHeaders/JavaScriptCore/ScriptFetchParameters.h
[2085/2719] Generating ../../JavaScriptCore/PrivateHeaders/JavaScriptCore/ScriptFetcher.h
[2086/2719] Generating ../../JavaScriptCore/PrivateHeaders/JavaScriptCore/ScriptFunctionCall.h
[2087/2719] Generating ../../JavaScriptCore/PrivateHeaders/JavaScriptCore/ScriptProfilingScope.h
[2088/2719] Generating ../../JavaScriptCore/PrivateHeaders/JavaScriptCore/SecureARM64EHashPins.h
[2089/2719] Generating ../../JavaScriptCore/PrivateHeaders/JavaScriptCore/SecureARM64EHashPinsInlines.h
[2090/2719] Generating ../../JavaScriptCore/PrivateHeaders/JavaScriptCore/SetIteratorPrototypeInlines.h
[2091/2719] Generating ../../JavaScriptCore/PrivateHeaders/JavaScriptCore/SetIteratorPrototype.h
[2092/2719] Generating ../../JavaScriptCore/PrivateHeaders/JavaScriptCore/ShadowChicken.h
[2093/2719] Generating ../../JavaScriptCore/PrivateHeaders/JavaScriptCore/ShadowChickenInlines.h
[2094/2719] Generating ../../JavaScriptCore/PrivateHeaders/JavaScriptCore/ShadowRealmConstructor.h
[2095/2719] Generating ../../JavaScriptCore/PrivateHeaders/JavaScriptCore/ShadowRealmObject.h
[2096/2719] Generating ../../JavaScriptCore/PrivateHeaders/JavaScriptCore/ShadowRealmPrototype.h
[2097/2719] Generating ../../JavaScriptCore/PrivateHeaders/JavaScriptCore/SideDataRepository.h
[2098/2719] Generating ../../JavaScriptCore/PrivateHeaders/JavaScriptCore/SimpleTypedArrayController.h
[2099/2719] Generating ../../JavaScriptCore/PrivateHeaders/JavaScriptCore/SimpleRegisterAllocator.h
[2100/2719] Generating ../../JavaScriptCore/PrivateHeaders/JavaScriptCore/SlotVisitorInlines.h
[2101/2719] Generating ../../JavaScriptCore/PrivateHeaders/JavaScriptCore/SlotVisitor.h
[2102/2719] Generating ../../JavaScriptCore/PrivateHeaders/JavaScriptCore/SlotVisitorMacros.h
[2103/2719] Generating ../../JavaScriptCore/PrivateHeaders/JavaScriptCore/SlowPathFunction.h
[2104/2719] Generating ../../JavaScriptCore/PrivateHeaders/JavaScriptCore/SmallStrings.h
[2105/2719] Generating ../../JavaScriptCore/PrivateHeaders/JavaScriptCore/Snippet.h
[2106/2719] Generating ../../JavaScriptCore/PrivateHeaders/JavaScriptCore/SnippetParams.h
[2107/2719] Generating ../../JavaScriptCore/PrivateHeaders/JavaScriptCore/SnippetSlowPathCalls.h
[2108/2719] Generating ../../JavaScriptCore/PrivateHeaders/JavaScriptCore/SourceID.h
[2109/2719] Generating ../../JavaScriptCore/PrivateHeaders/JavaScriptCore/SourceCode.h
[2110/2719] Generating ../../JavaScriptCore/PrivateHeaders/JavaScriptCore/SourceOrigin.h
[2111/2719] Generating ../../JavaScriptCore/PrivateHeaders/JavaScriptCore/SourceProfiler.h
[2112/2719] Generating ../../JavaScriptCore/PrivateHeaders/JavaScriptCore/SourceProviderCache.h
[2113/2719] Generating ../../JavaScriptCore/PrivateHeaders/JavaScriptCore/SourceProvider.h
[2114/2719] Generating ../../JavaScriptCore/PrivateHeaders/JavaScriptCore/SourceProviderCacheItem.h
[2115/2719] Generating ../../JavaScriptCore/PrivateHeaders/JavaScriptCore/SourceTaintedOrigin.h
[2116/2719] Generating ../../JavaScriptCore/PrivateHeaders/JavaScriptCore/SparseArrayValueMap.h
[2117/2719] Generating ../../JavaScriptCore/PrivateHeaders/JavaScriptCore/SpeculatedType.h
[2118/2719] Generating ../../JavaScriptCore/PrivateHeaders/JavaScriptCore/SpillRegistersMode.h
[2119/2719] Generating ../../JavaScriptCore/PrivateHeaders/JavaScriptCore/StableSort.h
[2120/2719] Generating ../../JavaScriptCore/PrivateHeaders/JavaScriptCore/StackAlignment.h
[2121/2719] Generating ../../JavaScriptCore/PrivateHeaders/JavaScriptCore/StackFrame.h
[2122/2719] Generating ../../JavaScriptCore/PrivateHeaders/JavaScriptCore/StackManagerInlines.h
[2123/2719] Generating ../../JavaScriptCore/PrivateHeaders/JavaScriptCore/StackManager.h
[2124/2719] Generating ../../JavaScriptCore/PrivateHeaders/JavaScriptCore/StaticPropertyAnalysis.h
[2125/2719] Generating ../../JavaScriptCore/PrivateHeaders/JavaScriptCore/StackVisitor.h
[2126/2719] Generating ../../JavaScriptCore/PrivateHeaders/JavaScriptCore/StringIteratorPrototype.h
[2127/2719] Generating ../../JavaScriptCore/PrivateHeaders/JavaScriptCore/StopTheWorldCallback.h
[2128/2719] Generating ../../JavaScriptCore/PrivateHeaders/JavaScriptCore/StringPrototype.h
[2129/2719] Generating ../../JavaScriptCore/PrivateHeaders/JavaScriptCore/StringObject.h
[2130/2719] Generating ../../JavaScriptCore/PrivateHeaders/JavaScriptCore/StringSplitCache.h
[2131/2719] Generating ../../JavaScriptCore/PrivateHeaders/JavaScriptCore/StringReplaceCache.h
[2132/2719] Generating ../../JavaScriptCore/PrivateHeaders/JavaScriptCore/Strong.h
[2133/2719] Generating ../../JavaScriptCore/PrivateHeaders/JavaScriptCore/StrongBlock.h
[2134/2719] Generating ../../JavaScriptCore/PrivateHeaders/JavaScriptCore/StrongForward.h
[2135/2719] Generating ../../JavaScriptCore/PrivateHeaders/JavaScriptCore/StrongInlines.h
[2136/2719] Generating ../../JavaScriptCore/PrivateHeaders/JavaScriptCore/Structure.h
[2137/2719] Generating ../../JavaScriptCore/PrivateHeaders/JavaScriptCore/StrongSet.h
[2138/2719] Generating ../../JavaScriptCore/PrivateHeaders/JavaScriptCore/StructureCache.h
[2139/2719] Generating ../../JavaScriptCore/PrivateHeaders/JavaScriptCore/StructureArrayStorageInlines.h
[2140/2719] Generating ../../JavaScriptCore/PrivateHeaders/JavaScriptCore/StructureCreateInlines.h
[2141/2719] Generating ../../JavaScriptCore/PrivateHeaders/JavaScriptCore/StructureChain.h
[2142/2719] Generating ../../JavaScriptCore/PrivateHeaders/JavaScriptCore/StructureInlines.h
[2143/2719] Generating ../../JavaScriptCore/PrivateHeaders/JavaScriptCore/StructureID.h
[2144/2719] Generating ../../JavaScriptCore/PrivateHeaders/JavaScriptCore/StructureRareData.h
[2145/2719] Generating ../../JavaScriptCore/PrivateHeaders/JavaScriptCore/StructureInlinesLight.h
[2146/2719] Generating ../../JavaScriptCore/PrivateHeaders/JavaScriptCore/StructureSet.h
[2147/2719] Generating ../../JavaScriptCore/PrivateHeaders/JavaScriptCore/StructureRareDataInlines.h
[2148/2719] Generating ../../JavaScriptCore/PrivateHeaders/JavaScriptCore/StructureTransitionTable.h
[2149/2719] Generating ../../JavaScriptCore/PrivateHeaders/JavaScriptCore/StructuredCloneTags.h
[2150/2719] Generating ../../JavaScriptCore/PrivateHeaders/JavaScriptCore/Subspace.h
[2151/2719] Generating ../../JavaScriptCore/PrivateHeaders/JavaScriptCore/SubspaceAccess.h
[2152/2719] Generating ../../JavaScriptCore/PrivateHeaders/JavaScriptCore/SubspaceInlines.h
[2153/2719] Generating ../../JavaScriptCore/PrivateHeaders/JavaScriptCore/SuperSampler.h
[2154/2719] Generating ../../JavaScriptCore/PrivateHeaders/JavaScriptCore/Symbol.h
[2155/2719] Generating ../../JavaScriptCore/PrivateHeaders/JavaScriptCore/SymbolConstructor.h
[2156/2719] Generating ../../JavaScriptCore/PrivateHeaders/JavaScriptCore/SymbolPrototype.h
[2157/2719] Generating ../../JavaScriptCore/PrivateHeaders/JavaScriptCore/SymbolObject.h
[2158/2719] Generating ../../JavaScriptCore/PrivateHeaders/JavaScriptCore/SymbolTableOrScopeDepth.h
[2159/2719] Generating ../../JavaScriptCore/PrivateHeaders/JavaScriptCore/SymbolTable.h
[2160/2719] Generating ../../JavaScriptCore/PrivateHeaders/JavaScriptCore/Synchronousness.h
[2161/2719] Generating ../../JavaScriptCore/PrivateHeaders/JavaScriptCore/SyntheticModuleRecord.h
[2162/2719] Generating ../../JavaScriptCore/PrivateHeaders/JavaScriptCore/TagRegistersMode.h
[2163/2719] Generating ../../JavaScriptCore/PrivateHeaders/JavaScriptCore/TargetAssemblerDefinitions.h
[2164/2719] Generating ../../JavaScriptCore/PrivateHeaders/JavaScriptCore/TemporalCalendar.h
[2165/2719] Generating ../../JavaScriptCore/PrivateHeaders/JavaScriptCore/TemplateObjectDescriptor.h
[2166/2719] Generating ../../JavaScriptCore/PrivateHeaders/JavaScriptCore/TemporalDuration.h
[2167/2719] Generating ../../JavaScriptCore/PrivateHeaders/JavaScriptCore/TemporalCoreTypes.h
[2168/2719] Generating ../../JavaScriptCore/PrivateHeaders/JavaScriptCore/TemporalDurationConstructor.h
[2169/2719] Generating ../../JavaScriptCore/PrivateHeaders/JavaScriptCore/TemporalDurationPrototype.h
[2170/2719] Generating ../../JavaScriptCore/PrivateHeaders/JavaScriptCore/TemporalInstant.h
[2171/2719] Generating ../../JavaScriptCore/PrivateHeaders/JavaScriptCore/TemporalEnums.h
[2172/2719] Generating ../../JavaScriptCore/PrivateHeaders/JavaScriptCore/TemporalInstantConstructor.h
[2173/2719] Generating ../../JavaScriptCore/PrivateHeaders/JavaScriptCore/TemporalInstantPrototype.h
[2174/2719] Generating ../../JavaScriptCore/PrivateHeaders/JavaScriptCore/TemporalNow.h
[2175/2719] Generating ../../JavaScriptCore/PrivateHeaders/JavaScriptCore/TemporalObject.h
[2176/2719] Generating ../../JavaScriptCore/PrivateHeaders/JavaScriptCore/TemporalPlainDateConstructor.h
[2177/2719] Generating ../../JavaScriptCore/PrivateHeaders/JavaScriptCore/TemporalPlainDate.h
[2178/2719] Generating ../../JavaScriptCore/PrivateHeaders/JavaScriptCore/TemporalPlainDatePrototype.h
[2179/2719] Generating ../../JavaScriptCore/PrivateHeaders/JavaScriptCore/TemporalPlainDateTime.h
[2180/2719] Generating ../../JavaScriptCore/PrivateHeaders/JavaScriptCore/TemporalPlainDateTimeConstructor.h
[2181/2719] Generating ../../JavaScriptCore/PrivateHeaders/JavaScriptCore/TemporalPlainDateTimePrototype.h
[2182/2719] Generating ../../JavaScriptCore/PrivateHeaders/JavaScriptCore/TemporalPlainMonthDay.h
[2183/2719] Generating ../../JavaScriptCore/PrivateHeaders/JavaScriptCore/TemporalPlainMonthDayConstructor.h
[2184/2719] Generating ../../JavaScriptCore/PrivateHeaders/JavaScriptCore/TemporalPlainMonthDayPrototype.h
[2185/2719] Generating ../../JavaScriptCore/PrivateHeaders/JavaScriptCore/TemporalPlainTime.h
[2186/2719] Generating ../../JavaScriptCore/PrivateHeaders/JavaScriptCore/TemporalPlainTimeConstructor.h
[2187/2719] Generating ../../JavaScriptCore/PrivateHeaders/JavaScriptCore/TemporalPlainTimePrototype.h
[2188/2719] Generating ../../JavaScriptCore/PrivateHeaders/JavaScriptCore/TemporalPlainYearMonth.h
[2189/2719] Generating ../../JavaScriptCore/PrivateHeaders/JavaScriptCore/TemporalPlainYearMonthConstructor.h
[2190/2719] Generating ../../JavaScriptCore/PrivateHeaders/JavaScriptCore/TemporalZonedDateTime.h
[2191/2719] Generating ../../JavaScriptCore/PrivateHeaders/JavaScriptCore/TemporalPlainYearMonthPrototype.h
[2192/2719] Generating ../../JavaScriptCore/PrivateHeaders/JavaScriptCore/TemporalZonedDateTimePrototype.h
[2193/2719] Generating ../../JavaScriptCore/PrivateHeaders/JavaScriptCore/TemporalZonedDateTimeConstructor.h
[2194/2719] Generating ../../JavaScriptCore/PrivateHeaders/JavaScriptCore/ThrowScope.h
[2195/2719] Generating ../../JavaScriptCore/PrivateHeaders/JavaScriptCore/TestRunnerUtils.h
[2196/2719] Generating ../../JavaScriptCore/PrivateHeaders/JavaScriptCore/TimeZoneICUBridge.h
[2197/2719] Generating ../../JavaScriptCore/PrivateHeaders/JavaScriptCore/ThunkGenerator.h
[2198/2719] Generating ../../JavaScriptCore/PrivateHeaders/JavaScriptCore/TinyBloomFilter.h
[2199/2719] Generating ../../JavaScriptCore/PrivateHeaders/JavaScriptCore/ToNativeFromValue.h
[2200/2719] Generating ../../JavaScriptCore/PrivateHeaders/JavaScriptCore/TopExceptionScope.h
[2201/2719] Generating ../../JavaScriptCore/PrivateHeaders/JavaScriptCore/ToThisStatus.h
[2202/2719] Generating ../../JavaScriptCore/PrivateHeaders/JavaScriptCore/TypeError.h
[2203/2719] Generating ../../JavaScriptCore/PrivateHeaders/JavaScriptCore/TrackedReferences.h
[2204/2719] Generating ../../JavaScriptCore/PrivateHeaders/JavaScriptCore/TypeInfoBlob.h
[2205/2719] Generating ../../JavaScriptCore/PrivateHeaders/JavaScriptCore/TypeLocation.h
[2206/2719] Generating ../../JavaScriptCore/PrivateHeaders/JavaScriptCore/TypeLocationCache.h
[2207/2719] Generating ../../JavaScriptCore/PrivateHeaders/JavaScriptCore/TypeLocationInlines.h
[2208/2719] Generating ../../JavaScriptCore/PrivateHeaders/JavaScriptCore/TypeProfilerLog.h
[2209/2719] Generating ../../JavaScriptCore/PrivateHeaders/JavaScriptCore/TypeProfiler.h
[2210/2719] Generating ../../JavaScriptCore/PrivateHeaders/JavaScriptCore/TypedArrayAdaptersForwardDeclarations.h
[2211/2719] Generating ../../JavaScriptCore/PrivateHeaders/JavaScriptCore/TypeSet.h
[2212/2719] Generating ../../JavaScriptCore/PrivateHeaders/JavaScriptCore/TypedArrayAdaptors.h
[2213/2719] Generating ../../JavaScriptCore/PrivateHeaders/JavaScriptCore/TypedArrayController.h
[2214/2719] Generating ../../JavaScriptCore/PrivateHeaders/JavaScriptCore/TypedArrayInlines.h
[2215/2719] Generating ../../JavaScriptCore/PrivateHeaders/JavaScriptCore/TypedArrayType.h
[2216/2719] Generating ../../JavaScriptCore/PrivateHeaders/JavaScriptCore/TypeofType.h
[2217/2719] Generating ../../JavaScriptCore/PrivateHeaders/JavaScriptCore/TypedArrays.h
[2218/2719] Generating ../../JavaScriptCore/PrivateHeaders/JavaScriptCore/Uint16Array.h
[2219/2719] Generating ../../JavaScriptCore/PrivateHeaders/JavaScriptCore/UGPRPair.h
[2220/2719] Generating ../../JavaScriptCore/PrivateHeaders/JavaScriptCore/Uint32Array.h
[2221/2719] Generating ../../JavaScriptCore/PrivateHeaders/JavaScriptCore/Uint8Array.h
[2222/2719] Generating ../../JavaScriptCore/PrivateHeaders/JavaScriptCore/UnlinkedCodeBlock.h
[2223/2719] Generating ../../JavaScriptCore/PrivateHeaders/JavaScriptCore/Uint8ClampedArray.h
[2224/2719] Generating ../../JavaScriptCore/PrivateHeaders/JavaScriptCore/UnlinkedEvalCodeBlock.h
[2225/2719] Generating ../../JavaScriptCore/PrivateHeaders/JavaScriptCore/UnlinkedFunctionCodeBlock.h
[2226/2719] Generating ../../JavaScriptCore/PrivateHeaders/JavaScriptCore/UnlinkedGlobalCodeBlock.h
[2227/2719] Generating ../../JavaScriptCore/PrivateHeaders/JavaScriptCore/UnlinkedFunctionExecutable.h
[2228/2719] Generating ../../JavaScriptCore/PrivateHeaders/JavaScriptCore/UnlinkedMetadataTable.h
[2229/2719] Generating ../../JavaScriptCore/PrivateHeaders/JavaScriptCore/UnlinkedModuleProgramCodeBlock.h
[2230/2719] Generating ../../JavaScriptCore/PrivateHeaders/JavaScriptCore/UnlinkedSourceCode.h
[2231/2719] Generating ../../JavaScriptCore/PrivateHeaders/JavaScriptCore/UnlinkedProgramCodeBlock.h
[2232/2719] Generating ../../JavaScriptCore/PrivateHeaders/JavaScriptCore/VMEntryRecord.h
[2233/2719] Generating ../../JavaScriptCore/PrivateHeaders/JavaScriptCore/VM.h
[2234/2719] Generating ../../JavaScriptCore/PrivateHeaders/JavaScriptCore/VMEntryScopeInlines.h
[2235/2719] Generating ../../JavaScriptCore/PrivateHeaders/JavaScriptCore/VMEntryScope.h
[2236/2719] Generating ../../JavaScriptCore/PrivateHeaders/JavaScriptCore/VMManager.h
[2237/2719] Generating ../../JavaScriptCore/PrivateHeaders/JavaScriptCore/VMInlines.h
[2238/2719] Generating ../../JavaScriptCore/PrivateHeaders/JavaScriptCore/VMThreadContext.h
[2239/2719] Generating ../../JavaScriptCore/PrivateHeaders/JavaScriptCore/VMTraps.h
[2240/2719] Generating ../../JavaScriptCore/PrivateHeaders/JavaScriptCore/ValueProfile.h
[2241/2719] Generating ../../JavaScriptCore/PrivateHeaders/JavaScriptCore/VMTrapsInlines.h
[2242/2719] Generating ../../JavaScriptCore/PrivateHeaders/JavaScriptCore/ValueRecovery.h
[2243/2719] Generating ../../JavaScriptCore/PrivateHeaders/JavaScriptCore/VarOffset.h
[2244/2719] Generating ../../JavaScriptCore/PrivateHeaders/JavaScriptCore/VariableEnvironment.h
[2245/2719] Generating ../../JavaScriptCore/PrivateHeaders/JavaScriptCore/VariableEnvironmentInlines.h
[2246/2719] Generating ../../JavaScriptCore/PrivateHeaders/JavaScriptCore/VariableWriteFireDetail.h
[2247/2719] Generating ../../JavaScriptCore/PrivateHeaders/JavaScriptCore/VariableWriteFireDetailInlines.h
[2248/2719] Generating ../../JavaScriptCore/PrivateHeaders/JavaScriptCore/VirtualRegister.h
[2249/2719] Generating ../../JavaScriptCore/PrivateHeaders/JavaScriptCore/VerifierSlotVisitor.h
[2250/2719] Generating ../../JavaScriptCore/PrivateHeaders/JavaScriptCore/VisitRaceKey.h
[2251/2719] Generating ../../JavaScriptCore/PrivateHeaders/JavaScriptCore/WaiterListManager.h
[2252/2719] Generating ../../JavaScriptCore/PrivateHeaders/JavaScriptCore/WasmAddressType.h
[2253/2719] Generating ../../JavaScriptCore/PrivateHeaders/JavaScriptCore/WasmBaselineData.h
[2254/2719] Generating ../../JavaScriptCore/PrivateHeaders/JavaScriptCore/WasmBranchHints.h
[2255/2719] Generating ../../JavaScriptCore/PrivateHeaders/JavaScriptCore/WasmBreakpointManager.h
[2256/2719] Generating ../../JavaScriptCore/PrivateHeaders/JavaScriptCore/WasmCallProfile.h
[2257/2719] Generating ../../JavaScriptCore/PrivateHeaders/JavaScriptCore/WasmCallee.h
[2258/2719] Generating ../../JavaScriptCore/PrivateHeaders/JavaScriptCore/WasmCalleeGroup.h
[2259/2719] Generating ../../JavaScriptCore/PrivateHeaders/JavaScriptCore/WasmCallingConvention.h
[2260/2719] Generating ../../JavaScriptCore/PrivateHeaders/JavaScriptCore/WasmCapabilities.h
[2261/2719] Generating ../../JavaScriptCore/PrivateHeaders/JavaScriptCore/WasmCompilationMode.h
[2262/2719] Generating ../../JavaScriptCore/PrivateHeaders/JavaScriptCore/WasmContext.h
[2263/2719] Generating ../../JavaScriptCore/PrivateHeaders/JavaScriptCore/WasmCreationMode.h
[2264/2719] Generating ../../JavaScriptCore/PrivateHeaders/JavaScriptCore/WasmDebugServer.h
[2265/2719] Generating ../../JavaScriptCore/PrivateHeaders/JavaScriptCore/WasmDebugServerUtilities.h
[2266/2719] Generating ../../JavaScriptCore/PrivateHeaders/JavaScriptCore/WasmExecutionHandler.h
[2267/2719] Generating ../../JavaScriptCore/PrivateHeaders/JavaScriptCore/WasmExceptionType.h
[2268/2719] Generating ../../JavaScriptCore/PrivateHeaders/JavaScriptCore/WasmFormat.h
[2269/2719] Generating ../../JavaScriptCore/PrivateHeaders/JavaScriptCore/WasmFaultSignalHandler.h
[2270/2719] Generating ../../JavaScriptCore/PrivateHeaders/JavaScriptCore/WasmFunctionIPIntMetadataGenerator.h
[2271/2719] Generating ../../JavaScriptCore/PrivateHeaders/JavaScriptCore/WasmGDBPacketParser.h
[2272/2719] Generating ../../JavaScriptCore/PrivateHeaders/JavaScriptCore/WasmGlobal.h
[2273/2719] Generating ../../JavaScriptCore/PrivateHeaders/JavaScriptCore/WasmHandlerInfo.h
[2274/2719] Generating ../../JavaScriptCore/PrivateHeaders/JavaScriptCore/WasmIPIntGenerator.h
[2275/2719] Generating ../../JavaScriptCore/PrivateHeaders/JavaScriptCore/WasmIPIntTierUpCounter.h
[2276/2719] Generating ../../JavaScriptCore/PrivateHeaders/JavaScriptCore/WasmIndexOrName.h
[2277/2719] Generating ../../JavaScriptCore/PrivateHeaders/JavaScriptCore/WasmInstanceAnchor.h
[2278/2719] Generating ../../JavaScriptCore/PrivateHeaders/JavaScriptCore/WasmLimits.h
[2279/2719] Generating ../../JavaScriptCore/PrivateHeaders/JavaScriptCore/WasmJS.h
[2280/2719] Generating ../../JavaScriptCore/PrivateHeaders/JavaScriptCore/WasmMemory.h
[2281/2719] Generating ../../JavaScriptCore/PrivateHeaders/JavaScriptCore/WasmMemoryHandler.h
[2282/2719] Generating ../../JavaScriptCore/PrivateHeaders/JavaScriptCore/WasmModule.h
[2283/2719] Generating ../../JavaScriptCore/PrivateHeaders/JavaScriptCore/WasmMemoryInformation.h
[2284/2719] Generating ../../JavaScriptCore/PrivateHeaders/JavaScriptCore/WasmModuleDebugInfo.h
[2285/2719] Generating ../../JavaScriptCore/PrivateHeaders/JavaScriptCore/WasmModuleInformation.h
[2286/2719] Generating ../../JavaScriptCore/PrivateHeaders/JavaScriptCore/WasmName.h
[2287/2719] Generating ../../JavaScriptCore/PrivateHeaders/JavaScriptCore/WasmModuleManager.h
[2288/2719] Generating ../../JavaScriptCore/PrivateHeaders/JavaScriptCore/WasmNameSection.h
[2289/2719] Generating ../../JavaScriptCore/PrivateHeaders/JavaScriptCore/WasmOSREntryData.h
[2290/2719] Generating ../../JavaScriptCore/PrivateHeaders/JavaScriptCore/WasmOpcodeOrigin.h
[2291/2719] Generating ../../JavaScriptCore/PrivateHeaders/JavaScriptCore/WasmParser.h
[2292/2719] Generating ../../JavaScriptCore/PrivateHeaders/JavaScriptCore/WasmPlan.h
[2293/2719] Generating ../../JavaScriptCore/PrivateHeaders/JavaScriptCore/WasmQueryHandler.h
[2294/2719] Generating ../../JavaScriptCore/PrivateHeaders/JavaScriptCore/WasmSections.h
[2295/2719] Generating ../../JavaScriptCore/PrivateHeaders/JavaScriptCore/WasmSIMDOpcodes.h
[2296/2719] Generating ../../JavaScriptCore/PrivateHeaders/JavaScriptCore/WasmStreamingCompiler.h
[2297/2719] Generating ../../JavaScriptCore/PrivateHeaders/JavaScriptCore/WasmStreamingParser.h
[2298/2719] Generating ../../JavaScriptCore/PrivateHeaders/JavaScriptCore/WasmThunks.h
[2299/2719] Generating ../../JavaScriptCore/PrivateHeaders/JavaScriptCore/WasmTable.h
[2300/2719] Generating ../../JavaScriptCore/PrivateHeaders/JavaScriptCore/WasmTierUpCount.h
[2301/2719] Generating ../../JavaScriptCore/PrivateHeaders/JavaScriptCore/WasmTypeDefinition.h
[2302/2719] Generating ../../JavaScriptCore/PrivateHeaders/JavaScriptCore/WasmValueLocation.h
[2303/2719] Generating ../../JavaScriptCore/PrivateHeaders/JavaScriptCore/WasmTypeDefinitionInlines.h
[2304/2719] Generating ../../JavaScriptCore/PrivateHeaders/JavaScriptCore/Watchdog.h
[2305/2719] Generating ../../JavaScriptCore/PrivateHeaders/JavaScriptCore/WasmVirtualAddress.h
[2306/2719] Generating ../../JavaScriptCore/PrivateHeaders/JavaScriptCore/Watchpoint.h
[2307/2719] Generating ../../JavaScriptCore/PrivateHeaders/JavaScriptCore/Weak.h
[2308/2719] Generating ../../JavaScriptCore/PrivateHeaders/JavaScriptCore/WeakGCHashTable.h
[2309/2719] Generating ../../JavaScriptCore/PrivateHeaders/JavaScriptCore/WeakBlock.h
[2310/2719] Generating ../../JavaScriptCore/PrivateHeaders/JavaScriptCore/WeakGCMap.h
[2311/2719] Generating ../../JavaScriptCore/PrivateHeaders/JavaScriptCore/WeakGCMapInlines.h
[2312/2719] Generating ../../JavaScriptCore/PrivateHeaders/JavaScriptCore/WeakGCSet.h
[2313/2719] Generating ../../JavaScriptCore/PrivateHeaders/JavaScriptCore/WeakGCSetInlines.h
[2314/2719] Generating ../../JavaScriptCore/PrivateHeaders/JavaScriptCore/WeakImpl.h
[2315/2719] Generating ../../JavaScriptCore/PrivateHeaders/JavaScriptCore/WeakHandleOwner.h
[2316/2719] Generating ../../JavaScriptCore/PrivateHeaders/JavaScriptCore/WeakInlinesLight.h
[2317/2719] Generating ../../JavaScriptCore/PrivateHeaders/JavaScriptCore/WeakInlines.h
[2318/2719] Generating ../../JavaScriptCore/PrivateHeaders/JavaScriptCore/WeakSetConstructor.h
[2319/2719] Generating ../../JavaScriptCore/PrivateHeaders/JavaScriptCore/WeakSet.h
[2320/2719] Generating ../../JavaScriptCore/PrivateHeaders/JavaScriptCore/WeakSetInlines.h
[2321/2719] Generating ../../JavaScriptCore/PrivateHeaders/JavaScriptCore/WeakSetPrototype.h
[2322/2719] Generating ../../JavaScriptCore/PrivateHeaders/JavaScriptCore/WebAssemblyCompileOptions.h
[2323/2719] Generating ../../JavaScriptCore/PrivateHeaders/JavaScriptCore/WebAssemblyBuiltin.h
[2324/2719] Generating ../../JavaScriptCore/PrivateHeaders/JavaScriptCore/WebAssemblyFunction.h
[2325/2719] Generating ../../JavaScriptCore/PrivateHeaders/JavaScriptCore/WebAssemblyFunctionBase.h
[2326/2719] Generating ../../JavaScriptCore/PrivateHeaders/JavaScriptCore/WebAssemblyGCStructure.h
[2327/2719] Generating ../../JavaScriptCore/PrivateHeaders/JavaScriptCore/WebAssemblyLinkErrorConstructor.h
[2328/2719] Generating ../../JavaScriptCore/PrivateHeaders/JavaScriptCore/WebAssemblyModuleRecord.h
[2329/2719] Generating ../../JavaScriptCore/PrivateHeaders/JavaScriptCore/WebAssemblyLinkErrorPrototype.h
[2330/2719] Generating ../../JavaScriptCore/PrivateHeaders/JavaScriptCore/WebAssemblyPromising.h
[2331/2719] Generating ../../JavaScriptCore/PrivateHeaders/JavaScriptCore/WebAssemblySuspending.h
[2332/2719] Generating ../../JavaScriptCore/PrivateHeaders/JavaScriptCore/WebAssemblySuspendingConstructor.h
[2333/2719] Generating ../../JavaScriptCore/PrivateHeaders/JavaScriptCore/WebAssemblySuspendingPrototype.h
[2334/2719] Generating ../../JavaScriptCore/PrivateHeaders/JavaScriptCore/Width.h
[2335/2719] Generating ../../JavaScriptCore/PrivateHeaders/JavaScriptCore/WebAssemblyWrapperFunction.h
[2336/2719] Generating ../../JavaScriptCore/PrivateHeaders/JavaScriptCore/WriteBarrier.h
[2337/2719] Generating ../../JavaScriptCore/PrivateHeaders/JavaScriptCore/WriteBarrierInlines.h
[2338/2719] Generating ../../JavaScriptCore/PrivateHeaders/JavaScriptCore/X86Assembler.h
[2339/2719] Generating ../../JavaScriptCore/PrivateHeaders/JavaScriptCore/X86_64Registers.h
[2340/2719] Generating ../../JavaScriptCore/PrivateHeaders/JavaScriptCore/YarrErrorCode.h
[2341/2719] Generating ../../JavaScriptCore/PrivateHeaders/JavaScriptCore/Yarr.h
[2342/2719] Generating ../../JavaScriptCore/PrivateHeaders/JavaScriptCore/YarrFlags.h
[2343/2719] Generating ../../JavaScriptCore/PrivateHeaders/JavaScriptCore/YarrInterpreter.h
[2344/2719] Generating ../../JavaScriptCore/PrivateHeaders/JavaScriptCore/YarrMatchingContextHolder.h
[2345/2719] Generating ../../JavaScriptCore/PrivateHeaders/JavaScriptCore/YarrJIT.h
[2346/2719] Generating ../../JavaScriptCore/PrivateHeaders/JavaScriptCore/YarrPattern.h
[2347/2719] Generating ../../JavaScriptCore/PrivateHeaders/JavaScriptCore/YarrParser.h
[2348/2719] Generating ../../JavaScriptCore/PrivateHeaders/JavaScriptCore/ZonedDateTimeCore.h
[2349/2719] Generating ../../JavaScriptCore/PrivateHeaders/JavaScriptCore/YarrUnicodeProperties.h
[2350/2719] Generating ../../JavaScriptCore/PrivateHeaders/JavaScriptCore/testb3.h
[2351/2719] Generating ../../JavaScriptCore/PrivateHeaders/JavaScriptCore/config.h
[2352/2719] Generating ../../JavaScriptCore/Scripts/UpdateContents.py
[2353/2719] Generating ../../JavaScriptCore/Scripts/cssmin.py
[2354/2719] Generating ../../JavaScriptCore/Scripts/inline-and-minify-stylesheets-and-scripts.py
[2355/2719] Generating ../../JavaScriptCore/Scripts/jsmin.py
[2356/2719] Generating ../../JavaScriptCore/Scripts/make-js-file-arrays.py
[2357/2719] Generating ../../JavaScriptCore/Scripts/xxd.pl
[2358/2719] Generating ../../JavaScriptCore/DerivedSources/LLIntDesiredSettings.h
[2359/2719] Building CXX object Source/JavaScriptCore/CMakeFiles/LLIntSettingsExtractor.dir/llint/LLIntSettingsExtractor.cpp.o
[2360/2719] Linking CXX executable bin/LLIntSettingsExtractor
[2361/2719] Generating ../../JavaScriptCore/DerivedSources/AirOpcode.h, ../../JavaScriptCore/DerivedSources/AirOpcodeGenerated.h
[2362/2719] Generating ../../JavaScriptCore/DerivedSources/LLIntDesiredOffsets.h
[2363/2719] Building CXX object Source/JavaScriptCore/CMakeFiles/LLIntOffsetsExtractor.dir/llint/LLIntOffsetsExtractor.cpp.o
[2364/2719] Linking CXX executable bin/LLIntOffsetsExtractor
[2365/2719] Generating ../../JavaScriptCore/DerivedSources/LLIntAssembly.h
[2366/2719] Building CXX object Source/JavaScriptCore/CMakeFiles/LowLevelInterpreterLib.dir/llint/LowLevelInterpreter.cpp.o
[2367/2719] Generating ../../JavaScriptCore/DerivedSources/WasmOMGIRGeneratorInlines.h
[2368/2719] Generating ../../JavaScriptCore/DerivedSources/ArrayConstructor.lut.h
[2369/2719] Generating ../../JavaScriptCore/DerivedSources/AsyncFromSyncIteratorPrototype.lut.h
[2370/2719] Generating ../../JavaScriptCore/DerivedSources/AsyncGeneratorPrototype.lut.h
[2371/2719] Generating ../../JavaScriptCore/DerivedSources/BigIntConstructor.lut.h
[2372/2719] Generating ../../JavaScriptCore/DerivedSources/BigIntPrototype.lut.h
[2373/2719] Generating ../../JavaScriptCore/DerivedSources/BooleanPrototype.lut.h
[2374/2719] Generating ../../JavaScriptCore/DerivedSources/DateConstructor.lut.h
[2375/2719] Generating ../../JavaScriptCore/DerivedSources/ErrorPrototype.lut.h
[2376/2719] Generating ../../JavaScriptCore/DerivedSources/GeneratorPrototype.lut.h
[2377/2719] Generating ../../JavaScriptCore/DerivedSources/IntlCollatorConstructor.lut.h
[2378/2719] Generating ../../JavaScriptCore/DerivedSources/DatePrototype.lut.h
[2379/2719] Generating ../../JavaScriptCore/DerivedSources/IntlCollatorPrototype.lut.h
[2380/2719] Generating ../../JavaScriptCore/DerivedSources/IntlDateTimeFormatConstructor.lut.h
[2381/2719] Generating ../../JavaScriptCore/DerivedSources/IntlDateTimeFormatPrototype.lut.h
[2382/2719] Generating ../../JavaScriptCore/DerivedSources/IntlDisplayNamesConstructor.lut.h
[2383/2719] Generating ../../JavaScriptCore/DerivedSources/IntlDisplayNamesPrototype.lut.h
[2384/2719] Generating ../../JavaScriptCore/DerivedSources/IntlDurationFormatConstructor.lut.h
[2385/2719] Generating ../../JavaScriptCore/DerivedSources/IntlDurationFormatPrototype.lut.h
[2386/2719] Generating ../../JavaScriptCore/DerivedSources/IntlListFormatConstructor.lut.h
[2387/2719] Generating ../../JavaScriptCore/DerivedSources/IntlListFormatPrototype.lut.h
[2388/2719] Generating ../../JavaScriptCore/DerivedSources/IntlNumberFormatConstructor.lut.h
[2389/2719] Generating ../../JavaScriptCore/DerivedSources/IntlLocalePrototype.lut.h
[2390/2719] Generating ../../JavaScriptCore/DerivedSources/IntlNumberFormatPrototype.lut.h
[2391/2719] Generating ../../JavaScriptCore/DerivedSources/IntlPluralRulesConstructor.lut.h
[2392/2719] Generating ../../JavaScriptCore/DerivedSources/IntlObject.lut.h
[2393/2719] Generating ../../JavaScriptCore/DerivedSources/IntlPluralRulesPrototype.lut.h
[2394/2719] Generating ../../JavaScriptCore/DerivedSources/IntlRelativeTimeFormatConstructor.lut.h
[2395/2719] Generating ../../JavaScriptCore/DerivedSources/IntlRelativeTimeFormatPrototype.lut.h
[2396/2719] Generating ../../JavaScriptCore/DerivedSources/IntlSegmentIteratorPrototype.lut.h
[2397/2719] Generating ../../JavaScriptCore/DerivedSources/IntlSegmenterConstructor.lut.h
[2398/2719] Generating ../../JavaScriptCore/DerivedSources/IntlSegmenterPrototype.lut.h
[2399/2719] Generating ../../JavaScriptCore/DerivedSources/IntlSegmentsPrototype.lut.h
[2400/2719] Generating ../../JavaScriptCore/DerivedSources/JSDataViewPrototype.lut.h
[2401/2719] Generating ../../JavaScriptCore/DerivedSources/JSIterator.lut.h
[2402/2719] Generating ../../JavaScriptCore/DerivedSources/JSIteratorConstructor.lut.h
[2403/2719] Generating ../../JavaScriptCore/DerivedSources/JSIteratorHelperPrototype.lut.h
[2404/2719] Generating ../../JavaScriptCore/DerivedSources/JSGlobalObject.lut.h
[2405/2719] Generating ../../JavaScriptCore/DerivedSources/JSONObject.lut.h
[2406/2719] Generating ../../JavaScriptCore/DerivedSources/JSPromisePrototype.lut.h
[2407/2719] Generating ../../JavaScriptCore/DerivedSources/JSPromiseConstructor.lut.h
[2408/2719] Generating ../../JavaScriptCore/DerivedSources/MapConstructor.lut.h
[2409/2719] Generating ../../JavaScriptCore/DerivedSources/MapPrototype.lut.h
[2410/2719] Generating ../../JavaScriptCore/DerivedSources/NumberConstructor.lut.h
[2411/2719] Generating ../../JavaScriptCore/DerivedSources/NumberPrototype.lut.h
[2412/2719] Generating ../../JavaScriptCore/DerivedSources/ReflectObject.lut.h
[2413/2719] Generating ../../JavaScriptCore/DerivedSources/ObjectConstructor.lut.h
[2414/2719] Generating ../../JavaScriptCore/DerivedSources/RegExpPrototype.lut.h
[2415/2719] Generating ../../JavaScriptCore/DerivedSources/RegExpStringIteratorPrototype.lut.h
[2416/2719] Generating ../../JavaScriptCore/DerivedSources/RegExpConstructor.lut.h
[2417/2719] Generating ../../JavaScriptCore/DerivedSources/ShadowRealmObject.lut.h
[2418/2719] Generating ../../JavaScriptCore/DerivedSources/SetPrototype.lut.h
[2419/2719] Generating ../../JavaScriptCore/DerivedSources/ShadowRealmPrototype.lut.h
[2420/2719] Generating ../../JavaScriptCore/DerivedSources/StringConstructor.lut.h
[2421/2719] Generating ../../JavaScriptCore/DerivedSources/SymbolConstructor.lut.h
[2422/2719] Generating ../../JavaScriptCore/DerivedSources/StringPrototype.lut.h
[2423/2719] Generating ../../JavaScriptCore/DerivedSources/SymbolPrototype.lut.h
[2424/2719] Generating ../../JavaScriptCore/DerivedSources/TemporalDurationConstructor.lut.h
[2425/2719] Generating ../../JavaScriptCore/DerivedSources/TemporalInstantConstructor.lut.h
[2426/2719] Generating ../../JavaScriptCore/DerivedSources/TemporalDurationPrototype.lut.h
[2427/2719] Generating ../../JavaScriptCore/DerivedSources/TemporalNow.lut.h
[2428/2719] Generating ../../JavaScriptCore/DerivedSources/TemporalInstantPrototype.lut.h
[2429/2719] Generating ../../JavaScriptCore/DerivedSources/TemporalPlainDateConstructor.lut.h
[2430/2719] Generating ../../JavaScriptCore/DerivedSources/TemporalObject.lut.h
[2431/2719] Generating ../../JavaScriptCore/DerivedSources/TemporalPlainDateTimeConstructor.lut.h
[2432/2719] Generating ../../JavaScriptCore/DerivedSources/TemporalPlainDatePrototype.lut.h
[2433/2719] Generating ../../JavaScriptCore/DerivedSources/TemporalPlainMonthDayConstructor.lut.h
[2434/2719] Generating ../../JavaScriptCore/DerivedSources/TemporalPlainDateTimePrototype.lut.h
[2435/2719] Generating ../../JavaScriptCore/DerivedSources/TemporalPlainMonthDayPrototype.lut.h
[2436/2719] Generating ../../JavaScriptCore/DerivedSources/TemporalPlainTimeConstructor.lut.h
[2437/2719] Generating ../../JavaScriptCore/DerivedSources/TemporalPlainYearMonthConstructor.lut.h
[2438/2719] Generating ../../JavaScriptCore/DerivedSources/TemporalPlainTimePrototype.lut.h
[2439/2719] Generating ../../JavaScriptCore/DerivedSources/TemporalZonedDateTimeConstructor.lut.h
[2440/2719] Generating ../../JavaScriptCore/DerivedSources/TemporalPlainYearMonthPrototype.lut.h
[2441/2719] Generating ../../JavaScriptCore/DerivedSources/JSWebAssembly.lut.h
[2442/2719] Generating ../../JavaScriptCore/DerivedSources/WebAssemblyArrayConstructor.lut.h
[2443/2719] Generating ../../JavaScriptCore/DerivedSources/TemporalZonedDateTimePrototype.lut.h
[2444/2719] Generating ../../JavaScriptCore/DerivedSources/WebAssemblyArrayPrototype.lut.h
[2445/2719] Generating ../../JavaScriptCore/DerivedSources/WebAssemblyCompileErrorConstructor.lut.h
[2446/2719] Generating ../../JavaScriptCore/DerivedSources/WebAssemblyCompileErrorPrototype.lut.h
[2447/2719] Generating ../../JavaScriptCore/DerivedSources/WebAssemblyExceptionConstructor.lut.h
[2448/2719] Generating ../../JavaScriptCore/DerivedSources/WebAssemblyExceptionPrototype.lut.h
[2449/2719] Generating ../../JavaScriptCore/DerivedSources/WebAssemblyGlobalConstructor.lut.h
[2450/2719] Generating ../../JavaScriptCore/DerivedSources/WebAssemblyGlobalPrototype.lut.h
[2451/2719] Generating ../../JavaScriptCore/DerivedSources/WebAssemblyInstanceConstructor.lut.h
[2452/2719] Generating ../../JavaScriptCore/DerivedSources/WebAssemblyInstancePrototype.lut.h
[2453/2719] Generating ../../JavaScriptCore/DerivedSources/WebAssemblyLinkErrorConstructor.lut.h
[2454/2719] Generating ../../JavaScriptCore/DerivedSources/WebAssemblyLinkErrorPrototype.lut.h
[2455/2719] Generating ../../JavaScriptCore/DerivedSources/WebAssemblyMemoryConstructor.lut.h
[2456/2719] Generating ../../JavaScriptCore/DerivedSources/WebAssemblyMemoryPrototype.lut.h
[2457/2719] Generating ../../JavaScriptCore/DerivedSources/WebAssemblyModuleConstructor.lut.h
[2458/2719] Generating ../../JavaScriptCore/DerivedSources/WebAssemblyModulePrototype.lut.h
[2459/2719] Generating ../../JavaScriptCore/DerivedSources/WebAssemblyRuntimeErrorConstructor.lut.h
[2460/2719] Generating ../../JavaScriptCore/DerivedSources/WebAssemblyRuntimeErrorPrototype.lut.h
[2461/2719] Generating ../../JavaScriptCore/DerivedSources/WebAssemblySuspendErrorConstructor.lut.h
[2462/2719] Generating ../../JavaScriptCore/DerivedSources/WebAssemblySuspendErrorPrototype.lut.h
[2463/2719] Generating ../../JavaScriptCore/DerivedSources/WebAssemblyStructConstructor.lut.h
[2464/2719] Generating ../../JavaScriptCore/DerivedSources/WebAssemblyStructPrototype.lut.h
[2465/2719] Generating ../../JavaScriptCore/DerivedSources/WebAssemblyTableConstructor.lut.h
[2466/2719] Generating ../../JavaScriptCore/DerivedSources/WebAssemblyTablePrototype.lut.h
[2467/2719] Generating ../../JavaScriptCore/DerivedSources/WebAssemblyTagConstructor.lut.h
[2468/2719] Generating ../../JavaScriptCore/DerivedSources/WebAssemblyTagPrototype.lut.h
[2469/2719] Generating ../../JavaScriptCore/DerivedSources/Lexer.lut.h
[2470/2719] Generating ../../JavaScriptCore/DerivedSources/LexerUnicodePropertyTables.h
[2471/2719] Generating ../../JavaScriptCore/DerivedSources/yarr/RegExpJitTables.h
[2472/2719] Generating ../../JavaScriptCore/DerivedSources/KeywordLookup.h
[2473/2719] Generating ../../JavaScriptCore/DerivedSources/yarr/UnicodePatternTables.h
[2474/2719] Generating ../../JavaScriptCore/DerivedSources/yarr/YarrCanonicalizeUnicode.cpp
[2475/2719] Building C object Source/JavaScriptCore/CMakeFiles/JavaScriptCore.dir/disassembler/ARM64/Binja.c.o
[2476/2719] Building C object Source/JavaScriptCore/CMakeFiles/JavaScriptCore.dir/__/__/JavaScriptCore/DerivedSources/unified-sources/UnifiedSource-disassembler-1-c.c.o
[2477/2719] Building CXX object Source/JavaScriptCore/CMakeFiles/JavaScriptCore.dir/cmake_pch.hxx.gch
[2478/2719] Building CXX object Source/JavaScriptCore/CMakeFiles/JavaScriptCore.dir/__/__/JavaScriptCore/DerivedSources/JSCBuiltins.cpp.o
[2479/2719] Building CXX object Source/JavaScriptCore/shell/CMakeFiles/jsc.dir/__/jsc.cpp.o
[2480/2719] Building CXX object Source/JavaScriptCore/CMakeFiles/JavaScriptCore.dir/__/__/JavaScriptCore/DerivedSources/unified-sources/UnifiedSource-root-1.cpp.o
[2481/2719] Building CXX object Source/JavaScriptCore/CMakeFiles/JavaScriptCore.dir/__/__/JavaScriptCore/DerivedSources/unified-sources/UnifiedSource-API-1.cpp.o
[2482/2719] Building CXX object Source/JavaScriptCore/CMakeFiles/JavaScriptCore.dir/__/__/JavaScriptCore/DerivedSources/unified-sources/UnifiedSource-API-2.cpp.o
[2483/2719] Building CXX object Source/JavaScriptCore/CMakeFiles/JavaScriptCore.dir/__/__/JavaScriptCore/DerivedSources/unified-sources/UnifiedSource-API-3.cpp.o
[2484/2719] Building CXX object Source/JavaScriptCore/CMakeFiles/JavaScriptCore.dir/assembler/MacroAssemblerARM64.cpp.o
[2485/2719] Building CXX object Source/JavaScriptCore/CMakeFiles/JavaScriptCore.dir/__/__/JavaScriptCore/DerivedSources/unified-sources/UnifiedSource-assembler-1.cpp.o
[2486/2719] Building CXX object Source/JavaScriptCore/CMakeFiles/JavaScriptCore.dir/assembler/MacroAssemblerRISCV64.cpp.o
[2487/2719] Building CXX object Source/JavaScriptCore/CMakeFiles/JavaScriptCore.dir/assembler/MacroAssemblerX86_64.cpp.o
[2488/2719] Building CXX object Source/JavaScriptCore/CMakeFiles/JavaScriptCore.dir/__/__/JavaScriptCore/DerivedSources/unified-sources/UnifiedSource-assembler-2.cpp.o
[2489/2719] Building CXX object Source/JavaScriptCore/CMakeFiles/JavaScriptCore.dir/__/__/JavaScriptCore/DerivedSources/unified-sources/UnifiedSource-b3-1.cpp.o
[2490/2719] Building CXX object Source/JavaScriptCore/CMakeFiles/JavaScriptCore.dir/__/__/JavaScriptCore/DerivedSources/unified-sources/UnifiedSource-b3-3.cpp.o
[2491/2719] Building CXX object Source/JavaScriptCore/CMakeFiles/JavaScriptCore.dir/__/__/JavaScriptCore/DerivedSources/unified-sources/UnifiedSource-b3-2.cpp.o
[2492/2719] Building CXX object Source/JavaScriptCore/CMakeFiles/JavaScriptCore.dir/__/__/JavaScriptCore/DerivedSources/unified-sources/UnifiedSource-b3-5.cpp.o
[2493/2719] Building CXX object Source/JavaScriptCore/CMakeFiles/JavaScriptCore.dir/__/__/JavaScriptCore/DerivedSources/unified-sources/UnifiedSource-b3-4.cpp.o
[2494/2719] Building CXX object Source/JavaScriptCore/CMakeFiles/JavaScriptCore.dir/__/__/JavaScriptCore/DerivedSources/unified-sources/UnifiedSource-b3-7.cpp.o
[2495/2719] Building CXX object Source/JavaScriptCore/CMakeFiles/JavaScriptCore.dir/__/__/JavaScriptCore/DerivedSources/unified-sources/UnifiedSource-b3-8.cpp.o
[2496/2719] Building CXX object Source/JavaScriptCore/CMakeFiles/JavaScriptCore.dir/__/__/JavaScriptCore/DerivedSources/unified-sources/UnifiedSource-b3-9.cpp.o
[2497/2719] Building CXX object Source/JavaScriptCore/CMakeFiles/JavaScriptCore.dir/__/__/JavaScriptCore/DerivedSources/unified-sources/UnifiedSource-b3-10.cpp.o
[2498/2719] Building CXX object Source/JavaScriptCore/CMakeFiles/JavaScriptCore.dir/__/__/JavaScriptCore/DerivedSources/unified-sources/UnifiedSource-b3-11.cpp.o
[2499/2719] Building CXX object Source/JavaScriptCore/CMakeFiles/JavaScriptCore.dir/__/__/JavaScriptCore/DerivedSources/unified-sources/UnifiedSource-b3-6.cpp.o
[2500/2719] Building CXX object Source/JavaScriptCore/CMakeFiles/JavaScriptCore.dir/__/__/JavaScriptCore/DerivedSources/unified-sources/UnifiedSource-b3-12.cpp.o
[2501/2719] Building CXX object Source/JavaScriptCore/CMakeFiles/JavaScriptCore.dir/__/__/JavaScriptCore/DerivedSources/unified-sources/UnifiedSource-b3-13.cpp.o
[2502/2719] Building CXX object Source/JavaScriptCore/CMakeFiles/JavaScriptCore.dir/__/__/JavaScriptCore/DerivedSources/unified-sources/UnifiedSource-b3-14.cpp.o
[2503/2719] Building CXX object Source/JavaScriptCore/CMakeFiles/JavaScriptCore.dir/__/__/JavaScriptCore/DerivedSources/unified-sources/UnifiedSource-b3-16.cpp.o
[2504/2719] Building CXX object Source/JavaScriptCore/CMakeFiles/JavaScriptCore.dir/__/__/JavaScriptCore/DerivedSources/unified-sources/UnifiedSource-b3-17.cpp.o
[2505/2719] Building CXX object Source/JavaScriptCore/CMakeFiles/JavaScriptCore.dir/__/__/JavaScriptCore/DerivedSources/unified-sources/UnifiedSource-b3-15.cpp.o
[2506/2719] Building CXX object Source/JavaScriptCore/CMakeFiles/JavaScriptCore.dir/__/__/JavaScriptCore/DerivedSources/unified-sources/UnifiedSource-b3-18.cpp.o
[2507/2719] Building CXX object Source/JavaScriptCore/CMakeFiles/JavaScriptCore.dir/__/__/JavaScriptCore/DerivedSources/unified-sources/UnifiedSource-builtins-1.cpp.o
[2508/2719] Building CXX object Source/JavaScriptCore/CMakeFiles/JavaScriptCore.dir/__/__/JavaScriptCore/DerivedSources/unified-sources/UnifiedSource-bytecode-1.cpp.o
[2509/2719] Building CXX object Source/JavaScriptCore/CMakeFiles/JavaScriptCore.dir/__/__/JavaScriptCore/DerivedSources/unified-sources/UnifiedSource-bytecode-2.cpp.o
[2510/2719] Building CXX object Source/JavaScriptCore/CMakeFiles/JavaScriptCore.dir/__/__/JavaScriptCore/DerivedSources/unified-sources/UnifiedSource-bytecode-3.cpp.o
[2511/2719] Building CXX object Source/JavaScriptCore/CMakeFiles/JavaScriptCore.dir/__/__/JavaScriptCore/DerivedSources/unified-sources/UnifiedSource-bytecode-4.cpp.o
[2512/2719] Building CXX object Source/JavaScriptCore/CMakeFiles/JavaScriptCore.dir/__/__/JavaScriptCore/DerivedSources/unified-sources/UnifiedSource-bytecode-5.cpp.o
[2513/2719] Building CXX object Source/JavaScriptCore/CMakeFiles/JavaScriptCore.dir/__/__/JavaScriptCore/DerivedSources/unified-sources/UnifiedSource-bytecode-6.cpp.o
[2514/2719] Building CXX object Source/JavaScriptCore/CMakeFiles/JavaScriptCore.dir/__/__/JavaScriptCore/DerivedSources/unified-sources/UnifiedSource-bytecode-8.cpp.o
[2515/2719] Building CXX object Source/JavaScriptCore/CMakeFiles/JavaScriptCore.dir/__/__/JavaScriptCore/DerivedSources/unified-sources/UnifiedSource-bytecode-9.cpp.o
[2516/2719] Building CXX object Source/JavaScriptCore/CMakeFiles/JavaScriptCore.dir/__/__/JavaScriptCore/DerivedSources/unified-sources/UnifiedSource-bytecode-7.cpp.o
[2517/2719] Building CXX object Source/JavaScriptCore/CMakeFiles/JavaScriptCore.dir/__/__/JavaScriptCore/DerivedSources/unified-sources/UnifiedSource-bytecode-10.cpp.o
[2518/2719] Building CXX object Source/JavaScriptCore/CMakeFiles/JavaScriptCore.dir/__/__/JavaScriptCore/DerivedSources/unified-sources/UnifiedSource-bytecode-12.cpp.o
[2519/2719] Building CXX object Source/JavaScriptCore/CMakeFiles/JavaScriptCore.dir/__/__/JavaScriptCore/DerivedSources/unified-sources/UnifiedSource-bytecode-11.cpp.o
[2520/2719] Building CXX object Source/JavaScriptCore/CMakeFiles/JavaScriptCore.dir/__/__/JavaScriptCore/DerivedSources/unified-sources/UnifiedSource-bytecode-14.cpp.o
[2521/2719] Building CXX object Source/JavaScriptCore/CMakeFiles/JavaScriptCore.dir/__/__/JavaScriptCore/DerivedSources/unified-sources/UnifiedSource-bytecode-13.cpp.o
[2522/2719] Building CXX object Source/JavaScriptCore/CMakeFiles/JavaScriptCore.dir/__/__/JavaScriptCore/DerivedSources/unified-sources/UnifiedSource-debugger-1.cpp.o
[2523/2719] Building CXX object Source/JavaScriptCore/CMakeFiles/JavaScriptCore.dir/__/__/JavaScriptCore/DerivedSources/unified-sources/UnifiedSource-dfg-1.cpp.o
[2524/2719] Building CXX object Source/JavaScriptCore/CMakeFiles/JavaScriptCore.dir/__/__/JavaScriptCore/DerivedSources/unified-sources/UnifiedSource-bytecompiler-1.cpp.o
[2525/2719] Building CXX object Source/JavaScriptCore/CMakeFiles/JavaScriptCore.dir/__/__/JavaScriptCore/DerivedSources/unified-sources/UnifiedSource-dfg-2.cpp.o
[2526/2719] Building CXX object Source/JavaScriptCore/CMakeFiles/JavaScriptCore.dir/__/__/JavaScriptCore/DerivedSources/unified-sources/UnifiedSource-dfg-4.cpp.o
[2527/2719] Building CXX object Source/JavaScriptCore/CMakeFiles/JavaScriptCore.dir/__/__/JavaScriptCore/DerivedSources/unified-sources/UnifiedSource-dfg-3.cpp.o
[2528/2719] Building CXX object Source/JavaScriptCore/CMakeFiles/JavaScriptCore.dir/__/__/JavaScriptCore/DerivedSources/unified-sources/UnifiedSource-dfg-5.cpp.o
[2529/2719] Building CXX object Source/JavaScriptCore/CMakeFiles/JavaScriptCore.dir/__/__/JavaScriptCore/DerivedSources/unified-sources/UnifiedSource-dfg-6.cpp.o
[2530/2719] Building CXX object Source/JavaScriptCore/CMakeFiles/JavaScriptCore.dir/__/__/JavaScriptCore/DerivedSources/unified-sources/UnifiedSource-dfg-8.cpp.o
[2531/2719] Building CXX object Source/JavaScriptCore/CMakeFiles/JavaScriptCore.dir/__/__/JavaScriptCore/DerivedSources/unified-sources/UnifiedSource-dfg-7.cpp.o
[2532/2719] Building CXX object Source/JavaScriptCore/CMakeFiles/JavaScriptCore.dir/__/__/JavaScriptCore/DerivedSources/unified-sources/UnifiedSource-dfg-10.cpp.o
[2533/2719] Building CXX object Source/JavaScriptCore/CMakeFiles/JavaScriptCore.dir/__/__/JavaScriptCore/DerivedSources/unified-sources/UnifiedSource-dfg-9.cpp.o
[2534/2719] Building CXX object Source/JavaScriptCore/CMakeFiles/JavaScriptCore.dir/__/__/JavaScriptCore/DerivedSources/unified-sources/UnifiedSource-dfg-11.cpp.o
[2535/2719] Building CXX object Source/JavaScriptCore/CMakeFiles/JavaScriptCore.dir/__/__/JavaScriptCore/DerivedSources/unified-sources/UnifiedSource-dfg-13.cpp.o
[2536/2719] Building CXX object Source/JavaScriptCore/CMakeFiles/JavaScriptCore.dir/__/__/JavaScriptCore/DerivedSources/unified-sources/UnifiedSource-dfg-12.cpp.o
[2537/2719] Building CXX object Source/JavaScriptCore/CMakeFiles/JavaScriptCore.dir/dfg/DFGSpeculativeJIT64.cpp.o
[2538/2719] Building CXX object Source/JavaScriptCore/CMakeFiles/JavaScriptCore.dir/dfg/DFGSpeculativeJIT.cpp.o
[2539/2719] Building CXX object Source/JavaScriptCore/CMakeFiles/JavaScriptCore.dir/__/__/JavaScriptCore/DerivedSources/unified-sources/UnifiedSource-dfg-14.cpp.o
[2540/2719] Building CXX object Source/JavaScriptCore/CMakeFiles/JavaScriptCore.dir/__/__/JavaScriptCore/DerivedSources/unified-sources/UnifiedSource-dfg-15.cpp.o
[2541/2719] Building CXX object Source/JavaScriptCore/CMakeFiles/JavaScriptCore.dir/__/__/JavaScriptCore/DerivedSources/unified-sources/UnifiedSource-dfg-16.cpp.o
[2542/2719] Building CXX object Source/JavaScriptCore/CMakeFiles/JavaScriptCore.dir/__/__/JavaScriptCore/DerivedSources/unified-sources/UnifiedSource-dfg-17.cpp.o
[2543/2719] Building CXX object Source/JavaScriptCore/CMakeFiles/JavaScriptCore.dir/disassembler/RISCV64Disassembler.cpp.o
[2544/2719] Building CXX object Source/JavaScriptCore/CMakeFiles/JavaScriptCore.dir/__/__/JavaScriptCore/DerivedSources/unified-sources/UnifiedSource-disassembler-1.cpp.o
[2545/2719] Building CXX object Source/JavaScriptCore/CMakeFiles/JavaScriptCore.dir/__/__/JavaScriptCore/DerivedSources/unified-sources/UnifiedSource-domjit-1.cpp.o
[2546/2719] Building CXX object Source/JavaScriptCore/CMakeFiles/JavaScriptCore.dir/__/__/JavaScriptCore/DerivedSources/unified-sources/UnifiedSource-ftl-1.cpp.o
[2547/2719] Building CXX object Source/JavaScriptCore/CMakeFiles/JavaScriptCore.dir/__/__/JavaScriptCore/DerivedSources/unified-sources/UnifiedSource-ftl-2.cpp.o
[2548/2719] Building CXX object Source/JavaScriptCore/CMakeFiles/JavaScriptCore.dir/__/__/JavaScriptCore/DerivedSources/unified-sources/UnifiedSource-ftl-3.cpp.o
[2549/2719] Building CXX object Source/JavaScriptCore/CMakeFiles/JavaScriptCore.dir/__/__/JavaScriptCore/DerivedSources/unified-sources/UnifiedSource-ftl-4.cpp.o
[2550/2719] Building CXX object Source/JavaScriptCore/CMakeFiles/JavaScriptCore.dir/__/__/JavaScriptCore/DerivedSources/unified-sources/UnifiedSource-heap-1.cpp.o
[2551/2719] Building CXX object Source/JavaScriptCore/CMakeFiles/JavaScriptCore.dir/__/__/JavaScriptCore/DerivedSources/unified-sources/UnifiedSource-heap-2.cpp.o
[2552/2719] Building CXX object Source/JavaScriptCore/CMakeFiles/JavaScriptCore.dir/__/__/JavaScriptCore/DerivedSources/unified-sources/UnifiedSource-heap-3.cpp.o
[2553/2719] Building CXX object Source/JavaScriptCore/CMakeFiles/JavaScriptCore.dir/__/__/JavaScriptCore/DerivedSources/unified-sources/UnifiedSource-heap-4.cpp.o
[2554/2719] Building CXX object Source/JavaScriptCore/CMakeFiles/JavaScriptCore.dir/__/__/JavaScriptCore/DerivedSources/unified-sources/UnifiedSource-heap-5.cpp.o
[2555/2719] Building CXX object Source/JavaScriptCore/CMakeFiles/JavaScriptCore.dir/ftl/FTLLowerDFGToB3.cpp.o
[2556/2719] Building CXX object Source/JavaScriptCore/CMakeFiles/JavaScriptCore.dir/__/__/JavaScriptCore/DerivedSources/unified-sources/UnifiedSource-heap-6.cpp.o
[2557/2719] Building CXX object Source/JavaScriptCore/CMakeFiles/JavaScriptCore.dir/__/__/JavaScriptCore/DerivedSources/unified-sources/UnifiedSource-heap-7.cpp.o
[2558/2719] Building CXX object Source/JavaScriptCore/CMakeFiles/JavaScriptCore.dir/__/__/JavaScriptCore/DerivedSources/unified-sources/UnifiedSource-heap-9.cpp.o
[2559/2719] Building CXX object Source/JavaScriptCore/CMakeFiles/JavaScriptCore.dir/__/__/JavaScriptCore/DerivedSources/unified-sources/UnifiedSource-heap-8.cpp.o
[2560/2719] Building CXX object Source/JavaScriptCore/CMakeFiles/JavaScriptCore.dir/__/__/JavaScriptCore/DerivedSources/unified-sources/UnifiedSource-inspector-1.cpp.o
[2561/2719] Building CXX object Source/JavaScriptCore/CMakeFiles/JavaScriptCore.dir/__/__/JavaScriptCore/DerivedSources/unified-sources/UnifiedSource-inspector-2.cpp.o
[2562/2719] Building CXX object Source/JavaScriptCore/CMakeFiles/JavaScriptCore.dir/__/__/JavaScriptCore/DerivedSources/unified-sources/UnifiedSource-inspector-3.cpp.o
[2563/2719] Building CXX object Source/JavaScriptCore/CMakeFiles/JavaScriptCore.dir/__/__/JavaScriptCore/DerivedSources/unified-sources/UnifiedSource-inspector-4.cpp.o
[2564/2719] Building CXX object Source/JavaScriptCore/CMakeFiles/JavaScriptCore.dir/__/__/JavaScriptCore/DerivedSources/unified-sources/UnifiedSource-inspector-6.cpp.o
[2565/2719] Building CXX object Source/JavaScriptCore/CMakeFiles/JavaScriptCore.dir/__/__/JavaScriptCore/DerivedSources/unified-sources/UnifiedSource-inspector-5.cpp.o
[2566/2719] Building CXX object Source/JavaScriptCore/CMakeFiles/JavaScriptCore.dir/__/__/JavaScriptCore/DerivedSources/unified-sources/UnifiedSource-interpreter-1.cpp.o
[2567/2719] Building CXX object Source/JavaScriptCore/CMakeFiles/JavaScriptCore.dir/__/__/JavaScriptCore/DerivedSources/unified-sources/UnifiedSource-jit-1.cpp.o
[2568/2719] Building CXX object Source/JavaScriptCore/CMakeFiles/JavaScriptCore.dir/__/__/JavaScriptCore/DerivedSources/unified-sources/UnifiedSource-jit-2.cpp.o
[2569/2719] Building CXX object Source/JavaScriptCore/CMakeFiles/JavaScriptCore.dir/__/__/JavaScriptCore/DerivedSources/unified-sources/UnifiedSource-jit-3.cpp.o
[2570/2719] Building CXX object Source/JavaScriptCore/CMakeFiles/JavaScriptCore.dir/__/__/JavaScriptCore/DerivedSources/unified-sources/UnifiedSource-jit-4.cpp.o
[2571/2719] Building CXX object Source/JavaScriptCore/CMakeFiles/JavaScriptCore.dir/__/__/JavaScriptCore/DerivedSources/unified-sources/UnifiedSource-jit-6.cpp.o
[2572/2719] Building CXX object Source/JavaScriptCore/CMakeFiles/JavaScriptCore.dir/__/__/JavaScriptCore/DerivedSources/unified-sources/UnifiedSource-jit-7.cpp.o
[2573/2719] Building CXX object Source/JavaScriptCore/CMakeFiles/JavaScriptCore.dir/__/__/JavaScriptCore/DerivedSources/unified-sources/UnifiedSource-jit-8.cpp.o
[2574/2719] Building CXX object Source/JavaScriptCore/CMakeFiles/JavaScriptCore.dir/__/__/JavaScriptCore/DerivedSources/unified-sources/UnifiedSource-jit-5.cpp.o
[2575/2719] Building CXX object Source/JavaScriptCore/CMakeFiles/JavaScriptCore.dir/__/__/JavaScriptCore/DerivedSources/unified-sources/UnifiedSource-llint-1.cpp.o
[2576/2719] Building CXX object Source/JavaScriptCore/CMakeFiles/JavaScriptCore.dir/__/__/JavaScriptCore/DerivedSources/unified-sources/UnifiedSource-lol-1.cpp.o
[2577/2719] Building CXX object Source/JavaScriptCore/CMakeFiles/JavaScriptCore.dir/parser/Parser.cpp.o
[2578/2719] Building CXX object Source/JavaScriptCore/CMakeFiles/JavaScriptCore.dir/__/__/JavaScriptCore/DerivedSources/unified-sources/UnifiedSource-parser-1.cpp.o
[2579/2719] Building CXX object Source/JavaScriptCore/CMakeFiles/JavaScriptCore.dir/__/__/JavaScriptCore/DerivedSources/unified-sources/UnifiedSource-parser-2.cpp.o
[2580/2719] Building CXX object Source/JavaScriptCore/CMakeFiles/JavaScriptCore.dir/__/__/JavaScriptCore/DerivedSources/unified-sources/UnifiedSource-profiler-1.cpp.o
[2581/2719] Building CXX object Source/JavaScriptCore/CMakeFiles/JavaScriptCore.dir/__/__/JavaScriptCore/DerivedSources/unified-sources/UnifiedSource-profiler-2.cpp.o
[2582/2719] Building CXX object Source/JavaScriptCore/CMakeFiles/JavaScriptCore.dir/__/__/JavaScriptCore/DerivedSources/unified-sources/UnifiedSource-runtime-1.cpp.o
[2583/2719] Building CXX object Source/JavaScriptCore/CMakeFiles/JavaScriptCore.dir/__/__/JavaScriptCore/DerivedSources/unified-sources/UnifiedSource-runtime-3.cpp.o
[2584/2719] Building CXX object Source/JavaScriptCore/CMakeFiles/JavaScriptCore.dir/__/__/JavaScriptCore/DerivedSources/unified-sources/UnifiedSource-runtime-2.cpp.o
[2585/2719] Building CXX object Source/JavaScriptCore/CMakeFiles/JavaScriptCore.dir/__/__/JavaScriptCore/DerivedSources/unified-sources/UnifiedSource-runtime-4.cpp.o
[2586/2719] Building CXX object Source/JavaScriptCore/CMakeFiles/JavaScriptCore.dir/__/__/JavaScriptCore/DerivedSources/unified-sources/UnifiedSource-runtime-5.cpp.o
[2587/2719] Building CXX object Source/JavaScriptCore/CMakeFiles/JavaScriptCore.dir/__/__/JavaScriptCore/DerivedSources/unified-sources/UnifiedSource-runtime-7.cpp.o
[2588/2719] Building CXX object Source/JavaScriptCore/CMakeFiles/JavaScriptCore.dir/__/__/JavaScriptCore/DerivedSources/unified-sources/UnifiedSource-runtime-8.cpp.o
[2589/2719] Building CXX object Source/JavaScriptCore/CMakeFiles/JavaScriptCore.dir/__/__/JavaScriptCore/DerivedSources/unified-sources/UnifiedSource-runtime-6.cpp.o
[2590/2719] Building CXX object Source/JavaScriptCore/CMakeFiles/JavaScriptCore.dir/__/__/JavaScriptCore/DerivedSources/unified-sources/UnifiedSource-runtime-10.cpp.o
[2591/2719] Building CXX object Source/JavaScriptCore/CMakeFiles/JavaScriptCore.dir/__/__/JavaScriptCore/DerivedSources/unified-sources/UnifiedSource-runtime-9.cpp.o
[2592/2719] Building CXX object Source/JavaScriptCore/CMakeFiles/JavaScriptCore.dir/__/__/JavaScriptCore/DerivedSources/unified-sources/UnifiedSource-runtime-11.cpp.o
[2593/2719] Building CXX object Source/JavaScriptCore/CMakeFiles/JavaScriptCore.dir/__/__/JavaScriptCore/DerivedSources/unified-sources/UnifiedSource-runtime-12.cpp.o
[2594/2719] Building CXX object Source/JavaScriptCore/CMakeFiles/JavaScriptCore.dir/__/__/JavaScriptCore/DerivedSources/unified-sources/UnifiedSource-runtime-13.cpp.o
[2595/2719] Building CXX object Source/JavaScriptCore/CMakeFiles/JavaScriptCore.dir/runtime/IntlDateTimeFormat.cpp.o
[2596/2719] Building CXX object Source/JavaScriptCore/CMakeFiles/JavaScriptCore.dir/__/__/JavaScriptCore/DerivedSources/unified-sources/UnifiedSource-runtime-14.cpp.o
[2597/2719] Building CXX object Source/JavaScriptCore/CMakeFiles/JavaScriptCore.dir/__/__/JavaScriptCore/DerivedSources/unified-sources/UnifiedSource-runtime-15.cpp.o
[2598/2719] Building CXX object Source/JavaScriptCore/CMakeFiles/JavaScriptCore.dir/runtime/IntlDurationFormat.cpp.o
[2599/2719] Building CXX object Source/JavaScriptCore/CMakeFiles/JavaScriptCore.dir/runtime/IntlListFormat.cpp.o
[2600/2719] Building CXX object Source/JavaScriptCore/CMakeFiles/JavaScriptCore.dir/__/__/JavaScriptCore/DerivedSources/unified-sources/UnifiedSource-runtime-16.cpp.o
[2601/2719] Building CXX object Source/JavaScriptCore/CMakeFiles/JavaScriptCore.dir/runtime/IntlNumberFormat.cpp.o
[2602/2719] Building CXX object Source/JavaScriptCore/CMakeFiles/JavaScriptCore.dir/runtime/IntlPluralRules.cpp.o
[2603/2719] Building CXX object Source/JavaScriptCore/CMakeFiles/JavaScriptCore.dir/__/__/JavaScriptCore/DerivedSources/unified-sources/UnifiedSource-runtime-18.cpp.o
[2604/2719] Building CXX object Source/JavaScriptCore/CMakeFiles/JavaScriptCore.dir/runtime/IntlWorkaround.cpp.o
[2605/2719] Building CXX object Source/JavaScriptCore/CMakeFiles/JavaScriptCore.dir/__/__/JavaScriptCore/DerivedSources/unified-sources/UnifiedSource-runtime-17.cpp.o
[2606/2719] Building CXX object Source/JavaScriptCore/CMakeFiles/JavaScriptCore.dir/__/__/JavaScriptCore/DerivedSources/unified-sources/UnifiedSource-runtime-20.cpp.o
[2607/2719] Building CXX object Source/JavaScriptCore/CMakeFiles/JavaScriptCore.dir/__/__/JavaScriptCore/DerivedSources/unified-sources/UnifiedSource-runtime-19.cpp.o
[2608/2719] Building CXX object Source/JavaScriptCore/CMakeFiles/JavaScriptCore.dir/runtime/JSDateMath.cpp.o
[2609/2719] Building CXX object Source/JavaScriptCore/CMakeFiles/JavaScriptCore.dir/__/__/JavaScriptCore/DerivedSources/unified-sources/UnifiedSource-runtime-21.cpp.o
[2610/2719] Building CXX object Source/JavaScriptCore/CMakeFiles/JavaScriptCore.dir/__/__/JavaScriptCore/DerivedSources/unified-sources/UnifiedSource-runtime-22.cpp.o
[2611/2719] Building CXX object Source/JavaScriptCore/CMakeFiles/JavaScriptCore.dir/__/__/JavaScriptCore/DerivedSources/unified-sources/UnifiedSource-runtime-24.cpp.o
[2612/2719] Building CXX object Source/JavaScriptCore/CMakeFiles/JavaScriptCore.dir/__/__/JavaScriptCore/DerivedSources/unified-sources/UnifiedSource-runtime-25.cpp.o
[2613/2719] Building CXX object Source/JavaScriptCore/CMakeFiles/JavaScriptCore.dir/__/__/JavaScriptCore/DerivedSources/unified-sources/UnifiedSource-runtime-23.cpp.o
[2614/2719] Building CXX object Source/JavaScriptCore/CMakeFiles/JavaScriptCore.dir/__/__/JavaScriptCore/DerivedSources/unified-sources/UnifiedSource-runtime-27.cpp.o
[2615/2719] Building CXX object Source/JavaScriptCore/CMakeFiles/JavaScriptCore.dir/__/__/JavaScriptCore/DerivedSources/unified-sources/UnifiedSource-runtime-28.cpp.o
[2616/2719] Building CXX object Source/JavaScriptCore/CMakeFiles/JavaScriptCore.dir/__/__/JavaScriptCore/DerivedSources/unified-sources/UnifiedSource-runtime-29.cpp.o
[2617/2719] Building CXX object Source/JavaScriptCore/CMakeFiles/JavaScriptCore.dir/__/__/JavaScriptCore/DerivedSources/unified-sources/UnifiedSource-runtime-26.cpp.o
[2618/2719] Building CXX object Source/JavaScriptCore/CMakeFiles/JavaScriptCore.dir/runtime/JSTypedArrayViewPrototypeFunctions1.cpp.o
[2619/2719] Building CXX object Source/JavaScriptCore/CMakeFiles/JavaScriptCore.dir/runtime/JSTypedArrayViewPrototypeFunctions2.cpp.o
[2620/2719] Building CXX object Source/JavaScriptCore/CMakeFiles/JavaScriptCore.dir/runtime/JSTypedArrayViewPrototypeFunctions3.cpp.o
[2621/2719] Building CXX object Source/JavaScriptCore/CMakeFiles/JavaScriptCore.dir/runtime/JSTypedArrayViewPrototypeFunctions4.cpp.o
[2622/2719] Building CXX object Source/JavaScriptCore/CMakeFiles/JavaScriptCore.dir/__/__/JavaScriptCore/DerivedSources/unified-sources/UnifiedSource-runtime-30.cpp.o
[2623/2719] Building CXX object Source/JavaScriptCore/CMakeFiles/JavaScriptCore.dir/__/__/JavaScriptCore/DerivedSources/unified-sources/UnifiedSource-runtime-32.cpp.o
[2624/2719] Building CXX object Source/JavaScriptCore/CMakeFiles/JavaScriptCore.dir/__/__/JavaScriptCore/DerivedSources/unified-sources/UnifiedSource-runtime-33.cpp.o
[2625/2719] Building CXX object Source/JavaScriptCore/CMakeFiles/JavaScriptCore.dir/__/__/JavaScriptCore/DerivedSources/unified-sources/UnifiedSource-runtime-34.cpp.o
[2626/2719] Building CXX object Source/JavaScriptCore/CMakeFiles/JavaScriptCore.dir/__/__/JavaScriptCore/DerivedSources/unified-sources/UnifiedSource-runtime-35.cpp.o
[2627/2719] Building CXX object Source/JavaScriptCore/CMakeFiles/JavaScriptCore.dir/__/__/JavaScriptCore/DerivedSources/unified-sources/UnifiedSource-runtime-36.cpp.o
[2628/2719] Building CXX object Source/JavaScriptCore/CMakeFiles/JavaScriptCore.dir/__/__/JavaScriptCore/DerivedSources/unified-sources/UnifiedSource-runtime-37.cpp.o
[2629/2719] Building CXX object Source/JavaScriptCore/CMakeFiles/JavaScriptCore.dir/__/__/JavaScriptCore/DerivedSources/unified-sources/UnifiedSource-runtime-31.cpp.o
[2630/2719] Building CXX object Source/JavaScriptCore/CMakeFiles/JavaScriptCore.dir/__/__/JavaScriptCore/DerivedSources/unified-sources/UnifiedSource-runtime-38.cpp.o
[2631/2719] Building CXX object Source/JavaScriptCore/CMakeFiles/JavaScriptCore.dir/__/__/JavaScriptCore/DerivedSources/unified-sources/UnifiedSource-runtime-39.cpp.o
[2632/2719] Building CXX object Source/JavaScriptCore/CMakeFiles/JavaScriptCore.dir/__/__/JavaScriptCore/DerivedSources/unified-sources/UnifiedSource-runtime-41.cpp.o
[2633/2719] Building CXX object Source/JavaScriptCore/CMakeFiles/JavaScriptCore.dir/__/__/JavaScriptCore/DerivedSources/unified-sources/UnifiedSource-runtime-40.cpp.o
[2634/2719] Building CXX object Source/JavaScriptCore/CMakeFiles/JavaScriptCore.dir/__/__/JavaScriptCore/DerivedSources/unified-sources/UnifiedSource-runtime-43.cpp.o
[2635/2719] Building CXX object Source/JavaScriptCore/CMakeFiles/JavaScriptCore.dir/__/__/JavaScriptCore/DerivedSources/unified-sources/UnifiedSource-runtime-44.cpp.o
[2636/2719] Building CXX object Source/JavaScriptCore/CMakeFiles/JavaScriptCore.dir/__/__/JavaScriptCore/DerivedSources/unified-sources/UnifiedSource-runtime-42.cpp.o
[2637/2719] Building CXX object Source/JavaScriptCore/CMakeFiles/JavaScriptCore.dir/__/__/JavaScriptCore/DerivedSources/unified-sources/UnifiedSource-runtime-45.cpp.o
[2638/2719] Building CXX object Source/JavaScriptCore/CMakeFiles/JavaScriptCore.dir/__/__/JavaScriptCore/DerivedSources/unified-sources/UnifiedSource-runtime-46.cpp.o
[2639/2719] Building CXX object Source/JavaScriptCore/CMakeFiles/JavaScriptCore.dir/__/__/JavaScriptCore/DerivedSources/unified-sources/UnifiedSource-runtime-47.cpp.o
[2640/2719] Building CXX object Source/JavaScriptCore/CMakeFiles/JavaScriptCore.dir/__/__/JavaScriptCore/DerivedSources/unified-sources/UnifiedSource-runtime-49.cpp.o
[2641/2719] Building CXX object Source/JavaScriptCore/CMakeFiles/JavaScriptCore.dir/__/__/JavaScriptCore/DerivedSources/unified-sources/UnifiedSource-runtime-48.cpp.o
[2642/2719] Building CXX object Source/JavaScriptCore/CMakeFiles/JavaScriptCore.dir/__/__/JavaScriptCore/DerivedSources/unified-sources/UnifiedSource-runtime-50.cpp.o
[2643/2719] Building CXX object Source/JavaScriptCore/CMakeFiles/JavaScriptCore.dir/__/__/JavaScriptCore/DerivedSources/unified-sources/UnifiedSource-runtime-52.cpp.o
[2644/2719] Building CXX object Source/JavaScriptCore/CMakeFiles/JavaScriptCore.dir/__/__/JavaScriptCore/DerivedSources/unified-sources/UnifiedSource-runtime-51.cpp.o
[2645/2719] Building CXX object Source/JavaScriptCore/CMakeFiles/JavaScriptCore.dir/__/__/JavaScriptCore/DerivedSources/unified-sources/UnifiedSource-tools-2.cpp.o
[2646/2719] Building CXX object Source/JavaScriptCore/CMakeFiles/JavaScriptCore.dir/__/__/JavaScriptCore/DerivedSources/unified-sources/UnifiedSource-tools-1.cpp.o
[2647/2719] Building CXX object Source/JavaScriptCore/CMakeFiles/JavaScriptCore.dir/wasm/WasmBBQJIT.cpp.o
[2648/2719] Building CXX object Source/JavaScriptCore/CMakeFiles/JavaScriptCore.dir/wasm/WasmBBQJIT64.cpp.o
[2649/2719] Building CXX object Source/JavaScriptCore/CMakeFiles/JavaScriptCore.dir/__/__/JavaScriptCore/DerivedSources/unified-sources/UnifiedSource-wasm-1.cpp.o
[2650/2719] Building CXX object Source/JavaScriptCore/CMakeFiles/JavaScriptCore.dir/__/__/JavaScriptCore/DerivedSources/unified-sources/UnifiedSource-wasm-2.cpp.o
[2651/2719] Building CXX object Source/JavaScriptCore/CMakeFiles/JavaScriptCore.dir/wasm/WasmIPIntSlowPaths.cpp.o
[2652/2719] Building CXX object Source/JavaScriptCore/CMakeFiles/JavaScriptCore.dir/__/__/JavaScriptCore/DerivedSources/unified-sources/UnifiedSource-wasm-3.cpp.o
[2653/2719] Building CXX object Source/JavaScriptCore/CMakeFiles/JavaScriptCore.dir/__/__/JavaScriptCore/DerivedSources/unified-sources/UnifiedSource-wasm-4.cpp.o
[2654/2719] Building CXX object Source/JavaScriptCore/CMakeFiles/JavaScriptCore.dir/__/__/JavaScriptCore/DerivedSources/unified-sources/UnifiedSource-wasm-5.cpp.o
[2655/2719] Building CXX object Source/JavaScriptCore/CMakeFiles/JavaScriptCore.dir/__/__/JavaScriptCore/DerivedSources/unified-sources/UnifiedSource-wasm-6.cpp.o
[2656/2719] Building CXX object Source/JavaScriptCore/CMakeFiles/JavaScriptCore.dir/__/__/JavaScriptCore/DerivedSources/unified-sources/UnifiedSource-wasm-7.cpp.o
[2657/2719] Building CXX object Source/JavaScriptCore/CMakeFiles/JavaScriptCore.dir/wasm/js/JSWebAssemblyArray.cpp.o
[2658/2719] Building CXX object Source/JavaScriptCore/CMakeFiles/JavaScriptCore.dir/__/__/JavaScriptCore/DerivedSources/unified-sources/UnifiedSource-wasm-8.cpp.o
[2659/2719] Building CXX object Source/JavaScriptCore/CMakeFiles/JavaScriptCore.dir/__/__/JavaScriptCore/DerivedSources/unified-sources/UnifiedSource-wasm-9.cpp.o
[2660/2719] Building CXX object Source/JavaScriptCore/CMakeFiles/JavaScriptCore.dir/__/__/JavaScriptCore/DerivedSources/unified-sources/UnifiedSource-wasm-10.cpp.o
[2661/2719] Building CXX object Source/JavaScriptCore/CMakeFiles/JavaScriptCore.dir/__/__/JavaScriptCore/DerivedSources/unified-sources/UnifiedSource-wasm-11.cpp.o
[2662/2719] Building CXX object Source/JavaScriptCore/CMakeFiles/JavaScriptCore.dir/__/__/JavaScriptCore/DerivedSources/unified-sources/UnifiedSource-wasm-12.cpp.o
[2663/2719] Building CXX object Source/JavaScriptCore/CMakeFiles/JavaScriptCore.dir/__/__/JavaScriptCore/DerivedSources/unified-sources/UnifiedSource-wasm-13.cpp.o
[2664/2719] Building CXX object Source/JavaScriptCore/CMakeFiles/JavaScriptCore.dir/__/__/JavaScriptCore/DerivedSources/unified-sources/UnifiedSource-wasm-14.cpp.o
[2665/2719] Building CXX object Source/JavaScriptCore/CMakeFiles/JavaScriptCore.dir/__/__/JavaScriptCore/DerivedSources/unified-sources/UnifiedSource-wasm-15.cpp.o
[2666/2719] Building CXX object Source/JavaScriptCore/CMakeFiles/JavaScriptCore.dir/__/__/JavaScriptCore/DerivedSources/unified-sources/UnifiedSource-yarr-1.cpp.o
[2667/2719] Building CXX object Source/JavaScriptCore/CMakeFiles/JavaScriptCore.dir/__/__/JavaScriptCore/DerivedSources/unified-sources/UnifiedSource-yarr-2.cpp.o
[2668/2719] Linking CXX shared library lib/libJavaScriptCore.so.1.0.0
[2669/2719] Creating library symlink lib/libJavaScriptCore.so.1 lib/libJavaScriptCore.so
[2670/2719] Linking CXX executable bin/jsc
[2671/2719] Building C object Source/JavaScriptCore/shell/CMakeFiles/testapi.dir/__/API/tests/CustomGlobalObjectClassTest.c.o
[2672/2719] Building C object Source/JavaScriptCore/shell/CMakeFiles/testapi.dir/__/API/tests/testapi.c.o
[2673/2719] Building CXX object Source/JavaScriptCore/shell/CMakeFiles/testapi.dir/cmake_pch.hxx.gch
[2674/2719] Building CXX object Source/JavaScriptCore/shell/CMakeFiles/testmasm.dir/__/assembler/testmasm.cpp.o
[2675/2719] Building CXX object Source/JavaScriptCore/shell/CMakeFiles/testapi.dir/__/API/tests/CompareAndSwapTest.cpp.o
[2676/2719] Building CXX object Source/JavaScriptCore/shell/CMakeFiles/testapi.dir/__/API/tests/ExecutionTimeLimitTest.cpp.o
[2677/2719] Building CXX object Source/JavaScriptCore/shell/CMakeFiles/testapi.dir/__/API/tests/FunctionOverridesTest.cpp.o
[2678/2719] Building CXX object Source/JavaScriptCore/shell/CMakeFiles/testapi.dir/__/API/tests/FunctionToStringTests.cpp.o
[2679/2719] Building CXX object Source/JavaScriptCore/shell/CMakeFiles/testapi.dir/__/API/tests/GlobalContextWithFinalizerTest.cpp.o
[2680/2719] Building CXX object Source/JavaScriptCore/shell/CMakeFiles/testapi.dir/__/API/tests/JSONParseTest.cpp.o
[2681/2719] Building CXX object Source/JavaScriptCore/shell/CMakeFiles/testapi.dir/__/API/tests/JSObjectGetProxyTargetTest.cpp.o
[2682/2719] Building CXX object Source/JavaScriptCore/shell/CMakeFiles/testapi.dir/__/API/tests/MultithreadedMultiVMExecutionTest.cpp.o
[2683/2719] Building CXX object Source/JavaScriptCore/shell/CMakeFiles/testapi.dir/__/API/tests/PingPongStackOverflowTest.cpp.o
[2684/2719] Building CXX object Source/JavaScriptCore/shell/CMakeFiles/testapi.dir/__/API/tests/TypedArrayCTest.cpp.o
[2685/2719] Building CXX object Source/JavaScriptCore/shell/CMakeFiles/testapi.dir/__/API/tests/TemporalCoreTest.cpp.o
[2686/2719] Building CXX object Source/JavaScriptCore/shell/CMakeFiles/testapi.dir/__/API/tests/VMManagerStopTheWorldTest.cpp.o
[2687/2719] Linking CXX executable bin/testmasm
[2688/2719] Building CXX object Source/JavaScriptCore/shell/CMakeFiles/testapi.dir/__/API/tests/testapi.cpp.o
[2689/2719] Linking CXX executable bin/testapi
[2690/2719] Building CXX object Source/JavaScriptCore/shell/CMakeFiles/testair.dir/__/b3/air/testair.cpp.o
[2691/2719] Linking CXX executable bin/testair
[2692/2719] Building CXX object Source/JavaScriptCore/shell/CMakeFiles/testb3.dir/cmake_pch.hxx.gch
[2693/2719] Building CXX object Source/JavaScriptCore/shell/CMakeFiles/testdfg.dir/__/dfg/testdfg.cpp.o
[2694/2719] Building CXX object Source/JavaScriptCore/shell/CMakeFiles/testb3.dir/__/b3/testb3_2.cpp.o
[2695/2719] Building CXX object Source/JavaScriptCore/shell/CMakeFiles/testb3.dir/__/b3/testb3_1.cpp.o
[2696/2719] Building CXX object Source/JavaScriptCore/shell/CMakeFiles/testb3.dir/__/b3/testb3_3.cpp.o
[2697/2719] Building CXX object Source/JavaScriptCore/shell/CMakeFiles/testb3.dir/__/b3/testb3_4.cpp.o
[2698/2719] Building CXX object Source/JavaScriptCore/shell/CMakeFiles/testb3.dir/__/b3/testb3_5.cpp.o
[2699/2719] Building CXX object Source/JavaScriptCore/shell/CMakeFiles/testb3.dir/__/b3/testb3_6.cpp.o
[2700/2719] Building CXX object Source/JavaScriptCore/shell/CMakeFiles/testb3.dir/__/b3/testb3_7.cpp.o
[2701/2719] Linking CXX executable bin/testdfg
[2702/2719] Building CXX object Source/JavaScriptCore/shell/CMakeFiles/testb3.dir/__/b3/testb3_8.cpp.o
[2703/2719] Linking CXX executable bin/testb3
[2704/2719] Building CXX object Source/JavaScriptCore/shell/CMakeFiles/testwasmdebugger.dir/cmake_pch.hxx.gch
[2705/2719] Building CXX object Source/JavaScriptCore/shell/CMakeFiles/testwasmdebugger.dir/__/wasm/debugger/tests/BinaryTests.cpp.o
[2706/2719] Building CXX object Source/JavaScriptCore/shell/CMakeFiles/testwasmdebugger.dir/__/wasm/debugger/testwasmdebugger.cpp.o
[2707/2719] Building CXX object Source/JavaScriptCore/shell/CMakeFiles/testwasmdebugger.dir/__/wasm/debugger/tests/ControlFlowTests.cpp.o
[2708/2719] Building CXX object Source/JavaScriptCore/shell/CMakeFiles/testwasmdebugger.dir/__/wasm/debugger/tests/ExecutionHandlerIdleStopTest.cpp.o
[2709/2719] Building CXX object Source/JavaScriptCore/shell/CMakeFiles/testwasmdebugger.dir/__/wasm/debugger/tests/ExecutionHandlerTestSupport.cpp.o
[2710/2719] Building CXX object Source/JavaScriptCore/shell/CMakeFiles/testwasmdebugger.dir/__/wasm/debugger/tests/ExecutionHandlerTest.cpp.o
[2711/2719] Building CXX object Source/JavaScriptCore/shell/CMakeFiles/testwasmdebugger.dir/__/wasm/debugger/tests/ExtGCTests.cpp.o
[2712/2719] Building CXX object Source/JavaScriptCore/shell/CMakeFiles/testwasmdebugger.dir/__/wasm/debugger/tests/ExecutionHandlerVMLifecycleTest.cpp.o
[2713/2719] Building CXX object Source/JavaScriptCore/shell/CMakeFiles/testwasmdebugger.dir/__/wasm/debugger/tests/GDBPacketParserTest.cpp.o
[2714/2719] Building CXX object Source/JavaScriptCore/shell/CMakeFiles/testwasmdebugger.dir/__/wasm/debugger/tests/MemoryTests.cpp.o
[2715/2719] Building CXX object Source/JavaScriptCore/shell/CMakeFiles/testwasmdebugger.dir/__/wasm/debugger/tests/SpecialTests.cpp.o
[2716/2719] Building CXX object Source/JavaScriptCore/shell/CMakeFiles/testwasmdebugger.dir/__/wasm/debugger/tests/TestScripts.cpp.o
[2717/2719] Building CXX object Source/JavaScriptCore/shell/CMakeFiles/testwasmdebugger.dir/__/wasm/debugger/tests/TestUtilities.cpp.o
[2718/2719] Building CXX object Source/JavaScriptCore/shell/CMakeFiles/testwasmdebugger.dir/__/wasm/debugger/tests/UnaryTests.cpp.o
[2719/2719] Linking CXX executable bin/testwasmdebugger

====================================================================
 JavaScriptCore is now built (29m:44s). 
====================================================================
