engine,test,iteration,n,elapsed_ms,elapsed_ns,per_call_ns,outer_wall_ns,checksum,stdout,stderr,exit_code,valid,script_sha256
quickjs,3d-cube,,1,31,31000000,31000000.0,43677100,320,"IM_EXEC:{""test"":""3d-cube"",""n"":1,""elapsed_ms"":31,""checksum"":""320""}",,0,True,e2d425c5a962d299b076158501a3f3847a360b528c34e451bbde5ede86e053f6
v8_ignition,3d-cube,,1,21,21000000,21000000.0,60192800,320,"IM_EXEC:{""test"":""3d-cube"",""n"":1,""elapsed_ms"":21,""checksum"":""320""}",,0,True,e2d425c5a962d299b076158501a3f3847a360b528c34e451bbde5ede86e053f6
quickjs,3d-cube,,2,61,61000000,30500000.0,73819600,320,"IM_EXEC:{""test"":""3d-cube"",""n"":2,""elapsed_ms"":61,""checksum"":""320""}",,0,True,634f62a5a64805db6c2d1cca44d0d7d7127a1bddac7b6b449e13f1de18c7db43
v8_ignition,3d-cube,,2,41,41000000,20500000.0,78414300,320,"IM_EXEC:{""test"":""3d-cube"",""n"":2,""elapsed_ms"":41,""checksum"":""320""}",,0,True,634f62a5a64805db6c2d1cca44d0d7d7127a1bddac7b6b449e13f1de18c7db43
quickjs,3d-cube,,4,124,124000000,31000000.0,155241500,320,"IM_EXEC:{""test"":""3d-cube"",""n"":4,""elapsed_ms"":124,""checksum"":""320""}",,0,True,26c446ef0f28bc0def559733f66d85feb70b232999c500ba700f828ec34625f5
v8_ignition,3d-cube,,4,79,79000000,19750000.0,119242300,320,"IM_EXEC:{""test"":""3d-cube"",""n"":4,""elapsed_ms"":79,""checksum"":""320""}",,0,True,26c446ef0f28bc0def559733f66d85feb70b232999c500ba700f828ec34625f5
quickjs,3d-cube,,8,247,247000000,30875000.0,277707900,320,"IM_EXEC:{""test"":""3d-cube"",""n"":8,""elapsed_ms"":247,""checksum"":""320""}",,0,True,4d340405f74b12d17370a85a3f572c31e8d5eed965a9e458d0df1280b7061a84
v8_ignition,3d-cube,,8,156,156000000,19500000.0,192868600,320,"IM_EXEC:{""test"":""3d-cube"",""n"":8,""elapsed_ms"":156,""checksum"":""320""}",,0,True,4d340405f74b12d17370a85a3f572c31e8d5eed965a9e458d0df1280b7061a84
quickjs,3d-cube,,16,496,496000000,31000000.0,527648400,320,"IM_EXEC:{""test"":""3d-cube"",""n"":16,""elapsed_ms"":496,""checksum"":""320""}",,0,True,464d8683735cb48016c2417f24be0a59461183b098bc6828ee3042de81546d7e
v8_ignition,3d-cube,,16,306,306000000,19125000.0,346914400,320,"IM_EXEC:{""test"":""3d-cube"",""n"":16,""elapsed_ms"":306,""checksum"":""320""}",,0,True,464d8683735cb48016c2417f24be0a59461183b098bc6828ee3042de81546d7e
quickjs,3d-cube,,32,990,990000000,30937500.0,1020783300,320,"IM_EXEC:{""test"":""3d-cube"",""n"":32,""elapsed_ms"":990,""checksum"":""320""}",,0,True,1e13be2f6f55ac25c38dbf8f381535d3555cc5a3e0ad4b21b9b79176fbf789ca
v8_ignition,3d-cube,,32,635,635000000,19843750.0,674567100,320,"IM_EXEC:{""test"":""3d-cube"",""n"":32,""elapsed_ms"":635,""checksum"":""320""}",,0,True,1e13be2f6f55ac25c38dbf8f381535d3555cc5a3e0ad4b21b9b79176fbf789ca
quickjs,3d-cube,,64,1985,1985000000,31015625.0,2015458700,320,"IM_EXEC:{""test"":""3d-cube"",""n"":64,""elapsed_ms"":1985,""checksum"":""320""}",,0,True,60a065dcf0b5284dc0c04c58f860a2319aa73d0aaa4ce285a3fa9614f357aa2e
v8_ignition,3d-cube,,64,1188,1188000000,18562500.0,1226619100,320,"IM_EXEC:{""test"":""3d-cube"",""n"":64,""elapsed_ms"":1188,""checksum"":""320""}",,0,True,60a065dcf0b5284dc0c04c58f860a2319aa73d0aaa4ce285a3fa9614f357aa2e
quickjs,3d-morph,,1,23,23000000,23000000.0,34487100,0,"IM_EXEC:{""test"":""3d-morph"",""n"":1,""elapsed_ms"":23,""checksum"":""0""}",,0,True,327dde3a99153afe38364913777b59d3400c8708f58455cda590c02822ef68a6
v8_ignition,3d-morph,,1,21,21000000,21000000.0,58616200,0,"IM_EXEC:{""test"":""3d-morph"",""n"":1,""elapsed_ms"":21,""checksum"":""0""}",,0,True,327dde3a99153afe38364913777b59d3400c8708f58455cda590c02822ef68a6
quickjs,3d-morph,,2,45,45000000,22500000.0,56749300,0,"IM_EXEC:{""test"":""3d-morph"",""n"":2,""elapsed_ms"":45,""checksum"":""0""}",,0,True,af99b66f6feb7af1da8e16daa1970cbc5377cc89774a1e09d8f9a5cd370287b3
v8_ignition,3d-morph,,2,41,41000000,20500000.0,78653200,0,"IM_EXEC:{""test"":""3d-morph"",""n"":2,""elapsed_ms"":41,""checksum"":""0""}",,0,True,af99b66f6feb7af1da8e16daa1970cbc5377cc89774a1e09d8f9a5cd370287b3
quickjs,3d-morph,,4,89,89000000,22250000.0,118084800,0,"IM_EXEC:{""test"":""3d-morph"",""n"":4,""elapsed_ms"":89,""checksum"":""0""}",,0,True,c23b032c7e7fb3b832e94535b93f4a3aa08de56d625e461dab74ba7be8bb75e0
v8_ignition,3d-morph,,4,81,81000000,20250000.0,119017800,0,"IM_EXEC:{""test"":""3d-morph"",""n"":4,""elapsed_ms"":81,""checksum"":""0""}",,0,True,c23b032c7e7fb3b832e94535b93f4a3aa08de56d625e461dab74ba7be8bb75e0
quickjs,3d-morph,,8,181,181000000,22625000.0,207456300,0,"IM_EXEC:{""test"":""3d-morph"",""n"":8,""elapsed_ms"":181,""checksum"":""0""}",,0,True,3b8c2cf587e2c626e35b4ae602166ca221c03410cdd63ee1fa7190fd228eaec1
v8_ignition,3d-morph,,8,162,162000000,20250000.0,200359700,0,"IM_EXEC:{""test"":""3d-morph"",""n"":8,""elapsed_ms"":162,""checksum"":""0""}",,0,True,3b8c2cf587e2c626e35b4ae602166ca221c03410cdd63ee1fa7190fd228eaec1
quickjs,3d-morph,,16,360,360000000,22500000.0,388463100,0,"IM_EXEC:{""test"":""3d-morph"",""n"":16,""elapsed_ms"":360,""checksum"":""0""}",,0,True,d581cff659167432635bf20bfd7be98cd304438148280e8744ce684880580a08
v8_ignition,3d-morph,,16,337,337000000,21062500.0,377706300,0,"IM_EXEC:{""test"":""3d-morph"",""n"":16,""elapsed_ms"":337,""checksum"":""0""}",,0,True,d581cff659167432635bf20bfd7be98cd304438148280e8744ce684880580a08
quickjs,3d-morph,,32,726,726000000,22687500.0,757997200,0,"IM_EXEC:{""test"":""3d-morph"",""n"":32,""elapsed_ms"":726,""checksum"":""0""}",,0,True,9514c404617e703ced6f118be16e3ecafaad1bbab4444a0ccb223b933f3792f0
v8_ignition,3d-morph,,32,648,648000000,20250000.0,687087500,0,"IM_EXEC:{""test"":""3d-morph"",""n"":32,""elapsed_ms"":648,""checksum"":""0""}",,0,True,9514c404617e703ced6f118be16e3ecafaad1bbab4444a0ccb223b933f3792f0
quickjs,3d-morph,,64,1444,1444000000,22562500.0,1470949300,0,"IM_EXEC:{""test"":""3d-morph"",""n"":64,""elapsed_ms"":1444,""checksum"":""0""}",,0,True,522e39aba6d7f5f71cab59dfa2d2607b0932d63bdbfc9625b49725e02e9d5983
v8_ignition,3d-morph,,64,1340,1340000000,20937500.0,1382097400,0,"IM_EXEC:{""test"":""3d-morph"",""n"":64,""elapsed_ms"":1340,""checksum"":""0""}",,0,True,522e39aba6d7f5f71cab59dfa2d2607b0932d63bdbfc9625b49725e02e9d5983
quickjs,3d-raytrace,,1,18,18000000,18000000.0,31250300,20969,"IM_EXEC:{""test"":""3d-raytrace"",""n"":1,""elapsed_ms"":18,""checksum"":""20969""}",,0,True,77a4d2e434797193a35ae9c61f5ea5937434c181bc860e9402fac03fcc6154d3
v8_ignition,3d-raytrace,,1,18,18000000,18000000.0,55238400,20970,"IM_EXEC:{""test"":""3d-raytrace"",""n"":1,""elapsed_ms"":18,""checksum"":""20970""}",,0,True,77a4d2e434797193a35ae9c61f5ea5937434c181bc860e9402fac03fcc6154d3
quickjs,3d-raytrace,,2,31,31000000,15500000.0,43322100,20969,"IM_EXEC:{""test"":""3d-raytrace"",""n"":2,""elapsed_ms"":31,""checksum"":""20969""}",,0,True,56d706aae6d941687f192f600d43cf56875ca905f365b438391958090d732c57
v8_ignition,3d-raytrace,,2,31,31000000,15500000.0,68936500,20970,"IM_EXEC:{""test"":""3d-raytrace"",""n"":2,""elapsed_ms"":31,""checksum"":""20970""}",,0,True,56d706aae6d941687f192f600d43cf56875ca905f365b438391958090d732c57
quickjs,3d-raytrace,,4,60,60000000,15000000.0,101145900,20969,"IM_EXEC:{""test"":""3d-raytrace"",""n"":4,""elapsed_ms"":60,""checksum"":""20969""}",,0,True,3e5b9057837fc7a5d4268e5a499eaf92a4d6675074d1f5bb880b7d6c1a6e437e
v8_ignition,3d-raytrace,,4,62,62000000,15500000.0,100118800,20970,"IM_EXEC:{""test"":""3d-raytrace"",""n"":4,""elapsed_ms"":62,""checksum"":""20970""}",,0,True,3e5b9057837fc7a5d4268e5a499eaf92a4d6675074d1f5bb880b7d6c1a6e437e
quickjs,3d-raytrace,,8,122,122000000,15250000.0,162645900,20969,"IM_EXEC:{""test"":""3d-raytrace"",""n"":8,""elapsed_ms"":122,""checksum"":""20969""}",,0,True,095855899e146b3127cdb575e973c0ed2c410ef7e71ac55f28f818b78e457aa4
v8_ignition,3d-raytrace,,8,124,124000000,15500000.0,161817300,20970,"IM_EXEC:{""test"":""3d-raytrace"",""n"":8,""elapsed_ms"":124,""checksum"":""20970""}",,0,True,095855899e146b3127cdb575e973c0ed2c410ef7e71ac55f28f818b78e457aa4
quickjs,3d-raytrace,,16,245,245000000,15312500.0,293342200,20969,"IM_EXEC:{""test"":""3d-raytrace"",""n"":16,""elapsed_ms"":245,""checksum"":""20969""}",,0,True,cb82090b2614ac569b60494db139475942ef2039370f16030aa7f75f7d3d7d1c
v8_ignition,3d-raytrace,,16,239,239000000,14937500.0,276899200,20970,"IM_EXEC:{""test"":""3d-raytrace"",""n"":16,""elapsed_ms"":239,""checksum"":""20970""}",,0,True,cb82090b2614ac569b60494db139475942ef2039370f16030aa7f75f7d3d7d1c
quickjs,3d-raytrace,,32,483,483000000,15093750.0,529995900,20969,"IM_EXEC:{""test"":""3d-raytrace"",""n"":32,""elapsed_ms"":483,""checksum"":""20969""}",,0,True,197367a9906b88b7ab87d846761bea02cf7e6efd73e2c631b546f908524409a3
v8_ignition,3d-raytrace,,32,472,472000000,14750000.0,511703500,20970,"IM_EXEC:{""test"":""3d-raytrace"",""n"":32,""elapsed_ms"":472,""checksum"":""20970""}",,0,True,197367a9906b88b7ab87d846761bea02cf7e6efd73e2c631b546f908524409a3
quickjs,3d-raytrace,,64,979,979000000,15296875.0,1020500700,20969,"IM_EXEC:{""test"":""3d-raytrace"",""n"":64,""elapsed_ms"":979,""checksum"":""20969""}",,0,True,ef595703b1cee7a365a14a26b9c2193680c831176b831ecfaf5be6fcd3ce016c
v8_ignition,3d-raytrace,,64,963,963000000,15046875.0,1004075700,20970,"IM_EXEC:{""test"":""3d-raytrace"",""n"":64,""elapsed_ms"":963,""checksum"":""20970""}",,0,True,ef595703b1cee7a365a14a26b9c2193680c831176b831ecfaf5be6fcd3ce016c
quickjs,3d-raytrace,,128,1928,1928000000,15062500.0,1969156300,20969,"IM_EXEC:{""test"":""3d-raytrace"",""n"":128,""elapsed_ms"":1928,""checksum"":""20969""}",,0,True,fbf3a216ca8bc8223f66e4105ce5c95294ac4e5e8f40c56e660a89fbc4962c15
v8_ignition,3d-raytrace,,128,1858,1858000000,14515625.0,1899160600,20970,"IM_EXEC:{""test"":""3d-raytrace"",""n"":128,""elapsed_ms"":1858,""checksum"":""20970""}",,0,True,fbf3a216ca8bc8223f66e4105ce5c95294ac4e5e8f40c56e660a89fbc4962c15
quickjs,access-binary-trees,,1,12,12000000,12000000.0,24002500,-4,"IM_EXEC:{""test"":""access-binary-trees"",""n"":1,""elapsed_ms"":12,""checksum"":""-4""}",,0,True,2807a14deedd9fdcb2239eb1de458705f041acd19a5487578244f8dbd6f81d3b
v8_ignition,access-binary-trees,,1,5,5000000,5000000.0,42174200,-4,"IM_EXEC:{""test"":""access-binary-trees"",""n"":1,""elapsed_ms"":5,""checksum"":""-4""}",,0,True,2807a14deedd9fdcb2239eb1de458705f041acd19a5487578244f8dbd6f81d3b
quickjs,access-binary-trees,,2,25,25000000,12500000.0,36470900,-4,"IM_EXEC:{""test"":""access-binary-trees"",""n"":2,""elapsed_ms"":25,""checksum"":""-4""}",,0,True,01fd54500825d440d45d98aee5c4dcd6bfae7997e5ea1a6f186d15385ac02cae
v8_ignition,access-binary-trees,,2,11,11000000,5500000.0,48588400,-4,"IM_EXEC:{""test"":""access-binary-trees"",""n"":2,""elapsed_ms"":11,""checksum"":""-4""}",,0,True,01fd54500825d440d45d98aee5c4dcd6bfae7997e5ea1a6f186d15385ac02cae
quickjs,access-binary-trees,,4,49,49000000,12250000.0,76480200,-4,"IM_EXEC:{""test"":""access-binary-trees"",""n"":4,""elapsed_ms"":49,""checksum"":""-4""}",,0,True,f8a05ab8aabbe462295eeb79f1a27c998b45e9e890cf9e0a57a92f5cfe1c987f
v8_ignition,access-binary-trees,,4,22,22000000,5500000.0,61071400,-4,"IM_EXEC:{""test"":""access-binary-trees"",""n"":4,""elapsed_ms"":22,""checksum"":""-4""}",,0,True,f8a05ab8aabbe462295eeb79f1a27c998b45e9e890cf9e0a57a92f5cfe1c987f
quickjs,access-binary-trees,,8,98,98000000,12250000.0,123498300,-4,"IM_EXEC:{""test"":""access-binary-trees"",""n"":8,""elapsed_ms"":98,""checksum"":""-4""}",,0,True,6df8c6ecb10e7d9ad9ef3a19dcf3ccd9f5c5f1c66e7f29e6c5b65c9eb0c85078
v8_ignition,access-binary-trees,,8,43,43000000,5375000.0,81172200,-4,"IM_EXEC:{""test"":""access-binary-trees"",""n"":8,""elapsed_ms"":43,""checksum"":""-4""}",,0,True,6df8c6ecb10e7d9ad9ef3a19dcf3ccd9f5c5f1c66e7f29e6c5b65c9eb0c85078
quickjs,access-binary-trees,,16,195,195000000,12187500.0,221317900,-4,"IM_EXEC:{""test"":""access-binary-trees"",""n"":16,""elapsed_ms"":195,""checksum"":""-4""}",,0,True,c0196a99cecb5de0a88f7c80a848d9e6f1ffd027ef6917af5dd1a9ce62442b34
v8_ignition,access-binary-trees,,16,86,86000000,5375000.0,123297900,-4,"IM_EXEC:{""test"":""access-binary-trees"",""n"":16,""elapsed_ms"":86,""checksum"":""-4""}",,0,True,c0196a99cecb5de0a88f7c80a848d9e6f1ffd027ef6917af5dd1a9ce62442b34
quickjs,access-binary-trees,,32,392,392000000,12250000.0,417516700,-4,"IM_EXEC:{""test"":""access-binary-trees"",""n"":32,""elapsed_ms"":392,""checksum"":""-4""}",,0,True,6e60ee03721ef8358400b5801c37f8dd2fca216083c1e96ee36f3c6cb8878686
v8_ignition,access-binary-trees,,32,177,177000000,5531250.0,215232100,-4,"IM_EXEC:{""test"":""access-binary-trees"",""n"":32,""elapsed_ms"":177,""checksum"":""-4""}",,0,True,6e60ee03721ef8358400b5801c37f8dd2fca216083c1e96ee36f3c6cb8878686
quickjs,access-binary-trees,,64,867,867000000,13546875.0,893654500,-4,"IM_EXEC:{""test"":""access-binary-trees"",""n"":64,""elapsed_ms"":867,""checksum"":""-4""}",,0,True,0054164e4affd3b68635748e7100c8c4d8792e0452574616380686b2a4727d15
v8_ignition,access-binary-trees,,64,365,365000000,5703125.0,403962100,-4,"IM_EXEC:{""test"":""access-binary-trees"",""n"":64,""elapsed_ms"":365,""checksum"":""-4""}",,0,True,0054164e4affd3b68635748e7100c8c4d8792e0452574616380686b2a4727d15
quickjs,access-binary-trees,,128,1570,1570000000,12265625.0,1595714000,-4,"IM_EXEC:{""test"":""access-binary-trees"",""n"":128,""elapsed_ms"":1570,""checksum"":""-4""}",,0,True,109fdf1eed33a5fb54b1395ea8b5827827b873784b5d1ab990cc2981b8e63bc6
v8_ignition,access-binary-trees,,128,724,724000000,5656250.0,763927900,-4,"IM_EXEC:{""test"":""access-binary-trees"",""n"":128,""elapsed_ms"":724,""checksum"":""-4""}",,0,True,109fdf1eed33a5fb54b1395ea8b5827827b873784b5d1ab990cc2981b8e63bc6
quickjs,access-binary-trees,,256,3408,3408000000,13312500.0,3443711600,-4,"IM_EXEC:{""test"":""access-binary-trees"",""n"":256,""elapsed_ms"":3408,""checksum"":""-4""}",,0,True,2574ad07a3319832e969eef6330a65d5569f82589fd3968e95616ade0cac5383
v8_ignition,access-binary-trees,,256,1449,1449000000,5660156.25,1484322000,-4,"IM_EXEC:{""test"":""access-binary-trees"",""n"":256,""elapsed_ms"":1449,""checksum"":""-4""}",,0,True,2574ad07a3319832e969eef6330a65d5569f82589fd3968e95616ade0cac5383
quickjs,access-fannkuch,,1,36,36000000,36000000.0,48062500,22,"IM_EXEC:{""test"":""access-fannkuch"",""n"":1,""elapsed_ms"":36,""checksum"":""22""}",,0,True,2a0d9d6fed07761592b5d5c633acaee81905b646eff084409af0866cbcc5dde6
v8_ignition,access-fannkuch,,1,35,35000000,35000000.0,75012300,22,"IM_EXEC:{""test"":""access-fannkuch"",""n"":1,""elapsed_ms"":35,""checksum"":""22""}",,0,True,2a0d9d6fed07761592b5d5c633acaee81905b646eff084409af0866cbcc5dde6
quickjs,access-fannkuch,,2,74,74000000,37000000.0,85200900,22,"IM_EXEC:{""test"":""access-fannkuch"",""n"":2,""elapsed_ms"":74,""checksum"":""22""}",,0,True,6306cdb4a65b776c31e0ec1d5644daaa02ea27f6ae0c7ce5224d6af4d8bdc6c8
v8_ignition,access-fannkuch,,2,69,69000000,34500000.0,105155400,22,"IM_EXEC:{""test"":""access-fannkuch"",""n"":2,""elapsed_ms"":69,""checksum"":""22""}",,0,True,6306cdb4a65b776c31e0ec1d5644daaa02ea27f6ae0c7ce5224d6af4d8bdc6c8
quickjs,access-fannkuch,,4,149,149000000,37250000.0,176159300,22,"IM_EXEC:{""test"":""access-fannkuch"",""n"":4,""elapsed_ms"":149,""checksum"":""22""}",,0,True,9b8c8cfad4cfcc737d30c2e97d04e101db7ee86a7bb85d2031926703930b6208
v8_ignition,access-fannkuch,,4,140,140000000,35000000.0,176632900,22,"IM_EXEC:{""test"":""access-fannkuch"",""n"":4,""elapsed_ms"":140,""checksum"":""22""}",,0,True,9b8c8cfad4cfcc737d30c2e97d04e101db7ee86a7bb85d2031926703930b6208
quickjs,access-fannkuch,,8,299,299000000,37375000.0,327486400,22,"IM_EXEC:{""test"":""access-fannkuch"",""n"":8,""elapsed_ms"":299,""checksum"":""22""}",,0,True,0c074832237ee61d49c06a93c6d6be22c300eaf6be43f81c3a734e25661aa0aa
v8_ignition,access-fannkuch,,8,274,274000000,34250000.0,313187000,22,"IM_EXEC:{""test"":""access-fannkuch"",""n"":8,""elapsed_ms"":274,""checksum"":""22""}",,0,True,0c074832237ee61d49c06a93c6d6be22c300eaf6be43f81c3a734e25661aa0aa
quickjs,access-fannkuch,,16,570,570000000,35625000.0,598041600,22,"IM_EXEC:{""test"":""access-fannkuch"",""n"":16,""elapsed_ms"":570,""checksum"":""22""}",,0,True,6889c8f6f8416171119f02a7926f3011cf194ee258c705591f7d220be691fcfa
v8_ignition,access-fannkuch,,16,564,564000000,35250000.0,603581800,22,"IM_EXEC:{""test"":""access-fannkuch"",""n"":16,""elapsed_ms"":564,""checksum"":""22""}",,0,True,6889c8f6f8416171119f02a7926f3011cf194ee258c705591f7d220be691fcfa
quickjs,access-fannkuch,,32,1158,1158000000,36187500.0,1185191000,22,"IM_EXEC:{""test"":""access-fannkuch"",""n"":32,""elapsed_ms"":1158,""checksum"":""22""}",,0,True,fee86984d327e7709754ed7a2721517b303a436f895a8b03742b80a000d4eb6b
v8_ignition,access-fannkuch,,32,1151,1151000000,35968750.0,1188637200,22,"IM_EXEC:{""test"":""access-fannkuch"",""n"":32,""elapsed_ms"":1151,""checksum"":""22""}",,0,True,fee86984d327e7709754ed7a2721517b303a436f895a8b03742b80a000d4eb6b
quickjs,access-nbody,,1,16,16000000,16000000.0,27251900,-1.3524862408537381,"IM_EXEC:{""test"":""access-nbody"",""n"":1,""elapsed_ms"":16,""checksum"":""-1.3524862408537381""}",,0,True,7585fe200ae335092b3e54214a2369f25457c0f03a1694c10348ea35d8d2d908
v8_ignition,access-nbody,,1,17,17000000,17000000.0,56045300,-1.3524862408537381,"IM_EXEC:{""test"":""access-nbody"",""n"":1,""elapsed_ms"":17,""checksum"":""-1.3524862408537381""}",,0,True,7585fe200ae335092b3e54214a2369f25457c0f03a1694c10348ea35d8d2d908
quickjs,access-nbody,,2,31,31000000,15500000.0,42236300,-1.3524862408537381,"IM_EXEC:{""test"":""access-nbody"",""n"":2,""elapsed_ms"":31,""checksum"":""-1.3524862408537381""}",,0,True,2e7a517d2998ef823541f2a17453eaf836e549aa17c8b421202d5ff00cdeb56b
v8_ignition,access-nbody,,2,35,35000000,17500000.0,72521500,-1.3524862408537381,"IM_EXEC:{""test"":""access-nbody"",""n"":2,""elapsed_ms"":35,""checksum"":""-1.3524862408537381""}",,0,True,2e7a517d2998ef823541f2a17453eaf836e549aa17c8b421202d5ff00cdeb56b
quickjs,access-nbody,,4,63,63000000,15750000.0,91315500,-1.3524862408537381,"IM_EXEC:{""test"":""access-nbody"",""n"":4,""elapsed_ms"":63,""checksum"":""-1.3524862408537381""}",,0,True,ba08b3ae2d27a245258ff2e57230f840434308d8e86721f8b894ce8592d4648f
v8_ignition,access-nbody,,4,70,70000000,17500000.0,107797700,-1.3524862408537381,"IM_EXEC:{""test"":""access-nbody"",""n"":4,""elapsed_ms"":70,""checksum"":""-1.3524862408537381""}",,0,True,ba08b3ae2d27a245258ff2e57230f840434308d8e86721f8b894ce8592d4648f
quickjs,access-nbody,,8,127,127000000,15875000.0,157680000,-1.3524862408537381,"IM_EXEC:{""test"":""access-nbody"",""n"":8,""elapsed_ms"":127,""checksum"":""-1.3524862408537381""}",,0,True,891b4da4d9bc6a25900314da8ba30b83683465396ebcebb4b00b5138353e1fb4
v8_ignition,access-nbody,,8,143,143000000,17875000.0,181465600,-1.3524862408537381,"IM_EXEC:{""test"":""access-nbody"",""n"":8,""elapsed_ms"":143,""checksum"":""-1.3524862408537381""}",,0,True,891b4da4d9bc6a25900314da8ba30b83683465396ebcebb4b00b5138353e1fb4
quickjs,access-nbody,,16,261,261000000,16312500.0,290353800,-1.3524862408537381,"IM_EXEC:{""test"":""access-nbody"",""n"":16,""elapsed_ms"":261,""checksum"":""-1.3524862408537381""}",,0,True,373d37226562512de0641439a2b7a9249b218d423b36f8a38eff5c53d193ea43
v8_ignition,access-nbody,,16,297,297000000,18562500.0,334369000,-1.3524862408537381,"IM_EXEC:{""test"":""access-nbody"",""n"":16,""elapsed_ms"":297,""checksum"":""-1.3524862408537381""}",,0,True,373d37226562512de0641439a2b7a9249b218d423b36f8a38eff5c53d193ea43
quickjs,access-nbody,,32,493,493000000,15406250.0,523220100,-1.3524862408537381,"IM_EXEC:{""test"":""access-nbody"",""n"":32,""elapsed_ms"":493,""checksum"":""-1.3524862408537381""}",,0,True,f04eeaca7cccfc50c3a3b8ab802c2a50edb2f7a29fe0c08058c202947c0a9e1b
v8_ignition,access-nbody,,32,616,616000000,19250000.0,652762500,-1.3524862408537381,"IM_EXEC:{""test"":""access-nbody"",""n"":32,""elapsed_ms"":616,""checksum"":""-1.3524862408537381""}",,0,True,f04eeaca7cccfc50c3a3b8ab802c2a50edb2f7a29fe0c08058c202947c0a9e1b
quickjs,access-nbody,,64,1009,1009000000,15765625.0,1039891800,-1.3524862408537381,"IM_EXEC:{""test"":""access-nbody"",""n"":64,""elapsed_ms"":1009,""checksum"":""-1.3524862408537381""}",,0,True,19902b6f21c5b25ee15381029c367b4c4e18734127ed7525fb470472ccabc082
v8_ignition,access-nbody,,64,1265,1265000000,19765625.0,1302319400,-1.3524862408537381,"IM_EXEC:{""test"":""access-nbody"",""n"":64,""elapsed_ms"":1265,""checksum"":""-1.3524862408537381""}",,0,True,19902b6f21c5b25ee15381029c367b4c4e18734127ed7525fb470472ccabc082
quickjs,access-nsieve,,1,23,23000000,23000000.0,36306600,14302,"IM_EXEC:{""test"":""access-nsieve"",""n"":1,""elapsed_ms"":23,""checksum"":""14302""}",,0,True,175d3271fcba67ea68b01281555a333bba32421a7fb8077cd8c2d51ae33faf12
v8_ignition,access-nsieve,,1,10,10000000,10000000.0,46723800,14302,"IM_EXEC:{""test"":""access-nsieve"",""n"":1,""elapsed_ms"":10,""checksum"":""14302""}",,0,True,175d3271fcba67ea68b01281555a333bba32421a7fb8077cd8c2d51ae33faf12
quickjs,access-nsieve,,2,48,48000000,24000000.0,60464200,14302,"IM_EXEC:{""test"":""access-nsieve"",""n"":2,""elapsed_ms"":48,""checksum"":""14302""}",,0,True,e1894f17d04cb19cffd59a1693d16a43f065d4bd6880743cf6c87f1a2603d4e9
v8_ignition,access-nsieve,,2,21,21000000,10500000.0,57476000,14302,"IM_EXEC:{""test"":""access-nsieve"",""n"":2,""elapsed_ms"":21,""checksum"":""14302""}",,0,True,e1894f17d04cb19cffd59a1693d16a43f065d4bd6880743cf6c87f1a2603d4e9
quickjs,access-nsieve,,4,95,95000000,23750000.0,122054400,14302,"IM_EXEC:{""test"":""access-nsieve"",""n"":4,""elapsed_ms"":95,""checksum"":""14302""}",,0,True,0c88a3a4061729b78a32ecc8c3f0462e08a18a5e0f085a01d14f3d7d0c16b229
v8_ignition,access-nsieve,,4,41,41000000,10250000.0,78677600,14302,"IM_EXEC:{""test"":""access-nsieve"",""n"":4,""elapsed_ms"":41,""checksum"":""14302""}",,0,True,0c88a3a4061729b78a32ecc8c3f0462e08a18a5e0f085a01d14f3d7d0c16b229
quickjs,access-nsieve,,8,193,193000000,24125000.0,219117800,14302,"IM_EXEC:{""test"":""access-nsieve"",""n"":8,""elapsed_ms"":193,""checksum"":""14302""}",,0,True,c0baf6175c2f8ee881da86816183de2201b92295c7c70fc9f5517c020c7d0349
v8_ignition,access-nsieve,,8,82,82000000,10250000.0,121009700,14302,"IM_EXEC:{""test"":""access-nsieve"",""n"":8,""elapsed_ms"":82,""checksum"":""14302""}",,0,True,c0baf6175c2f8ee881da86816183de2201b92295c7c70fc9f5517c020c7d0349
quickjs,access-nsieve,,16,385,385000000,24062500.0,413436900,14302,"IM_EXEC:{""test"":""access-nsieve"",""n"":16,""elapsed_ms"":385,""checksum"":""14302""}",,0,True,86de5d08e79b98c9767aeeb5a828e5e8f6da7322c230d8f29fd47656883da85f
v8_ignition,access-nsieve,,16,164,164000000,10250000.0,200663700,14302,"IM_EXEC:{""test"":""access-nsieve"",""n"":16,""elapsed_ms"":164,""checksum"":""14302""}",,0,True,86de5d08e79b98c9767aeeb5a828e5e8f6da7322c230d8f29fd47656883da85f
quickjs,access-nsieve,,32,770,770000000,24062500.0,796817600,14302,"IM_EXEC:{""test"":""access-nsieve"",""n"":32,""elapsed_ms"":770,""checksum"":""14302""}",,0,True,668b0088c0d2aea1e54f631186de8378351cc43db8d27076b9a0571f019ec54d
v8_ignition,access-nsieve,,32,330,330000000,10312500.0,367216400,14302,"IM_EXEC:{""test"":""access-nsieve"",""n"":32,""elapsed_ms"":330,""checksum"":""14302""}",,0,True,668b0088c0d2aea1e54f631186de8378351cc43db8d27076b9a0571f019ec54d
quickjs,access-nsieve,,64,1544,1544000000,24125000.0,1571252800,14302,"IM_EXEC:{""test"":""access-nsieve"",""n"":64,""elapsed_ms"":1544,""checksum"":""14302""}",,0,True,42200a25d8d67b46d953f81f88994cd601cf7a6e5e8b099954bafaa3eb96ea8a
v8_ignition,access-nsieve,,64,655,655000000,10234375.0,692886000,14302,"IM_EXEC:{""test"":""access-nsieve"",""n"":64,""elapsed_ms"":655,""checksum"":""14302""}",,0,True,42200a25d8d67b46d953f81f88994cd601cf7a6e5e8b099954bafaa3eb96ea8a
quickjs,access-nsieve,,128,3040,3040000000,23750000.0,3066490200,14302,"IM_EXEC:{""test"":""access-nsieve"",""n"":128,""elapsed_ms"":3040,""checksum"":""14302""}",,0,True,d2ff95d96cd8e84458eff804a3dae7ac589b31fa7d1e11cdffd4aa821eec7819
v8_ignition,access-nsieve,,128,1333,1333000000,10414062.5,1371045000,14302,"IM_EXEC:{""test"":""access-nsieve"",""n"":128,""elapsed_ms"":1333,""checksum"":""14302""}",,0,True,d2ff95d96cd8e84458eff804a3dae7ac589b31fa7d1e11cdffd4aa821eec7819
quickjs,bitops-3bit-bits-in-byte,,1,9,9000000,9000000.0,20650700,512000,"IM_EXEC:{""test"":""bitops-3bit-bits-in-byte"",""n"":1,""elapsed_ms"":9,""checksum"":""512000""}",,0,True,ddc84b41af56929ba7eb7065c61b3765bcd3458188f71358f105fea4e72b8a8d
v8_ignition,bitops-3bit-bits-in-byte,,1,8,8000000,8000000.0,45900300,512000,"IM_EXEC:{""test"":""bitops-3bit-bits-in-byte"",""n"":1,""elapsed_ms"":8,""checksum"":""512000""}",,0,True,ddc84b41af56929ba7eb7065c61b3765bcd3458188f71358f105fea4e72b8a8d
quickjs,bitops-3bit-bits-in-byte,,2,22,22000000,11000000.0,33595400,512000,"IM_EXEC:{""test"":""bitops-3bit-bits-in-byte"",""n"":2,""elapsed_ms"":22,""checksum"":""512000""}",,0,True,64fba67338e39e5d9a32daf665238c4bde6f8822ff542b9dfdb705dfec99b87b
v8_ignition,bitops-3bit-bits-in-byte,,2,13,13000000,6500000.0,52742900,512000,"IM_EXEC:{""test"":""bitops-3bit-bits-in-byte"",""n"":2,""elapsed_ms"":13,""checksum"":""512000""}",,0,True,64fba67338e39e5d9a32daf665238c4bde6f8822ff542b9dfdb705dfec99b87b
quickjs,bitops-3bit-bits-in-byte,,4,38,38000000,9500000.0,64820700,512000,"IM_EXEC:{""test"":""bitops-3bit-bits-in-byte"",""n"":4,""elapsed_ms"":38,""checksum"":""512000""}",,0,True,60e5288044c47c10100f92419cf9fbd08a3cb8871a5a924f3f65829f55b60756
v8_ignition,bitops-3bit-bits-in-byte,,4,26,26000000,6500000.0,63475100,512000,"IM_EXEC:{""test"":""bitops-3bit-bits-in-byte"",""n"":4,""elapsed_ms"":26,""checksum"":""512000""}",,0,True,60e5288044c47c10100f92419cf9fbd08a3cb8871a5a924f3f65829f55b60756
quickjs,bitops-3bit-bits-in-byte,,8,77,77000000,9625000.0,102527500,512000,"IM_EXEC:{""test"":""bitops-3bit-bits-in-byte"",""n"":8,""elapsed_ms"":77,""checksum"":""512000""}",,0,True,518682ab14d1f91d8bcdc2e3037491b28b7b219ca0db848adddb0bcd2c379e3b
v8_ignition,bitops-3bit-bits-in-byte,,8,57,57000000,7125000.0,92977100,512000,"IM_EXEC:{""test"":""bitops-3bit-bits-in-byte"",""n"":8,""elapsed_ms"":57,""checksum"":""512000""}",,0,True,518682ab14d1f91d8bcdc2e3037491b28b7b219ca0db848adddb0bcd2c379e3b
quickjs,bitops-3bit-bits-in-byte,,16,153,153000000,9562500.0,179268400,512000,"IM_EXEC:{""test"":""bitops-3bit-bits-in-byte"",""n"":16,""elapsed_ms"":153,""checksum"":""512000""}",,0,True,603cce02835fbb5539b523bf7eb9d421db55a0e9d89cd1dfea12223cd47ad2c5
v8_ignition,bitops-3bit-bits-in-byte,,16,110,110000000,6875000.0,146017800,512000,"IM_EXEC:{""test"":""bitops-3bit-bits-in-byte"",""n"":16,""elapsed_ms"":110,""checksum"":""512000""}",,0,True,603cce02835fbb5539b523bf7eb9d421db55a0e9d89cd1dfea12223cd47ad2c5
quickjs,bitops-3bit-bits-in-byte,,32,311,311000000,9718750.0,339429400,512000,"IM_EXEC:{""test"":""bitops-3bit-bits-in-byte"",""n"":32,""elapsed_ms"":311,""checksum"":""512000""}",,0,True,535a9590fdd37b914259b01f1b2899547cdcb89eb2efe24bfd28e6c429af5918
v8_ignition,bitops-3bit-bits-in-byte,,32,239,239000000,7468750.0,276724800,512000,"IM_EXEC:{""test"":""bitops-3bit-bits-in-byte"",""n"":32,""elapsed_ms"":239,""checksum"":""512000""}",,0,True,535a9590fdd37b914259b01f1b2899547cdcb89eb2efe24bfd28e6c429af5918
quickjs,bitops-3bit-bits-in-byte,,64,617,617000000,9640625.0,643104900,512000,"IM_EXEC:{""test"":""bitops-3bit-bits-in-byte"",""n"":64,""elapsed_ms"":617,""checksum"":""512000""}",,0,True,95452bf3d3548b853d77512e169d70c46efa47040903bf92e87f0165e060a6f5
v8_ignition,bitops-3bit-bits-in-byte,,64,462,462000000,7218750.0,498326000,512000,"IM_EXEC:{""test"":""bitops-3bit-bits-in-byte"",""n"":64,""elapsed_ms"":462,""checksum"":""512000""}",,0,True,95452bf3d3548b853d77512e169d70c46efa47040903bf92e87f0165e060a6f5
quickjs,bitops-3bit-bits-in-byte,,128,1272,1272000000,9937500.0,1298873900,512000,"IM_EXEC:{""test"":""bitops-3bit-bits-in-byte"",""n"":128,""elapsed_ms"":1272,""checksum"":""512000""}",,0,True,b0e2fcc1f1157601c84e021bf52088989b83ca1b7cec1ab2c8d9f5d5e768f2f1
v8_ignition,bitops-3bit-bits-in-byte,,128,968,968000000,7562500.0,1005269800,512000,"IM_EXEC:{""test"":""bitops-3bit-bits-in-byte"",""n"":128,""elapsed_ms"":968,""checksum"":""512000""}",,0,True,b0e2fcc1f1157601c84e021bf52088989b83ca1b7cec1ab2c8d9f5d5e768f2f1
quickjs,bitops-3bit-bits-in-byte,,256,2575,2575000000,10058593.75,2601266700,512000,"IM_EXEC:{""test"":""bitops-3bit-bits-in-byte"",""n"":256,""elapsed_ms"":2575,""checksum"":""512000""}",,0,True,abe5fed281f086bcd3336e21203ccebd592037d9c2a481ccf4c68e894138c38a
v8_ignition,bitops-3bit-bits-in-byte,,256,1951,1951000000,7621093.75,1986494200,512000,"IM_EXEC:{""test"":""bitops-3bit-bits-in-byte"",""n"":256,""elapsed_ms"":1951,""checksum"":""512000""}",,0,True,abe5fed281f086bcd3336e21203ccebd592037d9c2a481ccf4c68e894138c38a
quickjs,bitops-bits-in-byte,,1,20,20000000,20000000.0,31318500,358400,"IM_EXEC:{""test"":""bitops-bits-in-byte"",""n"":1,""elapsed_ms"":20,""checksum"":""358400""}",,0,True,73a4f3d431831e8ad756deb8adca35f9adb5ee78a6ceba7e3de72a838a7b1c5f
v8_ignition,bitops-bits-in-byte,,1,18,18000000,18000000.0,56266400,358400,"IM_EXEC:{""test"":""bitops-bits-in-byte"",""n"":1,""elapsed_ms"":18,""checksum"":""358400""}",,0,True,73a4f3d431831e8ad756deb8adca35f9adb5ee78a6ceba7e3de72a838a7b1c5f
quickjs,bitops-bits-in-byte,,2,39,39000000,19500000.0,50412100,358400,"IM_EXEC:{""test"":""bitops-bits-in-byte"",""n"":2,""elapsed_ms"":39,""checksum"":""358400""}",,0,True,cb275f9eb1ddcecf8143b461575ee7c9e8a9026ae24ea6ad7490e9311fafa6ba
v8_ignition,bitops-bits-in-byte,,2,38,38000000,19000000.0,73807900,358400,"IM_EXEC:{""test"":""bitops-bits-in-byte"",""n"":2,""elapsed_ms"":38,""checksum"":""358400""}",,0,True,cb275f9eb1ddcecf8143b461575ee7c9e8a9026ae24ea6ad7490e9311fafa6ba
quickjs,bitops-bits-in-byte,,4,81,81000000,20250000.0,106413000,358400,"IM_EXEC:{""test"":""bitops-bits-in-byte"",""n"":4,""elapsed_ms"":81,""checksum"":""358400""}",,0,True,e898d358bce98062f55cddae204d491bed2809514bb316e6c85993d919cdcadd
v8_ignition,bitops-bits-in-byte,,4,74,74000000,18500000.0,110695900,358400,"IM_EXEC:{""test"":""bitops-bits-in-byte"",""n"":4,""elapsed_ms"":74,""checksum"":""358400""}",,0,True,e898d358bce98062f55cddae204d491bed2809514bb316e6c85993d919cdcadd
quickjs,bitops-bits-in-byte,,8,155,155000000,19375000.0,181552800,358400,"IM_EXEC:{""test"":""bitops-bits-in-byte"",""n"":8,""elapsed_ms"":155,""checksum"":""358400""}",,0,True,a7f880af5917bb0aa43bafedeb22e25a6c5634506052a6e233ec674c47db7c0b
v8_ignition,bitops-bits-in-byte,,8,161,161000000,20125000.0,199729800,358400,"IM_EXEC:{""test"":""bitops-bits-in-byte"",""n"":8,""elapsed_ms"":161,""checksum"":""358400""}",,0,True,a7f880af5917bb0aa43bafedeb22e25a6c5634506052a6e233ec674c47db7c0b
quickjs,bitops-bits-in-byte,,16,338,338000000,21125000.0,371877300,358400,"IM_EXEC:{""test"":""bitops-bits-in-byte"",""n"":16,""elapsed_ms"":338,""checksum"":""358400""}",,0,True,c4a8c0a45caea08eaa4a937edc02bfe8dd6ef1f6e2bc5269087e086c132bc565
v8_ignition,bitops-bits-in-byte,,16,317,317000000,19812500.0,354838100,358400,"IM_EXEC:{""test"":""bitops-bits-in-byte"",""n"":16,""elapsed_ms"":317,""checksum"":""358400""}",,0,True,c4a8c0a45caea08eaa4a937edc02bfe8dd6ef1f6e2bc5269087e086c132bc565
quickjs,bitops-bits-in-byte,,32,653,653000000,20406250.0,679256100,358400,"IM_EXEC:{""test"":""bitops-bits-in-byte"",""n"":32,""elapsed_ms"":653,""checksum"":""358400""}",,0,True,4e4481ad2b4c82940f689d36ede0fbb5022be31e989297c19cf9accb86bf9ba7
v8_ignition,bitops-bits-in-byte,,32,654,654000000,20437500.0,691069800,358400,"IM_EXEC:{""test"":""bitops-bits-in-byte"",""n"":32,""elapsed_ms"":654,""checksum"":""358400""}",,0,True,4e4481ad2b4c82940f689d36ede0fbb5022be31e989297c19cf9accb86bf9ba7
quickjs,bitops-bits-in-byte,,64,1320,1320000000,20625000.0,1345470300,358400,"IM_EXEC:{""test"":""bitops-bits-in-byte"",""n"":64,""elapsed_ms"":1320,""checksum"":""358400""}",,0,True,5b00ba9a5c5657f66ade1ddd8f2816ae39bd34dd3007dc07b5357c2c829bef73
v8_ignition,bitops-bits-in-byte,,64,1348,1348000000,21062500.0,1385012300,358400,"IM_EXEC:{""test"":""bitops-bits-in-byte"",""n"":64,""elapsed_ms"":1348,""checksum"":""358400""}",,0,True,5b00ba9a5c5657f66ade1ddd8f2816ae39bd34dd3007dc07b5357c2c829bef73
quickjs,bitops-bitwise-and,,1,7,7000000,7000000.0,19134400,0,"IM_EXEC:{""test"":""bitops-bitwise-and"",""n"":1,""elapsed_ms"":7,""checksum"":""0""}",,0,True,a45430183a45d108fa5748439a6ca1f09ee8eb6e7bbd00755721feb28dc6437e
v8_ignition,bitops-bitwise-and,,1,9,9000000,9000000.0,47386000,0,"IM_EXEC:{""test"":""bitops-bitwise-and"",""n"":1,""elapsed_ms"":9,""checksum"":""0""}",,0,True,a45430183a45d108fa5748439a6ca1f09ee8eb6e7bbd00755721feb28dc6437e
quickjs,bitops-bitwise-and,,2,14,14000000,7000000.0,25235900,0,"IM_EXEC:{""test"":""bitops-bitwise-and"",""n"":2,""elapsed_ms"":14,""checksum"":""0""}",,0,True,40819a5b60aab055fdb67e12383bd56cfd0c5d44759067c31ed6fac6f69d6b45
v8_ignition,bitops-bitwise-and,,2,18,18000000,9000000.0,55248500,0,"IM_EXEC:{""test"":""bitops-bitwise-and"",""n"":2,""elapsed_ms"":18,""checksum"":""0""}",,0,True,40819a5b60aab055fdb67e12383bd56cfd0c5d44759067c31ed6fac6f69d6b45
quickjs,bitops-bitwise-and,,4,30,30000000,7500000.0,57180600,0,"IM_EXEC:{""test"":""bitops-bitwise-and"",""n"":4,""elapsed_ms"":30,""checksum"":""0""}",,0,True,6be36f3963e250fe3bacdac55aacaeee22afb55ad535b5a3edc5d8c10fe5716a
v8_ignition,bitops-bitwise-and,,4,38,38000000,9500000.0,74463300,0,"IM_EXEC:{""test"":""bitops-bitwise-and"",""n"":4,""elapsed_ms"":38,""checksum"":""0""}",,0,True,6be36f3963e250fe3bacdac55aacaeee22afb55ad535b5a3edc5d8c10fe5716a
quickjs,bitops-bitwise-and,,8,56,56000000,7000000.0,81421700,0,"IM_EXEC:{""test"":""bitops-bitwise-and"",""n"":8,""elapsed_ms"":56,""checksum"":""0""}",,0,True,f3dd96b9b89d7d2dd5d332f97a1cf6e1ba6ee7ba95043b7a5bfad7c9075f54da
v8_ignition,bitops-bitwise-and,,8,81,81000000,10125000.0,118816700,0,"IM_EXEC:{""test"":""bitops-bitwise-and"",""n"":8,""elapsed_ms"":81,""checksum"":""0""}",,0,True,f3dd96b9b89d7d2dd5d332f97a1cf6e1ba6ee7ba95043b7a5bfad7c9075f54da
quickjs,bitops-bitwise-and,,16,114,114000000,7125000.0,141543000,0,"IM_EXEC:{""test"":""bitops-bitwise-and"",""n"":16,""elapsed_ms"":114,""checksum"":""0""}",,0,True,63d85f5bda83e909e3acc1ec401f82b125fbaed02cc41582b8068239e5b4b75d
v8_ignition,bitops-bitwise-and,,16,169,169000000,10562500.0,205772300,0,"IM_EXEC:{""test"":""bitops-bitwise-and"",""n"":16,""elapsed_ms"":169,""checksum"":""0""}",,0,True,63d85f5bda83e909e3acc1ec401f82b125fbaed02cc41582b8068239e5b4b75d
quickjs,bitops-bitwise-and,,32,224,224000000,7000000.0,256427800,0,"IM_EXEC:{""test"":""bitops-bitwise-and"",""n"":32,""elapsed_ms"":224,""checksum"":""0""}",,0,True,f1ecf859918ecf52ef93c4d9aa92f3c9d56d3dc4ee77583d53d1eaeb0020af39
v8_ignition,bitops-bitwise-and,,32,317,317000000,9906250.0,354390200,0,"IM_EXEC:{""test"":""bitops-bitwise-and"",""n"":32,""elapsed_ms"":317,""checksum"":""0""}",,0,True,f1ecf859918ecf52ef93c4d9aa92f3c9d56d3dc4ee77583d53d1eaeb0020af39
quickjs,bitops-bitwise-and,,64,525,525000000,8203125.0,554662500,0,"IM_EXEC:{""test"":""bitops-bitwise-and"",""n"":64,""elapsed_ms"":525,""checksum"":""0""}",,0,True,9e06df4a6511ef6ca74afcc3084eb1b27cc7b34717ac031d13d2d35b2e1c0fe9
v8_ignition,bitops-bitwise-and,,64,643,643000000,10046875.0,679813200,0,"IM_EXEC:{""test"":""bitops-bitwise-and"",""n"":64,""elapsed_ms"":643,""checksum"":""0""}",,0,True,9e06df4a6511ef6ca74afcc3084eb1b27cc7b34717ac031d13d2d35b2e1c0fe9
quickjs,bitops-bitwise-and,,128,922,922000000,7203125.0,947870500,0,"IM_EXEC:{""test"":""bitops-bitwise-and"",""n"":128,""elapsed_ms"":922,""checksum"":""0""}",,0,True,89e3c5dc72508ad1b0622edfd8b033df70fce36ab53395b4d4ee50862d39e572
v8_ignition,bitops-bitwise-and,,128,1257,1257000000,9820312.5,1295800800,0,"IM_EXEC:{""test"":""bitops-bitwise-and"",""n"":128,""elapsed_ms"":1257,""checksum"":""0""}",,0,True,89e3c5dc72508ad1b0622edfd8b033df70fce36ab53395b4d4ee50862d39e572
quickjs,bitops-bitwise-and,,256,2117,2117000000,8269531.25,2142458200,0,"IM_EXEC:{""test"":""bitops-bitwise-and"",""n"":256,""elapsed_ms"":2117,""checksum"":""0""}",,0,True,eed5b353d4a2406db32d34e84a8855c02c005be3643b9966be5612fa0de83cab
v8_ignition,bitops-bitwise-and,,256,2552,2552000000,9968750.0,2591454300,0,"IM_EXEC:{""test"":""bitops-bitwise-and"",""n"":256,""elapsed_ms"":2552,""checksum"":""0""}",,0,True,eed5b353d4a2406db32d34e84a8855c02c005be3643b9966be5612fa0de83cab
quickjs,bitops-nsieve-bits,,1,13,13000000,13000000.0,26823800,-1286749544853,"IM_EXEC:{""test"":""bitops-nsieve-bits"",""n"":1,""elapsed_ms"":13,""checksum"":""-1286749544853""}",,0,True,2b5ed71b902e6cdcea43b9ca592c6049e42a9eae04d58ed933f4fe68e040fc2b
v8_ignition,bitops-nsieve-bits,,1,23,23000000,23000000.0,58963000,-1286749544853,"IM_EXEC:{""test"":""bitops-nsieve-bits"",""n"":1,""elapsed_ms"":23,""checksum"":""-1286749544853""}",,0,True,2b5ed71b902e6cdcea43b9ca592c6049e42a9eae04d58ed933f4fe68e040fc2b
quickjs,bitops-nsieve-bits,,2,27,27000000,13500000.0,39335000,-1286749544853,"IM_EXEC:{""test"":""bitops-nsieve-bits"",""n"":2,""elapsed_ms"":27,""checksum"":""-1286749544853""}",,0,True,365d3a322275cf893903e9dfb7ffc88115ee519282d43ebe5098e0a2c1b90b51
v8_ignition,bitops-nsieve-bits,,2,46,46000000,23000000.0,82261700,-1286749544853,"IM_EXEC:{""test"":""bitops-nsieve-bits"",""n"":2,""elapsed_ms"":46,""checksum"":""-1286749544853""}",,0,True,365d3a322275cf893903e9dfb7ffc88115ee519282d43ebe5098e0a2c1b90b51
quickjs,bitops-nsieve-bits,,4,60,60000000,15000000.0,86938500,-1286749544853,"IM_EXEC:{""test"":""bitops-nsieve-bits"",""n"":4,""elapsed_ms"":60,""checksum"":""-1286749544853""}",,0,True,c66cbad4edb38e01b62c2639be5a5fac5054ca1de47779c64d37f17b8af8f6d0
v8_ignition,bitops-nsieve-bits,,4,93,93000000,23250000.0,129559400,-1286749544853,"IM_EXEC:{""test"":""bitops-nsieve-bits"",""n"":4,""elapsed_ms"":93,""checksum"":""-1286749544853""}",,0,True,c66cbad4edb38e01b62c2639be5a5fac5054ca1de47779c64d37f17b8af8f6d0
quickjs,bitops-nsieve-bits,,8,115,115000000,14375000.0,141837000,-1286749544853,"IM_EXEC:{""test"":""bitops-nsieve-bits"",""n"":8,""elapsed_ms"":115,""checksum"":""-1286749544853""}",,0,True,a66982d19e146beb3eda47e87a6e3e811bd18e90a1e557c6a36432431c25b5fc
v8_ignition,bitops-nsieve-bits,,8,183,183000000,22875000.0,219069700,-1286749544853,"IM_EXEC:{""test"":""bitops-nsieve-bits"",""n"":8,""elapsed_ms"":183,""checksum"":""-1286749544853""}",,0,True,a66982d19e146beb3eda47e87a6e3e811bd18e90a1e557c6a36432431c25b5fc
quickjs,bitops-nsieve-bits,,16,237,237000000,14812500.0,263600500,-1286749544853,"IM_EXEC:{""test"":""bitops-nsieve-bits"",""n"":16,""elapsed_ms"":237,""checksum"":""-1286749544853""}",,0,True,c74f976c4b50d0a773460a8b4e862f0bf6a5e58a8236d654b2c9925e3c41dfbc
v8_ignition,bitops-nsieve-bits,,16,387,387000000,24187500.0,423933200,-1286749544853,"IM_EXEC:{""test"":""bitops-nsieve-bits"",""n"":16,""elapsed_ms"":387,""checksum"":""-1286749544853""}",,0,True,c74f976c4b50d0a773460a8b4e862f0bf6a5e58a8236d654b2c9925e3c41dfbc
quickjs,bitops-nsieve-bits,,32,465,465000000,14531250.0,492197900,-1286749544853,"IM_EXEC:{""test"":""bitops-nsieve-bits"",""n"":32,""elapsed_ms"":465,""checksum"":""-1286749544853""}",,0,True,5a612bfea6de0040112fa34fadc3512ce46b2c0c26561053e3d504a3ef3a80f2
v8_ignition,bitops-nsieve-bits,,32,744,744000000,23250000.0,781769800,-1286749544853,"IM_EXEC:{""test"":""bitops-nsieve-bits"",""n"":32,""elapsed_ms"":744,""checksum"":""-1286749544853""}",,0,True,5a612bfea6de0040112fa34fadc3512ce46b2c0c26561053e3d504a3ef3a80f2
quickjs,bitops-nsieve-bits,,64,963,963000000,15046875.0,989927100,-1286749544853,"IM_EXEC:{""test"":""bitops-nsieve-bits"",""n"":64,""elapsed_ms"":963,""checksum"":""-1286749544853""}",,0,True,4cec464831881545f45fe7e8e69f2decc21de1266c618608bf1b6207af330168
v8_ignition,bitops-nsieve-bits,,64,1775,1775000000,27734375.0,1818952500,-1286749544853,"IM_EXEC:{""test"":""bitops-nsieve-bits"",""n"":64,""elapsed_ms"":1775,""checksum"":""-1286749544853""}",,0,True,4cec464831881545f45fe7e8e69f2decc21de1266c618608bf1b6207af330168
quickjs,bitops-nsieve-bits,,128,1921,1921000000,15007812.5,1955365700,-1286749544853,"IM_EXEC:{""test"":""bitops-nsieve-bits"",""n"":128,""elapsed_ms"":1921,""checksum"":""-1286749544853""}",,0,True,c8cd89d57d6c82edd3ce9aaea504681391c6fb3beef555532dd2653fc0410765
v8_ignition,bitops-nsieve-bits,,128,3289,3289000000,25695312.5,3328466400,-1286749544853,"IM_EXEC:{""test"":""bitops-nsieve-bits"",""n"":128,""elapsed_ms"":3289,""checksum"":""-1286749544853""}",,0,True,c8cd89d57d6c82edd3ce9aaea504681391c6fb3beef555532dd2653fc0410765
quickjs,controlflow-recursive,,1,8,8000000,8000000.0,22069400,57775,"IM_EXEC:{""test"":""controlflow-recursive"",""n"":1,""elapsed_ms"":8,""checksum"":""57775""}",,0,True,17d1436716ce763fed27ac39ae721c9cbce3fded106304cde82e8061832e2ea2
v8_ignition,controlflow-recursive,,1,7,7000000,7000000.0,46282300,57775,"IM_EXEC:{""test"":""controlflow-recursive"",""n"":1,""elapsed_ms"":7,""checksum"":""57775""}",,0,True,17d1436716ce763fed27ac39ae721c9cbce3fded106304cde82e8061832e2ea2
quickjs,controlflow-recursive,,2,17,17000000,8500000.0,29136900,57775,"IM_EXEC:{""test"":""controlflow-recursive"",""n"":2,""elapsed_ms"":17,""checksum"":""57775""}",,0,True,568f35543e9482ca371e990d747363de9b3bf8a77c44a2b3e8ccab9cecea4979
v8_ignition,controlflow-recursive,,2,14,14000000,7000000.0,53027000,57775,"IM_EXEC:{""test"":""controlflow-recursive"",""n"":2,""elapsed_ms"":14,""checksum"":""57775""}",,0,True,568f35543e9482ca371e990d747363de9b3bf8a77c44a2b3e8ccab9cecea4979
quickjs,controlflow-recursive,,4,34,34000000,8500000.0,247515700,57775,"IM_EXEC:{""test"":""controlflow-recursive"",""n"":4,""elapsed_ms"":34,""checksum"":""57775""}",,0,True,d96e4ff5b4f6ce98ec4578caae80ad5c31877857d7910389e5b723a70f2f4d59
v8_ignition,controlflow-recursive,,4,29,29000000,7250000.0,68683200,57775,"IM_EXEC:{""test"":""controlflow-recursive"",""n"":4,""elapsed_ms"":29,""checksum"":""57775""}",,0,True,d96e4ff5b4f6ce98ec4578caae80ad5c31877857d7910389e5b723a70f2f4d59
quickjs,controlflow-recursive,,8,70,70000000,8750000.0,99443900,57775,"IM_EXEC:{""test"":""controlflow-recursive"",""n"":8,""elapsed_ms"":70,""checksum"":""57775""}",,0,True,0f79a4de38fb74c28931eeca835187ac960c1b7c5beb04366eeb729148ce5f90
v8_ignition,controlflow-recursive,,8,58,58000000,7250000.0,96807200,57775,"IM_EXEC:{""test"":""controlflow-recursive"",""n"":8,""elapsed_ms"":58,""checksum"":""57775""}",,0,True,0f79a4de38fb74c28931eeca835187ac960c1b7c5beb04366eeb729148ce5f90
quickjs,controlflow-recursive,,16,137,137000000,8562500.0,167353800,57775,"IM_EXEC:{""test"":""controlflow-recursive"",""n"":16,""elapsed_ms"":137,""checksum"":""57775""}",,0,True,a6c93929fb0136c62a3c8cdf7ee83fb2239a791efd73cbdd3ced7a089011621d
v8_ignition,controlflow-recursive,,16,115,115000000,7187500.0,154008600,57775,"IM_EXEC:{""test"":""controlflow-recursive"",""n"":16,""elapsed_ms"":115,""checksum"":""57775""}",,0,True,a6c93929fb0136c62a3c8cdf7ee83fb2239a791efd73cbdd3ced7a089011621d
quickjs,controlflow-recursive,,32,272,272000000,8500000.0,301756800,57775,"IM_EXEC:{""test"":""controlflow-recursive"",""n"":32,""elapsed_ms"":272,""checksum"":""57775""}",,0,True,120277aca785a02cec153d9a0ef7388c2730441c983cd9fa51d3509cb438cc7e
v8_ignition,controlflow-recursive,,32,231,231000000,7218750.0,271249800,57775,"IM_EXEC:{""test"":""controlflow-recursive"",""n"":32,""elapsed_ms"":231,""checksum"":""57775""}",,0,True,120277aca785a02cec153d9a0ef7388c2730441c983cd9fa51d3509cb438cc7e
quickjs,controlflow-recursive,,64,546,546000000,8531250.0,576654400,57775,"IM_EXEC:{""test"":""controlflow-recursive"",""n"":64,""elapsed_ms"":546,""checksum"":""57775""}",,0,True,5de6dda9914c40b37c73b0bd2630d6269b6675417380d9247d6158de9ffbc1bb
v8_ignition,controlflow-recursive,,64,454,454000000,7093750.0,491318100,57775,"IM_EXEC:{""test"":""controlflow-recursive"",""n"":64,""elapsed_ms"":454,""checksum"":""57775""}",,0,True,5de6dda9914c40b37c73b0bd2630d6269b6675417380d9247d6158de9ffbc1bb
quickjs,controlflow-recursive,,128,1063,1063000000,8304687.5,1093111200,57775,"IM_EXEC:{""test"":""controlflow-recursive"",""n"":128,""elapsed_ms"":1063,""checksum"":""57775""}",,0,True,0c59bd44a391c859634290a653ccb83c784e2d4500ded36d42d400ac2295f416
v8_ignition,controlflow-recursive,,128,912,912000000,7125000.0,948548800,57775,"IM_EXEC:{""test"":""controlflow-recursive"",""n"":128,""elapsed_ms"":912,""checksum"":""57775""}",,0,True,0c59bd44a391c859634290a653ccb83c784e2d4500ded36d42d400ac2295f416
quickjs,controlflow-recursive,,256,2152,2152000000,8406250.0,2179489700,57775,"IM_EXEC:{""test"":""controlflow-recursive"",""n"":256,""elapsed_ms"":2152,""checksum"":""57775""}",,0,True,b0137de1a06fa4c71fcd428e68ee4b3a61ae2444b324da024a872b257fd03c64
v8_ignition,controlflow-recursive,,256,1804,1804000000,7046875.0,1843401200,57775,"IM_EXEC:{""test"":""controlflow-recursive"",""n"":256,""elapsed_ms"":1804,""checksum"":""57775""}",,0,True,b0137de1a06fa4c71fcd428e68ee4b3a61ae2444b324da024a872b257fd03c64
quickjs,crypto-aes,,1,14,14000000,14000000.0,28004000,1343,"IM_EXEC:{""test"":""crypto-aes"",""n"":1,""elapsed_ms"":14,""checksum"":""1343""}",,0,True,4938348ef95ee7bb61e07cdc0c21a0abd40a5b4510a3ebfaec63a4702eb1d501
v8_ignition,crypto-aes,,1,16,16000000,16000000.0,54188500,1343,"IM_EXEC:{""test"":""crypto-aes"",""n"":1,""elapsed_ms"":16,""checksum"":""1343""}",,0,True,4938348ef95ee7bb61e07cdc0c21a0abd40a5b4510a3ebfaec63a4702eb1d501
quickjs,crypto-aes,,2,30,30000000,15000000.0,41883500,1343,"IM_EXEC:{""test"":""crypto-aes"",""n"":2,""elapsed_ms"":30,""checksum"":""1343""}",,0,True,53b3e732d6d01979dbe92cc2b1c841f1e4ef2e7f201ddb2550217151737365b0
v8_ignition,crypto-aes,,2,30,30000000,15000000.0,70828100,1343,"IM_EXEC:{""test"":""crypto-aes"",""n"":2,""elapsed_ms"":30,""checksum"":""1343""}",,0,True,53b3e732d6d01979dbe92cc2b1c841f1e4ef2e7f201ddb2550217151737365b0
quickjs,crypto-aes,,4,60,60000000,15000000.0,95477200,1343,"IM_EXEC:{""test"":""crypto-aes"",""n"":4,""elapsed_ms"":60,""checksum"":""1343""}",,0,True,e60a54fbaf0212b2d34ad7bc4d9f10c82bdf42e9e773f83a38ca5b0eeb9db46e
v8_ignition,crypto-aes,,4,58,58000000,14500000.0,96380900,1343,"IM_EXEC:{""test"":""crypto-aes"",""n"":4,""elapsed_ms"":58,""checksum"":""1343""}",,0,True,e60a54fbaf0212b2d34ad7bc4d9f10c82bdf42e9e773f83a38ca5b0eeb9db46e
quickjs,crypto-aes,,8,126,126000000,15750000.0,161145800,1343,"IM_EXEC:{""test"":""crypto-aes"",""n"":8,""elapsed_ms"":126,""checksum"":""1343""}",,0,True,c210bbddcc3e0d609fc5f3b854638315c0e63c487a646f7cf37ca1364fb49f48
v8_ignition,crypto-aes,,8,113,113000000,14125000.0,150876600,1343,"IM_EXEC:{""test"":""crypto-aes"",""n"":8,""elapsed_ms"":113,""checksum"":""1343""}",,0,True,c210bbddcc3e0d609fc5f3b854638315c0e63c487a646f7cf37ca1364fb49f48
quickjs,crypto-aes,,16,241,241000000,15062500.0,274189500,1343,"IM_EXEC:{""test"":""crypto-aes"",""n"":16,""elapsed_ms"":241,""checksum"":""1343""}",,0,True,45e3c4f750690fb15fa8751246b0887e13aaa6977512e2e5df73c2526c13b7eb
v8_ignition,crypto-aes,,16,222,222000000,13875000.0,261277400,1343,"IM_EXEC:{""test"":""crypto-aes"",""n"":16,""elapsed_ms"":222,""checksum"":""1343""}",,0,True,45e3c4f750690fb15fa8751246b0887e13aaa6977512e2e5df73c2526c13b7eb
quickjs,crypto-aes,,32,541,541000000,16906250.0,584504100,1343,"IM_EXEC:{""test"":""crypto-aes"",""n"":32,""elapsed_ms"":541,""checksum"":""1343""}",,0,True,c2d31c849d18463caab71c942dea42292da332b0b7704f2593033279704e6ca0
v8_ignition,crypto-aes,,32,448,448000000,14000000.0,486158300,1343,"IM_EXEC:{""test"":""crypto-aes"",""n"":32,""elapsed_ms"":448,""checksum"":""1343""}",,0,True,c2d31c849d18463caab71c942dea42292da332b0b7704f2593033279704e6ca0
quickjs,crypto-aes,,64,954,954000000,14906250.0,1020969300,1343,"IM_EXEC:{""test"":""crypto-aes"",""n"":64,""elapsed_ms"":954,""checksum"":""1343""}",,0,True,62af155a3e18ee8dbfc66688751992e0aa4fb665c4ff41c079ab37489c70e63f
v8_ignition,crypto-aes,,64,896,896000000,14000000.0,934864300,1343,"IM_EXEC:{""test"":""crypto-aes"",""n"":64,""elapsed_ms"":896,""checksum"":""1343""}",,0,True,62af155a3e18ee8dbfc66688751992e0aa4fb665c4ff41c079ab37489c70e63f
quickjs,crypto-aes,,128,1905,1905000000,14882812.5,1938458500,1343,"IM_EXEC:{""test"":""crypto-aes"",""n"":128,""elapsed_ms"":1905,""checksum"":""1343""}",,0,True,c058d06958b1cc808c8c6a5054645c8fbb44897667ffe4f042da524c13a66234
v8_ignition,crypto-aes,,128,1779,1779000000,13898437.5,1818724500,1343,"IM_EXEC:{""test"":""crypto-aes"",""n"":128,""elapsed_ms"":1779,""checksum"":""1343""}",,0,True,c058d06958b1cc808c8c6a5054645c8fbb44897667ffe4f042da524c13a66234
quickjs,crypto-md5,,1,8,8000000,8000000.0,20134300,a831e91e0f70eddcb70dc61c6f82f6cd,"IM_EXEC:{""test"":""crypto-md5"",""n"":1,""elapsed_ms"":8,""checksum"":""a831e91e0f70eddcb70dc61c6f82f6cd""}",,0,True,3b06aa4e7800f2ce5dba9d5fd7d11eea709836d2e1df7af1f981d79a53899880
v8_ignition,crypto-md5,,1,8,8000000,8000000.0,46206600,a831e91e0f70eddcb70dc61c6f82f6cd,"IM_EXEC:{""test"":""crypto-md5"",""n"":1,""elapsed_ms"":8,""checksum"":""a831e91e0f70eddcb70dc61c6f82f6cd""}",,0,True,3b06aa4e7800f2ce5dba9d5fd7d11eea709836d2e1df7af1f981d79a53899880
quickjs,crypto-md5,,2,14,14000000,7000000.0,26396100,a831e91e0f70eddcb70dc61c6f82f6cd,"IM_EXEC:{""test"":""crypto-md5"",""n"":2,""elapsed_ms"":14,""checksum"":""a831e91e0f70eddcb70dc61c6f82f6cd""}",,0,True,77cfbf4a0b3d780f6b27f8830aebf669bceebe110ce05ef6f01722d4672ee305
v8_ignition,crypto-md5,,2,15,15000000,7500000.0,51968300,a831e91e0f70eddcb70dc61c6f82f6cd,"IM_EXEC:{""test"":""crypto-md5"",""n"":2,""elapsed_ms"":15,""checksum"":""a831e91e0f70eddcb70dc61c6f82f6cd""}",,0,True,77cfbf4a0b3d780f6b27f8830aebf669bceebe110ce05ef6f01722d4672ee305
quickjs,crypto-md5,,4,30,30000000,7500000.0,62298100,a831e91e0f70eddcb70dc61c6f82f6cd,"IM_EXEC:{""test"":""crypto-md5"",""n"":4,""elapsed_ms"":30,""checksum"":""a831e91e0f70eddcb70dc61c6f82f6cd""}",,0,True,0d4bf9c4b13bf42e7ae61331f97372635227998d3e7f9d29b520faea815e76b4
v8_ignition,crypto-md5,,4,31,31000000,7750000.0,67924400,a831e91e0f70eddcb70dc61c6f82f6cd,"IM_EXEC:{""test"":""crypto-md5"",""n"":4,""elapsed_ms"":31,""checksum"":""a831e91e0f70eddcb70dc61c6f82f6cd""}",,0,True,0d4bf9c4b13bf42e7ae61331f97372635227998d3e7f9d29b520faea815e76b4
quickjs,crypto-md5,,8,59,59000000,7375000.0,88051100,a831e91e0f70eddcb70dc61c6f82f6cd,"IM_EXEC:{""test"":""crypto-md5"",""n"":8,""elapsed_ms"":59,""checksum"":""a831e91e0f70eddcb70dc61c6f82f6cd""}",,0,True,d49afe10bacf2b9be5c1c3813973208b2d09e7141edaee4675f1ccd563c3b419
v8_ignition,crypto-md5,,8,65,65000000,8125000.0,102341400,a831e91e0f70eddcb70dc61c6f82f6cd,"IM_EXEC:{""test"":""crypto-md5"",""n"":8,""elapsed_ms"":65,""checksum"":""a831e91e0f70eddcb70dc61c6f82f6cd""}",,0,True,d49afe10bacf2b9be5c1c3813973208b2d09e7141edaee4675f1ccd563c3b419
quickjs,crypto-md5,,16,118,118000000,7375000.0,147564700,a831e91e0f70eddcb70dc61c6f82f6cd,"IM_EXEC:{""test"":""crypto-md5"",""n"":16,""elapsed_ms"":118,""checksum"":""a831e91e0f70eddcb70dc61c6f82f6cd""}",,0,True,66acbc557e42cc7438ca56b98325a69e82e98038a2373d27d5a6d9af1eda234a
v8_ignition,crypto-md5,,16,125,125000000,7812500.0,162289100,a831e91e0f70eddcb70dc61c6f82f6cd,"IM_EXEC:{""test"":""crypto-md5"",""n"":16,""elapsed_ms"":125,""checksum"":""a831e91e0f70eddcb70dc61c6f82f6cd""}",,0,True,66acbc557e42cc7438ca56b98325a69e82e98038a2373d27d5a6d9af1eda234a
quickjs,crypto-md5,,32,230,230000000,7187500.0,261138000,a831e91e0f70eddcb70dc61c6f82f6cd,"IM_EXEC:{""test"":""crypto-md5"",""n"":32,""elapsed_ms"":230,""checksum"":""a831e91e0f70eddcb70dc61c6f82f6cd""}",,0,True,549a42a228df1947852addfc035c6f8b67f07cb2e0ea156e8bbe2f1edd5ca86d
v8_ignition,crypto-md5,,32,249,249000000,7781250.0,288263300,a831e91e0f70eddcb70dc61c6f82f6cd,"IM_EXEC:{""test"":""crypto-md5"",""n"":32,""elapsed_ms"":249,""checksum"":""a831e91e0f70eddcb70dc61c6f82f6cd""}",,0,True,549a42a228df1947852addfc035c6f8b67f07cb2e0ea156e8bbe2f1edd5ca86d
quickjs,crypto-md5,,64,468,468000000,7312500.0,498975500,a831e91e0f70eddcb70dc61c6f82f6cd,"IM_EXEC:{""test"":""crypto-md5"",""n"":64,""elapsed_ms"":468,""checksum"":""a831e91e0f70eddcb70dc61c6f82f6cd""}",,0,True,4efc71b92ec2c8ec40dea700aac8752e6adb5d2586e987d83d2d5d486eac1e57
v8_ignition,crypto-md5,,64,497,497000000,7765625.0,536202200,a831e91e0f70eddcb70dc61c6f82f6cd,"IM_EXEC:{""test"":""crypto-md5"",""n"":64,""elapsed_ms"":497,""checksum"":""a831e91e0f70eddcb70dc61c6f82f6cd""}",,0,True,4efc71b92ec2c8ec40dea700aac8752e6adb5d2586e987d83d2d5d486eac1e57
quickjs,crypto-md5,,128,930,930000000,7265625.0,961342900,a831e91e0f70eddcb70dc61c6f82f6cd,"IM_EXEC:{""test"":""crypto-md5"",""n"":128,""elapsed_ms"":930,""checksum"":""a831e91e0f70eddcb70dc61c6f82f6cd""}",,0,True,a81930f0d3678b3d91cb8bb89341c72348b8e389e86fa850251088fdd0fac138
v8_ignition,crypto-md5,,128,1011,1011000000,7898437.5,1048699800,a831e91e0f70eddcb70dc61c6f82f6cd,"IM_EXEC:{""test"":""crypto-md5"",""n"":128,""elapsed_ms"":1011,""checksum"":""a831e91e0f70eddcb70dc61c6f82f6cd""}",,0,True,a81930f0d3678b3d91cb8bb89341c72348b8e389e86fa850251088fdd0fac138
quickjs,crypto-md5,,256,1860,1860000000,7265625.0,1891926000,a831e91e0f70eddcb70dc61c6f82f6cd,"IM_EXEC:{""test"":""crypto-md5"",""n"":256,""elapsed_ms"":1860,""checksum"":""a831e91e0f70eddcb70dc61c6f82f6cd""}",,0,True,b3676cc77ffa8184c46e9b99de32642296b190805d342e8e046279b12aa423b3
v8_ignition,crypto-md5,,256,2018,2018000000,7882812.5,2057680800,a831e91e0f70eddcb70dc61c6f82f6cd,"IM_EXEC:{""test"":""crypto-md5"",""n"":256,""elapsed_ms"":2018,""checksum"":""a831e91e0f70eddcb70dc61c6f82f6cd""}",,0,True,b3676cc77ffa8184c46e9b99de32642296b190805d342e8e046279b12aa423b3
quickjs,crypto-sha1,,1,7,7000000,7000000.0,19458500,2524d264def74cce2498bf112bedf00e6c0b796d,"IM_EXEC:{""test"":""crypto-sha1"",""n"":1,""elapsed_ms"":7,""checksum"":""2524d264def74cce2498bf112bedf00e6c0b796d""}",,0,True,517c77029a2c598df59173e31425f67e9e0164da2cbeb13de804d8770f56a5c0
v8_ignition,crypto-sha1,,1,8,8000000,8000000.0,46086900,2524d264def74cce2498bf112bedf00e6c0b796d,"IM_EXEC:{""test"":""crypto-sha1"",""n"":1,""elapsed_ms"":8,""checksum"":""2524d264def74cce2498bf112bedf00e6c0b796d""}",,0,True,517c77029a2c598df59173e31425f67e9e0164da2cbeb13de804d8770f56a5c0
quickjs,crypto-sha1,,2,14,14000000,7000000.0,25613600,2524d264def74cce2498bf112bedf00e6c0b796d,"IM_EXEC:{""test"":""crypto-sha1"",""n"":2,""elapsed_ms"":14,""checksum"":""2524d264def74cce2498bf112bedf00e6c0b796d""}",,0,True,24e53bcaf352e39503aef79f35ec81b1453809aa4b86fd368869262f0f26f77f
v8_ignition,crypto-sha1,,2,17,17000000,8500000.0,54943500,2524d264def74cce2498bf112bedf00e6c0b796d,"IM_EXEC:{""test"":""crypto-sha1"",""n"":2,""elapsed_ms"":17,""checksum"":""2524d264def74cce2498bf112bedf00e6c0b796d""}",,0,True,24e53bcaf352e39503aef79f35ec81b1453809aa4b86fd368869262f0f26f77f
quickjs,crypto-sha1,,4,28,28000000,7000000.0,58596700,2524d264def74cce2498bf112bedf00e6c0b796d,"IM_EXEC:{""test"":""crypto-sha1"",""n"":4,""elapsed_ms"":28,""checksum"":""2524d264def74cce2498bf112bedf00e6c0b796d""}",,0,True,ecdf3fce339395b6f39d4438931ae2983f4c7326e71377a4986bec5665063aa9
v8_ignition,crypto-sha1,,4,35,35000000,8750000.0,72474400,2524d264def74cce2498bf112bedf00e6c0b796d,"IM_EXEC:{""test"":""crypto-sha1"",""n"":4,""elapsed_ms"":35,""checksum"":""2524d264def74cce2498bf112bedf00e6c0b796d""}",,0,True,ecdf3fce339395b6f39d4438931ae2983f4c7326e71377a4986bec5665063aa9
quickjs,crypto-sha1,,8,55,55000000,6875000.0,86584500,2524d264def74cce2498bf112bedf00e6c0b796d,"IM_EXEC:{""test"":""crypto-sha1"",""n"":8,""elapsed_ms"":55,""checksum"":""2524d264def74cce2498bf112bedf00e6c0b796d""}",,0,True,4331e7e37d9ac147bd662f4d65772a4ea1cb54e36355d44dd469067f4147127d
v8_ignition,crypto-sha1,,8,69,69000000,8625000.0,107003100,2524d264def74cce2498bf112bedf00e6c0b796d,"IM_EXEC:{""test"":""crypto-sha1"",""n"":8,""elapsed_ms"":69,""checksum"":""2524d264def74cce2498bf112bedf00e6c0b796d""}",,0,True,4331e7e37d9ac147bd662f4d65772a4ea1cb54e36355d44dd469067f4147127d
quickjs,crypto-sha1,,16,112,112000000,7000000.0,144600000,2524d264def74cce2498bf112bedf00e6c0b796d,"IM_EXEC:{""test"":""crypto-sha1"",""n"":16,""elapsed_ms"":112,""checksum"":""2524d264def74cce2498bf112bedf00e6c0b796d""}",,0,True,da507f679e84b818a3529451d5b397e00329209e9924549bac119ef81702a14b
v8_ignition,crypto-sha1,,16,142,142000000,8875000.0,180409800,2524d264def74cce2498bf112bedf00e6c0b796d,"IM_EXEC:{""test"":""crypto-sha1"",""n"":16,""elapsed_ms"":142,""checksum"":""2524d264def74cce2498bf112bedf00e6c0b796d""}",,0,True,da507f679e84b818a3529451d5b397e00329209e9924549bac119ef81702a14b
quickjs,crypto-sha1,,32,223,223000000,6968750.0,261579700,2524d264def74cce2498bf112bedf00e6c0b796d,"IM_EXEC:{""test"":""crypto-sha1"",""n"":32,""elapsed_ms"":223,""checksum"":""2524d264def74cce2498bf112bedf00e6c0b796d""}",,0,True,b92736f510b3579b6c2cadbf05ab87d6dc6ab24d4680aa1e9ddedd49925eaffe
v8_ignition,crypto-sha1,,32,277,277000000,8656250.0,315709100,2524d264def74cce2498bf112bedf00e6c0b796d,"IM_EXEC:{""test"":""crypto-sha1"",""n"":32,""elapsed_ms"":277,""checksum"":""2524d264def74cce2498bf112bedf00e6c0b796d""}",,0,True,b92736f510b3579b6c2cadbf05ab87d6dc6ab24d4680aa1e9ddedd49925eaffe
quickjs,crypto-sha1,,64,443,443000000,6921875.0,474112100,2524d264def74cce2498bf112bedf00e6c0b796d,"IM_EXEC:{""test"":""crypto-sha1"",""n"":64,""elapsed_ms"":443,""checksum"":""2524d264def74cce2498bf112bedf00e6c0b796d""}",,0,True,e62ecb1326540fec746583eaee141eba39d8b9ec55e13e9151a82ca63c8e0f79
v8_ignition,crypto-sha1,,64,596,596000000,9312500.0,635206700,2524d264def74cce2498bf112bedf00e6c0b796d,"IM_EXEC:{""test"":""crypto-sha1"",""n"":64,""elapsed_ms"":596,""checksum"":""2524d264def74cce2498bf112bedf00e6c0b796d""}",,0,True,e62ecb1326540fec746583eaee141eba39d8b9ec55e13e9151a82ca63c8e0f79
quickjs,crypto-sha1,,128,887,887000000,6929687.5,921700000,2524d264def74cce2498bf112bedf00e6c0b796d,"IM_EXEC:{""test"":""crypto-sha1"",""n"":128,""elapsed_ms"":887,""checksum"":""2524d264def74cce2498bf112bedf00e6c0b796d""}",,0,True,83bac8b532fce851ee97446414bab8b25f5bcb70177ad8a2172c220e82978f89
v8_ignition,crypto-sha1,,128,1106,1106000000,8640625.0,1144301900,2524d264def74cce2498bf112bedf00e6c0b796d,"IM_EXEC:{""test"":""crypto-sha1"",""n"":128,""elapsed_ms"":1106,""checksum"":""2524d264def74cce2498bf112bedf00e6c0b796d""}",,0,True,83bac8b532fce851ee97446414bab8b25f5bcb70177ad8a2172c220e82978f89
quickjs,crypto-sha1,,256,1777,1777000000,6941406.25,1818576600,2524d264def74cce2498bf112bedf00e6c0b796d,"IM_EXEC:{""test"":""crypto-sha1"",""n"":256,""elapsed_ms"":1777,""checksum"":""2524d264def74cce2498bf112bedf00e6c0b796d""}",,0,True,efb82da8b03c1f4f11eeb3f88f9902179a62f0a21e620fe0f60845b8b874e292
v8_ignition,crypto-sha1,,256,2199,2199000000,8589843.75,2236842100,2524d264def74cce2498bf112bedf00e6c0b796d,"IM_EXEC:{""test"":""crypto-sha1"",""n"":256,""elapsed_ms"":2199,""checksum"":""2524d264def74cce2498bf112bedf00e6c0b796d""}",,0,True,efb82da8b03c1f4f11eeb3f88f9902179a62f0a21e620fe0f60845b8b874e292
quickjs,date-format-tofte,,1,31,31000000,31000000.0,43873300,"2008-05-01|Thursday, May 01, 2008 5:31:22 PM|1209718549000","IM_EXEC:{""test"":""date-format-tofte"",""n"":1,""elapsed_ms"":31,""checksum"":""2008-05-01|Thursday, May 01, 2008 5:31:22 PM|1209718549000""}",,0,True,a3262c29a7728dab556176d12a3c25e7bd3e43424e543edfe98b8acc53ea7f19
v8_ignition,date-format-tofte,,1,11,11000000,11000000.0,48220400,"2008-05-01|Thursday, May 01, 2008 5:31:22 PM|1209718549000","IM_EXEC:{""test"":""date-format-tofte"",""n"":1,""elapsed_ms"":11,""checksum"":""2008-05-01|Thursday, May 01, 2008 5:31:22 PM|1209718549000""}",,0,True,a3262c29a7728dab556176d12a3c25e7bd3e43424e543edfe98b8acc53ea7f19
quickjs,date-format-tofte,,2,64,64000000,32000000.0,76383500,"2008-05-01|Thursday, May 01, 2008 5:31:22 PM|1209718549000","IM_EXEC:{""test"":""date-format-tofte"",""n"":2,""elapsed_ms"":64,""checksum"":""2008-05-01|Thursday, May 01, 2008 5:31:22 PM|1209718549000""}",,0,True,3aeab2580b0761a1fc3f1e6d46dfdd0c4b1e15678ea25ae79c0e0e7f2296713d
v8_ignition,date-format-tofte,,2,19,19000000,9500000.0,58521000,"2008-05-01|Thursday, May 01, 2008 5:31:22 PM|1209718549000","IM_EXEC:{""test"":""date-format-tofte"",""n"":2,""elapsed_ms"":19,""checksum"":""2008-05-01|Thursday, May 01, 2008 5:31:22 PM|1209718549000""}",,0,True,3aeab2580b0761a1fc3f1e6d46dfdd0c4b1e15678ea25ae79c0e0e7f2296713d
quickjs,date-format-tofte,,4,124,124000000,31000000.0,156766500,"2008-05-01|Thursday, May 01, 2008 5:31:22 PM|1209718549000","IM_EXEC:{""test"":""date-format-tofte"",""n"":4,""elapsed_ms"":124,""checksum"":""2008-05-01|Thursday, May 01, 2008 5:31:22 PM|1209718549000""}",,0,True,45a6c2ee200b1e9070216882cfab10064c2a0539bd0b2370a77c2ac1ff5bc1b8
v8_ignition,date-format-tofte,,4,37,37000000,9250000.0,75354400,"2008-05-01|Thursday, May 01, 2008 5:31:22 PM|1209718549000","IM_EXEC:{""test"":""date-format-tofte"",""n"":4,""elapsed_ms"":37,""checksum"":""2008-05-01|Thursday, May 01, 2008 5:31:22 PM|1209718549000""}",,0,True,45a6c2ee200b1e9070216882cfab10064c2a0539bd0b2370a77c2ac1ff5bc1b8
quickjs,date-format-tofte,,8,243,243000000,30375000.0,276316300,"2008-05-01|Thursday, May 01, 2008 5:31:22 PM|1209718549000","IM_EXEC:{""test"":""date-format-tofte"",""n"":8,""elapsed_ms"":243,""checksum"":""2008-05-01|Thursday, May 01, 2008 5:31:22 PM|1209718549000""}",,0,True,3370c3c781f063971028888f953db8a0af75a0afd87a441ec9d3284ba892a8c0
v8_ignition,date-format-tofte,,8,72,72000000,9000000.0,108433500,"2008-05-01|Thursday, May 01, 2008 5:31:22 PM|1209718549000","IM_EXEC:{""test"":""date-format-tofte"",""n"":8,""elapsed_ms"":72,""checksum"":""2008-05-01|Thursday, May 01, 2008 5:31:22 PM|1209718549000""}",,0,True,3370c3c781f063971028888f953db8a0af75a0afd87a441ec9d3284ba892a8c0
quickjs,date-format-tofte,,16,485,485000000,30312500.0,518952600,"2008-05-01|Thursday, May 01, 2008 5:31:22 PM|1209718549000","IM_EXEC:{""test"":""date-format-tofte"",""n"":16,""elapsed_ms"":485,""checksum"":""2008-05-01|Thursday, May 01, 2008 5:31:22 PM|1209718549000""}",,0,True,58906a2a6dee685a184ecc871aa84ae053e3bc66cb8c089405222219d1e424b5
v8_ignition,date-format-tofte,,16,138,138000000,8625000.0,177999100,"2008-05-01|Thursday, May 01, 2008 5:31:22 PM|1209718549000","IM_EXEC:{""test"":""date-format-tofte"",""n"":16,""elapsed_ms"":138,""checksum"":""2008-05-01|Thursday, May 01, 2008 5:31:22 PM|1209718549000""}",,0,True,58906a2a6dee685a184ecc871aa84ae053e3bc66cb8c089405222219d1e424b5
quickjs,date-format-tofte,,32,973,973000000,30406250.0,1006600400,"2008-05-01|Thursday, May 01, 2008 5:31:22 PM|1209718549000","IM_EXEC:{""test"":""date-format-tofte"",""n"":32,""elapsed_ms"":973,""checksum"":""2008-05-01|Thursday, May 01, 2008 5:31:22 PM|1209718549000""}",,0,True,70fddbd5fb9a64c6ccdeb2db028074f520271e3bef6ceda1987e648e980ff03f
v8_ignition,date-format-tofte,,32,283,283000000,8843750.0,324029100,"2008-05-01|Thursday, May 01, 2008 5:31:22 PM|1209718549000","IM_EXEC:{""test"":""date-format-tofte"",""n"":32,""elapsed_ms"":283,""checksum"":""2008-05-01|Thursday, May 01, 2008 5:31:22 PM|1209718549000""}",,0,True,70fddbd5fb9a64c6ccdeb2db028074f520271e3bef6ceda1987e648e980ff03f
quickjs,date-format-tofte,,64,1943,1943000000,30359375.0,1975499000,"2008-05-01|Thursday, May 01, 2008 5:31:22 PM|1209718549000","IM_EXEC:{""test"":""date-format-tofte"",""n"":64,""elapsed_ms"":1943,""checksum"":""2008-05-01|Thursday, May 01, 2008 5:31:22 PM|1209718549000""}",,0,True,68cd2dbc00f4ebac8432d77926e5226f8aa4ab76baeba29f930edbe785c9137b
v8_ignition,date-format-tofte,,64,553,553000000,8640625.0,593245200,"2008-05-01|Thursday, May 01, 2008 5:31:22 PM|1209718549000","IM_EXEC:{""test"":""date-format-tofte"",""n"":64,""elapsed_ms"":553,""checksum"":""2008-05-01|Thursday, May 01, 2008 5:31:22 PM|1209718549000""}",,0,True,68cd2dbc00f4ebac8432d77926e5226f8aa4ab76baeba29f930edbe785c9137b
quickjs,date-format-tofte,,128,3968,3968000000,31000000.0,4003953200,"2008-05-01|Thursday, May 01, 2008 5:31:22 PM|1209718549000","IM_EXEC:{""test"":""date-format-tofte"",""n"":128,""elapsed_ms"":3968,""checksum"":""2008-05-01|Thursday, May 01, 2008 5:31:22 PM|1209718549000""}",,0,True,9535a5df1307bfc8288791fc3faf48c5e50a5deb6f04987d455c2bcc11ed4bfc
v8_ignition,date-format-tofte,,128,1088,1088000000,8500000.0,1126751400,"2008-05-01|Thursday, May 01, 2008 5:31:22 PM|1209718549000","IM_EXEC:{""test"":""date-format-tofte"",""n"":128,""elapsed_ms"":1088,""checksum"":""2008-05-01|Thursday, May 01, 2008 5:31:22 PM|1209718549000""}",,0,True,9535a5df1307bfc8288791fc3faf48c5e50a5deb6f04987d455c2bcc11ed4bfc
quickjs,date-format-xparb,,1,22,22000000,22000000.0,34357500,"2017-09-05|Tuesday, September 05, 2017 7:43:48 AM|1504652895000","IM_EXEC:{""test"":""date-format-xparb"",""n"":1,""elapsed_ms"":22,""checksum"":""2017-09-05|Tuesday, September 05, 2017 7:43:48 AM|1504652895000""}",,0,True,34f270e20d597edb7776d4a4ae02c1ce4de366752baac472789220368e11b783
v8_ignition,date-format-xparb,,1,7,7000000,7000000.0,46001800,"2017-09-05|Tuesday, September 05, 2017 7:43:48 AM|1504652895000","IM_EXEC:{""test"":""date-format-xparb"",""n"":1,""elapsed_ms"":7,""checksum"":""2017-09-05|Tuesday, September 05, 2017 7:43:48 AM|1504652895000""}",,0,True,34f270e20d597edb7776d4a4ae02c1ce4de366752baac472789220368e11b783
quickjs,date-format-xparb,,2,41,41000000,20500000.0,52498700,"2017-09-05|Tuesday, September 05, 2017 7:43:48 AM|1504652895000","IM_EXEC:{""test"":""date-format-xparb"",""n"":2,""elapsed_ms"":41,""checksum"":""2017-09-05|Tuesday, September 05, 2017 7:43:48 AM|1504652895000""}",,0,True,ecfec6eadf7374e424cd4e10ffda4875d8e6608233417ddec497100c6284eb31
v8_ignition,date-format-xparb,,2,11,11000000,5500000.0,48241400,"2017-09-05|Tuesday, September 05, 2017 7:43:48 AM|1504652895000","IM_EXEC:{""test"":""date-format-xparb"",""n"":2,""elapsed_ms"":11,""checksum"":""2017-09-05|Tuesday, September 05, 2017 7:43:48 AM|1504652895000""}",,0,True,ecfec6eadf7374e424cd4e10ffda4875d8e6608233417ddec497100c6284eb31
quickjs,date-format-xparb,,4,83,83000000,20750000.0,115896400,"2017-09-05|Tuesday, September 05, 2017 7:43:48 AM|1504652895000","IM_EXEC:{""test"":""date-format-xparb"",""n"":4,""elapsed_ms"":83,""checksum"":""2017-09-05|Tuesday, September 05, 2017 7:43:48 AM|1504652895000""}",,0,True,d7a115b69855467e79b787670e7bac0c655a7cb52cc417aa3cf353008c0d06dc
v8_ignition,date-format-xparb,,4,20,20000000,5000000.0,60092800,"2017-09-05|Tuesday, September 05, 2017 7:43:48 AM|1504652895000","IM_EXEC:{""test"":""date-format-xparb"",""n"":4,""elapsed_ms"":20,""checksum"":""2017-09-05|Tuesday, September 05, 2017 7:43:48 AM|1504652895000""}",,0,True,d7a115b69855467e79b787670e7bac0c655a7cb52cc417aa3cf353008c0d06dc
quickjs,date-format-xparb,,8,161,161000000,20125000.0,194420900,"2017-09-05|Tuesday, September 05, 2017 7:43:48 AM|1504652895000","IM_EXEC:{""test"":""date-format-xparb"",""n"":8,""elapsed_ms"":161,""checksum"":""2017-09-05|Tuesday, September 05, 2017 7:43:48 AM|1504652895000""}",,0,True,b0606b1195cdc9f8baccf15a4b0a042e0da4d0e6ddd003e1cb79511357f03c30
v8_ignition,date-format-xparb,,8,36,36000000,4500000.0,72460300,"2017-09-05|Tuesday, September 05, 2017 7:43:48 AM|1504652895000","IM_EXEC:{""test"":""date-format-xparb"",""n"":8,""elapsed_ms"":36,""checksum"":""2017-09-05|Tuesday, September 05, 2017 7:43:48 AM|1504652895000""}",,0,True,b0606b1195cdc9f8baccf15a4b0a042e0da4d0e6ddd003e1cb79511357f03c30
quickjs,date-format-xparb,,16,321,321000000,20062500.0,352612500,"2017-09-05|Tuesday, September 05, 2017 7:43:48 AM|1504652895000","IM_EXEC:{""test"":""date-format-xparb"",""n"":16,""elapsed_ms"":321,""checksum"":""2017-09-05|Tuesday, September 05, 2017 7:43:48 AM|1504652895000""}",,0,True,89460ac6c9c17a31d8f66bb188f3890d148be97f09b90c117aa2fb4c97c2407c
v8_ignition,date-format-xparb,,16,72,72000000,4500000.0,112417800,"2017-09-05|Tuesday, September 05, 2017 7:43:48 AM|1504652895000","IM_EXEC:{""test"":""date-format-xparb"",""n"":16,""elapsed_ms"":72,""checksum"":""2017-09-05|Tuesday, September 05, 2017 7:43:48 AM|1504652895000""}",,0,True,89460ac6c9c17a31d8f66bb188f3890d148be97f09b90c117aa2fb4c97c2407c
quickjs,date-format-xparb,,32,643,643000000,20093750.0,676771700,"2017-09-05|Tuesday, September 05, 2017 7:43:48 AM|1504652895000","IM_EXEC:{""test"":""date-format-xparb"",""n"":32,""elapsed_ms"":643,""checksum"":""2017-09-05|Tuesday, September 05, 2017 7:43:48 AM|1504652895000""}",,0,True,49313fbf4dfcab292fad20217b1c6ed43143e8fd67ad9a867ccaf0440fbd5d09
v8_ignition,date-format-xparb,,32,139,139000000,4343750.0,177097600,"2017-09-05|Tuesday, September 05, 2017 7:43:48 AM|1504652895000","IM_EXEC:{""test"":""date-format-xparb"",""n"":32,""elapsed_ms"":139,""checksum"":""2017-09-05|Tuesday, September 05, 2017 7:43:48 AM|1504652895000""}",,0,True,49313fbf4dfcab292fad20217b1c6ed43143e8fd67ad9a867ccaf0440fbd5d09
quickjs,date-format-xparb,,64,1301,1301000000,20328125.0,1332898500,"2017-09-05|Tuesday, September 05, 2017 7:43:48 AM|1504652895000","IM_EXEC:{""test"":""date-format-xparb"",""n"":64,""elapsed_ms"":1301,""checksum"":""2017-09-05|Tuesday, September 05, 2017 7:43:48 AM|1504652895000""}",,0,True,9e845755c97e43a773d0b6a27e0f8a46e8dddde98e3de5876ed9b7b51db40296
v8_ignition,date-format-xparb,,64,275,275000000,4296875.0,312958900,"2017-09-05|Tuesday, September 05, 2017 7:43:48 AM|1504652895000","IM_EXEC:{""test"":""date-format-xparb"",""n"":64,""elapsed_ms"":275,""checksum"":""2017-09-05|Tuesday, September 05, 2017 7:43:48 AM|1504652895000""}",,0,True,9e845755c97e43a773d0b6a27e0f8a46e8dddde98e3de5876ed9b7b51db40296
quickjs,date-format-xparb,,128,2582,2582000000,20171875.0,2613624600,"2017-09-05|Tuesday, September 05, 2017 7:43:48 AM|1504652895000","IM_EXEC:{""test"":""date-format-xparb"",""n"":128,""elapsed_ms"":2582,""checksum"":""2017-09-05|Tuesday, September 05, 2017 7:43:48 AM|1504652895000""}",,0,True,4c293856ea5e36c7cc8dabf5cc5abecd9509005b9fa7f1cdf5bd581922782a54
v8_ignition,date-format-xparb,,128,536,536000000,4187500.0,574042700,"2017-09-05|Tuesday, September 05, 2017 7:43:48 AM|1504652895000","IM_EXEC:{""test"":""date-format-xparb"",""n"":128,""elapsed_ms"":536,""checksum"":""2017-09-05|Tuesday, September 05, 2017 7:43:48 AM|1504652895000""}",,0,True,4c293856ea5e36c7cc8dabf5cc5abecd9509005b9fa7f1cdf5bd581922782a54
quickjs,date-format-xparb,,256,5165,5165000000,20175781.25,5199751700,"2017-09-05|Tuesday, September 05, 2017 7:43:48 AM|1504652895000","IM_EXEC:{""test"":""date-format-xparb"",""n"":256,""elapsed_ms"":5165,""checksum"":""2017-09-05|Tuesday, September 05, 2017 7:43:48 AM|1504652895000""}",,0,True,add041cbb7bfa753ec4a301e26ec01e33f116b6a16883f80454b18f7790e4320
v8_ignition,date-format-xparb,,256,1080,1080000000,4218750.0,1119953900,"2017-09-05|Tuesday, September 05, 2017 7:43:48 AM|1504652895000","IM_EXEC:{""test"":""date-format-xparb"",""n"":256,""elapsed_ms"":1080,""checksum"":""2017-09-05|Tuesday, September 05, 2017 7:43:48 AM|1504652895000""}",,0,True,add041cbb7bfa753ec4a301e26ec01e33f116b6a16883f80454b18f7790e4320
quickjs,math-cordic,,1,22,22000000,22000000.0,34363800,10362.570468755888,"IM_EXEC:{""test"":""math-cordic"",""n"":1,""elapsed_ms"":22,""checksum"":""10362.570468755888""}",,0,True,a05074637535f2d31f1d8f6de3676750208b405b4652257993988e620e4dc0f7
v8_ignition,math-cordic,,1,19,19000000,19000000.0,57141300,10362.570468755888,"IM_EXEC:{""test"":""math-cordic"",""n"":1,""elapsed_ms"":19,""checksum"":""10362.570468755888""}",,0,True,a05074637535f2d31f1d8f6de3676750208b405b4652257993988e620e4dc0f7
quickjs,math-cordic,,2,44,44000000,22000000.0,55621600,10362.570468755888,"IM_EXEC:{""test"":""math-cordic"",""n"":2,""elapsed_ms"":44,""checksum"":""10362.570468755888""}",,0,True,e1a9e8ca624fc32166df18c139816c77c408c3a0e8268f4e9a99425fb4a1749e
v8_ignition,math-cordic,,2,36,36000000,18000000.0,73081500,10362.570468755888,"IM_EXEC:{""test"":""math-cordic"",""n"":2,""elapsed_ms"":36,""checksum"":""10362.570468755888""}",,0,True,e1a9e8ca624fc32166df18c139816c77c408c3a0e8268f4e9a99425fb4a1749e
quickjs,math-cordic,,4,88,88000000,22000000.0,115170800,10362.570468755888,"IM_EXEC:{""test"":""math-cordic"",""n"":4,""elapsed_ms"":88,""checksum"":""10362.570468755888""}",,0,True,d47c28effa4b2686fee82cf49a6867e4c07c6006a85be57d59aa629c47470f6a
v8_ignition,math-cordic,,4,69,69000000,17250000.0,105100400,10362.570468755888,"IM_EXEC:{""test"":""math-cordic"",""n"":4,""elapsed_ms"":69,""checksum"":""10362.570468755888""}",,0,True,d47c28effa4b2686fee82cf49a6867e4c07c6006a85be57d59aa629c47470f6a
quickjs,math-cordic,,8,176,176000000,22000000.0,204930100,10362.570468755888,"IM_EXEC:{""test"":""math-cordic"",""n"":8,""elapsed_ms"":176,""checksum"":""10362.570468755888""}",,0,True,306d2b9aab31766d707f00fb1d95b7ee678908e95096f9190a4a058ef1316850
v8_ignition,math-cordic,,8,139,139000000,17375000.0,177104200,10362.570468755888,"IM_EXEC:{""test"":""math-cordic"",""n"":8,""elapsed_ms"":139,""checksum"":""10362.570468755888""}",,0,True,306d2b9aab31766d707f00fb1d95b7ee678908e95096f9190a4a058ef1316850
quickjs,math-cordic,,16,352,352000000,22000000.0,380748800,10362.570468755888,"IM_EXEC:{""test"":""math-cordic"",""n"":16,""elapsed_ms"":352,""checksum"":""10362.570468755888""}",,0,True,3b5fe6457708f74656ed7b4a08780f3ac5b353c9ad896987afc9a4aeb3351c8e
v8_ignition,math-cordic,,16,276,276000000,17250000.0,313039300,10362.570468755888,"IM_EXEC:{""test"":""math-cordic"",""n"":16,""elapsed_ms"":276,""checksum"":""10362.570468755888""}",,0,True,3b5fe6457708f74656ed7b4a08780f3ac5b353c9ad896987afc9a4aeb3351c8e
quickjs,math-cordic,,32,710,710000000,22187500.0,739316400,10362.570468755888,"IM_EXEC:{""test"":""math-cordic"",""n"":32,""elapsed_ms"":710,""checksum"":""10362.570468755888""}",,0,True,d5d33e29e94b2d8ca2c1638f833dde4bf1e090859281525b3f3184ee704781b3
v8_ignition,math-cordic,,32,558,558000000,17437500.0,594663300,10362.570468755888,"IM_EXEC:{""test"":""math-cordic"",""n"":32,""elapsed_ms"":558,""checksum"":""10362.570468755888""}",,0,True,d5d33e29e94b2d8ca2c1638f833dde4bf1e090859281525b3f3184ee704781b3
quickjs,math-cordic,,64,1484,1484000000,23187500.0,1512997600,10362.570468755888,"IM_EXEC:{""test"":""math-cordic"",""n"":64,""elapsed_ms"":1484,""checksum"":""10362.570468755888""}",,0,True,34b61588ee1c24cb8be232a1a12958905f04b257e09200a4faefef3bb909ee53
v8_ignition,math-cordic,,64,1093,1093000000,17078125.0,1129990100,10362.570468755888,"IM_EXEC:{""test"":""math-cordic"",""n"":64,""elapsed_ms"":1093,""checksum"":""10362.570468755888""}",,0,True,34b61588ee1c24cb8be232a1a12958905f04b257e09200a4faefef3bb909ee53
quickjs,math-partial-sums,,1,18,18000000,18000000.0,29411500,60.08994194659945,"IM_EXEC:{""test"":""math-partial-sums"",""n"":1,""elapsed_ms"":18,""checksum"":""60.08994194659945""}",,0,True,d9f98347ec6272b812490886a02b5edc1d876ce4b142f4857bb24810c14f0ae9
v8_ignition,math-partial-sums,,1,13,13000000,13000000.0,49949100,60.08994194659945,"IM_EXEC:{""test"":""math-partial-sums"",""n"":1,""elapsed_ms"":13,""checksum"":""60.08994194659945""}",,0,True,d9f98347ec6272b812490886a02b5edc1d876ce4b142f4857bb24810c14f0ae9
quickjs,math-partial-sums,,2,35,35000000,17500000.0,46492900,60.08994194659945,"IM_EXEC:{""test"":""math-partial-sums"",""n"":2,""elapsed_ms"":35,""checksum"":""60.08994194659945""}",,0,True,04b1e1bf3e2ceed3dc74b582991b87527aeba76c1c1cf84fa13b959e94bb20ef
v8_ignition,math-partial-sums,,2,25,25000000,12500000.0,60932100,60.08994194659945,"IM_EXEC:{""test"":""math-partial-sums"",""n"":2,""elapsed_ms"":25,""checksum"":""60.08994194659945""}",,0,True,04b1e1bf3e2ceed3dc74b582991b87527aeba76c1c1cf84fa13b959e94bb20ef
quickjs,math-partial-sums,,4,70,70000000,17500000.0,94950200,60.08994194659945,"IM_EXEC:{""test"":""math-partial-sums"",""n"":4,""elapsed_ms"":70,""checksum"":""60.08994194659945""}",,0,True,051dadd2ce1d3d6b3acd5ae75e2fbfce2ce1bec0083c76e509006ddc620cf562
v8_ignition,math-partial-sums,,4,47,47000000,11750000.0,85280500,60.08994194659945,"IM_EXEC:{""test"":""math-partial-sums"",""n"":4,""elapsed_ms"":47,""checksum"":""60.08994194659945""}",,0,True,051dadd2ce1d3d6b3acd5ae75e2fbfce2ce1bec0083c76e509006ddc620cf562
quickjs,math-partial-sums,,8,148,148000000,18500000.0,172549400,60.08994194659945,"IM_EXEC:{""test"":""math-partial-sums"",""n"":8,""elapsed_ms"":148,""checksum"":""60.08994194659945""}",,0,True,b7d3ed9075eefd7a392529b95d36b2604366fd62755ff8be2f30cd144fa65341
v8_ignition,math-partial-sums,,8,93,93000000,11625000.0,130352300,60.08994194659945,"IM_EXEC:{""test"":""math-partial-sums"",""n"":8,""elapsed_ms"":93,""checksum"":""60.08994194659945""}",,0,True,b7d3ed9075eefd7a392529b95d36b2604366fd62755ff8be2f30cd144fa65341
quickjs,math-partial-sums,,16,280,280000000,17500000.0,306435900,60.08994194659945,"IM_EXEC:{""test"":""math-partial-sums"",""n"":16,""elapsed_ms"":280,""checksum"":""60.08994194659945""}",,0,True,2f113156e27ac8a63681bf9ef3d16ed8dc48115873a81ed4e9c0ecdca8699408
v8_ignition,math-partial-sums,,16,187,187000000,11687500.0,225789500,60.08994194659945,"IM_EXEC:{""test"":""math-partial-sums"",""n"":16,""elapsed_ms"":187,""checksum"":""60.08994194659945""}",,0,True,2f113156e27ac8a63681bf9ef3d16ed8dc48115873a81ed4e9c0ecdca8699408
quickjs,math-partial-sums,,32,565,565000000,17656250.0,593660200,60.08994194659945,"IM_EXEC:{""test"":""math-partial-sums"",""n"":32,""elapsed_ms"":565,""checksum"":""60.08994194659945""}",,0,True,8e4e096f1e03eb13570c0470eb810225a886188107a6d249d3164cb2e51e2cb7
v8_ignition,math-partial-sums,,32,369,369000000,11531250.0,405175800,60.08994194659945,"IM_EXEC:{""test"":""math-partial-sums"",""n"":32,""elapsed_ms"":369,""checksum"":""60.08994194659945""}",,0,True,8e4e096f1e03eb13570c0470eb810225a886188107a6d249d3164cb2e51e2cb7
quickjs,math-partial-sums,,64,1132,1132000000,17687500.0,1158482200,60.08994194659945,"IM_EXEC:{""test"":""math-partial-sums"",""n"":64,""elapsed_ms"":1132,""checksum"":""60.08994194659945""}",,0,True,5d0816e6aa0dc4474e15377ec454376ed6b87aecda2f8a0e86b24efe92fa843c
v8_ignition,math-partial-sums,,64,744,744000000,11625000.0,780109700,60.08994194659945,"IM_EXEC:{""test"":""math-partial-sums"",""n"":64,""elapsed_ms"":744,""checksum"":""60.08994194659945""}",,0,True,5d0816e6aa0dc4474e15377ec454376ed6b87aecda2f8a0e86b24efe92fa843c
quickjs,math-partial-sums,,128,2262,2262000000,17671875.0,2287661000,60.08994194659945,"IM_EXEC:{""test"":""math-partial-sums"",""n"":128,""elapsed_ms"":2262,""checksum"":""60.08994194659945""}",,0,True,4fadb0cf070baa5dde56707dff313a6a62821c6b1621c298f196e1f1bdb726e3
v8_ignition,math-partial-sums,,128,1516,1516000000,11843750.0,1559580700,60.08994194659945,"IM_EXEC:{""test"":""math-partial-sums"",""n"":128,""elapsed_ms"":1516,""checksum"":""60.08994194659945""}",,0,True,4fadb0cf070baa5dde56707dff313a6a62821c6b1621c298f196e1f1bdb726e3
quickjs,math-spectral-norm,,1,9,9000000,9000000.0,21602700,5.086694231303284,"IM_EXEC:{""test"":""math-spectral-norm"",""n"":1,""elapsed_ms"":9,""checksum"":""5.086694231303284""}",,0,True,7c45b3c8fcf642e98ec2dfb620753204a48a09c7fe2589124dd89e5829821698
v8_ignition,math-spectral-norm,,1,9,9000000,9000000.0,47048200,5.086694231303284,"IM_EXEC:{""test"":""math-spectral-norm"",""n"":1,""elapsed_ms"":9,""checksum"":""5.086694231303284""}",,0,True,7c45b3c8fcf642e98ec2dfb620753204a48a09c7fe2589124dd89e5829821698
quickjs,math-spectral-norm,,2,20,20000000,10000000.0,31851800,5.086694231303284,"IM_EXEC:{""test"":""math-spectral-norm"",""n"":2,""elapsed_ms"":20,""checksum"":""5.086694231303284""}",,0,True,1fab2d76c2e13929bdd999f93d0a0c44fed6dc79d3bc81b366436d3599dcd360
v8_ignition,math-spectral-norm,,2,16,16000000,8000000.0,53123200,5.086694231303284,"IM_EXEC:{""test"":""math-spectral-norm"",""n"":2,""elapsed_ms"":16,""checksum"":""5.086694231303284""}",,0,True,1fab2d76c2e13929bdd999f93d0a0c44fed6dc79d3bc81b366436d3599dcd360
quickjs,math-spectral-norm,,4,38,38000000,9500000.0,66592800,5.086694231303284,"IM_EXEC:{""test"":""math-spectral-norm"",""n"":4,""elapsed_ms"":38,""checksum"":""5.086694231303284""}",,0,True,091a2e320e5ecda775626a4599c0ec107d02fe22c7983cc82fecca17c1026b78
v8_ignition,math-spectral-norm,,4,30,30000000,7500000.0,67688200,5.086694231303284,"IM_EXEC:{""test"":""math-spectral-norm"",""n"":4,""elapsed_ms"":30,""checksum"":""5.086694231303284""}",,0,True,091a2e320e5ecda775626a4599c0ec107d02fe22c7983cc82fecca17c1026b78
quickjs,math-spectral-norm,,8,75,75000000,9375000.0,102597800,5.086694231303284,"IM_EXEC:{""test"":""math-spectral-norm"",""n"":8,""elapsed_ms"":75,""checksum"":""5.086694231303284""}",,0,True,ea6be7cf98b6bbe9d43d3605fb73e47646e41945201bf0e1734b3f91a71c1bdc
v8_ignition,math-spectral-norm,,8,60,60000000,7500000.0,99315100,5.086694231303284,"IM_EXEC:{""test"":""math-spectral-norm"",""n"":8,""elapsed_ms"":60,""checksum"":""5.086694231303284""}",,0,True,ea6be7cf98b6bbe9d43d3605fb73e47646e41945201bf0e1734b3f91a71c1bdc
quickjs,math-spectral-norm,,16,153,153000000,9562500.0,184124100,5.086694231303284,"IM_EXEC:{""test"":""math-spectral-norm"",""n"":16,""elapsed_ms"":153,""checksum"":""5.086694231303284""}",,0,True,e99115cf1f0860df863d67a4d48aaa43b1e9241396acbcd8bfef6309bd0f3bd5
v8_ignition,math-spectral-norm,,16,118,118000000,7375000.0,156617200,5.086694231303284,"IM_EXEC:{""test"":""math-spectral-norm"",""n"":16,""elapsed_ms"":118,""checksum"":""5.086694231303284""}",,0,True,e99115cf1f0860df863d67a4d48aaa43b1e9241396acbcd8bfef6309bd0f3bd5
quickjs,math-spectral-norm,,32,317,317000000,9906250.0,344279000,5.086694231303284,"IM_EXEC:{""test"":""math-spectral-norm"",""n"":32,""elapsed_ms"":317,""checksum"":""5.086694231303284""}",,0,True,c2630554d073adf4e2e8f9f826c248ba222843827ea6872cbcd8ce839534136e
v8_ignition,math-spectral-norm,,32,242,242000000,7562500.0,285421800,5.086694231303284,"IM_EXEC:{""test"":""math-spectral-norm"",""n"":32,""elapsed_ms"":242,""checksum"":""5.086694231303284""}",,0,True,c2630554d073adf4e2e8f9f826c248ba222843827ea6872cbcd8ce839534136e
quickjs,math-spectral-norm,,64,600,600000000,9375000.0,630394400,5.086694231303284,"IM_EXEC:{""test"":""math-spectral-norm"",""n"":64,""elapsed_ms"":600,""checksum"":""5.086694231303284""}",,0,True,45351a83c2dd1949f3c6d757cb1cde5a3bdc104f26266b4f7012bb09de17b53c
v8_ignition,math-spectral-norm,,64,480,480000000,7500000.0,517076400,5.086694231303284,"IM_EXEC:{""test"":""math-spectral-norm"",""n"":64,""elapsed_ms"":480,""checksum"":""5.086694231303284""}",,0,True,45351a83c2dd1949f3c6d757cb1cde5a3bdc104f26266b4f7012bb09de17b53c
quickjs,math-spectral-norm,,128,1291,1291000000,10085937.5,1339540200,5.086694231303284,"IM_EXEC:{""test"":""math-spectral-norm"",""n"":128,""elapsed_ms"":1291,""checksum"":""5.086694231303284""}",,0,True,52eb39e653bcbb40e24520ce504d81698f6a67645593e05ca67257f318fba4d8
v8_ignition,math-spectral-norm,,128,1053,1053000000,8226562.5,1093800300,5.086694231303284,"IM_EXEC:{""test"":""math-spectral-norm"",""n"":128,""elapsed_ms"":1053,""checksum"":""5.086694231303284""}",,0,True,52eb39e653bcbb40e24520ce504d81698f6a67645593e05ca67257f318fba4d8
quickjs,regexp-dna,,1,92,92000000,92000000.0,110196400,249:300056,"IM_EXEC:{""test"":""regexp-dna"",""n"":1,""elapsed_ms"":92,""checksum"":""249:300056""}",,0,True,cdf1234719f8e34c3aa4d109b43bd200655ce33fbc579f90e0cdf5c6b3b89c08
v8_ignition,regexp-dna,,1,4,4000000,4000000.0,47834700,249:300056,"IM_EXEC:{""test"":""regexp-dna"",""n"":1,""elapsed_ms"":4,""checksum"":""249:300056""}",,0,True,cdf1234719f8e34c3aa4d109b43bd200655ce33fbc579f90e0cdf5c6b3b89c08
quickjs,regexp-dna,,2,179,179000000,89500000.0,193679400,249:300056,"IM_EXEC:{""test"":""regexp-dna"",""n"":2,""elapsed_ms"":179,""checksum"":""249:300056""}",,0,True,f954fc0ba443e3bbbd30c97d7ce64bf805a9b3db474dd7463905d10c52a25dea
v8_ignition,regexp-dna,,2,7,7000000,3500000.0,59024400,249:300056,"IM_EXEC:{""test"":""regexp-dna"",""n"":2,""elapsed_ms"":7,""checksum"":""249:300056""}",,0,True,f954fc0ba443e3bbbd30c97d7ce64bf805a9b3db474dd7463905d10c52a25dea
quickjs,regexp-dna,,4,341,341000000,85250000.0,403056300,249:300056,"IM_EXEC:{""test"":""regexp-dna"",""n"":4,""elapsed_ms"":341,""checksum"":""249:300056""}",,0,True,cc17fd5898b5a3234edbd5db47ae3a11e8f8da705c3b87c6d34845d0194b77c8
v8_ignition,regexp-dna,,4,11,11000000,2750000.0,62838000,249:300056,"IM_EXEC:{""test"":""regexp-dna"",""n"":4,""elapsed_ms"":11,""checksum"":""249:300056""}",,0,True,cc17fd5898b5a3234edbd5db47ae3a11e8f8da705c3b87c6d34845d0194b77c8
quickjs,regexp-dna,,8,707,707000000,88375000.0,763470700,249:300056,"IM_EXEC:{""test"":""regexp-dna"",""n"":8,""elapsed_ms"":707,""checksum"":""249:300056""}",,0,True,6a70e567334a74194ff9a67b6148f177f9f9a424f14abafdc7bec0787be61958
v8_ignition,regexp-dna,,8,18,18000000,2250000.0,60883300,249:300056,"IM_EXEC:{""test"":""regexp-dna"",""n"":8,""elapsed_ms"":18,""checksum"":""249:300056""}",,0,True,6a70e567334a74194ff9a67b6148f177f9f9a424f14abafdc7bec0787be61958
quickjs,regexp-dna,,16,1326,1326000000,82875000.0,1379308300,249:300056,"IM_EXEC:{""test"":""regexp-dna"",""n"":16,""elapsed_ms"":1326,""checksum"":""249:300056""}",,0,True,88ac1ce390ce5570a8727090285469f9ba2c67bb8313eb1fc0bc3861bf6b8d06
v8_ignition,regexp-dna,,16,34,34000000,2125000.0,77468500,249:300056,"IM_EXEC:{""test"":""regexp-dna"",""n"":16,""elapsed_ms"":34,""checksum"":""249:300056""}",,0,True,88ac1ce390ce5570a8727090285469f9ba2c67bb8313eb1fc0bc3861bf6b8d06
quickjs,regexp-dna,,32,2693,2693000000,84156250.0,2735425900,249:300056,"IM_EXEC:{""test"":""regexp-dna"",""n"":32,""elapsed_ms"":2693,""checksum"":""249:300056""}",,0,True,9f3e18a57fa1af63d7df01a8873acf216e0c53e4724ffa255140c55cdf0c36e5
v8_ignition,regexp-dna,,32,66,66000000,2062500.0,109050600,249:300056,"IM_EXEC:{""test"":""regexp-dna"",""n"":32,""elapsed_ms"":66,""checksum"":""249:300056""}",,0,True,9f3e18a57fa1af63d7df01a8873acf216e0c53e4724ffa255140c55cdf0c36e5
quickjs,regexp-dna,,64,5287,5287000000,82609375.0,5335857700,249:300056,"IM_EXEC:{""test"":""regexp-dna"",""n"":64,""elapsed_ms"":5287,""checksum"":""249:300056""}",,0,True,2db07c630fb237bf7e60c8e9a16e11db49aa8d829fc9175b9667955f8d0c17e1
v8_ignition,regexp-dna,,64,127,127000000,1984375.0,169855500,249:300056,"IM_EXEC:{""test"":""regexp-dna"",""n"":64,""elapsed_ms"":127,""checksum"":""249:300056""}",,0,True,2db07c630fb237bf7e60c8e9a16e11db49aa8d829fc9175b9667955f8d0c17e1
quickjs,regexp-dna,,128,10400,10400000000,81250000.0,10450839200,249:300056,"IM_EXEC:{""test"":""regexp-dna"",""n"":128,""elapsed_ms"":10400,""checksum"":""249:300056""}",,0,True,46602f3a9f23884f55a5e0033f4cab54929b080da663c8489d84106a57dc419b
v8_ignition,regexp-dna,,128,264,264000000,2062500.0,307410500,249:300056,"IM_EXEC:{""test"":""regexp-dna"",""n"":128,""elapsed_ms"":264,""checksum"":""249:300056""}",,0,True,46602f3a9f23884f55a5e0033f4cab54929b080da663c8489d84106a57dc419b
quickjs,regexp-dna,,256,21155,21155000000,82636718.75,21202706800,249:300056,"IM_EXEC:{""test"":""regexp-dna"",""n"":256,""elapsed_ms"":21155,""checksum"":""249:300056""}",,0,True,2b32f40ad81ec740843fcdd8d5e81818e5bca757620bcb77bc4cbe232f2e43a1
v8_ignition,regexp-dna,,256,490,490000000,1914062.5,535054800,249:300056,"IM_EXEC:{""test"":""regexp-dna"",""n"":256,""elapsed_ms"":490,""checksum"":""249:300056""}",,0,True,2b32f40ad81ec740843fcdd8d5e81818e5bca757620bcb77bc4cbe232f2e43a1
quickjs,regexp-dna,,512,42000,42000000000,82031250.0,42045695600,249:300056,"IM_EXEC:{""test"":""regexp-dna"",""n"":512,""elapsed_ms"":42000,""checksum"":""249:300056""}",,0,True,9f98dbfb096ccec5e6d5d93081b91502a2f49f51fe9980fc2374282796df7a89
v8_ignition,regexp-dna,,512,966,966000000,1886718.75,1010394400,249:300056,"IM_EXEC:{""test"":""regexp-dna"",""n"":512,""elapsed_ms"":966,""checksum"":""249:300056""}",,0,True,9f98dbfb096ccec5e6d5d93081b91502a2f49f51fe9980fc2374282796df7a89
quickjs,regexp-dna,,1024,83748,83748000000,81785156.25,83792589200,249:300056,"IM_EXEC:{""test"":""regexp-dna"",""n"":1024,""elapsed_ms"":83748,""checksum"":""249:300056""}",,0,True,3afc0a7c18fdee33367b1b484ba5fd4d9b7b225d1b2408dcc4f5fa0f7356cffe
v8_ignition,regexp-dna,,1024,1937,1937000000,1891601.5625,1982143800,249:300056,"IM_EXEC:{""test"":""regexp-dna"",""n"":1024,""elapsed_ms"":1937,""checksum"":""249:300056""}",,0,True,3afc0a7c18fdee33367b1b484ba5fd4d9b7b225d1b2408dcc4f5fa0f7356cffe
quickjs,string-base64,,1,23,23000000,23000000.0,35117400,32768,"IM_EXEC:{""test"":""string-base64"",""n"":1,""elapsed_ms"":23,""checksum"":""32768""}",,0,True,2b3e761c3cd3c20e7302bc187f43fd15d48f4d6580359097090bc42bab8f93e9
v8_ignition,string-base64,,1,7,7000000,7000000.0,43748800,32768,"IM_EXEC:{""test"":""string-base64"",""n"":1,""elapsed_ms"":7,""checksum"":""32768""}",,0,True,2b3e761c3cd3c20e7302bc187f43fd15d48f4d6580359097090bc42bab8f93e9
quickjs,string-base64,,2,46,46000000,23000000.0,56732100,32768,"IM_EXEC:{""test"":""string-base64"",""n"":2,""elapsed_ms"":46,""checksum"":""32768""}",,0,True,17f5459d86dde4aa5bdd4f0d19210cecd9eaa1e02d82e3b30815701484cf1ea5
v8_ignition,string-base64,,2,14,14000000,7000000.0,50835700,32768,"IM_EXEC:{""test"":""string-base64"",""n"":2,""elapsed_ms"":14,""checksum"":""32768""}",,0,True,17f5459d86dde4aa5bdd4f0d19210cecd9eaa1e02d82e3b30815701484cf1ea5
quickjs,string-base64,,4,90,90000000,22500000.0,121332600,32768,"IM_EXEC:{""test"":""string-base64"",""n"":4,""elapsed_ms"":90,""checksum"":""32768""}",,0,True,c41ef21f9106ef8e10ff43d5daa5e46cba20c9596e4a80903f56084e26a5fa53
v8_ignition,string-base64,,4,26,26000000,6500000.0,62582300,32768,"IM_EXEC:{""test"":""string-base64"",""n"":4,""elapsed_ms"":26,""checksum"":""32768""}",,0,True,c41ef21f9106ef8e10ff43d5daa5e46cba20c9596e4a80903f56084e26a5fa53
quickjs,string-base64,,8,180,180000000,22500000.0,208957700,32768,"IM_EXEC:{""test"":""string-base64"",""n"":8,""elapsed_ms"":180,""checksum"":""32768""}",,0,True,46fe4c010bbb838f0609212fcbad34a8f80b8f87f5fb7d3f9b6887a005680945
v8_ignition,string-base64,,8,55,55000000,6875000.0,91880600,32768,"IM_EXEC:{""test"":""string-base64"",""n"":8,""elapsed_ms"":55,""checksum"":""32768""}",,0,True,46fe4c010bbb838f0609212fcbad34a8f80b8f87f5fb7d3f9b6887a005680945
quickjs,string-base64,,16,370,370000000,23125000.0,398062800,32768,"IM_EXEC:{""test"":""string-base64"",""n"":16,""elapsed_ms"":370,""checksum"":""32768""}",,0,True,c4a9083d9ded5275a38f3c6fddeacd7ba9f1dbd19188548f0d41c563f40289b7
v8_ignition,string-base64,,16,106,106000000,6625000.0,145373400,32768,"IM_EXEC:{""test"":""string-base64"",""n"":16,""elapsed_ms"":106,""checksum"":""32768""}",,0,True,c4a9083d9ded5275a38f3c6fddeacd7ba9f1dbd19188548f0d41c563f40289b7
quickjs,string-base64,,32,708,708000000,22125000.0,737484100,32768,"IM_EXEC:{""test"":""string-base64"",""n"":32,""elapsed_ms"":708,""checksum"":""32768""}",,0,True,56567828bc625a886f5e4b10e315513213248f8e033eaa4728a307b1c23ef90a
v8_ignition,string-base64,,32,205,205000000,6406250.0,245659200,32768,"IM_EXEC:{""test"":""string-base64"",""n"":32,""elapsed_ms"":205,""checksum"":""32768""}",,0,True,56567828bc625a886f5e4b10e315513213248f8e033eaa4728a307b1c23ef90a
quickjs,string-base64,,64,1372,1372000000,21437500.0,1402509800,32768,"IM_EXEC:{""test"":""string-base64"",""n"":64,""elapsed_ms"":1372,""checksum"":""32768""}",,0,True,4a9fc89bb4e0116802999d25f79c1de215eb2b634b92e6d54767220c573083a3
v8_ignition,string-base64,,64,403,403000000,6296875.0,442317600,32768,"IM_EXEC:{""test"":""string-base64"",""n"":64,""elapsed_ms"":403,""checksum"":""32768""}",,0,True,4a9fc89bb4e0116802999d25f79c1de215eb2b634b92e6d54767220c573083a3
quickjs,string-base64,,128,2677,2677000000,20914062.5,2706917700,32768,"IM_EXEC:{""test"":""string-base64"",""n"":128,""elapsed_ms"":2677,""checksum"":""32768""}",,0,True,1808c7319204adadae2833861d898d788d69a163f6c13220899aaeb2c37531dd
v8_ignition,string-base64,,128,824,824000000,6437500.0,861771800,32768,"IM_EXEC:{""test"":""string-base64"",""n"":128,""elapsed_ms"":824,""checksum"":""32768""}",,0,True,1808c7319204adadae2833861d898d788d69a163f6c13220899aaeb2c37531dd
quickjs,string-base64,,256,5307,5307000000,20730468.75,5336022800,32768,"IM_EXEC:{""test"":""string-base64"",""n"":256,""elapsed_ms"":5307,""checksum"":""32768""}",,0,True,5cbaf23c322bf98da4482d07d06d87eef3c50cebf6bf7c47046adb556543e441
v8_ignition,string-base64,,256,1604,1604000000,6265625.0,1642338700,32768,"IM_EXEC:{""test"":""string-base64"",""n"":256,""elapsed_ms"":1604,""checksum"":""32768""}",,0,True,5cbaf23c322bf98da4482d07d06d87eef3c50cebf6bf7c47046adb556543e441
quickjs,string-fasta,,1,27,27000000,27000000.0,39160500,1456000,"IM_EXEC:{""test"":""string-fasta"",""n"":1,""elapsed_ms"":27,""checksum"":""1456000""}",,0,True,065163a5ba4b479828e4f41aa2868b9722c759b4fe3f84dafb13d7a3a9469006
v8_ignition,string-fasta,,1,10,10000000,10000000.0,46322500,1456000,"IM_EXEC:{""test"":""string-fasta"",""n"":1,""elapsed_ms"":10,""checksum"":""1456000""}",,0,True,065163a5ba4b479828e4f41aa2868b9722c759b4fe3f84dafb13d7a3a9469006
quickjs,string-fasta,,2,54,54000000,27000000.0,66586200,1456000,"IM_EXEC:{""test"":""string-fasta"",""n"":2,""elapsed_ms"":54,""checksum"":""1456000""}",,0,True,902e64f46796b74654d0f900747387ae286d1b31daef278799c7b944a0c4dd71
v8_ignition,string-fasta,,2,20,20000000,10000000.0,55898900,1456000,"IM_EXEC:{""test"":""string-fasta"",""n"":2,""elapsed_ms"":20,""checksum"":""1456000""}",,0,True,902e64f46796b74654d0f900747387ae286d1b31daef278799c7b944a0c4dd71
quickjs,string-fasta,,4,108,108000000,27000000.0,135974800,1456000,"IM_EXEC:{""test"":""string-fasta"",""n"":4,""elapsed_ms"":108,""checksum"":""1456000""}",,0,True,f9a28d9118d47c1aa96249ecf6decf8ad892cf3950c1345ea547ab2267b1ae53
v8_ignition,string-fasta,,4,39,39000000,9750000.0,76304200,1456000,"IM_EXEC:{""test"":""string-fasta"",""n"":4,""elapsed_ms"":39,""checksum"":""1456000""}",,0,True,f9a28d9118d47c1aa96249ecf6decf8ad892cf3950c1345ea547ab2267b1ae53
quickjs,string-fasta,,8,219,219000000,27375000.0,245944800,1456000,"IM_EXEC:{""test"":""string-fasta"",""n"":8,""elapsed_ms"":219,""checksum"":""1456000""}",,0,True,8083a902265c91023589af510bf88650f01dcadabc61448799420dec72d3a413
v8_ignition,string-fasta,,8,78,78000000,9750000.0,116244600,1456000,"IM_EXEC:{""test"":""string-fasta"",""n"":8,""elapsed_ms"":78,""checksum"":""1456000""}",,0,True,8083a902265c91023589af510bf88650f01dcadabc61448799420dec72d3a413
quickjs,string-fasta,,16,437,437000000,27312500.0,462680300,1456000,"IM_EXEC:{""test"":""string-fasta"",""n"":16,""elapsed_ms"":437,""checksum"":""1456000""}",,0,True,43adb1087bf86199f6ab99f2d6788473f1a457ef616474e6c0dc31ed1570654c
v8_ignition,string-fasta,,16,161,161000000,10062500.0,198294300,1456000,"IM_EXEC:{""test"":""string-fasta"",""n"":16,""elapsed_ms"":161,""checksum"":""1456000""}",,0,True,43adb1087bf86199f6ab99f2d6788473f1a457ef616474e6c0dc31ed1570654c
quickjs,string-fasta,,32,876,876000000,27375000.0,907032200,1456000,"IM_EXEC:{""test"":""string-fasta"",""n"":32,""elapsed_ms"":876,""checksum"":""1456000""}",,0,True,84286eb0d85985f345e4c033bfd942442b15578fd2b8829f0d8b33eef9b84b0b
v8_ignition,string-fasta,,32,310,310000000,9687500.0,347067100,1456000,"IM_EXEC:{""test"":""string-fasta"",""n"":32,""elapsed_ms"":310,""checksum"":""1456000""}",,0,True,84286eb0d85985f345e4c033bfd942442b15578fd2b8829f0d8b33eef9b84b0b
quickjs,string-fasta,,64,1756,1756000000,27437500.0,1789747100,1456000,"IM_EXEC:{""test"":""string-fasta"",""n"":64,""elapsed_ms"":1756,""checksum"":""1456000""}",,0,True,b28bd4d2aba8070e318cd01f825a2663cd30e435a3d5ab3a5e8ff7c3e19b46ea
v8_ignition,string-fasta,,64,616,616000000,9625000.0,655069300,1456000,"IM_EXEC:{""test"":""string-fasta"",""n"":64,""elapsed_ms"":616,""checksum"":""1456000""}",,0,True,b28bd4d2aba8070e318cd01f825a2663cd30e435a3d5ab3a5e8ff7c3e19b46ea
quickjs,string-fasta,,128,3463,3463000000,27054687.5,3489769300,1456000,"IM_EXEC:{""test"":""string-fasta"",""n"":128,""elapsed_ms"":3463,""checksum"":""1456000""}",,0,True,9ef1f7595b6cdfe6baed89f2f84d63006986f85574a2f446797cd69ca2dd79b8
v8_ignition,string-fasta,,128,1247,1247000000,9742187.5,1283909800,1456000,"IM_EXEC:{""test"":""string-fasta"",""n"":128,""elapsed_ms"":1247,""checksum"":""1456000""}",,0,True,9ef1f7595b6cdfe6baed89f2f84d63006986f85574a2f446797cd69ca2dd79b8
quickjs,string-tagcloud,,1,27,27000000,27000000.0,40421100,315241,"IM_EXEC:{""test"":""string-tagcloud"",""n"":1,""elapsed_ms"":27,""checksum"":""315241""}",,0,True,335935d75deea8a225f5fa49b3723df32bbbbc2d933a6c0516c3369a1585001b
v8_ignition,string-tagcloud,,1,9,9000000,9000000.0,47620800,315241,"IM_EXEC:{""test"":""string-tagcloud"",""n"":1,""elapsed_ms"":9,""checksum"":""315241""}",,0,True,335935d75deea8a225f5fa49b3723df32bbbbc2d933a6c0516c3369a1585001b
quickjs,string-tagcloud,,2,55,55000000,27500000.0,67725800,315241,"IM_EXEC:{""test"":""string-tagcloud"",""n"":2,""elapsed_ms"":55,""checksum"":""315241""}",,0,True,68e8c6b3dad1ae4054f2a2a74cd70568457e88bb126f371d7e9c1fd078683efa
v8_ignition,string-tagcloud,,2,17,17000000,8500000.0,55223300,315241,"IM_EXEC:{""test"":""string-tagcloud"",""n"":2,""elapsed_ms"":17,""checksum"":""315241""}",,0,True,68e8c6b3dad1ae4054f2a2a74cd70568457e88bb126f371d7e9c1fd078683efa
quickjs,string-tagcloud,,4,110,110000000,27500000.0,150433300,315241,"IM_EXEC:{""test"":""string-tagcloud"",""n"":4,""elapsed_ms"":110,""checksum"":""315241""}",,0,True,fab5b525d0484568dab3bbc526e414da91303e52addc719b60e0b49a293c668f
v8_ignition,string-tagcloud,,4,30,30000000,7500000.0,66879400,315241,"IM_EXEC:{""test"":""string-tagcloud"",""n"":4,""elapsed_ms"":30,""checksum"":""315241""}",,0,True,fab5b525d0484568dab3bbc526e414da91303e52addc719b60e0b49a293c668f
quickjs,string-tagcloud,,8,219,219000000,27375000.0,257544300,315241,"IM_EXEC:{""test"":""string-tagcloud"",""n"":8,""elapsed_ms"":219,""checksum"":""315241""}",,0,True,aa323d1b49e34a2752d8ad8b9111b6fa28705769a1d95006d0e0f31d89c4118d
v8_ignition,string-tagcloud,,8,54,54000000,6750000.0,95516000,315241,"IM_EXEC:{""test"":""string-tagcloud"",""n"":8,""elapsed_ms"":54,""checksum"":""315241""}",,0,True,aa323d1b49e34a2752d8ad8b9111b6fa28705769a1d95006d0e0f31d89c4118d
quickjs,string-tagcloud,,16,436,436000000,27250000.0,476102200,315241,"IM_EXEC:{""test"":""string-tagcloud"",""n"":16,""elapsed_ms"":436,""checksum"":""315241""}",,0,True,3355bb5040b7ce2f6fadd7a0f7342ef5df047a7a27383e545dc796a50823e493
v8_ignition,string-tagcloud,,16,104,104000000,6500000.0,143254900,315241,"IM_EXEC:{""test"":""string-tagcloud"",""n"":16,""elapsed_ms"":104,""checksum"":""315241""}",,0,True,3355bb5040b7ce2f6fadd7a0f7342ef5df047a7a27383e545dc796a50823e493
quickjs,string-tagcloud,,32,885,885000000,27656250.0,926312300,315241,"IM_EXEC:{""test"":""string-tagcloud"",""n"":32,""elapsed_ms"":885,""checksum"":""315241""}",,0,True,a15e0cf5d1560674240ea12e625d191d87f1e705f68e622faefbab12dc3dcb9d
v8_ignition,string-tagcloud,,32,193,193000000,6031250.0,233309300,315241,"IM_EXEC:{""test"":""string-tagcloud"",""n"":32,""elapsed_ms"":193,""checksum"":""315241""}",,0,True,a15e0cf5d1560674240ea12e625d191d87f1e705f68e622faefbab12dc3dcb9d
quickjs,string-tagcloud,,64,1743,1743000000,27234375.0,1787687800,315241,"IM_EXEC:{""test"":""string-tagcloud"",""n"":64,""elapsed_ms"":1743,""checksum"":""315241""}",,0,True,517dac2c749ac77161c52dace8406354cef5609b53d0aa7cd441d5d71fd6e21e
v8_ignition,string-tagcloud,,64,372,372000000,5812500.0,412621400,315241,"IM_EXEC:{""test"":""string-tagcloud"",""n"":64,""elapsed_ms"":372,""checksum"":""315241""}",,0,True,517dac2c749ac77161c52dace8406354cef5609b53d0aa7cd441d5d71fd6e21e
quickjs,string-tagcloud,,128,3484,3484000000,27218750.0,3523460300,315241,"IM_EXEC:{""test"":""string-tagcloud"",""n"":128,""elapsed_ms"":3484,""checksum"":""315241""}",,0,True,20ac30f057e7329e04436d34759ba416d6cfe82d9e20411a5fb5ff6e645b32d8
v8_ignition,string-tagcloud,,128,724,724000000,5656250.0,765794900,315241,"IM_EXEC:{""test"":""string-tagcloud"",""n"":128,""elapsed_ms"":724,""checksum"":""315241""}",,0,True,20ac30f057e7329e04436d34759ba416d6cfe82d9e20411a5fb5ff6e645b32d8
quickjs,string-tagcloud,,256,6866,6866000000,26820312.5,6908446400,315241,"IM_EXEC:{""test"":""string-tagcloud"",""n"":256,""elapsed_ms"":6866,""checksum"":""315241""}",,0,True,bdb31cfdc8d9dc183a2016260abf8eae9629ab6f3fd5ffe57c0698243f1ca160
v8_ignition,string-tagcloud,,256,1419,1419000000,5542968.75,1461528300,315241,"IM_EXEC:{""test"":""string-tagcloud"",""n"":256,""elapsed_ms"":1419,""checksum"":""315241""}",,0,True,bdb31cfdc8d9dc183a2016260abf8eae9629ab6f3fd5ffe57c0698243f1ca160
quickjs,string-unpack-code,,1,59,59000000,59000000.0,73037500,511508,"IM_EXEC:{""test"":""string-unpack-code"",""n"":1,""elapsed_ms"":59,""checksum"":""511508""}",,0,True,5b5961a5444a8757c89796d6ee79070d0ada792b16af4f22bded13268f4bd1e3
v8_ignition,string-unpack-code,,1,11,11000000,11000000.0,47073600,511508,"IM_EXEC:{""test"":""string-unpack-code"",""n"":1,""elapsed_ms"":11,""checksum"":""511508""}",,0,True,5b5961a5444a8757c89796d6ee79070d0ada792b16af4f22bded13268f4bd1e3
quickjs,string-unpack-code,,2,117,117000000,58500000.0,129675800,511508,"IM_EXEC:{""test"":""string-unpack-code"",""n"":2,""elapsed_ms"":117,""checksum"":""511508""}",,0,True,2eae25a7e53fcb28f549b576c0794f00411bae044ac9fb1c55bd1752ed137098
v8_ignition,string-unpack-code,,2,19,19000000,9500000.0,54000500,511508,"IM_EXEC:{""test"":""string-unpack-code"",""n"":2,""elapsed_ms"":19,""checksum"":""511508""}",,0,True,2eae25a7e53fcb28f549b576c0794f00411bae044ac9fb1c55bd1752ed137098
quickjs,string-unpack-code,,4,233,233000000,58250000.0,281385700,511508,"IM_EXEC:{""test"":""string-unpack-code"",""n"":4,""elapsed_ms"":233,""checksum"":""511508""}",,0,True,e146c163321770caf82e91329eb6788efde5cac32d686fe448069f008725770b
v8_ignition,string-unpack-code,,4,32,32000000,8000000.0,71215000,511508,"IM_EXEC:{""test"":""string-unpack-code"",""n"":4,""elapsed_ms"":32,""checksum"":""511508""}",,0,True,e146c163321770caf82e91329eb6788efde5cac32d686fe448069f008725770b
quickjs,string-unpack-code,,8,468,468000000,58500000.0,517057500,511508,"IM_EXEC:{""test"":""string-unpack-code"",""n"":8,""elapsed_ms"":468,""checksum"":""511508""}",,0,True,5a3cd98c2be2513054db40200cff4762b1576e81db33d502728fa6839c2f8c82
v8_ignition,string-unpack-code,,8,59,59000000,7375000.0,96869900,511508,"IM_EXEC:{""test"":""string-unpack-code"",""n"":8,""elapsed_ms"":59,""checksum"":""511508""}",,0,True,5a3cd98c2be2513054db40200cff4762b1576e81db33d502728fa6839c2f8c82
quickjs,string-unpack-code,,16,936,936000000,58500000.0,983233500,511508,"IM_EXEC:{""test"":""string-unpack-code"",""n"":16,""elapsed_ms"":936,""checksum"":""511508""}",,0,True,17c41c2ab8ea51afae930164496bcc953d0521114d1ade737cbf83c00ac6748e
v8_ignition,string-unpack-code,,16,113,113000000,7062500.0,150884600,511508,"IM_EXEC:{""test"":""string-unpack-code"",""n"":16,""elapsed_ms"":113,""checksum"":""511508""}",,0,True,17c41c2ab8ea51afae930164496bcc953d0521114d1ade737cbf83c00ac6748e
quickjs,string-unpack-code,,32,1898,1898000000,59312500.0,1944447600,511508,"IM_EXEC:{""test"":""string-unpack-code"",""n"":32,""elapsed_ms"":1898,""checksum"":""511508""}",,0,True,75ba427423379f79646d2312d597e2de875652a1641e30ed8a02862ad120bd2f
v8_ignition,string-unpack-code,,32,221,221000000,6906250.0,258952700,511508,"IM_EXEC:{""test"":""string-unpack-code"",""n"":32,""elapsed_ms"":221,""checksum"":""511508""}",,0,True,75ba427423379f79646d2312d597e2de875652a1641e30ed8a02862ad120bd2f
quickjs,string-unpack-code,,64,3795,3795000000,59296875.0,3843729600,511508,"IM_EXEC:{""test"":""string-unpack-code"",""n"":64,""elapsed_ms"":3795,""checksum"":""511508""}",,0,True,0fe78d57c29c8a3215ac161b139d021784b10d6ae064d55aee81d9e364c02409
v8_ignition,string-unpack-code,,64,441,441000000,6890625.0,482108900,511508,"IM_EXEC:{""test"":""string-unpack-code"",""n"":64,""elapsed_ms"":441,""checksum"":""511508""}",,0,True,0fe78d57c29c8a3215ac161b139d021784b10d6ae064d55aee81d9e364c02409
quickjs,string-unpack-code,,128,7213,7213000000,56351562.5,7264413400,511508,"IM_EXEC:{""test"":""string-unpack-code"",""n"":128,""elapsed_ms"":7213,""checksum"":""511508""}",,0,True,19ca0e7501f5496250a5495d3d790482a00931a02f45bba5a9cb5756fd65a3de
v8_ignition,string-unpack-code,,128,867,867000000,6773437.5,907699100,511508,"IM_EXEC:{""test"":""string-unpack-code"",""n"":128,""elapsed_ms"":867,""checksum"":""511508""}",,0,True,19ca0e7501f5496250a5495d3d790482a00931a02f45bba5a9cb5756fd65a3de
quickjs,string-unpack-code,,256,13881,13881000000,54222656.25,13930652100,511508,"IM_EXEC:{""test"":""string-unpack-code"",""n"":256,""elapsed_ms"":13881,""checksum"":""511508""}",,0,True,81a8b0c2e178b101089899f543ac712456d9edd361ed55f1f8a0075dcdca98b5
v8_ignition,string-unpack-code,,256,1703,1703000000,6652343.75,1746747600,511508,"IM_EXEC:{""test"":""string-unpack-code"",""n"":256,""elapsed_ms"":1703,""checksum"":""511508""}",,0,True,81a8b0c2e178b101089899f543ac712456d9edd361ed55f1f8a0075dcdca98b5
quickjs,string-validate-input,,1,15,15000000,15000000.0,26154500,462000,"IM_EXEC:{""test"":""string-validate-input"",""n"":1,""elapsed_ms"":15,""checksum"":""462000""}",,0,True,4ef0ed72a06ec69ba8b4e9351ffde9f6d36c6f9e1f685c75a98da8521690ce2a
v8_ignition,string-validate-input,,1,9,9000000,9000000.0,45327700,462000,"IM_EXEC:{""test"":""string-validate-input"",""n"":1,""elapsed_ms"":9,""checksum"":""462000""}",,0,True,4ef0ed72a06ec69ba8b4e9351ffde9f6d36c6f9e1f685c75a98da8521690ce2a
quickjs,string-validate-input,,2,28,28000000,14000000.0,39645900,462000,"IM_EXEC:{""test"":""string-validate-input"",""n"":2,""elapsed_ms"":28,""checksum"":""462000""}",,0,True,1193440e2b1d3b58f7776bc70dbe8c088cad7513d3afd0a9fafacb0d2f287879
v8_ignition,string-validate-input,,2,16,16000000,8000000.0,51828000,462000,"IM_EXEC:{""test"":""string-validate-input"",""n"":2,""elapsed_ms"":16,""checksum"":""462000""}",,0,True,1193440e2b1d3b58f7776bc70dbe8c088cad7513d3afd0a9fafacb0d2f287879
quickjs,string-validate-input,,4,58,58000000,14500000.0,85180200,462000,"IM_EXEC:{""test"":""string-validate-input"",""n"":4,""elapsed_ms"":58,""checksum"":""462000""}",,0,True,7158dacc537b0c57778cd3d6d6d75e6e7ff2893dc1e9189853178fb473abc043
v8_ignition,string-validate-input,,4,28,28000000,7000000.0,65817200,462000,"IM_EXEC:{""test"":""string-validate-input"",""n"":4,""elapsed_ms"":28,""checksum"":""462000""}",,0,True,7158dacc537b0c57778cd3d6d6d75e6e7ff2893dc1e9189853178fb473abc043
quickjs,string-validate-input,,8,112,112000000,14000000.0,139705900,462000,"IM_EXEC:{""test"":""string-validate-input"",""n"":8,""elapsed_ms"":112,""checksum"":""462000""}",,0,True,d86fe25f5e1509923c220bdbefb3e7ac3d73da3ea8cd20fa80dd94758e445186
v8_ignition,string-validate-input,,8,52,52000000,6500000.0,89713100,462000,"IM_EXEC:{""test"":""string-validate-input"",""n"":8,""elapsed_ms"":52,""checksum"":""462000""}",,0,True,d86fe25f5e1509923c220bdbefb3e7ac3d73da3ea8cd20fa80dd94758e445186
quickjs,string-validate-input,,16,220,220000000,13750000.0,248492100,462000,"IM_EXEC:{""test"":""string-validate-input"",""n"":16,""elapsed_ms"":220,""checksum"":""462000""}",,0,True,3233c7ce4d67e573d1f6442679de26a417a823173895b6a69adbbbbeb48b3ded
v8_ignition,string-validate-input,,16,96,96000000,6000000.0,133204500,462000,"IM_EXEC:{""test"":""string-validate-input"",""n"":16,""elapsed_ms"":96,""checksum"":""462000""}",,0,True,3233c7ce4d67e573d1f6442679de26a417a823173895b6a69adbbbbeb48b3ded
quickjs,string-validate-input,,32,448,448000000,14000000.0,474856100,462000,"IM_EXEC:{""test"":""string-validate-input"",""n"":32,""elapsed_ms"":448,""checksum"":""462000""}",,0,True,ab978dea821ca3ca56cd395a0bb3f35390b3dd535adb2a5ceb4ebc8f50ad65d6
v8_ignition,string-validate-input,,32,188,188000000,5875000.0,226437300,462000,"IM_EXEC:{""test"":""string-validate-input"",""n"":32,""elapsed_ms"":188,""checksum"":""462000""}",,0,True,ab978dea821ca3ca56cd395a0bb3f35390b3dd535adb2a5ceb4ebc8f50ad65d6
quickjs,string-validate-input,,64,881,881000000,13765625.0,908536000,462000,"IM_EXEC:{""test"":""string-validate-input"",""n"":64,""elapsed_ms"":881,""checksum"":""462000""}",,0,True,bc06fa347a5250f4f3b44febceee6ca9dd2ccb301ab7b03aff6e604725d18741
v8_ignition,string-validate-input,,64,374,374000000,5843750.0,417269500,462000,"IM_EXEC:{""test"":""string-validate-input"",""n"":64,""elapsed_ms"":374,""checksum"":""462000""}",,0,True,bc06fa347a5250f4f3b44febceee6ca9dd2ccb301ab7b03aff6e604725d18741
quickjs,string-validate-input,,128,1784,1784000000,13937500.0,1817423200,462000,"IM_EXEC:{""test"":""string-validate-input"",""n"":128,""elapsed_ms"":1784,""checksum"":""462000""}",,0,True,d56d9a506777e720650a7235db5b9b0c4acb09442ba261bfebd244a687b860e9
v8_ignition,string-validate-input,,128,730,730000000,5703125.0,769703200,462000,"IM_EXEC:{""test"":""string-validate-input"",""n"":128,""elapsed_ms"":730,""checksum"":""462000""}",,0,True,d56d9a506777e720650a7235db5b9b0c4acb09442ba261bfebd244a687b860e9
quickjs,string-validate-input,,256,3492,3492000000,13640625.0,3521153600,462000,"IM_EXEC:{""test"":""string-validate-input"",""n"":256,""elapsed_ms"":3492,""checksum"":""462000""}",,0,True,f3316365a925df0927fe79ed16a84a33fe9d1e3dafbff918f53f671ca1a58748
v8_ignition,string-validate-input,,256,1423,1423000000,5558593.75,1460560000,462000,"IM_EXEC:{""test"":""string-validate-input"",""n"":256,""elapsed_ms"":1423,""checksum"":""462000""}",,0,True,f3316365a925df0927fe79ed16a84a33fe9d1e3dafbff918f53f671ca1a58748
