engine,test,iteration,n,elapsed_ms,elapsed_ns,per_call_ns,outer_wall_ns,checksum,stdout,stderr,exit_code,valid,script_sha256
quickjs,math-spectral-norm,1,128,1168,1168000000,9125000.0,1179716200,5.086694231303284,"IM_EXEC:{""test"":""math-spectral-norm"",""n"":128,""elapsed_ms"":1168,""checksum"":""5.086694231303284""}",,0,True,52eb39e653bcbb40e24520ce504d81698f6a67645593e05ca67257f318fba4d8
v8_ignition,math-spectral-norm,1,128,943,943000000,7367187.5,984628300,5.086694231303284,"IM_EXEC:{""test"":""math-spectral-norm"",""n"":128,""elapsed_ms"":943,""checksum"":""5.086694231303284""}",,0,True,52eb39e653bcbb40e24520ce504d81698f6a67645593e05ca67257f318fba4d8
quickjs,regexp-dna,1,1024,82271,82271000000,80342773.4375,82284650900,249:300056,"IM_EXEC:{""test"":""regexp-dna"",""n"":1024,""elapsed_ms"":82271,""checksum"":""249:300056""}",,0,True,3afc0a7c18fdee33367b1b484ba5fd4d9b7b225d1b2408dcc4f5fa0f7356cffe
v8_ignition,regexp-dna,1,1024,1883,1883000000,1838867.1875,1928551500,249:300056,"IM_EXEC:{""test"":""regexp-dna"",""n"":1024,""elapsed_ms"":1883,""checksum"":""249:300056""}",,0,True,3afc0a7c18fdee33367b1b484ba5fd4d9b7b225d1b2408dcc4f5fa0f7356cffe
quickjs,bitops-bitwise-and,1,256,1970,1970000000,7695312.5,1982131100,0,"IM_EXEC:{""test"":""bitops-bitwise-and"",""n"":256,""elapsed_ms"":1970,""checksum"":""0""}",,0,True,eed5b353d4a2406db32d34e84a8855c02c005be3643b9966be5612fa0de83cab
v8_ignition,bitops-bitwise-and,1,256,2523,2523000000,9855468.75,2559268900,0,"IM_EXEC:{""test"":""bitops-bitwise-and"",""n"":256,""elapsed_ms"":2523,""checksum"":""0""}",,0,True,eed5b353d4a2406db32d34e84a8855c02c005be3643b9966be5612fa0de83cab
quickjs,string-fasta,1,128,3477,3477000000,27164062.5,3489023300,1456000,"IM_EXEC:{""test"":""string-fasta"",""n"":128,""elapsed_ms"":3477,""checksum"":""1456000""}",,0,True,9ef1f7595b6cdfe6baed89f2f84d63006986f85574a2f446797cd69ca2dd79b8
v8_ignition,string-fasta,1,128,1232,1232000000,9625000.0,1271203000,1456000,"IM_EXEC:{""test"":""string-fasta"",""n"":128,""elapsed_ms"":1232,""checksum"":""1456000""}",,0,True,9ef1f7595b6cdfe6baed89f2f84d63006986f85574a2f446797cd69ca2dd79b8
quickjs,string-base64,1,256,5229,5229000000,20425781.25,5242043000,32768,"IM_EXEC:{""test"":""string-base64"",""n"":256,""elapsed_ms"":5229,""checksum"":""32768""}",,0,True,5cbaf23c322bf98da4482d07d06d87eef3c50cebf6bf7c47046adb556543e441
v8_ignition,string-base64,1,256,1638,1638000000,6398437.5,1677826700,32768,"IM_EXEC:{""test"":""string-base64"",""n"":256,""elapsed_ms"":1638,""checksum"":""32768""}",,0,True,5cbaf23c322bf98da4482d07d06d87eef3c50cebf6bf7c47046adb556543e441
quickjs,bitops-nsieve-bits,1,128,1927,1927000000,15054687.5,1939516400,-1286749544853,"IM_EXEC:{""test"":""bitops-nsieve-bits"",""n"":128,""elapsed_ms"":1927,""checksum"":""-1286749544853""}",,0,True,c8cd89d57d6c82edd3ce9aaea504681391c6fb3beef555532dd2653fc0410765
v8_ignition,bitops-nsieve-bits,1,128,3033,3033000000,23695312.5,3071647000,-1286749544853,"IM_EXEC:{""test"":""bitops-nsieve-bits"",""n"":128,""elapsed_ms"":3033,""checksum"":""-1286749544853""}",,0,True,c8cd89d57d6c82edd3ce9aaea504681391c6fb3beef555532dd2653fc0410765
quickjs,bitops-bits-in-byte,1,64,1300,1300000000,20312500.0,1313257400,358400,"IM_EXEC:{""test"":""bitops-bits-in-byte"",""n"":64,""elapsed_ms"":1300,""checksum"":""358400""}",,0,True,5b00ba9a5c5657f66ade1ddd8f2816ae39bd34dd3007dc07b5357c2c829bef73
v8_ignition,bitops-bits-in-byte,1,64,1292,1292000000,20187500.0,1329033700,358400,"IM_EXEC:{""test"":""bitops-bits-in-byte"",""n"":64,""elapsed_ms"":1292,""checksum"":""358400""}",,0,True,5b00ba9a5c5657f66ade1ddd8f2816ae39bd34dd3007dc07b5357c2c829bef73
quickjs,crypto-sha1,1,256,1772,1772000000,6921875.0,1784202500,2524d264def74cce2498bf112bedf00e6c0b796d,"IM_EXEC:{""test"":""crypto-sha1"",""n"":256,""elapsed_ms"":1772,""checksum"":""2524d264def74cce2498bf112bedf00e6c0b796d""}",,0,True,efb82da8b03c1f4f11eeb3f88f9902179a62f0a21e620fe0f60845b8b874e292
v8_ignition,crypto-sha1,1,256,2189,2189000000,8550781.25,2227627500,2524d264def74cce2498bf112bedf00e6c0b796d,"IM_EXEC:{""test"":""crypto-sha1"",""n"":256,""elapsed_ms"":2189,""checksum"":""2524d264def74cce2498bf112bedf00e6c0b796d""}",,0,True,efb82da8b03c1f4f11eeb3f88f9902179a62f0a21e620fe0f60845b8b874e292
quickjs,access-fannkuch,1,32,1123,1123000000,35093750.0,1136136100,22,"IM_EXEC:{""test"":""access-fannkuch"",""n"":32,""elapsed_ms"":1123,""checksum"":""22""}",,0,True,fee86984d327e7709754ed7a2721517b303a436f895a8b03742b80a000d4eb6b
v8_ignition,access-fannkuch,1,32,1112,1112000000,34750000.0,1148706100,22,"IM_EXEC:{""test"":""access-fannkuch"",""n"":32,""elapsed_ms"":1112,""checksum"":""22""}",,0,True,fee86984d327e7709754ed7a2721517b303a436f895a8b03742b80a000d4eb6b
quickjs,string-tagcloud,1,256,6815,6815000000,26621093.75,6827796000,315241,"IM_EXEC:{""test"":""string-tagcloud"",""n"":256,""elapsed_ms"":6815,""checksum"":""315241""}",,0,True,bdb31cfdc8d9dc183a2016260abf8eae9629ab6f3fd5ffe57c0698243f1ca160
v8_ignition,string-tagcloud,1,256,1408,1408000000,5500000.0,1449904700,315241,"IM_EXEC:{""test"":""string-tagcloud"",""n"":256,""elapsed_ms"":1408,""checksum"":""315241""}",,0,True,bdb31cfdc8d9dc183a2016260abf8eae9629ab6f3fd5ffe57c0698243f1ca160
quickjs,access-nsieve,1,128,3006,3006000000,23484375.0,3018176800,14302,"IM_EXEC:{""test"":""access-nsieve"",""n"":128,""elapsed_ms"":3006,""checksum"":""14302""}",,0,True,d2ff95d96cd8e84458eff804a3dae7ac589b31fa7d1e11cdffd4aa821eec7819
v8_ignition,access-nsieve,1,128,1314,1314000000,10265625.0,1351376700,14302,"IM_EXEC:{""test"":""access-nsieve"",""n"":128,""elapsed_ms"":1314,""checksum"":""14302""}",,0,True,d2ff95d96cd8e84458eff804a3dae7ac589b31fa7d1e11cdffd4aa821eec7819
quickjs,string-validate-input,1,256,3447,3447000000,13464843.75,3458823100,462000,"IM_EXEC:{""test"":""string-validate-input"",""n"":256,""elapsed_ms"":3447,""checksum"":""462000""}",,0,True,f3316365a925df0927fe79ed16a84a33fe9d1e3dafbff918f53f671ca1a58748
v8_ignition,string-validate-input,1,256,1436,1436000000,5609375.0,1475827100,462000,"IM_EXEC:{""test"":""string-validate-input"",""n"":256,""elapsed_ms"":1436,""checksum"":""462000""}",,0,True,f3316365a925df0927fe79ed16a84a33fe9d1e3dafbff918f53f671ca1a58748
quickjs,crypto-md5,1,256,1863,1863000000,7277343.75,1875546900,a831e91e0f70eddcb70dc61c6f82f6cd,"IM_EXEC:{""test"":""crypto-md5"",""n"":256,""elapsed_ms"":1863,""checksum"":""a831e91e0f70eddcb70dc61c6f82f6cd""}",,0,True,b3676cc77ffa8184c46e9b99de32642296b190805d342e8e046279b12aa423b3
v8_ignition,crypto-md5,1,256,1986,1986000000,7757812.5,2023334900,a831e91e0f70eddcb70dc61c6f82f6cd,"IM_EXEC:{""test"":""crypto-md5"",""n"":256,""elapsed_ms"":1986,""checksum"":""a831e91e0f70eddcb70dc61c6f82f6cd""}",,0,True,b3676cc77ffa8184c46e9b99de32642296b190805d342e8e046279b12aa423b3
quickjs,math-cordic,1,64,1403,1403000000,21921875.0,1415198800,10362.570468755888,"IM_EXEC:{""test"":""math-cordic"",""n"":64,""elapsed_ms"":1403,""checksum"":""10362.570468755888""}",,0,True,34b61588ee1c24cb8be232a1a12958905f04b257e09200a4faefef3bb909ee53
v8_ignition,math-cordic,1,64,1108,1108000000,17312500.0,1145232200,10362.570468755888,"IM_EXEC:{""test"":""math-cordic"",""n"":64,""elapsed_ms"":1108,""checksum"":""10362.570468755888""}",,0,True,34b61588ee1c24cb8be232a1a12958905f04b257e09200a4faefef3bb909ee53
quickjs,crypto-aes,1,128,1904,1904000000,14875000.0,1917945300,1343,"IM_EXEC:{""test"":""crypto-aes"",""n"":128,""elapsed_ms"":1904,""checksum"":""1343""}",,0,True,c058d06958b1cc808c8c6a5054645c8fbb44897667ffe4f042da524c13a66234
v8_ignition,crypto-aes,1,128,1748,1748000000,13656250.0,1786089900,1343,"IM_EXEC:{""test"":""crypto-aes"",""n"":128,""elapsed_ms"":1748,""checksum"":""1343""}",,0,True,c058d06958b1cc808c8c6a5054645c8fbb44897667ffe4f042da524c13a66234
quickjs,date-format-tofte,1,128,3867,3867000000,30210937.5,3879251700,"2008-05-01|Thursday, May 01, 2008 5:31:22 PM|1209718549000","IM_EXEC:{""test"":""date-format-tofte"",""n"":128,""elapsed_ms"":3867,""checksum"":""2008-05-01|Thursday, May 01, 2008 5:31:22 PM|1209718549000""}",,0,True,9535a5df1307bfc8288791fc3faf48c5e50a5deb6f04987d455c2bcc11ed4bfc
v8_ignition,date-format-tofte,1,128,1078,1078000000,8421875.0,1116037000,"2008-05-01|Thursday, May 01, 2008 5:31:22 PM|1209718549000","IM_EXEC:{""test"":""date-format-tofte"",""n"":128,""elapsed_ms"":1078,""checksum"":""2008-05-01|Thursday, May 01, 2008 5:31:22 PM|1209718549000""}",,0,True,9535a5df1307bfc8288791fc3faf48c5e50a5deb6f04987d455c2bcc11ed4bfc
quickjs,controlflow-recursive,1,256,2117,2117000000,8269531.25,2129898400,57775,"IM_EXEC:{""test"":""controlflow-recursive"",""n"":256,""elapsed_ms"":2117,""checksum"":""57775""}",,0,True,b0137de1a06fa4c71fcd428e68ee4b3a61ae2444b324da024a872b257fd03c64
v8_ignition,controlflow-recursive,1,256,1777,1777000000,6941406.25,1814070700,57775,"IM_EXEC:{""test"":""controlflow-recursive"",""n"":256,""elapsed_ms"":1777,""checksum"":""57775""}",,0,True,b0137de1a06fa4c71fcd428e68ee4b3a61ae2444b324da024a872b257fd03c64
quickjs,access-binary-trees,1,256,3102,3102000000,12117187.5,3113452700,-4,"IM_EXEC:{""test"":""access-binary-trees"",""n"":256,""elapsed_ms"":3102,""checksum"":""-4""}",,0,True,2574ad07a3319832e969eef6330a65d5569f82589fd3968e95616ade0cac5383
v8_ignition,access-binary-trees,1,256,1438,1438000000,5617187.5,1475944800,-4,"IM_EXEC:{""test"":""access-binary-trees"",""n"":256,""elapsed_ms"":1438,""checksum"":""-4""}",,0,True,2574ad07a3319832e969eef6330a65d5569f82589fd3968e95616ade0cac5383
quickjs,string-unpack-code,1,256,13917,13917000000,54363281.25,13930657000,511508,"IM_EXEC:{""test"":""string-unpack-code"",""n"":256,""elapsed_ms"":13917,""checksum"":""511508""}",,0,True,81a8b0c2e178b101089899f543ac712456d9edd361ed55f1f8a0075dcdca98b5
v8_ignition,string-unpack-code,1,256,1700,1700000000,6640625.0,1743703000,511508,"IM_EXEC:{""test"":""string-unpack-code"",""n"":256,""elapsed_ms"":1700,""checksum"":""511508""}",,0,True,81a8b0c2e178b101089899f543ac712456d9edd361ed55f1f8a0075dcdca98b5
quickjs,access-nbody,1,64,1030,1030000000,16093750.0,1041603100,-1.3524862408537381,"IM_EXEC:{""test"":""access-nbody"",""n"":64,""elapsed_ms"":1030,""checksum"":""-1.3524862408537381""}",,0,True,19902b6f21c5b25ee15381029c367b4c4e18734127ed7525fb470472ccabc082
v8_ignition,access-nbody,1,64,1241,1241000000,19390625.0,1278021100,-1.3524862408537381,"IM_EXEC:{""test"":""access-nbody"",""n"":64,""elapsed_ms"":1241,""checksum"":""-1.3524862408537381""}",,0,True,19902b6f21c5b25ee15381029c367b4c4e18734127ed7525fb470472ccabc082
quickjs,date-format-xparb,1,256,5097,5097000000,19910156.25,5109124100,"2017-09-05|Tuesday, September 05, 2017 7:43:48 AM|1504652895000","IM_EXEC:{""test"":""date-format-xparb"",""n"":256,""elapsed_ms"":5097,""checksum"":""2017-09-05|Tuesday, September 05, 2017 7:43:48 AM|1504652895000""}",,0,True,add041cbb7bfa753ec4a301e26ec01e33f116b6a16883f80454b18f7790e4320
v8_ignition,date-format-xparb,1,256,1057,1057000000,4128906.25,1095605500,"2017-09-05|Tuesday, September 05, 2017 7:43:48 AM|1504652895000","IM_EXEC:{""test"":""date-format-xparb"",""n"":256,""elapsed_ms"":1057,""checksum"":""2017-09-05|Tuesday, September 05, 2017 7:43:48 AM|1504652895000""}",,0,True,add041cbb7bfa753ec4a301e26ec01e33f116b6a16883f80454b18f7790e4320
quickjs,bitops-3bit-bits-in-byte,1,256,2877,2877000000,11238281.25,2888973900,512000,"IM_EXEC:{""test"":""bitops-3bit-bits-in-byte"",""n"":256,""elapsed_ms"":2877,""checksum"":""512000""}",,0,True,abe5fed281f086bcd3336e21203ccebd592037d9c2a481ccf4c68e894138c38a
v8_ignition,bitops-3bit-bits-in-byte,1,256,1986,1986000000,7757812.5,2020473400,512000,"IM_EXEC:{""test"":""bitops-3bit-bits-in-byte"",""n"":256,""elapsed_ms"":1986,""checksum"":""512000""}",,0,True,abe5fed281f086bcd3336e21203ccebd592037d9c2a481ccf4c68e894138c38a
quickjs,math-partial-sums,1,128,2199,2199000000,17179687.5,2211596200,60.08994194659945,"IM_EXEC:{""test"":""math-partial-sums"",""n"":128,""elapsed_ms"":2199,""checksum"":""60.08994194659945""}",,0,True,4fadb0cf070baa5dde56707dff313a6a62821c6b1621c298f196e1f1bdb726e3
v8_ignition,math-partial-sums,1,128,1510,1510000000,11796875.0,1546114100,60.08994194659945,"IM_EXEC:{""test"":""math-partial-sums"",""n"":128,""elapsed_ms"":1510,""checksum"":""60.08994194659945""}",,0,True,4fadb0cf070baa5dde56707dff313a6a62821c6b1621c298f196e1f1bdb726e3
quickjs,3d-cube,1,64,1964,1964000000,30687500.0,1976643900,320,"IM_EXEC:{""test"":""3d-cube"",""n"":64,""elapsed_ms"":1964,""checksum"":""320""}",,0,True,60a065dcf0b5284dc0c04c58f860a2319aa73d0aaa4ce285a3fa9614f357aa2e
v8_ignition,3d-cube,1,64,1168,1168000000,18250000.0,1208157300,320,"IM_EXEC:{""test"":""3d-cube"",""n"":64,""elapsed_ms"":1168,""checksum"":""320""}",,0,True,60a065dcf0b5284dc0c04c58f860a2319aa73d0aaa4ce285a3fa9614f357aa2e
quickjs,3d-morph,1,64,1436,1436000000,22437500.0,1447577200,0,"IM_EXEC:{""test"":""3d-morph"",""n"":64,""elapsed_ms"":1436,""checksum"":""0""}",,0,True,522e39aba6d7f5f71cab59dfa2d2607b0932d63bdbfc9625b49725e02e9d5983
v8_ignition,3d-morph,1,64,1277,1277000000,19953125.0,1318215200,0,"IM_EXEC:{""test"":""3d-morph"",""n"":64,""elapsed_ms"":1277,""checksum"":""0""}",,0,True,522e39aba6d7f5f71cab59dfa2d2607b0932d63bdbfc9625b49725e02e9d5983
quickjs,3d-raytrace,1,128,1957,1957000000,15289062.5,1970504800,20969,"IM_EXEC:{""test"":""3d-raytrace"",""n"":128,""elapsed_ms"":1957,""checksum"":""20969""}",,0,True,fbf3a216ca8bc8223f66e4105ce5c95294ac4e5e8f40c56e660a89fbc4962c15
v8_ignition,3d-raytrace,1,128,1844,1844000000,14406250.0,1884154900,20970,"IM_EXEC:{""test"":""3d-raytrace"",""n"":128,""elapsed_ms"":1844,""checksum"":""20970""}",,0,True,fbf3a216ca8bc8223f66e4105ce5c95294ac4e5e8f40c56e660a89fbc4962c15
v8_ignition,math-cordic,2,64,1076,1076000000,16812500.0,1111422600,10362.570468755888,"IM_EXEC:{""test"":""math-cordic"",""n"":64,""elapsed_ms"":1076,""checksum"":""10362.570468755888""}",,0,True,34b61588ee1c24cb8be232a1a12958905f04b257e09200a4faefef3bb909ee53
quickjs,math-cordic,2,64,1410,1410000000,22031250.0,1418989400,10362.570468755888,"IM_EXEC:{""test"":""math-cordic"",""n"":64,""elapsed_ms"":1410,""checksum"":""10362.570468755888""}",,0,True,34b61588ee1c24cb8be232a1a12958905f04b257e09200a4faefef3bb909ee53
v8_ignition,bitops-bitwise-and,2,256,2579,2579000000,10074218.75,2615852500,0,"IM_EXEC:{""test"":""bitops-bitwise-and"",""n"":256,""elapsed_ms"":2579,""checksum"":""0""}",,0,True,eed5b353d4a2406db32d34e84a8855c02c005be3643b9966be5612fa0de83cab
quickjs,bitops-bitwise-and,2,256,1821,1821000000,7113281.25,1830849200,0,"IM_EXEC:{""test"":""bitops-bitwise-and"",""n"":256,""elapsed_ms"":1821,""checksum"":""0""}",,0,True,eed5b353d4a2406db32d34e84a8855c02c005be3643b9966be5612fa0de83cab
v8_ignition,access-binary-trees,2,256,1415,1415000000,5527343.75,1449570100,-4,"IM_EXEC:{""test"":""access-binary-trees"",""n"":256,""elapsed_ms"":1415,""checksum"":""-4""}",,0,True,2574ad07a3319832e969eef6330a65d5569f82589fd3968e95616ade0cac5383
quickjs,access-binary-trees,2,256,3082,3082000000,12039062.5,3091157200,-4,"IM_EXEC:{""test"":""access-binary-trees"",""n"":256,""elapsed_ms"":3082,""checksum"":""-4""}",,0,True,2574ad07a3319832e969eef6330a65d5569f82589fd3968e95616ade0cac5383
v8_ignition,math-partial-sums,2,128,1470,1470000000,11484375.0,1504987000,60.08994194659945,"IM_EXEC:{""test"":""math-partial-sums"",""n"":128,""elapsed_ms"":1470,""checksum"":""60.08994194659945""}",,0,True,4fadb0cf070baa5dde56707dff313a6a62821c6b1621c298f196e1f1bdb726e3
quickjs,math-partial-sums,2,128,2209,2209000000,17257812.5,2218305100,60.08994194659945,"IM_EXEC:{""test"":""math-partial-sums"",""n"":128,""elapsed_ms"":2209,""checksum"":""60.08994194659945""}",,0,True,4fadb0cf070baa5dde56707dff313a6a62821c6b1621c298f196e1f1bdb726e3
v8_ignition,access-fannkuch,2,32,1117,1117000000,34906250.0,1151527200,22,"IM_EXEC:{""test"":""access-fannkuch"",""n"":32,""elapsed_ms"":1117,""checksum"":""22""}",,0,True,fee86984d327e7709754ed7a2721517b303a436f895a8b03742b80a000d4eb6b
quickjs,access-fannkuch,2,32,1174,1174000000,36687500.0,1183531500,22,"IM_EXEC:{""test"":""access-fannkuch"",""n"":32,""elapsed_ms"":1174,""checksum"":""22""}",,0,True,fee86984d327e7709754ed7a2721517b303a436f895a8b03742b80a000d4eb6b
v8_ignition,date-format-tofte,2,128,1066,1066000000,8328125.0,1099700100,"2008-05-01|Thursday, May 01, 2008 5:31:22 PM|1209718549000","IM_EXEC:{""test"":""date-format-tofte"",""n"":128,""elapsed_ms"":1066,""checksum"":""2008-05-01|Thursday, May 01, 2008 5:31:22 PM|1209718549000""}",,0,True,9535a5df1307bfc8288791fc3faf48c5e50a5deb6f04987d455c2bcc11ed4bfc
quickjs,date-format-tofte,2,128,3835,3835000000,29960937.5,3844621800,"2008-05-01|Thursday, May 01, 2008 5:31:22 PM|1209718549000","IM_EXEC:{""test"":""date-format-tofte"",""n"":128,""elapsed_ms"":3835,""checksum"":""2008-05-01|Thursday, May 01, 2008 5:31:22 PM|1209718549000""}",,0,True,9535a5df1307bfc8288791fc3faf48c5e50a5deb6f04987d455c2bcc11ed4bfc
v8_ignition,access-nbody,2,64,1243,1243000000,19421875.0,1279775800,-1.3524862408537381,"IM_EXEC:{""test"":""access-nbody"",""n"":64,""elapsed_ms"":1243,""checksum"":""-1.3524862408537381""}",,0,True,19902b6f21c5b25ee15381029c367b4c4e18734127ed7525fb470472ccabc082
quickjs,access-nbody,2,64,985,985000000,15390625.0,995046000,-1.3524862408537381,"IM_EXEC:{""test"":""access-nbody"",""n"":64,""elapsed_ms"":985,""checksum"":""-1.3524862408537381""}",,0,True,19902b6f21c5b25ee15381029c367b4c4e18734127ed7525fb470472ccabc082
v8_ignition,regexp-dna,2,1024,1896,1896000000,1851562.5,1938060600,249:300056,"IM_EXEC:{""test"":""regexp-dna"",""n"":1024,""elapsed_ms"":1896,""checksum"":""249:300056""}",,0,True,3afc0a7c18fdee33367b1b484ba5fd4d9b7b225d1b2408dcc4f5fa0f7356cffe
quickjs,regexp-dna,2,1024,83123,83123000000,81174804.6875,83134490400,249:300056,"IM_EXEC:{""test"":""regexp-dna"",""n"":1024,""elapsed_ms"":83123,""checksum"":""249:300056""}",,0,True,3afc0a7c18fdee33367b1b484ba5fd4d9b7b225d1b2408dcc4f5fa0f7356cffe
v8_ignition,crypto-sha1,2,256,2189,2189000000,8550781.25,2224992400,2524d264def74cce2498bf112bedf00e6c0b796d,"IM_EXEC:{""test"":""crypto-sha1"",""n"":256,""elapsed_ms"":2189,""checksum"":""2524d264def74cce2498bf112bedf00e6c0b796d""}",,0,True,efb82da8b03c1f4f11eeb3f88f9902179a62f0a21e620fe0f60845b8b874e292
quickjs,crypto-sha1,2,256,1767,1767000000,6902343.75,1776897600,2524d264def74cce2498bf112bedf00e6c0b796d,"IM_EXEC:{""test"":""crypto-sha1"",""n"":256,""elapsed_ms"":1767,""checksum"":""2524d264def74cce2498bf112bedf00e6c0b796d""}",,0,True,efb82da8b03c1f4f11eeb3f88f9902179a62f0a21e620fe0f60845b8b874e292
v8_ignition,string-base64,2,256,1639,1639000000,6402343.75,1674537700,32768,"IM_EXEC:{""test"":""string-base64"",""n"":256,""elapsed_ms"":1639,""checksum"":""32768""}",,0,True,5cbaf23c322bf98da4482d07d06d87eef3c50cebf6bf7c47046adb556543e441
quickjs,string-base64,2,256,5214,5214000000,20367187.5,5223039100,32768,"IM_EXEC:{""test"":""string-base64"",""n"":256,""elapsed_ms"":5214,""checksum"":""32768""}",,0,True,5cbaf23c322bf98da4482d07d06d87eef3c50cebf6bf7c47046adb556543e441
v8_ignition,access-nsieve,2,128,1338,1338000000,10453125.0,1372986700,14302,"IM_EXEC:{""test"":""access-nsieve"",""n"":128,""elapsed_ms"":1338,""checksum"":""14302""}",,0,True,d2ff95d96cd8e84458eff804a3dae7ac589b31fa7d1e11cdffd4aa821eec7819
quickjs,access-nsieve,2,128,3054,3054000000,23859375.0,3064168000,14302,"IM_EXEC:{""test"":""access-nsieve"",""n"":128,""elapsed_ms"":3054,""checksum"":""14302""}",,0,True,d2ff95d96cd8e84458eff804a3dae7ac589b31fa7d1e11cdffd4aa821eec7819
v8_ignition,string-validate-input,2,256,1411,1411000000,5511718.75,1447291500,462000,"IM_EXEC:{""test"":""string-validate-input"",""n"":256,""elapsed_ms"":1411,""checksum"":""462000""}",,0,True,f3316365a925df0927fe79ed16a84a33fe9d1e3dafbff918f53f671ca1a58748
quickjs,string-validate-input,2,256,3450,3450000000,13476562.5,3459811700,462000,"IM_EXEC:{""test"":""string-validate-input"",""n"":256,""elapsed_ms"":3450,""checksum"":""462000""}",,0,True,f3316365a925df0927fe79ed16a84a33fe9d1e3dafbff918f53f671ca1a58748
v8_ignition,3d-raytrace,2,128,1843,1843000000,14398437.5,1879467000,20970,"IM_EXEC:{""test"":""3d-raytrace"",""n"":128,""elapsed_ms"":1843,""checksum"":""20970""}",,0,True,fbf3a216ca8bc8223f66e4105ce5c95294ac4e5e8f40c56e660a89fbc4962c15
quickjs,3d-raytrace,2,128,1907,1907000000,14898437.5,1917085100,20969,"IM_EXEC:{""test"":""3d-raytrace"",""n"":128,""elapsed_ms"":1907,""checksum"":""20969""}",,0,True,fbf3a216ca8bc8223f66e4105ce5c95294ac4e5e8f40c56e660a89fbc4962c15
v8_ignition,3d-morph,2,64,1282,1282000000,20031250.0,1320555400,0,"IM_EXEC:{""test"":""3d-morph"",""n"":64,""elapsed_ms"":1282,""checksum"":""0""}",,0,True,522e39aba6d7f5f71cab59dfa2d2607b0932d63bdbfc9625b49725e02e9d5983
quickjs,3d-morph,2,64,1438,1438000000,22468750.0,1446695300,0,"IM_EXEC:{""test"":""3d-morph"",""n"":64,""elapsed_ms"":1438,""checksum"":""0""}",,0,True,522e39aba6d7f5f71cab59dfa2d2607b0932d63bdbfc9625b49725e02e9d5983
v8_ignition,crypto-aes,2,128,1718,1718000000,13421875.0,1754670600,1343,"IM_EXEC:{""test"":""crypto-aes"",""n"":128,""elapsed_ms"":1718,""checksum"":""1343""}",,0,True,c058d06958b1cc808c8c6a5054645c8fbb44897667ffe4f042da524c13a66234
quickjs,crypto-aes,2,128,1909,1909000000,14914062.5,1919606700,1343,"IM_EXEC:{""test"":""crypto-aes"",""n"":128,""elapsed_ms"":1909,""checksum"":""1343""}",,0,True,c058d06958b1cc808c8c6a5054645c8fbb44897667ffe4f042da524c13a66234
v8_ignition,math-spectral-norm,2,128,943,943000000,7367187.5,977284600,5.086694231303284,"IM_EXEC:{""test"":""math-spectral-norm"",""n"":128,""elapsed_ms"":943,""checksum"":""5.086694231303284""}",,0,True,52eb39e653bcbb40e24520ce504d81698f6a67645593e05ca67257f318fba4d8
quickjs,math-spectral-norm,2,128,1185,1185000000,9257812.5,1193654200,5.086694231303284,"IM_EXEC:{""test"":""math-spectral-norm"",""n"":128,""elapsed_ms"":1185,""checksum"":""5.086694231303284""}",,0,True,52eb39e653bcbb40e24520ce504d81698f6a67645593e05ca67257f318fba4d8
v8_ignition,string-fasta,2,128,1224,1224000000,9562500.0,1257983700,1456000,"IM_EXEC:{""test"":""string-fasta"",""n"":128,""elapsed_ms"":1224,""checksum"":""1456000""}",,0,True,9ef1f7595b6cdfe6baed89f2f84d63006986f85574a2f446797cd69ca2dd79b8
quickjs,string-fasta,2,128,3460,3460000000,27031250.0,3469378400,1456000,"IM_EXEC:{""test"":""string-fasta"",""n"":128,""elapsed_ms"":3460,""checksum"":""1456000""}",,0,True,9ef1f7595b6cdfe6baed89f2f84d63006986f85574a2f446797cd69ca2dd79b8
v8_ignition,string-tagcloud,2,256,1411,1411000000,5511718.75,1452035300,315241,"IM_EXEC:{""test"":""string-tagcloud"",""n"":256,""elapsed_ms"":1411,""checksum"":""315241""}",,0,True,bdb31cfdc8d9dc183a2016260abf8eae9629ab6f3fd5ffe57c0698243f1ca160
quickjs,string-tagcloud,2,256,6821,6821000000,26644531.25,6832540100,315241,"IM_EXEC:{""test"":""string-tagcloud"",""n"":256,""elapsed_ms"":6821,""checksum"":""315241""}",,0,True,bdb31cfdc8d9dc183a2016260abf8eae9629ab6f3fd5ffe57c0698243f1ca160
v8_ignition,crypto-md5,2,256,1977,1977000000,7722656.25,2013475000,a831e91e0f70eddcb70dc61c6f82f6cd,"IM_EXEC:{""test"":""crypto-md5"",""n"":256,""elapsed_ms"":1977,""checksum"":""a831e91e0f70eddcb70dc61c6f82f6cd""}",,0,True,b3676cc77ffa8184c46e9b99de32642296b190805d342e8e046279b12aa423b3
quickjs,crypto-md5,2,256,1859,1859000000,7261718.75,1869088800,a831e91e0f70eddcb70dc61c6f82f6cd,"IM_EXEC:{""test"":""crypto-md5"",""n"":256,""elapsed_ms"":1859,""checksum"":""a831e91e0f70eddcb70dc61c6f82f6cd""}",,0,True,b3676cc77ffa8184c46e9b99de32642296b190805d342e8e046279b12aa423b3
v8_ignition,3d-cube,2,64,1169,1169000000,18265625.0,1203578300,320,"IM_EXEC:{""test"":""3d-cube"",""n"":64,""elapsed_ms"":1169,""checksum"":""320""}",,0,True,60a065dcf0b5284dc0c04c58f860a2319aa73d0aaa4ce285a3fa9614f357aa2e
quickjs,3d-cube,2,64,1963,1963000000,30671875.0,1972521400,320,"IM_EXEC:{""test"":""3d-cube"",""n"":64,""elapsed_ms"":1963,""checksum"":""320""}",,0,True,60a065dcf0b5284dc0c04c58f860a2319aa73d0aaa4ce285a3fa9614f357aa2e
v8_ignition,string-unpack-code,2,256,1726,1726000000,6742187.5,1764711000,511508,"IM_EXEC:{""test"":""string-unpack-code"",""n"":256,""elapsed_ms"":1726,""checksum"":""511508""}",,0,True,81a8b0c2e178b101089899f543ac712456d9edd361ed55f1f8a0075dcdca98b5
quickjs,string-unpack-code,2,256,13799,13799000000,53902343.75,13810213400,511508,"IM_EXEC:{""test"":""string-unpack-code"",""n"":256,""elapsed_ms"":13799,""checksum"":""511508""}",,0,True,81a8b0c2e178b101089899f543ac712456d9edd361ed55f1f8a0075dcdca98b5
v8_ignition,bitops-3bit-bits-in-byte,2,256,1915,1915000000,7480468.75,1949175900,512000,"IM_EXEC:{""test"":""bitops-3bit-bits-in-byte"",""n"":256,""elapsed_ms"":1915,""checksum"":""512000""}",,0,True,abe5fed281f086bcd3336e21203ccebd592037d9c2a481ccf4c68e894138c38a
quickjs,bitops-3bit-bits-in-byte,2,256,2439,2439000000,9527343.75,2447984300,512000,"IM_EXEC:{""test"":""bitops-3bit-bits-in-byte"",""n"":256,""elapsed_ms"":2439,""checksum"":""512000""}",,0,True,abe5fed281f086bcd3336e21203ccebd592037d9c2a481ccf4c68e894138c38a
v8_ignition,bitops-bits-in-byte,2,64,1296,1296000000,20250000.0,1331415200,358400,"IM_EXEC:{""test"":""bitops-bits-in-byte"",""n"":64,""elapsed_ms"":1296,""checksum"":""358400""}",,0,True,5b00ba9a5c5657f66ade1ddd8f2816ae39bd34dd3007dc07b5357c2c829bef73
quickjs,bitops-bits-in-byte,2,64,1326,1326000000,20718750.0,1334587400,358400,"IM_EXEC:{""test"":""bitops-bits-in-byte"",""n"":64,""elapsed_ms"":1326,""checksum"":""358400""}",,0,True,5b00ba9a5c5657f66ade1ddd8f2816ae39bd34dd3007dc07b5357c2c829bef73
v8_ignition,controlflow-recursive,2,256,1774,1774000000,6929687.5,1808123500,57775,"IM_EXEC:{""test"":""controlflow-recursive"",""n"":256,""elapsed_ms"":1774,""checksum"":""57775""}",,0,True,b0137de1a06fa4c71fcd428e68ee4b3a61ae2444b324da024a872b257fd03c64
quickjs,controlflow-recursive,2,256,2114,2114000000,8257812.5,2122785900,57775,"IM_EXEC:{""test"":""controlflow-recursive"",""n"":256,""elapsed_ms"":2114,""checksum"":""57775""}",,0,True,b0137de1a06fa4c71fcd428e68ee4b3a61ae2444b324da024a872b257fd03c64
v8_ignition,bitops-nsieve-bits,2,128,2982,2982000000,23296875.0,3018700900,-1286749544853,"IM_EXEC:{""test"":""bitops-nsieve-bits"",""n"":128,""elapsed_ms"":2982,""checksum"":""-1286749544853""}",,0,True,c8cd89d57d6c82edd3ce9aaea504681391c6fb3beef555532dd2653fc0410765
quickjs,bitops-nsieve-bits,2,128,1962,1962000000,15328125.0,1971706800,-1286749544853,"IM_EXEC:{""test"":""bitops-nsieve-bits"",""n"":128,""elapsed_ms"":1962,""checksum"":""-1286749544853""}",,0,True,c8cd89d57d6c82edd3ce9aaea504681391c6fb3beef555532dd2653fc0410765
v8_ignition,date-format-xparb,2,256,1050,1050000000,4101562.5,1085448800,"2017-09-05|Tuesday, September 05, 2017 7:43:48 AM|1504652895000","IM_EXEC:{""test"":""date-format-xparb"",""n"":256,""elapsed_ms"":1050,""checksum"":""2017-09-05|Tuesday, September 05, 2017 7:43:48 AM|1504652895000""}",,0,True,add041cbb7bfa753ec4a301e26ec01e33f116b6a16883f80454b18f7790e4320
quickjs,date-format-xparb,2,256,5093,5093000000,19894531.25,5103361600,"2017-09-05|Tuesday, September 05, 2017 7:43:48 AM|1504652895000","IM_EXEC:{""test"":""date-format-xparb"",""n"":256,""elapsed_ms"":5093,""checksum"":""2017-09-05|Tuesday, September 05, 2017 7:43:48 AM|1504652895000""}",,0,True,add041cbb7bfa753ec4a301e26ec01e33f116b6a16883f80454b18f7790e4320
quickjs,bitops-bits-in-byte,3,64,1273,1273000000,19890625.0,1283738100,358400,"IM_EXEC:{""test"":""bitops-bits-in-byte"",""n"":64,""elapsed_ms"":1273,""checksum"":""358400""}",,0,True,5b00ba9a5c5657f66ade1ddd8f2816ae39bd34dd3007dc07b5357c2c829bef73
v8_ignition,bitops-bits-in-byte,3,64,1317,1317000000,20578125.0,1351842100,358400,"IM_EXEC:{""test"":""bitops-bits-in-byte"",""n"":64,""elapsed_ms"":1317,""checksum"":""358400""}",,0,True,5b00ba9a5c5657f66ade1ddd8f2816ae39bd34dd3007dc07b5357c2c829bef73
quickjs,access-binary-trees,3,256,3097,3097000000,12097656.25,3106778300,-4,"IM_EXEC:{""test"":""access-binary-trees"",""n"":256,""elapsed_ms"":3097,""checksum"":""-4""}",,0,True,2574ad07a3319832e969eef6330a65d5569f82589fd3968e95616ade0cac5383
v8_ignition,access-binary-trees,3,256,1427,1427000000,5574218.75,1461380600,-4,"IM_EXEC:{""test"":""access-binary-trees"",""n"":256,""elapsed_ms"":1427,""checksum"":""-4""}",,0,True,2574ad07a3319832e969eef6330a65d5569f82589fd3968e95616ade0cac5383
quickjs,regexp-dna,3,1024,81348,81348000000,79441406.25,81359558800,249:300056,"IM_EXEC:{""test"":""regexp-dna"",""n"":1024,""elapsed_ms"":81348,""checksum"":""249:300056""}",,0,True,3afc0a7c18fdee33367b1b484ba5fd4d9b7b225d1b2408dcc4f5fa0f7356cffe
v8_ignition,regexp-dna,3,1024,1891,1891000000,1846679.6875,1931264600,249:300056,"IM_EXEC:{""test"":""regexp-dna"",""n"":1024,""elapsed_ms"":1891,""checksum"":""249:300056""}",,0,True,3afc0a7c18fdee33367b1b484ba5fd4d9b7b225d1b2408dcc4f5fa0f7356cffe
quickjs,crypto-aes,3,128,1935,1935000000,15117187.5,1945368800,1343,"IM_EXEC:{""test"":""crypto-aes"",""n"":128,""elapsed_ms"":1935,""checksum"":""1343""}",,0,True,c058d06958b1cc808c8c6a5054645c8fbb44897667ffe4f042da524c13a66234
v8_ignition,crypto-aes,3,128,1753,1753000000,13695312.5,1789492600,1343,"IM_EXEC:{""test"":""crypto-aes"",""n"":128,""elapsed_ms"":1753,""checksum"":""1343""}",,0,True,c058d06958b1cc808c8c6a5054645c8fbb44897667ffe4f042da524c13a66234
quickjs,bitops-bitwise-and,3,256,1765,1765000000,6894531.25,1773334700,0,"IM_EXEC:{""test"":""bitops-bitwise-and"",""n"":256,""elapsed_ms"":1765,""checksum"":""0""}",,0,True,eed5b353d4a2406db32d34e84a8855c02c005be3643b9966be5612fa0de83cab
v8_ignition,bitops-bitwise-and,3,256,2507,2507000000,9792968.75,2543320500,0,"IM_EXEC:{""test"":""bitops-bitwise-and"",""n"":256,""elapsed_ms"":2507,""checksum"":""0""}",,0,True,eed5b353d4a2406db32d34e84a8855c02c005be3643b9966be5612fa0de83cab
quickjs,string-unpack-code,3,256,13723,13723000000,53605468.75,13736171900,511508,"IM_EXEC:{""test"":""string-unpack-code"",""n"":256,""elapsed_ms"":13723,""checksum"":""511508""}",,0,True,81a8b0c2e178b101089899f543ac712456d9edd361ed55f1f8a0075dcdca98b5
v8_ignition,string-unpack-code,3,256,1708,1708000000,6671875.0,1746783900,511508,"IM_EXEC:{""test"":""string-unpack-code"",""n"":256,""elapsed_ms"":1708,""checksum"":""511508""}",,0,True,81a8b0c2e178b101089899f543ac712456d9edd361ed55f1f8a0075dcdca98b5
quickjs,date-format-tofte,3,128,3808,3808000000,29750000.0,3818107000,"2008-05-01|Thursday, May 01, 2008 5:31:22 PM|1209718549000","IM_EXEC:{""test"":""date-format-tofte"",""n"":128,""elapsed_ms"":3808,""checksum"":""2008-05-01|Thursday, May 01, 2008 5:31:22 PM|1209718549000""}",,0,True,9535a5df1307bfc8288791fc3faf48c5e50a5deb6f04987d455c2bcc11ed4bfc
v8_ignition,date-format-tofte,3,128,1067,1067000000,8335937.5,1101998100,"2008-05-01|Thursday, May 01, 2008 5:31:22 PM|1209718549000","IM_EXEC:{""test"":""date-format-tofte"",""n"":128,""elapsed_ms"":1067,""checksum"":""2008-05-01|Thursday, May 01, 2008 5:31:22 PM|1209718549000""}",,0,True,9535a5df1307bfc8288791fc3faf48c5e50a5deb6f04987d455c2bcc11ed4bfc
quickjs,string-base64,3,256,5280,5280000000,20625000.0,5289038800,32768,"IM_EXEC:{""test"":""string-base64"",""n"":256,""elapsed_ms"":5280,""checksum"":""32768""}",,0,True,5cbaf23c322bf98da4482d07d06d87eef3c50cebf6bf7c47046adb556543e441
v8_ignition,string-base64,3,256,1588,1588000000,6203125.0,1623502700,32768,"IM_EXEC:{""test"":""string-base64"",""n"":256,""elapsed_ms"":1588,""checksum"":""32768""}",,0,True,5cbaf23c322bf98da4482d07d06d87eef3c50cebf6bf7c47046adb556543e441
quickjs,math-partial-sums,3,128,2212,2212000000,17281250.0,2222372600,60.08994194659945,"IM_EXEC:{""test"":""math-partial-sums"",""n"":128,""elapsed_ms"":2212,""checksum"":""60.08994194659945""}",,0,True,4fadb0cf070baa5dde56707dff313a6a62821c6b1621c298f196e1f1bdb726e3
v8_ignition,math-partial-sums,3,128,1497,1497000000,11695312.5,1530581600,60.08994194659945,"IM_EXEC:{""test"":""math-partial-sums"",""n"":128,""elapsed_ms"":1497,""checksum"":""60.08994194659945""}",,0,True,4fadb0cf070baa5dde56707dff313a6a62821c6b1621c298f196e1f1bdb726e3
quickjs,3d-cube,3,64,1963,1963000000,30671875.0,1972441200,320,"IM_EXEC:{""test"":""3d-cube"",""n"":64,""elapsed_ms"":1963,""checksum"":""320""}",,0,True,60a065dcf0b5284dc0c04c58f860a2319aa73d0aaa4ce285a3fa9614f357aa2e
v8_ignition,3d-cube,3,64,1170,1170000000,18281250.0,1206291700,320,"IM_EXEC:{""test"":""3d-cube"",""n"":64,""elapsed_ms"":1170,""checksum"":""320""}",,0,True,60a065dcf0b5284dc0c04c58f860a2319aa73d0aaa4ce285a3fa9614f357aa2e
quickjs,bitops-nsieve-bits,3,128,1889,1889000000,14757812.5,1898213900,-1286749544853,"IM_EXEC:{""test"":""bitops-nsieve-bits"",""n"":128,""elapsed_ms"":1889,""checksum"":""-1286749544853""}",,0,True,c8cd89d57d6c82edd3ce9aaea504681391c6fb3beef555532dd2653fc0410765
v8_ignition,bitops-nsieve-bits,3,128,2964,2964000000,23156250.0,3000818200,-1286749544853,"IM_EXEC:{""test"":""bitops-nsieve-bits"",""n"":128,""elapsed_ms"":2964,""checksum"":""-1286749544853""}",,0,True,c8cd89d57d6c82edd3ce9aaea504681391c6fb3beef555532dd2653fc0410765
quickjs,string-fasta,3,128,3457,3457000000,27007812.5,3466262700,1456000,"IM_EXEC:{""test"":""string-fasta"",""n"":128,""elapsed_ms"":3457,""checksum"":""1456000""}",,0,True,9ef1f7595b6cdfe6baed89f2f84d63006986f85574a2f446797cd69ca2dd79b8
v8_ignition,string-fasta,3,128,1228,1228000000,9593750.0,1262659900,1456000,"IM_EXEC:{""test"":""string-fasta"",""n"":128,""elapsed_ms"":1228,""checksum"":""1456000""}",,0,True,9ef1f7595b6cdfe6baed89f2f84d63006986f85574a2f446797cd69ca2dd79b8
quickjs,date-format-xparb,3,256,5069,5069000000,19800781.25,5079714600,"2017-09-05|Tuesday, September 05, 2017 7:43:48 AM|1504652895000","IM_EXEC:{""test"":""date-format-xparb"",""n"":256,""elapsed_ms"":5069,""checksum"":""2017-09-05|Tuesday, September 05, 2017 7:43:48 AM|1504652895000""}",,0,True,add041cbb7bfa753ec4a301e26ec01e33f116b6a16883f80454b18f7790e4320
v8_ignition,date-format-xparb,3,256,1062,1062000000,4148437.5,1098054700,"2017-09-05|Tuesday, September 05, 2017 7:43:48 AM|1504652895000","IM_EXEC:{""test"":""date-format-xparb"",""n"":256,""elapsed_ms"":1062,""checksum"":""2017-09-05|Tuesday, September 05, 2017 7:43:48 AM|1504652895000""}",,0,True,add041cbb7bfa753ec4a301e26ec01e33f116b6a16883f80454b18f7790e4320
quickjs,crypto-md5,3,256,1860,1860000000,7265625.0,1869629500,a831e91e0f70eddcb70dc61c6f82f6cd,"IM_EXEC:{""test"":""crypto-md5"",""n"":256,""elapsed_ms"":1860,""checksum"":""a831e91e0f70eddcb70dc61c6f82f6cd""}",,0,True,b3676cc77ffa8184c46e9b99de32642296b190805d342e8e046279b12aa423b3
v8_ignition,crypto-md5,3,256,1970,1970000000,7695312.5,2005241900,a831e91e0f70eddcb70dc61c6f82f6cd,"IM_EXEC:{""test"":""crypto-md5"",""n"":256,""elapsed_ms"":1970,""checksum"":""a831e91e0f70eddcb70dc61c6f82f6cd""}",,0,True,b3676cc77ffa8184c46e9b99de32642296b190805d342e8e046279b12aa423b3
quickjs,access-fannkuch,3,32,1154,1154000000,36062500.0,1163505500,22,"IM_EXEC:{""test"":""access-fannkuch"",""n"":32,""elapsed_ms"":1154,""checksum"":""22""}",,0,True,fee86984d327e7709754ed7a2721517b303a436f895a8b03742b80a000d4eb6b
v8_ignition,access-fannkuch,3,32,1091,1091000000,34093750.0,1127434900,22,"IM_EXEC:{""test"":""access-fannkuch"",""n"":32,""elapsed_ms"":1091,""checksum"":""22""}",,0,True,fee86984d327e7709754ed7a2721517b303a436f895a8b03742b80a000d4eb6b
quickjs,bitops-3bit-bits-in-byte,3,256,2461,2461000000,9613281.25,2470488100,512000,"IM_EXEC:{""test"":""bitops-3bit-bits-in-byte"",""n"":256,""elapsed_ms"":2461,""checksum"":""512000""}",,0,True,abe5fed281f086bcd3336e21203ccebd592037d9c2a481ccf4c68e894138c38a
v8_ignition,bitops-3bit-bits-in-byte,3,256,1968,1968000000,7687500.0,2000072200,512000,"IM_EXEC:{""test"":""bitops-3bit-bits-in-byte"",""n"":256,""elapsed_ms"":1968,""checksum"":""512000""}",,0,True,abe5fed281f086bcd3336e21203ccebd592037d9c2a481ccf4c68e894138c38a
quickjs,crypto-sha1,3,256,1731,1731000000,6761718.75,1740413800,2524d264def74cce2498bf112bedf00e6c0b796d,"IM_EXEC:{""test"":""crypto-sha1"",""n"":256,""elapsed_ms"":1731,""checksum"":""2524d264def74cce2498bf112bedf00e6c0b796d""}",,0,True,efb82da8b03c1f4f11eeb3f88f9902179a62f0a21e620fe0f60845b8b874e292
v8_ignition,crypto-sha1,3,256,2183,2183000000,8527343.75,2219693600,2524d264def74cce2498bf112bedf00e6c0b796d,"IM_EXEC:{""test"":""crypto-sha1"",""n"":256,""elapsed_ms"":2183,""checksum"":""2524d264def74cce2498bf112bedf00e6c0b796d""}",,0,True,efb82da8b03c1f4f11eeb3f88f9902179a62f0a21e620fe0f60845b8b874e292
quickjs,math-spectral-norm,3,128,1187,1187000000,9273437.5,1196187800,5.086694231303284,"IM_EXEC:{""test"":""math-spectral-norm"",""n"":128,""elapsed_ms"":1187,""checksum"":""5.086694231303284""}",,0,True,52eb39e653bcbb40e24520ce504d81698f6a67645593e05ca67257f318fba4d8
v8_ignition,math-spectral-norm,3,128,929,929000000,7257812.5,964529300,5.086694231303284,"IM_EXEC:{""test"":""math-spectral-norm"",""n"":128,""elapsed_ms"":929,""checksum"":""5.086694231303284""}",,0,True,52eb39e653bcbb40e24520ce504d81698f6a67645593e05ca67257f318fba4d8
quickjs,math-cordic,3,64,1379,1379000000,21546875.0,1388063500,10362.570468755888,"IM_EXEC:{""test"":""math-cordic"",""n"":64,""elapsed_ms"":1379,""checksum"":""10362.570468755888""}",,0,True,34b61588ee1c24cb8be232a1a12958905f04b257e09200a4faefef3bb909ee53
v8_ignition,math-cordic,3,64,1090,1090000000,17031250.0,1124080200,10362.570468755888,"IM_EXEC:{""test"":""math-cordic"",""n"":64,""elapsed_ms"":1090,""checksum"":""10362.570468755888""}",,0,True,34b61588ee1c24cb8be232a1a12958905f04b257e09200a4faefef3bb909ee53
quickjs,3d-morph,3,64,1414,1414000000,22093750.0,1422779100,0,"IM_EXEC:{""test"":""3d-morph"",""n"":64,""elapsed_ms"":1414,""checksum"":""0""}",,0,True,522e39aba6d7f5f71cab59dfa2d2607b0932d63bdbfc9625b49725e02e9d5983
v8_ignition,3d-morph,3,64,1279,1279000000,19984375.0,1318001000,0,"IM_EXEC:{""test"":""3d-morph"",""n"":64,""elapsed_ms"":1279,""checksum"":""0""}",,0,True,522e39aba6d7f5f71cab59dfa2d2607b0932d63bdbfc9625b49725e02e9d5983
quickjs,controlflow-recursive,3,256,2093,2093000000,8175781.25,2103289600,57775,"IM_EXEC:{""test"":""controlflow-recursive"",""n"":256,""elapsed_ms"":2093,""checksum"":""57775""}",,0,True,b0137de1a06fa4c71fcd428e68ee4b3a61ae2444b324da024a872b257fd03c64
v8_ignition,controlflow-recursive,3,256,1719,1719000000,6714843.75,1754334400,57775,"IM_EXEC:{""test"":""controlflow-recursive"",""n"":256,""elapsed_ms"":1719,""checksum"":""57775""}",,0,True,b0137de1a06fa4c71fcd428e68ee4b3a61ae2444b324da024a872b257fd03c64
quickjs,3d-raytrace,3,128,1907,1907000000,14898437.5,1916183700,20969,"IM_EXEC:{""test"":""3d-raytrace"",""n"":128,""elapsed_ms"":1907,""checksum"":""20969""}",,0,True,fbf3a216ca8bc8223f66e4105ce5c95294ac4e5e8f40c56e660a89fbc4962c15
v8_ignition,3d-raytrace,3,128,1857,1857000000,14507812.5,1894217100,20970,"IM_EXEC:{""test"":""3d-raytrace"",""n"":128,""elapsed_ms"":1857,""checksum"":""20970""}",,0,True,fbf3a216ca8bc8223f66e4105ce5c95294ac4e5e8f40c56e660a89fbc4962c15
quickjs,access-nsieve,3,128,3001,3001000000,23445312.5,3009348300,14302,"IM_EXEC:{""test"":""access-nsieve"",""n"":128,""elapsed_ms"":3001,""checksum"":""14302""}",,0,True,d2ff95d96cd8e84458eff804a3dae7ac589b31fa7d1e11cdffd4aa821eec7819
v8_ignition,access-nsieve,3,128,1371,1371000000,10710937.5,1406267300,14302,"IM_EXEC:{""test"":""access-nsieve"",""n"":128,""elapsed_ms"":1371,""checksum"":""14302""}",,0,True,d2ff95d96cd8e84458eff804a3dae7ac589b31fa7d1e11cdffd4aa821eec7819
quickjs,string-tagcloud,3,256,6925,6925000000,27050781.25,6935769800,315241,"IM_EXEC:{""test"":""string-tagcloud"",""n"":256,""elapsed_ms"":6925,""checksum"":""315241""}",,0,True,bdb31cfdc8d9dc183a2016260abf8eae9629ab6f3fd5ffe57c0698243f1ca160
v8_ignition,string-tagcloud,3,256,1414,1414000000,5523437.5,1452677100,315241,"IM_EXEC:{""test"":""string-tagcloud"",""n"":256,""elapsed_ms"":1414,""checksum"":""315241""}",,0,True,bdb31cfdc8d9dc183a2016260abf8eae9629ab6f3fd5ffe57c0698243f1ca160
quickjs,string-validate-input,3,256,3582,3582000000,13992187.5,3590212600,462000,"IM_EXEC:{""test"":""string-validate-input"",""n"":256,""elapsed_ms"":3582,""checksum"":""462000""}",,0,True,f3316365a925df0927fe79ed16a84a33fe9d1e3dafbff918f53f671ca1a58748
v8_ignition,string-validate-input,3,256,1417,1417000000,5535156.25,1454152700,462000,"IM_EXEC:{""test"":""string-validate-input"",""n"":256,""elapsed_ms"":1417,""checksum"":""462000""}",,0,True,f3316365a925df0927fe79ed16a84a33fe9d1e3dafbff918f53f671ca1a58748
quickjs,access-nbody,3,64,995,995000000,15546875.0,1005259200,-1.3524862408537381,"IM_EXEC:{""test"":""access-nbody"",""n"":64,""elapsed_ms"":995,""checksum"":""-1.3524862408537381""}",,0,True,19902b6f21c5b25ee15381029c367b4c4e18734127ed7525fb470472ccabc082
v8_ignition,access-nbody,3,64,1235,1235000000,19296875.0,1270463400,-1.3524862408537381,"IM_EXEC:{""test"":""access-nbody"",""n"":64,""elapsed_ms"":1235,""checksum"":""-1.3524862408537381""}",,0,True,19902b6f21c5b25ee15381029c367b4c4e18734127ed7525fb470472ccabc082
v8_ignition,access-binary-trees,4,256,1423,1423000000,5558593.75,1457367100,-4,"IM_EXEC:{""test"":""access-binary-trees"",""n"":256,""elapsed_ms"":1423,""checksum"":""-4""}",,0,True,2574ad07a3319832e969eef6330a65d5569f82589fd3968e95616ade0cac5383
quickjs,access-binary-trees,4,256,3119,3119000000,12183593.75,3128239800,-4,"IM_EXEC:{""test"":""access-binary-trees"",""n"":256,""elapsed_ms"":3119,""checksum"":""-4""}",,0,True,2574ad07a3319832e969eef6330a65d5569f82589fd3968e95616ade0cac5383
v8_ignition,bitops-bits-in-byte,4,64,1321,1321000000,20640625.0,1354613500,358400,"IM_EXEC:{""test"":""bitops-bits-in-byte"",""n"":64,""elapsed_ms"":1321,""checksum"":""358400""}",,0,True,5b00ba9a5c5657f66ade1ddd8f2816ae39bd34dd3007dc07b5357c2c829bef73
quickjs,bitops-bits-in-byte,4,64,1341,1341000000,20953125.0,1350574200,358400,"IM_EXEC:{""test"":""bitops-bits-in-byte"",""n"":64,""elapsed_ms"":1341,""checksum"":""358400""}",,0,True,5b00ba9a5c5657f66ade1ddd8f2816ae39bd34dd3007dc07b5357c2c829bef73
v8_ignition,string-base64,4,256,1604,1604000000,6265625.0,1639362500,32768,"IM_EXEC:{""test"":""string-base64"",""n"":256,""elapsed_ms"":1604,""checksum"":""32768""}",,0,True,5cbaf23c322bf98da4482d07d06d87eef3c50cebf6bf7c47046adb556543e441
quickjs,string-base64,4,256,5208,5208000000,20343750.0,5217860700,32768,"IM_EXEC:{""test"":""string-base64"",""n"":256,""elapsed_ms"":5208,""checksum"":""32768""}",,0,True,5cbaf23c322bf98da4482d07d06d87eef3c50cebf6bf7c47046adb556543e441
v8_ignition,3d-cube,4,64,1168,1168000000,18250000.0,1205847800,320,"IM_EXEC:{""test"":""3d-cube"",""n"":64,""elapsed_ms"":1168,""checksum"":""320""}",,0,True,60a065dcf0b5284dc0c04c58f860a2319aa73d0aaa4ce285a3fa9614f357aa2e
quickjs,3d-cube,4,64,1977,1977000000,30890625.0,1986866800,320,"IM_EXEC:{""test"":""3d-cube"",""n"":64,""elapsed_ms"":1977,""checksum"":""320""}",,0,True,60a065dcf0b5284dc0c04c58f860a2319aa73d0aaa4ce285a3fa9614f357aa2e
v8_ignition,access-nbody,4,64,1244,1244000000,19437500.0,1278941900,-1.3524862408537381,"IM_EXEC:{""test"":""access-nbody"",""n"":64,""elapsed_ms"":1244,""checksum"":""-1.3524862408537381""}",,0,True,19902b6f21c5b25ee15381029c367b4c4e18734127ed7525fb470472ccabc082
quickjs,access-nbody,4,64,1024,1024000000,16000000.0,1032817000,-1.3524862408537381,"IM_EXEC:{""test"":""access-nbody"",""n"":64,""elapsed_ms"":1024,""checksum"":""-1.3524862408537381""}",,0,True,19902b6f21c5b25ee15381029c367b4c4e18734127ed7525fb470472ccabc082
v8_ignition,bitops-bitwise-and,4,256,2557,2557000000,9988281.25,2592243500,0,"IM_EXEC:{""test"":""bitops-bitwise-and"",""n"":256,""elapsed_ms"":2557,""checksum"":""0""}",,0,True,eed5b353d4a2406db32d34e84a8855c02c005be3643b9966be5612fa0de83cab
quickjs,bitops-bitwise-and,4,256,2354,2354000000,9195312.5,2365081100,0,"IM_EXEC:{""test"":""bitops-bitwise-and"",""n"":256,""elapsed_ms"":2354,""checksum"":""0""}",,0,True,eed5b353d4a2406db32d34e84a8855c02c005be3643b9966be5612fa0de83cab
v8_ignition,string-fasta,4,128,1243,1243000000,9710937.5,1278152200,1456000,"IM_EXEC:{""test"":""string-fasta"",""n"":128,""elapsed_ms"":1243,""checksum"":""1456000""}",,0,True,9ef1f7595b6cdfe6baed89f2f84d63006986f85574a2f446797cd69ca2dd79b8
quickjs,string-fasta,4,128,3484,3484000000,27218750.0,3493338600,1456000,"IM_EXEC:{""test"":""string-fasta"",""n"":128,""elapsed_ms"":3484,""checksum"":""1456000""}",,0,True,9ef1f7595b6cdfe6baed89f2f84d63006986f85574a2f446797cd69ca2dd79b8
v8_ignition,math-cordic,4,64,1088,1088000000,17000000.0,1124001800,10362.570468755888,"IM_EXEC:{""test"":""math-cordic"",""n"":64,""elapsed_ms"":1088,""checksum"":""10362.570468755888""}",,0,True,34b61588ee1c24cb8be232a1a12958905f04b257e09200a4faefef3bb909ee53
quickjs,math-cordic,4,64,1413,1413000000,22078125.0,1423452700,10362.570468755888,"IM_EXEC:{""test"":""math-cordic"",""n"":64,""elapsed_ms"":1413,""checksum"":""10362.570468755888""}",,0,True,34b61588ee1c24cb8be232a1a12958905f04b257e09200a4faefef3bb909ee53
v8_ignition,math-spectral-norm,4,128,950,950000000,7421875.0,986429700,5.086694231303284,"IM_EXEC:{""test"":""math-spectral-norm"",""n"":128,""elapsed_ms"":950,""checksum"":""5.086694231303284""}",,0,True,52eb39e653bcbb40e24520ce504d81698f6a67645593e05ca67257f318fba4d8
quickjs,math-spectral-norm,4,128,1181,1181000000,9226562.5,1190317900,5.086694231303284,"IM_EXEC:{""test"":""math-spectral-norm"",""n"":128,""elapsed_ms"":1181,""checksum"":""5.086694231303284""}",,0,True,52eb39e653bcbb40e24520ce504d81698f6a67645593e05ca67257f318fba4d8
v8_ignition,date-format-tofte,4,128,1067,1067000000,8335937.5,1104674900,"2008-05-01|Thursday, May 01, 2008 5:31:22 PM|1209718549000","IM_EXEC:{""test"":""date-format-tofte"",""n"":128,""elapsed_ms"":1067,""checksum"":""2008-05-01|Thursday, May 01, 2008 5:31:22 PM|1209718549000""}",,0,True,9535a5df1307bfc8288791fc3faf48c5e50a5deb6f04987d455c2bcc11ed4bfc
quickjs,date-format-tofte,4,128,3885,3885000000,30351562.5,3894229300,"2008-05-01|Thursday, May 01, 2008 5:31:22 PM|1209718549000","IM_EXEC:{""test"":""date-format-tofte"",""n"":128,""elapsed_ms"":3885,""checksum"":""2008-05-01|Thursday, May 01, 2008 5:31:22 PM|1209718549000""}",,0,True,9535a5df1307bfc8288791fc3faf48c5e50a5deb6f04987d455c2bcc11ed4bfc
v8_ignition,crypto-md5,4,256,1980,1980000000,7734375.0,2018544700,a831e91e0f70eddcb70dc61c6f82f6cd,"IM_EXEC:{""test"":""crypto-md5"",""n"":256,""elapsed_ms"":1980,""checksum"":""a831e91e0f70eddcb70dc61c6f82f6cd""}",,0,True,b3676cc77ffa8184c46e9b99de32642296b190805d342e8e046279b12aa423b3
quickjs,crypto-md5,4,256,1852,1852000000,7234375.0,1862415200,a831e91e0f70eddcb70dc61c6f82f6cd,"IM_EXEC:{""test"":""crypto-md5"",""n"":256,""elapsed_ms"":1852,""checksum"":""a831e91e0f70eddcb70dc61c6f82f6cd""}",,0,True,b3676cc77ffa8184c46e9b99de32642296b190805d342e8e046279b12aa423b3
v8_ignition,string-unpack-code,4,256,1703,1703000000,6652343.75,1741166200,511508,"IM_EXEC:{""test"":""string-unpack-code"",""n"":256,""elapsed_ms"":1703,""checksum"":""511508""}",,0,True,81a8b0c2e178b101089899f543ac712456d9edd361ed55f1f8a0075dcdca98b5
quickjs,string-unpack-code,4,256,13658,13658000000,53351562.5,13668659300,511508,"IM_EXEC:{""test"":""string-unpack-code"",""n"":256,""elapsed_ms"":13658,""checksum"":""511508""}",,0,True,81a8b0c2e178b101089899f543ac712456d9edd361ed55f1f8a0075dcdca98b5
v8_ignition,bitops-nsieve-bits,4,128,2961,2961000000,23132812.5,2997526900,-1286749544853,"IM_EXEC:{""test"":""bitops-nsieve-bits"",""n"":128,""elapsed_ms"":2961,""checksum"":""-1286749544853""}",,0,True,c8cd89d57d6c82edd3ce9aaea504681391c6fb3beef555532dd2653fc0410765
quickjs,bitops-nsieve-bits,4,128,1939,1939000000,15148437.5,1948747000,-1286749544853,"IM_EXEC:{""test"":""bitops-nsieve-bits"",""n"":128,""elapsed_ms"":1939,""checksum"":""-1286749544853""}",,0,True,c8cd89d57d6c82edd3ce9aaea504681391c6fb3beef555532dd2653fc0410765
v8_ignition,string-tagcloud,4,256,1403,1403000000,5480468.75,1444308900,315241,"IM_EXEC:{""test"":""string-tagcloud"",""n"":256,""elapsed_ms"":1403,""checksum"":""315241""}",,0,True,bdb31cfdc8d9dc183a2016260abf8eae9629ab6f3fd5ffe57c0698243f1ca160
quickjs,string-tagcloud,4,256,6798,6798000000,26554687.5,6810365200,315241,"IM_EXEC:{""test"":""string-tagcloud"",""n"":256,""elapsed_ms"":6798,""checksum"":""315241""}",,0,True,bdb31cfdc8d9dc183a2016260abf8eae9629ab6f3fd5ffe57c0698243f1ca160
v8_ignition,string-validate-input,4,256,1417,1417000000,5535156.25,1455411700,462000,"IM_EXEC:{""test"":""string-validate-input"",""n"":256,""elapsed_ms"":1417,""checksum"":""462000""}",,0,True,f3316365a925df0927fe79ed16a84a33fe9d1e3dafbff918f53f671ca1a58748
quickjs,string-validate-input,4,256,3426,3426000000,13382812.5,3435997900,462000,"IM_EXEC:{""test"":""string-validate-input"",""n"":256,""elapsed_ms"":3426,""checksum"":""462000""}",,0,True,f3316365a925df0927fe79ed16a84a33fe9d1e3dafbff918f53f671ca1a58748
v8_ignition,controlflow-recursive,4,256,1757,1757000000,6863281.25,1793444700,57775,"IM_EXEC:{""test"":""controlflow-recursive"",""n"":256,""elapsed_ms"":1757,""checksum"":""57775""}",,0,True,b0137de1a06fa4c71fcd428e68ee4b3a61ae2444b324da024a872b257fd03c64
quickjs,controlflow-recursive,4,256,2135,2135000000,8339843.75,2144727800,57775,"IM_EXEC:{""test"":""controlflow-recursive"",""n"":256,""elapsed_ms"":2135,""checksum"":""57775""}",,0,True,b0137de1a06fa4c71fcd428e68ee4b3a61ae2444b324da024a872b257fd03c64
v8_ignition,3d-morph,4,64,1283,1283000000,20046875.0,1322324400,0,"IM_EXEC:{""test"":""3d-morph"",""n"":64,""elapsed_ms"":1283,""checksum"":""0""}",,0,True,522e39aba6d7f5f71cab59dfa2d2607b0932d63bdbfc9625b49725e02e9d5983
quickjs,3d-morph,4,64,1421,1421000000,22203125.0,1429996900,0,"IM_EXEC:{""test"":""3d-morph"",""n"":64,""elapsed_ms"":1421,""checksum"":""0""}",,0,True,522e39aba6d7f5f71cab59dfa2d2607b0932d63bdbfc9625b49725e02e9d5983
v8_ignition,access-fannkuch,4,32,1091,1091000000,34093750.0,1125019600,22,"IM_EXEC:{""test"":""access-fannkuch"",""n"":32,""elapsed_ms"":1091,""checksum"":""22""}",,0,True,fee86984d327e7709754ed7a2721517b303a436f895a8b03742b80a000d4eb6b
quickjs,access-fannkuch,4,32,1168,1168000000,36500000.0,1177622200,22,"IM_EXEC:{""test"":""access-fannkuch"",""n"":32,""elapsed_ms"":1168,""checksum"":""22""}",,0,True,fee86984d327e7709754ed7a2721517b303a436f895a8b03742b80a000d4eb6b
v8_ignition,3d-raytrace,4,128,1854,1854000000,14484375.0,1892810100,20970,"IM_EXEC:{""test"":""3d-raytrace"",""n"":128,""elapsed_ms"":1854,""checksum"":""20970""}",,0,True,fbf3a216ca8bc8223f66e4105ce5c95294ac4e5e8f40c56e660a89fbc4962c15
quickjs,3d-raytrace,4,128,1903,1903000000,14867187.5,1912425200,20969,"IM_EXEC:{""test"":""3d-raytrace"",""n"":128,""elapsed_ms"":1903,""checksum"":""20969""}",,0,True,fbf3a216ca8bc8223f66e4105ce5c95294ac4e5e8f40c56e660a89fbc4962c15
v8_ignition,crypto-aes,4,128,1738,1738000000,13578125.0,1774315100,1343,"IM_EXEC:{""test"":""crypto-aes"",""n"":128,""elapsed_ms"":1738,""checksum"":""1343""}",,0,True,c058d06958b1cc808c8c6a5054645c8fbb44897667ffe4f042da524c13a66234
quickjs,crypto-aes,4,128,1875,1875000000,14648437.5,1885030100,1343,"IM_EXEC:{""test"":""crypto-aes"",""n"":128,""elapsed_ms"":1875,""checksum"":""1343""}",,0,True,c058d06958b1cc808c8c6a5054645c8fbb44897667ffe4f042da524c13a66234
v8_ignition,crypto-sha1,4,256,2204,2204000000,8609375.0,2239946700,2524d264def74cce2498bf112bedf00e6c0b796d,"IM_EXEC:{""test"":""crypto-sha1"",""n"":256,""elapsed_ms"":2204,""checksum"":""2524d264def74cce2498bf112bedf00e6c0b796d""}",,0,True,efb82da8b03c1f4f11eeb3f88f9902179a62f0a21e620fe0f60845b8b874e292
quickjs,crypto-sha1,4,256,1759,1759000000,6871093.75,1768288200,2524d264def74cce2498bf112bedf00e6c0b796d,"IM_EXEC:{""test"":""crypto-sha1"",""n"":256,""elapsed_ms"":1759,""checksum"":""2524d264def74cce2498bf112bedf00e6c0b796d""}",,0,True,efb82da8b03c1f4f11eeb3f88f9902179a62f0a21e620fe0f60845b8b874e292
v8_ignition,date-format-xparb,4,256,1063,1063000000,4152343.75,1097313200,"2017-09-05|Tuesday, September 05, 2017 7:43:48 AM|1504652895000","IM_EXEC:{""test"":""date-format-xparb"",""n"":256,""elapsed_ms"":1063,""checksum"":""2017-09-05|Tuesday, September 05, 2017 7:43:48 AM|1504652895000""}",,0,True,add041cbb7bfa753ec4a301e26ec01e33f116b6a16883f80454b18f7790e4320
quickjs,date-format-xparb,4,256,5077,5077000000,19832031.25,5086824200,"2017-09-05|Tuesday, September 05, 2017 7:43:48 AM|1504652895000","IM_EXEC:{""test"":""date-format-xparb"",""n"":256,""elapsed_ms"":5077,""checksum"":""2017-09-05|Tuesday, September 05, 2017 7:43:48 AM|1504652895000""}",,0,True,add041cbb7bfa753ec4a301e26ec01e33f116b6a16883f80454b18f7790e4320
v8_ignition,regexp-dna,4,1024,1884,1884000000,1839843.75,1925204600,249:300056,"IM_EXEC:{""test"":""regexp-dna"",""n"":1024,""elapsed_ms"":1884,""checksum"":""249:300056""}",,0,True,3afc0a7c18fdee33367b1b484ba5fd4d9b7b225d1b2408dcc4f5fa0f7356cffe
quickjs,regexp-dna,4,1024,82686,82686000000,80748046.875,82698520900,249:300056,"IM_EXEC:{""test"":""regexp-dna"",""n"":1024,""elapsed_ms"":82686,""checksum"":""249:300056""}",,0,True,3afc0a7c18fdee33367b1b484ba5fd4d9b7b225d1b2408dcc4f5fa0f7356cffe
v8_ignition,access-nsieve,4,128,1308,1308000000,10218750.0,1343377200,14302,"IM_EXEC:{""test"":""access-nsieve"",""n"":128,""elapsed_ms"":1308,""checksum"":""14302""}",,0,True,d2ff95d96cd8e84458eff804a3dae7ac589b31fa7d1e11cdffd4aa821eec7819
quickjs,access-nsieve,4,128,3049,3049000000,23820312.5,3058455100,14302,"IM_EXEC:{""test"":""access-nsieve"",""n"":128,""elapsed_ms"":3049,""checksum"":""14302""}",,0,True,d2ff95d96cd8e84458eff804a3dae7ac589b31fa7d1e11cdffd4aa821eec7819
v8_ignition,bitops-3bit-bits-in-byte,4,256,1937,1937000000,7566406.25,1971989400,512000,"IM_EXEC:{""test"":""bitops-3bit-bits-in-byte"",""n"":256,""elapsed_ms"":1937,""checksum"":""512000""}",,0,True,abe5fed281f086bcd3336e21203ccebd592037d9c2a481ccf4c68e894138c38a
quickjs,bitops-3bit-bits-in-byte,4,256,2447,2447000000,9558593.75,2456956100,512000,"IM_EXEC:{""test"":""bitops-3bit-bits-in-byte"",""n"":256,""elapsed_ms"":2447,""checksum"":""512000""}",,0,True,abe5fed281f086bcd3336e21203ccebd592037d9c2a481ccf4c68e894138c38a
v8_ignition,math-partial-sums,4,128,1489,1489000000,11632812.5,1523256800,60.08994194659945,"IM_EXEC:{""test"":""math-partial-sums"",""n"":128,""elapsed_ms"":1489,""checksum"":""60.08994194659945""}",,0,True,4fadb0cf070baa5dde56707dff313a6a62821c6b1621c298f196e1f1bdb726e3
quickjs,math-partial-sums,4,128,2223,2223000000,17367187.5,2232446400,60.08994194659945,"IM_EXEC:{""test"":""math-partial-sums"",""n"":128,""elapsed_ms"":2223,""checksum"":""60.08994194659945""}",,0,True,4fadb0cf070baa5dde56707dff313a6a62821c6b1621c298f196e1f1bdb726e3
quickjs,bitops-bits-in-byte,5,64,1371,1371000000,21421875.0,1381214100,358400,"IM_EXEC:{""test"":""bitops-bits-in-byte"",""n"":64,""elapsed_ms"":1371,""checksum"":""358400""}",,0,True,5b00ba9a5c5657f66ade1ddd8f2816ae39bd34dd3007dc07b5357c2c829bef73
v8_ignition,bitops-bits-in-byte,5,64,1229,1229000000,19203125.0,1264035800,358400,"IM_EXEC:{""test"":""bitops-bits-in-byte"",""n"":64,""elapsed_ms"":1229,""checksum"":""358400""}",,0,True,5b00ba9a5c5657f66ade1ddd8f2816ae39bd34dd3007dc07b5357c2c829bef73
quickjs,bitops-nsieve-bits,5,128,1823,1823000000,14242187.5,1831991600,-1286749544853,"IM_EXEC:{""test"":""bitops-nsieve-bits"",""n"":128,""elapsed_ms"":1823,""checksum"":""-1286749544853""}",,0,True,c8cd89d57d6c82edd3ce9aaea504681391c6fb3beef555532dd2653fc0410765
v8_ignition,bitops-nsieve-bits,5,128,3011,3011000000,23523437.5,3046678500,-1286749544853,"IM_EXEC:{""test"":""bitops-nsieve-bits"",""n"":128,""elapsed_ms"":3011,""checksum"":""-1286749544853""}",,0,True,c8cd89d57d6c82edd3ce9aaea504681391c6fb3beef555532dd2653fc0410765
quickjs,access-nsieve,5,128,3041,3041000000,23757812.5,3050680600,14302,"IM_EXEC:{""test"":""access-nsieve"",""n"":128,""elapsed_ms"":3041,""checksum"":""14302""}",,0,True,d2ff95d96cd8e84458eff804a3dae7ac589b31fa7d1e11cdffd4aa821eec7819
v8_ignition,access-nsieve,5,128,1377,1377000000,10757812.5,1412106100,14302,"IM_EXEC:{""test"":""access-nsieve"",""n"":128,""elapsed_ms"":1377,""checksum"":""14302""}",,0,True,d2ff95d96cd8e84458eff804a3dae7ac589b31fa7d1e11cdffd4aa821eec7819
quickjs,string-tagcloud,5,256,6827,6827000000,26667968.75,6837566300,315241,"IM_EXEC:{""test"":""string-tagcloud"",""n"":256,""elapsed_ms"":6827,""checksum"":""315241""}",,0,True,bdb31cfdc8d9dc183a2016260abf8eae9629ab6f3fd5ffe57c0698243f1ca160
v8_ignition,string-tagcloud,5,256,1427,1427000000,5574218.75,1465290100,315241,"IM_EXEC:{""test"":""string-tagcloud"",""n"":256,""elapsed_ms"":1427,""checksum"":""315241""}",,0,True,bdb31cfdc8d9dc183a2016260abf8eae9629ab6f3fd5ffe57c0698243f1ca160
quickjs,string-unpack-code,5,256,13894,13894000000,54273437.5,13906066400,511508,"IM_EXEC:{""test"":""string-unpack-code"",""n"":256,""elapsed_ms"":13894,""checksum"":""511508""}",,0,True,81a8b0c2e178b101089899f543ac712456d9edd361ed55f1f8a0075dcdca98b5
v8_ignition,string-unpack-code,5,256,1702,1702000000,6648437.5,1741098400,511508,"IM_EXEC:{""test"":""string-unpack-code"",""n"":256,""elapsed_ms"":1702,""checksum"":""511508""}",,0,True,81a8b0c2e178b101089899f543ac712456d9edd361ed55f1f8a0075dcdca98b5
quickjs,string-fasta,5,128,3438,3438000000,26859375.0,3447716800,1456000,"IM_EXEC:{""test"":""string-fasta"",""n"":128,""elapsed_ms"":3438,""checksum"":""1456000""}",,0,True,9ef1f7595b6cdfe6baed89f2f84d63006986f85574a2f446797cd69ca2dd79b8
v8_ignition,string-fasta,5,128,1227,1227000000,9585937.5,1263624400,1456000,"IM_EXEC:{""test"":""string-fasta"",""n"":128,""elapsed_ms"":1227,""checksum"":""1456000""}",,0,True,9ef1f7595b6cdfe6baed89f2f84d63006986f85574a2f446797cd69ca2dd79b8
quickjs,controlflow-recursive,5,256,2115,2115000000,8261718.75,2123259500,57775,"IM_EXEC:{""test"":""controlflow-recursive"",""n"":256,""elapsed_ms"":2115,""checksum"":""57775""}",,0,True,b0137de1a06fa4c71fcd428e68ee4b3a61ae2444b324da024a872b257fd03c64
v8_ignition,controlflow-recursive,5,256,1782,1782000000,6960937.5,1815944600,57775,"IM_EXEC:{""test"":""controlflow-recursive"",""n"":256,""elapsed_ms"":1782,""checksum"":""57775""}",,0,True,b0137de1a06fa4c71fcd428e68ee4b3a61ae2444b324da024a872b257fd03c64
quickjs,string-validate-input,5,256,3447,3447000000,13464843.75,3457667800,462000,"IM_EXEC:{""test"":""string-validate-input"",""n"":256,""elapsed_ms"":3447,""checksum"":""462000""}",,0,True,f3316365a925df0927fe79ed16a84a33fe9d1e3dafbff918f53f671ca1a58748
v8_ignition,string-validate-input,5,256,1401,1401000000,5472656.25,1439856000,462000,"IM_EXEC:{""test"":""string-validate-input"",""n"":256,""elapsed_ms"":1401,""checksum"":""462000""}",,0,True,f3316365a925df0927fe79ed16a84a33fe9d1e3dafbff918f53f671ca1a58748
quickjs,math-spectral-norm,5,128,1187,1187000000,9273437.5,1195695400,5.086694231303284,"IM_EXEC:{""test"":""math-spectral-norm"",""n"":128,""elapsed_ms"":1187,""checksum"":""5.086694231303284""}",,0,True,52eb39e653bcbb40e24520ce504d81698f6a67645593e05ca67257f318fba4d8
v8_ignition,math-spectral-norm,5,128,930,930000000,7265625.0,963738600,5.086694231303284,"IM_EXEC:{""test"":""math-spectral-norm"",""n"":128,""elapsed_ms"":930,""checksum"":""5.086694231303284""}",,0,True,52eb39e653bcbb40e24520ce504d81698f6a67645593e05ca67257f318fba4d8
quickjs,date-format-xparb,5,256,5064,5064000000,19781250.0,5073971900,"2017-09-05|Tuesday, September 05, 2017 7:43:48 AM|1504652895000","IM_EXEC:{""test"":""date-format-xparb"",""n"":256,""elapsed_ms"":5064,""checksum"":""2017-09-05|Tuesday, September 05, 2017 7:43:48 AM|1504652895000""}",,0,True,add041cbb7bfa753ec4a301e26ec01e33f116b6a16883f80454b18f7790e4320
v8_ignition,date-format-xparb,5,256,1071,1071000000,4183593.75,1107847400,"2017-09-05|Tuesday, September 05, 2017 7:43:48 AM|1504652895000","IM_EXEC:{""test"":""date-format-xparb"",""n"":256,""elapsed_ms"":1071,""checksum"":""2017-09-05|Tuesday, September 05, 2017 7:43:48 AM|1504652895000""}",,0,True,add041cbb7bfa753ec4a301e26ec01e33f116b6a16883f80454b18f7790e4320
quickjs,crypto-sha1,5,256,1735,1735000000,6777343.75,1745374100,2524d264def74cce2498bf112bedf00e6c0b796d,"IM_EXEC:{""test"":""crypto-sha1"",""n"":256,""elapsed_ms"":1735,""checksum"":""2524d264def74cce2498bf112bedf00e6c0b796d""}",,0,True,efb82da8b03c1f4f11eeb3f88f9902179a62f0a21e620fe0f60845b8b874e292
v8_ignition,crypto-sha1,5,256,2181,2181000000,8519531.25,2216557600,2524d264def74cce2498bf112bedf00e6c0b796d,"IM_EXEC:{""test"":""crypto-sha1"",""n"":256,""elapsed_ms"":2181,""checksum"":""2524d264def74cce2498bf112bedf00e6c0b796d""}",,0,True,efb82da8b03c1f4f11eeb3f88f9902179a62f0a21e620fe0f60845b8b874e292
quickjs,access-binary-trees,5,256,3118,3118000000,12179687.5,3126733500,-4,"IM_EXEC:{""test"":""access-binary-trees"",""n"":256,""elapsed_ms"":3118,""checksum"":""-4""}",,0,True,2574ad07a3319832e969eef6330a65d5569f82589fd3968e95616ade0cac5383
v8_ignition,access-binary-trees,5,256,1444,1444000000,5640625.0,1481063000,-4,"IM_EXEC:{""test"":""access-binary-trees"",""n"":256,""elapsed_ms"":1444,""checksum"":""-4""}",,0,True,2574ad07a3319832e969eef6330a65d5569f82589fd3968e95616ade0cac5383
quickjs,crypto-md5,5,256,1859,1859000000,7261718.75,1869619200,a831e91e0f70eddcb70dc61c6f82f6cd,"IM_EXEC:{""test"":""crypto-md5"",""n"":256,""elapsed_ms"":1859,""checksum"":""a831e91e0f70eddcb70dc61c6f82f6cd""}",,0,True,b3676cc77ffa8184c46e9b99de32642296b190805d342e8e046279b12aa423b3
v8_ignition,crypto-md5,5,256,1973,1973000000,7707031.25,2008221000,a831e91e0f70eddcb70dc61c6f82f6cd,"IM_EXEC:{""test"":""crypto-md5"",""n"":256,""elapsed_ms"":1973,""checksum"":""a831e91e0f70eddcb70dc61c6f82f6cd""}",,0,True,b3676cc77ffa8184c46e9b99de32642296b190805d342e8e046279b12aa423b3
quickjs,3d-raytrace,5,128,1932,1932000000,15093750.0,1941153400,20969,"IM_EXEC:{""test"":""3d-raytrace"",""n"":128,""elapsed_ms"":1932,""checksum"":""20969""}",,0,True,fbf3a216ca8bc8223f66e4105ce5c95294ac4e5e8f40c56e660a89fbc4962c15
v8_ignition,3d-raytrace,5,128,1844,1844000000,14406250.0,1880977800,20970,"IM_EXEC:{""test"":""3d-raytrace"",""n"":128,""elapsed_ms"":1844,""checksum"":""20970""}",,0,True,fbf3a216ca8bc8223f66e4105ce5c95294ac4e5e8f40c56e660a89fbc4962c15
quickjs,date-format-tofte,5,128,3855,3855000000,30117187.5,3864220700,"2008-05-01|Thursday, May 01, 2008 5:31:22 PM|1209718549000","IM_EXEC:{""test"":""date-format-tofte"",""n"":128,""elapsed_ms"":3855,""checksum"":""2008-05-01|Thursday, May 01, 2008 5:31:22 PM|1209718549000""}",,0,True,9535a5df1307bfc8288791fc3faf48c5e50a5deb6f04987d455c2bcc11ed4bfc
v8_ignition,date-format-tofte,5,128,1064,1064000000,8312500.0,1100144900,"2008-05-01|Thursday, May 01, 2008 5:31:22 PM|1209718549000","IM_EXEC:{""test"":""date-format-tofte"",""n"":128,""elapsed_ms"":1064,""checksum"":""2008-05-01|Thursday, May 01, 2008 5:31:22 PM|1209718549000""}",,0,True,9535a5df1307bfc8288791fc3faf48c5e50a5deb6f04987d455c2bcc11ed4bfc
quickjs,bitops-3bit-bits-in-byte,5,256,2506,2506000000,9789062.5,2515968000,512000,"IM_EXEC:{""test"":""bitops-3bit-bits-in-byte"",""n"":256,""elapsed_ms"":2506,""checksum"":""512000""}",,0,True,abe5fed281f086bcd3336e21203ccebd592037d9c2a481ccf4c68e894138c38a
v8_ignition,bitops-3bit-bits-in-byte,5,256,1942,1942000000,7585937.5,1977615700,512000,"IM_EXEC:{""test"":""bitops-3bit-bits-in-byte"",""n"":256,""elapsed_ms"":1942,""checksum"":""512000""}",,0,True,abe5fed281f086bcd3336e21203ccebd592037d9c2a481ccf4c68e894138c38a
quickjs,bitops-bitwise-and,5,256,1766,1766000000,6898437.5,1775416300,0,"IM_EXEC:{""test"":""bitops-bitwise-and"",""n"":256,""elapsed_ms"":1766,""checksum"":""0""}",,0,True,eed5b353d4a2406db32d34e84a8855c02c005be3643b9966be5612fa0de83cab
v8_ignition,bitops-bitwise-and,5,256,2510,2510000000,9804687.5,2544944200,0,"IM_EXEC:{""test"":""bitops-bitwise-and"",""n"":256,""elapsed_ms"":2510,""checksum"":""0""}",,0,True,eed5b353d4a2406db32d34e84a8855c02c005be3643b9966be5612fa0de83cab
quickjs,3d-morph,5,64,1425,1425000000,22265625.0,1434417100,0,"IM_EXEC:{""test"":""3d-morph"",""n"":64,""elapsed_ms"":1425,""checksum"":""0""}",,0,True,522e39aba6d7f5f71cab59dfa2d2607b0932d63bdbfc9625b49725e02e9d5983
v8_ignition,3d-morph,5,64,1272,1272000000,19875000.0,1311343100,0,"IM_EXEC:{""test"":""3d-morph"",""n"":64,""elapsed_ms"":1272,""checksum"":""0""}",,0,True,522e39aba6d7f5f71cab59dfa2d2607b0932d63bdbfc9625b49725e02e9d5983
quickjs,regexp-dna,5,1024,82536,82536000000,80601562.5,82546853000,249:300056,"IM_EXEC:{""test"":""regexp-dna"",""n"":1024,""elapsed_ms"":82536,""checksum"":""249:300056""}",,0,True,3afc0a7c18fdee33367b1b484ba5fd4d9b7b225d1b2408dcc4f5fa0f7356cffe
v8_ignition,regexp-dna,5,1024,1895,1895000000,1850585.9375,1937347800,249:300056,"IM_EXEC:{""test"":""regexp-dna"",""n"":1024,""elapsed_ms"":1895,""checksum"":""249:300056""}",,0,True,3afc0a7c18fdee33367b1b484ba5fd4d9b7b225d1b2408dcc4f5fa0f7356cffe
quickjs,string-base64,5,256,5206,5206000000,20335937.5,5216421300,32768,"IM_EXEC:{""test"":""string-base64"",""n"":256,""elapsed_ms"":5206,""checksum"":""32768""}",,0,True,5cbaf23c322bf98da4482d07d06d87eef3c50cebf6bf7c47046adb556543e441
v8_ignition,string-base64,5,256,1593,1593000000,6222656.25,1629355200,32768,"IM_EXEC:{""test"":""string-base64"",""n"":256,""elapsed_ms"":1593,""checksum"":""32768""}",,0,True,5cbaf23c322bf98da4482d07d06d87eef3c50cebf6bf7c47046adb556543e441
quickjs,math-partial-sums,5,128,2245,2245000000,17539062.5,2254681000,60.08994194659945,"IM_EXEC:{""test"":""math-partial-sums"",""n"":128,""elapsed_ms"":2245,""checksum"":""60.08994194659945""}",,0,True,4fadb0cf070baa5dde56707dff313a6a62821c6b1621c298f196e1f1bdb726e3
v8_ignition,math-partial-sums,5,128,1486,1486000000,11609375.0,1519414100,60.08994194659945,"IM_EXEC:{""test"":""math-partial-sums"",""n"":128,""elapsed_ms"":1486,""checksum"":""60.08994194659945""}",,0,True,4fadb0cf070baa5dde56707dff313a6a62821c6b1621c298f196e1f1bdb726e3
quickjs,3d-cube,5,64,1969,1969000000,30765625.0,1978556800,320,"IM_EXEC:{""test"":""3d-cube"",""n"":64,""elapsed_ms"":1969,""checksum"":""320""}",,0,True,60a065dcf0b5284dc0c04c58f860a2319aa73d0aaa4ce285a3fa9614f357aa2e
v8_ignition,3d-cube,5,64,1167,1167000000,18234375.0,1203201500,320,"IM_EXEC:{""test"":""3d-cube"",""n"":64,""elapsed_ms"":1167,""checksum"":""320""}",,0,True,60a065dcf0b5284dc0c04c58f860a2319aa73d0aaa4ce285a3fa9614f357aa2e
quickjs,crypto-aes,5,128,1897,1897000000,14820312.5,1907042700,1343,"IM_EXEC:{""test"":""crypto-aes"",""n"":128,""elapsed_ms"":1897,""checksum"":""1343""}",,0,True,c058d06958b1cc808c8c6a5054645c8fbb44897667ffe4f042da524c13a66234
v8_ignition,crypto-aes,5,128,1748,1748000000,13656250.0,1784341300,1343,"IM_EXEC:{""test"":""crypto-aes"",""n"":128,""elapsed_ms"":1748,""checksum"":""1343""}",,0,True,c058d06958b1cc808c8c6a5054645c8fbb44897667ffe4f042da524c13a66234
quickjs,access-fannkuch,5,32,1173,1173000000,36656250.0,1181968600,22,"IM_EXEC:{""test"":""access-fannkuch"",""n"":32,""elapsed_ms"":1173,""checksum"":""22""}",,0,True,fee86984d327e7709754ed7a2721517b303a436f895a8b03742b80a000d4eb6b
v8_ignition,access-fannkuch,5,32,1115,1115000000,34843750.0,1150673900,22,"IM_EXEC:{""test"":""access-fannkuch"",""n"":32,""elapsed_ms"":1115,""checksum"":""22""}",,0,True,fee86984d327e7709754ed7a2721517b303a436f895a8b03742b80a000d4eb6b
quickjs,access-nbody,5,64,978,978000000,15281250.0,988747100,-1.3524862408537381,"IM_EXEC:{""test"":""access-nbody"",""n"":64,""elapsed_ms"":978,""checksum"":""-1.3524862408537381""}",,0,True,19902b6f21c5b25ee15381029c367b4c4e18734127ed7525fb470472ccabc082
v8_ignition,access-nbody,5,64,1236,1236000000,19312500.0,1269670600,-1.3524862408537381,"IM_EXEC:{""test"":""access-nbody"",""n"":64,""elapsed_ms"":1236,""checksum"":""-1.3524862408537381""}",,0,True,19902b6f21c5b25ee15381029c367b4c4e18734127ed7525fb470472ccabc082
quickjs,math-cordic,5,64,1427,1427000000,22296875.0,1436477400,10362.570468755888,"IM_EXEC:{""test"":""math-cordic"",""n"":64,""elapsed_ms"":1427,""checksum"":""10362.570468755888""}",,0,True,34b61588ee1c24cb8be232a1a12958905f04b257e09200a4faefef3bb909ee53
v8_ignition,math-cordic,5,64,1085,1085000000,16953125.0,1119513900,10362.570468755888,"IM_EXEC:{""test"":""math-cordic"",""n"":64,""elapsed_ms"":1085,""checksum"":""10362.570468755888""}",,0,True,34b61588ee1c24cb8be232a1a12958905f04b257e09200a4faefef3bb909ee53
v8_ignition,date-format-xparb,6,256,1061,1061000000,4144531.25,1097997500,"2017-09-05|Tuesday, September 05, 2017 7:43:48 AM|1504652895000","IM_EXEC:{""test"":""date-format-xparb"",""n"":256,""elapsed_ms"":1061,""checksum"":""2017-09-05|Tuesday, September 05, 2017 7:43:48 AM|1504652895000""}",,0,True,add041cbb7bfa753ec4a301e26ec01e33f116b6a16883f80454b18f7790e4320
quickjs,date-format-xparb,6,256,5124,5124000000,20015625.0,5134441400,"2017-09-05|Tuesday, September 05, 2017 7:43:48 AM|1504652895000","IM_EXEC:{""test"":""date-format-xparb"",""n"":256,""elapsed_ms"":5124,""checksum"":""2017-09-05|Tuesday, September 05, 2017 7:43:48 AM|1504652895000""}",,0,True,add041cbb7bfa753ec4a301e26ec01e33f116b6a16883f80454b18f7790e4320
v8_ignition,3d-raytrace,6,128,1839,1839000000,14367187.5,1877191600,20970,"IM_EXEC:{""test"":""3d-raytrace"",""n"":128,""elapsed_ms"":1839,""checksum"":""20970""}",,0,True,fbf3a216ca8bc8223f66e4105ce5c95294ac4e5e8f40c56e660a89fbc4962c15
quickjs,3d-raytrace,6,128,1915,1915000000,14960937.5,1925339600,20969,"IM_EXEC:{""test"":""3d-raytrace"",""n"":128,""elapsed_ms"":1915,""checksum"":""20969""}",,0,True,fbf3a216ca8bc8223f66e4105ce5c95294ac4e5e8f40c56e660a89fbc4962c15
v8_ignition,3d-morph,6,64,1281,1281000000,20015625.0,1319603400,0,"IM_EXEC:{""test"":""3d-morph"",""n"":64,""elapsed_ms"":1281,""checksum"":""0""}",,0,True,522e39aba6d7f5f71cab59dfa2d2607b0932d63bdbfc9625b49725e02e9d5983
quickjs,3d-morph,6,64,1415,1415000000,22109375.0,1424661500,0,"IM_EXEC:{""test"":""3d-morph"",""n"":64,""elapsed_ms"":1415,""checksum"":""0""}",,0,True,522e39aba6d7f5f71cab59dfa2d2607b0932d63bdbfc9625b49725e02e9d5983
v8_ignition,access-nsieve,6,128,1312,1312000000,10250000.0,1347028100,14302,"IM_EXEC:{""test"":""access-nsieve"",""n"":128,""elapsed_ms"":1312,""checksum"":""14302""}",,0,True,d2ff95d96cd8e84458eff804a3dae7ac589b31fa7d1e11cdffd4aa821eec7819
quickjs,access-nsieve,6,128,3031,3031000000,23679687.5,3039684200,14302,"IM_EXEC:{""test"":""access-nsieve"",""n"":128,""elapsed_ms"":3031,""checksum"":""14302""}",,0,True,d2ff95d96cd8e84458eff804a3dae7ac589b31fa7d1e11cdffd4aa821eec7819
v8_ignition,access-fannkuch,6,32,1122,1122000000,35062500.0,1154982900,22,"IM_EXEC:{""test"":""access-fannkuch"",""n"":32,""elapsed_ms"":1122,""checksum"":""22""}",,0,True,fee86984d327e7709754ed7a2721517b303a436f895a8b03742b80a000d4eb6b
quickjs,access-fannkuch,6,32,1123,1123000000,35093750.0,1131982600,22,"IM_EXEC:{""test"":""access-fannkuch"",""n"":32,""elapsed_ms"":1123,""checksum"":""22""}",,0,True,fee86984d327e7709754ed7a2721517b303a436f895a8b03742b80a000d4eb6b
v8_ignition,bitops-3bit-bits-in-byte,6,256,1956,1956000000,7640625.0,1990444800,512000,"IM_EXEC:{""test"":""bitops-3bit-bits-in-byte"",""n"":256,""elapsed_ms"":1956,""checksum"":""512000""}",,0,True,abe5fed281f086bcd3336e21203ccebd592037d9c2a481ccf4c68e894138c38a
quickjs,bitops-3bit-bits-in-byte,6,256,2473,2473000000,9660156.25,2482706800,512000,"IM_EXEC:{""test"":""bitops-3bit-bits-in-byte"",""n"":256,""elapsed_ms"":2473,""checksum"":""512000""}",,0,True,abe5fed281f086bcd3336e21203ccebd592037d9c2a481ccf4c68e894138c38a
v8_ignition,controlflow-recursive,6,256,1764,1764000000,6890625.0,1798339300,57775,"IM_EXEC:{""test"":""controlflow-recursive"",""n"":256,""elapsed_ms"":1764,""checksum"":""57775""}",,0,True,b0137de1a06fa4c71fcd428e68ee4b3a61ae2444b324da024a872b257fd03c64
quickjs,controlflow-recursive,6,256,2091,2091000000,8167968.75,2100547900,57775,"IM_EXEC:{""test"":""controlflow-recursive"",""n"":256,""elapsed_ms"":2091,""checksum"":""57775""}",,0,True,b0137de1a06fa4c71fcd428e68ee4b3a61ae2444b324da024a872b257fd03c64
v8_ignition,string-tagcloud,6,256,1414,1414000000,5523437.5,1452991700,315241,"IM_EXEC:{""test"":""string-tagcloud"",""n"":256,""elapsed_ms"":1414,""checksum"":""315241""}",,0,True,bdb31cfdc8d9dc183a2016260abf8eae9629ab6f3fd5ffe57c0698243f1ca160
quickjs,string-tagcloud,6,256,6913,6913000000,27003906.25,6924534300,315241,"IM_EXEC:{""test"":""string-tagcloud"",""n"":256,""elapsed_ms"":6913,""checksum"":""315241""}",,0,True,bdb31cfdc8d9dc183a2016260abf8eae9629ab6f3fd5ffe57c0698243f1ca160
v8_ignition,bitops-bits-in-byte,6,64,1244,1244000000,19437500.0,1279436800,358400,"IM_EXEC:{""test"":""bitops-bits-in-byte"",""n"":64,""elapsed_ms"":1244,""checksum"":""358400""}",,0,True,5b00ba9a5c5657f66ade1ddd8f2816ae39bd34dd3007dc07b5357c2c829bef73
quickjs,bitops-bits-in-byte,6,64,1364,1364000000,21312500.0,1373550800,358400,"IM_EXEC:{""test"":""bitops-bits-in-byte"",""n"":64,""elapsed_ms"":1364,""checksum"":""358400""}",,0,True,5b00ba9a5c5657f66ade1ddd8f2816ae39bd34dd3007dc07b5357c2c829bef73
v8_ignition,crypto-sha1,6,256,2234,2234000000,8726562.5,2269911600,2524d264def74cce2498bf112bedf00e6c0b796d,"IM_EXEC:{""test"":""crypto-sha1"",""n"":256,""elapsed_ms"":2234,""checksum"":""2524d264def74cce2498bf112bedf00e6c0b796d""}",,0,True,efb82da8b03c1f4f11eeb3f88f9902179a62f0a21e620fe0f60845b8b874e292
quickjs,crypto-sha1,6,256,1749,1749000000,6832031.25,1757272800,2524d264def74cce2498bf112bedf00e6c0b796d,"IM_EXEC:{""test"":""crypto-sha1"",""n"":256,""elapsed_ms"":1749,""checksum"":""2524d264def74cce2498bf112bedf00e6c0b796d""}",,0,True,efb82da8b03c1f4f11eeb3f88f9902179a62f0a21e620fe0f60845b8b874e292
v8_ignition,crypto-md5,6,256,1965,1965000000,7675781.25,2001327400,a831e91e0f70eddcb70dc61c6f82f6cd,"IM_EXEC:{""test"":""crypto-md5"",""n"":256,""elapsed_ms"":1965,""checksum"":""a831e91e0f70eddcb70dc61c6f82f6cd""}",,0,True,b3676cc77ffa8184c46e9b99de32642296b190805d342e8e046279b12aa423b3
quickjs,crypto-md5,6,256,1873,1873000000,7316406.25,1882924100,a831e91e0f70eddcb70dc61c6f82f6cd,"IM_EXEC:{""test"":""crypto-md5"",""n"":256,""elapsed_ms"":1873,""checksum"":""a831e91e0f70eddcb70dc61c6f82f6cd""}",,0,True,b3676cc77ffa8184c46e9b99de32642296b190805d342e8e046279b12aa423b3
v8_ignition,math-spectral-norm,6,128,939,939000000,7335937.5,973633600,5.086694231303284,"IM_EXEC:{""test"":""math-spectral-norm"",""n"":128,""elapsed_ms"":939,""checksum"":""5.086694231303284""}",,0,True,52eb39e653bcbb40e24520ce504d81698f6a67645593e05ca67257f318fba4d8
quickjs,math-spectral-norm,6,128,1190,1190000000,9296875.0,1198854500,5.086694231303284,"IM_EXEC:{""test"":""math-spectral-norm"",""n"":128,""elapsed_ms"":1190,""checksum"":""5.086694231303284""}",,0,True,52eb39e653bcbb40e24520ce504d81698f6a67645593e05ca67257f318fba4d8
v8_ignition,bitops-nsieve-bits,6,128,2980,2980000000,23281250.0,3015637900,-1286749544853,"IM_EXEC:{""test"":""bitops-nsieve-bits"",""n"":128,""elapsed_ms"":2980,""checksum"":""-1286749544853""}",,0,True,c8cd89d57d6c82edd3ce9aaea504681391c6fb3beef555532dd2653fc0410765
quickjs,bitops-nsieve-bits,6,128,1831,1831000000,14304687.5,1840397400,-1286749544853,"IM_EXEC:{""test"":""bitops-nsieve-bits"",""n"":128,""elapsed_ms"":1831,""checksum"":""-1286749544853""}",,0,True,c8cd89d57d6c82edd3ce9aaea504681391c6fb3beef555532dd2653fc0410765
v8_ignition,regexp-dna,6,1024,1876,1876000000,1832031.25,1916165200,249:300056,"IM_EXEC:{""test"":""regexp-dna"",""n"":1024,""elapsed_ms"":1876,""checksum"":""249:300056""}",,0,True,3afc0a7c18fdee33367b1b484ba5fd4d9b7b225d1b2408dcc4f5fa0f7356cffe
quickjs,regexp-dna,6,1024,81565,81565000000,79653320.3125,81577858900,249:300056,"IM_EXEC:{""test"":""regexp-dna"",""n"":1024,""elapsed_ms"":81565,""checksum"":""249:300056""}",,0,True,3afc0a7c18fdee33367b1b484ba5fd4d9b7b225d1b2408dcc4f5fa0f7356cffe
v8_ignition,string-validate-input,6,256,1404,1404000000,5484375.0,1439778600,462000,"IM_EXEC:{""test"":""string-validate-input"",""n"":256,""elapsed_ms"":1404,""checksum"":""462000""}",,0,True,f3316365a925df0927fe79ed16a84a33fe9d1e3dafbff918f53f671ca1a58748
quickjs,string-validate-input,6,256,3463,3463000000,13527343.75,3473049300,462000,"IM_EXEC:{""test"":""string-validate-input"",""n"":256,""elapsed_ms"":3463,""checksum"":""462000""}",,0,True,f3316365a925df0927fe79ed16a84a33fe9d1e3dafbff918f53f671ca1a58748
v8_ignition,string-unpack-code,6,256,1696,1696000000,6625000.0,1734773500,511508,"IM_EXEC:{""test"":""string-unpack-code"",""n"":256,""elapsed_ms"":1696,""checksum"":""511508""}",,0,True,81a8b0c2e178b101089899f543ac712456d9edd361ed55f1f8a0075dcdca98b5
quickjs,string-unpack-code,6,256,13807,13807000000,53933593.75,13818128500,511508,"IM_EXEC:{""test"":""string-unpack-code"",""n"":256,""elapsed_ms"":13807,""checksum"":""511508""}",,0,True,81a8b0c2e178b101089899f543ac712456d9edd361ed55f1f8a0075dcdca98b5
v8_ignition,string-base64,6,256,1618,1618000000,6320312.5,1654013400,32768,"IM_EXEC:{""test"":""string-base64"",""n"":256,""elapsed_ms"":1618,""checksum"":""32768""}",,0,True,5cbaf23c322bf98da4482d07d06d87eef3c50cebf6bf7c47046adb556543e441
quickjs,string-base64,6,256,5278,5278000000,20617187.5,5287936800,32768,"IM_EXEC:{""test"":""string-base64"",""n"":256,""elapsed_ms"":5278,""checksum"":""32768""}",,0,True,5cbaf23c322bf98da4482d07d06d87eef3c50cebf6bf7c47046adb556543e441
v8_ignition,date-format-tofte,6,128,1090,1090000000,8515625.0,1127027200,"2008-05-01|Thursday, May 01, 2008 5:31:22 PM|1209718549000","IM_EXEC:{""test"":""date-format-tofte"",""n"":128,""elapsed_ms"":1090,""checksum"":""2008-05-01|Thursday, May 01, 2008 5:31:22 PM|1209718549000""}",,0,True,9535a5df1307bfc8288791fc3faf48c5e50a5deb6f04987d455c2bcc11ed4bfc
quickjs,date-format-tofte,6,128,3797,3797000000,29664062.5,3808084900,"2008-05-01|Thursday, May 01, 2008 5:31:22 PM|1209718549000","IM_EXEC:{""test"":""date-format-tofte"",""n"":128,""elapsed_ms"":3797,""checksum"":""2008-05-01|Thursday, May 01, 2008 5:31:22 PM|1209718549000""}",,0,True,9535a5df1307bfc8288791fc3faf48c5e50a5deb6f04987d455c2bcc11ed4bfc
v8_ignition,access-binary-trees,6,256,1414,1414000000,5523437.5,1448802400,-4,"IM_EXEC:{""test"":""access-binary-trees"",""n"":256,""elapsed_ms"":1414,""checksum"":""-4""}",,0,True,2574ad07a3319832e969eef6330a65d5569f82589fd3968e95616ade0cac5383
quickjs,access-binary-trees,6,256,3099,3099000000,12105468.75,3108563200,-4,"IM_EXEC:{""test"":""access-binary-trees"",""n"":256,""elapsed_ms"":3099,""checksum"":""-4""}",,0,True,2574ad07a3319832e969eef6330a65d5569f82589fd3968e95616ade0cac5383
v8_ignition,math-partial-sums,6,128,1506,1506000000,11765625.0,1542937500,60.08994194659945,"IM_EXEC:{""test"":""math-partial-sums"",""n"":128,""elapsed_ms"":1506,""checksum"":""60.08994194659945""}",,0,True,4fadb0cf070baa5dde56707dff313a6a62821c6b1621c298f196e1f1bdb726e3
quickjs,math-partial-sums,6,128,2212,2212000000,17281250.0,2220040800,60.08994194659945,"IM_EXEC:{""test"":""math-partial-sums"",""n"":128,""elapsed_ms"":2212,""checksum"":""60.08994194659945""}",,0,True,4fadb0cf070baa5dde56707dff313a6a62821c6b1621c298f196e1f1bdb726e3
v8_ignition,string-fasta,6,128,1229,1229000000,9601562.5,1264207500,1456000,"IM_EXEC:{""test"":""string-fasta"",""n"":128,""elapsed_ms"":1229,""checksum"":""1456000""}",,0,True,9ef1f7595b6cdfe6baed89f2f84d63006986f85574a2f446797cd69ca2dd79b8
quickjs,string-fasta,6,128,3450,3450000000,26953125.0,3460077400,1456000,"IM_EXEC:{""test"":""string-fasta"",""n"":128,""elapsed_ms"":3450,""checksum"":""1456000""}",,0,True,9ef1f7595b6cdfe6baed89f2f84d63006986f85574a2f446797cd69ca2dd79b8
v8_ignition,bitops-bitwise-and,6,256,2641,2641000000,10316406.25,2676447100,0,"IM_EXEC:{""test"":""bitops-bitwise-and"",""n"":256,""elapsed_ms"":2641,""checksum"":""0""}",,0,True,eed5b353d4a2406db32d34e84a8855c02c005be3643b9966be5612fa0de83cab
quickjs,bitops-bitwise-and,6,256,1991,1991000000,7777343.75,1999634900,0,"IM_EXEC:{""test"":""bitops-bitwise-and"",""n"":256,""elapsed_ms"":1991,""checksum"":""0""}",,0,True,eed5b353d4a2406db32d34e84a8855c02c005be3643b9966be5612fa0de83cab
v8_ignition,3d-cube,6,64,1180,1180000000,18437500.0,1217216900,320,"IM_EXEC:{""test"":""3d-cube"",""n"":64,""elapsed_ms"":1180,""checksum"":""320""}",,0,True,60a065dcf0b5284dc0c04c58f860a2319aa73d0aaa4ce285a3fa9614f357aa2e
quickjs,3d-cube,6,64,1947,1947000000,30421875.0,1959122100,320,"IM_EXEC:{""test"":""3d-cube"",""n"":64,""elapsed_ms"":1947,""checksum"":""320""}",,0,True,60a065dcf0b5284dc0c04c58f860a2319aa73d0aaa4ce285a3fa9614f357aa2e
v8_ignition,crypto-aes,6,128,1730,1730000000,13515625.0,1767345300,1343,"IM_EXEC:{""test"":""crypto-aes"",""n"":128,""elapsed_ms"":1730,""checksum"":""1343""}",,0,True,c058d06958b1cc808c8c6a5054645c8fbb44897667ffe4f042da524c13a66234
quickjs,crypto-aes,6,128,1878,1878000000,14671875.0,1888404600,1343,"IM_EXEC:{""test"":""crypto-aes"",""n"":128,""elapsed_ms"":1878,""checksum"":""1343""}",,0,True,c058d06958b1cc808c8c6a5054645c8fbb44897667ffe4f042da524c13a66234
v8_ignition,access-nbody,6,64,1237,1237000000,19328125.0,1272534600,-1.3524862408537381,"IM_EXEC:{""test"":""access-nbody"",""n"":64,""elapsed_ms"":1237,""checksum"":""-1.3524862408537381""}",,0,True,19902b6f21c5b25ee15381029c367b4c4e18734127ed7525fb470472ccabc082
quickjs,access-nbody,6,64,991,991000000,15484375.0,1000367900,-1.3524862408537381,"IM_EXEC:{""test"":""access-nbody"",""n"":64,""elapsed_ms"":991,""checksum"":""-1.3524862408537381""}",,0,True,19902b6f21c5b25ee15381029c367b4c4e18734127ed7525fb470472ccabc082
v8_ignition,math-cordic,6,64,1106,1106000000,17281250.0,1142163800,10362.570468755888,"IM_EXEC:{""test"":""math-cordic"",""n"":64,""elapsed_ms"":1106,""checksum"":""10362.570468755888""}",,0,True,34b61588ee1c24cb8be232a1a12958905f04b257e09200a4faefef3bb909ee53
quickjs,math-cordic,6,64,1418,1418000000,22156250.0,1427938000,10362.570468755888,"IM_EXEC:{""test"":""math-cordic"",""n"":64,""elapsed_ms"":1418,""checksum"":""10362.570468755888""}",,0,True,34b61588ee1c24cb8be232a1a12958905f04b257e09200a4faefef3bb909ee53
quickjs,access-nbody,7,64,979,979000000,15296875.0,988597300,-1.3524862408537381,"IM_EXEC:{""test"":""access-nbody"",""n"":64,""elapsed_ms"":979,""checksum"":""-1.3524862408537381""}",,0,True,19902b6f21c5b25ee15381029c367b4c4e18734127ed7525fb470472ccabc082
v8_ignition,access-nbody,7,64,1252,1252000000,19562500.0,1285999700,-1.3524862408537381,"IM_EXEC:{""test"":""access-nbody"",""n"":64,""elapsed_ms"":1252,""checksum"":""-1.3524862408537381""}",,0,True,19902b6f21c5b25ee15381029c367b4c4e18734127ed7525fb470472ccabc082
quickjs,math-spectral-norm,7,128,1193,1193000000,9320312.5,1203137800,5.086694231303284,"IM_EXEC:{""test"":""math-spectral-norm"",""n"":128,""elapsed_ms"":1193,""checksum"":""5.086694231303284""}",,0,True,52eb39e653bcbb40e24520ce504d81698f6a67645593e05ca67257f318fba4d8
v8_ignition,math-spectral-norm,7,128,950,950000000,7421875.0,986695400,5.086694231303284,"IM_EXEC:{""test"":""math-spectral-norm"",""n"":128,""elapsed_ms"":950,""checksum"":""5.086694231303284""}",,0,True,52eb39e653bcbb40e24520ce504d81698f6a67645593e05ca67257f318fba4d8
quickjs,3d-raytrace,7,128,1935,1935000000,15117187.5,1945302500,20969,"IM_EXEC:{""test"":""3d-raytrace"",""n"":128,""elapsed_ms"":1935,""checksum"":""20969""}",,0,True,fbf3a216ca8bc8223f66e4105ce5c95294ac4e5e8f40c56e660a89fbc4962c15
v8_ignition,3d-raytrace,7,128,1840,1840000000,14375000.0,1877549400,20970,"IM_EXEC:{""test"":""3d-raytrace"",""n"":128,""elapsed_ms"":1840,""checksum"":""20970""}",,0,True,fbf3a216ca8bc8223f66e4105ce5c95294ac4e5e8f40c56e660a89fbc4962c15
quickjs,access-binary-trees,7,256,3197,3197000000,12488281.25,3205946300,-4,"IM_EXEC:{""test"":""access-binary-trees"",""n"":256,""elapsed_ms"":3197,""checksum"":""-4""}",,0,True,2574ad07a3319832e969eef6330a65d5569f82589fd3968e95616ade0cac5383
v8_ignition,access-binary-trees,7,256,1417,1417000000,5535156.25,1454460800,-4,"IM_EXEC:{""test"":""access-binary-trees"",""n"":256,""elapsed_ms"":1417,""checksum"":""-4""}",,0,True,2574ad07a3319832e969eef6330a65d5569f82589fd3968e95616ade0cac5383
quickjs,date-format-tofte,7,128,3843,3843000000,30023437.5,3852233900,"2008-05-01|Thursday, May 01, 2008 5:31:22 PM|1209718549000","IM_EXEC:{""test"":""date-format-tofte"",""n"":128,""elapsed_ms"":3843,""checksum"":""2008-05-01|Thursday, May 01, 2008 5:31:22 PM|1209718549000""}",,0,True,9535a5df1307bfc8288791fc3faf48c5e50a5deb6f04987d455c2bcc11ed4bfc
v8_ignition,date-format-tofte,7,128,1062,1062000000,8296875.0,1097505100,"2008-05-01|Thursday, May 01, 2008 5:31:22 PM|1209718549000","IM_EXEC:{""test"":""date-format-tofte"",""n"":128,""elapsed_ms"":1062,""checksum"":""2008-05-01|Thursday, May 01, 2008 5:31:22 PM|1209718549000""}",,0,True,9535a5df1307bfc8288791fc3faf48c5e50a5deb6f04987d455c2bcc11ed4bfc
quickjs,string-fasta,7,128,3456,3456000000,27000000.0,3465232800,1456000,"IM_EXEC:{""test"":""string-fasta"",""n"":128,""elapsed_ms"":3456,""checksum"":""1456000""}",,0,True,9ef1f7595b6cdfe6baed89f2f84d63006986f85574a2f446797cd69ca2dd79b8
v8_ignition,string-fasta,7,128,1247,1247000000,9742187.5,1281243000,1456000,"IM_EXEC:{""test"":""string-fasta"",""n"":128,""elapsed_ms"":1247,""checksum"":""1456000""}",,0,True,9ef1f7595b6cdfe6baed89f2f84d63006986f85574a2f446797cd69ca2dd79b8
quickjs,access-fannkuch,7,32,1172,1172000000,36625000.0,1181623600,22,"IM_EXEC:{""test"":""access-fannkuch"",""n"":32,""elapsed_ms"":1172,""checksum"":""22""}",,0,True,fee86984d327e7709754ed7a2721517b303a436f895a8b03742b80a000d4eb6b
v8_ignition,access-fannkuch,7,32,1127,1127000000,35218750.0,1162229600,22,"IM_EXEC:{""test"":""access-fannkuch"",""n"":32,""elapsed_ms"":1127,""checksum"":""22""}",,0,True,fee86984d327e7709754ed7a2721517b303a436f895a8b03742b80a000d4eb6b
quickjs,string-unpack-code,7,256,13849,13849000000,54097656.25,13859320300,511508,"IM_EXEC:{""test"":""string-unpack-code"",""n"":256,""elapsed_ms"":13849,""checksum"":""511508""}",,0,True,81a8b0c2e178b101089899f543ac712456d9edd361ed55f1f8a0075dcdca98b5
v8_ignition,string-unpack-code,7,256,1705,1705000000,6660156.25,1744125100,511508,"IM_EXEC:{""test"":""string-unpack-code"",""n"":256,""elapsed_ms"":1705,""checksum"":""511508""}",,0,True,81a8b0c2e178b101089899f543ac712456d9edd361ed55f1f8a0075dcdca98b5
quickjs,bitops-3bit-bits-in-byte,7,256,2468,2468000000,9640625.0,2478112700,512000,"IM_EXEC:{""test"":""bitops-3bit-bits-in-byte"",""n"":256,""elapsed_ms"":2468,""checksum"":""512000""}",,0,True,abe5fed281f086bcd3336e21203ccebd592037d9c2a481ccf4c68e894138c38a
v8_ignition,bitops-3bit-bits-in-byte,7,256,1919,1919000000,7496093.75,1953803800,512000,"IM_EXEC:{""test"":""bitops-3bit-bits-in-byte"",""n"":256,""elapsed_ms"":1919,""checksum"":""512000""}",,0,True,abe5fed281f086bcd3336e21203ccebd592037d9c2a481ccf4c68e894138c38a
quickjs,string-base64,7,256,5241,5241000000,20472656.25,5249554300,32768,"IM_EXEC:{""test"":""string-base64"",""n"":256,""elapsed_ms"":5241,""checksum"":""32768""}",,0,True,5cbaf23c322bf98da4482d07d06d87eef3c50cebf6bf7c47046adb556543e441
v8_ignition,string-base64,7,256,1618,1618000000,6320312.5,1654919600,32768,"IM_EXEC:{""test"":""string-base64"",""n"":256,""elapsed_ms"":1618,""checksum"":""32768""}",,0,True,5cbaf23c322bf98da4482d07d06d87eef3c50cebf6bf7c47046adb556543e441
quickjs,math-partial-sums,7,128,2227,2227000000,17398437.5,2236301800,60.08994194659945,"IM_EXEC:{""test"":""math-partial-sums"",""n"":128,""elapsed_ms"":2227,""checksum"":""60.08994194659945""}",,0,True,4fadb0cf070baa5dde56707dff313a6a62821c6b1621c298f196e1f1bdb726e3
v8_ignition,math-partial-sums,7,128,1491,1491000000,11648437.5,1526331200,60.08994194659945,"IM_EXEC:{""test"":""math-partial-sums"",""n"":128,""elapsed_ms"":1491,""checksum"":""60.08994194659945""}",,0,True,4fadb0cf070baa5dde56707dff313a6a62821c6b1621c298f196e1f1bdb726e3
quickjs,access-nsieve,7,128,3011,3011000000,23523437.5,3020813600,14302,"IM_EXEC:{""test"":""access-nsieve"",""n"":128,""elapsed_ms"":3011,""checksum"":""14302""}",,0,True,d2ff95d96cd8e84458eff804a3dae7ac589b31fa7d1e11cdffd4aa821eec7819
v8_ignition,access-nsieve,7,128,1352,1352000000,10562500.0,1387560000,14302,"IM_EXEC:{""test"":""access-nsieve"",""n"":128,""elapsed_ms"":1352,""checksum"":""14302""}",,0,True,d2ff95d96cd8e84458eff804a3dae7ac589b31fa7d1e11cdffd4aa821eec7819
quickjs,regexp-dna,7,1024,82481,82481000000,80547851.5625,82493171600,249:300056,"IM_EXEC:{""test"":""regexp-dna"",""n"":1024,""elapsed_ms"":82481,""checksum"":""249:300056""}",,0,True,3afc0a7c18fdee33367b1b484ba5fd4d9b7b225d1b2408dcc4f5fa0f7356cffe
v8_ignition,regexp-dna,7,1024,1878,1878000000,1833984.375,1920107300,249:300056,"IM_EXEC:{""test"":""regexp-dna"",""n"":1024,""elapsed_ms"":1878,""checksum"":""249:300056""}",,0,True,3afc0a7c18fdee33367b1b484ba5fd4d9b7b225d1b2408dcc4f5fa0f7356cffe
quickjs,3d-morph,7,64,1429,1429000000,22328125.0,1440202200,0,"IM_EXEC:{""test"":""3d-morph"",""n"":64,""elapsed_ms"":1429,""checksum"":""0""}",,0,True,522e39aba6d7f5f71cab59dfa2d2607b0932d63bdbfc9625b49725e02e9d5983
v8_ignition,3d-morph,7,64,1279,1279000000,19984375.0,1316856400,0,"IM_EXEC:{""test"":""3d-morph"",""n"":64,""elapsed_ms"":1279,""checksum"":""0""}",,0,True,522e39aba6d7f5f71cab59dfa2d2607b0932d63bdbfc9625b49725e02e9d5983
quickjs,crypto-md5,7,256,1814,1814000000,7085937.5,1823501100,a831e91e0f70eddcb70dc61c6f82f6cd,"IM_EXEC:{""test"":""crypto-md5"",""n"":256,""elapsed_ms"":1814,""checksum"":""a831e91e0f70eddcb70dc61c6f82f6cd""}",,0,True,b3676cc77ffa8184c46e9b99de32642296b190805d342e8e046279b12aa423b3
v8_ignition,crypto-md5,7,256,1953,1953000000,7628906.25,1988417700,a831e91e0f70eddcb70dc61c6f82f6cd,"IM_EXEC:{""test"":""crypto-md5"",""n"":256,""elapsed_ms"":1953,""checksum"":""a831e91e0f70eddcb70dc61c6f82f6cd""}",,0,True,b3676cc77ffa8184c46e9b99de32642296b190805d342e8e046279b12aa423b3
quickjs,math-cordic,7,64,1378,1378000000,21531250.0,1388294000,10362.570468755888,"IM_EXEC:{""test"":""math-cordic"",""n"":64,""elapsed_ms"":1378,""checksum"":""10362.570468755888""}",,0,True,34b61588ee1c24cb8be232a1a12958905f04b257e09200a4faefef3bb909ee53
v8_ignition,math-cordic,7,64,1085,1085000000,16953125.0,1120283200,10362.570468755888,"IM_EXEC:{""test"":""math-cordic"",""n"":64,""elapsed_ms"":1085,""checksum"":""10362.570468755888""}",,0,True,34b61588ee1c24cb8be232a1a12958905f04b257e09200a4faefef3bb909ee53
quickjs,bitops-bitwise-and,7,256,1872,1872000000,7312500.0,1880992700,0,"IM_EXEC:{""test"":""bitops-bitwise-and"",""n"":256,""elapsed_ms"":1872,""checksum"":""0""}",,0,True,eed5b353d4a2406db32d34e84a8855c02c005be3643b9966be5612fa0de83cab
v8_ignition,bitops-bitwise-and,7,256,2589,2589000000,10113281.25,2624628000,0,"IM_EXEC:{""test"":""bitops-bitwise-and"",""n"":256,""elapsed_ms"":2589,""checksum"":""0""}",,0,True,eed5b353d4a2406db32d34e84a8855c02c005be3643b9966be5612fa0de83cab
quickjs,crypto-sha1,7,256,1728,1728000000,6750000.0,1738520200,2524d264def74cce2498bf112bedf00e6c0b796d,"IM_EXEC:{""test"":""crypto-sha1"",""n"":256,""elapsed_ms"":1728,""checksum"":""2524d264def74cce2498bf112bedf00e6c0b796d""}",,0,True,efb82da8b03c1f4f11eeb3f88f9902179a62f0a21e620fe0f60845b8b874e292
v8_ignition,crypto-sha1,7,256,2173,2173000000,8488281.25,2207212200,2524d264def74cce2498bf112bedf00e6c0b796d,"IM_EXEC:{""test"":""crypto-sha1"",""n"":256,""elapsed_ms"":2173,""checksum"":""2524d264def74cce2498bf112bedf00e6c0b796d""}",,0,True,efb82da8b03c1f4f11eeb3f88f9902179a62f0a21e620fe0f60845b8b874e292
quickjs,3d-cube,7,64,1968,1968000000,30750000.0,1977712400,320,"IM_EXEC:{""test"":""3d-cube"",""n"":64,""elapsed_ms"":1968,""checksum"":""320""}",,0,True,60a065dcf0b5284dc0c04c58f860a2319aa73d0aaa4ce285a3fa9614f357aa2e
v8_ignition,3d-cube,7,64,1175,1175000000,18359375.0,1209843400,320,"IM_EXEC:{""test"":""3d-cube"",""n"":64,""elapsed_ms"":1175,""checksum"":""320""}",,0,True,60a065dcf0b5284dc0c04c58f860a2319aa73d0aaa4ce285a3fa9614f357aa2e
quickjs,string-validate-input,7,256,3406,3406000000,13304687.5,3415900700,462000,"IM_EXEC:{""test"":""string-validate-input"",""n"":256,""elapsed_ms"":3406,""checksum"":""462000""}",,0,True,f3316365a925df0927fe79ed16a84a33fe9d1e3dafbff918f53f671ca1a58748
v8_ignition,string-validate-input,7,256,1414,1414000000,5523437.5,1452623900,462000,"IM_EXEC:{""test"":""string-validate-input"",""n"":256,""elapsed_ms"":1414,""checksum"":""462000""}",,0,True,f3316365a925df0927fe79ed16a84a33fe9d1e3dafbff918f53f671ca1a58748
quickjs,crypto-aes,7,128,1913,1913000000,14945312.5,1924381100,1343,"IM_EXEC:{""test"":""crypto-aes"",""n"":128,""elapsed_ms"":1913,""checksum"":""1343""}",,0,True,c058d06958b1cc808c8c6a5054645c8fbb44897667ffe4f042da524c13a66234
v8_ignition,crypto-aes,7,128,1734,1734000000,13546875.0,1770404300,1343,"IM_EXEC:{""test"":""crypto-aes"",""n"":128,""elapsed_ms"":1734,""checksum"":""1343""}",,0,True,c058d06958b1cc808c8c6a5054645c8fbb44897667ffe4f042da524c13a66234
quickjs,bitops-bits-in-byte,7,64,1330,1330000000,20781250.0,1339821900,358400,"IM_EXEC:{""test"":""bitops-bits-in-byte"",""n"":64,""elapsed_ms"":1330,""checksum"":""358400""}",,0,True,5b00ba9a5c5657f66ade1ddd8f2816ae39bd34dd3007dc07b5357c2c829bef73
v8_ignition,bitops-bits-in-byte,7,64,1272,1272000000,19875000.0,1307961400,358400,"IM_EXEC:{""test"":""bitops-bits-in-byte"",""n"":64,""elapsed_ms"":1272,""checksum"":""358400""}",,0,True,5b00ba9a5c5657f66ade1ddd8f2816ae39bd34dd3007dc07b5357c2c829bef73
quickjs,bitops-nsieve-bits,7,128,1863,1863000000,14554687.5,1871819000,-1286749544853,"IM_EXEC:{""test"":""bitops-nsieve-bits"",""n"":128,""elapsed_ms"":1863,""checksum"":""-1286749544853""}",,0,True,c8cd89d57d6c82edd3ce9aaea504681391c6fb3beef555532dd2653fc0410765
v8_ignition,bitops-nsieve-bits,7,128,2938,2938000000,22953125.0,2974001500,-1286749544853,"IM_EXEC:{""test"":""bitops-nsieve-bits"",""n"":128,""elapsed_ms"":2938,""checksum"":""-1286749544853""}",,0,True,c8cd89d57d6c82edd3ce9aaea504681391c6fb3beef555532dd2653fc0410765
quickjs,date-format-xparb,7,256,5027,5027000000,19636718.75,5037957800,"2017-09-05|Tuesday, September 05, 2017 7:43:48 AM|1504652895000","IM_EXEC:{""test"":""date-format-xparb"",""n"":256,""elapsed_ms"":5027,""checksum"":""2017-09-05|Tuesday, September 05, 2017 7:43:48 AM|1504652895000""}",,0,True,add041cbb7bfa753ec4a301e26ec01e33f116b6a16883f80454b18f7790e4320
v8_ignition,date-format-xparb,7,256,1052,1052000000,4109375.0,1088311400,"2017-09-05|Tuesday, September 05, 2017 7:43:48 AM|1504652895000","IM_EXEC:{""test"":""date-format-xparb"",""n"":256,""elapsed_ms"":1052,""checksum"":""2017-09-05|Tuesday, September 05, 2017 7:43:48 AM|1504652895000""}",,0,True,add041cbb7bfa753ec4a301e26ec01e33f116b6a16883f80454b18f7790e4320
quickjs,string-tagcloud,7,256,6812,6812000000,26609375.0,6823633000,315241,"IM_EXEC:{""test"":""string-tagcloud"",""n"":256,""elapsed_ms"":6812,""checksum"":""315241""}",,0,True,bdb31cfdc8d9dc183a2016260abf8eae9629ab6f3fd5ffe57c0698243f1ca160
v8_ignition,string-tagcloud,7,256,1407,1407000000,5496093.75,1446671100,315241,"IM_EXEC:{""test"":""string-tagcloud"",""n"":256,""elapsed_ms"":1407,""checksum"":""315241""}",,0,True,bdb31cfdc8d9dc183a2016260abf8eae9629ab6f3fd5ffe57c0698243f1ca160
quickjs,controlflow-recursive,7,256,2164,2164000000,8453125.0,2174192400,57775,"IM_EXEC:{""test"":""controlflow-recursive"",""n"":256,""elapsed_ms"":2164,""checksum"":""57775""}",,0,True,b0137de1a06fa4c71fcd428e68ee4b3a61ae2444b324da024a872b257fd03c64
v8_ignition,controlflow-recursive,7,256,1789,1789000000,6988281.25,1829724400,57775,"IM_EXEC:{""test"":""controlflow-recursive"",""n"":256,""elapsed_ms"":1789,""checksum"":""57775""}",,0,True,b0137de1a06fa4c71fcd428e68ee4b3a61ae2444b324da024a872b257fd03c64
v8_ignition,bitops-bitwise-and,8,256,2610,2610000000,10195312.5,2644866300,0,"IM_EXEC:{""test"":""bitops-bitwise-and"",""n"":256,""elapsed_ms"":2610,""checksum"":""0""}",,0,True,eed5b353d4a2406db32d34e84a8855c02c005be3643b9966be5612fa0de83cab
quickjs,bitops-bitwise-and,8,256,1895,1895000000,7402343.75,1904646900,0,"IM_EXEC:{""test"":""bitops-bitwise-and"",""n"":256,""elapsed_ms"":1895,""checksum"":""0""}",,0,True,eed5b353d4a2406db32d34e84a8855c02c005be3643b9966be5612fa0de83cab
v8_ignition,date-format-tofte,8,128,1070,1070000000,8359375.0,1107764500,"2008-05-01|Thursday, May 01, 2008 5:31:22 PM|1209718549000","IM_EXEC:{""test"":""date-format-tofte"",""n"":128,""elapsed_ms"":1070,""checksum"":""2008-05-01|Thursday, May 01, 2008 5:31:22 PM|1209718549000""}",,0,True,9535a5df1307bfc8288791fc3faf48c5e50a5deb6f04987d455c2bcc11ed4bfc
quickjs,date-format-tofte,8,128,3796,3796000000,29656250.0,3805036000,"2008-05-01|Thursday, May 01, 2008 5:31:22 PM|1209718549000","IM_EXEC:{""test"":""date-format-tofte"",""n"":128,""elapsed_ms"":3796,""checksum"":""2008-05-01|Thursday, May 01, 2008 5:31:22 PM|1209718549000""}",,0,True,9535a5df1307bfc8288791fc3faf48c5e50a5deb6f04987d455c2bcc11ed4bfc
v8_ignition,bitops-3bit-bits-in-byte,8,256,1883,1883000000,7355468.75,1917881800,512000,"IM_EXEC:{""test"":""bitops-3bit-bits-in-byte"",""n"":256,""elapsed_ms"":1883,""checksum"":""512000""}",,0,True,abe5fed281f086bcd3336e21203ccebd592037d9c2a481ccf4c68e894138c38a
quickjs,bitops-3bit-bits-in-byte,8,256,2481,2481000000,9691406.25,2491125600,512000,"IM_EXEC:{""test"":""bitops-3bit-bits-in-byte"",""n"":256,""elapsed_ms"":2481,""checksum"":""512000""}",,0,True,abe5fed281f086bcd3336e21203ccebd592037d9c2a481ccf4c68e894138c38a
v8_ignition,access-binary-trees,8,256,1411,1411000000,5511718.75,1446481400,-4,"IM_EXEC:{""test"":""access-binary-trees"",""n"":256,""elapsed_ms"":1411,""checksum"":""-4""}",,0,True,2574ad07a3319832e969eef6330a65d5569f82589fd3968e95616ade0cac5383
quickjs,access-binary-trees,8,256,3084,3084000000,12046875.0,3092555500,-4,"IM_EXEC:{""test"":""access-binary-trees"",""n"":256,""elapsed_ms"":3084,""checksum"":""-4""}",,0,True,2574ad07a3319832e969eef6330a65d5569f82589fd3968e95616ade0cac5383
v8_ignition,string-tagcloud,8,256,1403,1403000000,5480468.75,1443200700,315241,"IM_EXEC:{""test"":""string-tagcloud"",""n"":256,""elapsed_ms"":1403,""checksum"":""315241""}",,0,True,bdb31cfdc8d9dc183a2016260abf8eae9629ab6f3fd5ffe57c0698243f1ca160
quickjs,string-tagcloud,8,256,6818,6818000000,26632812.5,6829265400,315241,"IM_EXEC:{""test"":""string-tagcloud"",""n"":256,""elapsed_ms"":6818,""checksum"":""315241""}",,0,True,bdb31cfdc8d9dc183a2016260abf8eae9629ab6f3fd5ffe57c0698243f1ca160
v8_ignition,regexp-dna,8,1024,1874,1874000000,1830078.125,1915791100,249:300056,"IM_EXEC:{""test"":""regexp-dna"",""n"":1024,""elapsed_ms"":1874,""checksum"":""249:300056""}",,0,True,3afc0a7c18fdee33367b1b484ba5fd4d9b7b225d1b2408dcc4f5fa0f7356cffe
quickjs,regexp-dna,8,1024,81565,81565000000,79653320.3125,81577344100,249:300056,"IM_EXEC:{""test"":""regexp-dna"",""n"":1024,""elapsed_ms"":81565,""checksum"":""249:300056""}",,0,True,3afc0a7c18fdee33367b1b484ba5fd4d9b7b225d1b2408dcc4f5fa0f7356cffe
v8_ignition,controlflow-recursive,8,256,1777,1777000000,6941406.25,1812239300,57775,"IM_EXEC:{""test"":""controlflow-recursive"",""n"":256,""elapsed_ms"":1777,""checksum"":""57775""}",,0,True,b0137de1a06fa4c71fcd428e68ee4b3a61ae2444b324da024a872b257fd03c64
quickjs,controlflow-recursive,8,256,2129,2129000000,8316406.25,2139589100,57775,"IM_EXEC:{""test"":""controlflow-recursive"",""n"":256,""elapsed_ms"":2129,""checksum"":""57775""}",,0,True,b0137de1a06fa4c71fcd428e68ee4b3a61ae2444b324da024a872b257fd03c64
v8_ignition,string-fasta,8,128,1236,1236000000,9656250.0,1268820500,1456000,"IM_EXEC:{""test"":""string-fasta"",""n"":128,""elapsed_ms"":1236,""checksum"":""1456000""}",,0,True,9ef1f7595b6cdfe6baed89f2f84d63006986f85574a2f446797cd69ca2dd79b8
quickjs,string-fasta,8,128,3465,3465000000,27070312.5,3474446200,1456000,"IM_EXEC:{""test"":""string-fasta"",""n"":128,""elapsed_ms"":3465,""checksum"":""1456000""}",,0,True,9ef1f7595b6cdfe6baed89f2f84d63006986f85574a2f446797cd69ca2dd79b8
v8_ignition,bitops-nsieve-bits,8,128,2983,2983000000,23304687.5,3018650700,-1286749544853,"IM_EXEC:{""test"":""bitops-nsieve-bits"",""n"":128,""elapsed_ms"":2983,""checksum"":""-1286749544853""}",,0,True,c8cd89d57d6c82edd3ce9aaea504681391c6fb3beef555532dd2653fc0410765
quickjs,bitops-nsieve-bits,8,128,1864,1864000000,14562500.0,1873357300,-1286749544853,"IM_EXEC:{""test"":""bitops-nsieve-bits"",""n"":128,""elapsed_ms"":1864,""checksum"":""-1286749544853""}",,0,True,c8cd89d57d6c82edd3ce9aaea504681391c6fb3beef555532dd2653fc0410765
v8_ignition,crypto-sha1,8,256,2191,2191000000,8558593.75,2225494300,2524d264def74cce2498bf112bedf00e6c0b796d,"IM_EXEC:{""test"":""crypto-sha1"",""n"":256,""elapsed_ms"":2191,""checksum"":""2524d264def74cce2498bf112bedf00e6c0b796d""}",,0,True,efb82da8b03c1f4f11eeb3f88f9902179a62f0a21e620fe0f60845b8b874e292
quickjs,crypto-sha1,8,256,1768,1768000000,6906250.0,1776276400,2524d264def74cce2498bf112bedf00e6c0b796d,"IM_EXEC:{""test"":""crypto-sha1"",""n"":256,""elapsed_ms"":1768,""checksum"":""2524d264def74cce2498bf112bedf00e6c0b796d""}",,0,True,efb82da8b03c1f4f11eeb3f88f9902179a62f0a21e620fe0f60845b8b874e292
v8_ignition,date-format-xparb,8,256,1058,1058000000,4132812.5,1095261700,"2017-09-05|Tuesday, September 05, 2017 7:43:48 AM|1504652895000","IM_EXEC:{""test"":""date-format-xparb"",""n"":256,""elapsed_ms"":1058,""checksum"":""2017-09-05|Tuesday, September 05, 2017 7:43:48 AM|1504652895000""}",,0,True,add041cbb7bfa753ec4a301e26ec01e33f116b6a16883f80454b18f7790e4320
quickjs,date-format-xparb,8,256,5078,5078000000,19835937.5,5087343800,"2017-09-05|Tuesday, September 05, 2017 7:43:48 AM|1504652895000","IM_EXEC:{""test"":""date-format-xparb"",""n"":256,""elapsed_ms"":5078,""checksum"":""2017-09-05|Tuesday, September 05, 2017 7:43:48 AM|1504652895000""}",,0,True,add041cbb7bfa753ec4a301e26ec01e33f116b6a16883f80454b18f7790e4320
v8_ignition,access-nbody,8,64,1235,1235000000,19296875.0,1272719800,-1.3524862408537381,"IM_EXEC:{""test"":""access-nbody"",""n"":64,""elapsed_ms"":1235,""checksum"":""-1.3524862408537381""}",,0,True,19902b6f21c5b25ee15381029c367b4c4e18734127ed7525fb470472ccabc082
quickjs,access-nbody,8,64,992,992000000,15500000.0,1001940500,-1.3524862408537381,"IM_EXEC:{""test"":""access-nbody"",""n"":64,""elapsed_ms"":992,""checksum"":""-1.3524862408537381""}",,0,True,19902b6f21c5b25ee15381029c367b4c4e18734127ed7525fb470472ccabc082
v8_ignition,crypto-md5,8,256,1960,1960000000,7656250.0,1994475900,a831e91e0f70eddcb70dc61c6f82f6cd,"IM_EXEC:{""test"":""crypto-md5"",""n"":256,""elapsed_ms"":1960,""checksum"":""a831e91e0f70eddcb70dc61c6f82f6cd""}",,0,True,b3676cc77ffa8184c46e9b99de32642296b190805d342e8e046279b12aa423b3
quickjs,crypto-md5,8,256,1852,1852000000,7234375.0,1861901200,a831e91e0f70eddcb70dc61c6f82f6cd,"IM_EXEC:{""test"":""crypto-md5"",""n"":256,""elapsed_ms"":1852,""checksum"":""a831e91e0f70eddcb70dc61c6f82f6cd""}",,0,True,b3676cc77ffa8184c46e9b99de32642296b190805d342e8e046279b12aa423b3
v8_ignition,math-partial-sums,8,128,1491,1491000000,11648437.5,1528842500,60.08994194659945,"IM_EXEC:{""test"":""math-partial-sums"",""n"":128,""elapsed_ms"":1491,""checksum"":""60.08994194659945""}",,0,True,4fadb0cf070baa5dde56707dff313a6a62821c6b1621c298f196e1f1bdb726e3
quickjs,math-partial-sums,8,128,2204,2204000000,17218750.0,2213476200,60.08994194659945,"IM_EXEC:{""test"":""math-partial-sums"",""n"":128,""elapsed_ms"":2204,""checksum"":""60.08994194659945""}",,0,True,4fadb0cf070baa5dde56707dff313a6a62821c6b1621c298f196e1f1bdb726e3
v8_ignition,string-validate-input,8,256,1407,1407000000,5496093.75,1442427500,462000,"IM_EXEC:{""test"":""string-validate-input"",""n"":256,""elapsed_ms"":1407,""checksum"":""462000""}",,0,True,f3316365a925df0927fe79ed16a84a33fe9d1e3dafbff918f53f671ca1a58748
quickjs,string-validate-input,8,256,3398,3398000000,13273437.5,3407183500,462000,"IM_EXEC:{""test"":""string-validate-input"",""n"":256,""elapsed_ms"":3398,""checksum"":""462000""}",,0,True,f3316365a925df0927fe79ed16a84a33fe9d1e3dafbff918f53f671ca1a58748
v8_ignition,bitops-bits-in-byte,8,64,1233,1233000000,19265625.0,1268153200,358400,"IM_EXEC:{""test"":""bitops-bits-in-byte"",""n"":64,""elapsed_ms"":1233,""checksum"":""358400""}",,0,True,5b00ba9a5c5657f66ade1ddd8f2816ae39bd34dd3007dc07b5357c2c829bef73
quickjs,bitops-bits-in-byte,8,64,1279,1279000000,19984375.0,1287591800,358400,"IM_EXEC:{""test"":""bitops-bits-in-byte"",""n"":64,""elapsed_ms"":1279,""checksum"":""358400""}",,0,True,5b00ba9a5c5657f66ade1ddd8f2816ae39bd34dd3007dc07b5357c2c829bef73
v8_ignition,math-cordic,8,64,1091,1091000000,17046875.0,1126122100,10362.570468755888,"IM_EXEC:{""test"":""math-cordic"",""n"":64,""elapsed_ms"":1091,""checksum"":""10362.570468755888""}",,0,True,34b61588ee1c24cb8be232a1a12958905f04b257e09200a4faefef3bb909ee53
quickjs,math-cordic,8,64,1398,1398000000,21843750.0,1407691500,10362.570468755888,"IM_EXEC:{""test"":""math-cordic"",""n"":64,""elapsed_ms"":1398,""checksum"":""10362.570468755888""}",,0,True,34b61588ee1c24cb8be232a1a12958905f04b257e09200a4faefef3bb909ee53
v8_ignition,3d-raytrace,8,128,1844,1844000000,14406250.0,1883087800,20970,"IM_EXEC:{""test"":""3d-raytrace"",""n"":128,""elapsed_ms"":1844,""checksum"":""20970""}",,0,True,fbf3a216ca8bc8223f66e4105ce5c95294ac4e5e8f40c56e660a89fbc4962c15
quickjs,3d-raytrace,8,128,1928,1928000000,15062500.0,1938308900,20969,"IM_EXEC:{""test"":""3d-raytrace"",""n"":128,""elapsed_ms"":1928,""checksum"":""20969""}",,0,True,fbf3a216ca8bc8223f66e4105ce5c95294ac4e5e8f40c56e660a89fbc4962c15
v8_ignition,string-base64,8,256,1611,1611000000,6292968.75,1646199100,32768,"IM_EXEC:{""test"":""string-base64"",""n"":256,""elapsed_ms"":1611,""checksum"":""32768""}",,0,True,5cbaf23c322bf98da4482d07d06d87eef3c50cebf6bf7c47046adb556543e441
quickjs,string-base64,8,256,5163,5163000000,20167968.75,5172208000,32768,"IM_EXEC:{""test"":""string-base64"",""n"":256,""elapsed_ms"":5163,""checksum"":""32768""}",,0,True,5cbaf23c322bf98da4482d07d06d87eef3c50cebf6bf7c47046adb556543e441
v8_ignition,access-nsieve,8,128,1352,1352000000,10562500.0,1388966900,14302,"IM_EXEC:{""test"":""access-nsieve"",""n"":128,""elapsed_ms"":1352,""checksum"":""14302""}",,0,True,d2ff95d96cd8e84458eff804a3dae7ac589b31fa7d1e11cdffd4aa821eec7819
quickjs,access-nsieve,8,128,3026,3026000000,23640625.0,3037115600,14302,"IM_EXEC:{""test"":""access-nsieve"",""n"":128,""elapsed_ms"":3026,""checksum"":""14302""}",,0,True,d2ff95d96cd8e84458eff804a3dae7ac589b31fa7d1e11cdffd4aa821eec7819
v8_ignition,3d-morph,8,64,1262,1262000000,19718750.0,1297975400,0,"IM_EXEC:{""test"":""3d-morph"",""n"":64,""elapsed_ms"":1262,""checksum"":""0""}",,0,True,522e39aba6d7f5f71cab59dfa2d2607b0932d63bdbfc9625b49725e02e9d5983
quickjs,3d-morph,8,64,1411,1411000000,22046875.0,1420223200,0,"IM_EXEC:{""test"":""3d-morph"",""n"":64,""elapsed_ms"":1411,""checksum"":""0""}",,0,True,522e39aba6d7f5f71cab59dfa2d2607b0932d63bdbfc9625b49725e02e9d5983
v8_ignition,access-fannkuch,8,32,1089,1089000000,34031250.0,1123482000,22,"IM_EXEC:{""test"":""access-fannkuch"",""n"":32,""elapsed_ms"":1089,""checksum"":""22""}",,0,True,fee86984d327e7709754ed7a2721517b303a436f895a8b03742b80a000d4eb6b
quickjs,access-fannkuch,8,32,1122,1122000000,35062500.0,1131840000,22,"IM_EXEC:{""test"":""access-fannkuch"",""n"":32,""elapsed_ms"":1122,""checksum"":""22""}",,0,True,fee86984d327e7709754ed7a2721517b303a436f895a8b03742b80a000d4eb6b
v8_ignition,3d-cube,8,64,1170,1170000000,18281250.0,1206323100,320,"IM_EXEC:{""test"":""3d-cube"",""n"":64,""elapsed_ms"":1170,""checksum"":""320""}",,0,True,60a065dcf0b5284dc0c04c58f860a2319aa73d0aaa4ce285a3fa9614f357aa2e
quickjs,3d-cube,8,64,1970,1970000000,30781250.0,1979494800,320,"IM_EXEC:{""test"":""3d-cube"",""n"":64,""elapsed_ms"":1970,""checksum"":""320""}",,0,True,60a065dcf0b5284dc0c04c58f860a2319aa73d0aaa4ce285a3fa9614f357aa2e
v8_ignition,crypto-aes,8,128,1752,1752000000,13687500.0,1788533500,1343,"IM_EXEC:{""test"":""crypto-aes"",""n"":128,""elapsed_ms"":1752,""checksum"":""1343""}",,0,True,c058d06958b1cc808c8c6a5054645c8fbb44897667ffe4f042da524c13a66234
quickjs,crypto-aes,8,128,1913,1913000000,14945312.5,1922892800,1343,"IM_EXEC:{""test"":""crypto-aes"",""n"":128,""elapsed_ms"":1913,""checksum"":""1343""}",,0,True,c058d06958b1cc808c8c6a5054645c8fbb44897667ffe4f042da524c13a66234
v8_ignition,string-unpack-code,8,256,1705,1705000000,6660156.25,1743850100,511508,"IM_EXEC:{""test"":""string-unpack-code"",""n"":256,""elapsed_ms"":1705,""checksum"":""511508""}",,0,True,81a8b0c2e178b101089899f543ac712456d9edd361ed55f1f8a0075dcdca98b5
quickjs,string-unpack-code,8,256,13859,13859000000,54136718.75,13869856000,511508,"IM_EXEC:{""test"":""string-unpack-code"",""n"":256,""elapsed_ms"":13859,""checksum"":""511508""}",,0,True,81a8b0c2e178b101089899f543ac712456d9edd361ed55f1f8a0075dcdca98b5
v8_ignition,math-spectral-norm,8,128,948,948000000,7406250.0,983014900,5.086694231303284,"IM_EXEC:{""test"":""math-spectral-norm"",""n"":128,""elapsed_ms"":948,""checksum"":""5.086694231303284""}",,0,True,52eb39e653bcbb40e24520ce504d81698f6a67645593e05ca67257f318fba4d8
quickjs,math-spectral-norm,8,128,1183,1183000000,9242187.5,1192099400,5.086694231303284,"IM_EXEC:{""test"":""math-spectral-norm"",""n"":128,""elapsed_ms"":1183,""checksum"":""5.086694231303284""}",,0,True,52eb39e653bcbb40e24520ce504d81698f6a67645593e05ca67257f318fba4d8
quickjs,string-fasta,9,128,3445,3445000000,26914062.5,3453667800,1456000,"IM_EXEC:{""test"":""string-fasta"",""n"":128,""elapsed_ms"":3445,""checksum"":""1456000""}",,0,True,9ef1f7595b6cdfe6baed89f2f84d63006986f85574a2f446797cd69ca2dd79b8
v8_ignition,string-fasta,9,128,1225,1225000000,9570312.5,1260160000,1456000,"IM_EXEC:{""test"":""string-fasta"",""n"":128,""elapsed_ms"":1225,""checksum"":""1456000""}",,0,True,9ef1f7595b6cdfe6baed89f2f84d63006986f85574a2f446797cd69ca2dd79b8
quickjs,bitops-bitwise-and,9,256,1828,1828000000,7140625.0,1837865600,0,"IM_EXEC:{""test"":""bitops-bitwise-and"",""n"":256,""elapsed_ms"":1828,""checksum"":""0""}",,0,True,eed5b353d4a2406db32d34e84a8855c02c005be3643b9966be5612fa0de83cab
v8_ignition,bitops-bitwise-and,9,256,2636,2636000000,10296875.0,2671053700,0,"IM_EXEC:{""test"":""bitops-bitwise-and"",""n"":256,""elapsed_ms"":2636,""checksum"":""0""}",,0,True,eed5b353d4a2406db32d34e84a8855c02c005be3643b9966be5612fa0de83cab
quickjs,bitops-3bit-bits-in-byte,9,256,2473,2473000000,9660156.25,2483091500,512000,"IM_EXEC:{""test"":""bitops-3bit-bits-in-byte"",""n"":256,""elapsed_ms"":2473,""checksum"":""512000""}",,0,True,abe5fed281f086bcd3336e21203ccebd592037d9c2a481ccf4c68e894138c38a
v8_ignition,bitops-3bit-bits-in-byte,9,256,1909,1909000000,7457031.25,1945151400,512000,"IM_EXEC:{""test"":""bitops-3bit-bits-in-byte"",""n"":256,""elapsed_ms"":1909,""checksum"":""512000""}",,0,True,abe5fed281f086bcd3336e21203ccebd592037d9c2a481ccf4c68e894138c38a
quickjs,access-nbody,9,64,981,981000000,15328125.0,991029200,-1.3524862408537381,"IM_EXEC:{""test"":""access-nbody"",""n"":64,""elapsed_ms"":981,""checksum"":""-1.3524862408537381""}",,0,True,19902b6f21c5b25ee15381029c367b4c4e18734127ed7525fb470472ccabc082
v8_ignition,access-nbody,9,64,1243,1243000000,19421875.0,1278698200,-1.3524862408537381,"IM_EXEC:{""test"":""access-nbody"",""n"":64,""elapsed_ms"":1243,""checksum"":""-1.3524862408537381""}",,0,True,19902b6f21c5b25ee15381029c367b4c4e18734127ed7525fb470472ccabc082
quickjs,string-unpack-code,9,256,13802,13802000000,53914062.5,13813439100,511508,"IM_EXEC:{""test"":""string-unpack-code"",""n"":256,""elapsed_ms"":13802,""checksum"":""511508""}",,0,True,81a8b0c2e178b101089899f543ac712456d9edd361ed55f1f8a0075dcdca98b5
v8_ignition,string-unpack-code,9,256,1705,1705000000,6660156.25,1743468200,511508,"IM_EXEC:{""test"":""string-unpack-code"",""n"":256,""elapsed_ms"":1705,""checksum"":""511508""}",,0,True,81a8b0c2e178b101089899f543ac712456d9edd361ed55f1f8a0075dcdca98b5
quickjs,crypto-sha1,9,256,1759,1759000000,6871093.75,1768900600,2524d264def74cce2498bf112bedf00e6c0b796d,"IM_EXEC:{""test"":""crypto-sha1"",""n"":256,""elapsed_ms"":1759,""checksum"":""2524d264def74cce2498bf112bedf00e6c0b796d""}",,0,True,efb82da8b03c1f4f11eeb3f88f9902179a62f0a21e620fe0f60845b8b874e292
v8_ignition,crypto-sha1,9,256,2171,2171000000,8480468.75,2204881900,2524d264def74cce2498bf112bedf00e6c0b796d,"IM_EXEC:{""test"":""crypto-sha1"",""n"":256,""elapsed_ms"":2171,""checksum"":""2524d264def74cce2498bf112bedf00e6c0b796d""}",,0,True,efb82da8b03c1f4f11eeb3f88f9902179a62f0a21e620fe0f60845b8b874e292
quickjs,access-fannkuch,9,32,1174,1174000000,36687500.0,1183974200,22,"IM_EXEC:{""test"":""access-fannkuch"",""n"":32,""elapsed_ms"":1174,""checksum"":""22""}",,0,True,fee86984d327e7709754ed7a2721517b303a436f895a8b03742b80a000d4eb6b
v8_ignition,access-fannkuch,9,32,1110,1110000000,34687500.0,1145451700,22,"IM_EXEC:{""test"":""access-fannkuch"",""n"":32,""elapsed_ms"":1110,""checksum"":""22""}",,0,True,fee86984d327e7709754ed7a2721517b303a436f895a8b03742b80a000d4eb6b
quickjs,date-format-tofte,9,128,3967,3967000000,30992187.5,3976254600,"2008-05-01|Thursday, May 01, 2008 5:31:22 PM|1209718549000","IM_EXEC:{""test"":""date-format-tofte"",""n"":128,""elapsed_ms"":3967,""checksum"":""2008-05-01|Thursday, May 01, 2008 5:31:22 PM|1209718549000""}",,0,True,9535a5df1307bfc8288791fc3faf48c5e50a5deb6f04987d455c2bcc11ed4bfc
v8_ignition,date-format-tofte,9,128,1077,1077000000,8414062.5,1112289100,"2008-05-01|Thursday, May 01, 2008 5:31:22 PM|1209718549000","IM_EXEC:{""test"":""date-format-tofte"",""n"":128,""elapsed_ms"":1077,""checksum"":""2008-05-01|Thursday, May 01, 2008 5:31:22 PM|1209718549000""}",,0,True,9535a5df1307bfc8288791fc3faf48c5e50a5deb6f04987d455c2bcc11ed4bfc
quickjs,string-validate-input,9,256,3462,3462000000,13523437.5,3471674200,462000,"IM_EXEC:{""test"":""string-validate-input"",""n"":256,""elapsed_ms"":3462,""checksum"":""462000""}",,0,True,f3316365a925df0927fe79ed16a84a33fe9d1e3dafbff918f53f671ca1a58748
v8_ignition,string-validate-input,9,256,1411,1411000000,5511718.75,1446734200,462000,"IM_EXEC:{""test"":""string-validate-input"",""n"":256,""elapsed_ms"":1411,""checksum"":""462000""}",,0,True,f3316365a925df0927fe79ed16a84a33fe9d1e3dafbff918f53f671ca1a58748
quickjs,bitops-bits-in-byte,9,64,1291,1291000000,20171875.0,1300920900,358400,"IM_EXEC:{""test"":""bitops-bits-in-byte"",""n"":64,""elapsed_ms"":1291,""checksum"":""358400""}",,0,True,5b00ba9a5c5657f66ade1ddd8f2816ae39bd34dd3007dc07b5357c2c829bef73
v8_ignition,bitops-bits-in-byte,9,64,1301,1301000000,20328125.0,1335945300,358400,"IM_EXEC:{""test"":""bitops-bits-in-byte"",""n"":64,""elapsed_ms"":1301,""checksum"":""358400""}",,0,True,5b00ba9a5c5657f66ade1ddd8f2816ae39bd34dd3007dc07b5357c2c829bef73
quickjs,crypto-md5,9,256,1843,1843000000,7199218.75,1852156700,a831e91e0f70eddcb70dc61c6f82f6cd,"IM_EXEC:{""test"":""crypto-md5"",""n"":256,""elapsed_ms"":1843,""checksum"":""a831e91e0f70eddcb70dc61c6f82f6cd""}",,0,True,b3676cc77ffa8184c46e9b99de32642296b190805d342e8e046279b12aa423b3
v8_ignition,crypto-md5,9,256,2005,2005000000,7832031.25,2038939300,a831e91e0f70eddcb70dc61c6f82f6cd,"IM_EXEC:{""test"":""crypto-md5"",""n"":256,""elapsed_ms"":2005,""checksum"":""a831e91e0f70eddcb70dc61c6f82f6cd""}",,0,True,b3676cc77ffa8184c46e9b99de32642296b190805d342e8e046279b12aa423b3
quickjs,math-spectral-norm,9,128,1174,1174000000,9171875.0,1182905400,5.086694231303284,"IM_EXEC:{""test"":""math-spectral-norm"",""n"":128,""elapsed_ms"":1174,""checksum"":""5.086694231303284""}",,0,True,52eb39e653bcbb40e24520ce504d81698f6a67645593e05ca67257f318fba4d8
v8_ignition,math-spectral-norm,9,128,925,925000000,7226562.5,962451300,5.086694231303284,"IM_EXEC:{""test"":""math-spectral-norm"",""n"":128,""elapsed_ms"":925,""checksum"":""5.086694231303284""}",,0,True,52eb39e653bcbb40e24520ce504d81698f6a67645593e05ca67257f318fba4d8
quickjs,access-nsieve,9,128,3000,3000000000,23437500.0,3010116100,14302,"IM_EXEC:{""test"":""access-nsieve"",""n"":128,""elapsed_ms"":3000,""checksum"":""14302""}",,0,True,d2ff95d96cd8e84458eff804a3dae7ac589b31fa7d1e11cdffd4aa821eec7819
v8_ignition,access-nsieve,9,128,1359,1359000000,10617187.5,1392840500,14302,"IM_EXEC:{""test"":""access-nsieve"",""n"":128,""elapsed_ms"":1359,""checksum"":""14302""}",,0,True,d2ff95d96cd8e84458eff804a3dae7ac589b31fa7d1e11cdffd4aa821eec7819
quickjs,bitops-nsieve-bits,9,128,1929,1929000000,15070312.5,1938431000,-1286749544853,"IM_EXEC:{""test"":""bitops-nsieve-bits"",""n"":128,""elapsed_ms"":1929,""checksum"":""-1286749544853""}",,0,True,c8cd89d57d6c82edd3ce9aaea504681391c6fb3beef555532dd2653fc0410765
v8_ignition,bitops-nsieve-bits,9,128,3004,3004000000,23468750.0,3042880000,-1286749544853,"IM_EXEC:{""test"":""bitops-nsieve-bits"",""n"":128,""elapsed_ms"":3004,""checksum"":""-1286749544853""}",,0,True,c8cd89d57d6c82edd3ce9aaea504681391c6fb3beef555532dd2653fc0410765
quickjs,regexp-dna,9,1024,81732,81732000000,79816406.25,81744303000,249:300056,"IM_EXEC:{""test"":""regexp-dna"",""n"":1024,""elapsed_ms"":81732,""checksum"":""249:300056""}",,0,True,3afc0a7c18fdee33367b1b484ba5fd4d9b7b225d1b2408dcc4f5fa0f7356cffe
v8_ignition,regexp-dna,9,1024,1900,1900000000,1855468.75,1940587800,249:300056,"IM_EXEC:{""test"":""regexp-dna"",""n"":1024,""elapsed_ms"":1900,""checksum"":""249:300056""}",,0,True,3afc0a7c18fdee33367b1b484ba5fd4d9b7b225d1b2408dcc4f5fa0f7356cffe
quickjs,3d-morph,9,64,1453,1453000000,22703125.0,1463281900,0,"IM_EXEC:{""test"":""3d-morph"",""n"":64,""elapsed_ms"":1453,""checksum"":""0""}",,0,True,522e39aba6d7f5f71cab59dfa2d2607b0932d63bdbfc9625b49725e02e9d5983
v8_ignition,3d-morph,9,64,1288,1288000000,20125000.0,1326140400,0,"IM_EXEC:{""test"":""3d-morph"",""n"":64,""elapsed_ms"":1288,""checksum"":""0""}",,0,True,522e39aba6d7f5f71cab59dfa2d2607b0932d63bdbfc9625b49725e02e9d5983
quickjs,string-base64,9,256,5286,5286000000,20648437.5,5294343100,32768,"IM_EXEC:{""test"":""string-base64"",""n"":256,""elapsed_ms"":5286,""checksum"":""32768""}",,0,True,5cbaf23c322bf98da4482d07d06d87eef3c50cebf6bf7c47046adb556543e441
v8_ignition,string-base64,9,256,1633,1633000000,6378906.25,1669802600,32768,"IM_EXEC:{""test"":""string-base64"",""n"":256,""elapsed_ms"":1633,""checksum"":""32768""}",,0,True,5cbaf23c322bf98da4482d07d06d87eef3c50cebf6bf7c47046adb556543e441
quickjs,access-binary-trees,9,256,3151,3151000000,12308593.75,3160073800,-4,"IM_EXEC:{""test"":""access-binary-trees"",""n"":256,""elapsed_ms"":3151,""checksum"":""-4""}",,0,True,2574ad07a3319832e969eef6330a65d5569f82589fd3968e95616ade0cac5383
v8_ignition,access-binary-trees,9,256,1432,1432000000,5593750.0,1468306600,-4,"IM_EXEC:{""test"":""access-binary-trees"",""n"":256,""elapsed_ms"":1432,""checksum"":""-4""}",,0,True,2574ad07a3319832e969eef6330a65d5569f82589fd3968e95616ade0cac5383
quickjs,string-tagcloud,9,256,6862,6862000000,26804687.5,6873593700,315241,"IM_EXEC:{""test"":""string-tagcloud"",""n"":256,""elapsed_ms"":6862,""checksum"":""315241""}",,0,True,bdb31cfdc8d9dc183a2016260abf8eae9629ab6f3fd5ffe57c0698243f1ca160
v8_ignition,string-tagcloud,9,256,1424,1424000000,5562500.0,1465914700,315241,"IM_EXEC:{""test"":""string-tagcloud"",""n"":256,""elapsed_ms"":1424,""checksum"":""315241""}",,0,True,bdb31cfdc8d9dc183a2016260abf8eae9629ab6f3fd5ffe57c0698243f1ca160
quickjs,date-format-xparb,9,256,5123,5123000000,20011718.75,5133018700,"2017-09-05|Tuesday, September 05, 2017 7:43:48 AM|1504652895000","IM_EXEC:{""test"":""date-format-xparb"",""n"":256,""elapsed_ms"":5123,""checksum"":""2017-09-05|Tuesday, September 05, 2017 7:43:48 AM|1504652895000""}",,0,True,add041cbb7bfa753ec4a301e26ec01e33f116b6a16883f80454b18f7790e4320
v8_ignition,date-format-xparb,9,256,1062,1062000000,4148437.5,1097957500,"2017-09-05|Tuesday, September 05, 2017 7:43:48 AM|1504652895000","IM_EXEC:{""test"":""date-format-xparb"",""n"":256,""elapsed_ms"":1062,""checksum"":""2017-09-05|Tuesday, September 05, 2017 7:43:48 AM|1504652895000""}",,0,True,add041cbb7bfa753ec4a301e26ec01e33f116b6a16883f80454b18f7790e4320
quickjs,math-partial-sums,9,128,2244,2244000000,17531250.0,2253238900,60.08994194659945,"IM_EXEC:{""test"":""math-partial-sums"",""n"":128,""elapsed_ms"":2244,""checksum"":""60.08994194659945""}",,0,True,4fadb0cf070baa5dde56707dff313a6a62821c6b1621c298f196e1f1bdb726e3
v8_ignition,math-partial-sums,9,128,1496,1496000000,11687500.0,1530568400,60.08994194659945,"IM_EXEC:{""test"":""math-partial-sums"",""n"":128,""elapsed_ms"":1496,""checksum"":""60.08994194659945""}",,0,True,4fadb0cf070baa5dde56707dff313a6a62821c6b1621c298f196e1f1bdb726e3
quickjs,crypto-aes,9,128,1914,1914000000,14953125.0,1923032400,1343,"IM_EXEC:{""test"":""crypto-aes"",""n"":128,""elapsed_ms"":1914,""checksum"":""1343""}",,0,True,c058d06958b1cc808c8c6a5054645c8fbb44897667ffe4f042da524c13a66234
v8_ignition,crypto-aes,9,128,1768,1768000000,13812500.0,1805234200,1343,"IM_EXEC:{""test"":""crypto-aes"",""n"":128,""elapsed_ms"":1768,""checksum"":""1343""}",,0,True,c058d06958b1cc808c8c6a5054645c8fbb44897667ffe4f042da524c13a66234
quickjs,controlflow-recursive,9,256,2154,2154000000,8414062.5,2163267600,57775,"IM_EXEC:{""test"":""controlflow-recursive"",""n"":256,""elapsed_ms"":2154,""checksum"":""57775""}",,0,True,b0137de1a06fa4c71fcd428e68ee4b3a61ae2444b324da024a872b257fd03c64
v8_ignition,controlflow-recursive,9,256,1785,1785000000,6972656.25,1819199100,57775,"IM_EXEC:{""test"":""controlflow-recursive"",""n"":256,""elapsed_ms"":1785,""checksum"":""57775""}",,0,True,b0137de1a06fa4c71fcd428e68ee4b3a61ae2444b324da024a872b257fd03c64
quickjs,3d-cube,9,64,1952,1952000000,30500000.0,1961702100,320,"IM_EXEC:{""test"":""3d-cube"",""n"":64,""elapsed_ms"":1952,""checksum"":""320""}",,0,True,60a065dcf0b5284dc0c04c58f860a2319aa73d0aaa4ce285a3fa9614f357aa2e
v8_ignition,3d-cube,9,64,1167,1167000000,18234375.0,1204287200,320,"IM_EXEC:{""test"":""3d-cube"",""n"":64,""elapsed_ms"":1167,""checksum"":""320""}",,0,True,60a065dcf0b5284dc0c04c58f860a2319aa73d0aaa4ce285a3fa9614f357aa2e
quickjs,math-cordic,9,64,1450,1450000000,22656250.0,1459630700,10362.570468755888,"IM_EXEC:{""test"":""math-cordic"",""n"":64,""elapsed_ms"":1450,""checksum"":""10362.570468755888""}",,0,True,34b61588ee1c24cb8be232a1a12958905f04b257e09200a4faefef3bb909ee53
v8_ignition,math-cordic,9,64,1112,1112000000,17375000.0,1147018000,10362.570468755888,"IM_EXEC:{""test"":""math-cordic"",""n"":64,""elapsed_ms"":1112,""checksum"":""10362.570468755888""}",,0,True,34b61588ee1c24cb8be232a1a12958905f04b257e09200a4faefef3bb909ee53
quickjs,3d-raytrace,9,128,1914,1914000000,14953125.0,1924096400,20969,"IM_EXEC:{""test"":""3d-raytrace"",""n"":128,""elapsed_ms"":1914,""checksum"":""20969""}",,0,True,fbf3a216ca8bc8223f66e4105ce5c95294ac4e5e8f40c56e660a89fbc4962c15
v8_ignition,3d-raytrace,9,128,1846,1846000000,14421875.0,1884295500,20970,"IM_EXEC:{""test"":""3d-raytrace"",""n"":128,""elapsed_ms"":1846,""checksum"":""20970""}",,0,True,fbf3a216ca8bc8223f66e4105ce5c95294ac4e5e8f40c56e660a89fbc4962c15
v8_ignition,controlflow-recursive,10,256,1748,1748000000,6828125.0,1783321200,57775,"IM_EXEC:{""test"":""controlflow-recursive"",""n"":256,""elapsed_ms"":1748,""checksum"":""57775""}",,0,True,b0137de1a06fa4c71fcd428e68ee4b3a61ae2444b324da024a872b257fd03c64
quickjs,controlflow-recursive,10,256,2127,2127000000,8308593.75,2137547700,57775,"IM_EXEC:{""test"":""controlflow-recursive"",""n"":256,""elapsed_ms"":2127,""checksum"":""57775""}",,0,True,b0137de1a06fa4c71fcd428e68ee4b3a61ae2444b324da024a872b257fd03c64
v8_ignition,bitops-3bit-bits-in-byte,10,256,1888,1888000000,7375000.0,1922616800,512000,"IM_EXEC:{""test"":""bitops-3bit-bits-in-byte"",""n"":256,""elapsed_ms"":1888,""checksum"":""512000""}",,0,True,abe5fed281f086bcd3336e21203ccebd592037d9c2a481ccf4c68e894138c38a
quickjs,bitops-3bit-bits-in-byte,10,256,2370,2370000000,9257812.5,2378855700,512000,"IM_EXEC:{""test"":""bitops-3bit-bits-in-byte"",""n"":256,""elapsed_ms"":2370,""checksum"":""512000""}",,0,True,abe5fed281f086bcd3336e21203ccebd592037d9c2a481ccf4c68e894138c38a
v8_ignition,math-partial-sums,10,128,1484,1484000000,11593750.0,1516826900,60.08994194659945,"IM_EXEC:{""test"":""math-partial-sums"",""n"":128,""elapsed_ms"":1484,""checksum"":""60.08994194659945""}",,0,True,4fadb0cf070baa5dde56707dff313a6a62821c6b1621c298f196e1f1bdb726e3
quickjs,math-partial-sums,10,128,2190,2190000000,17109375.0,2199757100,60.08994194659945,"IM_EXEC:{""test"":""math-partial-sums"",""n"":128,""elapsed_ms"":2190,""checksum"":""60.08994194659945""}",,0,True,4fadb0cf070baa5dde56707dff313a6a62821c6b1621c298f196e1f1bdb726e3
v8_ignition,crypto-md5,10,256,1969,1969000000,7691406.25,2005232200,a831e91e0f70eddcb70dc61c6f82f6cd,"IM_EXEC:{""test"":""crypto-md5"",""n"":256,""elapsed_ms"":1969,""checksum"":""a831e91e0f70eddcb70dc61c6f82f6cd""}",,0,True,b3676cc77ffa8184c46e9b99de32642296b190805d342e8e046279b12aa423b3
quickjs,crypto-md5,10,256,1825,1825000000,7128906.25,1833595400,a831e91e0f70eddcb70dc61c6f82f6cd,"IM_EXEC:{""test"":""crypto-md5"",""n"":256,""elapsed_ms"":1825,""checksum"":""a831e91e0f70eddcb70dc61c6f82f6cd""}",,0,True,b3676cc77ffa8184c46e9b99de32642296b190805d342e8e046279b12aa423b3
v8_ignition,bitops-bitwise-and,10,256,2540,2540000000,9921875.0,2573452200,0,"IM_EXEC:{""test"":""bitops-bitwise-and"",""n"":256,""elapsed_ms"":2540,""checksum"":""0""}",,0,True,eed5b353d4a2406db32d34e84a8855c02c005be3643b9966be5612fa0de83cab
quickjs,bitops-bitwise-and,10,256,1763,1763000000,6886718.75,1772279400,0,"IM_EXEC:{""test"":""bitops-bitwise-and"",""n"":256,""elapsed_ms"":1763,""checksum"":""0""}",,0,True,eed5b353d4a2406db32d34e84a8855c02c005be3643b9966be5612fa0de83cab
v8_ignition,bitops-bits-in-byte,10,64,1304,1304000000,20375000.0,1338899100,358400,"IM_EXEC:{""test"":""bitops-bits-in-byte"",""n"":64,""elapsed_ms"":1304,""checksum"":""358400""}",,0,True,5b00ba9a5c5657f66ade1ddd8f2816ae39bd34dd3007dc07b5357c2c829bef73
quickjs,bitops-bits-in-byte,10,64,1282,1282000000,20031250.0,1291390000,358400,"IM_EXEC:{""test"":""bitops-bits-in-byte"",""n"":64,""elapsed_ms"":1282,""checksum"":""358400""}",,0,True,5b00ba9a5c5657f66ade1ddd8f2816ae39bd34dd3007dc07b5357c2c829bef73
v8_ignition,string-fasta,10,128,1239,1239000000,9679687.5,1272711200,1456000,"IM_EXEC:{""test"":""string-fasta"",""n"":128,""elapsed_ms"":1239,""checksum"":""1456000""}",,0,True,9ef1f7595b6cdfe6baed89f2f84d63006986f85574a2f446797cd69ca2dd79b8
quickjs,string-fasta,10,128,3469,3469000000,27101562.5,3478601500,1456000,"IM_EXEC:{""test"":""string-fasta"",""n"":128,""elapsed_ms"":3469,""checksum"":""1456000""}",,0,True,9ef1f7595b6cdfe6baed89f2f84d63006986f85574a2f446797cd69ca2dd79b8
v8_ignition,access-nsieve,10,128,1534,1534000000,11984375.0,1571672500,14302,"IM_EXEC:{""test"":""access-nsieve"",""n"":128,""elapsed_ms"":1534,""checksum"":""14302""}",,0,True,d2ff95d96cd8e84458eff804a3dae7ac589b31fa7d1e11cdffd4aa821eec7819
quickjs,access-nsieve,10,128,3024,3024000000,23625000.0,3034126700,14302,"IM_EXEC:{""test"":""access-nsieve"",""n"":128,""elapsed_ms"":3024,""checksum"":""14302""}",,0,True,d2ff95d96cd8e84458eff804a3dae7ac589b31fa7d1e11cdffd4aa821eec7819
v8_ignition,3d-morph,10,64,1280,1280000000,20000000.0,1319529200,0,"IM_EXEC:{""test"":""3d-morph"",""n"":64,""elapsed_ms"":1280,""checksum"":""0""}",,0,True,522e39aba6d7f5f71cab59dfa2d2607b0932d63bdbfc9625b49725e02e9d5983
quickjs,3d-morph,10,64,1419,1419000000,22171875.0,1428735500,0,"IM_EXEC:{""test"":""3d-morph"",""n"":64,""elapsed_ms"":1419,""checksum"":""0""}",,0,True,522e39aba6d7f5f71cab59dfa2d2607b0932d63bdbfc9625b49725e02e9d5983
v8_ignition,crypto-aes,10,128,1754,1754000000,13703125.0,1790602400,1343,"IM_EXEC:{""test"":""crypto-aes"",""n"":128,""elapsed_ms"":1754,""checksum"":""1343""}",,0,True,c058d06958b1cc808c8c6a5054645c8fbb44897667ffe4f042da524c13a66234
quickjs,crypto-aes,10,128,1924,1924000000,15031250.0,1933656000,1343,"IM_EXEC:{""test"":""crypto-aes"",""n"":128,""elapsed_ms"":1924,""checksum"":""1343""}",,0,True,c058d06958b1cc808c8c6a5054645c8fbb44897667ffe4f042da524c13a66234
v8_ignition,bitops-nsieve-bits,10,128,2981,2981000000,23289062.5,3015922000,-1286749544853,"IM_EXEC:{""test"":""bitops-nsieve-bits"",""n"":128,""elapsed_ms"":2981,""checksum"":""-1286749544853""}",,0,True,c8cd89d57d6c82edd3ce9aaea504681391c6fb3beef555532dd2653fc0410765
quickjs,bitops-nsieve-bits,10,128,1896,1896000000,14812500.0,1904603300,-1286749544853,"IM_EXEC:{""test"":""bitops-nsieve-bits"",""n"":128,""elapsed_ms"":1896,""checksum"":""-1286749544853""}",,0,True,c8cd89d57d6c82edd3ce9aaea504681391c6fb3beef555532dd2653fc0410765
v8_ignition,access-fannkuch,10,32,1093,1093000000,34156250.0,1127631600,22,"IM_EXEC:{""test"":""access-fannkuch"",""n"":32,""elapsed_ms"":1093,""checksum"":""22""}",,0,True,fee86984d327e7709754ed7a2721517b303a436f895a8b03742b80a000d4eb6b
quickjs,access-fannkuch,10,32,1148,1148000000,35875000.0,1157734900,22,"IM_EXEC:{""test"":""access-fannkuch"",""n"":32,""elapsed_ms"":1148,""checksum"":""22""}",,0,True,fee86984d327e7709754ed7a2721517b303a436f895a8b03742b80a000d4eb6b
v8_ignition,access-binary-trees,10,256,1431,1431000000,5589843.75,1466133300,-4,"IM_EXEC:{""test"":""access-binary-trees"",""n"":256,""elapsed_ms"":1431,""checksum"":""-4""}",,0,True,2574ad07a3319832e969eef6330a65d5569f82589fd3968e95616ade0cac5383
quickjs,access-binary-trees,10,256,3171,3171000000,12386718.75,3180182000,-4,"IM_EXEC:{""test"":""access-binary-trees"",""n"":256,""elapsed_ms"":3171,""checksum"":""-4""}",,0,True,2574ad07a3319832e969eef6330a65d5569f82589fd3968e95616ade0cac5383
v8_ignition,date-format-tofte,10,128,1065,1065000000,8320312.5,1099723000,"2008-05-01|Thursday, May 01, 2008 5:31:22 PM|1209718549000","IM_EXEC:{""test"":""date-format-tofte"",""n"":128,""elapsed_ms"":1065,""checksum"":""2008-05-01|Thursday, May 01, 2008 5:31:22 PM|1209718549000""}",,0,True,9535a5df1307bfc8288791fc3faf48c5e50a5deb6f04987d455c2bcc11ed4bfc
quickjs,date-format-tofte,10,128,3877,3877000000,30289062.5,3887647400,"2008-05-01|Thursday, May 01, 2008 5:31:22 PM|1209718549000","IM_EXEC:{""test"":""date-format-tofte"",""n"":128,""elapsed_ms"":3877,""checksum"":""2008-05-01|Thursday, May 01, 2008 5:31:22 PM|1209718549000""}",,0,True,9535a5df1307bfc8288791fc3faf48c5e50a5deb6f04987d455c2bcc11ed4bfc
v8_ignition,string-base64,10,256,1599,1599000000,6246093.75,1634490900,32768,"IM_EXEC:{""test"":""string-base64"",""n"":256,""elapsed_ms"":1599,""checksum"":""32768""}",,0,True,5cbaf23c322bf98da4482d07d06d87eef3c50cebf6bf7c47046adb556543e441
quickjs,string-base64,10,256,5277,5277000000,20613281.25,5287340000,32768,"IM_EXEC:{""test"":""string-base64"",""n"":256,""elapsed_ms"":5277,""checksum"":""32768""}",,0,True,5cbaf23c322bf98da4482d07d06d87eef3c50cebf6bf7c47046adb556543e441
v8_ignition,math-cordic,10,64,1104,1104000000,17250000.0,1140519800,10362.570468755888,"IM_EXEC:{""test"":""math-cordic"",""n"":64,""elapsed_ms"":1104,""checksum"":""10362.570468755888""}",,0,True,34b61588ee1c24cb8be232a1a12958905f04b257e09200a4faefef3bb909ee53
quickjs,math-cordic,10,64,1411,1411000000,22046875.0,1420027200,10362.570468755888,"IM_EXEC:{""test"":""math-cordic"",""n"":64,""elapsed_ms"":1411,""checksum"":""10362.570468755888""}",,0,True,34b61588ee1c24cb8be232a1a12958905f04b257e09200a4faefef3bb909ee53
v8_ignition,string-unpack-code,10,256,1688,1688000000,6593750.0,1725774200,511508,"IM_EXEC:{""test"":""string-unpack-code"",""n"":256,""elapsed_ms"":1688,""checksum"":""511508""}",,0,True,81a8b0c2e178b101089899f543ac712456d9edd361ed55f1f8a0075dcdca98b5
quickjs,string-unpack-code,10,256,13769,13769000000,53785156.25,13780783800,511508,"IM_EXEC:{""test"":""string-unpack-code"",""n"":256,""elapsed_ms"":13769,""checksum"":""511508""}",,0,True,81a8b0c2e178b101089899f543ac712456d9edd361ed55f1f8a0075dcdca98b5
v8_ignition,regexp-dna,10,1024,1885,1885000000,1840820.3125,1927053100,249:300056,"IM_EXEC:{""test"":""regexp-dna"",""n"":1024,""elapsed_ms"":1885,""checksum"":""249:300056""}",,0,True,3afc0a7c18fdee33367b1b484ba5fd4d9b7b225d1b2408dcc4f5fa0f7356cffe
quickjs,regexp-dna,10,1024,80686,80686000000,78794921.875,80698828100,249:300056,"IM_EXEC:{""test"":""regexp-dna"",""n"":1024,""elapsed_ms"":80686,""checksum"":""249:300056""}",,0,True,3afc0a7c18fdee33367b1b484ba5fd4d9b7b225d1b2408dcc4f5fa0f7356cffe
v8_ignition,crypto-sha1,10,256,2195,2195000000,8574218.75,2230443900,2524d264def74cce2498bf112bedf00e6c0b796d,"IM_EXEC:{""test"":""crypto-sha1"",""n"":256,""elapsed_ms"":2195,""checksum"":""2524d264def74cce2498bf112bedf00e6c0b796d""}",,0,True,efb82da8b03c1f4f11eeb3f88f9902179a62f0a21e620fe0f60845b8b874e292
quickjs,crypto-sha1,10,256,1763,1763000000,6886718.75,1772997400,2524d264def74cce2498bf112bedf00e6c0b796d,"IM_EXEC:{""test"":""crypto-sha1"",""n"":256,""elapsed_ms"":1763,""checksum"":""2524d264def74cce2498bf112bedf00e6c0b796d""}",,0,True,efb82da8b03c1f4f11eeb3f88f9902179a62f0a21e620fe0f60845b8b874e292
v8_ignition,3d-cube,10,64,1161,1161000000,18140625.0,1197374300,320,"IM_EXEC:{""test"":""3d-cube"",""n"":64,""elapsed_ms"":1161,""checksum"":""320""}",,0,True,60a065dcf0b5284dc0c04c58f860a2319aa73d0aaa4ce285a3fa9614f357aa2e
quickjs,3d-cube,10,64,1964,1964000000,30687500.0,1973986500,320,"IM_EXEC:{""test"":""3d-cube"",""n"":64,""elapsed_ms"":1964,""checksum"":""320""}",,0,True,60a065dcf0b5284dc0c04c58f860a2319aa73d0aaa4ce285a3fa9614f357aa2e
v8_ignition,math-spectral-norm,10,128,935,935000000,7304687.5,970109700,5.086694231303284,"IM_EXEC:{""test"":""math-spectral-norm"",""n"":128,""elapsed_ms"":935,""checksum"":""5.086694231303284""}",,0,True,52eb39e653bcbb40e24520ce504d81698f6a67645593e05ca67257f318fba4d8
quickjs,math-spectral-norm,10,128,1181,1181000000,9226562.5,1190247500,5.086694231303284,"IM_EXEC:{""test"":""math-spectral-norm"",""n"":128,""elapsed_ms"":1181,""checksum"":""5.086694231303284""}",,0,True,52eb39e653bcbb40e24520ce504d81698f6a67645593e05ca67257f318fba4d8
v8_ignition,string-validate-input,10,256,1412,1412000000,5515625.0,1448231800,462000,"IM_EXEC:{""test"":""string-validate-input"",""n"":256,""elapsed_ms"":1412,""checksum"":""462000""}",,0,True,f3316365a925df0927fe79ed16a84a33fe9d1e3dafbff918f53f671ca1a58748
quickjs,string-validate-input,10,256,3464,3464000000,13531250.0,3473019500,462000,"IM_EXEC:{""test"":""string-validate-input"",""n"":256,""elapsed_ms"":3464,""checksum"":""462000""}",,0,True,f3316365a925df0927fe79ed16a84a33fe9d1e3dafbff918f53f671ca1a58748
v8_ignition,3d-raytrace,10,128,1843,1843000000,14398437.5,1879797700,20970,"IM_EXEC:{""test"":""3d-raytrace"",""n"":128,""elapsed_ms"":1843,""checksum"":""20970""}",,0,True,fbf3a216ca8bc8223f66e4105ce5c95294ac4e5e8f40c56e660a89fbc4962c15
quickjs,3d-raytrace,10,128,1939,1939000000,15148437.5,1948615900,20969,"IM_EXEC:{""test"":""3d-raytrace"",""n"":128,""elapsed_ms"":1939,""checksum"":""20969""}",,0,True,fbf3a216ca8bc8223f66e4105ce5c95294ac4e5e8f40c56e660a89fbc4962c15
v8_ignition,string-tagcloud,10,256,1409,1409000000,5503906.25,1448060900,315241,"IM_EXEC:{""test"":""string-tagcloud"",""n"":256,""elapsed_ms"":1409,""checksum"":""315241""}",,0,True,bdb31cfdc8d9dc183a2016260abf8eae9629ab6f3fd5ffe57c0698243f1ca160
quickjs,string-tagcloud,10,256,6846,6846000000,26742187.5,6856498300,315241,"IM_EXEC:{""test"":""string-tagcloud"",""n"":256,""elapsed_ms"":6846,""checksum"":""315241""}",,0,True,bdb31cfdc8d9dc183a2016260abf8eae9629ab6f3fd5ffe57c0698243f1ca160
v8_ignition,access-nbody,10,64,1247,1247000000,19484375.0,1284782300,-1.3524862408537381,"IM_EXEC:{""test"":""access-nbody"",""n"":64,""elapsed_ms"":1247,""checksum"":""-1.3524862408537381""}",,0,True,19902b6f21c5b25ee15381029c367b4c4e18734127ed7525fb470472ccabc082
quickjs,access-nbody,10,64,979,979000000,15296875.0,989609200,-1.3524862408537381,"IM_EXEC:{""test"":""access-nbody"",""n"":64,""elapsed_ms"":979,""checksum"":""-1.3524862408537381""}",,0,True,19902b6f21c5b25ee15381029c367b4c4e18734127ed7525fb470472ccabc082
v8_ignition,date-format-xparb,10,256,1063,1063000000,4152343.75,1098159600,"2017-09-05|Tuesday, September 05, 2017 7:43:48 AM|1504652895000","IM_EXEC:{""test"":""date-format-xparb"",""n"":256,""elapsed_ms"":1063,""checksum"":""2017-09-05|Tuesday, September 05, 2017 7:43:48 AM|1504652895000""}",,0,True,add041cbb7bfa753ec4a301e26ec01e33f116b6a16883f80454b18f7790e4320
quickjs,date-format-xparb,10,256,5095,5095000000,19902343.75,5104521200,"2017-09-05|Tuesday, September 05, 2017 7:43:48 AM|1504652895000","IM_EXEC:{""test"":""date-format-xparb"",""n"":256,""elapsed_ms"":5095,""checksum"":""2017-09-05|Tuesday, September 05, 2017 7:43:48 AM|1504652895000""}",,0,True,add041cbb7bfa753ec4a301e26ec01e33f116b6a16883f80454b18f7790e4320
quickjs,string-fasta,11,128,3476,3476000000,27156250.0,3485709400,1456000,"IM_EXEC:{""test"":""string-fasta"",""n"":128,""elapsed_ms"":3476,""checksum"":""1456000""}",,0,True,9ef1f7595b6cdfe6baed89f2f84d63006986f85574a2f446797cd69ca2dd79b8
v8_ignition,string-fasta,11,128,1234,1234000000,9640625.0,1268787100,1456000,"IM_EXEC:{""test"":""string-fasta"",""n"":128,""elapsed_ms"":1234,""checksum"":""1456000""}",,0,True,9ef1f7595b6cdfe6baed89f2f84d63006986f85574a2f446797cd69ca2dd79b8
quickjs,3d-raytrace,11,128,1923,1923000000,15023437.5,1932451800,20969,"IM_EXEC:{""test"":""3d-raytrace"",""n"":128,""elapsed_ms"":1923,""checksum"":""20969""}",,0,True,fbf3a216ca8bc8223f66e4105ce5c95294ac4e5e8f40c56e660a89fbc4962c15
v8_ignition,3d-raytrace,11,128,1876,1876000000,14656250.0,1910511300,20970,"IM_EXEC:{""test"":""3d-raytrace"",""n"":128,""elapsed_ms"":1876,""checksum"":""20970""}",,0,True,fbf3a216ca8bc8223f66e4105ce5c95294ac4e5e8f40c56e660a89fbc4962c15
quickjs,bitops-bits-in-byte,11,64,1317,1317000000,20578125.0,1326036400,358400,"IM_EXEC:{""test"":""bitops-bits-in-byte"",""n"":64,""elapsed_ms"":1317,""checksum"":""358400""}",,0,True,5b00ba9a5c5657f66ade1ddd8f2816ae39bd34dd3007dc07b5357c2c829bef73
v8_ignition,bitops-bits-in-byte,11,64,1310,1310000000,20468750.0,1345363500,358400,"IM_EXEC:{""test"":""bitops-bits-in-byte"",""n"":64,""elapsed_ms"":1310,""checksum"":""358400""}",,0,True,5b00ba9a5c5657f66ade1ddd8f2816ae39bd34dd3007dc07b5357c2c829bef73
quickjs,crypto-sha1,11,256,1731,1731000000,6761718.75,1740667700,2524d264def74cce2498bf112bedf00e6c0b796d,"IM_EXEC:{""test"":""crypto-sha1"",""n"":256,""elapsed_ms"":1731,""checksum"":""2524d264def74cce2498bf112bedf00e6c0b796d""}",,0,True,efb82da8b03c1f4f11eeb3f88f9902179a62f0a21e620fe0f60845b8b874e292
v8_ignition,crypto-sha1,11,256,2186,2186000000,8539062.5,2219892500,2524d264def74cce2498bf112bedf00e6c0b796d,"IM_EXEC:{""test"":""crypto-sha1"",""n"":256,""elapsed_ms"":2186,""checksum"":""2524d264def74cce2498bf112bedf00e6c0b796d""}",,0,True,efb82da8b03c1f4f11eeb3f88f9902179a62f0a21e620fe0f60845b8b874e292
quickjs,date-format-xparb,11,256,5050,5050000000,19726562.5,5060248900,"2017-09-05|Tuesday, September 05, 2017 7:43:48 AM|1504652895000","IM_EXEC:{""test"":""date-format-xparb"",""n"":256,""elapsed_ms"":5050,""checksum"":""2017-09-05|Tuesday, September 05, 2017 7:43:48 AM|1504652895000""}",,0,True,add041cbb7bfa753ec4a301e26ec01e33f116b6a16883f80454b18f7790e4320
v8_ignition,date-format-xparb,11,256,1053,1053000000,4113281.25,1088594200,"2017-09-05|Tuesday, September 05, 2017 7:43:48 AM|1504652895000","IM_EXEC:{""test"":""date-format-xparb"",""n"":256,""elapsed_ms"":1053,""checksum"":""2017-09-05|Tuesday, September 05, 2017 7:43:48 AM|1504652895000""}",,0,True,add041cbb7bfa753ec4a301e26ec01e33f116b6a16883f80454b18f7790e4320
quickjs,math-partial-sums,11,128,2193,2193000000,17132812.5,2202107400,60.08994194659945,"IM_EXEC:{""test"":""math-partial-sums"",""n"":128,""elapsed_ms"":2193,""checksum"":""60.08994194659945""}",,0,True,4fadb0cf070baa5dde56707dff313a6a62821c6b1621c298f196e1f1bdb726e3
v8_ignition,math-partial-sums,11,128,1480,1480000000,11562500.0,1516188000,60.08994194659945,"IM_EXEC:{""test"":""math-partial-sums"",""n"":128,""elapsed_ms"":1480,""checksum"":""60.08994194659945""}",,0,True,4fadb0cf070baa5dde56707dff313a6a62821c6b1621c298f196e1f1bdb726e3
quickjs,bitops-nsieve-bits,11,128,1910,1910000000,14921875.0,1919493700,-1286749544853,"IM_EXEC:{""test"":""bitops-nsieve-bits"",""n"":128,""elapsed_ms"":1910,""checksum"":""-1286749544853""}",,0,True,c8cd89d57d6c82edd3ce9aaea504681391c6fb3beef555532dd2653fc0410765
v8_ignition,bitops-nsieve-bits,11,128,2987,2987000000,23335937.5,3023163900,-1286749544853,"IM_EXEC:{""test"":""bitops-nsieve-bits"",""n"":128,""elapsed_ms"":2987,""checksum"":""-1286749544853""}",,0,True,c8cd89d57d6c82edd3ce9aaea504681391c6fb3beef555532dd2653fc0410765
quickjs,math-cordic,11,64,1434,1434000000,22406250.0,1444290100,10362.570468755888,"IM_EXEC:{""test"":""math-cordic"",""n"":64,""elapsed_ms"":1434,""checksum"":""10362.570468755888""}",,0,True,34b61588ee1c24cb8be232a1a12958905f04b257e09200a4faefef3bb909ee53
v8_ignition,math-cordic,11,64,1080,1080000000,16875000.0,1115087700,10362.570468755888,"IM_EXEC:{""test"":""math-cordic"",""n"":64,""elapsed_ms"":1080,""checksum"":""10362.570468755888""}",,0,True,34b61588ee1c24cb8be232a1a12958905f04b257e09200a4faefef3bb909ee53
quickjs,access-fannkuch,11,32,1151,1151000000,35968750.0,1160343300,22,"IM_EXEC:{""test"":""access-fannkuch"",""n"":32,""elapsed_ms"":1151,""checksum"":""22""}",,0,True,fee86984d327e7709754ed7a2721517b303a436f895a8b03742b80a000d4eb6b
v8_ignition,access-fannkuch,11,32,1122,1122000000,35062500.0,1157246300,22,"IM_EXEC:{""test"":""access-fannkuch"",""n"":32,""elapsed_ms"":1122,""checksum"":""22""}",,0,True,fee86984d327e7709754ed7a2721517b303a436f895a8b03742b80a000d4eb6b
quickjs,crypto-md5,11,256,1835,1835000000,7167968.75,1844257300,a831e91e0f70eddcb70dc61c6f82f6cd,"IM_EXEC:{""test"":""crypto-md5"",""n"":256,""elapsed_ms"":1835,""checksum"":""a831e91e0f70eddcb70dc61c6f82f6cd""}",,0,True,b3676cc77ffa8184c46e9b99de32642296b190805d342e8e046279b12aa423b3
v8_ignition,crypto-md5,11,256,1977,1977000000,7722656.25,2011726300,a831e91e0f70eddcb70dc61c6f82f6cd,"IM_EXEC:{""test"":""crypto-md5"",""n"":256,""elapsed_ms"":1977,""checksum"":""a831e91e0f70eddcb70dc61c6f82f6cd""}",,0,True,b3676cc77ffa8184c46e9b99de32642296b190805d342e8e046279b12aa423b3
quickjs,crypto-aes,11,128,1887,1887000000,14742187.5,1897486200,1343,"IM_EXEC:{""test"":""crypto-aes"",""n"":128,""elapsed_ms"":1887,""checksum"":""1343""}",,0,True,c058d06958b1cc808c8c6a5054645c8fbb44897667ffe4f042da524c13a66234
v8_ignition,crypto-aes,11,128,1738,1738000000,13578125.0,1774009800,1343,"IM_EXEC:{""test"":""crypto-aes"",""n"":128,""elapsed_ms"":1738,""checksum"":""1343""}",,0,True,c058d06958b1cc808c8c6a5054645c8fbb44897667ffe4f042da524c13a66234
quickjs,string-base64,11,256,5152,5152000000,20125000.0,5160897500,32768,"IM_EXEC:{""test"":""string-base64"",""n"":256,""elapsed_ms"":5152,""checksum"":""32768""}",,0,True,5cbaf23c322bf98da4482d07d06d87eef3c50cebf6bf7c47046adb556543e441
v8_ignition,string-base64,11,256,1613,1613000000,6300781.25,1651418800,32768,"IM_EXEC:{""test"":""string-base64"",""n"":256,""elapsed_ms"":1613,""checksum"":""32768""}",,0,True,5cbaf23c322bf98da4482d07d06d87eef3c50cebf6bf7c47046adb556543e441
quickjs,bitops-3bit-bits-in-byte,11,256,2410,2410000000,9414062.5,2420016800,512000,"IM_EXEC:{""test"":""bitops-3bit-bits-in-byte"",""n"":256,""elapsed_ms"":2410,""checksum"":""512000""}",,0,True,abe5fed281f086bcd3336e21203ccebd592037d9c2a481ccf4c68e894138c38a
v8_ignition,bitops-3bit-bits-in-byte,11,256,1880,1880000000,7343750.0,1915251900,512000,"IM_EXEC:{""test"":""bitops-3bit-bits-in-byte"",""n"":256,""elapsed_ms"":1880,""checksum"":""512000""}",,0,True,abe5fed281f086bcd3336e21203ccebd592037d9c2a481ccf4c68e894138c38a
quickjs,date-format-tofte,11,128,3889,3889000000,30382812.5,3898876200,"2008-05-01|Thursday, May 01, 2008 5:31:22 PM|1209718549000","IM_EXEC:{""test"":""date-format-tofte"",""n"":128,""elapsed_ms"":3889,""checksum"":""2008-05-01|Thursday, May 01, 2008 5:31:22 PM|1209718549000""}",,0,True,9535a5df1307bfc8288791fc3faf48c5e50a5deb6f04987d455c2bcc11ed4bfc
v8_ignition,date-format-tofte,11,128,1059,1059000000,8273437.5,1094370000,"2008-05-01|Thursday, May 01, 2008 5:31:22 PM|1209718549000","IM_EXEC:{""test"":""date-format-tofte"",""n"":128,""elapsed_ms"":1059,""checksum"":""2008-05-01|Thursday, May 01, 2008 5:31:22 PM|1209718549000""}",,0,True,9535a5df1307bfc8288791fc3faf48c5e50a5deb6f04987d455c2bcc11ed4bfc
quickjs,bitops-bitwise-and,11,256,1764,1764000000,6890625.0,1774244400,0,"IM_EXEC:{""test"":""bitops-bitwise-and"",""n"":256,""elapsed_ms"":1764,""checksum"":""0""}",,0,True,eed5b353d4a2406db32d34e84a8855c02c005be3643b9966be5612fa0de83cab
v8_ignition,bitops-bitwise-and,11,256,2603,2603000000,10167968.75,2637071500,0,"IM_EXEC:{""test"":""bitops-bitwise-and"",""n"":256,""elapsed_ms"":2603,""checksum"":""0""}",,0,True,eed5b353d4a2406db32d34e84a8855c02c005be3643b9966be5612fa0de83cab
quickjs,3d-morph,11,64,1413,1413000000,22078125.0,1421939500,0,"IM_EXEC:{""test"":""3d-morph"",""n"":64,""elapsed_ms"":1413,""checksum"":""0""}",,0,True,522e39aba6d7f5f71cab59dfa2d2607b0932d63bdbfc9625b49725e02e9d5983
v8_ignition,3d-morph,11,64,1332,1332000000,20812500.0,1371250100,0,"IM_EXEC:{""test"":""3d-morph"",""n"":64,""elapsed_ms"":1332,""checksum"":""0""}",,0,True,522e39aba6d7f5f71cab59dfa2d2607b0932d63bdbfc9625b49725e02e9d5983
quickjs,3d-cube,11,64,1963,1963000000,30671875.0,1973711700,320,"IM_EXEC:{""test"":""3d-cube"",""n"":64,""elapsed_ms"":1963,""checksum"":""320""}",,0,True,60a065dcf0b5284dc0c04c58f860a2319aa73d0aaa4ce285a3fa9614f357aa2e
v8_ignition,3d-cube,11,64,1172,1172000000,18312500.0,1206925300,320,"IM_EXEC:{""test"":""3d-cube"",""n"":64,""elapsed_ms"":1172,""checksum"":""320""}",,0,True,60a065dcf0b5284dc0c04c58f860a2319aa73d0aaa4ce285a3fa9614f357aa2e
quickjs,controlflow-recursive,11,256,2123,2123000000,8292968.75,2131506800,57775,"IM_EXEC:{""test"":""controlflow-recursive"",""n"":256,""elapsed_ms"":2123,""checksum"":""57775""}",,0,True,b0137de1a06fa4c71fcd428e68ee4b3a61ae2444b324da024a872b257fd03c64
v8_ignition,controlflow-recursive,11,256,1811,1811000000,7074218.75,1850211000,57775,"IM_EXEC:{""test"":""controlflow-recursive"",""n"":256,""elapsed_ms"":1811,""checksum"":""57775""}",,0,True,b0137de1a06fa4c71fcd428e68ee4b3a61ae2444b324da024a872b257fd03c64
quickjs,access-nbody,11,64,1010,1010000000,15781250.0,1019620100,-1.3524862408537381,"IM_EXEC:{""test"":""access-nbody"",""n"":64,""elapsed_ms"":1010,""checksum"":""-1.3524862408537381""}",,0,True,19902b6f21c5b25ee15381029c367b4c4e18734127ed7525fb470472ccabc082
v8_ignition,access-nbody,11,64,1242,1242000000,19406250.0,1279155900,-1.3524862408537381,"IM_EXEC:{""test"":""access-nbody"",""n"":64,""elapsed_ms"":1242,""checksum"":""-1.3524862408537381""}",,0,True,19902b6f21c5b25ee15381029c367b4c4e18734127ed7525fb470472ccabc082
quickjs,string-tagcloud,11,256,6774,6774000000,26460937.5,6784563000,315241,"IM_EXEC:{""test"":""string-tagcloud"",""n"":256,""elapsed_ms"":6774,""checksum"":""315241""}",,0,True,bdb31cfdc8d9dc183a2016260abf8eae9629ab6f3fd5ffe57c0698243f1ca160
v8_ignition,string-tagcloud,11,256,1421,1421000000,5550781.25,1460247000,315241,"IM_EXEC:{""test"":""string-tagcloud"",""n"":256,""elapsed_ms"":1421,""checksum"":""315241""}",,0,True,bdb31cfdc8d9dc183a2016260abf8eae9629ab6f3fd5ffe57c0698243f1ca160
quickjs,access-binary-trees,11,256,3223,3223000000,12589843.75,3231735200,-4,"IM_EXEC:{""test"":""access-binary-trees"",""n"":256,""elapsed_ms"":3223,""checksum"":""-4""}",,0,True,2574ad07a3319832e969eef6330a65d5569f82589fd3968e95616ade0cac5383
v8_ignition,access-binary-trees,11,256,1428,1428000000,5578125.0,1462981300,-4,"IM_EXEC:{""test"":""access-binary-trees"",""n"":256,""elapsed_ms"":1428,""checksum"":""-4""}",,0,True,2574ad07a3319832e969eef6330a65d5569f82589fd3968e95616ade0cac5383
quickjs,string-validate-input,11,256,3471,3471000000,13558593.75,3479935400,462000,"IM_EXEC:{""test"":""string-validate-input"",""n"":256,""elapsed_ms"":3471,""checksum"":""462000""}",,0,True,f3316365a925df0927fe79ed16a84a33fe9d1e3dafbff918f53f671ca1a58748
v8_ignition,string-validate-input,11,256,1406,1406000000,5492187.5,1445572000,462000,"IM_EXEC:{""test"":""string-validate-input"",""n"":256,""elapsed_ms"":1406,""checksum"":""462000""}",,0,True,f3316365a925df0927fe79ed16a84a33fe9d1e3dafbff918f53f671ca1a58748
quickjs,string-unpack-code,11,256,13959,13959000000,54527343.75,13970728900,511508,"IM_EXEC:{""test"":""string-unpack-code"",""n"":256,""elapsed_ms"":13959,""checksum"":""511508""}",,0,True,81a8b0c2e178b101089899f543ac712456d9edd361ed55f1f8a0075dcdca98b5
v8_ignition,string-unpack-code,11,256,1685,1685000000,6582031.25,1725699900,511508,"IM_EXEC:{""test"":""string-unpack-code"",""n"":256,""elapsed_ms"":1685,""checksum"":""511508""}",,0,True,81a8b0c2e178b101089899f543ac712456d9edd361ed55f1f8a0075dcdca98b5
quickjs,access-nsieve,11,128,3020,3020000000,23593750.0,3029885100,14302,"IM_EXEC:{""test"":""access-nsieve"",""n"":128,""elapsed_ms"":3020,""checksum"":""14302""}",,0,True,d2ff95d96cd8e84458eff804a3dae7ac589b31fa7d1e11cdffd4aa821eec7819
v8_ignition,access-nsieve,11,128,1339,1339000000,10460937.5,1373294300,14302,"IM_EXEC:{""test"":""access-nsieve"",""n"":128,""elapsed_ms"":1339,""checksum"":""14302""}",,0,True,d2ff95d96cd8e84458eff804a3dae7ac589b31fa7d1e11cdffd4aa821eec7819
quickjs,regexp-dna,11,1024,82367,82367000000,80436523.4375,82378105300,249:300056,"IM_EXEC:{""test"":""regexp-dna"",""n"":1024,""elapsed_ms"":82367,""checksum"":""249:300056""}",,0,True,3afc0a7c18fdee33367b1b484ba5fd4d9b7b225d1b2408dcc4f5fa0f7356cffe
v8_ignition,regexp-dna,11,1024,1881,1881000000,1836914.0625,1922301800,249:300056,"IM_EXEC:{""test"":""regexp-dna"",""n"":1024,""elapsed_ms"":1881,""checksum"":""249:300056""}",,0,True,3afc0a7c18fdee33367b1b484ba5fd4d9b7b225d1b2408dcc4f5fa0f7356cffe
quickjs,math-spectral-norm,11,128,1168,1168000000,9125000.0,1177783500,5.086694231303284,"IM_EXEC:{""test"":""math-spectral-norm"",""n"":128,""elapsed_ms"":1168,""checksum"":""5.086694231303284""}",,0,True,52eb39e653bcbb40e24520ce504d81698f6a67645593e05ca67257f318fba4d8
v8_ignition,math-spectral-norm,11,128,933,933000000,7289062.5,965803600,5.086694231303284,"IM_EXEC:{""test"":""math-spectral-norm"",""n"":128,""elapsed_ms"":933,""checksum"":""5.086694231303284""}",,0,True,52eb39e653bcbb40e24520ce504d81698f6a67645593e05ca67257f318fba4d8
v8_ignition,bitops-bitwise-and,12,256,2547,2547000000,9949218.75,2580868200,0,"IM_EXEC:{""test"":""bitops-bitwise-and"",""n"":256,""elapsed_ms"":2547,""checksum"":""0""}",,0,True,eed5b353d4a2406db32d34e84a8855c02c005be3643b9966be5612fa0de83cab
quickjs,bitops-bitwise-and,12,256,1788,1788000000,6984375.0,1798009700,0,"IM_EXEC:{""test"":""bitops-bitwise-and"",""n"":256,""elapsed_ms"":1788,""checksum"":""0""}",,0,True,eed5b353d4a2406db32d34e84a8855c02c005be3643b9966be5612fa0de83cab
v8_ignition,string-unpack-code,12,256,1709,1709000000,6675781.25,1748080800,511508,"IM_EXEC:{""test"":""string-unpack-code"",""n"":256,""elapsed_ms"":1709,""checksum"":""511508""}",,0,True,81a8b0c2e178b101089899f543ac712456d9edd361ed55f1f8a0075dcdca98b5
quickjs,string-unpack-code,12,256,13832,13832000000,54031250.0,13843252700,511508,"IM_EXEC:{""test"":""string-unpack-code"",""n"":256,""elapsed_ms"":13832,""checksum"":""511508""}",,0,True,81a8b0c2e178b101089899f543ac712456d9edd361ed55f1f8a0075dcdca98b5
v8_ignition,math-cordic,12,64,1095,1095000000,17109375.0,1129004800,10362.570468755888,"IM_EXEC:{""test"":""math-cordic"",""n"":64,""elapsed_ms"":1095,""checksum"":""10362.570468755888""}",,0,True,34b61588ee1c24cb8be232a1a12958905f04b257e09200a4faefef3bb909ee53
quickjs,math-cordic,12,64,1395,1395000000,21796875.0,1404793900,10362.570468755888,"IM_EXEC:{""test"":""math-cordic"",""n"":64,""elapsed_ms"":1395,""checksum"":""10362.570468755888""}",,0,True,34b61588ee1c24cb8be232a1a12958905f04b257e09200a4faefef3bb909ee53
v8_ignition,crypto-md5,12,256,1953,1953000000,7628906.25,1989169500,a831e91e0f70eddcb70dc61c6f82f6cd,"IM_EXEC:{""test"":""crypto-md5"",""n"":256,""elapsed_ms"":1953,""checksum"":""a831e91e0f70eddcb70dc61c6f82f6cd""}",,0,True,b3676cc77ffa8184c46e9b99de32642296b190805d342e8e046279b12aa423b3
quickjs,crypto-md5,12,256,1839,1839000000,7183593.75,1848775600,a831e91e0f70eddcb70dc61c6f82f6cd,"IM_EXEC:{""test"":""crypto-md5"",""n"":256,""elapsed_ms"":1839,""checksum"":""a831e91e0f70eddcb70dc61c6f82f6cd""}",,0,True,b3676cc77ffa8184c46e9b99de32642296b190805d342e8e046279b12aa423b3
v8_ignition,regexp-dna,12,1024,1876,1876000000,1832031.25,1917169900,249:300056,"IM_EXEC:{""test"":""regexp-dna"",""n"":1024,""elapsed_ms"":1876,""checksum"":""249:300056""}",,0,True,3afc0a7c18fdee33367b1b484ba5fd4d9b7b225d1b2408dcc4f5fa0f7356cffe
quickjs,regexp-dna,12,1024,81200,81200000000,79296875.0,81212675500,249:300056,"IM_EXEC:{""test"":""regexp-dna"",""n"":1024,""elapsed_ms"":81200,""checksum"":""249:300056""}",,0,True,3afc0a7c18fdee33367b1b484ba5fd4d9b7b225d1b2408dcc4f5fa0f7356cffe
v8_ignition,3d-raytrace,12,128,1853,1853000000,14476562.5,1891640500,20970,"IM_EXEC:{""test"":""3d-raytrace"",""n"":128,""elapsed_ms"":1853,""checksum"":""20970""}",,0,True,fbf3a216ca8bc8223f66e4105ce5c95294ac4e5e8f40c56e660a89fbc4962c15
quickjs,3d-raytrace,12,128,1904,1904000000,14875000.0,1914978900,20969,"IM_EXEC:{""test"":""3d-raytrace"",""n"":128,""elapsed_ms"":1904,""checksum"":""20969""}",,0,True,fbf3a216ca8bc8223f66e4105ce5c95294ac4e5e8f40c56e660a89fbc4962c15
v8_ignition,bitops-nsieve-bits,12,128,2957,2957000000,23101562.5,2993238700,-1286749544853,"IM_EXEC:{""test"":""bitops-nsieve-bits"",""n"":128,""elapsed_ms"":2957,""checksum"":""-1286749544853""}",,0,True,c8cd89d57d6c82edd3ce9aaea504681391c6fb3beef555532dd2653fc0410765
quickjs,bitops-nsieve-bits,12,128,1921,1921000000,15007812.5,1929187300,-1286749544853,"IM_EXEC:{""test"":""bitops-nsieve-bits"",""n"":128,""elapsed_ms"":1921,""checksum"":""-1286749544853""}",,0,True,c8cd89d57d6c82edd3ce9aaea504681391c6fb3beef555532dd2653fc0410765
v8_ignition,string-base64,12,256,1621,1621000000,6332031.25,1656911000,32768,"IM_EXEC:{""test"":""string-base64"",""n"":256,""elapsed_ms"":1621,""checksum"":""32768""}",,0,True,5cbaf23c322bf98da4482d07d06d87eef3c50cebf6bf7c47046adb556543e441
quickjs,string-base64,12,256,5188,5188000000,20265625.0,5197171100,32768,"IM_EXEC:{""test"":""string-base64"",""n"":256,""elapsed_ms"":5188,""checksum"":""32768""}",,0,True,5cbaf23c322bf98da4482d07d06d87eef3c50cebf6bf7c47046adb556543e441
v8_ignition,access-binary-trees,12,256,1417,1417000000,5535156.25,1453391500,-4,"IM_EXEC:{""test"":""access-binary-trees"",""n"":256,""elapsed_ms"":1417,""checksum"":""-4""}",,0,True,2574ad07a3319832e969eef6330a65d5569f82589fd3968e95616ade0cac5383
quickjs,access-binary-trees,12,256,3120,3120000000,12187500.0,3129359700,-4,"IM_EXEC:{""test"":""access-binary-trees"",""n"":256,""elapsed_ms"":3120,""checksum"":""-4""}",,0,True,2574ad07a3319832e969eef6330a65d5569f82589fd3968e95616ade0cac5383
v8_ignition,bitops-bits-in-byte,12,64,1296,1296000000,20250000.0,1329347500,358400,"IM_EXEC:{""test"":""bitops-bits-in-byte"",""n"":64,""elapsed_ms"":1296,""checksum"":""358400""}",,0,True,5b00ba9a5c5657f66ade1ddd8f2816ae39bd34dd3007dc07b5357c2c829bef73
quickjs,bitops-bits-in-byte,12,64,1263,1263000000,19734375.0,1272204500,358400,"IM_EXEC:{""test"":""bitops-bits-in-byte"",""n"":64,""elapsed_ms"":1263,""checksum"":""358400""}",,0,True,5b00ba9a5c5657f66ade1ddd8f2816ae39bd34dd3007dc07b5357c2c829bef73
v8_ignition,date-format-tofte,12,128,1074,1074000000,8390625.0,1108687500,"2008-05-01|Thursday, May 01, 2008 5:31:22 PM|1209718549000","IM_EXEC:{""test"":""date-format-tofte"",""n"":128,""elapsed_ms"":1074,""checksum"":""2008-05-01|Thursday, May 01, 2008 5:31:22 PM|1209718549000""}",,0,True,9535a5df1307bfc8288791fc3faf48c5e50a5deb6f04987d455c2bcc11ed4bfc
quickjs,date-format-tofte,12,128,3880,3880000000,30312500.0,3890196200,"2008-05-01|Thursday, May 01, 2008 5:31:22 PM|1209718549000","IM_EXEC:{""test"":""date-format-tofte"",""n"":128,""elapsed_ms"":3880,""checksum"":""2008-05-01|Thursday, May 01, 2008 5:31:22 PM|1209718549000""}",,0,True,9535a5df1307bfc8288791fc3faf48c5e50a5deb6f04987d455c2bcc11ed4bfc
v8_ignition,string-fasta,12,128,1220,1220000000,9531250.0,1254062600,1456000,"IM_EXEC:{""test"":""string-fasta"",""n"":128,""elapsed_ms"":1220,""checksum"":""1456000""}",,0,True,9ef1f7595b6cdfe6baed89f2f84d63006986f85574a2f446797cd69ca2dd79b8
quickjs,string-fasta,12,128,3410,3410000000,26640625.0,3418744800,1456000,"IM_EXEC:{""test"":""string-fasta"",""n"":128,""elapsed_ms"":3410,""checksum"":""1456000""}",,0,True,9ef1f7595b6cdfe6baed89f2f84d63006986f85574a2f446797cd69ca2dd79b8
v8_ignition,access-fannkuch,12,32,1123,1123000000,35093750.0,1156485400,22,"IM_EXEC:{""test"":""access-fannkuch"",""n"":32,""elapsed_ms"":1123,""checksum"":""22""}",,0,True,fee86984d327e7709754ed7a2721517b303a436f895a8b03742b80a000d4eb6b
quickjs,access-fannkuch,12,32,1167,1167000000,36468750.0,1176014500,22,"IM_EXEC:{""test"":""access-fannkuch"",""n"":32,""elapsed_ms"":1167,""checksum"":""22""}",,0,True,fee86984d327e7709754ed7a2721517b303a436f895a8b03742b80a000d4eb6b
v8_ignition,access-nsieve,12,128,1354,1354000000,10578125.0,1388999700,14302,"IM_EXEC:{""test"":""access-nsieve"",""n"":128,""elapsed_ms"":1354,""checksum"":""14302""}",,0,True,d2ff95d96cd8e84458eff804a3dae7ac589b31fa7d1e11cdffd4aa821eec7819
quickjs,access-nsieve,12,128,3036,3036000000,23718750.0,3046883800,14302,"IM_EXEC:{""test"":""access-nsieve"",""n"":128,""elapsed_ms"":3036,""checksum"":""14302""}",,0,True,d2ff95d96cd8e84458eff804a3dae7ac589b31fa7d1e11cdffd4aa821eec7819
v8_ignition,bitops-3bit-bits-in-byte,12,256,1937,1937000000,7566406.25,1972807200,512000,"IM_EXEC:{""test"":""bitops-3bit-bits-in-byte"",""n"":256,""elapsed_ms"":1937,""checksum"":""512000""}",,0,True,abe5fed281f086bcd3336e21203ccebd592037d9c2a481ccf4c68e894138c38a
quickjs,bitops-3bit-bits-in-byte,12,256,2481,2481000000,9691406.25,2491494500,512000,"IM_EXEC:{""test"":""bitops-3bit-bits-in-byte"",""n"":256,""elapsed_ms"":2481,""checksum"":""512000""}",,0,True,abe5fed281f086bcd3336e21203ccebd592037d9c2a481ccf4c68e894138c38a
v8_ignition,access-nbody,12,64,1240,1240000000,19375000.0,1277337100,-1.3524862408537381,"IM_EXEC:{""test"":""access-nbody"",""n"":64,""elapsed_ms"":1240,""checksum"":""-1.3524862408537381""}",,0,True,19902b6f21c5b25ee15381029c367b4c4e18734127ed7525fb470472ccabc082
quickjs,access-nbody,12,64,993,993000000,15515625.0,1002136800,-1.3524862408537381,"IM_EXEC:{""test"":""access-nbody"",""n"":64,""elapsed_ms"":993,""checksum"":""-1.3524862408537381""}",,0,True,19902b6f21c5b25ee15381029c367b4c4e18734127ed7525fb470472ccabc082
v8_ignition,3d-cube,12,64,1170,1170000000,18281250.0,1206793600,320,"IM_EXEC:{""test"":""3d-cube"",""n"":64,""elapsed_ms"":1170,""checksum"":""320""}",,0,True,60a065dcf0b5284dc0c04c58f860a2319aa73d0aaa4ce285a3fa9614f357aa2e
quickjs,3d-cube,12,64,1955,1955000000,30546875.0,1965143100,320,"IM_EXEC:{""test"":""3d-cube"",""n"":64,""elapsed_ms"":1955,""checksum"":""320""}",,0,True,60a065dcf0b5284dc0c04c58f860a2319aa73d0aaa4ce285a3fa9614f357aa2e
v8_ignition,math-spectral-norm,12,128,926,926000000,7234375.0,959593700,5.086694231303284,"IM_EXEC:{""test"":""math-spectral-norm"",""n"":128,""elapsed_ms"":926,""checksum"":""5.086694231303284""}",,0,True,52eb39e653bcbb40e24520ce504d81698f6a67645593e05ca67257f318fba4d8
quickjs,math-spectral-norm,12,128,1160,1160000000,9062500.0,1169264900,5.086694231303284,"IM_EXEC:{""test"":""math-spectral-norm"",""n"":128,""elapsed_ms"":1160,""checksum"":""5.086694231303284""}",,0,True,52eb39e653bcbb40e24520ce504d81698f6a67645593e05ca67257f318fba4d8
v8_ignition,crypto-aes,12,128,1724,1724000000,13468750.0,1757513500,1343,"IM_EXEC:{""test"":""crypto-aes"",""n"":128,""elapsed_ms"":1724,""checksum"":""1343""}",,0,True,c058d06958b1cc808c8c6a5054645c8fbb44897667ffe4f042da524c13a66234
quickjs,crypto-aes,12,128,1894,1894000000,14796875.0,1905119600,1343,"IM_EXEC:{""test"":""crypto-aes"",""n"":128,""elapsed_ms"":1894,""checksum"":""1343""}",,0,True,c058d06958b1cc808c8c6a5054645c8fbb44897667ffe4f042da524c13a66234
v8_ignition,math-partial-sums,12,128,1477,1477000000,11539062.5,1512511700,60.08994194659945,"IM_EXEC:{""test"":""math-partial-sums"",""n"":128,""elapsed_ms"":1477,""checksum"":""60.08994194659945""}",,0,True,4fadb0cf070baa5dde56707dff313a6a62821c6b1621c298f196e1f1bdb726e3
quickjs,math-partial-sums,12,128,2211,2211000000,17273437.5,2219541300,60.08994194659945,"IM_EXEC:{""test"":""math-partial-sums"",""n"":128,""elapsed_ms"":2211,""checksum"":""60.08994194659945""}",,0,True,4fadb0cf070baa5dde56707dff313a6a62821c6b1621c298f196e1f1bdb726e3
v8_ignition,controlflow-recursive,12,256,1774,1774000000,6929687.5,1808093000,57775,"IM_EXEC:{""test"":""controlflow-recursive"",""n"":256,""elapsed_ms"":1774,""checksum"":""57775""}",,0,True,b0137de1a06fa4c71fcd428e68ee4b3a61ae2444b324da024a872b257fd03c64
quickjs,controlflow-recursive,12,256,2118,2118000000,8273437.5,2127332400,57775,"IM_EXEC:{""test"":""controlflow-recursive"",""n"":256,""elapsed_ms"":2118,""checksum"":""57775""}",,0,True,b0137de1a06fa4c71fcd428e68ee4b3a61ae2444b324da024a872b257fd03c64
v8_ignition,3d-morph,12,64,1278,1278000000,19968750.0,1317322200,0,"IM_EXEC:{""test"":""3d-morph"",""n"":64,""elapsed_ms"":1278,""checksum"":""0""}",,0,True,522e39aba6d7f5f71cab59dfa2d2607b0932d63bdbfc9625b49725e02e9d5983
quickjs,3d-morph,12,64,1429,1429000000,22328125.0,1438493400,0,"IM_EXEC:{""test"":""3d-morph"",""n"":64,""elapsed_ms"":1429,""checksum"":""0""}",,0,True,522e39aba6d7f5f71cab59dfa2d2607b0932d63bdbfc9625b49725e02e9d5983
v8_ignition,string-tagcloud,12,256,1407,1407000000,5496093.75,1447066800,315241,"IM_EXEC:{""test"":""string-tagcloud"",""n"":256,""elapsed_ms"":1407,""checksum"":""315241""}",,0,True,bdb31cfdc8d9dc183a2016260abf8eae9629ab6f3fd5ffe57c0698243f1ca160
quickjs,string-tagcloud,12,256,6843,6843000000,26730468.75,6854240200,315241,"IM_EXEC:{""test"":""string-tagcloud"",""n"":256,""elapsed_ms"":6843,""checksum"":""315241""}",,0,True,bdb31cfdc8d9dc183a2016260abf8eae9629ab6f3fd5ffe57c0698243f1ca160
v8_ignition,crypto-sha1,12,256,2191,2191000000,8558593.75,2226700900,2524d264def74cce2498bf112bedf00e6c0b796d,"IM_EXEC:{""test"":""crypto-sha1"",""n"":256,""elapsed_ms"":2191,""checksum"":""2524d264def74cce2498bf112bedf00e6c0b796d""}",,0,True,efb82da8b03c1f4f11eeb3f88f9902179a62f0a21e620fe0f60845b8b874e292
quickjs,crypto-sha1,12,256,1785,1785000000,6972656.25,1794659600,2524d264def74cce2498bf112bedf00e6c0b796d,"IM_EXEC:{""test"":""crypto-sha1"",""n"":256,""elapsed_ms"":1785,""checksum"":""2524d264def74cce2498bf112bedf00e6c0b796d""}",,0,True,efb82da8b03c1f4f11eeb3f88f9902179a62f0a21e620fe0f60845b8b874e292
v8_ignition,string-validate-input,12,256,1421,1421000000,5550781.25,1457658800,462000,"IM_EXEC:{""test"":""string-validate-input"",""n"":256,""elapsed_ms"":1421,""checksum"":""462000""}",,0,True,f3316365a925df0927fe79ed16a84a33fe9d1e3dafbff918f53f671ca1a58748
quickjs,string-validate-input,12,256,3443,3443000000,13449218.75,3451833500,462000,"IM_EXEC:{""test"":""string-validate-input"",""n"":256,""elapsed_ms"":3443,""checksum"":""462000""}",,0,True,f3316365a925df0927fe79ed16a84a33fe9d1e3dafbff918f53f671ca1a58748
v8_ignition,date-format-xparb,12,256,1061,1061000000,4144531.25,1097287900,"2017-09-05|Tuesday, September 05, 2017 7:43:48 AM|1504652895000","IM_EXEC:{""test"":""date-format-xparb"",""n"":256,""elapsed_ms"":1061,""checksum"":""2017-09-05|Tuesday, September 05, 2017 7:43:48 AM|1504652895000""}",,0,True,add041cbb7bfa753ec4a301e26ec01e33f116b6a16883f80454b18f7790e4320
quickjs,date-format-xparb,12,256,5079,5079000000,19839843.75,5089574600,"2017-09-05|Tuesday, September 05, 2017 7:43:48 AM|1504652895000","IM_EXEC:{""test"":""date-format-xparb"",""n"":256,""elapsed_ms"":5079,""checksum"":""2017-09-05|Tuesday, September 05, 2017 7:43:48 AM|1504652895000""}",,0,True,add041cbb7bfa753ec4a301e26ec01e33f116b6a16883f80454b18f7790e4320
quickjs,string-tagcloud,13,256,6818,6818000000,26632812.5,6830405600,315241,"IM_EXEC:{""test"":""string-tagcloud"",""n"":256,""elapsed_ms"":6818,""checksum"":""315241""}",,0,True,bdb31cfdc8d9dc183a2016260abf8eae9629ab6f3fd5ffe57c0698243f1ca160
v8_ignition,string-tagcloud,13,256,1418,1418000000,5539062.5,1457999800,315241,"IM_EXEC:{""test"":""string-tagcloud"",""n"":256,""elapsed_ms"":1418,""checksum"":""315241""}",,0,True,bdb31cfdc8d9dc183a2016260abf8eae9629ab6f3fd5ffe57c0698243f1ca160
quickjs,string-fasta,13,128,3455,3455000000,26992187.5,3464904700,1456000,"IM_EXEC:{""test"":""string-fasta"",""n"":128,""elapsed_ms"":3455,""checksum"":""1456000""}",,0,True,9ef1f7595b6cdfe6baed89f2f84d63006986f85574a2f446797cd69ca2dd79b8
v8_ignition,string-fasta,13,128,1239,1239000000,9679687.5,1273430700,1456000,"IM_EXEC:{""test"":""string-fasta"",""n"":128,""elapsed_ms"":1239,""checksum"":""1456000""}",,0,True,9ef1f7595b6cdfe6baed89f2f84d63006986f85574a2f446797cd69ca2dd79b8
quickjs,string-base64,13,256,5150,5150000000,20117187.5,5159426700,32768,"IM_EXEC:{""test"":""string-base64"",""n"":256,""elapsed_ms"":5150,""checksum"":""32768""}",,0,True,5cbaf23c322bf98da4482d07d06d87eef3c50cebf6bf7c47046adb556543e441
v8_ignition,string-base64,13,256,1606,1606000000,6273437.5,1641059100,32768,"IM_EXEC:{""test"":""string-base64"",""n"":256,""elapsed_ms"":1606,""checksum"":""32768""}",,0,True,5cbaf23c322bf98da4482d07d06d87eef3c50cebf6bf7c47046adb556543e441
quickjs,math-cordic,13,64,1413,1413000000,22078125.0,1422651700,10362.570468755888,"IM_EXEC:{""test"":""math-cordic"",""n"":64,""elapsed_ms"":1413,""checksum"":""10362.570468755888""}",,0,True,34b61588ee1c24cb8be232a1a12958905f04b257e09200a4faefef3bb909ee53
v8_ignition,math-cordic,13,64,1084,1084000000,16937500.0,1118833000,10362.570468755888,"IM_EXEC:{""test"":""math-cordic"",""n"":64,""elapsed_ms"":1084,""checksum"":""10362.570468755888""}",,0,True,34b61588ee1c24cb8be232a1a12958905f04b257e09200a4faefef3bb909ee53
quickjs,crypto-sha1,13,256,1753,1753000000,6847656.25,1762326900,2524d264def74cce2498bf112bedf00e6c0b796d,"IM_EXEC:{""test"":""crypto-sha1"",""n"":256,""elapsed_ms"":1753,""checksum"":""2524d264def74cce2498bf112bedf00e6c0b796d""}",,0,True,efb82da8b03c1f4f11eeb3f88f9902179a62f0a21e620fe0f60845b8b874e292
v8_ignition,crypto-sha1,13,256,2201,2201000000,8597656.25,2239095600,2524d264def74cce2498bf112bedf00e6c0b796d,"IM_EXEC:{""test"":""crypto-sha1"",""n"":256,""elapsed_ms"":2201,""checksum"":""2524d264def74cce2498bf112bedf00e6c0b796d""}",,0,True,efb82da8b03c1f4f11eeb3f88f9902179a62f0a21e620fe0f60845b8b874e292
quickjs,access-nbody,13,64,995,995000000,15546875.0,1005330300,-1.3524862408537381,"IM_EXEC:{""test"":""access-nbody"",""n"":64,""elapsed_ms"":995,""checksum"":""-1.3524862408537381""}",,0,True,19902b6f21c5b25ee15381029c367b4c4e18734127ed7525fb470472ccabc082
v8_ignition,access-nbody,13,64,1240,1240000000,19375000.0,1273842300,-1.3524862408537381,"IM_EXEC:{""test"":""access-nbody"",""n"":64,""elapsed_ms"":1240,""checksum"":""-1.3524862408537381""}",,0,True,19902b6f21c5b25ee15381029c367b4c4e18734127ed7525fb470472ccabc082
quickjs,crypto-md5,13,256,1837,1837000000,7175781.25,1846597800,a831e91e0f70eddcb70dc61c6f82f6cd,"IM_EXEC:{""test"":""crypto-md5"",""n"":256,""elapsed_ms"":1837,""checksum"":""a831e91e0f70eddcb70dc61c6f82f6cd""}",,0,True,b3676cc77ffa8184c46e9b99de32642296b190805d342e8e046279b12aa423b3
v8_ignition,crypto-md5,13,256,1973,1973000000,7707031.25,2008457100,a831e91e0f70eddcb70dc61c6f82f6cd,"IM_EXEC:{""test"":""crypto-md5"",""n"":256,""elapsed_ms"":1973,""checksum"":""a831e91e0f70eddcb70dc61c6f82f6cd""}",,0,True,b3676cc77ffa8184c46e9b99de32642296b190805d342e8e046279b12aa423b3
quickjs,math-partial-sums,13,128,2203,2203000000,17210937.5,2212726700,60.08994194659945,"IM_EXEC:{""test"":""math-partial-sums"",""n"":128,""elapsed_ms"":2203,""checksum"":""60.08994194659945""}",,0,True,4fadb0cf070baa5dde56707dff313a6a62821c6b1621c298f196e1f1bdb726e3
v8_ignition,math-partial-sums,13,128,1476,1476000000,11531250.0,1511198300,60.08994194659945,"IM_EXEC:{""test"":""math-partial-sums"",""n"":128,""elapsed_ms"":1476,""checksum"":""60.08994194659945""}",,0,True,4fadb0cf070baa5dde56707dff313a6a62821c6b1621c298f196e1f1bdb726e3
quickjs,string-validate-input,13,256,3464,3464000000,13531250.0,3472658000,462000,"IM_EXEC:{""test"":""string-validate-input"",""n"":256,""elapsed_ms"":3464,""checksum"":""462000""}",,0,True,f3316365a925df0927fe79ed16a84a33fe9d1e3dafbff918f53f671ca1a58748
v8_ignition,string-validate-input,13,256,1427,1427000000,5574218.75,1463998300,462000,"IM_EXEC:{""test"":""string-validate-input"",""n"":256,""elapsed_ms"":1427,""checksum"":""462000""}",,0,True,f3316365a925df0927fe79ed16a84a33fe9d1e3dafbff918f53f671ca1a58748
quickjs,bitops-nsieve-bits,13,128,1850,1850000000,14453125.0,1860632800,-1286749544853,"IM_EXEC:{""test"":""bitops-nsieve-bits"",""n"":128,""elapsed_ms"":1850,""checksum"":""-1286749544853""}",,0,True,c8cd89d57d6c82edd3ce9aaea504681391c6fb3beef555532dd2653fc0410765
v8_ignition,bitops-nsieve-bits,13,128,2974,2974000000,23234375.0,3009616000,-1286749544853,"IM_EXEC:{""test"":""bitops-nsieve-bits"",""n"":128,""elapsed_ms"":2974,""checksum"":""-1286749544853""}",,0,True,c8cd89d57d6c82edd3ce9aaea504681391c6fb3beef555532dd2653fc0410765
quickjs,access-binary-trees,13,256,3160,3160000000,12343750.0,3168381200,-4,"IM_EXEC:{""test"":""access-binary-trees"",""n"":256,""elapsed_ms"":3160,""checksum"":""-4""}",,0,True,2574ad07a3319832e969eef6330a65d5569f82589fd3968e95616ade0cac5383
v8_ignition,access-binary-trees,13,256,1422,1422000000,5554687.5,1457295200,-4,"IM_EXEC:{""test"":""access-binary-trees"",""n"":256,""elapsed_ms"":1422,""checksum"":""-4""}",,0,True,2574ad07a3319832e969eef6330a65d5569f82589fd3968e95616ade0cac5383
quickjs,date-format-tofte,13,128,3831,3831000000,29929687.5,3841562600,"2008-05-01|Thursday, May 01, 2008 5:31:22 PM|1209718549000","IM_EXEC:{""test"":""date-format-tofte"",""n"":128,""elapsed_ms"":3831,""checksum"":""2008-05-01|Thursday, May 01, 2008 5:31:22 PM|1209718549000""}",,0,True,9535a5df1307bfc8288791fc3faf48c5e50a5deb6f04987d455c2bcc11ed4bfc
v8_ignition,date-format-tofte,13,128,1075,1075000000,8398437.5,1109839100,"2008-05-01|Thursday, May 01, 2008 5:31:22 PM|1209718549000","IM_EXEC:{""test"":""date-format-tofte"",""n"":128,""elapsed_ms"":1075,""checksum"":""2008-05-01|Thursday, May 01, 2008 5:31:22 PM|1209718549000""}",,0,True,9535a5df1307bfc8288791fc3faf48c5e50a5deb6f04987d455c2bcc11ed4bfc
quickjs,bitops-3bit-bits-in-byte,13,256,2551,2551000000,9964843.75,2559803100,512000,"IM_EXEC:{""test"":""bitops-3bit-bits-in-byte"",""n"":256,""elapsed_ms"":2551,""checksum"":""512000""}",,0,True,abe5fed281f086bcd3336e21203ccebd592037d9c2a481ccf4c68e894138c38a
v8_ignition,bitops-3bit-bits-in-byte,13,256,1914,1914000000,7476562.5,1946527800,512000,"IM_EXEC:{""test"":""bitops-3bit-bits-in-byte"",""n"":256,""elapsed_ms"":1914,""checksum"":""512000""}",,0,True,abe5fed281f086bcd3336e21203ccebd592037d9c2a481ccf4c68e894138c38a
quickjs,crypto-aes,13,128,1918,1918000000,14984375.0,1927807500,1343,"IM_EXEC:{""test"":""crypto-aes"",""n"":128,""elapsed_ms"":1918,""checksum"":""1343""}",,0,True,c058d06958b1cc808c8c6a5054645c8fbb44897667ffe4f042da524c13a66234
v8_ignition,crypto-aes,13,128,1734,1734000000,13546875.0,1769908300,1343,"IM_EXEC:{""test"":""crypto-aes"",""n"":128,""elapsed_ms"":1734,""checksum"":""1343""}",,0,True,c058d06958b1cc808c8c6a5054645c8fbb44897667ffe4f042da524c13a66234
quickjs,regexp-dna,13,1024,80494,80494000000,78607421.875,80505205200,249:300056,"IM_EXEC:{""test"":""regexp-dna"",""n"":1024,""elapsed_ms"":80494,""checksum"":""249:300056""}",,0,True,3afc0a7c18fdee33367b1b484ba5fd4d9b7b225d1b2408dcc4f5fa0f7356cffe
v8_ignition,regexp-dna,13,1024,1880,1880000000,1835937.5,1921516900,249:300056,"IM_EXEC:{""test"":""regexp-dna"",""n"":1024,""elapsed_ms"":1880,""checksum"":""249:300056""}",,0,True,3afc0a7c18fdee33367b1b484ba5fd4d9b7b225d1b2408dcc4f5fa0f7356cffe
quickjs,3d-morph,13,64,1435,1435000000,22421875.0,1444240900,0,"IM_EXEC:{""test"":""3d-morph"",""n"":64,""elapsed_ms"":1435,""checksum"":""0""}",,0,True,522e39aba6d7f5f71cab59dfa2d2607b0932d63bdbfc9625b49725e02e9d5983
v8_ignition,3d-morph,13,64,1278,1278000000,19968750.0,1316977100,0,"IM_EXEC:{""test"":""3d-morph"",""n"":64,""elapsed_ms"":1278,""checksum"":""0""}",,0,True,522e39aba6d7f5f71cab59dfa2d2607b0932d63bdbfc9625b49725e02e9d5983
quickjs,math-spectral-norm,13,128,1185,1185000000,9257812.5,1193204000,5.086694231303284,"IM_EXEC:{""test"":""math-spectral-norm"",""n"":128,""elapsed_ms"":1185,""checksum"":""5.086694231303284""}",,0,True,52eb39e653bcbb40e24520ce504d81698f6a67645593e05ca67257f318fba4d8
v8_ignition,math-spectral-norm,13,128,972,972000000,7593750.0,1005406100,5.086694231303284,"IM_EXEC:{""test"":""math-spectral-norm"",""n"":128,""elapsed_ms"":972,""checksum"":""5.086694231303284""}",,0,True,52eb39e653bcbb40e24520ce504d81698f6a67645593e05ca67257f318fba4d8
quickjs,access-nsieve,13,128,3048,3048000000,23812500.0,3057024100,14302,"IM_EXEC:{""test"":""access-nsieve"",""n"":128,""elapsed_ms"":3048,""checksum"":""14302""}",,0,True,d2ff95d96cd8e84458eff804a3dae7ac589b31fa7d1e11cdffd4aa821eec7819
v8_ignition,access-nsieve,13,128,1299,1299000000,10148437.5,1333539400,14302,"IM_EXEC:{""test"":""access-nsieve"",""n"":128,""elapsed_ms"":1299,""checksum"":""14302""}",,0,True,d2ff95d96cd8e84458eff804a3dae7ac589b31fa7d1e11cdffd4aa821eec7819
quickjs,3d-cube,13,64,1954,1954000000,30531250.0,1963763000,320,"IM_EXEC:{""test"":""3d-cube"",""n"":64,""elapsed_ms"":1954,""checksum"":""320""}",,0,True,60a065dcf0b5284dc0c04c58f860a2319aa73d0aaa4ce285a3fa9614f357aa2e
v8_ignition,3d-cube,13,64,1177,1177000000,18390625.0,1213455700,320,"IM_EXEC:{""test"":""3d-cube"",""n"":64,""elapsed_ms"":1177,""checksum"":""320""}",,0,True,60a065dcf0b5284dc0c04c58f860a2319aa73d0aaa4ce285a3fa9614f357aa2e
quickjs,3d-raytrace,13,128,1947,1947000000,15210937.5,1956530200,20969,"IM_EXEC:{""test"":""3d-raytrace"",""n"":128,""elapsed_ms"":1947,""checksum"":""20969""}",,0,True,fbf3a216ca8bc8223f66e4105ce5c95294ac4e5e8f40c56e660a89fbc4962c15
v8_ignition,3d-raytrace,13,128,1842,1842000000,14390625.0,1880079600,20970,"IM_EXEC:{""test"":""3d-raytrace"",""n"":128,""elapsed_ms"":1842,""checksum"":""20970""}",,0,True,fbf3a216ca8bc8223f66e4105ce5c95294ac4e5e8f40c56e660a89fbc4962c15
quickjs,controlflow-recursive,13,256,2129,2129000000,8316406.25,2138389600,57775,"IM_EXEC:{""test"":""controlflow-recursive"",""n"":256,""elapsed_ms"":2129,""checksum"":""57775""}",,0,True,b0137de1a06fa4c71fcd428e68ee4b3a61ae2444b324da024a872b257fd03c64
v8_ignition,controlflow-recursive,13,256,1783,1783000000,6964843.75,1817427700,57775,"IM_EXEC:{""test"":""controlflow-recursive"",""n"":256,""elapsed_ms"":1783,""checksum"":""57775""}",,0,True,b0137de1a06fa4c71fcd428e68ee4b3a61ae2444b324da024a872b257fd03c64
quickjs,bitops-bitwise-and,13,256,1978,1978000000,7726562.5,1987031000,0,"IM_EXEC:{""test"":""bitops-bitwise-and"",""n"":256,""elapsed_ms"":1978,""checksum"":""0""}",,0,True,eed5b353d4a2406db32d34e84a8855c02c005be3643b9966be5612fa0de83cab
v8_ignition,bitops-bitwise-and,13,256,2460,2460000000,9609375.0,2493793000,0,"IM_EXEC:{""test"":""bitops-bitwise-and"",""n"":256,""elapsed_ms"":2460,""checksum"":""0""}",,0,True,eed5b353d4a2406db32d34e84a8855c02c005be3643b9966be5612fa0de83cab
quickjs,bitops-bits-in-byte,13,64,1313,1313000000,20515625.0,1323299500,358400,"IM_EXEC:{""test"":""bitops-bits-in-byte"",""n"":64,""elapsed_ms"":1313,""checksum"":""358400""}",,0,True,5b00ba9a5c5657f66ade1ddd8f2816ae39bd34dd3007dc07b5357c2c829bef73
v8_ignition,bitops-bits-in-byte,13,64,1405,1405000000,21953125.0,1439056000,358400,"IM_EXEC:{""test"":""bitops-bits-in-byte"",""n"":64,""elapsed_ms"":1405,""checksum"":""358400""}",,0,True,5b00ba9a5c5657f66ade1ddd8f2816ae39bd34dd3007dc07b5357c2c829bef73
quickjs,date-format-xparb,13,256,5070,5070000000,19804687.5,5078450300,"2017-09-05|Tuesday, September 05, 2017 7:43:48 AM|1504652895000","IM_EXEC:{""test"":""date-format-xparb"",""n"":256,""elapsed_ms"":5070,""checksum"":""2017-09-05|Tuesday, September 05, 2017 7:43:48 AM|1504652895000""}",,0,True,add041cbb7bfa753ec4a301e26ec01e33f116b6a16883f80454b18f7790e4320
v8_ignition,date-format-xparb,13,256,1061,1061000000,4144531.25,1096713300,"2017-09-05|Tuesday, September 05, 2017 7:43:48 AM|1504652895000","IM_EXEC:{""test"":""date-format-xparb"",""n"":256,""elapsed_ms"":1061,""checksum"":""2017-09-05|Tuesday, September 05, 2017 7:43:48 AM|1504652895000""}",,0,True,add041cbb7bfa753ec4a301e26ec01e33f116b6a16883f80454b18f7790e4320
quickjs,string-unpack-code,13,256,13770,13770000000,53789062.5,13781548800,511508,"IM_EXEC:{""test"":""string-unpack-code"",""n"":256,""elapsed_ms"":13770,""checksum"":""511508""}",,0,True,81a8b0c2e178b101089899f543ac712456d9edd361ed55f1f8a0075dcdca98b5
v8_ignition,string-unpack-code,13,256,1692,1692000000,6609375.0,1732414700,511508,"IM_EXEC:{""test"":""string-unpack-code"",""n"":256,""elapsed_ms"":1692,""checksum"":""511508""}",,0,True,81a8b0c2e178b101089899f543ac712456d9edd361ed55f1f8a0075dcdca98b5
quickjs,access-fannkuch,13,32,1135,1135000000,35468750.0,1144107300,22,"IM_EXEC:{""test"":""access-fannkuch"",""n"":32,""elapsed_ms"":1135,""checksum"":""22""}",,0,True,fee86984d327e7709754ed7a2721517b303a436f895a8b03742b80a000d4eb6b
v8_ignition,access-fannkuch,13,32,1122,1122000000,35062500.0,1157476200,22,"IM_EXEC:{""test"":""access-fannkuch"",""n"":32,""elapsed_ms"":1122,""checksum"":""22""}",,0,True,fee86984d327e7709754ed7a2721517b303a436f895a8b03742b80a000d4eb6b
v8_ignition,access-nbody,14,64,1238,1238000000,19343750.0,1272611500,-1.3524862408537381,"IM_EXEC:{""test"":""access-nbody"",""n"":64,""elapsed_ms"":1238,""checksum"":""-1.3524862408537381""}",,0,True,19902b6f21c5b25ee15381029c367b4c4e18734127ed7525fb470472ccabc082
quickjs,access-nbody,14,64,985,985000000,15390625.0,993943700,-1.3524862408537381,"IM_EXEC:{""test"":""access-nbody"",""n"":64,""elapsed_ms"":985,""checksum"":""-1.3524862408537381""}",,0,True,19902b6f21c5b25ee15381029c367b4c4e18734127ed7525fb470472ccabc082
v8_ignition,3d-morph,14,64,1288,1288000000,20125000.0,1329293400,0,"IM_EXEC:{""test"":""3d-morph"",""n"":64,""elapsed_ms"":1288,""checksum"":""0""}",,0,True,522e39aba6d7f5f71cab59dfa2d2607b0932d63bdbfc9625b49725e02e9d5983
quickjs,3d-morph,14,64,1425,1425000000,22265625.0,1435417100,0,"IM_EXEC:{""test"":""3d-morph"",""n"":64,""elapsed_ms"":1425,""checksum"":""0""}",,0,True,522e39aba6d7f5f71cab59dfa2d2607b0932d63bdbfc9625b49725e02e9d5983
v8_ignition,bitops-bitwise-and,14,256,2507,2507000000,9792968.75,2541853300,0,"IM_EXEC:{""test"":""bitops-bitwise-and"",""n"":256,""elapsed_ms"":2507,""checksum"":""0""}",,0,True,eed5b353d4a2406db32d34e84a8855c02c005be3643b9966be5612fa0de83cab
quickjs,bitops-bitwise-and,14,256,1938,1938000000,7570312.5,1946821200,0,"IM_EXEC:{""test"":""bitops-bitwise-and"",""n"":256,""elapsed_ms"":1938,""checksum"":""0""}",,0,True,eed5b353d4a2406db32d34e84a8855c02c005be3643b9966be5612fa0de83cab
v8_ignition,bitops-nsieve-bits,14,128,3074,3074000000,24015625.0,3110672000,-1286749544853,"IM_EXEC:{""test"":""bitops-nsieve-bits"",""n"":128,""elapsed_ms"":3074,""checksum"":""-1286749544853""}",,0,True,c8cd89d57d6c82edd3ce9aaea504681391c6fb3beef555532dd2653fc0410765
quickjs,bitops-nsieve-bits,14,128,1990,1990000000,15546875.0,1999209400,-1286749544853,"IM_EXEC:{""test"":""bitops-nsieve-bits"",""n"":128,""elapsed_ms"":1990,""checksum"":""-1286749544853""}",,0,True,c8cd89d57d6c82edd3ce9aaea504681391c6fb3beef555532dd2653fc0410765
v8_ignition,controlflow-recursive,14,256,1768,1768000000,6906250.0,1803092800,57775,"IM_EXEC:{""test"":""controlflow-recursive"",""n"":256,""elapsed_ms"":1768,""checksum"":""57775""}",,0,True,b0137de1a06fa4c71fcd428e68ee4b3a61ae2444b324da024a872b257fd03c64
quickjs,controlflow-recursive,14,256,2127,2127000000,8308593.75,2136281600,57775,"IM_EXEC:{""test"":""controlflow-recursive"",""n"":256,""elapsed_ms"":2127,""checksum"":""57775""}",,0,True,b0137de1a06fa4c71fcd428e68ee4b3a61ae2444b324da024a872b257fd03c64
v8_ignition,date-format-tofte,14,128,1066,1066000000,8328125.0,1100832100,"2008-05-01|Thursday, May 01, 2008 5:31:22 PM|1209718549000","IM_EXEC:{""test"":""date-format-tofte"",""n"":128,""elapsed_ms"":1066,""checksum"":""2008-05-01|Thursday, May 01, 2008 5:31:22 PM|1209718549000""}",,0,True,9535a5df1307bfc8288791fc3faf48c5e50a5deb6f04987d455c2bcc11ed4bfc
quickjs,date-format-tofte,14,128,3843,3843000000,30023437.5,3853139500,"2008-05-01|Thursday, May 01, 2008 5:31:22 PM|1209718549000","IM_EXEC:{""test"":""date-format-tofte"",""n"":128,""elapsed_ms"":3843,""checksum"":""2008-05-01|Thursday, May 01, 2008 5:31:22 PM|1209718549000""}",,0,True,9535a5df1307bfc8288791fc3faf48c5e50a5deb6f04987d455c2bcc11ed4bfc
v8_ignition,string-tagcloud,14,256,1422,1422000000,5554687.5,1463018800,315241,"IM_EXEC:{""test"":""string-tagcloud"",""n"":256,""elapsed_ms"":1422,""checksum"":""315241""}",,0,True,bdb31cfdc8d9dc183a2016260abf8eae9629ab6f3fd5ffe57c0698243f1ca160
quickjs,string-tagcloud,14,256,6906,6906000000,26976562.5,6917140100,315241,"IM_EXEC:{""test"":""string-tagcloud"",""n"":256,""elapsed_ms"":6906,""checksum"":""315241""}",,0,True,bdb31cfdc8d9dc183a2016260abf8eae9629ab6f3fd5ffe57c0698243f1ca160
v8_ignition,math-spectral-norm,14,128,966,966000000,7546875.0,1002570600,5.086694231303284,"IM_EXEC:{""test"":""math-spectral-norm"",""n"":128,""elapsed_ms"":966,""checksum"":""5.086694231303284""}",,0,True,52eb39e653bcbb40e24520ce504d81698f6a67645593e05ca67257f318fba4d8
quickjs,math-spectral-norm,14,128,1181,1181000000,9226562.5,1190172900,5.086694231303284,"IM_EXEC:{""test"":""math-spectral-norm"",""n"":128,""elapsed_ms"":1181,""checksum"":""5.086694231303284""}",,0,True,52eb39e653bcbb40e24520ce504d81698f6a67645593e05ca67257f318fba4d8
v8_ignition,string-unpack-code,14,256,1722,1722000000,6726562.5,1760315700,511508,"IM_EXEC:{""test"":""string-unpack-code"",""n"":256,""elapsed_ms"":1722,""checksum"":""511508""}",,0,True,81a8b0c2e178b101089899f543ac712456d9edd361ed55f1f8a0075dcdca98b5
quickjs,string-unpack-code,14,256,13735,13735000000,53652343.75,13747630200,511508,"IM_EXEC:{""test"":""string-unpack-code"",""n"":256,""elapsed_ms"":13735,""checksum"":""511508""}",,0,True,81a8b0c2e178b101089899f543ac712456d9edd361ed55f1f8a0075dcdca98b5
v8_ignition,math-cordic,14,64,1073,1073000000,16765625.0,1109345000,10362.570468755888,"IM_EXEC:{""test"":""math-cordic"",""n"":64,""elapsed_ms"":1073,""checksum"":""10362.570468755888""}",,0,True,34b61588ee1c24cb8be232a1a12958905f04b257e09200a4faefef3bb909ee53
quickjs,math-cordic,14,64,1395,1395000000,21796875.0,1404667500,10362.570468755888,"IM_EXEC:{""test"":""math-cordic"",""n"":64,""elapsed_ms"":1395,""checksum"":""10362.570468755888""}",,0,True,34b61588ee1c24cb8be232a1a12958905f04b257e09200a4faefef3bb909ee53
v8_ignition,3d-raytrace,14,128,1842,1842000000,14390625.0,1880447500,20970,"IM_EXEC:{""test"":""3d-raytrace"",""n"":128,""elapsed_ms"":1842,""checksum"":""20970""}",,0,True,fbf3a216ca8bc8223f66e4105ce5c95294ac4e5e8f40c56e660a89fbc4962c15
quickjs,3d-raytrace,14,128,1904,1904000000,14875000.0,1913207300,20969,"IM_EXEC:{""test"":""3d-raytrace"",""n"":128,""elapsed_ms"":1904,""checksum"":""20969""}",,0,True,fbf3a216ca8bc8223f66e4105ce5c95294ac4e5e8f40c56e660a89fbc4962c15
v8_ignition,bitops-bits-in-byte,14,64,1251,1251000000,19546875.0,1289449600,358400,"IM_EXEC:{""test"":""bitops-bits-in-byte"",""n"":64,""elapsed_ms"":1251,""checksum"":""358400""}",,0,True,5b00ba9a5c5657f66ade1ddd8f2816ae39bd34dd3007dc07b5357c2c829bef73
quickjs,bitops-bits-in-byte,14,64,1302,1302000000,20343750.0,1311503600,358400,"IM_EXEC:{""test"":""bitops-bits-in-byte"",""n"":64,""elapsed_ms"":1302,""checksum"":""358400""}",,0,True,5b00ba9a5c5657f66ade1ddd8f2816ae39bd34dd3007dc07b5357c2c829bef73
v8_ignition,crypto-md5,14,256,1973,1973000000,7707031.25,2008434700,a831e91e0f70eddcb70dc61c6f82f6cd,"IM_EXEC:{""test"":""crypto-md5"",""n"":256,""elapsed_ms"":1973,""checksum"":""a831e91e0f70eddcb70dc61c6f82f6cd""}",,0,True,b3676cc77ffa8184c46e9b99de32642296b190805d342e8e046279b12aa423b3
quickjs,crypto-md5,14,256,1842,1842000000,7195312.5,1850599500,a831e91e0f70eddcb70dc61c6f82f6cd,"IM_EXEC:{""test"":""crypto-md5"",""n"":256,""elapsed_ms"":1842,""checksum"":""a831e91e0f70eddcb70dc61c6f82f6cd""}",,0,True,b3676cc77ffa8184c46e9b99de32642296b190805d342e8e046279b12aa423b3
v8_ignition,string-base64,14,256,1636,1636000000,6390625.0,1671427500,32768,"IM_EXEC:{""test"":""string-base64"",""n"":256,""elapsed_ms"":1636,""checksum"":""32768""}",,0,True,5cbaf23c322bf98da4482d07d06d87eef3c50cebf6bf7c47046adb556543e441
quickjs,string-base64,14,256,5210,5210000000,20351562.5,5218800600,32768,"IM_EXEC:{""test"":""string-base64"",""n"":256,""elapsed_ms"":5210,""checksum"":""32768""}",,0,True,5cbaf23c322bf98da4482d07d06d87eef3c50cebf6bf7c47046adb556543e441
v8_ignition,date-format-xparb,14,256,1053,1053000000,4113281.25,1088310200,"2017-09-05|Tuesday, September 05, 2017 7:43:48 AM|1504652895000","IM_EXEC:{""test"":""date-format-xparb"",""n"":256,""elapsed_ms"":1053,""checksum"":""2017-09-05|Tuesday, September 05, 2017 7:43:48 AM|1504652895000""}",,0,True,add041cbb7bfa753ec4a301e26ec01e33f116b6a16883f80454b18f7790e4320
quickjs,date-format-xparb,14,256,5060,5060000000,19765625.0,5070190700,"2017-09-05|Tuesday, September 05, 2017 7:43:48 AM|1504652895000","IM_EXEC:{""test"":""date-format-xparb"",""n"":256,""elapsed_ms"":5060,""checksum"":""2017-09-05|Tuesday, September 05, 2017 7:43:48 AM|1504652895000""}",,0,True,add041cbb7bfa753ec4a301e26ec01e33f116b6a16883f80454b18f7790e4320
v8_ignition,3d-cube,14,64,1168,1168000000,18250000.0,1205845000,320,"IM_EXEC:{""test"":""3d-cube"",""n"":64,""elapsed_ms"":1168,""checksum"":""320""}",,0,True,60a065dcf0b5284dc0c04c58f860a2319aa73d0aaa4ce285a3fa9614f357aa2e
quickjs,3d-cube,14,64,1959,1959000000,30609375.0,1968166300,320,"IM_EXEC:{""test"":""3d-cube"",""n"":64,""elapsed_ms"":1959,""checksum"":""320""}",,0,True,60a065dcf0b5284dc0c04c58f860a2319aa73d0aaa4ce285a3fa9614f357aa2e
v8_ignition,crypto-aes,14,128,1749,1749000000,13664062.5,1784983300,1343,"IM_EXEC:{""test"":""crypto-aes"",""n"":128,""elapsed_ms"":1749,""checksum"":""1343""}",,0,True,c058d06958b1cc808c8c6a5054645c8fbb44897667ffe4f042da524c13a66234
quickjs,crypto-aes,14,128,1885,1885000000,14726562.5,1894254300,1343,"IM_EXEC:{""test"":""crypto-aes"",""n"":128,""elapsed_ms"":1885,""checksum"":""1343""}",,0,True,c058d06958b1cc808c8c6a5054645c8fbb44897667ffe4f042da524c13a66234
v8_ignition,access-binary-trees,14,256,1430,1430000000,5585937.5,1466109700,-4,"IM_EXEC:{""test"":""access-binary-trees"",""n"":256,""elapsed_ms"":1430,""checksum"":""-4""}",,0,True,2574ad07a3319832e969eef6330a65d5569f82589fd3968e95616ade0cac5383
quickjs,access-binary-trees,14,256,3140,3140000000,12265625.0,3150325600,-4,"IM_EXEC:{""test"":""access-binary-trees"",""n"":256,""elapsed_ms"":3140,""checksum"":""-4""}",,0,True,2574ad07a3319832e969eef6330a65d5569f82589fd3968e95616ade0cac5383
v8_ignition,access-nsieve,14,128,1292,1292000000,10093750.0,1326596100,14302,"IM_EXEC:{""test"":""access-nsieve"",""n"":128,""elapsed_ms"":1292,""checksum"":""14302""}",,0,True,d2ff95d96cd8e84458eff804a3dae7ac589b31fa7d1e11cdffd4aa821eec7819
quickjs,access-nsieve,14,128,3048,3048000000,23812500.0,3056146600,14302,"IM_EXEC:{""test"":""access-nsieve"",""n"":128,""elapsed_ms"":3048,""checksum"":""14302""}",,0,True,d2ff95d96cd8e84458eff804a3dae7ac589b31fa7d1e11cdffd4aa821eec7819
v8_ignition,regexp-dna,14,1024,1885,1885000000,1840820.3125,1924629900,249:300056,"IM_EXEC:{""test"":""regexp-dna"",""n"":1024,""elapsed_ms"":1885,""checksum"":""249:300056""}",,0,True,3afc0a7c18fdee33367b1b484ba5fd4d9b7b225d1b2408dcc4f5fa0f7356cffe
quickjs,regexp-dna,14,1024,81205,81205000000,79301757.8125,81217572700,249:300056,"IM_EXEC:{""test"":""regexp-dna"",""n"":1024,""elapsed_ms"":81205,""checksum"":""249:300056""}",,0,True,3afc0a7c18fdee33367b1b484ba5fd4d9b7b225d1b2408dcc4f5fa0f7356cffe
v8_ignition,bitops-3bit-bits-in-byte,14,256,1999,1999000000,7808593.75,2034332900,512000,"IM_EXEC:{""test"":""bitops-3bit-bits-in-byte"",""n"":256,""elapsed_ms"":1999,""checksum"":""512000""}",,0,True,abe5fed281f086bcd3336e21203ccebd592037d9c2a481ccf4c68e894138c38a
quickjs,bitops-3bit-bits-in-byte,14,256,2534,2534000000,9898437.5,2543311400,512000,"IM_EXEC:{""test"":""bitops-3bit-bits-in-byte"",""n"":256,""elapsed_ms"":2534,""checksum"":""512000""}",,0,True,abe5fed281f086bcd3336e21203ccebd592037d9c2a481ccf4c68e894138c38a
v8_ignition,string-fasta,14,128,1235,1235000000,9648437.5,1269304500,1456000,"IM_EXEC:{""test"":""string-fasta"",""n"":128,""elapsed_ms"":1235,""checksum"":""1456000""}",,0,True,9ef1f7595b6cdfe6baed89f2f84d63006986f85574a2f446797cd69ca2dd79b8
quickjs,string-fasta,14,128,3426,3426000000,26765625.0,3435495100,1456000,"IM_EXEC:{""test"":""string-fasta"",""n"":128,""elapsed_ms"":3426,""checksum"":""1456000""}",,0,True,9ef1f7595b6cdfe6baed89f2f84d63006986f85574a2f446797cd69ca2dd79b8
v8_ignition,string-validate-input,14,256,1409,1409000000,5503906.25,1446640800,462000,"IM_EXEC:{""test"":""string-validate-input"",""n"":256,""elapsed_ms"":1409,""checksum"":""462000""}",,0,True,f3316365a925df0927fe79ed16a84a33fe9d1e3dafbff918f53f671ca1a58748
quickjs,string-validate-input,14,256,3404,3404000000,13296875.0,3411996200,462000,"IM_EXEC:{""test"":""string-validate-input"",""n"":256,""elapsed_ms"":3404,""checksum"":""462000""}",,0,True,f3316365a925df0927fe79ed16a84a33fe9d1e3dafbff918f53f671ca1a58748
v8_ignition,access-fannkuch,14,32,1111,1111000000,34718750.0,1144407600,22,"IM_EXEC:{""test"":""access-fannkuch"",""n"":32,""elapsed_ms"":1111,""checksum"":""22""}",,0,True,fee86984d327e7709754ed7a2721517b303a436f895a8b03742b80a000d4eb6b
quickjs,access-fannkuch,14,32,1159,1159000000,36218750.0,1168626600,22,"IM_EXEC:{""test"":""access-fannkuch"",""n"":32,""elapsed_ms"":1159,""checksum"":""22""}",,0,True,fee86984d327e7709754ed7a2721517b303a436f895a8b03742b80a000d4eb6b
v8_ignition,crypto-sha1,14,256,2229,2229000000,8707031.25,2264354600,2524d264def74cce2498bf112bedf00e6c0b796d,"IM_EXEC:{""test"":""crypto-sha1"",""n"":256,""elapsed_ms"":2229,""checksum"":""2524d264def74cce2498bf112bedf00e6c0b796d""}",,0,True,efb82da8b03c1f4f11eeb3f88f9902179a62f0a21e620fe0f60845b8b874e292
quickjs,crypto-sha1,14,256,1760,1760000000,6875000.0,1769339500,2524d264def74cce2498bf112bedf00e6c0b796d,"IM_EXEC:{""test"":""crypto-sha1"",""n"":256,""elapsed_ms"":1760,""checksum"":""2524d264def74cce2498bf112bedf00e6c0b796d""}",,0,True,efb82da8b03c1f4f11eeb3f88f9902179a62f0a21e620fe0f60845b8b874e292
v8_ignition,math-partial-sums,14,128,1484,1484000000,11593750.0,1519572900,60.08994194659945,"IM_EXEC:{""test"":""math-partial-sums"",""n"":128,""elapsed_ms"":1484,""checksum"":""60.08994194659945""}",,0,True,4fadb0cf070baa5dde56707dff313a6a62821c6b1621c298f196e1f1bdb726e3
quickjs,math-partial-sums,14,128,2177,2177000000,17007812.5,2185927500,60.08994194659945,"IM_EXEC:{""test"":""math-partial-sums"",""n"":128,""elapsed_ms"":2177,""checksum"":""60.08994194659945""}",,0,True,4fadb0cf070baa5dde56707dff313a6a62821c6b1621c298f196e1f1bdb726e3
quickjs,3d-cube,15,64,1938,1938000000,30281250.0,1948823500,320,"IM_EXEC:{""test"":""3d-cube"",""n"":64,""elapsed_ms"":1938,""checksum"":""320""}",,0,True,60a065dcf0b5284dc0c04c58f860a2319aa73d0aaa4ce285a3fa9614f357aa2e
v8_ignition,3d-cube,15,64,1171,1171000000,18296875.0,1207570900,320,"IM_EXEC:{""test"":""3d-cube"",""n"":64,""elapsed_ms"":1171,""checksum"":""320""}",,0,True,60a065dcf0b5284dc0c04c58f860a2319aa73d0aaa4ce285a3fa9614f357aa2e
quickjs,3d-morph,15,64,1423,1423000000,22234375.0,1432377200,0,"IM_EXEC:{""test"":""3d-morph"",""n"":64,""elapsed_ms"":1423,""checksum"":""0""}",,0,True,522e39aba6d7f5f71cab59dfa2d2607b0932d63bdbfc9625b49725e02e9d5983
v8_ignition,3d-morph,15,64,1277,1277000000,19953125.0,1315385800,0,"IM_EXEC:{""test"":""3d-morph"",""n"":64,""elapsed_ms"":1277,""checksum"":""0""}",,0,True,522e39aba6d7f5f71cab59dfa2d2607b0932d63bdbfc9625b49725e02e9d5983
quickjs,crypto-md5,15,256,1891,1891000000,7386718.75,1901369100,a831e91e0f70eddcb70dc61c6f82f6cd,"IM_EXEC:{""test"":""crypto-md5"",""n"":256,""elapsed_ms"":1891,""checksum"":""a831e91e0f70eddcb70dc61c6f82f6cd""}",,0,True,b3676cc77ffa8184c46e9b99de32642296b190805d342e8e046279b12aa423b3
v8_ignition,crypto-md5,15,256,1972,1972000000,7703125.0,2008142500,a831e91e0f70eddcb70dc61c6f82f6cd,"IM_EXEC:{""test"":""crypto-md5"",""n"":256,""elapsed_ms"":1972,""checksum"":""a831e91e0f70eddcb70dc61c6f82f6cd""}",,0,True,b3676cc77ffa8184c46e9b99de32642296b190805d342e8e046279b12aa423b3
quickjs,date-format-tofte,15,128,3847,3847000000,30054687.5,3856256100,"2008-05-01|Thursday, May 01, 2008 5:31:22 PM|1209718549000","IM_EXEC:{""test"":""date-format-tofte"",""n"":128,""elapsed_ms"":3847,""checksum"":""2008-05-01|Thursday, May 01, 2008 5:31:22 PM|1209718549000""}",,0,True,9535a5df1307bfc8288791fc3faf48c5e50a5deb6f04987d455c2bcc11ed4bfc
v8_ignition,date-format-tofte,15,128,1069,1069000000,8351562.5,1104416600,"2008-05-01|Thursday, May 01, 2008 5:31:22 PM|1209718549000","IM_EXEC:{""test"":""date-format-tofte"",""n"":128,""elapsed_ms"":1069,""checksum"":""2008-05-01|Thursday, May 01, 2008 5:31:22 PM|1209718549000""}",,0,True,9535a5df1307bfc8288791fc3faf48c5e50a5deb6f04987d455c2bcc11ed4bfc
quickjs,string-base64,15,256,5238,5238000000,20460937.5,5248158800,32768,"IM_EXEC:{""test"":""string-base64"",""n"":256,""elapsed_ms"":5238,""checksum"":""32768""}",,0,True,5cbaf23c322bf98da4482d07d06d87eef3c50cebf6bf7c47046adb556543e441
v8_ignition,string-base64,15,256,1637,1637000000,6394531.25,1674897200,32768,"IM_EXEC:{""test"":""string-base64"",""n"":256,""elapsed_ms"":1637,""checksum"":""32768""}",,0,True,5cbaf23c322bf98da4482d07d06d87eef3c50cebf6bf7c47046adb556543e441
quickjs,bitops-3bit-bits-in-byte,15,256,2496,2496000000,9750000.0,2506719600,512000,"IM_EXEC:{""test"":""bitops-3bit-bits-in-byte"",""n"":256,""elapsed_ms"":2496,""checksum"":""512000""}",,0,True,abe5fed281f086bcd3336e21203ccebd592037d9c2a481ccf4c68e894138c38a
v8_ignition,bitops-3bit-bits-in-byte,15,256,1952,1952000000,7625000.0,1986144200,512000,"IM_EXEC:{""test"":""bitops-3bit-bits-in-byte"",""n"":256,""elapsed_ms"":1952,""checksum"":""512000""}",,0,True,abe5fed281f086bcd3336e21203ccebd592037d9c2a481ccf4c68e894138c38a
quickjs,crypto-aes,15,128,1918,1918000000,14984375.0,1928471200,1343,"IM_EXEC:{""test"":""crypto-aes"",""n"":128,""elapsed_ms"":1918,""checksum"":""1343""}",,0,True,c058d06958b1cc808c8c6a5054645c8fbb44897667ffe4f042da524c13a66234
v8_ignition,crypto-aes,15,128,1740,1740000000,13593750.0,1774911200,1343,"IM_EXEC:{""test"":""crypto-aes"",""n"":128,""elapsed_ms"":1740,""checksum"":""1343""}",,0,True,c058d06958b1cc808c8c6a5054645c8fbb44897667ffe4f042da524c13a66234
quickjs,access-nbody,15,64,990,990000000,15468750.0,999076500,-1.3524862408537381,"IM_EXEC:{""test"":""access-nbody"",""n"":64,""elapsed_ms"":990,""checksum"":""-1.3524862408537381""}",,0,True,19902b6f21c5b25ee15381029c367b4c4e18734127ed7525fb470472ccabc082
v8_ignition,access-nbody,15,64,1244,1244000000,19437500.0,1278985100,-1.3524862408537381,"IM_EXEC:{""test"":""access-nbody"",""n"":64,""elapsed_ms"":1244,""checksum"":""-1.3524862408537381""}",,0,True,19902b6f21c5b25ee15381029c367b4c4e18734127ed7525fb470472ccabc082
quickjs,controlflow-recursive,15,256,2121,2121000000,8285156.25,2130294100,57775,"IM_EXEC:{""test"":""controlflow-recursive"",""n"":256,""elapsed_ms"":2121,""checksum"":""57775""}",,0,True,b0137de1a06fa4c71fcd428e68ee4b3a61ae2444b324da024a872b257fd03c64
v8_ignition,controlflow-recursive,15,256,1775,1775000000,6933593.75,1809532600,57775,"IM_EXEC:{""test"":""controlflow-recursive"",""n"":256,""elapsed_ms"":1775,""checksum"":""57775""}",,0,True,b0137de1a06fa4c71fcd428e68ee4b3a61ae2444b324da024a872b257fd03c64
quickjs,string-validate-input,15,256,3446,3446000000,13460937.5,3455626300,462000,"IM_EXEC:{""test"":""string-validate-input"",""n"":256,""elapsed_ms"":3446,""checksum"":""462000""}",,0,True,f3316365a925df0927fe79ed16a84a33fe9d1e3dafbff918f53f671ca1a58748
v8_ignition,string-validate-input,15,256,1407,1407000000,5496093.75,1443645400,462000,"IM_EXEC:{""test"":""string-validate-input"",""n"":256,""elapsed_ms"":1407,""checksum"":""462000""}",,0,True,f3316365a925df0927fe79ed16a84a33fe9d1e3dafbff918f53f671ca1a58748
quickjs,regexp-dna,15,1024,82096,82096000000,80171875.0,82107274100,249:300056,"IM_EXEC:{""test"":""regexp-dna"",""n"":1024,""elapsed_ms"":82096,""checksum"":""249:300056""}",,0,True,3afc0a7c18fdee33367b1b484ba5fd4d9b7b225d1b2408dcc4f5fa0f7356cffe
v8_ignition,regexp-dna,15,1024,1882,1882000000,1837890.625,1922718700,249:300056,"IM_EXEC:{""test"":""regexp-dna"",""n"":1024,""elapsed_ms"":1882,""checksum"":""249:300056""}",,0,True,3afc0a7c18fdee33367b1b484ba5fd4d9b7b225d1b2408dcc4f5fa0f7356cffe
quickjs,string-tagcloud,15,256,6698,6698000000,26164062.5,6709372300,315241,"IM_EXEC:{""test"":""string-tagcloud"",""n"":256,""elapsed_ms"":6698,""checksum"":""315241""}",,0,True,bdb31cfdc8d9dc183a2016260abf8eae9629ab6f3fd5ffe57c0698243f1ca160
v8_ignition,string-tagcloud,15,256,1453,1453000000,5675781.25,1491733700,315241,"IM_EXEC:{""test"":""string-tagcloud"",""n"":256,""elapsed_ms"":1453,""checksum"":""315241""}",,0,True,bdb31cfdc8d9dc183a2016260abf8eae9629ab6f3fd5ffe57c0698243f1ca160
quickjs,string-fasta,15,128,3456,3456000000,27000000.0,3465526100,1456000,"IM_EXEC:{""test"":""string-fasta"",""n"":128,""elapsed_ms"":3456,""checksum"":""1456000""}",,0,True,9ef1f7595b6cdfe6baed89f2f84d63006986f85574a2f446797cd69ca2dd79b8
v8_ignition,string-fasta,15,128,1253,1253000000,9789062.5,1288736400,1456000,"IM_EXEC:{""test"":""string-fasta"",""n"":128,""elapsed_ms"":1253,""checksum"":""1456000""}",,0,True,9ef1f7595b6cdfe6baed89f2f84d63006986f85574a2f446797cd69ca2dd79b8
quickjs,3d-raytrace,15,128,1910,1910000000,14921875.0,1919805300,20969,"IM_EXEC:{""test"":""3d-raytrace"",""n"":128,""elapsed_ms"":1910,""checksum"":""20969""}",,0,True,fbf3a216ca8bc8223f66e4105ce5c95294ac4e5e8f40c56e660a89fbc4962c15
v8_ignition,3d-raytrace,15,128,1838,1838000000,14359375.0,1874471900,20970,"IM_EXEC:{""test"":""3d-raytrace"",""n"":128,""elapsed_ms"":1838,""checksum"":""20970""}",,0,True,fbf3a216ca8bc8223f66e4105ce5c95294ac4e5e8f40c56e660a89fbc4962c15
quickjs,bitops-bitwise-and,15,256,1748,1748000000,6828125.0,1756770800,0,"IM_EXEC:{""test"":""bitops-bitwise-and"",""n"":256,""elapsed_ms"":1748,""checksum"":""0""}",,0,True,eed5b353d4a2406db32d34e84a8855c02c005be3643b9966be5612fa0de83cab
v8_ignition,bitops-bitwise-and,15,256,2518,2518000000,9835937.5,2552270900,0,"IM_EXEC:{""test"":""bitops-bitwise-and"",""n"":256,""elapsed_ms"":2518,""checksum"":""0""}",,0,True,eed5b353d4a2406db32d34e84a8855c02c005be3643b9966be5612fa0de83cab
quickjs,string-unpack-code,15,256,13878,13878000000,54210937.5,13888273100,511508,"IM_EXEC:{""test"":""string-unpack-code"",""n"":256,""elapsed_ms"":13878,""checksum"":""511508""}",,0,True,81a8b0c2e178b101089899f543ac712456d9edd361ed55f1f8a0075dcdca98b5
v8_ignition,string-unpack-code,15,256,1696,1696000000,6625000.0,1734029300,511508,"IM_EXEC:{""test"":""string-unpack-code"",""n"":256,""elapsed_ms"":1696,""checksum"":""511508""}",,0,True,81a8b0c2e178b101089899f543ac712456d9edd361ed55f1f8a0075dcdca98b5
quickjs,access-fannkuch,15,32,1158,1158000000,36187500.0,1168958400,22,"IM_EXEC:{""test"":""access-fannkuch"",""n"":32,""elapsed_ms"":1158,""checksum"":""22""}",,0,True,fee86984d327e7709754ed7a2721517b303a436f895a8b03742b80a000d4eb6b
v8_ignition,access-fannkuch,15,32,1126,1126000000,35187500.0,1160663900,22,"IM_EXEC:{""test"":""access-fannkuch"",""n"":32,""elapsed_ms"":1126,""checksum"":""22""}",,0,True,fee86984d327e7709754ed7a2721517b303a436f895a8b03742b80a000d4eb6b
quickjs,crypto-sha1,15,256,1753,1753000000,6847656.25,1762431900,2524d264def74cce2498bf112bedf00e6c0b796d,"IM_EXEC:{""test"":""crypto-sha1"",""n"":256,""elapsed_ms"":1753,""checksum"":""2524d264def74cce2498bf112bedf00e6c0b796d""}",,0,True,efb82da8b03c1f4f11eeb3f88f9902179a62f0a21e620fe0f60845b8b874e292
v8_ignition,crypto-sha1,15,256,2177,2177000000,8503906.25,2213277300,2524d264def74cce2498bf112bedf00e6c0b796d,"IM_EXEC:{""test"":""crypto-sha1"",""n"":256,""elapsed_ms"":2177,""checksum"":""2524d264def74cce2498bf112bedf00e6c0b796d""}",,0,True,efb82da8b03c1f4f11eeb3f88f9902179a62f0a21e620fe0f60845b8b874e292
quickjs,math-cordic,15,64,1402,1402000000,21906250.0,1411546100,10362.570468755888,"IM_EXEC:{""test"":""math-cordic"",""n"":64,""elapsed_ms"":1402,""checksum"":""10362.570468755888""}",,0,True,34b61588ee1c24cb8be232a1a12958905f04b257e09200a4faefef3bb909ee53
v8_ignition,math-cordic,15,64,1081,1081000000,16890625.0,1115381100,10362.570468755888,"IM_EXEC:{""test"":""math-cordic"",""n"":64,""elapsed_ms"":1081,""checksum"":""10362.570468755888""}",,0,True,34b61588ee1c24cb8be232a1a12958905f04b257e09200a4faefef3bb909ee53
quickjs,math-spectral-norm,15,128,1170,1170000000,9140625.0,1180792200,5.086694231303284,"IM_EXEC:{""test"":""math-spectral-norm"",""n"":128,""elapsed_ms"":1170,""checksum"":""5.086694231303284""}",,0,True,52eb39e653bcbb40e24520ce504d81698f6a67645593e05ca67257f318fba4d8
v8_ignition,math-spectral-norm,15,128,967,967000000,7554687.5,1003586900,5.086694231303284,"IM_EXEC:{""test"":""math-spectral-norm"",""n"":128,""elapsed_ms"":967,""checksum"":""5.086694231303284""}",,0,True,52eb39e653bcbb40e24520ce504d81698f6a67645593e05ca67257f318fba4d8
quickjs,date-format-xparb,15,256,5287,5287000000,20652343.75,5296383300,"2017-09-05|Tuesday, September 05, 2017 7:43:48 AM|1504652895000","IM_EXEC:{""test"":""date-format-xparb"",""n"":256,""elapsed_ms"":5287,""checksum"":""2017-09-05|Tuesday, September 05, 2017 7:43:48 AM|1504652895000""}",,0,True,add041cbb7bfa753ec4a301e26ec01e33f116b6a16883f80454b18f7790e4320
v8_ignition,date-format-xparb,15,256,1053,1053000000,4113281.25,1088100600,"2017-09-05|Tuesday, September 05, 2017 7:43:48 AM|1504652895000","IM_EXEC:{""test"":""date-format-xparb"",""n"":256,""elapsed_ms"":1053,""checksum"":""2017-09-05|Tuesday, September 05, 2017 7:43:48 AM|1504652895000""}",,0,True,add041cbb7bfa753ec4a301e26ec01e33f116b6a16883f80454b18f7790e4320
quickjs,access-binary-trees,15,256,3122,3122000000,12195312.5,3131095100,-4,"IM_EXEC:{""test"":""access-binary-trees"",""n"":256,""elapsed_ms"":3122,""checksum"":""-4""}",,0,True,2574ad07a3319832e969eef6330a65d5569f82589fd3968e95616ade0cac5383
v8_ignition,access-binary-trees,15,256,1410,1410000000,5507812.5,1443165500,-4,"IM_EXEC:{""test"":""access-binary-trees"",""n"":256,""elapsed_ms"":1410,""checksum"":""-4""}",,0,True,2574ad07a3319832e969eef6330a65d5569f82589fd3968e95616ade0cac5383
quickjs,bitops-bits-in-byte,15,64,1259,1259000000,19671875.0,1267680100,358400,"IM_EXEC:{""test"":""bitops-bits-in-byte"",""n"":64,""elapsed_ms"":1259,""checksum"":""358400""}",,0,True,5b00ba9a5c5657f66ade1ddd8f2816ae39bd34dd3007dc07b5357c2c829bef73
v8_ignition,bitops-bits-in-byte,15,64,1272,1272000000,19875000.0,1306252000,358400,"IM_EXEC:{""test"":""bitops-bits-in-byte"",""n"":64,""elapsed_ms"":1272,""checksum"":""358400""}",,0,True,5b00ba9a5c5657f66ade1ddd8f2816ae39bd34dd3007dc07b5357c2c829bef73
quickjs,access-nsieve,15,128,3064,3064000000,23937500.0,3073595200,14302,"IM_EXEC:{""test"":""access-nsieve"",""n"":128,""elapsed_ms"":3064,""checksum"":""14302""}",,0,True,d2ff95d96cd8e84458eff804a3dae7ac589b31fa7d1e11cdffd4aa821eec7819
v8_ignition,access-nsieve,15,128,1342,1342000000,10484375.0,1378715500,14302,"IM_EXEC:{""test"":""access-nsieve"",""n"":128,""elapsed_ms"":1342,""checksum"":""14302""}",,0,True,d2ff95d96cd8e84458eff804a3dae7ac589b31fa7d1e11cdffd4aa821eec7819
quickjs,bitops-nsieve-bits,15,128,1844,1844000000,14406250.0,1853275600,-1286749544853,"IM_EXEC:{""test"":""bitops-nsieve-bits"",""n"":128,""elapsed_ms"":1844,""checksum"":""-1286749544853""}",,0,True,c8cd89d57d6c82edd3ce9aaea504681391c6fb3beef555532dd2653fc0410765
v8_ignition,bitops-nsieve-bits,15,128,2967,2967000000,23179687.5,3005414900,-1286749544853,"IM_EXEC:{""test"":""bitops-nsieve-bits"",""n"":128,""elapsed_ms"":2967,""checksum"":""-1286749544853""}",,0,True,c8cd89d57d6c82edd3ce9aaea504681391c6fb3beef555532dd2653fc0410765
quickjs,math-partial-sums,15,128,2232,2232000000,17437500.0,2240914000,60.08994194659945,"IM_EXEC:{""test"":""math-partial-sums"",""n"":128,""elapsed_ms"":2232,""checksum"":""60.08994194659945""}",,0,True,4fadb0cf070baa5dde56707dff313a6a62821c6b1621c298f196e1f1bdb726e3
v8_ignition,math-partial-sums,15,128,1494,1494000000,11671875.0,1530556000,60.08994194659945,"IM_EXEC:{""test"":""math-partial-sums"",""n"":128,""elapsed_ms"":1494,""checksum"":""60.08994194659945""}",,0,True,4fadb0cf070baa5dde56707dff313a6a62821c6b1621c298f196e1f1bdb726e3
v8_ignition,crypto-aes,16,128,1755,1755000000,13710937.5,1790558600,1343,"IM_EXEC:{""test"":""crypto-aes"",""n"":128,""elapsed_ms"":1755,""checksum"":""1343""}",,0,True,c058d06958b1cc808c8c6a5054645c8fbb44897667ffe4f042da524c13a66234
quickjs,crypto-aes,16,128,1851,1851000000,14460937.5,1861322300,1343,"IM_EXEC:{""test"":""crypto-aes"",""n"":128,""elapsed_ms"":1851,""checksum"":""1343""}",,0,True,c058d06958b1cc808c8c6a5054645c8fbb44897667ffe4f042da524c13a66234
v8_ignition,access-nsieve,16,128,1315,1315000000,10273437.5,1350741500,14302,"IM_EXEC:{""test"":""access-nsieve"",""n"":128,""elapsed_ms"":1315,""checksum"":""14302""}",,0,True,d2ff95d96cd8e84458eff804a3dae7ac589b31fa7d1e11cdffd4aa821eec7819
quickjs,access-nsieve,16,128,4741,4741000000,37039062.5,4750560500,14302,"IM_EXEC:{""test"":""access-nsieve"",""n"":128,""elapsed_ms"":4741,""checksum"":""14302""}",,0,True,d2ff95d96cd8e84458eff804a3dae7ac589b31fa7d1e11cdffd4aa821eec7819
v8_ignition,bitops-3bit-bits-in-byte,16,256,1929,1929000000,7535156.25,1963644700,512000,"IM_EXEC:{""test"":""bitops-3bit-bits-in-byte"",""n"":256,""elapsed_ms"":1929,""checksum"":""512000""}",,0,True,abe5fed281f086bcd3336e21203ccebd592037d9c2a481ccf4c68e894138c38a
quickjs,bitops-3bit-bits-in-byte,16,256,2470,2470000000,9648437.5,2479325600,512000,"IM_EXEC:{""test"":""bitops-3bit-bits-in-byte"",""n"":256,""elapsed_ms"":2470,""checksum"":""512000""}",,0,True,abe5fed281f086bcd3336e21203ccebd592037d9c2a481ccf4c68e894138c38a
v8_ignition,date-format-tofte,16,128,1068,1068000000,8343750.0,1101960000,"2008-05-01|Thursday, May 01, 2008 5:31:22 PM|1209718549000","IM_EXEC:{""test"":""date-format-tofte"",""n"":128,""elapsed_ms"":1068,""checksum"":""2008-05-01|Thursday, May 01, 2008 5:31:22 PM|1209718549000""}",,0,True,9535a5df1307bfc8288791fc3faf48c5e50a5deb6f04987d455c2bcc11ed4bfc
quickjs,date-format-tofte,16,128,3807,3807000000,29742187.5,3816351600,"2008-05-01|Thursday, May 01, 2008 5:31:22 PM|1209718549000","IM_EXEC:{""test"":""date-format-tofte"",""n"":128,""elapsed_ms"":3807,""checksum"":""2008-05-01|Thursday, May 01, 2008 5:31:22 PM|1209718549000""}",,0,True,9535a5df1307bfc8288791fc3faf48c5e50a5deb6f04987d455c2bcc11ed4bfc
v8_ignition,date-format-xparb,16,256,1056,1056000000,4125000.0,1090611500,"2017-09-05|Tuesday, September 05, 2017 7:43:48 AM|1504652895000","IM_EXEC:{""test"":""date-format-xparb"",""n"":256,""elapsed_ms"":1056,""checksum"":""2017-09-05|Tuesday, September 05, 2017 7:43:48 AM|1504652895000""}",,0,True,add041cbb7bfa753ec4a301e26ec01e33f116b6a16883f80454b18f7790e4320
quickjs,date-format-xparb,16,256,5005,5005000000,19550781.25,5015403600,"2017-09-05|Tuesday, September 05, 2017 7:43:48 AM|1504652895000","IM_EXEC:{""test"":""date-format-xparb"",""n"":256,""elapsed_ms"":5005,""checksum"":""2017-09-05|Tuesday, September 05, 2017 7:43:48 AM|1504652895000""}",,0,True,add041cbb7bfa753ec4a301e26ec01e33f116b6a16883f80454b18f7790e4320
v8_ignition,crypto-md5,16,256,1987,1987000000,7761718.75,2024846600,a831e91e0f70eddcb70dc61c6f82f6cd,"IM_EXEC:{""test"":""crypto-md5"",""n"":256,""elapsed_ms"":1987,""checksum"":""a831e91e0f70eddcb70dc61c6f82f6cd""}",,0,True,b3676cc77ffa8184c46e9b99de32642296b190805d342e8e046279b12aa423b3
quickjs,crypto-md5,16,256,1861,1861000000,7269531.25,1871118800,a831e91e0f70eddcb70dc61c6f82f6cd,"IM_EXEC:{""test"":""crypto-md5"",""n"":256,""elapsed_ms"":1861,""checksum"":""a831e91e0f70eddcb70dc61c6f82f6cd""}",,0,True,b3676cc77ffa8184c46e9b99de32642296b190805d342e8e046279b12aa423b3
v8_ignition,3d-morph,16,64,1286,1286000000,20093750.0,1323636600,0,"IM_EXEC:{""test"":""3d-morph"",""n"":64,""elapsed_ms"":1286,""checksum"":""0""}",,0,True,522e39aba6d7f5f71cab59dfa2d2607b0932d63bdbfc9625b49725e02e9d5983
quickjs,3d-morph,16,64,1423,1423000000,22234375.0,1431747400,0,"IM_EXEC:{""test"":""3d-morph"",""n"":64,""elapsed_ms"":1423,""checksum"":""0""}",,0,True,522e39aba6d7f5f71cab59dfa2d2607b0932d63bdbfc9625b49725e02e9d5983
v8_ignition,string-unpack-code,16,256,1696,1696000000,6625000.0,1735511200,511508,"IM_EXEC:{""test"":""string-unpack-code"",""n"":256,""elapsed_ms"":1696,""checksum"":""511508""}",,0,True,81a8b0c2e178b101089899f543ac712456d9edd361ed55f1f8a0075dcdca98b5
quickjs,string-unpack-code,16,256,13711,13711000000,53558593.75,13722179800,511508,"IM_EXEC:{""test"":""string-unpack-code"",""n"":256,""elapsed_ms"":13711,""checksum"":""511508""}",,0,True,81a8b0c2e178b101089899f543ac712456d9edd361ed55f1f8a0075dcdca98b5
v8_ignition,string-fasta,16,128,1237,1237000000,9664062.5,1272803100,1456000,"IM_EXEC:{""test"":""string-fasta"",""n"":128,""elapsed_ms"":1237,""checksum"":""1456000""}",,0,True,9ef1f7595b6cdfe6baed89f2f84d63006986f85574a2f446797cd69ca2dd79b8
quickjs,string-fasta,16,128,3592,3592000000,28062500.0,3602292400,1456000,"IM_EXEC:{""test"":""string-fasta"",""n"":128,""elapsed_ms"":3592,""checksum"":""1456000""}",,0,True,9ef1f7595b6cdfe6baed89f2f84d63006986f85574a2f446797cd69ca2dd79b8
v8_ignition,crypto-sha1,16,256,2183,2183000000,8527343.75,2215579800,2524d264def74cce2498bf112bedf00e6c0b796d,"IM_EXEC:{""test"":""crypto-sha1"",""n"":256,""elapsed_ms"":2183,""checksum"":""2524d264def74cce2498bf112bedf00e6c0b796d""}",,0,True,efb82da8b03c1f4f11eeb3f88f9902179a62f0a21e620fe0f60845b8b874e292
quickjs,crypto-sha1,16,256,1736,1736000000,6781250.0,1745121500,2524d264def74cce2498bf112bedf00e6c0b796d,"IM_EXEC:{""test"":""crypto-sha1"",""n"":256,""elapsed_ms"":1736,""checksum"":""2524d264def74cce2498bf112bedf00e6c0b796d""}",,0,True,efb82da8b03c1f4f11eeb3f88f9902179a62f0a21e620fe0f60845b8b874e292
v8_ignition,regexp-dna,16,1024,1873,1873000000,1829101.5625,1914810500,249:300056,"IM_EXEC:{""test"":""regexp-dna"",""n"":1024,""elapsed_ms"":1873,""checksum"":""249:300056""}",,0,True,3afc0a7c18fdee33367b1b484ba5fd4d9b7b225d1b2408dcc4f5fa0f7356cffe
quickjs,regexp-dna,16,1024,81353,81353000000,79446289.0625,81363594700,249:300056,"IM_EXEC:{""test"":""regexp-dna"",""n"":1024,""elapsed_ms"":81353,""checksum"":""249:300056""}",,0,True,3afc0a7c18fdee33367b1b484ba5fd4d9b7b225d1b2408dcc4f5fa0f7356cffe
v8_ignition,access-binary-trees,16,256,1412,1412000000,5515625.0,1446694700,-4,"IM_EXEC:{""test"":""access-binary-trees"",""n"":256,""elapsed_ms"":1412,""checksum"":""-4""}",,0,True,2574ad07a3319832e969eef6330a65d5569f82589fd3968e95616ade0cac5383
quickjs,access-binary-trees,16,256,3101,3101000000,12113281.25,3110060800,-4,"IM_EXEC:{""test"":""access-binary-trees"",""n"":256,""elapsed_ms"":3101,""checksum"":""-4""}",,0,True,2574ad07a3319832e969eef6330a65d5569f82589fd3968e95616ade0cac5383
v8_ignition,math-cordic,16,64,1095,1095000000,17109375.0,1130718800,10362.570468755888,"IM_EXEC:{""test"":""math-cordic"",""n"":64,""elapsed_ms"":1095,""checksum"":""10362.570468755888""}",,0,True,34b61588ee1c24cb8be232a1a12958905f04b257e09200a4faefef3bb909ee53
quickjs,math-cordic,16,64,1423,1423000000,22234375.0,1431795500,10362.570468755888,"IM_EXEC:{""test"":""math-cordic"",""n"":64,""elapsed_ms"":1423,""checksum"":""10362.570468755888""}",,0,True,34b61588ee1c24cb8be232a1a12958905f04b257e09200a4faefef3bb909ee53
v8_ignition,string-base64,16,256,1629,1629000000,6363281.25,1664643600,32768,"IM_EXEC:{""test"":""string-base64"",""n"":256,""elapsed_ms"":1629,""checksum"":""32768""}",,0,True,5cbaf23c322bf98da4482d07d06d87eef3c50cebf6bf7c47046adb556543e441
quickjs,string-base64,16,256,5190,5190000000,20273437.5,5199315000,32768,"IM_EXEC:{""test"":""string-base64"",""n"":256,""elapsed_ms"":5190,""checksum"":""32768""}",,0,True,5cbaf23c322bf98da4482d07d06d87eef3c50cebf6bf7c47046adb556543e441
v8_ignition,3d-raytrace,16,128,1842,1842000000,14390625.0,1879749200,20970,"IM_EXEC:{""test"":""3d-raytrace"",""n"":128,""elapsed_ms"":1842,""checksum"":""20970""}",,0,True,fbf3a216ca8bc8223f66e4105ce5c95294ac4e5e8f40c56e660a89fbc4962c15
quickjs,3d-raytrace,16,128,1954,1954000000,15265625.0,1964165000,20969,"IM_EXEC:{""test"":""3d-raytrace"",""n"":128,""elapsed_ms"":1954,""checksum"":""20969""}",,0,True,fbf3a216ca8bc8223f66e4105ce5c95294ac4e5e8f40c56e660a89fbc4962c15
v8_ignition,bitops-bitwise-and,16,256,2633,2633000000,10285156.25,2668323200,0,"IM_EXEC:{""test"":""bitops-bitwise-and"",""n"":256,""elapsed_ms"":2633,""checksum"":""0""}",,0,True,eed5b353d4a2406db32d34e84a8855c02c005be3643b9966be5612fa0de83cab
quickjs,bitops-bitwise-and,16,256,1933,1933000000,7550781.25,1941647800,0,"IM_EXEC:{""test"":""bitops-bitwise-and"",""n"":256,""elapsed_ms"":1933,""checksum"":""0""}",,0,True,eed5b353d4a2406db32d34e84a8855c02c005be3643b9966be5612fa0de83cab
v8_ignition,3d-cube,16,64,1163,1163000000,18171875.0,1199703200,320,"IM_EXEC:{""test"":""3d-cube"",""n"":64,""elapsed_ms"":1163,""checksum"":""320""}",,0,True,60a065dcf0b5284dc0c04c58f860a2319aa73d0aaa4ce285a3fa9614f357aa2e
quickjs,3d-cube,16,64,1922,1922000000,30031250.0,1931644200,320,"IM_EXEC:{""test"":""3d-cube"",""n"":64,""elapsed_ms"":1922,""checksum"":""320""}",,0,True,60a065dcf0b5284dc0c04c58f860a2319aa73d0aaa4ce285a3fa9614f357aa2e
v8_ignition,math-spectral-norm,16,128,938,938000000,7328125.0,972815800,5.086694231303284,"IM_EXEC:{""test"":""math-spectral-norm"",""n"":128,""elapsed_ms"":938,""checksum"":""5.086694231303284""}",,0,True,52eb39e653bcbb40e24520ce504d81698f6a67645593e05ca67257f318fba4d8
quickjs,math-spectral-norm,16,128,1172,1172000000,9156250.0,1181528200,5.086694231303284,"IM_EXEC:{""test"":""math-spectral-norm"",""n"":128,""elapsed_ms"":1172,""checksum"":""5.086694231303284""}",,0,True,52eb39e653bcbb40e24520ce504d81698f6a67645593e05ca67257f318fba4d8
v8_ignition,string-validate-input,16,256,1406,1406000000,5492187.5,1444045200,462000,"IM_EXEC:{""test"":""string-validate-input"",""n"":256,""elapsed_ms"":1406,""checksum"":""462000""}",,0,True,f3316365a925df0927fe79ed16a84a33fe9d1e3dafbff918f53f671ca1a58748
quickjs,string-validate-input,16,256,3465,3465000000,13535156.25,3474000700,462000,"IM_EXEC:{""test"":""string-validate-input"",""n"":256,""elapsed_ms"":3465,""checksum"":""462000""}",,0,True,f3316365a925df0927fe79ed16a84a33fe9d1e3dafbff918f53f671ca1a58748
v8_ignition,string-tagcloud,16,256,1412,1412000000,5515625.0,1449851000,315241,"IM_EXEC:{""test"":""string-tagcloud"",""n"":256,""elapsed_ms"":1412,""checksum"":""315241""}",,0,True,bdb31cfdc8d9dc183a2016260abf8eae9629ab6f3fd5ffe57c0698243f1ca160
quickjs,string-tagcloud,16,256,6774,6774000000,26460937.5,6784730900,315241,"IM_EXEC:{""test"":""string-tagcloud"",""n"":256,""elapsed_ms"":6774,""checksum"":""315241""}",,0,True,bdb31cfdc8d9dc183a2016260abf8eae9629ab6f3fd5ffe57c0698243f1ca160
v8_ignition,bitops-nsieve-bits,16,128,2967,2967000000,23179687.5,3002424800,-1286749544853,"IM_EXEC:{""test"":""bitops-nsieve-bits"",""n"":128,""elapsed_ms"":2967,""checksum"":""-1286749544853""}",,0,True,c8cd89d57d6c82edd3ce9aaea504681391c6fb3beef555532dd2653fc0410765
quickjs,bitops-nsieve-bits,16,128,1908,1908000000,14906250.0,1917700600,-1286749544853,"IM_EXEC:{""test"":""bitops-nsieve-bits"",""n"":128,""elapsed_ms"":1908,""checksum"":""-1286749544853""}",,0,True,c8cd89d57d6c82edd3ce9aaea504681391c6fb3beef555532dd2653fc0410765
v8_ignition,access-nbody,16,64,1232,1232000000,19250000.0,1267624900,-1.3524862408537381,"IM_EXEC:{""test"":""access-nbody"",""n"":64,""elapsed_ms"":1232,""checksum"":""-1.3524862408537381""}",,0,True,19902b6f21c5b25ee15381029c367b4c4e18734127ed7525fb470472ccabc082
quickjs,access-nbody,16,64,1013,1013000000,15828125.0,1022225500,-1.3524862408537381,"IM_EXEC:{""test"":""access-nbody"",""n"":64,""elapsed_ms"":1013,""checksum"":""-1.3524862408537381""}",,0,True,19902b6f21c5b25ee15381029c367b4c4e18734127ed7525fb470472ccabc082
v8_ignition,access-fannkuch,16,32,1120,1120000000,35000000.0,1156267300,22,"IM_EXEC:{""test"":""access-fannkuch"",""n"":32,""elapsed_ms"":1120,""checksum"":""22""}",,0,True,fee86984d327e7709754ed7a2721517b303a436f895a8b03742b80a000d4eb6b
quickjs,access-fannkuch,16,32,1158,1158000000,36187500.0,1168484400,22,"IM_EXEC:{""test"":""access-fannkuch"",""n"":32,""elapsed_ms"":1158,""checksum"":""22""}",,0,True,fee86984d327e7709754ed7a2721517b303a436f895a8b03742b80a000d4eb6b
v8_ignition,math-partial-sums,16,128,1477,1477000000,11539062.5,1511799400,60.08994194659945,"IM_EXEC:{""test"":""math-partial-sums"",""n"":128,""elapsed_ms"":1477,""checksum"":""60.08994194659945""}",,0,True,4fadb0cf070baa5dde56707dff313a6a62821c6b1621c298f196e1f1bdb726e3
quickjs,math-partial-sums,16,128,2184,2184000000,17062500.0,2193135100,60.08994194659945,"IM_EXEC:{""test"":""math-partial-sums"",""n"":128,""elapsed_ms"":2184,""checksum"":""60.08994194659945""}",,0,True,4fadb0cf070baa5dde56707dff313a6a62821c6b1621c298f196e1f1bdb726e3
v8_ignition,controlflow-recursive,16,256,1798,1798000000,7023437.5,1833618900,57775,"IM_EXEC:{""test"":""controlflow-recursive"",""n"":256,""elapsed_ms"":1798,""checksum"":""57775""}",,0,True,b0137de1a06fa4c71fcd428e68ee4b3a61ae2444b324da024a872b257fd03c64
quickjs,controlflow-recursive,16,256,2111,2111000000,8246093.75,2120711600,57775,"IM_EXEC:{""test"":""controlflow-recursive"",""n"":256,""elapsed_ms"":2111,""checksum"":""57775""}",,0,True,b0137de1a06fa4c71fcd428e68ee4b3a61ae2444b324da024a872b257fd03c64
v8_ignition,bitops-bits-in-byte,16,64,1252,1252000000,19562500.0,1287256900,358400,"IM_EXEC:{""test"":""bitops-bits-in-byte"",""n"":64,""elapsed_ms"":1252,""checksum"":""358400""}",,0,True,5b00ba9a5c5657f66ade1ddd8f2816ae39bd34dd3007dc07b5357c2c829bef73
quickjs,bitops-bits-in-byte,16,64,1274,1274000000,19906250.0,1282832500,358400,"IM_EXEC:{""test"":""bitops-bits-in-byte"",""n"":64,""elapsed_ms"":1274,""checksum"":""358400""}",,0,True,5b00ba9a5c5657f66ade1ddd8f2816ae39bd34dd3007dc07b5357c2c829bef73
quickjs,date-format-tofte,17,128,3774,3774000000,29484375.0,3783893600,"2008-05-01|Thursday, May 01, 2008 5:31:22 PM|1209718549000","IM_EXEC:{""test"":""date-format-tofte"",""n"":128,""elapsed_ms"":3774,""checksum"":""2008-05-01|Thursday, May 01, 2008 5:31:22 PM|1209718549000""}",,0,True,9535a5df1307bfc8288791fc3faf48c5e50a5deb6f04987d455c2bcc11ed4bfc
v8_ignition,date-format-tofte,17,128,1059,1059000000,8273437.5,1095432700,"2008-05-01|Thursday, May 01, 2008 5:31:22 PM|1209718549000","IM_EXEC:{""test"":""date-format-tofte"",""n"":128,""elapsed_ms"":1059,""checksum"":""2008-05-01|Thursday, May 01, 2008 5:31:22 PM|1209718549000""}",,0,True,9535a5df1307bfc8288791fc3faf48c5e50a5deb6f04987d455c2bcc11ed4bfc
quickjs,access-nsieve,17,128,2973,2973000000,23226562.5,2982392300,14302,"IM_EXEC:{""test"":""access-nsieve"",""n"":128,""elapsed_ms"":2973,""checksum"":""14302""}",,0,True,d2ff95d96cd8e84458eff804a3dae7ac589b31fa7d1e11cdffd4aa821eec7819
v8_ignition,access-nsieve,17,128,1304,1304000000,10187500.0,1339487900,14302,"IM_EXEC:{""test"":""access-nsieve"",""n"":128,""elapsed_ms"":1304,""checksum"":""14302""}",,0,True,d2ff95d96cd8e84458eff804a3dae7ac589b31fa7d1e11cdffd4aa821eec7819
quickjs,access-fannkuch,17,32,1136,1136000000,35500000.0,1144883200,22,"IM_EXEC:{""test"":""access-fannkuch"",""n"":32,""elapsed_ms"":1136,""checksum"":""22""}",,0,True,fee86984d327e7709754ed7a2721517b303a436f895a8b03742b80a000d4eb6b
v8_ignition,access-fannkuch,17,32,1106,1106000000,34562500.0,1140877600,22,"IM_EXEC:{""test"":""access-fannkuch"",""n"":32,""elapsed_ms"":1106,""checksum"":""22""}",,0,True,fee86984d327e7709754ed7a2721517b303a436f895a8b03742b80a000d4eb6b
quickjs,crypto-sha1,17,256,1752,1752000000,6843750.0,1761555900,2524d264def74cce2498bf112bedf00e6c0b796d,"IM_EXEC:{""test"":""crypto-sha1"",""n"":256,""elapsed_ms"":1752,""checksum"":""2524d264def74cce2498bf112bedf00e6c0b796d""}",,0,True,efb82da8b03c1f4f11eeb3f88f9902179a62f0a21e620fe0f60845b8b874e292
v8_ignition,crypto-sha1,17,256,2163,2163000000,8449218.75,2198750500,2524d264def74cce2498bf112bedf00e6c0b796d,"IM_EXEC:{""test"":""crypto-sha1"",""n"":256,""elapsed_ms"":2163,""checksum"":""2524d264def74cce2498bf112bedf00e6c0b796d""}",,0,True,efb82da8b03c1f4f11eeb3f88f9902179a62f0a21e620fe0f60845b8b874e292
quickjs,string-fasta,17,128,3414,3414000000,26671875.0,3423056700,1456000,"IM_EXEC:{""test"":""string-fasta"",""n"":128,""elapsed_ms"":3414,""checksum"":""1456000""}",,0,True,9ef1f7595b6cdfe6baed89f2f84d63006986f85574a2f446797cd69ca2dd79b8
v8_ignition,string-fasta,17,128,1232,1232000000,9625000.0,1266179600,1456000,"IM_EXEC:{""test"":""string-fasta"",""n"":128,""elapsed_ms"":1232,""checksum"":""1456000""}",,0,True,9ef1f7595b6cdfe6baed89f2f84d63006986f85574a2f446797cd69ca2dd79b8
quickjs,bitops-3bit-bits-in-byte,17,256,2495,2495000000,9746093.75,2504810000,512000,"IM_EXEC:{""test"":""bitops-3bit-bits-in-byte"",""n"":256,""elapsed_ms"":2495,""checksum"":""512000""}",,0,True,abe5fed281f086bcd3336e21203ccebd592037d9c2a481ccf4c68e894138c38a
v8_ignition,bitops-3bit-bits-in-byte,17,256,1894,1894000000,7398437.5,1927245900,512000,"IM_EXEC:{""test"":""bitops-3bit-bits-in-byte"",""n"":256,""elapsed_ms"":1894,""checksum"":""512000""}",,0,True,abe5fed281f086bcd3336e21203ccebd592037d9c2a481ccf4c68e894138c38a
quickjs,string-unpack-code,17,256,13799,13799000000,53902343.75,13809973700,511508,"IM_EXEC:{""test"":""string-unpack-code"",""n"":256,""elapsed_ms"":13799,""checksum"":""511508""}",,0,True,81a8b0c2e178b101089899f543ac712456d9edd361ed55f1f8a0075dcdca98b5
v8_ignition,string-unpack-code,17,256,1701,1701000000,6644531.25,1738156100,511508,"IM_EXEC:{""test"":""string-unpack-code"",""n"":256,""elapsed_ms"":1701,""checksum"":""511508""}",,0,True,81a8b0c2e178b101089899f543ac712456d9edd361ed55f1f8a0075dcdca98b5
quickjs,bitops-bits-in-byte,17,64,1311,1311000000,20484375.0,1321275500,358400,"IM_EXEC:{""test"":""bitops-bits-in-byte"",""n"":64,""elapsed_ms"":1311,""checksum"":""358400""}",,0,True,5b00ba9a5c5657f66ade1ddd8f2816ae39bd34dd3007dc07b5357c2c829bef73
v8_ignition,bitops-bits-in-byte,17,64,1259,1259000000,19671875.0,1293119800,358400,"IM_EXEC:{""test"":""bitops-bits-in-byte"",""n"":64,""elapsed_ms"":1259,""checksum"":""358400""}",,0,True,5b00ba9a5c5657f66ade1ddd8f2816ae39bd34dd3007dc07b5357c2c829bef73
quickjs,crypto-md5,17,256,1832,1832000000,7156250.0,1840986400,a831e91e0f70eddcb70dc61c6f82f6cd,"IM_EXEC:{""test"":""crypto-md5"",""n"":256,""elapsed_ms"":1832,""checksum"":""a831e91e0f70eddcb70dc61c6f82f6cd""}",,0,True,b3676cc77ffa8184c46e9b99de32642296b190805d342e8e046279b12aa423b3
v8_ignition,crypto-md5,17,256,1962,1962000000,7664062.5,1998655500,a831e91e0f70eddcb70dc61c6f82f6cd,"IM_EXEC:{""test"":""crypto-md5"",""n"":256,""elapsed_ms"":1962,""checksum"":""a831e91e0f70eddcb70dc61c6f82f6cd""}",,0,True,b3676cc77ffa8184c46e9b99de32642296b190805d342e8e046279b12aa423b3
quickjs,string-validate-input,17,256,3464,3464000000,13531250.0,3473517700,462000,"IM_EXEC:{""test"":""string-validate-input"",""n"":256,""elapsed_ms"":3464,""checksum"":""462000""}",,0,True,f3316365a925df0927fe79ed16a84a33fe9d1e3dafbff918f53f671ca1a58748
v8_ignition,string-validate-input,17,256,1404,1404000000,5484375.0,1442189600,462000,"IM_EXEC:{""test"":""string-validate-input"",""n"":256,""elapsed_ms"":1404,""checksum"":""462000""}",,0,True,f3316365a925df0927fe79ed16a84a33fe9d1e3dafbff918f53f671ca1a58748
quickjs,bitops-bitwise-and,17,256,1841,1841000000,7191406.25,1850479000,0,"IM_EXEC:{""test"":""bitops-bitwise-and"",""n"":256,""elapsed_ms"":1841,""checksum"":""0""}",,0,True,eed5b353d4a2406db32d34e84a8855c02c005be3643b9966be5612fa0de83cab
v8_ignition,bitops-bitwise-and,17,256,2492,2492000000,9734375.0,2525385100,0,"IM_EXEC:{""test"":""bitops-bitwise-and"",""n"":256,""elapsed_ms"":2492,""checksum"":""0""}",,0,True,eed5b353d4a2406db32d34e84a8855c02c005be3643b9966be5612fa0de83cab
quickjs,crypto-aes,17,128,1891,1891000000,14773437.5,1901570200,1343,"IM_EXEC:{""test"":""crypto-aes"",""n"":128,""elapsed_ms"":1891,""checksum"":""1343""}",,0,True,c058d06958b1cc808c8c6a5054645c8fbb44897667ffe4f042da524c13a66234
v8_ignition,crypto-aes,17,128,1738,1738000000,13578125.0,1772787100,1343,"IM_EXEC:{""test"":""crypto-aes"",""n"":128,""elapsed_ms"":1738,""checksum"":""1343""}",,0,True,c058d06958b1cc808c8c6a5054645c8fbb44897667ffe4f042da524c13a66234
quickjs,bitops-nsieve-bits,17,128,1893,1893000000,14789062.5,1901503000,-1286749544853,"IM_EXEC:{""test"":""bitops-nsieve-bits"",""n"":128,""elapsed_ms"":1893,""checksum"":""-1286749544853""}",,0,True,c8cd89d57d6c82edd3ce9aaea504681391c6fb3beef555532dd2653fc0410765
v8_ignition,bitops-nsieve-bits,17,128,3029,3029000000,23664062.5,3065035300,-1286749544853,"IM_EXEC:{""test"":""bitops-nsieve-bits"",""n"":128,""elapsed_ms"":3029,""checksum"":""-1286749544853""}",,0,True,c8cd89d57d6c82edd3ce9aaea504681391c6fb3beef555532dd2653fc0410765
quickjs,math-partial-sums,17,128,2217,2217000000,17320312.5,2225442900,60.08994194659945,"IM_EXEC:{""test"":""math-partial-sums"",""n"":128,""elapsed_ms"":2217,""checksum"":""60.08994194659945""}",,0,True,4fadb0cf070baa5dde56707dff313a6a62821c6b1621c298f196e1f1bdb726e3
v8_ignition,math-partial-sums,17,128,1538,1538000000,12015625.0,1573173100,60.08994194659945,"IM_EXEC:{""test"":""math-partial-sums"",""n"":128,""elapsed_ms"":1538,""checksum"":""60.08994194659945""}",,0,True,4fadb0cf070baa5dde56707dff313a6a62821c6b1621c298f196e1f1bdb726e3
quickjs,date-format-xparb,17,256,5051,5051000000,19730468.75,5060597800,"2017-09-05|Tuesday, September 05, 2017 7:43:48 AM|1504652895000","IM_EXEC:{""test"":""date-format-xparb"",""n"":256,""elapsed_ms"":5051,""checksum"":""2017-09-05|Tuesday, September 05, 2017 7:43:48 AM|1504652895000""}",,0,True,add041cbb7bfa753ec4a301e26ec01e33f116b6a16883f80454b18f7790e4320
v8_ignition,date-format-xparb,17,256,1051,1051000000,4105468.75,1085436300,"2017-09-05|Tuesday, September 05, 2017 7:43:48 AM|1504652895000","IM_EXEC:{""test"":""date-format-xparb"",""n"":256,""elapsed_ms"":1051,""checksum"":""2017-09-05|Tuesday, September 05, 2017 7:43:48 AM|1504652895000""}",,0,True,add041cbb7bfa753ec4a301e26ec01e33f116b6a16883f80454b18f7790e4320
quickjs,3d-morph,17,64,1400,1400000000,21875000.0,1410584300,0,"IM_EXEC:{""test"":""3d-morph"",""n"":64,""elapsed_ms"":1400,""checksum"":""0""}",,0,True,522e39aba6d7f5f71cab59dfa2d2607b0932d63bdbfc9625b49725e02e9d5983
v8_ignition,3d-morph,17,64,1287,1287000000,20109375.0,1326084900,0,"IM_EXEC:{""test"":""3d-morph"",""n"":64,""elapsed_ms"":1287,""checksum"":""0""}",,0,True,522e39aba6d7f5f71cab59dfa2d2607b0932d63bdbfc9625b49725e02e9d5983
quickjs,math-spectral-norm,17,128,1181,1181000000,9226562.5,1190193800,5.086694231303284,"IM_EXEC:{""test"":""math-spectral-norm"",""n"":128,""elapsed_ms"":1181,""checksum"":""5.086694231303284""}",,0,True,52eb39e653bcbb40e24520ce504d81698f6a67645593e05ca67257f318fba4d8
v8_ignition,math-spectral-norm,17,128,922,922000000,7203125.0,956801200,5.086694231303284,"IM_EXEC:{""test"":""math-spectral-norm"",""n"":128,""elapsed_ms"":922,""checksum"":""5.086694231303284""}",,0,True,52eb39e653bcbb40e24520ce504d81698f6a67645593e05ca67257f318fba4d8
quickjs,controlflow-recursive,17,256,2114,2114000000,8257812.5,2123325900,57775,"IM_EXEC:{""test"":""controlflow-recursive"",""n"":256,""elapsed_ms"":2114,""checksum"":""57775""}",,0,True,b0137de1a06fa4c71fcd428e68ee4b3a61ae2444b324da024a872b257fd03c64
v8_ignition,controlflow-recursive,17,256,1747,1747000000,6824218.75,1780711300,57775,"IM_EXEC:{""test"":""controlflow-recursive"",""n"":256,""elapsed_ms"":1747,""checksum"":""57775""}",,0,True,b0137de1a06fa4c71fcd428e68ee4b3a61ae2444b324da024a872b257fd03c64
quickjs,access-binary-trees,17,256,3132,3132000000,12234375.0,3141473500,-4,"IM_EXEC:{""test"":""access-binary-trees"",""n"":256,""elapsed_ms"":3132,""checksum"":""-4""}",,0,True,2574ad07a3319832e969eef6330a65d5569f82589fd3968e95616ade0cac5383
v8_ignition,access-binary-trees,17,256,1416,1416000000,5531250.0,1451806100,-4,"IM_EXEC:{""test"":""access-binary-trees"",""n"":256,""elapsed_ms"":1416,""checksum"":""-4""}",,0,True,2574ad07a3319832e969eef6330a65d5569f82589fd3968e95616ade0cac5383
quickjs,regexp-dna,17,1024,81799,81799000000,79881835.9375,81810193500,249:300056,"IM_EXEC:{""test"":""regexp-dna"",""n"":1024,""elapsed_ms"":81799,""checksum"":""249:300056""}",,0,True,3afc0a7c18fdee33367b1b484ba5fd4d9b7b225d1b2408dcc4f5fa0f7356cffe
v8_ignition,regexp-dna,17,1024,1894,1894000000,1849609.375,1936522200,249:300056,"IM_EXEC:{""test"":""regexp-dna"",""n"":1024,""elapsed_ms"":1894,""checksum"":""249:300056""}",,0,True,3afc0a7c18fdee33367b1b484ba5fd4d9b7b225d1b2408dcc4f5fa0f7356cffe
quickjs,3d-raytrace,17,128,1974,1974000000,15421875.0,1984018000,20969,"IM_EXEC:{""test"":""3d-raytrace"",""n"":128,""elapsed_ms"":1974,""checksum"":""20969""}",,0,True,fbf3a216ca8bc8223f66e4105ce5c95294ac4e5e8f40c56e660a89fbc4962c15
v8_ignition,3d-raytrace,17,128,1840,1840000000,14375000.0,1876688400,20970,"IM_EXEC:{""test"":""3d-raytrace"",""n"":128,""elapsed_ms"":1840,""checksum"":""20970""}",,0,True,fbf3a216ca8bc8223f66e4105ce5c95294ac4e5e8f40c56e660a89fbc4962c15
quickjs,math-cordic,17,64,1408,1408000000,22000000.0,1416584300,10362.570468755888,"IM_EXEC:{""test"":""math-cordic"",""n"":64,""elapsed_ms"":1408,""checksum"":""10362.570468755888""}",,0,True,34b61588ee1c24cb8be232a1a12958905f04b257e09200a4faefef3bb909ee53
v8_ignition,math-cordic,17,64,1081,1081000000,16890625.0,1116723200,10362.570468755888,"IM_EXEC:{""test"":""math-cordic"",""n"":64,""elapsed_ms"":1081,""checksum"":""10362.570468755888""}",,0,True,34b61588ee1c24cb8be232a1a12958905f04b257e09200a4faefef3bb909ee53
quickjs,access-nbody,17,64,1012,1012000000,15812500.0,1021722900,-1.3524862408537381,"IM_EXEC:{""test"":""access-nbody"",""n"":64,""elapsed_ms"":1012,""checksum"":""-1.3524862408537381""}",,0,True,19902b6f21c5b25ee15381029c367b4c4e18734127ed7525fb470472ccabc082
v8_ignition,access-nbody,17,64,1237,1237000000,19328125.0,1272766000,-1.3524862408537381,"IM_EXEC:{""test"":""access-nbody"",""n"":64,""elapsed_ms"":1237,""checksum"":""-1.3524862408537381""}",,0,True,19902b6f21c5b25ee15381029c367b4c4e18734127ed7525fb470472ccabc082
quickjs,string-tagcloud,17,256,6804,6804000000,26578125.0,6814573600,315241,"IM_EXEC:{""test"":""string-tagcloud"",""n"":256,""elapsed_ms"":6804,""checksum"":""315241""}",,0,True,bdb31cfdc8d9dc183a2016260abf8eae9629ab6f3fd5ffe57c0698243f1ca160
v8_ignition,string-tagcloud,17,256,1410,1410000000,5507812.5,1450613900,315241,"IM_EXEC:{""test"":""string-tagcloud"",""n"":256,""elapsed_ms"":1410,""checksum"":""315241""}",,0,True,bdb31cfdc8d9dc183a2016260abf8eae9629ab6f3fd5ffe57c0698243f1ca160
quickjs,3d-cube,17,64,1944,1944000000,30375000.0,1954226400,320,"IM_EXEC:{""test"":""3d-cube"",""n"":64,""elapsed_ms"":1944,""checksum"":""320""}",,0,True,60a065dcf0b5284dc0c04c58f860a2319aa73d0aaa4ce285a3fa9614f357aa2e
v8_ignition,3d-cube,17,64,1164,1164000000,18187500.0,1200126900,320,"IM_EXEC:{""test"":""3d-cube"",""n"":64,""elapsed_ms"":1164,""checksum"":""320""}",,0,True,60a065dcf0b5284dc0c04c58f860a2319aa73d0aaa4ce285a3fa9614f357aa2e
quickjs,string-base64,17,256,5156,5156000000,20140625.0,5165139500,32768,"IM_EXEC:{""test"":""string-base64"",""n"":256,""elapsed_ms"":5156,""checksum"":""32768""}",,0,True,5cbaf23c322bf98da4482d07d06d87eef3c50cebf6bf7c47046adb556543e441
v8_ignition,string-base64,17,256,1617,1617000000,6316406.25,1653040800,32768,"IM_EXEC:{""test"":""string-base64"",""n"":256,""elapsed_ms"":1617,""checksum"":""32768""}",,0,True,5cbaf23c322bf98da4482d07d06d87eef3c50cebf6bf7c47046adb556543e441
v8_ignition,string-unpack-code,18,256,1691,1691000000,6605468.75,1729867000,511508,"IM_EXEC:{""test"":""string-unpack-code"",""n"":256,""elapsed_ms"":1691,""checksum"":""511508""}",,0,True,81a8b0c2e178b101089899f543ac712456d9edd361ed55f1f8a0075dcdca98b5
quickjs,string-unpack-code,18,256,13760,13760000000,53750000.0,13772137500,511508,"IM_EXEC:{""test"":""string-unpack-code"",""n"":256,""elapsed_ms"":13760,""checksum"":""511508""}",,0,True,81a8b0c2e178b101089899f543ac712456d9edd361ed55f1f8a0075dcdca98b5
v8_ignition,bitops-3bit-bits-in-byte,18,256,1959,1959000000,7652343.75,1995523800,512000,"IM_EXEC:{""test"":""bitops-3bit-bits-in-byte"",""n"":256,""elapsed_ms"":1959,""checksum"":""512000""}",,0,True,abe5fed281f086bcd3336e21203ccebd592037d9c2a481ccf4c68e894138c38a
quickjs,bitops-3bit-bits-in-byte,18,256,2433,2433000000,9503906.25,2442174100,512000,"IM_EXEC:{""test"":""bitops-3bit-bits-in-byte"",""n"":256,""elapsed_ms"":2433,""checksum"":""512000""}",,0,True,abe5fed281f086bcd3336e21203ccebd592037d9c2a481ccf4c68e894138c38a
v8_ignition,3d-raytrace,18,128,1858,1858000000,14515625.0,1894403500,20970,"IM_EXEC:{""test"":""3d-raytrace"",""n"":128,""elapsed_ms"":1858,""checksum"":""20970""}",,0,True,fbf3a216ca8bc8223f66e4105ce5c95294ac4e5e8f40c56e660a89fbc4962c15
quickjs,3d-raytrace,18,128,1913,1913000000,14945312.5,1922609300,20969,"IM_EXEC:{""test"":""3d-raytrace"",""n"":128,""elapsed_ms"":1913,""checksum"":""20969""}",,0,True,fbf3a216ca8bc8223f66e4105ce5c95294ac4e5e8f40c56e660a89fbc4962c15
v8_ignition,string-fasta,18,128,1235,1235000000,9648437.5,1270774400,1456000,"IM_EXEC:{""test"":""string-fasta"",""n"":128,""elapsed_ms"":1235,""checksum"":""1456000""}",,0,True,9ef1f7595b6cdfe6baed89f2f84d63006986f85574a2f446797cd69ca2dd79b8
quickjs,string-fasta,18,128,3439,3439000000,26867187.5,3448616900,1456000,"IM_EXEC:{""test"":""string-fasta"",""n"":128,""elapsed_ms"":3439,""checksum"":""1456000""}",,0,True,9ef1f7595b6cdfe6baed89f2f84d63006986f85574a2f446797cd69ca2dd79b8
v8_ignition,bitops-bitwise-and,18,256,2522,2522000000,9851562.5,2557580600,0,"IM_EXEC:{""test"":""bitops-bitwise-and"",""n"":256,""elapsed_ms"":2522,""checksum"":""0""}",,0,True,eed5b353d4a2406db32d34e84a8855c02c005be3643b9966be5612fa0de83cab
quickjs,bitops-bitwise-and,18,256,1913,1913000000,7472656.25,1923062300,0,"IM_EXEC:{""test"":""bitops-bitwise-and"",""n"":256,""elapsed_ms"":1913,""checksum"":""0""}",,0,True,eed5b353d4a2406db32d34e84a8855c02c005be3643b9966be5612fa0de83cab
v8_ignition,bitops-bits-in-byte,18,64,1280,1280000000,20000000.0,1315091800,358400,"IM_EXEC:{""test"":""bitops-bits-in-byte"",""n"":64,""elapsed_ms"":1280,""checksum"":""358400""}",,0,True,5b00ba9a5c5657f66ade1ddd8f2816ae39bd34dd3007dc07b5357c2c829bef73
quickjs,bitops-bits-in-byte,18,64,1321,1321000000,20640625.0,1329811700,358400,"IM_EXEC:{""test"":""bitops-bits-in-byte"",""n"":64,""elapsed_ms"":1321,""checksum"":""358400""}",,0,True,5b00ba9a5c5657f66ade1ddd8f2816ae39bd34dd3007dc07b5357c2c829bef73
v8_ignition,crypto-sha1,18,256,2175,2175000000,8496093.75,2209687600,2524d264def74cce2498bf112bedf00e6c0b796d,"IM_EXEC:{""test"":""crypto-sha1"",""n"":256,""elapsed_ms"":2175,""checksum"":""2524d264def74cce2498bf112bedf00e6c0b796d""}",,0,True,efb82da8b03c1f4f11eeb3f88f9902179a62f0a21e620fe0f60845b8b874e292
quickjs,crypto-sha1,18,256,1750,1750000000,6835937.5,1759195500,2524d264def74cce2498bf112bedf00e6c0b796d,"IM_EXEC:{""test"":""crypto-sha1"",""n"":256,""elapsed_ms"":1750,""checksum"":""2524d264def74cce2498bf112bedf00e6c0b796d""}",,0,True,efb82da8b03c1f4f11eeb3f88f9902179a62f0a21e620fe0f60845b8b874e292
v8_ignition,3d-morph,18,64,1282,1282000000,20031250.0,1321231100,0,"IM_EXEC:{""test"":""3d-morph"",""n"":64,""elapsed_ms"":1282,""checksum"":""0""}",,0,True,522e39aba6d7f5f71cab59dfa2d2607b0932d63bdbfc9625b49725e02e9d5983
quickjs,3d-morph,18,64,1425,1425000000,22265625.0,1433993800,0,"IM_EXEC:{""test"":""3d-morph"",""n"":64,""elapsed_ms"":1425,""checksum"":""0""}",,0,True,522e39aba6d7f5f71cab59dfa2d2607b0932d63bdbfc9625b49725e02e9d5983
v8_ignition,crypto-md5,18,256,1963,1963000000,7667968.75,1998340400,a831e91e0f70eddcb70dc61c6f82f6cd,"IM_EXEC:{""test"":""crypto-md5"",""n"":256,""elapsed_ms"":1963,""checksum"":""a831e91e0f70eddcb70dc61c6f82f6cd""}",,0,True,b3676cc77ffa8184c46e9b99de32642296b190805d342e8e046279b12aa423b3
quickjs,crypto-md5,18,256,1829,1829000000,7144531.25,1838877500,a831e91e0f70eddcb70dc61c6f82f6cd,"IM_EXEC:{""test"":""crypto-md5"",""n"":256,""elapsed_ms"":1829,""checksum"":""a831e91e0f70eddcb70dc61c6f82f6cd""}",,0,True,b3676cc77ffa8184c46e9b99de32642296b190805d342e8e046279b12aa423b3
v8_ignition,controlflow-recursive,18,256,1791,1791000000,6996093.75,1825958000,57775,"IM_EXEC:{""test"":""controlflow-recursive"",""n"":256,""elapsed_ms"":1791,""checksum"":""57775""}",,0,True,b0137de1a06fa4c71fcd428e68ee4b3a61ae2444b324da024a872b257fd03c64
quickjs,controlflow-recursive,18,256,2128,2128000000,8312500.0,2137510400,57775,"IM_EXEC:{""test"":""controlflow-recursive"",""n"":256,""elapsed_ms"":2128,""checksum"":""57775""}",,0,True,b0137de1a06fa4c71fcd428e68ee4b3a61ae2444b324da024a872b257fd03c64
v8_ignition,date-format-xparb,18,256,1060,1060000000,4140625.0,1094761900,"2017-09-05|Tuesday, September 05, 2017 7:43:48 AM|1504652895000","IM_EXEC:{""test"":""date-format-xparb"",""n"":256,""elapsed_ms"":1060,""checksum"":""2017-09-05|Tuesday, September 05, 2017 7:43:48 AM|1504652895000""}",,0,True,add041cbb7bfa753ec4a301e26ec01e33f116b6a16883f80454b18f7790e4320
quickjs,date-format-xparb,18,256,5033,5033000000,19660156.25,5042289000,"2017-09-05|Tuesday, September 05, 2017 7:43:48 AM|1504652895000","IM_EXEC:{""test"":""date-format-xparb"",""n"":256,""elapsed_ms"":5033,""checksum"":""2017-09-05|Tuesday, September 05, 2017 7:43:48 AM|1504652895000""}",,0,True,add041cbb7bfa753ec4a301e26ec01e33f116b6a16883f80454b18f7790e4320
v8_ignition,math-cordic,18,64,1070,1070000000,16718750.0,1105780900,10362.570468755888,"IM_EXEC:{""test"":""math-cordic"",""n"":64,""elapsed_ms"":1070,""checksum"":""10362.570468755888""}",,0,True,34b61588ee1c24cb8be232a1a12958905f04b257e09200a4faefef3bb909ee53
quickjs,math-cordic,18,64,1420,1420000000,22187500.0,1429660300,10362.570468755888,"IM_EXEC:{""test"":""math-cordic"",""n"":64,""elapsed_ms"":1420,""checksum"":""10362.570468755888""}",,0,True,34b61588ee1c24cb8be232a1a12958905f04b257e09200a4faefef3bb909ee53
v8_ignition,math-spectral-norm,18,128,935,935000000,7304687.5,969890900,5.086694231303284,"IM_EXEC:{""test"":""math-spectral-norm"",""n"":128,""elapsed_ms"":935,""checksum"":""5.086694231303284""}",,0,True,52eb39e653bcbb40e24520ce504d81698f6a67645593e05ca67257f318fba4d8
quickjs,math-spectral-norm,18,128,1178,1178000000,9203125.0,1186609500,5.086694231303284,"IM_EXEC:{""test"":""math-spectral-norm"",""n"":128,""elapsed_ms"":1178,""checksum"":""5.086694231303284""}",,0,True,52eb39e653bcbb40e24520ce504d81698f6a67645593e05ca67257f318fba4d8
v8_ignition,math-partial-sums,18,128,1486,1486000000,11609375.0,1519742100,60.08994194659945,"IM_EXEC:{""test"":""math-partial-sums"",""n"":128,""elapsed_ms"":1486,""checksum"":""60.08994194659945""}",,0,True,4fadb0cf070baa5dde56707dff313a6a62821c6b1621c298f196e1f1bdb726e3
quickjs,math-partial-sums,18,128,2178,2178000000,17015625.0,2187849100,60.08994194659945,"IM_EXEC:{""test"":""math-partial-sums"",""n"":128,""elapsed_ms"":2178,""checksum"":""60.08994194659945""}",,0,True,4fadb0cf070baa5dde56707dff313a6a62821c6b1621c298f196e1f1bdb726e3
v8_ignition,date-format-tofte,18,128,1074,1074000000,8390625.0,1110259300,"2008-05-01|Thursday, May 01, 2008 5:31:22 PM|1209718549000","IM_EXEC:{""test"":""date-format-tofte"",""n"":128,""elapsed_ms"":1074,""checksum"":""2008-05-01|Thursday, May 01, 2008 5:31:22 PM|1209718549000""}",,0,True,9535a5df1307bfc8288791fc3faf48c5e50a5deb6f04987d455c2bcc11ed4bfc
quickjs,date-format-tofte,18,128,3844,3844000000,30031250.0,3853881100,"2008-05-01|Thursday, May 01, 2008 5:31:22 PM|1209718549000","IM_EXEC:{""test"":""date-format-tofte"",""n"":128,""elapsed_ms"":3844,""checksum"":""2008-05-01|Thursday, May 01, 2008 5:31:22 PM|1209718549000""}",,0,True,9535a5df1307bfc8288791fc3faf48c5e50a5deb6f04987d455c2bcc11ed4bfc
v8_ignition,regexp-dna,18,1024,1882,1882000000,1837890.625,1921799700,249:300056,"IM_EXEC:{""test"":""regexp-dna"",""n"":1024,""elapsed_ms"":1882,""checksum"":""249:300056""}",,0,True,3afc0a7c18fdee33367b1b484ba5fd4d9b7b225d1b2408dcc4f5fa0f7356cffe
quickjs,regexp-dna,18,1024,82547,82547000000,80612304.6875,82558382100,249:300056,"IM_EXEC:{""test"":""regexp-dna"",""n"":1024,""elapsed_ms"":82547,""checksum"":""249:300056""}",,0,True,3afc0a7c18fdee33367b1b484ba5fd4d9b7b225d1b2408dcc4f5fa0f7356cffe
v8_ignition,access-nsieve,18,128,1309,1309000000,10226562.5,1345148800,14302,"IM_EXEC:{""test"":""access-nsieve"",""n"":128,""elapsed_ms"":1309,""checksum"":""14302""}",,0,True,d2ff95d96cd8e84458eff804a3dae7ac589b31fa7d1e11cdffd4aa821eec7819
quickjs,access-nsieve,18,128,3020,3020000000,23593750.0,3029726300,14302,"IM_EXEC:{""test"":""access-nsieve"",""n"":128,""elapsed_ms"":3020,""checksum"":""14302""}",,0,True,d2ff95d96cd8e84458eff804a3dae7ac589b31fa7d1e11cdffd4aa821eec7819
v8_ignition,bitops-nsieve-bits,18,128,3000,3000000000,23437500.0,3036608100,-1286749544853,"IM_EXEC:{""test"":""bitops-nsieve-bits"",""n"":128,""elapsed_ms"":3000,""checksum"":""-1286749544853""}",,0,True,c8cd89d57d6c82edd3ce9aaea504681391c6fb3beef555532dd2653fc0410765
quickjs,bitops-nsieve-bits,18,128,1968,1968000000,15375000.0,1976999800,-1286749544853,"IM_EXEC:{""test"":""bitops-nsieve-bits"",""n"":128,""elapsed_ms"":1968,""checksum"":""-1286749544853""}",,0,True,c8cd89d57d6c82edd3ce9aaea504681391c6fb3beef555532dd2653fc0410765
v8_ignition,access-nbody,18,64,1261,1261000000,19703125.0,1296103500,-1.3524862408537381,"IM_EXEC:{""test"":""access-nbody"",""n"":64,""elapsed_ms"":1261,""checksum"":""-1.3524862408537381""}",,0,True,19902b6f21c5b25ee15381029c367b4c4e18734127ed7525fb470472ccabc082
quickjs,access-nbody,18,64,978,978000000,15281250.0,986720800,-1.3524862408537381,"IM_EXEC:{""test"":""access-nbody"",""n"":64,""elapsed_ms"":978,""checksum"":""-1.3524862408537381""}",,0,True,19902b6f21c5b25ee15381029c367b4c4e18734127ed7525fb470472ccabc082
v8_ignition,string-validate-input,18,256,1418,1418000000,5539062.5,1454280800,462000,"IM_EXEC:{""test"":""string-validate-input"",""n"":256,""elapsed_ms"":1418,""checksum"":""462000""}",,0,True,f3316365a925df0927fe79ed16a84a33fe9d1e3dafbff918f53f671ca1a58748
quickjs,string-validate-input,18,256,3446,3446000000,13460937.5,3455360500,462000,"IM_EXEC:{""test"":""string-validate-input"",""n"":256,""elapsed_ms"":3446,""checksum"":""462000""}",,0,True,f3316365a925df0927fe79ed16a84a33fe9d1e3dafbff918f53f671ca1a58748
v8_ignition,access-binary-trees,18,256,1457,1457000000,5691406.25,1491765400,-4,"IM_EXEC:{""test"":""access-binary-trees"",""n"":256,""elapsed_ms"":1457,""checksum"":""-4""}",,0,True,2574ad07a3319832e969eef6330a65d5569f82589fd3968e95616ade0cac5383
quickjs,access-binary-trees,18,256,3100,3100000000,12109375.0,3108429300,-4,"IM_EXEC:{""test"":""access-binary-trees"",""n"":256,""elapsed_ms"":3100,""checksum"":""-4""}",,0,True,2574ad07a3319832e969eef6330a65d5569f82589fd3968e95616ade0cac5383
v8_ignition,string-base64,18,256,1618,1618000000,6320312.5,1653624400,32768,"IM_EXEC:{""test"":""string-base64"",""n"":256,""elapsed_ms"":1618,""checksum"":""32768""}",,0,True,5cbaf23c322bf98da4482d07d06d87eef3c50cebf6bf7c47046adb556543e441
quickjs,string-base64,18,256,5237,5237000000,20457031.25,5245664500,32768,"IM_EXEC:{""test"":""string-base64"",""n"":256,""elapsed_ms"":5237,""checksum"":""32768""}",,0,True,5cbaf23c322bf98da4482d07d06d87eef3c50cebf6bf7c47046adb556543e441
v8_ignition,3d-cube,18,64,1162,1162000000,18156250.0,1198008400,320,"IM_EXEC:{""test"":""3d-cube"",""n"":64,""elapsed_ms"":1162,""checksum"":""320""}",,0,True,60a065dcf0b5284dc0c04c58f860a2319aa73d0aaa4ce285a3fa9614f357aa2e
quickjs,3d-cube,18,64,1958,1958000000,30593750.0,1967047300,320,"IM_EXEC:{""test"":""3d-cube"",""n"":64,""elapsed_ms"":1958,""checksum"":""320""}",,0,True,60a065dcf0b5284dc0c04c58f860a2319aa73d0aaa4ce285a3fa9614f357aa2e
v8_ignition,access-fannkuch,18,32,1083,1083000000,33843750.0,1114915100,22,"IM_EXEC:{""test"":""access-fannkuch"",""n"":32,""elapsed_ms"":1083,""checksum"":""22""}",,0,True,fee86984d327e7709754ed7a2721517b303a436f895a8b03742b80a000d4eb6b
quickjs,access-fannkuch,18,32,1177,1177000000,36781250.0,1186982600,22,"IM_EXEC:{""test"":""access-fannkuch"",""n"":32,""elapsed_ms"":1177,""checksum"":""22""}",,0,True,fee86984d327e7709754ed7a2721517b303a436f895a8b03742b80a000d4eb6b
v8_ignition,crypto-aes,18,128,1724,1724000000,13468750.0,1758819000,1343,"IM_EXEC:{""test"":""crypto-aes"",""n"":128,""elapsed_ms"":1724,""checksum"":""1343""}",,0,True,c058d06958b1cc808c8c6a5054645c8fbb44897667ffe4f042da524c13a66234
quickjs,crypto-aes,18,128,1893,1893000000,14789062.5,1903004800,1343,"IM_EXEC:{""test"":""crypto-aes"",""n"":128,""elapsed_ms"":1893,""checksum"":""1343""}",,0,True,c058d06958b1cc808c8c6a5054645c8fbb44897667ffe4f042da524c13a66234
v8_ignition,string-tagcloud,18,256,1427,1427000000,5574218.75,1465758200,315241,"IM_EXEC:{""test"":""string-tagcloud"",""n"":256,""elapsed_ms"":1427,""checksum"":""315241""}",,0,True,bdb31cfdc8d9dc183a2016260abf8eae9629ab6f3fd5ffe57c0698243f1ca160
quickjs,string-tagcloud,18,256,6762,6762000000,26414062.5,6772295900,315241,"IM_EXEC:{""test"":""string-tagcloud"",""n"":256,""elapsed_ms"":6762,""checksum"":""315241""}",,0,True,bdb31cfdc8d9dc183a2016260abf8eae9629ab6f3fd5ffe57c0698243f1ca160
quickjs,crypto-sha1,19,256,1753,1753000000,6847656.25,1763856500,2524d264def74cce2498bf112bedf00e6c0b796d,"IM_EXEC:{""test"":""crypto-sha1"",""n"":256,""elapsed_ms"":1753,""checksum"":""2524d264def74cce2498bf112bedf00e6c0b796d""}",,0,True,efb82da8b03c1f4f11eeb3f88f9902179a62f0a21e620fe0f60845b8b874e292
v8_ignition,crypto-sha1,19,256,2167,2167000000,8464843.75,2203964700,2524d264def74cce2498bf112bedf00e6c0b796d,"IM_EXEC:{""test"":""crypto-sha1"",""n"":256,""elapsed_ms"":2167,""checksum"":""2524d264def74cce2498bf112bedf00e6c0b796d""}",,0,True,efb82da8b03c1f4f11eeb3f88f9902179a62f0a21e620fe0f60845b8b874e292
quickjs,access-nsieve,19,128,2992,2992000000,23375000.0,3001477500,14302,"IM_EXEC:{""test"":""access-nsieve"",""n"":128,""elapsed_ms"":2992,""checksum"":""14302""}",,0,True,d2ff95d96cd8e84458eff804a3dae7ac589b31fa7d1e11cdffd4aa821eec7819
v8_ignition,access-nsieve,19,128,1302,1302000000,10171875.0,1337179400,14302,"IM_EXEC:{""test"":""access-nsieve"",""n"":128,""elapsed_ms"":1302,""checksum"":""14302""}",,0,True,d2ff95d96cd8e84458eff804a3dae7ac589b31fa7d1e11cdffd4aa821eec7819
quickjs,date-format-tofte,19,128,3862,3862000000,30171875.0,3872727100,"2008-05-01|Thursday, May 01, 2008 5:31:22 PM|1209718549000","IM_EXEC:{""test"":""date-format-tofte"",""n"":128,""elapsed_ms"":3862,""checksum"":""2008-05-01|Thursday, May 01, 2008 5:31:22 PM|1209718549000""}",,0,True,9535a5df1307bfc8288791fc3faf48c5e50a5deb6f04987d455c2bcc11ed4bfc
v8_ignition,date-format-tofte,19,128,1055,1055000000,8242187.5,1091386700,"2008-05-01|Thursday, May 01, 2008 5:31:22 PM|1209718549000","IM_EXEC:{""test"":""date-format-tofte"",""n"":128,""elapsed_ms"":1055,""checksum"":""2008-05-01|Thursday, May 01, 2008 5:31:22 PM|1209718549000""}",,0,True,9535a5df1307bfc8288791fc3faf48c5e50a5deb6f04987d455c2bcc11ed4bfc
quickjs,access-nbody,19,64,1007,1007000000,15734375.0,1015566200,-1.3524862408537381,"IM_EXEC:{""test"":""access-nbody"",""n"":64,""elapsed_ms"":1007,""checksum"":""-1.3524862408537381""}",,0,True,19902b6f21c5b25ee15381029c367b4c4e18734127ed7525fb470472ccabc082
v8_ignition,access-nbody,19,64,1236,1236000000,19312500.0,1271108400,-1.3524862408537381,"IM_EXEC:{""test"":""access-nbody"",""n"":64,""elapsed_ms"":1236,""checksum"":""-1.3524862408537381""}",,0,True,19902b6f21c5b25ee15381029c367b4c4e18734127ed7525fb470472ccabc082
quickjs,3d-raytrace,19,128,1928,1928000000,15062500.0,1938311400,20969,"IM_EXEC:{""test"":""3d-raytrace"",""n"":128,""elapsed_ms"":1928,""checksum"":""20969""}",,0,True,fbf3a216ca8bc8223f66e4105ce5c95294ac4e5e8f40c56e660a89fbc4962c15
v8_ignition,3d-raytrace,19,128,1833,1833000000,14320312.5,1871651500,20970,"IM_EXEC:{""test"":""3d-raytrace"",""n"":128,""elapsed_ms"":1833,""checksum"":""20970""}",,0,True,fbf3a216ca8bc8223f66e4105ce5c95294ac4e5e8f40c56e660a89fbc4962c15
quickjs,bitops-bitwise-and,19,256,1792,1792000000,7000000.0,1802162700,0,"IM_EXEC:{""test"":""bitops-bitwise-and"",""n"":256,""elapsed_ms"":1792,""checksum"":""0""}",,0,True,eed5b353d4a2406db32d34e84a8855c02c005be3643b9966be5612fa0de83cab
v8_ignition,bitops-bitwise-and,19,256,2562,2562000000,10007812.5,2596371900,0,"IM_EXEC:{""test"":""bitops-bitwise-and"",""n"":256,""elapsed_ms"":2562,""checksum"":""0""}",,0,True,eed5b353d4a2406db32d34e84a8855c02c005be3643b9966be5612fa0de83cab
quickjs,crypto-aes,19,128,1871,1871000000,14617187.5,1882034900,1343,"IM_EXEC:{""test"":""crypto-aes"",""n"":128,""elapsed_ms"":1871,""checksum"":""1343""}",,0,True,c058d06958b1cc808c8c6a5054645c8fbb44897667ffe4f042da524c13a66234
v8_ignition,crypto-aes,19,128,1730,1730000000,13515625.0,1766535600,1343,"IM_EXEC:{""test"":""crypto-aes"",""n"":128,""elapsed_ms"":1730,""checksum"":""1343""}",,0,True,c058d06958b1cc808c8c6a5054645c8fbb44897667ffe4f042da524c13a66234
quickjs,bitops-3bit-bits-in-byte,19,256,2446,2446000000,9554687.5,2454592700,512000,"IM_EXEC:{""test"":""bitops-3bit-bits-in-byte"",""n"":256,""elapsed_ms"":2446,""checksum"":""512000""}",,0,True,abe5fed281f086bcd3336e21203ccebd592037d9c2a481ccf4c68e894138c38a
v8_ignition,bitops-3bit-bits-in-byte,19,256,1912,1912000000,7468750.0,1944258400,512000,"IM_EXEC:{""test"":""bitops-3bit-bits-in-byte"",""n"":256,""elapsed_ms"":1912,""checksum"":""512000""}",,0,True,abe5fed281f086bcd3336e21203ccebd592037d9c2a481ccf4c68e894138c38a
quickjs,math-partial-sums,19,128,2209,2209000000,17257812.5,2218873000,60.08994194659945,"IM_EXEC:{""test"":""math-partial-sums"",""n"":128,""elapsed_ms"":2209,""checksum"":""60.08994194659945""}",,0,True,4fadb0cf070baa5dde56707dff313a6a62821c6b1621c298f196e1f1bdb726e3
v8_ignition,math-partial-sums,19,128,1478,1478000000,11546875.0,1512170800,60.08994194659945,"IM_EXEC:{""test"":""math-partial-sums"",""n"":128,""elapsed_ms"":1478,""checksum"":""60.08994194659945""}",,0,True,4fadb0cf070baa5dde56707dff313a6a62821c6b1621c298f196e1f1bdb726e3
quickjs,bitops-bits-in-byte,19,64,1275,1275000000,19921875.0,1284406000,358400,"IM_EXEC:{""test"":""bitops-bits-in-byte"",""n"":64,""elapsed_ms"":1275,""checksum"":""358400""}",,0,True,5b00ba9a5c5657f66ade1ddd8f2816ae39bd34dd3007dc07b5357c2c829bef73
v8_ignition,bitops-bits-in-byte,19,64,1295,1295000000,20234375.0,1328999600,358400,"IM_EXEC:{""test"":""bitops-bits-in-byte"",""n"":64,""elapsed_ms"":1295,""checksum"":""358400""}",,0,True,5b00ba9a5c5657f66ade1ddd8f2816ae39bd34dd3007dc07b5357c2c829bef73
quickjs,regexp-dna,19,1024,81487,81487000000,79577148.4375,81499301100,249:300056,"IM_EXEC:{""test"":""regexp-dna"",""n"":1024,""elapsed_ms"":81487,""checksum"":""249:300056""}",,0,True,3afc0a7c18fdee33367b1b484ba5fd4d9b7b225d1b2408dcc4f5fa0f7356cffe
v8_ignition,regexp-dna,19,1024,1886,1886000000,1841796.875,1928491300,249:300056,"IM_EXEC:{""test"":""regexp-dna"",""n"":1024,""elapsed_ms"":1886,""checksum"":""249:300056""}",,0,True,3afc0a7c18fdee33367b1b484ba5fd4d9b7b225d1b2408dcc4f5fa0f7356cffe
quickjs,math-cordic,19,64,1427,1427000000,22296875.0,1436684500,10362.570468755888,"IM_EXEC:{""test"":""math-cordic"",""n"":64,""elapsed_ms"":1427,""checksum"":""10362.570468755888""}",,0,True,34b61588ee1c24cb8be232a1a12958905f04b257e09200a4faefef3bb909ee53
v8_ignition,math-cordic,19,64,1074,1074000000,16781250.0,1108392700,10362.570468755888,"IM_EXEC:{""test"":""math-cordic"",""n"":64,""elapsed_ms"":1074,""checksum"":""10362.570468755888""}",,0,True,34b61588ee1c24cb8be232a1a12958905f04b257e09200a4faefef3bb909ee53
quickjs,access-fannkuch,19,32,1119,1119000000,34968750.0,1127345200,22,"IM_EXEC:{""test"":""access-fannkuch"",""n"":32,""elapsed_ms"":1119,""checksum"":""22""}",,0,True,fee86984d327e7709754ed7a2721517b303a436f895a8b03742b80a000d4eb6b
v8_ignition,access-fannkuch,19,32,1096,1096000000,34250000.0,1133263600,22,"IM_EXEC:{""test"":""access-fannkuch"",""n"":32,""elapsed_ms"":1096,""checksum"":""22""}",,0,True,fee86984d327e7709754ed7a2721517b303a436f895a8b03742b80a000d4eb6b
quickjs,access-binary-trees,19,256,3081,3081000000,12035156.25,3090956700,-4,"IM_EXEC:{""test"":""access-binary-trees"",""n"":256,""elapsed_ms"":3081,""checksum"":""-4""}",,0,True,2574ad07a3319832e969eef6330a65d5569f82589fd3968e95616ade0cac5383
v8_ignition,access-binary-trees,19,256,1415,1415000000,5527343.75,1450270300,-4,"IM_EXEC:{""test"":""access-binary-trees"",""n"":256,""elapsed_ms"":1415,""checksum"":""-4""}",,0,True,2574ad07a3319832e969eef6330a65d5569f82589fd3968e95616ade0cac5383
quickjs,string-tagcloud,19,256,6736,6736000000,26312500.0,6747979600,315241,"IM_EXEC:{""test"":""string-tagcloud"",""n"":256,""elapsed_ms"":6736,""checksum"":""315241""}",,0,True,bdb31cfdc8d9dc183a2016260abf8eae9629ab6f3fd5ffe57c0698243f1ca160
v8_ignition,string-tagcloud,19,256,1416,1416000000,5531250.0,1455513700,315241,"IM_EXEC:{""test"":""string-tagcloud"",""n"":256,""elapsed_ms"":1416,""checksum"":""315241""}",,0,True,bdb31cfdc8d9dc183a2016260abf8eae9629ab6f3fd5ffe57c0698243f1ca160
quickjs,3d-cube,19,64,1938,1938000000,30281250.0,1948508300,320,"IM_EXEC:{""test"":""3d-cube"",""n"":64,""elapsed_ms"":1938,""checksum"":""320""}",,0,True,60a065dcf0b5284dc0c04c58f860a2319aa73d0aaa4ce285a3fa9614f357aa2e
v8_ignition,3d-cube,19,64,1178,1178000000,18406250.0,1214138100,320,"IM_EXEC:{""test"":""3d-cube"",""n"":64,""elapsed_ms"":1178,""checksum"":""320""}",,0,True,60a065dcf0b5284dc0c04c58f860a2319aa73d0aaa4ce285a3fa9614f357aa2e
quickjs,3d-morph,19,64,1408,1408000000,22000000.0,1416704800,0,"IM_EXEC:{""test"":""3d-morph"",""n"":64,""elapsed_ms"":1408,""checksum"":""0""}",,0,True,522e39aba6d7f5f71cab59dfa2d2607b0932d63bdbfc9625b49725e02e9d5983
v8_ignition,3d-morph,19,64,1290,1290000000,20156250.0,1330550700,0,"IM_EXEC:{""test"":""3d-morph"",""n"":64,""elapsed_ms"":1290,""checksum"":""0""}",,0,True,522e39aba6d7f5f71cab59dfa2d2607b0932d63bdbfc9625b49725e02e9d5983
quickjs,math-spectral-norm,19,128,1169,1169000000,9132812.5,1180150700,5.086694231303284,"IM_EXEC:{""test"":""math-spectral-norm"",""n"":128,""elapsed_ms"":1169,""checksum"":""5.086694231303284""}",,0,True,52eb39e653bcbb40e24520ce504d81698f6a67645593e05ca67257f318fba4d8
v8_ignition,math-spectral-norm,19,128,940,940000000,7343750.0,973485800,5.086694231303284,"IM_EXEC:{""test"":""math-spectral-norm"",""n"":128,""elapsed_ms"":940,""checksum"":""5.086694231303284""}",,0,True,52eb39e653bcbb40e24520ce504d81698f6a67645593e05ca67257f318fba4d8
quickjs,string-fasta,19,128,3402,3402000000,26578125.0,3410516100,1456000,"IM_EXEC:{""test"":""string-fasta"",""n"":128,""elapsed_ms"":3402,""checksum"":""1456000""}",,0,True,9ef1f7595b6cdfe6baed89f2f84d63006986f85574a2f446797cd69ca2dd79b8
v8_ignition,string-fasta,19,128,1241,1241000000,9695312.5,1275654700,1456000,"IM_EXEC:{""test"":""string-fasta"",""n"":128,""elapsed_ms"":1241,""checksum"":""1456000""}",,0,True,9ef1f7595b6cdfe6baed89f2f84d63006986f85574a2f446797cd69ca2dd79b8
quickjs,string-validate-input,19,256,3468,3468000000,13546875.0,3477750100,462000,"IM_EXEC:{""test"":""string-validate-input"",""n"":256,""elapsed_ms"":3468,""checksum"":""462000""}",,0,True,f3316365a925df0927fe79ed16a84a33fe9d1e3dafbff918f53f671ca1a58748
v8_ignition,string-validate-input,19,256,1398,1398000000,5460937.5,1433966500,462000,"IM_EXEC:{""test"":""string-validate-input"",""n"":256,""elapsed_ms"":1398,""checksum"":""462000""}",,0,True,f3316365a925df0927fe79ed16a84a33fe9d1e3dafbff918f53f671ca1a58748
quickjs,string-unpack-code,19,256,13543,13543000000,52902343.75,13554364800,511508,"IM_EXEC:{""test"":""string-unpack-code"",""n"":256,""elapsed_ms"":13543,""checksum"":""511508""}",,0,True,81a8b0c2e178b101089899f543ac712456d9edd361ed55f1f8a0075dcdca98b5
v8_ignition,string-unpack-code,19,256,1686,1686000000,6585937.5,1723669400,511508,"IM_EXEC:{""test"":""string-unpack-code"",""n"":256,""elapsed_ms"":1686,""checksum"":""511508""}",,0,True,81a8b0c2e178b101089899f543ac712456d9edd361ed55f1f8a0075dcdca98b5
quickjs,date-format-xparb,19,256,4979,4979000000,19449218.75,4989302900,"2017-09-05|Tuesday, September 05, 2017 7:43:48 AM|1504652895000","IM_EXEC:{""test"":""date-format-xparb"",""n"":256,""elapsed_ms"":4979,""checksum"":""2017-09-05|Tuesday, September 05, 2017 7:43:48 AM|1504652895000""}",,0,True,add041cbb7bfa753ec4a301e26ec01e33f116b6a16883f80454b18f7790e4320
v8_ignition,date-format-xparb,19,256,1091,1091000000,4261718.75,1126568100,"2017-09-05|Tuesday, September 05, 2017 7:43:48 AM|1504652895000","IM_EXEC:{""test"":""date-format-xparb"",""n"":256,""elapsed_ms"":1091,""checksum"":""2017-09-05|Tuesday, September 05, 2017 7:43:48 AM|1504652895000""}",,0,True,add041cbb7bfa753ec4a301e26ec01e33f116b6a16883f80454b18f7790e4320
quickjs,controlflow-recursive,19,256,2126,2126000000,8304687.5,2135033100,57775,"IM_EXEC:{""test"":""controlflow-recursive"",""n"":256,""elapsed_ms"":2126,""checksum"":""57775""}",,0,True,b0137de1a06fa4c71fcd428e68ee4b3a61ae2444b324da024a872b257fd03c64
v8_ignition,controlflow-recursive,19,256,1791,1791000000,6996093.75,1824227100,57775,"IM_EXEC:{""test"":""controlflow-recursive"",""n"":256,""elapsed_ms"":1791,""checksum"":""57775""}",,0,True,b0137de1a06fa4c71fcd428e68ee4b3a61ae2444b324da024a872b257fd03c64
quickjs,bitops-nsieve-bits,19,128,1841,1841000000,14382812.5,1849820400,-1286749544853,"IM_EXEC:{""test"":""bitops-nsieve-bits"",""n"":128,""elapsed_ms"":1841,""checksum"":""-1286749544853""}",,0,True,c8cd89d57d6c82edd3ce9aaea504681391c6fb3beef555532dd2653fc0410765
v8_ignition,bitops-nsieve-bits,19,128,3004,3004000000,23468750.0,3040039700,-1286749544853,"IM_EXEC:{""test"":""bitops-nsieve-bits"",""n"":128,""elapsed_ms"":3004,""checksum"":""-1286749544853""}",,0,True,c8cd89d57d6c82edd3ce9aaea504681391c6fb3beef555532dd2653fc0410765
quickjs,string-base64,19,256,5147,5147000000,20105468.75,5156886600,32768,"IM_EXEC:{""test"":""string-base64"",""n"":256,""elapsed_ms"":5147,""checksum"":""32768""}",,0,True,5cbaf23c322bf98da4482d07d06d87eef3c50cebf6bf7c47046adb556543e441
v8_ignition,string-base64,19,256,1593,1593000000,6222656.25,1629111000,32768,"IM_EXEC:{""test"":""string-base64"",""n"":256,""elapsed_ms"":1593,""checksum"":""32768""}",,0,True,5cbaf23c322bf98da4482d07d06d87eef3c50cebf6bf7c47046adb556543e441
quickjs,crypto-md5,19,256,1868,1868000000,7296875.0,1877670900,a831e91e0f70eddcb70dc61c6f82f6cd,"IM_EXEC:{""test"":""crypto-md5"",""n"":256,""elapsed_ms"":1868,""checksum"":""a831e91e0f70eddcb70dc61c6f82f6cd""}",,0,True,b3676cc77ffa8184c46e9b99de32642296b190805d342e8e046279b12aa423b3
v8_ignition,crypto-md5,19,256,1957,1957000000,7644531.25,1993055800,a831e91e0f70eddcb70dc61c6f82f6cd,"IM_EXEC:{""test"":""crypto-md5"",""n"":256,""elapsed_ms"":1957,""checksum"":""a831e91e0f70eddcb70dc61c6f82f6cd""}",,0,True,b3676cc77ffa8184c46e9b99de32642296b190805d342e8e046279b12aa423b3
v8_ignition,3d-morph,20,64,1272,1272000000,19875000.0,1310332100,0,"IM_EXEC:{""test"":""3d-morph"",""n"":64,""elapsed_ms"":1272,""checksum"":""0""}",,0,True,522e39aba6d7f5f71cab59dfa2d2607b0932d63bdbfc9625b49725e02e9d5983
quickjs,3d-morph,20,64,1430,1430000000,22343750.0,1439428900,0,"IM_EXEC:{""test"":""3d-morph"",""n"":64,""elapsed_ms"":1430,""checksum"":""0""}",,0,True,522e39aba6d7f5f71cab59dfa2d2607b0932d63bdbfc9625b49725e02e9d5983
v8_ignition,bitops-bits-in-byte,20,64,1268,1268000000,19812500.0,1302607100,358400,"IM_EXEC:{""test"":""bitops-bits-in-byte"",""n"":64,""elapsed_ms"":1268,""checksum"":""358400""}",,0,True,5b00ba9a5c5657f66ade1ddd8f2816ae39bd34dd3007dc07b5357c2c829bef73
quickjs,bitops-bits-in-byte,20,64,1287,1287000000,20109375.0,1295691000,358400,"IM_EXEC:{""test"":""bitops-bits-in-byte"",""n"":64,""elapsed_ms"":1287,""checksum"":""358400""}",,0,True,5b00ba9a5c5657f66ade1ddd8f2816ae39bd34dd3007dc07b5357c2c829bef73
v8_ignition,string-tagcloud,20,256,1416,1416000000,5531250.0,1455663100,315241,"IM_EXEC:{""test"":""string-tagcloud"",""n"":256,""elapsed_ms"":1416,""checksum"":""315241""}",,0,True,bdb31cfdc8d9dc183a2016260abf8eae9629ab6f3fd5ffe57c0698243f1ca160
quickjs,string-tagcloud,20,256,6804,6804000000,26578125.0,6815587600,315241,"IM_EXEC:{""test"":""string-tagcloud"",""n"":256,""elapsed_ms"":6804,""checksum"":""315241""}",,0,True,bdb31cfdc8d9dc183a2016260abf8eae9629ab6f3fd5ffe57c0698243f1ca160
v8_ignition,access-binary-trees,20,256,1422,1422000000,5554687.5,1458566300,-4,"IM_EXEC:{""test"":""access-binary-trees"",""n"":256,""elapsed_ms"":1422,""checksum"":""-4""}",,0,True,2574ad07a3319832e969eef6330a65d5569f82589fd3968e95616ade0cac5383
quickjs,access-binary-trees,20,256,3109,3109000000,12144531.25,3118879100,-4,"IM_EXEC:{""test"":""access-binary-trees"",""n"":256,""elapsed_ms"":3109,""checksum"":""-4""}",,0,True,2574ad07a3319832e969eef6330a65d5569f82589fd3968e95616ade0cac5383
v8_ignition,math-partial-sums,20,128,1485,1485000000,11601562.5,1520545500,60.08994194659945,"IM_EXEC:{""test"":""math-partial-sums"",""n"":128,""elapsed_ms"":1485,""checksum"":""60.08994194659945""}",,0,True,4fadb0cf070baa5dde56707dff313a6a62821c6b1621c298f196e1f1bdb726e3
quickjs,math-partial-sums,20,128,2191,2191000000,17117187.5,2199139300,60.08994194659945,"IM_EXEC:{""test"":""math-partial-sums"",""n"":128,""elapsed_ms"":2191,""checksum"":""60.08994194659945""}",,0,True,4fadb0cf070baa5dde56707dff313a6a62821c6b1621c298f196e1f1bdb726e3
v8_ignition,access-fannkuch,20,32,1127,1127000000,35218750.0,1163009600,22,"IM_EXEC:{""test"":""access-fannkuch"",""n"":32,""elapsed_ms"":1127,""checksum"":""22""}",,0,True,fee86984d327e7709754ed7a2721517b303a436f895a8b03742b80a000d4eb6b
quickjs,access-fannkuch,20,32,1169,1169000000,36531250.0,1179339400,22,"IM_EXEC:{""test"":""access-fannkuch"",""n"":32,""elapsed_ms"":1169,""checksum"":""22""}",,0,True,fee86984d327e7709754ed7a2721517b303a436f895a8b03742b80a000d4eb6b
v8_ignition,string-validate-input,20,256,1404,1404000000,5484375.0,1440264000,462000,"IM_EXEC:{""test"":""string-validate-input"",""n"":256,""elapsed_ms"":1404,""checksum"":""462000""}",,0,True,f3316365a925df0927fe79ed16a84a33fe9d1e3dafbff918f53f671ca1a58748
quickjs,string-validate-input,20,256,3436,3436000000,13421875.0,3445207800,462000,"IM_EXEC:{""test"":""string-validate-input"",""n"":256,""elapsed_ms"":3436,""checksum"":""462000""}",,0,True,f3316365a925df0927fe79ed16a84a33fe9d1e3dafbff918f53f671ca1a58748
v8_ignition,bitops-bitwise-and,20,256,2504,2504000000,9781250.0,2539155700,0,"IM_EXEC:{""test"":""bitops-bitwise-and"",""n"":256,""elapsed_ms"":2504,""checksum"":""0""}",,0,True,eed5b353d4a2406db32d34e84a8855c02c005be3643b9966be5612fa0de83cab
quickjs,bitops-bitwise-and,20,256,2046,2046000000,7992187.5,2054886500,0,"IM_EXEC:{""test"":""bitops-bitwise-and"",""n"":256,""elapsed_ms"":2046,""checksum"":""0""}",,0,True,eed5b353d4a2406db32d34e84a8855c02c005be3643b9966be5612fa0de83cab
v8_ignition,3d-cube,20,64,1170,1170000000,18281250.0,1206251400,320,"IM_EXEC:{""test"":""3d-cube"",""n"":64,""elapsed_ms"":1170,""checksum"":""320""}",,0,True,60a065dcf0b5284dc0c04c58f860a2319aa73d0aaa4ce285a3fa9614f357aa2e
quickjs,3d-cube,20,64,1935,1935000000,30234375.0,1944207000,320,"IM_EXEC:{""test"":""3d-cube"",""n"":64,""elapsed_ms"":1935,""checksum"":""320""}",,0,True,60a065dcf0b5284dc0c04c58f860a2319aa73d0aaa4ce285a3fa9614f357aa2e
v8_ignition,date-format-tofte,20,128,1060,1060000000,8281250.0,1094218300,"2008-05-01|Thursday, May 01, 2008 5:31:22 PM|1209718549000","IM_EXEC:{""test"":""date-format-tofte"",""n"":128,""elapsed_ms"":1060,""checksum"":""2008-05-01|Thursday, May 01, 2008 5:31:22 PM|1209718549000""}",,0,True,9535a5df1307bfc8288791fc3faf48c5e50a5deb6f04987d455c2bcc11ed4bfc
quickjs,date-format-tofte,20,128,3805,3805000000,29726562.5,3814189200,"2008-05-01|Thursday, May 01, 2008 5:31:22 PM|1209718549000","IM_EXEC:{""test"":""date-format-tofte"",""n"":128,""elapsed_ms"":3805,""checksum"":""2008-05-01|Thursday, May 01, 2008 5:31:22 PM|1209718549000""}",,0,True,9535a5df1307bfc8288791fc3faf48c5e50a5deb6f04987d455c2bcc11ed4bfc
v8_ignition,date-format-xparb,20,256,1054,1054000000,4117187.5,1088877800,"2017-09-05|Tuesday, September 05, 2017 7:43:48 AM|1504652895000","IM_EXEC:{""test"":""date-format-xparb"",""n"":256,""elapsed_ms"":1054,""checksum"":""2017-09-05|Tuesday, September 05, 2017 7:43:48 AM|1504652895000""}",,0,True,add041cbb7bfa753ec4a301e26ec01e33f116b6a16883f80454b18f7790e4320
quickjs,date-format-xparb,20,256,5086,5086000000,19867187.5,5095430300,"2017-09-05|Tuesday, September 05, 2017 7:43:48 AM|1504652895000","IM_EXEC:{""test"":""date-format-xparb"",""n"":256,""elapsed_ms"":5086,""checksum"":""2017-09-05|Tuesday, September 05, 2017 7:43:48 AM|1504652895000""}",,0,True,add041cbb7bfa753ec4a301e26ec01e33f116b6a16883f80454b18f7790e4320
v8_ignition,bitops-nsieve-bits,20,128,2946,2946000000,23015625.0,2981976800,-1286749544853,"IM_EXEC:{""test"":""bitops-nsieve-bits"",""n"":128,""elapsed_ms"":2946,""checksum"":""-1286749544853""}",,0,True,c8cd89d57d6c82edd3ce9aaea504681391c6fb3beef555532dd2653fc0410765
quickjs,bitops-nsieve-bits,20,128,1858,1858000000,14515625.0,1867986400,-1286749544853,"IM_EXEC:{""test"":""bitops-nsieve-bits"",""n"":128,""elapsed_ms"":1858,""checksum"":""-1286749544853""}",,0,True,c8cd89d57d6c82edd3ce9aaea504681391c6fb3beef555532dd2653fc0410765
v8_ignition,string-base64,20,256,1602,1602000000,6257812.5,1638284300,32768,"IM_EXEC:{""test"":""string-base64"",""n"":256,""elapsed_ms"":1602,""checksum"":""32768""}",,0,True,5cbaf23c322bf98da4482d07d06d87eef3c50cebf6bf7c47046adb556543e441
quickjs,string-base64,20,256,6440,6440000000,25156250.0,6449447700,32768,"IM_EXEC:{""test"":""string-base64"",""n"":256,""elapsed_ms"":6440,""checksum"":""32768""}",,0,True,5cbaf23c322bf98da4482d07d06d87eef3c50cebf6bf7c47046adb556543e441
v8_ignition,3d-raytrace,20,128,1844,1844000000,14406250.0,1885343600,20970,"IM_EXEC:{""test"":""3d-raytrace"",""n"":128,""elapsed_ms"":1844,""checksum"":""20970""}",,0,True,fbf3a216ca8bc8223f66e4105ce5c95294ac4e5e8f40c56e660a89fbc4962c15
quickjs,3d-raytrace,20,128,1944,1944000000,15187500.0,1953459200,20969,"IM_EXEC:{""test"":""3d-raytrace"",""n"":128,""elapsed_ms"":1944,""checksum"":""20969""}",,0,True,fbf3a216ca8bc8223f66e4105ce5c95294ac4e5e8f40c56e660a89fbc4962c15
v8_ignition,controlflow-recursive,20,256,1777,1777000000,6941406.25,1811322100,57775,"IM_EXEC:{""test"":""controlflow-recursive"",""n"":256,""elapsed_ms"":1777,""checksum"":""57775""}",,0,True,b0137de1a06fa4c71fcd428e68ee4b3a61ae2444b324da024a872b257fd03c64
quickjs,controlflow-recursive,20,256,2150,2150000000,8398437.5,2159336100,57775,"IM_EXEC:{""test"":""controlflow-recursive"",""n"":256,""elapsed_ms"":2150,""checksum"":""57775""}",,0,True,b0137de1a06fa4c71fcd428e68ee4b3a61ae2444b324da024a872b257fd03c64
v8_ignition,crypto-md5,20,256,1959,1959000000,7652343.75,1994590900,a831e91e0f70eddcb70dc61c6f82f6cd,"IM_EXEC:{""test"":""crypto-md5"",""n"":256,""elapsed_ms"":1959,""checksum"":""a831e91e0f70eddcb70dc61c6f82f6cd""}",,0,True,b3676cc77ffa8184c46e9b99de32642296b190805d342e8e046279b12aa423b3
quickjs,crypto-md5,20,256,1850,1850000000,7226562.5,1860901900,a831e91e0f70eddcb70dc61c6f82f6cd,"IM_EXEC:{""test"":""crypto-md5"",""n"":256,""elapsed_ms"":1850,""checksum"":""a831e91e0f70eddcb70dc61c6f82f6cd""}",,0,True,b3676cc77ffa8184c46e9b99de32642296b190805d342e8e046279b12aa423b3
v8_ignition,crypto-aes,20,128,1797,1797000000,14039062.5,1832931400,1343,"IM_EXEC:{""test"":""crypto-aes"",""n"":128,""elapsed_ms"":1797,""checksum"":""1343""}",,0,True,c058d06958b1cc808c8c6a5054645c8fbb44897667ffe4f042da524c13a66234
quickjs,crypto-aes,20,128,1937,1937000000,15132812.5,1946274600,1343,"IM_EXEC:{""test"":""crypto-aes"",""n"":128,""elapsed_ms"":1937,""checksum"":""1343""}",,0,True,c058d06958b1cc808c8c6a5054645c8fbb44897667ffe4f042da524c13a66234
v8_ignition,bitops-3bit-bits-in-byte,20,256,1898,1898000000,7414062.5,1934287100,512000,"IM_EXEC:{""test"":""bitops-3bit-bits-in-byte"",""n"":256,""elapsed_ms"":1898,""checksum"":""512000""}",,0,True,abe5fed281f086bcd3336e21203ccebd592037d9c2a481ccf4c68e894138c38a
quickjs,bitops-3bit-bits-in-byte,20,256,2578,2578000000,10070312.5,2588241600,512000,"IM_EXEC:{""test"":""bitops-3bit-bits-in-byte"",""n"":256,""elapsed_ms"":2578,""checksum"":""512000""}",,0,True,abe5fed281f086bcd3336e21203ccebd592037d9c2a481ccf4c68e894138c38a
v8_ignition,math-spectral-norm,20,128,943,943000000,7367187.5,982455600,5.086694231303284,"IM_EXEC:{""test"":""math-spectral-norm"",""n"":128,""elapsed_ms"":943,""checksum"":""5.086694231303284""}",,0,True,52eb39e653bcbb40e24520ce504d81698f6a67645593e05ca67257f318fba4d8
quickjs,math-spectral-norm,20,128,1186,1186000000,9265625.0,1195086400,5.086694231303284,"IM_EXEC:{""test"":""math-spectral-norm"",""n"":128,""elapsed_ms"":1186,""checksum"":""5.086694231303284""}",,0,True,52eb39e653bcbb40e24520ce504d81698f6a67645593e05ca67257f318fba4d8
v8_ignition,string-fasta,20,128,1234,1234000000,9640625.0,1268846000,1456000,"IM_EXEC:{""test"":""string-fasta"",""n"":128,""elapsed_ms"":1234,""checksum"":""1456000""}",,0,True,9ef1f7595b6cdfe6baed89f2f84d63006986f85574a2f446797cd69ca2dd79b8
quickjs,string-fasta,20,128,3499,3499000000,27335937.5,3509380500,1456000,"IM_EXEC:{""test"":""string-fasta"",""n"":128,""elapsed_ms"":3499,""checksum"":""1456000""}",,0,True,9ef1f7595b6cdfe6baed89f2f84d63006986f85574a2f446797cd69ca2dd79b8
v8_ignition,math-cordic,20,64,1080,1080000000,16875000.0,1115342500,10362.570468755888,"IM_EXEC:{""test"":""math-cordic"",""n"":64,""elapsed_ms"":1080,""checksum"":""10362.570468755888""}",,0,True,34b61588ee1c24cb8be232a1a12958905f04b257e09200a4faefef3bb909ee53
quickjs,math-cordic,20,64,1403,1403000000,21921875.0,1412678800,10362.570468755888,"IM_EXEC:{""test"":""math-cordic"",""n"":64,""elapsed_ms"":1403,""checksum"":""10362.570468755888""}",,0,True,34b61588ee1c24cb8be232a1a12958905f04b257e09200a4faefef3bb909ee53
v8_ignition,string-unpack-code,20,256,1695,1695000000,6621093.75,1736058400,511508,"IM_EXEC:{""test"":""string-unpack-code"",""n"":256,""elapsed_ms"":1695,""checksum"":""511508""}",,0,True,81a8b0c2e178b101089899f543ac712456d9edd361ed55f1f8a0075dcdca98b5
quickjs,string-unpack-code,20,256,13977,13977000000,54597656.25,13988347400,511508,"IM_EXEC:{""test"":""string-unpack-code"",""n"":256,""elapsed_ms"":13977,""checksum"":""511508""}",,0,True,81a8b0c2e178b101089899f543ac712456d9edd361ed55f1f8a0075dcdca98b5
v8_ignition,crypto-sha1,20,256,2192,2192000000,8562500.0,2227050000,2524d264def74cce2498bf112bedf00e6c0b796d,"IM_EXEC:{""test"":""crypto-sha1"",""n"":256,""elapsed_ms"":2192,""checksum"":""2524d264def74cce2498bf112bedf00e6c0b796d""}",,0,True,efb82da8b03c1f4f11eeb3f88f9902179a62f0a21e620fe0f60845b8b874e292
quickjs,crypto-sha1,20,256,1738,1738000000,6789062.5,1747801800,2524d264def74cce2498bf112bedf00e6c0b796d,"IM_EXEC:{""test"":""crypto-sha1"",""n"":256,""elapsed_ms"":1738,""checksum"":""2524d264def74cce2498bf112bedf00e6c0b796d""}",,0,True,efb82da8b03c1f4f11eeb3f88f9902179a62f0a21e620fe0f60845b8b874e292
v8_ignition,access-nsieve,20,128,1362,1362000000,10640625.0,1395518600,14302,"IM_EXEC:{""test"":""access-nsieve"",""n"":128,""elapsed_ms"":1362,""checksum"":""14302""}",,0,True,d2ff95d96cd8e84458eff804a3dae7ac589b31fa7d1e11cdffd4aa821eec7819
quickjs,access-nsieve,20,128,3013,3013000000,23539062.5,3021642700,14302,"IM_EXEC:{""test"":""access-nsieve"",""n"":128,""elapsed_ms"":3013,""checksum"":""14302""}",,0,True,d2ff95d96cd8e84458eff804a3dae7ac589b31fa7d1e11cdffd4aa821eec7819
v8_ignition,regexp-dna,20,1024,1881,1881000000,1836914.0625,1921396300,249:300056,"IM_EXEC:{""test"":""regexp-dna"",""n"":1024,""elapsed_ms"":1881,""checksum"":""249:300056""}",,0,True,3afc0a7c18fdee33367b1b484ba5fd4d9b7b225d1b2408dcc4f5fa0f7356cffe
quickjs,regexp-dna,20,1024,82213,82213000000,80286132.8125,82225223200,249:300056,"IM_EXEC:{""test"":""regexp-dna"",""n"":1024,""elapsed_ms"":82213,""checksum"":""249:300056""}",,0,True,3afc0a7c18fdee33367b1b484ba5fd4d9b7b225d1b2408dcc4f5fa0f7356cffe
v8_ignition,access-nbody,20,64,1241,1241000000,19390625.0,1276124600,-1.3524862408537381,"IM_EXEC:{""test"":""access-nbody"",""n"":64,""elapsed_ms"":1241,""checksum"":""-1.3524862408537381""}",,0,True,19902b6f21c5b25ee15381029c367b4c4e18734127ed7525fb470472ccabc082
quickjs,access-nbody,20,64,982,982000000,15343750.0,992008200,-1.3524862408537381,"IM_EXEC:{""test"":""access-nbody"",""n"":64,""elapsed_ms"":982,""checksum"":""-1.3524862408537381""}",,0,True,19902b6f21c5b25ee15381029c367b4c4e18734127ed7525fb470472ccabc082
quickjs,string-tagcloud,21,256,6759,6759000000,26402343.75,6770201800,315241,"IM_EXEC:{""test"":""string-tagcloud"",""n"":256,""elapsed_ms"":6759,""checksum"":""315241""}",,0,True,bdb31cfdc8d9dc183a2016260abf8eae9629ab6f3fd5ffe57c0698243f1ca160
v8_ignition,string-tagcloud,21,256,1414,1414000000,5523437.5,1453742000,315241,"IM_EXEC:{""test"":""string-tagcloud"",""n"":256,""elapsed_ms"":1414,""checksum"":""315241""}",,0,True,bdb31cfdc8d9dc183a2016260abf8eae9629ab6f3fd5ffe57c0698243f1ca160
quickjs,string-base64,21,256,5207,5207000000,20339843.75,5216117100,32768,"IM_EXEC:{""test"":""string-base64"",""n"":256,""elapsed_ms"":5207,""checksum"":""32768""}",,0,True,5cbaf23c322bf98da4482d07d06d87eef3c50cebf6bf7c47046adb556543e441
v8_ignition,string-base64,21,256,1627,1627000000,6355468.75,1664279200,32768,"IM_EXEC:{""test"":""string-base64"",""n"":256,""elapsed_ms"":1627,""checksum"":""32768""}",,0,True,5cbaf23c322bf98da4482d07d06d87eef3c50cebf6bf7c47046adb556543e441
quickjs,bitops-bits-in-byte,21,64,1279,1279000000,19984375.0,1288926000,358400,"IM_EXEC:{""test"":""bitops-bits-in-byte"",""n"":64,""elapsed_ms"":1279,""checksum"":""358400""}",,0,True,5b00ba9a5c5657f66ade1ddd8f2816ae39bd34dd3007dc07b5357c2c829bef73
v8_ignition,bitops-bits-in-byte,21,64,1284,1284000000,20062500.0,1317901400,358400,"IM_EXEC:{""test"":""bitops-bits-in-byte"",""n"":64,""elapsed_ms"":1284,""checksum"":""358400""}",,0,True,5b00ba9a5c5657f66ade1ddd8f2816ae39bd34dd3007dc07b5357c2c829bef73
quickjs,access-fannkuch,21,32,1169,1169000000,36531250.0,1178595700,22,"IM_EXEC:{""test"":""access-fannkuch"",""n"":32,""elapsed_ms"":1169,""checksum"":""22""}",,0,True,fee86984d327e7709754ed7a2721517b303a436f895a8b03742b80a000d4eb6b
v8_ignition,access-fannkuch,21,32,1108,1108000000,34625000.0,1143276400,22,"IM_EXEC:{""test"":""access-fannkuch"",""n"":32,""elapsed_ms"":1108,""checksum"":""22""}",,0,True,fee86984d327e7709754ed7a2721517b303a436f895a8b03742b80a000d4eb6b
quickjs,crypto-md5,21,256,1860,1860000000,7265625.0,1868984100,a831e91e0f70eddcb70dc61c6f82f6cd,"IM_EXEC:{""test"":""crypto-md5"",""n"":256,""elapsed_ms"":1860,""checksum"":""a831e91e0f70eddcb70dc61c6f82f6cd""}",,0,True,b3676cc77ffa8184c46e9b99de32642296b190805d342e8e046279b12aa423b3
v8_ignition,crypto-md5,21,256,1955,1955000000,7636718.75,1989686300,a831e91e0f70eddcb70dc61c6f82f6cd,"IM_EXEC:{""test"":""crypto-md5"",""n"":256,""elapsed_ms"":1955,""checksum"":""a831e91e0f70eddcb70dc61c6f82f6cd""}",,0,True,b3676cc77ffa8184c46e9b99de32642296b190805d342e8e046279b12aa423b3
quickjs,controlflow-recursive,21,256,2124,2124000000,8296875.0,2133838800,57775,"IM_EXEC:{""test"":""controlflow-recursive"",""n"":256,""elapsed_ms"":2124,""checksum"":""57775""}",,0,True,b0137de1a06fa4c71fcd428e68ee4b3a61ae2444b324da024a872b257fd03c64
v8_ignition,controlflow-recursive,21,256,1756,1756000000,6859375.0,1791376200,57775,"IM_EXEC:{""test"":""controlflow-recursive"",""n"":256,""elapsed_ms"":1756,""checksum"":""57775""}",,0,True,b0137de1a06fa4c71fcd428e68ee4b3a61ae2444b324da024a872b257fd03c64
quickjs,math-partial-sums,21,128,2204,2204000000,17218750.0,2213314600,60.08994194659945,"IM_EXEC:{""test"":""math-partial-sums"",""n"":128,""elapsed_ms"":2204,""checksum"":""60.08994194659945""}",,0,True,4fadb0cf070baa5dde56707dff313a6a62821c6b1621c298f196e1f1bdb726e3
v8_ignition,math-partial-sums,21,128,1450,1450000000,11328125.0,1485147100,60.08994194659945,"IM_EXEC:{""test"":""math-partial-sums"",""n"":128,""elapsed_ms"":1450,""checksum"":""60.08994194659945""}",,0,True,4fadb0cf070baa5dde56707dff313a6a62821c6b1621c298f196e1f1bdb726e3
quickjs,crypto-sha1,21,256,1748,1748000000,6828125.0,1758754200,2524d264def74cce2498bf112bedf00e6c0b796d,"IM_EXEC:{""test"":""crypto-sha1"",""n"":256,""elapsed_ms"":1748,""checksum"":""2524d264def74cce2498bf112bedf00e6c0b796d""}",,0,True,efb82da8b03c1f4f11eeb3f88f9902179a62f0a21e620fe0f60845b8b874e292
v8_ignition,crypto-sha1,21,256,2177,2177000000,8503906.25,2212092800,2524d264def74cce2498bf112bedf00e6c0b796d,"IM_EXEC:{""test"":""crypto-sha1"",""n"":256,""elapsed_ms"":2177,""checksum"":""2524d264def74cce2498bf112bedf00e6c0b796d""}",,0,True,efb82da8b03c1f4f11eeb3f88f9902179a62f0a21e620fe0f60845b8b874e292
quickjs,math-spectral-norm,21,128,1177,1177000000,9195312.5,1186024300,5.086694231303284,"IM_EXEC:{""test"":""math-spectral-norm"",""n"":128,""elapsed_ms"":1177,""checksum"":""5.086694231303284""}",,0,True,52eb39e653bcbb40e24520ce504d81698f6a67645593e05ca67257f318fba4d8
v8_ignition,math-spectral-norm,21,128,975,975000000,7617187.5,1007102800,5.086694231303284,"IM_EXEC:{""test"":""math-spectral-norm"",""n"":128,""elapsed_ms"":975,""checksum"":""5.086694231303284""}",,0,True,52eb39e653bcbb40e24520ce504d81698f6a67645593e05ca67257f318fba4d8
quickjs,bitops-nsieve-bits,21,128,1827,1827000000,14273437.5,1836305200,-1286749544853,"IM_EXEC:{""test"":""bitops-nsieve-bits"",""n"":128,""elapsed_ms"":1827,""checksum"":""-1286749544853""}",,0,True,c8cd89d57d6c82edd3ce9aaea504681391c6fb3beef555532dd2653fc0410765
v8_ignition,bitops-nsieve-bits,21,128,2985,2985000000,23320312.5,3023286100,-1286749544853,"IM_EXEC:{""test"":""bitops-nsieve-bits"",""n"":128,""elapsed_ms"":2985,""checksum"":""-1286749544853""}",,0,True,c8cd89d57d6c82edd3ce9aaea504681391c6fb3beef555532dd2653fc0410765
quickjs,access-nsieve,21,128,3012,3012000000,23531250.0,3021500600,14302,"IM_EXEC:{""test"":""access-nsieve"",""n"":128,""elapsed_ms"":3012,""checksum"":""14302""}",,0,True,d2ff95d96cd8e84458eff804a3dae7ac589b31fa7d1e11cdffd4aa821eec7819
v8_ignition,access-nsieve,21,128,1319,1319000000,10304687.5,1354718400,14302,"IM_EXEC:{""test"":""access-nsieve"",""n"":128,""elapsed_ms"":1319,""checksum"":""14302""}",,0,True,d2ff95d96cd8e84458eff804a3dae7ac589b31fa7d1e11cdffd4aa821eec7819
quickjs,crypto-aes,21,128,1919,1919000000,14992187.5,1928691600,1343,"IM_EXEC:{""test"":""crypto-aes"",""n"":128,""elapsed_ms"":1919,""checksum"":""1343""}",,0,True,c058d06958b1cc808c8c6a5054645c8fbb44897667ffe4f042da524c13a66234
v8_ignition,crypto-aes,21,128,1731,1731000000,13523437.5,1766404800,1343,"IM_EXEC:{""test"":""crypto-aes"",""n"":128,""elapsed_ms"":1731,""checksum"":""1343""}",,0,True,c058d06958b1cc808c8c6a5054645c8fbb44897667ffe4f042da524c13a66234
quickjs,access-binary-trees,21,256,3102,3102000000,12117187.5,3110955700,-4,"IM_EXEC:{""test"":""access-binary-trees"",""n"":256,""elapsed_ms"":3102,""checksum"":""-4""}",,0,True,2574ad07a3319832e969eef6330a65d5569f82589fd3968e95616ade0cac5383
v8_ignition,access-binary-trees,21,256,1417,1417000000,5535156.25,1452988900,-4,"IM_EXEC:{""test"":""access-binary-trees"",""n"":256,""elapsed_ms"":1417,""checksum"":""-4""}",,0,True,2574ad07a3319832e969eef6330a65d5569f82589fd3968e95616ade0cac5383
quickjs,date-format-xparb,21,256,5071,5071000000,19808593.75,5080295500,"2017-09-05|Tuesday, September 05, 2017 7:43:48 AM|1504652895000","IM_EXEC:{""test"":""date-format-xparb"",""n"":256,""elapsed_ms"":5071,""checksum"":""2017-09-05|Tuesday, September 05, 2017 7:43:48 AM|1504652895000""}",,0,True,add041cbb7bfa753ec4a301e26ec01e33f116b6a16883f80454b18f7790e4320
v8_ignition,date-format-xparb,21,256,1065,1065000000,4160156.25,1100984100,"2017-09-05|Tuesday, September 05, 2017 7:43:48 AM|1504652895000","IM_EXEC:{""test"":""date-format-xparb"",""n"":256,""elapsed_ms"":1065,""checksum"":""2017-09-05|Tuesday, September 05, 2017 7:43:48 AM|1504652895000""}",,0,True,add041cbb7bfa753ec4a301e26ec01e33f116b6a16883f80454b18f7790e4320
quickjs,3d-morph,21,64,1430,1430000000,22343750.0,1439620100,0,"IM_EXEC:{""test"":""3d-morph"",""n"":64,""elapsed_ms"":1430,""checksum"":""0""}",,0,True,522e39aba6d7f5f71cab59dfa2d2607b0932d63bdbfc9625b49725e02e9d5983
v8_ignition,3d-morph,21,64,1287,1287000000,20109375.0,1324875400,0,"IM_EXEC:{""test"":""3d-morph"",""n"":64,""elapsed_ms"":1287,""checksum"":""0""}",,0,True,522e39aba6d7f5f71cab59dfa2d2607b0932d63bdbfc9625b49725e02e9d5983
quickjs,math-cordic,21,64,1397,1397000000,21828125.0,1406274700,10362.570468755888,"IM_EXEC:{""test"":""math-cordic"",""n"":64,""elapsed_ms"":1397,""checksum"":""10362.570468755888""}",,0,True,34b61588ee1c24cb8be232a1a12958905f04b257e09200a4faefef3bb909ee53
v8_ignition,math-cordic,21,64,1088,1088000000,17000000.0,1123862500,10362.570468755888,"IM_EXEC:{""test"":""math-cordic"",""n"":64,""elapsed_ms"":1088,""checksum"":""10362.570468755888""}",,0,True,34b61588ee1c24cb8be232a1a12958905f04b257e09200a4faefef3bb909ee53
quickjs,regexp-dna,21,1024,81420,81420000000,79511718.75,81432076500,249:300056,"IM_EXEC:{""test"":""regexp-dna"",""n"":1024,""elapsed_ms"":81420,""checksum"":""249:300056""}",,0,True,3afc0a7c18fdee33367b1b484ba5fd4d9b7b225d1b2408dcc4f5fa0f7356cffe
v8_ignition,regexp-dna,21,1024,1878,1878000000,1833984.375,1919691400,249:300056,"IM_EXEC:{""test"":""regexp-dna"",""n"":1024,""elapsed_ms"":1878,""checksum"":""249:300056""}",,0,True,3afc0a7c18fdee33367b1b484ba5fd4d9b7b225d1b2408dcc4f5fa0f7356cffe
quickjs,access-nbody,21,64,974,974000000,15218750.0,984076100,-1.3524862408537381,"IM_EXEC:{""test"":""access-nbody"",""n"":64,""elapsed_ms"":974,""checksum"":""-1.3524862408537381""}",,0,True,19902b6f21c5b25ee15381029c367b4c4e18734127ed7525fb470472ccabc082
v8_ignition,access-nbody,21,64,1239,1239000000,19359375.0,1273601600,-1.3524862408537381,"IM_EXEC:{""test"":""access-nbody"",""n"":64,""elapsed_ms"":1239,""checksum"":""-1.3524862408537381""}",,0,True,19902b6f21c5b25ee15381029c367b4c4e18734127ed7525fb470472ccabc082
quickjs,string-validate-input,21,256,3448,3448000000,13468750.0,3456423500,462000,"IM_EXEC:{""test"":""string-validate-input"",""n"":256,""elapsed_ms"":3448,""checksum"":""462000""}",,0,True,f3316365a925df0927fe79ed16a84a33fe9d1e3dafbff918f53f671ca1a58748
v8_ignition,string-validate-input,21,256,1413,1413000000,5519531.25,1449747300,462000,"IM_EXEC:{""test"":""string-validate-input"",""n"":256,""elapsed_ms"":1413,""checksum"":""462000""}",,0,True,f3316365a925df0927fe79ed16a84a33fe9d1e3dafbff918f53f671ca1a58748
quickjs,string-unpack-code,21,256,13773,13773000000,53800781.25,13785833100,511508,"IM_EXEC:{""test"":""string-unpack-code"",""n"":256,""elapsed_ms"":13773,""checksum"":""511508""}",,0,True,81a8b0c2e178b101089899f543ac712456d9edd361ed55f1f8a0075dcdca98b5
v8_ignition,string-unpack-code,21,256,1691,1691000000,6605468.75,1729638100,511508,"IM_EXEC:{""test"":""string-unpack-code"",""n"":256,""elapsed_ms"":1691,""checksum"":""511508""}",,0,True,81a8b0c2e178b101089899f543ac712456d9edd361ed55f1f8a0075dcdca98b5
quickjs,3d-raytrace,21,128,1913,1913000000,14945312.5,1923350200,20969,"IM_EXEC:{""test"":""3d-raytrace"",""n"":128,""elapsed_ms"":1913,""checksum"":""20969""}",,0,True,fbf3a216ca8bc8223f66e4105ce5c95294ac4e5e8f40c56e660a89fbc4962c15
v8_ignition,3d-raytrace,21,128,1862,1862000000,14546875.0,1900807600,20970,"IM_EXEC:{""test"":""3d-raytrace"",""n"":128,""elapsed_ms"":1862,""checksum"":""20970""}",,0,True,fbf3a216ca8bc8223f66e4105ce5c95294ac4e5e8f40c56e660a89fbc4962c15
quickjs,date-format-tofte,21,128,3866,3866000000,30203125.0,3876468600,"2008-05-01|Thursday, May 01, 2008 5:31:22 PM|1209718549000","IM_EXEC:{""test"":""date-format-tofte"",""n"":128,""elapsed_ms"":3866,""checksum"":""2008-05-01|Thursday, May 01, 2008 5:31:22 PM|1209718549000""}",,0,True,9535a5df1307bfc8288791fc3faf48c5e50a5deb6f04987d455c2bcc11ed4bfc
v8_ignition,date-format-tofte,21,128,1068,1068000000,8343750.0,1102529500,"2008-05-01|Thursday, May 01, 2008 5:31:22 PM|1209718549000","IM_EXEC:{""test"":""date-format-tofte"",""n"":128,""elapsed_ms"":1068,""checksum"":""2008-05-01|Thursday, May 01, 2008 5:31:22 PM|1209718549000""}",,0,True,9535a5df1307bfc8288791fc3faf48c5e50a5deb6f04987d455c2bcc11ed4bfc
quickjs,3d-cube,21,64,1943,1943000000,30359375.0,1953394900,320,"IM_EXEC:{""test"":""3d-cube"",""n"":64,""elapsed_ms"":1943,""checksum"":""320""}",,0,True,60a065dcf0b5284dc0c04c58f860a2319aa73d0aaa4ce285a3fa9614f357aa2e
v8_ignition,3d-cube,21,64,1158,1158000000,18093750.0,1192992300,320,"IM_EXEC:{""test"":""3d-cube"",""n"":64,""elapsed_ms"":1158,""checksum"":""320""}",,0,True,60a065dcf0b5284dc0c04c58f860a2319aa73d0aaa4ce285a3fa9614f357aa2e
quickjs,bitops-3bit-bits-in-byte,21,256,2475,2475000000,9667968.75,2483652600,512000,"IM_EXEC:{""test"":""bitops-3bit-bits-in-byte"",""n"":256,""elapsed_ms"":2475,""checksum"":""512000""}",,0,True,abe5fed281f086bcd3336e21203ccebd592037d9c2a481ccf4c68e894138c38a
v8_ignition,bitops-3bit-bits-in-byte,21,256,1967,1967000000,7683593.75,2001122700,512000,"IM_EXEC:{""test"":""bitops-3bit-bits-in-byte"",""n"":256,""elapsed_ms"":1967,""checksum"":""512000""}",,0,True,abe5fed281f086bcd3336e21203ccebd592037d9c2a481ccf4c68e894138c38a
quickjs,bitops-bitwise-and,21,256,1816,1816000000,7093750.0,1825293400,0,"IM_EXEC:{""test"":""bitops-bitwise-and"",""n"":256,""elapsed_ms"":1816,""checksum"":""0""}",,0,True,eed5b353d4a2406db32d34e84a8855c02c005be3643b9966be5612fa0de83cab
v8_ignition,bitops-bitwise-and,21,256,2731,2731000000,10667968.75,2764490800,0,"IM_EXEC:{""test"":""bitops-bitwise-and"",""n"":256,""elapsed_ms"":2731,""checksum"":""0""}",,0,True,eed5b353d4a2406db32d34e84a8855c02c005be3643b9966be5612fa0de83cab
quickjs,string-fasta,21,128,3425,3425000000,26757812.5,3433339600,1456000,"IM_EXEC:{""test"":""string-fasta"",""n"":128,""elapsed_ms"":3425,""checksum"":""1456000""}",,0,True,9ef1f7595b6cdfe6baed89f2f84d63006986f85574a2f446797cd69ca2dd79b8
v8_ignition,string-fasta,21,128,1240,1240000000,9687500.0,1275926800,1456000,"IM_EXEC:{""test"":""string-fasta"",""n"":128,""elapsed_ms"":1240,""checksum"":""1456000""}",,0,True,9ef1f7595b6cdfe6baed89f2f84d63006986f85574a2f446797cd69ca2dd79b8
v8_ignition,date-format-tofte,22,128,1060,1060000000,8281250.0,1094921100,"2008-05-01|Thursday, May 01, 2008 5:31:22 PM|1209718549000","IM_EXEC:{""test"":""date-format-tofte"",""n"":128,""elapsed_ms"":1060,""checksum"":""2008-05-01|Thursday, May 01, 2008 5:31:22 PM|1209718549000""}",,0,True,9535a5df1307bfc8288791fc3faf48c5e50a5deb6f04987d455c2bcc11ed4bfc
quickjs,date-format-tofte,22,128,3869,3869000000,30226562.5,3878806300,"2008-05-01|Thursday, May 01, 2008 5:31:22 PM|1209718549000","IM_EXEC:{""test"":""date-format-tofte"",""n"":128,""elapsed_ms"":3869,""checksum"":""2008-05-01|Thursday, May 01, 2008 5:31:22 PM|1209718549000""}",,0,True,9535a5df1307bfc8288791fc3faf48c5e50a5deb6f04987d455c2bcc11ed4bfc
v8_ignition,bitops-bits-in-byte,22,64,1324,1324000000,20687500.0,1358796600,358400,"IM_EXEC:{""test"":""bitops-bits-in-byte"",""n"":64,""elapsed_ms"":1324,""checksum"":""358400""}",,0,True,5b00ba9a5c5657f66ade1ddd8f2816ae39bd34dd3007dc07b5357c2c829bef73
quickjs,bitops-bits-in-byte,22,64,1254,1254000000,19593750.0,1264103000,358400,"IM_EXEC:{""test"":""bitops-bits-in-byte"",""n"":64,""elapsed_ms"":1254,""checksum"":""358400""}",,0,True,5b00ba9a5c5657f66ade1ddd8f2816ae39bd34dd3007dc07b5357c2c829bef73
v8_ignition,access-nbody,22,64,1239,1239000000,19359375.0,1272892500,-1.3524862408537381,"IM_EXEC:{""test"":""access-nbody"",""n"":64,""elapsed_ms"":1239,""checksum"":""-1.3524862408537381""}",,0,True,19902b6f21c5b25ee15381029c367b4c4e18734127ed7525fb470472ccabc082
quickjs,access-nbody,22,64,971,971000000,15171875.0,979637300,-1.3524862408537381,"IM_EXEC:{""test"":""access-nbody"",""n"":64,""elapsed_ms"":971,""checksum"":""-1.3524862408537381""}",,0,True,19902b6f21c5b25ee15381029c367b4c4e18734127ed7525fb470472ccabc082
v8_ignition,date-format-xparb,22,256,1065,1065000000,4160156.25,1099742600,"2017-09-05|Tuesday, September 05, 2017 7:43:48 AM|1504652895000","IM_EXEC:{""test"":""date-format-xparb"",""n"":256,""elapsed_ms"":1065,""checksum"":""2017-09-05|Tuesday, September 05, 2017 7:43:48 AM|1504652895000""}",,0,True,add041cbb7bfa753ec4a301e26ec01e33f116b6a16883f80454b18f7790e4320
quickjs,date-format-xparb,22,256,5029,5029000000,19644531.25,5038412000,"2017-09-05|Tuesday, September 05, 2017 7:43:48 AM|1504652895000","IM_EXEC:{""test"":""date-format-xparb"",""n"":256,""elapsed_ms"":5029,""checksum"":""2017-09-05|Tuesday, September 05, 2017 7:43:48 AM|1504652895000""}",,0,True,add041cbb7bfa753ec4a301e26ec01e33f116b6a16883f80454b18f7790e4320
v8_ignition,bitops-3bit-bits-in-byte,22,256,1867,1867000000,7292968.75,1903872400,512000,"IM_EXEC:{""test"":""bitops-3bit-bits-in-byte"",""n"":256,""elapsed_ms"":1867,""checksum"":""512000""}",,0,True,abe5fed281f086bcd3336e21203ccebd592037d9c2a481ccf4c68e894138c38a
quickjs,bitops-3bit-bits-in-byte,22,256,2519,2519000000,9839843.75,2529656200,512000,"IM_EXEC:{""test"":""bitops-3bit-bits-in-byte"",""n"":256,""elapsed_ms"":2519,""checksum"":""512000""}",,0,True,abe5fed281f086bcd3336e21203ccebd592037d9c2a481ccf4c68e894138c38a
v8_ignition,string-fasta,22,128,1234,1234000000,9640625.0,1267880500,1456000,"IM_EXEC:{""test"":""string-fasta"",""n"":128,""elapsed_ms"":1234,""checksum"":""1456000""}",,0,True,9ef1f7595b6cdfe6baed89f2f84d63006986f85574a2f446797cd69ca2dd79b8
quickjs,string-fasta,22,128,3426,3426000000,26765625.0,3434909800,1456000,"IM_EXEC:{""test"":""string-fasta"",""n"":128,""elapsed_ms"":3426,""checksum"":""1456000""}",,0,True,9ef1f7595b6cdfe6baed89f2f84d63006986f85574a2f446797cd69ca2dd79b8
v8_ignition,math-cordic,22,64,1100,1100000000,17187500.0,1134459900,10362.570468755888,"IM_EXEC:{""test"":""math-cordic"",""n"":64,""elapsed_ms"":1100,""checksum"":""10362.570468755888""}",,0,True,34b61588ee1c24cb8be232a1a12958905f04b257e09200a4faefef3bb909ee53
quickjs,math-cordic,22,64,1429,1429000000,22328125.0,1439235900,10362.570468755888,"IM_EXEC:{""test"":""math-cordic"",""n"":64,""elapsed_ms"":1429,""checksum"":""10362.570468755888""}",,0,True,34b61588ee1c24cb8be232a1a12958905f04b257e09200a4faefef3bb909ee53
v8_ignition,math-partial-sums,22,128,1482,1482000000,11578125.0,1516990600,60.08994194659945,"IM_EXEC:{""test"":""math-partial-sums"",""n"":128,""elapsed_ms"":1482,""checksum"":""60.08994194659945""}",,0,True,4fadb0cf070baa5dde56707dff313a6a62821c6b1621c298f196e1f1bdb726e3
quickjs,math-partial-sums,22,128,2229,2229000000,17414062.5,2238065300,60.08994194659945,"IM_EXEC:{""test"":""math-partial-sums"",""n"":128,""elapsed_ms"":2229,""checksum"":""60.08994194659945""}",,0,True,4fadb0cf070baa5dde56707dff313a6a62821c6b1621c298f196e1f1bdb726e3
v8_ignition,math-spectral-norm,22,128,934,934000000,7296875.0,969455900,5.086694231303284,"IM_EXEC:{""test"":""math-spectral-norm"",""n"":128,""elapsed_ms"":934,""checksum"":""5.086694231303284""}",,0,True,52eb39e653bcbb40e24520ce504d81698f6a67645593e05ca67257f318fba4d8
quickjs,math-spectral-norm,22,128,1163,1163000000,9085937.5,1172105200,5.086694231303284,"IM_EXEC:{""test"":""math-spectral-norm"",""n"":128,""elapsed_ms"":1163,""checksum"":""5.086694231303284""}",,0,True,52eb39e653bcbb40e24520ce504d81698f6a67645593e05ca67257f318fba4d8
v8_ignition,controlflow-recursive,22,256,1819,1819000000,7105468.75,1851772300,57775,"IM_EXEC:{""test"":""controlflow-recursive"",""n"":256,""elapsed_ms"":1819,""checksum"":""57775""}",,0,True,b0137de1a06fa4c71fcd428e68ee4b3a61ae2444b324da024a872b257fd03c64
quickjs,controlflow-recursive,22,256,2116,2116000000,8265625.0,2124882300,57775,"IM_EXEC:{""test"":""controlflow-recursive"",""n"":256,""elapsed_ms"":2116,""checksum"":""57775""}",,0,True,b0137de1a06fa4c71fcd428e68ee4b3a61ae2444b324da024a872b257fd03c64
v8_ignition,crypto-aes,22,128,1753,1753000000,13695312.5,1787984300,1343,"IM_EXEC:{""test"":""crypto-aes"",""n"":128,""elapsed_ms"":1753,""checksum"":""1343""}",,0,True,c058d06958b1cc808c8c6a5054645c8fbb44897667ffe4f042da524c13a66234
quickjs,crypto-aes,22,128,1929,1929000000,15070312.5,1940087800,1343,"IM_EXEC:{""test"":""crypto-aes"",""n"":128,""elapsed_ms"":1929,""checksum"":""1343""}",,0,True,c058d06958b1cc808c8c6a5054645c8fbb44897667ffe4f042da524c13a66234
v8_ignition,3d-morph,22,64,1278,1278000000,19968750.0,1317282500,0,"IM_EXEC:{""test"":""3d-morph"",""n"":64,""elapsed_ms"":1278,""checksum"":""0""}",,0,True,522e39aba6d7f5f71cab59dfa2d2607b0932d63bdbfc9625b49725e02e9d5983
quickjs,3d-morph,22,64,1419,1419000000,22171875.0,1428124200,0,"IM_EXEC:{""test"":""3d-morph"",""n"":64,""elapsed_ms"":1419,""checksum"":""0""}",,0,True,522e39aba6d7f5f71cab59dfa2d2607b0932d63bdbfc9625b49725e02e9d5983
v8_ignition,3d-raytrace,22,128,1888,1888000000,14750000.0,1925786200,20970,"IM_EXEC:{""test"":""3d-raytrace"",""n"":128,""elapsed_ms"":1888,""checksum"":""20970""}",,0,True,fbf3a216ca8bc8223f66e4105ce5c95294ac4e5e8f40c56e660a89fbc4962c15
quickjs,3d-raytrace,22,128,1927,1927000000,15054687.5,1937771300,20969,"IM_EXEC:{""test"":""3d-raytrace"",""n"":128,""elapsed_ms"":1927,""checksum"":""20969""}",,0,True,fbf3a216ca8bc8223f66e4105ce5c95294ac4e5e8f40c56e660a89fbc4962c15
v8_ignition,access-fannkuch,22,32,1105,1105000000,34531250.0,1139343400,22,"IM_EXEC:{""test"":""access-fannkuch"",""n"":32,""elapsed_ms"":1105,""checksum"":""22""}",,0,True,fee86984d327e7709754ed7a2721517b303a436f895a8b03742b80a000d4eb6b
quickjs,access-fannkuch,22,32,1180,1180000000,36875000.0,1189446600,22,"IM_EXEC:{""test"":""access-fannkuch"",""n"":32,""elapsed_ms"":1180,""checksum"":""22""}",,0,True,fee86984d327e7709754ed7a2721517b303a436f895a8b03742b80a000d4eb6b
v8_ignition,bitops-bitwise-and,22,256,2580,2580000000,10078125.0,2616776000,0,"IM_EXEC:{""test"":""bitops-bitwise-and"",""n"":256,""elapsed_ms"":2580,""checksum"":""0""}",,0,True,eed5b353d4a2406db32d34e84a8855c02c005be3643b9966be5612fa0de83cab
quickjs,bitops-bitwise-and,22,256,1798,1798000000,7023437.5,1807660400,0,"IM_EXEC:{""test"":""bitops-bitwise-and"",""n"":256,""elapsed_ms"":1798,""checksum"":""0""}",,0,True,eed5b353d4a2406db32d34e84a8855c02c005be3643b9966be5612fa0de83cab
v8_ignition,crypto-md5,22,256,1973,1973000000,7707031.25,2009041900,a831e91e0f70eddcb70dc61c6f82f6cd,"IM_EXEC:{""test"":""crypto-md5"",""n"":256,""elapsed_ms"":1973,""checksum"":""a831e91e0f70eddcb70dc61c6f82f6cd""}",,0,True,b3676cc77ffa8184c46e9b99de32642296b190805d342e8e046279b12aa423b3
quickjs,crypto-md5,22,256,1889,1889000000,7378906.25,1897994100,a831e91e0f70eddcb70dc61c6f82f6cd,"IM_EXEC:{""test"":""crypto-md5"",""n"":256,""elapsed_ms"":1889,""checksum"":""a831e91e0f70eddcb70dc61c6f82f6cd""}",,0,True,b3676cc77ffa8184c46e9b99de32642296b190805d342e8e046279b12aa423b3
v8_ignition,3d-cube,22,64,1172,1172000000,18312500.0,1210176600,320,"IM_EXEC:{""test"":""3d-cube"",""n"":64,""elapsed_ms"":1172,""checksum"":""320""}",,0,True,60a065dcf0b5284dc0c04c58f860a2319aa73d0aaa4ce285a3fa9614f357aa2e
quickjs,3d-cube,22,64,1942,1942000000,30343750.0,1951558600,320,"IM_EXEC:{""test"":""3d-cube"",""n"":64,""elapsed_ms"":1942,""checksum"":""320""}",,0,True,60a065dcf0b5284dc0c04c58f860a2319aa73d0aaa4ce285a3fa9614f357aa2e
v8_ignition,bitops-nsieve-bits,22,128,3011,3011000000,23523437.5,3044585600,-1286749544853,"IM_EXEC:{""test"":""bitops-nsieve-bits"",""n"":128,""elapsed_ms"":3011,""checksum"":""-1286749544853""}",,0,True,c8cd89d57d6c82edd3ce9aaea504681391c6fb3beef555532dd2653fc0410765
quickjs,bitops-nsieve-bits,22,128,1894,1894000000,14796875.0,1902517300,-1286749544853,"IM_EXEC:{""test"":""bitops-nsieve-bits"",""n"":128,""elapsed_ms"":1894,""checksum"":""-1286749544853""}",,0,True,c8cd89d57d6c82edd3ce9aaea504681391c6fb3beef555532dd2653fc0410765
v8_ignition,crypto-sha1,22,256,2200,2200000000,8593750.0,2235456000,2524d264def74cce2498bf112bedf00e6c0b796d,"IM_EXEC:{""test"":""crypto-sha1"",""n"":256,""elapsed_ms"":2200,""checksum"":""2524d264def74cce2498bf112bedf00e6c0b796d""}",,0,True,efb82da8b03c1f4f11eeb3f88f9902179a62f0a21e620fe0f60845b8b874e292
quickjs,crypto-sha1,22,256,1754,1754000000,6851562.5,1763528000,2524d264def74cce2498bf112bedf00e6c0b796d,"IM_EXEC:{""test"":""crypto-sha1"",""n"":256,""elapsed_ms"":1754,""checksum"":""2524d264def74cce2498bf112bedf00e6c0b796d""}",,0,True,efb82da8b03c1f4f11eeb3f88f9902179a62f0a21e620fe0f60845b8b874e292
v8_ignition,string-validate-input,22,256,1410,1410000000,5507812.5,1447010900,462000,"IM_EXEC:{""test"":""string-validate-input"",""n"":256,""elapsed_ms"":1410,""checksum"":""462000""}",,0,True,f3316365a925df0927fe79ed16a84a33fe9d1e3dafbff918f53f671ca1a58748
quickjs,string-validate-input,22,256,3491,3491000000,13636718.75,3500423600,462000,"IM_EXEC:{""test"":""string-validate-input"",""n"":256,""elapsed_ms"":3491,""checksum"":""462000""}",,0,True,f3316365a925df0927fe79ed16a84a33fe9d1e3dafbff918f53f671ca1a58748
v8_ignition,string-tagcloud,22,256,1412,1412000000,5515625.0,1454970300,315241,"IM_EXEC:{""test"":""string-tagcloud"",""n"":256,""elapsed_ms"":1412,""checksum"":""315241""}",,0,True,bdb31cfdc8d9dc183a2016260abf8eae9629ab6f3fd5ffe57c0698243f1ca160
quickjs,string-tagcloud,22,256,6786,6786000000,26507812.5,6797394600,315241,"IM_EXEC:{""test"":""string-tagcloud"",""n"":256,""elapsed_ms"":6786,""checksum"":""315241""}",,0,True,bdb31cfdc8d9dc183a2016260abf8eae9629ab6f3fd5ffe57c0698243f1ca160
v8_ignition,access-binary-trees,22,256,1412,1412000000,5515625.0,1450281400,-4,"IM_EXEC:{""test"":""access-binary-trees"",""n"":256,""elapsed_ms"":1412,""checksum"":""-4""}",,0,True,2574ad07a3319832e969eef6330a65d5569f82589fd3968e95616ade0cac5383
quickjs,access-binary-trees,22,256,3110,3110000000,12148437.5,3119385900,-4,"IM_EXEC:{""test"":""access-binary-trees"",""n"":256,""elapsed_ms"":3110,""checksum"":""-4""}",,0,True,2574ad07a3319832e969eef6330a65d5569f82589fd3968e95616ade0cac5383
v8_ignition,string-unpack-code,22,256,1690,1690000000,6601562.5,1726933600,511508,"IM_EXEC:{""test"":""string-unpack-code"",""n"":256,""elapsed_ms"":1690,""checksum"":""511508""}",,0,True,81a8b0c2e178b101089899f543ac712456d9edd361ed55f1f8a0075dcdca98b5
quickjs,string-unpack-code,22,256,13755,13755000000,53730468.75,13765907900,511508,"IM_EXEC:{""test"":""string-unpack-code"",""n"":256,""elapsed_ms"":13755,""checksum"":""511508""}",,0,True,81a8b0c2e178b101089899f543ac712456d9edd361ed55f1f8a0075dcdca98b5
v8_ignition,string-base64,22,256,1609,1609000000,6285156.25,1645470000,32768,"IM_EXEC:{""test"":""string-base64"",""n"":256,""elapsed_ms"":1609,""checksum"":""32768""}",,0,True,5cbaf23c322bf98da4482d07d06d87eef3c50cebf6bf7c47046adb556543e441
quickjs,string-base64,22,256,5200,5200000000,20312500.0,5209872300,32768,"IM_EXEC:{""test"":""string-base64"",""n"":256,""elapsed_ms"":5200,""checksum"":""32768""}",,0,True,5cbaf23c322bf98da4482d07d06d87eef3c50cebf6bf7c47046adb556543e441
v8_ignition,access-nsieve,22,128,1335,1335000000,10429687.5,1369872800,14302,"IM_EXEC:{""test"":""access-nsieve"",""n"":128,""elapsed_ms"":1335,""checksum"":""14302""}",,0,True,d2ff95d96cd8e84458eff804a3dae7ac589b31fa7d1e11cdffd4aa821eec7819
quickjs,access-nsieve,22,128,2995,2995000000,23398437.5,3004588400,14302,"IM_EXEC:{""test"":""access-nsieve"",""n"":128,""elapsed_ms"":2995,""checksum"":""14302""}",,0,True,d2ff95d96cd8e84458eff804a3dae7ac589b31fa7d1e11cdffd4aa821eec7819
v8_ignition,regexp-dna,22,1024,1871,1871000000,1827148.4375,1911471800,249:300056,"IM_EXEC:{""test"":""regexp-dna"",""n"":1024,""elapsed_ms"":1871,""checksum"":""249:300056""}",,0,True,3afc0a7c18fdee33367b1b484ba5fd4d9b7b225d1b2408dcc4f5fa0f7356cffe
quickjs,regexp-dna,22,1024,81697,81697000000,79782226.5625,81709013100,249:300056,"IM_EXEC:{""test"":""regexp-dna"",""n"":1024,""elapsed_ms"":81697,""checksum"":""249:300056""}",,0,True,3afc0a7c18fdee33367b1b484ba5fd4d9b7b225d1b2408dcc4f5fa0f7356cffe
quickjs,string-validate-input,23,256,3449,3449000000,13472656.25,3458167200,462000,"IM_EXEC:{""test"":""string-validate-input"",""n"":256,""elapsed_ms"":3449,""checksum"":""462000""}",,0,True,f3316365a925df0927fe79ed16a84a33fe9d1e3dafbff918f53f671ca1a58748
v8_ignition,string-validate-input,23,256,1406,1406000000,5492187.5,1444182800,462000,"IM_EXEC:{""test"":""string-validate-input"",""n"":256,""elapsed_ms"":1406,""checksum"":""462000""}",,0,True,f3316365a925df0927fe79ed16a84a33fe9d1e3dafbff918f53f671ca1a58748
quickjs,3d-cube,23,64,1978,1978000000,30906250.0,1986970400,320,"IM_EXEC:{""test"":""3d-cube"",""n"":64,""elapsed_ms"":1978,""checksum"":""320""}",,0,True,60a065dcf0b5284dc0c04c58f860a2319aa73d0aaa4ce285a3fa9614f357aa2e
v8_ignition,3d-cube,23,64,1165,1165000000,18203125.0,1199460700,320,"IM_EXEC:{""test"":""3d-cube"",""n"":64,""elapsed_ms"":1165,""checksum"":""320""}",,0,True,60a065dcf0b5284dc0c04c58f860a2319aa73d0aaa4ce285a3fa9614f357aa2e
quickjs,access-nsieve,23,128,2969,2969000000,23195312.5,2978383300,14302,"IM_EXEC:{""test"":""access-nsieve"",""n"":128,""elapsed_ms"":2969,""checksum"":""14302""}",,0,True,d2ff95d96cd8e84458eff804a3dae7ac589b31fa7d1e11cdffd4aa821eec7819
v8_ignition,access-nsieve,23,128,1286,1286000000,10046875.0,1320886800,14302,"IM_EXEC:{""test"":""access-nsieve"",""n"":128,""elapsed_ms"":1286,""checksum"":""14302""}",,0,True,d2ff95d96cd8e84458eff804a3dae7ac589b31fa7d1e11cdffd4aa821eec7819
quickjs,math-cordic,23,64,1421,1421000000,22203125.0,1429859000,10362.570468755888,"IM_EXEC:{""test"":""math-cordic"",""n"":64,""elapsed_ms"":1421,""checksum"":""10362.570468755888""}",,0,True,34b61588ee1c24cb8be232a1a12958905f04b257e09200a4faefef3bb909ee53
v8_ignition,math-cordic,23,64,1085,1085000000,16953125.0,1119589000,10362.570468755888,"IM_EXEC:{""test"":""math-cordic"",""n"":64,""elapsed_ms"":1085,""checksum"":""10362.570468755888""}",,0,True,34b61588ee1c24cb8be232a1a12958905f04b257e09200a4faefef3bb909ee53
quickjs,3d-raytrace,23,128,1906,1906000000,14890625.0,1916149000,20969,"IM_EXEC:{""test"":""3d-raytrace"",""n"":128,""elapsed_ms"":1906,""checksum"":""20969""}",,0,True,fbf3a216ca8bc8223f66e4105ce5c95294ac4e5e8f40c56e660a89fbc4962c15
v8_ignition,3d-raytrace,23,128,1831,1831000000,14304687.5,1869454600,20970,"IM_EXEC:{""test"":""3d-raytrace"",""n"":128,""elapsed_ms"":1831,""checksum"":""20970""}",,0,True,fbf3a216ca8bc8223f66e4105ce5c95294ac4e5e8f40c56e660a89fbc4962c15
quickjs,crypto-sha1,23,256,1758,1758000000,6867187.5,1766751800,2524d264def74cce2498bf112bedf00e6c0b796d,"IM_EXEC:{""test"":""crypto-sha1"",""n"":256,""elapsed_ms"":1758,""checksum"":""2524d264def74cce2498bf112bedf00e6c0b796d""}",,0,True,efb82da8b03c1f4f11eeb3f88f9902179a62f0a21e620fe0f60845b8b874e292
v8_ignition,crypto-sha1,23,256,2160,2160000000,8437500.0,2195366400,2524d264def74cce2498bf112bedf00e6c0b796d,"IM_EXEC:{""test"":""crypto-sha1"",""n"":256,""elapsed_ms"":2160,""checksum"":""2524d264def74cce2498bf112bedf00e6c0b796d""}",,0,True,efb82da8b03c1f4f11eeb3f88f9902179a62f0a21e620fe0f60845b8b874e292
quickjs,access-binary-trees,23,256,3080,3080000000,12031250.0,3089188000,-4,"IM_EXEC:{""test"":""access-binary-trees"",""n"":256,""elapsed_ms"":3080,""checksum"":""-4""}",,0,True,2574ad07a3319832e969eef6330a65d5569f82589fd3968e95616ade0cac5383
v8_ignition,access-binary-trees,23,256,1424,1424000000,5562500.0,1457373600,-4,"IM_EXEC:{""test"":""access-binary-trees"",""n"":256,""elapsed_ms"":1424,""checksum"":""-4""}",,0,True,2574ad07a3319832e969eef6330a65d5569f82589fd3968e95616ade0cac5383
quickjs,string-base64,23,256,5268,5268000000,20578125.0,5276298200,32768,"IM_EXEC:{""test"":""string-base64"",""n"":256,""elapsed_ms"":5268,""checksum"":""32768""}",,0,True,5cbaf23c322bf98da4482d07d06d87eef3c50cebf6bf7c47046adb556543e441
v8_ignition,string-base64,23,256,1618,1618000000,6320312.5,1655391100,32768,"IM_EXEC:{""test"":""string-base64"",""n"":256,""elapsed_ms"":1618,""checksum"":""32768""}",,0,True,5cbaf23c322bf98da4482d07d06d87eef3c50cebf6bf7c47046adb556543e441
quickjs,string-unpack-code,23,256,13689,13689000000,53472656.25,13701320800,511508,"IM_EXEC:{""test"":""string-unpack-code"",""n"":256,""elapsed_ms"":13689,""checksum"":""511508""}",,0,True,81a8b0c2e178b101089899f543ac712456d9edd361ed55f1f8a0075dcdca98b5
v8_ignition,string-unpack-code,23,256,1692,1692000000,6609375.0,1730303300,511508,"IM_EXEC:{""test"":""string-unpack-code"",""n"":256,""elapsed_ms"":1692,""checksum"":""511508""}",,0,True,81a8b0c2e178b101089899f543ac712456d9edd361ed55f1f8a0075dcdca98b5
quickjs,crypto-md5,23,256,1836,1836000000,7171875.0,1845626700,a831e91e0f70eddcb70dc61c6f82f6cd,"IM_EXEC:{""test"":""crypto-md5"",""n"":256,""elapsed_ms"":1836,""checksum"":""a831e91e0f70eddcb70dc61c6f82f6cd""}",,0,True,b3676cc77ffa8184c46e9b99de32642296b190805d342e8e046279b12aa423b3
v8_ignition,crypto-md5,23,256,1972,1972000000,7703125.0,2008389800,a831e91e0f70eddcb70dc61c6f82f6cd,"IM_EXEC:{""test"":""crypto-md5"",""n"":256,""elapsed_ms"":1972,""checksum"":""a831e91e0f70eddcb70dc61c6f82f6cd""}",,0,True,b3676cc77ffa8184c46e9b99de32642296b190805d342e8e046279b12aa423b3
quickjs,math-spectral-norm,23,128,1169,1169000000,9132812.5,1177996400,5.086694231303284,"IM_EXEC:{""test"":""math-spectral-norm"",""n"":128,""elapsed_ms"":1169,""checksum"":""5.086694231303284""}",,0,True,52eb39e653bcbb40e24520ce504d81698f6a67645593e05ca67257f318fba4d8
v8_ignition,math-spectral-norm,23,128,936,936000000,7312500.0,969779700,5.086694231303284,"IM_EXEC:{""test"":""math-spectral-norm"",""n"":128,""elapsed_ms"":936,""checksum"":""5.086694231303284""}",,0,True,52eb39e653bcbb40e24520ce504d81698f6a67645593e05ca67257f318fba4d8
quickjs,bitops-3bit-bits-in-byte,23,256,2427,2427000000,9480468.75,2436552500,512000,"IM_EXEC:{""test"":""bitops-3bit-bits-in-byte"",""n"":256,""elapsed_ms"":2427,""checksum"":""512000""}",,0,True,abe5fed281f086bcd3336e21203ccebd592037d9c2a481ccf4c68e894138c38a
v8_ignition,bitops-3bit-bits-in-byte,23,256,1925,1925000000,7519531.25,1958585500,512000,"IM_EXEC:{""test"":""bitops-3bit-bits-in-byte"",""n"":256,""elapsed_ms"":1925,""checksum"":""512000""}",,0,True,abe5fed281f086bcd3336e21203ccebd592037d9c2a481ccf4c68e894138c38a
quickjs,math-partial-sums,23,128,2208,2208000000,17250000.0,2217300400,60.08994194659945,"IM_EXEC:{""test"":""math-partial-sums"",""n"":128,""elapsed_ms"":2208,""checksum"":""60.08994194659945""}",,0,True,4fadb0cf070baa5dde56707dff313a6a62821c6b1621c298f196e1f1bdb726e3
v8_ignition,math-partial-sums,23,128,1474,1474000000,11515625.0,1508041800,60.08994194659945,"IM_EXEC:{""test"":""math-partial-sums"",""n"":128,""elapsed_ms"":1474,""checksum"":""60.08994194659945""}",,0,True,4fadb0cf070baa5dde56707dff313a6a62821c6b1621c298f196e1f1bdb726e3
quickjs,regexp-dna,23,1024,81470,81470000000,79560546.875,81481998100,249:300056,"IM_EXEC:{""test"":""regexp-dna"",""n"":1024,""elapsed_ms"":81470,""checksum"":""249:300056""}",,0,True,3afc0a7c18fdee33367b1b484ba5fd4d9b7b225d1b2408dcc4f5fa0f7356cffe
v8_ignition,regexp-dna,23,1024,1879,1879000000,1834960.9375,1921316500,249:300056,"IM_EXEC:{""test"":""regexp-dna"",""n"":1024,""elapsed_ms"":1879,""checksum"":""249:300056""}",,0,True,3afc0a7c18fdee33367b1b484ba5fd4d9b7b225d1b2408dcc4f5fa0f7356cffe
quickjs,date-format-tofte,23,128,3819,3819000000,29835937.5,3829772700,"2008-05-01|Thursday, May 01, 2008 5:31:22 PM|1209718549000","IM_EXEC:{""test"":""date-format-tofte"",""n"":128,""elapsed_ms"":3819,""checksum"":""2008-05-01|Thursday, May 01, 2008 5:31:22 PM|1209718549000""}",,0,True,9535a5df1307bfc8288791fc3faf48c5e50a5deb6f04987d455c2bcc11ed4bfc
v8_ignition,date-format-tofte,23,128,1063,1063000000,8304687.5,1100195800,"2008-05-01|Thursday, May 01, 2008 5:31:22 PM|1209718549000","IM_EXEC:{""test"":""date-format-tofte"",""n"":128,""elapsed_ms"":1063,""checksum"":""2008-05-01|Thursday, May 01, 2008 5:31:22 PM|1209718549000""}",,0,True,9535a5df1307bfc8288791fc3faf48c5e50a5deb6f04987d455c2bcc11ed4bfc
quickjs,crypto-aes,23,128,1893,1893000000,14789062.5,1902841800,1343,"IM_EXEC:{""test"":""crypto-aes"",""n"":128,""elapsed_ms"":1893,""checksum"":""1343""}",,0,True,c058d06958b1cc808c8c6a5054645c8fbb44897667ffe4f042da524c13a66234
v8_ignition,crypto-aes,23,128,1736,1736000000,13562500.0,1771326300,1343,"IM_EXEC:{""test"":""crypto-aes"",""n"":128,""elapsed_ms"":1736,""checksum"":""1343""}",,0,True,c058d06958b1cc808c8c6a5054645c8fbb44897667ffe4f042da524c13a66234
quickjs,string-tagcloud,23,256,6859,6859000000,26792968.75,6870803500,315241,"IM_EXEC:{""test"":""string-tagcloud"",""n"":256,""elapsed_ms"":6859,""checksum"":""315241""}",,0,True,bdb31cfdc8d9dc183a2016260abf8eae9629ab6f3fd5ffe57c0698243f1ca160
v8_ignition,string-tagcloud,23,256,1447,1447000000,5652343.75,1485625000,315241,"IM_EXEC:{""test"":""string-tagcloud"",""n"":256,""elapsed_ms"":1447,""checksum"":""315241""}",,0,True,bdb31cfdc8d9dc183a2016260abf8eae9629ab6f3fd5ffe57c0698243f1ca160
quickjs,bitops-bitwise-and,23,256,1869,1869000000,7300781.25,1878747100,0,"IM_EXEC:{""test"":""bitops-bitwise-and"",""n"":256,""elapsed_ms"":1869,""checksum"":""0""}",,0,True,eed5b353d4a2406db32d34e84a8855c02c005be3643b9966be5612fa0de83cab
v8_ignition,bitops-bitwise-and,23,256,2547,2547000000,9949218.75,2581299500,0,"IM_EXEC:{""test"":""bitops-bitwise-and"",""n"":256,""elapsed_ms"":2547,""checksum"":""0""}",,0,True,eed5b353d4a2406db32d34e84a8855c02c005be3643b9966be5612fa0de83cab
quickjs,access-nbody,23,64,995,995000000,15546875.0,1004153600,-1.3524862408537381,"IM_EXEC:{""test"":""access-nbody"",""n"":64,""elapsed_ms"":995,""checksum"":""-1.3524862408537381""}",,0,True,19902b6f21c5b25ee15381029c367b4c4e18734127ed7525fb470472ccabc082
v8_ignition,access-nbody,23,64,1236,1236000000,19312500.0,1271879200,-1.3524862408537381,"IM_EXEC:{""test"":""access-nbody"",""n"":64,""elapsed_ms"":1236,""checksum"":""-1.3524862408537381""}",,0,True,19902b6f21c5b25ee15381029c367b4c4e18734127ed7525fb470472ccabc082
quickjs,access-fannkuch,23,32,1168,1168000000,36500000.0,1176716300,22,"IM_EXEC:{""test"":""access-fannkuch"",""n"":32,""elapsed_ms"":1168,""checksum"":""22""}",,0,True,fee86984d327e7709754ed7a2721517b303a436f895a8b03742b80a000d4eb6b
v8_ignition,access-fannkuch,23,32,1118,1118000000,34937500.0,1151243000,22,"IM_EXEC:{""test"":""access-fannkuch"",""n"":32,""elapsed_ms"":1118,""checksum"":""22""}",,0,True,fee86984d327e7709754ed7a2721517b303a436f895a8b03742b80a000d4eb6b
quickjs,3d-morph,23,64,1426,1426000000,22281250.0,1434848800,0,"IM_EXEC:{""test"":""3d-morph"",""n"":64,""elapsed_ms"":1426,""checksum"":""0""}",,0,True,522e39aba6d7f5f71cab59dfa2d2607b0932d63bdbfc9625b49725e02e9d5983
v8_ignition,3d-morph,23,64,1282,1282000000,20031250.0,1322045600,0,"IM_EXEC:{""test"":""3d-morph"",""n"":64,""elapsed_ms"":1282,""checksum"":""0""}",,0,True,522e39aba6d7f5f71cab59dfa2d2607b0932d63bdbfc9625b49725e02e9d5983
quickjs,bitops-bits-in-byte,23,64,1258,1258000000,19656250.0,1267416900,358400,"IM_EXEC:{""test"":""bitops-bits-in-byte"",""n"":64,""elapsed_ms"":1258,""checksum"":""358400""}",,0,True,5b00ba9a5c5657f66ade1ddd8f2816ae39bd34dd3007dc07b5357c2c829bef73
v8_ignition,bitops-bits-in-byte,23,64,1331,1331000000,20796875.0,1365273100,358400,"IM_EXEC:{""test"":""bitops-bits-in-byte"",""n"":64,""elapsed_ms"":1331,""checksum"":""358400""}",,0,True,5b00ba9a5c5657f66ade1ddd8f2816ae39bd34dd3007dc07b5357c2c829bef73
quickjs,bitops-nsieve-bits,23,128,1999,1999000000,15617187.5,2007059500,-1286749544853,"IM_EXEC:{""test"":""bitops-nsieve-bits"",""n"":128,""elapsed_ms"":1999,""checksum"":""-1286749544853""}",,0,True,c8cd89d57d6c82edd3ce9aaea504681391c6fb3beef555532dd2653fc0410765
v8_ignition,bitops-nsieve-bits,23,128,3048,3048000000,23812500.0,3084270300,-1286749544853,"IM_EXEC:{""test"":""bitops-nsieve-bits"",""n"":128,""elapsed_ms"":3048,""checksum"":""-1286749544853""}",,0,True,c8cd89d57d6c82edd3ce9aaea504681391c6fb3beef555532dd2653fc0410765
quickjs,string-fasta,23,128,3486,3486000000,27234375.0,3495954600,1456000,"IM_EXEC:{""test"":""string-fasta"",""n"":128,""elapsed_ms"":3486,""checksum"":""1456000""}",,0,True,9ef1f7595b6cdfe6baed89f2f84d63006986f85574a2f446797cd69ca2dd79b8
v8_ignition,string-fasta,23,128,1235,1235000000,9648437.5,1269898500,1456000,"IM_EXEC:{""test"":""string-fasta"",""n"":128,""elapsed_ms"":1235,""checksum"":""1456000""}",,0,True,9ef1f7595b6cdfe6baed89f2f84d63006986f85574a2f446797cd69ca2dd79b8
quickjs,controlflow-recursive,23,256,2128,2128000000,8312500.0,2136942900,57775,"IM_EXEC:{""test"":""controlflow-recursive"",""n"":256,""elapsed_ms"":2128,""checksum"":""57775""}",,0,True,b0137de1a06fa4c71fcd428e68ee4b3a61ae2444b324da024a872b257fd03c64
v8_ignition,controlflow-recursive,23,256,1825,1825000000,7128906.25,1859830900,57775,"IM_EXEC:{""test"":""controlflow-recursive"",""n"":256,""elapsed_ms"":1825,""checksum"":""57775""}",,0,True,b0137de1a06fa4c71fcd428e68ee4b3a61ae2444b324da024a872b257fd03c64
quickjs,date-format-xparb,23,256,5071,5071000000,19808593.75,5080785300,"2017-09-05|Tuesday, September 05, 2017 7:43:48 AM|1504652895000","IM_EXEC:{""test"":""date-format-xparb"",""n"":256,""elapsed_ms"":5071,""checksum"":""2017-09-05|Tuesday, September 05, 2017 7:43:48 AM|1504652895000""}",,0,True,add041cbb7bfa753ec4a301e26ec01e33f116b6a16883f80454b18f7790e4320
v8_ignition,date-format-xparb,23,256,1052,1052000000,4109375.0,1088225600,"2017-09-05|Tuesday, September 05, 2017 7:43:48 AM|1504652895000","IM_EXEC:{""test"":""date-format-xparb"",""n"":256,""elapsed_ms"":1052,""checksum"":""2017-09-05|Tuesday, September 05, 2017 7:43:48 AM|1504652895000""}",,0,True,add041cbb7bfa753ec4a301e26ec01e33f116b6a16883f80454b18f7790e4320
v8_ignition,3d-cube,24,64,1174,1174000000,18343750.0,1209562200,320,"IM_EXEC:{""test"":""3d-cube"",""n"":64,""elapsed_ms"":1174,""checksum"":""320""}",,0,True,60a065dcf0b5284dc0c04c58f860a2319aa73d0aaa4ce285a3fa9614f357aa2e
quickjs,3d-cube,24,64,1931,1931000000,30171875.0,1941093900,320,"IM_EXEC:{""test"":""3d-cube"",""n"":64,""elapsed_ms"":1931,""checksum"":""320""}",,0,True,60a065dcf0b5284dc0c04c58f860a2319aa73d0aaa4ce285a3fa9614f357aa2e
v8_ignition,string-validate-input,24,256,1400,1400000000,5468750.0,1436250500,462000,"IM_EXEC:{""test"":""string-validate-input"",""n"":256,""elapsed_ms"":1400,""checksum"":""462000""}",,0,True,f3316365a925df0927fe79ed16a84a33fe9d1e3dafbff918f53f671ca1a58748
quickjs,string-validate-input,24,256,3448,3448000000,13468750.0,3456540300,462000,"IM_EXEC:{""test"":""string-validate-input"",""n"":256,""elapsed_ms"":3448,""checksum"":""462000""}",,0,True,f3316365a925df0927fe79ed16a84a33fe9d1e3dafbff918f53f671ca1a58748
v8_ignition,controlflow-recursive,24,256,1807,1807000000,7058593.75,1841965500,57775,"IM_EXEC:{""test"":""controlflow-recursive"",""n"":256,""elapsed_ms"":1807,""checksum"":""57775""}",,0,True,b0137de1a06fa4c71fcd428e68ee4b3a61ae2444b324da024a872b257fd03c64
quickjs,controlflow-recursive,24,256,2119,2119000000,8277343.75,2128951700,57775,"IM_EXEC:{""test"":""controlflow-recursive"",""n"":256,""elapsed_ms"":2119,""checksum"":""57775""}",,0,True,b0137de1a06fa4c71fcd428e68ee4b3a61ae2444b324da024a872b257fd03c64
v8_ignition,math-partial-sums,24,128,1482,1482000000,11578125.0,1516167700,60.08994194659945,"IM_EXEC:{""test"":""math-partial-sums"",""n"":128,""elapsed_ms"":1482,""checksum"":""60.08994194659945""}",,0,True,4fadb0cf070baa5dde56707dff313a6a62821c6b1621c298f196e1f1bdb726e3
quickjs,math-partial-sums,24,128,2186,2186000000,17078125.0,2195416300,60.08994194659945,"IM_EXEC:{""test"":""math-partial-sums"",""n"":128,""elapsed_ms"":2186,""checksum"":""60.08994194659945""}",,0,True,4fadb0cf070baa5dde56707dff313a6a62821c6b1621c298f196e1f1bdb726e3
v8_ignition,bitops-bitwise-and,24,256,2552,2552000000,9968750.0,2586988600,0,"IM_EXEC:{""test"":""bitops-bitwise-and"",""n"":256,""elapsed_ms"":2552,""checksum"":""0""}",,0,True,eed5b353d4a2406db32d34e84a8855c02c005be3643b9966be5612fa0de83cab
quickjs,bitops-bitwise-and,24,256,1776,1776000000,6937500.0,1786165600,0,"IM_EXEC:{""test"":""bitops-bitwise-and"",""n"":256,""elapsed_ms"":1776,""checksum"":""0""}",,0,True,eed5b353d4a2406db32d34e84a8855c02c005be3643b9966be5612fa0de83cab
v8_ignition,access-nbody,24,64,1231,1231000000,19234375.0,1266635100,-1.3524862408537381,"IM_EXEC:{""test"":""access-nbody"",""n"":64,""elapsed_ms"":1231,""checksum"":""-1.3524862408537381""}",,0,True,19902b6f21c5b25ee15381029c367b4c4e18734127ed7525fb470472ccabc082
quickjs,access-nbody,24,64,997,997000000,15578125.0,1006809300,-1.3524862408537381,"IM_EXEC:{""test"":""access-nbody"",""n"":64,""elapsed_ms"":997,""checksum"":""-1.3524862408537381""}",,0,True,19902b6f21c5b25ee15381029c367b4c4e18734127ed7525fb470472ccabc082
v8_ignition,regexp-dna,24,1024,1870,1870000000,1826171.875,1910637200,249:300056,"IM_EXEC:{""test"":""regexp-dna"",""n"":1024,""elapsed_ms"":1870,""checksum"":""249:300056""}",,0,True,3afc0a7c18fdee33367b1b484ba5fd4d9b7b225d1b2408dcc4f5fa0f7356cffe
quickjs,regexp-dna,24,1024,81151,81151000000,79249023.4375,81162941300,249:300056,"IM_EXEC:{""test"":""regexp-dna"",""n"":1024,""elapsed_ms"":81151,""checksum"":""249:300056""}",,0,True,3afc0a7c18fdee33367b1b484ba5fd4d9b7b225d1b2408dcc4f5fa0f7356cffe
v8_ignition,date-format-tofte,24,128,1062,1062000000,8296875.0,1098881600,"2008-05-01|Thursday, May 01, 2008 5:31:22 PM|1209718549000","IM_EXEC:{""test"":""date-format-tofte"",""n"":128,""elapsed_ms"":1062,""checksum"":""2008-05-01|Thursday, May 01, 2008 5:31:22 PM|1209718549000""}",,0,True,9535a5df1307bfc8288791fc3faf48c5e50a5deb6f04987d455c2bcc11ed4bfc
quickjs,date-format-tofte,24,128,3818,3818000000,29828125.0,3828788600,"2008-05-01|Thursday, May 01, 2008 5:31:22 PM|1209718549000","IM_EXEC:{""test"":""date-format-tofte"",""n"":128,""elapsed_ms"":3818,""checksum"":""2008-05-01|Thursday, May 01, 2008 5:31:22 PM|1209718549000""}",,0,True,9535a5df1307bfc8288791fc3faf48c5e50a5deb6f04987d455c2bcc11ed4bfc
v8_ignition,bitops-bits-in-byte,24,64,1222,1222000000,19093750.0,1256131600,358400,"IM_EXEC:{""test"":""bitops-bits-in-byte"",""n"":64,""elapsed_ms"":1222,""checksum"":""358400""}",,0,True,5b00ba9a5c5657f66ade1ddd8f2816ae39bd34dd3007dc07b5357c2c829bef73
quickjs,bitops-bits-in-byte,24,64,1251,1251000000,19546875.0,1261090000,358400,"IM_EXEC:{""test"":""bitops-bits-in-byte"",""n"":64,""elapsed_ms"":1251,""checksum"":""358400""}",,0,True,5b00ba9a5c5657f66ade1ddd8f2816ae39bd34dd3007dc07b5357c2c829bef73
v8_ignition,date-format-xparb,24,256,1054,1054000000,4117187.5,1090615400,"2017-09-05|Tuesday, September 05, 2017 7:43:48 AM|1504652895000","IM_EXEC:{""test"":""date-format-xparb"",""n"":256,""elapsed_ms"":1054,""checksum"":""2017-09-05|Tuesday, September 05, 2017 7:43:48 AM|1504652895000""}",,0,True,add041cbb7bfa753ec4a301e26ec01e33f116b6a16883f80454b18f7790e4320
quickjs,date-format-xparb,24,256,5059,5059000000,19761718.75,5068917200,"2017-09-05|Tuesday, September 05, 2017 7:43:48 AM|1504652895000","IM_EXEC:{""test"":""date-format-xparb"",""n"":256,""elapsed_ms"":5059,""checksum"":""2017-09-05|Tuesday, September 05, 2017 7:43:48 AM|1504652895000""}",,0,True,add041cbb7bfa753ec4a301e26ec01e33f116b6a16883f80454b18f7790e4320
v8_ignition,crypto-md5,24,256,1967,1967000000,7683593.75,2001979500,a831e91e0f70eddcb70dc61c6f82f6cd,"IM_EXEC:{""test"":""crypto-md5"",""n"":256,""elapsed_ms"":1967,""checksum"":""a831e91e0f70eddcb70dc61c6f82f6cd""}",,0,True,b3676cc77ffa8184c46e9b99de32642296b190805d342e8e046279b12aa423b3
quickjs,crypto-md5,24,256,1854,1854000000,7242187.5,1864018500,a831e91e0f70eddcb70dc61c6f82f6cd,"IM_EXEC:{""test"":""crypto-md5"",""n"":256,""elapsed_ms"":1854,""checksum"":""a831e91e0f70eddcb70dc61c6f82f6cd""}",,0,True,b3676cc77ffa8184c46e9b99de32642296b190805d342e8e046279b12aa423b3
v8_ignition,math-spectral-norm,24,128,939,939000000,7335937.5,973793100,5.086694231303284,"IM_EXEC:{""test"":""math-spectral-norm"",""n"":128,""elapsed_ms"":939,""checksum"":""5.086694231303284""}",,0,True,52eb39e653bcbb40e24520ce504d81698f6a67645593e05ca67257f318fba4d8
quickjs,math-spectral-norm,24,128,1183,1183000000,9242187.5,1191813100,5.086694231303284,"IM_EXEC:{""test"":""math-spectral-norm"",""n"":128,""elapsed_ms"":1183,""checksum"":""5.086694231303284""}",,0,True,52eb39e653bcbb40e24520ce504d81698f6a67645593e05ca67257f318fba4d8
v8_ignition,math-cordic,24,64,1074,1074000000,16781250.0,1108387500,10362.570468755888,"IM_EXEC:{""test"":""math-cordic"",""n"":64,""elapsed_ms"":1074,""checksum"":""10362.570468755888""}",,0,True,34b61588ee1c24cb8be232a1a12958905f04b257e09200a4faefef3bb909ee53
quickjs,math-cordic,24,64,1426,1426000000,22281250.0,1435856000,10362.570468755888,"IM_EXEC:{""test"":""math-cordic"",""n"":64,""elapsed_ms"":1426,""checksum"":""10362.570468755888""}",,0,True,34b61588ee1c24cb8be232a1a12958905f04b257e09200a4faefef3bb909ee53
v8_ignition,string-base64,24,256,1600,1600000000,6250000.0,1634736300,32768,"IM_EXEC:{""test"":""string-base64"",""n"":256,""elapsed_ms"":1600,""checksum"":""32768""}",,0,True,5cbaf23c322bf98da4482d07d06d87eef3c50cebf6bf7c47046adb556543e441
quickjs,string-base64,24,256,5254,5254000000,20523437.5,5263259700,32768,"IM_EXEC:{""test"":""string-base64"",""n"":256,""elapsed_ms"":5254,""checksum"":""32768""}",,0,True,5cbaf23c322bf98da4482d07d06d87eef3c50cebf6bf7c47046adb556543e441
v8_ignition,crypto-aes,24,128,1753,1753000000,13695312.5,1790334600,1343,"IM_EXEC:{""test"":""crypto-aes"",""n"":128,""elapsed_ms"":1753,""checksum"":""1343""}",,0,True,c058d06958b1cc808c8c6a5054645c8fbb44897667ffe4f042da524c13a66234
quickjs,crypto-aes,24,128,1931,1931000000,15085937.5,1941159500,1343,"IM_EXEC:{""test"":""crypto-aes"",""n"":128,""elapsed_ms"":1931,""checksum"":""1343""}",,0,True,c058d06958b1cc808c8c6a5054645c8fbb44897667ffe4f042da524c13a66234
v8_ignition,access-fannkuch,24,32,1121,1121000000,35031250.0,1153692600,22,"IM_EXEC:{""test"":""access-fannkuch"",""n"":32,""elapsed_ms"":1121,""checksum"":""22""}",,0,True,fee86984d327e7709754ed7a2721517b303a436f895a8b03742b80a000d4eb6b
quickjs,access-fannkuch,24,32,1163,1163000000,36343750.0,1173046900,22,"IM_EXEC:{""test"":""access-fannkuch"",""n"":32,""elapsed_ms"":1163,""checksum"":""22""}",,0,True,fee86984d327e7709754ed7a2721517b303a436f895a8b03742b80a000d4eb6b
v8_ignition,crypto-sha1,24,256,2176,2176000000,8500000.0,2210871700,2524d264def74cce2498bf112bedf00e6c0b796d,"IM_EXEC:{""test"":""crypto-sha1"",""n"":256,""elapsed_ms"":2176,""checksum"":""2524d264def74cce2498bf112bedf00e6c0b796d""}",,0,True,efb82da8b03c1f4f11eeb3f88f9902179a62f0a21e620fe0f60845b8b874e292
quickjs,crypto-sha1,24,256,1742,1742000000,6804687.5,1751592300,2524d264def74cce2498bf112bedf00e6c0b796d,"IM_EXEC:{""test"":""crypto-sha1"",""n"":256,""elapsed_ms"":1742,""checksum"":""2524d264def74cce2498bf112bedf00e6c0b796d""}",,0,True,efb82da8b03c1f4f11eeb3f88f9902179a62f0a21e620fe0f60845b8b874e292
v8_ignition,access-nsieve,24,128,1302,1302000000,10171875.0,1335439900,14302,"IM_EXEC:{""test"":""access-nsieve"",""n"":128,""elapsed_ms"":1302,""checksum"":""14302""}",,0,True,d2ff95d96cd8e84458eff804a3dae7ac589b31fa7d1e11cdffd4aa821eec7819
quickjs,access-nsieve,24,128,3000,3000000000,23437500.0,3008634300,14302,"IM_EXEC:{""test"":""access-nsieve"",""n"":128,""elapsed_ms"":3000,""checksum"":""14302""}",,0,True,d2ff95d96cd8e84458eff804a3dae7ac589b31fa7d1e11cdffd4aa821eec7819
v8_ignition,string-fasta,24,128,1228,1228000000,9593750.0,1263379600,1456000,"IM_EXEC:{""test"":""string-fasta"",""n"":128,""elapsed_ms"":1228,""checksum"":""1456000""}",,0,True,9ef1f7595b6cdfe6baed89f2f84d63006986f85574a2f446797cd69ca2dd79b8
quickjs,string-fasta,24,128,3468,3468000000,27093750.0,3477306400,1456000,"IM_EXEC:{""test"":""string-fasta"",""n"":128,""elapsed_ms"":3468,""checksum"":""1456000""}",,0,True,9ef1f7595b6cdfe6baed89f2f84d63006986f85574a2f446797cd69ca2dd79b8
v8_ignition,bitops-nsieve-bits,24,128,3013,3013000000,23539062.5,3049076200,-1286749544853,"IM_EXEC:{""test"":""bitops-nsieve-bits"",""n"":128,""elapsed_ms"":3013,""checksum"":""-1286749544853""}",,0,True,c8cd89d57d6c82edd3ce9aaea504681391c6fb3beef555532dd2653fc0410765
quickjs,bitops-nsieve-bits,24,128,1825,1825000000,14257812.5,1835221900,-1286749544853,"IM_EXEC:{""test"":""bitops-nsieve-bits"",""n"":128,""elapsed_ms"":1825,""checksum"":""-1286749544853""}",,0,True,c8cd89d57d6c82edd3ce9aaea504681391c6fb3beef555532dd2653fc0410765
v8_ignition,3d-morph,24,64,1279,1279000000,19984375.0,1319295800,0,"IM_EXEC:{""test"":""3d-morph"",""n"":64,""elapsed_ms"":1279,""checksum"":""0""}",,0,True,522e39aba6d7f5f71cab59dfa2d2607b0932d63bdbfc9625b49725e02e9d5983
quickjs,3d-morph,24,64,1413,1413000000,22078125.0,1422851200,0,"IM_EXEC:{""test"":""3d-morph"",""n"":64,""elapsed_ms"":1413,""checksum"":""0""}",,0,True,522e39aba6d7f5f71cab59dfa2d2607b0932d63bdbfc9625b49725e02e9d5983
v8_ignition,access-binary-trees,24,256,1416,1416000000,5531250.0,1450630300,-4,"IM_EXEC:{""test"":""access-binary-trees"",""n"":256,""elapsed_ms"":1416,""checksum"":""-4""}",,0,True,2574ad07a3319832e969eef6330a65d5569f82589fd3968e95616ade0cac5383
quickjs,access-binary-trees,24,256,3119,3119000000,12183593.75,3128012200,-4,"IM_EXEC:{""test"":""access-binary-trees"",""n"":256,""elapsed_ms"":3119,""checksum"":""-4""}",,0,True,2574ad07a3319832e969eef6330a65d5569f82589fd3968e95616ade0cac5383
v8_ignition,3d-raytrace,24,128,1840,1840000000,14375000.0,1878923100,20970,"IM_EXEC:{""test"":""3d-raytrace"",""n"":128,""elapsed_ms"":1840,""checksum"":""20970""}",,0,True,fbf3a216ca8bc8223f66e4105ce5c95294ac4e5e8f40c56e660a89fbc4962c15
quickjs,3d-raytrace,24,128,1916,1916000000,14968750.0,1925841200,20969,"IM_EXEC:{""test"":""3d-raytrace"",""n"":128,""elapsed_ms"":1916,""checksum"":""20969""}",,0,True,fbf3a216ca8bc8223f66e4105ce5c95294ac4e5e8f40c56e660a89fbc4962c15
v8_ignition,string-tagcloud,24,256,1409,1409000000,5503906.25,1447635300,315241,"IM_EXEC:{""test"":""string-tagcloud"",""n"":256,""elapsed_ms"":1409,""checksum"":""315241""}",,0,True,bdb31cfdc8d9dc183a2016260abf8eae9629ab6f3fd5ffe57c0698243f1ca160
quickjs,string-tagcloud,24,256,6805,6805000000,26582031.25,6816274200,315241,"IM_EXEC:{""test"":""string-tagcloud"",""n"":256,""elapsed_ms"":6805,""checksum"":""315241""}",,0,True,bdb31cfdc8d9dc183a2016260abf8eae9629ab6f3fd5ffe57c0698243f1ca160
v8_ignition,string-unpack-code,24,256,1711,1711000000,6683593.75,1750224300,511508,"IM_EXEC:{""test"":""string-unpack-code"",""n"":256,""elapsed_ms"":1711,""checksum"":""511508""}",,0,True,81a8b0c2e178b101089899f543ac712456d9edd361ed55f1f8a0075dcdca98b5
quickjs,string-unpack-code,24,256,13779,13779000000,53824218.75,13790614300,511508,"IM_EXEC:{""test"":""string-unpack-code"",""n"":256,""elapsed_ms"":13779,""checksum"":""511508""}",,0,True,81a8b0c2e178b101089899f543ac712456d9edd361ed55f1f8a0075dcdca98b5
v8_ignition,bitops-3bit-bits-in-byte,24,256,1931,1931000000,7542968.75,1965255100,512000,"IM_EXEC:{""test"":""bitops-3bit-bits-in-byte"",""n"":256,""elapsed_ms"":1931,""checksum"":""512000""}",,0,True,abe5fed281f086bcd3336e21203ccebd592037d9c2a481ccf4c68e894138c38a
quickjs,bitops-3bit-bits-in-byte,24,256,2516,2516000000,9828125.0,2525156100,512000,"IM_EXEC:{""test"":""bitops-3bit-bits-in-byte"",""n"":256,""elapsed_ms"":2516,""checksum"":""512000""}",,0,True,abe5fed281f086bcd3336e21203ccebd592037d9c2a481ccf4c68e894138c38a
quickjs,crypto-sha1,25,256,1752,1752000000,6843750.0,1761129600,2524d264def74cce2498bf112bedf00e6c0b796d,"IM_EXEC:{""test"":""crypto-sha1"",""n"":256,""elapsed_ms"":1752,""checksum"":""2524d264def74cce2498bf112bedf00e6c0b796d""}",,0,True,efb82da8b03c1f4f11eeb3f88f9902179a62f0a21e620fe0f60845b8b874e292
v8_ignition,crypto-sha1,25,256,2170,2170000000,8476562.5,2205675100,2524d264def74cce2498bf112bedf00e6c0b796d,"IM_EXEC:{""test"":""crypto-sha1"",""n"":256,""elapsed_ms"":2170,""checksum"":""2524d264def74cce2498bf112bedf00e6c0b796d""}",,0,True,efb82da8b03c1f4f11eeb3f88f9902179a62f0a21e620fe0f60845b8b874e292
quickjs,math-spectral-norm,25,128,1161,1161000000,9070312.5,1169798800,5.086694231303284,"IM_EXEC:{""test"":""math-spectral-norm"",""n"":128,""elapsed_ms"":1161,""checksum"":""5.086694231303284""}",,0,True,52eb39e653bcbb40e24520ce504d81698f6a67645593e05ca67257f318fba4d8
v8_ignition,math-spectral-norm,25,128,936,936000000,7312500.0,970429600,5.086694231303284,"IM_EXEC:{""test"":""math-spectral-norm"",""n"":128,""elapsed_ms"":936,""checksum"":""5.086694231303284""}",,0,True,52eb39e653bcbb40e24520ce504d81698f6a67645593e05ca67257f318fba4d8
quickjs,crypto-aes,25,128,1897,1897000000,14820312.5,1907613100,1343,"IM_EXEC:{""test"":""crypto-aes"",""n"":128,""elapsed_ms"":1897,""checksum"":""1343""}",,0,True,c058d06958b1cc808c8c6a5054645c8fbb44897667ffe4f042da524c13a66234
v8_ignition,crypto-aes,25,128,1742,1742000000,13609375.0,1778601100,1343,"IM_EXEC:{""test"":""crypto-aes"",""n"":128,""elapsed_ms"":1742,""checksum"":""1343""}",,0,True,c058d06958b1cc808c8c6a5054645c8fbb44897667ffe4f042da524c13a66234
quickjs,access-binary-trees,25,256,3083,3083000000,12042968.75,3093420800,-4,"IM_EXEC:{""test"":""access-binary-trees"",""n"":256,""elapsed_ms"":3083,""checksum"":""-4""}",,0,True,2574ad07a3319832e969eef6330a65d5569f82589fd3968e95616ade0cac5383
v8_ignition,access-binary-trees,25,256,1422,1422000000,5554687.5,1457673200,-4,"IM_EXEC:{""test"":""access-binary-trees"",""n"":256,""elapsed_ms"":1422,""checksum"":""-4""}",,0,True,2574ad07a3319832e969eef6330a65d5569f82589fd3968e95616ade0cac5383
quickjs,3d-cube,25,64,1968,1968000000,30750000.0,1976968900,320,"IM_EXEC:{""test"":""3d-cube"",""n"":64,""elapsed_ms"":1968,""checksum"":""320""}",,0,True,60a065dcf0b5284dc0c04c58f860a2319aa73d0aaa4ce285a3fa9614f357aa2e
v8_ignition,3d-cube,25,64,1160,1160000000,18125000.0,1197385100,320,"IM_EXEC:{""test"":""3d-cube"",""n"":64,""elapsed_ms"":1160,""checksum"":""320""}",,0,True,60a065dcf0b5284dc0c04c58f860a2319aa73d0aaa4ce285a3fa9614f357aa2e
quickjs,regexp-dna,25,1024,80719,80719000000,78827148.4375,80730337100,249:300056,"IM_EXEC:{""test"":""regexp-dna"",""n"":1024,""elapsed_ms"":80719,""checksum"":""249:300056""}",,0,True,3afc0a7c18fdee33367b1b484ba5fd4d9b7b225d1b2408dcc4f5fa0f7356cffe
v8_ignition,regexp-dna,25,1024,1881,1881000000,1836914.0625,1923573600,249:300056,"IM_EXEC:{""test"":""regexp-dna"",""n"":1024,""elapsed_ms"":1881,""checksum"":""249:300056""}",,0,True,3afc0a7c18fdee33367b1b484ba5fd4d9b7b225d1b2408dcc4f5fa0f7356cffe
quickjs,string-tagcloud,25,256,6704,6704000000,26187500.0,6714614300,315241,"IM_EXEC:{""test"":""string-tagcloud"",""n"":256,""elapsed_ms"":6704,""checksum"":""315241""}",,0,True,bdb31cfdc8d9dc183a2016260abf8eae9629ab6f3fd5ffe57c0698243f1ca160
v8_ignition,string-tagcloud,25,256,1410,1410000000,5507812.5,1448974500,315241,"IM_EXEC:{""test"":""string-tagcloud"",""n"":256,""elapsed_ms"":1410,""checksum"":""315241""}",,0,True,bdb31cfdc8d9dc183a2016260abf8eae9629ab6f3fd5ffe57c0698243f1ca160
quickjs,controlflow-recursive,25,256,2121,2121000000,8285156.25,2131300900,57775,"IM_EXEC:{""test"":""controlflow-recursive"",""n"":256,""elapsed_ms"":2121,""checksum"":""57775""}",,0,True,b0137de1a06fa4c71fcd428e68ee4b3a61ae2444b324da024a872b257fd03c64
v8_ignition,controlflow-recursive,25,256,1820,1820000000,7109375.0,1854913200,57775,"IM_EXEC:{""test"":""controlflow-recursive"",""n"":256,""elapsed_ms"":1820,""checksum"":""57775""}",,0,True,b0137de1a06fa4c71fcd428e68ee4b3a61ae2444b324da024a872b257fd03c64
quickjs,3d-raytrace,25,128,1933,1933000000,15101562.5,1942113300,20969,"IM_EXEC:{""test"":""3d-raytrace"",""n"":128,""elapsed_ms"":1933,""checksum"":""20969""}",,0,True,fbf3a216ca8bc8223f66e4105ce5c95294ac4e5e8f40c56e660a89fbc4962c15
v8_ignition,3d-raytrace,25,128,1836,1836000000,14343750.0,1873003500,20970,"IM_EXEC:{""test"":""3d-raytrace"",""n"":128,""elapsed_ms"":1836,""checksum"":""20970""}",,0,True,fbf3a216ca8bc8223f66e4105ce5c95294ac4e5e8f40c56e660a89fbc4962c15
quickjs,access-fannkuch,25,32,1154,1154000000,36062500.0,1163191800,22,"IM_EXEC:{""test"":""access-fannkuch"",""n"":32,""elapsed_ms"":1154,""checksum"":""22""}",,0,True,fee86984d327e7709754ed7a2721517b303a436f895a8b03742b80a000d4eb6b
v8_ignition,access-fannkuch,25,32,1115,1115000000,34843750.0,1147872600,22,"IM_EXEC:{""test"":""access-fannkuch"",""n"":32,""elapsed_ms"":1115,""checksum"":""22""}",,0,True,fee86984d327e7709754ed7a2721517b303a436f895a8b03742b80a000d4eb6b
quickjs,date-format-tofte,25,128,3865,3865000000,30195312.5,3874933300,"2008-05-01|Thursday, May 01, 2008 5:31:22 PM|1209718549000","IM_EXEC:{""test"":""date-format-tofte"",""n"":128,""elapsed_ms"":3865,""checksum"":""2008-05-01|Thursday, May 01, 2008 5:31:22 PM|1209718549000""}",,0,True,9535a5df1307bfc8288791fc3faf48c5e50a5deb6f04987d455c2bcc11ed4bfc
v8_ignition,date-format-tofte,25,128,1075,1075000000,8398437.5,1109383800,"2008-05-01|Thursday, May 01, 2008 5:31:22 PM|1209718549000","IM_EXEC:{""test"":""date-format-tofte"",""n"":128,""elapsed_ms"":1075,""checksum"":""2008-05-01|Thursday, May 01, 2008 5:31:22 PM|1209718549000""}",,0,True,9535a5df1307bfc8288791fc3faf48c5e50a5deb6f04987d455c2bcc11ed4bfc
quickjs,string-base64,25,256,5207,5207000000,20339843.75,5216294700,32768,"IM_EXEC:{""test"":""string-base64"",""n"":256,""elapsed_ms"":5207,""checksum"":""32768""}",,0,True,5cbaf23c322bf98da4482d07d06d87eef3c50cebf6bf7c47046adb556543e441
v8_ignition,string-base64,25,256,1618,1618000000,6320312.5,1655326900,32768,"IM_EXEC:{""test"":""string-base64"",""n"":256,""elapsed_ms"":1618,""checksum"":""32768""}",,0,True,5cbaf23c322bf98da4482d07d06d87eef3c50cebf6bf7c47046adb556543e441
quickjs,math-partial-sums,25,128,2216,2216000000,17312500.0,2225186000,60.08994194659945,"IM_EXEC:{""test"":""math-partial-sums"",""n"":128,""elapsed_ms"":2216,""checksum"":""60.08994194659945""}",,0,True,4fadb0cf070baa5dde56707dff313a6a62821c6b1621c298f196e1f1bdb726e3
v8_ignition,math-partial-sums,25,128,1509,1509000000,11789062.5,1542624800,60.08994194659945,"IM_EXEC:{""test"":""math-partial-sums"",""n"":128,""elapsed_ms"":1509,""checksum"":""60.08994194659945""}",,0,True,4fadb0cf070baa5dde56707dff313a6a62821c6b1621c298f196e1f1bdb726e3
quickjs,date-format-xparb,25,256,5023,5023000000,19621093.75,5032850000,"2017-09-05|Tuesday, September 05, 2017 7:43:48 AM|1504652895000","IM_EXEC:{""test"":""date-format-xparb"",""n"":256,""elapsed_ms"":5023,""checksum"":""2017-09-05|Tuesday, September 05, 2017 7:43:48 AM|1504652895000""}",,0,True,add041cbb7bfa753ec4a301e26ec01e33f116b6a16883f80454b18f7790e4320
v8_ignition,date-format-xparb,25,256,1050,1050000000,4101562.5,1087847500,"2017-09-05|Tuesday, September 05, 2017 7:43:48 AM|1504652895000","IM_EXEC:{""test"":""date-format-xparb"",""n"":256,""elapsed_ms"":1050,""checksum"":""2017-09-05|Tuesday, September 05, 2017 7:43:48 AM|1504652895000""}",,0,True,add041cbb7bfa753ec4a301e26ec01e33f116b6a16883f80454b18f7790e4320
quickjs,string-validate-input,25,256,3431,3431000000,13402343.75,3441895500,462000,"IM_EXEC:{""test"":""string-validate-input"",""n"":256,""elapsed_ms"":3431,""checksum"":""462000""}",,0,True,f3316365a925df0927fe79ed16a84a33fe9d1e3dafbff918f53f671ca1a58748
v8_ignition,string-validate-input,25,256,1420,1420000000,5546875.0,1455762800,462000,"IM_EXEC:{""test"":""string-validate-input"",""n"":256,""elapsed_ms"":1420,""checksum"":""462000""}",,0,True,f3316365a925df0927fe79ed16a84a33fe9d1e3dafbff918f53f671ca1a58748
quickjs,access-nsieve,25,128,3001,3001000000,23445312.5,3009970900,14302,"IM_EXEC:{""test"":""access-nsieve"",""n"":128,""elapsed_ms"":3001,""checksum"":""14302""}",,0,True,d2ff95d96cd8e84458eff804a3dae7ac589b31fa7d1e11cdffd4aa821eec7819
v8_ignition,access-nsieve,25,128,1313,1313000000,10257812.5,1349238300,14302,"IM_EXEC:{""test"":""access-nsieve"",""n"":128,""elapsed_ms"":1313,""checksum"":""14302""}",,0,True,d2ff95d96cd8e84458eff804a3dae7ac589b31fa7d1e11cdffd4aa821eec7819
quickjs,bitops-nsieve-bits,25,128,1923,1923000000,15023437.5,1933274700,-1286749544853,"IM_EXEC:{""test"":""bitops-nsieve-bits"",""n"":128,""elapsed_ms"":1923,""checksum"":""-1286749544853""}",,0,True,c8cd89d57d6c82edd3ce9aaea504681391c6fb3beef555532dd2653fc0410765
v8_ignition,bitops-nsieve-bits,25,128,2958,2958000000,23109375.0,2995489600,-1286749544853,"IM_EXEC:{""test"":""bitops-nsieve-bits"",""n"":128,""elapsed_ms"":2958,""checksum"":""-1286749544853""}",,0,True,c8cd89d57d6c82edd3ce9aaea504681391c6fb3beef555532dd2653fc0410765
quickjs,math-cordic,25,64,1422,1422000000,22218750.0,1430983700,10362.570468755888,"IM_EXEC:{""test"":""math-cordic"",""n"":64,""elapsed_ms"":1422,""checksum"":""10362.570468755888""}",,0,True,34b61588ee1c24cb8be232a1a12958905f04b257e09200a4faefef3bb909ee53
v8_ignition,math-cordic,25,64,1086,1086000000,16968750.0,1121371200,10362.570468755888,"IM_EXEC:{""test"":""math-cordic"",""n"":64,""elapsed_ms"":1086,""checksum"":""10362.570468755888""}",,0,True,34b61588ee1c24cb8be232a1a12958905f04b257e09200a4faefef3bb909ee53
quickjs,bitops-3bit-bits-in-byte,25,256,2438,2438000000,9523437.5,2447467500,512000,"IM_EXEC:{""test"":""bitops-3bit-bits-in-byte"",""n"":256,""elapsed_ms"":2438,""checksum"":""512000""}",,0,True,abe5fed281f086bcd3336e21203ccebd592037d9c2a481ccf4c68e894138c38a
v8_ignition,bitops-3bit-bits-in-byte,25,256,1897,1897000000,7410156.25,1932477800,512000,"IM_EXEC:{""test"":""bitops-3bit-bits-in-byte"",""n"":256,""elapsed_ms"":1897,""checksum"":""512000""}",,0,True,abe5fed281f086bcd3336e21203ccebd592037d9c2a481ccf4c68e894138c38a
quickjs,bitops-bits-in-byte,25,64,1267,1267000000,19796875.0,1275859900,358400,"IM_EXEC:{""test"":""bitops-bits-in-byte"",""n"":64,""elapsed_ms"":1267,""checksum"":""358400""}",,0,True,5b00ba9a5c5657f66ade1ddd8f2816ae39bd34dd3007dc07b5357c2c829bef73
v8_ignition,bitops-bits-in-byte,25,64,1270,1270000000,19843750.0,1305547600,358400,"IM_EXEC:{""test"":""bitops-bits-in-byte"",""n"":64,""elapsed_ms"":1270,""checksum"":""358400""}",,0,True,5b00ba9a5c5657f66ade1ddd8f2816ae39bd34dd3007dc07b5357c2c829bef73
quickjs,string-unpack-code,25,256,14094,14094000000,55054687.5,14106028400,511508,"IM_EXEC:{""test"":""string-unpack-code"",""n"":256,""elapsed_ms"":14094,""checksum"":""511508""}",,0,True,81a8b0c2e178b101089899f543ac712456d9edd361ed55f1f8a0075dcdca98b5
v8_ignition,string-unpack-code,25,256,1703,1703000000,6652343.75,1742105200,511508,"IM_EXEC:{""test"":""string-unpack-code"",""n"":256,""elapsed_ms"":1703,""checksum"":""511508""}",,0,True,81a8b0c2e178b101089899f543ac712456d9edd361ed55f1f8a0075dcdca98b5
quickjs,3d-morph,25,64,1448,1448000000,22625000.0,1457068700,0,"IM_EXEC:{""test"":""3d-morph"",""n"":64,""elapsed_ms"":1448,""checksum"":""0""}",,0,True,522e39aba6d7f5f71cab59dfa2d2607b0932d63bdbfc9625b49725e02e9d5983
v8_ignition,3d-morph,25,64,1279,1279000000,19984375.0,1317072800,0,"IM_EXEC:{""test"":""3d-morph"",""n"":64,""elapsed_ms"":1279,""checksum"":""0""}",,0,True,522e39aba6d7f5f71cab59dfa2d2607b0932d63bdbfc9625b49725e02e9d5983
quickjs,crypto-md5,25,256,1859,1859000000,7261718.75,1868667800,a831e91e0f70eddcb70dc61c6f82f6cd,"IM_EXEC:{""test"":""crypto-md5"",""n"":256,""elapsed_ms"":1859,""checksum"":""a831e91e0f70eddcb70dc61c6f82f6cd""}",,0,True,b3676cc77ffa8184c46e9b99de32642296b190805d342e8e046279b12aa423b3
v8_ignition,crypto-md5,25,256,1973,1973000000,7707031.25,2009355000,a831e91e0f70eddcb70dc61c6f82f6cd,"IM_EXEC:{""test"":""crypto-md5"",""n"":256,""elapsed_ms"":1973,""checksum"":""a831e91e0f70eddcb70dc61c6f82f6cd""}",,0,True,b3676cc77ffa8184c46e9b99de32642296b190805d342e8e046279b12aa423b3
quickjs,access-nbody,25,64,983,983000000,15359375.0,992916700,-1.3524862408537381,"IM_EXEC:{""test"":""access-nbody"",""n"":64,""elapsed_ms"":983,""checksum"":""-1.3524862408537381""}",,0,True,19902b6f21c5b25ee15381029c367b4c4e18734127ed7525fb470472ccabc082
v8_ignition,access-nbody,25,64,1262,1262000000,19718750.0,1296874500,-1.3524862408537381,"IM_EXEC:{""test"":""access-nbody"",""n"":64,""elapsed_ms"":1262,""checksum"":""-1.3524862408537381""}",,0,True,19902b6f21c5b25ee15381029c367b4c4e18734127ed7525fb470472ccabc082
quickjs,bitops-bitwise-and,25,256,2125,2125000000,8300781.25,2134711000,0,"IM_EXEC:{""test"":""bitops-bitwise-and"",""n"":256,""elapsed_ms"":2125,""checksum"":""0""}",,0,True,eed5b353d4a2406db32d34e84a8855c02c005be3643b9966be5612fa0de83cab
v8_ignition,bitops-bitwise-and,25,256,2522,2522000000,9851562.5,2557317700,0,"IM_EXEC:{""test"":""bitops-bitwise-and"",""n"":256,""elapsed_ms"":2522,""checksum"":""0""}",,0,True,eed5b353d4a2406db32d34e84a8855c02c005be3643b9966be5612fa0de83cab
quickjs,string-fasta,25,128,3489,3489000000,27257812.5,3497902900,1456000,"IM_EXEC:{""test"":""string-fasta"",""n"":128,""elapsed_ms"":3489,""checksum"":""1456000""}",,0,True,9ef1f7595b6cdfe6baed89f2f84d63006986f85574a2f446797cd69ca2dd79b8
v8_ignition,string-fasta,25,128,1246,1246000000,9734375.0,1281942800,1456000,"IM_EXEC:{""test"":""string-fasta"",""n"":128,""elapsed_ms"":1246,""checksum"":""1456000""}",,0,True,9ef1f7595b6cdfe6baed89f2f84d63006986f85574a2f446797cd69ca2dd79b8
v8_ignition,string-validate-input,26,256,1437,1437000000,5613281.25,1475029800,462000,"IM_EXEC:{""test"":""string-validate-input"",""n"":256,""elapsed_ms"":1437,""checksum"":""462000""}",,0,True,f3316365a925df0927fe79ed16a84a33fe9d1e3dafbff918f53f671ca1a58748
quickjs,string-validate-input,26,256,3512,3512000000,13718750.0,3521493200,462000,"IM_EXEC:{""test"":""string-validate-input"",""n"":256,""elapsed_ms"":3512,""checksum"":""462000""}",,0,True,f3316365a925df0927fe79ed16a84a33fe9d1e3dafbff918f53f671ca1a58748
v8_ignition,crypto-sha1,26,256,2191,2191000000,8558593.75,2227667000,2524d264def74cce2498bf112bedf00e6c0b796d,"IM_EXEC:{""test"":""crypto-sha1"",""n"":256,""elapsed_ms"":2191,""checksum"":""2524d264def74cce2498bf112bedf00e6c0b796d""}",,0,True,efb82da8b03c1f4f11eeb3f88f9902179a62f0a21e620fe0f60845b8b874e292
quickjs,crypto-sha1,26,256,1772,1772000000,6921875.0,1782624300,2524d264def74cce2498bf112bedf00e6c0b796d,"IM_EXEC:{""test"":""crypto-sha1"",""n"":256,""elapsed_ms"":1772,""checksum"":""2524d264def74cce2498bf112bedf00e6c0b796d""}",,0,True,efb82da8b03c1f4f11eeb3f88f9902179a62f0a21e620fe0f60845b8b874e292
v8_ignition,bitops-nsieve-bits,26,128,2964,2964000000,23156250.0,2999515600,-1286749544853,"IM_EXEC:{""test"":""bitops-nsieve-bits"",""n"":128,""elapsed_ms"":2964,""checksum"":""-1286749544853""}",,0,True,c8cd89d57d6c82edd3ce9aaea504681391c6fb3beef555532dd2653fc0410765
quickjs,bitops-nsieve-bits,26,128,2000,2000000000,15625000.0,2008823100,-1286749544853,"IM_EXEC:{""test"":""bitops-nsieve-bits"",""n"":128,""elapsed_ms"":2000,""checksum"":""-1286749544853""}",,0,True,c8cd89d57d6c82edd3ce9aaea504681391c6fb3beef555532dd2653fc0410765
v8_ignition,access-nsieve,26,128,1359,1359000000,10617187.5,1395628800,14302,"IM_EXEC:{""test"":""access-nsieve"",""n"":128,""elapsed_ms"":1359,""checksum"":""14302""}",,0,True,d2ff95d96cd8e84458eff804a3dae7ac589b31fa7d1e11cdffd4aa821eec7819
quickjs,access-nsieve,26,128,3121,3121000000,24382812.5,3131134300,14302,"IM_EXEC:{""test"":""access-nsieve"",""n"":128,""elapsed_ms"":3121,""checksum"":""14302""}",,0,True,d2ff95d96cd8e84458eff804a3dae7ac589b31fa7d1e11cdffd4aa821eec7819
v8_ignition,date-format-tofte,26,128,1078,1078000000,8421875.0,1113600400,"2008-05-01|Thursday, May 01, 2008 5:31:22 PM|1209718549000","IM_EXEC:{""test"":""date-format-tofte"",""n"":128,""elapsed_ms"":1078,""checksum"":""2008-05-01|Thursday, May 01, 2008 5:31:22 PM|1209718549000""}",,0,True,9535a5df1307bfc8288791fc3faf48c5e50a5deb6f04987d455c2bcc11ed4bfc
quickjs,date-format-tofte,26,128,3943,3943000000,30804687.5,3953150300,"2008-05-01|Thursday, May 01, 2008 5:31:22 PM|1209718549000","IM_EXEC:{""test"":""date-format-tofte"",""n"":128,""elapsed_ms"":3943,""checksum"":""2008-05-01|Thursday, May 01, 2008 5:31:22 PM|1209718549000""}",,0,True,9535a5df1307bfc8288791fc3faf48c5e50a5deb6f04987d455c2bcc11ed4bfc
v8_ignition,regexp-dna,26,1024,1878,1878000000,1833984.375,1919426400,249:300056,"IM_EXEC:{""test"":""regexp-dna"",""n"":1024,""elapsed_ms"":1878,""checksum"":""249:300056""}",,0,True,3afc0a7c18fdee33367b1b484ba5fd4d9b7b225d1b2408dcc4f5fa0f7356cffe
quickjs,regexp-dna,26,1024,83604,83604000000,81644531.25,83617071800,249:300056,"IM_EXEC:{""test"":""regexp-dna"",""n"":1024,""elapsed_ms"":83604,""checksum"":""249:300056""}",,0,True,3afc0a7c18fdee33367b1b484ba5fd4d9b7b225d1b2408dcc4f5fa0f7356cffe
v8_ignition,3d-raytrace,26,128,1889,1889000000,14757812.5,2007411700,20970,"IM_EXEC:{""test"":""3d-raytrace"",""n"":128,""elapsed_ms"":1889,""checksum"":""20970""}",,0,True,fbf3a216ca8bc8223f66e4105ce5c95294ac4e5e8f40c56e660a89fbc4962c15
quickjs,3d-raytrace,26,128,1951,1951000000,15242187.5,2002382000,20969,"IM_EXEC:{""test"":""3d-raytrace"",""n"":128,""elapsed_ms"":1951,""checksum"":""20969""}",,0,True,fbf3a216ca8bc8223f66e4105ce5c95294ac4e5e8f40c56e660a89fbc4962c15
v8_ignition,3d-cube,26,64,1193,1193000000,18640625.0,1233997000,320,"IM_EXEC:{""test"":""3d-cube"",""n"":64,""elapsed_ms"":1193,""checksum"":""320""}",,0,True,60a065dcf0b5284dc0c04c58f860a2319aa73d0aaa4ce285a3fa9614f357aa2e
quickjs,3d-cube,26,64,1995,1995000000,31171875.0,2008511000,320,"IM_EXEC:{""test"":""3d-cube"",""n"":64,""elapsed_ms"":1995,""checksum"":""320""}",,0,True,60a065dcf0b5284dc0c04c58f860a2319aa73d0aaa4ce285a3fa9614f357aa2e
v8_ignition,string-unpack-code,26,256,1735,1735000000,6777343.75,1779165000,511508,"IM_EXEC:{""test"":""string-unpack-code"",""n"":256,""elapsed_ms"":1735,""checksum"":""511508""}",,0,True,81a8b0c2e178b101089899f543ac712456d9edd361ed55f1f8a0075dcdca98b5
quickjs,string-unpack-code,26,256,14466,14466000000,56507812.5,14481084300,511508,"IM_EXEC:{""test"":""string-unpack-code"",""n"":256,""elapsed_ms"":14466,""checksum"":""511508""}",,0,True,81a8b0c2e178b101089899f543ac712456d9edd361ed55f1f8a0075dcdca98b5
v8_ignition,3d-morph,26,64,1318,1318000000,20593750.0,1363285700,0,"IM_EXEC:{""test"":""3d-morph"",""n"":64,""elapsed_ms"":1318,""checksum"":""0""}",,0,True,522e39aba6d7f5f71cab59dfa2d2607b0932d63bdbfc9625b49725e02e9d5983
quickjs,3d-morph,26,64,1458,1458000000,22781250.0,1472724500,0,"IM_EXEC:{""test"":""3d-morph"",""n"":64,""elapsed_ms"":1458,""checksum"":""0""}",,0,True,522e39aba6d7f5f71cab59dfa2d2607b0932d63bdbfc9625b49725e02e9d5983
v8_ignition,math-partial-sums,26,128,1491,1491000000,11648437.5,1531527200,60.08994194659945,"IM_EXEC:{""test"":""math-partial-sums"",""n"":128,""elapsed_ms"":1491,""checksum"":""60.08994194659945""}",,0,True,4fadb0cf070baa5dde56707dff313a6a62821c6b1621c298f196e1f1bdb726e3
quickjs,math-partial-sums,26,128,2234,2234000000,17453125.0,2245953700,60.08994194659945,"IM_EXEC:{""test"":""math-partial-sums"",""n"":128,""elapsed_ms"":2234,""checksum"":""60.08994194659945""}",,0,True,4fadb0cf070baa5dde56707dff313a6a62821c6b1621c298f196e1f1bdb726e3
v8_ignition,access-nbody,26,64,1247,1247000000,19484375.0,1286612500,-1.3524862408537381,"IM_EXEC:{""test"":""access-nbody"",""n"":64,""elapsed_ms"":1247,""checksum"":""-1.3524862408537381""}",,0,True,19902b6f21c5b25ee15381029c367b4c4e18734127ed7525fb470472ccabc082
quickjs,access-nbody,26,64,999,999000000,15609375.0,1012100900,-1.3524862408537381,"IM_EXEC:{""test"":""access-nbody"",""n"":64,""elapsed_ms"":999,""checksum"":""-1.3524862408537381""}",,0,True,19902b6f21c5b25ee15381029c367b4c4e18734127ed7525fb470472ccabc082
v8_ignition,access-binary-trees,26,256,1437,1437000000,5613281.25,1475180300,-4,"IM_EXEC:{""test"":""access-binary-trees"",""n"":256,""elapsed_ms"":1437,""checksum"":""-4""}",,0,True,2574ad07a3319832e969eef6330a65d5569f82589fd3968e95616ade0cac5383
quickjs,access-binary-trees,26,256,3171,3171000000,12386718.75,3182951200,-4,"IM_EXEC:{""test"":""access-binary-trees"",""n"":256,""elapsed_ms"":3171,""checksum"":""-4""}",,0,True,2574ad07a3319832e969eef6330a65d5569f82589fd3968e95616ade0cac5383
v8_ignition,string-base64,26,256,1649,1649000000,6441406.25,1691912300,32768,"IM_EXEC:{""test"":""string-base64"",""n"":256,""elapsed_ms"":1649,""checksum"":""32768""}",,0,True,5cbaf23c322bf98da4482d07d06d87eef3c50cebf6bf7c47046adb556543e441
quickjs,string-base64,26,256,5356,5356000000,20921875.0,5369496300,32768,"IM_EXEC:{""test"":""string-base64"",""n"":256,""elapsed_ms"":5356,""checksum"":""32768""}",,0,True,5cbaf23c322bf98da4482d07d06d87eef3c50cebf6bf7c47046adb556543e441
v8_ignition,string-tagcloud,26,256,1463,1463000000,5714843.75,1510075000,315241,"IM_EXEC:{""test"":""string-tagcloud"",""n"":256,""elapsed_ms"":1463,""checksum"":""315241""}",,0,True,bdb31cfdc8d9dc183a2016260abf8eae9629ab6f3fd5ffe57c0698243f1ca160
quickjs,string-tagcloud,26,256,7087,7087000000,27683593.75,7104072400,315241,"IM_EXEC:{""test"":""string-tagcloud"",""n"":256,""elapsed_ms"":7087,""checksum"":""315241""}",,0,True,bdb31cfdc8d9dc183a2016260abf8eae9629ab6f3fd5ffe57c0698243f1ca160
v8_ignition,controlflow-recursive,26,256,1764,1764000000,6890625.0,1805032500,57775,"IM_EXEC:{""test"":""controlflow-recursive"",""n"":256,""elapsed_ms"":1764,""checksum"":""57775""}",,0,True,b0137de1a06fa4c71fcd428e68ee4b3a61ae2444b324da024a872b257fd03c64
quickjs,controlflow-recursive,26,256,2149,2149000000,8394531.25,2161370100,57775,"IM_EXEC:{""test"":""controlflow-recursive"",""n"":256,""elapsed_ms"":2149,""checksum"":""57775""}",,0,True,b0137de1a06fa4c71fcd428e68ee4b3a61ae2444b324da024a872b257fd03c64
v8_ignition,bitops-bitwise-and,26,256,2521,2521000000,9847656.25,2561306700,0,"IM_EXEC:{""test"":""bitops-bitwise-and"",""n"":256,""elapsed_ms"":2521,""checksum"":""0""}",,0,True,eed5b353d4a2406db32d34e84a8855c02c005be3643b9966be5612fa0de83cab
quickjs,bitops-bitwise-and,26,256,1887,1887000000,7371093.75,1899682200,0,"IM_EXEC:{""test"":""bitops-bitwise-and"",""n"":256,""elapsed_ms"":1887,""checksum"":""0""}",,0,True,eed5b353d4a2406db32d34e84a8855c02c005be3643b9966be5612fa0de83cab
v8_ignition,string-fasta,26,128,1233,1233000000,9632812.5,1277350600,1456000,"IM_EXEC:{""test"":""string-fasta"",""n"":128,""elapsed_ms"":1233,""checksum"":""1456000""}",,0,True,9ef1f7595b6cdfe6baed89f2f84d63006986f85574a2f446797cd69ca2dd79b8
quickjs,string-fasta,26,128,3580,3580000000,27968750.0,3595501000,1456000,"IM_EXEC:{""test"":""string-fasta"",""n"":128,""elapsed_ms"":3580,""checksum"":""1456000""}",,0,True,9ef1f7595b6cdfe6baed89f2f84d63006986f85574a2f446797cd69ca2dd79b8
v8_ignition,bitops-3bit-bits-in-byte,26,256,1941,1941000000,7582031.25,1982481900,512000,"IM_EXEC:{""test"":""bitops-3bit-bits-in-byte"",""n"":256,""elapsed_ms"":1941,""checksum"":""512000""}",,0,True,abe5fed281f086bcd3336e21203ccebd592037d9c2a481ccf4c68e894138c38a
quickjs,bitops-3bit-bits-in-byte,26,256,2437,2437000000,9519531.25,2451219800,512000,"IM_EXEC:{""test"":""bitops-3bit-bits-in-byte"",""n"":256,""elapsed_ms"":2437,""checksum"":""512000""}",,0,True,abe5fed281f086bcd3336e21203ccebd592037d9c2a481ccf4c68e894138c38a
v8_ignition,crypto-md5,26,256,2014,2014000000,7867187.5,2058631800,a831e91e0f70eddcb70dc61c6f82f6cd,"IM_EXEC:{""test"":""crypto-md5"",""n"":256,""elapsed_ms"":2014,""checksum"":""a831e91e0f70eddcb70dc61c6f82f6cd""}",,0,True,b3676cc77ffa8184c46e9b99de32642296b190805d342e8e046279b12aa423b3
quickjs,crypto-md5,26,256,1961,1961000000,7660156.25,1973915100,a831e91e0f70eddcb70dc61c6f82f6cd,"IM_EXEC:{""test"":""crypto-md5"",""n"":256,""elapsed_ms"":1961,""checksum"":""a831e91e0f70eddcb70dc61c6f82f6cd""}",,0,True,b3676cc77ffa8184c46e9b99de32642296b190805d342e8e046279b12aa423b3
v8_ignition,access-fannkuch,26,32,1175,1175000000,36718750.0,1226890300,22,"IM_EXEC:{""test"":""access-fannkuch"",""n"":32,""elapsed_ms"":1175,""checksum"":""22""}",,0,True,fee86984d327e7709754ed7a2721517b303a436f895a8b03742b80a000d4eb6b
quickjs,access-fannkuch,26,32,1185,1185000000,37031250.0,1203212000,22,"IM_EXEC:{""test"":""access-fannkuch"",""n"":32,""elapsed_ms"":1185,""checksum"":""22""}",,0,True,fee86984d327e7709754ed7a2721517b303a436f895a8b03742b80a000d4eb6b
v8_ignition,math-cordic,26,64,1128,1128000000,17625000.0,1176325200,10362.570468755888,"IM_EXEC:{""test"":""math-cordic"",""n"":64,""elapsed_ms"":1128,""checksum"":""10362.570468755888""}",,0,True,34b61588ee1c24cb8be232a1a12958905f04b257e09200a4faefef3bb909ee53
quickjs,math-cordic,26,64,1886,1886000000,29468750.0,1908253000,10362.570468755888,"IM_EXEC:{""test"":""math-cordic"",""n"":64,""elapsed_ms"":1886,""checksum"":""10362.570468755888""}",,0,True,34b61588ee1c24cb8be232a1a12958905f04b257e09200a4faefef3bb909ee53
v8_ignition,math-spectral-norm,26,128,2866,2866000000,22390625.0,3121484800,5.086694231303284,"IM_EXEC:{""test"":""math-spectral-norm"",""n"":128,""elapsed_ms"":2866,""checksum"":""5.086694231303284""}",,0,True,52eb39e653bcbb40e24520ce504d81698f6a67645593e05ca67257f318fba4d8
quickjs,math-spectral-norm,26,128,1555,1555000000,12148437.5,1572620000,5.086694231303284,"IM_EXEC:{""test"":""math-spectral-norm"",""n"":128,""elapsed_ms"":1555,""checksum"":""5.086694231303284""}",,0,True,52eb39e653bcbb40e24520ce504d81698f6a67645593e05ca67257f318fba4d8
v8_ignition,crypto-aes,26,128,2338,2338000000,18265625.0,2402054200,1343,"IM_EXEC:{""test"":""crypto-aes"",""n"":128,""elapsed_ms"":2338,""checksum"":""1343""}",,0,True,c058d06958b1cc808c8c6a5054645c8fbb44897667ffe4f042da524c13a66234
quickjs,crypto-aes,26,128,1966,1966000000,15359375.0,1982538900,1343,"IM_EXEC:{""test"":""crypto-aes"",""n"":128,""elapsed_ms"":1966,""checksum"":""1343""}",,0,True,c058d06958b1cc808c8c6a5054645c8fbb44897667ffe4f042da524c13a66234
v8_ignition,bitops-bits-in-byte,26,64,1400,1400000000,21875000.0,1448160400,358400,"IM_EXEC:{""test"":""bitops-bits-in-byte"",""n"":64,""elapsed_ms"":1400,""checksum"":""358400""}",,0,True,5b00ba9a5c5657f66ade1ddd8f2816ae39bd34dd3007dc07b5357c2c829bef73
quickjs,bitops-bits-in-byte,26,64,1353,1353000000,21140625.0,1368930900,358400,"IM_EXEC:{""test"":""bitops-bits-in-byte"",""n"":64,""elapsed_ms"":1353,""checksum"":""358400""}",,0,True,5b00ba9a5c5657f66ade1ddd8f2816ae39bd34dd3007dc07b5357c2c829bef73
v8_ignition,date-format-xparb,26,256,1108,1108000000,4328125.0,1161729100,"2017-09-05|Tuesday, September 05, 2017 7:43:48 AM|1504652895000","IM_EXEC:{""test"":""date-format-xparb"",""n"":256,""elapsed_ms"":1108,""checksum"":""2017-09-05|Tuesday, September 05, 2017 7:43:48 AM|1504652895000""}",,0,True,add041cbb7bfa753ec4a301e26ec01e33f116b6a16883f80454b18f7790e4320
quickjs,date-format-xparb,26,256,5303,5303000000,20714843.75,5318411200,"2017-09-05|Tuesday, September 05, 2017 7:43:48 AM|1504652895000","IM_EXEC:{""test"":""date-format-xparb"",""n"":256,""elapsed_ms"":5303,""checksum"":""2017-09-05|Tuesday, September 05, 2017 7:43:48 AM|1504652895000""}",,0,True,add041cbb7bfa753ec4a301e26ec01e33f116b6a16883f80454b18f7790e4320
quickjs,date-format-tofte,27,128,3940,3940000000,30781250.0,3957720300,"2008-05-01|Thursday, May 01, 2008 5:31:22 PM|1209718549000","IM_EXEC:{""test"":""date-format-tofte"",""n"":128,""elapsed_ms"":3940,""checksum"":""2008-05-01|Thursday, May 01, 2008 5:31:22 PM|1209718549000""}",,0,True,9535a5df1307bfc8288791fc3faf48c5e50a5deb6f04987d455c2bcc11ed4bfc
v8_ignition,date-format-tofte,27,128,1173,1173000000,9164062.5,1220196300,"2008-05-01|Thursday, May 01, 2008 5:31:22 PM|1209718549000","IM_EXEC:{""test"":""date-format-tofte"",""n"":128,""elapsed_ms"":1173,""checksum"":""2008-05-01|Thursday, May 01, 2008 5:31:22 PM|1209718549000""}",,0,True,9535a5df1307bfc8288791fc3faf48c5e50a5deb6f04987d455c2bcc11ed4bfc
quickjs,string-unpack-code,27,256,15368,15368000000,60031250.0,15382336000,511508,"IM_EXEC:{""test"":""string-unpack-code"",""n"":256,""elapsed_ms"":15368,""checksum"":""511508""}",,0,True,81a8b0c2e178b101089899f543ac712456d9edd361ed55f1f8a0075dcdca98b5
v8_ignition,string-unpack-code,27,256,1731,1731000000,6761718.75,1780912700,511508,"IM_EXEC:{""test"":""string-unpack-code"",""n"":256,""elapsed_ms"":1731,""checksum"":""511508""}",,0,True,81a8b0c2e178b101089899f543ac712456d9edd361ed55f1f8a0075dcdca98b5
quickjs,math-cordic,27,64,1438,1438000000,22468750.0,1449860900,10362.570468755888,"IM_EXEC:{""test"":""math-cordic"",""n"":64,""elapsed_ms"":1438,""checksum"":""10362.570468755888""}",,0,True,34b61588ee1c24cb8be232a1a12958905f04b257e09200a4faefef3bb909ee53
v8_ignition,math-cordic,27,64,1095,1095000000,17109375.0,1130446900,10362.570468755888,"IM_EXEC:{""test"":""math-cordic"",""n"":64,""elapsed_ms"":1095,""checksum"":""10362.570468755888""}",,0,True,34b61588ee1c24cb8be232a1a12958905f04b257e09200a4faefef3bb909ee53
quickjs,access-binary-trees,27,256,3138,3138000000,12257812.5,3146487100,-4,"IM_EXEC:{""test"":""access-binary-trees"",""n"":256,""elapsed_ms"":3138,""checksum"":""-4""}",,0,True,2574ad07a3319832e969eef6330a65d5569f82589fd3968e95616ade0cac5383
v8_ignition,access-binary-trees,27,256,1447,1447000000,5652343.75,1483320800,-4,"IM_EXEC:{""test"":""access-binary-trees"",""n"":256,""elapsed_ms"":1447,""checksum"":""-4""}",,0,True,2574ad07a3319832e969eef6330a65d5569f82589fd3968e95616ade0cac5383
quickjs,bitops-nsieve-bits,27,128,1951,1951000000,15242187.5,1965509100,-1286749544853,"IM_EXEC:{""test"":""bitops-nsieve-bits"",""n"":128,""elapsed_ms"":1951,""checksum"":""-1286749544853""}",,0,True,c8cd89d57d6c82edd3ce9aaea504681391c6fb3beef555532dd2653fc0410765
v8_ignition,bitops-nsieve-bits,27,128,3002,3002000000,23453125.0,3043266200,-1286749544853,"IM_EXEC:{""test"":""bitops-nsieve-bits"",""n"":128,""elapsed_ms"":3002,""checksum"":""-1286749544853""}",,0,True,c8cd89d57d6c82edd3ce9aaea504681391c6fb3beef555532dd2653fc0410765
quickjs,3d-cube,27,64,1988,1988000000,31062500.0,1998279700,320,"IM_EXEC:{""test"":""3d-cube"",""n"":64,""elapsed_ms"":1988,""checksum"":""320""}",,0,True,60a065dcf0b5284dc0c04c58f860a2319aa73d0aaa4ce285a3fa9614f357aa2e
v8_ignition,3d-cube,27,64,1191,1191000000,18609375.0,1229779200,320,"IM_EXEC:{""test"":""3d-cube"",""n"":64,""elapsed_ms"":1191,""checksum"":""320""}",,0,True,60a065dcf0b5284dc0c04c58f860a2319aa73d0aaa4ce285a3fa9614f357aa2e
quickjs,string-base64,27,256,5357,5357000000,20925781.25,5367484000,32768,"IM_EXEC:{""test"":""string-base64"",""n"":256,""elapsed_ms"":5357,""checksum"":""32768""}",,0,True,5cbaf23c322bf98da4482d07d06d87eef3c50cebf6bf7c47046adb556543e441
v8_ignition,string-base64,27,256,1633,1633000000,6378906.25,1669789800,32768,"IM_EXEC:{""test"":""string-base64"",""n"":256,""elapsed_ms"":1633,""checksum"":""32768""}",,0,True,5cbaf23c322bf98da4482d07d06d87eef3c50cebf6bf7c47046adb556543e441
quickjs,3d-morph,27,64,1447,1447000000,22609375.0,1457390900,0,"IM_EXEC:{""test"":""3d-morph"",""n"":64,""elapsed_ms"":1447,""checksum"":""0""}",,0,True,522e39aba6d7f5f71cab59dfa2d2607b0932d63bdbfc9625b49725e02e9d5983
v8_ignition,3d-morph,27,64,1295,1295000000,20234375.0,1333586500,0,"IM_EXEC:{""test"":""3d-morph"",""n"":64,""elapsed_ms"":1295,""checksum"":""0""}",,0,True,522e39aba6d7f5f71cab59dfa2d2607b0932d63bdbfc9625b49725e02e9d5983
quickjs,access-nbody,27,64,1011,1011000000,15796875.0,1020777400,-1.3524862408537381,"IM_EXEC:{""test"":""access-nbody"",""n"":64,""elapsed_ms"":1011,""checksum"":""-1.3524862408537381""}",,0,True,19902b6f21c5b25ee15381029c367b4c4e18734127ed7525fb470472ccabc082
v8_ignition,access-nbody,27,64,1248,1248000000,19500000.0,1285674000,-1.3524862408537381,"IM_EXEC:{""test"":""access-nbody"",""n"":64,""elapsed_ms"":1248,""checksum"":""-1.3524862408537381""}",,0,True,19902b6f21c5b25ee15381029c367b4c4e18734127ed7525fb470472ccabc082
quickjs,date-format-xparb,27,256,5112,5112000000,19968750.0,5123101700,"2017-09-05|Tuesday, September 05, 2017 7:43:48 AM|1504652895000","IM_EXEC:{""test"":""date-format-xparb"",""n"":256,""elapsed_ms"":5112,""checksum"":""2017-09-05|Tuesday, September 05, 2017 7:43:48 AM|1504652895000""}",,0,True,add041cbb7bfa753ec4a301e26ec01e33f116b6a16883f80454b18f7790e4320
v8_ignition,date-format-xparb,27,256,1096,1096000000,4281250.0,1135479800,"2017-09-05|Tuesday, September 05, 2017 7:43:48 AM|1504652895000","IM_EXEC:{""test"":""date-format-xparb"",""n"":256,""elapsed_ms"":1096,""checksum"":""2017-09-05|Tuesday, September 05, 2017 7:43:48 AM|1504652895000""}",,0,True,add041cbb7bfa753ec4a301e26ec01e33f116b6a16883f80454b18f7790e4320
quickjs,regexp-dna,27,1024,82420,82420000000,80488281.25,82436878300,249:300056,"IM_EXEC:{""test"":""regexp-dna"",""n"":1024,""elapsed_ms"":82420,""checksum"":""249:300056""}",,0,True,3afc0a7c18fdee33367b1b484ba5fd4d9b7b225d1b2408dcc4f5fa0f7356cffe
v8_ignition,regexp-dna,27,1024,1872,1872000000,1828125.0,1918022300,249:300056,"IM_EXEC:{""test"":""regexp-dna"",""n"":1024,""elapsed_ms"":1872,""checksum"":""249:300056""}",,0,True,3afc0a7c18fdee33367b1b484ba5fd4d9b7b225d1b2408dcc4f5fa0f7356cffe
quickjs,3d-raytrace,27,128,1929,1929000000,15070312.5,1939192600,20969,"IM_EXEC:{""test"":""3d-raytrace"",""n"":128,""elapsed_ms"":1929,""checksum"":""20969""}",,0,True,fbf3a216ca8bc8223f66e4105ce5c95294ac4e5e8f40c56e660a89fbc4962c15
v8_ignition,3d-raytrace,27,128,1852,1852000000,14468750.0,1890222900,20970,"IM_EXEC:{""test"":""3d-raytrace"",""n"":128,""elapsed_ms"":1852,""checksum"":""20970""}",,0,True,fbf3a216ca8bc8223f66e4105ce5c95294ac4e5e8f40c56e660a89fbc4962c15
quickjs,math-partial-sums,27,128,2223,2223000000,17367187.5,2231230200,60.08994194659945,"IM_EXEC:{""test"":""math-partial-sums"",""n"":128,""elapsed_ms"":2223,""checksum"":""60.08994194659945""}",,0,True,4fadb0cf070baa5dde56707dff313a6a62821c6b1621c298f196e1f1bdb726e3
v8_ignition,math-partial-sums,27,128,1518,1518000000,11859375.0,1553048700,60.08994194659945,"IM_EXEC:{""test"":""math-partial-sums"",""n"":128,""elapsed_ms"":1518,""checksum"":""60.08994194659945""}",,0,True,4fadb0cf070baa5dde56707dff313a6a62821c6b1621c298f196e1f1bdb726e3
quickjs,access-fannkuch,27,32,1139,1139000000,35593750.0,1148283000,22,"IM_EXEC:{""test"":""access-fannkuch"",""n"":32,""elapsed_ms"":1139,""checksum"":""22""}",,0,True,fee86984d327e7709754ed7a2721517b303a436f895a8b03742b80a000d4eb6b
v8_ignition,access-fannkuch,27,32,1112,1112000000,34750000.0,1146672300,22,"IM_EXEC:{""test"":""access-fannkuch"",""n"":32,""elapsed_ms"":1112,""checksum"":""22""}",,0,True,fee86984d327e7709754ed7a2721517b303a436f895a8b03742b80a000d4eb6b
quickjs,string-validate-input,27,256,3463,3463000000,13527343.75,3475833000,462000,"IM_EXEC:{""test"":""string-validate-input"",""n"":256,""elapsed_ms"":3463,""checksum"":""462000""}",,0,True,f3316365a925df0927fe79ed16a84a33fe9d1e3dafbff918f53f671ca1a58748
v8_ignition,string-validate-input,27,256,1413,1413000000,5519531.25,1454321900,462000,"IM_EXEC:{""test"":""string-validate-input"",""n"":256,""elapsed_ms"":1413,""checksum"":""462000""}",,0,True,f3316365a925df0927fe79ed16a84a33fe9d1e3dafbff918f53f671ca1a58748
quickjs,crypto-md5,27,256,1814,1814000000,7085937.5,1823491800,a831e91e0f70eddcb70dc61c6f82f6cd,"IM_EXEC:{""test"":""crypto-md5"",""n"":256,""elapsed_ms"":1814,""checksum"":""a831e91e0f70eddcb70dc61c6f82f6cd""}",,0,True,b3676cc77ffa8184c46e9b99de32642296b190805d342e8e046279b12aa423b3
v8_ignition,crypto-md5,27,256,1965,1965000000,7675781.25,2000488200,a831e91e0f70eddcb70dc61c6f82f6cd,"IM_EXEC:{""test"":""crypto-md5"",""n"":256,""elapsed_ms"":1965,""checksum"":""a831e91e0f70eddcb70dc61c6f82f6cd""}",,0,True,b3676cc77ffa8184c46e9b99de32642296b190805d342e8e046279b12aa423b3
quickjs,access-nsieve,27,128,2980,2980000000,23281250.0,2992437100,14302,"IM_EXEC:{""test"":""access-nsieve"",""n"":128,""elapsed_ms"":2980,""checksum"":""14302""}",,0,True,d2ff95d96cd8e84458eff804a3dae7ac589b31fa7d1e11cdffd4aa821eec7819
v8_ignition,access-nsieve,27,128,1330,1330000000,10390625.0,1368244400,14302,"IM_EXEC:{""test"":""access-nsieve"",""n"":128,""elapsed_ms"":1330,""checksum"":""14302""}",,0,True,d2ff95d96cd8e84458eff804a3dae7ac589b31fa7d1e11cdffd4aa821eec7819
quickjs,controlflow-recursive,27,256,2092,2092000000,8171875.0,2100928000,57775,"IM_EXEC:{""test"":""controlflow-recursive"",""n"":256,""elapsed_ms"":2092,""checksum"":""57775""}",,0,True,b0137de1a06fa4c71fcd428e68ee4b3a61ae2444b324da024a872b257fd03c64
v8_ignition,controlflow-recursive,27,256,1791,1791000000,6996093.75,1825126100,57775,"IM_EXEC:{""test"":""controlflow-recursive"",""n"":256,""elapsed_ms"":1791,""checksum"":""57775""}",,0,True,b0137de1a06fa4c71fcd428e68ee4b3a61ae2444b324da024a872b257fd03c64
quickjs,bitops-3bit-bits-in-byte,27,256,2446,2446000000,9554687.5,2455195800,512000,"IM_EXEC:{""test"":""bitops-3bit-bits-in-byte"",""n"":256,""elapsed_ms"":2446,""checksum"":""512000""}",,0,True,abe5fed281f086bcd3336e21203ccebd592037d9c2a481ccf4c68e894138c38a
v8_ignition,bitops-3bit-bits-in-byte,27,256,1894,1894000000,7398437.5,1929740800,512000,"IM_EXEC:{""test"":""bitops-3bit-bits-in-byte"",""n"":256,""elapsed_ms"":1894,""checksum"":""512000""}",,0,True,abe5fed281f086bcd3336e21203ccebd592037d9c2a481ccf4c68e894138c38a
quickjs,bitops-bitwise-and,27,256,1770,1770000000,6914062.5,1779653300,0,"IM_EXEC:{""test"":""bitops-bitwise-and"",""n"":256,""elapsed_ms"":1770,""checksum"":""0""}",,0,True,eed5b353d4a2406db32d34e84a8855c02c005be3643b9966be5612fa0de83cab
v8_ignition,bitops-bitwise-and,27,256,2631,2631000000,10277343.75,2663710000,0,"IM_EXEC:{""test"":""bitops-bitwise-and"",""n"":256,""elapsed_ms"":2631,""checksum"":""0""}",,0,True,eed5b353d4a2406db32d34e84a8855c02c005be3643b9966be5612fa0de83cab
quickjs,crypto-sha1,27,256,1771,1771000000,6917968.75,1783666100,2524d264def74cce2498bf112bedf00e6c0b796d,"IM_EXEC:{""test"":""crypto-sha1"",""n"":256,""elapsed_ms"":1771,""checksum"":""2524d264def74cce2498bf112bedf00e6c0b796d""}",,0,True,efb82da8b03c1f4f11eeb3f88f9902179a62f0a21e620fe0f60845b8b874e292
v8_ignition,crypto-sha1,27,256,2183,2183000000,8527343.75,2220863600,2524d264def74cce2498bf112bedf00e6c0b796d,"IM_EXEC:{""test"":""crypto-sha1"",""n"":256,""elapsed_ms"":2183,""checksum"":""2524d264def74cce2498bf112bedf00e6c0b796d""}",,0,True,efb82da8b03c1f4f11eeb3f88f9902179a62f0a21e620fe0f60845b8b874e292
quickjs,bitops-bits-in-byte,27,64,1287,1287000000,20109375.0,1296590500,358400,"IM_EXEC:{""test"":""bitops-bits-in-byte"",""n"":64,""elapsed_ms"":1287,""checksum"":""358400""}",,0,True,5b00ba9a5c5657f66ade1ddd8f2816ae39bd34dd3007dc07b5357c2c829bef73
v8_ignition,bitops-bits-in-byte,27,64,1305,1305000000,20390625.0,1340180100,358400,"IM_EXEC:{""test"":""bitops-bits-in-byte"",""n"":64,""elapsed_ms"":1305,""checksum"":""358400""}",,0,True,5b00ba9a5c5657f66ade1ddd8f2816ae39bd34dd3007dc07b5357c2c829bef73
quickjs,crypto-aes,27,128,1931,1931000000,15085937.5,1941380700,1343,"IM_EXEC:{""test"":""crypto-aes"",""n"":128,""elapsed_ms"":1931,""checksum"":""1343""}",,0,True,c058d06958b1cc808c8c6a5054645c8fbb44897667ffe4f042da524c13a66234
v8_ignition,crypto-aes,27,128,1749,1749000000,13664062.5,1786139300,1343,"IM_EXEC:{""test"":""crypto-aes"",""n"":128,""elapsed_ms"":1749,""checksum"":""1343""}",,0,True,c058d06958b1cc808c8c6a5054645c8fbb44897667ffe4f042da524c13a66234
quickjs,string-fasta,27,128,3498,3498000000,27328125.0,3509123500,1456000,"IM_EXEC:{""test"":""string-fasta"",""n"":128,""elapsed_ms"":3498,""checksum"":""1456000""}",,0,True,9ef1f7595b6cdfe6baed89f2f84d63006986f85574a2f446797cd69ca2dd79b8
v8_ignition,string-fasta,27,128,1231,1231000000,9617187.5,1267067500,1456000,"IM_EXEC:{""test"":""string-fasta"",""n"":128,""elapsed_ms"":1231,""checksum"":""1456000""}",,0,True,9ef1f7595b6cdfe6baed89f2f84d63006986f85574a2f446797cd69ca2dd79b8
quickjs,math-spectral-norm,27,128,1176,1176000000,9187500.0,1186463400,5.086694231303284,"IM_EXEC:{""test"":""math-spectral-norm"",""n"":128,""elapsed_ms"":1176,""checksum"":""5.086694231303284""}",,0,True,52eb39e653bcbb40e24520ce504d81698f6a67645593e05ca67257f318fba4d8
v8_ignition,math-spectral-norm,27,128,963,963000000,7523437.5,998655600,5.086694231303284,"IM_EXEC:{""test"":""math-spectral-norm"",""n"":128,""elapsed_ms"":963,""checksum"":""5.086694231303284""}",,0,True,52eb39e653bcbb40e24520ce504d81698f6a67645593e05ca67257f318fba4d8
quickjs,string-tagcloud,27,256,6777,6777000000,26472656.25,6788277900,315241,"IM_EXEC:{""test"":""string-tagcloud"",""n"":256,""elapsed_ms"":6777,""checksum"":""315241""}",,0,True,bdb31cfdc8d9dc183a2016260abf8eae9629ab6f3fd5ffe57c0698243f1ca160
v8_ignition,string-tagcloud,27,256,1415,1415000000,5527343.75,1455775000,315241,"IM_EXEC:{""test"":""string-tagcloud"",""n"":256,""elapsed_ms"":1415,""checksum"":""315241""}",,0,True,bdb31cfdc8d9dc183a2016260abf8eae9629ab6f3fd5ffe57c0698243f1ca160
v8_ignition,bitops-nsieve-bits,28,128,2977,2977000000,23257812.5,3013661600,-1286749544853,"IM_EXEC:{""test"":""bitops-nsieve-bits"",""n"":128,""elapsed_ms"":2977,""checksum"":""-1286749544853""}",,0,True,c8cd89d57d6c82edd3ce9aaea504681391c6fb3beef555532dd2653fc0410765
quickjs,bitops-nsieve-bits,28,128,1980,1980000000,15468750.0,1989627900,-1286749544853,"IM_EXEC:{""test"":""bitops-nsieve-bits"",""n"":128,""elapsed_ms"":1980,""checksum"":""-1286749544853""}",,0,True,c8cd89d57d6c82edd3ce9aaea504681391c6fb3beef555532dd2653fc0410765
v8_ignition,crypto-sha1,28,256,2212,2212000000,8640625.0,2248569900,2524d264def74cce2498bf112bedf00e6c0b796d,"IM_EXEC:{""test"":""crypto-sha1"",""n"":256,""elapsed_ms"":2212,""checksum"":""2524d264def74cce2498bf112bedf00e6c0b796d""}",,0,True,efb82da8b03c1f4f11eeb3f88f9902179a62f0a21e620fe0f60845b8b874e292
quickjs,crypto-sha1,28,256,1775,1775000000,6933593.75,1784282400,2524d264def74cce2498bf112bedf00e6c0b796d,"IM_EXEC:{""test"":""crypto-sha1"",""n"":256,""elapsed_ms"":1775,""checksum"":""2524d264def74cce2498bf112bedf00e6c0b796d""}",,0,True,efb82da8b03c1f4f11eeb3f88f9902179a62f0a21e620fe0f60845b8b874e292
v8_ignition,access-nbody,28,64,1243,1243000000,19421875.0,1277363700,-1.3524862408537381,"IM_EXEC:{""test"":""access-nbody"",""n"":64,""elapsed_ms"":1243,""checksum"":""-1.3524862408537381""}",,0,True,19902b6f21c5b25ee15381029c367b4c4e18734127ed7525fb470472ccabc082
quickjs,access-nbody,28,64,991,991000000,15484375.0,1001156700,-1.3524862408537381,"IM_EXEC:{""test"":""access-nbody"",""n"":64,""elapsed_ms"":991,""checksum"":""-1.3524862408537381""}",,0,True,19902b6f21c5b25ee15381029c367b4c4e18734127ed7525fb470472ccabc082
v8_ignition,bitops-bits-in-byte,28,64,1247,1247000000,19484375.0,1282419400,358400,"IM_EXEC:{""test"":""bitops-bits-in-byte"",""n"":64,""elapsed_ms"":1247,""checksum"":""358400""}",,0,True,5b00ba9a5c5657f66ade1ddd8f2816ae39bd34dd3007dc07b5357c2c829bef73
quickjs,bitops-bits-in-byte,28,64,1328,1328000000,20750000.0,1336939600,358400,"IM_EXEC:{""test"":""bitops-bits-in-byte"",""n"":64,""elapsed_ms"":1328,""checksum"":""358400""}",,0,True,5b00ba9a5c5657f66ade1ddd8f2816ae39bd34dd3007dc07b5357c2c829bef73
v8_ignition,bitops-bitwise-and,28,256,2565,2565000000,10019531.25,2599758800,0,"IM_EXEC:{""test"":""bitops-bitwise-and"",""n"":256,""elapsed_ms"":2565,""checksum"":""0""}",,0,True,eed5b353d4a2406db32d34e84a8855c02c005be3643b9966be5612fa0de83cab
quickjs,bitops-bitwise-and,28,256,2050,2050000000,8007812.5,2059362900,0,"IM_EXEC:{""test"":""bitops-bitwise-and"",""n"":256,""elapsed_ms"":2050,""checksum"":""0""}",,0,True,eed5b353d4a2406db32d34e84a8855c02c005be3643b9966be5612fa0de83cab
v8_ignition,string-unpack-code,28,256,1690,1690000000,6601562.5,1729890800,511508,"IM_EXEC:{""test"":""string-unpack-code"",""n"":256,""elapsed_ms"":1690,""checksum"":""511508""}",,0,True,81a8b0c2e178b101089899f543ac712456d9edd361ed55f1f8a0075dcdca98b5
quickjs,string-unpack-code,28,256,13685,13685000000,53457031.25,13695651600,511508,"IM_EXEC:{""test"":""string-unpack-code"",""n"":256,""elapsed_ms"":13685,""checksum"":""511508""}",,0,True,81a8b0c2e178b101089899f543ac712456d9edd361ed55f1f8a0075dcdca98b5
v8_ignition,crypto-md5,28,256,1975,1975000000,7714843.75,2009590400,a831e91e0f70eddcb70dc61c6f82f6cd,"IM_EXEC:{""test"":""crypto-md5"",""n"":256,""elapsed_ms"":1975,""checksum"":""a831e91e0f70eddcb70dc61c6f82f6cd""}",,0,True,b3676cc77ffa8184c46e9b99de32642296b190805d342e8e046279b12aa423b3
quickjs,crypto-md5,28,256,1870,1870000000,7304687.5,1880396400,a831e91e0f70eddcb70dc61c6f82f6cd,"IM_EXEC:{""test"":""crypto-md5"",""n"":256,""elapsed_ms"":1870,""checksum"":""a831e91e0f70eddcb70dc61c6f82f6cd""}",,0,True,b3676cc77ffa8184c46e9b99de32642296b190805d342e8e046279b12aa423b3
v8_ignition,controlflow-recursive,28,256,1758,1758000000,6867187.5,1792685900,57775,"IM_EXEC:{""test"":""controlflow-recursive"",""n"":256,""elapsed_ms"":1758,""checksum"":""57775""}",,0,True,b0137de1a06fa4c71fcd428e68ee4b3a61ae2444b324da024a872b257fd03c64
quickjs,controlflow-recursive,28,256,2092,2092000000,8171875.0,2101641100,57775,"IM_EXEC:{""test"":""controlflow-recursive"",""n"":256,""elapsed_ms"":2092,""checksum"":""57775""}",,0,True,b0137de1a06fa4c71fcd428e68ee4b3a61ae2444b324da024a872b257fd03c64
v8_ignition,math-spectral-norm,28,128,943,943000000,7367187.5,978859000,5.086694231303284,"IM_EXEC:{""test"":""math-spectral-norm"",""n"":128,""elapsed_ms"":943,""checksum"":""5.086694231303284""}",,0,True,52eb39e653bcbb40e24520ce504d81698f6a67645593e05ca67257f318fba4d8
quickjs,math-spectral-norm,28,128,1178,1178000000,9203125.0,1187643400,5.086694231303284,"IM_EXEC:{""test"":""math-spectral-norm"",""n"":128,""elapsed_ms"":1178,""checksum"":""5.086694231303284""}",,0,True,52eb39e653bcbb40e24520ce504d81698f6a67645593e05ca67257f318fba4d8
v8_ignition,crypto-aes,28,128,1749,1749000000,13664062.5,1783526400,1343,"IM_EXEC:{""test"":""crypto-aes"",""n"":128,""elapsed_ms"":1749,""checksum"":""1343""}",,0,True,c058d06958b1cc808c8c6a5054645c8fbb44897667ffe4f042da524c13a66234
quickjs,crypto-aes,28,128,1903,1903000000,14867187.5,1913630000,1343,"IM_EXEC:{""test"":""crypto-aes"",""n"":128,""elapsed_ms"":1903,""checksum"":""1343""}",,0,True,c058d06958b1cc808c8c6a5054645c8fbb44897667ffe4f042da524c13a66234
v8_ignition,3d-morph,28,64,1291,1291000000,20171875.0,1330393100,0,"IM_EXEC:{""test"":""3d-morph"",""n"":64,""elapsed_ms"":1291,""checksum"":""0""}",,0,True,522e39aba6d7f5f71cab59dfa2d2607b0932d63bdbfc9625b49725e02e9d5983
quickjs,3d-morph,28,64,1418,1418000000,22156250.0,1427682000,0,"IM_EXEC:{""test"":""3d-morph"",""n"":64,""elapsed_ms"":1418,""checksum"":""0""}",,0,True,522e39aba6d7f5f71cab59dfa2d2607b0932d63bdbfc9625b49725e02e9d5983
v8_ignition,date-format-tofte,28,128,1090,1090000000,8515625.0,1123916800,"2008-05-01|Thursday, May 01, 2008 5:31:22 PM|1209718549000","IM_EXEC:{""test"":""date-format-tofte"",""n"":128,""elapsed_ms"":1090,""checksum"":""2008-05-01|Thursday, May 01, 2008 5:31:22 PM|1209718549000""}",,0,True,9535a5df1307bfc8288791fc3faf48c5e50a5deb6f04987d455c2bcc11ed4bfc
quickjs,date-format-tofte,28,128,3841,3841000000,30007812.5,3851147600,"2008-05-01|Thursday, May 01, 2008 5:31:22 PM|1209718549000","IM_EXEC:{""test"":""date-format-tofte"",""n"":128,""elapsed_ms"":3841,""checksum"":""2008-05-01|Thursday, May 01, 2008 5:31:22 PM|1209718549000""}",,0,True,9535a5df1307bfc8288791fc3faf48c5e50a5deb6f04987d455c2bcc11ed4bfc
v8_ignition,math-partial-sums,28,128,1477,1477000000,11539062.5,1512394500,60.08994194659945,"IM_EXEC:{""test"":""math-partial-sums"",""n"":128,""elapsed_ms"":1477,""checksum"":""60.08994194659945""}",,0,True,4fadb0cf070baa5dde56707dff313a6a62821c6b1621c298f196e1f1bdb726e3
quickjs,math-partial-sums,28,128,2196,2196000000,17156250.0,2204761400,60.08994194659945,"IM_EXEC:{""test"":""math-partial-sums"",""n"":128,""elapsed_ms"":2196,""checksum"":""60.08994194659945""}",,0,True,4fadb0cf070baa5dde56707dff313a6a62821c6b1621c298f196e1f1bdb726e3
v8_ignition,access-nsieve,28,128,1337,1337000000,10445312.5,1372471500,14302,"IM_EXEC:{""test"":""access-nsieve"",""n"":128,""elapsed_ms"":1337,""checksum"":""14302""}",,0,True,d2ff95d96cd8e84458eff804a3dae7ac589b31fa7d1e11cdffd4aa821eec7819
quickjs,access-nsieve,28,128,2997,2997000000,23414062.5,3006343600,14302,"IM_EXEC:{""test"":""access-nsieve"",""n"":128,""elapsed_ms"":2997,""checksum"":""14302""}",,0,True,d2ff95d96cd8e84458eff804a3dae7ac589b31fa7d1e11cdffd4aa821eec7819
v8_ignition,string-validate-input,28,256,1402,1402000000,5476562.5,1440084800,462000,"IM_EXEC:{""test"":""string-validate-input"",""n"":256,""elapsed_ms"":1402,""checksum"":""462000""}",,0,True,f3316365a925df0927fe79ed16a84a33fe9d1e3dafbff918f53f671ca1a58748
quickjs,string-validate-input,28,256,3473,3473000000,13566406.25,3482694200,462000,"IM_EXEC:{""test"":""string-validate-input"",""n"":256,""elapsed_ms"":3473,""checksum"":""462000""}",,0,True,f3316365a925df0927fe79ed16a84a33fe9d1e3dafbff918f53f671ca1a58748
v8_ignition,3d-cube,28,64,1167,1167000000,18234375.0,1203406000,320,"IM_EXEC:{""test"":""3d-cube"",""n"":64,""elapsed_ms"":1167,""checksum"":""320""}",,0,True,60a065dcf0b5284dc0c04c58f860a2319aa73d0aaa4ce285a3fa9614f357aa2e
quickjs,3d-cube,28,64,1928,1928000000,30125000.0,1937498800,320,"IM_EXEC:{""test"":""3d-cube"",""n"":64,""elapsed_ms"":1928,""checksum"":""320""}",,0,True,60a065dcf0b5284dc0c04c58f860a2319aa73d0aaa4ce285a3fa9614f357aa2e
v8_ignition,bitops-3bit-bits-in-byte,28,256,1967,1967000000,7683593.75,2003020300,512000,"IM_EXEC:{""test"":""bitops-3bit-bits-in-byte"",""n"":256,""elapsed_ms"":1967,""checksum"":""512000""}",,0,True,abe5fed281f086bcd3336e21203ccebd592037d9c2a481ccf4c68e894138c38a
quickjs,bitops-3bit-bits-in-byte,28,256,2357,2357000000,9207031.25,2366686700,512000,"IM_EXEC:{""test"":""bitops-3bit-bits-in-byte"",""n"":256,""elapsed_ms"":2357,""checksum"":""512000""}",,0,True,abe5fed281f086bcd3336e21203ccebd592037d9c2a481ccf4c68e894138c38a
v8_ignition,math-cordic,28,64,1093,1093000000,17078125.0,1127083600,10362.570468755888,"IM_EXEC:{""test"":""math-cordic"",""n"":64,""elapsed_ms"":1093,""checksum"":""10362.570468755888""}",,0,True,34b61588ee1c24cb8be232a1a12958905f04b257e09200a4faefef3bb909ee53
quickjs,math-cordic,28,64,1414,1414000000,22093750.0,1423340300,10362.570468755888,"IM_EXEC:{""test"":""math-cordic"",""n"":64,""elapsed_ms"":1414,""checksum"":""10362.570468755888""}",,0,True,34b61588ee1c24cb8be232a1a12958905f04b257e09200a4faefef3bb909ee53
v8_ignition,regexp-dna,28,1024,1875,1875000000,1831054.6875,1915302700,249:300056,"IM_EXEC:{""test"":""regexp-dna"",""n"":1024,""elapsed_ms"":1875,""checksum"":""249:300056""}",,0,True,3afc0a7c18fdee33367b1b484ba5fd4d9b7b225d1b2408dcc4f5fa0f7356cffe
quickjs,regexp-dna,28,1024,80615,80615000000,78725585.9375,80626464300,249:300056,"IM_EXEC:{""test"":""regexp-dna"",""n"":1024,""elapsed_ms"":80615,""checksum"":""249:300056""}",,0,True,3afc0a7c18fdee33367b1b484ba5fd4d9b7b225d1b2408dcc4f5fa0f7356cffe
v8_ignition,access-fannkuch,28,32,1107,1107000000,34593750.0,1142583000,22,"IM_EXEC:{""test"":""access-fannkuch"",""n"":32,""elapsed_ms"":1107,""checksum"":""22""}",,0,True,fee86984d327e7709754ed7a2721517b303a436f895a8b03742b80a000d4eb6b
quickjs,access-fannkuch,28,32,1168,1168000000,36500000.0,1178426400,22,"IM_EXEC:{""test"":""access-fannkuch"",""n"":32,""elapsed_ms"":1168,""checksum"":""22""}",,0,True,fee86984d327e7709754ed7a2721517b303a436f895a8b03742b80a000d4eb6b
v8_ignition,3d-raytrace,28,128,1868,1868000000,14593750.0,1906940000,20970,"IM_EXEC:{""test"":""3d-raytrace"",""n"":128,""elapsed_ms"":1868,""checksum"":""20970""}",,0,True,fbf3a216ca8bc8223f66e4105ce5c95294ac4e5e8f40c56e660a89fbc4962c15
quickjs,3d-raytrace,28,128,1930,1930000000,15078125.0,1939349400,20969,"IM_EXEC:{""test"":""3d-raytrace"",""n"":128,""elapsed_ms"":1930,""checksum"":""20969""}",,0,True,fbf3a216ca8bc8223f66e4105ce5c95294ac4e5e8f40c56e660a89fbc4962c15
v8_ignition,access-binary-trees,28,256,1428,1428000000,5578125.0,1463032000,-4,"IM_EXEC:{""test"":""access-binary-trees"",""n"":256,""elapsed_ms"":1428,""checksum"":""-4""}",,0,True,2574ad07a3319832e969eef6330a65d5569f82589fd3968e95616ade0cac5383
quickjs,access-binary-trees,28,256,3100,3100000000,12109375.0,3109868800,-4,"IM_EXEC:{""test"":""access-binary-trees"",""n"":256,""elapsed_ms"":3100,""checksum"":""-4""}",,0,True,2574ad07a3319832e969eef6330a65d5569f82589fd3968e95616ade0cac5383
v8_ignition,string-tagcloud,28,256,1425,1425000000,5566406.25,1465525000,315241,"IM_EXEC:{""test"":""string-tagcloud"",""n"":256,""elapsed_ms"":1425,""checksum"":""315241""}",,0,True,bdb31cfdc8d9dc183a2016260abf8eae9629ab6f3fd5ffe57c0698243f1ca160
quickjs,string-tagcloud,28,256,6803,6803000000,26574218.75,6814581200,315241,"IM_EXEC:{""test"":""string-tagcloud"",""n"":256,""elapsed_ms"":6803,""checksum"":""315241""}",,0,True,bdb31cfdc8d9dc183a2016260abf8eae9629ab6f3fd5ffe57c0698243f1ca160
v8_ignition,date-format-xparb,28,256,1049,1049000000,4097656.25,1085505700,"2017-09-05|Tuesday, September 05, 2017 7:43:48 AM|1504652895000","IM_EXEC:{""test"":""date-format-xparb"",""n"":256,""elapsed_ms"":1049,""checksum"":""2017-09-05|Tuesday, September 05, 2017 7:43:48 AM|1504652895000""}",,0,True,add041cbb7bfa753ec4a301e26ec01e33f116b6a16883f80454b18f7790e4320
quickjs,date-format-xparb,28,256,5173,5173000000,20207031.25,5183651600,"2017-09-05|Tuesday, September 05, 2017 7:43:48 AM|1504652895000","IM_EXEC:{""test"":""date-format-xparb"",""n"":256,""elapsed_ms"":5173,""checksum"":""2017-09-05|Tuesday, September 05, 2017 7:43:48 AM|1504652895000""}",,0,True,add041cbb7bfa753ec4a301e26ec01e33f116b6a16883f80454b18f7790e4320
v8_ignition,string-fasta,28,128,1246,1246000000,9734375.0,1281813900,1456000,"IM_EXEC:{""test"":""string-fasta"",""n"":128,""elapsed_ms"":1246,""checksum"":""1456000""}",,0,True,9ef1f7595b6cdfe6baed89f2f84d63006986f85574a2f446797cd69ca2dd79b8
quickjs,string-fasta,28,128,3399,3399000000,26554687.5,3409162400,1456000,"IM_EXEC:{""test"":""string-fasta"",""n"":128,""elapsed_ms"":3399,""checksum"":""1456000""}",,0,True,9ef1f7595b6cdfe6baed89f2f84d63006986f85574a2f446797cd69ca2dd79b8
v8_ignition,string-base64,28,256,1621,1621000000,6332031.25,1656180000,32768,"IM_EXEC:{""test"":""string-base64"",""n"":256,""elapsed_ms"":1621,""checksum"":""32768""}",,0,True,5cbaf23c322bf98da4482d07d06d87eef3c50cebf6bf7c47046adb556543e441
quickjs,string-base64,28,256,5178,5178000000,20226562.5,5188135000,32768,"IM_EXEC:{""test"":""string-base64"",""n"":256,""elapsed_ms"":5178,""checksum"":""32768""}",,0,True,5cbaf23c322bf98da4482d07d06d87eef3c50cebf6bf7c47046adb556543e441
quickjs,access-fannkuch,29,32,1154,1154000000,36062500.0,1164872000,22,"IM_EXEC:{""test"":""access-fannkuch"",""n"":32,""elapsed_ms"":1154,""checksum"":""22""}",,0,True,fee86984d327e7709754ed7a2721517b303a436f895a8b03742b80a000d4eb6b
v8_ignition,access-fannkuch,29,32,1119,1119000000,34968750.0,1155188000,22,"IM_EXEC:{""test"":""access-fannkuch"",""n"":32,""elapsed_ms"":1119,""checksum"":""22""}",,0,True,fee86984d327e7709754ed7a2721517b303a436f895a8b03742b80a000d4eb6b
quickjs,access-nsieve,29,128,3015,3015000000,23554687.5,3024078500,14302,"IM_EXEC:{""test"":""access-nsieve"",""n"":128,""elapsed_ms"":3015,""checksum"":""14302""}",,0,True,d2ff95d96cd8e84458eff804a3dae7ac589b31fa7d1e11cdffd4aa821eec7819
v8_ignition,access-nsieve,29,128,1328,1328000000,10375000.0,1362363800,14302,"IM_EXEC:{""test"":""access-nsieve"",""n"":128,""elapsed_ms"":1328,""checksum"":""14302""}",,0,True,d2ff95d96cd8e84458eff804a3dae7ac589b31fa7d1e11cdffd4aa821eec7819
quickjs,3d-morph,29,64,1417,1417000000,22140625.0,1426977000,0,"IM_EXEC:{""test"":""3d-morph"",""n"":64,""elapsed_ms"":1417,""checksum"":""0""}",,0,True,522e39aba6d7f5f71cab59dfa2d2607b0932d63bdbfc9625b49725e02e9d5983
v8_ignition,3d-morph,29,64,1290,1290000000,20156250.0,1329493200,0,"IM_EXEC:{""test"":""3d-morph"",""n"":64,""elapsed_ms"":1290,""checksum"":""0""}",,0,True,522e39aba6d7f5f71cab59dfa2d2607b0932d63bdbfc9625b49725e02e9d5983
quickjs,date-format-tofte,29,128,3811,3811000000,29773437.5,3820960600,"2008-05-01|Thursday, May 01, 2008 5:31:22 PM|1209718549000","IM_EXEC:{""test"":""date-format-tofte"",""n"":128,""elapsed_ms"":3811,""checksum"":""2008-05-01|Thursday, May 01, 2008 5:31:22 PM|1209718549000""}",,0,True,9535a5df1307bfc8288791fc3faf48c5e50a5deb6f04987d455c2bcc11ed4bfc
v8_ignition,date-format-tofte,29,128,1070,1070000000,8359375.0,1104808700,"2008-05-01|Thursday, May 01, 2008 5:31:22 PM|1209718549000","IM_EXEC:{""test"":""date-format-tofte"",""n"":128,""elapsed_ms"":1070,""checksum"":""2008-05-01|Thursday, May 01, 2008 5:31:22 PM|1209718549000""}",,0,True,9535a5df1307bfc8288791fc3faf48c5e50a5deb6f04987d455c2bcc11ed4bfc
quickjs,controlflow-recursive,29,256,2122,2122000000,8289062.5,2130554400,57775,"IM_EXEC:{""test"":""controlflow-recursive"",""n"":256,""elapsed_ms"":2122,""checksum"":""57775""}",,0,True,b0137de1a06fa4c71fcd428e68ee4b3a61ae2444b324da024a872b257fd03c64
v8_ignition,controlflow-recursive,29,256,1805,1805000000,7050781.25,1837965700,57775,"IM_EXEC:{""test"":""controlflow-recursive"",""n"":256,""elapsed_ms"":1805,""checksum"":""57775""}",,0,True,b0137de1a06fa4c71fcd428e68ee4b3a61ae2444b324da024a872b257fd03c64
quickjs,math-spectral-norm,29,128,1177,1177000000,9195312.5,1186282400,5.086694231303284,"IM_EXEC:{""test"":""math-spectral-norm"",""n"":128,""elapsed_ms"":1177,""checksum"":""5.086694231303284""}",,0,True,52eb39e653bcbb40e24520ce504d81698f6a67645593e05ca67257f318fba4d8
v8_ignition,math-spectral-norm,29,128,947,947000000,7398437.5,983509900,5.086694231303284,"IM_EXEC:{""test"":""math-spectral-norm"",""n"":128,""elapsed_ms"":947,""checksum"":""5.086694231303284""}",,0,True,52eb39e653bcbb40e24520ce504d81698f6a67645593e05ca67257f318fba4d8
quickjs,crypto-md5,29,256,1836,1836000000,7171875.0,1846913900,a831e91e0f70eddcb70dc61c6f82f6cd,"IM_EXEC:{""test"":""crypto-md5"",""n"":256,""elapsed_ms"":1836,""checksum"":""a831e91e0f70eddcb70dc61c6f82f6cd""}",,0,True,b3676cc77ffa8184c46e9b99de32642296b190805d342e8e046279b12aa423b3
v8_ignition,crypto-md5,29,256,1957,1957000000,7644531.25,1993810300,a831e91e0f70eddcb70dc61c6f82f6cd,"IM_EXEC:{""test"":""crypto-md5"",""n"":256,""elapsed_ms"":1957,""checksum"":""a831e91e0f70eddcb70dc61c6f82f6cd""}",,0,True,b3676cc77ffa8184c46e9b99de32642296b190805d342e8e046279b12aa423b3
quickjs,access-nbody,29,64,990,990000000,15468750.0,997727500,-1.3524862408537381,"IM_EXEC:{""test"":""access-nbody"",""n"":64,""elapsed_ms"":990,""checksum"":""-1.3524862408537381""}",,0,True,19902b6f21c5b25ee15381029c367b4c4e18734127ed7525fb470472ccabc082
v8_ignition,access-nbody,29,64,1235,1235000000,19296875.0,1271435800,-1.3524862408537381,"IM_EXEC:{""test"":""access-nbody"",""n"":64,""elapsed_ms"":1235,""checksum"":""-1.3524862408537381""}",,0,True,19902b6f21c5b25ee15381029c367b4c4e18734127ed7525fb470472ccabc082
quickjs,math-partial-sums,29,128,2305,2305000000,18007812.5,2315027100,60.08994194659945,"IM_EXEC:{""test"":""math-partial-sums"",""n"":128,""elapsed_ms"":2305,""checksum"":""60.08994194659945""}",,0,True,4fadb0cf070baa5dde56707dff313a6a62821c6b1621c298f196e1f1bdb726e3
v8_ignition,math-partial-sums,29,128,1506,1506000000,11765625.0,1539583100,60.08994194659945,"IM_EXEC:{""test"":""math-partial-sums"",""n"":128,""elapsed_ms"":1506,""checksum"":""60.08994194659945""}",,0,True,4fadb0cf070baa5dde56707dff313a6a62821c6b1621c298f196e1f1bdb726e3
quickjs,string-fasta,29,128,3475,3475000000,27148437.5,3484083600,1456000,"IM_EXEC:{""test"":""string-fasta"",""n"":128,""elapsed_ms"":3475,""checksum"":""1456000""}",,0,True,9ef1f7595b6cdfe6baed89f2f84d63006986f85574a2f446797cd69ca2dd79b8
v8_ignition,string-fasta,29,128,1234,1234000000,9640625.0,1270814800,1456000,"IM_EXEC:{""test"":""string-fasta"",""n"":128,""elapsed_ms"":1234,""checksum"":""1456000""}",,0,True,9ef1f7595b6cdfe6baed89f2f84d63006986f85574a2f446797cd69ca2dd79b8
quickjs,crypto-sha1,29,256,1781,1781000000,6957031.25,1791500100,2524d264def74cce2498bf112bedf00e6c0b796d,"IM_EXEC:{""test"":""crypto-sha1"",""n"":256,""elapsed_ms"":1781,""checksum"":""2524d264def74cce2498bf112bedf00e6c0b796d""}",,0,True,efb82da8b03c1f4f11eeb3f88f9902179a62f0a21e620fe0f60845b8b874e292
v8_ignition,crypto-sha1,29,256,2188,2188000000,8546875.0,2222455500,2524d264def74cce2498bf112bedf00e6c0b796d,"IM_EXEC:{""test"":""crypto-sha1"",""n"":256,""elapsed_ms"":2188,""checksum"":""2524d264def74cce2498bf112bedf00e6c0b796d""}",,0,True,efb82da8b03c1f4f11eeb3f88f9902179a62f0a21e620fe0f60845b8b874e292
quickjs,bitops-bits-in-byte,29,64,1287,1287000000,20109375.0,1296024200,358400,"IM_EXEC:{""test"":""bitops-bits-in-byte"",""n"":64,""elapsed_ms"":1287,""checksum"":""358400""}",,0,True,5b00ba9a5c5657f66ade1ddd8f2816ae39bd34dd3007dc07b5357c2c829bef73
v8_ignition,bitops-bits-in-byte,29,64,1284,1284000000,20062500.0,1318725800,358400,"IM_EXEC:{""test"":""bitops-bits-in-byte"",""n"":64,""elapsed_ms"":1284,""checksum"":""358400""}",,0,True,5b00ba9a5c5657f66ade1ddd8f2816ae39bd34dd3007dc07b5357c2c829bef73
quickjs,crypto-aes,29,128,1925,1925000000,15039062.5,1934318900,1343,"IM_EXEC:{""test"":""crypto-aes"",""n"":128,""elapsed_ms"":1925,""checksum"":""1343""}",,0,True,c058d06958b1cc808c8c6a5054645c8fbb44897667ffe4f042da524c13a66234
v8_ignition,crypto-aes,29,128,1756,1756000000,13718750.0,1789983600,1343,"IM_EXEC:{""test"":""crypto-aes"",""n"":128,""elapsed_ms"":1756,""checksum"":""1343""}",,0,True,c058d06958b1cc808c8c6a5054645c8fbb44897667ffe4f042da524c13a66234
quickjs,bitops-bitwise-and,29,256,1778,1778000000,6945312.5,1787249500,0,"IM_EXEC:{""test"":""bitops-bitwise-and"",""n"":256,""elapsed_ms"":1778,""checksum"":""0""}",,0,True,eed5b353d4a2406db32d34e84a8855c02c005be3643b9966be5612fa0de83cab
v8_ignition,bitops-bitwise-and,29,256,2547,2547000000,9949218.75,2583049200,0,"IM_EXEC:{""test"":""bitops-bitwise-and"",""n"":256,""elapsed_ms"":2547,""checksum"":""0""}",,0,True,eed5b353d4a2406db32d34e84a8855c02c005be3643b9966be5612fa0de83cab
quickjs,regexp-dna,29,1024,81753,81753000000,79836914.0625,81765537700,249:300056,"IM_EXEC:{""test"":""regexp-dna"",""n"":1024,""elapsed_ms"":81753,""checksum"":""249:300056""}",,0,True,3afc0a7c18fdee33367b1b484ba5fd4d9b7b225d1b2408dcc4f5fa0f7356cffe
v8_ignition,regexp-dna,29,1024,1875,1875000000,1831054.6875,1916256800,249:300056,"IM_EXEC:{""test"":""regexp-dna"",""n"":1024,""elapsed_ms"":1875,""checksum"":""249:300056""}",,0,True,3afc0a7c18fdee33367b1b484ba5fd4d9b7b225d1b2408dcc4f5fa0f7356cffe
quickjs,3d-raytrace,29,128,1922,1922000000,15015625.0,1932857300,20969,"IM_EXEC:{""test"":""3d-raytrace"",""n"":128,""elapsed_ms"":1922,""checksum"":""20969""}",,0,True,fbf3a216ca8bc8223f66e4105ce5c95294ac4e5e8f40c56e660a89fbc4962c15
v8_ignition,3d-raytrace,29,128,1842,1842000000,14390625.0,1880915700,20970,"IM_EXEC:{""test"":""3d-raytrace"",""n"":128,""elapsed_ms"":1842,""checksum"":""20970""}",,0,True,fbf3a216ca8bc8223f66e4105ce5c95294ac4e5e8f40c56e660a89fbc4962c15
quickjs,bitops-3bit-bits-in-byte,29,256,2505,2505000000,9785156.25,2513375200,512000,"IM_EXEC:{""test"":""bitops-3bit-bits-in-byte"",""n"":256,""elapsed_ms"":2505,""checksum"":""512000""}",,0,True,abe5fed281f086bcd3336e21203ccebd592037d9c2a481ccf4c68e894138c38a
v8_ignition,bitops-3bit-bits-in-byte,29,256,1831,1831000000,7152343.75,1865775300,512000,"IM_EXEC:{""test"":""bitops-3bit-bits-in-byte"",""n"":256,""elapsed_ms"":1831,""checksum"":""512000""}",,0,True,abe5fed281f086bcd3336e21203ccebd592037d9c2a481ccf4c68e894138c38a
quickjs,date-format-xparb,29,256,5019,5019000000,19605468.75,5028372200,"2017-09-05|Tuesday, September 05, 2017 7:43:48 AM|1504652895000","IM_EXEC:{""test"":""date-format-xparb"",""n"":256,""elapsed_ms"":5019,""checksum"":""2017-09-05|Tuesday, September 05, 2017 7:43:48 AM|1504652895000""}",,0,True,add041cbb7bfa753ec4a301e26ec01e33f116b6a16883f80454b18f7790e4320
v8_ignition,date-format-xparb,29,256,1071,1071000000,4183593.75,1105347400,"2017-09-05|Tuesday, September 05, 2017 7:43:48 AM|1504652895000","IM_EXEC:{""test"":""date-format-xparb"",""n"":256,""elapsed_ms"":1071,""checksum"":""2017-09-05|Tuesday, September 05, 2017 7:43:48 AM|1504652895000""}",,0,True,add041cbb7bfa753ec4a301e26ec01e33f116b6a16883f80454b18f7790e4320
quickjs,3d-cube,29,64,1950,1950000000,30468750.0,1959067000,320,"IM_EXEC:{""test"":""3d-cube"",""n"":64,""elapsed_ms"":1950,""checksum"":""320""}",,0,True,60a065dcf0b5284dc0c04c58f860a2319aa73d0aaa4ce285a3fa9614f357aa2e
v8_ignition,3d-cube,29,64,1163,1163000000,18171875.0,1197931100,320,"IM_EXEC:{""test"":""3d-cube"",""n"":64,""elapsed_ms"":1163,""checksum"":""320""}",,0,True,60a065dcf0b5284dc0c04c58f860a2319aa73d0aaa4ce285a3fa9614f357aa2e
quickjs,string-validate-input,29,256,3385,3385000000,13222656.25,3393564100,462000,"IM_EXEC:{""test"":""string-validate-input"",""n"":256,""elapsed_ms"":3385,""checksum"":""462000""}",,0,True,f3316365a925df0927fe79ed16a84a33fe9d1e3dafbff918f53f671ca1a58748
v8_ignition,string-validate-input,29,256,1406,1406000000,5492187.5,1442861100,462000,"IM_EXEC:{""test"":""string-validate-input"",""n"":256,""elapsed_ms"":1406,""checksum"":""462000""}",,0,True,f3316365a925df0927fe79ed16a84a33fe9d1e3dafbff918f53f671ca1a58748
quickjs,bitops-nsieve-bits,29,128,1984,1984000000,15500000.0,1993551000,-1286749544853,"IM_EXEC:{""test"":""bitops-nsieve-bits"",""n"":128,""elapsed_ms"":1984,""checksum"":""-1286749544853""}",,0,True,c8cd89d57d6c82edd3ce9aaea504681391c6fb3beef555532dd2653fc0410765
v8_ignition,bitops-nsieve-bits,29,128,3010,3010000000,23515625.0,3044621300,-1286749544853,"IM_EXEC:{""test"":""bitops-nsieve-bits"",""n"":128,""elapsed_ms"":3010,""checksum"":""-1286749544853""}",,0,True,c8cd89d57d6c82edd3ce9aaea504681391c6fb3beef555532dd2653fc0410765
quickjs,math-cordic,29,64,1418,1418000000,22156250.0,1427475600,10362.570468755888,"IM_EXEC:{""test"":""math-cordic"",""n"":64,""elapsed_ms"":1418,""checksum"":""10362.570468755888""}",,0,True,34b61588ee1c24cb8be232a1a12958905f04b257e09200a4faefef3bb909ee53
v8_ignition,math-cordic,29,64,1107,1107000000,17296875.0,1142637100,10362.570468755888,"IM_EXEC:{""test"":""math-cordic"",""n"":64,""elapsed_ms"":1107,""checksum"":""10362.570468755888""}",,0,True,34b61588ee1c24cb8be232a1a12958905f04b257e09200a4faefef3bb909ee53
quickjs,string-unpack-code,29,256,14417,14417000000,56316406.25,14428828300,511508,"IM_EXEC:{""test"":""string-unpack-code"",""n"":256,""elapsed_ms"":14417,""checksum"":""511508""}",,0,True,81a8b0c2e178b101089899f543ac712456d9edd361ed55f1f8a0075dcdca98b5
v8_ignition,string-unpack-code,29,256,1691,1691000000,6605468.75,1732034200,511508,"IM_EXEC:{""test"":""string-unpack-code"",""n"":256,""elapsed_ms"":1691,""checksum"":""511508""}",,0,True,81a8b0c2e178b101089899f543ac712456d9edd361ed55f1f8a0075dcdca98b5
quickjs,string-base64,29,256,5182,5182000000,20242187.5,5192139700,32768,"IM_EXEC:{""test"":""string-base64"",""n"":256,""elapsed_ms"":5182,""checksum"":""32768""}",,0,True,5cbaf23c322bf98da4482d07d06d87eef3c50cebf6bf7c47046adb556543e441
v8_ignition,string-base64,29,256,1615,1615000000,6308593.75,1650539700,32768,"IM_EXEC:{""test"":""string-base64"",""n"":256,""elapsed_ms"":1615,""checksum"":""32768""}",,0,True,5cbaf23c322bf98da4482d07d06d87eef3c50cebf6bf7c47046adb556543e441
quickjs,string-tagcloud,29,256,6782,6782000000,26492187.5,6793722100,315241,"IM_EXEC:{""test"":""string-tagcloud"",""n"":256,""elapsed_ms"":6782,""checksum"":""315241""}",,0,True,bdb31cfdc8d9dc183a2016260abf8eae9629ab6f3fd5ffe57c0698243f1ca160
v8_ignition,string-tagcloud,29,256,1409,1409000000,5503906.25,1449374100,315241,"IM_EXEC:{""test"":""string-tagcloud"",""n"":256,""elapsed_ms"":1409,""checksum"":""315241""}",,0,True,bdb31cfdc8d9dc183a2016260abf8eae9629ab6f3fd5ffe57c0698243f1ca160
quickjs,access-binary-trees,29,256,3190,3190000000,12460937.5,3200019300,-4,"IM_EXEC:{""test"":""access-binary-trees"",""n"":256,""elapsed_ms"":3190,""checksum"":""-4""}",,0,True,2574ad07a3319832e969eef6330a65d5569f82589fd3968e95616ade0cac5383
v8_ignition,access-binary-trees,29,256,1411,1411000000,5511718.75,1445792600,-4,"IM_EXEC:{""test"":""access-binary-trees"",""n"":256,""elapsed_ms"":1411,""checksum"":""-4""}",,0,True,2574ad07a3319832e969eef6330a65d5569f82589fd3968e95616ade0cac5383
v8_ignition,bitops-nsieve-bits,30,128,2985,2985000000,23320312.5,3021638500,-1286749544853,"IM_EXEC:{""test"":""bitops-nsieve-bits"",""n"":128,""elapsed_ms"":2985,""checksum"":""-1286749544853""}",,0,True,c8cd89d57d6c82edd3ce9aaea504681391c6fb3beef555532dd2653fc0410765
quickjs,bitops-nsieve-bits,30,128,1877,1877000000,14664062.5,1885698400,-1286749544853,"IM_EXEC:{""test"":""bitops-nsieve-bits"",""n"":128,""elapsed_ms"":1877,""checksum"":""-1286749544853""}",,0,True,c8cd89d57d6c82edd3ce9aaea504681391c6fb3beef555532dd2653fc0410765
v8_ignition,3d-raytrace,30,128,1851,1851000000,14460937.5,1888395700,20970,"IM_EXEC:{""test"":""3d-raytrace"",""n"":128,""elapsed_ms"":1851,""checksum"":""20970""}",,0,True,fbf3a216ca8bc8223f66e4105ce5c95294ac4e5e8f40c56e660a89fbc4962c15
quickjs,3d-raytrace,30,128,1922,1922000000,15015625.0,1932102000,20969,"IM_EXEC:{""test"":""3d-raytrace"",""n"":128,""elapsed_ms"":1922,""checksum"":""20969""}",,0,True,fbf3a216ca8bc8223f66e4105ce5c95294ac4e5e8f40c56e660a89fbc4962c15
v8_ignition,string-base64,30,256,1612,1612000000,6296875.0,1646834100,32768,"IM_EXEC:{""test"":""string-base64"",""n"":256,""elapsed_ms"":1612,""checksum"":""32768""}",,0,True,5cbaf23c322bf98da4482d07d06d87eef3c50cebf6bf7c47046adb556543e441
quickjs,string-base64,30,256,5190,5190000000,20273437.5,5199670800,32768,"IM_EXEC:{""test"":""string-base64"",""n"":256,""elapsed_ms"":5190,""checksum"":""32768""}",,0,True,5cbaf23c322bf98da4482d07d06d87eef3c50cebf6bf7c47046adb556543e441
v8_ignition,controlflow-recursive,30,256,1777,1777000000,6941406.25,1811693600,57775,"IM_EXEC:{""test"":""controlflow-recursive"",""n"":256,""elapsed_ms"":1777,""checksum"":""57775""}",,0,True,b0137de1a06fa4c71fcd428e68ee4b3a61ae2444b324da024a872b257fd03c64
quickjs,controlflow-recursive,30,256,2106,2106000000,8226562.5,2115409800,57775,"IM_EXEC:{""test"":""controlflow-recursive"",""n"":256,""elapsed_ms"":2106,""checksum"":""57775""}",,0,True,b0137de1a06fa4c71fcd428e68ee4b3a61ae2444b324da024a872b257fd03c64
v8_ignition,crypto-sha1,30,256,2188,2188000000,8546875.0,2223182200,2524d264def74cce2498bf112bedf00e6c0b796d,"IM_EXEC:{""test"":""crypto-sha1"",""n"":256,""elapsed_ms"":2188,""checksum"":""2524d264def74cce2498bf112bedf00e6c0b796d""}",,0,True,efb82da8b03c1f4f11eeb3f88f9902179a62f0a21e620fe0f60845b8b874e292
quickjs,crypto-sha1,30,256,1759,1759000000,6871093.75,1768075600,2524d264def74cce2498bf112bedf00e6c0b796d,"IM_EXEC:{""test"":""crypto-sha1"",""n"":256,""elapsed_ms"":1759,""checksum"":""2524d264def74cce2498bf112bedf00e6c0b796d""}",,0,True,efb82da8b03c1f4f11eeb3f88f9902179a62f0a21e620fe0f60845b8b874e292
v8_ignition,bitops-bits-in-byte,30,64,1243,1243000000,19421875.0,1279191800,358400,"IM_EXEC:{""test"":""bitops-bits-in-byte"",""n"":64,""elapsed_ms"":1243,""checksum"":""358400""}",,0,True,5b00ba9a5c5657f66ade1ddd8f2816ae39bd34dd3007dc07b5357c2c829bef73
quickjs,bitops-bits-in-byte,30,64,1295,1295000000,20234375.0,1305492800,358400,"IM_EXEC:{""test"":""bitops-bits-in-byte"",""n"":64,""elapsed_ms"":1295,""checksum"":""358400""}",,0,True,5b00ba9a5c5657f66ade1ddd8f2816ae39bd34dd3007dc07b5357c2c829bef73
v8_ignition,math-spectral-norm,30,128,938,938000000,7328125.0,972165200,5.086694231303284,"IM_EXEC:{""test"":""math-spectral-norm"",""n"":128,""elapsed_ms"":938,""checksum"":""5.086694231303284""}",,0,True,52eb39e653bcbb40e24520ce504d81698f6a67645593e05ca67257f318fba4d8
quickjs,math-spectral-norm,30,128,1220,1220000000,9531250.0,1229016300,5.086694231303284,"IM_EXEC:{""test"":""math-spectral-norm"",""n"":128,""elapsed_ms"":1220,""checksum"":""5.086694231303284""}",,0,True,52eb39e653bcbb40e24520ce504d81698f6a67645593e05ca67257f318fba4d8
v8_ignition,crypto-aes,30,128,1756,1756000000,13718750.0,1791200300,1343,"IM_EXEC:{""test"":""crypto-aes"",""n"":128,""elapsed_ms"":1756,""checksum"":""1343""}",,0,True,c058d06958b1cc808c8c6a5054645c8fbb44897667ffe4f042da524c13a66234
quickjs,crypto-aes,30,128,1897,1897000000,14820312.5,1907147100,1343,"IM_EXEC:{""test"":""crypto-aes"",""n"":128,""elapsed_ms"":1897,""checksum"":""1343""}",,0,True,c058d06958b1cc808c8c6a5054645c8fbb44897667ffe4f042da524c13a66234
v8_ignition,string-unpack-code,30,256,1692,1692000000,6609375.0,1731028800,511508,"IM_EXEC:{""test"":""string-unpack-code"",""n"":256,""elapsed_ms"":1692,""checksum"":""511508""}",,0,True,81a8b0c2e178b101089899f543ac712456d9edd361ed55f1f8a0075dcdca98b5
quickjs,string-unpack-code,30,256,13779,13779000000,53824218.75,13790525600,511508,"IM_EXEC:{""test"":""string-unpack-code"",""n"":256,""elapsed_ms"":13779,""checksum"":""511508""}",,0,True,81a8b0c2e178b101089899f543ac712456d9edd361ed55f1f8a0075dcdca98b5
v8_ignition,string-tagcloud,30,256,1412,1412000000,5515625.0,1452325800,315241,"IM_EXEC:{""test"":""string-tagcloud"",""n"":256,""elapsed_ms"":1412,""checksum"":""315241""}",,0,True,bdb31cfdc8d9dc183a2016260abf8eae9629ab6f3fd5ffe57c0698243f1ca160
quickjs,string-tagcloud,30,256,6761,6761000000,26410156.25,6772845000,315241,"IM_EXEC:{""test"":""string-tagcloud"",""n"":256,""elapsed_ms"":6761,""checksum"":""315241""}",,0,True,bdb31cfdc8d9dc183a2016260abf8eae9629ab6f3fd5ffe57c0698243f1ca160
v8_ignition,3d-morph,30,64,1285,1285000000,20078125.0,1326414500,0,"IM_EXEC:{""test"":""3d-morph"",""n"":64,""elapsed_ms"":1285,""checksum"":""0""}",,0,True,522e39aba6d7f5f71cab59dfa2d2607b0932d63bdbfc9625b49725e02e9d5983
quickjs,3d-morph,30,64,1427,1427000000,22296875.0,1437130200,0,"IM_EXEC:{""test"":""3d-morph"",""n"":64,""elapsed_ms"":1427,""checksum"":""0""}",,0,True,522e39aba6d7f5f71cab59dfa2d2607b0932d63bdbfc9625b49725e02e9d5983
v8_ignition,regexp-dna,30,1024,1863,1863000000,1819335.9375,1902728800,249:300056,"IM_EXEC:{""test"":""regexp-dna"",""n"":1024,""elapsed_ms"":1863,""checksum"":""249:300056""}",,0,True,3afc0a7c18fdee33367b1b484ba5fd4d9b7b225d1b2408dcc4f5fa0f7356cffe
quickjs,regexp-dna,30,1024,81924,81924000000,80003906.25,81935047200,249:300056,"IM_EXEC:{""test"":""regexp-dna"",""n"":1024,""elapsed_ms"":81924,""checksum"":""249:300056""}",,0,True,3afc0a7c18fdee33367b1b484ba5fd4d9b7b225d1b2408dcc4f5fa0f7356cffe
v8_ignition,access-binary-trees,30,256,1410,1410000000,5507812.5,1446794700,-4,"IM_EXEC:{""test"":""access-binary-trees"",""n"":256,""elapsed_ms"":1410,""checksum"":""-4""}",,0,True,2574ad07a3319832e969eef6330a65d5569f82589fd3968e95616ade0cac5383
quickjs,access-binary-trees,30,256,3097,3097000000,12097656.25,3106582700,-4,"IM_EXEC:{""test"":""access-binary-trees"",""n"":256,""elapsed_ms"":3097,""checksum"":""-4""}",,0,True,2574ad07a3319832e969eef6330a65d5569f82589fd3968e95616ade0cac5383
v8_ignition,date-format-tofte,30,128,1057,1057000000,8257812.5,1091670600,"2008-05-01|Thursday, May 01, 2008 5:31:22 PM|1209718549000","IM_EXEC:{""test"":""date-format-tofte"",""n"":128,""elapsed_ms"":1057,""checksum"":""2008-05-01|Thursday, May 01, 2008 5:31:22 PM|1209718549000""}",,0,True,9535a5df1307bfc8288791fc3faf48c5e50a5deb6f04987d455c2bcc11ed4bfc
quickjs,date-format-tofte,30,128,3867,3867000000,30210937.5,3877528800,"2008-05-01|Thursday, May 01, 2008 5:31:22 PM|1209718549000","IM_EXEC:{""test"":""date-format-tofte"",""n"":128,""elapsed_ms"":3867,""checksum"":""2008-05-01|Thursday, May 01, 2008 5:31:22 PM|1209718549000""}",,0,True,9535a5df1307bfc8288791fc3faf48c5e50a5deb6f04987d455c2bcc11ed4bfc
v8_ignition,3d-cube,30,64,1161,1161000000,18140625.0,1195754000,320,"IM_EXEC:{""test"":""3d-cube"",""n"":64,""elapsed_ms"":1161,""checksum"":""320""}",,0,True,60a065dcf0b5284dc0c04c58f860a2319aa73d0aaa4ce285a3fa9614f357aa2e
quickjs,3d-cube,30,64,1959,1959000000,30609375.0,1968180300,320,"IM_EXEC:{""test"":""3d-cube"",""n"":64,""elapsed_ms"":1959,""checksum"":""320""}",,0,True,60a065dcf0b5284dc0c04c58f860a2319aa73d0aaa4ce285a3fa9614f357aa2e
v8_ignition,math-cordic,30,64,1087,1087000000,16984375.0,1120583900,10362.570468755888,"IM_EXEC:{""test"":""math-cordic"",""n"":64,""elapsed_ms"":1087,""checksum"":""10362.570468755888""}",,0,True,34b61588ee1c24cb8be232a1a12958905f04b257e09200a4faefef3bb909ee53
quickjs,math-cordic,30,64,1421,1421000000,22203125.0,1429322000,10362.570468755888,"IM_EXEC:{""test"":""math-cordic"",""n"":64,""elapsed_ms"":1421,""checksum"":""10362.570468755888""}",,0,True,34b61588ee1c24cb8be232a1a12958905f04b257e09200a4faefef3bb909ee53
v8_ignition,string-fasta,30,128,1235,1235000000,9648437.5,1271836300,1456000,"IM_EXEC:{""test"":""string-fasta"",""n"":128,""elapsed_ms"":1235,""checksum"":""1456000""}",,0,True,9ef1f7595b6cdfe6baed89f2f84d63006986f85574a2f446797cd69ca2dd79b8
quickjs,string-fasta,30,128,3450,3450000000,26953125.0,3459887000,1456000,"IM_EXEC:{""test"":""string-fasta"",""n"":128,""elapsed_ms"":3450,""checksum"":""1456000""}",,0,True,9ef1f7595b6cdfe6baed89f2f84d63006986f85574a2f446797cd69ca2dd79b8
v8_ignition,access-nsieve,30,128,1308,1308000000,10218750.0,1341946200,14302,"IM_EXEC:{""test"":""access-nsieve"",""n"":128,""elapsed_ms"":1308,""checksum"":""14302""}",,0,True,d2ff95d96cd8e84458eff804a3dae7ac589b31fa7d1e11cdffd4aa821eec7819
quickjs,access-nsieve,30,128,3005,3005000000,23476562.5,3014593200,14302,"IM_EXEC:{""test"":""access-nsieve"",""n"":128,""elapsed_ms"":3005,""checksum"":""14302""}",,0,True,d2ff95d96cd8e84458eff804a3dae7ac589b31fa7d1e11cdffd4aa821eec7819
v8_ignition,bitops-bitwise-and,30,256,2658,2658000000,10382812.5,2692460400,0,"IM_EXEC:{""test"":""bitops-bitwise-and"",""n"":256,""elapsed_ms"":2658,""checksum"":""0""}",,0,True,eed5b353d4a2406db32d34e84a8855c02c005be3643b9966be5612fa0de83cab
quickjs,bitops-bitwise-and,30,256,1902,1902000000,7429687.5,1912519400,0,"IM_EXEC:{""test"":""bitops-bitwise-and"",""n"":256,""elapsed_ms"":1902,""checksum"":""0""}",,0,True,eed5b353d4a2406db32d34e84a8855c02c005be3643b9966be5612fa0de83cab
v8_ignition,bitops-3bit-bits-in-byte,30,256,1965,1965000000,7675781.25,1999316800,512000,"IM_EXEC:{""test"":""bitops-3bit-bits-in-byte"",""n"":256,""elapsed_ms"":1965,""checksum"":""512000""}",,0,True,abe5fed281f086bcd3336e21203ccebd592037d9c2a481ccf4c68e894138c38a
quickjs,bitops-3bit-bits-in-byte,30,256,2512,2512000000,9812500.0,2521844400,512000,"IM_EXEC:{""test"":""bitops-3bit-bits-in-byte"",""n"":256,""elapsed_ms"":2512,""checksum"":""512000""}",,0,True,abe5fed281f086bcd3336e21203ccebd592037d9c2a481ccf4c68e894138c38a
v8_ignition,math-partial-sums,30,128,1477,1477000000,11539062.5,1512594500,60.08994194659945,"IM_EXEC:{""test"":""math-partial-sums"",""n"":128,""elapsed_ms"":1477,""checksum"":""60.08994194659945""}",,0,True,4fadb0cf070baa5dde56707dff313a6a62821c6b1621c298f196e1f1bdb726e3
quickjs,math-partial-sums,30,128,2221,2221000000,17351562.5,2229675400,60.08994194659945,"IM_EXEC:{""test"":""math-partial-sums"",""n"":128,""elapsed_ms"":2221,""checksum"":""60.08994194659945""}",,0,True,4fadb0cf070baa5dde56707dff313a6a62821c6b1621c298f196e1f1bdb726e3
v8_ignition,access-nbody,30,64,1232,1232000000,19250000.0,1266821000,-1.3524862408537381,"IM_EXEC:{""test"":""access-nbody"",""n"":64,""elapsed_ms"":1232,""checksum"":""-1.3524862408537381""}",,0,True,19902b6f21c5b25ee15381029c367b4c4e18734127ed7525fb470472ccabc082
quickjs,access-nbody,30,64,985,985000000,15390625.0,993980100,-1.3524862408537381,"IM_EXEC:{""test"":""access-nbody"",""n"":64,""elapsed_ms"":985,""checksum"":""-1.3524862408537381""}",,0,True,19902b6f21c5b25ee15381029c367b4c4e18734127ed7525fb470472ccabc082
v8_ignition,date-format-xparb,30,256,1060,1060000000,4140625.0,1096769100,"2017-09-05|Tuesday, September 05, 2017 7:43:48 AM|1504652895000","IM_EXEC:{""test"":""date-format-xparb"",""n"":256,""elapsed_ms"":1060,""checksum"":""2017-09-05|Tuesday, September 05, 2017 7:43:48 AM|1504652895000""}",,0,True,add041cbb7bfa753ec4a301e26ec01e33f116b6a16883f80454b18f7790e4320
quickjs,date-format-xparb,30,256,5030,5030000000,19648437.5,5038955900,"2017-09-05|Tuesday, September 05, 2017 7:43:48 AM|1504652895000","IM_EXEC:{""test"":""date-format-xparb"",""n"":256,""elapsed_ms"":5030,""checksum"":""2017-09-05|Tuesday, September 05, 2017 7:43:48 AM|1504652895000""}",,0,True,add041cbb7bfa753ec4a301e26ec01e33f116b6a16883f80454b18f7790e4320
v8_ignition,string-validate-input,30,256,1412,1412000000,5515625.0,1448918400,462000,"IM_EXEC:{""test"":""string-validate-input"",""n"":256,""elapsed_ms"":1412,""checksum"":""462000""}",,0,True,f3316365a925df0927fe79ed16a84a33fe9d1e3dafbff918f53f671ca1a58748
quickjs,string-validate-input,30,256,3404,3404000000,13296875.0,3413867000,462000,"IM_EXEC:{""test"":""string-validate-input"",""n"":256,""elapsed_ms"":3404,""checksum"":""462000""}",,0,True,f3316365a925df0927fe79ed16a84a33fe9d1e3dafbff918f53f671ca1a58748
v8_ignition,crypto-md5,30,256,1977,1977000000,7722656.25,2012788800,a831e91e0f70eddcb70dc61c6f82f6cd,"IM_EXEC:{""test"":""crypto-md5"",""n"":256,""elapsed_ms"":1977,""checksum"":""a831e91e0f70eddcb70dc61c6f82f6cd""}",,0,True,b3676cc77ffa8184c46e9b99de32642296b190805d342e8e046279b12aa423b3
quickjs,crypto-md5,30,256,1912,1912000000,7468750.0,1922103700,a831e91e0f70eddcb70dc61c6f82f6cd,"IM_EXEC:{""test"":""crypto-md5"",""n"":256,""elapsed_ms"":1912,""checksum"":""a831e91e0f70eddcb70dc61c6f82f6cd""}",,0,True,b3676cc77ffa8184c46e9b99de32642296b190805d342e8e046279b12aa423b3
v8_ignition,access-fannkuch,30,32,1112,1112000000,34750000.0,1147156800,22,"IM_EXEC:{""test"":""access-fannkuch"",""n"":32,""elapsed_ms"":1112,""checksum"":""22""}",,0,True,fee86984d327e7709754ed7a2721517b303a436f895a8b03742b80a000d4eb6b
quickjs,access-fannkuch,30,32,1140,1140000000,35625000.0,1148050000,22,"IM_EXEC:{""test"":""access-fannkuch"",""n"":32,""elapsed_ms"":1140,""checksum"":""22""}",,0,True,fee86984d327e7709754ed7a2721517b303a436f895a8b03742b80a000d4eb6b
