engine,suite,benchmark,iteration,execution_order,N,elapsed_ms,elapsed_per_call_ms,exit_code,valid,timestamp,flags,timer,wall_time_ns,extra_validation_calls,script_sha256,command,stdout,stderr,reason
quickjs,Richards,Richards,1,,1,4,4,0,true,2026-09-27T17:03:40.116383+00:00,,Date.now,17065500,0,d2207c68ebcf5db16fd42f8eb04fe21239b5f4726e5d3734ebd3c059754126a8,"[""C:\\Users\\mzyx\\Desktop\\0921\\js-interpreter-bench\\engines\\quickjs-upstream\\qjs.exe"", ""C:\\Users\\mzyx\\Desktop\\0921\\js-interpreter-bench\\experiments\\octane_strict\\generated\\Richards.Richards.js"", ""STRICT_CONFIG={\""N\"":1,\""mode\"":\""measure\"",\""timer\"":\""Date.now\""}""]","OCTANE_STRICT_RESULT:{""suite"":""Richards"",""benchmark"":""Richards"",""N"":1,""mode"":""measure"",""timer"":""Date.now"",""elapsed_ms"":4,""elapsed_per_call_ms"":4,""extra_validation_calls"":0,""correctness"":""PASS""}",,
v8_ignition,Richards,Richards,1,,1,2,2,0,true,2026-09-27T17:03:40.161442+00:00,--max-opt=0 --no-lazy,Date.now,40923700,0,d2207c68ebcf5db16fd42f8eb04fe21239b5f4726e5d3734ebd3c059754126a8,"[""C:\\Users\\mzyx\\Desktop\\0921\\js-interpreter-bench\\engines\\v8-official-15.6.21\\runtime\\d8.exe"", ""--snapshot_blob=C:\\Users\\mzyx\\Desktop\\0921\\js-interpreter-bench\\engines\\v8-official-15.6.21\\runtime\\snapshot_blob.bin"", ""--max-opt=0"", ""--no-lazy"", ""C:\\Users\\mzyx\\Desktop\\0921\\js-interpreter-bench\\experiments\\octane_strict\\generated\\Richards.Richards.js"", ""--"", ""STRICT_CONFIG={\""N\"":1,\""mode\"":\""measure\"",\""timer\"":\""Date.now\""}""]","OCTANE_STRICT_RESULT:{""suite"":""Richards"",""benchmark"":""Richards"",""N"":1,""mode"":""measure"",""timer"":""Date.now"",""elapsed_ms"":2,""elapsed_per_call_ms"":2,""extra_validation_calls"":0,""correctness"":""PASS""}",,
v8_ignition,Richards,Richards,2,,2,4,2,0,true,2026-09-27T17:03:40.216018+00:00,--max-opt=0 --no-lazy,Date.now,42149900,0,d2207c68ebcf5db16fd42f8eb04fe21239b5f4726e5d3734ebd3c059754126a8,"[""C:\\Users\\mzyx\\Desktop\\0921\\js-interpreter-bench\\engines\\v8-official-15.6.21\\runtime\\d8.exe"", ""--snapshot_blob=C:\\Users\\mzyx\\Desktop\\0921\\js-interpreter-bench\\engines\\v8-official-15.6.21\\runtime\\snapshot_blob.bin"", ""--max-opt=0"", ""--no-lazy"", ""C:\\Users\\mzyx\\Desktop\\0921\\js-interpreter-bench\\experiments\\octane_strict\\generated\\Richards.Richards.js"", ""--"", ""STRICT_CONFIG={\""N\"":2,\""mode\"":\""measure\"",\""timer\"":\""Date.now\""}""]","OCTANE_STRICT_RESULT:{""suite"":""Richards"",""benchmark"":""Richards"",""N"":2,""mode"":""measure"",""timer"":""Date.now"",""elapsed_ms"":4,""elapsed_per_call_ms"":2,""extra_validation_calls"":0,""correctness"":""PASS""}",,
quickjs,Richards,Richards,2,,2,8,4,0,true,2026-09-27T17:03:40.248329+00:00,,Date.now,20601100,0,d2207c68ebcf5db16fd42f8eb04fe21239b5f4726e5d3734ebd3c059754126a8,"[""C:\\Users\\mzyx\\Desktop\\0921\\js-interpreter-bench\\engines\\quickjs-upstream\\qjs.exe"", ""C:\\Users\\mzyx\\Desktop\\0921\\js-interpreter-bench\\experiments\\octane_strict\\generated\\Richards.Richards.js"", ""STRICT_CONFIG={\""N\"":2,\""mode\"":\""measure\"",\""timer\"":\""Date.now\""}""]","OCTANE_STRICT_RESULT:{""suite"":""Richards"",""benchmark"":""Richards"",""N"":2,""mode"":""measure"",""timer"":""Date.now"",""elapsed_ms"":8,""elapsed_per_call_ms"":4,""extra_validation_calls"":0,""correctness"":""PASS""}",,
quickjs,Richards,Richards,4,,4,15,3.75,0,true,2026-09-27T17:03:40.299191+00:00,,Date.now,28506600,0,d2207c68ebcf5db16fd42f8eb04fe21239b5f4726e5d3734ebd3c059754126a8,"[""C:\\Users\\mzyx\\Desktop\\0921\\js-interpreter-bench\\engines\\quickjs-upstream\\qjs.exe"", ""C:\\Users\\mzyx\\Desktop\\0921\\js-interpreter-bench\\experiments\\octane_strict\\generated\\Richards.Richards.js"", ""STRICT_CONFIG={\""N\"":4,\""mode\"":\""measure\"",\""timer\"":\""Date.now\""}""]","OCTANE_STRICT_RESULT:{""suite"":""Richards"",""benchmark"":""Richards"",""N"":4,""mode"":""measure"",""timer"":""Date.now"",""elapsed_ms"":15,""elapsed_per_call_ms"":3.75,""extra_validation_calls"":0,""correctness"":""PASS""}",,
v8_ignition,Richards,Richards,4,,4,9,2.25,0,true,2026-09-27T17:03:40.353591+00:00,--max-opt=0 --no-lazy,Date.now,45060900,0,d2207c68ebcf5db16fd42f8eb04fe21239b5f4726e5d3734ebd3c059754126a8,"[""C:\\Users\\mzyx\\Desktop\\0921\\js-interpreter-bench\\engines\\v8-official-15.6.21\\runtime\\d8.exe"", ""--snapshot_blob=C:\\Users\\mzyx\\Desktop\\0921\\js-interpreter-bench\\engines\\v8-official-15.6.21\\runtime\\snapshot_blob.bin"", ""--max-opt=0"", ""--no-lazy"", ""C:\\Users\\mzyx\\Desktop\\0921\\js-interpreter-bench\\experiments\\octane_strict\\generated\\Richards.Richards.js"", ""--"", ""STRICT_CONFIG={\""N\"":4,\""mode\"":\""measure\"",\""timer\"":\""Date.now\""}""]","OCTANE_STRICT_RESULT:{""suite"":""Richards"",""benchmark"":""Richards"",""N"":4,""mode"":""measure"",""timer"":""Date.now"",""elapsed_ms"":9,""elapsed_per_call_ms"":2.25,""extra_validation_calls"":0,""correctness"":""PASS""}",,
v8_ignition,Richards,Richards,8,,8,16,2,0,true,2026-09-27T17:03:40.428378+00:00,--max-opt=0 --no-lazy,Date.now,54485000,0,d2207c68ebcf5db16fd42f8eb04fe21239b5f4726e5d3734ebd3c059754126a8,"[""C:\\Users\\mzyx\\Desktop\\0921\\js-interpreter-bench\\engines\\v8-official-15.6.21\\runtime\\d8.exe"", ""--snapshot_blob=C:\\Users\\mzyx\\Desktop\\0921\\js-interpreter-bench\\engines\\v8-official-15.6.21\\runtime\\snapshot_blob.bin"", ""--max-opt=0"", ""--no-lazy"", ""C:\\Users\\mzyx\\Desktop\\0921\\js-interpreter-bench\\experiments\\octane_strict\\generated\\Richards.Richards.js"", ""--"", ""STRICT_CONFIG={\""N\"":8,\""mode\"":\""measure\"",\""timer\"":\""Date.now\""}""]","OCTANE_STRICT_RESULT:{""suite"":""Richards"",""benchmark"":""Richards"",""N"":8,""mode"":""measure"",""timer"":""Date.now"",""elapsed_ms"":16,""elapsed_per_call_ms"":2,""extra_validation_calls"":0,""correctness"":""PASS""}",,
quickjs,Richards,Richards,8,,8,30,3.75,0,true,2026-09-27T17:03:40.482599+00:00,,Date.now,43181600,0,d2207c68ebcf5db16fd42f8eb04fe21239b5f4726e5d3734ebd3c059754126a8,"[""C:\\Users\\mzyx\\Desktop\\0921\\js-interpreter-bench\\engines\\quickjs-upstream\\qjs.exe"", ""C:\\Users\\mzyx\\Desktop\\0921\\js-interpreter-bench\\experiments\\octane_strict\\generated\\Richards.Richards.js"", ""STRICT_CONFIG={\""N\"":8,\""mode\"":\""measure\"",\""timer\"":\""Date.now\""}""]","OCTANE_STRICT_RESULT:{""suite"":""Richards"",""benchmark"":""Richards"",""N"":8,""mode"":""measure"",""timer"":""Date.now"",""elapsed_ms"":30,""elapsed_per_call_ms"":3.75,""extra_validation_calls"":0,""correctness"":""PASS""}",,
quickjs,Richards,Richards,16,,16,61,3.8125,0,true,2026-09-27T17:03:40.575115+00:00,,Date.now,73655800,0,d2207c68ebcf5db16fd42f8eb04fe21239b5f4726e5d3734ebd3c059754126a8,"[""C:\\Users\\mzyx\\Desktop\\0921\\js-interpreter-bench\\engines\\quickjs-upstream\\qjs.exe"", ""C:\\Users\\mzyx\\Desktop\\0921\\js-interpreter-bench\\experiments\\octane_strict\\generated\\Richards.Richards.js"", ""STRICT_CONFIG={\""N\"":16,\""mode\"":\""measure\"",\""timer\"":\""Date.now\""}""]","OCTANE_STRICT_RESULT:{""suite"":""Richards"",""benchmark"":""Richards"",""N"":16,""mode"":""measure"",""timer"":""Date.now"",""elapsed_ms"":61,""elapsed_per_call_ms"":3.8125,""extra_validation_calls"":0,""correctness"":""PASS""}",,
v8_ignition,Richards,Richards,16,,16,33,2.0625,0,true,2026-09-27T17:03:40.656885+00:00,--max-opt=0 --no-lazy,Date.now,71395400,0,d2207c68ebcf5db16fd42f8eb04fe21239b5f4726e5d3734ebd3c059754126a8,"[""C:\\Users\\mzyx\\Desktop\\0921\\js-interpreter-bench\\engines\\v8-official-15.6.21\\runtime\\d8.exe"", ""--snapshot_blob=C:\\Users\\mzyx\\Desktop\\0921\\js-interpreter-bench\\engines\\v8-official-15.6.21\\runtime\\snapshot_blob.bin"", ""--max-opt=0"", ""--no-lazy"", ""C:\\Users\\mzyx\\Desktop\\0921\\js-interpreter-bench\\experiments\\octane_strict\\generated\\Richards.Richards.js"", ""--"", ""STRICT_CONFIG={\""N\"":16,\""mode\"":\""measure\"",\""timer\"":\""Date.now\""}""]","OCTANE_STRICT_RESULT:{""suite"":""Richards"",""benchmark"":""Richards"",""N"":16,""mode"":""measure"",""timer"":""Date.now"",""elapsed_ms"":33,""elapsed_per_call_ms"":2.0625,""extra_validation_calls"":0,""correctness"":""PASS""}",,
v8_ignition,Richards,Richards,32,,32,67,2.09375,0,true,2026-09-27T17:03:40.779688+00:00,--max-opt=0 --no-lazy,Date.now,105067900,0,d2207c68ebcf5db16fd42f8eb04fe21239b5f4726e5d3734ebd3c059754126a8,"[""C:\\Users\\mzyx\\Desktop\\0921\\js-interpreter-bench\\engines\\v8-official-15.6.21\\runtime\\d8.exe"", ""--snapshot_blob=C:\\Users\\mzyx\\Desktop\\0921\\js-interpreter-bench\\engines\\v8-official-15.6.21\\runtime\\snapshot_blob.bin"", ""--max-opt=0"", ""--no-lazy"", ""C:\\Users\\mzyx\\Desktop\\0921\\js-interpreter-bench\\experiments\\octane_strict\\generated\\Richards.Richards.js"", ""--"", ""STRICT_CONFIG={\""N\"":32,\""mode\"":\""measure\"",\""timer\"":\""Date.now\""}""]","OCTANE_STRICT_RESULT:{""suite"":""Richards"",""benchmark"":""Richards"",""N"":32,""mode"":""measure"",""timer"":""Date.now"",""elapsed_ms"":67,""elapsed_per_call_ms"":2.09375,""extra_validation_calls"":0,""correctness"":""PASS""}",,
quickjs,Richards,Richards,32,,32,128,4,0,true,2026-09-27T17:03:40.934729+00:00,,Date.now,141823600,0,d2207c68ebcf5db16fd42f8eb04fe21239b5f4726e5d3734ebd3c059754126a8,"[""C:\\Users\\mzyx\\Desktop\\0921\\js-interpreter-bench\\engines\\quickjs-upstream\\qjs.exe"", ""C:\\Users\\mzyx\\Desktop\\0921\\js-interpreter-bench\\experiments\\octane_strict\\generated\\Richards.Richards.js"", ""STRICT_CONFIG={\""N\"":32,\""mode\"":\""measure\"",\""timer\"":\""Date.now\""}""]","OCTANE_STRICT_RESULT:{""suite"":""Richards"",""benchmark"":""Richards"",""N"":32,""mode"":""measure"",""timer"":""Date.now"",""elapsed_ms"":128,""elapsed_per_call_ms"":4,""extra_validation_calls"":0,""correctness"":""PASS""}",,
quickjs,Richards,Richards,64,,64,248,3.875,0,true,2026-09-27T17:03:41.215340+00:00,,Date.now,262341900,0,d2207c68ebcf5db16fd42f8eb04fe21239b5f4726e5d3734ebd3c059754126a8,"[""C:\\Users\\mzyx\\Desktop\\0921\\js-interpreter-bench\\engines\\quickjs-upstream\\qjs.exe"", ""C:\\Users\\mzyx\\Desktop\\0921\\js-interpreter-bench\\experiments\\octane_strict\\generated\\Richards.Richards.js"", ""STRICT_CONFIG={\""N\"":64,\""mode\"":\""measure\"",\""timer\"":\""Date.now\""}""]","OCTANE_STRICT_RESULT:{""suite"":""Richards"",""benchmark"":""Richards"",""N"":64,""mode"":""measure"",""timer"":""Date.now"",""elapsed_ms"":248,""elapsed_per_call_ms"":3.875,""extra_validation_calls"":0,""correctness"":""PASS""}",,
v8_ignition,Richards,Richards,64,,64,134,2.09375,0,true,2026-09-27T17:03:41.400328+00:00,--max-opt=0 --no-lazy,Date.now,173960900,0,d2207c68ebcf5db16fd42f8eb04fe21239b5f4726e5d3734ebd3c059754126a8,"[""C:\\Users\\mzyx\\Desktop\\0921\\js-interpreter-bench\\engines\\v8-official-15.6.21\\runtime\\d8.exe"", ""--snapshot_blob=C:\\Users\\mzyx\\Desktop\\0921\\js-interpreter-bench\\engines\\v8-official-15.6.21\\runtime\\snapshot_blob.bin"", ""--max-opt=0"", ""--no-lazy"", ""C:\\Users\\mzyx\\Desktop\\0921\\js-interpreter-bench\\experiments\\octane_strict\\generated\\Richards.Richards.js"", ""--"", ""STRICT_CONFIG={\""N\"":64,\""mode\"":\""measure\"",\""timer\"":\""Date.now\""}""]","OCTANE_STRICT_RESULT:{""suite"":""Richards"",""benchmark"":""Richards"",""N"":64,""mode"":""measure"",""timer"":""Date.now"",""elapsed_ms"":134,""elapsed_per_call_ms"":2.09375,""extra_validation_calls"":0,""correctness"":""PASS""}",,
v8_ignition,Richards,Richards,128,,128,263,2.0546875,0,true,2026-09-27T17:03:41.725176+00:00,--max-opt=0 --no-lazy,Date.now,303028500,0,d2207c68ebcf5db16fd42f8eb04fe21239b5f4726e5d3734ebd3c059754126a8,"[""C:\\Users\\mzyx\\Desktop\\0921\\js-interpreter-bench\\engines\\v8-official-15.6.21\\runtime\\d8.exe"", ""--snapshot_blob=C:\\Users\\mzyx\\Desktop\\0921\\js-interpreter-bench\\engines\\v8-official-15.6.21\\runtime\\snapshot_blob.bin"", ""--max-opt=0"", ""--no-lazy"", ""C:\\Users\\mzyx\\Desktop\\0921\\js-interpreter-bench\\experiments\\octane_strict\\generated\\Richards.Richards.js"", ""--"", ""STRICT_CONFIG={\""N\"":128,\""mode\"":\""measure\"",\""timer\"":\""Date.now\""}""]","OCTANE_STRICT_RESULT:{""suite"":""Richards"",""benchmark"":""Richards"",""N"":128,""mode"":""measure"",""timer"":""Date.now"",""elapsed_ms"":263,""elapsed_per_call_ms"":2.0546875,""extra_validation_calls"":0,""correctness"":""PASS""}",,
quickjs,Richards,Richards,128,,128,483,3.7734375,0,true,2026-09-27T17:03:42.231227+00:00,,Date.now,496205500,0,d2207c68ebcf5db16fd42f8eb04fe21239b5f4726e5d3734ebd3c059754126a8,"[""C:\\Users\\mzyx\\Desktop\\0921\\js-interpreter-bench\\engines\\quickjs-upstream\\qjs.exe"", ""C:\\Users\\mzyx\\Desktop\\0921\\js-interpreter-bench\\experiments\\octane_strict\\generated\\Richards.Richards.js"", ""STRICT_CONFIG={\""N\"":128,\""mode\"":\""measure\"",\""timer\"":\""Date.now\""}""]","OCTANE_STRICT_RESULT:{""suite"":""Richards"",""benchmark"":""Richards"",""N"":128,""mode"":""measure"",""timer"":""Date.now"",""elapsed_ms"":483,""elapsed_per_call_ms"":3.7734375,""extra_validation_calls"":0,""correctness"":""PASS""}",,
quickjs,Richards,Richards,256,,256,955,3.73046875,0,true,2026-09-27T17:03:43.218149+00:00,,Date.now,968239300,0,d2207c68ebcf5db16fd42f8eb04fe21239b5f4726e5d3734ebd3c059754126a8,"[""C:\\Users\\mzyx\\Desktop\\0921\\js-interpreter-bench\\engines\\quickjs-upstream\\qjs.exe"", ""C:\\Users\\mzyx\\Desktop\\0921\\js-interpreter-bench\\experiments\\octane_strict\\generated\\Richards.Richards.js"", ""STRICT_CONFIG={\""N\"":256,\""mode\"":\""measure\"",\""timer\"":\""Date.now\""}""]","OCTANE_STRICT_RESULT:{""suite"":""Richards"",""benchmark"":""Richards"",""N"":256,""mode"":""measure"",""timer"":""Date.now"",""elapsed_ms"":955,""elapsed_per_call_ms"":3.73046875,""extra_validation_calls"":0,""correctness"":""PASS""}",,
v8_ignition,Richards,Richards,256,,256,529,2.06640625,0,true,2026-09-27T17:03:43.796720+00:00,--max-opt=0 --no-lazy,Date.now,567748500,0,d2207c68ebcf5db16fd42f8eb04fe21239b5f4726e5d3734ebd3c059754126a8,"[""C:\\Users\\mzyx\\Desktop\\0921\\js-interpreter-bench\\engines\\v8-official-15.6.21\\runtime\\d8.exe"", ""--snapshot_blob=C:\\Users\\mzyx\\Desktop\\0921\\js-interpreter-bench\\engines\\v8-official-15.6.21\\runtime\\snapshot_blob.bin"", ""--max-opt=0"", ""--no-lazy"", ""C:\\Users\\mzyx\\Desktop\\0921\\js-interpreter-bench\\experiments\\octane_strict\\generated\\Richards.Richards.js"", ""--"", ""STRICT_CONFIG={\""N\"":256,\""mode\"":\""measure\"",\""timer\"":\""Date.now\""}""]","OCTANE_STRICT_RESULT:{""suite"":""Richards"",""benchmark"":""Richards"",""N"":256,""mode"":""measure"",""timer"":""Date.now"",""elapsed_ms"":529,""elapsed_per_call_ms"":2.06640625,""extra_validation_calls"":0,""correctness"":""PASS""}",,
v8_ignition,Richards,Richards,512,,512,1040,2.03125,0,true,2026-09-27T17:03:44.897785+00:00,--max-opt=0 --no-lazy,Date.now,1080056300,0,d2207c68ebcf5db16fd42f8eb04fe21239b5f4726e5d3734ebd3c059754126a8,"[""C:\\Users\\mzyx\\Desktop\\0921\\js-interpreter-bench\\engines\\v8-official-15.6.21\\runtime\\d8.exe"", ""--snapshot_blob=C:\\Users\\mzyx\\Desktop\\0921\\js-interpreter-bench\\engines\\v8-official-15.6.21\\runtime\\snapshot_blob.bin"", ""--max-opt=0"", ""--no-lazy"", ""C:\\Users\\mzyx\\Desktop\\0921\\js-interpreter-bench\\experiments\\octane_strict\\generated\\Richards.Richards.js"", ""--"", ""STRICT_CONFIG={\""N\"":512,\""mode\"":\""measure\"",\""timer\"":\""Date.now\""}""]","OCTANE_STRICT_RESULT:{""suite"":""Richards"",""benchmark"":""Richards"",""N"":512,""mode"":""measure"",""timer"":""Date.now"",""elapsed_ms"":1040,""elapsed_per_call_ms"":2.03125,""extra_validation_calls"":0,""correctness"":""PASS""}",,
quickjs,Richards,Richards,512,,512,1961,3.830078125,0,true,2026-09-27T17:03:46.882923+00:00,,Date.now,1973549400,0,d2207c68ebcf5db16fd42f8eb04fe21239b5f4726e5d3734ebd3c059754126a8,"[""C:\\Users\\mzyx\\Desktop\\0921\\js-interpreter-bench\\engines\\quickjs-upstream\\qjs.exe"", ""C:\\Users\\mzyx\\Desktop\\0921\\js-interpreter-bench\\experiments\\octane_strict\\generated\\Richards.Richards.js"", ""STRICT_CONFIG={\""N\"":512,\""mode\"":\""measure\"",\""timer\"":\""Date.now\""}""]","OCTANE_STRICT_RESULT:{""suite"":""Richards"",""benchmark"":""Richards"",""N"":512,""mode"":""measure"",""timer"":""Date.now"",""elapsed_ms"":1961,""elapsed_per_call_ms"":3.830078125,""extra_validation_calls"":0,""correctness"":""PASS""}",,
quickjs,DeltaBlue,DeltaBlue,1,,1,8,8,0,true,2026-09-27T17:03:46.923353+00:00,,Date.now,21878400,0,8542689bb308963c4feefd143c1707791e271d609ef4c476eb9c3dfdeeec539f,"[""C:\\Users\\mzyx\\Desktop\\0921\\js-interpreter-bench\\engines\\quickjs-upstream\\qjs.exe"", ""C:\\Users\\mzyx\\Desktop\\0921\\js-interpreter-bench\\experiments\\octane_strict\\generated\\DeltaBlue.DeltaBlue.js"", ""STRICT_CONFIG={\""N\"":1,\""mode\"":\""measure\"",\""timer\"":\""Date.now\""}""]","OCTANE_STRICT_RESULT:{""suite"":""DeltaBlue"",""benchmark"":""DeltaBlue"",""N"":1,""mode"":""measure"",""timer"":""Date.now"",""elapsed_ms"":8,""elapsed_per_call_ms"":8,""extra_validation_calls"":0,""correctness"":""PASS""}",,
v8_ignition,DeltaBlue,DeltaBlue,1,,1,4,4,0,true,2026-09-27T17:03:46.977852+00:00,--max-opt=0 --no-lazy,Date.now,44153100,0,8542689bb308963c4feefd143c1707791e271d609ef4c476eb9c3dfdeeec539f,"[""C:\\Users\\mzyx\\Desktop\\0921\\js-interpreter-bench\\engines\\v8-official-15.6.21\\runtime\\d8.exe"", ""--snapshot_blob=C:\\Users\\mzyx\\Desktop\\0921\\js-interpreter-bench\\engines\\v8-official-15.6.21\\runtime\\snapshot_blob.bin"", ""--max-opt=0"", ""--no-lazy"", ""C:\\Users\\mzyx\\Desktop\\0921\\js-interpreter-bench\\experiments\\octane_strict\\generated\\DeltaBlue.DeltaBlue.js"", ""--"", ""STRICT_CONFIG={\""N\"":1,\""mode\"":\""measure\"",\""timer\"":\""Date.now\""}""]","OCTANE_STRICT_RESULT:{""suite"":""DeltaBlue"",""benchmark"":""DeltaBlue"",""N"":1,""mode"":""measure"",""timer"":""Date.now"",""elapsed_ms"":4,""elapsed_per_call_ms"":4,""extra_validation_calls"":0,""correctness"":""PASS""}",,
v8_ignition,DeltaBlue,DeltaBlue,2,,2,8,4,0,true,2026-09-27T17:03:47.046749+00:00,--max-opt=0 --no-lazy,Date.now,49296400,0,8542689bb308963c4feefd143c1707791e271d609ef4c476eb9c3dfdeeec539f,"[""C:\\Users\\mzyx\\Desktop\\0921\\js-interpreter-bench\\engines\\v8-official-15.6.21\\runtime\\d8.exe"", ""--snapshot_blob=C:\\Users\\mzyx\\Desktop\\0921\\js-interpreter-bench\\engines\\v8-official-15.6.21\\runtime\\snapshot_blob.bin"", ""--max-opt=0"", ""--no-lazy"", ""C:\\Users\\mzyx\\Desktop\\0921\\js-interpreter-bench\\experiments\\octane_strict\\generated\\DeltaBlue.DeltaBlue.js"", ""--"", ""STRICT_CONFIG={\""N\"":2,\""mode\"":\""measure\"",\""timer\"":\""Date.now\""}""]","OCTANE_STRICT_RESULT:{""suite"":""DeltaBlue"",""benchmark"":""DeltaBlue"",""N"":2,""mode"":""measure"",""timer"":""Date.now"",""elapsed_ms"":8,""elapsed_per_call_ms"":4,""extra_validation_calls"":0,""correctness"":""PASS""}",,
quickjs,DeltaBlue,DeltaBlue,2,,2,15,7.5,0,true,2026-09-27T17:03:47.086028+00:00,,Date.now,29453900,0,8542689bb308963c4feefd143c1707791e271d609ef4c476eb9c3dfdeeec539f,"[""C:\\Users\\mzyx\\Desktop\\0921\\js-interpreter-bench\\engines\\quickjs-upstream\\qjs.exe"", ""C:\\Users\\mzyx\\Desktop\\0921\\js-interpreter-bench\\experiments\\octane_strict\\generated\\DeltaBlue.DeltaBlue.js"", ""STRICT_CONFIG={\""N\"":2,\""mode\"":\""measure\"",\""timer\"":\""Date.now\""}""]","OCTANE_STRICT_RESULT:{""suite"":""DeltaBlue"",""benchmark"":""DeltaBlue"",""N"":2,""mode"":""measure"",""timer"":""Date.now"",""elapsed_ms"":15,""elapsed_per_call_ms"":7.5,""extra_validation_calls"":0,""correctness"":""PASS""}",,
quickjs,DeltaBlue,DeltaBlue,4,,4,34,8.5,0,true,2026-09-27T17:03:47.153058+00:00,,Date.now,47324100,0,8542689bb308963c4feefd143c1707791e271d609ef4c476eb9c3dfdeeec539f,"[""C:\\Users\\mzyx\\Desktop\\0921\\js-interpreter-bench\\engines\\quickjs-upstream\\qjs.exe"", ""C:\\Users\\mzyx\\Desktop\\0921\\js-interpreter-bench\\experiments\\octane_strict\\generated\\DeltaBlue.DeltaBlue.js"", ""STRICT_CONFIG={\""N\"":4,\""mode\"":\""measure\"",\""timer\"":\""Date.now\""}""]","OCTANE_STRICT_RESULT:{""suite"":""DeltaBlue"",""benchmark"":""DeltaBlue"",""N"":4,""mode"":""measure"",""timer"":""Date.now"",""elapsed_ms"":34,""elapsed_per_call_ms"":8.5,""extra_validation_calls"":0,""correctness"":""PASS""}",,
v8_ignition,DeltaBlue,DeltaBlue,4,,4,15,3.75,0,true,2026-09-27T17:03:47.217455+00:00,--max-opt=0 --no-lazy,Date.now,54358400,0,8542689bb308963c4feefd143c1707791e271d609ef4c476eb9c3dfdeeec539f,"[""C:\\Users\\mzyx\\Desktop\\0921\\js-interpreter-bench\\engines\\v8-official-15.6.21\\runtime\\d8.exe"", ""--snapshot_blob=C:\\Users\\mzyx\\Desktop\\0921\\js-interpreter-bench\\engines\\v8-official-15.6.21\\runtime\\snapshot_blob.bin"", ""--max-opt=0"", ""--no-lazy"", ""C:\\Users\\mzyx\\Desktop\\0921\\js-interpreter-bench\\experiments\\octane_strict\\generated\\DeltaBlue.DeltaBlue.js"", ""--"", ""STRICT_CONFIG={\""N\"":4,\""mode\"":\""measure\"",\""timer\"":\""Date.now\""}""]","OCTANE_STRICT_RESULT:{""suite"":""DeltaBlue"",""benchmark"":""DeltaBlue"",""N"":4,""mode"":""measure"",""timer"":""Date.now"",""elapsed_ms"":15,""elapsed_per_call_ms"":3.75,""extra_validation_calls"":0,""correctness"":""PASS""}",,
v8_ignition,DeltaBlue,DeltaBlue,8,,8,30,3.75,0,true,2026-09-27T17:03:47.304607+00:00,--max-opt=0 --no-lazy,Date.now,69738300,0,8542689bb308963c4feefd143c1707791e271d609ef4c476eb9c3dfdeeec539f,"[""C:\\Users\\mzyx\\Desktop\\0921\\js-interpreter-bench\\engines\\v8-official-15.6.21\\runtime\\d8.exe"", ""--snapshot_blob=C:\\Users\\mzyx\\Desktop\\0921\\js-interpreter-bench\\engines\\v8-official-15.6.21\\runtime\\snapshot_blob.bin"", ""--max-opt=0"", ""--no-lazy"", ""C:\\Users\\mzyx\\Desktop\\0921\\js-interpreter-bench\\experiments\\octane_strict\\generated\\DeltaBlue.DeltaBlue.js"", ""--"", ""STRICT_CONFIG={\""N\"":8,\""mode\"":\""measure\"",\""timer\"":\""Date.now\""}""]","OCTANE_STRICT_RESULT:{""suite"":""DeltaBlue"",""benchmark"":""DeltaBlue"",""N"":8,""mode"":""measure"",""timer"":""Date.now"",""elapsed_ms"":30,""elapsed_per_call_ms"":3.75,""extra_validation_calls"":0,""correctness"":""PASS""}",,
quickjs,DeltaBlue,DeltaBlue,8,,8,62,7.75,0,true,2026-09-27T17:03:47.392026+00:00,,Date.now,75000800,0,8542689bb308963c4feefd143c1707791e271d609ef4c476eb9c3dfdeeec539f,"[""C:\\Users\\mzyx\\Desktop\\0921\\js-interpreter-bench\\engines\\quickjs-upstream\\qjs.exe"", ""C:\\Users\\mzyx\\Desktop\\0921\\js-interpreter-bench\\experiments\\octane_strict\\generated\\DeltaBlue.DeltaBlue.js"", ""STRICT_CONFIG={\""N\"":8,\""mode\"":\""measure\"",\""timer\"":\""Date.now\""}""]","OCTANE_STRICT_RESULT:{""suite"":""DeltaBlue"",""benchmark"":""DeltaBlue"",""N"":8,""mode"":""measure"",""timer"":""Date.now"",""elapsed_ms"":62,""elapsed_per_call_ms"":7.75,""extra_validation_calls"":0,""correctness"":""PASS""}",,
quickjs,DeltaBlue,DeltaBlue,16,,16,123,7.6875,0,true,2026-09-27T17:03:47.548180+00:00,,Date.now,138897700,0,8542689bb308963c4feefd143c1707791e271d609ef4c476eb9c3dfdeeec539f,"[""C:\\Users\\mzyx\\Desktop\\0921\\js-interpreter-bench\\engines\\quickjs-upstream\\qjs.exe"", ""C:\\Users\\mzyx\\Desktop\\0921\\js-interpreter-bench\\experiments\\octane_strict\\generated\\DeltaBlue.DeltaBlue.js"", ""STRICT_CONFIG={\""N\"":16,\""mode\"":\""measure\"",\""timer\"":\""Date.now\""}""]","OCTANE_STRICT_RESULT:{""suite"":""DeltaBlue"",""benchmark"":""DeltaBlue"",""N"":16,""mode"":""measure"",""timer"":""Date.now"",""elapsed_ms"":123,""elapsed_per_call_ms"":7.6875,""extra_validation_calls"":0,""correctness"":""PASS""}",,
v8_ignition,DeltaBlue,DeltaBlue,16,,16,59,3.6875,0,true,2026-09-27T17:03:47.656074+00:00,--max-opt=0 --no-lazy,Date.now,97741900,0,8542689bb308963c4feefd143c1707791e271d609ef4c476eb9c3dfdeeec539f,"[""C:\\Users\\mzyx\\Desktop\\0921\\js-interpreter-bench\\engines\\v8-official-15.6.21\\runtime\\d8.exe"", ""--snapshot_blob=C:\\Users\\mzyx\\Desktop\\0921\\js-interpreter-bench\\engines\\v8-official-15.6.21\\runtime\\snapshot_blob.bin"", ""--max-opt=0"", ""--no-lazy"", ""C:\\Users\\mzyx\\Desktop\\0921\\js-interpreter-bench\\experiments\\octane_strict\\generated\\DeltaBlue.DeltaBlue.js"", ""--"", ""STRICT_CONFIG={\""N\"":16,\""mode\"":\""measure\"",\""timer\"":\""Date.now\""}""]","OCTANE_STRICT_RESULT:{""suite"":""DeltaBlue"",""benchmark"":""DeltaBlue"",""N"":16,""mode"":""measure"",""timer"":""Date.now"",""elapsed_ms"":59,""elapsed_per_call_ms"":3.6875,""extra_validation_calls"":0,""correctness"":""PASS""}",,
v8_ignition,DeltaBlue,DeltaBlue,32,,32,116,3.625,0,true,2026-09-27T17:03:47.832004+00:00,--max-opt=0 --no-lazy,Date.now,156298400,0,8542689bb308963c4feefd143c1707791e271d609ef4c476eb9c3dfdeeec539f,"[""C:\\Users\\mzyx\\Desktop\\0921\\js-interpreter-bench\\engines\\v8-official-15.6.21\\runtime\\d8.exe"", ""--snapshot_blob=C:\\Users\\mzyx\\Desktop\\0921\\js-interpreter-bench\\engines\\v8-official-15.6.21\\runtime\\snapshot_blob.bin"", ""--max-opt=0"", ""--no-lazy"", ""C:\\Users\\mzyx\\Desktop\\0921\\js-interpreter-bench\\experiments\\octane_strict\\generated\\DeltaBlue.DeltaBlue.js"", ""--"", ""STRICT_CONFIG={\""N\"":32,\""mode\"":\""measure\"",\""timer\"":\""Date.now\""}""]","OCTANE_STRICT_RESULT:{""suite"":""DeltaBlue"",""benchmark"":""DeltaBlue"",""N"":32,""mode"":""measure"",""timer"":""Date.now"",""elapsed_ms"":116,""elapsed_per_call_ms"":3.625,""extra_validation_calls"":0,""correctness"":""PASS""}",,
quickjs,DeltaBlue,DeltaBlue,32,,32,244,7.625,0,true,2026-09-27T17:03:48.099723+00:00,,Date.now,257470400,0,8542689bb308963c4feefd143c1707791e271d609ef4c476eb9c3dfdeeec539f,"[""C:\\Users\\mzyx\\Desktop\\0921\\js-interpreter-bench\\engines\\quickjs-upstream\\qjs.exe"", ""C:\\Users\\mzyx\\Desktop\\0921\\js-interpreter-bench\\experiments\\octane_strict\\generated\\DeltaBlue.DeltaBlue.js"", ""STRICT_CONFIG={\""N\"":32,\""mode\"":\""measure\"",\""timer\"":\""Date.now\""}""]","OCTANE_STRICT_RESULT:{""suite"":""DeltaBlue"",""benchmark"":""DeltaBlue"",""N"":32,""mode"":""measure"",""timer"":""Date.now"",""elapsed_ms"":244,""elapsed_per_call_ms"":7.625,""extra_validation_calls"":0,""correctness"":""PASS""}",,
quickjs,DeltaBlue,DeltaBlue,64,,64,490,7.65625,0,true,2026-09-27T17:03:48.620282+00:00,,Date.now,502446400,0,8542689bb308963c4feefd143c1707791e271d609ef4c476eb9c3dfdeeec539f,"[""C:\\Users\\mzyx\\Desktop\\0921\\js-interpreter-bench\\engines\\quickjs-upstream\\qjs.exe"", ""C:\\Users\\mzyx\\Desktop\\0921\\js-interpreter-bench\\experiments\\octane_strict\\generated\\DeltaBlue.DeltaBlue.js"", ""STRICT_CONFIG={\""N\"":64,\""mode\"":\""measure\"",\""timer\"":\""Date.now\""}""]","OCTANE_STRICT_RESULT:{""suite"":""DeltaBlue"",""benchmark"":""DeltaBlue"",""N"":64,""mode"":""measure"",""timer"":""Date.now"",""elapsed_ms"":490,""elapsed_per_call_ms"":7.65625,""extra_validation_calls"":0,""correctness"":""PASS""}",,
v8_ignition,DeltaBlue,DeltaBlue,64,,64,232,3.625,0,true,2026-09-27T17:03:48.908559+00:00,--max-opt=0 --no-lazy,Date.now,271504600,0,8542689bb308963c4feefd143c1707791e271d609ef4c476eb9c3dfdeeec539f,"[""C:\\Users\\mzyx\\Desktop\\0921\\js-interpreter-bench\\engines\\v8-official-15.6.21\\runtime\\d8.exe"", ""--snapshot_blob=C:\\Users\\mzyx\\Desktop\\0921\\js-interpreter-bench\\engines\\v8-official-15.6.21\\runtime\\snapshot_blob.bin"", ""--max-opt=0"", ""--no-lazy"", ""C:\\Users\\mzyx\\Desktop\\0921\\js-interpreter-bench\\experiments\\octane_strict\\generated\\DeltaBlue.DeltaBlue.js"", ""--"", ""STRICT_CONFIG={\""N\"":64,\""mode\"":\""measure\"",\""timer\"":\""Date.now\""}""]","OCTANE_STRICT_RESULT:{""suite"":""DeltaBlue"",""benchmark"":""DeltaBlue"",""N"":64,""mode"":""measure"",""timer"":""Date.now"",""elapsed_ms"":232,""elapsed_per_call_ms"":3.625,""extra_validation_calls"":0,""correctness"":""PASS""}",,
v8_ignition,DeltaBlue,DeltaBlue,128,,128,459,3.5859375,0,true,2026-09-27T17:03:49.429323+00:00,--max-opt=0 --no-lazy,Date.now,499928000,0,8542689bb308963c4feefd143c1707791e271d609ef4c476eb9c3dfdeeec539f,"[""C:\\Users\\mzyx\\Desktop\\0921\\js-interpreter-bench\\engines\\v8-official-15.6.21\\runtime\\d8.exe"", ""--snapshot_blob=C:\\Users\\mzyx\\Desktop\\0921\\js-interpreter-bench\\engines\\v8-official-15.6.21\\runtime\\snapshot_blob.bin"", ""--max-opt=0"", ""--no-lazy"", ""C:\\Users\\mzyx\\Desktop\\0921\\js-interpreter-bench\\experiments\\octane_strict\\generated\\DeltaBlue.DeltaBlue.js"", ""--"", ""STRICT_CONFIG={\""N\"":128,\""mode\"":\""measure\"",\""timer\"":\""Date.now\""}""]","OCTANE_STRICT_RESULT:{""suite"":""DeltaBlue"",""benchmark"":""DeltaBlue"",""N"":128,""mode"":""measure"",""timer"":""Date.now"",""elapsed_ms"":459,""elapsed_per_call_ms"":3.5859375,""extra_validation_calls"":0,""correctness"":""PASS""}",,
quickjs,DeltaBlue,DeltaBlue,128,,128,970,7.578125,0,true,2026-09-27T17:03:50.423446+00:00,,Date.now,983367300,0,8542689bb308963c4feefd143c1707791e271d609ef4c476eb9c3dfdeeec539f,"[""C:\\Users\\mzyx\\Desktop\\0921\\js-interpreter-bench\\engines\\quickjs-upstream\\qjs.exe"", ""C:\\Users\\mzyx\\Desktop\\0921\\js-interpreter-bench\\experiments\\octane_strict\\generated\\DeltaBlue.DeltaBlue.js"", ""STRICT_CONFIG={\""N\"":128,\""mode\"":\""measure\"",\""timer\"":\""Date.now\""}""]","OCTANE_STRICT_RESULT:{""suite"":""DeltaBlue"",""benchmark"":""DeltaBlue"",""N"":128,""mode"":""measure"",""timer"":""Date.now"",""elapsed_ms"":970,""elapsed_per_call_ms"":7.578125,""extra_validation_calls"":0,""correctness"":""PASS""}",,
quickjs,DeltaBlue,DeltaBlue,256,,256,1997,7.80078125,0,true,2026-09-27T17:03:52.453087+00:00,,Date.now,2010601900,0,8542689bb308963c4feefd143c1707791e271d609ef4c476eb9c3dfdeeec539f,"[""C:\\Users\\mzyx\\Desktop\\0921\\js-interpreter-bench\\engines\\quickjs-upstream\\qjs.exe"", ""C:\\Users\\mzyx\\Desktop\\0921\\js-interpreter-bench\\experiments\\octane_strict\\generated\\DeltaBlue.DeltaBlue.js"", ""STRICT_CONFIG={\""N\"":256,\""mode\"":\""measure\"",\""timer\"":\""Date.now\""}""]","OCTANE_STRICT_RESULT:{""suite"":""DeltaBlue"",""benchmark"":""DeltaBlue"",""N"":256,""mode"":""measure"",""timer"":""Date.now"",""elapsed_ms"":1997,""elapsed_per_call_ms"":7.80078125,""extra_validation_calls"":0,""correctness"":""PASS""}",,
v8_ignition,DeltaBlue,DeltaBlue,256,,256,902,3.5234375,0,true,2026-09-27T17:03:53.412712+00:00,--max-opt=0 --no-lazy,Date.now,942015000,0,8542689bb308963c4feefd143c1707791e271d609ef4c476eb9c3dfdeeec539f,"[""C:\\Users\\mzyx\\Desktop\\0921\\js-interpreter-bench\\engines\\v8-official-15.6.21\\runtime\\d8.exe"", ""--snapshot_blob=C:\\Users\\mzyx\\Desktop\\0921\\js-interpreter-bench\\engines\\v8-official-15.6.21\\runtime\\snapshot_blob.bin"", ""--max-opt=0"", ""--no-lazy"", ""C:\\Users\\mzyx\\Desktop\\0921\\js-interpreter-bench\\experiments\\octane_strict\\generated\\DeltaBlue.DeltaBlue.js"", ""--"", ""STRICT_CONFIG={\""N\"":256,\""mode\"":\""measure\"",\""timer\"":\""Date.now\""}""]","OCTANE_STRICT_RESULT:{""suite"":""DeltaBlue"",""benchmark"":""DeltaBlue"",""N"":256,""mode"":""measure"",""timer"":""Date.now"",""elapsed_ms"":902,""elapsed_per_call_ms"":3.5234375,""extra_validation_calls"":0,""correctness"":""PASS""}",,
v8_ignition,DeltaBlue,DeltaBlue,512,,512,1827,3.568359375,0,true,2026-09-27T17:03:55.296884+00:00,--max-opt=0 --no-lazy,Date.now,1867063900,0,8542689bb308963c4feefd143c1707791e271d609ef4c476eb9c3dfdeeec539f,"[""C:\\Users\\mzyx\\Desktop\\0921\\js-interpreter-bench\\engines\\v8-official-15.6.21\\runtime\\d8.exe"", ""--snapshot_blob=C:\\Users\\mzyx\\Desktop\\0921\\js-interpreter-bench\\engines\\v8-official-15.6.21\\runtime\\snapshot_blob.bin"", ""--max-opt=0"", ""--no-lazy"", ""C:\\Users\\mzyx\\Desktop\\0921\\js-interpreter-bench\\experiments\\octane_strict\\generated\\DeltaBlue.DeltaBlue.js"", ""--"", ""STRICT_CONFIG={\""N\"":512,\""mode\"":\""measure\"",\""timer\"":\""Date.now\""}""]","OCTANE_STRICT_RESULT:{""suite"":""DeltaBlue"",""benchmark"":""DeltaBlue"",""N"":512,""mode"":""measure"",""timer"":""Date.now"",""elapsed_ms"":1827,""elapsed_per_call_ms"":3.568359375,""extra_validation_calls"":0,""correctness"":""PASS""}",,
quickjs,DeltaBlue,DeltaBlue,512,,512,3893,7.603515625,0,true,2026-09-27T17:03:59.216031+00:00,,Date.now,3907081000,0,8542689bb308963c4feefd143c1707791e271d609ef4c476eb9c3dfdeeec539f,"[""C:\\Users\\mzyx\\Desktop\\0921\\js-interpreter-bench\\engines\\quickjs-upstream\\qjs.exe"", ""C:\\Users\\mzyx\\Desktop\\0921\\js-interpreter-bench\\experiments\\octane_strict\\generated\\DeltaBlue.DeltaBlue.js"", ""STRICT_CONFIG={\""N\"":512,\""mode\"":\""measure\"",\""timer\"":\""Date.now\""}""]","OCTANE_STRICT_RESULT:{""suite"":""DeltaBlue"",""benchmark"":""DeltaBlue"",""N"":512,""mode"":""measure"",""timer"":""Date.now"",""elapsed_ms"":3893,""elapsed_per_call_ms"":7.603515625,""extra_validation_calls"":0,""correctness"":""PASS""}",,
quickjs,Crypto,Encrypt,1,,1,6,6,0,true,2026-09-27T17:03:59.368760+00:00,,Date.now,135149600,0,c73b9c8626ff5488b879ff453a865c03adf87602c6d302855f1c6e0f91b57c92,"[""C:\\Users\\mzyx\\Desktop\\0921\\js-interpreter-bench\\engines\\quickjs-upstream\\qjs.exe"", ""C:\\Users\\mzyx\\Desktop\\0921\\js-interpreter-bench\\experiments\\octane_strict\\generated\\Crypto.Encrypt.js"", ""STRICT_CONFIG={\""N\"":1,\""mode\"":\""measure\"",\""timer\"":\""Date.now\""}""]","OCTANE_STRICT_RESULT:{""suite"":""Crypto"",""benchmark"":""Encrypt"",""N"":1,""mode"":""measure"",""timer"":""Date.now"",""elapsed_ms"":6,""elapsed_per_call_ms"":6,""extra_validation_calls"":0,""correctness"":""PASS""}",,
v8_ignition,Crypto,Encrypt,1,,1,5,5,0,true,2026-09-27T17:03:59.518508+00:00,--max-opt=0 --no-lazy,Date.now,138114100,0,c73b9c8626ff5488b879ff453a865c03adf87602c6d302855f1c6e0f91b57c92,"[""C:\\Users\\mzyx\\Desktop\\0921\\js-interpreter-bench\\engines\\v8-official-15.6.21\\runtime\\d8.exe"", ""--snapshot_blob=C:\\Users\\mzyx\\Desktop\\0921\\js-interpreter-bench\\engines\\v8-official-15.6.21\\runtime\\snapshot_blob.bin"", ""--max-opt=0"", ""--no-lazy"", ""C:\\Users\\mzyx\\Desktop\\0921\\js-interpreter-bench\\experiments\\octane_strict\\generated\\Crypto.Encrypt.js"", ""--"", ""STRICT_CONFIG={\""N\"":1,\""mode\"":\""measure\"",\""timer\"":\""Date.now\""}""]","OCTANE_STRICT_RESULT:{""suite"":""Crypto"",""benchmark"":""Encrypt"",""N"":1,""mode"":""measure"",""timer"":""Date.now"",""elapsed_ms"":5,""elapsed_per_call_ms"":5,""extra_validation_calls"":0,""correctness"":""PASS""}",,
v8_ignition,Crypto,Encrypt,2,,2,10,5,0,true,2026-09-27T17:03:59.679366+00:00,--max-opt=0 --no-lazy,Date.now,142980200,0,c73b9c8626ff5488b879ff453a865c03adf87602c6d302855f1c6e0f91b57c92,"[""C:\\Users\\mzyx\\Desktop\\0921\\js-interpreter-bench\\engines\\v8-official-15.6.21\\runtime\\d8.exe"", ""--snapshot_blob=C:\\Users\\mzyx\\Desktop\\0921\\js-interpreter-bench\\engines\\v8-official-15.6.21\\runtime\\snapshot_blob.bin"", ""--max-opt=0"", ""--no-lazy"", ""C:\\Users\\mzyx\\Desktop\\0921\\js-interpreter-bench\\experiments\\octane_strict\\generated\\Crypto.Encrypt.js"", ""--"", ""STRICT_CONFIG={\""N\"":2,\""mode\"":\""measure\"",\""timer\"":\""Date.now\""}""]","OCTANE_STRICT_RESULT:{""suite"":""Crypto"",""benchmark"":""Encrypt"",""N"":2,""mode"":""measure"",""timer"":""Date.now"",""elapsed_ms"":10,""elapsed_per_call_ms"":5,""extra_validation_calls"":0,""correctness"":""PASS""}",,
quickjs,Crypto,Encrypt,2,,2,11,5.5,0,true,2026-09-27T17:03:59.818870+00:00,,Date.now,128922000,0,c73b9c8626ff5488b879ff453a865c03adf87602c6d302855f1c6e0f91b57c92,"[""C:\\Users\\mzyx\\Desktop\\0921\\js-interpreter-bench\\engines\\quickjs-upstream\\qjs.exe"", ""C:\\Users\\mzyx\\Desktop\\0921\\js-interpreter-bench\\experiments\\octane_strict\\generated\\Crypto.Encrypt.js"", ""STRICT_CONFIG={\""N\"":2,\""mode\"":\""measure\"",\""timer\"":\""Date.now\""}""]","OCTANE_STRICT_RESULT:{""suite"":""Crypto"",""benchmark"":""Encrypt"",""N"":2,""mode"":""measure"",""timer"":""Date.now"",""elapsed_ms"":11,""elapsed_per_call_ms"":5.5,""extra_validation_calls"":0,""correctness"":""PASS""}",,
quickjs,Crypto,Encrypt,4,,4,22,5.5,0,true,2026-09-27T17:03:59.975794+00:00,,Date.now,137784100,0,c73b9c8626ff5488b879ff453a865c03adf87602c6d302855f1c6e0f91b57c92,"[""C:\\Users\\mzyx\\Desktop\\0921\\js-interpreter-bench\\engines\\quickjs-upstream\\qjs.exe"", ""C:\\Users\\mzyx\\Desktop\\0921\\js-interpreter-bench\\experiments\\octane_strict\\generated\\Crypto.Encrypt.js"", ""STRICT_CONFIG={\""N\"":4,\""mode\"":\""measure\"",\""timer\"":\""Date.now\""}""]","OCTANE_STRICT_RESULT:{""suite"":""Crypto"",""benchmark"":""Encrypt"",""N"":4,""mode"":""measure"",""timer"":""Date.now"",""elapsed_ms"":22,""elapsed_per_call_ms"":5.5,""extra_validation_calls"":0,""correctness"":""PASS""}",,
v8_ignition,Crypto,Encrypt,4,,4,19,4.75,0,true,2026-09-27T17:04:00.132531+00:00,--max-opt=0 --no-lazy,Date.now,145995600,0,c73b9c8626ff5488b879ff453a865c03adf87602c6d302855f1c6e0f91b57c92,"[""C:\\Users\\mzyx\\Desktop\\0921\\js-interpreter-bench\\engines\\v8-official-15.6.21\\runtime\\d8.exe"", ""--snapshot_blob=C:\\Users\\mzyx\\Desktop\\0921\\js-interpreter-bench\\engines\\v8-official-15.6.21\\runtime\\snapshot_blob.bin"", ""--max-opt=0"", ""--no-lazy"", ""C:\\Users\\mzyx\\Desktop\\0921\\js-interpreter-bench\\experiments\\octane_strict\\generated\\Crypto.Encrypt.js"", ""--"", ""STRICT_CONFIG={\""N\"":4,\""mode\"":\""measure\"",\""timer\"":\""Date.now\""}""]","OCTANE_STRICT_RESULT:{""suite"":""Crypto"",""benchmark"":""Encrypt"",""N"":4,""mode"":""measure"",""timer"":""Date.now"",""elapsed_ms"":19,""elapsed_per_call_ms"":4.75,""extra_validation_calls"":0,""correctness"":""PASS""}",,
v8_ignition,Crypto,Encrypt,8,,8,38,4.75,0,true,2026-09-27T17:04:00.318532+00:00,--max-opt=0 --no-lazy,Date.now,167131800,0,c73b9c8626ff5488b879ff453a865c03adf87602c6d302855f1c6e0f91b57c92,"[""C:\\Users\\mzyx\\Desktop\\0921\\js-interpreter-bench\\engines\\v8-official-15.6.21\\runtime\\d8.exe"", ""--snapshot_blob=C:\\Users\\mzyx\\Desktop\\0921\\js-interpreter-bench\\engines\\v8-official-15.6.21\\runtime\\snapshot_blob.bin"", ""--max-opt=0"", ""--no-lazy"", ""C:\\Users\\mzyx\\Desktop\\0921\\js-interpreter-bench\\experiments\\octane_strict\\generated\\Crypto.Encrypt.js"", ""--"", ""STRICT_CONFIG={\""N\"":8,\""mode\"":\""measure\"",\""timer\"":\""Date.now\""}""]","OCTANE_STRICT_RESULT:{""suite"":""Crypto"",""benchmark"":""Encrypt"",""N"":8,""mode"":""measure"",""timer"":""Date.now"",""elapsed_ms"":38,""elapsed_per_call_ms"":4.75,""extra_validation_calls"":0,""correctness"":""PASS""}",,
quickjs,Crypto,Encrypt,8,,8,44,5.5,0,true,2026-09-27T17:04:00.492803+00:00,,Date.now,162246900,0,c73b9c8626ff5488b879ff453a865c03adf87602c6d302855f1c6e0f91b57c92,"[""C:\\Users\\mzyx\\Desktop\\0921\\js-interpreter-bench\\engines\\quickjs-upstream\\qjs.exe"", ""C:\\Users\\mzyx\\Desktop\\0921\\js-interpreter-bench\\experiments\\octane_strict\\generated\\Crypto.Encrypt.js"", ""STRICT_CONFIG={\""N\"":8,\""mode\"":\""measure\"",\""timer\"":\""Date.now\""}""]","OCTANE_STRICT_RESULT:{""suite"":""Crypto"",""benchmark"":""Encrypt"",""N"":8,""mode"":""measure"",""timer"":""Date.now"",""elapsed_ms"":44,""elapsed_per_call_ms"":5.5,""extra_validation_calls"":0,""correctness"":""PASS""}",,
quickjs,Crypto,Encrypt,16,,16,91,5.6875,0,true,2026-09-27T17:04:00.718360+00:00,,Date.now,208403900,0,c73b9c8626ff5488b879ff453a865c03adf87602c6d302855f1c6e0f91b57c92,"[""C:\\Users\\mzyx\\Desktop\\0921\\js-interpreter-bench\\engines\\quickjs-upstream\\qjs.exe"", ""C:\\Users\\mzyx\\Desktop\\0921\\js-interpreter-bench\\experiments\\octane_strict\\generated\\Crypto.Encrypt.js"", ""STRICT_CONFIG={\""N\"":16,\""mode\"":\""measure\"",\""timer\"":\""Date.now\""}""]","OCTANE_STRICT_RESULT:{""suite"":""Crypto"",""benchmark"":""Encrypt"",""N"":16,""mode"":""measure"",""timer"":""Date.now"",""elapsed_ms"":91,""elapsed_per_call_ms"":5.6875,""extra_validation_calls"":0,""correctness"":""PASS""}",,
v8_ignition,Crypto,Encrypt,16,,16,76,4.75,0,true,2026-09-27T17:04:00.936831+00:00,--max-opt=0 --no-lazy,Date.now,206565100,0,c73b9c8626ff5488b879ff453a865c03adf87602c6d302855f1c6e0f91b57c92,"[""C:\\Users\\mzyx\\Desktop\\0921\\js-interpreter-bench\\engines\\v8-official-15.6.21\\runtime\\d8.exe"", ""--snapshot_blob=C:\\Users\\mzyx\\Desktop\\0921\\js-interpreter-bench\\engines\\v8-official-15.6.21\\runtime\\snapshot_blob.bin"", ""--max-opt=0"", ""--no-lazy"", ""C:\\Users\\mzyx\\Desktop\\0921\\js-interpreter-bench\\experiments\\octane_strict\\generated\\Crypto.Encrypt.js"", ""--"", ""STRICT_CONFIG={\""N\"":16,\""mode\"":\""measure\"",\""timer\"":\""Date.now\""}""]","OCTANE_STRICT_RESULT:{""suite"":""Crypto"",""benchmark"":""Encrypt"",""N"":16,""mode"":""measure"",""timer"":""Date.now"",""elapsed_ms"":76,""elapsed_per_call_ms"":4.75,""extra_validation_calls"":0,""correctness"":""PASS""}",,
v8_ignition,Crypto,Encrypt,32,,32,157,4.90625,0,true,2026-09-27T17:04:01.242111+00:00,--max-opt=0 --no-lazy,Date.now,286621000,0,c73b9c8626ff5488b879ff453a865c03adf87602c6d302855f1c6e0f91b57c92,"[""C:\\Users\\mzyx\\Desktop\\0921\\js-interpreter-bench\\engines\\v8-official-15.6.21\\runtime\\d8.exe"", ""--snapshot_blob=C:\\Users\\mzyx\\Desktop\\0921\\js-interpreter-bench\\engines\\v8-official-15.6.21\\runtime\\snapshot_blob.bin"", ""--max-opt=0"", ""--no-lazy"", ""C:\\Users\\mzyx\\Desktop\\0921\\js-interpreter-bench\\experiments\\octane_strict\\generated\\Crypto.Encrypt.js"", ""--"", ""STRICT_CONFIG={\""N\"":32,\""mode\"":\""measure\"",\""timer\"":\""Date.now\""}""]","OCTANE_STRICT_RESULT:{""suite"":""Crypto"",""benchmark"":""Encrypt"",""N"":32,""mode"":""measure"",""timer"":""Date.now"",""elapsed_ms"":157,""elapsed_per_call_ms"":4.90625,""extra_validation_calls"":0,""correctness"":""PASS""}",,
quickjs,Crypto,Encrypt,32,,32,174,5.4375,0,true,2026-09-27T17:04:01.544965+00:00,,Date.now,291851900,0,c73b9c8626ff5488b879ff453a865c03adf87602c6d302855f1c6e0f91b57c92,"[""C:\\Users\\mzyx\\Desktop\\0921\\js-interpreter-bench\\engines\\quickjs-upstream\\qjs.exe"", ""C:\\Users\\mzyx\\Desktop\\0921\\js-interpreter-bench\\experiments\\octane_strict\\generated\\Crypto.Encrypt.js"", ""STRICT_CONFIG={\""N\"":32,\""mode\"":\""measure\"",\""timer\"":\""Date.now\""}""]","OCTANE_STRICT_RESULT:{""suite"":""Crypto"",""benchmark"":""Encrypt"",""N"":32,""mode"":""measure"",""timer"":""Date.now"",""elapsed_ms"":174,""elapsed_per_call_ms"":5.4375,""extra_validation_calls"":0,""correctness"":""PASS""}",,
quickjs,Crypto,Encrypt,64,,64,343,5.359375,0,true,2026-09-27T17:04:02.025544+00:00,,Date.now,459778000,0,c73b9c8626ff5488b879ff453a865c03adf87602c6d302855f1c6e0f91b57c92,"[""C:\\Users\\mzyx\\Desktop\\0921\\js-interpreter-bench\\engines\\quickjs-upstream\\qjs.exe"", ""C:\\Users\\mzyx\\Desktop\\0921\\js-interpreter-bench\\experiments\\octane_strict\\generated\\Crypto.Encrypt.js"", ""STRICT_CONFIG={\""N\"":64,\""mode\"":\""measure\"",\""timer\"":\""Date.now\""}""]","OCTANE_STRICT_RESULT:{""suite"":""Crypto"",""benchmark"":""Encrypt"",""N"":64,""mode"":""measure"",""timer"":""Date.now"",""elapsed_ms"":343,""elapsed_per_call_ms"":5.359375,""extra_validation_calls"":0,""correctness"":""PASS""}",,
v8_ignition,Crypto,Encrypt,64,,64,309,4.828125,0,true,2026-09-27T17:04:02.470572+00:00,--max-opt=0 --no-lazy,Date.now,434128900,0,c73b9c8626ff5488b879ff453a865c03adf87602c6d302855f1c6e0f91b57c92,"[""C:\\Users\\mzyx\\Desktop\\0921\\js-interpreter-bench\\engines\\v8-official-15.6.21\\runtime\\d8.exe"", ""--snapshot_blob=C:\\Users\\mzyx\\Desktop\\0921\\js-interpreter-bench\\engines\\v8-official-15.6.21\\runtime\\snapshot_blob.bin"", ""--max-opt=0"", ""--no-lazy"", ""C:\\Users\\mzyx\\Desktop\\0921\\js-interpreter-bench\\experiments\\octane_strict\\generated\\Crypto.Encrypt.js"", ""--"", ""STRICT_CONFIG={\""N\"":64,\""mode\"":\""measure\"",\""timer\"":\""Date.now\""}""]","OCTANE_STRICT_RESULT:{""suite"":""Crypto"",""benchmark"":""Encrypt"",""N"":64,""mode"":""measure"",""timer"":""Date.now"",""elapsed_ms"":309,""elapsed_per_call_ms"":4.828125,""extra_validation_calls"":0,""correctness"":""PASS""}",,
v8_ignition,Crypto,Encrypt,128,,128,612,4.78125,0,true,2026-09-27T17:04:03.233024+00:00,--max-opt=0 --no-lazy,Date.now,743525300,0,c73b9c8626ff5488b879ff453a865c03adf87602c6d302855f1c6e0f91b57c92,"[""C:\\Users\\mzyx\\Desktop\\0921\\js-interpreter-bench\\engines\\v8-official-15.6.21\\runtime\\d8.exe"", ""--snapshot_blob=C:\\Users\\mzyx\\Desktop\\0921\\js-interpreter-bench\\engines\\v8-official-15.6.21\\runtime\\snapshot_blob.bin"", ""--max-opt=0"", ""--no-lazy"", ""C:\\Users\\mzyx\\Desktop\\0921\\js-interpreter-bench\\experiments\\octane_strict\\generated\\Crypto.Encrypt.js"", ""--"", ""STRICT_CONFIG={\""N\"":128,\""mode\"":\""measure\"",\""timer\"":\""Date.now\""}""]","OCTANE_STRICT_RESULT:{""suite"":""Crypto"",""benchmark"":""Encrypt"",""N"":128,""mode"":""measure"",""timer"":""Date.now"",""elapsed_ms"":612,""elapsed_per_call_ms"":4.78125,""extra_validation_calls"":0,""correctness"":""PASS""}",,
quickjs,Crypto,Encrypt,128,,128,697,5.4453125,0,true,2026-09-27T17:04:04.059094+00:00,,Date.now,814366500,0,c73b9c8626ff5488b879ff453a865c03adf87602c6d302855f1c6e0f91b57c92,"[""C:\\Users\\mzyx\\Desktop\\0921\\js-interpreter-bench\\engines\\quickjs-upstream\\qjs.exe"", ""C:\\Users\\mzyx\\Desktop\\0921\\js-interpreter-bench\\experiments\\octane_strict\\generated\\Crypto.Encrypt.js"", ""STRICT_CONFIG={\""N\"":128,\""mode\"":\""measure\"",\""timer\"":\""Date.now\""}""]","OCTANE_STRICT_RESULT:{""suite"":""Crypto"",""benchmark"":""Encrypt"",""N"":128,""mode"":""measure"",""timer"":""Date.now"",""elapsed_ms"":697,""elapsed_per_call_ms"":5.4453125,""extra_validation_calls"":0,""correctness"":""PASS""}",,
quickjs,Crypto,Encrypt,256,,256,1382,5.3984375,0,true,2026-09-27T17:04:05.572054+00:00,,Date.now,1495064900,0,c73b9c8626ff5488b879ff453a865c03adf87602c6d302855f1c6e0f91b57c92,"[""C:\\Users\\mzyx\\Desktop\\0921\\js-interpreter-bench\\engines\\quickjs-upstream\\qjs.exe"", ""C:\\Users\\mzyx\\Desktop\\0921\\js-interpreter-bench\\experiments\\octane_strict\\generated\\Crypto.Encrypt.js"", ""STRICT_CONFIG={\""N\"":256,\""mode\"":\""measure\"",\""timer\"":\""Date.now\""}""]","OCTANE_STRICT_RESULT:{""suite"":""Crypto"",""benchmark"":""Encrypt"",""N"":256,""mode"":""measure"",""timer"":""Date.now"",""elapsed_ms"":1382,""elapsed_per_call_ms"":5.3984375,""extra_validation_calls"":0,""correctness"":""PASS""}",,
v8_ignition,Crypto,Encrypt,256,,256,1230,4.8046875,0,true,2026-09-27T17:04:06.947443+00:00,--max-opt=0 --no-lazy,Date.now,1361980200,0,c73b9c8626ff5488b879ff453a865c03adf87602c6d302855f1c6e0f91b57c92,"[""C:\\Users\\mzyx\\Desktop\\0921\\js-interpreter-bench\\engines\\v8-official-15.6.21\\runtime\\d8.exe"", ""--snapshot_blob=C:\\Users\\mzyx\\Desktop\\0921\\js-interpreter-bench\\engines\\v8-official-15.6.21\\runtime\\snapshot_blob.bin"", ""--max-opt=0"", ""--no-lazy"", ""C:\\Users\\mzyx\\Desktop\\0921\\js-interpreter-bench\\experiments\\octane_strict\\generated\\Crypto.Encrypt.js"", ""--"", ""STRICT_CONFIG={\""N\"":256,\""mode\"":\""measure\"",\""timer\"":\""Date.now\""}""]","OCTANE_STRICT_RESULT:{""suite"":""Crypto"",""benchmark"":""Encrypt"",""N"":256,""mode"":""measure"",""timer"":""Date.now"",""elapsed_ms"":1230,""elapsed_per_call_ms"":4.8046875,""extra_validation_calls"":0,""correctness"":""PASS""}",,
quickjs,Crypto,Decrypt,1,,1,104,104,0,true,2026-09-27T17:04:07.089673+00:00,,Date.now,124357300,0,974b320858e72132edd4dd56da2f4582cbe4e99b10027c89dfa44b1ea1cd4591,"[""C:\\Users\\mzyx\\Desktop\\0921\\js-interpreter-bench\\engines\\quickjs-upstream\\qjs.exe"", ""C:\\Users\\mzyx\\Desktop\\0921\\js-interpreter-bench\\experiments\\octane_strict\\generated\\Crypto.Decrypt.js"", ""STRICT_CONFIG={\""N\"":1,\""mode\"":\""measure\"",\""timer\"":\""Date.now\""}""]","OCTANE_STRICT_RESULT:{""suite"":""Crypto"",""benchmark"":""Decrypt"",""N"":1,""mode"":""measure"",""timer"":""Date.now"",""elapsed_ms"":104,""elapsed_per_call_ms"":104,""extra_validation_calls"":0,""correctness"":""PASS""}",,
v8_ignition,Crypto,Decrypt,1,,1,90,90,0,true,2026-09-27T17:04:07.236821+00:00,--max-opt=0 --no-lazy,Date.now,134747800,0,974b320858e72132edd4dd56da2f4582cbe4e99b10027c89dfa44b1ea1cd4591,"[""C:\\Users\\mzyx\\Desktop\\0921\\js-interpreter-bench\\engines\\v8-official-15.6.21\\runtime\\d8.exe"", ""--snapshot_blob=C:\\Users\\mzyx\\Desktop\\0921\\js-interpreter-bench\\engines\\v8-official-15.6.21\\runtime\\snapshot_blob.bin"", ""--max-opt=0"", ""--no-lazy"", ""C:\\Users\\mzyx\\Desktop\\0921\\js-interpreter-bench\\experiments\\octane_strict\\generated\\Crypto.Decrypt.js"", ""--"", ""STRICT_CONFIG={\""N\"":1,\""mode\"":\""measure\"",\""timer\"":\""Date.now\""}""]","OCTANE_STRICT_RESULT:{""suite"":""Crypto"",""benchmark"":""Decrypt"",""N"":1,""mode"":""measure"",""timer"":""Date.now"",""elapsed_ms"":90,""elapsed_per_call_ms"":90,""extra_validation_calls"":0,""correctness"":""PASS""}",,
v8_ignition,Crypto,Decrypt,2,,2,175,87.5,0,true,2026-09-27T17:04:07.475525+00:00,--max-opt=0 --no-lazy,Date.now,220115200,0,974b320858e72132edd4dd56da2f4582cbe4e99b10027c89dfa44b1ea1cd4591,"[""C:\\Users\\mzyx\\Desktop\\0921\\js-interpreter-bench\\engines\\v8-official-15.6.21\\runtime\\d8.exe"", ""--snapshot_blob=C:\\Users\\mzyx\\Desktop\\0921\\js-interpreter-bench\\engines\\v8-official-15.6.21\\runtime\\snapshot_blob.bin"", ""--max-opt=0"", ""--no-lazy"", ""C:\\Users\\mzyx\\Desktop\\0921\\js-interpreter-bench\\experiments\\octane_strict\\generated\\Crypto.Decrypt.js"", ""--"", ""STRICT_CONFIG={\""N\"":2,\""mode\"":\""measure\"",\""timer\"":\""Date.now\""}""]","OCTANE_STRICT_RESULT:{""suite"":""Crypto"",""benchmark"":""Decrypt"",""N"":2,""mode"":""measure"",""timer"":""Date.now"",""elapsed_ms"":175,""elapsed_per_call_ms"":87.5,""extra_validation_calls"":0,""correctness"":""PASS""}",,
quickjs,Crypto,Decrypt,2,,2,205,102.5,0,true,2026-09-27T17:04:07.714729+00:00,,Date.now,225744300,0,974b320858e72132edd4dd56da2f4582cbe4e99b10027c89dfa44b1ea1cd4591,"[""C:\\Users\\mzyx\\Desktop\\0921\\js-interpreter-bench\\engines\\quickjs-upstream\\qjs.exe"", ""C:\\Users\\mzyx\\Desktop\\0921\\js-interpreter-bench\\experiments\\octane_strict\\generated\\Crypto.Decrypt.js"", ""STRICT_CONFIG={\""N\"":2,\""mode\"":\""measure\"",\""timer\"":\""Date.now\""}""]","OCTANE_STRICT_RESULT:{""suite"":""Crypto"",""benchmark"":""Decrypt"",""N"":2,""mode"":""measure"",""timer"":""Date.now"",""elapsed_ms"":205,""elapsed_per_call_ms"":102.5,""extra_validation_calls"":0,""correctness"":""PASS""}",,
quickjs,Crypto,Decrypt,4,,4,402,100.5,0,true,2026-09-27T17:04:08.158619+00:00,,Date.now,420887700,0,974b320858e72132edd4dd56da2f4582cbe4e99b10027c89dfa44b1ea1cd4591,"[""C:\\Users\\mzyx\\Desktop\\0921\\js-interpreter-bench\\engines\\quickjs-upstream\\qjs.exe"", ""C:\\Users\\mzyx\\Desktop\\0921\\js-interpreter-bench\\experiments\\octane_strict\\generated\\Crypto.Decrypt.js"", ""STRICT_CONFIG={\""N\"":4,\""mode\"":\""measure\"",\""timer\"":\""Date.now\""}""]","OCTANE_STRICT_RESULT:{""suite"":""Crypto"",""benchmark"":""Decrypt"",""N"":4,""mode"":""measure"",""timer"":""Date.now"",""elapsed_ms"":402,""elapsed_per_call_ms"":100.5,""extra_validation_calls"":0,""correctness"":""PASS""}",,
v8_ignition,Crypto,Decrypt,4,,4,359,89.75,0,true,2026-09-27T17:04:08.574682+00:00,--max-opt=0 --no-lazy,Date.now,404748900,0,974b320858e72132edd4dd56da2f4582cbe4e99b10027c89dfa44b1ea1cd4591,"[""C:\\Users\\mzyx\\Desktop\\0921\\js-interpreter-bench\\engines\\v8-official-15.6.21\\runtime\\d8.exe"", ""--snapshot_blob=C:\\Users\\mzyx\\Desktop\\0921\\js-interpreter-bench\\engines\\v8-official-15.6.21\\runtime\\snapshot_blob.bin"", ""--max-opt=0"", ""--no-lazy"", ""C:\\Users\\mzyx\\Desktop\\0921\\js-interpreter-bench\\experiments\\octane_strict\\generated\\Crypto.Decrypt.js"", ""--"", ""STRICT_CONFIG={\""N\"":4,\""mode\"":\""measure\"",\""timer\"":\""Date.now\""}""]","OCTANE_STRICT_RESULT:{""suite"":""Crypto"",""benchmark"":""Decrypt"",""N"":4,""mode"":""measure"",""timer"":""Date.now"",""elapsed_ms"":359,""elapsed_per_call_ms"":89.75,""extra_validation_calls"":0,""correctness"":""PASS""}",,
v8_ignition,Crypto,Decrypt,8,,8,716,89.5,0,true,2026-09-27T17:04:09.356781+00:00,--max-opt=0 --no-lazy,Date.now,761955000,0,974b320858e72132edd4dd56da2f4582cbe4e99b10027c89dfa44b1ea1cd4591,"[""C:\\Users\\mzyx\\Desktop\\0921\\js-interpreter-bench\\engines\\v8-official-15.6.21\\runtime\\d8.exe"", ""--snapshot_blob=C:\\Users\\mzyx\\Desktop\\0921\\js-interpreter-bench\\engines\\v8-official-15.6.21\\runtime\\snapshot_blob.bin"", ""--max-opt=0"", ""--no-lazy"", ""C:\\Users\\mzyx\\Desktop\\0921\\js-interpreter-bench\\experiments\\octane_strict\\generated\\Crypto.Decrypt.js"", ""--"", ""STRICT_CONFIG={\""N\"":8,\""mode\"":\""measure\"",\""timer\"":\""Date.now\""}""]","OCTANE_STRICT_RESULT:{""suite"":""Crypto"",""benchmark"":""Decrypt"",""N"":8,""mode"":""measure"",""timer"":""Date.now"",""elapsed_ms"":716,""elapsed_per_call_ms"":89.5,""extra_validation_calls"":0,""correctness"":""PASS""}",,
quickjs,Crypto,Decrypt,8,,8,813,101.625,0,true,2026-09-27T17:04:10.202095+00:00,,Date.now,833962200,0,974b320858e72132edd4dd56da2f4582cbe4e99b10027c89dfa44b1ea1cd4591,"[""C:\\Users\\mzyx\\Desktop\\0921\\js-interpreter-bench\\engines\\quickjs-upstream\\qjs.exe"", ""C:\\Users\\mzyx\\Desktop\\0921\\js-interpreter-bench\\experiments\\octane_strict\\generated\\Crypto.Decrypt.js"", ""STRICT_CONFIG={\""N\"":8,\""mode\"":\""measure\"",\""timer\"":\""Date.now\""}""]","OCTANE_STRICT_RESULT:{""suite"":""Crypto"",""benchmark"":""Decrypt"",""N"":8,""mode"":""measure"",""timer"":""Date.now"",""elapsed_ms"":813,""elapsed_per_call_ms"":101.625,""extra_validation_calls"":0,""correctness"":""PASS""}",,
quickjs,Crypto,Decrypt,16,,16,1599,99.9375,0,true,2026-09-27T17:04:11.845168+00:00,,Date.now,1619401200,0,974b320858e72132edd4dd56da2f4582cbe4e99b10027c89dfa44b1ea1cd4591,"[""C:\\Users\\mzyx\\Desktop\\0921\\js-interpreter-bench\\engines\\quickjs-upstream\\qjs.exe"", ""C:\\Users\\mzyx\\Desktop\\0921\\js-interpreter-bench\\experiments\\octane_strict\\generated\\Crypto.Decrypt.js"", ""STRICT_CONFIG={\""N\"":16,\""mode\"":\""measure\"",\""timer\"":\""Date.now\""}""]","OCTANE_STRICT_RESULT:{""suite"":""Crypto"",""benchmark"":""Decrypt"",""N"":16,""mode"":""measure"",""timer"":""Date.now"",""elapsed_ms"":1599,""elapsed_per_call_ms"":99.9375,""extra_validation_calls"":0,""correctness"":""PASS""}",,
v8_ignition,Crypto,Decrypt,16,,16,1403,87.6875,0,true,2026-09-27T17:04:13.313719+00:00,--max-opt=0 --no-lazy,Date.now,1450635500,0,974b320858e72132edd4dd56da2f4582cbe4e99b10027c89dfa44b1ea1cd4591,"[""C:\\Users\\mzyx\\Desktop\\0921\\js-interpreter-bench\\engines\\v8-official-15.6.21\\runtime\\d8.exe"", ""--snapshot_blob=C:\\Users\\mzyx\\Desktop\\0921\\js-interpreter-bench\\engines\\v8-official-15.6.21\\runtime\\snapshot_blob.bin"", ""--max-opt=0"", ""--no-lazy"", ""C:\\Users\\mzyx\\Desktop\\0921\\js-interpreter-bench\\experiments\\octane_strict\\generated\\Crypto.Decrypt.js"", ""--"", ""STRICT_CONFIG={\""N\"":16,\""mode\"":\""measure\"",\""timer\"":\""Date.now\""}""]","OCTANE_STRICT_RESULT:{""suite"":""Crypto"",""benchmark"":""Decrypt"",""N"":16,""mode"":""measure"",""timer"":""Date.now"",""elapsed_ms"":1403,""elapsed_per_call_ms"":87.6875,""extra_validation_calls"":0,""correctness"":""PASS""}",,
quickjs,RayTrace,RayTrace,1,,1,40,40,0,true,2026-09-27T17:04:13.386639+00:00,,Date.now,54597000,0,fb0af35ee1cbd7396c6b23184a123f87ce6f9d1d8e29a2dcbc3bf86a98f3ae33,"[""C:\\Users\\mzyx\\Desktop\\0921\\js-interpreter-bench\\engines\\quickjs-upstream\\qjs.exe"", ""C:\\Users\\mzyx\\Desktop\\0921\\js-interpreter-bench\\experiments\\octane_strict\\generated\\RayTrace.RayTrace.js"", ""STRICT_CONFIG={\""N\"":1,\""mode\"":\""measure\"",\""timer\"":\""Date.now\""}""]","OCTANE_STRICT_RESULT:{""suite"":""RayTrace"",""benchmark"":""RayTrace"",""N"":1,""mode"":""measure"",""timer"":""Date.now"",""elapsed_ms"":40,""elapsed_per_call_ms"":40,""extra_validation_calls"":0,""correctness"":""PASS""}",,
v8_ignition,RayTrace,RayTrace,1,,1,18,18,0,true,2026-09-27T17:04:13.455115+00:00,--max-opt=0 --no-lazy,Date.now,58180600,0,fb0af35ee1cbd7396c6b23184a123f87ce6f9d1d8e29a2dcbc3bf86a98f3ae33,"[""C:\\Users\\mzyx\\Desktop\\0921\\js-interpreter-bench\\engines\\v8-official-15.6.21\\runtime\\d8.exe"", ""--snapshot_blob=C:\\Users\\mzyx\\Desktop\\0921\\js-interpreter-bench\\engines\\v8-official-15.6.21\\runtime\\snapshot_blob.bin"", ""--max-opt=0"", ""--no-lazy"", ""C:\\Users\\mzyx\\Desktop\\0921\\js-interpreter-bench\\experiments\\octane_strict\\generated\\RayTrace.RayTrace.js"", ""--"", ""STRICT_CONFIG={\""N\"":1,\""mode\"":\""measure\"",\""timer\"":\""Date.now\""}""]","OCTANE_STRICT_RESULT:{""suite"":""RayTrace"",""benchmark"":""RayTrace"",""N"":1,""mode"":""measure"",""timer"":""Date.now"",""elapsed_ms"":18,""elapsed_per_call_ms"":18,""extra_validation_calls"":0,""correctness"":""PASS""}",,
v8_ignition,RayTrace,RayTrace,2,,2,35,17.5,0,true,2026-09-27T17:04:13.546160+00:00,--max-opt=0 --no-lazy,Date.now,73242700,0,fb0af35ee1cbd7396c6b23184a123f87ce6f9d1d8e29a2dcbc3bf86a98f3ae33,"[""C:\\Users\\mzyx\\Desktop\\0921\\js-interpreter-bench\\engines\\v8-official-15.6.21\\runtime\\d8.exe"", ""--snapshot_blob=C:\\Users\\mzyx\\Desktop\\0921\\js-interpreter-bench\\engines\\v8-official-15.6.21\\runtime\\snapshot_blob.bin"", ""--max-opt=0"", ""--no-lazy"", ""C:\\Users\\mzyx\\Desktop\\0921\\js-interpreter-bench\\experiments\\octane_strict\\generated\\RayTrace.RayTrace.js"", ""--"", ""STRICT_CONFIG={\""N\"":2,\""mode\"":\""measure\"",\""timer\"":\""Date.now\""}""]","OCTANE_STRICT_RESULT:{""suite"":""RayTrace"",""benchmark"":""RayTrace"",""N"":2,""mode"":""measure"",""timer"":""Date.now"",""elapsed_ms"":35,""elapsed_per_call_ms"":17.5,""extra_validation_calls"":0,""correctness"":""PASS""}",,
quickjs,RayTrace,RayTrace,2,,2,81,40.5,0,true,2026-09-27T17:04:13.654092+00:00,,Date.now,95132800,0,fb0af35ee1cbd7396c6b23184a123f87ce6f9d1d8e29a2dcbc3bf86a98f3ae33,"[""C:\\Users\\mzyx\\Desktop\\0921\\js-interpreter-bench\\engines\\quickjs-upstream\\qjs.exe"", ""C:\\Users\\mzyx\\Desktop\\0921\\js-interpreter-bench\\experiments\\octane_strict\\generated\\RayTrace.RayTrace.js"", ""STRICT_CONFIG={\""N\"":2,\""mode\"":\""measure\"",\""timer\"":\""Date.now\""}""]","OCTANE_STRICT_RESULT:{""suite"":""RayTrace"",""benchmark"":""RayTrace"",""N"":2,""mode"":""measure"",""timer"":""Date.now"",""elapsed_ms"":81,""elapsed_per_call_ms"":40.5,""extra_validation_calls"":0,""correctness"":""PASS""}",,
quickjs,RayTrace,RayTrace,4,,4,160,40,0,true,2026-09-27T17:04:13.845761+00:00,,Date.now,174079800,0,fb0af35ee1cbd7396c6b23184a123f87ce6f9d1d8e29a2dcbc3bf86a98f3ae33,"[""C:\\Users\\mzyx\\Desktop\\0921\\js-interpreter-bench\\engines\\quickjs-upstream\\qjs.exe"", ""C:\\Users\\mzyx\\Desktop\\0921\\js-interpreter-bench\\experiments\\octane_strict\\generated\\RayTrace.RayTrace.js"", ""STRICT_CONFIG={\""N\"":4,\""mode\"":\""measure\"",\""timer\"":\""Date.now\""}""]","OCTANE_STRICT_RESULT:{""suite"":""RayTrace"",""benchmark"":""RayTrace"",""N"":4,""mode"":""measure"",""timer"":""Date.now"",""elapsed_ms"":160,""elapsed_per_call_ms"":40,""extra_validation_calls"":0,""correctness"":""PASS""}",,
v8_ignition,RayTrace,RayTrace,4,,4,69,17.25,0,true,2026-09-27T17:04:13.965185+00:00,--max-opt=0 --no-lazy,Date.now,109357900,0,fb0af35ee1cbd7396c6b23184a123f87ce6f9d1d8e29a2dcbc3bf86a98f3ae33,"[""C:\\Users\\mzyx\\Desktop\\0921\\js-interpreter-bench\\engines\\v8-official-15.6.21\\runtime\\d8.exe"", ""--snapshot_blob=C:\\Users\\mzyx\\Desktop\\0921\\js-interpreter-bench\\engines\\v8-official-15.6.21\\runtime\\snapshot_blob.bin"", ""--max-opt=0"", ""--no-lazy"", ""C:\\Users\\mzyx\\Desktop\\0921\\js-interpreter-bench\\experiments\\octane_strict\\generated\\RayTrace.RayTrace.js"", ""--"", ""STRICT_CONFIG={\""N\"":4,\""mode\"":\""measure\"",\""timer\"":\""Date.now\""}""]","OCTANE_STRICT_RESULT:{""suite"":""RayTrace"",""benchmark"":""RayTrace"",""N"":4,""mode"":""measure"",""timer"":""Date.now"",""elapsed_ms"":69,""elapsed_per_call_ms"":17.25,""extra_validation_calls"":0,""correctness"":""PASS""}",,
v8_ignition,RayTrace,RayTrace,8,,8,138,17.25,0,true,2026-09-27T17:04:14.162401+00:00,--max-opt=0 --no-lazy,Date.now,177150700,0,fb0af35ee1cbd7396c6b23184a123f87ce6f9d1d8e29a2dcbc3bf86a98f3ae33,"[""C:\\Users\\mzyx\\Desktop\\0921\\js-interpreter-bench\\engines\\v8-official-15.6.21\\runtime\\d8.exe"", ""--snapshot_blob=C:\\Users\\mzyx\\Desktop\\0921\\js-interpreter-bench\\engines\\v8-official-15.6.21\\runtime\\snapshot_blob.bin"", ""--max-opt=0"", ""--no-lazy"", ""C:\\Users\\mzyx\\Desktop\\0921\\js-interpreter-bench\\experiments\\octane_strict\\generated\\RayTrace.RayTrace.js"", ""--"", ""STRICT_CONFIG={\""N\"":8,\""mode\"":\""measure\"",\""timer\"":\""Date.now\""}""]","OCTANE_STRICT_RESULT:{""suite"":""RayTrace"",""benchmark"":""RayTrace"",""N"":8,""mode"":""measure"",""timer"":""Date.now"",""elapsed_ms"":138,""elapsed_per_call_ms"":17.25,""extra_validation_calls"":0,""correctness"":""PASS""}",,
quickjs,RayTrace,RayTrace,8,,8,315,39.375,0,true,2026-09-27T17:04:14.500778+00:00,,Date.now,328056700,0,fb0af35ee1cbd7396c6b23184a123f87ce6f9d1d8e29a2dcbc3bf86a98f3ae33,"[""C:\\Users\\mzyx\\Desktop\\0921\\js-interpreter-bench\\engines\\quickjs-upstream\\qjs.exe"", ""C:\\Users\\mzyx\\Desktop\\0921\\js-interpreter-bench\\experiments\\octane_strict\\generated\\RayTrace.RayTrace.js"", ""STRICT_CONFIG={\""N\"":8,\""mode\"":\""measure\"",\""timer\"":\""Date.now\""}""]","OCTANE_STRICT_RESULT:{""suite"":""RayTrace"",""benchmark"":""RayTrace"",""N"":8,""mode"":""measure"",""timer"":""Date.now"",""elapsed_ms"":315,""elapsed_per_call_ms"":39.375,""extra_validation_calls"":0,""correctness"":""PASS""}",,
quickjs,RayTrace,RayTrace,16,,16,630,39.375,0,true,2026-09-27T17:04:15.162554+00:00,,Date.now,642923300,0,fb0af35ee1cbd7396c6b23184a123f87ce6f9d1d8e29a2dcbc3bf86a98f3ae33,"[""C:\\Users\\mzyx\\Desktop\\0921\\js-interpreter-bench\\engines\\quickjs-upstream\\qjs.exe"", ""C:\\Users\\mzyx\\Desktop\\0921\\js-interpreter-bench\\experiments\\octane_strict\\generated\\RayTrace.RayTrace.js"", ""STRICT_CONFIG={\""N\"":16,\""mode\"":\""measure\"",\""timer\"":\""Date.now\""}""]","OCTANE_STRICT_RESULT:{""suite"":""RayTrace"",""benchmark"":""RayTrace"",""N"":16,""mode"":""measure"",""timer"":""Date.now"",""elapsed_ms"":630,""elapsed_per_call_ms"":39.375,""extra_validation_calls"":0,""correctness"":""PASS""}",,
v8_ignition,RayTrace,RayTrace,16,,16,268,16.75,0,true,2026-09-27T17:04:15.485742+00:00,--max-opt=0 --no-lazy,Date.now,307919100,0,fb0af35ee1cbd7396c6b23184a123f87ce6f9d1d8e29a2dcbc3bf86a98f3ae33,"[""C:\\Users\\mzyx\\Desktop\\0921\\js-interpreter-bench\\engines\\v8-official-15.6.21\\runtime\\d8.exe"", ""--snapshot_blob=C:\\Users\\mzyx\\Desktop\\0921\\js-interpreter-bench\\engines\\v8-official-15.6.21\\runtime\\snapshot_blob.bin"", ""--max-opt=0"", ""--no-lazy"", ""C:\\Users\\mzyx\\Desktop\\0921\\js-interpreter-bench\\experiments\\octane_strict\\generated\\RayTrace.RayTrace.js"", ""--"", ""STRICT_CONFIG={\""N\"":16,\""mode\"":\""measure\"",\""timer\"":\""Date.now\""}""]","OCTANE_STRICT_RESULT:{""suite"":""RayTrace"",""benchmark"":""RayTrace"",""N"":16,""mode"":""measure"",""timer"":""Date.now"",""elapsed_ms"":268,""elapsed_per_call_ms"":16.75,""extra_validation_calls"":0,""correctness"":""PASS""}",,
v8_ignition,RayTrace,RayTrace,32,,32,563,17.59375,0,true,2026-09-27T17:04:16.107778+00:00,--max-opt=0 --no-lazy,Date.now,602340300,0,fb0af35ee1cbd7396c6b23184a123f87ce6f9d1d8e29a2dcbc3bf86a98f3ae33,"[""C:\\Users\\mzyx\\Desktop\\0921\\js-interpreter-bench\\engines\\v8-official-15.6.21\\runtime\\d8.exe"", ""--snapshot_blob=C:\\Users\\mzyx\\Desktop\\0921\\js-interpreter-bench\\engines\\v8-official-15.6.21\\runtime\\snapshot_blob.bin"", ""--max-opt=0"", ""--no-lazy"", ""C:\\Users\\mzyx\\Desktop\\0921\\js-interpreter-bench\\experiments\\octane_strict\\generated\\RayTrace.RayTrace.js"", ""--"", ""STRICT_CONFIG={\""N\"":32,\""mode\"":\""measure\"",\""timer\"":\""Date.now\""}""]","OCTANE_STRICT_RESULT:{""suite"":""RayTrace"",""benchmark"":""RayTrace"",""N"":32,""mode"":""measure"",""timer"":""Date.now"",""elapsed_ms"":563,""elapsed_per_call_ms"":17.59375,""extra_validation_calls"":0,""correctness"":""PASS""}",,
quickjs,RayTrace,RayTrace,32,,32,1254,39.1875,0,true,2026-09-27T17:04:17.384862+00:00,,Date.now,1267244500,0,fb0af35ee1cbd7396c6b23184a123f87ce6f9d1d8e29a2dcbc3bf86a98f3ae33,"[""C:\\Users\\mzyx\\Desktop\\0921\\js-interpreter-bench\\engines\\quickjs-upstream\\qjs.exe"", ""C:\\Users\\mzyx\\Desktop\\0921\\js-interpreter-bench\\experiments\\octane_strict\\generated\\RayTrace.RayTrace.js"", ""STRICT_CONFIG={\""N\"":32,\""mode\"":\""measure\"",\""timer\"":\""Date.now\""}""]","OCTANE_STRICT_RESULT:{""suite"":""RayTrace"",""benchmark"":""RayTrace"",""N"":32,""mode"":""measure"",""timer"":""Date.now"",""elapsed_ms"":1254,""elapsed_per_call_ms"":39.1875,""extra_validation_calls"":0,""correctness"":""PASS""}",,
quickjs,RayTrace,RayTrace,64,,64,2554,39.90625,0,true,2026-09-27T17:04:19.971798+00:00,,Date.now,2567485400,0,fb0af35ee1cbd7396c6b23184a123f87ce6f9d1d8e29a2dcbc3bf86a98f3ae33,"[""C:\\Users\\mzyx\\Desktop\\0921\\js-interpreter-bench\\engines\\quickjs-upstream\\qjs.exe"", ""C:\\Users\\mzyx\\Desktop\\0921\\js-interpreter-bench\\experiments\\octane_strict\\generated\\RayTrace.RayTrace.js"", ""STRICT_CONFIG={\""N\"":64,\""mode\"":\""measure\"",\""timer\"":\""Date.now\""}""]","OCTANE_STRICT_RESULT:{""suite"":""RayTrace"",""benchmark"":""RayTrace"",""N"":64,""mode"":""measure"",""timer"":""Date.now"",""elapsed_ms"":2554,""elapsed_per_call_ms"":39.90625,""extra_validation_calls"":0,""correctness"":""PASS""}",,
v8_ignition,RayTrace,RayTrace,64,,64,1062,16.59375,0,true,2026-09-27T17:04:21.089721+00:00,--max-opt=0 --no-lazy,Date.now,1101748000,0,fb0af35ee1cbd7396c6b23184a123f87ce6f9d1d8e29a2dcbc3bf86a98f3ae33,"[""C:\\Users\\mzyx\\Desktop\\0921\\js-interpreter-bench\\engines\\v8-official-15.6.21\\runtime\\d8.exe"", ""--snapshot_blob=C:\\Users\\mzyx\\Desktop\\0921\\js-interpreter-bench\\engines\\v8-official-15.6.21\\runtime\\snapshot_blob.bin"", ""--max-opt=0"", ""--no-lazy"", ""C:\\Users\\mzyx\\Desktop\\0921\\js-interpreter-bench\\experiments\\octane_strict\\generated\\RayTrace.RayTrace.js"", ""--"", ""STRICT_CONFIG={\""N\"":64,\""mode\"":\""measure\"",\""timer\"":\""Date.now\""}""]","OCTANE_STRICT_RESULT:{""suite"":""RayTrace"",""benchmark"":""RayTrace"",""N"":64,""mode"":""measure"",""timer"":""Date.now"",""elapsed_ms"":1062,""elapsed_per_call_ms"":16.59375,""extra_validation_calls"":0,""correctness"":""PASS""}",,
quickjs,EarleyBoyer,Earley,1,,1,8,8,0,true,2026-09-27T17:04:21.142646+00:00,,Date.now,31486600,0,c3ef3fbdd43f0dd5865a1652fa447c774869e86efba25ad910dffdea953f80a2,"[""C:\\Users\\mzyx\\Desktop\\0921\\js-interpreter-bench\\engines\\quickjs-upstream\\qjs.exe"", ""C:\\Users\\mzyx\\Desktop\\0921\\js-interpreter-bench\\experiments\\octane_strict\\generated\\EarleyBoyer.Earley.js"", ""STRICT_CONFIG={\""N\"":1,\""mode\"":\""measure\"",\""timer\"":\""Date.now\""}""]","OCTANE_STRICT_RESULT:{""suite"":""EarleyBoyer"",""benchmark"":""Earley"",""N"":1,""mode"":""measure"",""timer"":""Date.now"",""elapsed_ms"":8,""elapsed_per_call_ms"":8,""extra_validation_calls"":0,""correctness"":""PASS""}",,
v8_ignition,EarleyBoyer,Earley,1,,1,2,2,0,true,2026-09-27T17:04:21.204415+00:00,--max-opt=0 --no-lazy,Date.now,48899800,0,c3ef3fbdd43f0dd5865a1652fa447c774869e86efba25ad910dffdea953f80a2,"[""C:\\Users\\mzyx\\Desktop\\0921\\js-interpreter-bench\\engines\\v8-official-15.6.21\\runtime\\d8.exe"", ""--snapshot_blob=C:\\Users\\mzyx\\Desktop\\0921\\js-interpreter-bench\\engines\\v8-official-15.6.21\\runtime\\snapshot_blob.bin"", ""--max-opt=0"", ""--no-lazy"", ""C:\\Users\\mzyx\\Desktop\\0921\\js-interpreter-bench\\experiments\\octane_strict\\generated\\EarleyBoyer.Earley.js"", ""--"", ""STRICT_CONFIG={\""N\"":1,\""mode\"":\""measure\"",\""timer\"":\""Date.now\""}""]","OCTANE_STRICT_RESULT:{""suite"":""EarleyBoyer"",""benchmark"":""Earley"",""N"":1,""mode"":""measure"",""timer"":""Date.now"",""elapsed_ms"":2,""elapsed_per_call_ms"":2,""extra_validation_calls"":0,""correctness"":""PASS""}",,
v8_ignition,EarleyBoyer,Earley,2,,2,5,2.5,0,true,2026-09-27T17:04:21.271937+00:00,--max-opt=0 --no-lazy,Date.now,48065700,0,c3ef3fbdd43f0dd5865a1652fa447c774869e86efba25ad910dffdea953f80a2,"[""C:\\Users\\mzyx\\Desktop\\0921\\js-interpreter-bench\\engines\\v8-official-15.6.21\\runtime\\d8.exe"", ""--snapshot_blob=C:\\Users\\mzyx\\Desktop\\0921\\js-interpreter-bench\\engines\\v8-official-15.6.21\\runtime\\snapshot_blob.bin"", ""--max-opt=0"", ""--no-lazy"", ""C:\\Users\\mzyx\\Desktop\\0921\\js-interpreter-bench\\experiments\\octane_strict\\generated\\EarleyBoyer.Earley.js"", ""--"", ""STRICT_CONFIG={\""N\"":2,\""mode\"":\""measure\"",\""timer\"":\""Date.now\""}""]","OCTANE_STRICT_RESULT:{""suite"":""EarleyBoyer"",""benchmark"":""Earley"",""N"":2,""mode"":""measure"",""timer"":""Date.now"",""elapsed_ms"":5,""elapsed_per_call_ms"":2.5,""extra_validation_calls"":0,""correctness"":""PASS""}",,
quickjs,EarleyBoyer,Earley,2,,2,15,7.5,0,true,2026-09-27T17:04:21.321391+00:00,,Date.now,36806200,0,c3ef3fbdd43f0dd5865a1652fa447c774869e86efba25ad910dffdea953f80a2,"[""C:\\Users\\mzyx\\Desktop\\0921\\js-interpreter-bench\\engines\\quickjs-upstream\\qjs.exe"", ""C:\\Users\\mzyx\\Desktop\\0921\\js-interpreter-bench\\experiments\\octane_strict\\generated\\EarleyBoyer.Earley.js"", ""STRICT_CONFIG={\""N\"":2,\""mode\"":\""measure\"",\""timer\"":\""Date.now\""}""]","OCTANE_STRICT_RESULT:{""suite"":""EarleyBoyer"",""benchmark"":""Earley"",""N"":2,""mode"":""measure"",""timer"":""Date.now"",""elapsed_ms"":15,""elapsed_per_call_ms"":7.5,""extra_validation_calls"":0,""correctness"":""PASS""}",,
quickjs,EarleyBoyer,Earley,4,,4,40,10,0,true,2026-09-27T17:04:21.402436+00:00,,Date.now,62242700,0,c3ef3fbdd43f0dd5865a1652fa447c774869e86efba25ad910dffdea953f80a2,"[""C:\\Users\\mzyx\\Desktop\\0921\\js-interpreter-bench\\engines\\quickjs-upstream\\qjs.exe"", ""C:\\Users\\mzyx\\Desktop\\0921\\js-interpreter-bench\\experiments\\octane_strict\\generated\\EarleyBoyer.Earley.js"", ""STRICT_CONFIG={\""N\"":4,\""mode\"":\""measure\"",\""timer\"":\""Date.now\""}""]","OCTANE_STRICT_RESULT:{""suite"":""EarleyBoyer"",""benchmark"":""Earley"",""N"":4,""mode"":""measure"",""timer"":""Date.now"",""elapsed_ms"":40,""elapsed_per_call_ms"":10,""extra_validation_calls"":0,""correctness"":""PASS""}",,
v8_ignition,EarleyBoyer,Earley,4,,4,10,2.5,0,true,2026-09-27T17:04:21.465868+00:00,--max-opt=0 --no-lazy,Date.now,51895600,0,c3ef3fbdd43f0dd5865a1652fa447c774869e86efba25ad910dffdea953f80a2,"[""C:\\Users\\mzyx\\Desktop\\0921\\js-interpreter-bench\\engines\\v8-official-15.6.21\\runtime\\d8.exe"", ""--snapshot_blob=C:\\Users\\mzyx\\Desktop\\0921\\js-interpreter-bench\\engines\\v8-official-15.6.21\\runtime\\snapshot_blob.bin"", ""--max-opt=0"", ""--no-lazy"", ""C:\\Users\\mzyx\\Desktop\\0921\\js-interpreter-bench\\experiments\\octane_strict\\generated\\EarleyBoyer.Earley.js"", ""--"", ""STRICT_CONFIG={\""N\"":4,\""mode\"":\""measure\"",\""timer\"":\""Date.now\""}""]","OCTANE_STRICT_RESULT:{""suite"":""EarleyBoyer"",""benchmark"":""Earley"",""N"":4,""mode"":""measure"",""timer"":""Date.now"",""elapsed_ms"":10,""elapsed_per_call_ms"":2.5,""extra_validation_calls"":0,""correctness"":""PASS""}",,
v8_ignition,EarleyBoyer,Earley,8,,8,19,2.375,0,true,2026-09-27T17:04:21.549658+00:00,--max-opt=0 --no-lazy,Date.now,63788600,0,c3ef3fbdd43f0dd5865a1652fa447c774869e86efba25ad910dffdea953f80a2,"[""C:\\Users\\mzyx\\Desktop\\0921\\js-interpreter-bench\\engines\\v8-official-15.6.21\\runtime\\d8.exe"", ""--snapshot_blob=C:\\Users\\mzyx\\Desktop\\0921\\js-interpreter-bench\\engines\\v8-official-15.6.21\\runtime\\snapshot_blob.bin"", ""--max-opt=0"", ""--no-lazy"", ""C:\\Users\\mzyx\\Desktop\\0921\\js-interpreter-bench\\experiments\\octane_strict\\generated\\EarleyBoyer.Earley.js"", ""--"", ""STRICT_CONFIG={\""N\"":8,\""mode\"":\""measure\"",\""timer\"":\""Date.now\""}""]","OCTANE_STRICT_RESULT:{""suite"":""EarleyBoyer"",""benchmark"":""Earley"",""N"":8,""mode"":""measure"",""timer"":""Date.now"",""elapsed_ms"":19,""elapsed_per_call_ms"":2.375,""extra_validation_calls"":0,""correctness"":""PASS""}",,
quickjs,EarleyBoyer,Earley,8,,8,60,7.5,0,true,2026-09-27T17:04:21.642044+00:00,,Date.now,82193700,0,c3ef3fbdd43f0dd5865a1652fa447c774869e86efba25ad910dffdea953f80a2,"[""C:\\Users\\mzyx\\Desktop\\0921\\js-interpreter-bench\\engines\\quickjs-upstream\\qjs.exe"", ""C:\\Users\\mzyx\\Desktop\\0921\\js-interpreter-bench\\experiments\\octane_strict\\generated\\EarleyBoyer.Earley.js"", ""STRICT_CONFIG={\""N\"":8,\""mode\"":\""measure\"",\""timer\"":\""Date.now\""}""]","OCTANE_STRICT_RESULT:{""suite"":""EarleyBoyer"",""benchmark"":""Earley"",""N"":8,""mode"":""measure"",""timer"":""Date.now"",""elapsed_ms"":60,""elapsed_per_call_ms"":7.5,""extra_validation_calls"":0,""correctness"":""PASS""}",,
quickjs,EarleyBoyer,Earley,16,,16,119,7.4375,0,true,2026-09-27T17:04:21.802885+00:00,,Date.now,141369000,0,c3ef3fbdd43f0dd5865a1652fa447c774869e86efba25ad910dffdea953f80a2,"[""C:\\Users\\mzyx\\Desktop\\0921\\js-interpreter-bench\\engines\\quickjs-upstream\\qjs.exe"", ""C:\\Users\\mzyx\\Desktop\\0921\\js-interpreter-bench\\experiments\\octane_strict\\generated\\EarleyBoyer.Earley.js"", ""STRICT_CONFIG={\""N\"":16,\""mode\"":\""measure\"",\""timer\"":\""Date.now\""}""]","OCTANE_STRICT_RESULT:{""suite"":""EarleyBoyer"",""benchmark"":""Earley"",""N"":16,""mode"":""measure"",""timer"":""Date.now"",""elapsed_ms"":119,""elapsed_per_call_ms"":7.4375,""extra_validation_calls"":0,""correctness"":""PASS""}",,
v8_ignition,EarleyBoyer,Earley,16,,16,36,2.25,0,true,2026-09-27T17:04:21.895355+00:00,--max-opt=0 --no-lazy,Date.now,81067500,0,c3ef3fbdd43f0dd5865a1652fa447c774869e86efba25ad910dffdea953f80a2,"[""C:\\Users\\mzyx\\Desktop\\0921\\js-interpreter-bench\\engines\\v8-official-15.6.21\\runtime\\d8.exe"", ""--snapshot_blob=C:\\Users\\mzyx\\Desktop\\0921\\js-interpreter-bench\\engines\\v8-official-15.6.21\\runtime\\snapshot_blob.bin"", ""--max-opt=0"", ""--no-lazy"", ""C:\\Users\\mzyx\\Desktop\\0921\\js-interpreter-bench\\experiments\\octane_strict\\generated\\EarleyBoyer.Earley.js"", ""--"", ""STRICT_CONFIG={\""N\"":16,\""mode\"":\""measure\"",\""timer\"":\""Date.now\""}""]","OCTANE_STRICT_RESULT:{""suite"":""EarleyBoyer"",""benchmark"":""Earley"",""N"":16,""mode"":""measure"",""timer"":""Date.now"",""elapsed_ms"":36,""elapsed_per_call_ms"":2.25,""extra_validation_calls"":0,""correctness"":""PASS""}",,
v8_ignition,EarleyBoyer,Earley,32,,32,71,2.21875,0,true,2026-09-27T17:04:22.031777+00:00,--max-opt=0 --no-lazy,Date.now,116399600,0,c3ef3fbdd43f0dd5865a1652fa447c774869e86efba25ad910dffdea953f80a2,"[""C:\\Users\\mzyx\\Desktop\\0921\\js-interpreter-bench\\engines\\v8-official-15.6.21\\runtime\\d8.exe"", ""--snapshot_blob=C:\\Users\\mzyx\\Desktop\\0921\\js-interpreter-bench\\engines\\v8-official-15.6.21\\runtime\\snapshot_blob.bin"", ""--max-opt=0"", ""--no-lazy"", ""C:\\Users\\mzyx\\Desktop\\0921\\js-interpreter-bench\\experiments\\octane_strict\\generated\\EarleyBoyer.Earley.js"", ""--"", ""STRICT_CONFIG={\""N\"":32,\""mode\"":\""measure\"",\""timer\"":\""Date.now\""}""]","OCTANE_STRICT_RESULT:{""suite"":""EarleyBoyer"",""benchmark"":""Earley"",""N"":32,""mode"":""measure"",""timer"":""Date.now"",""elapsed_ms"":71,""elapsed_per_call_ms"":2.21875,""extra_validation_calls"":0,""correctness"":""PASS""}",,
quickjs,EarleyBoyer,Earley,32,,32,239,7.46875,0,true,2026-09-27T17:04:22.305824+00:00,,Date.now,261370800,0,c3ef3fbdd43f0dd5865a1652fa447c774869e86efba25ad910dffdea953f80a2,"[""C:\\Users\\mzyx\\Desktop\\0921\\js-interpreter-bench\\engines\\quickjs-upstream\\qjs.exe"", ""C:\\Users\\mzyx\\Desktop\\0921\\js-interpreter-bench\\experiments\\octane_strict\\generated\\EarleyBoyer.Earley.js"", ""STRICT_CONFIG={\""N\"":32,\""mode\"":\""measure\"",\""timer\"":\""Date.now\""}""]","OCTANE_STRICT_RESULT:{""suite"":""EarleyBoyer"",""benchmark"":""Earley"",""N"":32,""mode"":""measure"",""timer"":""Date.now"",""elapsed_ms"":239,""elapsed_per_call_ms"":7.46875,""extra_validation_calls"":0,""correctness"":""PASS""}",,
quickjs,EarleyBoyer,Earley,64,,64,467,7.296875,0,true,2026-09-27T17:04:22.815639+00:00,,Date.now,490168700,0,c3ef3fbdd43f0dd5865a1652fa447c774869e86efba25ad910dffdea953f80a2,"[""C:\\Users\\mzyx\\Desktop\\0921\\js-interpreter-bench\\engines\\quickjs-upstream\\qjs.exe"", ""C:\\Users\\mzyx\\Desktop\\0921\\js-interpreter-bench\\experiments\\octane_strict\\generated\\EarleyBoyer.Earley.js"", ""STRICT_CONFIG={\""N\"":64,\""mode\"":\""measure\"",\""timer\"":\""Date.now\""}""]","OCTANE_STRICT_RESULT:{""suite"":""EarleyBoyer"",""benchmark"":""Earley"",""N"":64,""mode"":""measure"",""timer"":""Date.now"",""elapsed_ms"":467,""elapsed_per_call_ms"":7.296875,""extra_validation_calls"":0,""correctness"":""PASS""}",,
v8_ignition,EarleyBoyer,Earley,64,,64,139,2.171875,0,true,2026-09-27T17:04:23.008601+00:00,--max-opt=0 --no-lazy,Date.now,181890000,0,c3ef3fbdd43f0dd5865a1652fa447c774869e86efba25ad910dffdea953f80a2,"[""C:\\Users\\mzyx\\Desktop\\0921\\js-interpreter-bench\\engines\\v8-official-15.6.21\\runtime\\d8.exe"", ""--snapshot_blob=C:\\Users\\mzyx\\Desktop\\0921\\js-interpreter-bench\\engines\\v8-official-15.6.21\\runtime\\snapshot_blob.bin"", ""--max-opt=0"", ""--no-lazy"", ""C:\\Users\\mzyx\\Desktop\\0921\\js-interpreter-bench\\experiments\\octane_strict\\generated\\EarleyBoyer.Earley.js"", ""--"", ""STRICT_CONFIG={\""N\"":64,\""mode\"":\""measure\"",\""timer\"":\""Date.now\""}""]","OCTANE_STRICT_RESULT:{""suite"":""EarleyBoyer"",""benchmark"":""Earley"",""N"":64,""mode"":""measure"",""timer"":""Date.now"",""elapsed_ms"":139,""elapsed_per_call_ms"":2.171875,""extra_validation_calls"":0,""correctness"":""PASS""}",,
v8_ignition,EarleyBoyer,Earley,128,,128,273,2.1328125,0,true,2026-09-27T17:04:23.345619+00:00,--max-opt=0 --no-lazy,Date.now,317443000,0,c3ef3fbdd43f0dd5865a1652fa447c774869e86efba25ad910dffdea953f80a2,"[""C:\\Users\\mzyx\\Desktop\\0921\\js-interpreter-bench\\engines\\v8-official-15.6.21\\runtime\\d8.exe"", ""--snapshot_blob=C:\\Users\\mzyx\\Desktop\\0921\\js-interpreter-bench\\engines\\v8-official-15.6.21\\runtime\\snapshot_blob.bin"", ""--max-opt=0"", ""--no-lazy"", ""C:\\Users\\mzyx\\Desktop\\0921\\js-interpreter-bench\\experiments\\octane_strict\\generated\\EarleyBoyer.Earley.js"", ""--"", ""STRICT_CONFIG={\""N\"":128,\""mode\"":\""measure\"",\""timer\"":\""Date.now\""}""]","OCTANE_STRICT_RESULT:{""suite"":""EarleyBoyer"",""benchmark"":""Earley"",""N"":128,""mode"":""measure"",""timer"":""Date.now"",""elapsed_ms"":273,""elapsed_per_call_ms"":2.1328125,""extra_validation_calls"":0,""correctness"":""PASS""}",,
quickjs,EarleyBoyer,Earley,128,,128,943,7.3671875,0,true,2026-09-27T17:04:24.322984+00:00,,Date.now,966421100,0,c3ef3fbdd43f0dd5865a1652fa447c774869e86efba25ad910dffdea953f80a2,"[""C:\\Users\\mzyx\\Desktop\\0921\\js-interpreter-bench\\engines\\quickjs-upstream\\qjs.exe"", ""C:\\Users\\mzyx\\Desktop\\0921\\js-interpreter-bench\\experiments\\octane_strict\\generated\\EarleyBoyer.Earley.js"", ""STRICT_CONFIG={\""N\"":128,\""mode\"":\""measure\"",\""timer\"":\""Date.now\""}""]","OCTANE_STRICT_RESULT:{""suite"":""EarleyBoyer"",""benchmark"":""Earley"",""N"":128,""mode"":""measure"",""timer"":""Date.now"",""elapsed_ms"":943,""elapsed_per_call_ms"":7.3671875,""extra_validation_calls"":0,""correctness"":""PASS""}",,
quickjs,EarleyBoyer,Earley,256,,256,1879,7.33984375,0,true,2026-09-27T17:04:26.251876+00:00,,Date.now,1902471300,0,c3ef3fbdd43f0dd5865a1652fa447c774869e86efba25ad910dffdea953f80a2,"[""C:\\Users\\mzyx\\Desktop\\0921\\js-interpreter-bench\\engines\\quickjs-upstream\\qjs.exe"", ""C:\\Users\\mzyx\\Desktop\\0921\\js-interpreter-bench\\experiments\\octane_strict\\generated\\EarleyBoyer.Earley.js"", ""STRICT_CONFIG={\""N\"":256,\""mode\"":\""measure\"",\""timer\"":\""Date.now\""}""]","OCTANE_STRICT_RESULT:{""suite"":""EarleyBoyer"",""benchmark"":""Earley"",""N"":256,""mode"":""measure"",""timer"":""Date.now"",""elapsed_ms"":1879,""elapsed_per_call_ms"":7.33984375,""extra_validation_calls"":0,""correctness"":""PASS""}",,
v8_ignition,EarleyBoyer,Earley,256,,256,552,2.15625,0,true,2026-09-27T17:04:26.863992+00:00,--max-opt=0 --no-lazy,Date.now,599443200,0,c3ef3fbdd43f0dd5865a1652fa447c774869e86efba25ad910dffdea953f80a2,"[""C:\\Users\\mzyx\\Desktop\\0921\\js-interpreter-bench\\engines\\v8-official-15.6.21\\runtime\\d8.exe"", ""--snapshot_blob=C:\\Users\\mzyx\\Desktop\\0921\\js-interpreter-bench\\engines\\v8-official-15.6.21\\runtime\\snapshot_blob.bin"", ""--max-opt=0"", ""--no-lazy"", ""C:\\Users\\mzyx\\Desktop\\0921\\js-interpreter-bench\\experiments\\octane_strict\\generated\\EarleyBoyer.Earley.js"", ""--"", ""STRICT_CONFIG={\""N\"":256,\""mode\"":\""measure\"",\""timer\"":\""Date.now\""}""]","OCTANE_STRICT_RESULT:{""suite"":""EarleyBoyer"",""benchmark"":""Earley"",""N"":256,""mode"":""measure"",""timer"":""Date.now"",""elapsed_ms"":552,""elapsed_per_call_ms"":2.15625,""extra_validation_calls"":0,""correctness"":""PASS""}",,
v8_ignition,EarleyBoyer,Earley,512,,512,1096,2.140625,0,true,2026-09-27T17:04:28.027773+00:00,--max-opt=0 --no-lazy,Date.now,1142705700,0,c3ef3fbdd43f0dd5865a1652fa447c774869e86efba25ad910dffdea953f80a2,"[""C:\\Users\\mzyx\\Desktop\\0921\\js-interpreter-bench\\engines\\v8-official-15.6.21\\runtime\\d8.exe"", ""--snapshot_blob=C:\\Users\\mzyx\\Desktop\\0921\\js-interpreter-bench\\engines\\v8-official-15.6.21\\runtime\\snapshot_blob.bin"", ""--max-opt=0"", ""--no-lazy"", ""C:\\Users\\mzyx\\Desktop\\0921\\js-interpreter-bench\\experiments\\octane_strict\\generated\\EarleyBoyer.Earley.js"", ""--"", ""STRICT_CONFIG={\""N\"":512,\""mode\"":\""measure\"",\""timer\"":\""Date.now\""}""]","OCTANE_STRICT_RESULT:{""suite"":""EarleyBoyer"",""benchmark"":""Earley"",""N"":512,""mode"":""measure"",""timer"":""Date.now"",""elapsed_ms"":1096,""elapsed_per_call_ms"":2.140625,""extra_validation_calls"":0,""correctness"":""PASS""}",,
quickjs,EarleyBoyer,Earley,512,,512,3763,7.349609375,0,true,2026-09-27T17:04:31.825357+00:00,,Date.now,3786123700,0,c3ef3fbdd43f0dd5865a1652fa447c774869e86efba25ad910dffdea953f80a2,"[""C:\\Users\\mzyx\\Desktop\\0921\\js-interpreter-bench\\engines\\quickjs-upstream\\qjs.exe"", ""C:\\Users\\mzyx\\Desktop\\0921\\js-interpreter-bench\\experiments\\octane_strict\\generated\\EarleyBoyer.Earley.js"", ""STRICT_CONFIG={\""N\"":512,\""mode\"":\""measure\"",\""timer\"":\""Date.now\""}""]","OCTANE_STRICT_RESULT:{""suite"":""EarleyBoyer"",""benchmark"":""Earley"",""N"":512,""mode"":""measure"",""timer"":""Date.now"",""elapsed_ms"":3763,""elapsed_per_call_ms"":7.349609375,""extra_validation_calls"":0,""correctness"":""PASS""}",,
quickjs,EarleyBoyer,Boyer,1,,1,125,125,0,true,2026-09-27T17:04:31.993141+00:00,,Date.now,146219500,0,e6d4262bd967274f8c7b66181bd6e39a9851606524faae200584e064d21b43b8,"[""C:\\Users\\mzyx\\Desktop\\0921\\js-interpreter-bench\\engines\\quickjs-upstream\\qjs.exe"", ""C:\\Users\\mzyx\\Desktop\\0921\\js-interpreter-bench\\experiments\\octane_strict\\generated\\EarleyBoyer.Boyer.js"", ""STRICT_CONFIG={\""N\"":1,\""mode\"":\""measure\"",\""timer\"":\""Date.now\""}""]","OCTANE_STRICT_RESULT:{""suite"":""EarleyBoyer"",""benchmark"":""Boyer"",""N"":1,""mode"":""measure"",""timer"":""Date.now"",""elapsed_ms"":125,""elapsed_per_call_ms"":125,""extra_validation_calls"":0,""correctness"":""PASS""}",,
v8_ignition,EarleyBoyer,Boyer,1,,1,44,44,0,true,2026-09-27T17:04:32.093198+00:00,--max-opt=0 --no-lazy,Date.now,89301500,0,e6d4262bd967274f8c7b66181bd6e39a9851606524faae200584e064d21b43b8,"[""C:\\Users\\mzyx\\Desktop\\0921\\js-interpreter-bench\\engines\\v8-official-15.6.21\\runtime\\d8.exe"", ""--snapshot_blob=C:\\Users\\mzyx\\Desktop\\0921\\js-interpreter-bench\\engines\\v8-official-15.6.21\\runtime\\snapshot_blob.bin"", ""--max-opt=0"", ""--no-lazy"", ""C:\\Users\\mzyx\\Desktop\\0921\\js-interpreter-bench\\experiments\\octane_strict\\generated\\EarleyBoyer.Boyer.js"", ""--"", ""STRICT_CONFIG={\""N\"":1,\""mode\"":\""measure\"",\""timer\"":\""Date.now\""}""]","OCTANE_STRICT_RESULT:{""suite"":""EarleyBoyer"",""benchmark"":""Boyer"",""N"":1,""mode"":""measure"",""timer"":""Date.now"",""elapsed_ms"":44,""elapsed_per_call_ms"":44,""extra_validation_calls"":0,""correctness"":""PASS""}",,
v8_ignition,EarleyBoyer,Boyer,2,,2,85,42.5,0,true,2026-09-27T17:04:32.240763+00:00,--max-opt=0 --no-lazy,Date.now,128959300,0,e6d4262bd967274f8c7b66181bd6e39a9851606524faae200584e064d21b43b8,"[""C:\\Users\\mzyx\\Desktop\\0921\\js-interpreter-bench\\engines\\v8-official-15.6.21\\runtime\\d8.exe"", ""--snapshot_blob=C:\\Users\\mzyx\\Desktop\\0921\\js-interpreter-bench\\engines\\v8-official-15.6.21\\runtime\\snapshot_blob.bin"", ""--max-opt=0"", ""--no-lazy"", ""C:\\Users\\mzyx\\Desktop\\0921\\js-interpreter-bench\\experiments\\octane_strict\\generated\\EarleyBoyer.Boyer.js"", ""--"", ""STRICT_CONFIG={\""N\"":2,\""mode\"":\""measure\"",\""timer\"":\""Date.now\""}""]","OCTANE_STRICT_RESULT:{""suite"":""EarleyBoyer"",""benchmark"":""Boyer"",""N"":2,""mode"":""measure"",""timer"":""Date.now"",""elapsed_ms"":85,""elapsed_per_call_ms"":42.5,""extra_validation_calls"":0,""correctness"":""PASS""}",,
quickjs,EarleyBoyer,Boyer,2,,2,238,119,0,true,2026-09-27T17:04:32.514838+00:00,,Date.now,260499100,0,e6d4262bd967274f8c7b66181bd6e39a9851606524faae200584e064d21b43b8,"[""C:\\Users\\mzyx\\Desktop\\0921\\js-interpreter-bench\\engines\\quickjs-upstream\\qjs.exe"", ""C:\\Users\\mzyx\\Desktop\\0921\\js-interpreter-bench\\experiments\\octane_strict\\generated\\EarleyBoyer.Boyer.js"", ""STRICT_CONFIG={\""N\"":2,\""mode\"":\""measure\"",\""timer\"":\""Date.now\""}""]","OCTANE_STRICT_RESULT:{""suite"":""EarleyBoyer"",""benchmark"":""Boyer"",""N"":2,""mode"":""measure"",""timer"":""Date.now"",""elapsed_ms"":238,""elapsed_per_call_ms"":119,""extra_validation_calls"":0,""correctness"":""PASS""}",,
quickjs,EarleyBoyer,Boyer,4,,4,472,118,0,true,2026-09-27T17:04:33.028730+00:00,,Date.now,494783900,0,e6d4262bd967274f8c7b66181bd6e39a9851606524faae200584e064d21b43b8,"[""C:\\Users\\mzyx\\Desktop\\0921\\js-interpreter-bench\\engines\\quickjs-upstream\\qjs.exe"", ""C:\\Users\\mzyx\\Desktop\\0921\\js-interpreter-bench\\experiments\\octane_strict\\generated\\EarleyBoyer.Boyer.js"", ""STRICT_CONFIG={\""N\"":4,\""mode\"":\""measure\"",\""timer\"":\""Date.now\""}""]","OCTANE_STRICT_RESULT:{""suite"":""EarleyBoyer"",""benchmark"":""Boyer"",""N"":4,""mode"":""measure"",""timer"":""Date.now"",""elapsed_ms"":472,""elapsed_per_call_ms"":118,""extra_validation_calls"":0,""correctness"":""PASS""}",,
v8_ignition,EarleyBoyer,Boyer,4,,4,176,44,0,true,2026-09-27T17:04:33.259743+00:00,--max-opt=0 --no-lazy,Date.now,219740200,0,e6d4262bd967274f8c7b66181bd6e39a9851606524faae200584e064d21b43b8,"[""C:\\Users\\mzyx\\Desktop\\0921\\js-interpreter-bench\\engines\\v8-official-15.6.21\\runtime\\d8.exe"", ""--snapshot_blob=C:\\Users\\mzyx\\Desktop\\0921\\js-interpreter-bench\\engines\\v8-official-15.6.21\\runtime\\snapshot_blob.bin"", ""--max-opt=0"", ""--no-lazy"", ""C:\\Users\\mzyx\\Desktop\\0921\\js-interpreter-bench\\experiments\\octane_strict\\generated\\EarleyBoyer.Boyer.js"", ""--"", ""STRICT_CONFIG={\""N\"":4,\""mode\"":\""measure\"",\""timer\"":\""Date.now\""}""]","OCTANE_STRICT_RESULT:{""suite"":""EarleyBoyer"",""benchmark"":""Boyer"",""N"":4,""mode"":""measure"",""timer"":""Date.now"",""elapsed_ms"":176,""elapsed_per_call_ms"":44,""extra_validation_calls"":0,""correctness"":""PASS""}",,
v8_ignition,EarleyBoyer,Boyer,8,,8,328,41,0,true,2026-09-27T17:04:33.652501+00:00,--max-opt=0 --no-lazy,Date.now,373259200,0,e6d4262bd967274f8c7b66181bd6e39a9851606524faae200584e064d21b43b8,"[""C:\\Users\\mzyx\\Desktop\\0921\\js-interpreter-bench\\engines\\v8-official-15.6.21\\runtime\\d8.exe"", ""--snapshot_blob=C:\\Users\\mzyx\\Desktop\\0921\\js-interpreter-bench\\engines\\v8-official-15.6.21\\runtime\\snapshot_blob.bin"", ""--max-opt=0"", ""--no-lazy"", ""C:\\Users\\mzyx\\Desktop\\0921\\js-interpreter-bench\\experiments\\octane_strict\\generated\\EarleyBoyer.Boyer.js"", ""--"", ""STRICT_CONFIG={\""N\"":8,\""mode\"":\""measure\"",\""timer\"":\""Date.now\""}""]","OCTANE_STRICT_RESULT:{""suite"":""EarleyBoyer"",""benchmark"":""Boyer"",""N"":8,""mode"":""measure"",""timer"":""Date.now"",""elapsed_ms"":328,""elapsed_per_call_ms"":41,""extra_validation_calls"":0,""correctness"":""PASS""}",,
quickjs,EarleyBoyer,Boyer,8,,8,935,116.875,0,true,2026-09-27T17:04:34.624433+00:00,,Date.now,959798400,0,e6d4262bd967274f8c7b66181bd6e39a9851606524faae200584e064d21b43b8,"[""C:\\Users\\mzyx\\Desktop\\0921\\js-interpreter-bench\\engines\\quickjs-upstream\\qjs.exe"", ""C:\\Users\\mzyx\\Desktop\\0921\\js-interpreter-bench\\experiments\\octane_strict\\generated\\EarleyBoyer.Boyer.js"", ""STRICT_CONFIG={\""N\"":8,\""mode\"":\""measure\"",\""timer\"":\""Date.now\""}""]","OCTANE_STRICT_RESULT:{""suite"":""EarleyBoyer"",""benchmark"":""Boyer"",""N"":8,""mode"":""measure"",""timer"":""Date.now"",""elapsed_ms"":935,""elapsed_per_call_ms"":116.875,""extra_validation_calls"":0,""correctness"":""PASS""}",,
quickjs,EarleyBoyer,Boyer,16,,16,1847,115.4375,0,true,2026-09-27T17:04:36.519389+00:00,,Date.now,1869259000,0,e6d4262bd967274f8c7b66181bd6e39a9851606524faae200584e064d21b43b8,"[""C:\\Users\\mzyx\\Desktop\\0921\\js-interpreter-bench\\engines\\quickjs-upstream\\qjs.exe"", ""C:\\Users\\mzyx\\Desktop\\0921\\js-interpreter-bench\\experiments\\octane_strict\\generated\\EarleyBoyer.Boyer.js"", ""STRICT_CONFIG={\""N\"":16,\""mode\"":\""measure\"",\""timer\"":\""Date.now\""}""]","OCTANE_STRICT_RESULT:{""suite"":""EarleyBoyer"",""benchmark"":""Boyer"",""N"":16,""mode"":""measure"",""timer"":""Date.now"",""elapsed_ms"":1847,""elapsed_per_call_ms"":115.4375,""extra_validation_calls"":0,""correctness"":""PASS""}",,
v8_ignition,EarleyBoyer,Boyer,16,,16,649,40.5625,0,true,2026-09-27T17:04:37.225749+00:00,--max-opt=0 --no-lazy,Date.now,694671500,0,e6d4262bd967274f8c7b66181bd6e39a9851606524faae200584e064d21b43b8,"[""C:\\Users\\mzyx\\Desktop\\0921\\js-interpreter-bench\\engines\\v8-official-15.6.21\\runtime\\d8.exe"", ""--snapshot_blob=C:\\Users\\mzyx\\Desktop\\0921\\js-interpreter-bench\\engines\\v8-official-15.6.21\\runtime\\snapshot_blob.bin"", ""--max-opt=0"", ""--no-lazy"", ""C:\\Users\\mzyx\\Desktop\\0921\\js-interpreter-bench\\experiments\\octane_strict\\generated\\EarleyBoyer.Boyer.js"", ""--"", ""STRICT_CONFIG={\""N\"":16,\""mode\"":\""measure\"",\""timer\"":\""Date.now\""}""]","OCTANE_STRICT_RESULT:{""suite"":""EarleyBoyer"",""benchmark"":""Boyer"",""N"":16,""mode"":""measure"",""timer"":""Date.now"",""elapsed_ms"":649,""elapsed_per_call_ms"":40.5625,""extra_validation_calls"":0,""correctness"":""PASS""}",,
v8_ignition,EarleyBoyer,Boyer,32,,32,1279,39.96875,0,true,2026-09-27T17:04:38.570481+00:00,--max-opt=0 --no-lazy,Date.now,1324780400,0,e6d4262bd967274f8c7b66181bd6e39a9851606524faae200584e064d21b43b8,"[""C:\\Users\\mzyx\\Desktop\\0921\\js-interpreter-bench\\engines\\v8-official-15.6.21\\runtime\\d8.exe"", ""--snapshot_blob=C:\\Users\\mzyx\\Desktop\\0921\\js-interpreter-bench\\engines\\v8-official-15.6.21\\runtime\\snapshot_blob.bin"", ""--max-opt=0"", ""--no-lazy"", ""C:\\Users\\mzyx\\Desktop\\0921\\js-interpreter-bench\\experiments\\octane_strict\\generated\\EarleyBoyer.Boyer.js"", ""--"", ""STRICT_CONFIG={\""N\"":32,\""mode\"":\""measure\"",\""timer\"":\""Date.now\""}""]","OCTANE_STRICT_RESULT:{""suite"":""EarleyBoyer"",""benchmark"":""Boyer"",""N"":32,""mode"":""measure"",""timer"":""Date.now"",""elapsed_ms"":1279,""elapsed_per_call_ms"":39.96875,""extra_validation_calls"":0,""correctness"":""PASS""}",,
quickjs,EarleyBoyer,Boyer,32,,32,3740,116.875,0,true,2026-09-27T17:04:42.347334+00:00,,Date.now,3764756000,0,e6d4262bd967274f8c7b66181bd6e39a9851606524faae200584e064d21b43b8,"[""C:\\Users\\mzyx\\Desktop\\0921\\js-interpreter-bench\\engines\\quickjs-upstream\\qjs.exe"", ""C:\\Users\\mzyx\\Desktop\\0921\\js-interpreter-bench\\experiments\\octane_strict\\generated\\EarleyBoyer.Boyer.js"", ""STRICT_CONFIG={\""N\"":32,\""mode\"":\""measure\"",\""timer\"":\""Date.now\""}""]","OCTANE_STRICT_RESULT:{""suite"":""EarleyBoyer"",""benchmark"":""Boyer"",""N"":32,""mode"":""measure"",""timer"":""Date.now"",""elapsed_ms"":3740,""elapsed_per_call_ms"":116.875,""extra_validation_calls"":0,""correctness"":""PASS""}",,
quickjs,RegExp,RegExp,1,,1,229,229,0,true,2026-09-27T17:04:42.630707+00:00,,Date.now,264290300,0,881c9e28610ead1d8cbf528614032c48b8faa700f0e4177198bbb22f15a19111,"[""C:\\Users\\mzyx\\Desktop\\0921\\js-interpreter-bench\\engines\\quickjs-upstream\\qjs.exe"", ""C:\\Users\\mzyx\\Desktop\\0921\\js-interpreter-bench\\experiments\\octane_strict\\generated\\RegExp.RegExp.js"", ""STRICT_CONFIG={\""N\"":1,\""mode\"":\""measure\"",\""timer\"":\""Date.now\""}""]","OCTANE_STRICT_RESULT:{""suite"":""RegExp"",""benchmark"":""RegExp"",""N"":1,""mode"":""measure"",""timer"":""Date.now"",""elapsed_ms"":229,""elapsed_per_call_ms"":229,""extra_validation_calls"":0,""correctness"":""PASS""}",,
v8_ignition,RegExp,RegExp,1,,1,26,26,0,true,2026-09-27T17:04:42.727871+00:00,--max-opt=0 --no-lazy,Date.now,85449800,0,881c9e28610ead1d8cbf528614032c48b8faa700f0e4177198bbb22f15a19111,"[""C:\\Users\\mzyx\\Desktop\\0921\\js-interpreter-bench\\engines\\v8-official-15.6.21\\runtime\\d8.exe"", ""--snapshot_blob=C:\\Users\\mzyx\\Desktop\\0921\\js-interpreter-bench\\engines\\v8-official-15.6.21\\runtime\\snapshot_blob.bin"", ""--max-opt=0"", ""--no-lazy"", ""C:\\Users\\mzyx\\Desktop\\0921\\js-interpreter-bench\\experiments\\octane_strict\\generated\\RegExp.RegExp.js"", ""--"", ""STRICT_CONFIG={\""N\"":1,\""mode\"":\""measure\"",\""timer\"":\""Date.now\""}""]","OCTANE_STRICT_RESULT:{""suite"":""RegExp"",""benchmark"":""RegExp"",""N"":1,""mode"":""measure"",""timer"":""Date.now"",""elapsed_ms"":26,""elapsed_per_call_ms"":26,""extra_validation_calls"":0,""correctness"":""PASS""}",,
v8_ignition,RegExp,RegExp,2,,2,45,22.5,0,true,2026-09-27T17:04:42.852144+00:00,--max-opt=0 --no-lazy,Date.now,103546700,0,881c9e28610ead1d8cbf528614032c48b8faa700f0e4177198bbb22f15a19111,"[""C:\\Users\\mzyx\\Desktop\\0921\\js-interpreter-bench\\engines\\v8-official-15.6.21\\runtime\\d8.exe"", ""--snapshot_blob=C:\\Users\\mzyx\\Desktop\\0921\\js-interpreter-bench\\engines\\v8-official-15.6.21\\runtime\\snapshot_blob.bin"", ""--max-opt=0"", ""--no-lazy"", ""C:\\Users\\mzyx\\Desktop\\0921\\js-interpreter-bench\\experiments\\octane_strict\\generated\\RegExp.RegExp.js"", ""--"", ""STRICT_CONFIG={\""N\"":2,\""mode\"":\""measure\"",\""timer\"":\""Date.now\""}""]","OCTANE_STRICT_RESULT:{""suite"":""RegExp"",""benchmark"":""RegExp"",""N"":2,""mode"":""measure"",""timer"":""Date.now"",""elapsed_ms"":45,""elapsed_per_call_ms"":22.5,""extra_validation_calls"":0,""correctness"":""PASS""}",,
quickjs,RegExp,RegExp,2,,2,458,229,0,true,2026-09-27T17:04:43.355219+00:00,,Date.now,491875100,0,881c9e28610ead1d8cbf528614032c48b8faa700f0e4177198bbb22f15a19111,"[""C:\\Users\\mzyx\\Desktop\\0921\\js-interpreter-bench\\engines\\quickjs-upstream\\qjs.exe"", ""C:\\Users\\mzyx\\Desktop\\0921\\js-interpreter-bench\\experiments\\octane_strict\\generated\\RegExp.RegExp.js"", ""STRICT_CONFIG={\""N\"":2,\""mode\"":\""measure\"",\""timer\"":\""Date.now\""}""]","OCTANE_STRICT_RESULT:{""suite"":""RegExp"",""benchmark"":""RegExp"",""N"":2,""mode"":""measure"",""timer"":""Date.now"",""elapsed_ms"":458,""elapsed_per_call_ms"":229,""extra_validation_calls"":0,""correctness"":""PASS""}",,
quickjs,RegExp,RegExp,4,,4,925,231.25,0,true,2026-09-27T17:04:44.339417+00:00,,Date.now,958941200,0,881c9e28610ead1d8cbf528614032c48b8faa700f0e4177198bbb22f15a19111,"[""C:\\Users\\mzyx\\Desktop\\0921\\js-interpreter-bench\\engines\\quickjs-upstream\\qjs.exe"", ""C:\\Users\\mzyx\\Desktop\\0921\\js-interpreter-bench\\experiments\\octane_strict\\generated\\RegExp.RegExp.js"", ""STRICT_CONFIG={\""N\"":4,\""mode\"":\""measure\"",\""timer\"":\""Date.now\""}""]","OCTANE_STRICT_RESULT:{""suite"":""RegExp"",""benchmark"":""RegExp"",""N"":4,""mode"":""measure"",""timer"":""Date.now"",""elapsed_ms"":925,""elapsed_per_call_ms"":231.25,""extra_validation_calls"":0,""correctness"":""PASS""}",,
v8_ignition,RegExp,RegExp,4,,4,84,21,0,true,2026-09-27T17:04:44.492010+00:00,--max-opt=0 --no-lazy,Date.now,141624800,0,881c9e28610ead1d8cbf528614032c48b8faa700f0e4177198bbb22f15a19111,"[""C:\\Users\\mzyx\\Desktop\\0921\\js-interpreter-bench\\engines\\v8-official-15.6.21\\runtime\\d8.exe"", ""--snapshot_blob=C:\\Users\\mzyx\\Desktop\\0921\\js-interpreter-bench\\engines\\v8-official-15.6.21\\runtime\\snapshot_blob.bin"", ""--max-opt=0"", ""--no-lazy"", ""C:\\Users\\mzyx\\Desktop\\0921\\js-interpreter-bench\\experiments\\octane_strict\\generated\\RegExp.RegExp.js"", ""--"", ""STRICT_CONFIG={\""N\"":4,\""mode\"":\""measure\"",\""timer\"":\""Date.now\""}""]","OCTANE_STRICT_RESULT:{""suite"":""RegExp"",""benchmark"":""RegExp"",""N"":4,""mode"":""measure"",""timer"":""Date.now"",""elapsed_ms"":84,""elapsed_per_call_ms"":21,""extra_validation_calls"":0,""correctness"":""PASS""}",,
v8_ignition,RegExp,RegExp,8,,8,162,20.25,0,true,2026-09-27T17:04:44.735224+00:00,--max-opt=0 --no-lazy,Date.now,220488900,0,881c9e28610ead1d8cbf528614032c48b8faa700f0e4177198bbb22f15a19111,"[""C:\\Users\\mzyx\\Desktop\\0921\\js-interpreter-bench\\engines\\v8-official-15.6.21\\runtime\\d8.exe"", ""--snapshot_blob=C:\\Users\\mzyx\\Desktop\\0921\\js-interpreter-bench\\engines\\v8-official-15.6.21\\runtime\\snapshot_blob.bin"", ""--max-opt=0"", ""--no-lazy"", ""C:\\Users\\mzyx\\Desktop\\0921\\js-interpreter-bench\\experiments\\octane_strict\\generated\\RegExp.RegExp.js"", ""--"", ""STRICT_CONFIG={\""N\"":8,\""mode\"":\""measure\"",\""timer\"":\""Date.now\""}""]","OCTANE_STRICT_RESULT:{""suite"":""RegExp"",""benchmark"":""RegExp"",""N"":8,""mode"":""measure"",""timer"":""Date.now"",""elapsed_ms"":162,""elapsed_per_call_ms"":20.25,""extra_validation_calls"":0,""correctness"":""PASS""}",,
quickjs,RegExp,RegExp,8,,8,1826,228.25,0,true,2026-09-27T17:04:46.606607+00:00,,Date.now,1859325100,0,881c9e28610ead1d8cbf528614032c48b8faa700f0e4177198bbb22f15a19111,"[""C:\\Users\\mzyx\\Desktop\\0921\\js-interpreter-bench\\engines\\quickjs-upstream\\qjs.exe"", ""C:\\Users\\mzyx\\Desktop\\0921\\js-interpreter-bench\\experiments\\octane_strict\\generated\\RegExp.RegExp.js"", ""STRICT_CONFIG={\""N\"":8,\""mode\"":\""measure\"",\""timer\"":\""Date.now\""}""]","OCTANE_STRICT_RESULT:{""suite"":""RegExp"",""benchmark"":""RegExp"",""N"":8,""mode"":""measure"",""timer"":""Date.now"",""elapsed_ms"":1826,""elapsed_per_call_ms"":228.25,""extra_validation_calls"":0,""correctness"":""PASS""}",,
quickjs,RegExp,RegExp,16,,16,3725,232.8125,0,true,2026-09-27T17:04:50.389962+00:00,,Date.now,3759599400,0,881c9e28610ead1d8cbf528614032c48b8faa700f0e4177198bbb22f15a19111,"[""C:\\Users\\mzyx\\Desktop\\0921\\js-interpreter-bench\\engines\\quickjs-upstream\\qjs.exe"", ""C:\\Users\\mzyx\\Desktop\\0921\\js-interpreter-bench\\experiments\\octane_strict\\generated\\RegExp.RegExp.js"", ""STRICT_CONFIG={\""N\"":16,\""mode\"":\""measure\"",\""timer\"":\""Date.now\""}""]","OCTANE_STRICT_RESULT:{""suite"":""RegExp"",""benchmark"":""RegExp"",""N"":16,""mode"":""measure"",""timer"":""Date.now"",""elapsed_ms"":3725,""elapsed_per_call_ms"":232.8125,""extra_validation_calls"":0,""correctness"":""PASS""}",,
v8_ignition,RegExp,RegExp,16,,16,313,19.5625,0,true,2026-09-27T17:04:50.770900+00:00,--max-opt=0 --no-lazy,Date.now,370122900,0,881c9e28610ead1d8cbf528614032c48b8faa700f0e4177198bbb22f15a19111,"[""C:\\Users\\mzyx\\Desktop\\0921\\js-interpreter-bench\\engines\\v8-official-15.6.21\\runtime\\d8.exe"", ""--snapshot_blob=C:\\Users\\mzyx\\Desktop\\0921\\js-interpreter-bench\\engines\\v8-official-15.6.21\\runtime\\snapshot_blob.bin"", ""--max-opt=0"", ""--no-lazy"", ""C:\\Users\\mzyx\\Desktop\\0921\\js-interpreter-bench\\experiments\\octane_strict\\generated\\RegExp.RegExp.js"", ""--"", ""STRICT_CONFIG={\""N\"":16,\""mode\"":\""measure\"",\""timer\"":\""Date.now\""}""]","OCTANE_STRICT_RESULT:{""suite"":""RegExp"",""benchmark"":""RegExp"",""N"":16,""mode"":""measure"",""timer"":""Date.now"",""elapsed_ms"":313,""elapsed_per_call_ms"":19.5625,""extra_validation_calls"":0,""correctness"":""PASS""}",,
v8_ignition,RegExp,RegExp,32,,32,618,19.3125,0,true,2026-09-27T17:04:51.465842+00:00,--max-opt=0 --no-lazy,Date.now,674897900,0,881c9e28610ead1d8cbf528614032c48b8faa700f0e4177198bbb22f15a19111,"[""C:\\Users\\mzyx\\Desktop\\0921\\js-interpreter-bench\\engines\\v8-official-15.6.21\\runtime\\d8.exe"", ""--snapshot_blob=C:\\Users\\mzyx\\Desktop\\0921\\js-interpreter-bench\\engines\\v8-official-15.6.21\\runtime\\snapshot_blob.bin"", ""--max-opt=0"", ""--no-lazy"", ""C:\\Users\\mzyx\\Desktop\\0921\\js-interpreter-bench\\experiments\\octane_strict\\generated\\RegExp.RegExp.js"", ""--"", ""STRICT_CONFIG={\""N\"":32,\""mode\"":\""measure\"",\""timer\"":\""Date.now\""}""]","OCTANE_STRICT_RESULT:{""suite"":""RegExp"",""benchmark"":""RegExp"",""N"":32,""mode"":""measure"",""timer"":""Date.now"",""elapsed_ms"":618,""elapsed_per_call_ms"":19.3125,""extra_validation_calls"":0,""correctness"":""PASS""}",,
quickjs,RegExp,RegExp,32,,32,7306,228.3125,0,true,2026-09-27T17:04:58.816360+00:00,,Date.now,7340375500,0,881c9e28610ead1d8cbf528614032c48b8faa700f0e4177198bbb22f15a19111,"[""C:\\Users\\mzyx\\Desktop\\0921\\js-interpreter-bench\\engines\\quickjs-upstream\\qjs.exe"", ""C:\\Users\\mzyx\\Desktop\\0921\\js-interpreter-bench\\experiments\\octane_strict\\generated\\RegExp.RegExp.js"", ""STRICT_CONFIG={\""N\"":32,\""mode\"":\""measure\"",\""timer\"":\""Date.now\""}""]","OCTANE_STRICT_RESULT:{""suite"":""RegExp"",""benchmark"":""RegExp"",""N"":32,""mode"":""measure"",""timer"":""Date.now"",""elapsed_ms"":7306,""elapsed_per_call_ms"":228.3125,""extra_validation_calls"":0,""correctness"":""PASS""}",,
quickjs,RegExp,RegExp,64,,64,14545,227.265625,0,true,2026-09-27T17:05:13.437179+00:00,,Date.now,14601309100,0,881c9e28610ead1d8cbf528614032c48b8faa700f0e4177198bbb22f15a19111,"[""C:\\Users\\mzyx\\Desktop\\0921\\js-interpreter-bench\\engines\\quickjs-upstream\\qjs.exe"", ""C:\\Users\\mzyx\\Desktop\\0921\\js-interpreter-bench\\experiments\\octane_strict\\generated\\RegExp.RegExp.js"", ""STRICT_CONFIG={\""N\"":64,\""mode\"":\""measure\"",\""timer\"":\""Date.now\""}""]","OCTANE_STRICT_RESULT:{""suite"":""RegExp"",""benchmark"":""RegExp"",""N"":64,""mode"":""measure"",""timer"":""Date.now"",""elapsed_ms"":14545,""elapsed_per_call_ms"":227.265625,""extra_validation_calls"":0,""correctness"":""PASS""}",,
v8_ignition,RegExp,RegExp,64,,64,1248,19.5,0,true,2026-09-27T17:05:14.758099+00:00,--max-opt=0 --no-lazy,Date.now,1308338500,0,881c9e28610ead1d8cbf528614032c48b8faa700f0e4177198bbb22f15a19111,"[""C:\\Users\\mzyx\\Desktop\\0921\\js-interpreter-bench\\engines\\v8-official-15.6.21\\runtime\\d8.exe"", ""--snapshot_blob=C:\\Users\\mzyx\\Desktop\\0921\\js-interpreter-bench\\engines\\v8-official-15.6.21\\runtime\\snapshot_blob.bin"", ""--max-opt=0"", ""--no-lazy"", ""C:\\Users\\mzyx\\Desktop\\0921\\js-interpreter-bench\\experiments\\octane_strict\\generated\\RegExp.RegExp.js"", ""--"", ""STRICT_CONFIG={\""N\"":64,\""mode\"":\""measure\"",\""timer\"":\""Date.now\""}""]","OCTANE_STRICT_RESULT:{""suite"":""RegExp"",""benchmark"":""RegExp"",""N"":64,""mode"":""measure"",""timer"":""Date.now"",""elapsed_ms"":1248,""elapsed_per_call_ms"":19.5,""extra_validation_calls"":0,""correctness"":""PASS""}",,
quickjs,Splay,Splay,1,,1,3,3,0,true,2026-09-27T17:05:15.219892+00:00,,Date.now,442852400,0,d6372414234d150c814a6933257aa8c98a8c6260b0d72a71ee0d08d0ee6fb17a,"[""C:\\Users\\mzyx\\Desktop\\0921\\js-interpreter-bench\\engines\\quickjs-upstream\\qjs.exe"", ""C:\\Users\\mzyx\\Desktop\\0921\\js-interpreter-bench\\experiments\\octane_strict\\generated\\Splay.Splay.js"", ""STRICT_CONFIG={\""N\"":1,\""mode\"":\""measure\"",\""timer\"":\""Date.now\""}""]","OCTANE_STRICT_RESULT:{""suite"":""Splay"",""benchmark"":""Splay"",""N"":1,""mode"":""measure"",""timer"":""Date.now"",""elapsed_ms"":3,""elapsed_per_call_ms"":3,""extra_validation_calls"":0,""correctness"":""PASS""}",,
v8_ignition,Splay,Splay,1,,1,1,1,0,true,2026-09-27T17:05:15.349685+00:00,--max-opt=0 --no-lazy,Date.now,118798300,0,d6372414234d150c814a6933257aa8c98a8c6260b0d72a71ee0d08d0ee6fb17a,"[""C:\\Users\\mzyx\\Desktop\\0921\\js-interpreter-bench\\engines\\v8-official-15.6.21\\runtime\\d8.exe"", ""--snapshot_blob=C:\\Users\\mzyx\\Desktop\\0921\\js-interpreter-bench\\engines\\v8-official-15.6.21\\runtime\\snapshot_blob.bin"", ""--max-opt=0"", ""--no-lazy"", ""C:\\Users\\mzyx\\Desktop\\0921\\js-interpreter-bench\\experiments\\octane_strict\\generated\\Splay.Splay.js"", ""--"", ""STRICT_CONFIG={\""N\"":1,\""mode\"":\""measure\"",\""timer\"":\""Date.now\""}""]","OCTANE_STRICT_RESULT:{""suite"":""Splay"",""benchmark"":""Splay"",""N"":1,""mode"":""measure"",""timer"":""Date.now"",""elapsed_ms"":1,""elapsed_per_call_ms"":1,""extra_validation_calls"":0,""correctness"":""PASS""}",,
v8_ignition,Splay,Splay,2,,2,1,0.5,0,true,2026-09-27T17:05:15.490977+00:00,--max-opt=0 --no-lazy,Date.now,121343500,0,d6372414234d150c814a6933257aa8c98a8c6260b0d72a71ee0d08d0ee6fb17a,"[""C:\\Users\\mzyx\\Desktop\\0921\\js-interpreter-bench\\engines\\v8-official-15.6.21\\runtime\\d8.exe"", ""--snapshot_blob=C:\\Users\\mzyx\\Desktop\\0921\\js-interpreter-bench\\engines\\v8-official-15.6.21\\runtime\\snapshot_blob.bin"", ""--max-opt=0"", ""--no-lazy"", ""C:\\Users\\mzyx\\Desktop\\0921\\js-interpreter-bench\\experiments\\octane_strict\\generated\\Splay.Splay.js"", ""--"", ""STRICT_CONFIG={\""N\"":2,\""mode\"":\""measure\"",\""timer\"":\""Date.now\""}""]","OCTANE_STRICT_RESULT:{""suite"":""Splay"",""benchmark"":""Splay"",""N"":2,""mode"":""measure"",""timer"":""Date.now"",""elapsed_ms"":1,""elapsed_per_call_ms"":0.5,""extra_validation_calls"":0,""correctness"":""PASS""}",,
quickjs,Splay,Splay,2,,2,5,2.5,0,true,2026-09-27T17:05:15.928947+00:00,,Date.now,427752500,0,d6372414234d150c814a6933257aa8c98a8c6260b0d72a71ee0d08d0ee6fb17a,"[""C:\\Users\\mzyx\\Desktop\\0921\\js-interpreter-bench\\engines\\quickjs-upstream\\qjs.exe"", ""C:\\Users\\mzyx\\Desktop\\0921\\js-interpreter-bench\\experiments\\octane_strict\\generated\\Splay.Splay.js"", ""STRICT_CONFIG={\""N\"":2,\""mode\"":\""measure\"",\""timer\"":\""Date.now\""}""]","OCTANE_STRICT_RESULT:{""suite"":""Splay"",""benchmark"":""Splay"",""N"":2,""mode"":""measure"",""timer"":""Date.now"",""elapsed_ms"":5,""elapsed_per_call_ms"":2.5,""extra_validation_calls"":0,""correctness"":""PASS""}",,
quickjs,Splay,Splay,4,,4,10,2.5,0,true,2026-09-27T17:05:16.382857+00:00,,Date.now,433261500,0,d6372414234d150c814a6933257aa8c98a8c6260b0d72a71ee0d08d0ee6fb17a,"[""C:\\Users\\mzyx\\Desktop\\0921\\js-interpreter-bench\\engines\\quickjs-upstream\\qjs.exe"", ""C:\\Users\\mzyx\\Desktop\\0921\\js-interpreter-bench\\experiments\\octane_strict\\generated\\Splay.Splay.js"", ""STRICT_CONFIG={\""N\"":4,\""mode\"":\""measure\"",\""timer\"":\""Date.now\""}""]","OCTANE_STRICT_RESULT:{""suite"":""Splay"",""benchmark"":""Splay"",""N"":4,""mode"":""measure"",""timer"":""Date.now"",""elapsed_ms"":10,""elapsed_per_call_ms"":2.5,""extra_validation_calls"":0,""correctness"":""PASS""}",,
v8_ignition,Splay,Splay,4,,4,3,0.75,0,true,2026-09-27T17:05:16.516373+00:00,--max-opt=0 --no-lazy,Date.now,122397500,0,d6372414234d150c814a6933257aa8c98a8c6260b0d72a71ee0d08d0ee6fb17a,"[""C:\\Users\\mzyx\\Desktop\\0921\\js-interpreter-bench\\engines\\v8-official-15.6.21\\runtime\\d8.exe"", ""--snapshot_blob=C:\\Users\\mzyx\\Desktop\\0921\\js-interpreter-bench\\engines\\v8-official-15.6.21\\runtime\\snapshot_blob.bin"", ""--max-opt=0"", ""--no-lazy"", ""C:\\Users\\mzyx\\Desktop\\0921\\js-interpreter-bench\\experiments\\octane_strict\\generated\\Splay.Splay.js"", ""--"", ""STRICT_CONFIG={\""N\"":4,\""mode\"":\""measure\"",\""timer\"":\""Date.now\""}""]","OCTANE_STRICT_RESULT:{""suite"":""Splay"",""benchmark"":""Splay"",""N"":4,""mode"":""measure"",""timer"":""Date.now"",""elapsed_ms"":3,""elapsed_per_call_ms"":0.75,""extra_validation_calls"":0,""correctness"":""PASS""}",,
v8_ignition,Splay,Splay,8,,8,7,0.875,0,true,2026-09-27T17:05:16.665770+00:00,--max-opt=0 --no-lazy,Date.now,131386000,0,d6372414234d150c814a6933257aa8c98a8c6260b0d72a71ee0d08d0ee6fb17a,"[""C:\\Users\\mzyx\\Desktop\\0921\\js-interpreter-bench\\engines\\v8-official-15.6.21\\runtime\\d8.exe"", ""--snapshot_blob=C:\\Users\\mzyx\\Desktop\\0921\\js-interpreter-bench\\engines\\v8-official-15.6.21\\runtime\\snapshot_blob.bin"", ""--max-opt=0"", ""--no-lazy"", ""C:\\Users\\mzyx\\Desktop\\0921\\js-interpreter-bench\\experiments\\octane_strict\\generated\\Splay.Splay.js"", ""--"", ""STRICT_CONFIG={\""N\"":8,\""mode\"":\""measure\"",\""timer\"":\""Date.now\""}""]","OCTANE_STRICT_RESULT:{""suite"":""Splay"",""benchmark"":""Splay"",""N"":8,""mode"":""measure"",""timer"":""Date.now"",""elapsed_ms"":7,""elapsed_per_call_ms"":0.875,""extra_validation_calls"":0,""correctness"":""PASS""}",,
quickjs,Splay,Splay,8,,8,19,2.375,0,true,2026-09-27T17:05:17.115243+00:00,,Date.now,439568100,0,d6372414234d150c814a6933257aa8c98a8c6260b0d72a71ee0d08d0ee6fb17a,"[""C:\\Users\\mzyx\\Desktop\\0921\\js-interpreter-bench\\engines\\quickjs-upstream\\qjs.exe"", ""C:\\Users\\mzyx\\Desktop\\0921\\js-interpreter-bench\\experiments\\octane_strict\\generated\\Splay.Splay.js"", ""STRICT_CONFIG={\""N\"":8,\""mode\"":\""measure\"",\""timer\"":\""Date.now\""}""]","OCTANE_STRICT_RESULT:{""suite"":""Splay"",""benchmark"":""Splay"",""N"":8,""mode"":""measure"",""timer"":""Date.now"",""elapsed_ms"":19,""elapsed_per_call_ms"":2.375,""extra_validation_calls"":0,""correctness"":""PASS""}",,
quickjs,Splay,Splay,16,,16,38,2.375,0,true,2026-09-27T17:05:17.603052+00:00,,Date.now,461572000,0,d6372414234d150c814a6933257aa8c98a8c6260b0d72a71ee0d08d0ee6fb17a,"[""C:\\Users\\mzyx\\Desktop\\0921\\js-interpreter-bench\\engines\\quickjs-upstream\\qjs.exe"", ""C:\\Users\\mzyx\\Desktop\\0921\\js-interpreter-bench\\experiments\\octane_strict\\generated\\Splay.Splay.js"", ""STRICT_CONFIG={\""N\"":16,\""mode\"":\""measure\"",\""timer\"":\""Date.now\""}""]","OCTANE_STRICT_RESULT:{""suite"":""Splay"",""benchmark"":""Splay"",""N"":16,""mode"":""measure"",""timer"":""Date.now"",""elapsed_ms"":38,""elapsed_per_call_ms"":2.375,""extra_validation_calls"":0,""correctness"":""PASS""}",,
v8_ignition,Splay,Splay,16,,16,12,0.75,0,true,2026-09-27T17:05:17.753840+00:00,--max-opt=0 --no-lazy,Date.now,134502200,0,d6372414234d150c814a6933257aa8c98a8c6260b0d72a71ee0d08d0ee6fb17a,"[""C:\\Users\\mzyx\\Desktop\\0921\\js-interpreter-bench\\engines\\v8-official-15.6.21\\runtime\\d8.exe"", ""--snapshot_blob=C:\\Users\\mzyx\\Desktop\\0921\\js-interpreter-bench\\engines\\v8-official-15.6.21\\runtime\\snapshot_blob.bin"", ""--max-opt=0"", ""--no-lazy"", ""C:\\Users\\mzyx\\Desktop\\0921\\js-interpreter-bench\\experiments\\octane_strict\\generated\\Splay.Splay.js"", ""--"", ""STRICT_CONFIG={\""N\"":16,\""mode\"":\""measure\"",\""timer\"":\""Date.now\""}""]","OCTANE_STRICT_RESULT:{""suite"":""Splay"",""benchmark"":""Splay"",""N"":16,""mode"":""measure"",""timer"":""Date.now"",""elapsed_ms"":12,""elapsed_per_call_ms"":0.75,""extra_validation_calls"":0,""correctness"":""PASS""}",,
v8_ignition,Splay,Splay,32,,32,28,0.875,0,true,2026-09-27T17:05:17.922140+00:00,--max-opt=0 --no-lazy,Date.now,149040400,0,d6372414234d150c814a6933257aa8c98a8c6260b0d72a71ee0d08d0ee6fb17a,"[""C:\\Users\\mzyx\\Desktop\\0921\\js-interpreter-bench\\engines\\v8-official-15.6.21\\runtime\\d8.exe"", ""--snapshot_blob=C:\\Users\\mzyx\\Desktop\\0921\\js-interpreter-bench\\engines\\v8-official-15.6.21\\runtime\\snapshot_blob.bin"", ""--max-opt=0"", ""--no-lazy"", ""C:\\Users\\mzyx\\Desktop\\0921\\js-interpreter-bench\\experiments\\octane_strict\\generated\\Splay.Splay.js"", ""--"", ""STRICT_CONFIG={\""N\"":32,\""mode\"":\""measure\"",\""timer\"":\""Date.now\""}""]","OCTANE_STRICT_RESULT:{""suite"":""Splay"",""benchmark"":""Splay"",""N"":32,""mode"":""measure"",""timer"":""Date.now"",""elapsed_ms"":28,""elapsed_per_call_ms"":0.875,""extra_validation_calls"":0,""correctness"":""PASS""}",,
quickjs,Splay,Splay,32,,32,77,2.40625,0,true,2026-09-27T17:05:18.433099+00:00,,Date.now,501241900,0,d6372414234d150c814a6933257aa8c98a8c6260b0d72a71ee0d08d0ee6fb17a,"[""C:\\Users\\mzyx\\Desktop\\0921\\js-interpreter-bench\\engines\\quickjs-upstream\\qjs.exe"", ""C:\\Users\\mzyx\\Desktop\\0921\\js-interpreter-bench\\experiments\\octane_strict\\generated\\Splay.Splay.js"", ""STRICT_CONFIG={\""N\"":32,\""mode\"":\""measure\"",\""timer\"":\""Date.now\""}""]","OCTANE_STRICT_RESULT:{""suite"":""Splay"",""benchmark"":""Splay"",""N"":32,""mode"":""measure"",""timer"":""Date.now"",""elapsed_ms"":77,""elapsed_per_call_ms"":2.40625,""extra_validation_calls"":0,""correctness"":""PASS""}",,
quickjs,Splay,Splay,64,,64,148,2.3125,0,true,2026-09-27T17:05:19.021853+00:00,,Date.now,569130700,0,d6372414234d150c814a6933257aa8c98a8c6260b0d72a71ee0d08d0ee6fb17a,"[""C:\\Users\\mzyx\\Desktop\\0921\\js-interpreter-bench\\engines\\quickjs-upstream\\qjs.exe"", ""C:\\Users\\mzyx\\Desktop\\0921\\js-interpreter-bench\\experiments\\octane_strict\\generated\\Splay.Splay.js"", ""STRICT_CONFIG={\""N\"":64,\""mode\"":\""measure\"",\""timer\"":\""Date.now\""}""]","OCTANE_STRICT_RESULT:{""suite"":""Splay"",""benchmark"":""Splay"",""N"":64,""mode"":""measure"",""timer"":""Date.now"",""elapsed_ms"":148,""elapsed_per_call_ms"":2.3125,""extra_validation_calls"":0,""correctness"":""PASS""}",,
v8_ignition,Splay,Splay,64,,64,60,0.9375,0,true,2026-09-27T17:05:19.223873+00:00,--max-opt=0 --no-lazy,Date.now,190991100,0,d6372414234d150c814a6933257aa8c98a8c6260b0d72a71ee0d08d0ee6fb17a,"[""C:\\Users\\mzyx\\Desktop\\0921\\js-interpreter-bench\\engines\\v8-official-15.6.21\\runtime\\d8.exe"", ""--snapshot_blob=C:\\Users\\mzyx\\Desktop\\0921\\js-interpreter-bench\\engines\\v8-official-15.6.21\\runtime\\snapshot_blob.bin"", ""--max-opt=0"", ""--no-lazy"", ""C:\\Users\\mzyx\\Desktop\\0921\\js-interpreter-bench\\experiments\\octane_strict\\generated\\Splay.Splay.js"", ""--"", ""STRICT_CONFIG={\""N\"":64,\""mode\"":\""measure\"",\""timer\"":\""Date.now\""}""]","OCTANE_STRICT_RESULT:{""suite"":""Splay"",""benchmark"":""Splay"",""N"":64,""mode"":""measure"",""timer"":""Date.now"",""elapsed_ms"":60,""elapsed_per_call_ms"":0.9375,""extra_validation_calls"":0,""correctness"":""PASS""}",,
v8_ignition,Splay,Splay,128,,128,117,0.9140625,0,true,2026-09-27T17:05:19.488949+00:00,--max-opt=0 --no-lazy,Date.now,244660000,0,d6372414234d150c814a6933257aa8c98a8c6260b0d72a71ee0d08d0ee6fb17a,"[""C:\\Users\\mzyx\\Desktop\\0921\\js-interpreter-bench\\engines\\v8-official-15.6.21\\runtime\\d8.exe"", ""--snapshot_blob=C:\\Users\\mzyx\\Desktop\\0921\\js-interpreter-bench\\engines\\v8-official-15.6.21\\runtime\\snapshot_blob.bin"", ""--max-opt=0"", ""--no-lazy"", ""C:\\Users\\mzyx\\Desktop\\0921\\js-interpreter-bench\\experiments\\octane_strict\\generated\\Splay.Splay.js"", ""--"", ""STRICT_CONFIG={\""N\"":128,\""mode\"":\""measure\"",\""timer\"":\""Date.now\""}""]","OCTANE_STRICT_RESULT:{""suite"":""Splay"",""benchmark"":""Splay"",""N"":128,""mode"":""measure"",""timer"":""Date.now"",""elapsed_ms"":117,""elapsed_per_call_ms"":0.9140625,""extra_validation_calls"":0,""correctness"":""PASS""}",,
quickjs,Splay,Splay,128,,128,298,2.328125,0,true,2026-09-27T17:05:20.227994+00:00,,Date.now,729225700,0,d6372414234d150c814a6933257aa8c98a8c6260b0d72a71ee0d08d0ee6fb17a,"[""C:\\Users\\mzyx\\Desktop\\0921\\js-interpreter-bench\\engines\\quickjs-upstream\\qjs.exe"", ""C:\\Users\\mzyx\\Desktop\\0921\\js-interpreter-bench\\experiments\\octane_strict\\generated\\Splay.Splay.js"", ""STRICT_CONFIG={\""N\"":128,\""mode\"":\""measure\"",\""timer\"":\""Date.now\""}""]","OCTANE_STRICT_RESULT:{""suite"":""Splay"",""benchmark"":""Splay"",""N"":128,""mode"":""measure"",""timer"":""Date.now"",""elapsed_ms"":298,""elapsed_per_call_ms"":2.328125,""extra_validation_calls"":0,""correctness"":""PASS""}",,
quickjs,Splay,Splay,256,,256,585,2.28515625,0,true,2026-09-27T17:05:21.260657+00:00,,Date.now,1008367000,0,d6372414234d150c814a6933257aa8c98a8c6260b0d72a71ee0d08d0ee6fb17a,"[""C:\\Users\\mzyx\\Desktop\\0921\\js-interpreter-bench\\engines\\quickjs-upstream\\qjs.exe"", ""C:\\Users\\mzyx\\Desktop\\0921\\js-interpreter-bench\\experiments\\octane_strict\\generated\\Splay.Splay.js"", ""STRICT_CONFIG={\""N\"":256,\""mode\"":\""measure\"",\""timer\"":\""Date.now\""}""]","OCTANE_STRICT_RESULT:{""suite"":""Splay"",""benchmark"":""Splay"",""N"":256,""mode"":""measure"",""timer"":""Date.now"",""elapsed_ms"":585,""elapsed_per_call_ms"":2.28515625,""extra_validation_calls"":0,""correctness"":""PASS""}",,
v8_ignition,Splay,Splay,256,,256,254,0.9921875,0,true,2026-09-27T17:05:21.664588+00:00,--max-opt=0 --no-lazy,Date.now,392422600,0,d6372414234d150c814a6933257aa8c98a8c6260b0d72a71ee0d08d0ee6fb17a,"[""C:\\Users\\mzyx\\Desktop\\0921\\js-interpreter-bench\\engines\\v8-official-15.6.21\\runtime\\d8.exe"", ""--snapshot_blob=C:\\Users\\mzyx\\Desktop\\0921\\js-interpreter-bench\\engines\\v8-official-15.6.21\\runtime\\snapshot_blob.bin"", ""--max-opt=0"", ""--no-lazy"", ""C:\\Users\\mzyx\\Desktop\\0921\\js-interpreter-bench\\experiments\\octane_strict\\generated\\Splay.Splay.js"", ""--"", ""STRICT_CONFIG={\""N\"":256,\""mode\"":\""measure\"",\""timer\"":\""Date.now\""}""]","OCTANE_STRICT_RESULT:{""suite"":""Splay"",""benchmark"":""Splay"",""N"":256,""mode"":""measure"",""timer"":""Date.now"",""elapsed_ms"":254,""elapsed_per_call_ms"":0.9921875,""extra_validation_calls"":0,""correctness"":""PASS""}",,
v8_ignition,Splay,Splay,512,,512,485,0.947265625,0,true,2026-09-27T17:05:22.301047+00:00,--max-opt=0 --no-lazy,Date.now,615801400,0,d6372414234d150c814a6933257aa8c98a8c6260b0d72a71ee0d08d0ee6fb17a,"[""C:\\Users\\mzyx\\Desktop\\0921\\js-interpreter-bench\\engines\\v8-official-15.6.21\\runtime\\d8.exe"", ""--snapshot_blob=C:\\Users\\mzyx\\Desktop\\0921\\js-interpreter-bench\\engines\\v8-official-15.6.21\\runtime\\snapshot_blob.bin"", ""--max-opt=0"", ""--no-lazy"", ""C:\\Users\\mzyx\\Desktop\\0921\\js-interpreter-bench\\experiments\\octane_strict\\generated\\Splay.Splay.js"", ""--"", ""STRICT_CONFIG={\""N\"":512,\""mode\"":\""measure\"",\""timer\"":\""Date.now\""}""]","OCTANE_STRICT_RESULT:{""suite"":""Splay"",""benchmark"":""Splay"",""N"":512,""mode"":""measure"",""timer"":""Date.now"",""elapsed_ms"":485,""elapsed_per_call_ms"":0.947265625,""extra_validation_calls"":0,""correctness"":""PASS""}",,
quickjs,Splay,Splay,512,,512,1188,2.3203125,0,true,2026-09-27T17:05:23.942048+00:00,,Date.now,1631088100,0,d6372414234d150c814a6933257aa8c98a8c6260b0d72a71ee0d08d0ee6fb17a,"[""C:\\Users\\mzyx\\Desktop\\0921\\js-interpreter-bench\\engines\\quickjs-upstream\\qjs.exe"", ""C:\\Users\\mzyx\\Desktop\\0921\\js-interpreter-bench\\experiments\\octane_strict\\generated\\Splay.Splay.js"", ""STRICT_CONFIG={\""N\"":512,\""mode\"":\""measure\"",\""timer\"":\""Date.now\""}""]","OCTANE_STRICT_RESULT:{""suite"":""Splay"",""benchmark"":""Splay"",""N"":512,""mode"":""measure"",""timer"":""Date.now"",""elapsed_ms"":1188,""elapsed_per_call_ms"":2.3203125,""extra_validation_calls"":0,""correctness"":""PASS""}",,
quickjs,Splay,Splay,1024,,1024,2327,2.2724609375,0,true,2026-09-27T17:05:26.724404+00:00,,Date.now,2756100200,0,d6372414234d150c814a6933257aa8c98a8c6260b0d72a71ee0d08d0ee6fb17a,"[""C:\\Users\\mzyx\\Desktop\\0921\\js-interpreter-bench\\engines\\quickjs-upstream\\qjs.exe"", ""C:\\Users\\mzyx\\Desktop\\0921\\js-interpreter-bench\\experiments\\octane_strict\\generated\\Splay.Splay.js"", ""STRICT_CONFIG={\""N\"":1024,\""mode\"":\""measure\"",\""timer\"":\""Date.now\""}""]","OCTANE_STRICT_RESULT:{""suite"":""Splay"",""benchmark"":""Splay"",""N"":1024,""mode"":""measure"",""timer"":""Date.now"",""elapsed_ms"":2327,""elapsed_per_call_ms"":2.2724609375,""extra_validation_calls"":0,""correctness"":""PASS""}",,
v8_ignition,Splay,Splay,1024,,1024,944,0.921875,0,true,2026-09-27T17:05:27.817444+00:00,--max-opt=0 --no-lazy,Date.now,1082226400,0,d6372414234d150c814a6933257aa8c98a8c6260b0d72a71ee0d08d0ee6fb17a,"[""C:\\Users\\mzyx\\Desktop\\0921\\js-interpreter-bench\\engines\\v8-official-15.6.21\\runtime\\d8.exe"", ""--snapshot_blob=C:\\Users\\mzyx\\Desktop\\0921\\js-interpreter-bench\\engines\\v8-official-15.6.21\\runtime\\snapshot_blob.bin"", ""--max-opt=0"", ""--no-lazy"", ""C:\\Users\\mzyx\\Desktop\\0921\\js-interpreter-bench\\experiments\\octane_strict\\generated\\Splay.Splay.js"", ""--"", ""STRICT_CONFIG={\""N\"":1024,\""mode\"":\""measure\"",\""timer\"":\""Date.now\""}""]","OCTANE_STRICT_RESULT:{""suite"":""Splay"",""benchmark"":""Splay"",""N"":1024,""mode"":""measure"",""timer"":""Date.now"",""elapsed_ms"":944,""elapsed_per_call_ms"":0.921875,""extra_validation_calls"":0,""correctness"":""PASS""}",,
v8_ignition,Splay,Splay,2048,,2048,1849,0.90283203125,0,true,2026-09-27T17:05:29.822695+00:00,--max-opt=0 --no-lazy,Date.now,1983523200,0,d6372414234d150c814a6933257aa8c98a8c6260b0d72a71ee0d08d0ee6fb17a,"[""C:\\Users\\mzyx\\Desktop\\0921\\js-interpreter-bench\\engines\\v8-official-15.6.21\\runtime\\d8.exe"", ""--snapshot_blob=C:\\Users\\mzyx\\Desktop\\0921\\js-interpreter-bench\\engines\\v8-official-15.6.21\\runtime\\snapshot_blob.bin"", ""--max-opt=0"", ""--no-lazy"", ""C:\\Users\\mzyx\\Desktop\\0921\\js-interpreter-bench\\experiments\\octane_strict\\generated\\Splay.Splay.js"", ""--"", ""STRICT_CONFIG={\""N\"":2048,\""mode\"":\""measure\"",\""timer\"":\""Date.now\""}""]","OCTANE_STRICT_RESULT:{""suite"":""Splay"",""benchmark"":""Splay"",""N"":2048,""mode"":""measure"",""timer"":""Date.now"",""elapsed_ms"":1849,""elapsed_per_call_ms"":0.90283203125,""extra_validation_calls"":0,""correctness"":""PASS""}",,
quickjs,Splay,Splay,2048,,2048,4543,2.21826171875,0,true,2026-09-27T17:05:34.797344+00:00,,Date.now,4964094000,0,d6372414234d150c814a6933257aa8c98a8c6260b0d72a71ee0d08d0ee6fb17a,"[""C:\\Users\\mzyx\\Desktop\\0921\\js-interpreter-bench\\engines\\quickjs-upstream\\qjs.exe"", ""C:\\Users\\mzyx\\Desktop\\0921\\js-interpreter-bench\\experiments\\octane_strict\\generated\\Splay.Splay.js"", ""STRICT_CONFIG={\""N\"":2048,\""mode\"":\""measure\"",\""timer\"":\""Date.now\""}""]","OCTANE_STRICT_RESULT:{""suite"":""Splay"",""benchmark"":""Splay"",""N"":2048,""mode"":""measure"",""timer"":""Date.now"",""elapsed_ms"":4543,""elapsed_per_call_ms"":2.21826171875,""extra_validation_calls"":0,""correctness"":""PASS""}",,
quickjs,NavierStokes,NavierStokes,1,,1,63,63,0,true,2026-09-27T17:05:35.768732+00:00,,Date.now,945961400,14,e86c3b0056fae99b5f0ffdb7d093b565b02987eef458b2c07ecb3fc39700ee3c,"[""C:\\Users\\mzyx\\Desktop\\0921\\js-interpreter-bench\\engines\\quickjs-upstream\\qjs.exe"", ""C:\\Users\\mzyx\\Desktop\\0921\\js-interpreter-bench\\experiments\\octane_strict\\generated\\NavierStokes.NavierStokes.js"", ""STRICT_CONFIG={\""N\"":1,\""mode\"":\""measure\"",\""timer\"":\""Date.now\""}""]","OCTANE_STRICT_RESULT:{""suite"":""NavierStokes"",""benchmark"":""NavierStokes"",""N"":1,""mode"":""measure"",""timer"":""Date.now"",""elapsed_ms"":63,""elapsed_per_call_ms"":63,""extra_validation_calls"":14,""correctness"":""PASS""}",,
v8_ignition,NavierStokes,NavierStokes,1,,1,73,73,0,true,2026-09-27T17:05:36.914262+00:00,--max-opt=0 --no-lazy,Date.now,1134282300,14,e86c3b0056fae99b5f0ffdb7d093b565b02987eef458b2c07ecb3fc39700ee3c,"[""C:\\Users\\mzyx\\Desktop\\0921\\js-interpreter-bench\\engines\\v8-official-15.6.21\\runtime\\d8.exe"", ""--snapshot_blob=C:\\Users\\mzyx\\Desktop\\0921\\js-interpreter-bench\\engines\\v8-official-15.6.21\\runtime\\snapshot_blob.bin"", ""--max-opt=0"", ""--no-lazy"", ""C:\\Users\\mzyx\\Desktop\\0921\\js-interpreter-bench\\experiments\\octane_strict\\generated\\NavierStokes.NavierStokes.js"", ""--"", ""STRICT_CONFIG={\""N\"":1,\""mode\"":\""measure\"",\""timer\"":\""Date.now\""}""]","OCTANE_STRICT_RESULT:{""suite"":""NavierStokes"",""benchmark"":""NavierStokes"",""N"":1,""mode"":""measure"",""timer"":""Date.now"",""elapsed_ms"":73,""elapsed_per_call_ms"":73,""extra_validation_calls"":14,""correctness"":""PASS""}",,
v8_ignition,NavierStokes,NavierStokes,2,,2,149,74.5,0,true,2026-09-27T17:05:38.071835+00:00,--max-opt=0 --no-lazy,Date.now,1137691000,13,e86c3b0056fae99b5f0ffdb7d093b565b02987eef458b2c07ecb3fc39700ee3c,"[""C:\\Users\\mzyx\\Desktop\\0921\\js-interpreter-bench\\engines\\v8-official-15.6.21\\runtime\\d8.exe"", ""--snapshot_blob=C:\\Users\\mzyx\\Desktop\\0921\\js-interpreter-bench\\engines\\v8-official-15.6.21\\runtime\\snapshot_blob.bin"", ""--max-opt=0"", ""--no-lazy"", ""C:\\Users\\mzyx\\Desktop\\0921\\js-interpreter-bench\\experiments\\octane_strict\\generated\\NavierStokes.NavierStokes.js"", ""--"", ""STRICT_CONFIG={\""N\"":2,\""mode\"":\""measure\"",\""timer\"":\""Date.now\""}""]","OCTANE_STRICT_RESULT:{""suite"":""NavierStokes"",""benchmark"":""NavierStokes"",""N"":2,""mode"":""measure"",""timer"":""Date.now"",""elapsed_ms"":149,""elapsed_per_call_ms"":74.5,""extra_validation_calls"":13,""correctness"":""PASS""}",,
quickjs,NavierStokes,NavierStokes,2,,2,125,62.5,0,true,2026-09-27T17:05:39.028881+00:00,,Date.now,945177600,13,e86c3b0056fae99b5f0ffdb7d093b565b02987eef458b2c07ecb3fc39700ee3c,"[""C:\\Users\\mzyx\\Desktop\\0921\\js-interpreter-bench\\engines\\quickjs-upstream\\qjs.exe"", ""C:\\Users\\mzyx\\Desktop\\0921\\js-interpreter-bench\\experiments\\octane_strict\\generated\\NavierStokes.NavierStokes.js"", ""STRICT_CONFIG={\""N\"":2,\""mode\"":\""measure\"",\""timer\"":\""Date.now\""}""]","OCTANE_STRICT_RESULT:{""suite"":""NavierStokes"",""benchmark"":""NavierStokes"",""N"":2,""mode"":""measure"",""timer"":""Date.now"",""elapsed_ms"":125,""elapsed_per_call_ms"":62.5,""extra_validation_calls"":13,""correctness"":""PASS""}",,
quickjs,NavierStokes,NavierStokes,4,,4,251,62.75,0,true,2026-09-27T17:05:40.007379+00:00,,Date.now,952478100,11,e86c3b0056fae99b5f0ffdb7d093b565b02987eef458b2c07ecb3fc39700ee3c,"[""C:\\Users\\mzyx\\Desktop\\0921\\js-interpreter-bench\\engines\\quickjs-upstream\\qjs.exe"", ""C:\\Users\\mzyx\\Desktop\\0921\\js-interpreter-bench\\experiments\\octane_strict\\generated\\NavierStokes.NavierStokes.js"", ""STRICT_CONFIG={\""N\"":4,\""mode\"":\""measure\"",\""timer\"":\""Date.now\""}""]","OCTANE_STRICT_RESULT:{""suite"":""NavierStokes"",""benchmark"":""NavierStokes"",""N"":4,""mode"":""measure"",""timer"":""Date.now"",""elapsed_ms"":251,""elapsed_per_call_ms"":62.75,""extra_validation_calls"":11,""correctness"":""PASS""}",,
v8_ignition,NavierStokes,NavierStokes,4,,4,283,70.75,0,true,2026-09-27T17:05:41.127272+00:00,--max-opt=0 --no-lazy,Date.now,1106927000,11,e86c3b0056fae99b5f0ffdb7d093b565b02987eef458b2c07ecb3fc39700ee3c,"[""C:\\Users\\mzyx\\Desktop\\0921\\js-interpreter-bench\\engines\\v8-official-15.6.21\\runtime\\d8.exe"", ""--snapshot_blob=C:\\Users\\mzyx\\Desktop\\0921\\js-interpreter-bench\\engines\\v8-official-15.6.21\\runtime\\snapshot_blob.bin"", ""--max-opt=0"", ""--no-lazy"", ""C:\\Users\\mzyx\\Desktop\\0921\\js-interpreter-bench\\experiments\\octane_strict\\generated\\NavierStokes.NavierStokes.js"", ""--"", ""STRICT_CONFIG={\""N\"":4,\""mode\"":\""measure\"",\""timer\"":\""Date.now\""}""]","OCTANE_STRICT_RESULT:{""suite"":""NavierStokes"",""benchmark"":""NavierStokes"",""N"":4,""mode"":""measure"",""timer"":""Date.now"",""elapsed_ms"":283,""elapsed_per_call_ms"":70.75,""extra_validation_calls"":11,""correctness"":""PASS""}",,
v8_ignition,NavierStokes,NavierStokes,8,,8,565,70.625,0,true,2026-09-27T17:05:42.242586+00:00,--max-opt=0 --no-lazy,Date.now,1095692300,7,e86c3b0056fae99b5f0ffdb7d093b565b02987eef458b2c07ecb3fc39700ee3c,"[""C:\\Users\\mzyx\\Desktop\\0921\\js-interpreter-bench\\engines\\v8-official-15.6.21\\runtime\\d8.exe"", ""--snapshot_blob=C:\\Users\\mzyx\\Desktop\\0921\\js-interpreter-bench\\engines\\v8-official-15.6.21\\runtime\\snapshot_blob.bin"", ""--max-opt=0"", ""--no-lazy"", ""C:\\Users\\mzyx\\Desktop\\0921\\js-interpreter-bench\\experiments\\octane_strict\\generated\\NavierStokes.NavierStokes.js"", ""--"", ""STRICT_CONFIG={\""N\"":8,\""mode\"":\""measure\"",\""timer\"":\""Date.now\""}""]","OCTANE_STRICT_RESULT:{""suite"":""NavierStokes"",""benchmark"":""NavierStokes"",""N"":8,""mode"":""measure"",""timer"":""Date.now"",""elapsed_ms"":565,""elapsed_per_call_ms"":70.625,""extra_validation_calls"":7,""correctness"":""PASS""}",,
quickjs,NavierStokes,NavierStokes,8,,8,492,61.5,0,true,2026-09-27T17:05:43.193720+00:00,,Date.now,939311800,7,e86c3b0056fae99b5f0ffdb7d093b565b02987eef458b2c07ecb3fc39700ee3c,"[""C:\\Users\\mzyx\\Desktop\\0921\\js-interpreter-bench\\engines\\quickjs-upstream\\qjs.exe"", ""C:\\Users\\mzyx\\Desktop\\0921\\js-interpreter-bench\\experiments\\octane_strict\\generated\\NavierStokes.NavierStokes.js"", ""STRICT_CONFIG={\""N\"":8,\""mode\"":\""measure\"",\""timer\"":\""Date.now\""}""]","OCTANE_STRICT_RESULT:{""suite"":""NavierStokes"",""benchmark"":""NavierStokes"",""N"":8,""mode"":""measure"",""timer"":""Date.now"",""elapsed_ms"":492,""elapsed_per_call_ms"":61.5,""extra_validation_calls"":7,""correctness"":""PASS""}",,
quickjs,NavierStokes,NavierStokes,16,,16,938,58.625,0,true,2026-09-27T17:05:44.176423+00:00,,Date.now,956476700,0,e86c3b0056fae99b5f0ffdb7d093b565b02987eef458b2c07ecb3fc39700ee3c,"[""C:\\Users\\mzyx\\Desktop\\0921\\js-interpreter-bench\\engines\\quickjs-upstream\\qjs.exe"", ""C:\\Users\\mzyx\\Desktop\\0921\\js-interpreter-bench\\experiments\\octane_strict\\generated\\NavierStokes.NavierStokes.js"", ""STRICT_CONFIG={\""N\"":16,\""mode\"":\""measure\"",\""timer\"":\""Date.now\""}""]","OCTANE_STRICT_RESULT:{""suite"":""NavierStokes"",""benchmark"":""NavierStokes"",""N"":16,""mode"":""measure"",""timer"":""Date.now"",""elapsed_ms"":938,""elapsed_per_call_ms"":58.625,""extra_validation_calls"":0,""correctness"":""PASS""}",,
v8_ignition,NavierStokes,NavierStokes,16,,16,1200,75,0,true,2026-09-27T17:05:45.434686+00:00,--max-opt=0 --no-lazy,Date.now,1241867400,0,e86c3b0056fae99b5f0ffdb7d093b565b02987eef458b2c07ecb3fc39700ee3c,"[""C:\\Users\\mzyx\\Desktop\\0921\\js-interpreter-bench\\engines\\v8-official-15.6.21\\runtime\\d8.exe"", ""--snapshot_blob=C:\\Users\\mzyx\\Desktop\\0921\\js-interpreter-bench\\engines\\v8-official-15.6.21\\runtime\\snapshot_blob.bin"", ""--max-opt=0"", ""--no-lazy"", ""C:\\Users\\mzyx\\Desktop\\0921\\js-interpreter-bench\\experiments\\octane_strict\\generated\\NavierStokes.NavierStokes.js"", ""--"", ""STRICT_CONFIG={\""N\"":16,\""mode\"":\""measure\"",\""timer\"":\""Date.now\""}""]","OCTANE_STRICT_RESULT:{""suite"":""NavierStokes"",""benchmark"":""NavierStokes"",""N"":16,""mode"":""measure"",""timer"":""Date.now"",""elapsed_ms"":1200,""elapsed_per_call_ms"":75,""extra_validation_calls"":0,""correctness"":""PASS""}",,
v8_ignition,NavierStokes,NavierStokes,32,,32,2276,71.125,0,true,2026-09-27T17:05:47.773651+00:00,--max-opt=0 --no-lazy,Date.now,2317964900,0,e86c3b0056fae99b5f0ffdb7d093b565b02987eef458b2c07ecb3fc39700ee3c,"[""C:\\Users\\mzyx\\Desktop\\0921\\js-interpreter-bench\\engines\\v8-official-15.6.21\\runtime\\d8.exe"", ""--snapshot_blob=C:\\Users\\mzyx\\Desktop\\0921\\js-interpreter-bench\\engines\\v8-official-15.6.21\\runtime\\snapshot_blob.bin"", ""--max-opt=0"", ""--no-lazy"", ""C:\\Users\\mzyx\\Desktop\\0921\\js-interpreter-bench\\experiments\\octane_strict\\generated\\NavierStokes.NavierStokes.js"", ""--"", ""STRICT_CONFIG={\""N\"":32,\""mode\"":\""measure\"",\""timer\"":\""Date.now\""}""]","OCTANE_STRICT_RESULT:{""suite"":""NavierStokes"",""benchmark"":""NavierStokes"",""N"":32,""mode"":""measure"",""timer"":""Date.now"",""elapsed_ms"":2276,""elapsed_per_call_ms"":71.125,""extra_validation_calls"":0,""correctness"":""PASS""}",,
quickjs,NavierStokes,NavierStokes,32,,32,1934,60.4375,0,true,2026-09-27T17:05:49.737365+00:00,,Date.now,1952016500,0,e86c3b0056fae99b5f0ffdb7d093b565b02987eef458b2c07ecb3fc39700ee3c,"[""C:\\Users\\mzyx\\Desktop\\0921\\js-interpreter-bench\\engines\\quickjs-upstream\\qjs.exe"", ""C:\\Users\\mzyx\\Desktop\\0921\\js-interpreter-bench\\experiments\\octane_strict\\generated\\NavierStokes.NavierStokes.js"", ""STRICT_CONFIG={\""N\"":32,\""mode\"":\""measure\"",\""timer\"":\""Date.now\""}""]","OCTANE_STRICT_RESULT:{""suite"":""NavierStokes"",""benchmark"":""NavierStokes"",""N"":32,""mode"":""measure"",""timer"":""Date.now"",""elapsed_ms"":1934,""elapsed_per_call_ms"":60.4375,""extra_validation_calls"":0,""correctness"":""PASS""}",,
quickjs,PdfJS,PdfJS,1,,1,213,213,0,true,2026-09-27T17:05:50.111873+00:00,,Date.now,353524400,0,f1966230e4a00bc61dc4c00fd600486e941235c3ee8206f897bd148dfd6e630b,"[""C:\\Users\\mzyx\\Desktop\\0921\\js-interpreter-bench\\engines\\quickjs-upstream\\qjs.exe"", ""C:\\Users\\mzyx\\Desktop\\0921\\js-interpreter-bench\\experiments\\octane_strict\\generated\\PdfJS.PdfJS.js"", ""STRICT_CONFIG={\""N\"":1,\""mode\"":\""measure\"",\""timer\"":\""Date.now\""}""]","OCTANE_STRICT_RESULT:{""suite"":""PdfJS"",""benchmark"":""PdfJS"",""N"":1,""mode"":""measure"",""timer"":""Date.now"",""elapsed_ms"":213,""elapsed_per_call_ms"":213,""extra_validation_calls"":0,""correctness"":""PASS""}",,
v8_ignition,PdfJS,PdfJS,1,,1,111,111,0,true,2026-09-27T17:05:50.339237+00:00,--max-opt=0 --no-lazy,Date.now,207807000,0,f1966230e4a00bc61dc4c00fd600486e941235c3ee8206f897bd148dfd6e630b,"[""C:\\Users\\mzyx\\Desktop\\0921\\js-interpreter-bench\\engines\\v8-official-15.6.21\\runtime\\d8.exe"", ""--snapshot_blob=C:\\Users\\mzyx\\Desktop\\0921\\js-interpreter-bench\\engines\\v8-official-15.6.21\\runtime\\snapshot_blob.bin"", ""--max-opt=0"", ""--no-lazy"", ""C:\\Users\\mzyx\\Desktop\\0921\\js-interpreter-bench\\experiments\\octane_strict\\generated\\PdfJS.PdfJS.js"", ""--"", ""STRICT_CONFIG={\""N\"":1,\""mode\"":\""measure\"",\""timer\"":\""Date.now\""}""]","OCTANE_STRICT_RESULT:{""suite"":""PdfJS"",""benchmark"":""PdfJS"",""N"":1,""mode"":""measure"",""timer"":""Date.now"",""elapsed_ms"":111,""elapsed_per_call_ms"":111,""extra_validation_calls"":0,""correctness"":""PASS""}",,
v8_ignition,PdfJS,PdfJS,2,,2,220,110,0,true,2026-09-27T17:05:50.679756+00:00,--max-opt=0 --no-lazy,Date.now,319512600,0,f1966230e4a00bc61dc4c00fd600486e941235c3ee8206f897bd148dfd6e630b,"[""C:\\Users\\mzyx\\Desktop\\0921\\js-interpreter-bench\\engines\\v8-official-15.6.21\\runtime\\d8.exe"", ""--snapshot_blob=C:\\Users\\mzyx\\Desktop\\0921\\js-interpreter-bench\\engines\\v8-official-15.6.21\\runtime\\snapshot_blob.bin"", ""--max-opt=0"", ""--no-lazy"", ""C:\\Users\\mzyx\\Desktop\\0921\\js-interpreter-bench\\experiments\\octane_strict\\generated\\PdfJS.PdfJS.js"", ""--"", ""STRICT_CONFIG={\""N\"":2,\""mode\"":\""measure\"",\""timer\"":\""Date.now\""}""]","OCTANE_STRICT_RESULT:{""suite"":""PdfJS"",""benchmark"":""PdfJS"",""N"":2,""mode"":""measure"",""timer"":""Date.now"",""elapsed_ms"":220,""elapsed_per_call_ms"":110,""extra_validation_calls"":0,""correctness"":""PASS""}",,
quickjs,PdfJS,PdfJS,2,,2,425,212.5,0,true,2026-09-27T17:05:51.264708+00:00,,Date.now,570872200,0,f1966230e4a00bc61dc4c00fd600486e941235c3ee8206f897bd148dfd6e630b,"[""C:\\Users\\mzyx\\Desktop\\0921\\js-interpreter-bench\\engines\\quickjs-upstream\\qjs.exe"", ""C:\\Users\\mzyx\\Desktop\\0921\\js-interpreter-bench\\experiments\\octane_strict\\generated\\PdfJS.PdfJS.js"", ""STRICT_CONFIG={\""N\"":2,\""mode\"":\""measure\"",\""timer\"":\""Date.now\""}""]","OCTANE_STRICT_RESULT:{""suite"":""PdfJS"",""benchmark"":""PdfJS"",""N"":2,""mode"":""measure"",""timer"":""Date.now"",""elapsed_ms"":425,""elapsed_per_call_ms"":212.5,""extra_validation_calls"":0,""correctness"":""PASS""}",,
quickjs,PdfJS,PdfJS,4,,4,826,206.5,0,true,2026-09-27T17:05:52.274161+00:00,,Date.now,981298500,0,f1966230e4a00bc61dc4c00fd600486e941235c3ee8206f897bd148dfd6e630b,"[""C:\\Users\\mzyx\\Desktop\\0921\\js-interpreter-bench\\engines\\quickjs-upstream\\qjs.exe"", ""C:\\Users\\mzyx\\Desktop\\0921\\js-interpreter-bench\\experiments\\octane_strict\\generated\\PdfJS.PdfJS.js"", ""STRICT_CONFIG={\""N\"":4,\""mode\"":\""measure\"",\""timer\"":\""Date.now\""}""]","OCTANE_STRICT_RESULT:{""suite"":""PdfJS"",""benchmark"":""PdfJS"",""N"":4,""mode"":""measure"",""timer"":""Date.now"",""elapsed_ms"":826,""elapsed_per_call_ms"":206.5,""extra_validation_calls"":0,""correctness"":""PASS""}",,
v8_ignition,PdfJS,PdfJS,4,,4,425,106.25,0,true,2026-09-27T17:05:52.827750+00:00,--max-opt=0 --no-lazy,Date.now,534420300,0,f1966230e4a00bc61dc4c00fd600486e941235c3ee8206f897bd148dfd6e630b,"[""C:\\Users\\mzyx\\Desktop\\0921\\js-interpreter-bench\\engines\\v8-official-15.6.21\\runtime\\d8.exe"", ""--snapshot_blob=C:\\Users\\mzyx\\Desktop\\0921\\js-interpreter-bench\\engines\\v8-official-15.6.21\\runtime\\snapshot_blob.bin"", ""--max-opt=0"", ""--no-lazy"", ""C:\\Users\\mzyx\\Desktop\\0921\\js-interpreter-bench\\experiments\\octane_strict\\generated\\PdfJS.PdfJS.js"", ""--"", ""STRICT_CONFIG={\""N\"":4,\""mode\"":\""measure\"",\""timer\"":\""Date.now\""}""]","OCTANE_STRICT_RESULT:{""suite"":""PdfJS"",""benchmark"":""PdfJS"",""N"":4,""mode"":""measure"",""timer"":""Date.now"",""elapsed_ms"":425,""elapsed_per_call_ms"":106.25,""extra_validation_calls"":0,""correctness"":""PASS""}",,
v8_ignition,PdfJS,PdfJS,8,,8,852,106.5,0,true,2026-09-27T17:05:53.827218+00:00,--max-opt=0 --no-lazy,Date.now,976960100,0,f1966230e4a00bc61dc4c00fd600486e941235c3ee8206f897bd148dfd6e630b,"[""C:\\Users\\mzyx\\Desktop\\0921\\js-interpreter-bench\\engines\\v8-official-15.6.21\\runtime\\d8.exe"", ""--snapshot_blob=C:\\Users\\mzyx\\Desktop\\0921\\js-interpreter-bench\\engines\\v8-official-15.6.21\\runtime\\snapshot_blob.bin"", ""--max-opt=0"", ""--no-lazy"", ""C:\\Users\\mzyx\\Desktop\\0921\\js-interpreter-bench\\experiments\\octane_strict\\generated\\PdfJS.PdfJS.js"", ""--"", ""STRICT_CONFIG={\""N\"":8,\""mode\"":\""measure\"",\""timer\"":\""Date.now\""}""]","OCTANE_STRICT_RESULT:{""suite"":""PdfJS"",""benchmark"":""PdfJS"",""N"":8,""mode"":""measure"",""timer"":""Date.now"",""elapsed_ms"":852,""elapsed_per_call_ms"":106.5,""extra_validation_calls"":0,""correctness"":""PASS""}",,
quickjs,PdfJS,PdfJS,8,,8,1655,206.875,0,true,2026-09-27T17:05:55.676980+00:00,,Date.now,1835501800,0,f1966230e4a00bc61dc4c00fd600486e941235c3ee8206f897bd148dfd6e630b,"[""C:\\Users\\mzyx\\Desktop\\0921\\js-interpreter-bench\\engines\\quickjs-upstream\\qjs.exe"", ""C:\\Users\\mzyx\\Desktop\\0921\\js-interpreter-bench\\experiments\\octane_strict\\generated\\PdfJS.PdfJS.js"", ""STRICT_CONFIG={\""N\"":8,\""mode\"":\""measure\"",\""timer\"":\""Date.now\""}""]","OCTANE_STRICT_RESULT:{""suite"":""PdfJS"",""benchmark"":""PdfJS"",""N"":8,""mode"":""measure"",""timer"":""Date.now"",""elapsed_ms"":1655,""elapsed_per_call_ms"":206.875,""extra_validation_calls"":0,""correctness"":""PASS""}",,
quickjs,PdfJS,PdfJS,16,,16,3230,201.875,0,true,2026-09-27T17:05:59.155479+00:00,,Date.now,3453471300,0,f1966230e4a00bc61dc4c00fd600486e941235c3ee8206f897bd148dfd6e630b,"[""C:\\Users\\mzyx\\Desktop\\0921\\js-interpreter-bench\\engines\\quickjs-upstream\\qjs.exe"", ""C:\\Users\\mzyx\\Desktop\\0921\\js-interpreter-bench\\experiments\\octane_strict\\generated\\PdfJS.PdfJS.js"", ""STRICT_CONFIG={\""N\"":16,\""mode\"":\""measure\"",\""timer\"":\""Date.now\""}""]","OCTANE_STRICT_RESULT:{""suite"":""PdfJS"",""benchmark"":""PdfJS"",""N"":16,""mode"":""measure"",""timer"":""Date.now"",""elapsed_ms"":3230,""elapsed_per_call_ms"":201.875,""extra_validation_calls"":0,""correctness"":""PASS""}",,
v8_ignition,PdfJS,PdfJS,16,,16,1712,107,0,true,2026-09-27T17:06:01.044012+00:00,--max-opt=0 --no-lazy,Date.now,1868800700,0,f1966230e4a00bc61dc4c00fd600486e941235c3ee8206f897bd148dfd6e630b,"[""C:\\Users\\mzyx\\Desktop\\0921\\js-interpreter-bench\\engines\\v8-official-15.6.21\\runtime\\d8.exe"", ""--snapshot_blob=C:\\Users\\mzyx\\Desktop\\0921\\js-interpreter-bench\\engines\\v8-official-15.6.21\\runtime\\snapshot_blob.bin"", ""--max-opt=0"", ""--no-lazy"", ""C:\\Users\\mzyx\\Desktop\\0921\\js-interpreter-bench\\experiments\\octane_strict\\generated\\PdfJS.PdfJS.js"", ""--"", ""STRICT_CONFIG={\""N\"":16,\""mode\"":\""measure\"",\""timer\"":\""Date.now\""}""]","OCTANE_STRICT_RESULT:{""suite"":""PdfJS"",""benchmark"":""PdfJS"",""N"":16,""mode"":""measure"",""timer"":""Date.now"",""elapsed_ms"":1712,""elapsed_per_call_ms"":107,""extra_validation_calls"":0,""correctness"":""PASS""}",,
quickjs,Mandreel,Mandreel,1,,1,1828,1828,0,true,2026-09-27T17:06:04.398368+00:00,,Date.now,3325980600,0,64fbf14da4005c4426dcdd6191a5f206fbcd9ce260549e924fd925408614702d,"[""C:\\Users\\mzyx\\Desktop\\0921\\js-interpreter-bench\\engines\\quickjs-upstream\\qjs.exe"", ""C:\\Users\\mzyx\\Desktop\\0921\\js-interpreter-bench\\experiments\\octane_strict\\generated\\Mandreel.Mandreel.js"", ""STRICT_CONFIG={\""N\"":1,\""mode\"":\""measure\"",\""timer\"":\""Date.now\""}""]","OCTANE_STRICT_RESULT:{""suite"":""Mandreel"",""benchmark"":""Mandreel"",""N"":1,""mode"":""measure"",""timer"":""Date.now"",""elapsed_ms"":1828,""elapsed_per_call_ms"":1828,""extra_validation_calls"":0,""correctness"":""PASS""}",,
v8_ignition,Mandreel,Mandreel,1,,1,1465,1465,0,true,2026-09-27T17:06:07.260685+00:00,--max-opt=0 --no-lazy,Date.now,2840925100,0,64fbf14da4005c4426dcdd6191a5f206fbcd9ce260549e924fd925408614702d,"[""C:\\Users\\mzyx\\Desktop\\0921\\js-interpreter-bench\\engines\\v8-official-15.6.21\\runtime\\d8.exe"", ""--snapshot_blob=C:\\Users\\mzyx\\Desktop\\0921\\js-interpreter-bench\\engines\\v8-official-15.6.21\\runtime\\snapshot_blob.bin"", ""--max-opt=0"", ""--no-lazy"", ""C:\\Users\\mzyx\\Desktop\\0921\\js-interpreter-bench\\experiments\\octane_strict\\generated\\Mandreel.Mandreel.js"", ""--"", ""STRICT_CONFIG={\""N\"":1,\""mode\"":\""measure\"",\""timer\"":\""Date.now\""}""]","OCTANE_STRICT_RESULT:{""suite"":""Mandreel"",""benchmark"":""Mandreel"",""N"":1,""mode"":""measure"",""timer"":""Date.now"",""elapsed_ms"":1465,""elapsed_per_call_ms"":1465,""extra_validation_calls"":0,""correctness"":""PASS""}",,
quickjs,Gameboy,Gameboy,1,,1,417,417,0,true,2026-09-27T17:06:07.749792+00:00,,Date.now,462842400,0,3fc599b60ec8be6d0ab60d00add662dde31374ecb5b24167384d72d325a08a21,"[""C:\\Users\\mzyx\\Desktop\\0921\\js-interpreter-bench\\engines\\quickjs-upstream\\qjs.exe"", ""C:\\Users\\mzyx\\Desktop\\0921\\js-interpreter-bench\\experiments\\octane_strict\\generated\\Gameboy.Gameboy.js"", ""STRICT_CONFIG={\""N\"":1,\""mode\"":\""measure\"",\""timer\"":\""Date.now\""}""]","OCTANE_STRICT_RESULT:{""suite"":""Gameboy"",""benchmark"":""Gameboy"",""N"":1,""mode"":""measure"",""timer"":""Date.now"",""elapsed_ms"":417,""elapsed_per_call_ms"":417,""extra_validation_calls"":0,""correctness"":""PASS""}",,
v8_ignition,Gameboy,Gameboy,1,,1,360,360,0,true,2026-09-27T17:06:08.180612+00:00,--max-opt=0 --no-lazy,Date.now,419302700,0,3fc599b60ec8be6d0ab60d00add662dde31374ecb5b24167384d72d325a08a21,"[""C:\\Users\\mzyx\\Desktop\\0921\\js-interpreter-bench\\engines\\v8-official-15.6.21\\runtime\\d8.exe"", ""--snapshot_blob=C:\\Users\\mzyx\\Desktop\\0921\\js-interpreter-bench\\engines\\v8-official-15.6.21\\runtime\\snapshot_blob.bin"", ""--max-opt=0"", ""--no-lazy"", ""C:\\Users\\mzyx\\Desktop\\0921\\js-interpreter-bench\\experiments\\octane_strict\\generated\\Gameboy.Gameboy.js"", ""--"", ""STRICT_CONFIG={\""N\"":1,\""mode\"":\""measure\"",\""timer\"":\""Date.now\""}""]","OCTANE_STRICT_RESULT:{""suite"":""Gameboy"",""benchmark"":""Gameboy"",""N"":1,""mode"":""measure"",""timer"":""Date.now"",""elapsed_ms"":360,""elapsed_per_call_ms"":360,""extra_validation_calls"":0,""correctness"":""PASS""}",,
v8_ignition,Gameboy,Gameboy,2,,2,645,322.5,0,true,2026-09-27T17:06:08.907665+00:00,--max-opt=0 --no-lazy,Date.now,705441900,0,3fc599b60ec8be6d0ab60d00add662dde31374ecb5b24167384d72d325a08a21,"[""C:\\Users\\mzyx\\Desktop\\0921\\js-interpreter-bench\\engines\\v8-official-15.6.21\\runtime\\d8.exe"", ""--snapshot_blob=C:\\Users\\mzyx\\Desktop\\0921\\js-interpreter-bench\\engines\\v8-official-15.6.21\\runtime\\snapshot_blob.bin"", ""--max-opt=0"", ""--no-lazy"", ""C:\\Users\\mzyx\\Desktop\\0921\\js-interpreter-bench\\experiments\\octane_strict\\generated\\Gameboy.Gameboy.js"", ""--"", ""STRICT_CONFIG={\""N\"":2,\""mode\"":\""measure\"",\""timer\"":\""Date.now\""}""]","OCTANE_STRICT_RESULT:{""suite"":""Gameboy"",""benchmark"":""Gameboy"",""N"":2,""mode"":""measure"",""timer"":""Date.now"",""elapsed_ms"":645,""elapsed_per_call_ms"":322.5,""extra_validation_calls"":0,""correctness"":""PASS""}",,
quickjs,Gameboy,Gameboy,2,,2,760,380,0,true,2026-09-27T17:06:09.724978+00:00,,Date.now,805944400,0,3fc599b60ec8be6d0ab60d00add662dde31374ecb5b24167384d72d325a08a21,"[""C:\\Users\\mzyx\\Desktop\\0921\\js-interpreter-bench\\engines\\quickjs-upstream\\qjs.exe"", ""C:\\Users\\mzyx\\Desktop\\0921\\js-interpreter-bench\\experiments\\octane_strict\\generated\\Gameboy.Gameboy.js"", ""STRICT_CONFIG={\""N\"":2,\""mode\"":\""measure\"",\""timer\"":\""Date.now\""}""]","OCTANE_STRICT_RESULT:{""suite"":""Gameboy"",""benchmark"":""Gameboy"",""N"":2,""mode"":""measure"",""timer"":""Date.now"",""elapsed_ms"":760,""elapsed_per_call_ms"":380,""extra_validation_calls"":0,""correctness"":""PASS""}",,
quickjs,Gameboy,Gameboy,4,,4,1433,358.25,0,true,2026-09-27T17:06:11.226949+00:00,,Date.now,1479054300,0,3fc599b60ec8be6d0ab60d00add662dde31374ecb5b24167384d72d325a08a21,"[""C:\\Users\\mzyx\\Desktop\\0921\\js-interpreter-bench\\engines\\quickjs-upstream\\qjs.exe"", ""C:\\Users\\mzyx\\Desktop\\0921\\js-interpreter-bench\\experiments\\octane_strict\\generated\\Gameboy.Gameboy.js"", ""STRICT_CONFIG={\""N\"":4,\""mode\"":\""measure\"",\""timer\"":\""Date.now\""}""]","OCTANE_STRICT_RESULT:{""suite"":""Gameboy"",""benchmark"":""Gameboy"",""N"":4,""mode"":""measure"",""timer"":""Date.now"",""elapsed_ms"":1433,""elapsed_per_call_ms"":358.25,""extra_validation_calls"":0,""correctness"":""PASS""}",,
v8_ignition,Gameboy,Gameboy,4,,4,1178,294.5,0,true,2026-09-27T17:06:12.484587+00:00,--max-opt=0 --no-lazy,Date.now,1239505000,0,3fc599b60ec8be6d0ab60d00add662dde31374ecb5b24167384d72d325a08a21,"[""C:\\Users\\mzyx\\Desktop\\0921\\js-interpreter-bench\\engines\\v8-official-15.6.21\\runtime\\d8.exe"", ""--snapshot_blob=C:\\Users\\mzyx\\Desktop\\0921\\js-interpreter-bench\\engines\\v8-official-15.6.21\\runtime\\snapshot_blob.bin"", ""--max-opt=0"", ""--no-lazy"", ""C:\\Users\\mzyx\\Desktop\\0921\\js-interpreter-bench\\experiments\\octane_strict\\generated\\Gameboy.Gameboy.js"", ""--"", ""STRICT_CONFIG={\""N\"":4,\""mode\"":\""measure\"",\""timer\"":\""Date.now\""}""]","OCTANE_STRICT_RESULT:{""suite"":""Gameboy"",""benchmark"":""Gameboy"",""N"":4,""mode"":""measure"",""timer"":""Date.now"",""elapsed_ms"":1178,""elapsed_per_call_ms"":294.5,""extra_validation_calls"":0,""correctness"":""PASS""}",,
quickjs,CodeLoad,CodeLoadClosure,1,,1,1,1,0,true,2026-09-27T17:06:12.517553+00:00,,Date.now,13652500,0,9c3f2890631a64f3776ae7d0cbc83510f2cadc62313f8e27b4ab278dd94390e8,"[""C:\\Users\\mzyx\\Desktop\\0921\\js-interpreter-bench\\engines\\quickjs-upstream\\qjs.exe"", ""C:\\Users\\mzyx\\Desktop\\0921\\js-interpreter-bench\\experiments\\octane_strict\\generated\\CodeLoad.CodeLoadClosure.js"", ""STRICT_CONFIG={\""N\"":1,\""mode\"":\""measure\"",\""timer\"":\""Date.now\""}""]","OCTANE_STRICT_RESULT:{""suite"":""CodeLoad"",""benchmark"":""CodeLoadClosure"",""N"":1,""mode"":""measure"",""timer"":""Date.now"",""elapsed_ms"":1,""elapsed_per_call_ms"":1,""extra_validation_calls"":0,""correctness"":""PASS""}",,
v8_ignition,CodeLoad,CodeLoadClosure,1,,1,0,0,0,true,2026-09-27T17:06:12.566919+00:00,--max-opt=0 --no-lazy,Date.now,38690100,0,9c3f2890631a64f3776ae7d0cbc83510f2cadc62313f8e27b4ab278dd94390e8,"[""C:\\Users\\mzyx\\Desktop\\0921\\js-interpreter-bench\\engines\\v8-official-15.6.21\\runtime\\d8.exe"", ""--snapshot_blob=C:\\Users\\mzyx\\Desktop\\0921\\js-interpreter-bench\\engines\\v8-official-15.6.21\\runtime\\snapshot_blob.bin"", ""--max-opt=0"", ""--no-lazy"", ""C:\\Users\\mzyx\\Desktop\\0921\\js-interpreter-bench\\experiments\\octane_strict\\generated\\CodeLoad.CodeLoadClosure.js"", ""--"", ""STRICT_CONFIG={\""N\"":1,\""mode\"":\""measure\"",\""timer\"":\""Date.now\""}""]","OCTANE_STRICT_RESULT:{""suite"":""CodeLoad"",""benchmark"":""CodeLoadClosure"",""N"":1,""mode"":""measure"",""timer"":""Date.now"",""elapsed_ms"":0,""elapsed_per_call_ms"":0,""extra_validation_calls"":0,""correctness"":""PASS""}",,
v8_ignition,CodeLoad,CodeLoadClosure,2,,2,1,0.5,0,true,2026-09-27T17:06:12.625519+00:00,--max-opt=0 --no-lazy,Date.now,39095100,0,9c3f2890631a64f3776ae7d0cbc83510f2cadc62313f8e27b4ab278dd94390e8,"[""C:\\Users\\mzyx\\Desktop\\0921\\js-interpreter-bench\\engines\\v8-official-15.6.21\\runtime\\d8.exe"", ""--snapshot_blob=C:\\Users\\mzyx\\Desktop\\0921\\js-interpreter-bench\\engines\\v8-official-15.6.21\\runtime\\snapshot_blob.bin"", ""--max-opt=0"", ""--no-lazy"", ""C:\\Users\\mzyx\\Desktop\\0921\\js-interpreter-bench\\experiments\\octane_strict\\generated\\CodeLoad.CodeLoadClosure.js"", ""--"", ""STRICT_CONFIG={\""N\"":2,\""mode\"":\""measure\"",\""timer\"":\""Date.now\""}""]","OCTANE_STRICT_RESULT:{""suite"":""CodeLoad"",""benchmark"":""CodeLoadClosure"",""N"":2,""mode"":""measure"",""timer"":""Date.now"",""elapsed_ms"":1,""elapsed_per_call_ms"":0.5,""extra_validation_calls"":0,""correctness"":""PASS""}",,
quickjs,CodeLoad,CodeLoadClosure,2,,2,1,0.5,0,true,2026-09-27T17:06:12.650730+00:00,,Date.now,13885100,0,9c3f2890631a64f3776ae7d0cbc83510f2cadc62313f8e27b4ab278dd94390e8,"[""C:\\Users\\mzyx\\Desktop\\0921\\js-interpreter-bench\\engines\\quickjs-upstream\\qjs.exe"", ""C:\\Users\\mzyx\\Desktop\\0921\\js-interpreter-bench\\experiments\\octane_strict\\generated\\CodeLoad.CodeLoadClosure.js"", ""STRICT_CONFIG={\""N\"":2,\""mode\"":\""measure\"",\""timer\"":\""Date.now\""}""]","OCTANE_STRICT_RESULT:{""suite"":""CodeLoad"",""benchmark"":""CodeLoadClosure"",""N"":2,""mode"":""measure"",""timer"":""Date.now"",""elapsed_ms"":1,""elapsed_per_call_ms"":0.5,""extra_validation_calls"":0,""correctness"":""PASS""}",,
quickjs,CodeLoad,CodeLoadClosure,4,,4,4,1,0,true,2026-09-27T17:06:12.689708+00:00,,Date.now,20894000,0,9c3f2890631a64f3776ae7d0cbc83510f2cadc62313f8e27b4ab278dd94390e8,"[""C:\\Users\\mzyx\\Desktop\\0921\\js-interpreter-bench\\engines\\quickjs-upstream\\qjs.exe"", ""C:\\Users\\mzyx\\Desktop\\0921\\js-interpreter-bench\\experiments\\octane_strict\\generated\\CodeLoad.CodeLoadClosure.js"", ""STRICT_CONFIG={\""N\"":4,\""mode\"":\""measure\"",\""timer\"":\""Date.now\""}""]","OCTANE_STRICT_RESULT:{""suite"":""CodeLoad"",""benchmark"":""CodeLoadClosure"",""N"":4,""mode"":""measure"",""timer"":""Date.now"",""elapsed_ms"":4,""elapsed_per_call_ms"":1,""extra_validation_calls"":0,""correctness"":""PASS""}",,
v8_ignition,CodeLoad,CodeLoadClosure,4,,4,1,0.25,0,true,2026-09-27T17:06:12.743138+00:00,--max-opt=0 --no-lazy,Date.now,40101800,0,9c3f2890631a64f3776ae7d0cbc83510f2cadc62313f8e27b4ab278dd94390e8,"[""C:\\Users\\mzyx\\Desktop\\0921\\js-interpreter-bench\\engines\\v8-official-15.6.21\\runtime\\d8.exe"", ""--snapshot_blob=C:\\Users\\mzyx\\Desktop\\0921\\js-interpreter-bench\\engines\\v8-official-15.6.21\\runtime\\snapshot_blob.bin"", ""--max-opt=0"", ""--no-lazy"", ""C:\\Users\\mzyx\\Desktop\\0921\\js-interpreter-bench\\experiments\\octane_strict\\generated\\CodeLoad.CodeLoadClosure.js"", ""--"", ""STRICT_CONFIG={\""N\"":4,\""mode\"":\""measure\"",\""timer\"":\""Date.now\""}""]","OCTANE_STRICT_RESULT:{""suite"":""CodeLoad"",""benchmark"":""CodeLoadClosure"",""N"":4,""mode"":""measure"",""timer"":""Date.now"",""elapsed_ms"":1,""elapsed_per_call_ms"":0.25,""extra_validation_calls"":0,""correctness"":""PASS""}",,
v8_ignition,CodeLoad,CodeLoadClosure,8,,8,3,0.375,0,true,2026-09-27T17:06:12.807413+00:00,--max-opt=0 --no-lazy,Date.now,42217900,0,9c3f2890631a64f3776ae7d0cbc83510f2cadc62313f8e27b4ab278dd94390e8,"[""C:\\Users\\mzyx\\Desktop\\0921\\js-interpreter-bench\\engines\\v8-official-15.6.21\\runtime\\d8.exe"", ""--snapshot_blob=C:\\Users\\mzyx\\Desktop\\0921\\js-interpreter-bench\\engines\\v8-official-15.6.21\\runtime\\snapshot_blob.bin"", ""--max-opt=0"", ""--no-lazy"", ""C:\\Users\\mzyx\\Desktop\\0921\\js-interpreter-bench\\experiments\\octane_strict\\generated\\CodeLoad.CodeLoadClosure.js"", ""--"", ""STRICT_CONFIG={\""N\"":8,\""mode\"":\""measure\"",\""timer\"":\""Date.now\""}""]","OCTANE_STRICT_RESULT:{""suite"":""CodeLoad"",""benchmark"":""CodeLoadClosure"",""N"":8,""mode"":""measure"",""timer"":""Date.now"",""elapsed_ms"":3,""elapsed_per_call_ms"":0.375,""extra_validation_calls"":0,""correctness"":""PASS""}",,
quickjs,CodeLoad,CodeLoadClosure,8,,8,5,0.625,0,true,2026-09-27T17:06:12.835492+00:00,,Date.now,17973900,0,9c3f2890631a64f3776ae7d0cbc83510f2cadc62313f8e27b4ab278dd94390e8,"[""C:\\Users\\mzyx\\Desktop\\0921\\js-interpreter-bench\\engines\\quickjs-upstream\\qjs.exe"", ""C:\\Users\\mzyx\\Desktop\\0921\\js-interpreter-bench\\experiments\\octane_strict\\generated\\CodeLoad.CodeLoadClosure.js"", ""STRICT_CONFIG={\""N\"":8,\""mode\"":\""measure\"",\""timer\"":\""Date.now\""}""]","OCTANE_STRICT_RESULT:{""suite"":""CodeLoad"",""benchmark"":""CodeLoadClosure"",""N"":8,""mode"":""measure"",""timer"":""Date.now"",""elapsed_ms"":5,""elapsed_per_call_ms"":0.625,""extra_validation_calls"":0,""correctness"":""PASS""}",,
quickjs,CodeLoad,CodeLoadClosure,16,,16,10,0.625,0,true,2026-09-27T17:06:12.878869+00:00,,Date.now,23056000,0,9c3f2890631a64f3776ae7d0cbc83510f2cadc62313f8e27b4ab278dd94390e8,"[""C:\\Users\\mzyx\\Desktop\\0921\\js-interpreter-bench\\engines\\quickjs-upstream\\qjs.exe"", ""C:\\Users\\mzyx\\Desktop\\0921\\js-interpreter-bench\\experiments\\octane_strict\\generated\\CodeLoad.CodeLoadClosure.js"", ""STRICT_CONFIG={\""N\"":16,\""mode\"":\""measure\"",\""timer\"":\""Date.now\""}""]","OCTANE_STRICT_RESULT:{""suite"":""CodeLoad"",""benchmark"":""CodeLoadClosure"",""N"":16,""mode"":""measure"",""timer"":""Date.now"",""elapsed_ms"":10,""elapsed_per_call_ms"":0.625,""extra_validation_calls"":0,""correctness"":""PASS""}",,
v8_ignition,CodeLoad,CodeLoadClosure,16,,16,5,0.3125,0,true,2026-09-27T17:06:12.931103+00:00,--max-opt=0 --no-lazy,Date.now,42892100,0,9c3f2890631a64f3776ae7d0cbc83510f2cadc62313f8e27b4ab278dd94390e8,"[""C:\\Users\\mzyx\\Desktop\\0921\\js-interpreter-bench\\engines\\v8-official-15.6.21\\runtime\\d8.exe"", ""--snapshot_blob=C:\\Users\\mzyx\\Desktop\\0921\\js-interpreter-bench\\engines\\v8-official-15.6.21\\runtime\\snapshot_blob.bin"", ""--max-opt=0"", ""--no-lazy"", ""C:\\Users\\mzyx\\Desktop\\0921\\js-interpreter-bench\\experiments\\octane_strict\\generated\\CodeLoad.CodeLoadClosure.js"", ""--"", ""STRICT_CONFIG={\""N\"":16,\""mode\"":\""measure\"",\""timer\"":\""Date.now\""}""]","OCTANE_STRICT_RESULT:{""suite"":""CodeLoad"",""benchmark"":""CodeLoadClosure"",""N"":16,""mode"":""measure"",""timer"":""Date.now"",""elapsed_ms"":5,""elapsed_per_call_ms"":0.3125,""extra_validation_calls"":0,""correctness"":""PASS""}",,
v8_ignition,CodeLoad,CodeLoadClosure,32,,32,10,0.3125,0,true,2026-09-27T17:06:12.999889+00:00,--max-opt=0 --no-lazy,Date.now,48194900,0,9c3f2890631a64f3776ae7d0cbc83510f2cadc62313f8e27b4ab278dd94390e8,"[""C:\\Users\\mzyx\\Desktop\\0921\\js-interpreter-bench\\engines\\v8-official-15.6.21\\runtime\\d8.exe"", ""--snapshot_blob=C:\\Users\\mzyx\\Desktop\\0921\\js-interpreter-bench\\engines\\v8-official-15.6.21\\runtime\\snapshot_blob.bin"", ""--max-opt=0"", ""--no-lazy"", ""C:\\Users\\mzyx\\Desktop\\0921\\js-interpreter-bench\\experiments\\octane_strict\\generated\\CodeLoad.CodeLoadClosure.js"", ""--"", ""STRICT_CONFIG={\""N\"":32,\""mode\"":\""measure\"",\""timer\"":\""Date.now\""}""]","OCTANE_STRICT_RESULT:{""suite"":""CodeLoad"",""benchmark"":""CodeLoadClosure"",""N"":32,""mode"":""measure"",""timer"":""Date.now"",""elapsed_ms"":10,""elapsed_per_call_ms"":0.3125,""extra_validation_calls"":0,""correctness"":""PASS""}",,
quickjs,CodeLoad,CodeLoadClosure,32,,32,19,0.59375,0,true,2026-09-27T17:06:13.042191+00:00,,Date.now,32571500,0,9c3f2890631a64f3776ae7d0cbc83510f2cadc62313f8e27b4ab278dd94390e8,"[""C:\\Users\\mzyx\\Desktop\\0921\\js-interpreter-bench\\engines\\quickjs-upstream\\qjs.exe"", ""C:\\Users\\mzyx\\Desktop\\0921\\js-interpreter-bench\\experiments\\octane_strict\\generated\\CodeLoad.CodeLoadClosure.js"", ""STRICT_CONFIG={\""N\"":32,\""mode\"":\""measure\"",\""timer\"":\""Date.now\""}""]","OCTANE_STRICT_RESULT:{""suite"":""CodeLoad"",""benchmark"":""CodeLoadClosure"",""N"":32,""mode"":""measure"",""timer"":""Date.now"",""elapsed_ms"":19,""elapsed_per_call_ms"":0.59375,""extra_validation_calls"":0,""correctness"":""PASS""}",,
quickjs,CodeLoad,CodeLoadClosure,64,,64,38,0.59375,0,true,2026-09-27T17:06:13.115137+00:00,,Date.now,52337600,0,9c3f2890631a64f3776ae7d0cbc83510f2cadc62313f8e27b4ab278dd94390e8,"[""C:\\Users\\mzyx\\Desktop\\0921\\js-interpreter-bench\\engines\\quickjs-upstream\\qjs.exe"", ""C:\\Users\\mzyx\\Desktop\\0921\\js-interpreter-bench\\experiments\\octane_strict\\generated\\CodeLoad.CodeLoadClosure.js"", ""STRICT_CONFIG={\""N\"":64,\""mode\"":\""measure\"",\""timer\"":\""Date.now\""}""]","OCTANE_STRICT_RESULT:{""suite"":""CodeLoad"",""benchmark"":""CodeLoadClosure"",""N"":64,""mode"":""measure"",""timer"":""Date.now"",""elapsed_ms"":38,""elapsed_per_call_ms"":0.59375,""extra_validation_calls"":0,""correctness"":""PASS""}",,
v8_ignition,CodeLoad,CodeLoadClosure,64,,64,20,0.3125,0,true,2026-09-27T17:06:13.184690+00:00,--max-opt=0 --no-lazy,Date.now,58975400,0,9c3f2890631a64f3776ae7d0cbc83510f2cadc62313f8e27b4ab278dd94390e8,"[""C:\\Users\\mzyx\\Desktop\\0921\\js-interpreter-bench\\engines\\v8-official-15.6.21\\runtime\\d8.exe"", ""--snapshot_blob=C:\\Users\\mzyx\\Desktop\\0921\\js-interpreter-bench\\engines\\v8-official-15.6.21\\runtime\\snapshot_blob.bin"", ""--max-opt=0"", ""--no-lazy"", ""C:\\Users\\mzyx\\Desktop\\0921\\js-interpreter-bench\\experiments\\octane_strict\\generated\\CodeLoad.CodeLoadClosure.js"", ""--"", ""STRICT_CONFIG={\""N\"":64,\""mode\"":\""measure\"",\""timer\"":\""Date.now\""}""]","OCTANE_STRICT_RESULT:{""suite"":""CodeLoad"",""benchmark"":""CodeLoadClosure"",""N"":64,""mode"":""measure"",""timer"":""Date.now"",""elapsed_ms"":20,""elapsed_per_call_ms"":0.3125,""extra_validation_calls"":0,""correctness"":""PASS""}",,
v8_ignition,CodeLoad,CodeLoadClosure,128,,128,38,0.296875,0,true,2026-09-27T17:06:13.281960+00:00,--max-opt=0 --no-lazy,Date.now,78295800,0,9c3f2890631a64f3776ae7d0cbc83510f2cadc62313f8e27b4ab278dd94390e8,"[""C:\\Users\\mzyx\\Desktop\\0921\\js-interpreter-bench\\engines\\v8-official-15.6.21\\runtime\\d8.exe"", ""--snapshot_blob=C:\\Users\\mzyx\\Desktop\\0921\\js-interpreter-bench\\engines\\v8-official-15.6.21\\runtime\\snapshot_blob.bin"", ""--max-opt=0"", ""--no-lazy"", ""C:\\Users\\mzyx\\Desktop\\0921\\js-interpreter-bench\\experiments\\octane_strict\\generated\\CodeLoad.CodeLoadClosure.js"", ""--"", ""STRICT_CONFIG={\""N\"":128,\""mode\"":\""measure\"",\""timer\"":\""Date.now\""}""]","OCTANE_STRICT_RESULT:{""suite"":""CodeLoad"",""benchmark"":""CodeLoadClosure"",""N"":128,""mode"":""measure"",""timer"":""Date.now"",""elapsed_ms"":38,""elapsed_per_call_ms"":0.296875,""extra_validation_calls"":0,""correctness"":""PASS""}",,
quickjs,CodeLoad,CodeLoadClosure,128,,128,75,0.5859375,0,true,2026-09-27T17:06:13.386411+00:00,,Date.now,91560900,0,9c3f2890631a64f3776ae7d0cbc83510f2cadc62313f8e27b4ab278dd94390e8,"[""C:\\Users\\mzyx\\Desktop\\0921\\js-interpreter-bench\\engines\\quickjs-upstream\\qjs.exe"", ""C:\\Users\\mzyx\\Desktop\\0921\\js-interpreter-bench\\experiments\\octane_strict\\generated\\CodeLoad.CodeLoadClosure.js"", ""STRICT_CONFIG={\""N\"":128,\""mode\"":\""measure\"",\""timer\"":\""Date.now\""}""]","OCTANE_STRICT_RESULT:{""suite"":""CodeLoad"",""benchmark"":""CodeLoadClosure"",""N"":128,""mode"":""measure"",""timer"":""Date.now"",""elapsed_ms"":75,""elapsed_per_call_ms"":0.5859375,""extra_validation_calls"":0,""correctness"":""PASS""}",,
quickjs,CodeLoad,CodeLoadClosure,256,,256,152,0.59375,0,true,2026-09-27T17:06:13.576610+00:00,,Date.now,168794600,0,9c3f2890631a64f3776ae7d0cbc83510f2cadc62313f8e27b4ab278dd94390e8,"[""C:\\Users\\mzyx\\Desktop\\0921\\js-interpreter-bench\\engines\\quickjs-upstream\\qjs.exe"", ""C:\\Users\\mzyx\\Desktop\\0921\\js-interpreter-bench\\experiments\\octane_strict\\generated\\CodeLoad.CodeLoadClosure.js"", ""STRICT_CONFIG={\""N\"":256,\""mode\"":\""measure\"",\""timer\"":\""Date.now\""}""]","OCTANE_STRICT_RESULT:{""suite"":""CodeLoad"",""benchmark"":""CodeLoadClosure"",""N"":256,""mode"":""measure"",""timer"":""Date.now"",""elapsed_ms"":152,""elapsed_per_call_ms"":0.59375,""extra_validation_calls"":0,""correctness"":""PASS""}",,
v8_ignition,CodeLoad,CodeLoadClosure,256,,256,75,0.29296875,0,true,2026-09-27T17:06:13.702341+00:00,--max-opt=0 --no-lazy,Date.now,115331800,0,9c3f2890631a64f3776ae7d0cbc83510f2cadc62313f8e27b4ab278dd94390e8,"[""C:\\Users\\mzyx\\Desktop\\0921\\js-interpreter-bench\\engines\\v8-official-15.6.21\\runtime\\d8.exe"", ""--snapshot_blob=C:\\Users\\mzyx\\Desktop\\0921\\js-interpreter-bench\\engines\\v8-official-15.6.21\\runtime\\snapshot_blob.bin"", ""--max-opt=0"", ""--no-lazy"", ""C:\\Users\\mzyx\\Desktop\\0921\\js-interpreter-bench\\experiments\\octane_strict\\generated\\CodeLoad.CodeLoadClosure.js"", ""--"", ""STRICT_CONFIG={\""N\"":256,\""mode\"":\""measure\"",\""timer\"":\""Date.now\""}""]","OCTANE_STRICT_RESULT:{""suite"":""CodeLoad"",""benchmark"":""CodeLoadClosure"",""N"":256,""mode"":""measure"",""timer"":""Date.now"",""elapsed_ms"":75,""elapsed_per_call_ms"":0.29296875,""extra_validation_calls"":0,""correctness"":""PASS""}",,
v8_ignition,CodeLoad,CodeLoadClosure,512,,512,152,0.296875,0,true,2026-09-27T17:06:13.914936+00:00,--max-opt=0 --no-lazy,Date.now,193016300,0,9c3f2890631a64f3776ae7d0cbc83510f2cadc62313f8e27b4ab278dd94390e8,"[""C:\\Users\\mzyx\\Desktop\\0921\\js-interpreter-bench\\engines\\v8-official-15.6.21\\runtime\\d8.exe"", ""--snapshot_blob=C:\\Users\\mzyx\\Desktop\\0921\\js-interpreter-bench\\engines\\v8-official-15.6.21\\runtime\\snapshot_blob.bin"", ""--max-opt=0"", ""--no-lazy"", ""C:\\Users\\mzyx\\Desktop\\0921\\js-interpreter-bench\\experiments\\octane_strict\\generated\\CodeLoad.CodeLoadClosure.js"", ""--"", ""STRICT_CONFIG={\""N\"":512,\""mode\"":\""measure\"",\""timer\"":\""Date.now\""}""]","OCTANE_STRICT_RESULT:{""suite"":""CodeLoad"",""benchmark"":""CodeLoadClosure"",""N"":512,""mode"":""measure"",""timer"":""Date.now"",""elapsed_ms"":152,""elapsed_per_call_ms"":0.296875,""extra_validation_calls"":0,""correctness"":""PASS""}",,
quickjs,CodeLoad,CodeLoadClosure,512,,512,308,0.6015625,0,true,2026-09-27T17:06:14.257762+00:00,,Date.now,331910700,0,9c3f2890631a64f3776ae7d0cbc83510f2cadc62313f8e27b4ab278dd94390e8,"[""C:\\Users\\mzyx\\Desktop\\0921\\js-interpreter-bench\\engines\\quickjs-upstream\\qjs.exe"", ""C:\\Users\\mzyx\\Desktop\\0921\\js-interpreter-bench\\experiments\\octane_strict\\generated\\CodeLoad.CodeLoadClosure.js"", ""STRICT_CONFIG={\""N\"":512,\""mode\"":\""measure\"",\""timer\"":\""Date.now\""}""]","OCTANE_STRICT_RESULT:{""suite"":""CodeLoad"",""benchmark"":""CodeLoadClosure"",""N"":512,""mode"":""measure"",""timer"":""Date.now"",""elapsed_ms"":308,""elapsed_per_call_ms"":0.6015625,""extra_validation_calls"":0,""correctness"":""PASS""}",,
quickjs,CodeLoad,CodeLoadClosure,1024,,1024,606,0.591796875,0,true,2026-09-27T17:06:14.927701+00:00,,Date.now,650430500,0,9c3f2890631a64f3776ae7d0cbc83510f2cadc62313f8e27b4ab278dd94390e8,"[""C:\\Users\\mzyx\\Desktop\\0921\\js-interpreter-bench\\engines\\quickjs-upstream\\qjs.exe"", ""C:\\Users\\mzyx\\Desktop\\0921\\js-interpreter-bench\\experiments\\octane_strict\\generated\\CodeLoad.CodeLoadClosure.js"", ""STRICT_CONFIG={\""N\"":1024,\""mode\"":\""measure\"",\""timer\"":\""Date.now\""}""]","OCTANE_STRICT_RESULT:{""suite"":""CodeLoad"",""benchmark"":""CodeLoadClosure"",""N"":1024,""mode"":""measure"",""timer"":""Date.now"",""elapsed_ms"":606,""elapsed_per_call_ms"":0.591796875,""extra_validation_calls"":0,""correctness"":""PASS""}",,
v8_ignition,CodeLoad,CodeLoadClosure,1024,,1024,307,0.2998046875,0,true,2026-09-27T17:06:15.286443+00:00,--max-opt=0 --no-lazy,Date.now,347626200,0,9c3f2890631a64f3776ae7d0cbc83510f2cadc62313f8e27b4ab278dd94390e8,"[""C:\\Users\\mzyx\\Desktop\\0921\\js-interpreter-bench\\engines\\v8-official-15.6.21\\runtime\\d8.exe"", ""--snapshot_blob=C:\\Users\\mzyx\\Desktop\\0921\\js-interpreter-bench\\engines\\v8-official-15.6.21\\runtime\\snapshot_blob.bin"", ""--max-opt=0"", ""--no-lazy"", ""C:\\Users\\mzyx\\Desktop\\0921\\js-interpreter-bench\\experiments\\octane_strict\\generated\\CodeLoad.CodeLoadClosure.js"", ""--"", ""STRICT_CONFIG={\""N\"":1024,\""mode\"":\""measure\"",\""timer\"":\""Date.now\""}""]","OCTANE_STRICT_RESULT:{""suite"":""CodeLoad"",""benchmark"":""CodeLoadClosure"",""N"":1024,""mode"":""measure"",""timer"":""Date.now"",""elapsed_ms"":307,""elapsed_per_call_ms"":0.2998046875,""extra_validation_calls"":0,""correctness"":""PASS""}",,
v8_ignition,CodeLoad,CodeLoadClosure,2048,,2048,597,0.29150390625,0,true,2026-09-27T17:06:15.949073+00:00,--max-opt=0 --no-lazy,Date.now,641675700,0,9c3f2890631a64f3776ae7d0cbc83510f2cadc62313f8e27b4ab278dd94390e8,"[""C:\\Users\\mzyx\\Desktop\\0921\\js-interpreter-bench\\engines\\v8-official-15.6.21\\runtime\\d8.exe"", ""--snapshot_blob=C:\\Users\\mzyx\\Desktop\\0921\\js-interpreter-bench\\engines\\v8-official-15.6.21\\runtime\\snapshot_blob.bin"", ""--max-opt=0"", ""--no-lazy"", ""C:\\Users\\mzyx\\Desktop\\0921\\js-interpreter-bench\\experiments\\octane_strict\\generated\\CodeLoad.CodeLoadClosure.js"", ""--"", ""STRICT_CONFIG={\""N\"":2048,\""mode\"":\""measure\"",\""timer\"":\""Date.now\""}""]","OCTANE_STRICT_RESULT:{""suite"":""CodeLoad"",""benchmark"":""CodeLoadClosure"",""N"":2048,""mode"":""measure"",""timer"":""Date.now"",""elapsed_ms"":597,""elapsed_per_call_ms"":0.29150390625,""extra_validation_calls"":0,""correctness"":""PASS""}",,
quickjs,CodeLoad,CodeLoadClosure,2048,,2048,1217,0.59423828125,0,true,2026-09-27T17:06:17.249953+00:00,,Date.now,1289918600,0,9c3f2890631a64f3776ae7d0cbc83510f2cadc62313f8e27b4ab278dd94390e8,"[""C:\\Users\\mzyx\\Desktop\\0921\\js-interpreter-bench\\engines\\quickjs-upstream\\qjs.exe"", ""C:\\Users\\mzyx\\Desktop\\0921\\js-interpreter-bench\\experiments\\octane_strict\\generated\\CodeLoad.CodeLoadClosure.js"", ""STRICT_CONFIG={\""N\"":2048,\""mode\"":\""measure\"",\""timer\"":\""Date.now\""}""]","OCTANE_STRICT_RESULT:{""suite"":""CodeLoad"",""benchmark"":""CodeLoadClosure"",""N"":2048,""mode"":""measure"",""timer"":""Date.now"",""elapsed_ms"":1217,""elapsed_per_call_ms"":0.59423828125,""extra_validation_calls"":0,""correctness"":""PASS""}",,
quickjs,CodeLoad,CodeLoadClosure,4096,,4096,2465,0.601806640625,0,true,2026-09-27T17:06:19.870384+00:00,,Date.now,2601533800,0,9c3f2890631a64f3776ae7d0cbc83510f2cadc62313f8e27b4ab278dd94390e8,"[""C:\\Users\\mzyx\\Desktop\\0921\\js-interpreter-bench\\engines\\quickjs-upstream\\qjs.exe"", ""C:\\Users\\mzyx\\Desktop\\0921\\js-interpreter-bench\\experiments\\octane_strict\\generated\\CodeLoad.CodeLoadClosure.js"", ""STRICT_CONFIG={\""N\"":4096,\""mode\"":\""measure\"",\""timer\"":\""Date.now\""}""]","OCTANE_STRICT_RESULT:{""suite"":""CodeLoad"",""benchmark"":""CodeLoadClosure"",""N"":4096,""mode"":""measure"",""timer"":""Date.now"",""elapsed_ms"":2465,""elapsed_per_call_ms"":0.601806640625,""extra_validation_calls"":0,""correctness"":""PASS""}",,
v8_ignition,CodeLoad,CodeLoadClosure,4096,,4096,1159,0.282958984375,0,true,2026-09-27T17:06:21.093309+00:00,--max-opt=0 --no-lazy,Date.now,1211414300,0,9c3f2890631a64f3776ae7d0cbc83510f2cadc62313f8e27b4ab278dd94390e8,"[""C:\\Users\\mzyx\\Desktop\\0921\\js-interpreter-bench\\engines\\v8-official-15.6.21\\runtime\\d8.exe"", ""--snapshot_blob=C:\\Users\\mzyx\\Desktop\\0921\\js-interpreter-bench\\engines\\v8-official-15.6.21\\runtime\\snapshot_blob.bin"", ""--max-opt=0"", ""--no-lazy"", ""C:\\Users\\mzyx\\Desktop\\0921\\js-interpreter-bench\\experiments\\octane_strict\\generated\\CodeLoad.CodeLoadClosure.js"", ""--"", ""STRICT_CONFIG={\""N\"":4096,\""mode\"":\""measure\"",\""timer\"":\""Date.now\""}""]","OCTANE_STRICT_RESULT:{""suite"":""CodeLoad"",""benchmark"":""CodeLoadClosure"",""N"":4096,""mode"":""measure"",""timer"":""Date.now"",""elapsed_ms"":1159,""elapsed_per_call_ms"":0.282958984375,""extra_validation_calls"":0,""correctness"":""PASS""}",,
quickjs,CodeLoad,CodeLoadJQuery,1,,1,11,11,0,true,2026-09-27T17:06:21.142257+00:00,,Date.now,25117900,0,20f796e914b6995cc6114a2de2953e5cf5dd579501264d69dd26188909f790af,"[""C:\\Users\\mzyx\\Desktop\\0921\\js-interpreter-bench\\engines\\quickjs-upstream\\qjs.exe"", ""C:\\Users\\mzyx\\Desktop\\0921\\js-interpreter-bench\\experiments\\octane_strict\\generated\\CodeLoad.CodeLoadJQuery.js"", ""STRICT_CONFIG={\""N\"":1,\""mode\"":\""measure\"",\""timer\"":\""Date.now\""}""]","OCTANE_STRICT_RESULT:{""suite"":""CodeLoad"",""benchmark"":""CodeLoadJQuery"",""N"":1,""mode"":""measure"",""timer"":""Date.now"",""elapsed_ms"":11,""elapsed_per_call_ms"":11,""extra_validation_calls"":0,""correctness"":""PASS""}",,
v8_ignition,CodeLoad,CodeLoadJQuery,1,,1,7,7,0,true,2026-09-27T17:06:21.199707+00:00,--max-opt=0 --no-lazy,Date.now,46962600,0,20f796e914b6995cc6114a2de2953e5cf5dd579501264d69dd26188909f790af,"[""C:\\Users\\mzyx\\Desktop\\0921\\js-interpreter-bench\\engines\\v8-official-15.6.21\\runtime\\d8.exe"", ""--snapshot_blob=C:\\Users\\mzyx\\Desktop\\0921\\js-interpreter-bench\\engines\\v8-official-15.6.21\\runtime\\snapshot_blob.bin"", ""--max-opt=0"", ""--no-lazy"", ""C:\\Users\\mzyx\\Desktop\\0921\\js-interpreter-bench\\experiments\\octane_strict\\generated\\CodeLoad.CodeLoadJQuery.js"", ""--"", ""STRICT_CONFIG={\""N\"":1,\""mode\"":\""measure\"",\""timer\"":\""Date.now\""}""]","OCTANE_STRICT_RESULT:{""suite"":""CodeLoad"",""benchmark"":""CodeLoadJQuery"",""N"":1,""mode"":""measure"",""timer"":""Date.now"",""elapsed_ms"":7,""elapsed_per_call_ms"":7,""extra_validation_calls"":0,""correctness"":""PASS""}",,
v8_ignition,CodeLoad,CodeLoadJQuery,2,,2,11,5.5,0,true,2026-09-27T17:06:21.266870+00:00,--max-opt=0 --no-lazy,Date.now,48549700,0,20f796e914b6995cc6114a2de2953e5cf5dd579501264d69dd26188909f790af,"[""C:\\Users\\mzyx\\Desktop\\0921\\js-interpreter-bench\\engines\\v8-official-15.6.21\\runtime\\d8.exe"", ""--snapshot_blob=C:\\Users\\mzyx\\Desktop\\0921\\js-interpreter-bench\\engines\\v8-official-15.6.21\\runtime\\snapshot_blob.bin"", ""--max-opt=0"", ""--no-lazy"", ""C:\\Users\\mzyx\\Desktop\\0921\\js-interpreter-bench\\experiments\\octane_strict\\generated\\CodeLoad.CodeLoadJQuery.js"", ""--"", ""STRICT_CONFIG={\""N\"":2,\""mode\"":\""measure\"",\""timer\"":\""Date.now\""}""]","OCTANE_STRICT_RESULT:{""suite"":""CodeLoad"",""benchmark"":""CodeLoadJQuery"",""N"":2,""mode"":""measure"",""timer"":""Date.now"",""elapsed_ms"":11,""elapsed_per_call_ms"":5.5,""extra_validation_calls"":0,""correctness"":""PASS""}",,
quickjs,CodeLoad,CodeLoadJQuery,2,,2,22,11,0,true,2026-09-27T17:06:21.313063+00:00,,Date.now,36305800,0,20f796e914b6995cc6114a2de2953e5cf5dd579501264d69dd26188909f790af,"[""C:\\Users\\mzyx\\Desktop\\0921\\js-interpreter-bench\\engines\\quickjs-upstream\\qjs.exe"", ""C:\\Users\\mzyx\\Desktop\\0921\\js-interpreter-bench\\experiments\\octane_strict\\generated\\CodeLoad.CodeLoadJQuery.js"", ""STRICT_CONFIG={\""N\"":2,\""mode\"":\""measure\"",\""timer\"":\""Date.now\""}""]","OCTANE_STRICT_RESULT:{""suite"":""CodeLoad"",""benchmark"":""CodeLoadJQuery"",""N"":2,""mode"":""measure"",""timer"":""Date.now"",""elapsed_ms"":22,""elapsed_per_call_ms"":11,""extra_validation_calls"":0,""correctness"":""PASS""}",,
quickjs,CodeLoad,CodeLoadJQuery,4,,4,44,11,0,true,2026-09-27T17:06:21.389308+00:00,,Date.now,58036400,0,20f796e914b6995cc6114a2de2953e5cf5dd579501264d69dd26188909f790af,"[""C:\\Users\\mzyx\\Desktop\\0921\\js-interpreter-bench\\engines\\quickjs-upstream\\qjs.exe"", ""C:\\Users\\mzyx\\Desktop\\0921\\js-interpreter-bench\\experiments\\octane_strict\\generated\\CodeLoad.CodeLoadJQuery.js"", ""STRICT_CONFIG={\""N\"":4,\""mode\"":\""measure\"",\""timer\"":\""Date.now\""}""]","OCTANE_STRICT_RESULT:{""suite"":""CodeLoad"",""benchmark"":""CodeLoadJQuery"",""N"":4,""mode"":""measure"",""timer"":""Date.now"",""elapsed_ms"":44,""elapsed_per_call_ms"":11,""extra_validation_calls"":0,""correctness"":""PASS""}",,
v8_ignition,CodeLoad,CodeLoadJQuery,4,,4,22,5.5,0,true,2026-09-27T17:06:21.462756+00:00,--max-opt=0 --no-lazy,Date.now,62035700,0,20f796e914b6995cc6114a2de2953e5cf5dd579501264d69dd26188909f790af,"[""C:\\Users\\mzyx\\Desktop\\0921\\js-interpreter-bench\\engines\\v8-official-15.6.21\\runtime\\d8.exe"", ""--snapshot_blob=C:\\Users\\mzyx\\Desktop\\0921\\js-interpreter-bench\\engines\\v8-official-15.6.21\\runtime\\snapshot_blob.bin"", ""--max-opt=0"", ""--no-lazy"", ""C:\\Users\\mzyx\\Desktop\\0921\\js-interpreter-bench\\experiments\\octane_strict\\generated\\CodeLoad.CodeLoadJQuery.js"", ""--"", ""STRICT_CONFIG={\""N\"":4,\""mode\"":\""measure\"",\""timer\"":\""Date.now\""}""]","OCTANE_STRICT_RESULT:{""suite"":""CodeLoad"",""benchmark"":""CodeLoadJQuery"",""N"":4,""mode"":""measure"",""timer"":""Date.now"",""elapsed_ms"":22,""elapsed_per_call_ms"":5.5,""extra_validation_calls"":0,""correctness"":""PASS""}",,
v8_ignition,CodeLoad,CodeLoadJQuery,8,,8,37,4.625,0,true,2026-09-27T17:06:21.559415+00:00,--max-opt=0 --no-lazy,Date.now,76800700,0,20f796e914b6995cc6114a2de2953e5cf5dd579501264d69dd26188909f790af,"[""C:\\Users\\mzyx\\Desktop\\0921\\js-interpreter-bench\\engines\\v8-official-15.6.21\\runtime\\d8.exe"", ""--snapshot_blob=C:\\Users\\mzyx\\Desktop\\0921\\js-interpreter-bench\\engines\\v8-official-15.6.21\\runtime\\snapshot_blob.bin"", ""--max-opt=0"", ""--no-lazy"", ""C:\\Users\\mzyx\\Desktop\\0921\\js-interpreter-bench\\experiments\\octane_strict\\generated\\CodeLoad.CodeLoadJQuery.js"", ""--"", ""STRICT_CONFIG={\""N\"":8,\""mode\"":\""measure\"",\""timer\"":\""Date.now\""}""]","OCTANE_STRICT_RESULT:{""suite"":""CodeLoad"",""benchmark"":""CodeLoadJQuery"",""N"":8,""mode"":""measure"",""timer"":""Date.now"",""elapsed_ms"":37,""elapsed_per_call_ms"":4.625,""extra_validation_calls"":0,""correctness"":""PASS""}",,
quickjs,CodeLoad,CodeLoadJQuery,8,,8,89,11.125,0,true,2026-09-27T17:06:21.673006+00:00,,Date.now,102888000,0,20f796e914b6995cc6114a2de2953e5cf5dd579501264d69dd26188909f790af,"[""C:\\Users\\mzyx\\Desktop\\0921\\js-interpreter-bench\\engines\\quickjs-upstream\\qjs.exe"", ""C:\\Users\\mzyx\\Desktop\\0921\\js-interpreter-bench\\experiments\\octane_strict\\generated\\CodeLoad.CodeLoadJQuery.js"", ""STRICT_CONFIG={\""N\"":8,\""mode\"":\""measure\"",\""timer\"":\""Date.now\""}""]","OCTANE_STRICT_RESULT:{""suite"":""CodeLoad"",""benchmark"":""CodeLoadJQuery"",""N"":8,""mode"":""measure"",""timer"":""Date.now"",""elapsed_ms"":89,""elapsed_per_call_ms"":11.125,""extra_validation_calls"":0,""correctness"":""PASS""}",,
quickjs,CodeLoad,CodeLoadJQuery,16,,16,175,10.9375,0,true,2026-09-27T17:06:21.881019+00:00,,Date.now,189407100,0,20f796e914b6995cc6114a2de2953e5cf5dd579501264d69dd26188909f790af,"[""C:\\Users\\mzyx\\Desktop\\0921\\js-interpreter-bench\\engines\\quickjs-upstream\\qjs.exe"", ""C:\\Users\\mzyx\\Desktop\\0921\\js-interpreter-bench\\experiments\\octane_strict\\generated\\CodeLoad.CodeLoadJQuery.js"", ""STRICT_CONFIG={\""N\"":16,\""mode\"":\""measure\"",\""timer\"":\""Date.now\""}""]","OCTANE_STRICT_RESULT:{""suite"":""CodeLoad"",""benchmark"":""CodeLoadJQuery"",""N"":16,""mode"":""measure"",""timer"":""Date.now"",""elapsed_ms"":175,""elapsed_per_call_ms"":10.9375,""extra_validation_calls"":0,""correctness"":""PASS""}",,
v8_ignition,CodeLoad,CodeLoadJQuery,16,,16,70,4.375,0,true,2026-09-27T17:06:22.000675+00:00,--max-opt=0 --no-lazy,Date.now,109842200,0,20f796e914b6995cc6114a2de2953e5cf5dd579501264d69dd26188909f790af,"[""C:\\Users\\mzyx\\Desktop\\0921\\js-interpreter-bench\\engines\\v8-official-15.6.21\\runtime\\d8.exe"", ""--snapshot_blob=C:\\Users\\mzyx\\Desktop\\0921\\js-interpreter-bench\\engines\\v8-official-15.6.21\\runtime\\snapshot_blob.bin"", ""--max-opt=0"", ""--no-lazy"", ""C:\\Users\\mzyx\\Desktop\\0921\\js-interpreter-bench\\experiments\\octane_strict\\generated\\CodeLoad.CodeLoadJQuery.js"", ""--"", ""STRICT_CONFIG={\""N\"":16,\""mode\"":\""measure\"",\""timer\"":\""Date.now\""}""]","OCTANE_STRICT_RESULT:{""suite"":""CodeLoad"",""benchmark"":""CodeLoadJQuery"",""N"":16,""mode"":""measure"",""timer"":""Date.now"",""elapsed_ms"":70,""elapsed_per_call_ms"":4.375,""extra_validation_calls"":0,""correctness"":""PASS""}",,
v8_ignition,CodeLoad,CodeLoadJQuery,32,,32,138,4.3125,0,true,2026-09-27T17:06:22.199152+00:00,--max-opt=0 --no-lazy,Date.now,177860900,0,20f796e914b6995cc6114a2de2953e5cf5dd579501264d69dd26188909f790af,"[""C:\\Users\\mzyx\\Desktop\\0921\\js-interpreter-bench\\engines\\v8-official-15.6.21\\runtime\\d8.exe"", ""--snapshot_blob=C:\\Users\\mzyx\\Desktop\\0921\\js-interpreter-bench\\engines\\v8-official-15.6.21\\runtime\\snapshot_blob.bin"", ""--max-opt=0"", ""--no-lazy"", ""C:\\Users\\mzyx\\Desktop\\0921\\js-interpreter-bench\\experiments\\octane_strict\\generated\\CodeLoad.CodeLoadJQuery.js"", ""--"", ""STRICT_CONFIG={\""N\"":32,\""mode\"":\""measure\"",\""timer\"":\""Date.now\""}""]","OCTANE_STRICT_RESULT:{""suite"":""CodeLoad"",""benchmark"":""CodeLoadJQuery"",""N"":32,""mode"":""measure"",""timer"":""Date.now"",""elapsed_ms"":138,""elapsed_per_call_ms"":4.3125,""extra_validation_calls"":0,""correctness"":""PASS""}",,
quickjs,CodeLoad,CodeLoadJQuery,32,,32,354,11.0625,0,true,2026-09-27T17:06:22.578365+00:00,,Date.now,367645100,0,20f796e914b6995cc6114a2de2953e5cf5dd579501264d69dd26188909f790af,"[""C:\\Users\\mzyx\\Desktop\\0921\\js-interpreter-bench\\engines\\quickjs-upstream\\qjs.exe"", ""C:\\Users\\mzyx\\Desktop\\0921\\js-interpreter-bench\\experiments\\octane_strict\\generated\\CodeLoad.CodeLoadJQuery.js"", ""STRICT_CONFIG={\""N\"":32,\""mode\"":\""measure\"",\""timer\"":\""Date.now\""}""]","OCTANE_STRICT_RESULT:{""suite"":""CodeLoad"",""benchmark"":""CodeLoadJQuery"",""N"":32,""mode"":""measure"",""timer"":""Date.now"",""elapsed_ms"":354,""elapsed_per_call_ms"":11.0625,""extra_validation_calls"":0,""correctness"":""PASS""}",,
quickjs,CodeLoad,CodeLoadJQuery,64,,64,700,10.9375,0,true,2026-09-27T17:06:23.317439+00:00,,Date.now,714155800,0,20f796e914b6995cc6114a2de2953e5cf5dd579501264d69dd26188909f790af,"[""C:\\Users\\mzyx\\Desktop\\0921\\js-interpreter-bench\\engines\\quickjs-upstream\\qjs.exe"", ""C:\\Users\\mzyx\\Desktop\\0921\\js-interpreter-bench\\experiments\\octane_strict\\generated\\CodeLoad.CodeLoadJQuery.js"", ""STRICT_CONFIG={\""N\"":64,\""mode\"":\""measure\"",\""timer\"":\""Date.now\""}""]","OCTANE_STRICT_RESULT:{""suite"":""CodeLoad"",""benchmark"":""CodeLoadJQuery"",""N"":64,""mode"":""measure"",""timer"":""Date.now"",""elapsed_ms"":700,""elapsed_per_call_ms"":10.9375,""extra_validation_calls"":0,""correctness"":""PASS""}",,
v8_ignition,CodeLoad,CodeLoadJQuery,64,,64,270,4.21875,0,true,2026-09-27T17:06:23.644974+00:00,--max-opt=0 --no-lazy,Date.now,310905600,0,20f796e914b6995cc6114a2de2953e5cf5dd579501264d69dd26188909f790af,"[""C:\\Users\\mzyx\\Desktop\\0921\\js-interpreter-bench\\engines\\v8-official-15.6.21\\runtime\\d8.exe"", ""--snapshot_blob=C:\\Users\\mzyx\\Desktop\\0921\\js-interpreter-bench\\engines\\v8-official-15.6.21\\runtime\\snapshot_blob.bin"", ""--max-opt=0"", ""--no-lazy"", ""C:\\Users\\mzyx\\Desktop\\0921\\js-interpreter-bench\\experiments\\octane_strict\\generated\\CodeLoad.CodeLoadJQuery.js"", ""--"", ""STRICT_CONFIG={\""N\"":64,\""mode\"":\""measure\"",\""timer\"":\""Date.now\""}""]","OCTANE_STRICT_RESULT:{""suite"":""CodeLoad"",""benchmark"":""CodeLoadJQuery"",""N"":64,""mode"":""measure"",""timer"":""Date.now"",""elapsed_ms"":270,""elapsed_per_call_ms"":4.21875,""extra_validation_calls"":0,""correctness"":""PASS""}",,
v8_ignition,CodeLoad,CodeLoadJQuery,128,,128,544,4.25,0,true,2026-09-27T17:06:24.263387+00:00,--max-opt=0 --no-lazy,Date.now,597881800,0,20f796e914b6995cc6114a2de2953e5cf5dd579501264d69dd26188909f790af,"[""C:\\Users\\mzyx\\Desktop\\0921\\js-interpreter-bench\\engines\\v8-official-15.6.21\\runtime\\d8.exe"", ""--snapshot_blob=C:\\Users\\mzyx\\Desktop\\0921\\js-interpreter-bench\\engines\\v8-official-15.6.21\\runtime\\snapshot_blob.bin"", ""--max-opt=0"", ""--no-lazy"", ""C:\\Users\\mzyx\\Desktop\\0921\\js-interpreter-bench\\experiments\\octane_strict\\generated\\CodeLoad.CodeLoadJQuery.js"", ""--"", ""STRICT_CONFIG={\""N\"":128,\""mode\"":\""measure\"",\""timer\"":\""Date.now\""}""]","OCTANE_STRICT_RESULT:{""suite"":""CodeLoad"",""benchmark"":""CodeLoadJQuery"",""N"":128,""mode"":""measure"",""timer"":""Date.now"",""elapsed_ms"":544,""elapsed_per_call_ms"":4.25,""extra_validation_calls"":0,""correctness"":""PASS""}",,
quickjs,CodeLoad,CodeLoadJQuery,128,,128,1416,11.0625,0,true,2026-09-27T17:06:25.704821+00:00,,Date.now,1429050400,0,20f796e914b6995cc6114a2de2953e5cf5dd579501264d69dd26188909f790af,"[""C:\\Users\\mzyx\\Desktop\\0921\\js-interpreter-bench\\engines\\quickjs-upstream\\qjs.exe"", ""C:\\Users\\mzyx\\Desktop\\0921\\js-interpreter-bench\\experiments\\octane_strict\\generated\\CodeLoad.CodeLoadJQuery.js"", ""STRICT_CONFIG={\""N\"":128,\""mode\"":\""measure\"",\""timer\"":\""Date.now\""}""]","OCTANE_STRICT_RESULT:{""suite"":""CodeLoad"",""benchmark"":""CodeLoadJQuery"",""N"":128,""mode"":""measure"",""timer"":""Date.now"",""elapsed_ms"":1416,""elapsed_per_call_ms"":11.0625,""extra_validation_calls"":0,""correctness"":""PASS""}",,
quickjs,CodeLoad,CodeLoadJQuery,256,,256,2773,10.83203125,0,true,2026-09-27T17:06:28.515046+00:00,,Date.now,2789398300,0,20f796e914b6995cc6114a2de2953e5cf5dd579501264d69dd26188909f790af,"[""C:\\Users\\mzyx\\Desktop\\0921\\js-interpreter-bench\\engines\\quickjs-upstream\\qjs.exe"", ""C:\\Users\\mzyx\\Desktop\\0921\\js-interpreter-bench\\experiments\\octane_strict\\generated\\CodeLoad.CodeLoadJQuery.js"", ""STRICT_CONFIG={\""N\"":256,\""mode\"":\""measure\"",\""timer\"":\""Date.now\""}""]","OCTANE_STRICT_RESULT:{""suite"":""CodeLoad"",""benchmark"":""CodeLoadJQuery"",""N"":256,""mode"":""measure"",""timer"":""Date.now"",""elapsed_ms"":2773,""elapsed_per_call_ms"":10.83203125,""extra_validation_calls"":0,""correctness"":""PASS""}",,
v8_ignition,CodeLoad,CodeLoadJQuery,256,,256,1071,4.18359375,0,true,2026-09-27T17:06:29.650189+00:00,--max-opt=0 --no-lazy,Date.now,1119002200,0,20f796e914b6995cc6114a2de2953e5cf5dd579501264d69dd26188909f790af,"[""C:\\Users\\mzyx\\Desktop\\0921\\js-interpreter-bench\\engines\\v8-official-15.6.21\\runtime\\d8.exe"", ""--snapshot_blob=C:\\Users\\mzyx\\Desktop\\0921\\js-interpreter-bench\\engines\\v8-official-15.6.21\\runtime\\snapshot_blob.bin"", ""--max-opt=0"", ""--no-lazy"", ""C:\\Users\\mzyx\\Desktop\\0921\\js-interpreter-bench\\experiments\\octane_strict\\generated\\CodeLoad.CodeLoadJQuery.js"", ""--"", ""STRICT_CONFIG={\""N\"":256,\""mode\"":\""measure\"",\""timer\"":\""Date.now\""}""]","OCTANE_STRICT_RESULT:{""suite"":""CodeLoad"",""benchmark"":""CodeLoadJQuery"",""N"":256,""mode"":""measure"",""timer"":""Date.now"",""elapsed_ms"":1071,""elapsed_per_call_ms"":4.18359375,""extra_validation_calls"":0,""correctness"":""PASS""}",,
quickjs,Typescript,Typescript,1,,1,2046,2046,0,true,2026-09-27T17:06:31.933525+00:00,,Date.now,2258924000,0,135e157d4fd316d69e9afdb0147a5d3f71ff32877fbe7c2febd72041df50deb0,"[""C:\\Users\\mzyx\\Desktop\\0921\\js-interpreter-bench\\engines\\quickjs-upstream\\qjs.exe"", ""C:\\Users\\mzyx\\Desktop\\0921\\js-interpreter-bench\\experiments\\octane_strict\\generated\\Typescript.Typescript.js"", ""STRICT_CONFIG={\""N\"":1,\""mode\"":\""measure\"",\""timer\"":\""Date.now\""}""]","OCTANE_STRICT_RESULT:{""suite"":""Typescript"",""benchmark"":""Typescript"",""N"":1,""mode"":""measure"",""timer"":""Date.now"",""elapsed_ms"":2046,""elapsed_per_call_ms"":2046,""extra_validation_calls"":0,""correctness"":""PASS""}",,
v8_ignition,Typescript,Typescript,1,,1,1196,1196,0,true,2026-09-27T17:06:33.230262+00:00,--max-opt=0 --no-lazy,Date.now,1273344700,0,135e157d4fd316d69e9afdb0147a5d3f71ff32877fbe7c2febd72041df50deb0,"[""C:\\Users\\mzyx\\Desktop\\0921\\js-interpreter-bench\\engines\\v8-official-15.6.21\\runtime\\d8.exe"", ""--snapshot_blob=C:\\Users\\mzyx\\Desktop\\0921\\js-interpreter-bench\\engines\\v8-official-15.6.21\\runtime\\snapshot_blob.bin"", ""--max-opt=0"", ""--no-lazy"", ""C:\\Users\\mzyx\\Desktop\\0921\\js-interpreter-bench\\experiments\\octane_strict\\generated\\Typescript.Typescript.js"", ""--"", ""STRICT_CONFIG={\""N\"":1,\""mode\"":\""measure\"",\""timer\"":\""Date.now\""}""]","OCTANE_STRICT_RESULT:{""suite"":""Typescript"",""benchmark"":""Typescript"",""N"":1,""mode"":""measure"",""timer"":""Date.now"",""elapsed_ms"":1196,""elapsed_per_call_ms"":1196,""extra_validation_calls"":0,""correctness"":""PASS""}",,
