engine,suite,benchmark,iteration,execution_order,N,elapsed_ms,elapsed_per_call_ms,exit_code,valid,timestamp,flags,timer,wall_time_ns,extra_validation_calls,script_sha256,command,stdout,stderr,reason
v8_ignition,EarleyBoyer,Boyer,1,1,32,1294,40.4375,0,true,2026-09-27T17:09:57.806007+00:00,--max-opt=0 --no-lazy,Date.now,1340971800,0,e6d4262bd967274f8c7b66181bd6e39a9851606524faae200584e064d21b43b8,"[""C:\\Users\\mzyx\\Desktop\\0921\\js-interpreter-bench\\engines\\v8-official-15.6.21\\runtime\\d8.exe"", ""--snapshot_blob=C:\\Users\\mzyx\\Desktop\\0921\\js-interpreter-bench\\engines\\v8-official-15.6.21\\runtime\\snapshot_blob.bin"", ""--max-opt=0"", ""--no-lazy"", ""C:\\Users\\mzyx\\Desktop\\0921\\js-interpreter-bench\\experiments\\octane_strict\\generated\\EarleyBoyer.Boyer.js"", ""--"", ""STRICT_CONFIG={\""N\"":32,\""mode\"":\""measure\"",\""timer\"":\""Date.now\""}""]","OCTANE_STRICT_RESULT:{""suite"":""EarleyBoyer"",""benchmark"":""Boyer"",""N"":32,""mode"":""measure"",""timer"":""Date.now"",""elapsed_ms"":1294,""elapsed_per_call_ms"":40.4375,""extra_validation_calls"":0,""correctness"":""PASS""}",,
quickjs,EarleyBoyer,Boyer,1,2,32,3744,117,0,true,2026-09-27T17:10:01.579694+00:00,,Date.now,3769611700,0,e6d4262bd967274f8c7b66181bd6e39a9851606524faae200584e064d21b43b8,"[""C:\\Users\\mzyx\\Desktop\\0921\\js-interpreter-bench\\engines\\quickjs-upstream\\qjs.exe"", ""C:\\Users\\mzyx\\Desktop\\0921\\js-interpreter-bench\\experiments\\octane_strict\\generated\\EarleyBoyer.Boyer.js"", ""STRICT_CONFIG={\""N\"":32,\""mode\"":\""measure\"",\""timer\"":\""Date.now\""}""]","OCTANE_STRICT_RESULT:{""suite"":""EarleyBoyer"",""benchmark"":""Boyer"",""N"":32,""mode"":""measure"",""timer"":""Date.now"",""elapsed_ms"":3744,""elapsed_per_call_ms"":117,""extra_validation_calls"":0,""correctness"":""PASS""}",,
v8_ignition,PdfJS,PdfJS,1,3,16,1704,106.5,0,true,2026-09-27T17:10:03.454479+00:00,--max-opt=0 --no-lazy,Date.now,1860341500,0,f1966230e4a00bc61dc4c00fd600486e941235c3ee8206f897bd148dfd6e630b,"[""C:\\Users\\mzyx\\Desktop\\0921\\js-interpreter-bench\\engines\\v8-official-15.6.21\\runtime\\d8.exe"", ""--snapshot_blob=C:\\Users\\mzyx\\Desktop\\0921\\js-interpreter-bench\\engines\\v8-official-15.6.21\\runtime\\snapshot_blob.bin"", ""--max-opt=0"", ""--no-lazy"", ""C:\\Users\\mzyx\\Desktop\\0921\\js-interpreter-bench\\experiments\\octane_strict\\generated\\PdfJS.PdfJS.js"", ""--"", ""STRICT_CONFIG={\""N\"":16,\""mode\"":\""measure\"",\""timer\"":\""Date.now\""}""]","OCTANE_STRICT_RESULT:{""suite"":""PdfJS"",""benchmark"":""PdfJS"",""N"":16,""mode"":""measure"",""timer"":""Date.now"",""elapsed_ms"":1704,""elapsed_per_call_ms"":106.5,""extra_validation_calls"":0,""correctness"":""PASS""}",,
quickjs,PdfJS,PdfJS,1,4,16,3218,201.125,0,true,2026-09-27T17:10:06.911121+00:00,,Date.now,3443940400,0,f1966230e4a00bc61dc4c00fd600486e941235c3ee8206f897bd148dfd6e630b,"[""C:\\Users\\mzyx\\Desktop\\0921\\js-interpreter-bench\\engines\\quickjs-upstream\\qjs.exe"", ""C:\\Users\\mzyx\\Desktop\\0921\\js-interpreter-bench\\experiments\\octane_strict\\generated\\PdfJS.PdfJS.js"", ""STRICT_CONFIG={\""N\"":16,\""mode\"":\""measure\"",\""timer\"":\""Date.now\""}""]","OCTANE_STRICT_RESULT:{""suite"":""PdfJS"",""benchmark"":""PdfJS"",""N"":16,""mode"":""measure"",""timer"":""Date.now"",""elapsed_ms"":3218,""elapsed_per_call_ms"":201.125,""extra_validation_calls"":0,""correctness"":""PASS""}",,
quickjs,Typescript,Typescript,1,5,1,2035,2035,0,true,2026-09-27T17:10:09.167828+00:00,,Date.now,2242161300,0,135e157d4fd316d69e9afdb0147a5d3f71ff32877fbe7c2febd72041df50deb0,"[""C:\\Users\\mzyx\\Desktop\\0921\\js-interpreter-bench\\engines\\quickjs-upstream\\qjs.exe"", ""C:\\Users\\mzyx\\Desktop\\0921\\js-interpreter-bench\\experiments\\octane_strict\\generated\\Typescript.Typescript.js"", ""STRICT_CONFIG={\""N\"":1,\""mode\"":\""measure\"",\""timer\"":\""Date.now\""}""]","OCTANE_STRICT_RESULT:{""suite"":""Typescript"",""benchmark"":""Typescript"",""N"":1,""mode"":""measure"",""timer"":""Date.now"",""elapsed_ms"":2035,""elapsed_per_call_ms"":2035,""extra_validation_calls"":0,""correctness"":""PASS""}",,
v8_ignition,Typescript,Typescript,1,6,1,1212,1212,0,true,2026-09-27T17:10:10.483583+00:00,--max-opt=0 --no-lazy,Date.now,1292769100,0,135e157d4fd316d69e9afdb0147a5d3f71ff32877fbe7c2febd72041df50deb0,"[""C:\\Users\\mzyx\\Desktop\\0921\\js-interpreter-bench\\engines\\v8-official-15.6.21\\runtime\\d8.exe"", ""--snapshot_blob=C:\\Users\\mzyx\\Desktop\\0921\\js-interpreter-bench\\engines\\v8-official-15.6.21\\runtime\\snapshot_blob.bin"", ""--max-opt=0"", ""--no-lazy"", ""C:\\Users\\mzyx\\Desktop\\0921\\js-interpreter-bench\\experiments\\octane_strict\\generated\\Typescript.Typescript.js"", ""--"", ""STRICT_CONFIG={\""N\"":1,\""mode\"":\""measure\"",\""timer\"":\""Date.now\""}""]","OCTANE_STRICT_RESULT:{""suite"":""Typescript"",""benchmark"":""Typescript"",""N"":1,""mode"":""measure"",""timer"":""Date.now"",""elapsed_ms"":1212,""elapsed_per_call_ms"":1212,""extra_validation_calls"":0,""correctness"":""PASS""}",,
v8_ignition,CodeLoad,CodeLoadJQuery,1,7,256,1082,4.2265625,0,true,2026-09-27T17:10:11.622639+00:00,--max-opt=0 --no-lazy,Date.now,1126901900,0,20f796e914b6995cc6114a2de2953e5cf5dd579501264d69dd26188909f790af,"[""C:\\Users\\mzyx\\Desktop\\0921\\js-interpreter-bench\\engines\\v8-official-15.6.21\\runtime\\d8.exe"", ""--snapshot_blob=C:\\Users\\mzyx\\Desktop\\0921\\js-interpreter-bench\\engines\\v8-official-15.6.21\\runtime\\snapshot_blob.bin"", ""--max-opt=0"", ""--no-lazy"", ""C:\\Users\\mzyx\\Desktop\\0921\\js-interpreter-bench\\experiments\\octane_strict\\generated\\CodeLoad.CodeLoadJQuery.js"", ""--"", ""STRICT_CONFIG={\""N\"":256,\""mode\"":\""measure\"",\""timer\"":\""Date.now\""}""]","OCTANE_STRICT_RESULT:{""suite"":""CodeLoad"",""benchmark"":""CodeLoadJQuery"",""N"":256,""mode"":""measure"",""timer"":""Date.now"",""elapsed_ms"":1082,""elapsed_per_call_ms"":4.2265625,""extra_validation_calls"":0,""correctness"":""PASS""}",,
quickjs,CodeLoad,CodeLoadJQuery,1,8,256,2778,10.8515625,0,true,2026-09-27T17:10:14.428453+00:00,,Date.now,2794148700,0,20f796e914b6995cc6114a2de2953e5cf5dd579501264d69dd26188909f790af,"[""C:\\Users\\mzyx\\Desktop\\0921\\js-interpreter-bench\\engines\\quickjs-upstream\\qjs.exe"", ""C:\\Users\\mzyx\\Desktop\\0921\\js-interpreter-bench\\experiments\\octane_strict\\generated\\CodeLoad.CodeLoadJQuery.js"", ""STRICT_CONFIG={\""N\"":256,\""mode\"":\""measure\"",\""timer\"":\""Date.now\""}""]","OCTANE_STRICT_RESULT:{""suite"":""CodeLoad"",""benchmark"":""CodeLoadJQuery"",""N"":256,""mode"":""measure"",""timer"":""Date.now"",""elapsed_ms"":2778,""elapsed_per_call_ms"":10.8515625,""extra_validation_calls"":0,""correctness"":""PASS""}",,
v8_ignition,Crypto,Encrypt,1,9,256,1209,4.72265625,0,true,2026-09-27T17:10:15.782380+00:00,--max-opt=0 --no-lazy,Date.now,1341577600,0,c73b9c8626ff5488b879ff453a865c03adf87602c6d302855f1c6e0f91b57c92,"[""C:\\Users\\mzyx\\Desktop\\0921\\js-interpreter-bench\\engines\\v8-official-15.6.21\\runtime\\d8.exe"", ""--snapshot_blob=C:\\Users\\mzyx\\Desktop\\0921\\js-interpreter-bench\\engines\\v8-official-15.6.21\\runtime\\snapshot_blob.bin"", ""--max-opt=0"", ""--no-lazy"", ""C:\\Users\\mzyx\\Desktop\\0921\\js-interpreter-bench\\experiments\\octane_strict\\generated\\Crypto.Encrypt.js"", ""--"", ""STRICT_CONFIG={\""N\"":256,\""mode\"":\""measure\"",\""timer\"":\""Date.now\""}""]","OCTANE_STRICT_RESULT:{""suite"":""Crypto"",""benchmark"":""Encrypt"",""N"":256,""mode"":""measure"",""timer"":""Date.now"",""elapsed_ms"":1209,""elapsed_per_call_ms"":4.72265625,""extra_validation_calls"":0,""correctness"":""PASS""}",,
quickjs,Crypto,Encrypt,1,10,256,1409,5.50390625,0,true,2026-09-27T17:10:17.320302+00:00,,Date.now,1526489700,0,c73b9c8626ff5488b879ff453a865c03adf87602c6d302855f1c6e0f91b57c92,"[""C:\\Users\\mzyx\\Desktop\\0921\\js-interpreter-bench\\engines\\quickjs-upstream\\qjs.exe"", ""C:\\Users\\mzyx\\Desktop\\0921\\js-interpreter-bench\\experiments\\octane_strict\\generated\\Crypto.Encrypt.js"", ""STRICT_CONFIG={\""N\"":256,\""mode\"":\""measure\"",\""timer\"":\""Date.now\""}""]","OCTANE_STRICT_RESULT:{""suite"":""Crypto"",""benchmark"":""Encrypt"",""N"":256,""mode"":""measure"",""timer"":""Date.now"",""elapsed_ms"":1409,""elapsed_per_call_ms"":5.50390625,""extra_validation_calls"":0,""correctness"":""PASS""}",,
quickjs,NavierStokes,NavierStokes,1,11,32,1990,62.1875,0,true,2026-09-27T17:10:19.345049+00:00,,Date.now,2008243900,0,e86c3b0056fae99b5f0ffdb7d093b565b02987eef458b2c07ecb3fc39700ee3c,"[""C:\\Users\\mzyx\\Desktop\\0921\\js-interpreter-bench\\engines\\quickjs-upstream\\qjs.exe"", ""C:\\Users\\mzyx\\Desktop\\0921\\js-interpreter-bench\\experiments\\octane_strict\\generated\\NavierStokes.NavierStokes.js"", ""STRICT_CONFIG={\""N\"":32,\""mode\"":\""measure\"",\""timer\"":\""Date.now\""}""]","OCTANE_STRICT_RESULT:{""suite"":""NavierStokes"",""benchmark"":""NavierStokes"",""N"":32,""mode"":""measure"",""timer"":""Date.now"",""elapsed_ms"":1990,""elapsed_per_call_ms"":62.1875,""extra_validation_calls"":0,""correctness"":""PASS""}",,
v8_ignition,NavierStokes,NavierStokes,1,12,32,2268,70.875,0,true,2026-09-27T17:10:21.666073+00:00,--max-opt=0 --no-lazy,Date.now,2309771500,0,e86c3b0056fae99b5f0ffdb7d093b565b02987eef458b2c07ecb3fc39700ee3c,"[""C:\\Users\\mzyx\\Desktop\\0921\\js-interpreter-bench\\engines\\v8-official-15.6.21\\runtime\\d8.exe"", ""--snapshot_blob=C:\\Users\\mzyx\\Desktop\\0921\\js-interpreter-bench\\engines\\v8-official-15.6.21\\runtime\\snapshot_blob.bin"", ""--max-opt=0"", ""--no-lazy"", ""C:\\Users\\mzyx\\Desktop\\0921\\js-interpreter-bench\\experiments\\octane_strict\\generated\\NavierStokes.NavierStokes.js"", ""--"", ""STRICT_CONFIG={\""N\"":32,\""mode\"":\""measure\"",\""timer\"":\""Date.now\""}""]","OCTANE_STRICT_RESULT:{""suite"":""NavierStokes"",""benchmark"":""NavierStokes"",""N"":32,""mode"":""measure"",""timer"":""Date.now"",""elapsed_ms"":2268,""elapsed_per_call_ms"":70.875,""extra_validation_calls"":0,""correctness"":""PASS""}",,
v8_ignition,RayTrace,RayTrace,1,13,64,1096,17.125,0,true,2026-09-27T17:10:22.816695+00:00,--max-opt=0 --no-lazy,Date.now,1139663300,0,fb0af35ee1cbd7396c6b23184a123f87ce6f9d1d8e29a2dcbc3bf86a98f3ae33,"[""C:\\Users\\mzyx\\Desktop\\0921\\js-interpreter-bench\\engines\\v8-official-15.6.21\\runtime\\d8.exe"", ""--snapshot_blob=C:\\Users\\mzyx\\Desktop\\0921\\js-interpreter-bench\\engines\\v8-official-15.6.21\\runtime\\snapshot_blob.bin"", ""--max-opt=0"", ""--no-lazy"", ""C:\\Users\\mzyx\\Desktop\\0921\\js-interpreter-bench\\experiments\\octane_strict\\generated\\RayTrace.RayTrace.js"", ""--"", ""STRICT_CONFIG={\""N\"":64,\""mode\"":\""measure\"",\""timer\"":\""Date.now\""}""]","OCTANE_STRICT_RESULT:{""suite"":""RayTrace"",""benchmark"":""RayTrace"",""N"":64,""mode"":""measure"",""timer"":""Date.now"",""elapsed_ms"":1096,""elapsed_per_call_ms"":17.125,""extra_validation_calls"":0,""correctness"":""PASS""}",,
quickjs,RayTrace,RayTrace,1,14,64,2597,40.578125,0,true,2026-09-27T17:10:25.441931+00:00,,Date.now,2611866100,0,fb0af35ee1cbd7396c6b23184a123f87ce6f9d1d8e29a2dcbc3bf86a98f3ae33,"[""C:\\Users\\mzyx\\Desktop\\0921\\js-interpreter-bench\\engines\\quickjs-upstream\\qjs.exe"", ""C:\\Users\\mzyx\\Desktop\\0921\\js-interpreter-bench\\experiments\\octane_strict\\generated\\RayTrace.RayTrace.js"", ""STRICT_CONFIG={\""N\"":64,\""mode\"":\""measure\"",\""timer\"":\""Date.now\""}""]","OCTANE_STRICT_RESULT:{""suite"":""RayTrace"",""benchmark"":""RayTrace"",""N"":64,""mode"":""measure"",""timer"":""Date.now"",""elapsed_ms"":2597,""elapsed_per_call_ms"":40.578125,""extra_validation_calls"":0,""correctness"":""PASS""}",,
quickjs,EarleyBoyer,Earley,1,15,512,3776,7.375,0,true,2026-09-27T17:10:29.256773+00:00,,Date.now,3798413100,0,c3ef3fbdd43f0dd5865a1652fa447c774869e86efba25ad910dffdea953f80a2,"[""C:\\Users\\mzyx\\Desktop\\0921\\js-interpreter-bench\\engines\\quickjs-upstream\\qjs.exe"", ""C:\\Users\\mzyx\\Desktop\\0921\\js-interpreter-bench\\experiments\\octane_strict\\generated\\EarleyBoyer.Earley.js"", ""STRICT_CONFIG={\""N\"":512,\""mode\"":\""measure\"",\""timer\"":\""Date.now\""}""]","OCTANE_STRICT_RESULT:{""suite"":""EarleyBoyer"",""benchmark"":""Earley"",""N"":512,""mode"":""measure"",""timer"":""Date.now"",""elapsed_ms"":3776,""elapsed_per_call_ms"":7.375,""extra_validation_calls"":0,""correctness"":""PASS""}",,
v8_ignition,EarleyBoyer,Earley,1,16,512,1096,2.140625,0,true,2026-09-27T17:10:30.415769+00:00,--max-opt=0 --no-lazy,Date.now,1141093300,0,c3ef3fbdd43f0dd5865a1652fa447c774869e86efba25ad910dffdea953f80a2,"[""C:\\Users\\mzyx\\Desktop\\0921\\js-interpreter-bench\\engines\\v8-official-15.6.21\\runtime\\d8.exe"", ""--snapshot_blob=C:\\Users\\mzyx\\Desktop\\0921\\js-interpreter-bench\\engines\\v8-official-15.6.21\\runtime\\snapshot_blob.bin"", ""--max-opt=0"", ""--no-lazy"", ""C:\\Users\\mzyx\\Desktop\\0921\\js-interpreter-bench\\experiments\\octane_strict\\generated\\EarleyBoyer.Earley.js"", ""--"", ""STRICT_CONFIG={\""N\"":512,\""mode\"":\""measure\"",\""timer\"":\""Date.now\""}""]","OCTANE_STRICT_RESULT:{""suite"":""EarleyBoyer"",""benchmark"":""Earley"",""N"":512,""mode"":""measure"",""timer"":""Date.now"",""elapsed_ms"":1096,""elapsed_per_call_ms"":2.140625,""extra_validation_calls"":0,""correctness"":""PASS""}",,
quickjs,RegExp,RegExp,1,17,64,14549,227.328125,0,true,2026-09-27T17:10:45.010971+00:00,,Date.now,14583529900,0,881c9e28610ead1d8cbf528614032c48b8faa700f0e4177198bbb22f15a19111,"[""C:\\Users\\mzyx\\Desktop\\0921\\js-interpreter-bench\\engines\\quickjs-upstream\\qjs.exe"", ""C:\\Users\\mzyx\\Desktop\\0921\\js-interpreter-bench\\experiments\\octane_strict\\generated\\RegExp.RegExp.js"", ""STRICT_CONFIG={\""N\"":64,\""mode\"":\""measure\"",\""timer\"":\""Date.now\""}""]","OCTANE_STRICT_RESULT:{""suite"":""RegExp"",""benchmark"":""RegExp"",""N"":64,""mode"":""measure"",""timer"":""Date.now"",""elapsed_ms"":14549,""elapsed_per_call_ms"":227.328125,""extra_validation_calls"":0,""correctness"":""PASS""}",,
v8_ignition,RegExp,RegExp,1,18,64,1270,19.84375,0,true,2026-09-27T17:10:46.355467+00:00,--max-opt=0 --no-lazy,Date.now,1328163700,0,881c9e28610ead1d8cbf528614032c48b8faa700f0e4177198bbb22f15a19111,"[""C:\\Users\\mzyx\\Desktop\\0921\\js-interpreter-bench\\engines\\v8-official-15.6.21\\runtime\\d8.exe"", ""--snapshot_blob=C:\\Users\\mzyx\\Desktop\\0921\\js-interpreter-bench\\engines\\v8-official-15.6.21\\runtime\\snapshot_blob.bin"", ""--max-opt=0"", ""--no-lazy"", ""C:\\Users\\mzyx\\Desktop\\0921\\js-interpreter-bench\\experiments\\octane_strict\\generated\\RegExp.RegExp.js"", ""--"", ""STRICT_CONFIG={\""N\"":64,\""mode\"":\""measure\"",\""timer\"":\""Date.now\""}""]","OCTANE_STRICT_RESULT:{""suite"":""RegExp"",""benchmark"":""RegExp"",""N"":64,""mode"":""measure"",""timer"":""Date.now"",""elapsed_ms"":1270,""elapsed_per_call_ms"":19.84375,""extra_validation_calls"":0,""correctness"":""PASS""}",,
quickjs,DeltaBlue,DeltaBlue,1,19,512,3943,7.701171875,0,true,2026-09-27T17:10:50.325314+00:00,,Date.now,3956531300,0,8542689bb308963c4feefd143c1707791e271d609ef4c476eb9c3dfdeeec539f,"[""C:\\Users\\mzyx\\Desktop\\0921\\js-interpreter-bench\\engines\\quickjs-upstream\\qjs.exe"", ""C:\\Users\\mzyx\\Desktop\\0921\\js-interpreter-bench\\experiments\\octane_strict\\generated\\DeltaBlue.DeltaBlue.js"", ""STRICT_CONFIG={\""N\"":512,\""mode\"":\""measure\"",\""timer\"":\""Date.now\""}""]","OCTANE_STRICT_RESULT:{""suite"":""DeltaBlue"",""benchmark"":""DeltaBlue"",""N"":512,""mode"":""measure"",""timer"":""Date.now"",""elapsed_ms"":3943,""elapsed_per_call_ms"":7.701171875,""extra_validation_calls"":0,""correctness"":""PASS""}",,
v8_ignition,DeltaBlue,DeltaBlue,1,20,512,1878,3.66796875,0,true,2026-09-27T17:10:52.260411+00:00,--max-opt=0 --no-lazy,Date.now,1917559400,0,8542689bb308963c4feefd143c1707791e271d609ef4c476eb9c3dfdeeec539f,"[""C:\\Users\\mzyx\\Desktop\\0921\\js-interpreter-bench\\engines\\v8-official-15.6.21\\runtime\\d8.exe"", ""--snapshot_blob=C:\\Users\\mzyx\\Desktop\\0921\\js-interpreter-bench\\engines\\v8-official-15.6.21\\runtime\\snapshot_blob.bin"", ""--max-opt=0"", ""--no-lazy"", ""C:\\Users\\mzyx\\Desktop\\0921\\js-interpreter-bench\\experiments\\octane_strict\\generated\\DeltaBlue.DeltaBlue.js"", ""--"", ""STRICT_CONFIG={\""N\"":512,\""mode\"":\""measure\"",\""timer\"":\""Date.now\""}""]","OCTANE_STRICT_RESULT:{""suite"":""DeltaBlue"",""benchmark"":""DeltaBlue"",""N"":512,""mode"":""measure"",""timer"":""Date.now"",""elapsed_ms"":1878,""elapsed_per_call_ms"":3.66796875,""extra_validation_calls"":0,""correctness"":""PASS""}",,
quickjs,Crypto,Decrypt,1,21,16,1592,99.5,0,true,2026-09-27T17:10:53.883456+00:00,,Date.now,1613361800,0,974b320858e72132edd4dd56da2f4582cbe4e99b10027c89dfa44b1ea1cd4591,"[""C:\\Users\\mzyx\\Desktop\\0921\\js-interpreter-bench\\engines\\quickjs-upstream\\qjs.exe"", ""C:\\Users\\mzyx\\Desktop\\0921\\js-interpreter-bench\\experiments\\octane_strict\\generated\\Crypto.Decrypt.js"", ""STRICT_CONFIG={\""N\"":16,\""mode\"":\""measure\"",\""timer\"":\""Date.now\""}""]","OCTANE_STRICT_RESULT:{""suite"":""Crypto"",""benchmark"":""Decrypt"",""N"":16,""mode"":""measure"",""timer"":""Date.now"",""elapsed_ms"":1592,""elapsed_per_call_ms"":99.5,""extra_validation_calls"":0,""correctness"":""PASS""}",,
v8_ignition,Crypto,Decrypt,1,22,16,1399,87.4375,0,true,2026-09-27T17:10:55.344761+00:00,--max-opt=0 --no-lazy,Date.now,1443755400,0,974b320858e72132edd4dd56da2f4582cbe4e99b10027c89dfa44b1ea1cd4591,"[""C:\\Users\\mzyx\\Desktop\\0921\\js-interpreter-bench\\engines\\v8-official-15.6.21\\runtime\\d8.exe"", ""--snapshot_blob=C:\\Users\\mzyx\\Desktop\\0921\\js-interpreter-bench\\engines\\v8-official-15.6.21\\runtime\\snapshot_blob.bin"", ""--max-opt=0"", ""--no-lazy"", ""C:\\Users\\mzyx\\Desktop\\0921\\js-interpreter-bench\\experiments\\octane_strict\\generated\\Crypto.Decrypt.js"", ""--"", ""STRICT_CONFIG={\""N\"":16,\""mode\"":\""measure\"",\""timer\"":\""Date.now\""}""]","OCTANE_STRICT_RESULT:{""suite"":""Crypto"",""benchmark"":""Decrypt"",""N"":16,""mode"":""measure"",""timer"":""Date.now"",""elapsed_ms"":1399,""elapsed_per_call_ms"":87.4375,""extra_validation_calls"":0,""correctness"":""PASS""}",,
v8_ignition,Richards,Richards,1,23,512,1061,2.072265625,0,true,2026-09-27T17:10:56.455687+00:00,--max-opt=0 --no-lazy,Date.now,1100114800,0,d2207c68ebcf5db16fd42f8eb04fe21239b5f4726e5d3734ebd3c059754126a8,"[""C:\\Users\\mzyx\\Desktop\\0921\\js-interpreter-bench\\engines\\v8-official-15.6.21\\runtime\\d8.exe"", ""--snapshot_blob=C:\\Users\\mzyx\\Desktop\\0921\\js-interpreter-bench\\engines\\v8-official-15.6.21\\runtime\\snapshot_blob.bin"", ""--max-opt=0"", ""--no-lazy"", ""C:\\Users\\mzyx\\Desktop\\0921\\js-interpreter-bench\\experiments\\octane_strict\\generated\\Richards.Richards.js"", ""--"", ""STRICT_CONFIG={\""N\"":512,\""mode\"":\""measure\"",\""timer\"":\""Date.now\""}""]","OCTANE_STRICT_RESULT:{""suite"":""Richards"",""benchmark"":""Richards"",""N"":512,""mode"":""measure"",""timer"":""Date.now"",""elapsed_ms"":1061,""elapsed_per_call_ms"":2.072265625,""extra_validation_calls"":0,""correctness"":""PASS""}",,
quickjs,Richards,Richards,1,24,512,1978,3.86328125,0,true,2026-09-27T17:10:58.458436+00:00,,Date.now,1991351200,0,d2207c68ebcf5db16fd42f8eb04fe21239b5f4726e5d3734ebd3c059754126a8,"[""C:\\Users\\mzyx\\Desktop\\0921\\js-interpreter-bench\\engines\\quickjs-upstream\\qjs.exe"", ""C:\\Users\\mzyx\\Desktop\\0921\\js-interpreter-bench\\experiments\\octane_strict\\generated\\Richards.Richards.js"", ""STRICT_CONFIG={\""N\"":512,\""mode\"":\""measure\"",\""timer\"":\""Date.now\""}""]","OCTANE_STRICT_RESULT:{""suite"":""Richards"",""benchmark"":""Richards"",""N"":512,""mode"":""measure"",""timer"":""Date.now"",""elapsed_ms"":1978,""elapsed_per_call_ms"":3.86328125,""extra_validation_calls"":0,""correctness"":""PASS""}",,
quickjs,CodeLoad,CodeLoadClosure,1,25,4096,2502,0.61083984375,0,true,2026-09-27T17:11:01.119201+00:00,,Date.now,2642513100,0,9c3f2890631a64f3776ae7d0cbc83510f2cadc62313f8e27b4ab278dd94390e8,"[""C:\\Users\\mzyx\\Desktop\\0921\\js-interpreter-bench\\engines\\quickjs-upstream\\qjs.exe"", ""C:\\Users\\mzyx\\Desktop\\0921\\js-interpreter-bench\\experiments\\octane_strict\\generated\\CodeLoad.CodeLoadClosure.js"", ""STRICT_CONFIG={\""N\"":4096,\""mode\"":\""measure\"",\""timer\"":\""Date.now\""}""]","OCTANE_STRICT_RESULT:{""suite"":""CodeLoad"",""benchmark"":""CodeLoadClosure"",""N"":4096,""mode"":""measure"",""timer"":""Date.now"",""elapsed_ms"":2502,""elapsed_per_call_ms"":0.61083984375,""extra_validation_calls"":0,""correctness"":""PASS""}",,
v8_ignition,CodeLoad,CodeLoadClosure,1,26,4096,1216,0.296875,0,true,2026-09-27T17:11:02.399006+00:00,--max-opt=0 --no-lazy,Date.now,1268695000,0,9c3f2890631a64f3776ae7d0cbc83510f2cadc62313f8e27b4ab278dd94390e8,"[""C:\\Users\\mzyx\\Desktop\\0921\\js-interpreter-bench\\engines\\v8-official-15.6.21\\runtime\\d8.exe"", ""--snapshot_blob=C:\\Users\\mzyx\\Desktop\\0921\\js-interpreter-bench\\engines\\v8-official-15.6.21\\runtime\\snapshot_blob.bin"", ""--max-opt=0"", ""--no-lazy"", ""C:\\Users\\mzyx\\Desktop\\0921\\js-interpreter-bench\\experiments\\octane_strict\\generated\\CodeLoad.CodeLoadClosure.js"", ""--"", ""STRICT_CONFIG={\""N\"":4096,\""mode\"":\""measure\"",\""timer\"":\""Date.now\""}""]","OCTANE_STRICT_RESULT:{""suite"":""CodeLoad"",""benchmark"":""CodeLoadClosure"",""N"":4096,""mode"":""measure"",""timer"":""Date.now"",""elapsed_ms"":1216,""elapsed_per_call_ms"":0.296875,""extra_validation_calls"":0,""correctness"":""PASS""}",,
v8_ignition,Gameboy,Gameboy,1,27,4,1183,295.75,0,true,2026-09-27T17:11:03.657628+00:00,--max-opt=0 --no-lazy,Date.now,1246135800,0,3fc599b60ec8be6d0ab60d00add662dde31374ecb5b24167384d72d325a08a21,"[""C:\\Users\\mzyx\\Desktop\\0921\\js-interpreter-bench\\engines\\v8-official-15.6.21\\runtime\\d8.exe"", ""--snapshot_blob=C:\\Users\\mzyx\\Desktop\\0921\\js-interpreter-bench\\engines\\v8-official-15.6.21\\runtime\\snapshot_blob.bin"", ""--max-opt=0"", ""--no-lazy"", ""C:\\Users\\mzyx\\Desktop\\0921\\js-interpreter-bench\\experiments\\octane_strict\\generated\\Gameboy.Gameboy.js"", ""--"", ""STRICT_CONFIG={\""N\"":4,\""mode\"":\""measure\"",\""timer\"":\""Date.now\""}""]","OCTANE_STRICT_RESULT:{""suite"":""Gameboy"",""benchmark"":""Gameboy"",""N"":4,""mode"":""measure"",""timer"":""Date.now"",""elapsed_ms"":1183,""elapsed_per_call_ms"":295.75,""extra_validation_calls"":0,""correctness"":""PASS""}",,
quickjs,Gameboy,Gameboy,1,28,4,1417,354.25,0,true,2026-09-27T17:11:05.132848+00:00,,Date.now,1463243700,0,3fc599b60ec8be6d0ab60d00add662dde31374ecb5b24167384d72d325a08a21,"[""C:\\Users\\mzyx\\Desktop\\0921\\js-interpreter-bench\\engines\\quickjs-upstream\\qjs.exe"", ""C:\\Users\\mzyx\\Desktop\\0921\\js-interpreter-bench\\experiments\\octane_strict\\generated\\Gameboy.Gameboy.js"", ""STRICT_CONFIG={\""N\"":4,\""mode\"":\""measure\"",\""timer\"":\""Date.now\""}""]","OCTANE_STRICT_RESULT:{""suite"":""Gameboy"",""benchmark"":""Gameboy"",""N"":4,""mode"":""measure"",""timer"":""Date.now"",""elapsed_ms"":1417,""elapsed_per_call_ms"":354.25,""extra_validation_calls"":0,""correctness"":""PASS""}",,
quickjs,Mandreel,Mandreel,1,29,1,1796,1796,0,true,2026-09-27T17:11:08.415653+00:00,,Date.now,3259399600,0,64fbf14da4005c4426dcdd6191a5f206fbcd9ce260549e924fd925408614702d,"[""C:\\Users\\mzyx\\Desktop\\0921\\js-interpreter-bench\\engines\\quickjs-upstream\\qjs.exe"", ""C:\\Users\\mzyx\\Desktop\\0921\\js-interpreter-bench\\experiments\\octane_strict\\generated\\Mandreel.Mandreel.js"", ""STRICT_CONFIG={\""N\"":1,\""mode\"":\""measure\"",\""timer\"":\""Date.now\""}""]","OCTANE_STRICT_RESULT:{""suite"":""Mandreel"",""benchmark"":""Mandreel"",""N"":1,""mode"":""measure"",""timer"":""Date.now"",""elapsed_ms"":1796,""elapsed_per_call_ms"":1796,""extra_validation_calls"":0,""correctness"":""PASS""}",,
v8_ignition,Mandreel,Mandreel,1,30,1,1498,1498,0,true,2026-09-27T17:11:11.352230+00:00,--max-opt=0 --no-lazy,Date.now,2914364600,0,64fbf14da4005c4426dcdd6191a5f206fbcd9ce260549e924fd925408614702d,"[""C:\\Users\\mzyx\\Desktop\\0921\\js-interpreter-bench\\engines\\v8-official-15.6.21\\runtime\\d8.exe"", ""--snapshot_blob=C:\\Users\\mzyx\\Desktop\\0921\\js-interpreter-bench\\engines\\v8-official-15.6.21\\runtime\\snapshot_blob.bin"", ""--max-opt=0"", ""--no-lazy"", ""C:\\Users\\mzyx\\Desktop\\0921\\js-interpreter-bench\\experiments\\octane_strict\\generated\\Mandreel.Mandreel.js"", ""--"", ""STRICT_CONFIG={\""N\"":1,\""mode\"":\""measure\"",\""timer\"":\""Date.now\""}""]","OCTANE_STRICT_RESULT:{""suite"":""Mandreel"",""benchmark"":""Mandreel"",""N"":1,""mode"":""measure"",""timer"":""Date.now"",""elapsed_ms"":1498,""elapsed_per_call_ms"":1498,""extra_validation_calls"":0,""correctness"":""PASS""}",,
v8_ignition,Splay,Splay,1,31,2048,1829,0.89306640625,0,true,2026-09-27T17:11:13.332317+00:00,--max-opt=0 --no-lazy,Date.now,1962463900,0,d6372414234d150c814a6933257aa8c98a8c6260b0d72a71ee0d08d0ee6fb17a,"[""C:\\Users\\mzyx\\Desktop\\0921\\js-interpreter-bench\\engines\\v8-official-15.6.21\\runtime\\d8.exe"", ""--snapshot_blob=C:\\Users\\mzyx\\Desktop\\0921\\js-interpreter-bench\\engines\\v8-official-15.6.21\\runtime\\snapshot_blob.bin"", ""--max-opt=0"", ""--no-lazy"", ""C:\\Users\\mzyx\\Desktop\\0921\\js-interpreter-bench\\experiments\\octane_strict\\generated\\Splay.Splay.js"", ""--"", ""STRICT_CONFIG={\""N\"":2048,\""mode\"":\""measure\"",\""timer\"":\""Date.now\""}""]","OCTANE_STRICT_RESULT:{""suite"":""Splay"",""benchmark"":""Splay"",""N"":2048,""mode"":""measure"",""timer"":""Date.now"",""elapsed_ms"":1829,""elapsed_per_call_ms"":0.89306640625,""extra_validation_calls"":0,""correctness"":""PASS""}",,
quickjs,Splay,Splay,1,32,2048,4560,2.2265625,0,true,2026-09-27T17:11:18.325377+00:00,,Date.now,4982099800,0,d6372414234d150c814a6933257aa8c98a8c6260b0d72a71ee0d08d0ee6fb17a,"[""C:\\Users\\mzyx\\Desktop\\0921\\js-interpreter-bench\\engines\\quickjs-upstream\\qjs.exe"", ""C:\\Users\\mzyx\\Desktop\\0921\\js-interpreter-bench\\experiments\\octane_strict\\generated\\Splay.Splay.js"", ""STRICT_CONFIG={\""N\"":2048,\""mode\"":\""measure\"",\""timer\"":\""Date.now\""}""]","OCTANE_STRICT_RESULT:{""suite"":""Splay"",""benchmark"":""Splay"",""N"":2048,""mode"":""measure"",""timer"":""Date.now"",""elapsed_ms"":4560,""elapsed_per_call_ms"":2.2265625,""extra_validation_calls"":0,""correctness"":""PASS""}",,
v8_ignition,EarleyBoyer,Earley,2,33,512,1101,2.150390625,0,true,2026-09-27T17:11:19.479605+00:00,--max-opt=0 --no-lazy,Date.now,1142991400,0,c3ef3fbdd43f0dd5865a1652fa447c774869e86efba25ad910dffdea953f80a2,"[""C:\\Users\\mzyx\\Desktop\\0921\\js-interpreter-bench\\engines\\v8-official-15.6.21\\runtime\\d8.exe"", ""--snapshot_blob=C:\\Users\\mzyx\\Desktop\\0921\\js-interpreter-bench\\engines\\v8-official-15.6.21\\runtime\\snapshot_blob.bin"", ""--max-opt=0"", ""--no-lazy"", ""C:\\Users\\mzyx\\Desktop\\0921\\js-interpreter-bench\\experiments\\octane_strict\\generated\\EarleyBoyer.Earley.js"", ""--"", ""STRICT_CONFIG={\""N\"":512,\""mode\"":\""measure\"",\""timer\"":\""Date.now\""}""]","OCTANE_STRICT_RESULT:{""suite"":""EarleyBoyer"",""benchmark"":""Earley"",""N"":512,""mode"":""measure"",""timer"":""Date.now"",""elapsed_ms"":1101,""elapsed_per_call_ms"":2.150390625,""extra_validation_calls"":0,""correctness"":""PASS""}",,
quickjs,EarleyBoyer,Earley,2,34,512,3758,7.33984375,0,true,2026-09-27T17:11:23.269606+00:00,,Date.now,3777879800,0,c3ef3fbdd43f0dd5865a1652fa447c774869e86efba25ad910dffdea953f80a2,"[""C:\\Users\\mzyx\\Desktop\\0921\\js-interpreter-bench\\engines\\quickjs-upstream\\qjs.exe"", ""C:\\Users\\mzyx\\Desktop\\0921\\js-interpreter-bench\\experiments\\octane_strict\\generated\\EarleyBoyer.Earley.js"", ""STRICT_CONFIG={\""N\"":512,\""mode\"":\""measure\"",\""timer\"":\""Date.now\""}""]","OCTANE_STRICT_RESULT:{""suite"":""EarleyBoyer"",""benchmark"":""Earley"",""N"":512,""mode"":""measure"",""timer"":""Date.now"",""elapsed_ms"":3758,""elapsed_per_call_ms"":7.33984375,""extra_validation_calls"":0,""correctness"":""PASS""}",,
quickjs,Gameboy,Gameboy,2,35,4,1425,356.25,0,true,2026-09-27T17:11:24.748959+00:00,,Date.now,1467619900,0,3fc599b60ec8be6d0ab60d00add662dde31374ecb5b24167384d72d325a08a21,"[""C:\\Users\\mzyx\\Desktop\\0921\\js-interpreter-bench\\engines\\quickjs-upstream\\qjs.exe"", ""C:\\Users\\mzyx\\Desktop\\0921\\js-interpreter-bench\\experiments\\octane_strict\\generated\\Gameboy.Gameboy.js"", ""STRICT_CONFIG={\""N\"":4,\""mode\"":\""measure\"",\""timer\"":\""Date.now\""}""]","OCTANE_STRICT_RESULT:{""suite"":""Gameboy"",""benchmark"":""Gameboy"",""N"":4,""mode"":""measure"",""timer"":""Date.now"",""elapsed_ms"":1425,""elapsed_per_call_ms"":356.25,""extra_validation_calls"":0,""correctness"":""PASS""}",,
v8_ignition,Gameboy,Gameboy,2,36,4,1184,296,0,true,2026-09-27T17:11:26.003230+00:00,--max-opt=0 --no-lazy,Date.now,1242060600,0,3fc599b60ec8be6d0ab60d00add662dde31374ecb5b24167384d72d325a08a21,"[""C:\\Users\\mzyx\\Desktop\\0921\\js-interpreter-bench\\engines\\v8-official-15.6.21\\runtime\\d8.exe"", ""--snapshot_blob=C:\\Users\\mzyx\\Desktop\\0921\\js-interpreter-bench\\engines\\v8-official-15.6.21\\runtime\\snapshot_blob.bin"", ""--max-opt=0"", ""--no-lazy"", ""C:\\Users\\mzyx\\Desktop\\0921\\js-interpreter-bench\\experiments\\octane_strict\\generated\\Gameboy.Gameboy.js"", ""--"", ""STRICT_CONFIG={\""N\"":4,\""mode\"":\""measure\"",\""timer\"":\""Date.now\""}""]","OCTANE_STRICT_RESULT:{""suite"":""Gameboy"",""benchmark"":""Gameboy"",""N"":4,""mode"":""measure"",""timer"":""Date.now"",""elapsed_ms"":1184,""elapsed_per_call_ms"":296,""extra_validation_calls"":0,""correctness"":""PASS""}",,
v8_ignition,Crypto,Decrypt,2,37,16,1469,91.8125,0,true,2026-09-27T17:11:27.526505+00:00,--max-opt=0 --no-lazy,Date.now,1511421100,0,974b320858e72132edd4dd56da2f4582cbe4e99b10027c89dfa44b1ea1cd4591,"[""C:\\Users\\mzyx\\Desktop\\0921\\js-interpreter-bench\\engines\\v8-official-15.6.21\\runtime\\d8.exe"", ""--snapshot_blob=C:\\Users\\mzyx\\Desktop\\0921\\js-interpreter-bench\\engines\\v8-official-15.6.21\\runtime\\snapshot_blob.bin"", ""--max-opt=0"", ""--no-lazy"", ""C:\\Users\\mzyx\\Desktop\\0921\\js-interpreter-bench\\experiments\\octane_strict\\generated\\Crypto.Decrypt.js"", ""--"", ""STRICT_CONFIG={\""N\"":16,\""mode\"":\""measure\"",\""timer\"":\""Date.now\""}""]","OCTANE_STRICT_RESULT:{""suite"":""Crypto"",""benchmark"":""Decrypt"",""N"":16,""mode"":""measure"",""timer"":""Date.now"",""elapsed_ms"":1469,""elapsed_per_call_ms"":91.8125,""extra_validation_calls"":0,""correctness"":""PASS""}",,
quickjs,Crypto,Decrypt,2,38,16,1630,101.875,0,true,2026-09-27T17:11:29.186118+00:00,,Date.now,1649048200,0,974b320858e72132edd4dd56da2f4582cbe4e99b10027c89dfa44b1ea1cd4591,"[""C:\\Users\\mzyx\\Desktop\\0921\\js-interpreter-bench\\engines\\quickjs-upstream\\qjs.exe"", ""C:\\Users\\mzyx\\Desktop\\0921\\js-interpreter-bench\\experiments\\octane_strict\\generated\\Crypto.Decrypt.js"", ""STRICT_CONFIG={\""N\"":16,\""mode\"":\""measure\"",\""timer\"":\""Date.now\""}""]","OCTANE_STRICT_RESULT:{""suite"":""Crypto"",""benchmark"":""Decrypt"",""N"":16,""mode"":""measure"",""timer"":""Date.now"",""elapsed_ms"":1630,""elapsed_per_call_ms"":101.875,""extra_validation_calls"":0,""correctness"":""PASS""}",,
v8_ignition,RegExp,RegExp,2,39,64,1220,19.0625,0,true,2026-09-27T17:11:30.471845+00:00,--max-opt=0 --no-lazy,Date.now,1273669700,0,881c9e28610ead1d8cbf528614032c48b8faa700f0e4177198bbb22f15a19111,"[""C:\\Users\\mzyx\\Desktop\\0921\\js-interpreter-bench\\engines\\v8-official-15.6.21\\runtime\\d8.exe"", ""--snapshot_blob=C:\\Users\\mzyx\\Desktop\\0921\\js-interpreter-bench\\engines\\v8-official-15.6.21\\runtime\\snapshot_blob.bin"", ""--max-opt=0"", ""--no-lazy"", ""C:\\Users\\mzyx\\Desktop\\0921\\js-interpreter-bench\\experiments\\octane_strict\\generated\\RegExp.RegExp.js"", ""--"", ""STRICT_CONFIG={\""N\"":64,\""mode\"":\""measure\"",\""timer\"":\""Date.now\""}""]","OCTANE_STRICT_RESULT:{""suite"":""RegExp"",""benchmark"":""RegExp"",""N"":64,""mode"":""measure"",""timer"":""Date.now"",""elapsed_ms"":1220,""elapsed_per_call_ms"":19.0625,""extra_validation_calls"":0,""correctness"":""PASS""}",,
quickjs,RegExp,RegExp,2,40,64,15183,237.234375,0,true,2026-09-27T17:11:45.696608+00:00,,Date.now,15213586500,0,881c9e28610ead1d8cbf528614032c48b8faa700f0e4177198bbb22f15a19111,"[""C:\\Users\\mzyx\\Desktop\\0921\\js-interpreter-bench\\engines\\quickjs-upstream\\qjs.exe"", ""C:\\Users\\mzyx\\Desktop\\0921\\js-interpreter-bench\\experiments\\octane_strict\\generated\\RegExp.RegExp.js"", ""STRICT_CONFIG={\""N\"":64,\""mode\"":\""measure\"",\""timer\"":\""Date.now\""}""]","OCTANE_STRICT_RESULT:{""suite"":""RegExp"",""benchmark"":""RegExp"",""N"":64,""mode"":""measure"",""timer"":""Date.now"",""elapsed_ms"":15183,""elapsed_per_call_ms"":237.234375,""extra_validation_calls"":0,""correctness"":""PASS""}",,
quickjs,RayTrace,RayTrace,2,41,64,2541,39.703125,0,true,2026-09-27T17:11:48.258624+00:00,,Date.now,2552573600,0,fb0af35ee1cbd7396c6b23184a123f87ce6f9d1d8e29a2dcbc3bf86a98f3ae33,"[""C:\\Users\\mzyx\\Desktop\\0921\\js-interpreter-bench\\engines\\quickjs-upstream\\qjs.exe"", ""C:\\Users\\mzyx\\Desktop\\0921\\js-interpreter-bench\\experiments\\octane_strict\\generated\\RayTrace.RayTrace.js"", ""STRICT_CONFIG={\""N\"":64,\""mode\"":\""measure\"",\""timer\"":\""Date.now\""}""]","OCTANE_STRICT_RESULT:{""suite"":""RayTrace"",""benchmark"":""RayTrace"",""N"":64,""mode"":""measure"",""timer"":""Date.now"",""elapsed_ms"":2541,""elapsed_per_call_ms"":39.703125,""extra_validation_calls"":0,""correctness"":""PASS""}",,
v8_ignition,RayTrace,RayTrace,2,42,64,1057,16.515625,0,true,2026-09-27T17:11:49.370608+00:00,--max-opt=0 --no-lazy,Date.now,1092569700,0,fb0af35ee1cbd7396c6b23184a123f87ce6f9d1d8e29a2dcbc3bf86a98f3ae33,"[""C:\\Users\\mzyx\\Desktop\\0921\\js-interpreter-bench\\engines\\v8-official-15.6.21\\runtime\\d8.exe"", ""--snapshot_blob=C:\\Users\\mzyx\\Desktop\\0921\\js-interpreter-bench\\engines\\v8-official-15.6.21\\runtime\\snapshot_blob.bin"", ""--max-opt=0"", ""--no-lazy"", ""C:\\Users\\mzyx\\Desktop\\0921\\js-interpreter-bench\\experiments\\octane_strict\\generated\\RayTrace.RayTrace.js"", ""--"", ""STRICT_CONFIG={\""N\"":64,\""mode\"":\""measure\"",\""timer\"":\""Date.now\""}""]","OCTANE_STRICT_RESULT:{""suite"":""RayTrace"",""benchmark"":""RayTrace"",""N"":64,""mode"":""measure"",""timer"":""Date.now"",""elapsed_ms"":1057,""elapsed_per_call_ms"":16.515625,""extra_validation_calls"":0,""correctness"":""PASS""}",,
quickjs,Crypto,Encrypt,2,43,256,1346,5.2578125,0,true,2026-09-27T17:11:50.840111+00:00,,Date.now,1457421100,0,c73b9c8626ff5488b879ff453a865c03adf87602c6d302855f1c6e0f91b57c92,"[""C:\\Users\\mzyx\\Desktop\\0921\\js-interpreter-bench\\engines\\quickjs-upstream\\qjs.exe"", ""C:\\Users\\mzyx\\Desktop\\0921\\js-interpreter-bench\\experiments\\octane_strict\\generated\\Crypto.Encrypt.js"", ""STRICT_CONFIG={\""N\"":256,\""mode\"":\""measure\"",\""timer\"":\""Date.now\""}""]","OCTANE_STRICT_RESULT:{""suite"":""Crypto"",""benchmark"":""Encrypt"",""N"":256,""mode"":""measure"",""timer"":""Date.now"",""elapsed_ms"":1346,""elapsed_per_call_ms"":5.2578125,""extra_validation_calls"":0,""correctness"":""PASS""}",,
v8_ignition,Crypto,Encrypt,2,44,256,1231,4.80859375,0,true,2026-09-27T17:11:52.215413+00:00,--max-opt=0 --no-lazy,Date.now,1362968700,0,c73b9c8626ff5488b879ff453a865c03adf87602c6d302855f1c6e0f91b57c92,"[""C:\\Users\\mzyx\\Desktop\\0921\\js-interpreter-bench\\engines\\v8-official-15.6.21\\runtime\\d8.exe"", ""--snapshot_blob=C:\\Users\\mzyx\\Desktop\\0921\\js-interpreter-bench\\engines\\v8-official-15.6.21\\runtime\\snapshot_blob.bin"", ""--max-opt=0"", ""--no-lazy"", ""C:\\Users\\mzyx\\Desktop\\0921\\js-interpreter-bench\\experiments\\octane_strict\\generated\\Crypto.Encrypt.js"", ""--"", ""STRICT_CONFIG={\""N\"":256,\""mode\"":\""measure\"",\""timer\"":\""Date.now\""}""]","OCTANE_STRICT_RESULT:{""suite"":""Crypto"",""benchmark"":""Encrypt"",""N"":256,""mode"":""measure"",""timer"":""Date.now"",""elapsed_ms"":1231,""elapsed_per_call_ms"":4.80859375,""extra_validation_calls"":0,""correctness"":""PASS""}",,
v8_ignition,CodeLoad,CodeLoadClosure,2,45,4096,1202,0.29345703125,0,true,2026-09-27T17:11:53.479784+00:00,--max-opt=0 --no-lazy,Date.now,1252791700,0,9c3f2890631a64f3776ae7d0cbc83510f2cadc62313f8e27b4ab278dd94390e8,"[""C:\\Users\\mzyx\\Desktop\\0921\\js-interpreter-bench\\engines\\v8-official-15.6.21\\runtime\\d8.exe"", ""--snapshot_blob=C:\\Users\\mzyx\\Desktop\\0921\\js-interpreter-bench\\engines\\v8-official-15.6.21\\runtime\\snapshot_blob.bin"", ""--max-opt=0"", ""--no-lazy"", ""C:\\Users\\mzyx\\Desktop\\0921\\js-interpreter-bench\\experiments\\octane_strict\\generated\\CodeLoad.CodeLoadClosure.js"", ""--"", ""STRICT_CONFIG={\""N\"":4096,\""mode\"":\""measure\"",\""timer\"":\""Date.now\""}""]","OCTANE_STRICT_RESULT:{""suite"":""CodeLoad"",""benchmark"":""CodeLoadClosure"",""N"":4096,""mode"":""measure"",""timer"":""Date.now"",""elapsed_ms"":1202,""elapsed_per_call_ms"":0.29345703125,""extra_validation_calls"":0,""correctness"":""PASS""}",,
quickjs,CodeLoad,CodeLoadClosure,2,46,4096,2457,0.599853515625,0,true,2026-09-27T17:11:56.084086+00:00,,Date.now,2589188700,0,9c3f2890631a64f3776ae7d0cbc83510f2cadc62313f8e27b4ab278dd94390e8,"[""C:\\Users\\mzyx\\Desktop\\0921\\js-interpreter-bench\\engines\\quickjs-upstream\\qjs.exe"", ""C:\\Users\\mzyx\\Desktop\\0921\\js-interpreter-bench\\experiments\\octane_strict\\generated\\CodeLoad.CodeLoadClosure.js"", ""STRICT_CONFIG={\""N\"":4096,\""mode\"":\""measure\"",\""timer\"":\""Date.now\""}""]","OCTANE_STRICT_RESULT:{""suite"":""CodeLoad"",""benchmark"":""CodeLoadClosure"",""N"":4096,""mode"":""measure"",""timer"":""Date.now"",""elapsed_ms"":2457,""elapsed_per_call_ms"":0.599853515625,""extra_validation_calls"":0,""correctness"":""PASS""}",,
quickjs,Richards,Richards,2,47,512,1966,3.83984375,0,true,2026-09-27T17:11:58.072720+00:00,,Date.now,1976778300,0,d2207c68ebcf5db16fd42f8eb04fe21239b5f4726e5d3734ebd3c059754126a8,"[""C:\\Users\\mzyx\\Desktop\\0921\\js-interpreter-bench\\engines\\quickjs-upstream\\qjs.exe"", ""C:\\Users\\mzyx\\Desktop\\0921\\js-interpreter-bench\\experiments\\octane_strict\\generated\\Richards.Richards.js"", ""STRICT_CONFIG={\""N\"":512,\""mode\"":\""measure\"",\""timer\"":\""Date.now\""}""]","OCTANE_STRICT_RESULT:{""suite"":""Richards"",""benchmark"":""Richards"",""N"":512,""mode"":""measure"",""timer"":""Date.now"",""elapsed_ms"":1966,""elapsed_per_call_ms"":3.83984375,""extra_validation_calls"":0,""correctness"":""PASS""}",,
v8_ignition,Richards,Richards,2,48,512,1051,2.052734375,0,true,2026-09-27T17:11:59.178799+00:00,--max-opt=0 --no-lazy,Date.now,1088759000,0,d2207c68ebcf5db16fd42f8eb04fe21239b5f4726e5d3734ebd3c059754126a8,"[""C:\\Users\\mzyx\\Desktop\\0921\\js-interpreter-bench\\engines\\v8-official-15.6.21\\runtime\\d8.exe"", ""--snapshot_blob=C:\\Users\\mzyx\\Desktop\\0921\\js-interpreter-bench\\engines\\v8-official-15.6.21\\runtime\\snapshot_blob.bin"", ""--max-opt=0"", ""--no-lazy"", ""C:\\Users\\mzyx\\Desktop\\0921\\js-interpreter-bench\\experiments\\octane_strict\\generated\\Richards.Richards.js"", ""--"", ""STRICT_CONFIG={\""N\"":512,\""mode\"":\""measure\"",\""timer\"":\""Date.now\""}""]","OCTANE_STRICT_RESULT:{""suite"":""Richards"",""benchmark"":""Richards"",""N"":512,""mode"":""measure"",""timer"":""Date.now"",""elapsed_ms"":1051,""elapsed_per_call_ms"":2.052734375,""extra_validation_calls"":0,""correctness"":""PASS""}",,
v8_ignition,DeltaBlue,DeltaBlue,2,49,512,1852,3.6171875,0,true,2026-09-27T17:12:01.079172+00:00,--max-opt=0 --no-lazy,Date.now,1888986600,0,8542689bb308963c4feefd143c1707791e271d609ef4c476eb9c3dfdeeec539f,"[""C:\\Users\\mzyx\\Desktop\\0921\\js-interpreter-bench\\engines\\v8-official-15.6.21\\runtime\\d8.exe"", ""--snapshot_blob=C:\\Users\\mzyx\\Desktop\\0921\\js-interpreter-bench\\engines\\v8-official-15.6.21\\runtime\\snapshot_blob.bin"", ""--max-opt=0"", ""--no-lazy"", ""C:\\Users\\mzyx\\Desktop\\0921\\js-interpreter-bench\\experiments\\octane_strict\\generated\\DeltaBlue.DeltaBlue.js"", ""--"", ""STRICT_CONFIG={\""N\"":512,\""mode\"":\""measure\"",\""timer\"":\""Date.now\""}""]","OCTANE_STRICT_RESULT:{""suite"":""DeltaBlue"",""benchmark"":""DeltaBlue"",""N"":512,""mode"":""measure"",""timer"":""Date.now"",""elapsed_ms"":1852,""elapsed_per_call_ms"":3.6171875,""extra_validation_calls"":0,""correctness"":""PASS""}",,
quickjs,DeltaBlue,DeltaBlue,2,50,512,3885,7.587890625,0,true,2026-09-27T17:12:04.986387+00:00,,Date.now,3896902500,0,8542689bb308963c4feefd143c1707791e271d609ef4c476eb9c3dfdeeec539f,"[""C:\\Users\\mzyx\\Desktop\\0921\\js-interpreter-bench\\engines\\quickjs-upstream\\qjs.exe"", ""C:\\Users\\mzyx\\Desktop\\0921\\js-interpreter-bench\\experiments\\octane_strict\\generated\\DeltaBlue.DeltaBlue.js"", ""STRICT_CONFIG={\""N\"":512,\""mode\"":\""measure\"",\""timer\"":\""Date.now\""}""]","OCTANE_STRICT_RESULT:{""suite"":""DeltaBlue"",""benchmark"":""DeltaBlue"",""N"":512,""mode"":""measure"",""timer"":""Date.now"",""elapsed_ms"":3885,""elapsed_per_call_ms"":7.587890625,""extra_validation_calls"":0,""correctness"":""PASS""}",,
v8_ignition,Typescript,Typescript,2,51,1,1204,1204,0,true,2026-09-27T17:12:06.286691+00:00,--max-opt=0 --no-lazy,Date.now,1280137200,0,135e157d4fd316d69e9afdb0147a5d3f71ff32877fbe7c2febd72041df50deb0,"[""C:\\Users\\mzyx\\Desktop\\0921\\js-interpreter-bench\\engines\\v8-official-15.6.21\\runtime\\d8.exe"", ""--snapshot_blob=C:\\Users\\mzyx\\Desktop\\0921\\js-interpreter-bench\\engines\\v8-official-15.6.21\\runtime\\snapshot_blob.bin"", ""--max-opt=0"", ""--no-lazy"", ""C:\\Users\\mzyx\\Desktop\\0921\\js-interpreter-bench\\experiments\\octane_strict\\generated\\Typescript.Typescript.js"", ""--"", ""STRICT_CONFIG={\""N\"":1,\""mode\"":\""measure\"",\""timer\"":\""Date.now\""}""]","OCTANE_STRICT_RESULT:{""suite"":""Typescript"",""benchmark"":""Typescript"",""N"":1,""mode"":""measure"",""timer"":""Date.now"",""elapsed_ms"":1204,""elapsed_per_call_ms"":1204,""extra_validation_calls"":0,""correctness"":""PASS""}",,
quickjs,Typescript,Typescript,2,52,1,2066,2066,0,true,2026-09-27T17:12:08.571208+00:00,,Date.now,2267511200,0,135e157d4fd316d69e9afdb0147a5d3f71ff32877fbe7c2febd72041df50deb0,"[""C:\\Users\\mzyx\\Desktop\\0921\\js-interpreter-bench\\engines\\quickjs-upstream\\qjs.exe"", ""C:\\Users\\mzyx\\Desktop\\0921\\js-interpreter-bench\\experiments\\octane_strict\\generated\\Typescript.Typescript.js"", ""STRICT_CONFIG={\""N\"":1,\""mode\"":\""measure\"",\""timer\"":\""Date.now\""}""]","OCTANE_STRICT_RESULT:{""suite"":""Typescript"",""benchmark"":""Typescript"",""N"":1,""mode"":""measure"",""timer"":""Date.now"",""elapsed_ms"":2066,""elapsed_per_call_ms"":2066,""extra_validation_calls"":0,""correctness"":""PASS""}",,
v8_ignition,NavierStokes,NavierStokes,2,53,32,2308,72.125,0,true,2026-09-27T17:12:10.930640+00:00,--max-opt=0 --no-lazy,Date.now,2346394400,0,e86c3b0056fae99b5f0ffdb7d093b565b02987eef458b2c07ecb3fc39700ee3c,"[""C:\\Users\\mzyx\\Desktop\\0921\\js-interpreter-bench\\engines\\v8-official-15.6.21\\runtime\\d8.exe"", ""--snapshot_blob=C:\\Users\\mzyx\\Desktop\\0921\\js-interpreter-bench\\engines\\v8-official-15.6.21\\runtime\\snapshot_blob.bin"", ""--max-opt=0"", ""--no-lazy"", ""C:\\Users\\mzyx\\Desktop\\0921\\js-interpreter-bench\\experiments\\octane_strict\\generated\\NavierStokes.NavierStokes.js"", ""--"", ""STRICT_CONFIG={\""N\"":32,\""mode\"":\""measure\"",\""timer\"":\""Date.now\""}""]","OCTANE_STRICT_RESULT:{""suite"":""NavierStokes"",""benchmark"":""NavierStokes"",""N"":32,""mode"":""measure"",""timer"":""Date.now"",""elapsed_ms"":2308,""elapsed_per_call_ms"":72.125,""extra_validation_calls"":0,""correctness"":""PASS""}",,
quickjs,NavierStokes,NavierStokes,2,54,32,1963,61.34375,0,true,2026-09-27T17:12:12.920954+00:00,,Date.now,1978720700,0,e86c3b0056fae99b5f0ffdb7d093b565b02987eef458b2c07ecb3fc39700ee3c,"[""C:\\Users\\mzyx\\Desktop\\0921\\js-interpreter-bench\\engines\\quickjs-upstream\\qjs.exe"", ""C:\\Users\\mzyx\\Desktop\\0921\\js-interpreter-bench\\experiments\\octane_strict\\generated\\NavierStokes.NavierStokes.js"", ""STRICT_CONFIG={\""N\"":32,\""mode\"":\""measure\"",\""timer\"":\""Date.now\""}""]","OCTANE_STRICT_RESULT:{""suite"":""NavierStokes"",""benchmark"":""NavierStokes"",""N"":32,""mode"":""measure"",""timer"":""Date.now"",""elapsed_ms"":1963,""elapsed_per_call_ms"":61.34375,""extra_validation_calls"":0,""correctness"":""PASS""}",,
quickjs,CodeLoad,CodeLoadJQuery,2,55,256,2806,10.9609375,0,true,2026-09-27T17:12:15.751861+00:00,,Date.now,2820429900,0,20f796e914b6995cc6114a2de2953e5cf5dd579501264d69dd26188909f790af,"[""C:\\Users\\mzyx\\Desktop\\0921\\js-interpreter-bench\\engines\\quickjs-upstream\\qjs.exe"", ""C:\\Users\\mzyx\\Desktop\\0921\\js-interpreter-bench\\experiments\\octane_strict\\generated\\CodeLoad.CodeLoadJQuery.js"", ""STRICT_CONFIG={\""N\"":256,\""mode\"":\""measure\"",\""timer\"":\""Date.now\""}""]","OCTANE_STRICT_RESULT:{""suite"":""CodeLoad"",""benchmark"":""CodeLoadJQuery"",""N"":256,""mode"":""measure"",""timer"":""Date.now"",""elapsed_ms"":2806,""elapsed_per_call_ms"":10.9609375,""extra_validation_calls"":0,""correctness"":""PASS""}",,
v8_ignition,CodeLoad,CodeLoadJQuery,2,56,256,1062,4.1484375,0,true,2026-09-27T17:12:16.874374+00:00,--max-opt=0 --no-lazy,Date.now,1104990600,0,20f796e914b6995cc6114a2de2953e5cf5dd579501264d69dd26188909f790af,"[""C:\\Users\\mzyx\\Desktop\\0921\\js-interpreter-bench\\engines\\v8-official-15.6.21\\runtime\\d8.exe"", ""--snapshot_blob=C:\\Users\\mzyx\\Desktop\\0921\\js-interpreter-bench\\engines\\v8-official-15.6.21\\runtime\\snapshot_blob.bin"", ""--max-opt=0"", ""--no-lazy"", ""C:\\Users\\mzyx\\Desktop\\0921\\js-interpreter-bench\\experiments\\octane_strict\\generated\\CodeLoad.CodeLoadJQuery.js"", ""--"", ""STRICT_CONFIG={\""N\"":256,\""mode\"":\""measure\"",\""timer\"":\""Date.now\""}""]","OCTANE_STRICT_RESULT:{""suite"":""CodeLoad"",""benchmark"":""CodeLoadJQuery"",""N"":256,""mode"":""measure"",""timer"":""Date.now"",""elapsed_ms"":1062,""elapsed_per_call_ms"":4.1484375,""extra_validation_calls"":0,""correctness"":""PASS""}",,
quickjs,EarleyBoyer,Boyer,2,57,32,3744,117,0,true,2026-09-27T17:12:20.653598+00:00,,Date.now,3766508700,0,e6d4262bd967274f8c7b66181bd6e39a9851606524faae200584e064d21b43b8,"[""C:\\Users\\mzyx\\Desktop\\0921\\js-interpreter-bench\\engines\\quickjs-upstream\\qjs.exe"", ""C:\\Users\\mzyx\\Desktop\\0921\\js-interpreter-bench\\experiments\\octane_strict\\generated\\EarleyBoyer.Boyer.js"", ""STRICT_CONFIG={\""N\"":32,\""mode\"":\""measure\"",\""timer\"":\""Date.now\""}""]","OCTANE_STRICT_RESULT:{""suite"":""EarleyBoyer"",""benchmark"":""Boyer"",""N"":32,""mode"":""measure"",""timer"":""Date.now"",""elapsed_ms"":3744,""elapsed_per_call_ms"":117,""extra_validation_calls"":0,""correctness"":""PASS""}",,
v8_ignition,EarleyBoyer,Boyer,2,58,32,1296,40.5,0,true,2026-09-27T17:12:22.004855+00:00,--max-opt=0 --no-lazy,Date.now,1339806600,0,e6d4262bd967274f8c7b66181bd6e39a9851606524faae200584e064d21b43b8,"[""C:\\Users\\mzyx\\Desktop\\0921\\js-interpreter-bench\\engines\\v8-official-15.6.21\\runtime\\d8.exe"", ""--snapshot_blob=C:\\Users\\mzyx\\Desktop\\0921\\js-interpreter-bench\\engines\\v8-official-15.6.21\\runtime\\snapshot_blob.bin"", ""--max-opt=0"", ""--no-lazy"", ""C:\\Users\\mzyx\\Desktop\\0921\\js-interpreter-bench\\experiments\\octane_strict\\generated\\EarleyBoyer.Boyer.js"", ""--"", ""STRICT_CONFIG={\""N\"":32,\""mode\"":\""measure\"",\""timer\"":\""Date.now\""}""]","OCTANE_STRICT_RESULT:{""suite"":""EarleyBoyer"",""benchmark"":""Boyer"",""N"":32,""mode"":""measure"",""timer"":""Date.now"",""elapsed_ms"":1296,""elapsed_per_call_ms"":40.5,""extra_validation_calls"":0,""correctness"":""PASS""}",,
v8_ignition,Mandreel,Mandreel,2,59,1,1469,1469,0,true,2026-09-27T17:12:24.861289+00:00,--max-opt=0 --no-lazy,Date.now,2838483200,0,64fbf14da4005c4426dcdd6191a5f206fbcd9ce260549e924fd925408614702d,"[""C:\\Users\\mzyx\\Desktop\\0921\\js-interpreter-bench\\engines\\v8-official-15.6.21\\runtime\\d8.exe"", ""--snapshot_blob=C:\\Users\\mzyx\\Desktop\\0921\\js-interpreter-bench\\engines\\v8-official-15.6.21\\runtime\\snapshot_blob.bin"", ""--max-opt=0"", ""--no-lazy"", ""C:\\Users\\mzyx\\Desktop\\0921\\js-interpreter-bench\\experiments\\octane_strict\\generated\\Mandreel.Mandreel.js"", ""--"", ""STRICT_CONFIG={\""N\"":1,\""mode\"":\""measure\"",\""timer\"":\""Date.now\""}""]","OCTANE_STRICT_RESULT:{""suite"":""Mandreel"",""benchmark"":""Mandreel"",""N"":1,""mode"":""measure"",""timer"":""Date.now"",""elapsed_ms"":1469,""elapsed_per_call_ms"":1469,""extra_validation_calls"":0,""correctness"":""PASS""}",,
quickjs,Mandreel,Mandreel,2,60,1,1938,1938,0,true,2026-09-27T17:12:28.308742+00:00,,Date.now,3425960200,0,64fbf14da4005c4426dcdd6191a5f206fbcd9ce260549e924fd925408614702d,"[""C:\\Users\\mzyx\\Desktop\\0921\\js-interpreter-bench\\engines\\quickjs-upstream\\qjs.exe"", ""C:\\Users\\mzyx\\Desktop\\0921\\js-interpreter-bench\\experiments\\octane_strict\\generated\\Mandreel.Mandreel.js"", ""STRICT_CONFIG={\""N\"":1,\""mode\"":\""measure\"",\""timer\"":\""Date.now\""}""]","OCTANE_STRICT_RESULT:{""suite"":""Mandreel"",""benchmark"":""Mandreel"",""N"":1,""mode"":""measure"",""timer"":""Date.now"",""elapsed_ms"":1938,""elapsed_per_call_ms"":1938,""extra_validation_calls"":0,""correctness"":""PASS""}",,
quickjs,PdfJS,PdfJS,2,61,16,3220,201.25,0,true,2026-09-27T17:12:31.772344+00:00,,Date.now,3439179000,0,f1966230e4a00bc61dc4c00fd600486e941235c3ee8206f897bd148dfd6e630b,"[""C:\\Users\\mzyx\\Desktop\\0921\\js-interpreter-bench\\engines\\quickjs-upstream\\qjs.exe"", ""C:\\Users\\mzyx\\Desktop\\0921\\js-interpreter-bench\\experiments\\octane_strict\\generated\\PdfJS.PdfJS.js"", ""STRICT_CONFIG={\""N\"":16,\""mode\"":\""measure\"",\""timer\"":\""Date.now\""}""]","OCTANE_STRICT_RESULT:{""suite"":""PdfJS"",""benchmark"":""PdfJS"",""N"":16,""mode"":""measure"",""timer"":""Date.now"",""elapsed_ms"":3220,""elapsed_per_call_ms"":201.25,""extra_validation_calls"":0,""correctness"":""PASS""}",,
v8_ignition,PdfJS,PdfJS,2,62,16,1684,105.25,0,true,2026-09-27T17:12:33.629571+00:00,--max-opt=0 --no-lazy,Date.now,1837769900,0,f1966230e4a00bc61dc4c00fd600486e941235c3ee8206f897bd148dfd6e630b,"[""C:\\Users\\mzyx\\Desktop\\0921\\js-interpreter-bench\\engines\\v8-official-15.6.21\\runtime\\d8.exe"", ""--snapshot_blob=C:\\Users\\mzyx\\Desktop\\0921\\js-interpreter-bench\\engines\\v8-official-15.6.21\\runtime\\snapshot_blob.bin"", ""--max-opt=0"", ""--no-lazy"", ""C:\\Users\\mzyx\\Desktop\\0921\\js-interpreter-bench\\experiments\\octane_strict\\generated\\PdfJS.PdfJS.js"", ""--"", ""STRICT_CONFIG={\""N\"":16,\""mode\"":\""measure\"",\""timer\"":\""Date.now\""}""]","OCTANE_STRICT_RESULT:{""suite"":""PdfJS"",""benchmark"":""PdfJS"",""N"":16,""mode"":""measure"",""timer"":""Date.now"",""elapsed_ms"":1684,""elapsed_per_call_ms"":105.25,""extra_validation_calls"":0,""correctness"":""PASS""}",,
quickjs,Splay,Splay,2,63,2048,4527,2.21044921875,0,true,2026-09-27T17:12:38.596377+00:00,,Date.now,4954508700,0,d6372414234d150c814a6933257aa8c98a8c6260b0d72a71ee0d08d0ee6fb17a,"[""C:\\Users\\mzyx\\Desktop\\0921\\js-interpreter-bench\\engines\\quickjs-upstream\\qjs.exe"", ""C:\\Users\\mzyx\\Desktop\\0921\\js-interpreter-bench\\experiments\\octane_strict\\generated\\Splay.Splay.js"", ""STRICT_CONFIG={\""N\"":2048,\""mode\"":\""measure\"",\""timer\"":\""Date.now\""}""]","OCTANE_STRICT_RESULT:{""suite"":""Splay"",""benchmark"":""Splay"",""N"":2048,""mode"":""measure"",""timer"":""Date.now"",""elapsed_ms"":4527,""elapsed_per_call_ms"":2.21044921875,""extra_validation_calls"":0,""correctness"":""PASS""}",,
v8_ignition,Splay,Splay,2,64,2048,1877,0.91650390625,0,true,2026-09-27T17:12:40.617199+00:00,--max-opt=0 --no-lazy,Date.now,2010201600,0,d6372414234d150c814a6933257aa8c98a8c6260b0d72a71ee0d08d0ee6fb17a,"[""C:\\Users\\mzyx\\Desktop\\0921\\js-interpreter-bench\\engines\\v8-official-15.6.21\\runtime\\d8.exe"", ""--snapshot_blob=C:\\Users\\mzyx\\Desktop\\0921\\js-interpreter-bench\\engines\\v8-official-15.6.21\\runtime\\snapshot_blob.bin"", ""--max-opt=0"", ""--no-lazy"", ""C:\\Users\\mzyx\\Desktop\\0921\\js-interpreter-bench\\experiments\\octane_strict\\generated\\Splay.Splay.js"", ""--"", ""STRICT_CONFIG={\""N\"":2048,\""mode\"":\""measure\"",\""timer\"":\""Date.now\""}""]","OCTANE_STRICT_RESULT:{""suite"":""Splay"",""benchmark"":""Splay"",""N"":2048,""mode"":""measure"",""timer"":""Date.now"",""elapsed_ms"":1877,""elapsed_per_call_ms"":0.91650390625,""extra_validation_calls"":0,""correctness"":""PASS""}",,
quickjs,RegExp,RegExp,3,65,64,14604,228.1875,0,true,2026-09-27T17:12:55.265046+00:00,,Date.now,14636423400,0,881c9e28610ead1d8cbf528614032c48b8faa700f0e4177198bbb22f15a19111,"[""C:\\Users\\mzyx\\Desktop\\0921\\js-interpreter-bench\\engines\\quickjs-upstream\\qjs.exe"", ""C:\\Users\\mzyx\\Desktop\\0921\\js-interpreter-bench\\experiments\\octane_strict\\generated\\RegExp.RegExp.js"", ""STRICT_CONFIG={\""N\"":64,\""mode\"":\""measure\"",\""timer\"":\""Date.now\""}""]","OCTANE_STRICT_RESULT:{""suite"":""RegExp"",""benchmark"":""RegExp"",""N"":64,""mode"":""measure"",""timer"":""Date.now"",""elapsed_ms"":14604,""elapsed_per_call_ms"":228.1875,""extra_validation_calls"":0,""correctness"":""PASS""}",,
v8_ignition,RegExp,RegExp,3,66,64,1294,20.21875,0,true,2026-09-27T17:12:56.633374+00:00,--max-opt=0 --no-lazy,Date.now,1355698700,0,881c9e28610ead1d8cbf528614032c48b8faa700f0e4177198bbb22f15a19111,"[""C:\\Users\\mzyx\\Desktop\\0921\\js-interpreter-bench\\engines\\v8-official-15.6.21\\runtime\\d8.exe"", ""--snapshot_blob=C:\\Users\\mzyx\\Desktop\\0921\\js-interpreter-bench\\engines\\v8-official-15.6.21\\runtime\\snapshot_blob.bin"", ""--max-opt=0"", ""--no-lazy"", ""C:\\Users\\mzyx\\Desktop\\0921\\js-interpreter-bench\\experiments\\octane_strict\\generated\\RegExp.RegExp.js"", ""--"", ""STRICT_CONFIG={\""N\"":64,\""mode\"":\""measure\"",\""timer\"":\""Date.now\""}""]","OCTANE_STRICT_RESULT:{""suite"":""RegExp"",""benchmark"":""RegExp"",""N"":64,""mode"":""measure"",""timer"":""Date.now"",""elapsed_ms"":1294,""elapsed_per_call_ms"":20.21875,""extra_validation_calls"":0,""correctness"":""PASS""}",,
v8_ignition,Richards,Richards,3,67,512,1066,2.08203125,0,true,2026-09-27T17:12:57.744862+00:00,--max-opt=0 --no-lazy,Date.now,1101934900,0,d2207c68ebcf5db16fd42f8eb04fe21239b5f4726e5d3734ebd3c059754126a8,"[""C:\\Users\\mzyx\\Desktop\\0921\\js-interpreter-bench\\engines\\v8-official-15.6.21\\runtime\\d8.exe"", ""--snapshot_blob=C:\\Users\\mzyx\\Desktop\\0921\\js-interpreter-bench\\engines\\v8-official-15.6.21\\runtime\\snapshot_blob.bin"", ""--max-opt=0"", ""--no-lazy"", ""C:\\Users\\mzyx\\Desktop\\0921\\js-interpreter-bench\\experiments\\octane_strict\\generated\\Richards.Richards.js"", ""--"", ""STRICT_CONFIG={\""N\"":512,\""mode\"":\""measure\"",\""timer\"":\""Date.now\""}""]","OCTANE_STRICT_RESULT:{""suite"":""Richards"",""benchmark"":""Richards"",""N"":512,""mode"":""measure"",""timer"":""Date.now"",""elapsed_ms"":1066,""elapsed_per_call_ms"":2.08203125,""extra_validation_calls"":0,""correctness"":""PASS""}",,
quickjs,Richards,Richards,3,68,512,1975,3.857421875,0,true,2026-09-27T17:12:59.743860+00:00,,Date.now,1986895600,0,d2207c68ebcf5db16fd42f8eb04fe21239b5f4726e5d3734ebd3c059754126a8,"[""C:\\Users\\mzyx\\Desktop\\0921\\js-interpreter-bench\\engines\\quickjs-upstream\\qjs.exe"", ""C:\\Users\\mzyx\\Desktop\\0921\\js-interpreter-bench\\experiments\\octane_strict\\generated\\Richards.Richards.js"", ""STRICT_CONFIG={\""N\"":512,\""mode\"":\""measure\"",\""timer\"":\""Date.now\""}""]","OCTANE_STRICT_RESULT:{""suite"":""Richards"",""benchmark"":""Richards"",""N"":512,""mode"":""measure"",""timer"":""Date.now"",""elapsed_ms"":1975,""elapsed_per_call_ms"":3.857421875,""extra_validation_calls"":0,""correctness"":""PASS""}",,
v8_ignition,EarleyBoyer,Boyer,3,69,32,1301,40.65625,0,true,2026-09-27T17:13:01.106033+00:00,--max-opt=0 --no-lazy,Date.now,1344817700,0,e6d4262bd967274f8c7b66181bd6e39a9851606524faae200584e064d21b43b8,"[""C:\\Users\\mzyx\\Desktop\\0921\\js-interpreter-bench\\engines\\v8-official-15.6.21\\runtime\\d8.exe"", ""--snapshot_blob=C:\\Users\\mzyx\\Desktop\\0921\\js-interpreter-bench\\engines\\v8-official-15.6.21\\runtime\\snapshot_blob.bin"", ""--max-opt=0"", ""--no-lazy"", ""C:\\Users\\mzyx\\Desktop\\0921\\js-interpreter-bench\\experiments\\octane_strict\\generated\\EarleyBoyer.Boyer.js"", ""--"", ""STRICT_CONFIG={\""N\"":32,\""mode\"":\""measure\"",\""timer\"":\""Date.now\""}""]","OCTANE_STRICT_RESULT:{""suite"":""EarleyBoyer"",""benchmark"":""Boyer"",""N"":32,""mode"":""measure"",""timer"":""Date.now"",""elapsed_ms"":1301,""elapsed_per_call_ms"":40.65625,""extra_validation_calls"":0,""correctness"":""PASS""}",,
quickjs,EarleyBoyer,Boyer,3,70,32,3759,117.46875,0,true,2026-09-27T17:13:04.901847+00:00,,Date.now,3782244000,0,e6d4262bd967274f8c7b66181bd6e39a9851606524faae200584e064d21b43b8,"[""C:\\Users\\mzyx\\Desktop\\0921\\js-interpreter-bench\\engines\\quickjs-upstream\\qjs.exe"", ""C:\\Users\\mzyx\\Desktop\\0921\\js-interpreter-bench\\experiments\\octane_strict\\generated\\EarleyBoyer.Boyer.js"", ""STRICT_CONFIG={\""N\"":32,\""mode\"":\""measure\"",\""timer\"":\""Date.now\""}""]","OCTANE_STRICT_RESULT:{""suite"":""EarleyBoyer"",""benchmark"":""Boyer"",""N"":32,""mode"":""measure"",""timer"":""Date.now"",""elapsed_ms"":3759,""elapsed_per_call_ms"":117.46875,""extra_validation_calls"":0,""correctness"":""PASS""}",,
v8_ignition,RayTrace,RayTrace,3,71,64,1076,16.8125,0,true,2026-09-27T17:13:06.033795+00:00,--max-opt=0 --no-lazy,Date.now,1114944700,0,fb0af35ee1cbd7396c6b23184a123f87ce6f9d1d8e29a2dcbc3bf86a98f3ae33,"[""C:\\Users\\mzyx\\Desktop\\0921\\js-interpreter-bench\\engines\\v8-official-15.6.21\\runtime\\d8.exe"", ""--snapshot_blob=C:\\Users\\mzyx\\Desktop\\0921\\js-interpreter-bench\\engines\\v8-official-15.6.21\\runtime\\snapshot_blob.bin"", ""--max-opt=0"", ""--no-lazy"", ""C:\\Users\\mzyx\\Desktop\\0921\\js-interpreter-bench\\experiments\\octane_strict\\generated\\RayTrace.RayTrace.js"", ""--"", ""STRICT_CONFIG={\""N\"":64,\""mode\"":\""measure\"",\""timer\"":\""Date.now\""}""]","OCTANE_STRICT_RESULT:{""suite"":""RayTrace"",""benchmark"":""RayTrace"",""N"":64,""mode"":""measure"",""timer"":""Date.now"",""elapsed_ms"":1076,""elapsed_per_call_ms"":16.8125,""extra_validation_calls"":0,""correctness"":""PASS""}",,
quickjs,RayTrace,RayTrace,3,72,64,2532,39.5625,0,true,2026-09-27T17:13:08.589472+00:00,,Date.now,2543464200,0,fb0af35ee1cbd7396c6b23184a123f87ce6f9d1d8e29a2dcbc3bf86a98f3ae33,"[""C:\\Users\\mzyx\\Desktop\\0921\\js-interpreter-bench\\engines\\quickjs-upstream\\qjs.exe"", ""C:\\Users\\mzyx\\Desktop\\0921\\js-interpreter-bench\\experiments\\octane_strict\\generated\\RayTrace.RayTrace.js"", ""STRICT_CONFIG={\""N\"":64,\""mode\"":\""measure\"",\""timer\"":\""Date.now\""}""]","OCTANE_STRICT_RESULT:{""suite"":""RayTrace"",""benchmark"":""RayTrace"",""N"":64,""mode"":""measure"",""timer"":""Date.now"",""elapsed_ms"":2532,""elapsed_per_call_ms"":39.5625,""extra_validation_calls"":0,""correctness"":""PASS""}",,
v8_ignition,PdfJS,PdfJS,3,73,16,1696,106,0,true,2026-09-27T17:13:10.451128+00:00,--max-opt=0 --no-lazy,Date.now,1847579600,0,f1966230e4a00bc61dc4c00fd600486e941235c3ee8206f897bd148dfd6e630b,"[""C:\\Users\\mzyx\\Desktop\\0921\\js-interpreter-bench\\engines\\v8-official-15.6.21\\runtime\\d8.exe"", ""--snapshot_blob=C:\\Users\\mzyx\\Desktop\\0921\\js-interpreter-bench\\engines\\v8-official-15.6.21\\runtime\\snapshot_blob.bin"", ""--max-opt=0"", ""--no-lazy"", ""C:\\Users\\mzyx\\Desktop\\0921\\js-interpreter-bench\\experiments\\octane_strict\\generated\\PdfJS.PdfJS.js"", ""--"", ""STRICT_CONFIG={\""N\"":16,\""mode\"":\""measure\"",\""timer\"":\""Date.now\""}""]","OCTANE_STRICT_RESULT:{""suite"":""PdfJS"",""benchmark"":""PdfJS"",""N"":16,""mode"":""measure"",""timer"":""Date.now"",""elapsed_ms"":1696,""elapsed_per_call_ms"":106,""extra_validation_calls"":0,""correctness"":""PASS""}",,
quickjs,PdfJS,PdfJS,3,74,16,3228,201.75,0,true,2026-09-27T17:13:13.914223+00:00,,Date.now,3448480400,0,f1966230e4a00bc61dc4c00fd600486e941235c3ee8206f897bd148dfd6e630b,"[""C:\\Users\\mzyx\\Desktop\\0921\\js-interpreter-bench\\engines\\quickjs-upstream\\qjs.exe"", ""C:\\Users\\mzyx\\Desktop\\0921\\js-interpreter-bench\\experiments\\octane_strict\\generated\\PdfJS.PdfJS.js"", ""STRICT_CONFIG={\""N\"":16,\""mode\"":\""measure\"",\""timer\"":\""Date.now\""}""]","OCTANE_STRICT_RESULT:{""suite"":""PdfJS"",""benchmark"":""PdfJS"",""N"":16,""mode"":""measure"",""timer"":""Date.now"",""elapsed_ms"":3228,""elapsed_per_call_ms"":201.75,""extra_validation_calls"":0,""correctness"":""PASS""}",,
v8_ignition,CodeLoad,CodeLoadJQuery,3,75,256,1062,4.1484375,0,true,2026-09-27T17:13:15.036510+00:00,--max-opt=0 --no-lazy,Date.now,1104086200,0,20f796e914b6995cc6114a2de2953e5cf5dd579501264d69dd26188909f790af,"[""C:\\Users\\mzyx\\Desktop\\0921\\js-interpreter-bench\\engines\\v8-official-15.6.21\\runtime\\d8.exe"", ""--snapshot_blob=C:\\Users\\mzyx\\Desktop\\0921\\js-interpreter-bench\\engines\\v8-official-15.6.21\\runtime\\snapshot_blob.bin"", ""--max-opt=0"", ""--no-lazy"", ""C:\\Users\\mzyx\\Desktop\\0921\\js-interpreter-bench\\experiments\\octane_strict\\generated\\CodeLoad.CodeLoadJQuery.js"", ""--"", ""STRICT_CONFIG={\""N\"":256,\""mode\"":\""measure\"",\""timer\"":\""Date.now\""}""]","OCTANE_STRICT_RESULT:{""suite"":""CodeLoad"",""benchmark"":""CodeLoadJQuery"",""N"":256,""mode"":""measure"",""timer"":""Date.now"",""elapsed_ms"":1062,""elapsed_per_call_ms"":4.1484375,""extra_validation_calls"":0,""correctness"":""PASS""}",,
quickjs,CodeLoad,CodeLoadJQuery,3,76,256,2821,11.01953125,0,true,2026-09-27T17:13:17.884394+00:00,,Date.now,2835768500,0,20f796e914b6995cc6114a2de2953e5cf5dd579501264d69dd26188909f790af,"[""C:\\Users\\mzyx\\Desktop\\0921\\js-interpreter-bench\\engines\\quickjs-upstream\\qjs.exe"", ""C:\\Users\\mzyx\\Desktop\\0921\\js-interpreter-bench\\experiments\\octane_strict\\generated\\CodeLoad.CodeLoadJQuery.js"", ""STRICT_CONFIG={\""N\"":256,\""mode\"":\""measure\"",\""timer\"":\""Date.now\""}""]","OCTANE_STRICT_RESULT:{""suite"":""CodeLoad"",""benchmark"":""CodeLoadJQuery"",""N"":256,""mode"":""measure"",""timer"":""Date.now"",""elapsed_ms"":2821,""elapsed_per_call_ms"":11.01953125,""extra_validation_calls"":0,""correctness"":""PASS""}",,
v8_ignition,Splay,Splay,3,77,2048,1841,0.89892578125,0,true,2026-09-27T17:13:19.876978+00:00,--max-opt=0 --no-lazy,Date.now,1980002900,0,d6372414234d150c814a6933257aa8c98a8c6260b0d72a71ee0d08d0ee6fb17a,"[""C:\\Users\\mzyx\\Desktop\\0921\\js-interpreter-bench\\engines\\v8-official-15.6.21\\runtime\\d8.exe"", ""--snapshot_blob=C:\\Users\\mzyx\\Desktop\\0921\\js-interpreter-bench\\engines\\v8-official-15.6.21\\runtime\\snapshot_blob.bin"", ""--max-opt=0"", ""--no-lazy"", ""C:\\Users\\mzyx\\Desktop\\0921\\js-interpreter-bench\\experiments\\octane_strict\\generated\\Splay.Splay.js"", ""--"", ""STRICT_CONFIG={\""N\"":2048,\""mode\"":\""measure\"",\""timer\"":\""Date.now\""}""]","OCTANE_STRICT_RESULT:{""suite"":""Splay"",""benchmark"":""Splay"",""N"":2048,""mode"":""measure"",""timer"":""Date.now"",""elapsed_ms"":1841,""elapsed_per_call_ms"":0.89892578125,""extra_validation_calls"":0,""correctness"":""PASS""}",,
quickjs,Splay,Splay,3,78,2048,4508,2.201171875,0,true,2026-09-27T17:13:24.814053+00:00,,Date.now,4924462700,0,d6372414234d150c814a6933257aa8c98a8c6260b0d72a71ee0d08d0ee6fb17a,"[""C:\\Users\\mzyx\\Desktop\\0921\\js-interpreter-bench\\engines\\quickjs-upstream\\qjs.exe"", ""C:\\Users\\mzyx\\Desktop\\0921\\js-interpreter-bench\\experiments\\octane_strict\\generated\\Splay.Splay.js"", ""STRICT_CONFIG={\""N\"":2048,\""mode\"":\""measure\"",\""timer\"":\""Date.now\""}""]","OCTANE_STRICT_RESULT:{""suite"":""Splay"",""benchmark"":""Splay"",""N"":2048,""mode"":""measure"",""timer"":""Date.now"",""elapsed_ms"":4508,""elapsed_per_call_ms"":2.201171875,""extra_validation_calls"":0,""correctness"":""PASS""}",,
v8_ignition,Gameboy,Gameboy,3,79,4,1191,297.75,0,true,2026-09-27T17:13:26.082204+00:00,--max-opt=0 --no-lazy,Date.now,1250175100,0,3fc599b60ec8be6d0ab60d00add662dde31374ecb5b24167384d72d325a08a21,"[""C:\\Users\\mzyx\\Desktop\\0921\\js-interpreter-bench\\engines\\v8-official-15.6.21\\runtime\\d8.exe"", ""--snapshot_blob=C:\\Users\\mzyx\\Desktop\\0921\\js-interpreter-bench\\engines\\v8-official-15.6.21\\runtime\\snapshot_blob.bin"", ""--max-opt=0"", ""--no-lazy"", ""C:\\Users\\mzyx\\Desktop\\0921\\js-interpreter-bench\\experiments\\octane_strict\\generated\\Gameboy.Gameboy.js"", ""--"", ""STRICT_CONFIG={\""N\"":4,\""mode\"":\""measure\"",\""timer\"":\""Date.now\""}""]","OCTANE_STRICT_RESULT:{""suite"":""Gameboy"",""benchmark"":""Gameboy"",""N"":4,""mode"":""measure"",""timer"":""Date.now"",""elapsed_ms"":1191,""elapsed_per_call_ms"":297.75,""extra_validation_calls"":0,""correctness"":""PASS""}",,
quickjs,Gameboy,Gameboy,3,80,4,1445,361.25,0,true,2026-09-27T17:13:27.583977+00:00,,Date.now,1489641200,0,3fc599b60ec8be6d0ab60d00add662dde31374ecb5b24167384d72d325a08a21,"[""C:\\Users\\mzyx\\Desktop\\0921\\js-interpreter-bench\\engines\\quickjs-upstream\\qjs.exe"", ""C:\\Users\\mzyx\\Desktop\\0921\\js-interpreter-bench\\experiments\\octane_strict\\generated\\Gameboy.Gameboy.js"", ""STRICT_CONFIG={\""N\"":4,\""mode\"":\""measure\"",\""timer\"":\""Date.now\""}""]","OCTANE_STRICT_RESULT:{""suite"":""Gameboy"",""benchmark"":""Gameboy"",""N"":4,""mode"":""measure"",""timer"":""Date.now"",""elapsed_ms"":1445,""elapsed_per_call_ms"":361.25,""extra_validation_calls"":0,""correctness"":""PASS""}",,
quickjs,DeltaBlue,DeltaBlue,3,81,512,3891,7.599609375,0,true,2026-09-27T17:13:31.502695+00:00,,Date.now,3901334000,0,8542689bb308963c4feefd143c1707791e271d609ef4c476eb9c3dfdeeec539f,"[""C:\\Users\\mzyx\\Desktop\\0921\\js-interpreter-bench\\engines\\quickjs-upstream\\qjs.exe"", ""C:\\Users\\mzyx\\Desktop\\0921\\js-interpreter-bench\\experiments\\octane_strict\\generated\\DeltaBlue.DeltaBlue.js"", ""STRICT_CONFIG={\""N\"":512,\""mode\"":\""measure\"",\""timer\"":\""Date.now\""}""]","OCTANE_STRICT_RESULT:{""suite"":""DeltaBlue"",""benchmark"":""DeltaBlue"",""N"":512,""mode"":""measure"",""timer"":""Date.now"",""elapsed_ms"":3891,""elapsed_per_call_ms"":7.599609375,""extra_validation_calls"":0,""correctness"":""PASS""}",,
v8_ignition,DeltaBlue,DeltaBlue,3,82,512,1879,3.669921875,0,true,2026-09-27T17:13:33.430219+00:00,--max-opt=0 --no-lazy,Date.now,1915672700,0,8542689bb308963c4feefd143c1707791e271d609ef4c476eb9c3dfdeeec539f,"[""C:\\Users\\mzyx\\Desktop\\0921\\js-interpreter-bench\\engines\\v8-official-15.6.21\\runtime\\d8.exe"", ""--snapshot_blob=C:\\Users\\mzyx\\Desktop\\0921\\js-interpreter-bench\\engines\\v8-official-15.6.21\\runtime\\snapshot_blob.bin"", ""--max-opt=0"", ""--no-lazy"", ""C:\\Users\\mzyx\\Desktop\\0921\\js-interpreter-bench\\experiments\\octane_strict\\generated\\DeltaBlue.DeltaBlue.js"", ""--"", ""STRICT_CONFIG={\""N\"":512,\""mode\"":\""measure\"",\""timer\"":\""Date.now\""}""]","OCTANE_STRICT_RESULT:{""suite"":""DeltaBlue"",""benchmark"":""DeltaBlue"",""N"":512,""mode"":""measure"",""timer"":""Date.now"",""elapsed_ms"":1879,""elapsed_per_call_ms"":3.669921875,""extra_validation_calls"":0,""correctness"":""PASS""}",,
quickjs,Mandreel,Mandreel,3,83,1,1840,1840,0,true,2026-09-27T17:13:36.783065+00:00,,Date.now,3335937800,0,64fbf14da4005c4426dcdd6191a5f206fbcd9ce260549e924fd925408614702d,"[""C:\\Users\\mzyx\\Desktop\\0921\\js-interpreter-bench\\engines\\quickjs-upstream\\qjs.exe"", ""C:\\Users\\mzyx\\Desktop\\0921\\js-interpreter-bench\\experiments\\octane_strict\\generated\\Mandreel.Mandreel.js"", ""STRICT_CONFIG={\""N\"":1,\""mode\"":\""measure\"",\""timer\"":\""Date.now\""}""]","OCTANE_STRICT_RESULT:{""suite"":""Mandreel"",""benchmark"":""Mandreel"",""N"":1,""mode"":""measure"",""timer"":""Date.now"",""elapsed_ms"":1840,""elapsed_per_call_ms"":1840,""extra_validation_calls"":0,""correctness"":""PASS""}",,
v8_ignition,Mandreel,Mandreel,3,84,1,1480,1480,0,true,2026-09-27T17:13:39.652147+00:00,--max-opt=0 --no-lazy,Date.now,2846187400,0,64fbf14da4005c4426dcdd6191a5f206fbcd9ce260549e924fd925408614702d,"[""C:\\Users\\mzyx\\Desktop\\0921\\js-interpreter-bench\\engines\\v8-official-15.6.21\\runtime\\d8.exe"", ""--snapshot_blob=C:\\Users\\mzyx\\Desktop\\0921\\js-interpreter-bench\\engines\\v8-official-15.6.21\\runtime\\snapshot_blob.bin"", ""--max-opt=0"", ""--no-lazy"", ""C:\\Users\\mzyx\\Desktop\\0921\\js-interpreter-bench\\experiments\\octane_strict\\generated\\Mandreel.Mandreel.js"", ""--"", ""STRICT_CONFIG={\""N\"":1,\""mode\"":\""measure\"",\""timer\"":\""Date.now\""}""]","OCTANE_STRICT_RESULT:{""suite"":""Mandreel"",""benchmark"":""Mandreel"",""N"":1,""mode"":""measure"",""timer"":""Date.now"",""elapsed_ms"":1480,""elapsed_per_call_ms"":1480,""extra_validation_calls"":0,""correctness"":""PASS""}",,
quickjs,CodeLoad,CodeLoadClosure,3,85,4096,2465,0.601806640625,0,true,2026-09-27T17:13:42.266787+00:00,,Date.now,2596911700,0,9c3f2890631a64f3776ae7d0cbc83510f2cadc62313f8e27b4ab278dd94390e8,"[""C:\\Users\\mzyx\\Desktop\\0921\\js-interpreter-bench\\engines\\quickjs-upstream\\qjs.exe"", ""C:\\Users\\mzyx\\Desktop\\0921\\js-interpreter-bench\\experiments\\octane_strict\\generated\\CodeLoad.CodeLoadClosure.js"", ""STRICT_CONFIG={\""N\"":4096,\""mode\"":\""measure\"",\""timer\"":\""Date.now\""}""]","OCTANE_STRICT_RESULT:{""suite"":""CodeLoad"",""benchmark"":""CodeLoadClosure"",""N"":4096,""mode"":""measure"",""timer"":""Date.now"",""elapsed_ms"":2465,""elapsed_per_call_ms"":0.601806640625,""extra_validation_calls"":0,""correctness"":""PASS""}",,
v8_ignition,CodeLoad,CodeLoadClosure,3,86,4096,1200,0.29296875,0,true,2026-09-27T17:13:43.529084+00:00,--max-opt=0 --no-lazy,Date.now,1249327100,0,9c3f2890631a64f3776ae7d0cbc83510f2cadc62313f8e27b4ab278dd94390e8,"[""C:\\Users\\mzyx\\Desktop\\0921\\js-interpreter-bench\\engines\\v8-official-15.6.21\\runtime\\d8.exe"", ""--snapshot_blob=C:\\Users\\mzyx\\Desktop\\0921\\js-interpreter-bench\\engines\\v8-official-15.6.21\\runtime\\snapshot_blob.bin"", ""--max-opt=0"", ""--no-lazy"", ""C:\\Users\\mzyx\\Desktop\\0921\\js-interpreter-bench\\experiments\\octane_strict\\generated\\CodeLoad.CodeLoadClosure.js"", ""--"", ""STRICT_CONFIG={\""N\"":4096,\""mode\"":\""measure\"",\""timer\"":\""Date.now\""}""]","OCTANE_STRICT_RESULT:{""suite"":""CodeLoad"",""benchmark"":""CodeLoadClosure"",""N"":4096,""mode"":""measure"",""timer"":""Date.now"",""elapsed_ms"":1200,""elapsed_per_call_ms"":0.29296875,""extra_validation_calls"":0,""correctness"":""PASS""}",,
quickjs,Crypto,Decrypt,3,87,16,1632,102,0,true,2026-09-27T17:13:45.190509+00:00,,Date.now,1649168000,0,974b320858e72132edd4dd56da2f4582cbe4e99b10027c89dfa44b1ea1cd4591,"[""C:\\Users\\mzyx\\Desktop\\0921\\js-interpreter-bench\\engines\\quickjs-upstream\\qjs.exe"", ""C:\\Users\\mzyx\\Desktop\\0921\\js-interpreter-bench\\experiments\\octane_strict\\generated\\Crypto.Decrypt.js"", ""STRICT_CONFIG={\""N\"":16,\""mode\"":\""measure\"",\""timer\"":\""Date.now\""}""]","OCTANE_STRICT_RESULT:{""suite"":""Crypto"",""benchmark"":""Decrypt"",""N"":16,""mode"":""measure"",""timer"":""Date.now"",""elapsed_ms"":1632,""elapsed_per_call_ms"":102,""extra_validation_calls"":0,""correctness"":""PASS""}",,
v8_ignition,Crypto,Decrypt,3,88,16,1397,87.3125,0,true,2026-09-27T17:13:46.640451+00:00,--max-opt=0 --no-lazy,Date.now,1439131300,0,974b320858e72132edd4dd56da2f4582cbe4e99b10027c89dfa44b1ea1cd4591,"[""C:\\Users\\mzyx\\Desktop\\0921\\js-interpreter-bench\\engines\\v8-official-15.6.21\\runtime\\d8.exe"", ""--snapshot_blob=C:\\Users\\mzyx\\Desktop\\0921\\js-interpreter-bench\\engines\\v8-official-15.6.21\\runtime\\snapshot_blob.bin"", ""--max-opt=0"", ""--no-lazy"", ""C:\\Users\\mzyx\\Desktop\\0921\\js-interpreter-bench\\experiments\\octane_strict\\generated\\Crypto.Decrypt.js"", ""--"", ""STRICT_CONFIG={\""N\"":16,\""mode\"":\""measure\"",\""timer\"":\""Date.now\""}""]","OCTANE_STRICT_RESULT:{""suite"":""Crypto"",""benchmark"":""Decrypt"",""N"":16,""mode"":""measure"",""timer"":""Date.now"",""elapsed_ms"":1397,""elapsed_per_call_ms"":87.3125,""extra_validation_calls"":0,""correctness"":""PASS""}",,
quickjs,Typescript,Typescript,3,89,1,2067,2067,0,true,2026-09-27T17:13:48.924711+00:00,,Date.now,2267722200,0,135e157d4fd316d69e9afdb0147a5d3f71ff32877fbe7c2febd72041df50deb0,"[""C:\\Users\\mzyx\\Desktop\\0921\\js-interpreter-bench\\engines\\quickjs-upstream\\qjs.exe"", ""C:\\Users\\mzyx\\Desktop\\0921\\js-interpreter-bench\\experiments\\octane_strict\\generated\\Typescript.Typescript.js"", ""STRICT_CONFIG={\""N\"":1,\""mode\"":\""measure\"",\""timer\"":\""Date.now\""}""]","OCTANE_STRICT_RESULT:{""suite"":""Typescript"",""benchmark"":""Typescript"",""N"":1,""mode"":""measure"",""timer"":""Date.now"",""elapsed_ms"":2067,""elapsed_per_call_ms"":2067,""extra_validation_calls"":0,""correctness"":""PASS""}",,
v8_ignition,Typescript,Typescript,3,90,1,1195,1195,0,true,2026-09-27T17:13:50.213993+00:00,--max-opt=0 --no-lazy,Date.now,1271371600,0,135e157d4fd316d69e9afdb0147a5d3f71ff32877fbe7c2febd72041df50deb0,"[""C:\\Users\\mzyx\\Desktop\\0921\\js-interpreter-bench\\engines\\v8-official-15.6.21\\runtime\\d8.exe"", ""--snapshot_blob=C:\\Users\\mzyx\\Desktop\\0921\\js-interpreter-bench\\engines\\v8-official-15.6.21\\runtime\\snapshot_blob.bin"", ""--max-opt=0"", ""--no-lazy"", ""C:\\Users\\mzyx\\Desktop\\0921\\js-interpreter-bench\\experiments\\octane_strict\\generated\\Typescript.Typescript.js"", ""--"", ""STRICT_CONFIG={\""N\"":1,\""mode\"":\""measure\"",\""timer\"":\""Date.now\""}""]","OCTANE_STRICT_RESULT:{""suite"":""Typescript"",""benchmark"":""Typescript"",""N"":1,""mode"":""measure"",""timer"":""Date.now"",""elapsed_ms"":1195,""elapsed_per_call_ms"":1195,""extra_validation_calls"":0,""correctness"":""PASS""}",,
v8_ignition,Crypto,Encrypt,3,91,256,1208,4.71875,0,true,2026-09-27T17:13:51.564953+00:00,--max-opt=0 --no-lazy,Date.now,1339318800,0,c73b9c8626ff5488b879ff453a865c03adf87602c6d302855f1c6e0f91b57c92,"[""C:\\Users\\mzyx\\Desktop\\0921\\js-interpreter-bench\\engines\\v8-official-15.6.21\\runtime\\d8.exe"", ""--snapshot_blob=C:\\Users\\mzyx\\Desktop\\0921\\js-interpreter-bench\\engines\\v8-official-15.6.21\\runtime\\snapshot_blob.bin"", ""--max-opt=0"", ""--no-lazy"", ""C:\\Users\\mzyx\\Desktop\\0921\\js-interpreter-bench\\experiments\\octane_strict\\generated\\Crypto.Encrypt.js"", ""--"", ""STRICT_CONFIG={\""N\"":256,\""mode\"":\""measure\"",\""timer\"":\""Date.now\""}""]","OCTANE_STRICT_RESULT:{""suite"":""Crypto"",""benchmark"":""Encrypt"",""N"":256,""mode"":""measure"",""timer"":""Date.now"",""elapsed_ms"":1208,""elapsed_per_call_ms"":4.71875,""extra_validation_calls"":0,""correctness"":""PASS""}",,
quickjs,Crypto,Encrypt,3,92,256,1341,5.23828125,0,true,2026-09-27T17:13:53.029696+00:00,,Date.now,1453054400,0,c73b9c8626ff5488b879ff453a865c03adf87602c6d302855f1c6e0f91b57c92,"[""C:\\Users\\mzyx\\Desktop\\0921\\js-interpreter-bench\\engines\\quickjs-upstream\\qjs.exe"", ""C:\\Users\\mzyx\\Desktop\\0921\\js-interpreter-bench\\experiments\\octane_strict\\generated\\Crypto.Encrypt.js"", ""STRICT_CONFIG={\""N\"":256,\""mode\"":\""measure\"",\""timer\"":\""Date.now\""}""]","OCTANE_STRICT_RESULT:{""suite"":""Crypto"",""benchmark"":""Encrypt"",""N"":256,""mode"":""measure"",""timer"":""Date.now"",""elapsed_ms"":1341,""elapsed_per_call_ms"":5.23828125,""extra_validation_calls"":0,""correctness"":""PASS""}",,
quickjs,EarleyBoyer,Earley,3,93,512,3771,7.365234375,0,true,2026-09-27T17:13:56.835647+00:00,,Date.now,3791833800,0,c3ef3fbdd43f0dd5865a1652fa447c774869e86efba25ad910dffdea953f80a2,"[""C:\\Users\\mzyx\\Desktop\\0921\\js-interpreter-bench\\engines\\quickjs-upstream\\qjs.exe"", ""C:\\Users\\mzyx\\Desktop\\0921\\js-interpreter-bench\\experiments\\octane_strict\\generated\\EarleyBoyer.Earley.js"", ""STRICT_CONFIG={\""N\"":512,\""mode\"":\""measure\"",\""timer\"":\""Date.now\""}""]","OCTANE_STRICT_RESULT:{""suite"":""EarleyBoyer"",""benchmark"":""Earley"",""N"":512,""mode"":""measure"",""timer"":""Date.now"",""elapsed_ms"":3771,""elapsed_per_call_ms"":7.365234375,""extra_validation_calls"":0,""correctness"":""PASS""}",,
v8_ignition,EarleyBoyer,Earley,3,94,512,1099,2.146484375,0,true,2026-09-27T17:13:57.995810+00:00,--max-opt=0 --no-lazy,Date.now,1141891600,0,c3ef3fbdd43f0dd5865a1652fa447c774869e86efba25ad910dffdea953f80a2,"[""C:\\Users\\mzyx\\Desktop\\0921\\js-interpreter-bench\\engines\\v8-official-15.6.21\\runtime\\d8.exe"", ""--snapshot_blob=C:\\Users\\mzyx\\Desktop\\0921\\js-interpreter-bench\\engines\\v8-official-15.6.21\\runtime\\snapshot_blob.bin"", ""--max-opt=0"", ""--no-lazy"", ""C:\\Users\\mzyx\\Desktop\\0921\\js-interpreter-bench\\experiments\\octane_strict\\generated\\EarleyBoyer.Earley.js"", ""--"", ""STRICT_CONFIG={\""N\"":512,\""mode\"":\""measure\"",\""timer\"":\""Date.now\""}""]","OCTANE_STRICT_RESULT:{""suite"":""EarleyBoyer"",""benchmark"":""Earley"",""N"":512,""mode"":""measure"",""timer"":""Date.now"",""elapsed_ms"":1099,""elapsed_per_call_ms"":2.146484375,""extra_validation_calls"":0,""correctness"":""PASS""}",,
quickjs,NavierStokes,NavierStokes,3,95,32,2014,62.9375,0,true,2026-09-27T17:14:00.037086+00:00,,Date.now,2029437200,0,e86c3b0056fae99b5f0ffdb7d093b565b02987eef458b2c07ecb3fc39700ee3c,"[""C:\\Users\\mzyx\\Desktop\\0921\\js-interpreter-bench\\engines\\quickjs-upstream\\qjs.exe"", ""C:\\Users\\mzyx\\Desktop\\0921\\js-interpreter-bench\\experiments\\octane_strict\\generated\\NavierStokes.NavierStokes.js"", ""STRICT_CONFIG={\""N\"":32,\""mode\"":\""measure\"",\""timer\"":\""Date.now\""}""]","OCTANE_STRICT_RESULT:{""suite"":""NavierStokes"",""benchmark"":""NavierStokes"",""N"":32,""mode"":""measure"",""timer"":""Date.now"",""elapsed_ms"":2014,""elapsed_per_call_ms"":62.9375,""extra_validation_calls"":0,""correctness"":""PASS""}",,
v8_ignition,NavierStokes,NavierStokes,3,96,32,2269,70.90625,0,true,2026-09-27T17:14:02.358564+00:00,--max-opt=0 --no-lazy,Date.now,2308815700,0,e86c3b0056fae99b5f0ffdb7d093b565b02987eef458b2c07ecb3fc39700ee3c,"[""C:\\Users\\mzyx\\Desktop\\0921\\js-interpreter-bench\\engines\\v8-official-15.6.21\\runtime\\d8.exe"", ""--snapshot_blob=C:\\Users\\mzyx\\Desktop\\0921\\js-interpreter-bench\\engines\\v8-official-15.6.21\\runtime\\snapshot_blob.bin"", ""--max-opt=0"", ""--no-lazy"", ""C:\\Users\\mzyx\\Desktop\\0921\\js-interpreter-bench\\experiments\\octane_strict\\generated\\NavierStokes.NavierStokes.js"", ""--"", ""STRICT_CONFIG={\""N\"":32,\""mode\"":\""measure\"",\""timer\"":\""Date.now\""}""]","OCTANE_STRICT_RESULT:{""suite"":""NavierStokes"",""benchmark"":""NavierStokes"",""N"":32,""mode"":""measure"",""timer"":""Date.now"",""elapsed_ms"":2269,""elapsed_per_call_ms"":70.90625,""extra_validation_calls"":0,""correctness"":""PASS""}",,
quickjs,EarleyBoyer,Boyer,4,97,32,3699,115.59375,0,true,2026-09-27T17:14:06.092699+00:00,,Date.now,3722275900,0,e6d4262bd967274f8c7b66181bd6e39a9851606524faae200584e064d21b43b8,"[""C:\\Users\\mzyx\\Desktop\\0921\\js-interpreter-bench\\engines\\quickjs-upstream\\qjs.exe"", ""C:\\Users\\mzyx\\Desktop\\0921\\js-interpreter-bench\\experiments\\octane_strict\\generated\\EarleyBoyer.Boyer.js"", ""STRICT_CONFIG={\""N\"":32,\""mode\"":\""measure\"",\""timer\"":\""Date.now\""}""]","OCTANE_STRICT_RESULT:{""suite"":""EarleyBoyer"",""benchmark"":""Boyer"",""N"":32,""mode"":""measure"",""timer"":""Date.now"",""elapsed_ms"":3699,""elapsed_per_call_ms"":115.59375,""extra_validation_calls"":0,""correctness"":""PASS""}",,
v8_ignition,EarleyBoyer,Boyer,4,98,32,1280,40,0,true,2026-09-27T17:14:07.433156+00:00,--max-opt=0 --no-lazy,Date.now,1322660000,0,e6d4262bd967274f8c7b66181bd6e39a9851606524faae200584e064d21b43b8,"[""C:\\Users\\mzyx\\Desktop\\0921\\js-interpreter-bench\\engines\\v8-official-15.6.21\\runtime\\d8.exe"", ""--snapshot_blob=C:\\Users\\mzyx\\Desktop\\0921\\js-interpreter-bench\\engines\\v8-official-15.6.21\\runtime\\snapshot_blob.bin"", ""--max-opt=0"", ""--no-lazy"", ""C:\\Users\\mzyx\\Desktop\\0921\\js-interpreter-bench\\experiments\\octane_strict\\generated\\EarleyBoyer.Boyer.js"", ""--"", ""STRICT_CONFIG={\""N\"":32,\""mode\"":\""measure\"",\""timer\"":\""Date.now\""}""]","OCTANE_STRICT_RESULT:{""suite"":""EarleyBoyer"",""benchmark"":""Boyer"",""N"":32,""mode"":""measure"",""timer"":""Date.now"",""elapsed_ms"":1280,""elapsed_per_call_ms"":40,""extra_validation_calls"":0,""correctness"":""PASS""}",,
v8_ignition,Mandreel,Mandreel,4,99,1,1475,1475,0,true,2026-09-27T17:14:10.275876+00:00,--max-opt=0 --no-lazy,Date.now,2824872300,0,64fbf14da4005c4426dcdd6191a5f206fbcd9ce260549e924fd925408614702d,"[""C:\\Users\\mzyx\\Desktop\\0921\\js-interpreter-bench\\engines\\v8-official-15.6.21\\runtime\\d8.exe"", ""--snapshot_blob=C:\\Users\\mzyx\\Desktop\\0921\\js-interpreter-bench\\engines\\v8-official-15.6.21\\runtime\\snapshot_blob.bin"", ""--max-opt=0"", ""--no-lazy"", ""C:\\Users\\mzyx\\Desktop\\0921\\js-interpreter-bench\\experiments\\octane_strict\\generated\\Mandreel.Mandreel.js"", ""--"", ""STRICT_CONFIG={\""N\"":1,\""mode\"":\""measure\"",\""timer\"":\""Date.now\""}""]","OCTANE_STRICT_RESULT:{""suite"":""Mandreel"",""benchmark"":""Mandreel"",""N"":1,""mode"":""measure"",""timer"":""Date.now"",""elapsed_ms"":1475,""elapsed_per_call_ms"":1475,""extra_validation_calls"":0,""correctness"":""PASS""}",,
quickjs,Mandreel,Mandreel,4,100,1,1792,1792,0,true,2026-09-27T17:14:13.579003+00:00,,Date.now,3282615000,0,64fbf14da4005c4426dcdd6191a5f206fbcd9ce260549e924fd925408614702d,"[""C:\\Users\\mzyx\\Desktop\\0921\\js-interpreter-bench\\engines\\quickjs-upstream\\qjs.exe"", ""C:\\Users\\mzyx\\Desktop\\0921\\js-interpreter-bench\\experiments\\octane_strict\\generated\\Mandreel.Mandreel.js"", ""STRICT_CONFIG={\""N\"":1,\""mode\"":\""measure\"",\""timer\"":\""Date.now\""}""]","OCTANE_STRICT_RESULT:{""suite"":""Mandreel"",""benchmark"":""Mandreel"",""N"":1,""mode"":""measure"",""timer"":""Date.now"",""elapsed_ms"":1792,""elapsed_per_call_ms"":1792,""extra_validation_calls"":0,""correctness"":""PASS""}",,
quickjs,Crypto,Encrypt,4,101,256,1359,5.30859375,0,true,2026-09-27T17:14:15.066742+00:00,,Date.now,1466142500,0,c73b9c8626ff5488b879ff453a865c03adf87602c6d302855f1c6e0f91b57c92,"[""C:\\Users\\mzyx\\Desktop\\0921\\js-interpreter-bench\\engines\\quickjs-upstream\\qjs.exe"", ""C:\\Users\\mzyx\\Desktop\\0921\\js-interpreter-bench\\experiments\\octane_strict\\generated\\Crypto.Encrypt.js"", ""STRICT_CONFIG={\""N\"":256,\""mode\"":\""measure\"",\""timer\"":\""Date.now\""}""]","OCTANE_STRICT_RESULT:{""suite"":""Crypto"",""benchmark"":""Encrypt"",""N"":256,""mode"":""measure"",""timer"":""Date.now"",""elapsed_ms"":1359,""elapsed_per_call_ms"":5.30859375,""extra_validation_calls"":0,""correctness"":""PASS""}",,
v8_ignition,Crypto,Encrypt,4,102,256,1247,4.87109375,0,true,2026-09-27T17:14:16.454409+00:00,--max-opt=0 --no-lazy,Date.now,1377886100,0,c73b9c8626ff5488b879ff453a865c03adf87602c6d302855f1c6e0f91b57c92,"[""C:\\Users\\mzyx\\Desktop\\0921\\js-interpreter-bench\\engines\\v8-official-15.6.21\\runtime\\d8.exe"", ""--snapshot_blob=C:\\Users\\mzyx\\Desktop\\0921\\js-interpreter-bench\\engines\\v8-official-15.6.21\\runtime\\snapshot_blob.bin"", ""--max-opt=0"", ""--no-lazy"", ""C:\\Users\\mzyx\\Desktop\\0921\\js-interpreter-bench\\experiments\\octane_strict\\generated\\Crypto.Encrypt.js"", ""--"", ""STRICT_CONFIG={\""N\"":256,\""mode\"":\""measure\"",\""timer\"":\""Date.now\""}""]","OCTANE_STRICT_RESULT:{""suite"":""Crypto"",""benchmark"":""Encrypt"",""N"":256,""mode"":""measure"",""timer"":""Date.now"",""elapsed_ms"":1247,""elapsed_per_call_ms"":4.87109375,""extra_validation_calls"":0,""correctness"":""PASS""}",,
v8_ignition,RegExp,RegExp,4,103,64,1243,19.421875,0,true,2026-09-27T17:14:17.764077+00:00,--max-opt=0 --no-lazy,Date.now,1298218300,0,881c9e28610ead1d8cbf528614032c48b8faa700f0e4177198bbb22f15a19111,"[""C:\\Users\\mzyx\\Desktop\\0921\\js-interpreter-bench\\engines\\v8-official-15.6.21\\runtime\\d8.exe"", ""--snapshot_blob=C:\\Users\\mzyx\\Desktop\\0921\\js-interpreter-bench\\engines\\v8-official-15.6.21\\runtime\\snapshot_blob.bin"", ""--max-opt=0"", ""--no-lazy"", ""C:\\Users\\mzyx\\Desktop\\0921\\js-interpreter-bench\\experiments\\octane_strict\\generated\\RegExp.RegExp.js"", ""--"", ""STRICT_CONFIG={\""N\"":64,\""mode\"":\""measure\"",\""timer\"":\""Date.now\""}""]","OCTANE_STRICT_RESULT:{""suite"":""RegExp"",""benchmark"":""RegExp"",""N"":64,""mode"":""measure"",""timer"":""Date.now"",""elapsed_ms"":1243,""elapsed_per_call_ms"":19.421875,""extra_validation_calls"":0,""correctness"":""PASS""}",,
quickjs,RegExp,RegExp,4,104,64,14586,227.90625,0,true,2026-09-27T17:14:32.396028+00:00,,Date.now,14620992000,0,881c9e28610ead1d8cbf528614032c48b8faa700f0e4177198bbb22f15a19111,"[""C:\\Users\\mzyx\\Desktop\\0921\\js-interpreter-bench\\engines\\quickjs-upstream\\qjs.exe"", ""C:\\Users\\mzyx\\Desktop\\0921\\js-interpreter-bench\\experiments\\octane_strict\\generated\\RegExp.RegExp.js"", ""STRICT_CONFIG={\""N\"":64,\""mode\"":\""measure\"",\""timer\"":\""Date.now\""}""]","OCTANE_STRICT_RESULT:{""suite"":""RegExp"",""benchmark"":""RegExp"",""N"":64,""mode"":""measure"",""timer"":""Date.now"",""elapsed_ms"":14586,""elapsed_per_call_ms"":227.90625,""extra_validation_calls"":0,""correctness"":""PASS""}",,
v8_ignition,NavierStokes,NavierStokes,4,105,32,2340,73.125,0,true,2026-09-27T17:14:34.791940+00:00,--max-opt=0 --no-lazy,Date.now,2379003000,0,e86c3b0056fae99b5f0ffdb7d093b565b02987eef458b2c07ecb3fc39700ee3c,"[""C:\\Users\\mzyx\\Desktop\\0921\\js-interpreter-bench\\engines\\v8-official-15.6.21\\runtime\\d8.exe"", ""--snapshot_blob=C:\\Users\\mzyx\\Desktop\\0921\\js-interpreter-bench\\engines\\v8-official-15.6.21\\runtime\\snapshot_blob.bin"", ""--max-opt=0"", ""--no-lazy"", ""C:\\Users\\mzyx\\Desktop\\0921\\js-interpreter-bench\\experiments\\octane_strict\\generated\\NavierStokes.NavierStokes.js"", ""--"", ""STRICT_CONFIG={\""N\"":32,\""mode\"":\""measure\"",\""timer\"":\""Date.now\""}""]","OCTANE_STRICT_RESULT:{""suite"":""NavierStokes"",""benchmark"":""NavierStokes"",""N"":32,""mode"":""measure"",""timer"":""Date.now"",""elapsed_ms"":2340,""elapsed_per_call_ms"":73.125,""extra_validation_calls"":0,""correctness"":""PASS""}",,
quickjs,NavierStokes,NavierStokes,4,106,32,1999,62.46875,0,true,2026-09-27T17:14:36.819768+00:00,,Date.now,2015700300,0,e86c3b0056fae99b5f0ffdb7d093b565b02987eef458b2c07ecb3fc39700ee3c,"[""C:\\Users\\mzyx\\Desktop\\0921\\js-interpreter-bench\\engines\\quickjs-upstream\\qjs.exe"", ""C:\\Users\\mzyx\\Desktop\\0921\\js-interpreter-bench\\experiments\\octane_strict\\generated\\NavierStokes.NavierStokes.js"", ""STRICT_CONFIG={\""N\"":32,\""mode\"":\""measure\"",\""timer\"":\""Date.now\""}""]","OCTANE_STRICT_RESULT:{""suite"":""NavierStokes"",""benchmark"":""NavierStokes"",""N"":32,""mode"":""measure"",""timer"":""Date.now"",""elapsed_ms"":1999,""elapsed_per_call_ms"":62.46875,""extra_validation_calls"":0,""correctness"":""PASS""}",,
v8_ignition,DeltaBlue,DeltaBlue,4,107,512,1879,3.669921875,0,true,2026-09-27T17:14:38.746740+00:00,--max-opt=0 --no-lazy,Date.now,1915462200,0,8542689bb308963c4feefd143c1707791e271d609ef4c476eb9c3dfdeeec539f,"[""C:\\Users\\mzyx\\Desktop\\0921\\js-interpreter-bench\\engines\\v8-official-15.6.21\\runtime\\d8.exe"", ""--snapshot_blob=C:\\Users\\mzyx\\Desktop\\0921\\js-interpreter-bench\\engines\\v8-official-15.6.21\\runtime\\snapshot_blob.bin"", ""--max-opt=0"", ""--no-lazy"", ""C:\\Users\\mzyx\\Desktop\\0921\\js-interpreter-bench\\experiments\\octane_strict\\generated\\DeltaBlue.DeltaBlue.js"", ""--"", ""STRICT_CONFIG={\""N\"":512,\""mode\"":\""measure\"",\""timer\"":\""Date.now\""}""]","OCTANE_STRICT_RESULT:{""suite"":""DeltaBlue"",""benchmark"":""DeltaBlue"",""N"":512,""mode"":""measure"",""timer"":""Date.now"",""elapsed_ms"":1879,""elapsed_per_call_ms"":3.669921875,""extra_validation_calls"":0,""correctness"":""PASS""}",,
quickjs,DeltaBlue,DeltaBlue,4,108,512,3904,7.625,0,true,2026-09-27T17:14:42.672371+00:00,,Date.now,3914972000,0,8542689bb308963c4feefd143c1707791e271d609ef4c476eb9c3dfdeeec539f,"[""C:\\Users\\mzyx\\Desktop\\0921\\js-interpreter-bench\\engines\\quickjs-upstream\\qjs.exe"", ""C:\\Users\\mzyx\\Desktop\\0921\\js-interpreter-bench\\experiments\\octane_strict\\generated\\DeltaBlue.DeltaBlue.js"", ""STRICT_CONFIG={\""N\"":512,\""mode\"":\""measure\"",\""timer\"":\""Date.now\""}""]","OCTANE_STRICT_RESULT:{""suite"":""DeltaBlue"",""benchmark"":""DeltaBlue"",""N"":512,""mode"":""measure"",""timer"":""Date.now"",""elapsed_ms"":3904,""elapsed_per_call_ms"":7.625,""extra_validation_calls"":0,""correctness"":""PASS""}",,
quickjs,RayTrace,RayTrace,4,109,64,2542,39.71875,0,true,2026-09-27T17:14:45.243899+00:00,,Date.now,2553897800,0,fb0af35ee1cbd7396c6b23184a123f87ce6f9d1d8e29a2dcbc3bf86a98f3ae33,"[""C:\\Users\\mzyx\\Desktop\\0921\\js-interpreter-bench\\engines\\quickjs-upstream\\qjs.exe"", ""C:\\Users\\mzyx\\Desktop\\0921\\js-interpreter-bench\\experiments\\octane_strict\\generated\\RayTrace.RayTrace.js"", ""STRICT_CONFIG={\""N\"":64,\""mode\"":\""measure\"",\""timer\"":\""Date.now\""}""]","OCTANE_STRICT_RESULT:{""suite"":""RayTrace"",""benchmark"":""RayTrace"",""N"":64,""mode"":""measure"",""timer"":""Date.now"",""elapsed_ms"":2542,""elapsed_per_call_ms"":39.71875,""extra_validation_calls"":0,""correctness"":""PASS""}",,
v8_ignition,RayTrace,RayTrace,4,110,64,1138,17.78125,0,true,2026-09-27T17:14:46.433444+00:00,--max-opt=0 --no-lazy,Date.now,1178248100,0,fb0af35ee1cbd7396c6b23184a123f87ce6f9d1d8e29a2dcbc3bf86a98f3ae33,"[""C:\\Users\\mzyx\\Desktop\\0921\\js-interpreter-bench\\engines\\v8-official-15.6.21\\runtime\\d8.exe"", ""--snapshot_blob=C:\\Users\\mzyx\\Desktop\\0921\\js-interpreter-bench\\engines\\v8-official-15.6.21\\runtime\\snapshot_blob.bin"", ""--max-opt=0"", ""--no-lazy"", ""C:\\Users\\mzyx\\Desktop\\0921\\js-interpreter-bench\\experiments\\octane_strict\\generated\\RayTrace.RayTrace.js"", ""--"", ""STRICT_CONFIG={\""N\"":64,\""mode\"":\""measure\"",\""timer\"":\""Date.now\""}""]","OCTANE_STRICT_RESULT:{""suite"":""RayTrace"",""benchmark"":""RayTrace"",""N"":64,""mode"":""measure"",""timer"":""Date.now"",""elapsed_ms"":1138,""elapsed_per_call_ms"":17.78125,""extra_validation_calls"":0,""correctness"":""PASS""}",,
v8_ignition,Crypto,Decrypt,4,111,16,1420,88.75,0,true,2026-09-27T17:14:47.901628+00:00,--max-opt=0 --no-lazy,Date.now,1463716900,0,974b320858e72132edd4dd56da2f4582cbe4e99b10027c89dfa44b1ea1cd4591,"[""C:\\Users\\mzyx\\Desktop\\0921\\js-interpreter-bench\\engines\\v8-official-15.6.21\\runtime\\d8.exe"", ""--snapshot_blob=C:\\Users\\mzyx\\Desktop\\0921\\js-interpreter-bench\\engines\\v8-official-15.6.21\\runtime\\snapshot_blob.bin"", ""--max-opt=0"", ""--no-lazy"", ""C:\\Users\\mzyx\\Desktop\\0921\\js-interpreter-bench\\experiments\\octane_strict\\generated\\Crypto.Decrypt.js"", ""--"", ""STRICT_CONFIG={\""N\"":16,\""mode\"":\""measure\"",\""timer\"":\""Date.now\""}""]","OCTANE_STRICT_RESULT:{""suite"":""Crypto"",""benchmark"":""Decrypt"",""N"":16,""mode"":""measure"",""timer"":""Date.now"",""elapsed_ms"":1420,""elapsed_per_call_ms"":88.75,""extra_validation_calls"":0,""correctness"":""PASS""}",,
quickjs,Crypto,Decrypt,4,112,16,1647,102.9375,0,true,2026-09-27T17:14:49.579314+00:00,,Date.now,1666069000,0,974b320858e72132edd4dd56da2f4582cbe4e99b10027c89dfa44b1ea1cd4591,"[""C:\\Users\\mzyx\\Desktop\\0921\\js-interpreter-bench\\engines\\quickjs-upstream\\qjs.exe"", ""C:\\Users\\mzyx\\Desktop\\0921\\js-interpreter-bench\\experiments\\octane_strict\\generated\\Crypto.Decrypt.js"", ""STRICT_CONFIG={\""N\"":16,\""mode\"":\""measure\"",\""timer\"":\""Date.now\""}""]","OCTANE_STRICT_RESULT:{""suite"":""Crypto"",""benchmark"":""Decrypt"",""N"":16,""mode"":""measure"",""timer"":""Date.now"",""elapsed_ms"":1647,""elapsed_per_call_ms"":102.9375,""extra_validation_calls"":0,""correctness"":""PASS""}",,
v8_ignition,Typescript,Typescript,4,113,1,1201,1201,0,true,2026-09-27T17:14:50.873729+00:00,--max-opt=0 --no-lazy,Date.now,1277298300,0,135e157d4fd316d69e9afdb0147a5d3f71ff32877fbe7c2febd72041df50deb0,"[""C:\\Users\\mzyx\\Desktop\\0921\\js-interpreter-bench\\engines\\v8-official-15.6.21\\runtime\\d8.exe"", ""--snapshot_blob=C:\\Users\\mzyx\\Desktop\\0921\\js-interpreter-bench\\engines\\v8-official-15.6.21\\runtime\\snapshot_blob.bin"", ""--max-opt=0"", ""--no-lazy"", ""C:\\Users\\mzyx\\Desktop\\0921\\js-interpreter-bench\\experiments\\octane_strict\\generated\\Typescript.Typescript.js"", ""--"", ""STRICT_CONFIG={\""N\"":1,\""mode\"":\""measure\"",\""timer\"":\""Date.now\""}""]","OCTANE_STRICT_RESULT:{""suite"":""Typescript"",""benchmark"":""Typescript"",""N"":1,""mode"":""measure"",""timer"":""Date.now"",""elapsed_ms"":1201,""elapsed_per_call_ms"":1201,""extra_validation_calls"":0,""correctness"":""PASS""}",,
quickjs,Typescript,Typescript,4,114,1,2049,2049,0,true,2026-09-27T17:14:53.142564+00:00,,Date.now,2251592200,0,135e157d4fd316d69e9afdb0147a5d3f71ff32877fbe7c2febd72041df50deb0,"[""C:\\Users\\mzyx\\Desktop\\0921\\js-interpreter-bench\\engines\\quickjs-upstream\\qjs.exe"", ""C:\\Users\\mzyx\\Desktop\\0921\\js-interpreter-bench\\experiments\\octane_strict\\generated\\Typescript.Typescript.js"", ""STRICT_CONFIG={\""N\"":1,\""mode\"":\""measure\"",\""timer\"":\""Date.now\""}""]","OCTANE_STRICT_RESULT:{""suite"":""Typescript"",""benchmark"":""Typescript"",""N"":1,""mode"":""measure"",""timer"":""Date.now"",""elapsed_ms"":2049,""elapsed_per_call_ms"":2049,""extra_validation_calls"":0,""correctness"":""PASS""}",,
quickjs,Splay,Splay,4,115,2048,4578,2.2353515625,0,true,2026-09-27T17:14:58.153116+00:00,,Date.now,4997839400,0,d6372414234d150c814a6933257aa8c98a8c6260b0d72a71ee0d08d0ee6fb17a,"[""C:\\Users\\mzyx\\Desktop\\0921\\js-interpreter-bench\\engines\\quickjs-upstream\\qjs.exe"", ""C:\\Users\\mzyx\\Desktop\\0921\\js-interpreter-bench\\experiments\\octane_strict\\generated\\Splay.Splay.js"", ""STRICT_CONFIG={\""N\"":2048,\""mode\"":\""measure\"",\""timer\"":\""Date.now\""}""]","OCTANE_STRICT_RESULT:{""suite"":""Splay"",""benchmark"":""Splay"",""N"":2048,""mode"":""measure"",""timer"":""Date.now"",""elapsed_ms"":4578,""elapsed_per_call_ms"":2.2353515625,""extra_validation_calls"":0,""correctness"":""PASS""}",,
v8_ignition,Splay,Splay,4,116,2048,1847,0.90185546875,0,true,2026-09-27T17:15:00.154996+00:00,--max-opt=0 --no-lazy,Date.now,1984293400,0,d6372414234d150c814a6933257aa8c98a8c6260b0d72a71ee0d08d0ee6fb17a,"[""C:\\Users\\mzyx\\Desktop\\0921\\js-interpreter-bench\\engines\\v8-official-15.6.21\\runtime\\d8.exe"", ""--snapshot_blob=C:\\Users\\mzyx\\Desktop\\0921\\js-interpreter-bench\\engines\\v8-official-15.6.21\\runtime\\snapshot_blob.bin"", ""--max-opt=0"", ""--no-lazy"", ""C:\\Users\\mzyx\\Desktop\\0921\\js-interpreter-bench\\experiments\\octane_strict\\generated\\Splay.Splay.js"", ""--"", ""STRICT_CONFIG={\""N\"":2048,\""mode\"":\""measure\"",\""timer\"":\""Date.now\""}""]","OCTANE_STRICT_RESULT:{""suite"":""Splay"",""benchmark"":""Splay"",""N"":2048,""mode"":""measure"",""timer"":""Date.now"",""elapsed_ms"":1847,""elapsed_per_call_ms"":0.90185546875,""extra_validation_calls"":0,""correctness"":""PASS""}",,
v8_ignition,EarleyBoyer,Earley,4,117,512,1100,2.1484375,0,true,2026-09-27T17:15:01.307776+00:00,--max-opt=0 --no-lazy,Date.now,1141972900,0,c3ef3fbdd43f0dd5865a1652fa447c774869e86efba25ad910dffdea953f80a2,"[""C:\\Users\\mzyx\\Desktop\\0921\\js-interpreter-bench\\engines\\v8-official-15.6.21\\runtime\\d8.exe"", ""--snapshot_blob=C:\\Users\\mzyx\\Desktop\\0921\\js-interpreter-bench\\engines\\v8-official-15.6.21\\runtime\\snapshot_blob.bin"", ""--max-opt=0"", ""--no-lazy"", ""C:\\Users\\mzyx\\Desktop\\0921\\js-interpreter-bench\\experiments\\octane_strict\\generated\\EarleyBoyer.Earley.js"", ""--"", ""STRICT_CONFIG={\""N\"":512,\""mode\"":\""measure\"",\""timer\"":\""Date.now\""}""]","OCTANE_STRICT_RESULT:{""suite"":""EarleyBoyer"",""benchmark"":""Earley"",""N"":512,""mode"":""measure"",""timer"":""Date.now"",""elapsed_ms"":1100,""elapsed_per_call_ms"":2.1484375,""extra_validation_calls"":0,""correctness"":""PASS""}",,
quickjs,EarleyBoyer,Earley,4,118,512,3779,7.380859375,0,true,2026-09-27T17:15:05.118017+00:00,,Date.now,3798814700,0,c3ef3fbdd43f0dd5865a1652fa447c774869e86efba25ad910dffdea953f80a2,"[""C:\\Users\\mzyx\\Desktop\\0921\\js-interpreter-bench\\engines\\quickjs-upstream\\qjs.exe"", ""C:\\Users\\mzyx\\Desktop\\0921\\js-interpreter-bench\\experiments\\octane_strict\\generated\\EarleyBoyer.Earley.js"", ""STRICT_CONFIG={\""N\"":512,\""mode\"":\""measure\"",\""timer\"":\""Date.now\""}""]","OCTANE_STRICT_RESULT:{""suite"":""EarleyBoyer"",""benchmark"":""Earley"",""N"":512,""mode"":""measure"",""timer"":""Date.now"",""elapsed_ms"":3779,""elapsed_per_call_ms"":7.380859375,""extra_validation_calls"":0,""correctness"":""PASS""}",,
v8_ignition,CodeLoad,CodeLoadClosure,4,119,4096,1179,0.287841796875,0,true,2026-09-27T17:15:06.358222+00:00,--max-opt=0 --no-lazy,Date.now,1228524000,0,9c3f2890631a64f3776ae7d0cbc83510f2cadc62313f8e27b4ab278dd94390e8,"[""C:\\Users\\mzyx\\Desktop\\0921\\js-interpreter-bench\\engines\\v8-official-15.6.21\\runtime\\d8.exe"", ""--snapshot_blob=C:\\Users\\mzyx\\Desktop\\0921\\js-interpreter-bench\\engines\\v8-official-15.6.21\\runtime\\snapshot_blob.bin"", ""--max-opt=0"", ""--no-lazy"", ""C:\\Users\\mzyx\\Desktop\\0921\\js-interpreter-bench\\experiments\\octane_strict\\generated\\CodeLoad.CodeLoadClosure.js"", ""--"", ""STRICT_CONFIG={\""N\"":4096,\""mode\"":\""measure\"",\""timer\"":\""Date.now\""}""]","OCTANE_STRICT_RESULT:{""suite"":""CodeLoad"",""benchmark"":""CodeLoadClosure"",""N"":4096,""mode"":""measure"",""timer"":""Date.now"",""elapsed_ms"":1179,""elapsed_per_call_ms"":0.287841796875,""extra_validation_calls"":0,""correctness"":""PASS""}",,
quickjs,CodeLoad,CodeLoadClosure,4,120,4096,2493,0.608642578125,0,true,2026-09-27T17:15:08.997829+00:00,,Date.now,2628583900,0,9c3f2890631a64f3776ae7d0cbc83510f2cadc62313f8e27b4ab278dd94390e8,"[""C:\\Users\\mzyx\\Desktop\\0921\\js-interpreter-bench\\engines\\quickjs-upstream\\qjs.exe"", ""C:\\Users\\mzyx\\Desktop\\0921\\js-interpreter-bench\\experiments\\octane_strict\\generated\\CodeLoad.CodeLoadClosure.js"", ""STRICT_CONFIG={\""N\"":4096,\""mode\"":\""measure\"",\""timer\"":\""Date.now\""}""]","OCTANE_STRICT_RESULT:{""suite"":""CodeLoad"",""benchmark"":""CodeLoadClosure"",""N"":4096,""mode"":""measure"",""timer"":""Date.now"",""elapsed_ms"":2493,""elapsed_per_call_ms"":0.608642578125,""extra_validation_calls"":0,""correctness"":""PASS""}",,
quickjs,PdfJS,PdfJS,4,121,16,3236,202.25,0,true,2026-09-27T17:15:12.472701+00:00,,Date.now,3461405200,0,f1966230e4a00bc61dc4c00fd600486e941235c3ee8206f897bd148dfd6e630b,"[""C:\\Users\\mzyx\\Desktop\\0921\\js-interpreter-bench\\engines\\quickjs-upstream\\qjs.exe"", ""C:\\Users\\mzyx\\Desktop\\0921\\js-interpreter-bench\\experiments\\octane_strict\\generated\\PdfJS.PdfJS.js"", ""STRICT_CONFIG={\""N\"":16,\""mode\"":\""measure\"",\""timer\"":\""Date.now\""}""]","OCTANE_STRICT_RESULT:{""suite"":""PdfJS"",""benchmark"":""PdfJS"",""N"":16,""mode"":""measure"",""timer"":""Date.now"",""elapsed_ms"":3236,""elapsed_per_call_ms"":202.25,""extra_validation_calls"":0,""correctness"":""PASS""}",,
v8_ignition,PdfJS,PdfJS,4,122,16,1703,106.4375,0,true,2026-09-27T17:15:14.349402+00:00,--max-opt=0 --no-lazy,Date.now,1856311300,0,f1966230e4a00bc61dc4c00fd600486e941235c3ee8206f897bd148dfd6e630b,"[""C:\\Users\\mzyx\\Desktop\\0921\\js-interpreter-bench\\engines\\v8-official-15.6.21\\runtime\\d8.exe"", ""--snapshot_blob=C:\\Users\\mzyx\\Desktop\\0921\\js-interpreter-bench\\engines\\v8-official-15.6.21\\runtime\\snapshot_blob.bin"", ""--max-opt=0"", ""--no-lazy"", ""C:\\Users\\mzyx\\Desktop\\0921\\js-interpreter-bench\\experiments\\octane_strict\\generated\\PdfJS.PdfJS.js"", ""--"", ""STRICT_CONFIG={\""N\"":16,\""mode\"":\""measure\"",\""timer\"":\""Date.now\""}""]","OCTANE_STRICT_RESULT:{""suite"":""PdfJS"",""benchmark"":""PdfJS"",""N"":16,""mode"":""measure"",""timer"":""Date.now"",""elapsed_ms"":1703,""elapsed_per_call_ms"":106.4375,""extra_validation_calls"":0,""correctness"":""PASS""}",,
quickjs,Gameboy,Gameboy,4,123,4,1430,357.5,0,true,2026-09-27T17:15:15.835053+00:00,,Date.now,1473481500,0,3fc599b60ec8be6d0ab60d00add662dde31374ecb5b24167384d72d325a08a21,"[""C:\\Users\\mzyx\\Desktop\\0921\\js-interpreter-bench\\engines\\quickjs-upstream\\qjs.exe"", ""C:\\Users\\mzyx\\Desktop\\0921\\js-interpreter-bench\\experiments\\octane_strict\\generated\\Gameboy.Gameboy.js"", ""STRICT_CONFIG={\""N\"":4,\""mode\"":\""measure\"",\""timer\"":\""Date.now\""}""]","OCTANE_STRICT_RESULT:{""suite"":""Gameboy"",""benchmark"":""Gameboy"",""N"":4,""mode"":""measure"",""timer"":""Date.now"",""elapsed_ms"":1430,""elapsed_per_call_ms"":357.5,""extra_validation_calls"":0,""correctness"":""PASS""}",,
v8_ignition,Gameboy,Gameboy,4,124,4,1188,297,0,true,2026-09-27T17:15:17.095299+00:00,--max-opt=0 --no-lazy,Date.now,1247410800,0,3fc599b60ec8be6d0ab60d00add662dde31374ecb5b24167384d72d325a08a21,"[""C:\\Users\\mzyx\\Desktop\\0921\\js-interpreter-bench\\engines\\v8-official-15.6.21\\runtime\\d8.exe"", ""--snapshot_blob=C:\\Users\\mzyx\\Desktop\\0921\\js-interpreter-bench\\engines\\v8-official-15.6.21\\runtime\\snapshot_blob.bin"", ""--max-opt=0"", ""--no-lazy"", ""C:\\Users\\mzyx\\Desktop\\0921\\js-interpreter-bench\\experiments\\octane_strict\\generated\\Gameboy.Gameboy.js"", ""--"", ""STRICT_CONFIG={\""N\"":4,\""mode\"":\""measure\"",\""timer\"":\""Date.now\""}""]","OCTANE_STRICT_RESULT:{""suite"":""Gameboy"",""benchmark"":""Gameboy"",""N"":4,""mode"":""measure"",""timer"":""Date.now"",""elapsed_ms"":1188,""elapsed_per_call_ms"":297,""extra_validation_calls"":0,""correctness"":""PASS""}",,
quickjs,CodeLoad,CodeLoadJQuery,4,125,256,2826,11.0390625,0,true,2026-09-27T17:15:19.945691+00:00,,Date.now,2839088800,0,20f796e914b6995cc6114a2de2953e5cf5dd579501264d69dd26188909f790af,"[""C:\\Users\\mzyx\\Desktop\\0921\\js-interpreter-bench\\engines\\quickjs-upstream\\qjs.exe"", ""C:\\Users\\mzyx\\Desktop\\0921\\js-interpreter-bench\\experiments\\octane_strict\\generated\\CodeLoad.CodeLoadJQuery.js"", ""STRICT_CONFIG={\""N\"":256,\""mode\"":\""measure\"",\""timer\"":\""Date.now\""}""]","OCTANE_STRICT_RESULT:{""suite"":""CodeLoad"",""benchmark"":""CodeLoadJQuery"",""N"":256,""mode"":""measure"",""timer"":""Date.now"",""elapsed_ms"":2826,""elapsed_per_call_ms"":11.0390625,""extra_validation_calls"":0,""correctness"":""PASS""}",,
v8_ignition,CodeLoad,CodeLoadJQuery,4,126,256,1078,4.2109375,0,true,2026-09-27T17:15:21.081571+00:00,--max-opt=0 --no-lazy,Date.now,1123562900,0,20f796e914b6995cc6114a2de2953e5cf5dd579501264d69dd26188909f790af,"[""C:\\Users\\mzyx\\Desktop\\0921\\js-interpreter-bench\\engines\\v8-official-15.6.21\\runtime\\d8.exe"", ""--snapshot_blob=C:\\Users\\mzyx\\Desktop\\0921\\js-interpreter-bench\\engines\\v8-official-15.6.21\\runtime\\snapshot_blob.bin"", ""--max-opt=0"", ""--no-lazy"", ""C:\\Users\\mzyx\\Desktop\\0921\\js-interpreter-bench\\experiments\\octane_strict\\generated\\CodeLoad.CodeLoadJQuery.js"", ""--"", ""STRICT_CONFIG={\""N\"":256,\""mode\"":\""measure\"",\""timer\"":\""Date.now\""}""]","OCTANE_STRICT_RESULT:{""suite"":""CodeLoad"",""benchmark"":""CodeLoadJQuery"",""N"":256,""mode"":""measure"",""timer"":""Date.now"",""elapsed_ms"":1078,""elapsed_per_call_ms"":4.2109375,""extra_validation_calls"":0,""correctness"":""PASS""}",,
quickjs,Richards,Richards,4,127,512,1917,3.744140625,0,true,2026-09-27T17:15:23.020856+00:00,,Date.now,1928694300,0,d2207c68ebcf5db16fd42f8eb04fe21239b5f4726e5d3734ebd3c059754126a8,"[""C:\\Users\\mzyx\\Desktop\\0921\\js-interpreter-bench\\engines\\quickjs-upstream\\qjs.exe"", ""C:\\Users\\mzyx\\Desktop\\0921\\js-interpreter-bench\\experiments\\octane_strict\\generated\\Richards.Richards.js"", ""STRICT_CONFIG={\""N\"":512,\""mode\"":\""measure\"",\""timer\"":\""Date.now\""}""]","OCTANE_STRICT_RESULT:{""suite"":""Richards"",""benchmark"":""Richards"",""N"":512,""mode"":""measure"",""timer"":""Date.now"",""elapsed_ms"":1917,""elapsed_per_call_ms"":3.744140625,""extra_validation_calls"":0,""correctness"":""PASS""}",,
v8_ignition,Richards,Richards,4,128,512,1099,2.146484375,0,true,2026-09-27T17:15:24.166498+00:00,--max-opt=0 --no-lazy,Date.now,1133606900,0,d2207c68ebcf5db16fd42f8eb04fe21239b5f4726e5d3734ebd3c059754126a8,"[""C:\\Users\\mzyx\\Desktop\\0921\\js-interpreter-bench\\engines\\v8-official-15.6.21\\runtime\\d8.exe"", ""--snapshot_blob=C:\\Users\\mzyx\\Desktop\\0921\\js-interpreter-bench\\engines\\v8-official-15.6.21\\runtime\\snapshot_blob.bin"", ""--max-opt=0"", ""--no-lazy"", ""C:\\Users\\mzyx\\Desktop\\0921\\js-interpreter-bench\\experiments\\octane_strict\\generated\\Richards.Richards.js"", ""--"", ""STRICT_CONFIG={\""N\"":512,\""mode\"":\""measure\"",\""timer\"":\""Date.now\""}""]","OCTANE_STRICT_RESULT:{""suite"":""Richards"",""benchmark"":""Richards"",""N"":512,""mode"":""measure"",""timer"":""Date.now"",""elapsed_ms"":1099,""elapsed_per_call_ms"":2.146484375,""extra_validation_calls"":0,""correctness"":""PASS""}",,
quickjs,Crypto,Decrypt,5,129,16,1599,99.9375,0,true,2026-09-27T17:15:25.794443+00:00,,Date.now,1616267000,0,974b320858e72132edd4dd56da2f4582cbe4e99b10027c89dfa44b1ea1cd4591,"[""C:\\Users\\mzyx\\Desktop\\0921\\js-interpreter-bench\\engines\\quickjs-upstream\\qjs.exe"", ""C:\\Users\\mzyx\\Desktop\\0921\\js-interpreter-bench\\experiments\\octane_strict\\generated\\Crypto.Decrypt.js"", ""STRICT_CONFIG={\""N\"":16,\""mode\"":\""measure\"",\""timer\"":\""Date.now\""}""]","OCTANE_STRICT_RESULT:{""suite"":""Crypto"",""benchmark"":""Decrypt"",""N"":16,""mode"":""measure"",""timer"":""Date.now"",""elapsed_ms"":1599,""elapsed_per_call_ms"":99.9375,""extra_validation_calls"":0,""correctness"":""PASS""}",,
v8_ignition,Crypto,Decrypt,5,130,16,1430,89.375,0,true,2026-09-27T17:15:27.283242+00:00,--max-opt=0 --no-lazy,Date.now,1471673300,0,974b320858e72132edd4dd56da2f4582cbe4e99b10027c89dfa44b1ea1cd4591,"[""C:\\Users\\mzyx\\Desktop\\0921\\js-interpreter-bench\\engines\\v8-official-15.6.21\\runtime\\d8.exe"", ""--snapshot_blob=C:\\Users\\mzyx\\Desktop\\0921\\js-interpreter-bench\\engines\\v8-official-15.6.21\\runtime\\snapshot_blob.bin"", ""--max-opt=0"", ""--no-lazy"", ""C:\\Users\\mzyx\\Desktop\\0921\\js-interpreter-bench\\experiments\\octane_strict\\generated\\Crypto.Decrypt.js"", ""--"", ""STRICT_CONFIG={\""N\"":16,\""mode\"":\""measure\"",\""timer\"":\""Date.now\""}""]","OCTANE_STRICT_RESULT:{""suite"":""Crypto"",""benchmark"":""Decrypt"",""N"":16,""mode"":""measure"",""timer"":""Date.now"",""elapsed_ms"":1430,""elapsed_per_call_ms"":89.375,""extra_validation_calls"":0,""correctness"":""PASS""}",,
v8_ignition,Splay,Splay,5,131,2048,1789,0.87353515625,0,true,2026-09-27T17:15:29.222948+00:00,--max-opt=0 --no-lazy,Date.now,1926814200,0,d6372414234d150c814a6933257aa8c98a8c6260b0d72a71ee0d08d0ee6fb17a,"[""C:\\Users\\mzyx\\Desktop\\0921\\js-interpreter-bench\\engines\\v8-official-15.6.21\\runtime\\d8.exe"", ""--snapshot_blob=C:\\Users\\mzyx\\Desktop\\0921\\js-interpreter-bench\\engines\\v8-official-15.6.21\\runtime\\snapshot_blob.bin"", ""--max-opt=0"", ""--no-lazy"", ""C:\\Users\\mzyx\\Desktop\\0921\\js-interpreter-bench\\experiments\\octane_strict\\generated\\Splay.Splay.js"", ""--"", ""STRICT_CONFIG={\""N\"":2048,\""mode\"":\""measure\"",\""timer\"":\""Date.now\""}""]","OCTANE_STRICT_RESULT:{""suite"":""Splay"",""benchmark"":""Splay"",""N"":2048,""mode"":""measure"",""timer"":""Date.now"",""elapsed_ms"":1789,""elapsed_per_call_ms"":0.87353515625,""extra_validation_calls"":0,""correctness"":""PASS""}",,
quickjs,Splay,Splay,5,132,2048,4515,2.20458984375,0,true,2026-09-27T17:15:34.167875+00:00,,Date.now,4933128900,0,d6372414234d150c814a6933257aa8c98a8c6260b0d72a71ee0d08d0ee6fb17a,"[""C:\\Users\\mzyx\\Desktop\\0921\\js-interpreter-bench\\engines\\quickjs-upstream\\qjs.exe"", ""C:\\Users\\mzyx\\Desktop\\0921\\js-interpreter-bench\\experiments\\octane_strict\\generated\\Splay.Splay.js"", ""STRICT_CONFIG={\""N\"":2048,\""mode\"":\""measure\"",\""timer\"":\""Date.now\""}""]","OCTANE_STRICT_RESULT:{""suite"":""Splay"",""benchmark"":""Splay"",""N"":2048,""mode"":""measure"",""timer"":""Date.now"",""elapsed_ms"":4515,""elapsed_per_call_ms"":2.20458984375,""extra_validation_calls"":0,""correctness"":""PASS""}",,
quickjs,RegExp,RegExp,5,133,64,14627,228.546875,0,true,2026-09-27T17:15:48.842706+00:00,,Date.now,14657471100,0,881c9e28610ead1d8cbf528614032c48b8faa700f0e4177198bbb22f15a19111,"[""C:\\Users\\mzyx\\Desktop\\0921\\js-interpreter-bench\\engines\\quickjs-upstream\\qjs.exe"", ""C:\\Users\\mzyx\\Desktop\\0921\\js-interpreter-bench\\experiments\\octane_strict\\generated\\RegExp.RegExp.js"", ""STRICT_CONFIG={\""N\"":64,\""mode\"":\""measure\"",\""timer\"":\""Date.now\""}""]","OCTANE_STRICT_RESULT:{""suite"":""RegExp"",""benchmark"":""RegExp"",""N"":64,""mode"":""measure"",""timer"":""Date.now"",""elapsed_ms"":14627,""elapsed_per_call_ms"":228.546875,""extra_validation_calls"":0,""correctness"":""PASS""}",,
v8_ignition,RegExp,RegExp,5,134,64,1251,19.546875,0,true,2026-09-27T17:15:50.169308+00:00,--max-opt=0 --no-lazy,Date.now,1307016500,0,881c9e28610ead1d8cbf528614032c48b8faa700f0e4177198bbb22f15a19111,"[""C:\\Users\\mzyx\\Desktop\\0921\\js-interpreter-bench\\engines\\v8-official-15.6.21\\runtime\\d8.exe"", ""--snapshot_blob=C:\\Users\\mzyx\\Desktop\\0921\\js-interpreter-bench\\engines\\v8-official-15.6.21\\runtime\\snapshot_blob.bin"", ""--max-opt=0"", ""--no-lazy"", ""C:\\Users\\mzyx\\Desktop\\0921\\js-interpreter-bench\\experiments\\octane_strict\\generated\\RegExp.RegExp.js"", ""--"", ""STRICT_CONFIG={\""N\"":64,\""mode\"":\""measure\"",\""timer\"":\""Date.now\""}""]","OCTANE_STRICT_RESULT:{""suite"":""RegExp"",""benchmark"":""RegExp"",""N"":64,""mode"":""measure"",""timer"":""Date.now"",""elapsed_ms"":1251,""elapsed_per_call_ms"":19.546875,""extra_validation_calls"":0,""correctness"":""PASS""}",,
v8_ignition,EarleyBoyer,Boyer,5,135,32,1285,40.15625,0,true,2026-09-27T17:15:51.510471+00:00,--max-opt=0 --no-lazy,Date.now,1329273700,0,e6d4262bd967274f8c7b66181bd6e39a9851606524faae200584e064d21b43b8,"[""C:\\Users\\mzyx\\Desktop\\0921\\js-interpreter-bench\\engines\\v8-official-15.6.21\\runtime\\d8.exe"", ""--snapshot_blob=C:\\Users\\mzyx\\Desktop\\0921\\js-interpreter-bench\\engines\\v8-official-15.6.21\\runtime\\snapshot_blob.bin"", ""--max-opt=0"", ""--no-lazy"", ""C:\\Users\\mzyx\\Desktop\\0921\\js-interpreter-bench\\experiments\\octane_strict\\generated\\EarleyBoyer.Boyer.js"", ""--"", ""STRICT_CONFIG={\""N\"":32,\""mode\"":\""measure\"",\""timer\"":\""Date.now\""}""]","OCTANE_STRICT_RESULT:{""suite"":""EarleyBoyer"",""benchmark"":""Boyer"",""N"":32,""mode"":""measure"",""timer"":""Date.now"",""elapsed_ms"":1285,""elapsed_per_call_ms"":40.15625,""extra_validation_calls"":0,""correctness"":""PASS""}",,
quickjs,EarleyBoyer,Boyer,5,136,32,3792,118.5,0,true,2026-09-27T17:15:55.336607+00:00,,Date.now,3814665300,0,e6d4262bd967274f8c7b66181bd6e39a9851606524faae200584e064d21b43b8,"[""C:\\Users\\mzyx\\Desktop\\0921\\js-interpreter-bench\\engines\\quickjs-upstream\\qjs.exe"", ""C:\\Users\\mzyx\\Desktop\\0921\\js-interpreter-bench\\experiments\\octane_strict\\generated\\EarleyBoyer.Boyer.js"", ""STRICT_CONFIG={\""N\"":32,\""mode\"":\""measure\"",\""timer\"":\""Date.now\""}""]","OCTANE_STRICT_RESULT:{""suite"":""EarleyBoyer"",""benchmark"":""Boyer"",""N"":32,""mode"":""measure"",""timer"":""Date.now"",""elapsed_ms"":3792,""elapsed_per_call_ms"":118.5,""extra_validation_calls"":0,""correctness"":""PASS""}",,
v8_ignition,CodeLoad,CodeLoadJQuery,5,137,256,1076,4.203125,0,true,2026-09-27T17:15:56.468201+00:00,--max-opt=0 --no-lazy,Date.now,1120331700,0,20f796e914b6995cc6114a2de2953e5cf5dd579501264d69dd26188909f790af,"[""C:\\Users\\mzyx\\Desktop\\0921\\js-interpreter-bench\\engines\\v8-official-15.6.21\\runtime\\d8.exe"", ""--snapshot_blob=C:\\Users\\mzyx\\Desktop\\0921\\js-interpreter-bench\\engines\\v8-official-15.6.21\\runtime\\snapshot_blob.bin"", ""--max-opt=0"", ""--no-lazy"", ""C:\\Users\\mzyx\\Desktop\\0921\\js-interpreter-bench\\experiments\\octane_strict\\generated\\CodeLoad.CodeLoadJQuery.js"", ""--"", ""STRICT_CONFIG={\""N\"":256,\""mode\"":\""measure\"",\""timer\"":\""Date.now\""}""]","OCTANE_STRICT_RESULT:{""suite"":""CodeLoad"",""benchmark"":""CodeLoadJQuery"",""N"":256,""mode"":""measure"",""timer"":""Date.now"",""elapsed_ms"":1076,""elapsed_per_call_ms"":4.203125,""extra_validation_calls"":0,""correctness"":""PASS""}",,
quickjs,CodeLoad,CodeLoadJQuery,5,138,256,2835,11.07421875,0,true,2026-09-27T17:15:59.327763+00:00,,Date.now,2847607400,0,20f796e914b6995cc6114a2de2953e5cf5dd579501264d69dd26188909f790af,"[""C:\\Users\\mzyx\\Desktop\\0921\\js-interpreter-bench\\engines\\quickjs-upstream\\qjs.exe"", ""C:\\Users\\mzyx\\Desktop\\0921\\js-interpreter-bench\\experiments\\octane_strict\\generated\\CodeLoad.CodeLoadJQuery.js"", ""STRICT_CONFIG={\""N\"":256,\""mode\"":\""measure\"",\""timer\"":\""Date.now\""}""]","OCTANE_STRICT_RESULT:{""suite"":""CodeLoad"",""benchmark"":""CodeLoadJQuery"",""N"":256,""mode"":""measure"",""timer"":""Date.now"",""elapsed_ms"":2835,""elapsed_per_call_ms"":11.07421875,""extra_validation_calls"":0,""correctness"":""PASS""}",,
v8_ignition,Gameboy,Gameboy,5,139,4,1200,300,0,true,2026-09-27T17:16:00.607039+00:00,--max-opt=0 --no-lazy,Date.now,1259314600,0,3fc599b60ec8be6d0ab60d00add662dde31374ecb5b24167384d72d325a08a21,"[""C:\\Users\\mzyx\\Desktop\\0921\\js-interpreter-bench\\engines\\v8-official-15.6.21\\runtime\\d8.exe"", ""--snapshot_blob=C:\\Users\\mzyx\\Desktop\\0921\\js-interpreter-bench\\engines\\v8-official-15.6.21\\runtime\\snapshot_blob.bin"", ""--max-opt=0"", ""--no-lazy"", ""C:\\Users\\mzyx\\Desktop\\0921\\js-interpreter-bench\\experiments\\octane_strict\\generated\\Gameboy.Gameboy.js"", ""--"", ""STRICT_CONFIG={\""N\"":4,\""mode\"":\""measure\"",\""timer\"":\""Date.now\""}""]","OCTANE_STRICT_RESULT:{""suite"":""Gameboy"",""benchmark"":""Gameboy"",""N"":4,""mode"":""measure"",""timer"":""Date.now"",""elapsed_ms"":1200,""elapsed_per_call_ms"":300,""extra_validation_calls"":0,""correctness"":""PASS""}",,
quickjs,Gameboy,Gameboy,5,140,4,1447,361.75,0,true,2026-09-27T17:16:02.111567+00:00,,Date.now,1492242900,0,3fc599b60ec8be6d0ab60d00add662dde31374ecb5b24167384d72d325a08a21,"[""C:\\Users\\mzyx\\Desktop\\0921\\js-interpreter-bench\\engines\\quickjs-upstream\\qjs.exe"", ""C:\\Users\\mzyx\\Desktop\\0921\\js-interpreter-bench\\experiments\\octane_strict\\generated\\Gameboy.Gameboy.js"", ""STRICT_CONFIG={\""N\"":4,\""mode\"":\""measure\"",\""timer\"":\""Date.now\""}""]","OCTANE_STRICT_RESULT:{""suite"":""Gameboy"",""benchmark"":""Gameboy"",""N"":4,""mode"":""measure"",""timer"":""Date.now"",""elapsed_ms"":1447,""elapsed_per_call_ms"":361.75,""extra_validation_calls"":0,""correctness"":""PASS""}",,
v8_ignition,RayTrace,RayTrace,5,141,64,1122,17.53125,0,true,2026-09-27T17:16:03.303971+00:00,--max-opt=0 --no-lazy,Date.now,1177977400,0,fb0af35ee1cbd7396c6b23184a123f87ce6f9d1d8e29a2dcbc3bf86a98f3ae33,"[""C:\\Users\\mzyx\\Desktop\\0921\\js-interpreter-bench\\engines\\v8-official-15.6.21\\runtime\\d8.exe"", ""--snapshot_blob=C:\\Users\\mzyx\\Desktop\\0921\\js-interpreter-bench\\engines\\v8-official-15.6.21\\runtime\\snapshot_blob.bin"", ""--max-opt=0"", ""--no-lazy"", ""C:\\Users\\mzyx\\Desktop\\0921\\js-interpreter-bench\\experiments\\octane_strict\\generated\\RayTrace.RayTrace.js"", ""--"", ""STRICT_CONFIG={\""N\"":64,\""mode\"":\""measure\"",\""timer\"":\""Date.now\""}""]","OCTANE_STRICT_RESULT:{""suite"":""RayTrace"",""benchmark"":""RayTrace"",""N"":64,""mode"":""measure"",""timer"":""Date.now"",""elapsed_ms"":1122,""elapsed_per_call_ms"":17.53125,""extra_validation_calls"":0,""correctness"":""PASS""}",,
quickjs,RayTrace,RayTrace,5,142,64,2649,41.390625,0,true,2026-09-27T17:16:05.981109+00:00,,Date.now,2662929300,0,fb0af35ee1cbd7396c6b23184a123f87ce6f9d1d8e29a2dcbc3bf86a98f3ae33,"[""C:\\Users\\mzyx\\Desktop\\0921\\js-interpreter-bench\\engines\\quickjs-upstream\\qjs.exe"", ""C:\\Users\\mzyx\\Desktop\\0921\\js-interpreter-bench\\experiments\\octane_strict\\generated\\RayTrace.RayTrace.js"", ""STRICT_CONFIG={\""N\"":64,\""mode\"":\""measure\"",\""timer\"":\""Date.now\""}""]","OCTANE_STRICT_RESULT:{""suite"":""RayTrace"",""benchmark"":""RayTrace"",""N"":64,""mode"":""measure"",""timer"":""Date.now"",""elapsed_ms"":2649,""elapsed_per_call_ms"":41.390625,""extra_validation_calls"":0,""correctness"":""PASS""}",,
v8_ignition,Crypto,Encrypt,5,143,256,1242,4.8515625,0,true,2026-09-27T17:16:07.362724+00:00,--max-opt=0 --no-lazy,Date.now,1377706800,0,c73b9c8626ff5488b879ff453a865c03adf87602c6d302855f1c6e0f91b57c92,"[""C:\\Users\\mzyx\\Desktop\\0921\\js-interpreter-bench\\engines\\v8-official-15.6.21\\runtime\\d8.exe"", ""--snapshot_blob=C:\\Users\\mzyx\\Desktop\\0921\\js-interpreter-bench\\engines\\v8-official-15.6.21\\runtime\\snapshot_blob.bin"", ""--max-opt=0"", ""--no-lazy"", ""C:\\Users\\mzyx\\Desktop\\0921\\js-interpreter-bench\\experiments\\octane_strict\\generated\\Crypto.Encrypt.js"", ""--"", ""STRICT_CONFIG={\""N\"":256,\""mode\"":\""measure\"",\""timer\"":\""Date.now\""}""]","OCTANE_STRICT_RESULT:{""suite"":""Crypto"",""benchmark"":""Encrypt"",""N"":256,""mode"":""measure"",""timer"":""Date.now"",""elapsed_ms"":1242,""elapsed_per_call_ms"":4.8515625,""extra_validation_calls"":0,""correctness"":""PASS""}",,
quickjs,Crypto,Encrypt,5,144,256,1378,5.3828125,0,true,2026-09-27T17:16:08.865479+00:00,,Date.now,1491031600,0,c73b9c8626ff5488b879ff453a865c03adf87602c6d302855f1c6e0f91b57c92,"[""C:\\Users\\mzyx\\Desktop\\0921\\js-interpreter-bench\\engines\\quickjs-upstream\\qjs.exe"", ""C:\\Users\\mzyx\\Desktop\\0921\\js-interpreter-bench\\experiments\\octane_strict\\generated\\Crypto.Encrypt.js"", ""STRICT_CONFIG={\""N\"":256,\""mode\"":\""measure\"",\""timer\"":\""Date.now\""}""]","OCTANE_STRICT_RESULT:{""suite"":""Crypto"",""benchmark"":""Encrypt"",""N"":256,""mode"":""measure"",""timer"":""Date.now"",""elapsed_ms"":1378,""elapsed_per_call_ms"":5.3828125,""extra_validation_calls"":0,""correctness"":""PASS""}",,
quickjs,NavierStokes,NavierStokes,5,145,32,1950,60.9375,0,true,2026-09-27T17:16:10.848400+00:00,,Date.now,1964817500,0,e86c3b0056fae99b5f0ffdb7d093b565b02987eef458b2c07ecb3fc39700ee3c,"[""C:\\Users\\mzyx\\Desktop\\0921\\js-interpreter-bench\\engines\\quickjs-upstream\\qjs.exe"", ""C:\\Users\\mzyx\\Desktop\\0921\\js-interpreter-bench\\experiments\\octane_strict\\generated\\NavierStokes.NavierStokes.js"", ""STRICT_CONFIG={\""N\"":32,\""mode\"":\""measure\"",\""timer\"":\""Date.now\""}""]","OCTANE_STRICT_RESULT:{""suite"":""NavierStokes"",""benchmark"":""NavierStokes"",""N"":32,""mode"":""measure"",""timer"":""Date.now"",""elapsed_ms"":1950,""elapsed_per_call_ms"":60.9375,""extra_validation_calls"":0,""correctness"":""PASS""}",,
v8_ignition,NavierStokes,NavierStokes,5,146,32,2274,71.0625,0,true,2026-09-27T17:16:13.169380+00:00,--max-opt=0 --no-lazy,Date.now,2310363600,0,e86c3b0056fae99b5f0ffdb7d093b565b02987eef458b2c07ecb3fc39700ee3c,"[""C:\\Users\\mzyx\\Desktop\\0921\\js-interpreter-bench\\engines\\v8-official-15.6.21\\runtime\\d8.exe"", ""--snapshot_blob=C:\\Users\\mzyx\\Desktop\\0921\\js-interpreter-bench\\engines\\v8-official-15.6.21\\runtime\\snapshot_blob.bin"", ""--max-opt=0"", ""--no-lazy"", ""C:\\Users\\mzyx\\Desktop\\0921\\js-interpreter-bench\\experiments\\octane_strict\\generated\\NavierStokes.NavierStokes.js"", ""--"", ""STRICT_CONFIG={\""N\"":32,\""mode\"":\""measure\"",\""timer\"":\""Date.now\""}""]","OCTANE_STRICT_RESULT:{""suite"":""NavierStokes"",""benchmark"":""NavierStokes"",""N"":32,""mode"":""measure"",""timer"":""Date.now"",""elapsed_ms"":2274,""elapsed_per_call_ms"":71.0625,""extra_validation_calls"":0,""correctness"":""PASS""}",,
quickjs,EarleyBoyer,Earley,5,147,512,3735,7.294921875,0,true,2026-09-27T17:16:16.935894+00:00,,Date.now,3754840400,0,c3ef3fbdd43f0dd5865a1652fa447c774869e86efba25ad910dffdea953f80a2,"[""C:\\Users\\mzyx\\Desktop\\0921\\js-interpreter-bench\\engines\\quickjs-upstream\\qjs.exe"", ""C:\\Users\\mzyx\\Desktop\\0921\\js-interpreter-bench\\experiments\\octane_strict\\generated\\EarleyBoyer.Earley.js"", ""STRICT_CONFIG={\""N\"":512,\""mode\"":\""measure\"",\""timer\"":\""Date.now\""}""]","OCTANE_STRICT_RESULT:{""suite"":""EarleyBoyer"",""benchmark"":""Earley"",""N"":512,""mode"":""measure"",""timer"":""Date.now"",""elapsed_ms"":3735,""elapsed_per_call_ms"":7.294921875,""extra_validation_calls"":0,""correctness"":""PASS""}",,
v8_ignition,EarleyBoyer,Earley,5,148,512,1092,2.1328125,0,true,2026-09-27T17:16:18.083271+00:00,--max-opt=0 --no-lazy,Date.now,1135982000,0,c3ef3fbdd43f0dd5865a1652fa447c774869e86efba25ad910dffdea953f80a2,"[""C:\\Users\\mzyx\\Desktop\\0921\\js-interpreter-bench\\engines\\v8-official-15.6.21\\runtime\\d8.exe"", ""--snapshot_blob=C:\\Users\\mzyx\\Desktop\\0921\\js-interpreter-bench\\engines\\v8-official-15.6.21\\runtime\\snapshot_blob.bin"", ""--max-opt=0"", ""--no-lazy"", ""C:\\Users\\mzyx\\Desktop\\0921\\js-interpreter-bench\\experiments\\octane_strict\\generated\\EarleyBoyer.Earley.js"", ""--"", ""STRICT_CONFIG={\""N\"":512,\""mode\"":\""measure\"",\""timer\"":\""Date.now\""}""]","OCTANE_STRICT_RESULT:{""suite"":""EarleyBoyer"",""benchmark"":""Earley"",""N"":512,""mode"":""measure"",""timer"":""Date.now"",""elapsed_ms"":1092,""elapsed_per_call_ms"":2.1328125,""extra_validation_calls"":0,""correctness"":""PASS""}",,
quickjs,DeltaBlue,DeltaBlue,5,149,512,3987,7.787109375,0,true,2026-09-27T17:16:22.091970+00:00,,Date.now,3997837700,0,8542689bb308963c4feefd143c1707791e271d609ef4c476eb9c3dfdeeec539f,"[""C:\\Users\\mzyx\\Desktop\\0921\\js-interpreter-bench\\engines\\quickjs-upstream\\qjs.exe"", ""C:\\Users\\mzyx\\Desktop\\0921\\js-interpreter-bench\\experiments\\octane_strict\\generated\\DeltaBlue.DeltaBlue.js"", ""STRICT_CONFIG={\""N\"":512,\""mode\"":\""measure\"",\""timer\"":\""Date.now\""}""]","OCTANE_STRICT_RESULT:{""suite"":""DeltaBlue"",""benchmark"":""DeltaBlue"",""N"":512,""mode"":""measure"",""timer"":""Date.now"",""elapsed_ms"":3987,""elapsed_per_call_ms"":7.787109375,""extra_validation_calls"":0,""correctness"":""PASS""}",,
v8_ignition,DeltaBlue,DeltaBlue,5,150,512,1876,3.6640625,0,true,2026-09-27T17:16:24.015534+00:00,--max-opt=0 --no-lazy,Date.now,1912478100,0,8542689bb308963c4feefd143c1707791e271d609ef4c476eb9c3dfdeeec539f,"[""C:\\Users\\mzyx\\Desktop\\0921\\js-interpreter-bench\\engines\\v8-official-15.6.21\\runtime\\d8.exe"", ""--snapshot_blob=C:\\Users\\mzyx\\Desktop\\0921\\js-interpreter-bench\\engines\\v8-official-15.6.21\\runtime\\snapshot_blob.bin"", ""--max-opt=0"", ""--no-lazy"", ""C:\\Users\\mzyx\\Desktop\\0921\\js-interpreter-bench\\experiments\\octane_strict\\generated\\DeltaBlue.DeltaBlue.js"", ""--"", ""STRICT_CONFIG={\""N\"":512,\""mode\"":\""measure\"",\""timer\"":\""Date.now\""}""]","OCTANE_STRICT_RESULT:{""suite"":""DeltaBlue"",""benchmark"":""DeltaBlue"",""N"":512,""mode"":""measure"",""timer"":""Date.now"",""elapsed_ms"":1876,""elapsed_per_call_ms"":3.6640625,""extra_validation_calls"":0,""correctness"":""PASS""}",,
v8_ignition,PdfJS,PdfJS,5,151,16,1727,107.9375,0,true,2026-09-27T17:16:25.914131+00:00,--max-opt=0 --no-lazy,Date.now,1884167900,0,f1966230e4a00bc61dc4c00fd600486e941235c3ee8206f897bd148dfd6e630b,"[""C:\\Users\\mzyx\\Desktop\\0921\\js-interpreter-bench\\engines\\v8-official-15.6.21\\runtime\\d8.exe"", ""--snapshot_blob=C:\\Users\\mzyx\\Desktop\\0921\\js-interpreter-bench\\engines\\v8-official-15.6.21\\runtime\\snapshot_blob.bin"", ""--max-opt=0"", ""--no-lazy"", ""C:\\Users\\mzyx\\Desktop\\0921\\js-interpreter-bench\\experiments\\octane_strict\\generated\\PdfJS.PdfJS.js"", ""--"", ""STRICT_CONFIG={\""N\"":16,\""mode\"":\""measure\"",\""timer\"":\""Date.now\""}""]","OCTANE_STRICT_RESULT:{""suite"":""PdfJS"",""benchmark"":""PdfJS"",""N"":16,""mode"":""measure"",""timer"":""Date.now"",""elapsed_ms"":1727,""elapsed_per_call_ms"":107.9375,""extra_validation_calls"":0,""correctness"":""PASS""}",,
quickjs,PdfJS,PdfJS,5,152,16,3231,201.9375,0,true,2026-09-27T17:16:29.381381+00:00,,Date.now,3453187600,0,f1966230e4a00bc61dc4c00fd600486e941235c3ee8206f897bd148dfd6e630b,"[""C:\\Users\\mzyx\\Desktop\\0921\\js-interpreter-bench\\engines\\quickjs-upstream\\qjs.exe"", ""C:\\Users\\mzyx\\Desktop\\0921\\js-interpreter-bench\\experiments\\octane_strict\\generated\\PdfJS.PdfJS.js"", ""STRICT_CONFIG={\""N\"":16,\""mode\"":\""measure\"",\""timer\"":\""Date.now\""}""]","OCTANE_STRICT_RESULT:{""suite"":""PdfJS"",""benchmark"":""PdfJS"",""N"":16,""mode"":""measure"",""timer"":""Date.now"",""elapsed_ms"":3231,""elapsed_per_call_ms"":201.9375,""extra_validation_calls"":0,""correctness"":""PASS""}",,
quickjs,Mandreel,Mandreel,5,153,1,1853,1853,0,true,2026-09-27T17:16:32.965936+00:00,,Date.now,3559456600,0,64fbf14da4005c4426dcdd6191a5f206fbcd9ce260549e924fd925408614702d,"[""C:\\Users\\mzyx\\Desktop\\0921\\js-interpreter-bench\\engines\\quickjs-upstream\\qjs.exe"", ""C:\\Users\\mzyx\\Desktop\\0921\\js-interpreter-bench\\experiments\\octane_strict\\generated\\Mandreel.Mandreel.js"", ""STRICT_CONFIG={\""N\"":1,\""mode\"":\""measure\"",\""timer\"":\""Date.now\""}""]","OCTANE_STRICT_RESULT:{""suite"":""Mandreel"",""benchmark"":""Mandreel"",""N"":1,""mode"":""measure"",""timer"":""Date.now"",""elapsed_ms"":1853,""elapsed_per_call_ms"":1853,""extra_validation_calls"":0,""correctness"":""PASS""}",,
v8_ignition,Mandreel,Mandreel,5,154,1,1460,1460,0,true,2026-09-27T17:16:35.839039+00:00,--max-opt=0 --no-lazy,Date.now,2846139300,0,64fbf14da4005c4426dcdd6191a5f206fbcd9ce260549e924fd925408614702d,"[""C:\\Users\\mzyx\\Desktop\\0921\\js-interpreter-bench\\engines\\v8-official-15.6.21\\runtime\\d8.exe"", ""--snapshot_blob=C:\\Users\\mzyx\\Desktop\\0921\\js-interpreter-bench\\engines\\v8-official-15.6.21\\runtime\\snapshot_blob.bin"", ""--max-opt=0"", ""--no-lazy"", ""C:\\Users\\mzyx\\Desktop\\0921\\js-interpreter-bench\\experiments\\octane_strict\\generated\\Mandreel.Mandreel.js"", ""--"", ""STRICT_CONFIG={\""N\"":1,\""mode\"":\""measure\"",\""timer\"":\""Date.now\""}""]","OCTANE_STRICT_RESULT:{""suite"":""Mandreel"",""benchmark"":""Mandreel"",""N"":1,""mode"":""measure"",""timer"":""Date.now"",""elapsed_ms"":1460,""elapsed_per_call_ms"":1460,""extra_validation_calls"":0,""correctness"":""PASS""}",,
quickjs,Typescript,Typescript,5,155,1,2036,2036,0,true,2026-09-27T17:16:38.098500+00:00,,Date.now,2241395800,0,135e157d4fd316d69e9afdb0147a5d3f71ff32877fbe7c2febd72041df50deb0,"[""C:\\Users\\mzyx\\Desktop\\0921\\js-interpreter-bench\\engines\\quickjs-upstream\\qjs.exe"", ""C:\\Users\\mzyx\\Desktop\\0921\\js-interpreter-bench\\experiments\\octane_strict\\generated\\Typescript.Typescript.js"", ""STRICT_CONFIG={\""N\"":1,\""mode\"":\""measure\"",\""timer\"":\""Date.now\""}""]","OCTANE_STRICT_RESULT:{""suite"":""Typescript"",""benchmark"":""Typescript"",""N"":1,""mode"":""measure"",""timer"":""Date.now"",""elapsed_ms"":2036,""elapsed_per_call_ms"":2036,""extra_validation_calls"":0,""correctness"":""PASS""}",,
v8_ignition,Typescript,Typescript,5,156,1,1223,1223,0,true,2026-09-27T17:16:39.417496+00:00,--max-opt=0 --no-lazy,Date.now,1301132000,0,135e157d4fd316d69e9afdb0147a5d3f71ff32877fbe7c2febd72041df50deb0,"[""C:\\Users\\mzyx\\Desktop\\0921\\js-interpreter-bench\\engines\\v8-official-15.6.21\\runtime\\d8.exe"", ""--snapshot_blob=C:\\Users\\mzyx\\Desktop\\0921\\js-interpreter-bench\\engines\\v8-official-15.6.21\\runtime\\snapshot_blob.bin"", ""--max-opt=0"", ""--no-lazy"", ""C:\\Users\\mzyx\\Desktop\\0921\\js-interpreter-bench\\experiments\\octane_strict\\generated\\Typescript.Typescript.js"", ""--"", ""STRICT_CONFIG={\""N\"":1,\""mode\"":\""measure\"",\""timer\"":\""Date.now\""}""]","OCTANE_STRICT_RESULT:{""suite"":""Typescript"",""benchmark"":""Typescript"",""N"":1,""mode"":""measure"",""timer"":""Date.now"",""elapsed_ms"":1223,""elapsed_per_call_ms"":1223,""extra_validation_calls"":0,""correctness"":""PASS""}",,
v8_ignition,Richards,Richards,5,157,512,1075,2.099609375,0,true,2026-09-27T17:16:40.541442+00:00,--max-opt=0 --no-lazy,Date.now,1111044800,0,d2207c68ebcf5db16fd42f8eb04fe21239b5f4726e5d3734ebd3c059754126a8,"[""C:\\Users\\mzyx\\Desktop\\0921\\js-interpreter-bench\\engines\\v8-official-15.6.21\\runtime\\d8.exe"", ""--snapshot_blob=C:\\Users\\mzyx\\Desktop\\0921\\js-interpreter-bench\\engines\\v8-official-15.6.21\\runtime\\snapshot_blob.bin"", ""--max-opt=0"", ""--no-lazy"", ""C:\\Users\\mzyx\\Desktop\\0921\\js-interpreter-bench\\experiments\\octane_strict\\generated\\Richards.Richards.js"", ""--"", ""STRICT_CONFIG={\""N\"":512,\""mode\"":\""measure\"",\""timer\"":\""Date.now\""}""]","OCTANE_STRICT_RESULT:{""suite"":""Richards"",""benchmark"":""Richards"",""N"":512,""mode"":""measure"",""timer"":""Date.now"",""elapsed_ms"":1075,""elapsed_per_call_ms"":2.099609375,""extra_validation_calls"":0,""correctness"":""PASS""}",,
quickjs,Richards,Richards,5,158,512,1914,3.73828125,0,true,2026-09-27T17:16:42.483828+00:00,,Date.now,1924235400,0,d2207c68ebcf5db16fd42f8eb04fe21239b5f4726e5d3734ebd3c059754126a8,"[""C:\\Users\\mzyx\\Desktop\\0921\\js-interpreter-bench\\engines\\quickjs-upstream\\qjs.exe"", ""C:\\Users\\mzyx\\Desktop\\0921\\js-interpreter-bench\\experiments\\octane_strict\\generated\\Richards.Richards.js"", ""STRICT_CONFIG={\""N\"":512,\""mode\"":\""measure\"",\""timer\"":\""Date.now\""}""]","OCTANE_STRICT_RESULT:{""suite"":""Richards"",""benchmark"":""Richards"",""N"":512,""mode"":""measure"",""timer"":""Date.now"",""elapsed_ms"":1914,""elapsed_per_call_ms"":3.73828125,""extra_validation_calls"":0,""correctness"":""PASS""}",,
quickjs,CodeLoad,CodeLoadClosure,5,159,4096,2463,0.601318359375,0,true,2026-09-27T17:16:45.088232+00:00,,Date.now,2593285800,0,9c3f2890631a64f3776ae7d0cbc83510f2cadc62313f8e27b4ab278dd94390e8,"[""C:\\Users\\mzyx\\Desktop\\0921\\js-interpreter-bench\\engines\\quickjs-upstream\\qjs.exe"", ""C:\\Users\\mzyx\\Desktop\\0921\\js-interpreter-bench\\experiments\\octane_strict\\generated\\CodeLoad.CodeLoadClosure.js"", ""STRICT_CONFIG={\""N\"":4096,\""mode\"":\""measure\"",\""timer\"":\""Date.now\""}""]","OCTANE_STRICT_RESULT:{""suite"":""CodeLoad"",""benchmark"":""CodeLoadClosure"",""N"":4096,""mode"":""measure"",""timer"":""Date.now"",""elapsed_ms"":2463,""elapsed_per_call_ms"":0.601318359375,""extra_validation_calls"":0,""correctness"":""PASS""}",,
v8_ignition,CodeLoad,CodeLoadClosure,5,160,4096,1186,0.28955078125,0,true,2026-09-27T17:16:46.342518+00:00,--max-opt=0 --no-lazy,Date.now,1236344100,0,9c3f2890631a64f3776ae7d0cbc83510f2cadc62313f8e27b4ab278dd94390e8,"[""C:\\Users\\mzyx\\Desktop\\0921\\js-interpreter-bench\\engines\\v8-official-15.6.21\\runtime\\d8.exe"", ""--snapshot_blob=C:\\Users\\mzyx\\Desktop\\0921\\js-interpreter-bench\\engines\\v8-official-15.6.21\\runtime\\snapshot_blob.bin"", ""--max-opt=0"", ""--no-lazy"", ""C:\\Users\\mzyx\\Desktop\\0921\\js-interpreter-bench\\experiments\\octane_strict\\generated\\CodeLoad.CodeLoadClosure.js"", ""--"", ""STRICT_CONFIG={\""N\"":4096,\""mode\"":\""measure\"",\""timer\"":\""Date.now\""}""]","OCTANE_STRICT_RESULT:{""suite"":""CodeLoad"",""benchmark"":""CodeLoadClosure"",""N"":4096,""mode"":""measure"",""timer"":""Date.now"",""elapsed_ms"":1186,""elapsed_per_call_ms"":0.28955078125,""extra_validation_calls"":0,""correctness"":""PASS""}",,
v8_ignition,EarleyBoyer,Earley,6,161,512,1102,2.15234375,0,true,2026-09-27T17:16:47.499387+00:00,--max-opt=0 --no-lazy,Date.now,1143890100,0,c3ef3fbdd43f0dd5865a1652fa447c774869e86efba25ad910dffdea953f80a2,"[""C:\\Users\\mzyx\\Desktop\\0921\\js-interpreter-bench\\engines\\v8-official-15.6.21\\runtime\\d8.exe"", ""--snapshot_blob=C:\\Users\\mzyx\\Desktop\\0921\\js-interpreter-bench\\engines\\v8-official-15.6.21\\runtime\\snapshot_blob.bin"", ""--max-opt=0"", ""--no-lazy"", ""C:\\Users\\mzyx\\Desktop\\0921\\js-interpreter-bench\\experiments\\octane_strict\\generated\\EarleyBoyer.Earley.js"", ""--"", ""STRICT_CONFIG={\""N\"":512,\""mode\"":\""measure\"",\""timer\"":\""Date.now\""}""]","OCTANE_STRICT_RESULT:{""suite"":""EarleyBoyer"",""benchmark"":""Earley"",""N"":512,""mode"":""measure"",""timer"":""Date.now"",""elapsed_ms"":1102,""elapsed_per_call_ms"":2.15234375,""extra_validation_calls"":0,""correctness"":""PASS""}",,
quickjs,EarleyBoyer,Earley,6,162,512,3767,7.357421875,0,true,2026-09-27T17:16:51.297886+00:00,,Date.now,3787175000,0,c3ef3fbdd43f0dd5865a1652fa447c774869e86efba25ad910dffdea953f80a2,"[""C:\\Users\\mzyx\\Desktop\\0921\\js-interpreter-bench\\engines\\quickjs-upstream\\qjs.exe"", ""C:\\Users\\mzyx\\Desktop\\0921\\js-interpreter-bench\\experiments\\octane_strict\\generated\\EarleyBoyer.Earley.js"", ""STRICT_CONFIG={\""N\"":512,\""mode\"":\""measure\"",\""timer\"":\""Date.now\""}""]","OCTANE_STRICT_RESULT:{""suite"":""EarleyBoyer"",""benchmark"":""Earley"",""N"":512,""mode"":""measure"",""timer"":""Date.now"",""elapsed_ms"":3767,""elapsed_per_call_ms"":7.357421875,""extra_validation_calls"":0,""correctness"":""PASS""}",,
quickjs,EarleyBoyer,Boyer,6,163,32,3723,116.34375,0,true,2026-09-27T17:16:55.061245+00:00,,Date.now,3745472700,0,e6d4262bd967274f8c7b66181bd6e39a9851606524faae200584e064d21b43b8,"[""C:\\Users\\mzyx\\Desktop\\0921\\js-interpreter-bench\\engines\\quickjs-upstream\\qjs.exe"", ""C:\\Users\\mzyx\\Desktop\\0921\\js-interpreter-bench\\experiments\\octane_strict\\generated\\EarleyBoyer.Boyer.js"", ""STRICT_CONFIG={\""N\"":32,\""mode\"":\""measure\"",\""timer\"":\""Date.now\""}""]","OCTANE_STRICT_RESULT:{""suite"":""EarleyBoyer"",""benchmark"":""Boyer"",""N"":32,""mode"":""measure"",""timer"":""Date.now"",""elapsed_ms"":3723,""elapsed_per_call_ms"":116.34375,""extra_validation_calls"":0,""correctness"":""PASS""}",,
v8_ignition,EarleyBoyer,Boyer,6,164,32,1290,40.3125,0,true,2026-09-27T17:16:56.414202+00:00,--max-opt=0 --no-lazy,Date.now,1335163400,0,e6d4262bd967274f8c7b66181bd6e39a9851606524faae200584e064d21b43b8,"[""C:\\Users\\mzyx\\Desktop\\0921\\js-interpreter-bench\\engines\\v8-official-15.6.21\\runtime\\d8.exe"", ""--snapshot_blob=C:\\Users\\mzyx\\Desktop\\0921\\js-interpreter-bench\\engines\\v8-official-15.6.21\\runtime\\snapshot_blob.bin"", ""--max-opt=0"", ""--no-lazy"", ""C:\\Users\\mzyx\\Desktop\\0921\\js-interpreter-bench\\experiments\\octane_strict\\generated\\EarleyBoyer.Boyer.js"", ""--"", ""STRICT_CONFIG={\""N\"":32,\""mode\"":\""measure\"",\""timer\"":\""Date.now\""}""]","OCTANE_STRICT_RESULT:{""suite"":""EarleyBoyer"",""benchmark"":""Boyer"",""N"":32,""mode"":""measure"",""timer"":""Date.now"",""elapsed_ms"":1290,""elapsed_per_call_ms"":40.3125,""extra_validation_calls"":0,""correctness"":""PASS""}",,
quickjs,RayTrace,RayTrace,6,165,64,2525,39.453125,0,true,2026-09-27T17:16:58.961979+00:00,,Date.now,2536348800,0,fb0af35ee1cbd7396c6b23184a123f87ce6f9d1d8e29a2dcbc3bf86a98f3ae33,"[""C:\\Users\\mzyx\\Desktop\\0921\\js-interpreter-bench\\engines\\quickjs-upstream\\qjs.exe"", ""C:\\Users\\mzyx\\Desktop\\0921\\js-interpreter-bench\\experiments\\octane_strict\\generated\\RayTrace.RayTrace.js"", ""STRICT_CONFIG={\""N\"":64,\""mode\"":\""measure\"",\""timer\"":\""Date.now\""}""]","OCTANE_STRICT_RESULT:{""suite"":""RayTrace"",""benchmark"":""RayTrace"",""N"":64,""mode"":""measure"",""timer"":""Date.now"",""elapsed_ms"":2525,""elapsed_per_call_ms"":39.453125,""extra_validation_calls"":0,""correctness"":""PASS""}",,
v8_ignition,RayTrace,RayTrace,6,166,64,1096,17.125,0,true,2026-09-27T17:17:00.112084+00:00,--max-opt=0 --no-lazy,Date.now,1133684700,0,fb0af35ee1cbd7396c6b23184a123f87ce6f9d1d8e29a2dcbc3bf86a98f3ae33,"[""C:\\Users\\mzyx\\Desktop\\0921\\js-interpreter-bench\\engines\\v8-official-15.6.21\\runtime\\d8.exe"", ""--snapshot_blob=C:\\Users\\mzyx\\Desktop\\0921\\js-interpreter-bench\\engines\\v8-official-15.6.21\\runtime\\snapshot_blob.bin"", ""--max-opt=0"", ""--no-lazy"", ""C:\\Users\\mzyx\\Desktop\\0921\\js-interpreter-bench\\experiments\\octane_strict\\generated\\RayTrace.RayTrace.js"", ""--"", ""STRICT_CONFIG={\""N\"":64,\""mode\"":\""measure\"",\""timer\"":\""Date.now\""}""]","OCTANE_STRICT_RESULT:{""suite"":""RayTrace"",""benchmark"":""RayTrace"",""N"":64,""mode"":""measure"",""timer"":""Date.now"",""elapsed_ms"":1096,""elapsed_per_call_ms"":17.125,""extra_validation_calls"":0,""correctness"":""PASS""}",,
v8_ignition,NavierStokes,NavierStokes,6,167,32,2335,72.96875,0,true,2026-09-27T17:17:02.498659+00:00,--max-opt=0 --no-lazy,Date.now,2375717500,0,e86c3b0056fae99b5f0ffdb7d093b565b02987eef458b2c07ecb3fc39700ee3c,"[""C:\\Users\\mzyx\\Desktop\\0921\\js-interpreter-bench\\engines\\v8-official-15.6.21\\runtime\\d8.exe"", ""--snapshot_blob=C:\\Users\\mzyx\\Desktop\\0921\\js-interpreter-bench\\engines\\v8-official-15.6.21\\runtime\\snapshot_blob.bin"", ""--max-opt=0"", ""--no-lazy"", ""C:\\Users\\mzyx\\Desktop\\0921\\js-interpreter-bench\\experiments\\octane_strict\\generated\\NavierStokes.NavierStokes.js"", ""--"", ""STRICT_CONFIG={\""N\"":32,\""mode\"":\""measure\"",\""timer\"":\""Date.now\""}""]","OCTANE_STRICT_RESULT:{""suite"":""NavierStokes"",""benchmark"":""NavierStokes"",""N"":32,""mode"":""measure"",""timer"":""Date.now"",""elapsed_ms"":2335,""elapsed_per_call_ms"":72.96875,""extra_validation_calls"":0,""correctness"":""PASS""}",,
quickjs,NavierStokes,NavierStokes,6,168,32,1887,58.96875,0,true,2026-09-27T17:17:04.413594+00:00,,Date.now,1903183000,0,e86c3b0056fae99b5f0ffdb7d093b565b02987eef458b2c07ecb3fc39700ee3c,"[""C:\\Users\\mzyx\\Desktop\\0921\\js-interpreter-bench\\engines\\quickjs-upstream\\qjs.exe"", ""C:\\Users\\mzyx\\Desktop\\0921\\js-interpreter-bench\\experiments\\octane_strict\\generated\\NavierStokes.NavierStokes.js"", ""STRICT_CONFIG={\""N\"":32,\""mode\"":\""measure\"",\""timer\"":\""Date.now\""}""]","OCTANE_STRICT_RESULT:{""suite"":""NavierStokes"",""benchmark"":""NavierStokes"",""N"":32,""mode"":""measure"",""timer"":""Date.now"",""elapsed_ms"":1887,""elapsed_per_call_ms"":58.96875,""extra_validation_calls"":0,""correctness"":""PASS""}",,
v8_ignition,RegExp,RegExp,6,169,64,1246,19.46875,0,true,2026-09-27T17:17:05.726455+00:00,--max-opt=0 --no-lazy,Date.now,1300997300,0,881c9e28610ead1d8cbf528614032c48b8faa700f0e4177198bbb22f15a19111,"[""C:\\Users\\mzyx\\Desktop\\0921\\js-interpreter-bench\\engines\\v8-official-15.6.21\\runtime\\d8.exe"", ""--snapshot_blob=C:\\Users\\mzyx\\Desktop\\0921\\js-interpreter-bench\\engines\\v8-official-15.6.21\\runtime\\snapshot_blob.bin"", ""--max-opt=0"", ""--no-lazy"", ""C:\\Users\\mzyx\\Desktop\\0921\\js-interpreter-bench\\experiments\\octane_strict\\generated\\RegExp.RegExp.js"", ""--"", ""STRICT_CONFIG={\""N\"":64,\""mode\"":\""measure\"",\""timer\"":\""Date.now\""}""]","OCTANE_STRICT_RESULT:{""suite"":""RegExp"",""benchmark"":""RegExp"",""N"":64,""mode"":""measure"",""timer"":""Date.now"",""elapsed_ms"":1246,""elapsed_per_call_ms"":19.46875,""extra_validation_calls"":0,""correctness"":""PASS""}",,
quickjs,RegExp,RegExp,6,170,64,14430,225.46875,0,true,2026-09-27T17:17:20.199023+00:00,,Date.now,14461002800,0,881c9e28610ead1d8cbf528614032c48b8faa700f0e4177198bbb22f15a19111,"[""C:\\Users\\mzyx\\Desktop\\0921\\js-interpreter-bench\\engines\\quickjs-upstream\\qjs.exe"", ""C:\\Users\\mzyx\\Desktop\\0921\\js-interpreter-bench\\experiments\\octane_strict\\generated\\RegExp.RegExp.js"", ""STRICT_CONFIG={\""N\"":64,\""mode\"":\""measure\"",\""timer\"":\""Date.now\""}""]","OCTANE_STRICT_RESULT:{""suite"":""RegExp"",""benchmark"":""RegExp"",""N"":64,""mode"":""measure"",""timer"":""Date.now"",""elapsed_ms"":14430,""elapsed_per_call_ms"":225.46875,""extra_validation_calls"":0,""correctness"":""PASS""}",,
v8_ignition,Typescript,Typescript,6,171,1,1186,1186,0,true,2026-09-27T17:17:21.483629+00:00,--max-opt=0 --no-lazy,Date.now,1263664300,0,135e157d4fd316d69e9afdb0147a5d3f71ff32877fbe7c2febd72041df50deb0,"[""C:\\Users\\mzyx\\Desktop\\0921\\js-interpreter-bench\\engines\\v8-official-15.6.21\\runtime\\d8.exe"", ""--snapshot_blob=C:\\Users\\mzyx\\Desktop\\0921\\js-interpreter-bench\\engines\\v8-official-15.6.21\\runtime\\snapshot_blob.bin"", ""--max-opt=0"", ""--no-lazy"", ""C:\\Users\\mzyx\\Desktop\\0921\\js-interpreter-bench\\experiments\\octane_strict\\generated\\Typescript.Typescript.js"", ""--"", ""STRICT_CONFIG={\""N\"":1,\""mode\"":\""measure\"",\""timer\"":\""Date.now\""}""]","OCTANE_STRICT_RESULT:{""suite"":""Typescript"",""benchmark"":""Typescript"",""N"":1,""mode"":""measure"",""timer"":""Date.now"",""elapsed_ms"":1186,""elapsed_per_call_ms"":1186,""extra_validation_calls"":0,""correctness"":""PASS""}",,
quickjs,Typescript,Typescript,6,172,1,2035,2035,0,true,2026-09-27T17:17:23.736584+00:00,,Date.now,2236472300,0,135e157d4fd316d69e9afdb0147a5d3f71ff32877fbe7c2febd72041df50deb0,"[""C:\\Users\\mzyx\\Desktop\\0921\\js-interpreter-bench\\engines\\quickjs-upstream\\qjs.exe"", ""C:\\Users\\mzyx\\Desktop\\0921\\js-interpreter-bench\\experiments\\octane_strict\\generated\\Typescript.Typescript.js"", ""STRICT_CONFIG={\""N\"":1,\""mode\"":\""measure\"",\""timer\"":\""Date.now\""}""]","OCTANE_STRICT_RESULT:{""suite"":""Typescript"",""benchmark"":""Typescript"",""N"":1,""mode"":""measure"",""timer"":""Date.now"",""elapsed_ms"":2035,""elapsed_per_call_ms"":2035,""extra_validation_calls"":0,""correctness"":""PASS""}",,
quickjs,Crypto,Encrypt,6,173,256,1404,5.484375,0,true,2026-09-27T17:17:25.276615+00:00,,Date.now,1520274200,0,c73b9c8626ff5488b879ff453a865c03adf87602c6d302855f1c6e0f91b57c92,"[""C:\\Users\\mzyx\\Desktop\\0921\\js-interpreter-bench\\engines\\quickjs-upstream\\qjs.exe"", ""C:\\Users\\mzyx\\Desktop\\0921\\js-interpreter-bench\\experiments\\octane_strict\\generated\\Crypto.Encrypt.js"", ""STRICT_CONFIG={\""N\"":256,\""mode\"":\""measure\"",\""timer\"":\""Date.now\""}""]","OCTANE_STRICT_RESULT:{""suite"":""Crypto"",""benchmark"":""Encrypt"",""N"":256,""mode"":""measure"",""timer"":""Date.now"",""elapsed_ms"":1404,""elapsed_per_call_ms"":5.484375,""extra_validation_calls"":0,""correctness"":""PASS""}",,
v8_ignition,Crypto,Encrypt,6,174,256,1256,4.90625,0,true,2026-09-27T17:17:26.681711+00:00,--max-opt=0 --no-lazy,Date.now,1387914600,0,c73b9c8626ff5488b879ff453a865c03adf87602c6d302855f1c6e0f91b57c92,"[""C:\\Users\\mzyx\\Desktop\\0921\\js-interpreter-bench\\engines\\v8-official-15.6.21\\runtime\\d8.exe"", ""--snapshot_blob=C:\\Users\\mzyx\\Desktop\\0921\\js-interpreter-bench\\engines\\v8-official-15.6.21\\runtime\\snapshot_blob.bin"", ""--max-opt=0"", ""--no-lazy"", ""C:\\Users\\mzyx\\Desktop\\0921\\js-interpreter-bench\\experiments\\octane_strict\\generated\\Crypto.Encrypt.js"", ""--"", ""STRICT_CONFIG={\""N\"":256,\""mode\"":\""measure\"",\""timer\"":\""Date.now\""}""]","OCTANE_STRICT_RESULT:{""suite"":""Crypto"",""benchmark"":""Encrypt"",""N"":256,""mode"":""measure"",""timer"":""Date.now"",""elapsed_ms"":1256,""elapsed_per_call_ms"":4.90625,""extra_validation_calls"":0,""correctness"":""PASS""}",,
quickjs,Richards,Richards,6,175,512,1914,3.73828125,0,true,2026-09-27T17:17:28.618707+00:00,,Date.now,1925395900,0,d2207c68ebcf5db16fd42f8eb04fe21239b5f4726e5d3734ebd3c059754126a8,"[""C:\\Users\\mzyx\\Desktop\\0921\\js-interpreter-bench\\engines\\quickjs-upstream\\qjs.exe"", ""C:\\Users\\mzyx\\Desktop\\0921\\js-interpreter-bench\\experiments\\octane_strict\\generated\\Richards.Richards.js"", ""STRICT_CONFIG={\""N\"":512,\""mode\"":\""measure\"",\""timer\"":\""Date.now\""}""]","OCTANE_STRICT_RESULT:{""suite"":""Richards"",""benchmark"":""Richards"",""N"":512,""mode"":""measure"",""timer"":""Date.now"",""elapsed_ms"":1914,""elapsed_per_call_ms"":3.73828125,""extra_validation_calls"":0,""correctness"":""PASS""}",,
v8_ignition,Richards,Richards,6,176,512,1087,2.123046875,0,true,2026-09-27T17:17:29.752508+00:00,--max-opt=0 --no-lazy,Date.now,1121834200,0,d2207c68ebcf5db16fd42f8eb04fe21239b5f4726e5d3734ebd3c059754126a8,"[""C:\\Users\\mzyx\\Desktop\\0921\\js-interpreter-bench\\engines\\v8-official-15.6.21\\runtime\\d8.exe"", ""--snapshot_blob=C:\\Users\\mzyx\\Desktop\\0921\\js-interpreter-bench\\engines\\v8-official-15.6.21\\runtime\\snapshot_blob.bin"", ""--max-opt=0"", ""--no-lazy"", ""C:\\Users\\mzyx\\Desktop\\0921\\js-interpreter-bench\\experiments\\octane_strict\\generated\\Richards.Richards.js"", ""--"", ""STRICT_CONFIG={\""N\"":512,\""mode\"":\""measure\"",\""timer\"":\""Date.now\""}""]","OCTANE_STRICT_RESULT:{""suite"":""Richards"",""benchmark"":""Richards"",""N"":512,""mode"":""measure"",""timer"":""Date.now"",""elapsed_ms"":1087,""elapsed_per_call_ms"":2.123046875,""extra_validation_calls"":0,""correctness"":""PASS""}",,
v8_ignition,Crypto,Decrypt,6,177,16,1438,89.875,0,true,2026-09-27T17:17:31.243275+00:00,--max-opt=0 --no-lazy,Date.now,1479689700,0,974b320858e72132edd4dd56da2f4582cbe4e99b10027c89dfa44b1ea1cd4591,"[""C:\\Users\\mzyx\\Desktop\\0921\\js-interpreter-bench\\engines\\v8-official-15.6.21\\runtime\\d8.exe"", ""--snapshot_blob=C:\\Users\\mzyx\\Desktop\\0921\\js-interpreter-bench\\engines\\v8-official-15.6.21\\runtime\\snapshot_blob.bin"", ""--max-opt=0"", ""--no-lazy"", ""C:\\Users\\mzyx\\Desktop\\0921\\js-interpreter-bench\\experiments\\octane_strict\\generated\\Crypto.Decrypt.js"", ""--"", ""STRICT_CONFIG={\""N\"":16,\""mode\"":\""measure\"",\""timer\"":\""Date.now\""}""]","OCTANE_STRICT_RESULT:{""suite"":""Crypto"",""benchmark"":""Decrypt"",""N"":16,""mode"":""measure"",""timer"":""Date.now"",""elapsed_ms"":1438,""elapsed_per_call_ms"":89.875,""extra_validation_calls"":0,""correctness"":""PASS""}",,
quickjs,Crypto,Decrypt,6,178,16,1625,101.5625,0,true,2026-09-27T17:17:32.897756+00:00,,Date.now,1643059400,0,974b320858e72132edd4dd56da2f4582cbe4e99b10027c89dfa44b1ea1cd4591,"[""C:\\Users\\mzyx\\Desktop\\0921\\js-interpreter-bench\\engines\\quickjs-upstream\\qjs.exe"", ""C:\\Users\\mzyx\\Desktop\\0921\\js-interpreter-bench\\experiments\\octane_strict\\generated\\Crypto.Decrypt.js"", ""STRICT_CONFIG={\""N\"":16,\""mode\"":\""measure\"",\""timer\"":\""Date.now\""}""]","OCTANE_STRICT_RESULT:{""suite"":""Crypto"",""benchmark"":""Decrypt"",""N"":16,""mode"":""measure"",""timer"":""Date.now"",""elapsed_ms"":1625,""elapsed_per_call_ms"":101.5625,""extra_validation_calls"":0,""correctness"":""PASS""}",,
v8_ignition,CodeLoad,CodeLoadClosure,6,179,4096,1170,0.28564453125,0,true,2026-09-27T17:17:34.136053+00:00,--max-opt=0 --no-lazy,Date.now,1221960800,0,9c3f2890631a64f3776ae7d0cbc83510f2cadc62313f8e27b4ab278dd94390e8,"[""C:\\Users\\mzyx\\Desktop\\0921\\js-interpreter-bench\\engines\\v8-official-15.6.21\\runtime\\d8.exe"", ""--snapshot_blob=C:\\Users\\mzyx\\Desktop\\0921\\js-interpreter-bench\\engines\\v8-official-15.6.21\\runtime\\snapshot_blob.bin"", ""--max-opt=0"", ""--no-lazy"", ""C:\\Users\\mzyx\\Desktop\\0921\\js-interpreter-bench\\experiments\\octane_strict\\generated\\CodeLoad.CodeLoadClosure.js"", ""--"", ""STRICT_CONFIG={\""N\"":4096,\""mode\"":\""measure\"",\""timer\"":\""Date.now\""}""]","OCTANE_STRICT_RESULT:{""suite"":""CodeLoad"",""benchmark"":""CodeLoadClosure"",""N"":4096,""mode"":""measure"",""timer"":""Date.now"",""elapsed_ms"":1170,""elapsed_per_call_ms"":0.28564453125,""extra_validation_calls"":0,""correctness"":""PASS""}",,
quickjs,CodeLoad,CodeLoadClosure,6,180,4096,2456,0.599609375,0,true,2026-09-27T17:17:36.733702+00:00,,Date.now,2586665400,0,9c3f2890631a64f3776ae7d0cbc83510f2cadc62313f8e27b4ab278dd94390e8,"[""C:\\Users\\mzyx\\Desktop\\0921\\js-interpreter-bench\\engines\\quickjs-upstream\\qjs.exe"", ""C:\\Users\\mzyx\\Desktop\\0921\\js-interpreter-bench\\experiments\\octane_strict\\generated\\CodeLoad.CodeLoadClosure.js"", ""STRICT_CONFIG={\""N\"":4096,\""mode\"":\""measure\"",\""timer\"":\""Date.now\""}""]","OCTANE_STRICT_RESULT:{""suite"":""CodeLoad"",""benchmark"":""CodeLoadClosure"",""N"":4096,""mode"":""measure"",""timer"":""Date.now"",""elapsed_ms"":2456,""elapsed_per_call_ms"":0.599609375,""extra_validation_calls"":0,""correctness"":""PASS""}",,
quickjs,Splay,Splay,6,181,2048,4631,2.26123046875,0,true,2026-09-27T17:17:41.798602+00:00,,Date.now,5053130600,0,d6372414234d150c814a6933257aa8c98a8c6260b0d72a71ee0d08d0ee6fb17a,"[""C:\\Users\\mzyx\\Desktop\\0921\\js-interpreter-bench\\engines\\quickjs-upstream\\qjs.exe"", ""C:\\Users\\mzyx\\Desktop\\0921\\js-interpreter-bench\\experiments\\octane_strict\\generated\\Splay.Splay.js"", ""STRICT_CONFIG={\""N\"":2048,\""mode\"":\""measure\"",\""timer\"":\""Date.now\""}""]","OCTANE_STRICT_RESULT:{""suite"":""Splay"",""benchmark"":""Splay"",""N"":2048,""mode"":""measure"",""timer"":""Date.now"",""elapsed_ms"":4631,""elapsed_per_call_ms"":2.26123046875,""extra_validation_calls"":0,""correctness"":""PASS""}",,
v8_ignition,Splay,Splay,6,182,2048,1947,0.95068359375,0,true,2026-09-27T17:17:43.909287+00:00,--max-opt=0 --no-lazy,Date.now,2093059700,0,d6372414234d150c814a6933257aa8c98a8c6260b0d72a71ee0d08d0ee6fb17a,"[""C:\\Users\\mzyx\\Desktop\\0921\\js-interpreter-bench\\engines\\v8-official-15.6.21\\runtime\\d8.exe"", ""--snapshot_blob=C:\\Users\\mzyx\\Desktop\\0921\\js-interpreter-bench\\engines\\v8-official-15.6.21\\runtime\\snapshot_blob.bin"", ""--max-opt=0"", ""--no-lazy"", ""C:\\Users\\mzyx\\Desktop\\0921\\js-interpreter-bench\\experiments\\octane_strict\\generated\\Splay.Splay.js"", ""--"", ""STRICT_CONFIG={\""N\"":2048,\""mode\"":\""measure\"",\""timer\"":\""Date.now\""}""]","OCTANE_STRICT_RESULT:{""suite"":""Splay"",""benchmark"":""Splay"",""N"":2048,""mode"":""measure"",""timer"":""Date.now"",""elapsed_ms"":1947,""elapsed_per_call_ms"":0.95068359375,""extra_validation_calls"":0,""correctness"":""PASS""}",,
quickjs,Gameboy,Gameboy,6,183,4,1444,361,0,true,2026-09-27T17:17:45.402675+00:00,,Date.now,1487865100,0,3fc599b60ec8be6d0ab60d00add662dde31374ecb5b24167384d72d325a08a21,"[""C:\\Users\\mzyx\\Desktop\\0921\\js-interpreter-bench\\engines\\quickjs-upstream\\qjs.exe"", ""C:\\Users\\mzyx\\Desktop\\0921\\js-interpreter-bench\\experiments\\octane_strict\\generated\\Gameboy.Gameboy.js"", ""STRICT_CONFIG={\""N\"":4,\""mode\"":\""measure\"",\""timer\"":\""Date.now\""}""]","OCTANE_STRICT_RESULT:{""suite"":""Gameboy"",""benchmark"":""Gameboy"",""N"":4,""mode"":""measure"",""timer"":""Date.now"",""elapsed_ms"":1444,""elapsed_per_call_ms"":361,""extra_validation_calls"":0,""correctness"":""PASS""}",,
v8_ignition,Gameboy,Gameboy,6,184,4,1186,296.5,0,true,2026-09-27T17:17:46.665207+00:00,--max-opt=0 --no-lazy,Date.now,1244356800,0,3fc599b60ec8be6d0ab60d00add662dde31374ecb5b24167384d72d325a08a21,"[""C:\\Users\\mzyx\\Desktop\\0921\\js-interpreter-bench\\engines\\v8-official-15.6.21\\runtime\\d8.exe"", ""--snapshot_blob=C:\\Users\\mzyx\\Desktop\\0921\\js-interpreter-bench\\engines\\v8-official-15.6.21\\runtime\\snapshot_blob.bin"", ""--max-opt=0"", ""--no-lazy"", ""C:\\Users\\mzyx\\Desktop\\0921\\js-interpreter-bench\\experiments\\octane_strict\\generated\\Gameboy.Gameboy.js"", ""--"", ""STRICT_CONFIG={\""N\"":4,\""mode\"":\""measure\"",\""timer\"":\""Date.now\""}""]","OCTANE_STRICT_RESULT:{""suite"":""Gameboy"",""benchmark"":""Gameboy"",""N"":4,""mode"":""measure"",""timer"":""Date.now"",""elapsed_ms"":1186,""elapsed_per_call_ms"":296.5,""extra_validation_calls"":0,""correctness"":""PASS""}",,
v8_ignition,DeltaBlue,DeltaBlue,6,185,512,1902,3.71484375,0,true,2026-09-27T17:17:48.618297+00:00,--max-opt=0 --no-lazy,Date.now,1939871100,0,8542689bb308963c4feefd143c1707791e271d609ef4c476eb9c3dfdeeec539f,"[""C:\\Users\\mzyx\\Desktop\\0921\\js-interpreter-bench\\engines\\v8-official-15.6.21\\runtime\\d8.exe"", ""--snapshot_blob=C:\\Users\\mzyx\\Desktop\\0921\\js-interpreter-bench\\engines\\v8-official-15.6.21\\runtime\\snapshot_blob.bin"", ""--max-opt=0"", ""--no-lazy"", ""C:\\Users\\mzyx\\Desktop\\0921\\js-interpreter-bench\\experiments\\octane_strict\\generated\\DeltaBlue.DeltaBlue.js"", ""--"", ""STRICT_CONFIG={\""N\"":512,\""mode\"":\""measure\"",\""timer\"":\""Date.now\""}""]","OCTANE_STRICT_RESULT:{""suite"":""DeltaBlue"",""benchmark"":""DeltaBlue"",""N"":512,""mode"":""measure"",""timer"":""Date.now"",""elapsed_ms"":1902,""elapsed_per_call_ms"":3.71484375,""extra_validation_calls"":0,""correctness"":""PASS""}",,
quickjs,DeltaBlue,DeltaBlue,6,186,512,3883,7.583984375,0,true,2026-09-27T17:17:52.521893+00:00,,Date.now,3892934000,0,8542689bb308963c4feefd143c1707791e271d609ef4c476eb9c3dfdeeec539f,"[""C:\\Users\\mzyx\\Desktop\\0921\\js-interpreter-bench\\engines\\quickjs-upstream\\qjs.exe"", ""C:\\Users\\mzyx\\Desktop\\0921\\js-interpreter-bench\\experiments\\octane_strict\\generated\\DeltaBlue.DeltaBlue.js"", ""STRICT_CONFIG={\""N\"":512,\""mode\"":\""measure\"",\""timer\"":\""Date.now\""}""]","OCTANE_STRICT_RESULT:{""suite"":""DeltaBlue"",""benchmark"":""DeltaBlue"",""N"":512,""mode"":""measure"",""timer"":""Date.now"",""elapsed_ms"":3883,""elapsed_per_call_ms"":7.583984375,""extra_validation_calls"":0,""correctness"":""PASS""}",,
quickjs,CodeLoad,CodeLoadJQuery,6,187,256,2800,10.9375,0,true,2026-09-27T17:17:55.352794+00:00,,Date.now,2813145800,0,20f796e914b6995cc6114a2de2953e5cf5dd579501264d69dd26188909f790af,"[""C:\\Users\\mzyx\\Desktop\\0921\\js-interpreter-bench\\engines\\quickjs-upstream\\qjs.exe"", ""C:\\Users\\mzyx\\Desktop\\0921\\js-interpreter-bench\\experiments\\octane_strict\\generated\\CodeLoad.CodeLoadJQuery.js"", ""STRICT_CONFIG={\""N\"":256,\""mode\"":\""measure\"",\""timer\"":\""Date.now\""}""]","OCTANE_STRICT_RESULT:{""suite"":""CodeLoad"",""benchmark"":""CodeLoadJQuery"",""N"":256,""mode"":""measure"",""timer"":""Date.now"",""elapsed_ms"":2800,""elapsed_per_call_ms"":10.9375,""extra_validation_calls"":0,""correctness"":""PASS""}",,
v8_ignition,CodeLoad,CodeLoadJQuery,6,188,256,1069,4.17578125,0,true,2026-09-27T17:17:56.483460+00:00,--max-opt=0 --no-lazy,Date.now,1113948700,0,20f796e914b6995cc6114a2de2953e5cf5dd579501264d69dd26188909f790af,"[""C:\\Users\\mzyx\\Desktop\\0921\\js-interpreter-bench\\engines\\v8-official-15.6.21\\runtime\\d8.exe"", ""--snapshot_blob=C:\\Users\\mzyx\\Desktop\\0921\\js-interpreter-bench\\engines\\v8-official-15.6.21\\runtime\\snapshot_blob.bin"", ""--max-opt=0"", ""--no-lazy"", ""C:\\Users\\mzyx\\Desktop\\0921\\js-interpreter-bench\\experiments\\octane_strict\\generated\\CodeLoad.CodeLoadJQuery.js"", ""--"", ""STRICT_CONFIG={\""N\"":256,\""mode\"":\""measure\"",\""timer\"":\""Date.now\""}""]","OCTANE_STRICT_RESULT:{""suite"":""CodeLoad"",""benchmark"":""CodeLoadJQuery"",""N"":256,""mode"":""measure"",""timer"":""Date.now"",""elapsed_ms"":1069,""elapsed_per_call_ms"":4.17578125,""extra_validation_calls"":0,""correctness"":""PASS""}",,
quickjs,PdfJS,PdfJS,6,189,16,3217,201.0625,0,true,2026-09-27T17:17:59.936948+00:00,,Date.now,3440070500,0,f1966230e4a00bc61dc4c00fd600486e941235c3ee8206f897bd148dfd6e630b,"[""C:\\Users\\mzyx\\Desktop\\0921\\js-interpreter-bench\\engines\\quickjs-upstream\\qjs.exe"", ""C:\\Users\\mzyx\\Desktop\\0921\\js-interpreter-bench\\experiments\\octane_strict\\generated\\PdfJS.PdfJS.js"", ""STRICT_CONFIG={\""N\"":16,\""mode\"":\""measure\"",\""timer\"":\""Date.now\""}""]","OCTANE_STRICT_RESULT:{""suite"":""PdfJS"",""benchmark"":""PdfJS"",""N"":16,""mode"":""measure"",""timer"":""Date.now"",""elapsed_ms"":3217,""elapsed_per_call_ms"":201.0625,""extra_validation_calls"":0,""correctness"":""PASS""}",,
v8_ignition,PdfJS,PdfJS,6,190,16,1698,106.125,0,true,2026-09-27T17:18:01.808822+00:00,--max-opt=0 --no-lazy,Date.now,1854482300,0,f1966230e4a00bc61dc4c00fd600486e941235c3ee8206f897bd148dfd6e630b,"[""C:\\Users\\mzyx\\Desktop\\0921\\js-interpreter-bench\\engines\\v8-official-15.6.21\\runtime\\d8.exe"", ""--snapshot_blob=C:\\Users\\mzyx\\Desktop\\0921\\js-interpreter-bench\\engines\\v8-official-15.6.21\\runtime\\snapshot_blob.bin"", ""--max-opt=0"", ""--no-lazy"", ""C:\\Users\\mzyx\\Desktop\\0921\\js-interpreter-bench\\experiments\\octane_strict\\generated\\PdfJS.PdfJS.js"", ""--"", ""STRICT_CONFIG={\""N\"":16,\""mode\"":\""measure\"",\""timer\"":\""Date.now\""}""]","OCTANE_STRICT_RESULT:{""suite"":""PdfJS"",""benchmark"":""PdfJS"",""N"":16,""mode"":""measure"",""timer"":""Date.now"",""elapsed_ms"":1698,""elapsed_per_call_ms"":106.125,""extra_validation_calls"":0,""correctness"":""PASS""}",,
v8_ignition,Mandreel,Mandreel,6,191,1,1506,1506,0,true,2026-09-27T17:18:04.695640+00:00,--max-opt=0 --no-lazy,Date.now,2868350600,0,64fbf14da4005c4426dcdd6191a5f206fbcd9ce260549e924fd925408614702d,"[""C:\\Users\\mzyx\\Desktop\\0921\\js-interpreter-bench\\engines\\v8-official-15.6.21\\runtime\\d8.exe"", ""--snapshot_blob=C:\\Users\\mzyx\\Desktop\\0921\\js-interpreter-bench\\engines\\v8-official-15.6.21\\runtime\\snapshot_blob.bin"", ""--max-opt=0"", ""--no-lazy"", ""C:\\Users\\mzyx\\Desktop\\0921\\js-interpreter-bench\\experiments\\octane_strict\\generated\\Mandreel.Mandreel.js"", ""--"", ""STRICT_CONFIG={\""N\"":1,\""mode\"":\""measure\"",\""timer\"":\""Date.now\""}""]","OCTANE_STRICT_RESULT:{""suite"":""Mandreel"",""benchmark"":""Mandreel"",""N"":1,""mode"":""measure"",""timer"":""Date.now"",""elapsed_ms"":1506,""elapsed_per_call_ms"":1506,""extra_validation_calls"":0,""correctness"":""PASS""}",,
quickjs,Mandreel,Mandreel,6,192,1,1809,1809,0,true,2026-09-27T17:18:08.017183+00:00,,Date.now,3299397200,0,64fbf14da4005c4426dcdd6191a5f206fbcd9ce260549e924fd925408614702d,"[""C:\\Users\\mzyx\\Desktop\\0921\\js-interpreter-bench\\engines\\quickjs-upstream\\qjs.exe"", ""C:\\Users\\mzyx\\Desktop\\0921\\js-interpreter-bench\\experiments\\octane_strict\\generated\\Mandreel.Mandreel.js"", ""STRICT_CONFIG={\""N\"":1,\""mode\"":\""measure\"",\""timer\"":\""Date.now\""}""]","OCTANE_STRICT_RESULT:{""suite"":""Mandreel"",""benchmark"":""Mandreel"",""N"":1,""mode"":""measure"",""timer"":""Date.now"",""elapsed_ms"":1809,""elapsed_per_call_ms"":1809,""extra_validation_calls"":0,""correctness"":""PASS""}",,
v8_ignition,EarleyBoyer,Boyer,7,193,32,1294,40.4375,0,true,2026-09-27T17:18:09.376762+00:00,--max-opt=0 --no-lazy,Date.now,1337494500,0,e6d4262bd967274f8c7b66181bd6e39a9851606524faae200584e064d21b43b8,"[""C:\\Users\\mzyx\\Desktop\\0921\\js-interpreter-bench\\engines\\v8-official-15.6.21\\runtime\\d8.exe"", ""--snapshot_blob=C:\\Users\\mzyx\\Desktop\\0921\\js-interpreter-bench\\engines\\v8-official-15.6.21\\runtime\\snapshot_blob.bin"", ""--max-opt=0"", ""--no-lazy"", ""C:\\Users\\mzyx\\Desktop\\0921\\js-interpreter-bench\\experiments\\octane_strict\\generated\\EarleyBoyer.Boyer.js"", ""--"", ""STRICT_CONFIG={\""N\"":32,\""mode\"":\""measure\"",\""timer\"":\""Date.now\""}""]","OCTANE_STRICT_RESULT:{""suite"":""EarleyBoyer"",""benchmark"":""Boyer"",""N"":32,""mode"":""measure"",""timer"":""Date.now"",""elapsed_ms"":1294,""elapsed_per_call_ms"":40.4375,""extra_validation_calls"":0,""correctness"":""PASS""}",,
quickjs,EarleyBoyer,Boyer,7,194,32,3732,116.625,0,true,2026-09-27T17:18:13.143649+00:00,,Date.now,3754727400,0,e6d4262bd967274f8c7b66181bd6e39a9851606524faae200584e064d21b43b8,"[""C:\\Users\\mzyx\\Desktop\\0921\\js-interpreter-bench\\engines\\quickjs-upstream\\qjs.exe"", ""C:\\Users\\mzyx\\Desktop\\0921\\js-interpreter-bench\\experiments\\octane_strict\\generated\\EarleyBoyer.Boyer.js"", ""STRICT_CONFIG={\""N\"":32,\""mode\"":\""measure\"",\""timer\"":\""Date.now\""}""]","OCTANE_STRICT_RESULT:{""suite"":""EarleyBoyer"",""benchmark"":""Boyer"",""N"":32,""mode"":""measure"",""timer"":""Date.now"",""elapsed_ms"":3732,""elapsed_per_call_ms"":116.625,""extra_validation_calls"":0,""correctness"":""PASS""}",,
quickjs,Crypto,Decrypt,7,195,16,1610,100.625,0,true,2026-09-27T17:18:14.781740+00:00,,Date.now,1628131200,0,974b320858e72132edd4dd56da2f4582cbe4e99b10027c89dfa44b1ea1cd4591,"[""C:\\Users\\mzyx\\Desktop\\0921\\js-interpreter-bench\\engines\\quickjs-upstream\\qjs.exe"", ""C:\\Users\\mzyx\\Desktop\\0921\\js-interpreter-bench\\experiments\\octane_strict\\generated\\Crypto.Decrypt.js"", ""STRICT_CONFIG={\""N\"":16,\""mode\"":\""measure\"",\""timer\"":\""Date.now\""}""]","OCTANE_STRICT_RESULT:{""suite"":""Crypto"",""benchmark"":""Decrypt"",""N"":16,""mode"":""measure"",""timer"":""Date.now"",""elapsed_ms"":1610,""elapsed_per_call_ms"":100.625,""extra_validation_calls"":0,""correctness"":""PASS""}",,
v8_ignition,Crypto,Decrypt,7,196,16,1438,89.875,0,true,2026-09-27T17:18:16.280199+00:00,--max-opt=0 --no-lazy,Date.now,1481440600,0,974b320858e72132edd4dd56da2f4582cbe4e99b10027c89dfa44b1ea1cd4591,"[""C:\\Users\\mzyx\\Desktop\\0921\\js-interpreter-bench\\engines\\v8-official-15.6.21\\runtime\\d8.exe"", ""--snapshot_blob=C:\\Users\\mzyx\\Desktop\\0921\\js-interpreter-bench\\engines\\v8-official-15.6.21\\runtime\\snapshot_blob.bin"", ""--max-opt=0"", ""--no-lazy"", ""C:\\Users\\mzyx\\Desktop\\0921\\js-interpreter-bench\\experiments\\octane_strict\\generated\\Crypto.Decrypt.js"", ""--"", ""STRICT_CONFIG={\""N\"":16,\""mode\"":\""measure\"",\""timer\"":\""Date.now\""}""]","OCTANE_STRICT_RESULT:{""suite"":""Crypto"",""benchmark"":""Decrypt"",""N"":16,""mode"":""measure"",""timer"":""Date.now"",""elapsed_ms"":1438,""elapsed_per_call_ms"":89.875,""extra_validation_calls"":0,""correctness"":""PASS""}",,
v8_ignition,RayTrace,RayTrace,7,197,64,1086,16.96875,0,true,2026-09-27T17:18:17.415282+00:00,--max-opt=0 --no-lazy,Date.now,1123292400,0,fb0af35ee1cbd7396c6b23184a123f87ce6f9d1d8e29a2dcbc3bf86a98f3ae33,"[""C:\\Users\\mzyx\\Desktop\\0921\\js-interpreter-bench\\engines\\v8-official-15.6.21\\runtime\\d8.exe"", ""--snapshot_blob=C:\\Users\\mzyx\\Desktop\\0921\\js-interpreter-bench\\engines\\v8-official-15.6.21\\runtime\\snapshot_blob.bin"", ""--max-opt=0"", ""--no-lazy"", ""C:\\Users\\mzyx\\Desktop\\0921\\js-interpreter-bench\\experiments\\octane_strict\\generated\\RayTrace.RayTrace.js"", ""--"", ""STRICT_CONFIG={\""N\"":64,\""mode\"":\""measure\"",\""timer\"":\""Date.now\""}""]","OCTANE_STRICT_RESULT:{""suite"":""RayTrace"",""benchmark"":""RayTrace"",""N"":64,""mode"":""measure"",""timer"":""Date.now"",""elapsed_ms"":1086,""elapsed_per_call_ms"":16.96875,""extra_validation_calls"":0,""correctness"":""PASS""}",,
quickjs,RayTrace,RayTrace,7,198,64,2585,40.390625,0,true,2026-09-27T17:18:20.022048+00:00,,Date.now,2595729500,0,fb0af35ee1cbd7396c6b23184a123f87ce6f9d1d8e29a2dcbc3bf86a98f3ae33,"[""C:\\Users\\mzyx\\Desktop\\0921\\js-interpreter-bench\\engines\\quickjs-upstream\\qjs.exe"", ""C:\\Users\\mzyx\\Desktop\\0921\\js-interpreter-bench\\experiments\\octane_strict\\generated\\RayTrace.RayTrace.js"", ""STRICT_CONFIG={\""N\"":64,\""mode\"":\""measure\"",\""timer\"":\""Date.now\""}""]","OCTANE_STRICT_RESULT:{""suite"":""RayTrace"",""benchmark"":""RayTrace"",""N"":64,""mode"":""measure"",""timer"":""Date.now"",""elapsed_ms"":2585,""elapsed_per_call_ms"":40.390625,""extra_validation_calls"":0,""correctness"":""PASS""}",,
quickjs,Mandreel,Mandreel,7,199,1,1787,1787,0,true,2026-09-27T17:18:23.325660+00:00,,Date.now,3281918700,0,64fbf14da4005c4426dcdd6191a5f206fbcd9ce260549e924fd925408614702d,"[""C:\\Users\\mzyx\\Desktop\\0921\\js-interpreter-bench\\engines\\quickjs-upstream\\qjs.exe"", ""C:\\Users\\mzyx\\Desktop\\0921\\js-interpreter-bench\\experiments\\octane_strict\\generated\\Mandreel.Mandreel.js"", ""STRICT_CONFIG={\""N\"":1,\""mode\"":\""measure\"",\""timer\"":\""Date.now\""}""]","OCTANE_STRICT_RESULT:{""suite"":""Mandreel"",""benchmark"":""Mandreel"",""N"":1,""mode"":""measure"",""timer"":""Date.now"",""elapsed_ms"":1787,""elapsed_per_call_ms"":1787,""extra_validation_calls"":0,""correctness"":""PASS""}",,
v8_ignition,Mandreel,Mandreel,7,200,1,1446,1446,0,true,2026-09-27T17:18:26.212527+00:00,--max-opt=0 --no-lazy,Date.now,2858422000,0,64fbf14da4005c4426dcdd6191a5f206fbcd9ce260549e924fd925408614702d,"[""C:\\Users\\mzyx\\Desktop\\0921\\js-interpreter-bench\\engines\\v8-official-15.6.21\\runtime\\d8.exe"", ""--snapshot_blob=C:\\Users\\mzyx\\Desktop\\0921\\js-interpreter-bench\\engines\\v8-official-15.6.21\\runtime\\snapshot_blob.bin"", ""--max-opt=0"", ""--no-lazy"", ""C:\\Users\\mzyx\\Desktop\\0921\\js-interpreter-bench\\experiments\\octane_strict\\generated\\Mandreel.Mandreel.js"", ""--"", ""STRICT_CONFIG={\""N\"":1,\""mode\"":\""measure\"",\""timer\"":\""Date.now\""}""]","OCTANE_STRICT_RESULT:{""suite"":""Mandreel"",""benchmark"":""Mandreel"",""N"":1,""mode"":""measure"",""timer"":""Date.now"",""elapsed_ms"":1446,""elapsed_per_call_ms"":1446,""extra_validation_calls"":0,""correctness"":""PASS""}",,
quickjs,Typescript,Typescript,7,201,1,2023,2023,0,true,2026-09-27T17:18:28.456308+00:00,,Date.now,2224578200,0,135e157d4fd316d69e9afdb0147a5d3f71ff32877fbe7c2febd72041df50deb0,"[""C:\\Users\\mzyx\\Desktop\\0921\\js-interpreter-bench\\engines\\quickjs-upstream\\qjs.exe"", ""C:\\Users\\mzyx\\Desktop\\0921\\js-interpreter-bench\\experiments\\octane_strict\\generated\\Typescript.Typescript.js"", ""STRICT_CONFIG={\""N\"":1,\""mode\"":\""measure\"",\""timer\"":\""Date.now\""}""]","OCTANE_STRICT_RESULT:{""suite"":""Typescript"",""benchmark"":""Typescript"",""N"":1,""mode"":""measure"",""timer"":""Date.now"",""elapsed_ms"":2023,""elapsed_per_call_ms"":2023,""extra_validation_calls"":0,""correctness"":""PASS""}",,
v8_ignition,Typescript,Typescript,7,202,1,1214,1214,0,true,2026-09-27T17:18:29.769302+00:00,--max-opt=0 --no-lazy,Date.now,1290758400,0,135e157d4fd316d69e9afdb0147a5d3f71ff32877fbe7c2febd72041df50deb0,"[""C:\\Users\\mzyx\\Desktop\\0921\\js-interpreter-bench\\engines\\v8-official-15.6.21\\runtime\\d8.exe"", ""--snapshot_blob=C:\\Users\\mzyx\\Desktop\\0921\\js-interpreter-bench\\engines\\v8-official-15.6.21\\runtime\\snapshot_blob.bin"", ""--max-opt=0"", ""--no-lazy"", ""C:\\Users\\mzyx\\Desktop\\0921\\js-interpreter-bench\\experiments\\octane_strict\\generated\\Typescript.Typescript.js"", ""--"", ""STRICT_CONFIG={\""N\"":1,\""mode\"":\""measure\"",\""timer\"":\""Date.now\""}""]","OCTANE_STRICT_RESULT:{""suite"":""Typescript"",""benchmark"":""Typescript"",""N"":1,""mode"":""measure"",""timer"":""Date.now"",""elapsed_ms"":1214,""elapsed_per_call_ms"":1214,""extra_validation_calls"":0,""correctness"":""PASS""}",,
quickjs,RegExp,RegExp,7,203,64,14604,228.1875,0,true,2026-09-27T17:18:44.418900+00:00,,Date.now,14635894500,0,881c9e28610ead1d8cbf528614032c48b8faa700f0e4177198bbb22f15a19111,"[""C:\\Users\\mzyx\\Desktop\\0921\\js-interpreter-bench\\engines\\quickjs-upstream\\qjs.exe"", ""C:\\Users\\mzyx\\Desktop\\0921\\js-interpreter-bench\\experiments\\octane_strict\\generated\\RegExp.RegExp.js"", ""STRICT_CONFIG={\""N\"":64,\""mode\"":\""measure\"",\""timer\"":\""Date.now\""}""]","OCTANE_STRICT_RESULT:{""suite"":""RegExp"",""benchmark"":""RegExp"",""N"":64,""mode"":""measure"",""timer"":""Date.now"",""elapsed_ms"":14604,""elapsed_per_call_ms"":228.1875,""extra_validation_calls"":0,""correctness"":""PASS""}",,
v8_ignition,RegExp,RegExp,7,204,64,1242,19.40625,0,true,2026-09-27T17:18:45.731202+00:00,--max-opt=0 --no-lazy,Date.now,1299474400,0,881c9e28610ead1d8cbf528614032c48b8faa700f0e4177198bbb22f15a19111,"[""C:\\Users\\mzyx\\Desktop\\0921\\js-interpreter-bench\\engines\\v8-official-15.6.21\\runtime\\d8.exe"", ""--snapshot_blob=C:\\Users\\mzyx\\Desktop\\0921\\js-interpreter-bench\\engines\\v8-official-15.6.21\\runtime\\snapshot_blob.bin"", ""--max-opt=0"", ""--no-lazy"", ""C:\\Users\\mzyx\\Desktop\\0921\\js-interpreter-bench\\experiments\\octane_strict\\generated\\RegExp.RegExp.js"", ""--"", ""STRICT_CONFIG={\""N\"":64,\""mode\"":\""measure\"",\""timer\"":\""Date.now\""}""]","OCTANE_STRICT_RESULT:{""suite"":""RegExp"",""benchmark"":""RegExp"",""N"":64,""mode"":""measure"",""timer"":""Date.now"",""elapsed_ms"":1242,""elapsed_per_call_ms"":19.40625,""extra_validation_calls"":0,""correctness"":""PASS""}",,
v8_ignition,Richards,Richards,7,205,512,1080,2.109375,0,true,2026-09-27T17:18:46.864155+00:00,--max-opt=0 --no-lazy,Date.now,1118053500,0,d2207c68ebcf5db16fd42f8eb04fe21239b5f4726e5d3734ebd3c059754126a8,"[""C:\\Users\\mzyx\\Desktop\\0921\\js-interpreter-bench\\engines\\v8-official-15.6.21\\runtime\\d8.exe"", ""--snapshot_blob=C:\\Users\\mzyx\\Desktop\\0921\\js-interpreter-bench\\engines\\v8-official-15.6.21\\runtime\\snapshot_blob.bin"", ""--max-opt=0"", ""--no-lazy"", ""C:\\Users\\mzyx\\Desktop\\0921\\js-interpreter-bench\\experiments\\octane_strict\\generated\\Richards.Richards.js"", ""--"", ""STRICT_CONFIG={\""N\"":512,\""mode\"":\""measure\"",\""timer\"":\""Date.now\""}""]","OCTANE_STRICT_RESULT:{""suite"":""Richards"",""benchmark"":""Richards"",""N"":512,""mode"":""measure"",""timer"":""Date.now"",""elapsed_ms"":1080,""elapsed_per_call_ms"":2.109375,""extra_validation_calls"":0,""correctness"":""PASS""}",,
quickjs,Richards,Richards,7,206,512,1906,3.72265625,0,true,2026-09-27T17:18:48.794461+00:00,,Date.now,1918164200,0,d2207c68ebcf5db16fd42f8eb04fe21239b5f4726e5d3734ebd3c059754126a8,"[""C:\\Users\\mzyx\\Desktop\\0921\\js-interpreter-bench\\engines\\quickjs-upstream\\qjs.exe"", ""C:\\Users\\mzyx\\Desktop\\0921\\js-interpreter-bench\\experiments\\octane_strict\\generated\\Richards.Richards.js"", ""STRICT_CONFIG={\""N\"":512,\""mode\"":\""measure\"",\""timer\"":\""Date.now\""}""]","OCTANE_STRICT_RESULT:{""suite"":""Richards"",""benchmark"":""Richards"",""N"":512,""mode"":""measure"",""timer"":""Date.now"",""elapsed_ms"":1906,""elapsed_per_call_ms"":3.72265625,""extra_validation_calls"":0,""correctness"":""PASS""}",,
quickjs,EarleyBoyer,Earley,7,207,512,3740,7.3046875,0,true,2026-09-27T17:18:52.566149+00:00,,Date.now,3760849300,0,c3ef3fbdd43f0dd5865a1652fa447c774869e86efba25ad910dffdea953f80a2,"[""C:\\Users\\mzyx\\Desktop\\0921\\js-interpreter-bench\\engines\\quickjs-upstream\\qjs.exe"", ""C:\\Users\\mzyx\\Desktop\\0921\\js-interpreter-bench\\experiments\\octane_strict\\generated\\EarleyBoyer.Earley.js"", ""STRICT_CONFIG={\""N\"":512,\""mode\"":\""measure\"",\""timer\"":\""Date.now\""}""]","OCTANE_STRICT_RESULT:{""suite"":""EarleyBoyer"",""benchmark"":""Earley"",""N"":512,""mode"":""measure"",""timer"":""Date.now"",""elapsed_ms"":3740,""elapsed_per_call_ms"":7.3046875,""extra_validation_calls"":0,""correctness"":""PASS""}",,
v8_ignition,EarleyBoyer,Earley,7,208,512,1101,2.150390625,0,true,2026-09-27T17:18:53.726997+00:00,--max-opt=0 --no-lazy,Date.now,1143393600,0,c3ef3fbdd43f0dd5865a1652fa447c774869e86efba25ad910dffdea953f80a2,"[""C:\\Users\\mzyx\\Desktop\\0921\\js-interpreter-bench\\engines\\v8-official-15.6.21\\runtime\\d8.exe"", ""--snapshot_blob=C:\\Users\\mzyx\\Desktop\\0921\\js-interpreter-bench\\engines\\v8-official-15.6.21\\runtime\\snapshot_blob.bin"", ""--max-opt=0"", ""--no-lazy"", ""C:\\Users\\mzyx\\Desktop\\0921\\js-interpreter-bench\\experiments\\octane_strict\\generated\\EarleyBoyer.Earley.js"", ""--"", ""STRICT_CONFIG={\""N\"":512,\""mode\"":\""measure\"",\""timer\"":\""Date.now\""}""]","OCTANE_STRICT_RESULT:{""suite"":""EarleyBoyer"",""benchmark"":""Earley"",""N"":512,""mode"":""measure"",""timer"":""Date.now"",""elapsed_ms"":1101,""elapsed_per_call_ms"":2.150390625,""extra_validation_calls"":0,""correctness"":""PASS""}",,
v8_ignition,Gameboy,Gameboy,7,209,4,1231,307.75,0,true,2026-09-27T17:18:55.031950+00:00,--max-opt=0 --no-lazy,Date.now,1292503500,0,3fc599b60ec8be6d0ab60d00add662dde31374ecb5b24167384d72d325a08a21,"[""C:\\Users\\mzyx\\Desktop\\0921\\js-interpreter-bench\\engines\\v8-official-15.6.21\\runtime\\d8.exe"", ""--snapshot_blob=C:\\Users\\mzyx\\Desktop\\0921\\js-interpreter-bench\\engines\\v8-official-15.6.21\\runtime\\snapshot_blob.bin"", ""--max-opt=0"", ""--no-lazy"", ""C:\\Users\\mzyx\\Desktop\\0921\\js-interpreter-bench\\experiments\\octane_strict\\generated\\Gameboy.Gameboy.js"", ""--"", ""STRICT_CONFIG={\""N\"":4,\""mode\"":\""measure\"",\""timer\"":\""Date.now\""}""]","OCTANE_STRICT_RESULT:{""suite"":""Gameboy"",""benchmark"":""Gameboy"",""N"":4,""mode"":""measure"",""timer"":""Date.now"",""elapsed_ms"":1231,""elapsed_per_call_ms"":307.75,""extra_validation_calls"":0,""correctness"":""PASS""}",,
quickjs,Gameboy,Gameboy,7,210,4,1430,357.5,0,true,2026-09-27T17:18:56.517891+00:00,,Date.now,1473751700,0,3fc599b60ec8be6d0ab60d00add662dde31374ecb5b24167384d72d325a08a21,"[""C:\\Users\\mzyx\\Desktop\\0921\\js-interpreter-bench\\engines\\quickjs-upstream\\qjs.exe"", ""C:\\Users\\mzyx\\Desktop\\0921\\js-interpreter-bench\\experiments\\octane_strict\\generated\\Gameboy.Gameboy.js"", ""STRICT_CONFIG={\""N\"":4,\""mode\"":\""measure\"",\""timer\"":\""Date.now\""}""]","OCTANE_STRICT_RESULT:{""suite"":""Gameboy"",""benchmark"":""Gameboy"",""N"":4,""mode"":""measure"",""timer"":""Date.now"",""elapsed_ms"":1430,""elapsed_per_call_ms"":357.5,""extra_validation_calls"":0,""correctness"":""PASS""}",,
quickjs,CodeLoad,CodeLoadClosure,7,211,4096,2441,0.595947265625,0,true,2026-09-27T17:18:59.103214+00:00,,Date.now,2573104300,0,9c3f2890631a64f3776ae7d0cbc83510f2cadc62313f8e27b4ab278dd94390e8,"[""C:\\Users\\mzyx\\Desktop\\0921\\js-interpreter-bench\\engines\\quickjs-upstream\\qjs.exe"", ""C:\\Users\\mzyx\\Desktop\\0921\\js-interpreter-bench\\experiments\\octane_strict\\generated\\CodeLoad.CodeLoadClosure.js"", ""STRICT_CONFIG={\""N\"":4096,\""mode\"":\""measure\"",\""timer\"":\""Date.now\""}""]","OCTANE_STRICT_RESULT:{""suite"":""CodeLoad"",""benchmark"":""CodeLoadClosure"",""N"":4096,""mode"":""measure"",""timer"":""Date.now"",""elapsed_ms"":2441,""elapsed_per_call_ms"":0.595947265625,""extra_validation_calls"":0,""correctness"":""PASS""}",,
v8_ignition,CodeLoad,CodeLoadClosure,7,212,4096,1185,0.289306640625,0,true,2026-09-27T17:19:00.354999+00:00,--max-opt=0 --no-lazy,Date.now,1234646500,0,9c3f2890631a64f3776ae7d0cbc83510f2cadc62313f8e27b4ab278dd94390e8,"[""C:\\Users\\mzyx\\Desktop\\0921\\js-interpreter-bench\\engines\\v8-official-15.6.21\\runtime\\d8.exe"", ""--snapshot_blob=C:\\Users\\mzyx\\Desktop\\0921\\js-interpreter-bench\\engines\\v8-official-15.6.21\\runtime\\snapshot_blob.bin"", ""--max-opt=0"", ""--no-lazy"", ""C:\\Users\\mzyx\\Desktop\\0921\\js-interpreter-bench\\experiments\\octane_strict\\generated\\CodeLoad.CodeLoadClosure.js"", ""--"", ""STRICT_CONFIG={\""N\"":4096,\""mode\"":\""measure\"",\""timer\"":\""Date.now\""}""]","OCTANE_STRICT_RESULT:{""suite"":""CodeLoad"",""benchmark"":""CodeLoadClosure"",""N"":4096,""mode"":""measure"",""timer"":""Date.now"",""elapsed_ms"":1185,""elapsed_per_call_ms"":0.289306640625,""extra_validation_calls"":0,""correctness"":""PASS""}",,
v8_ignition,CodeLoad,CodeLoadJQuery,7,213,256,1074,4.1953125,0,true,2026-09-27T17:19:01.483475+00:00,--max-opt=0 --no-lazy,Date.now,1117693300,0,20f796e914b6995cc6114a2de2953e5cf5dd579501264d69dd26188909f790af,"[""C:\\Users\\mzyx\\Desktop\\0921\\js-interpreter-bench\\engines\\v8-official-15.6.21\\runtime\\d8.exe"", ""--snapshot_blob=C:\\Users\\mzyx\\Desktop\\0921\\js-interpreter-bench\\engines\\v8-official-15.6.21\\runtime\\snapshot_blob.bin"", ""--max-opt=0"", ""--no-lazy"", ""C:\\Users\\mzyx\\Desktop\\0921\\js-interpreter-bench\\experiments\\octane_strict\\generated\\CodeLoad.CodeLoadJQuery.js"", ""--"", ""STRICT_CONFIG={\""N\"":256,\""mode\"":\""measure\"",\""timer\"":\""Date.now\""}""]","OCTANE_STRICT_RESULT:{""suite"":""CodeLoad"",""benchmark"":""CodeLoadJQuery"",""N"":256,""mode"":""measure"",""timer"":""Date.now"",""elapsed_ms"":1074,""elapsed_per_call_ms"":4.1953125,""extra_validation_calls"":0,""correctness"":""PASS""}",,
quickjs,CodeLoad,CodeLoadJQuery,7,214,256,2843,11.10546875,0,true,2026-09-27T17:19:04.355484+00:00,,Date.now,2857902100,0,20f796e914b6995cc6114a2de2953e5cf5dd579501264d69dd26188909f790af,"[""C:\\Users\\mzyx\\Desktop\\0921\\js-interpreter-bench\\engines\\quickjs-upstream\\qjs.exe"", ""C:\\Users\\mzyx\\Desktop\\0921\\js-interpreter-bench\\experiments\\octane_strict\\generated\\CodeLoad.CodeLoadJQuery.js"", ""STRICT_CONFIG={\""N\"":256,\""mode\"":\""measure\"",\""timer\"":\""Date.now\""}""]","OCTANE_STRICT_RESULT:{""suite"":""CodeLoad"",""benchmark"":""CodeLoadJQuery"",""N"":256,""mode"":""measure"",""timer"":""Date.now"",""elapsed_ms"":2843,""elapsed_per_call_ms"":11.10546875,""extra_validation_calls"":0,""correctness"":""PASS""}",,
v8_ignition,Splay,Splay,7,215,2048,1935,0.94482421875,0,true,2026-09-27T17:19:06.436917+00:00,--max-opt=0 --no-lazy,Date.now,2067485000,0,d6372414234d150c814a6933257aa8c98a8c6260b0d72a71ee0d08d0ee6fb17a,"[""C:\\Users\\mzyx\\Desktop\\0921\\js-interpreter-bench\\engines\\v8-official-15.6.21\\runtime\\d8.exe"", ""--snapshot_blob=C:\\Users\\mzyx\\Desktop\\0921\\js-interpreter-bench\\engines\\v8-official-15.6.21\\runtime\\snapshot_blob.bin"", ""--max-opt=0"", ""--no-lazy"", ""C:\\Users\\mzyx\\Desktop\\0921\\js-interpreter-bench\\experiments\\octane_strict\\generated\\Splay.Splay.js"", ""--"", ""STRICT_CONFIG={\""N\"":2048,\""mode\"":\""measure\"",\""timer\"":\""Date.now\""}""]","OCTANE_STRICT_RESULT:{""suite"":""Splay"",""benchmark"":""Splay"",""N"":2048,""mode"":""measure"",""timer"":""Date.now"",""elapsed_ms"":1935,""elapsed_per_call_ms"":0.94482421875,""extra_validation_calls"":0,""correctness"":""PASS""}",,
quickjs,Splay,Splay,7,216,2048,4702,2.2958984375,0,true,2026-09-27T17:19:11.607168+00:00,,Date.now,5158706100,0,d6372414234d150c814a6933257aa8c98a8c6260b0d72a71ee0d08d0ee6fb17a,"[""C:\\Users\\mzyx\\Desktop\\0921\\js-interpreter-bench\\engines\\quickjs-upstream\\qjs.exe"", ""C:\\Users\\mzyx\\Desktop\\0921\\js-interpreter-bench\\experiments\\octane_strict\\generated\\Splay.Splay.js"", ""STRICT_CONFIG={\""N\"":2048,\""mode\"":\""measure\"",\""timer\"":\""Date.now\""}""]","OCTANE_STRICT_RESULT:{""suite"":""Splay"",""benchmark"":""Splay"",""N"":2048,""mode"":""measure"",""timer"":""Date.now"",""elapsed_ms"":4702,""elapsed_per_call_ms"":2.2958984375,""extra_validation_calls"":0,""correctness"":""PASS""}",,
v8_ignition,Crypto,Encrypt,7,217,256,1240,4.84375,0,true,2026-09-27T17:19:12.983017+00:00,--max-opt=0 --no-lazy,Date.now,1367050300,0,c73b9c8626ff5488b879ff453a865c03adf87602c6d302855f1c6e0f91b57c92,"[""C:\\Users\\mzyx\\Desktop\\0921\\js-interpreter-bench\\engines\\v8-official-15.6.21\\runtime\\d8.exe"", ""--snapshot_blob=C:\\Users\\mzyx\\Desktop\\0921\\js-interpreter-bench\\engines\\v8-official-15.6.21\\runtime\\snapshot_blob.bin"", ""--max-opt=0"", ""--no-lazy"", ""C:\\Users\\mzyx\\Desktop\\0921\\js-interpreter-bench\\experiments\\octane_strict\\generated\\Crypto.Encrypt.js"", ""--"", ""STRICT_CONFIG={\""N\"":256,\""mode\"":\""measure\"",\""timer\"":\""Date.now\""}""]","OCTANE_STRICT_RESULT:{""suite"":""Crypto"",""benchmark"":""Encrypt"",""N"":256,""mode"":""measure"",""timer"":""Date.now"",""elapsed_ms"":1240,""elapsed_per_call_ms"":4.84375,""extra_validation_calls"":0,""correctness"":""PASS""}",,
quickjs,Crypto,Encrypt,7,218,256,1380,5.390625,0,true,2026-09-27T17:19:14.487784+00:00,,Date.now,1493355000,0,c73b9c8626ff5488b879ff453a865c03adf87602c6d302855f1c6e0f91b57c92,"[""C:\\Users\\mzyx\\Desktop\\0921\\js-interpreter-bench\\engines\\quickjs-upstream\\qjs.exe"", ""C:\\Users\\mzyx\\Desktop\\0921\\js-interpreter-bench\\experiments\\octane_strict\\generated\\Crypto.Encrypt.js"", ""STRICT_CONFIG={\""N\"":256,\""mode\"":\""measure\"",\""timer\"":\""Date.now\""}""]","OCTANE_STRICT_RESULT:{""suite"":""Crypto"",""benchmark"":""Encrypt"",""N"":256,""mode"":""measure"",""timer"":""Date.now"",""elapsed_ms"":1380,""elapsed_per_call_ms"":5.390625,""extra_validation_calls"":0,""correctness"":""PASS""}",,
quickjs,DeltaBlue,DeltaBlue,7,219,512,3854,7.52734375,0,true,2026-09-27T17:19:18.370965+00:00,,Date.now,3865768200,0,8542689bb308963c4feefd143c1707791e271d609ef4c476eb9c3dfdeeec539f,"[""C:\\Users\\mzyx\\Desktop\\0921\\js-interpreter-bench\\engines\\quickjs-upstream\\qjs.exe"", ""C:\\Users\\mzyx\\Desktop\\0921\\js-interpreter-bench\\experiments\\octane_strict\\generated\\DeltaBlue.DeltaBlue.js"", ""STRICT_CONFIG={\""N\"":512,\""mode\"":\""measure\"",\""timer\"":\""Date.now\""}""]","OCTANE_STRICT_RESULT:{""suite"":""DeltaBlue"",""benchmark"":""DeltaBlue"",""N"":512,""mode"":""measure"",""timer"":""Date.now"",""elapsed_ms"":3854,""elapsed_per_call_ms"":7.52734375,""extra_validation_calls"":0,""correctness"":""PASS""}",,
v8_ignition,DeltaBlue,DeltaBlue,7,220,512,1880,3.671875,0,true,2026-09-27T17:19:20.304593+00:00,--max-opt=0 --no-lazy,Date.now,1916169900,0,8542689bb308963c4feefd143c1707791e271d609ef4c476eb9c3dfdeeec539f,"[""C:\\Users\\mzyx\\Desktop\\0921\\js-interpreter-bench\\engines\\v8-official-15.6.21\\runtime\\d8.exe"", ""--snapshot_blob=C:\\Users\\mzyx\\Desktop\\0921\\js-interpreter-bench\\engines\\v8-official-15.6.21\\runtime\\snapshot_blob.bin"", ""--max-opt=0"", ""--no-lazy"", ""C:\\Users\\mzyx\\Desktop\\0921\\js-interpreter-bench\\experiments\\octane_strict\\generated\\DeltaBlue.DeltaBlue.js"", ""--"", ""STRICT_CONFIG={\""N\"":512,\""mode\"":\""measure\"",\""timer\"":\""Date.now\""}""]","OCTANE_STRICT_RESULT:{""suite"":""DeltaBlue"",""benchmark"":""DeltaBlue"",""N"":512,""mode"":""measure"",""timer"":""Date.now"",""elapsed_ms"":1880,""elapsed_per_call_ms"":3.671875,""extra_validation_calls"":0,""correctness"":""PASS""}",,
quickjs,NavierStokes,NavierStokes,7,221,32,1979,61.84375,0,true,2026-09-27T17:19:22.309537+00:00,,Date.now,1994471000,0,e86c3b0056fae99b5f0ffdb7d093b565b02987eef458b2c07ecb3fc39700ee3c,"[""C:\\Users\\mzyx\\Desktop\\0921\\js-interpreter-bench\\engines\\quickjs-upstream\\qjs.exe"", ""C:\\Users\\mzyx\\Desktop\\0921\\js-interpreter-bench\\experiments\\octane_strict\\generated\\NavierStokes.NavierStokes.js"", ""STRICT_CONFIG={\""N\"":32,\""mode\"":\""measure\"",\""timer\"":\""Date.now\""}""]","OCTANE_STRICT_RESULT:{""suite"":""NavierStokes"",""benchmark"":""NavierStokes"",""N"":32,""mode"":""measure"",""timer"":""Date.now"",""elapsed_ms"":1979,""elapsed_per_call_ms"":61.84375,""extra_validation_calls"":0,""correctness"":""PASS""}",,
v8_ignition,NavierStokes,NavierStokes,7,222,32,2298,71.8125,0,true,2026-09-27T17:19:24.660437+00:00,--max-opt=0 --no-lazy,Date.now,2337891200,0,e86c3b0056fae99b5f0ffdb7d093b565b02987eef458b2c07ecb3fc39700ee3c,"[""C:\\Users\\mzyx\\Desktop\\0921\\js-interpreter-bench\\engines\\v8-official-15.6.21\\runtime\\d8.exe"", ""--snapshot_blob=C:\\Users\\mzyx\\Desktop\\0921\\js-interpreter-bench\\engines\\v8-official-15.6.21\\runtime\\snapshot_blob.bin"", ""--max-opt=0"", ""--no-lazy"", ""C:\\Users\\mzyx\\Desktop\\0921\\js-interpreter-bench\\experiments\\octane_strict\\generated\\NavierStokes.NavierStokes.js"", ""--"", ""STRICT_CONFIG={\""N\"":32,\""mode\"":\""measure\"",\""timer\"":\""Date.now\""}""]","OCTANE_STRICT_RESULT:{""suite"":""NavierStokes"",""benchmark"":""NavierStokes"",""N"":32,""mode"":""measure"",""timer"":""Date.now"",""elapsed_ms"":2298,""elapsed_per_call_ms"":71.8125,""extra_validation_calls"":0,""correctness"":""PASS""}",,
v8_ignition,PdfJS,PdfJS,7,223,16,1687,105.4375,0,true,2026-09-27T17:19:26.512302+00:00,--max-opt=0 --no-lazy,Date.now,1839045200,0,f1966230e4a00bc61dc4c00fd600486e941235c3ee8206f897bd148dfd6e630b,"[""C:\\Users\\mzyx\\Desktop\\0921\\js-interpreter-bench\\engines\\v8-official-15.6.21\\runtime\\d8.exe"", ""--snapshot_blob=C:\\Users\\mzyx\\Desktop\\0921\\js-interpreter-bench\\engines\\v8-official-15.6.21\\runtime\\snapshot_blob.bin"", ""--max-opt=0"", ""--no-lazy"", ""C:\\Users\\mzyx\\Desktop\\0921\\js-interpreter-bench\\experiments\\octane_strict\\generated\\PdfJS.PdfJS.js"", ""--"", ""STRICT_CONFIG={\""N\"":16,\""mode\"":\""measure\"",\""timer\"":\""Date.now\""}""]","OCTANE_STRICT_RESULT:{""suite"":""PdfJS"",""benchmark"":""PdfJS"",""N"":16,""mode"":""measure"",""timer"":""Date.now"",""elapsed_ms"":1687,""elapsed_per_call_ms"":105.4375,""extra_validation_calls"":0,""correctness"":""PASS""}",,
quickjs,PdfJS,PdfJS,7,224,16,3284,205.25,0,true,2026-09-27T17:19:30.035347+00:00,,Date.now,3509113400,0,f1966230e4a00bc61dc4c00fd600486e941235c3ee8206f897bd148dfd6e630b,"[""C:\\Users\\mzyx\\Desktop\\0921\\js-interpreter-bench\\engines\\quickjs-upstream\\qjs.exe"", ""C:\\Users\\mzyx\\Desktop\\0921\\js-interpreter-bench\\experiments\\octane_strict\\generated\\PdfJS.PdfJS.js"", ""STRICT_CONFIG={\""N\"":16,\""mode\"":\""measure\"",\""timer\"":\""Date.now\""}""]","OCTANE_STRICT_RESULT:{""suite"":""PdfJS"",""benchmark"":""PdfJS"",""N"":16,""mode"":""measure"",""timer"":""Date.now"",""elapsed_ms"":3284,""elapsed_per_call_ms"":205.25,""extra_validation_calls"":0,""correctness"":""PASS""}",,
quickjs,Crypto,Encrypt,8,225,256,1354,5.2890625,0,true,2026-09-27T17:19:31.514757+00:00,,Date.now,1466477600,0,c73b9c8626ff5488b879ff453a865c03adf87602c6d302855f1c6e0f91b57c92,"[""C:\\Users\\mzyx\\Desktop\\0921\\js-interpreter-bench\\engines\\quickjs-upstream\\qjs.exe"", ""C:\\Users\\mzyx\\Desktop\\0921\\js-interpreter-bench\\experiments\\octane_strict\\generated\\Crypto.Encrypt.js"", ""STRICT_CONFIG={\""N\"":256,\""mode\"":\""measure\"",\""timer\"":\""Date.now\""}""]","OCTANE_STRICT_RESULT:{""suite"":""Crypto"",""benchmark"":""Encrypt"",""N"":256,""mode"":""measure"",""timer"":""Date.now"",""elapsed_ms"":1354,""elapsed_per_call_ms"":5.2890625,""extra_validation_calls"":0,""correctness"":""PASS""}",,
v8_ignition,Crypto,Encrypt,8,226,256,1243,4.85546875,0,true,2026-09-27T17:19:32.904603+00:00,--max-opt=0 --no-lazy,Date.now,1373853900,0,c73b9c8626ff5488b879ff453a865c03adf87602c6d302855f1c6e0f91b57c92,"[""C:\\Users\\mzyx\\Desktop\\0921\\js-interpreter-bench\\engines\\v8-official-15.6.21\\runtime\\d8.exe"", ""--snapshot_blob=C:\\Users\\mzyx\\Desktop\\0921\\js-interpreter-bench\\engines\\v8-official-15.6.21\\runtime\\snapshot_blob.bin"", ""--max-opt=0"", ""--no-lazy"", ""C:\\Users\\mzyx\\Desktop\\0921\\js-interpreter-bench\\experiments\\octane_strict\\generated\\Crypto.Encrypt.js"", ""--"", ""STRICT_CONFIG={\""N\"":256,\""mode\"":\""measure\"",\""timer\"":\""Date.now\""}""]","OCTANE_STRICT_RESULT:{""suite"":""Crypto"",""benchmark"":""Encrypt"",""N"":256,""mode"":""measure"",""timer"":""Date.now"",""elapsed_ms"":1243,""elapsed_per_call_ms"":4.85546875,""extra_validation_calls"":0,""correctness"":""PASS""}",,
v8_ignition,EarleyBoyer,Earley,8,227,512,1097,2.142578125,0,true,2026-09-27T17:19:34.054675+00:00,--max-opt=0 --no-lazy,Date.now,1138436400,0,c3ef3fbdd43f0dd5865a1652fa447c774869e86efba25ad910dffdea953f80a2,"[""C:\\Users\\mzyx\\Desktop\\0921\\js-interpreter-bench\\engines\\v8-official-15.6.21\\runtime\\d8.exe"", ""--snapshot_blob=C:\\Users\\mzyx\\Desktop\\0921\\js-interpreter-bench\\engines\\v8-official-15.6.21\\runtime\\snapshot_blob.bin"", ""--max-opt=0"", ""--no-lazy"", ""C:\\Users\\mzyx\\Desktop\\0921\\js-interpreter-bench\\experiments\\octane_strict\\generated\\EarleyBoyer.Earley.js"", ""--"", ""STRICT_CONFIG={\""N\"":512,\""mode\"":\""measure\"",\""timer\"":\""Date.now\""}""]","OCTANE_STRICT_RESULT:{""suite"":""EarleyBoyer"",""benchmark"":""Earley"",""N"":512,""mode"":""measure"",""timer"":""Date.now"",""elapsed_ms"":1097,""elapsed_per_call_ms"":2.142578125,""extra_validation_calls"":0,""correctness"":""PASS""}",,
quickjs,EarleyBoyer,Earley,8,228,512,3752,7.328125,0,true,2026-09-27T17:19:37.839290+00:00,,Date.now,3772497500,0,c3ef3fbdd43f0dd5865a1652fa447c774869e86efba25ad910dffdea953f80a2,"[""C:\\Users\\mzyx\\Desktop\\0921\\js-interpreter-bench\\engines\\quickjs-upstream\\qjs.exe"", ""C:\\Users\\mzyx\\Desktop\\0921\\js-interpreter-bench\\experiments\\octane_strict\\generated\\EarleyBoyer.Earley.js"", ""STRICT_CONFIG={\""N\"":512,\""mode\"":\""measure\"",\""timer\"":\""Date.now\""}""]","OCTANE_STRICT_RESULT:{""suite"":""EarleyBoyer"",""benchmark"":""Earley"",""N"":512,""mode"":""measure"",""timer"":""Date.now"",""elapsed_ms"":3752,""elapsed_per_call_ms"":7.328125,""extra_validation_calls"":0,""correctness"":""PASS""}",,
v8_ignition,RegExp,RegExp,8,229,64,1252,19.5625,0,true,2026-09-27T17:19:39.164509+00:00,--max-opt=0 --no-lazy,Date.now,1307483600,0,881c9e28610ead1d8cbf528614032c48b8faa700f0e4177198bbb22f15a19111,"[""C:\\Users\\mzyx\\Desktop\\0921\\js-interpreter-bench\\engines\\v8-official-15.6.21\\runtime\\d8.exe"", ""--snapshot_blob=C:\\Users\\mzyx\\Desktop\\0921\\js-interpreter-bench\\engines\\v8-official-15.6.21\\runtime\\snapshot_blob.bin"", ""--max-opt=0"", ""--no-lazy"", ""C:\\Users\\mzyx\\Desktop\\0921\\js-interpreter-bench\\experiments\\octane_strict\\generated\\RegExp.RegExp.js"", ""--"", ""STRICT_CONFIG={\""N\"":64,\""mode\"":\""measure\"",\""timer\"":\""Date.now\""}""]","OCTANE_STRICT_RESULT:{""suite"":""RegExp"",""benchmark"":""RegExp"",""N"":64,""mode"":""measure"",""timer"":""Date.now"",""elapsed_ms"":1252,""elapsed_per_call_ms"":19.5625,""extra_validation_calls"":0,""correctness"":""PASS""}",,
quickjs,RegExp,RegExp,8,230,64,14723,230.046875,0,true,2026-09-27T17:19:53.929899+00:00,,Date.now,14754618900,0,881c9e28610ead1d8cbf528614032c48b8faa700f0e4177198bbb22f15a19111,"[""C:\\Users\\mzyx\\Desktop\\0921\\js-interpreter-bench\\engines\\quickjs-upstream\\qjs.exe"", ""C:\\Users\\mzyx\\Desktop\\0921\\js-interpreter-bench\\experiments\\octane_strict\\generated\\RegExp.RegExp.js"", ""STRICT_CONFIG={\""N\"":64,\""mode\"":\""measure\"",\""timer\"":\""Date.now\""}""]","OCTANE_STRICT_RESULT:{""suite"":""RegExp"",""benchmark"":""RegExp"",""N"":64,""mode"":""measure"",""timer"":""Date.now"",""elapsed_ms"":14723,""elapsed_per_call_ms"":230.046875,""extra_validation_calls"":0,""correctness"":""PASS""}",,
v8_ignition,DeltaBlue,DeltaBlue,8,231,512,1881,3.673828125,0,true,2026-09-27T17:19:55.866569+00:00,--max-opt=0 --no-lazy,Date.now,1918079300,0,8542689bb308963c4feefd143c1707791e271d609ef4c476eb9c3dfdeeec539f,"[""C:\\Users\\mzyx\\Desktop\\0921\\js-interpreter-bench\\engines\\v8-official-15.6.21\\runtime\\d8.exe"", ""--snapshot_blob=C:\\Users\\mzyx\\Desktop\\0921\\js-interpreter-bench\\engines\\v8-official-15.6.21\\runtime\\snapshot_blob.bin"", ""--max-opt=0"", ""--no-lazy"", ""C:\\Users\\mzyx\\Desktop\\0921\\js-interpreter-bench\\experiments\\octane_strict\\generated\\DeltaBlue.DeltaBlue.js"", ""--"", ""STRICT_CONFIG={\""N\"":512,\""mode\"":\""measure\"",\""timer\"":\""Date.now\""}""]","OCTANE_STRICT_RESULT:{""suite"":""DeltaBlue"",""benchmark"":""DeltaBlue"",""N"":512,""mode"":""measure"",""timer"":""Date.now"",""elapsed_ms"":1881,""elapsed_per_call_ms"":3.673828125,""extra_validation_calls"":0,""correctness"":""PASS""}",,
quickjs,DeltaBlue,DeltaBlue,8,232,512,3874,7.56640625,0,true,2026-09-27T17:19:59.762093+00:00,,Date.now,3885028200,0,8542689bb308963c4feefd143c1707791e271d609ef4c476eb9c3dfdeeec539f,"[""C:\\Users\\mzyx\\Desktop\\0921\\js-interpreter-bench\\engines\\quickjs-upstream\\qjs.exe"", ""C:\\Users\\mzyx\\Desktop\\0921\\js-interpreter-bench\\experiments\\octane_strict\\generated\\DeltaBlue.DeltaBlue.js"", ""STRICT_CONFIG={\""N\"":512,\""mode\"":\""measure\"",\""timer\"":\""Date.now\""}""]","OCTANE_STRICT_RESULT:{""suite"":""DeltaBlue"",""benchmark"":""DeltaBlue"",""N"":512,""mode"":""measure"",""timer"":""Date.now"",""elapsed_ms"":3874,""elapsed_per_call_ms"":7.56640625,""extra_validation_calls"":0,""correctness"":""PASS""}",,
v8_ignition,NavierStokes,NavierStokes,8,233,32,2302,71.9375,0,true,2026-09-27T17:20:02.120863+00:00,--max-opt=0 --no-lazy,Date.now,2341971700,0,e86c3b0056fae99b5f0ffdb7d093b565b02987eef458b2c07ecb3fc39700ee3c,"[""C:\\Users\\mzyx\\Desktop\\0921\\js-interpreter-bench\\engines\\v8-official-15.6.21\\runtime\\d8.exe"", ""--snapshot_blob=C:\\Users\\mzyx\\Desktop\\0921\\js-interpreter-bench\\engines\\v8-official-15.6.21\\runtime\\snapshot_blob.bin"", ""--max-opt=0"", ""--no-lazy"", ""C:\\Users\\mzyx\\Desktop\\0921\\js-interpreter-bench\\experiments\\octane_strict\\generated\\NavierStokes.NavierStokes.js"", ""--"", ""STRICT_CONFIG={\""N\"":32,\""mode\"":\""measure\"",\""timer\"":\""Date.now\""}""]","OCTANE_STRICT_RESULT:{""suite"":""NavierStokes"",""benchmark"":""NavierStokes"",""N"":32,""mode"":""measure"",""timer"":""Date.now"",""elapsed_ms"":2302,""elapsed_per_call_ms"":71.9375,""extra_validation_calls"":0,""correctness"":""PASS""}",,
quickjs,NavierStokes,NavierStokes,8,234,32,1961,61.28125,0,true,2026-09-27T17:20:04.109951+00:00,,Date.now,1977158500,0,e86c3b0056fae99b5f0ffdb7d093b565b02987eef458b2c07ecb3fc39700ee3c,"[""C:\\Users\\mzyx\\Desktop\\0921\\js-interpreter-bench\\engines\\quickjs-upstream\\qjs.exe"", ""C:\\Users\\mzyx\\Desktop\\0921\\js-interpreter-bench\\experiments\\octane_strict\\generated\\NavierStokes.NavierStokes.js"", ""STRICT_CONFIG={\""N\"":32,\""mode\"":\""measure\"",\""timer\"":\""Date.now\""}""]","OCTANE_STRICT_RESULT:{""suite"":""NavierStokes"",""benchmark"":""NavierStokes"",""N"":32,""mode"":""measure"",""timer"":""Date.now"",""elapsed_ms"":1961,""elapsed_per_call_ms"":61.28125,""extra_validation_calls"":0,""correctness"":""PASS""}",,
quickjs,PdfJS,PdfJS,8,235,16,3207,200.4375,0,true,2026-09-27T17:20:07.550249+00:00,,Date.now,3427211700,0,f1966230e4a00bc61dc4c00fd600486e941235c3ee8206f897bd148dfd6e630b,"[""C:\\Users\\mzyx\\Desktop\\0921\\js-interpreter-bench\\engines\\quickjs-upstream\\qjs.exe"", ""C:\\Users\\mzyx\\Desktop\\0921\\js-interpreter-bench\\experiments\\octane_strict\\generated\\PdfJS.PdfJS.js"", ""STRICT_CONFIG={\""N\"":16,\""mode\"":\""measure\"",\""timer\"":\""Date.now\""}""]","OCTANE_STRICT_RESULT:{""suite"":""PdfJS"",""benchmark"":""PdfJS"",""N"":16,""mode"":""measure"",""timer"":""Date.now"",""elapsed_ms"":3207,""elapsed_per_call_ms"":200.4375,""extra_validation_calls"":0,""correctness"":""PASS""}",,
v8_ignition,PdfJS,PdfJS,8,236,16,1708,106.75,0,true,2026-09-27T17:20:09.431739+00:00,--max-opt=0 --no-lazy,Date.now,1859961600,0,f1966230e4a00bc61dc4c00fd600486e941235c3ee8206f897bd148dfd6e630b,"[""C:\\Users\\mzyx\\Desktop\\0921\\js-interpreter-bench\\engines\\v8-official-15.6.21\\runtime\\d8.exe"", ""--snapshot_blob=C:\\Users\\mzyx\\Desktop\\0921\\js-interpreter-bench\\engines\\v8-official-15.6.21\\runtime\\snapshot_blob.bin"", ""--max-opt=0"", ""--no-lazy"", ""C:\\Users\\mzyx\\Desktop\\0921\\js-interpreter-bench\\experiments\\octane_strict\\generated\\PdfJS.PdfJS.js"", ""--"", ""STRICT_CONFIG={\""N\"":16,\""mode\"":\""measure\"",\""timer\"":\""Date.now\""}""]","OCTANE_STRICT_RESULT:{""suite"":""PdfJS"",""benchmark"":""PdfJS"",""N"":16,""mode"":""measure"",""timer"":""Date.now"",""elapsed_ms"":1708,""elapsed_per_call_ms"":106.75,""extra_validation_calls"":0,""correctness"":""PASS""}",,
v8_ignition,Mandreel,Mandreel,8,237,1,1446,1446,0,true,2026-09-27T17:20:12.290548+00:00,--max-opt=0 --no-lazy,Date.now,2837988600,0,64fbf14da4005c4426dcdd6191a5f206fbcd9ce260549e924fd925408614702d,"[""C:\\Users\\mzyx\\Desktop\\0921\\js-interpreter-bench\\engines\\v8-official-15.6.21\\runtime\\d8.exe"", ""--snapshot_blob=C:\\Users\\mzyx\\Desktop\\0921\\js-interpreter-bench\\engines\\v8-official-15.6.21\\runtime\\snapshot_blob.bin"", ""--max-opt=0"", ""--no-lazy"", ""C:\\Users\\mzyx\\Desktop\\0921\\js-interpreter-bench\\experiments\\octane_strict\\generated\\Mandreel.Mandreel.js"", ""--"", ""STRICT_CONFIG={\""N\"":1,\""mode\"":\""measure\"",\""timer\"":\""Date.now\""}""]","OCTANE_STRICT_RESULT:{""suite"":""Mandreel"",""benchmark"":""Mandreel"",""N"":1,""mode"":""measure"",""timer"":""Date.now"",""elapsed_ms"":1446,""elapsed_per_call_ms"":1446,""extra_validation_calls"":0,""correctness"":""PASS""}",,
quickjs,Mandreel,Mandreel,8,238,1,1824,1824,0,true,2026-09-27T17:20:15.612299+00:00,,Date.now,3300099200,0,64fbf14da4005c4426dcdd6191a5f206fbcd9ce260549e924fd925408614702d,"[""C:\\Users\\mzyx\\Desktop\\0921\\js-interpreter-bench\\engines\\quickjs-upstream\\qjs.exe"", ""C:\\Users\\mzyx\\Desktop\\0921\\js-interpreter-bench\\experiments\\octane_strict\\generated\\Mandreel.Mandreel.js"", ""STRICT_CONFIG={\""N\"":1,\""mode\"":\""measure\"",\""timer\"":\""Date.now\""}""]","OCTANE_STRICT_RESULT:{""suite"":""Mandreel"",""benchmark"":""Mandreel"",""N"":1,""mode"":""measure"",""timer"":""Date.now"",""elapsed_ms"":1824,""elapsed_per_call_ms"":1824,""extra_validation_calls"":0,""correctness"":""PASS""}",,
quickjs,RayTrace,RayTrace,8,239,64,2575,40.234375,0,true,2026-09-27T17:20:18.214929+00:00,,Date.now,2586176300,0,fb0af35ee1cbd7396c6b23184a123f87ce6f9d1d8e29a2dcbc3bf86a98f3ae33,"[""C:\\Users\\mzyx\\Desktop\\0921\\js-interpreter-bench\\engines\\quickjs-upstream\\qjs.exe"", ""C:\\Users\\mzyx\\Desktop\\0921\\js-interpreter-bench\\experiments\\octane_strict\\generated\\RayTrace.RayTrace.js"", ""STRICT_CONFIG={\""N\"":64,\""mode\"":\""measure\"",\""timer\"":\""Date.now\""}""]","OCTANE_STRICT_RESULT:{""suite"":""RayTrace"",""benchmark"":""RayTrace"",""N"":64,""mode"":""measure"",""timer"":""Date.now"",""elapsed_ms"":2575,""elapsed_per_call_ms"":40.234375,""extra_validation_calls"":0,""correctness"":""PASS""}",,
v8_ignition,RayTrace,RayTrace,8,240,64,1085,16.953125,0,true,2026-09-27T17:20:19.353503+00:00,--max-opt=0 --no-lazy,Date.now,1122230200,0,fb0af35ee1cbd7396c6b23184a123f87ce6f9d1d8e29a2dcbc3bf86a98f3ae33,"[""C:\\Users\\mzyx\\Desktop\\0921\\js-interpreter-bench\\engines\\v8-official-15.6.21\\runtime\\d8.exe"", ""--snapshot_blob=C:\\Users\\mzyx\\Desktop\\0921\\js-interpreter-bench\\engines\\v8-official-15.6.21\\runtime\\snapshot_blob.bin"", ""--max-opt=0"", ""--no-lazy"", ""C:\\Users\\mzyx\\Desktop\\0921\\js-interpreter-bench\\experiments\\octane_strict\\generated\\RayTrace.RayTrace.js"", ""--"", ""STRICT_CONFIG={\""N\"":64,\""mode\"":\""measure\"",\""timer\"":\""Date.now\""}""]","OCTANE_STRICT_RESULT:{""suite"":""RayTrace"",""benchmark"":""RayTrace"",""N"":64,""mode"":""measure"",""timer"":""Date.now"",""elapsed_ms"":1085,""elapsed_per_call_ms"":16.953125,""extra_validation_calls"":0,""correctness"":""PASS""}",,
quickjs,EarleyBoyer,Boyer,8,241,32,3675,114.84375,0,true,2026-09-27T17:20:23.062599+00:00,,Date.now,3697857900,0,e6d4262bd967274f8c7b66181bd6e39a9851606524faae200584e064d21b43b8,"[""C:\\Users\\mzyx\\Desktop\\0921\\js-interpreter-bench\\engines\\quickjs-upstream\\qjs.exe"", ""C:\\Users\\mzyx\\Desktop\\0921\\js-interpreter-bench\\experiments\\octane_strict\\generated\\EarleyBoyer.Boyer.js"", ""STRICT_CONFIG={\""N\"":32,\""mode\"":\""measure\"",\""timer\"":\""Date.now\""}""]","OCTANE_STRICT_RESULT:{""suite"":""EarleyBoyer"",""benchmark"":""Boyer"",""N"":32,""mode"":""measure"",""timer"":""Date.now"",""elapsed_ms"":3675,""elapsed_per_call_ms"":114.84375,""extra_validation_calls"":0,""correctness"":""PASS""}",,
v8_ignition,EarleyBoyer,Boyer,8,242,32,1291,40.34375,0,true,2026-09-27T17:20:24.410115+00:00,--max-opt=0 --no-lazy,Date.now,1334852500,0,e6d4262bd967274f8c7b66181bd6e39a9851606524faae200584e064d21b43b8,"[""C:\\Users\\mzyx\\Desktop\\0921\\js-interpreter-bench\\engines\\v8-official-15.6.21\\runtime\\d8.exe"", ""--snapshot_blob=C:\\Users\\mzyx\\Desktop\\0921\\js-interpreter-bench\\engines\\v8-official-15.6.21\\runtime\\snapshot_blob.bin"", ""--max-opt=0"", ""--no-lazy"", ""C:\\Users\\mzyx\\Desktop\\0921\\js-interpreter-bench\\experiments\\octane_strict\\generated\\EarleyBoyer.Boyer.js"", ""--"", ""STRICT_CONFIG={\""N\"":32,\""mode\"":\""measure\"",\""timer\"":\""Date.now\""}""]","OCTANE_STRICT_RESULT:{""suite"":""EarleyBoyer"",""benchmark"":""Boyer"",""N"":32,""mode"":""measure"",""timer"":""Date.now"",""elapsed_ms"":1291,""elapsed_per_call_ms"":40.34375,""extra_validation_calls"":0,""correctness"":""PASS""}",,
v8_ignition,Typescript,Typescript,8,243,1,1207,1207,0,true,2026-09-27T17:20:25.707625+00:00,--max-opt=0 --no-lazy,Date.now,1283482200,0,135e157d4fd316d69e9afdb0147a5d3f71ff32877fbe7c2febd72041df50deb0,"[""C:\\Users\\mzyx\\Desktop\\0921\\js-interpreter-bench\\engines\\v8-official-15.6.21\\runtime\\d8.exe"", ""--snapshot_blob=C:\\Users\\mzyx\\Desktop\\0921\\js-interpreter-bench\\engines\\v8-official-15.6.21\\runtime\\snapshot_blob.bin"", ""--max-opt=0"", ""--no-lazy"", ""C:\\Users\\mzyx\\Desktop\\0921\\js-interpreter-bench\\experiments\\octane_strict\\generated\\Typescript.Typescript.js"", ""--"", ""STRICT_CONFIG={\""N\"":1,\""mode\"":\""measure\"",\""timer\"":\""Date.now\""}""]","OCTANE_STRICT_RESULT:{""suite"":""Typescript"",""benchmark"":""Typescript"",""N"":1,""mode"":""measure"",""timer"":""Date.now"",""elapsed_ms"":1207,""elapsed_per_call_ms"":1207,""extra_validation_calls"":0,""correctness"":""PASS""}",,
quickjs,Typescript,Typescript,8,244,1,2048,2048,0,true,2026-09-27T17:20:27.981544+00:00,,Date.now,2257814600,0,135e157d4fd316d69e9afdb0147a5d3f71ff32877fbe7c2febd72041df50deb0,"[""C:\\Users\\mzyx\\Desktop\\0921\\js-interpreter-bench\\engines\\quickjs-upstream\\qjs.exe"", ""C:\\Users\\mzyx\\Desktop\\0921\\js-interpreter-bench\\experiments\\octane_strict\\generated\\Typescript.Typescript.js"", ""STRICT_CONFIG={\""N\"":1,\""mode\"":\""measure\"",\""timer\"":\""Date.now\""}""]","OCTANE_STRICT_RESULT:{""suite"":""Typescript"",""benchmark"":""Typescript"",""N"":1,""mode"":""measure"",""timer"":""Date.now"",""elapsed_ms"":2048,""elapsed_per_call_ms"":2048,""extra_validation_calls"":0,""correctness"":""PASS""}",,
quickjs,CodeLoad,CodeLoadJQuery,8,245,256,2797,10.92578125,0,true,2026-09-27T17:20:30.804849+00:00,,Date.now,2809827500,0,20f796e914b6995cc6114a2de2953e5cf5dd579501264d69dd26188909f790af,"[""C:\\Users\\mzyx\\Desktop\\0921\\js-interpreter-bench\\engines\\quickjs-upstream\\qjs.exe"", ""C:\\Users\\mzyx\\Desktop\\0921\\js-interpreter-bench\\experiments\\octane_strict\\generated\\CodeLoad.CodeLoadJQuery.js"", ""STRICT_CONFIG={\""N\"":256,\""mode\"":\""measure\"",\""timer\"":\""Date.now\""}""]","OCTANE_STRICT_RESULT:{""suite"":""CodeLoad"",""benchmark"":""CodeLoadJQuery"",""N"":256,""mode"":""measure"",""timer"":""Date.now"",""elapsed_ms"":2797,""elapsed_per_call_ms"":10.92578125,""extra_validation_calls"":0,""correctness"":""PASS""}",,
v8_ignition,CodeLoad,CodeLoadJQuery,8,246,256,1066,4.1640625,0,true,2026-09-27T17:20:31.932767+00:00,--max-opt=0 --no-lazy,Date.now,1108957300,0,20f796e914b6995cc6114a2de2953e5cf5dd579501264d69dd26188909f790af,"[""C:\\Users\\mzyx\\Desktop\\0921\\js-interpreter-bench\\engines\\v8-official-15.6.21\\runtime\\d8.exe"", ""--snapshot_blob=C:\\Users\\mzyx\\Desktop\\0921\\js-interpreter-bench\\engines\\v8-official-15.6.21\\runtime\\snapshot_blob.bin"", ""--max-opt=0"", ""--no-lazy"", ""C:\\Users\\mzyx\\Desktop\\0921\\js-interpreter-bench\\experiments\\octane_strict\\generated\\CodeLoad.CodeLoadJQuery.js"", ""--"", ""STRICT_CONFIG={\""N\"":256,\""mode\"":\""measure\"",\""timer\"":\""Date.now\""}""]","OCTANE_STRICT_RESULT:{""suite"":""CodeLoad"",""benchmark"":""CodeLoadJQuery"",""N"":256,""mode"":""measure"",""timer"":""Date.now"",""elapsed_ms"":1066,""elapsed_per_call_ms"":4.1640625,""extra_validation_calls"":0,""correctness"":""PASS""}",,
quickjs,Richards,Richards,8,247,512,1908,3.7265625,0,true,2026-09-27T17:20:33.864193+00:00,,Date.now,1919114100,0,d2207c68ebcf5db16fd42f8eb04fe21239b5f4726e5d3734ebd3c059754126a8,"[""C:\\Users\\mzyx\\Desktop\\0921\\js-interpreter-bench\\engines\\quickjs-upstream\\qjs.exe"", ""C:\\Users\\mzyx\\Desktop\\0921\\js-interpreter-bench\\experiments\\octane_strict\\generated\\Richards.Richards.js"", ""STRICT_CONFIG={\""N\"":512,\""mode\"":\""measure\"",\""timer\"":\""Date.now\""}""]","OCTANE_STRICT_RESULT:{""suite"":""Richards"",""benchmark"":""Richards"",""N"":512,""mode"":""measure"",""timer"":""Date.now"",""elapsed_ms"":1908,""elapsed_per_call_ms"":3.7265625,""extra_validation_calls"":0,""correctness"":""PASS""}",,
v8_ignition,Richards,Richards,8,248,512,1075,2.099609375,0,true,2026-09-27T17:20:34.993562+00:00,--max-opt=0 --no-lazy,Date.now,1111962500,0,d2207c68ebcf5db16fd42f8eb04fe21239b5f4726e5d3734ebd3c059754126a8,"[""C:\\Users\\mzyx\\Desktop\\0921\\js-interpreter-bench\\engines\\v8-official-15.6.21\\runtime\\d8.exe"", ""--snapshot_blob=C:\\Users\\mzyx\\Desktop\\0921\\js-interpreter-bench\\engines\\v8-official-15.6.21\\runtime\\snapshot_blob.bin"", ""--max-opt=0"", ""--no-lazy"", ""C:\\Users\\mzyx\\Desktop\\0921\\js-interpreter-bench\\experiments\\octane_strict\\generated\\Richards.Richards.js"", ""--"", ""STRICT_CONFIG={\""N\"":512,\""mode\"":\""measure\"",\""timer\"":\""Date.now\""}""]","OCTANE_STRICT_RESULT:{""suite"":""Richards"",""benchmark"":""Richards"",""N"":512,""mode"":""measure"",""timer"":""Date.now"",""elapsed_ms"":1075,""elapsed_per_call_ms"":2.099609375,""extra_validation_calls"":0,""correctness"":""PASS""}",,
v8_ignition,CodeLoad,CodeLoadClosure,8,249,4096,1188,0.2900390625,0,true,2026-09-27T17:20:36.240296+00:00,--max-opt=0 --no-lazy,Date.now,1235716000,0,9c3f2890631a64f3776ae7d0cbc83510f2cadc62313f8e27b4ab278dd94390e8,"[""C:\\Users\\mzyx\\Desktop\\0921\\js-interpreter-bench\\engines\\v8-official-15.6.21\\runtime\\d8.exe"", ""--snapshot_blob=C:\\Users\\mzyx\\Desktop\\0921\\js-interpreter-bench\\engines\\v8-official-15.6.21\\runtime\\snapshot_blob.bin"", ""--max-opt=0"", ""--no-lazy"", ""C:\\Users\\mzyx\\Desktop\\0921\\js-interpreter-bench\\experiments\\octane_strict\\generated\\CodeLoad.CodeLoadClosure.js"", ""--"", ""STRICT_CONFIG={\""N\"":4096,\""mode\"":\""measure\"",\""timer\"":\""Date.now\""}""]","OCTANE_STRICT_RESULT:{""suite"":""CodeLoad"",""benchmark"":""CodeLoadClosure"",""N"":4096,""mode"":""measure"",""timer"":""Date.now"",""elapsed_ms"":1188,""elapsed_per_call_ms"":0.2900390625,""extra_validation_calls"":0,""correctness"":""PASS""}",,
quickjs,CodeLoad,CodeLoadClosure,8,250,4096,2467,0.602294921875,0,true,2026-09-27T17:20:38.853624+00:00,,Date.now,2601128900,0,9c3f2890631a64f3776ae7d0cbc83510f2cadc62313f8e27b4ab278dd94390e8,"[""C:\\Users\\mzyx\\Desktop\\0921\\js-interpreter-bench\\engines\\quickjs-upstream\\qjs.exe"", ""C:\\Users\\mzyx\\Desktop\\0921\\js-interpreter-bench\\experiments\\octane_strict\\generated\\CodeLoad.CodeLoadClosure.js"", ""STRICT_CONFIG={\""N\"":4096,\""mode\"":\""measure\"",\""timer\"":\""Date.now\""}""]","OCTANE_STRICT_RESULT:{""suite"":""CodeLoad"",""benchmark"":""CodeLoadClosure"",""N"":4096,""mode"":""measure"",""timer"":""Date.now"",""elapsed_ms"":2467,""elapsed_per_call_ms"":0.602294921875,""extra_validation_calls"":0,""correctness"":""PASS""}",,
v8_ignition,Crypto,Decrypt,8,251,16,1419,88.6875,0,true,2026-09-27T17:20:40.333093+00:00,--max-opt=0 --no-lazy,Date.now,1463214700,0,974b320858e72132edd4dd56da2f4582cbe4e99b10027c89dfa44b1ea1cd4591,"[""C:\\Users\\mzyx\\Desktop\\0921\\js-interpreter-bench\\engines\\v8-official-15.6.21\\runtime\\d8.exe"", ""--snapshot_blob=C:\\Users\\mzyx\\Desktop\\0921\\js-interpreter-bench\\engines\\v8-official-15.6.21\\runtime\\snapshot_blob.bin"", ""--max-opt=0"", ""--no-lazy"", ""C:\\Users\\mzyx\\Desktop\\0921\\js-interpreter-bench\\experiments\\octane_strict\\generated\\Crypto.Decrypt.js"", ""--"", ""STRICT_CONFIG={\""N\"":16,\""mode\"":\""measure\"",\""timer\"":\""Date.now\""}""]","OCTANE_STRICT_RESULT:{""suite"":""Crypto"",""benchmark"":""Decrypt"",""N"":16,""mode"":""measure"",""timer"":""Date.now"",""elapsed_ms"":1419,""elapsed_per_call_ms"":88.6875,""extra_validation_calls"":0,""correctness"":""PASS""}",,
quickjs,Crypto,Decrypt,8,252,16,1612,100.75,0,true,2026-09-27T17:20:41.974679+00:00,,Date.now,1630334500,0,974b320858e72132edd4dd56da2f4582cbe4e99b10027c89dfa44b1ea1cd4591,"[""C:\\Users\\mzyx\\Desktop\\0921\\js-interpreter-bench\\engines\\quickjs-upstream\\qjs.exe"", ""C:\\Users\\mzyx\\Desktop\\0921\\js-interpreter-bench\\experiments\\octane_strict\\generated\\Crypto.Decrypt.js"", ""STRICT_CONFIG={\""N\"":16,\""mode\"":\""measure\"",\""timer\"":\""Date.now\""}""]","OCTANE_STRICT_RESULT:{""suite"":""Crypto"",""benchmark"":""Decrypt"",""N"":16,""mode"":""measure"",""timer"":""Date.now"",""elapsed_ms"":1612,""elapsed_per_call_ms"":100.75,""extra_validation_calls"":0,""correctness"":""PASS""}",,
quickjs,Gameboy,Gameboy,8,253,4,1439,359.75,0,true,2026-09-27T17:20:43.476873+00:00,,Date.now,1482498100,0,3fc599b60ec8be6d0ab60d00add662dde31374ecb5b24167384d72d325a08a21,"[""C:\\Users\\mzyx\\Desktop\\0921\\js-interpreter-bench\\engines\\quickjs-upstream\\qjs.exe"", ""C:\\Users\\mzyx\\Desktop\\0921\\js-interpreter-bench\\experiments\\octane_strict\\generated\\Gameboy.Gameboy.js"", ""STRICT_CONFIG={\""N\"":4,\""mode\"":\""measure\"",\""timer\"":\""Date.now\""}""]","OCTANE_STRICT_RESULT:{""suite"":""Gameboy"",""benchmark"":""Gameboy"",""N"":4,""mode"":""measure"",""timer"":""Date.now"",""elapsed_ms"":1439,""elapsed_per_call_ms"":359.75,""extra_validation_calls"":0,""correctness"":""PASS""}",,
v8_ignition,Gameboy,Gameboy,8,254,4,1177,294.25,0,true,2026-09-27T17:20:44.726708+00:00,--max-opt=0 --no-lazy,Date.now,1237297000,0,3fc599b60ec8be6d0ab60d00add662dde31374ecb5b24167384d72d325a08a21,"[""C:\\Users\\mzyx\\Desktop\\0921\\js-interpreter-bench\\engines\\v8-official-15.6.21\\runtime\\d8.exe"", ""--snapshot_blob=C:\\Users\\mzyx\\Desktop\\0921\\js-interpreter-bench\\engines\\v8-official-15.6.21\\runtime\\snapshot_blob.bin"", ""--max-opt=0"", ""--no-lazy"", ""C:\\Users\\mzyx\\Desktop\\0921\\js-interpreter-bench\\experiments\\octane_strict\\generated\\Gameboy.Gameboy.js"", ""--"", ""STRICT_CONFIG={\""N\"":4,\""mode\"":\""measure\"",\""timer\"":\""Date.now\""}""]","OCTANE_STRICT_RESULT:{""suite"":""Gameboy"",""benchmark"":""Gameboy"",""N"":4,""mode"":""measure"",""timer"":""Date.now"",""elapsed_ms"":1177,""elapsed_per_call_ms"":294.25,""extra_validation_calls"":0,""correctness"":""PASS""}",,
quickjs,Splay,Splay,8,255,2048,4557,2.22509765625,0,true,2026-09-27T17:20:49.718540+00:00,,Date.now,4980738200,0,d6372414234d150c814a6933257aa8c98a8c6260b0d72a71ee0d08d0ee6fb17a,"[""C:\\Users\\mzyx\\Desktop\\0921\\js-interpreter-bench\\engines\\quickjs-upstream\\qjs.exe"", ""C:\\Users\\mzyx\\Desktop\\0921\\js-interpreter-bench\\experiments\\octane_strict\\generated\\Splay.Splay.js"", ""STRICT_CONFIG={\""N\"":2048,\""mode\"":\""measure\"",\""timer\"":\""Date.now\""}""]","OCTANE_STRICT_RESULT:{""suite"":""Splay"",""benchmark"":""Splay"",""N"":2048,""mode"":""measure"",""timer"":""Date.now"",""elapsed_ms"":4557,""elapsed_per_call_ms"":2.22509765625,""extra_validation_calls"":0,""correctness"":""PASS""}",,
v8_ignition,Splay,Splay,8,256,2048,1837,0.89697265625,0,true,2026-09-27T17:20:51.713338+00:00,--max-opt=0 --no-lazy,Date.now,1975263700,0,d6372414234d150c814a6933257aa8c98a8c6260b0d72a71ee0d08d0ee6fb17a,"[""C:\\Users\\mzyx\\Desktop\\0921\\js-interpreter-bench\\engines\\v8-official-15.6.21\\runtime\\d8.exe"", ""--snapshot_blob=C:\\Users\\mzyx\\Desktop\\0921\\js-interpreter-bench\\engines\\v8-official-15.6.21\\runtime\\snapshot_blob.bin"", ""--max-opt=0"", ""--no-lazy"", ""C:\\Users\\mzyx\\Desktop\\0921\\js-interpreter-bench\\experiments\\octane_strict\\generated\\Splay.Splay.js"", ""--"", ""STRICT_CONFIG={\""N\"":2048,\""mode\"":\""measure\"",\""timer\"":\""Date.now\""}""]","OCTANE_STRICT_RESULT:{""suite"":""Splay"",""benchmark"":""Splay"",""N"":2048,""mode"":""measure"",""timer"":""Date.now"",""elapsed_ms"":1837,""elapsed_per_call_ms"":0.89697265625,""extra_validation_calls"":0,""correctness"":""PASS""}",,
v8_ignition,CodeLoad,CodeLoadJQuery,9,257,256,1063,4.15234375,0,true,2026-09-27T17:20:52.832076+00:00,--max-opt=0 --no-lazy,Date.now,1107271400,0,20f796e914b6995cc6114a2de2953e5cf5dd579501264d69dd26188909f790af,"[""C:\\Users\\mzyx\\Desktop\\0921\\js-interpreter-bench\\engines\\v8-official-15.6.21\\runtime\\d8.exe"", ""--snapshot_blob=C:\\Users\\mzyx\\Desktop\\0921\\js-interpreter-bench\\engines\\v8-official-15.6.21\\runtime\\snapshot_blob.bin"", ""--max-opt=0"", ""--no-lazy"", ""C:\\Users\\mzyx\\Desktop\\0921\\js-interpreter-bench\\experiments\\octane_strict\\generated\\CodeLoad.CodeLoadJQuery.js"", ""--"", ""STRICT_CONFIG={\""N\"":256,\""mode\"":\""measure\"",\""timer\"":\""Date.now\""}""]","OCTANE_STRICT_RESULT:{""suite"":""CodeLoad"",""benchmark"":""CodeLoadJQuery"",""N"":256,""mode"":""measure"",""timer"":""Date.now"",""elapsed_ms"":1063,""elapsed_per_call_ms"":4.15234375,""extra_validation_calls"":0,""correctness"":""PASS""}",,
quickjs,CodeLoad,CodeLoadJQuery,9,258,256,2821,11.01953125,0,true,2026-09-27T17:20:55.682855+00:00,,Date.now,2836183400,0,20f796e914b6995cc6114a2de2953e5cf5dd579501264d69dd26188909f790af,"[""C:\\Users\\mzyx\\Desktop\\0921\\js-interpreter-bench\\engines\\quickjs-upstream\\qjs.exe"", ""C:\\Users\\mzyx\\Desktop\\0921\\js-interpreter-bench\\experiments\\octane_strict\\generated\\CodeLoad.CodeLoadJQuery.js"", ""STRICT_CONFIG={\""N\"":256,\""mode\"":\""measure\"",\""timer\"":\""Date.now\""}""]","OCTANE_STRICT_RESULT:{""suite"":""CodeLoad"",""benchmark"":""CodeLoadJQuery"",""N"":256,""mode"":""measure"",""timer"":""Date.now"",""elapsed_ms"":2821,""elapsed_per_call_ms"":11.01953125,""extra_validation_calls"":0,""correctness"":""PASS""}",,
v8_ignition,Crypto,Encrypt,9,259,256,1243,4.85546875,0,true,2026-09-27T17:20:57.073215+00:00,--max-opt=0 --no-lazy,Date.now,1373815200,0,c73b9c8626ff5488b879ff453a865c03adf87602c6d302855f1c6e0f91b57c92,"[""C:\\Users\\mzyx\\Desktop\\0921\\js-interpreter-bench\\engines\\v8-official-15.6.21\\runtime\\d8.exe"", ""--snapshot_blob=C:\\Users\\mzyx\\Desktop\\0921\\js-interpreter-bench\\engines\\v8-official-15.6.21\\runtime\\snapshot_blob.bin"", ""--max-opt=0"", ""--no-lazy"", ""C:\\Users\\mzyx\\Desktop\\0921\\js-interpreter-bench\\experiments\\octane_strict\\generated\\Crypto.Encrypt.js"", ""--"", ""STRICT_CONFIG={\""N\"":256,\""mode\"":\""measure\"",\""timer\"":\""Date.now\""}""]","OCTANE_STRICT_RESULT:{""suite"":""Crypto"",""benchmark"":""Encrypt"",""N"":256,""mode"":""measure"",""timer"":""Date.now"",""elapsed_ms"":1243,""elapsed_per_call_ms"":4.85546875,""extra_validation_calls"":0,""correctness"":""PASS""}",,
quickjs,Crypto,Encrypt,9,260,256,1384,5.40625,0,true,2026-09-27T17:20:58.581611+00:00,,Date.now,1497402900,0,c73b9c8626ff5488b879ff453a865c03adf87602c6d302855f1c6e0f91b57c92,"[""C:\\Users\\mzyx\\Desktop\\0921\\js-interpreter-bench\\engines\\quickjs-upstream\\qjs.exe"", ""C:\\Users\\mzyx\\Desktop\\0921\\js-interpreter-bench\\experiments\\octane_strict\\generated\\Crypto.Encrypt.js"", ""STRICT_CONFIG={\""N\"":256,\""mode\"":\""measure\"",\""timer\"":\""Date.now\""}""]","OCTANE_STRICT_RESULT:{""suite"":""Crypto"",""benchmark"":""Encrypt"",""N"":256,""mode"":""measure"",""timer"":""Date.now"",""elapsed_ms"":1384,""elapsed_per_call_ms"":5.40625,""extra_validation_calls"":0,""correctness"":""PASS""}",,
quickjs,CodeLoad,CodeLoadClosure,9,261,4096,2519,0.614990234375,0,true,2026-09-27T17:21:01.253712+00:00,,Date.now,2659053100,0,9c3f2890631a64f3776ae7d0cbc83510f2cadc62313f8e27b4ab278dd94390e8,"[""C:\\Users\\mzyx\\Desktop\\0921\\js-interpreter-bench\\engines\\quickjs-upstream\\qjs.exe"", ""C:\\Users\\mzyx\\Desktop\\0921\\js-interpreter-bench\\experiments\\octane_strict\\generated\\CodeLoad.CodeLoadClosure.js"", ""STRICT_CONFIG={\""N\"":4096,\""mode\"":\""measure\"",\""timer\"":\""Date.now\""}""]","OCTANE_STRICT_RESULT:{""suite"":""CodeLoad"",""benchmark"":""CodeLoadClosure"",""N"":4096,""mode"":""measure"",""timer"":""Date.now"",""elapsed_ms"":2519,""elapsed_per_call_ms"":0.614990234375,""extra_validation_calls"":0,""correctness"":""PASS""}",,
v8_ignition,CodeLoad,CodeLoadClosure,9,262,4096,1194,0.29150390625,0,true,2026-09-27T17:21:02.508734+00:00,--max-opt=0 --no-lazy,Date.now,1242487700,0,9c3f2890631a64f3776ae7d0cbc83510f2cadc62313f8e27b4ab278dd94390e8,"[""C:\\Users\\mzyx\\Desktop\\0921\\js-interpreter-bench\\engines\\v8-official-15.6.21\\runtime\\d8.exe"", ""--snapshot_blob=C:\\Users\\mzyx\\Desktop\\0921\\js-interpreter-bench\\engines\\v8-official-15.6.21\\runtime\\snapshot_blob.bin"", ""--max-opt=0"", ""--no-lazy"", ""C:\\Users\\mzyx\\Desktop\\0921\\js-interpreter-bench\\experiments\\octane_strict\\generated\\CodeLoad.CodeLoadClosure.js"", ""--"", ""STRICT_CONFIG={\""N\"":4096,\""mode\"":\""measure\"",\""timer\"":\""Date.now\""}""]","OCTANE_STRICT_RESULT:{""suite"":""CodeLoad"",""benchmark"":""CodeLoadClosure"",""N"":4096,""mode"":""measure"",""timer"":""Date.now"",""elapsed_ms"":1194,""elapsed_per_call_ms"":0.29150390625,""extra_validation_calls"":0,""correctness"":""PASS""}",,
quickjs,NavierStokes,NavierStokes,9,263,32,1976,61.75,0,true,2026-09-27T17:21:04.504782+00:00,,Date.now,1991499200,0,e86c3b0056fae99b5f0ffdb7d093b565b02987eef458b2c07ecb3fc39700ee3c,"[""C:\\Users\\mzyx\\Desktop\\0921\\js-interpreter-bench\\engines\\quickjs-upstream\\qjs.exe"", ""C:\\Users\\mzyx\\Desktop\\0921\\js-interpreter-bench\\experiments\\octane_strict\\generated\\NavierStokes.NavierStokes.js"", ""STRICT_CONFIG={\""N\"":32,\""mode\"":\""measure\"",\""timer\"":\""Date.now\""}""]","OCTANE_STRICT_RESULT:{""suite"":""NavierStokes"",""benchmark"":""NavierStokes"",""N"":32,""mode"":""measure"",""timer"":""Date.now"",""elapsed_ms"":1976,""elapsed_per_call_ms"":61.75,""extra_validation_calls"":0,""correctness"":""PASS""}",,
v8_ignition,NavierStokes,NavierStokes,9,264,32,2265,70.78125,0,true,2026-09-27T17:21:06.827279+00:00,--max-opt=0 --no-lazy,Date.now,2304882000,0,e86c3b0056fae99b5f0ffdb7d093b565b02987eef458b2c07ecb3fc39700ee3c,"[""C:\\Users\\mzyx\\Desktop\\0921\\js-interpreter-bench\\engines\\v8-official-15.6.21\\runtime\\d8.exe"", ""--snapshot_blob=C:\\Users\\mzyx\\Desktop\\0921\\js-interpreter-bench\\engines\\v8-official-15.6.21\\runtime\\snapshot_blob.bin"", ""--max-opt=0"", ""--no-lazy"", ""C:\\Users\\mzyx\\Desktop\\0921\\js-interpreter-bench\\experiments\\octane_strict\\generated\\NavierStokes.NavierStokes.js"", ""--"", ""STRICT_CONFIG={\""N\"":32,\""mode\"":\""measure\"",\""timer\"":\""Date.now\""}""]","OCTANE_STRICT_RESULT:{""suite"":""NavierStokes"",""benchmark"":""NavierStokes"",""N"":32,""mode"":""measure"",""timer"":""Date.now"",""elapsed_ms"":2265,""elapsed_per_call_ms"":70.78125,""extra_validation_calls"":0,""correctness"":""PASS""}",,
v8_ignition,Gameboy,Gameboy,9,265,4,1184,296,0,true,2026-09-27T17:21:08.082685+00:00,--max-opt=0 --no-lazy,Date.now,1242525200,0,3fc599b60ec8be6d0ab60d00add662dde31374ecb5b24167384d72d325a08a21,"[""C:\\Users\\mzyx\\Desktop\\0921\\js-interpreter-bench\\engines\\v8-official-15.6.21\\runtime\\d8.exe"", ""--snapshot_blob=C:\\Users\\mzyx\\Desktop\\0921\\js-interpreter-bench\\engines\\v8-official-15.6.21\\runtime\\snapshot_blob.bin"", ""--max-opt=0"", ""--no-lazy"", ""C:\\Users\\mzyx\\Desktop\\0921\\js-interpreter-bench\\experiments\\octane_strict\\generated\\Gameboy.Gameboy.js"", ""--"", ""STRICT_CONFIG={\""N\"":4,\""mode\"":\""measure\"",\""timer\"":\""Date.now\""}""]","OCTANE_STRICT_RESULT:{""suite"":""Gameboy"",""benchmark"":""Gameboy"",""N"":4,""mode"":""measure"",""timer"":""Date.now"",""elapsed_ms"":1184,""elapsed_per_call_ms"":296,""extra_validation_calls"":0,""correctness"":""PASS""}",,
quickjs,Gameboy,Gameboy,9,266,4,1420,355,0,true,2026-09-27T17:21:09.561015+00:00,,Date.now,1465664600,0,3fc599b60ec8be6d0ab60d00add662dde31374ecb5b24167384d72d325a08a21,"[""C:\\Users\\mzyx\\Desktop\\0921\\js-interpreter-bench\\engines\\quickjs-upstream\\qjs.exe"", ""C:\\Users\\mzyx\\Desktop\\0921\\js-interpreter-bench\\experiments\\octane_strict\\generated\\Gameboy.Gameboy.js"", ""STRICT_CONFIG={\""N\"":4,\""mode\"":\""measure\"",\""timer\"":\""Date.now\""}""]","OCTANE_STRICT_RESULT:{""suite"":""Gameboy"",""benchmark"":""Gameboy"",""N"":4,""mode"":""measure"",""timer"":""Date.now"",""elapsed_ms"":1420,""elapsed_per_call_ms"":355,""extra_validation_calls"":0,""correctness"":""PASS""}",,
quickjs,Typescript,Typescript,9,267,1,2021,2021,0,true,2026-09-27T17:21:11.803282+00:00,,Date.now,2221408900,0,135e157d4fd316d69e9afdb0147a5d3f71ff32877fbe7c2febd72041df50deb0,"[""C:\\Users\\mzyx\\Desktop\\0921\\js-interpreter-bench\\engines\\quickjs-upstream\\qjs.exe"", ""C:\\Users\\mzyx\\Desktop\\0921\\js-interpreter-bench\\experiments\\octane_strict\\generated\\Typescript.Typescript.js"", ""STRICT_CONFIG={\""N\"":1,\""mode\"":\""measure\"",\""timer\"":\""Date.now\""}""]","OCTANE_STRICT_RESULT:{""suite"":""Typescript"",""benchmark"":""Typescript"",""N"":1,""mode"":""measure"",""timer"":""Date.now"",""elapsed_ms"":2021,""elapsed_per_call_ms"":2021,""extra_validation_calls"":0,""correctness"":""PASS""}",,
v8_ignition,Typescript,Typescript,9,268,1,1204,1204,0,true,2026-09-27T17:21:13.104353+00:00,--max-opt=0 --no-lazy,Date.now,1279581700,0,135e157d4fd316d69e9afdb0147a5d3f71ff32877fbe7c2febd72041df50deb0,"[""C:\\Users\\mzyx\\Desktop\\0921\\js-interpreter-bench\\engines\\v8-official-15.6.21\\runtime\\d8.exe"", ""--snapshot_blob=C:\\Users\\mzyx\\Desktop\\0921\\js-interpreter-bench\\engines\\v8-official-15.6.21\\runtime\\snapshot_blob.bin"", ""--max-opt=0"", ""--no-lazy"", ""C:\\Users\\mzyx\\Desktop\\0921\\js-interpreter-bench\\experiments\\octane_strict\\generated\\Typescript.Typescript.js"", ""--"", ""STRICT_CONFIG={\""N\"":1,\""mode\"":\""measure\"",\""timer\"":\""Date.now\""}""]","OCTANE_STRICT_RESULT:{""suite"":""Typescript"",""benchmark"":""Typescript"",""N"":1,""mode"":""measure"",""timer"":""Date.now"",""elapsed_ms"":1204,""elapsed_per_call_ms"":1204,""extra_validation_calls"":0,""correctness"":""PASS""}",,
quickjs,Mandreel,Mandreel,9,269,1,1784,1784,0,true,2026-09-27T17:21:16.400188+00:00,,Date.now,3276232700,0,64fbf14da4005c4426dcdd6191a5f206fbcd9ce260549e924fd925408614702d,"[""C:\\Users\\mzyx\\Desktop\\0921\\js-interpreter-bench\\engines\\quickjs-upstream\\qjs.exe"", ""C:\\Users\\mzyx\\Desktop\\0921\\js-interpreter-bench\\experiments\\octane_strict\\generated\\Mandreel.Mandreel.js"", ""STRICT_CONFIG={\""N\"":1,\""mode\"":\""measure\"",\""timer\"":\""Date.now\""}""]","OCTANE_STRICT_RESULT:{""suite"":""Mandreel"",""benchmark"":""Mandreel"",""N"":1,""mode"":""measure"",""timer"":""Date.now"",""elapsed_ms"":1784,""elapsed_per_call_ms"":1784,""extra_validation_calls"":0,""correctness"":""PASS""}",,
v8_ignition,Mandreel,Mandreel,9,270,1,1468,1468,0,true,2026-09-27T17:21:19.254742+00:00,--max-opt=0 --no-lazy,Date.now,2826424200,0,64fbf14da4005c4426dcdd6191a5f206fbcd9ce260549e924fd925408614702d,"[""C:\\Users\\mzyx\\Desktop\\0921\\js-interpreter-bench\\engines\\v8-official-15.6.21\\runtime\\d8.exe"", ""--snapshot_blob=C:\\Users\\mzyx\\Desktop\\0921\\js-interpreter-bench\\engines\\v8-official-15.6.21\\runtime\\snapshot_blob.bin"", ""--max-opt=0"", ""--no-lazy"", ""C:\\Users\\mzyx\\Desktop\\0921\\js-interpreter-bench\\experiments\\octane_strict\\generated\\Mandreel.Mandreel.js"", ""--"", ""STRICT_CONFIG={\""N\"":1,\""mode\"":\""measure\"",\""timer\"":\""Date.now\""}""]","OCTANE_STRICT_RESULT:{""suite"":""Mandreel"",""benchmark"":""Mandreel"",""N"":1,""mode"":""measure"",""timer"":""Date.now"",""elapsed_ms"":1468,""elapsed_per_call_ms"":1468,""extra_validation_calls"":0,""correctness"":""PASS""}",,
v8_ignition,Richards,Richards,9,271,512,1069,2.087890625,0,true,2026-09-27T17:21:20.377409+00:00,--max-opt=0 --no-lazy,Date.now,1106054400,0,d2207c68ebcf5db16fd42f8eb04fe21239b5f4726e5d3734ebd3c059754126a8,"[""C:\\Users\\mzyx\\Desktop\\0921\\js-interpreter-bench\\engines\\v8-official-15.6.21\\runtime\\d8.exe"", ""--snapshot_blob=C:\\Users\\mzyx\\Desktop\\0921\\js-interpreter-bench\\engines\\v8-official-15.6.21\\runtime\\snapshot_blob.bin"", ""--max-opt=0"", ""--no-lazy"", ""C:\\Users\\mzyx\\Desktop\\0921\\js-interpreter-bench\\experiments\\octane_strict\\generated\\Richards.Richards.js"", ""--"", ""STRICT_CONFIG={\""N\"":512,\""mode\"":\""measure\"",\""timer\"":\""Date.now\""}""]","OCTANE_STRICT_RESULT:{""suite"":""Richards"",""benchmark"":""Richards"",""N"":512,""mode"":""measure"",""timer"":""Date.now"",""elapsed_ms"":1069,""elapsed_per_call_ms"":2.087890625,""extra_validation_calls"":0,""correctness"":""PASS""}",,
quickjs,Richards,Richards,9,272,512,1924,3.7578125,0,true,2026-09-27T17:21:22.324803+00:00,,Date.now,1934920300,0,d2207c68ebcf5db16fd42f8eb04fe21239b5f4726e5d3734ebd3c059754126a8,"[""C:\\Users\\mzyx\\Desktop\\0921\\js-interpreter-bench\\engines\\quickjs-upstream\\qjs.exe"", ""C:\\Users\\mzyx\\Desktop\\0921\\js-interpreter-bench\\experiments\\octane_strict\\generated\\Richards.Richards.js"", ""STRICT_CONFIG={\""N\"":512,\""mode\"":\""measure\"",\""timer\"":\""Date.now\""}""]","OCTANE_STRICT_RESULT:{""suite"":""Richards"",""benchmark"":""Richards"",""N"":512,""mode"":""measure"",""timer"":""Date.now"",""elapsed_ms"":1924,""elapsed_per_call_ms"":3.7578125,""extra_validation_calls"":0,""correctness"":""PASS""}",,
v8_ignition,Splay,Splay,9,273,2048,1808,0.8828125,0,true,2026-09-27T17:21:24.289615+00:00,--max-opt=0 --no-lazy,Date.now,1953883900,0,d6372414234d150c814a6933257aa8c98a8c6260b0d72a71ee0d08d0ee6fb17a,"[""C:\\Users\\mzyx\\Desktop\\0921\\js-interpreter-bench\\engines\\v8-official-15.6.21\\runtime\\d8.exe"", ""--snapshot_blob=C:\\Users\\mzyx\\Desktop\\0921\\js-interpreter-bench\\engines\\v8-official-15.6.21\\runtime\\snapshot_blob.bin"", ""--max-opt=0"", ""--no-lazy"", ""C:\\Users\\mzyx\\Desktop\\0921\\js-interpreter-bench\\experiments\\octane_strict\\generated\\Splay.Splay.js"", ""--"", ""STRICT_CONFIG={\""N\"":2048,\""mode\"":\""measure\"",\""timer\"":\""Date.now\""}""]","OCTANE_STRICT_RESULT:{""suite"":""Splay"",""benchmark"":""Splay"",""N"":2048,""mode"":""measure"",""timer"":""Date.now"",""elapsed_ms"":1808,""elapsed_per_call_ms"":0.8828125,""extra_validation_calls"":0,""correctness"":""PASS""}",,
quickjs,Splay,Splay,9,274,2048,4551,2.22216796875,0,true,2026-09-27T17:21:29.287380+00:00,,Date.now,4985483600,0,d6372414234d150c814a6933257aa8c98a8c6260b0d72a71ee0d08d0ee6fb17a,"[""C:\\Users\\mzyx\\Desktop\\0921\\js-interpreter-bench\\engines\\quickjs-upstream\\qjs.exe"", ""C:\\Users\\mzyx\\Desktop\\0921\\js-interpreter-bench\\experiments\\octane_strict\\generated\\Splay.Splay.js"", ""STRICT_CONFIG={\""N\"":2048,\""mode\"":\""measure\"",\""timer\"":\""Date.now\""}""]","OCTANE_STRICT_RESULT:{""suite"":""Splay"",""benchmark"":""Splay"",""N"":2048,""mode"":""measure"",""timer"":""Date.now"",""elapsed_ms"":4551,""elapsed_per_call_ms"":2.22216796875,""extra_validation_calls"":0,""correctness"":""PASS""}",,
v8_ignition,PdfJS,PdfJS,9,275,16,1718,107.375,0,true,2026-09-27T17:21:31.178218+00:00,--max-opt=0 --no-lazy,Date.now,1872558700,0,f1966230e4a00bc61dc4c00fd600486e941235c3ee8206f897bd148dfd6e630b,"[""C:\\Users\\mzyx\\Desktop\\0921\\js-interpreter-bench\\engines\\v8-official-15.6.21\\runtime\\d8.exe"", ""--snapshot_blob=C:\\Users\\mzyx\\Desktop\\0921\\js-interpreter-bench\\engines\\v8-official-15.6.21\\runtime\\snapshot_blob.bin"", ""--max-opt=0"", ""--no-lazy"", ""C:\\Users\\mzyx\\Desktop\\0921\\js-interpreter-bench\\experiments\\octane_strict\\generated\\PdfJS.PdfJS.js"", ""--"", ""STRICT_CONFIG={\""N\"":16,\""mode\"":\""measure\"",\""timer\"":\""Date.now\""}""]","OCTANE_STRICT_RESULT:{""suite"":""PdfJS"",""benchmark"":""PdfJS"",""N"":16,""mode"":""measure"",""timer"":""Date.now"",""elapsed_ms"":1718,""elapsed_per_call_ms"":107.375,""extra_validation_calls"":0,""correctness"":""PASS""}",,
quickjs,PdfJS,PdfJS,9,276,16,3223,201.4375,0,true,2026-09-27T17:21:34.632447+00:00,,Date.now,3439809900,0,f1966230e4a00bc61dc4c00fd600486e941235c3ee8206f897bd148dfd6e630b,"[""C:\\Users\\mzyx\\Desktop\\0921\\js-interpreter-bench\\engines\\quickjs-upstream\\qjs.exe"", ""C:\\Users\\mzyx\\Desktop\\0921\\js-interpreter-bench\\experiments\\octane_strict\\generated\\PdfJS.PdfJS.js"", ""STRICT_CONFIG={\""N\"":16,\""mode\"":\""measure\"",\""timer\"":\""Date.now\""}""]","OCTANE_STRICT_RESULT:{""suite"":""PdfJS"",""benchmark"":""PdfJS"",""N"":16,""mode"":""measure"",""timer"":""Date.now"",""elapsed_ms"":3223,""elapsed_per_call_ms"":201.4375,""extra_validation_calls"":0,""correctness"":""PASS""}",,
v8_ignition,RayTrace,RayTrace,9,277,64,1073,16.765625,0,true,2026-09-27T17:21:35.763804+00:00,--max-opt=0 --no-lazy,Date.now,1111423000,0,fb0af35ee1cbd7396c6b23184a123f87ce6f9d1d8e29a2dcbc3bf86a98f3ae33,"[""C:\\Users\\mzyx\\Desktop\\0921\\js-interpreter-bench\\engines\\v8-official-15.6.21\\runtime\\d8.exe"", ""--snapshot_blob=C:\\Users\\mzyx\\Desktop\\0921\\js-interpreter-bench\\engines\\v8-official-15.6.21\\runtime\\snapshot_blob.bin"", ""--max-opt=0"", ""--no-lazy"", ""C:\\Users\\mzyx\\Desktop\\0921\\js-interpreter-bench\\experiments\\octane_strict\\generated\\RayTrace.RayTrace.js"", ""--"", ""STRICT_CONFIG={\""N\"":64,\""mode\"":\""measure\"",\""timer\"":\""Date.now\""}""]","OCTANE_STRICT_RESULT:{""suite"":""RayTrace"",""benchmark"":""RayTrace"",""N"":64,""mode"":""measure"",""timer"":""Date.now"",""elapsed_ms"":1073,""elapsed_per_call_ms"":16.765625,""extra_validation_calls"":0,""correctness"":""PASS""}",,
quickjs,RayTrace,RayTrace,9,278,64,2570,40.15625,0,true,2026-09-27T17:21:38.359249+00:00,,Date.now,2581700000,0,fb0af35ee1cbd7396c6b23184a123f87ce6f9d1d8e29a2dcbc3bf86a98f3ae33,"[""C:\\Users\\mzyx\\Desktop\\0921\\js-interpreter-bench\\engines\\quickjs-upstream\\qjs.exe"", ""C:\\Users\\mzyx\\Desktop\\0921\\js-interpreter-bench\\experiments\\octane_strict\\generated\\RayTrace.RayTrace.js"", ""STRICT_CONFIG={\""N\"":64,\""mode\"":\""measure\"",\""timer\"":\""Date.now\""}""]","OCTANE_STRICT_RESULT:{""suite"":""RayTrace"",""benchmark"":""RayTrace"",""N"":64,""mode"":""measure"",""timer"":""Date.now"",""elapsed_ms"":2570,""elapsed_per_call_ms"":40.15625,""extra_validation_calls"":0,""correctness"":""PASS""}",,
quickjs,DeltaBlue,DeltaBlue,9,279,512,3923,7.662109375,0,true,2026-09-27T17:21:42.311399+00:00,,Date.now,3934757100,0,8542689bb308963c4feefd143c1707791e271d609ef4c476eb9c3dfdeeec539f,"[""C:\\Users\\mzyx\\Desktop\\0921\\js-interpreter-bench\\engines\\quickjs-upstream\\qjs.exe"", ""C:\\Users\\mzyx\\Desktop\\0921\\js-interpreter-bench\\experiments\\octane_strict\\generated\\DeltaBlue.DeltaBlue.js"", ""STRICT_CONFIG={\""N\"":512,\""mode\"":\""measure\"",\""timer\"":\""Date.now\""}""]","OCTANE_STRICT_RESULT:{""suite"":""DeltaBlue"",""benchmark"":""DeltaBlue"",""N"":512,""mode"":""measure"",""timer"":""Date.now"",""elapsed_ms"":3923,""elapsed_per_call_ms"":7.662109375,""extra_validation_calls"":0,""correctness"":""PASS""}",,
v8_ignition,DeltaBlue,DeltaBlue,9,280,512,1913,3.736328125,0,true,2026-09-27T17:21:44.275230+00:00,--max-opt=0 --no-lazy,Date.now,1951992300,0,8542689bb308963c4feefd143c1707791e271d609ef4c476eb9c3dfdeeec539f,"[""C:\\Users\\mzyx\\Desktop\\0921\\js-interpreter-bench\\engines\\v8-official-15.6.21\\runtime\\d8.exe"", ""--snapshot_blob=C:\\Users\\mzyx\\Desktop\\0921\\js-interpreter-bench\\engines\\v8-official-15.6.21\\runtime\\snapshot_blob.bin"", ""--max-opt=0"", ""--no-lazy"", ""C:\\Users\\mzyx\\Desktop\\0921\\js-interpreter-bench\\experiments\\octane_strict\\generated\\DeltaBlue.DeltaBlue.js"", ""--"", ""STRICT_CONFIG={\""N\"":512,\""mode\"":\""measure\"",\""timer\"":\""Date.now\""}""]","OCTANE_STRICT_RESULT:{""suite"":""DeltaBlue"",""benchmark"":""DeltaBlue"",""N"":512,""mode"":""measure"",""timer"":""Date.now"",""elapsed_ms"":1913,""elapsed_per_call_ms"":3.736328125,""extra_validation_calls"":0,""correctness"":""PASS""}",,
quickjs,EarleyBoyer,Earley,9,281,512,3767,7.357421875,0,true,2026-09-27T17:21:48.075788+00:00,,Date.now,3787890100,0,c3ef3fbdd43f0dd5865a1652fa447c774869e86efba25ad910dffdea953f80a2,"[""C:\\Users\\mzyx\\Desktop\\0921\\js-interpreter-bench\\engines\\quickjs-upstream\\qjs.exe"", ""C:\\Users\\mzyx\\Desktop\\0921\\js-interpreter-bench\\experiments\\octane_strict\\generated\\EarleyBoyer.Earley.js"", ""STRICT_CONFIG={\""N\"":512,\""mode\"":\""measure\"",\""timer\"":\""Date.now\""}""]","OCTANE_STRICT_RESULT:{""suite"":""EarleyBoyer"",""benchmark"":""Earley"",""N"":512,""mode"":""measure"",""timer"":""Date.now"",""elapsed_ms"":3767,""elapsed_per_call_ms"":7.357421875,""extra_validation_calls"":0,""correctness"":""PASS""}",,
v8_ignition,EarleyBoyer,Earley,9,282,512,1101,2.150390625,0,true,2026-09-27T17:21:49.237391+00:00,--max-opt=0 --no-lazy,Date.now,1143377800,0,c3ef3fbdd43f0dd5865a1652fa447c774869e86efba25ad910dffdea953f80a2,"[""C:\\Users\\mzyx\\Desktop\\0921\\js-interpreter-bench\\engines\\v8-official-15.6.21\\runtime\\d8.exe"", ""--snapshot_blob=C:\\Users\\mzyx\\Desktop\\0921\\js-interpreter-bench\\engines\\v8-official-15.6.21\\runtime\\snapshot_blob.bin"", ""--max-opt=0"", ""--no-lazy"", ""C:\\Users\\mzyx\\Desktop\\0921\\js-interpreter-bench\\experiments\\octane_strict\\generated\\EarleyBoyer.Earley.js"", ""--"", ""STRICT_CONFIG={\""N\"":512,\""mode\"":\""measure\"",\""timer\"":\""Date.now\""}""]","OCTANE_STRICT_RESULT:{""suite"":""EarleyBoyer"",""benchmark"":""Earley"",""N"":512,""mode"":""measure"",""timer"":""Date.now"",""elapsed_ms"":1101,""elapsed_per_call_ms"":2.150390625,""extra_validation_calls"":0,""correctness"":""PASS""}",,
v8_ignition,EarleyBoyer,Boyer,9,283,32,1284,40.125,0,true,2026-09-27T17:21:50.579330+00:00,--max-opt=0 --no-lazy,Date.now,1328470100,0,e6d4262bd967274f8c7b66181bd6e39a9851606524faae200584e064d21b43b8,"[""C:\\Users\\mzyx\\Desktop\\0921\\js-interpreter-bench\\engines\\v8-official-15.6.21\\runtime\\d8.exe"", ""--snapshot_blob=C:\\Users\\mzyx\\Desktop\\0921\\js-interpreter-bench\\engines\\v8-official-15.6.21\\runtime\\snapshot_blob.bin"", ""--max-opt=0"", ""--no-lazy"", ""C:\\Users\\mzyx\\Desktop\\0921\\js-interpreter-bench\\experiments\\octane_strict\\generated\\EarleyBoyer.Boyer.js"", ""--"", ""STRICT_CONFIG={\""N\"":32,\""mode\"":\""measure\"",\""timer\"":\""Date.now\""}""]","OCTANE_STRICT_RESULT:{""suite"":""EarleyBoyer"",""benchmark"":""Boyer"",""N"":32,""mode"":""measure"",""timer"":""Date.now"",""elapsed_ms"":1284,""elapsed_per_call_ms"":40.125,""extra_validation_calls"":0,""correctness"":""PASS""}",,
quickjs,EarleyBoyer,Boyer,9,284,32,3697,115.53125,0,true,2026-09-27T17:21:54.310981+00:00,,Date.now,3720458800,0,e6d4262bd967274f8c7b66181bd6e39a9851606524faae200584e064d21b43b8,"[""C:\\Users\\mzyx\\Desktop\\0921\\js-interpreter-bench\\engines\\quickjs-upstream\\qjs.exe"", ""C:\\Users\\mzyx\\Desktop\\0921\\js-interpreter-bench\\experiments\\octane_strict\\generated\\EarleyBoyer.Boyer.js"", ""STRICT_CONFIG={\""N\"":32,\""mode\"":\""measure\"",\""timer\"":\""Date.now\""}""]","OCTANE_STRICT_RESULT:{""suite"":""EarleyBoyer"",""benchmark"":""Boyer"",""N"":32,""mode"":""measure"",""timer"":""Date.now"",""elapsed_ms"":3697,""elapsed_per_call_ms"":115.53125,""extra_validation_calls"":0,""correctness"":""PASS""}",,
quickjs,RegExp,RegExp,9,285,64,14508,226.6875,0,true,2026-09-27T17:22:08.868136+00:00,,Date.now,14539623800,0,881c9e28610ead1d8cbf528614032c48b8faa700f0e4177198bbb22f15a19111,"[""C:\\Users\\mzyx\\Desktop\\0921\\js-interpreter-bench\\engines\\quickjs-upstream\\qjs.exe"", ""C:\\Users\\mzyx\\Desktop\\0921\\js-interpreter-bench\\experiments\\octane_strict\\generated\\RegExp.RegExp.js"", ""STRICT_CONFIG={\""N\"":64,\""mode\"":\""measure\"",\""timer\"":\""Date.now\""}""]","OCTANE_STRICT_RESULT:{""suite"":""RegExp"",""benchmark"":""RegExp"",""N"":64,""mode"":""measure"",""timer"":""Date.now"",""elapsed_ms"":14508,""elapsed_per_call_ms"":226.6875,""extra_validation_calls"":0,""correctness"":""PASS""}",,
v8_ignition,RegExp,RegExp,9,286,64,1267,19.796875,0,true,2026-09-27T17:22:10.208865+00:00,--max-opt=0 --no-lazy,Date.now,1323496000,0,881c9e28610ead1d8cbf528614032c48b8faa700f0e4177198bbb22f15a19111,"[""C:\\Users\\mzyx\\Desktop\\0921\\js-interpreter-bench\\engines\\v8-official-15.6.21\\runtime\\d8.exe"", ""--snapshot_blob=C:\\Users\\mzyx\\Desktop\\0921\\js-interpreter-bench\\engines\\v8-official-15.6.21\\runtime\\snapshot_blob.bin"", ""--max-opt=0"", ""--no-lazy"", ""C:\\Users\\mzyx\\Desktop\\0921\\js-interpreter-bench\\experiments\\octane_strict\\generated\\RegExp.RegExp.js"", ""--"", ""STRICT_CONFIG={\""N\"":64,\""mode\"":\""measure\"",\""timer\"":\""Date.now\""}""]","OCTANE_STRICT_RESULT:{""suite"":""RegExp"",""benchmark"":""RegExp"",""N"":64,""mode"":""measure"",""timer"":""Date.now"",""elapsed_ms"":1267,""elapsed_per_call_ms"":19.796875,""extra_validation_calls"":0,""correctness"":""PASS""}",,
quickjs,Crypto,Decrypt,9,287,16,1603,100.1875,0,true,2026-09-27T17:22:11.843555+00:00,,Date.now,1622094600,0,974b320858e72132edd4dd56da2f4582cbe4e99b10027c89dfa44b1ea1cd4591,"[""C:\\Users\\mzyx\\Desktop\\0921\\js-interpreter-bench\\engines\\quickjs-upstream\\qjs.exe"", ""C:\\Users\\mzyx\\Desktop\\0921\\js-interpreter-bench\\experiments\\octane_strict\\generated\\Crypto.Decrypt.js"", ""STRICT_CONFIG={\""N\"":16,\""mode\"":\""measure\"",\""timer\"":\""Date.now\""}""]","OCTANE_STRICT_RESULT:{""suite"":""Crypto"",""benchmark"":""Decrypt"",""N"":16,""mode"":""measure"",""timer"":""Date.now"",""elapsed_ms"":1603,""elapsed_per_call_ms"":100.1875,""extra_validation_calls"":0,""correctness"":""PASS""}",,
v8_ignition,Crypto,Decrypt,9,288,16,1437,89.8125,0,true,2026-09-27T17:22:13.335040+00:00,--max-opt=0 --no-lazy,Date.now,1480745800,0,974b320858e72132edd4dd56da2f4582cbe4e99b10027c89dfa44b1ea1cd4591,"[""C:\\Users\\mzyx\\Desktop\\0921\\js-interpreter-bench\\engines\\v8-official-15.6.21\\runtime\\d8.exe"", ""--snapshot_blob=C:\\Users\\mzyx\\Desktop\\0921\\js-interpreter-bench\\engines\\v8-official-15.6.21\\runtime\\snapshot_blob.bin"", ""--max-opt=0"", ""--no-lazy"", ""C:\\Users\\mzyx\\Desktop\\0921\\js-interpreter-bench\\experiments\\octane_strict\\generated\\Crypto.Decrypt.js"", ""--"", ""STRICT_CONFIG={\""N\"":16,\""mode\"":\""measure\"",\""timer\"":\""Date.now\""}""]","OCTANE_STRICT_RESULT:{""suite"":""Crypto"",""benchmark"":""Decrypt"",""N"":16,""mode"":""measure"",""timer"":""Date.now"",""elapsed_ms"":1437,""elapsed_per_call_ms"":89.8125,""extra_validation_calls"":0,""correctness"":""PASS""}",,
quickjs,Splay,Splay,10,289,2048,4585,2.23876953125,0,true,2026-09-27T17:22:18.351926+00:00,,Date.now,5005387300,0,d6372414234d150c814a6933257aa8c98a8c6260b0d72a71ee0d08d0ee6fb17a,"[""C:\\Users\\mzyx\\Desktop\\0921\\js-interpreter-bench\\engines\\quickjs-upstream\\qjs.exe"", ""C:\\Users\\mzyx\\Desktop\\0921\\js-interpreter-bench\\experiments\\octane_strict\\generated\\Splay.Splay.js"", ""STRICT_CONFIG={\""N\"":2048,\""mode\"":\""measure\"",\""timer\"":\""Date.now\""}""]","OCTANE_STRICT_RESULT:{""suite"":""Splay"",""benchmark"":""Splay"",""N"":2048,""mode"":""measure"",""timer"":""Date.now"",""elapsed_ms"":4585,""elapsed_per_call_ms"":2.23876953125,""extra_validation_calls"":0,""correctness"":""PASS""}",,
v8_ignition,Splay,Splay,10,290,2048,1826,0.8916015625,0,true,2026-09-27T17:22:20.325816+00:00,--max-opt=0 --no-lazy,Date.now,1956384300,0,d6372414234d150c814a6933257aa8c98a8c6260b0d72a71ee0d08d0ee6fb17a,"[""C:\\Users\\mzyx\\Desktop\\0921\\js-interpreter-bench\\engines\\v8-official-15.6.21\\runtime\\d8.exe"", ""--snapshot_blob=C:\\Users\\mzyx\\Desktop\\0921\\js-interpreter-bench\\engines\\v8-official-15.6.21\\runtime\\snapshot_blob.bin"", ""--max-opt=0"", ""--no-lazy"", ""C:\\Users\\mzyx\\Desktop\\0921\\js-interpreter-bench\\experiments\\octane_strict\\generated\\Splay.Splay.js"", ""--"", ""STRICT_CONFIG={\""N\"":2048,\""mode\"":\""measure\"",\""timer\"":\""Date.now\""}""]","OCTANE_STRICT_RESULT:{""suite"":""Splay"",""benchmark"":""Splay"",""N"":2048,""mode"":""measure"",""timer"":""Date.now"",""elapsed_ms"":1826,""elapsed_per_call_ms"":0.8916015625,""extra_validation_calls"":0,""correctness"":""PASS""}",,
quickjs,Gameboy,Gameboy,10,291,4,1437,359.25,0,true,2026-09-27T17:22:21.819604+00:00,,Date.now,1481862200,0,3fc599b60ec8be6d0ab60d00add662dde31374ecb5b24167384d72d325a08a21,"[""C:\\Users\\mzyx\\Desktop\\0921\\js-interpreter-bench\\engines\\quickjs-upstream\\qjs.exe"", ""C:\\Users\\mzyx\\Desktop\\0921\\js-interpreter-bench\\experiments\\octane_strict\\generated\\Gameboy.Gameboy.js"", ""STRICT_CONFIG={\""N\"":4,\""mode\"":\""measure\"",\""timer\"":\""Date.now\""}""]","OCTANE_STRICT_RESULT:{""suite"":""Gameboy"",""benchmark"":""Gameboy"",""N"":4,""mode"":""measure"",""timer"":""Date.now"",""elapsed_ms"":1437,""elapsed_per_call_ms"":359.25,""extra_validation_calls"":0,""correctness"":""PASS""}",,
v8_ignition,Gameboy,Gameboy,10,292,4,1182,295.5,0,true,2026-09-27T17:22:23.074003+00:00,--max-opt=0 --no-lazy,Date.now,1241846800,0,3fc599b60ec8be6d0ab60d00add662dde31374ecb5b24167384d72d325a08a21,"[""C:\\Users\\mzyx\\Desktop\\0921\\js-interpreter-bench\\engines\\v8-official-15.6.21\\runtime\\d8.exe"", ""--snapshot_blob=C:\\Users\\mzyx\\Desktop\\0921\\js-interpreter-bench\\engines\\v8-official-15.6.21\\runtime\\snapshot_blob.bin"", ""--max-opt=0"", ""--no-lazy"", ""C:\\Users\\mzyx\\Desktop\\0921\\js-interpreter-bench\\experiments\\octane_strict\\generated\\Gameboy.Gameboy.js"", ""--"", ""STRICT_CONFIG={\""N\"":4,\""mode\"":\""measure\"",\""timer\"":\""Date.now\""}""]","OCTANE_STRICT_RESULT:{""suite"":""Gameboy"",""benchmark"":""Gameboy"",""N"":4,""mode"":""measure"",""timer"":""Date.now"",""elapsed_ms"":1182,""elapsed_per_call_ms"":295.5,""extra_validation_calls"":0,""correctness"":""PASS""}",,
v8_ignition,CodeLoad,CodeLoadClosure,10,293,4096,1172,0.2861328125,0,true,2026-09-27T17:22:24.307759+00:00,--max-opt=0 --no-lazy,Date.now,1220812500,0,9c3f2890631a64f3776ae7d0cbc83510f2cadc62313f8e27b4ab278dd94390e8,"[""C:\\Users\\mzyx\\Desktop\\0921\\js-interpreter-bench\\engines\\v8-official-15.6.21\\runtime\\d8.exe"", ""--snapshot_blob=C:\\Users\\mzyx\\Desktop\\0921\\js-interpreter-bench\\engines\\v8-official-15.6.21\\runtime\\snapshot_blob.bin"", ""--max-opt=0"", ""--no-lazy"", ""C:\\Users\\mzyx\\Desktop\\0921\\js-interpreter-bench\\experiments\\octane_strict\\generated\\CodeLoad.CodeLoadClosure.js"", ""--"", ""STRICT_CONFIG={\""N\"":4096,\""mode\"":\""measure\"",\""timer\"":\""Date.now\""}""]","OCTANE_STRICT_RESULT:{""suite"":""CodeLoad"",""benchmark"":""CodeLoadClosure"",""N"":4096,""mode"":""measure"",""timer"":""Date.now"",""elapsed_ms"":1172,""elapsed_per_call_ms"":0.2861328125,""extra_validation_calls"":0,""correctness"":""PASS""}",,
quickjs,CodeLoad,CodeLoadClosure,10,294,4096,2485,0.606689453125,0,true,2026-09-27T17:22:26.933532+00:00,,Date.now,2615613000,0,9c3f2890631a64f3776ae7d0cbc83510f2cadc62313f8e27b4ab278dd94390e8,"[""C:\\Users\\mzyx\\Desktop\\0921\\js-interpreter-bench\\engines\\quickjs-upstream\\qjs.exe"", ""C:\\Users\\mzyx\\Desktop\\0921\\js-interpreter-bench\\experiments\\octane_strict\\generated\\CodeLoad.CodeLoadClosure.js"", ""STRICT_CONFIG={\""N\"":4096,\""mode\"":\""measure\"",\""timer\"":\""Date.now\""}""]","OCTANE_STRICT_RESULT:{""suite"":""CodeLoad"",""benchmark"":""CodeLoadClosure"",""N"":4096,""mode"":""measure"",""timer"":""Date.now"",""elapsed_ms"":2485,""elapsed_per_call_ms"":0.606689453125,""extra_validation_calls"":0,""correctness"":""PASS""}",,
v8_ignition,Mandreel,Mandreel,10,295,1,1463,1463,0,true,2026-09-27T17:22:29.787310+00:00,--max-opt=0 --no-lazy,Date.now,2830384000,0,64fbf14da4005c4426dcdd6191a5f206fbcd9ce260549e924fd925408614702d,"[""C:\\Users\\mzyx\\Desktop\\0921\\js-interpreter-bench\\engines\\v8-official-15.6.21\\runtime\\d8.exe"", ""--snapshot_blob=C:\\Users\\mzyx\\Desktop\\0921\\js-interpreter-bench\\engines\\v8-official-15.6.21\\runtime\\snapshot_blob.bin"", ""--max-opt=0"", ""--no-lazy"", ""C:\\Users\\mzyx\\Desktop\\0921\\js-interpreter-bench\\experiments\\octane_strict\\generated\\Mandreel.Mandreel.js"", ""--"", ""STRICT_CONFIG={\""N\"":1,\""mode\"":\""measure\"",\""timer\"":\""Date.now\""}""]","OCTANE_STRICT_RESULT:{""suite"":""Mandreel"",""benchmark"":""Mandreel"",""N"":1,""mode"":""measure"",""timer"":""Date.now"",""elapsed_ms"":1463,""elapsed_per_call_ms"":1463,""extra_validation_calls"":0,""correctness"":""PASS""}",,
quickjs,Mandreel,Mandreel,10,296,1,1785,1785,0,true,2026-09-27T17:22:33.047359+00:00,,Date.now,3238303300,0,64fbf14da4005c4426dcdd6191a5f206fbcd9ce260549e924fd925408614702d,"[""C:\\Users\\mzyx\\Desktop\\0921\\js-interpreter-bench\\engines\\quickjs-upstream\\qjs.exe"", ""C:\\Users\\mzyx\\Desktop\\0921\\js-interpreter-bench\\experiments\\octane_strict\\generated\\Mandreel.Mandreel.js"", ""STRICT_CONFIG={\""N\"":1,\""mode\"":\""measure\"",\""timer\"":\""Date.now\""}""]","OCTANE_STRICT_RESULT:{""suite"":""Mandreel"",""benchmark"":""Mandreel"",""N"":1,""mode"":""measure"",""timer"":""Date.now"",""elapsed_ms"":1785,""elapsed_per_call_ms"":1785,""extra_validation_calls"":0,""correctness"":""PASS""}",,
quickjs,PdfJS,PdfJS,10,297,16,3220,201.25,0,true,2026-09-27T17:22:36.513441+00:00,,Date.now,3441685700,0,f1966230e4a00bc61dc4c00fd600486e941235c3ee8206f897bd148dfd6e630b,"[""C:\\Users\\mzyx\\Desktop\\0921\\js-interpreter-bench\\engines\\quickjs-upstream\\qjs.exe"", ""C:\\Users\\mzyx\\Desktop\\0921\\js-interpreter-bench\\experiments\\octane_strict\\generated\\PdfJS.PdfJS.js"", ""STRICT_CONFIG={\""N\"":16,\""mode\"":\""measure\"",\""timer\"":\""Date.now\""}""]","OCTANE_STRICT_RESULT:{""suite"":""PdfJS"",""benchmark"":""PdfJS"",""N"":16,""mode"":""measure"",""timer"":""Date.now"",""elapsed_ms"":3220,""elapsed_per_call_ms"":201.25,""extra_validation_calls"":0,""correctness"":""PASS""}",,
v8_ignition,PdfJS,PdfJS,10,298,16,1714,107.125,0,true,2026-09-27T17:22:38.397005+00:00,--max-opt=0 --no-lazy,Date.now,1868950900,0,f1966230e4a00bc61dc4c00fd600486e941235c3ee8206f897bd148dfd6e630b,"[""C:\\Users\\mzyx\\Desktop\\0921\\js-interpreter-bench\\engines\\v8-official-15.6.21\\runtime\\d8.exe"", ""--snapshot_blob=C:\\Users\\mzyx\\Desktop\\0921\\js-interpreter-bench\\engines\\v8-official-15.6.21\\runtime\\snapshot_blob.bin"", ""--max-opt=0"", ""--no-lazy"", ""C:\\Users\\mzyx\\Desktop\\0921\\js-interpreter-bench\\experiments\\octane_strict\\generated\\PdfJS.PdfJS.js"", ""--"", ""STRICT_CONFIG={\""N\"":16,\""mode\"":\""measure\"",\""timer\"":\""Date.now\""}""]","OCTANE_STRICT_RESULT:{""suite"":""PdfJS"",""benchmark"":""PdfJS"",""N"":16,""mode"":""measure"",""timer"":""Date.now"",""elapsed_ms"":1714,""elapsed_per_call_ms"":107.125,""extra_validation_calls"":0,""correctness"":""PASS""}",,
v8_ignition,Typescript,Typescript,10,299,1,1190,1190,0,true,2026-09-27T17:22:39.677018+00:00,--max-opt=0 --no-lazy,Date.now,1264665900,0,135e157d4fd316d69e9afdb0147a5d3f71ff32877fbe7c2febd72041df50deb0,"[""C:\\Users\\mzyx\\Desktop\\0921\\js-interpreter-bench\\engines\\v8-official-15.6.21\\runtime\\d8.exe"", ""--snapshot_blob=C:\\Users\\mzyx\\Desktop\\0921\\js-interpreter-bench\\engines\\v8-official-15.6.21\\runtime\\snapshot_blob.bin"", ""--max-opt=0"", ""--no-lazy"", ""C:\\Users\\mzyx\\Desktop\\0921\\js-interpreter-bench\\experiments\\octane_strict\\generated\\Typescript.Typescript.js"", ""--"", ""STRICT_CONFIG={\""N\"":1,\""mode\"":\""measure\"",\""timer\"":\""Date.now\""}""]","OCTANE_STRICT_RESULT:{""suite"":""Typescript"",""benchmark"":""Typescript"",""N"":1,""mode"":""measure"",""timer"":""Date.now"",""elapsed_ms"":1190,""elapsed_per_call_ms"":1190,""extra_validation_calls"":0,""correctness"":""PASS""}",,
quickjs,Typescript,Typescript,10,300,1,2078,2078,0,true,2026-09-27T17:22:41.972765+00:00,,Date.now,2279192100,0,135e157d4fd316d69e9afdb0147a5d3f71ff32877fbe7c2febd72041df50deb0,"[""C:\\Users\\mzyx\\Desktop\\0921\\js-interpreter-bench\\engines\\quickjs-upstream\\qjs.exe"", ""C:\\Users\\mzyx\\Desktop\\0921\\js-interpreter-bench\\experiments\\octane_strict\\generated\\Typescript.Typescript.js"", ""STRICT_CONFIG={\""N\"":1,\""mode\"":\""measure\"",\""timer\"":\""Date.now\""}""]","OCTANE_STRICT_RESULT:{""suite"":""Typescript"",""benchmark"":""Typescript"",""N"":1,""mode"":""measure"",""timer"":""Date.now"",""elapsed_ms"":2078,""elapsed_per_call_ms"":2078,""extra_validation_calls"":0,""correctness"":""PASS""}",,
v8_ignition,EarleyBoyer,Earley,10,301,512,1095,2.138671875,0,true,2026-09-27T17:22:43.120547+00:00,--max-opt=0 --no-lazy,Date.now,1135736600,0,c3ef3fbdd43f0dd5865a1652fa447c774869e86efba25ad910dffdea953f80a2,"[""C:\\Users\\mzyx\\Desktop\\0921\\js-interpreter-bench\\engines\\v8-official-15.6.21\\runtime\\d8.exe"", ""--snapshot_blob=C:\\Users\\mzyx\\Desktop\\0921\\js-interpreter-bench\\engines\\v8-official-15.6.21\\runtime\\snapshot_blob.bin"", ""--max-opt=0"", ""--no-lazy"", ""C:\\Users\\mzyx\\Desktop\\0921\\js-interpreter-bench\\experiments\\octane_strict\\generated\\EarleyBoyer.Earley.js"", ""--"", ""STRICT_CONFIG={\""N\"":512,\""mode\"":\""measure\"",\""timer\"":\""Date.now\""}""]","OCTANE_STRICT_RESULT:{""suite"":""EarleyBoyer"",""benchmark"":""Earley"",""N"":512,""mode"":""measure"",""timer"":""Date.now"",""elapsed_ms"":1095,""elapsed_per_call_ms"":2.138671875,""extra_validation_calls"":0,""correctness"":""PASS""}",,
quickjs,EarleyBoyer,Earley,10,302,512,3745,7.314453125,0,true,2026-09-27T17:22:46.898487+00:00,,Date.now,3764780300,0,c3ef3fbdd43f0dd5865a1652fa447c774869e86efba25ad910dffdea953f80a2,"[""C:\\Users\\mzyx\\Desktop\\0921\\js-interpreter-bench\\engines\\quickjs-upstream\\qjs.exe"", ""C:\\Users\\mzyx\\Desktop\\0921\\js-interpreter-bench\\experiments\\octane_strict\\generated\\EarleyBoyer.Earley.js"", ""STRICT_CONFIG={\""N\"":512,\""mode\"":\""measure\"",\""timer\"":\""Date.now\""}""]","OCTANE_STRICT_RESULT:{""suite"":""EarleyBoyer"",""benchmark"":""Earley"",""N"":512,""mode"":""measure"",""timer"":""Date.now"",""elapsed_ms"":3745,""elapsed_per_call_ms"":7.314453125,""extra_validation_calls"":0,""correctness"":""PASS""}",,
v8_ignition,NavierStokes,NavierStokes,10,303,32,2253,70.40625,0,true,2026-09-27T17:22:49.203720+00:00,--max-opt=0 --no-lazy,Date.now,2292928200,0,e86c3b0056fae99b5f0ffdb7d093b565b02987eef458b2c07ecb3fc39700ee3c,"[""C:\\Users\\mzyx\\Desktop\\0921\\js-interpreter-bench\\engines\\v8-official-15.6.21\\runtime\\d8.exe"", ""--snapshot_blob=C:\\Users\\mzyx\\Desktop\\0921\\js-interpreter-bench\\engines\\v8-official-15.6.21\\runtime\\snapshot_blob.bin"", ""--max-opt=0"", ""--no-lazy"", ""C:\\Users\\mzyx\\Desktop\\0921\\js-interpreter-bench\\experiments\\octane_strict\\generated\\NavierStokes.NavierStokes.js"", ""--"", ""STRICT_CONFIG={\""N\"":32,\""mode\"":\""measure\"",\""timer\"":\""Date.now\""}""]","OCTANE_STRICT_RESULT:{""suite"":""NavierStokes"",""benchmark"":""NavierStokes"",""N"":32,""mode"":""measure"",""timer"":""Date.now"",""elapsed_ms"":2253,""elapsed_per_call_ms"":70.40625,""extra_validation_calls"":0,""correctness"":""PASS""}",,
quickjs,NavierStokes,NavierStokes,10,304,32,1962,61.3125,0,true,2026-09-27T17:22:51.193202+00:00,,Date.now,1977831000,0,e86c3b0056fae99b5f0ffdb7d093b565b02987eef458b2c07ecb3fc39700ee3c,"[""C:\\Users\\mzyx\\Desktop\\0921\\js-interpreter-bench\\engines\\quickjs-upstream\\qjs.exe"", ""C:\\Users\\mzyx\\Desktop\\0921\\js-interpreter-bench\\experiments\\octane_strict\\generated\\NavierStokes.NavierStokes.js"", ""STRICT_CONFIG={\""N\"":32,\""mode\"":\""measure\"",\""timer\"":\""Date.now\""}""]","OCTANE_STRICT_RESULT:{""suite"":""NavierStokes"",""benchmark"":""NavierStokes"",""N"":32,""mode"":""measure"",""timer"":""Date.now"",""elapsed_ms"":1962,""elapsed_per_call_ms"":61.3125,""extra_validation_calls"":0,""correctness"":""PASS""}",,
v8_ignition,DeltaBlue,DeltaBlue,10,305,512,1875,3.662109375,0,true,2026-09-27T17:22:53.123124+00:00,--max-opt=0 --no-lazy,Date.now,1912464300,0,8542689bb308963c4feefd143c1707791e271d609ef4c476eb9c3dfdeeec539f,"[""C:\\Users\\mzyx\\Desktop\\0921\\js-interpreter-bench\\engines\\v8-official-15.6.21\\runtime\\d8.exe"", ""--snapshot_blob=C:\\Users\\mzyx\\Desktop\\0921\\js-interpreter-bench\\engines\\v8-official-15.6.21\\runtime\\snapshot_blob.bin"", ""--max-opt=0"", ""--no-lazy"", ""C:\\Users\\mzyx\\Desktop\\0921\\js-interpreter-bench\\experiments\\octane_strict\\generated\\DeltaBlue.DeltaBlue.js"", ""--"", ""STRICT_CONFIG={\""N\"":512,\""mode\"":\""measure\"",\""timer\"":\""Date.now\""}""]","OCTANE_STRICT_RESULT:{""suite"":""DeltaBlue"",""benchmark"":""DeltaBlue"",""N"":512,""mode"":""measure"",""timer"":""Date.now"",""elapsed_ms"":1875,""elapsed_per_call_ms"":3.662109375,""extra_validation_calls"":0,""correctness"":""PASS""}",,
quickjs,DeltaBlue,DeltaBlue,10,306,512,3898,7.61328125,0,true,2026-09-27T17:22:57.042175+00:00,,Date.now,3908179600,0,8542689bb308963c4feefd143c1707791e271d609ef4c476eb9c3dfdeeec539f,"[""C:\\Users\\mzyx\\Desktop\\0921\\js-interpreter-bench\\engines\\quickjs-upstream\\qjs.exe"", ""C:\\Users\\mzyx\\Desktop\\0921\\js-interpreter-bench\\experiments\\octane_strict\\generated\\DeltaBlue.DeltaBlue.js"", ""STRICT_CONFIG={\""N\"":512,\""mode\"":\""measure\"",\""timer\"":\""Date.now\""}""]","OCTANE_STRICT_RESULT:{""suite"":""DeltaBlue"",""benchmark"":""DeltaBlue"",""N"":512,""mode"":""measure"",""timer"":""Date.now"",""elapsed_ms"":3898,""elapsed_per_call_ms"":7.61328125,""extra_validation_calls"":0,""correctness"":""PASS""}",,
quickjs,RayTrace,RayTrace,10,307,64,2600,40.625,0,true,2026-09-27T17:22:59.664761+00:00,,Date.now,2612058000,0,fb0af35ee1cbd7396c6b23184a123f87ce6f9d1d8e29a2dcbc3bf86a98f3ae33,"[""C:\\Users\\mzyx\\Desktop\\0921\\js-interpreter-bench\\engines\\quickjs-upstream\\qjs.exe"", ""C:\\Users\\mzyx\\Desktop\\0921\\js-interpreter-bench\\experiments\\octane_strict\\generated\\RayTrace.RayTrace.js"", ""STRICT_CONFIG={\""N\"":64,\""mode\"":\""measure\"",\""timer\"":\""Date.now\""}""]","OCTANE_STRICT_RESULT:{""suite"":""RayTrace"",""benchmark"":""RayTrace"",""N"":64,""mode"":""measure"",""timer"":""Date.now"",""elapsed_ms"":2600,""elapsed_per_call_ms"":40.625,""extra_validation_calls"":0,""correctness"":""PASS""}",,
v8_ignition,RayTrace,RayTrace,10,308,64,1090,17.03125,0,true,2026-09-27T17:23:00.804933+00:00,--max-opt=0 --no-lazy,Date.now,1128416900,0,fb0af35ee1cbd7396c6b23184a123f87ce6f9d1d8e29a2dcbc3bf86a98f3ae33,"[""C:\\Users\\mzyx\\Desktop\\0921\\js-interpreter-bench\\engines\\v8-official-15.6.21\\runtime\\d8.exe"", ""--snapshot_blob=C:\\Users\\mzyx\\Desktop\\0921\\js-interpreter-bench\\engines\\v8-official-15.6.21\\runtime\\snapshot_blob.bin"", ""--max-opt=0"", ""--no-lazy"", ""C:\\Users\\mzyx\\Desktop\\0921\\js-interpreter-bench\\experiments\\octane_strict\\generated\\RayTrace.RayTrace.js"", ""--"", ""STRICT_CONFIG={\""N\"":64,\""mode\"":\""measure\"",\""timer\"":\""Date.now\""}""]","OCTANE_STRICT_RESULT:{""suite"":""RayTrace"",""benchmark"":""RayTrace"",""N"":64,""mode"":""measure"",""timer"":""Date.now"",""elapsed_ms"":1090,""elapsed_per_call_ms"":17.03125,""extra_validation_calls"":0,""correctness"":""PASS""}",,
v8_ignition,RegExp,RegExp,10,309,64,1228,19.1875,0,true,2026-09-27T17:23:02.101577+00:00,--max-opt=0 --no-lazy,Date.now,1285162300,0,881c9e28610ead1d8cbf528614032c48b8faa700f0e4177198bbb22f15a19111,"[""C:\\Users\\mzyx\\Desktop\\0921\\js-interpreter-bench\\engines\\v8-official-15.6.21\\runtime\\d8.exe"", ""--snapshot_blob=C:\\Users\\mzyx\\Desktop\\0921\\js-interpreter-bench\\engines\\v8-official-15.6.21\\runtime\\snapshot_blob.bin"", ""--max-opt=0"", ""--no-lazy"", ""C:\\Users\\mzyx\\Desktop\\0921\\js-interpreter-bench\\experiments\\octane_strict\\generated\\RegExp.RegExp.js"", ""--"", ""STRICT_CONFIG={\""N\"":64,\""mode\"":\""measure\"",\""timer\"":\""Date.now\""}""]","OCTANE_STRICT_RESULT:{""suite"":""RegExp"",""benchmark"":""RegExp"",""N"":64,""mode"":""measure"",""timer"":""Date.now"",""elapsed_ms"":1228,""elapsed_per_call_ms"":19.1875,""extra_validation_calls"":0,""correctness"":""PASS""}",,
quickjs,RegExp,RegExp,10,310,64,14755,230.546875,0,true,2026-09-27T17:23:16.900562+00:00,,Date.now,14786159800,0,881c9e28610ead1d8cbf528614032c48b8faa700f0e4177198bbb22f15a19111,"[""C:\\Users\\mzyx\\Desktop\\0921\\js-interpreter-bench\\engines\\quickjs-upstream\\qjs.exe"", ""C:\\Users\\mzyx\\Desktop\\0921\\js-interpreter-bench\\experiments\\octane_strict\\generated\\RegExp.RegExp.js"", ""STRICT_CONFIG={\""N\"":64,\""mode\"":\""measure\"",\""timer\"":\""Date.now\""}""]","OCTANE_STRICT_RESULT:{""suite"":""RegExp"",""benchmark"":""RegExp"",""N"":64,""mode"":""measure"",""timer"":""Date.now"",""elapsed_ms"":14755,""elapsed_per_call_ms"":230.546875,""extra_validation_calls"":0,""correctness"":""PASS""}",,
quickjs,Crypto,Encrypt,10,311,256,1387,5.41796875,0,true,2026-09-27T17:23:18.413917+00:00,,Date.now,1502165400,0,c73b9c8626ff5488b879ff453a865c03adf87602c6d302855f1c6e0f91b57c92,"[""C:\\Users\\mzyx\\Desktop\\0921\\js-interpreter-bench\\engines\\quickjs-upstream\\qjs.exe"", ""C:\\Users\\mzyx\\Desktop\\0921\\js-interpreter-bench\\experiments\\octane_strict\\generated\\Crypto.Encrypt.js"", ""STRICT_CONFIG={\""N\"":256,\""mode\"":\""measure\"",\""timer\"":\""Date.now\""}""]","OCTANE_STRICT_RESULT:{""suite"":""Crypto"",""benchmark"":""Encrypt"",""N"":256,""mode"":""measure"",""timer"":""Date.now"",""elapsed_ms"":1387,""elapsed_per_call_ms"":5.41796875,""extra_validation_calls"":0,""correctness"":""PASS""}",,
v8_ignition,Crypto,Encrypt,10,312,256,1234,4.8203125,0,true,2026-09-27T17:23:19.793440+00:00,--max-opt=0 --no-lazy,Date.now,1369466500,0,c73b9c8626ff5488b879ff453a865c03adf87602c6d302855f1c6e0f91b57c92,"[""C:\\Users\\mzyx\\Desktop\\0921\\js-interpreter-bench\\engines\\v8-official-15.6.21\\runtime\\d8.exe"", ""--snapshot_blob=C:\\Users\\mzyx\\Desktop\\0921\\js-interpreter-bench\\engines\\v8-official-15.6.21\\runtime\\snapshot_blob.bin"", ""--max-opt=0"", ""--no-lazy"", ""C:\\Users\\mzyx\\Desktop\\0921\\js-interpreter-bench\\experiments\\octane_strict\\generated\\Crypto.Encrypt.js"", ""--"", ""STRICT_CONFIG={\""N\"":256,\""mode\"":\""measure\"",\""timer\"":\""Date.now\""}""]","OCTANE_STRICT_RESULT:{""suite"":""Crypto"",""benchmark"":""Encrypt"",""N"":256,""mode"":""measure"",""timer"":""Date.now"",""elapsed_ms"":1234,""elapsed_per_call_ms"":4.8203125,""extra_validation_calls"":0,""correctness"":""PASS""}",,
quickjs,CodeLoad,CodeLoadJQuery,10,313,256,2795,10.91796875,0,true,2026-09-27T17:23:22.614475+00:00,,Date.now,2809146700,0,20f796e914b6995cc6114a2de2953e5cf5dd579501264d69dd26188909f790af,"[""C:\\Users\\mzyx\\Desktop\\0921\\js-interpreter-bench\\engines\\quickjs-upstream\\qjs.exe"", ""C:\\Users\\mzyx\\Desktop\\0921\\js-interpreter-bench\\experiments\\octane_strict\\generated\\CodeLoad.CodeLoadJQuery.js"", ""STRICT_CONFIG={\""N\"":256,\""mode\"":\""measure\"",\""timer\"":\""Date.now\""}""]","OCTANE_STRICT_RESULT:{""suite"":""CodeLoad"",""benchmark"":""CodeLoadJQuery"",""N"":256,""mode"":""measure"",""timer"":""Date.now"",""elapsed_ms"":2795,""elapsed_per_call_ms"":10.91796875,""extra_validation_calls"":0,""correctness"":""PASS""}",,
v8_ignition,CodeLoad,CodeLoadJQuery,10,314,256,1072,4.1875,0,true,2026-09-27T17:23:23.745222+00:00,--max-opt=0 --no-lazy,Date.now,1113755900,0,20f796e914b6995cc6114a2de2953e5cf5dd579501264d69dd26188909f790af,"[""C:\\Users\\mzyx\\Desktop\\0921\\js-interpreter-bench\\engines\\v8-official-15.6.21\\runtime\\d8.exe"", ""--snapshot_blob=C:\\Users\\mzyx\\Desktop\\0921\\js-interpreter-bench\\engines\\v8-official-15.6.21\\runtime\\snapshot_blob.bin"", ""--max-opt=0"", ""--no-lazy"", ""C:\\Users\\mzyx\\Desktop\\0921\\js-interpreter-bench\\experiments\\octane_strict\\generated\\CodeLoad.CodeLoadJQuery.js"", ""--"", ""STRICT_CONFIG={\""N\"":256,\""mode\"":\""measure\"",\""timer\"":\""Date.now\""}""]","OCTANE_STRICT_RESULT:{""suite"":""CodeLoad"",""benchmark"":""CodeLoadJQuery"",""N"":256,""mode"":""measure"",""timer"":""Date.now"",""elapsed_ms"":1072,""elapsed_per_call_ms"":4.1875,""extra_validation_calls"":0,""correctness"":""PASS""}",,
quickjs,Richards,Richards,10,315,512,1897,3.705078125,0,true,2026-09-27T17:23:25.664343+00:00,,Date.now,1907253200,0,d2207c68ebcf5db16fd42f8eb04fe21239b5f4726e5d3734ebd3c059754126a8,"[""C:\\Users\\mzyx\\Desktop\\0921\\js-interpreter-bench\\engines\\quickjs-upstream\\qjs.exe"", ""C:\\Users\\mzyx\\Desktop\\0921\\js-interpreter-bench\\experiments\\octane_strict\\generated\\Richards.Richards.js"", ""STRICT_CONFIG={\""N\"":512,\""mode\"":\""measure\"",\""timer\"":\""Date.now\""}""]","OCTANE_STRICT_RESULT:{""suite"":""Richards"",""benchmark"":""Richards"",""N"":512,""mode"":""measure"",""timer"":""Date.now"",""elapsed_ms"":1897,""elapsed_per_call_ms"":3.705078125,""extra_validation_calls"":0,""correctness"":""PASS""}",,
v8_ignition,Richards,Richards,10,316,512,1079,2.107421875,0,true,2026-09-27T17:23:26.789205+00:00,--max-opt=0 --no-lazy,Date.now,1113900500,0,d2207c68ebcf5db16fd42f8eb04fe21239b5f4726e5d3734ebd3c059754126a8,"[""C:\\Users\\mzyx\\Desktop\\0921\\js-interpreter-bench\\engines\\v8-official-15.6.21\\runtime\\d8.exe"", ""--snapshot_blob=C:\\Users\\mzyx\\Desktop\\0921\\js-interpreter-bench\\engines\\v8-official-15.6.21\\runtime\\snapshot_blob.bin"", ""--max-opt=0"", ""--no-lazy"", ""C:\\Users\\mzyx\\Desktop\\0921\\js-interpreter-bench\\experiments\\octane_strict\\generated\\Richards.Richards.js"", ""--"", ""STRICT_CONFIG={\""N\"":512,\""mode\"":\""measure\"",\""timer\"":\""Date.now\""}""]","OCTANE_STRICT_RESULT:{""suite"":""Richards"",""benchmark"":""Richards"",""N"":512,""mode"":""measure"",""timer"":""Date.now"",""elapsed_ms"":1079,""elapsed_per_call_ms"":2.107421875,""extra_validation_calls"":0,""correctness"":""PASS""}",,
quickjs,EarleyBoyer,Boyer,10,317,32,3686,115.1875,0,true,2026-09-27T17:23:30.510959+00:00,,Date.now,3709155500,0,e6d4262bd967274f8c7b66181bd6e39a9851606524faae200584e064d21b43b8,"[""C:\\Users\\mzyx\\Desktop\\0921\\js-interpreter-bench\\engines\\quickjs-upstream\\qjs.exe"", ""C:\\Users\\mzyx\\Desktop\\0921\\js-interpreter-bench\\experiments\\octane_strict\\generated\\EarleyBoyer.Boyer.js"", ""STRICT_CONFIG={\""N\"":32,\""mode\"":\""measure\"",\""timer\"":\""Date.now\""}""]","OCTANE_STRICT_RESULT:{""suite"":""EarleyBoyer"",""benchmark"":""Boyer"",""N"":32,""mode"":""measure"",""timer"":""Date.now"",""elapsed_ms"":3686,""elapsed_per_call_ms"":115.1875,""extra_validation_calls"":0,""correctness"":""PASS""}",,
v8_ignition,EarleyBoyer,Boyer,10,318,32,1330,41.5625,0,true,2026-09-27T17:23:31.909498+00:00,--max-opt=0 --no-lazy,Date.now,1380993400,0,e6d4262bd967274f8c7b66181bd6e39a9851606524faae200584e064d21b43b8,"[""C:\\Users\\mzyx\\Desktop\\0921\\js-interpreter-bench\\engines\\v8-official-15.6.21\\runtime\\d8.exe"", ""--snapshot_blob=C:\\Users\\mzyx\\Desktop\\0921\\js-interpreter-bench\\engines\\v8-official-15.6.21\\runtime\\snapshot_blob.bin"", ""--max-opt=0"", ""--no-lazy"", ""C:\\Users\\mzyx\\Desktop\\0921\\js-interpreter-bench\\experiments\\octane_strict\\generated\\EarleyBoyer.Boyer.js"", ""--"", ""STRICT_CONFIG={\""N\"":32,\""mode\"":\""measure\"",\""timer\"":\""Date.now\""}""]","OCTANE_STRICT_RESULT:{""suite"":""EarleyBoyer"",""benchmark"":""Boyer"",""N"":32,""mode"":""measure"",""timer"":""Date.now"",""elapsed_ms"":1330,""elapsed_per_call_ms"":41.5625,""extra_validation_calls"":0,""correctness"":""PASS""}",,
v8_ignition,Crypto,Decrypt,10,319,16,1383,86.4375,0,true,2026-09-27T17:23:33.348630+00:00,--max-opt=0 --no-lazy,Date.now,1426196900,0,974b320858e72132edd4dd56da2f4582cbe4e99b10027c89dfa44b1ea1cd4591,"[""C:\\Users\\mzyx\\Desktop\\0921\\js-interpreter-bench\\engines\\v8-official-15.6.21\\runtime\\d8.exe"", ""--snapshot_blob=C:\\Users\\mzyx\\Desktop\\0921\\js-interpreter-bench\\engines\\v8-official-15.6.21\\runtime\\snapshot_blob.bin"", ""--max-opt=0"", ""--no-lazy"", ""C:\\Users\\mzyx\\Desktop\\0921\\js-interpreter-bench\\experiments\\octane_strict\\generated\\Crypto.Decrypt.js"", ""--"", ""STRICT_CONFIG={\""N\"":16,\""mode\"":\""measure\"",\""timer\"":\""Date.now\""}""]","OCTANE_STRICT_RESULT:{""suite"":""Crypto"",""benchmark"":""Decrypt"",""N"":16,""mode"":""measure"",""timer"":""Date.now"",""elapsed_ms"":1383,""elapsed_per_call_ms"":86.4375,""extra_validation_calls"":0,""correctness"":""PASS""}",,
quickjs,Crypto,Decrypt,10,320,16,1567,97.9375,0,true,2026-09-27T17:23:34.945625+00:00,,Date.now,1586293500,0,974b320858e72132edd4dd56da2f4582cbe4e99b10027c89dfa44b1ea1cd4591,"[""C:\\Users\\mzyx\\Desktop\\0921\\js-interpreter-bench\\engines\\quickjs-upstream\\qjs.exe"", ""C:\\Users\\mzyx\\Desktop\\0921\\js-interpreter-bench\\experiments\\octane_strict\\generated\\Crypto.Decrypt.js"", ""STRICT_CONFIG={\""N\"":16,\""mode\"":\""measure\"",\""timer\"":\""Date.now\""}""]","OCTANE_STRICT_RESULT:{""suite"":""Crypto"",""benchmark"":""Decrypt"",""N"":16,""mode"":""measure"",""timer"":""Date.now"",""elapsed_ms"":1567,""elapsed_per_call_ms"":97.9375,""extra_validation_calls"":0,""correctness"":""PASS""}",,
quickjs,DeltaBlue,DeltaBlue,11,321,512,3876,7.5703125,0,true,2026-09-27T17:23:38.848822+00:00,,Date.now,3886687500,0,8542689bb308963c4feefd143c1707791e271d609ef4c476eb9c3dfdeeec539f,"[""C:\\Users\\mzyx\\Desktop\\0921\\js-interpreter-bench\\engines\\quickjs-upstream\\qjs.exe"", ""C:\\Users\\mzyx\\Desktop\\0921\\js-interpreter-bench\\experiments\\octane_strict\\generated\\DeltaBlue.DeltaBlue.js"", ""STRICT_CONFIG={\""N\"":512,\""mode\"":\""measure\"",\""timer\"":\""Date.now\""}""]","OCTANE_STRICT_RESULT:{""suite"":""DeltaBlue"",""benchmark"":""DeltaBlue"",""N"":512,""mode"":""measure"",""timer"":""Date.now"",""elapsed_ms"":3876,""elapsed_per_call_ms"":7.5703125,""extra_validation_calls"":0,""correctness"":""PASS""}",,
v8_ignition,DeltaBlue,DeltaBlue,11,322,512,1875,3.662109375,0,true,2026-09-27T17:23:40.776856+00:00,--max-opt=0 --no-lazy,Date.now,1910573000,0,8542689bb308963c4feefd143c1707791e271d609ef4c476eb9c3dfdeeec539f,"[""C:\\Users\\mzyx\\Desktop\\0921\\js-interpreter-bench\\engines\\v8-official-15.6.21\\runtime\\d8.exe"", ""--snapshot_blob=C:\\Users\\mzyx\\Desktop\\0921\\js-interpreter-bench\\engines\\v8-official-15.6.21\\runtime\\snapshot_blob.bin"", ""--max-opt=0"", ""--no-lazy"", ""C:\\Users\\mzyx\\Desktop\\0921\\js-interpreter-bench\\experiments\\octane_strict\\generated\\DeltaBlue.DeltaBlue.js"", ""--"", ""STRICT_CONFIG={\""N\"":512,\""mode\"":\""measure\"",\""timer\"":\""Date.now\""}""]","OCTANE_STRICT_RESULT:{""suite"":""DeltaBlue"",""benchmark"":""DeltaBlue"",""N"":512,""mode"":""measure"",""timer"":""Date.now"",""elapsed_ms"":1875,""elapsed_per_call_ms"":3.662109375,""extra_validation_calls"":0,""correctness"":""PASS""}",,
v8_ignition,EarleyBoyer,Boyer,11,323,32,1280,40,0,true,2026-09-27T17:23:42.113865+00:00,--max-opt=0 --no-lazy,Date.now,1325635000,0,e6d4262bd967274f8c7b66181bd6e39a9851606524faae200584e064d21b43b8,"[""C:\\Users\\mzyx\\Desktop\\0921\\js-interpreter-bench\\engines\\v8-official-15.6.21\\runtime\\d8.exe"", ""--snapshot_blob=C:\\Users\\mzyx\\Desktop\\0921\\js-interpreter-bench\\engines\\v8-official-15.6.21\\runtime\\snapshot_blob.bin"", ""--max-opt=0"", ""--no-lazy"", ""C:\\Users\\mzyx\\Desktop\\0921\\js-interpreter-bench\\experiments\\octane_strict\\generated\\EarleyBoyer.Boyer.js"", ""--"", ""STRICT_CONFIG={\""N\"":32,\""mode\"":\""measure\"",\""timer\"":\""Date.now\""}""]","OCTANE_STRICT_RESULT:{""suite"":""EarleyBoyer"",""benchmark"":""Boyer"",""N"":32,""mode"":""measure"",""timer"":""Date.now"",""elapsed_ms"":1280,""elapsed_per_call_ms"":40,""extra_validation_calls"":0,""correctness"":""PASS""}",,
quickjs,EarleyBoyer,Boyer,11,324,32,3721,116.28125,0,true,2026-09-27T17:23:45.876075+00:00,,Date.now,3747890400,0,e6d4262bd967274f8c7b66181bd6e39a9851606524faae200584e064d21b43b8,"[""C:\\Users\\mzyx\\Desktop\\0921\\js-interpreter-bench\\engines\\quickjs-upstream\\qjs.exe"", ""C:\\Users\\mzyx\\Desktop\\0921\\js-interpreter-bench\\experiments\\octane_strict\\generated\\EarleyBoyer.Boyer.js"", ""STRICT_CONFIG={\""N\"":32,\""mode\"":\""measure\"",\""timer\"":\""Date.now\""}""]","OCTANE_STRICT_RESULT:{""suite"":""EarleyBoyer"",""benchmark"":""Boyer"",""N"":32,""mode"":""measure"",""timer"":""Date.now"",""elapsed_ms"":3721,""elapsed_per_call_ms"":116.28125,""extra_validation_calls"":0,""correctness"":""PASS""}",,
v8_ignition,Gameboy,Gameboy,11,325,4,1184,296,0,true,2026-09-27T17:23:47.136694+00:00,--max-opt=0 --no-lazy,Date.now,1244786000,0,3fc599b60ec8be6d0ab60d00add662dde31374ecb5b24167384d72d325a08a21,"[""C:\\Users\\mzyx\\Desktop\\0921\\js-interpreter-bench\\engines\\v8-official-15.6.21\\runtime\\d8.exe"", ""--snapshot_blob=C:\\Users\\mzyx\\Desktop\\0921\\js-interpreter-bench\\engines\\v8-official-15.6.21\\runtime\\snapshot_blob.bin"", ""--max-opt=0"", ""--no-lazy"", ""C:\\Users\\mzyx\\Desktop\\0921\\js-interpreter-bench\\experiments\\octane_strict\\generated\\Gameboy.Gameboy.js"", ""--"", ""STRICT_CONFIG={\""N\"":4,\""mode\"":\""measure\"",\""timer\"":\""Date.now\""}""]","OCTANE_STRICT_RESULT:{""suite"":""Gameboy"",""benchmark"":""Gameboy"",""N"":4,""mode"":""measure"",""timer"":""Date.now"",""elapsed_ms"":1184,""elapsed_per_call_ms"":296,""extra_validation_calls"":0,""correctness"":""PASS""}",,
quickjs,Gameboy,Gameboy,11,326,4,1446,361.5,0,true,2026-09-27T17:23:48.638006+00:00,,Date.now,1489854400,0,3fc599b60ec8be6d0ab60d00add662dde31374ecb5b24167384d72d325a08a21,"[""C:\\Users\\mzyx\\Desktop\\0921\\js-interpreter-bench\\engines\\quickjs-upstream\\qjs.exe"", ""C:\\Users\\mzyx\\Desktop\\0921\\js-interpreter-bench\\experiments\\octane_strict\\generated\\Gameboy.Gameboy.js"", ""STRICT_CONFIG={\""N\"":4,\""mode\"":\""measure\"",\""timer\"":\""Date.now\""}""]","OCTANE_STRICT_RESULT:{""suite"":""Gameboy"",""benchmark"":""Gameboy"",""N"":4,""mode"":""measure"",""timer"":""Date.now"",""elapsed_ms"":1446,""elapsed_per_call_ms"":361.5,""extra_validation_calls"":0,""correctness"":""PASS""}",,
quickjs,CodeLoad,CodeLoadClosure,11,327,4096,2481,0.605712890625,0,true,2026-09-27T17:23:51.270512+00:00,,Date.now,2613984600,0,9c3f2890631a64f3776ae7d0cbc83510f2cadc62313f8e27b4ab278dd94390e8,"[""C:\\Users\\mzyx\\Desktop\\0921\\js-interpreter-bench\\engines\\quickjs-upstream\\qjs.exe"", ""C:\\Users\\mzyx\\Desktop\\0921\\js-interpreter-bench\\experiments\\octane_strict\\generated\\CodeLoad.CodeLoadClosure.js"", ""STRICT_CONFIG={\""N\"":4096,\""mode\"":\""measure\"",\""timer\"":\""Date.now\""}""]","OCTANE_STRICT_RESULT:{""suite"":""CodeLoad"",""benchmark"":""CodeLoadClosure"",""N"":4096,""mode"":""measure"",""timer"":""Date.now"",""elapsed_ms"":2481,""elapsed_per_call_ms"":0.605712890625,""extra_validation_calls"":0,""correctness"":""PASS""}",,
v8_ignition,CodeLoad,CodeLoadClosure,11,328,4096,1179,0.287841796875,0,true,2026-09-27T17:23:52.516135+00:00,--max-opt=0 --no-lazy,Date.now,1229207900,0,9c3f2890631a64f3776ae7d0cbc83510f2cadc62313f8e27b4ab278dd94390e8,"[""C:\\Users\\mzyx\\Desktop\\0921\\js-interpreter-bench\\engines\\v8-official-15.6.21\\runtime\\d8.exe"", ""--snapshot_blob=C:\\Users\\mzyx\\Desktop\\0921\\js-interpreter-bench\\engines\\v8-official-15.6.21\\runtime\\snapshot_blob.bin"", ""--max-opt=0"", ""--no-lazy"", ""C:\\Users\\mzyx\\Desktop\\0921\\js-interpreter-bench\\experiments\\octane_strict\\generated\\CodeLoad.CodeLoadClosure.js"", ""--"", ""STRICT_CONFIG={\""N\"":4096,\""mode\"":\""measure\"",\""timer\"":\""Date.now\""}""]","OCTANE_STRICT_RESULT:{""suite"":""CodeLoad"",""benchmark"":""CodeLoadClosure"",""N"":4096,""mode"":""measure"",""timer"":""Date.now"",""elapsed_ms"":1179,""elapsed_per_call_ms"":0.287841796875,""extra_validation_calls"":0,""correctness"":""PASS""}",,
v8_ignition,CodeLoad,CodeLoadJQuery,11,329,256,1059,4.13671875,0,true,2026-09-27T17:23:53.630503+00:00,--max-opt=0 --no-lazy,Date.now,1102848000,0,20f796e914b6995cc6114a2de2953e5cf5dd579501264d69dd26188909f790af,"[""C:\\Users\\mzyx\\Desktop\\0921\\js-interpreter-bench\\engines\\v8-official-15.6.21\\runtime\\d8.exe"", ""--snapshot_blob=C:\\Users\\mzyx\\Desktop\\0921\\js-interpreter-bench\\engines\\v8-official-15.6.21\\runtime\\snapshot_blob.bin"", ""--max-opt=0"", ""--no-lazy"", ""C:\\Users\\mzyx\\Desktop\\0921\\js-interpreter-bench\\experiments\\octane_strict\\generated\\CodeLoad.CodeLoadJQuery.js"", ""--"", ""STRICT_CONFIG={\""N\"":256,\""mode\"":\""measure\"",\""timer\"":\""Date.now\""}""]","OCTANE_STRICT_RESULT:{""suite"":""CodeLoad"",""benchmark"":""CodeLoadJQuery"",""N"":256,""mode"":""measure"",""timer"":""Date.now"",""elapsed_ms"":1059,""elapsed_per_call_ms"":4.13671875,""extra_validation_calls"":0,""correctness"":""PASS""}",,
quickjs,CodeLoad,CodeLoadJQuery,11,330,256,2789,10.89453125,0,true,2026-09-27T17:23:56.446132+00:00,,Date.now,2803210300,0,20f796e914b6995cc6114a2de2953e5cf5dd579501264d69dd26188909f790af,"[""C:\\Users\\mzyx\\Desktop\\0921\\js-interpreter-bench\\engines\\quickjs-upstream\\qjs.exe"", ""C:\\Users\\mzyx\\Desktop\\0921\\js-interpreter-bench\\experiments\\octane_strict\\generated\\CodeLoad.CodeLoadJQuery.js"", ""STRICT_CONFIG={\""N\"":256,\""mode\"":\""measure\"",\""timer\"":\""Date.now\""}""]","OCTANE_STRICT_RESULT:{""suite"":""CodeLoad"",""benchmark"":""CodeLoadJQuery"",""N"":256,""mode"":""measure"",""timer"":""Date.now"",""elapsed_ms"":2789,""elapsed_per_call_ms"":10.89453125,""extra_validation_calls"":0,""correctness"":""PASS""}",,
quickjs,Mandreel,Mandreel,11,331,1,1825,1825,0,true,2026-09-27T17:23:59.781450+00:00,,Date.now,3311809400,0,64fbf14da4005c4426dcdd6191a5f206fbcd9ce260549e924fd925408614702d,"[""C:\\Users\\mzyx\\Desktop\\0921\\js-interpreter-bench\\engines\\quickjs-upstream\\qjs.exe"", ""C:\\Users\\mzyx\\Desktop\\0921\\js-interpreter-bench\\experiments\\octane_strict\\generated\\Mandreel.Mandreel.js"", ""STRICT_CONFIG={\""N\"":1,\""mode\"":\""measure\"",\""timer\"":\""Date.now\""}""]","OCTANE_STRICT_RESULT:{""suite"":""Mandreel"",""benchmark"":""Mandreel"",""N"":1,""mode"":""measure"",""timer"":""Date.now"",""elapsed_ms"":1825,""elapsed_per_call_ms"":1825,""extra_validation_calls"":0,""correctness"":""PASS""}",,
v8_ignition,Mandreel,Mandreel,11,332,1,1519,1519,0,true,2026-09-27T17:24:02.713472+00:00,--max-opt=0 --no-lazy,Date.now,2910202700,0,64fbf14da4005c4426dcdd6191a5f206fbcd9ce260549e924fd925408614702d,"[""C:\\Users\\mzyx\\Desktop\\0921\\js-interpreter-bench\\engines\\v8-official-15.6.21\\runtime\\d8.exe"", ""--snapshot_blob=C:\\Users\\mzyx\\Desktop\\0921\\js-interpreter-bench\\engines\\v8-official-15.6.21\\runtime\\snapshot_blob.bin"", ""--max-opt=0"", ""--no-lazy"", ""C:\\Users\\mzyx\\Desktop\\0921\\js-interpreter-bench\\experiments\\octane_strict\\generated\\Mandreel.Mandreel.js"", ""--"", ""STRICT_CONFIG={\""N\"":1,\""mode\"":\""measure\"",\""timer\"":\""Date.now\""}""]","OCTANE_STRICT_RESULT:{""suite"":""Mandreel"",""benchmark"":""Mandreel"",""N"":1,""mode"":""measure"",""timer"":""Date.now"",""elapsed_ms"":1519,""elapsed_per_call_ms"":1519,""extra_validation_calls"":0,""correctness"":""PASS""}",,
quickjs,Typescript,Typescript,11,333,1,2041,2041,0,true,2026-09-27T17:24:04.973728+00:00,,Date.now,2241079600,0,135e157d4fd316d69e9afdb0147a5d3f71ff32877fbe7c2febd72041df50deb0,"[""C:\\Users\\mzyx\\Desktop\\0921\\js-interpreter-bench\\engines\\quickjs-upstream\\qjs.exe"", ""C:\\Users\\mzyx\\Desktop\\0921\\js-interpreter-bench\\experiments\\octane_strict\\generated\\Typescript.Typescript.js"", ""STRICT_CONFIG={\""N\"":1,\""mode\"":\""measure\"",\""timer\"":\""Date.now\""}""]","OCTANE_STRICT_RESULT:{""suite"":""Typescript"",""benchmark"":""Typescript"",""N"":1,""mode"":""measure"",""timer"":""Date.now"",""elapsed_ms"":2041,""elapsed_per_call_ms"":2041,""extra_validation_calls"":0,""correctness"":""PASS""}",,
v8_ignition,Typescript,Typescript,11,334,1,1226,1226,0,true,2026-09-27T17:24:06.297593+00:00,--max-opt=0 --no-lazy,Date.now,1302422400,0,135e157d4fd316d69e9afdb0147a5d3f71ff32877fbe7c2febd72041df50deb0,"[""C:\\Users\\mzyx\\Desktop\\0921\\js-interpreter-bench\\engines\\v8-official-15.6.21\\runtime\\d8.exe"", ""--snapshot_blob=C:\\Users\\mzyx\\Desktop\\0921\\js-interpreter-bench\\engines\\v8-official-15.6.21\\runtime\\snapshot_blob.bin"", ""--max-opt=0"", ""--no-lazy"", ""C:\\Users\\mzyx\\Desktop\\0921\\js-interpreter-bench\\experiments\\octane_strict\\generated\\Typescript.Typescript.js"", ""--"", ""STRICT_CONFIG={\""N\"":1,\""mode\"":\""measure\"",\""timer\"":\""Date.now\""}""]","OCTANE_STRICT_RESULT:{""suite"":""Typescript"",""benchmark"":""Typescript"",""N"":1,""mode"":""measure"",""timer"":""Date.now"",""elapsed_ms"":1226,""elapsed_per_call_ms"":1226,""extra_validation_calls"":0,""correctness"":""PASS""}",,
v8_ignition,Crypto,Encrypt,11,335,256,1227,4.79296875,0,true,2026-09-27T17:24:07.669889+00:00,--max-opt=0 --no-lazy,Date.now,1357563900,0,c73b9c8626ff5488b879ff453a865c03adf87602c6d302855f1c6e0f91b57c92,"[""C:\\Users\\mzyx\\Desktop\\0921\\js-interpreter-bench\\engines\\v8-official-15.6.21\\runtime\\d8.exe"", ""--snapshot_blob=C:\\Users\\mzyx\\Desktop\\0921\\js-interpreter-bench\\engines\\v8-official-15.6.21\\runtime\\snapshot_blob.bin"", ""--max-opt=0"", ""--no-lazy"", ""C:\\Users\\mzyx\\Desktop\\0921\\js-interpreter-bench\\experiments\\octane_strict\\generated\\Crypto.Encrypt.js"", ""--"", ""STRICT_CONFIG={\""N\"":256,\""mode\"":\""measure\"",\""timer\"":\""Date.now\""}""]","OCTANE_STRICT_RESULT:{""suite"":""Crypto"",""benchmark"":""Encrypt"",""N"":256,""mode"":""measure"",""timer"":""Date.now"",""elapsed_ms"":1227,""elapsed_per_call_ms"":4.79296875,""extra_validation_calls"":0,""correctness"":""PASS""}",,
quickjs,Crypto,Encrypt,11,336,256,1408,5.5,0,true,2026-09-27T17:24:09.204491+00:00,,Date.now,1523560800,0,c73b9c8626ff5488b879ff453a865c03adf87602c6d302855f1c6e0f91b57c92,"[""C:\\Users\\mzyx\\Desktop\\0921\\js-interpreter-bench\\engines\\quickjs-upstream\\qjs.exe"", ""C:\\Users\\mzyx\\Desktop\\0921\\js-interpreter-bench\\experiments\\octane_strict\\generated\\Crypto.Encrypt.js"", ""STRICT_CONFIG={\""N\"":256,\""mode\"":\""measure\"",\""timer\"":\""Date.now\""}""]","OCTANE_STRICT_RESULT:{""suite"":""Crypto"",""benchmark"":""Encrypt"",""N"":256,""mode"":""measure"",""timer"":""Date.now"",""elapsed_ms"":1408,""elapsed_per_call_ms"":5.5,""extra_validation_calls"":0,""correctness"":""PASS""}",,
quickjs,RegExp,RegExp,11,337,64,14566,227.59375,0,true,2026-09-27T17:24:23.822569+00:00,,Date.now,14601125000,0,881c9e28610ead1d8cbf528614032c48b8faa700f0e4177198bbb22f15a19111,"[""C:\\Users\\mzyx\\Desktop\\0921\\js-interpreter-bench\\engines\\quickjs-upstream\\qjs.exe"", ""C:\\Users\\mzyx\\Desktop\\0921\\js-interpreter-bench\\experiments\\octane_strict\\generated\\RegExp.RegExp.js"", ""STRICT_CONFIG={\""N\"":64,\""mode\"":\""measure\"",\""timer\"":\""Date.now\""}""]","OCTANE_STRICT_RESULT:{""suite"":""RegExp"",""benchmark"":""RegExp"",""N"":64,""mode"":""measure"",""timer"":""Date.now"",""elapsed_ms"":14566,""elapsed_per_call_ms"":227.59375,""extra_validation_calls"":0,""correctness"":""PASS""}",,
v8_ignition,RegExp,RegExp,11,338,64,1259,19.671875,0,true,2026-09-27T17:24:25.154706+00:00,--max-opt=0 --no-lazy,Date.now,1319767900,0,881c9e28610ead1d8cbf528614032c48b8faa700f0e4177198bbb22f15a19111,"[""C:\\Users\\mzyx\\Desktop\\0921\\js-interpreter-bench\\engines\\v8-official-15.6.21\\runtime\\d8.exe"", ""--snapshot_blob=C:\\Users\\mzyx\\Desktop\\0921\\js-interpreter-bench\\engines\\v8-official-15.6.21\\runtime\\snapshot_blob.bin"", ""--max-opt=0"", ""--no-lazy"", ""C:\\Users\\mzyx\\Desktop\\0921\\js-interpreter-bench\\experiments\\octane_strict\\generated\\RegExp.RegExp.js"", ""--"", ""STRICT_CONFIG={\""N\"":64,\""mode\"":\""measure\"",\""timer\"":\""Date.now\""}""]","OCTANE_STRICT_RESULT:{""suite"":""RegExp"",""benchmark"":""RegExp"",""N"":64,""mode"":""measure"",""timer"":""Date.now"",""elapsed_ms"":1259,""elapsed_per_call_ms"":19.671875,""extra_validation_calls"":0,""correctness"":""PASS""}",,
v8_ignition,PdfJS,PdfJS,11,339,16,1698,106.125,0,true,2026-09-27T17:24:27.023839+00:00,--max-opt=0 --no-lazy,Date.now,1854765400,0,f1966230e4a00bc61dc4c00fd600486e941235c3ee8206f897bd148dfd6e630b,"[""C:\\Users\\mzyx\\Desktop\\0921\\js-interpreter-bench\\engines\\v8-official-15.6.21\\runtime\\d8.exe"", ""--snapshot_blob=C:\\Users\\mzyx\\Desktop\\0921\\js-interpreter-bench\\engines\\v8-official-15.6.21\\runtime\\snapshot_blob.bin"", ""--max-opt=0"", ""--no-lazy"", ""C:\\Users\\mzyx\\Desktop\\0921\\js-interpreter-bench\\experiments\\octane_strict\\generated\\PdfJS.PdfJS.js"", ""--"", ""STRICT_CONFIG={\""N\"":16,\""mode\"":\""measure\"",\""timer\"":\""Date.now\""}""]","OCTANE_STRICT_RESULT:{""suite"":""PdfJS"",""benchmark"":""PdfJS"",""N"":16,""mode"":""measure"",""timer"":""Date.now"",""elapsed_ms"":1698,""elapsed_per_call_ms"":106.125,""extra_validation_calls"":0,""correctness"":""PASS""}",,
quickjs,PdfJS,PdfJS,11,340,16,3251,203.1875,0,true,2026-09-27T17:24:30.513299+00:00,,Date.now,3475189900,0,f1966230e4a00bc61dc4c00fd600486e941235c3ee8206f897bd148dfd6e630b,"[""C:\\Users\\mzyx\\Desktop\\0921\\js-interpreter-bench\\engines\\quickjs-upstream\\qjs.exe"", ""C:\\Users\\mzyx\\Desktop\\0921\\js-interpreter-bench\\experiments\\octane_strict\\generated\\PdfJS.PdfJS.js"", ""STRICT_CONFIG={\""N\"":16,\""mode\"":\""measure\"",\""timer\"":\""Date.now\""}""]","OCTANE_STRICT_RESULT:{""suite"":""PdfJS"",""benchmark"":""PdfJS"",""N"":16,""mode"":""measure"",""timer"":""Date.now"",""elapsed_ms"":3251,""elapsed_per_call_ms"":203.1875,""extra_validation_calls"":0,""correctness"":""PASS""}",,
v8_ignition,Richards,Richards,11,341,512,1096,2.140625,0,true,2026-09-27T17:24:31.653394+00:00,--max-opt=0 --no-lazy,Date.now,1134880700,0,d2207c68ebcf5db16fd42f8eb04fe21239b5f4726e5d3734ebd3c059754126a8,"[""C:\\Users\\mzyx\\Desktop\\0921\\js-interpreter-bench\\engines\\v8-official-15.6.21\\runtime\\d8.exe"", ""--snapshot_blob=C:\\Users\\mzyx\\Desktop\\0921\\js-interpreter-bench\\engines\\v8-official-15.6.21\\runtime\\snapshot_blob.bin"", ""--max-opt=0"", ""--no-lazy"", ""C:\\Users\\mzyx\\Desktop\\0921\\js-interpreter-bench\\experiments\\octane_strict\\generated\\Richards.Richards.js"", ""--"", ""STRICT_CONFIG={\""N\"":512,\""mode\"":\""measure\"",\""timer\"":\""Date.now\""}""]","OCTANE_STRICT_RESULT:{""suite"":""Richards"",""benchmark"":""Richards"",""N"":512,""mode"":""measure"",""timer"":""Date.now"",""elapsed_ms"":1096,""elapsed_per_call_ms"":2.140625,""extra_validation_calls"":0,""correctness"":""PASS""}",,
quickjs,Richards,Richards,11,342,512,1944,3.796875,0,true,2026-09-27T17:24:33.622561+00:00,,Date.now,1956044300,0,d2207c68ebcf5db16fd42f8eb04fe21239b5f4726e5d3734ebd3c059754126a8,"[""C:\\Users\\mzyx\\Desktop\\0921\\js-interpreter-bench\\engines\\quickjs-upstream\\qjs.exe"", ""C:\\Users\\mzyx\\Desktop\\0921\\js-interpreter-bench\\experiments\\octane_strict\\generated\\Richards.Richards.js"", ""STRICT_CONFIG={\""N\"":512,\""mode\"":\""measure\"",\""timer\"":\""Date.now\""}""]","OCTANE_STRICT_RESULT:{""suite"":""Richards"",""benchmark"":""Richards"",""N"":512,""mode"":""measure"",""timer"":""Date.now"",""elapsed_ms"":1944,""elapsed_per_call_ms"":3.796875,""extra_validation_calls"":0,""correctness"":""PASS""}",,
v8_ignition,RayTrace,RayTrace,11,343,64,1093,17.078125,0,true,2026-09-27T17:24:34.770159+00:00,--max-opt=0 --no-lazy,Date.now,1135147100,0,fb0af35ee1cbd7396c6b23184a123f87ce6f9d1d8e29a2dcbc3bf86a98f3ae33,"[""C:\\Users\\mzyx\\Desktop\\0921\\js-interpreter-bench\\engines\\v8-official-15.6.21\\runtime\\d8.exe"", ""--snapshot_blob=C:\\Users\\mzyx\\Desktop\\0921\\js-interpreter-bench\\engines\\v8-official-15.6.21\\runtime\\snapshot_blob.bin"", ""--max-opt=0"", ""--no-lazy"", ""C:\\Users\\mzyx\\Desktop\\0921\\js-interpreter-bench\\experiments\\octane_strict\\generated\\RayTrace.RayTrace.js"", ""--"", ""STRICT_CONFIG={\""N\"":64,\""mode\"":\""measure\"",\""timer\"":\""Date.now\""}""]","OCTANE_STRICT_RESULT:{""suite"":""RayTrace"",""benchmark"":""RayTrace"",""N"":64,""mode"":""measure"",""timer"":""Date.now"",""elapsed_ms"":1093,""elapsed_per_call_ms"":17.078125,""extra_validation_calls"":0,""correctness"":""PASS""}",,
quickjs,RayTrace,RayTrace,11,344,64,2580,40.3125,0,true,2026-09-27T17:24:37.374839+00:00,,Date.now,2594418600,0,fb0af35ee1cbd7396c6b23184a123f87ce6f9d1d8e29a2dcbc3bf86a98f3ae33,"[""C:\\Users\\mzyx\\Desktop\\0921\\js-interpreter-bench\\engines\\quickjs-upstream\\qjs.exe"", ""C:\\Users\\mzyx\\Desktop\\0921\\js-interpreter-bench\\experiments\\octane_strict\\generated\\RayTrace.RayTrace.js"", ""STRICT_CONFIG={\""N\"":64,\""mode\"":\""measure\"",\""timer\"":\""Date.now\""}""]","OCTANE_STRICT_RESULT:{""suite"":""RayTrace"",""benchmark"":""RayTrace"",""N"":64,""mode"":""measure"",""timer"":""Date.now"",""elapsed_ms"":2580,""elapsed_per_call_ms"":40.3125,""extra_validation_calls"":0,""correctness"":""PASS""}",,
quickjs,NavierStokes,NavierStokes,11,345,32,1921,60.03125,0,true,2026-09-27T17:24:39.330703+00:00,,Date.now,1938767000,0,e86c3b0056fae99b5f0ffdb7d093b565b02987eef458b2c07ecb3fc39700ee3c,"[""C:\\Users\\mzyx\\Desktop\\0921\\js-interpreter-bench\\engines\\quickjs-upstream\\qjs.exe"", ""C:\\Users\\mzyx\\Desktop\\0921\\js-interpreter-bench\\experiments\\octane_strict\\generated\\NavierStokes.NavierStokes.js"", ""STRICT_CONFIG={\""N\"":32,\""mode\"":\""measure\"",\""timer\"":\""Date.now\""}""]","OCTANE_STRICT_RESULT:{""suite"":""NavierStokes"",""benchmark"":""NavierStokes"",""N"":32,""mode"":""measure"",""timer"":""Date.now"",""elapsed_ms"":1921,""elapsed_per_call_ms"":60.03125,""extra_validation_calls"":0,""correctness"":""PASS""}",,
v8_ignition,NavierStokes,NavierStokes,11,346,32,2349,73.40625,0,true,2026-09-27T17:24:41.734801+00:00,--max-opt=0 --no-lazy,Date.now,2391219600,0,e86c3b0056fae99b5f0ffdb7d093b565b02987eef458b2c07ecb3fc39700ee3c,"[""C:\\Users\\mzyx\\Desktop\\0921\\js-interpreter-bench\\engines\\v8-official-15.6.21\\runtime\\d8.exe"", ""--snapshot_blob=C:\\Users\\mzyx\\Desktop\\0921\\js-interpreter-bench\\engines\\v8-official-15.6.21\\runtime\\snapshot_blob.bin"", ""--max-opt=0"", ""--no-lazy"", ""C:\\Users\\mzyx\\Desktop\\0921\\js-interpreter-bench\\experiments\\octane_strict\\generated\\NavierStokes.NavierStokes.js"", ""--"", ""STRICT_CONFIG={\""N\"":32,\""mode\"":\""measure\"",\""timer\"":\""Date.now\""}""]","OCTANE_STRICT_RESULT:{""suite"":""NavierStokes"",""benchmark"":""NavierStokes"",""N"":32,""mode"":""measure"",""timer"":""Date.now"",""elapsed_ms"":2349,""elapsed_per_call_ms"":73.40625,""extra_validation_calls"":0,""correctness"":""PASS""}",,
quickjs,EarleyBoyer,Earley,11,347,512,3763,7.349609375,0,true,2026-09-27T17:24:45.532211+00:00,,Date.now,3786378700,0,c3ef3fbdd43f0dd5865a1652fa447c774869e86efba25ad910dffdea953f80a2,"[""C:\\Users\\mzyx\\Desktop\\0921\\js-interpreter-bench\\engines\\quickjs-upstream\\qjs.exe"", ""C:\\Users\\mzyx\\Desktop\\0921\\js-interpreter-bench\\experiments\\octane_strict\\generated\\EarleyBoyer.Earley.js"", ""STRICT_CONFIG={\""N\"":512,\""mode\"":\""measure\"",\""timer\"":\""Date.now\""}""]","OCTANE_STRICT_RESULT:{""suite"":""EarleyBoyer"",""benchmark"":""Earley"",""N"":512,""mode"":""measure"",""timer"":""Date.now"",""elapsed_ms"":3763,""elapsed_per_call_ms"":7.349609375,""extra_validation_calls"":0,""correctness"":""PASS""}",,
v8_ignition,EarleyBoyer,Earley,11,348,512,1099,2.146484375,0,true,2026-09-27T17:24:46.691815+00:00,--max-opt=0 --no-lazy,Date.now,1142352200,0,c3ef3fbdd43f0dd5865a1652fa447c774869e86efba25ad910dffdea953f80a2,"[""C:\\Users\\mzyx\\Desktop\\0921\\js-interpreter-bench\\engines\\v8-official-15.6.21\\runtime\\d8.exe"", ""--snapshot_blob=C:\\Users\\mzyx\\Desktop\\0921\\js-interpreter-bench\\engines\\v8-official-15.6.21\\runtime\\snapshot_blob.bin"", ""--max-opt=0"", ""--no-lazy"", ""C:\\Users\\mzyx\\Desktop\\0921\\js-interpreter-bench\\experiments\\octane_strict\\generated\\EarleyBoyer.Earley.js"", ""--"", ""STRICT_CONFIG={\""N\"":512,\""mode\"":\""measure\"",\""timer\"":\""Date.now\""}""]","OCTANE_STRICT_RESULT:{""suite"":""EarleyBoyer"",""benchmark"":""Earley"",""N"":512,""mode"":""measure"",""timer"":""Date.now"",""elapsed_ms"":1099,""elapsed_per_call_ms"":2.146484375,""extra_validation_calls"":0,""correctness"":""PASS""}",,
v8_ignition,Splay,Splay,11,349,2048,1824,0.890625,0,true,2026-09-27T17:24:48.665782+00:00,--max-opt=0 --no-lazy,Date.now,1958781100,0,d6372414234d150c814a6933257aa8c98a8c6260b0d72a71ee0d08d0ee6fb17a,"[""C:\\Users\\mzyx\\Desktop\\0921\\js-interpreter-bench\\engines\\v8-official-15.6.21\\runtime\\d8.exe"", ""--snapshot_blob=C:\\Users\\mzyx\\Desktop\\0921\\js-interpreter-bench\\engines\\v8-official-15.6.21\\runtime\\snapshot_blob.bin"", ""--max-opt=0"", ""--no-lazy"", ""C:\\Users\\mzyx\\Desktop\\0921\\js-interpreter-bench\\experiments\\octane_strict\\generated\\Splay.Splay.js"", ""--"", ""STRICT_CONFIG={\""N\"":2048,\""mode\"":\""measure\"",\""timer\"":\""Date.now\""}""]","OCTANE_STRICT_RESULT:{""suite"":""Splay"",""benchmark"":""Splay"",""N"":2048,""mode"":""measure"",""timer"":""Date.now"",""elapsed_ms"":1824,""elapsed_per_call_ms"":0.890625,""extra_validation_calls"":0,""correctness"":""PASS""}",,
quickjs,Splay,Splay,11,350,2048,4526,2.2099609375,0,true,2026-09-27T17:24:53.625954+00:00,,Date.now,4948262800,0,d6372414234d150c814a6933257aa8c98a8c6260b0d72a71ee0d08d0ee6fb17a,"[""C:\\Users\\mzyx\\Desktop\\0921\\js-interpreter-bench\\engines\\quickjs-upstream\\qjs.exe"", ""C:\\Users\\mzyx\\Desktop\\0921\\js-interpreter-bench\\experiments\\octane_strict\\generated\\Splay.Splay.js"", ""STRICT_CONFIG={\""N\"":2048,\""mode\"":\""measure\"",\""timer\"":\""Date.now\""}""]","OCTANE_STRICT_RESULT:{""suite"":""Splay"",""benchmark"":""Splay"",""N"":2048,""mode"":""measure"",""timer"":""Date.now"",""elapsed_ms"":4526,""elapsed_per_call_ms"":2.2099609375,""extra_validation_calls"":0,""correctness"":""PASS""}",,
quickjs,Crypto,Decrypt,11,351,16,1607,100.4375,0,true,2026-09-27T17:24:55.270251+00:00,,Date.now,1627956200,0,974b320858e72132edd4dd56da2f4582cbe4e99b10027c89dfa44b1ea1cd4591,"[""C:\\Users\\mzyx\\Desktop\\0921\\js-interpreter-bench\\engines\\quickjs-upstream\\qjs.exe"", ""C:\\Users\\mzyx\\Desktop\\0921\\js-interpreter-bench\\experiments\\octane_strict\\generated\\Crypto.Decrypt.js"", ""STRICT_CONFIG={\""N\"":16,\""mode\"":\""measure\"",\""timer\"":\""Date.now\""}""]","OCTANE_STRICT_RESULT:{""suite"":""Crypto"",""benchmark"":""Decrypt"",""N"":16,""mode"":""measure"",""timer"":""Date.now"",""elapsed_ms"":1607,""elapsed_per_call_ms"":100.4375,""extra_validation_calls"":0,""correctness"":""PASS""}",,
v8_ignition,Crypto,Decrypt,11,352,16,1395,87.1875,0,true,2026-09-27T17:24:56.731981+00:00,--max-opt=0 --no-lazy,Date.now,1443873900,0,974b320858e72132edd4dd56da2f4582cbe4e99b10027c89dfa44b1ea1cd4591,"[""C:\\Users\\mzyx\\Desktop\\0921\\js-interpreter-bench\\engines\\v8-official-15.6.21\\runtime\\d8.exe"", ""--snapshot_blob=C:\\Users\\mzyx\\Desktop\\0921\\js-interpreter-bench\\engines\\v8-official-15.6.21\\runtime\\snapshot_blob.bin"", ""--max-opt=0"", ""--no-lazy"", ""C:\\Users\\mzyx\\Desktop\\0921\\js-interpreter-bench\\experiments\\octane_strict\\generated\\Crypto.Decrypt.js"", ""--"", ""STRICT_CONFIG={\""N\"":16,\""mode\"":\""measure\"",\""timer\"":\""Date.now\""}""]","OCTANE_STRICT_RESULT:{""suite"":""Crypto"",""benchmark"":""Decrypt"",""N"":16,""mode"":""measure"",""timer"":""Date.now"",""elapsed_ms"":1395,""elapsed_per_call_ms"":87.1875,""extra_validation_calls"":0,""correctness"":""PASS""}",,
quickjs,Crypto,Encrypt,12,353,256,1345,5.25390625,0,true,2026-09-27T17:24:58.206477+00:00,,Date.now,1462357700,0,c73b9c8626ff5488b879ff453a865c03adf87602c6d302855f1c6e0f91b57c92,"[""C:\\Users\\mzyx\\Desktop\\0921\\js-interpreter-bench\\engines\\quickjs-upstream\\qjs.exe"", ""C:\\Users\\mzyx\\Desktop\\0921\\js-interpreter-bench\\experiments\\octane_strict\\generated\\Crypto.Encrypt.js"", ""STRICT_CONFIG={\""N\"":256,\""mode\"":\""measure\"",\""timer\"":\""Date.now\""}""]","OCTANE_STRICT_RESULT:{""suite"":""Crypto"",""benchmark"":""Encrypt"",""N"":256,""mode"":""measure"",""timer"":""Date.now"",""elapsed_ms"":1345,""elapsed_per_call_ms"":5.25390625,""extra_validation_calls"":0,""correctness"":""PASS""}",,
v8_ignition,Crypto,Encrypt,12,354,256,1210,4.7265625,0,true,2026-09-27T17:24:59.565805+00:00,--max-opt=0 --no-lazy,Date.now,1342844900,0,c73b9c8626ff5488b879ff453a865c03adf87602c6d302855f1c6e0f91b57c92,"[""C:\\Users\\mzyx\\Desktop\\0921\\js-interpreter-bench\\engines\\v8-official-15.6.21\\runtime\\d8.exe"", ""--snapshot_blob=C:\\Users\\mzyx\\Desktop\\0921\\js-interpreter-bench\\engines\\v8-official-15.6.21\\runtime\\snapshot_blob.bin"", ""--max-opt=0"", ""--no-lazy"", ""C:\\Users\\mzyx\\Desktop\\0921\\js-interpreter-bench\\experiments\\octane_strict\\generated\\Crypto.Encrypt.js"", ""--"", ""STRICT_CONFIG={\""N\"":256,\""mode\"":\""measure\"",\""timer\"":\""Date.now\""}""]","OCTANE_STRICT_RESULT:{""suite"":""Crypto"",""benchmark"":""Encrypt"",""N"":256,""mode"":""measure"",""timer"":""Date.now"",""elapsed_ms"":1210,""elapsed_per_call_ms"":4.7265625,""extra_validation_calls"":0,""correctness"":""PASS""}",,
v8_ignition,EarleyBoyer,Earley,12,355,512,1094,2.13671875,0,true,2026-09-27T17:25:00.711936+00:00,--max-opt=0 --no-lazy,Date.now,1134228900,0,c3ef3fbdd43f0dd5865a1652fa447c774869e86efba25ad910dffdea953f80a2,"[""C:\\Users\\mzyx\\Desktop\\0921\\js-interpreter-bench\\engines\\v8-official-15.6.21\\runtime\\d8.exe"", ""--snapshot_blob=C:\\Users\\mzyx\\Desktop\\0921\\js-interpreter-bench\\engines\\v8-official-15.6.21\\runtime\\snapshot_blob.bin"", ""--max-opt=0"", ""--no-lazy"", ""C:\\Users\\mzyx\\Desktop\\0921\\js-interpreter-bench\\experiments\\octane_strict\\generated\\EarleyBoyer.Earley.js"", ""--"", ""STRICT_CONFIG={\""N\"":512,\""mode\"":\""measure\"",\""timer\"":\""Date.now\""}""]","OCTANE_STRICT_RESULT:{""suite"":""EarleyBoyer"",""benchmark"":""Earley"",""N"":512,""mode"":""measure"",""timer"":""Date.now"",""elapsed_ms"":1094,""elapsed_per_call_ms"":2.13671875,""extra_validation_calls"":0,""correctness"":""PASS""}",,
quickjs,EarleyBoyer,Earley,12,356,512,3764,7.3515625,0,true,2026-09-27T17:25:04.507008+00:00,,Date.now,3783856300,0,c3ef3fbdd43f0dd5865a1652fa447c774869e86efba25ad910dffdea953f80a2,"[""C:\\Users\\mzyx\\Desktop\\0921\\js-interpreter-bench\\engines\\quickjs-upstream\\qjs.exe"", ""C:\\Users\\mzyx\\Desktop\\0921\\js-interpreter-bench\\experiments\\octane_strict\\generated\\EarleyBoyer.Earley.js"", ""STRICT_CONFIG={\""N\"":512,\""mode\"":\""measure\"",\""timer\"":\""Date.now\""}""]","OCTANE_STRICT_RESULT:{""suite"":""EarleyBoyer"",""benchmark"":""Earley"",""N"":512,""mode"":""measure"",""timer"":""Date.now"",""elapsed_ms"":3764,""elapsed_per_call_ms"":7.3515625,""extra_validation_calls"":0,""correctness"":""PASS""}",,
v8_ignition,DeltaBlue,DeltaBlue,12,357,512,1858,3.62890625,0,true,2026-09-27T17:25:06.420245+00:00,--max-opt=0 --no-lazy,Date.now,1898953300,0,8542689bb308963c4feefd143c1707791e271d609ef4c476eb9c3dfdeeec539f,"[""C:\\Users\\mzyx\\Desktop\\0921\\js-interpreter-bench\\engines\\v8-official-15.6.21\\runtime\\d8.exe"", ""--snapshot_blob=C:\\Users\\mzyx\\Desktop\\0921\\js-interpreter-bench\\engines\\v8-official-15.6.21\\runtime\\snapshot_blob.bin"", ""--max-opt=0"", ""--no-lazy"", ""C:\\Users\\mzyx\\Desktop\\0921\\js-interpreter-bench\\experiments\\octane_strict\\generated\\DeltaBlue.DeltaBlue.js"", ""--"", ""STRICT_CONFIG={\""N\"":512,\""mode\"":\""measure\"",\""timer\"":\""Date.now\""}""]","OCTANE_STRICT_RESULT:{""suite"":""DeltaBlue"",""benchmark"":""DeltaBlue"",""N"":512,""mode"":""measure"",""timer"":""Date.now"",""elapsed_ms"":1858,""elapsed_per_call_ms"":3.62890625,""extra_validation_calls"":0,""correctness"":""PASS""}",,
quickjs,DeltaBlue,DeltaBlue,12,358,512,3831,7.482421875,0,true,2026-09-27T17:25:10.277051+00:00,,Date.now,3845695600,0,8542689bb308963c4feefd143c1707791e271d609ef4c476eb9c3dfdeeec539f,"[""C:\\Users\\mzyx\\Desktop\\0921\\js-interpreter-bench\\engines\\quickjs-upstream\\qjs.exe"", ""C:\\Users\\mzyx\\Desktop\\0921\\js-interpreter-bench\\experiments\\octane_strict\\generated\\DeltaBlue.DeltaBlue.js"", ""STRICT_CONFIG={\""N\"":512,\""mode\"":\""measure\"",\""timer\"":\""Date.now\""}""]","OCTANE_STRICT_RESULT:{""suite"":""DeltaBlue"",""benchmark"":""DeltaBlue"",""N"":512,""mode"":""measure"",""timer"":""Date.now"",""elapsed_ms"":3831,""elapsed_per_call_ms"":7.482421875,""extra_validation_calls"":0,""correctness"":""PASS""}",,
v8_ignition,Crypto,Decrypt,12,359,16,1452,90.75,0,true,2026-09-27T17:25:11.788406+00:00,--max-opt=0 --no-lazy,Date.now,1494144800,0,974b320858e72132edd4dd56da2f4582cbe4e99b10027c89dfa44b1ea1cd4591,"[""C:\\Users\\mzyx\\Desktop\\0921\\js-interpreter-bench\\engines\\v8-official-15.6.21\\runtime\\d8.exe"", ""--snapshot_blob=C:\\Users\\mzyx\\Desktop\\0921\\js-interpreter-bench\\engines\\v8-official-15.6.21\\runtime\\snapshot_blob.bin"", ""--max-opt=0"", ""--no-lazy"", ""C:\\Users\\mzyx\\Desktop\\0921\\js-interpreter-bench\\experiments\\octane_strict\\generated\\Crypto.Decrypt.js"", ""--"", ""STRICT_CONFIG={\""N\"":16,\""mode\"":\""measure\"",\""timer\"":\""Date.now\""}""]","OCTANE_STRICT_RESULT:{""suite"":""Crypto"",""benchmark"":""Decrypt"",""N"":16,""mode"":""measure"",""timer"":""Date.now"",""elapsed_ms"":1452,""elapsed_per_call_ms"":90.75,""extra_validation_calls"":0,""correctness"":""PASS""}",,
quickjs,Crypto,Decrypt,12,360,16,1617,101.0625,0,true,2026-09-27T17:25:13.437174+00:00,,Date.now,1636792400,0,974b320858e72132edd4dd56da2f4582cbe4e99b10027c89dfa44b1ea1cd4591,"[""C:\\Users\\mzyx\\Desktop\\0921\\js-interpreter-bench\\engines\\quickjs-upstream\\qjs.exe"", ""C:\\Users\\mzyx\\Desktop\\0921\\js-interpreter-bench\\experiments\\octane_strict\\generated\\Crypto.Decrypt.js"", ""STRICT_CONFIG={\""N\"":16,\""mode\"":\""measure\"",\""timer\"":\""Date.now\""}""]","OCTANE_STRICT_RESULT:{""suite"":""Crypto"",""benchmark"":""Decrypt"",""N"":16,""mode"":""measure"",""timer"":""Date.now"",""elapsed_ms"":1617,""elapsed_per_call_ms"":101.0625,""extra_validation_calls"":0,""correctness"":""PASS""}",,
quickjs,Gameboy,Gameboy,12,361,4,1421,355.25,0,true,2026-09-27T17:25:14.916735+00:00,,Date.now,1467211100,0,3fc599b60ec8be6d0ab60d00add662dde31374ecb5b24167384d72d325a08a21,"[""C:\\Users\\mzyx\\Desktop\\0921\\js-interpreter-bench\\engines\\quickjs-upstream\\qjs.exe"", ""C:\\Users\\mzyx\\Desktop\\0921\\js-interpreter-bench\\experiments\\octane_strict\\generated\\Gameboy.Gameboy.js"", ""STRICT_CONFIG={\""N\"":4,\""mode\"":\""measure\"",\""timer\"":\""Date.now\""}""]","OCTANE_STRICT_RESULT:{""suite"":""Gameboy"",""benchmark"":""Gameboy"",""N"":4,""mode"":""measure"",""timer"":""Date.now"",""elapsed_ms"":1421,""elapsed_per_call_ms"":355.25,""extra_validation_calls"":0,""correctness"":""PASS""}",,
v8_ignition,Gameboy,Gameboy,12,362,4,1179,294.75,0,true,2026-09-27T17:25:16.176629+00:00,--max-opt=0 --no-lazy,Date.now,1242203300,0,3fc599b60ec8be6d0ab60d00add662dde31374ecb5b24167384d72d325a08a21,"[""C:\\Users\\mzyx\\Desktop\\0921\\js-interpreter-bench\\engines\\v8-official-15.6.21\\runtime\\d8.exe"", ""--snapshot_blob=C:\\Users\\mzyx\\Desktop\\0921\\js-interpreter-bench\\engines\\v8-official-15.6.21\\runtime\\snapshot_blob.bin"", ""--max-opt=0"", ""--no-lazy"", ""C:\\Users\\mzyx\\Desktop\\0921\\js-interpreter-bench\\experiments\\octane_strict\\generated\\Gameboy.Gameboy.js"", ""--"", ""STRICT_CONFIG={\""N\"":4,\""mode\"":\""measure\"",\""timer\"":\""Date.now\""}""]","OCTANE_STRICT_RESULT:{""suite"":""Gameboy"",""benchmark"":""Gameboy"",""N"":4,""mode"":""measure"",""timer"":""Date.now"",""elapsed_ms"":1179,""elapsed_per_call_ms"":294.75,""extra_validation_calls"":0,""correctness"":""PASS""}",,
quickjs,EarleyBoyer,Boyer,12,363,32,3706,115.8125,0,true,2026-09-27T17:25:19.920868+00:00,,Date.now,3731888600,0,e6d4262bd967274f8c7b66181bd6e39a9851606524faae200584e064d21b43b8,"[""C:\\Users\\mzyx\\Desktop\\0921\\js-interpreter-bench\\engines\\quickjs-upstream\\qjs.exe"", ""C:\\Users\\mzyx\\Desktop\\0921\\js-interpreter-bench\\experiments\\octane_strict\\generated\\EarleyBoyer.Boyer.js"", ""STRICT_CONFIG={\""N\"":32,\""mode\"":\""measure\"",\""timer\"":\""Date.now\""}""]","OCTANE_STRICT_RESULT:{""suite"":""EarleyBoyer"",""benchmark"":""Boyer"",""N"":32,""mode"":""measure"",""timer"":""Date.now"",""elapsed_ms"":3706,""elapsed_per_call_ms"":115.8125,""extra_validation_calls"":0,""correctness"":""PASS""}",,
v8_ignition,EarleyBoyer,Boyer,12,364,32,1298,40.5625,0,true,2026-09-27T17:25:21.283508+00:00,--max-opt=0 --no-lazy,Date.now,1343819100,0,e6d4262bd967274f8c7b66181bd6e39a9851606524faae200584e064d21b43b8,"[""C:\\Users\\mzyx\\Desktop\\0921\\js-interpreter-bench\\engines\\v8-official-15.6.21\\runtime\\d8.exe"", ""--snapshot_blob=C:\\Users\\mzyx\\Desktop\\0921\\js-interpreter-bench\\engines\\v8-official-15.6.21\\runtime\\snapshot_blob.bin"", ""--max-opt=0"", ""--no-lazy"", ""C:\\Users\\mzyx\\Desktop\\0921\\js-interpreter-bench\\experiments\\octane_strict\\generated\\EarleyBoyer.Boyer.js"", ""--"", ""STRICT_CONFIG={\""N\"":32,\""mode\"":\""measure\"",\""timer\"":\""Date.now\""}""]","OCTANE_STRICT_RESULT:{""suite"":""EarleyBoyer"",""benchmark"":""Boyer"",""N"":32,""mode"":""measure"",""timer"":""Date.now"",""elapsed_ms"":1298,""elapsed_per_call_ms"":40.5625,""extra_validation_calls"":0,""correctness"":""PASS""}",,
quickjs,RayTrace,RayTrace,12,365,64,2551,39.859375,0,true,2026-09-27T17:25:23.857944+00:00,,Date.now,2562647600,0,fb0af35ee1cbd7396c6b23184a123f87ce6f9d1d8e29a2dcbc3bf86a98f3ae33,"[""C:\\Users\\mzyx\\Desktop\\0921\\js-interpreter-bench\\engines\\quickjs-upstream\\qjs.exe"", ""C:\\Users\\mzyx\\Desktop\\0921\\js-interpreter-bench\\experiments\\octane_strict\\generated\\RayTrace.RayTrace.js"", ""STRICT_CONFIG={\""N\"":64,\""mode\"":\""measure\"",\""timer\"":\""Date.now\""}""]","OCTANE_STRICT_RESULT:{""suite"":""RayTrace"",""benchmark"":""RayTrace"",""N"":64,""mode"":""measure"",""timer"":""Date.now"",""elapsed_ms"":2551,""elapsed_per_call_ms"":39.859375,""extra_validation_calls"":0,""correctness"":""PASS""}",,
v8_ignition,RayTrace,RayTrace,12,366,64,1097,17.140625,0,true,2026-09-27T17:25:25.003370+00:00,--max-opt=0 --no-lazy,Date.now,1133792600,0,fb0af35ee1cbd7396c6b23184a123f87ce6f9d1d8e29a2dcbc3bf86a98f3ae33,"[""C:\\Users\\mzyx\\Desktop\\0921\\js-interpreter-bench\\engines\\v8-official-15.6.21\\runtime\\d8.exe"", ""--snapshot_blob=C:\\Users\\mzyx\\Desktop\\0921\\js-interpreter-bench\\engines\\v8-official-15.6.21\\runtime\\snapshot_blob.bin"", ""--max-opt=0"", ""--no-lazy"", ""C:\\Users\\mzyx\\Desktop\\0921\\js-interpreter-bench\\experiments\\octane_strict\\generated\\RayTrace.RayTrace.js"", ""--"", ""STRICT_CONFIG={\""N\"":64,\""mode\"":\""measure\"",\""timer\"":\""Date.now\""}""]","OCTANE_STRICT_RESULT:{""suite"":""RayTrace"",""benchmark"":""RayTrace"",""N"":64,""mode"":""measure"",""timer"":""Date.now"",""elapsed_ms"":1097,""elapsed_per_call_ms"":17.140625,""extra_validation_calls"":0,""correctness"":""PASS""}",,
v8_ignition,RegExp,RegExp,12,367,64,1238,19.34375,0,true,2026-09-27T17:25:26.307937+00:00,--max-opt=0 --no-lazy,Date.now,1294663600,0,881c9e28610ead1d8cbf528614032c48b8faa700f0e4177198bbb22f15a19111,"[""C:\\Users\\mzyx\\Desktop\\0921\\js-interpreter-bench\\engines\\v8-official-15.6.21\\runtime\\d8.exe"", ""--snapshot_blob=C:\\Users\\mzyx\\Desktop\\0921\\js-interpreter-bench\\engines\\v8-official-15.6.21\\runtime\\snapshot_blob.bin"", ""--max-opt=0"", ""--no-lazy"", ""C:\\Users\\mzyx\\Desktop\\0921\\js-interpreter-bench\\experiments\\octane_strict\\generated\\RegExp.RegExp.js"", ""--"", ""STRICT_CONFIG={\""N\"":64,\""mode\"":\""measure\"",\""timer\"":\""Date.now\""}""]","OCTANE_STRICT_RESULT:{""suite"":""RegExp"",""benchmark"":""RegExp"",""N"":64,""mode"":""measure"",""timer"":""Date.now"",""elapsed_ms"":1238,""elapsed_per_call_ms"":19.34375,""extra_validation_calls"":0,""correctness"":""PASS""}",,
quickjs,RegExp,RegExp,12,368,64,14555,227.421875,0,true,2026-09-27T17:25:40.905869+00:00,,Date.now,14586397900,0,881c9e28610ead1d8cbf528614032c48b8faa700f0e4177198bbb22f15a19111,"[""C:\\Users\\mzyx\\Desktop\\0921\\js-interpreter-bench\\engines\\quickjs-upstream\\qjs.exe"", ""C:\\Users\\mzyx\\Desktop\\0921\\js-interpreter-bench\\experiments\\octane_strict\\generated\\RegExp.RegExp.js"", ""STRICT_CONFIG={\""N\"":64,\""mode\"":\""measure\"",\""timer\"":\""Date.now\""}""]","OCTANE_STRICT_RESULT:{""suite"":""RegExp"",""benchmark"":""RegExp"",""N"":64,""mode"":""measure"",""timer"":""Date.now"",""elapsed_ms"":14555,""elapsed_per_call_ms"":227.421875,""extra_validation_calls"":0,""correctness"":""PASS""}",,
v8_ignition,Typescript,Typescript,12,369,1,1213,1213,0,true,2026-09-27T17:25:42.214473+00:00,--max-opt=0 --no-lazy,Date.now,1293208800,0,135e157d4fd316d69e9afdb0147a5d3f71ff32877fbe7c2febd72041df50deb0,"[""C:\\Users\\mzyx\\Desktop\\0921\\js-interpreter-bench\\engines\\v8-official-15.6.21\\runtime\\d8.exe"", ""--snapshot_blob=C:\\Users\\mzyx\\Desktop\\0921\\js-interpreter-bench\\engines\\v8-official-15.6.21\\runtime\\snapshot_blob.bin"", ""--max-opt=0"", ""--no-lazy"", ""C:\\Users\\mzyx\\Desktop\\0921\\js-interpreter-bench\\experiments\\octane_strict\\generated\\Typescript.Typescript.js"", ""--"", ""STRICT_CONFIG={\""N\"":1,\""mode\"":\""measure\"",\""timer\"":\""Date.now\""}""]","OCTANE_STRICT_RESULT:{""suite"":""Typescript"",""benchmark"":""Typescript"",""N"":1,""mode"":""measure"",""timer"":""Date.now"",""elapsed_ms"":1213,""elapsed_per_call_ms"":1213,""extra_validation_calls"":0,""correctness"":""PASS""}",,
quickjs,Typescript,Typescript,12,370,1,2108,2108,0,true,2026-09-27T17:25:44.550064+00:00,,Date.now,2319367100,0,135e157d4fd316d69e9afdb0147a5d3f71ff32877fbe7c2febd72041df50deb0,"[""C:\\Users\\mzyx\\Desktop\\0921\\js-interpreter-bench\\engines\\quickjs-upstream\\qjs.exe"", ""C:\\Users\\mzyx\\Desktop\\0921\\js-interpreter-bench\\experiments\\octane_strict\\generated\\Typescript.Typescript.js"", ""STRICT_CONFIG={\""N\"":1,\""mode\"":\""measure\"",\""timer\"":\""Date.now\""}""]","OCTANE_STRICT_RESULT:{""suite"":""Typescript"",""benchmark"":""Typescript"",""N"":1,""mode"":""measure"",""timer"":""Date.now"",""elapsed_ms"":2108,""elapsed_per_call_ms"":2108,""extra_validation_calls"":0,""correctness"":""PASS""}",,
quickjs,Richards,Richards,12,371,512,1918,3.74609375,0,true,2026-09-27T17:25:46.485115+00:00,,Date.now,1927846400,0,d2207c68ebcf5db16fd42f8eb04fe21239b5f4726e5d3734ebd3c059754126a8,"[""C:\\Users\\mzyx\\Desktop\\0921\\js-interpreter-bench\\engines\\quickjs-upstream\\qjs.exe"", ""C:\\Users\\mzyx\\Desktop\\0921\\js-interpreter-bench\\experiments\\octane_strict\\generated\\Richards.Richards.js"", ""STRICT_CONFIG={\""N\"":512,\""mode\"":\""measure\"",\""timer\"":\""Date.now\""}""]","OCTANE_STRICT_RESULT:{""suite"":""Richards"",""benchmark"":""Richards"",""N"":512,""mode"":""measure"",""timer"":""Date.now"",""elapsed_ms"":1918,""elapsed_per_call_ms"":3.74609375,""extra_validation_calls"":0,""correctness"":""PASS""}",,
v8_ignition,Richards,Richards,12,372,512,1108,2.1640625,0,true,2026-09-27T17:25:47.643622+00:00,--max-opt=0 --no-lazy,Date.now,1144786700,0,d2207c68ebcf5db16fd42f8eb04fe21239b5f4726e5d3734ebd3c059754126a8,"[""C:\\Users\\mzyx\\Desktop\\0921\\js-interpreter-bench\\engines\\v8-official-15.6.21\\runtime\\d8.exe"", ""--snapshot_blob=C:\\Users\\mzyx\\Desktop\\0921\\js-interpreter-bench\\engines\\v8-official-15.6.21\\runtime\\snapshot_blob.bin"", ""--max-opt=0"", ""--no-lazy"", ""C:\\Users\\mzyx\\Desktop\\0921\\js-interpreter-bench\\experiments\\octane_strict\\generated\\Richards.Richards.js"", ""--"", ""STRICT_CONFIG={\""N\"":512,\""mode\"":\""measure\"",\""timer\"":\""Date.now\""}""]","OCTANE_STRICT_RESULT:{""suite"":""Richards"",""benchmark"":""Richards"",""N"":512,""mode"":""measure"",""timer"":""Date.now"",""elapsed_ms"":1108,""elapsed_per_call_ms"":2.1640625,""extra_validation_calls"":0,""correctness"":""PASS""}",,
v8_ignition,CodeLoad,CodeLoadClosure,12,373,4096,1201,0.293212890625,0,true,2026-09-27T17:25:48.906403+00:00,--max-opt=0 --no-lazy,Date.now,1250410000,0,9c3f2890631a64f3776ae7d0cbc83510f2cadc62313f8e27b4ab278dd94390e8,"[""C:\\Users\\mzyx\\Desktop\\0921\\js-interpreter-bench\\engines\\v8-official-15.6.21\\runtime\\d8.exe"", ""--snapshot_blob=C:\\Users\\mzyx\\Desktop\\0921\\js-interpreter-bench\\engines\\v8-official-15.6.21\\runtime\\snapshot_blob.bin"", ""--max-opt=0"", ""--no-lazy"", ""C:\\Users\\mzyx\\Desktop\\0921\\js-interpreter-bench\\experiments\\octane_strict\\generated\\CodeLoad.CodeLoadClosure.js"", ""--"", ""STRICT_CONFIG={\""N\"":4096,\""mode\"":\""measure\"",\""timer\"":\""Date.now\""}""]","OCTANE_STRICT_RESULT:{""suite"":""CodeLoad"",""benchmark"":""CodeLoadClosure"",""N"":4096,""mode"":""measure"",""timer"":""Date.now"",""elapsed_ms"":1201,""elapsed_per_call_ms"":0.293212890625,""extra_validation_calls"":0,""correctness"":""PASS""}",,
quickjs,CodeLoad,CodeLoadClosure,12,374,4096,2464,0.6015625,0,true,2026-09-27T17:25:51.515614+00:00,,Date.now,2598078000,0,9c3f2890631a64f3776ae7d0cbc83510f2cadc62313f8e27b4ab278dd94390e8,"[""C:\\Users\\mzyx\\Desktop\\0921\\js-interpreter-bench\\engines\\quickjs-upstream\\qjs.exe"", ""C:\\Users\\mzyx\\Desktop\\0921\\js-interpreter-bench\\experiments\\octane_strict\\generated\\CodeLoad.CodeLoadClosure.js"", ""STRICT_CONFIG={\""N\"":4096,\""mode\"":\""measure\"",\""timer\"":\""Date.now\""}""]","OCTANE_STRICT_RESULT:{""suite"":""CodeLoad"",""benchmark"":""CodeLoadClosure"",""N"":4096,""mode"":""measure"",""timer"":""Date.now"",""elapsed_ms"":2464,""elapsed_per_call_ms"":0.6015625,""extra_validation_calls"":0,""correctness"":""PASS""}",,
quickjs,PdfJS,PdfJS,12,375,16,3222,201.375,0,true,2026-09-27T17:25:54.977274+00:00,,Date.now,3443495200,0,f1966230e4a00bc61dc4c00fd600486e941235c3ee8206f897bd148dfd6e630b,"[""C:\\Users\\mzyx\\Desktop\\0921\\js-interpreter-bench\\engines\\quickjs-upstream\\qjs.exe"", ""C:\\Users\\mzyx\\Desktop\\0921\\js-interpreter-bench\\experiments\\octane_strict\\generated\\PdfJS.PdfJS.js"", ""STRICT_CONFIG={\""N\"":16,\""mode\"":\""measure\"",\""timer\"":\""Date.now\""}""]","OCTANE_STRICT_RESULT:{""suite"":""PdfJS"",""benchmark"":""PdfJS"",""N"":16,""mode"":""measure"",""timer"":""Date.now"",""elapsed_ms"":3222,""elapsed_per_call_ms"":201.375,""extra_validation_calls"":0,""correctness"":""PASS""}",,
v8_ignition,PdfJS,PdfJS,12,376,16,1684,105.25,0,true,2026-09-27T17:25:56.832930+00:00,--max-opt=0 --no-lazy,Date.now,1840361600,0,f1966230e4a00bc61dc4c00fd600486e941235c3ee8206f897bd148dfd6e630b,"[""C:\\Users\\mzyx\\Desktop\\0921\\js-interpreter-bench\\engines\\v8-official-15.6.21\\runtime\\d8.exe"", ""--snapshot_blob=C:\\Users\\mzyx\\Desktop\\0921\\js-interpreter-bench\\engines\\v8-official-15.6.21\\runtime\\snapshot_blob.bin"", ""--max-opt=0"", ""--no-lazy"", ""C:\\Users\\mzyx\\Desktop\\0921\\js-interpreter-bench\\experiments\\octane_strict\\generated\\PdfJS.PdfJS.js"", ""--"", ""STRICT_CONFIG={\""N\"":16,\""mode\"":\""measure\"",\""timer\"":\""Date.now\""}""]","OCTANE_STRICT_RESULT:{""suite"":""PdfJS"",""benchmark"":""PdfJS"",""N"":16,""mode"":""measure"",""timer"":""Date.now"",""elapsed_ms"":1684,""elapsed_per_call_ms"":105.25,""extra_validation_calls"":0,""correctness"":""PASS""}",,
v8_ignition,Mandreel,Mandreel,12,377,1,1476,1476,0,true,2026-09-27T17:25:59.708349+00:00,--max-opt=0 --no-lazy,Date.now,2854721700,0,64fbf14da4005c4426dcdd6191a5f206fbcd9ce260549e924fd925408614702d,"[""C:\\Users\\mzyx\\Desktop\\0921\\js-interpreter-bench\\engines\\v8-official-15.6.21\\runtime\\d8.exe"", ""--snapshot_blob=C:\\Users\\mzyx\\Desktop\\0921\\js-interpreter-bench\\engines\\v8-official-15.6.21\\runtime\\snapshot_blob.bin"", ""--max-opt=0"", ""--no-lazy"", ""C:\\Users\\mzyx\\Desktop\\0921\\js-interpreter-bench\\experiments\\octane_strict\\generated\\Mandreel.Mandreel.js"", ""--"", ""STRICT_CONFIG={\""N\"":1,\""mode\"":\""measure\"",\""timer\"":\""Date.now\""}""]","OCTANE_STRICT_RESULT:{""suite"":""Mandreel"",""benchmark"":""Mandreel"",""N"":1,""mode"":""measure"",""timer"":""Date.now"",""elapsed_ms"":1476,""elapsed_per_call_ms"":1476,""extra_validation_calls"":0,""correctness"":""PASS""}",,
quickjs,Mandreel,Mandreel,12,378,1,1779,1779,0,true,2026-09-27T17:26:02.986504+00:00,,Date.now,3256865700,0,64fbf14da4005c4426dcdd6191a5f206fbcd9ce260549e924fd925408614702d,"[""C:\\Users\\mzyx\\Desktop\\0921\\js-interpreter-bench\\engines\\quickjs-upstream\\qjs.exe"", ""C:\\Users\\mzyx\\Desktop\\0921\\js-interpreter-bench\\experiments\\octane_strict\\generated\\Mandreel.Mandreel.js"", ""STRICT_CONFIG={\""N\"":1,\""mode\"":\""measure\"",\""timer\"":\""Date.now\""}""]","OCTANE_STRICT_RESULT:{""suite"":""Mandreel"",""benchmark"":""Mandreel"",""N"":1,""mode"":""measure"",""timer"":""Date.now"",""elapsed_ms"":1779,""elapsed_per_call_ms"":1779,""extra_validation_calls"":0,""correctness"":""PASS""}",,
v8_ignition,NavierStokes,NavierStokes,12,379,32,2286,71.4375,0,true,2026-09-27T17:26:05.328894+00:00,--max-opt=0 --no-lazy,Date.now,2326789000,0,e86c3b0056fae99b5f0ffdb7d093b565b02987eef458b2c07ecb3fc39700ee3c,"[""C:\\Users\\mzyx\\Desktop\\0921\\js-interpreter-bench\\engines\\v8-official-15.6.21\\runtime\\d8.exe"", ""--snapshot_blob=C:\\Users\\mzyx\\Desktop\\0921\\js-interpreter-bench\\engines\\v8-official-15.6.21\\runtime\\snapshot_blob.bin"", ""--max-opt=0"", ""--no-lazy"", ""C:\\Users\\mzyx\\Desktop\\0921\\js-interpreter-bench\\experiments\\octane_strict\\generated\\NavierStokes.NavierStokes.js"", ""--"", ""STRICT_CONFIG={\""N\"":32,\""mode\"":\""measure\"",\""timer\"":\""Date.now\""}""]","OCTANE_STRICT_RESULT:{""suite"":""NavierStokes"",""benchmark"":""NavierStokes"",""N"":32,""mode"":""measure"",""timer"":""Date.now"",""elapsed_ms"":2286,""elapsed_per_call_ms"":71.4375,""extra_validation_calls"":0,""correctness"":""PASS""}",,
quickjs,NavierStokes,NavierStokes,12,380,32,1969,61.53125,0,true,2026-09-27T17:26:07.326047+00:00,,Date.now,1983902900,0,e86c3b0056fae99b5f0ffdb7d093b565b02987eef458b2c07ecb3fc39700ee3c,"[""C:\\Users\\mzyx\\Desktop\\0921\\js-interpreter-bench\\engines\\quickjs-upstream\\qjs.exe"", ""C:\\Users\\mzyx\\Desktop\\0921\\js-interpreter-bench\\experiments\\octane_strict\\generated\\NavierStokes.NavierStokes.js"", ""STRICT_CONFIG={\""N\"":32,\""mode\"":\""measure\"",\""timer\"":\""Date.now\""}""]","OCTANE_STRICT_RESULT:{""suite"":""NavierStokes"",""benchmark"":""NavierStokes"",""N"":32,""mode"":""measure"",""timer"":""Date.now"",""elapsed_ms"":1969,""elapsed_per_call_ms"":61.53125,""extra_validation_calls"":0,""correctness"":""PASS""}",,
quickjs,CodeLoad,CodeLoadJQuery,12,381,256,2795,10.91796875,0,true,2026-09-27T17:26:10.154233+00:00,,Date.now,2811779500,0,20f796e914b6995cc6114a2de2953e5cf5dd579501264d69dd26188909f790af,"[""C:\\Users\\mzyx\\Desktop\\0921\\js-interpreter-bench\\engines\\quickjs-upstream\\qjs.exe"", ""C:\\Users\\mzyx\\Desktop\\0921\\js-interpreter-bench\\experiments\\octane_strict\\generated\\CodeLoad.CodeLoadJQuery.js"", ""STRICT_CONFIG={\""N\"":256,\""mode\"":\""measure\"",\""timer\"":\""Date.now\""}""]","OCTANE_STRICT_RESULT:{""suite"":""CodeLoad"",""benchmark"":""CodeLoadJQuery"",""N"":256,""mode"":""measure"",""timer"":""Date.now"",""elapsed_ms"":2795,""elapsed_per_call_ms"":10.91796875,""extra_validation_calls"":0,""correctness"":""PASS""}",,
v8_ignition,CodeLoad,CodeLoadJQuery,12,382,256,1066,4.1640625,0,true,2026-09-27T17:26:11.283024+00:00,--max-opt=0 --no-lazy,Date.now,1112620600,0,20f796e914b6995cc6114a2de2953e5cf5dd579501264d69dd26188909f790af,"[""C:\\Users\\mzyx\\Desktop\\0921\\js-interpreter-bench\\engines\\v8-official-15.6.21\\runtime\\d8.exe"", ""--snapshot_blob=C:\\Users\\mzyx\\Desktop\\0921\\js-interpreter-bench\\engines\\v8-official-15.6.21\\runtime\\snapshot_blob.bin"", ""--max-opt=0"", ""--no-lazy"", ""C:\\Users\\mzyx\\Desktop\\0921\\js-interpreter-bench\\experiments\\octane_strict\\generated\\CodeLoad.CodeLoadJQuery.js"", ""--"", ""STRICT_CONFIG={\""N\"":256,\""mode\"":\""measure\"",\""timer\"":\""Date.now\""}""]","OCTANE_STRICT_RESULT:{""suite"":""CodeLoad"",""benchmark"":""CodeLoadJQuery"",""N"":256,""mode"":""measure"",""timer"":""Date.now"",""elapsed_ms"":1066,""elapsed_per_call_ms"":4.1640625,""extra_validation_calls"":0,""correctness"":""PASS""}",,
quickjs,Splay,Splay,12,383,2048,4621,2.25634765625,0,true,2026-09-27T17:26:16.351270+00:00,,Date.now,5055468600,0,d6372414234d150c814a6933257aa8c98a8c6260b0d72a71ee0d08d0ee6fb17a,"[""C:\\Users\\mzyx\\Desktop\\0921\\js-interpreter-bench\\engines\\quickjs-upstream\\qjs.exe"", ""C:\\Users\\mzyx\\Desktop\\0921\\js-interpreter-bench\\experiments\\octane_strict\\generated\\Splay.Splay.js"", ""STRICT_CONFIG={\""N\"":2048,\""mode\"":\""measure\"",\""timer\"":\""Date.now\""}""]","OCTANE_STRICT_RESULT:{""suite"":""Splay"",""benchmark"":""Splay"",""N"":2048,""mode"":""measure"",""timer"":""Date.now"",""elapsed_ms"":4621,""elapsed_per_call_ms"":2.25634765625,""extra_validation_calls"":0,""correctness"":""PASS""}",,
v8_ignition,Splay,Splay,12,384,2048,1849,0.90283203125,0,true,2026-09-27T17:26:18.349022+00:00,--max-opt=0 --no-lazy,Date.now,1979761600,0,d6372414234d150c814a6933257aa8c98a8c6260b0d72a71ee0d08d0ee6fb17a,"[""C:\\Users\\mzyx\\Desktop\\0921\\js-interpreter-bench\\engines\\v8-official-15.6.21\\runtime\\d8.exe"", ""--snapshot_blob=C:\\Users\\mzyx\\Desktop\\0921\\js-interpreter-bench\\engines\\v8-official-15.6.21\\runtime\\snapshot_blob.bin"", ""--max-opt=0"", ""--no-lazy"", ""C:\\Users\\mzyx\\Desktop\\0921\\js-interpreter-bench\\experiments\\octane_strict\\generated\\Splay.Splay.js"", ""--"", ""STRICT_CONFIG={\""N\"":2048,\""mode\"":\""measure\"",\""timer\"":\""Date.now\""}""]","OCTANE_STRICT_RESULT:{""suite"":""Splay"",""benchmark"":""Splay"",""N"":2048,""mode"":""measure"",""timer"":""Date.now"",""elapsed_ms"":1849,""elapsed_per_call_ms"":0.90283203125,""extra_validation_calls"":0,""correctness"":""PASS""}",,
v8_ignition,Splay,Splay,13,385,2048,1830,0.8935546875,0,true,2026-09-27T17:26:20.325101+00:00,--max-opt=0 --no-lazy,Date.now,1964740700,0,d6372414234d150c814a6933257aa8c98a8c6260b0d72a71ee0d08d0ee6fb17a,"[""C:\\Users\\mzyx\\Desktop\\0921\\js-interpreter-bench\\engines\\v8-official-15.6.21\\runtime\\d8.exe"", ""--snapshot_blob=C:\\Users\\mzyx\\Desktop\\0921\\js-interpreter-bench\\engines\\v8-official-15.6.21\\runtime\\snapshot_blob.bin"", ""--max-opt=0"", ""--no-lazy"", ""C:\\Users\\mzyx\\Desktop\\0921\\js-interpreter-bench\\experiments\\octane_strict\\generated\\Splay.Splay.js"", ""--"", ""STRICT_CONFIG={\""N\"":2048,\""mode\"":\""measure\"",\""timer\"":\""Date.now\""}""]","OCTANE_STRICT_RESULT:{""suite"":""Splay"",""benchmark"":""Splay"",""N"":2048,""mode"":""measure"",""timer"":""Date.now"",""elapsed_ms"":1830,""elapsed_per_call_ms"":0.8935546875,""extra_validation_calls"":0,""correctness"":""PASS""}",,
quickjs,Splay,Splay,13,386,2048,4537,2.21533203125,0,true,2026-09-27T17:26:25.292949+00:00,,Date.now,4957333700,0,d6372414234d150c814a6933257aa8c98a8c6260b0d72a71ee0d08d0ee6fb17a,"[""C:\\Users\\mzyx\\Desktop\\0921\\js-interpreter-bench\\engines\\quickjs-upstream\\qjs.exe"", ""C:\\Users\\mzyx\\Desktop\\0921\\js-interpreter-bench\\experiments\\octane_strict\\generated\\Splay.Splay.js"", ""STRICT_CONFIG={\""N\"":2048,\""mode\"":\""measure\"",\""timer\"":\""Date.now\""}""]","OCTANE_STRICT_RESULT:{""suite"":""Splay"",""benchmark"":""Splay"",""N"":2048,""mode"":""measure"",""timer"":""Date.now"",""elapsed_ms"":4537,""elapsed_per_call_ms"":2.21533203125,""extra_validation_calls"":0,""correctness"":""PASS""}",,
v8_ignition,EarleyBoyer,Boyer,13,387,32,1327,41.46875,0,true,2026-09-27T17:26:26.680276+00:00,--max-opt=0 --no-lazy,Date.now,1370351900,0,e6d4262bd967274f8c7b66181bd6e39a9851606524faae200584e064d21b43b8,"[""C:\\Users\\mzyx\\Desktop\\0921\\js-interpreter-bench\\engines\\v8-official-15.6.21\\runtime\\d8.exe"", ""--snapshot_blob=C:\\Users\\mzyx\\Desktop\\0921\\js-interpreter-bench\\engines\\v8-official-15.6.21\\runtime\\snapshot_blob.bin"", ""--max-opt=0"", ""--no-lazy"", ""C:\\Users\\mzyx\\Desktop\\0921\\js-interpreter-bench\\experiments\\octane_strict\\generated\\EarleyBoyer.Boyer.js"", ""--"", ""STRICT_CONFIG={\""N\"":32,\""mode\"":\""measure\"",\""timer\"":\""Date.now\""}""]","OCTANE_STRICT_RESULT:{""suite"":""EarleyBoyer"",""benchmark"":""Boyer"",""N"":32,""mode"":""measure"",""timer"":""Date.now"",""elapsed_ms"":1327,""elapsed_per_call_ms"":41.46875,""extra_validation_calls"":0,""correctness"":""PASS""}",,
quickjs,EarleyBoyer,Boyer,13,388,32,3691,115.34375,0,true,2026-09-27T17:26:30.406459+00:00,,Date.now,3714098300,0,e6d4262bd967274f8c7b66181bd6e39a9851606524faae200584e064d21b43b8,"[""C:\\Users\\mzyx\\Desktop\\0921\\js-interpreter-bench\\engines\\quickjs-upstream\\qjs.exe"", ""C:\\Users\\mzyx\\Desktop\\0921\\js-interpreter-bench\\experiments\\octane_strict\\generated\\EarleyBoyer.Boyer.js"", ""STRICT_CONFIG={\""N\"":32,\""mode\"":\""measure\"",\""timer\"":\""Date.now\""}""]","OCTANE_STRICT_RESULT:{""suite"":""EarleyBoyer"",""benchmark"":""Boyer"",""N"":32,""mode"":""measure"",""timer"":""Date.now"",""elapsed_ms"":3691,""elapsed_per_call_ms"":115.34375,""extra_validation_calls"":0,""correctness"":""PASS""}",,
quickjs,Crypto,Decrypt,13,389,16,1649,103.0625,0,true,2026-09-27T17:26:32.089149+00:00,,Date.now,1666059200,0,974b320858e72132edd4dd56da2f4582cbe4e99b10027c89dfa44b1ea1cd4591,"[""C:\\Users\\mzyx\\Desktop\\0921\\js-interpreter-bench\\engines\\quickjs-upstream\\qjs.exe"", ""C:\\Users\\mzyx\\Desktop\\0921\\js-interpreter-bench\\experiments\\octane_strict\\generated\\Crypto.Decrypt.js"", ""STRICT_CONFIG={\""N\"":16,\""mode\"":\""measure\"",\""timer\"":\""Date.now\""}""]","OCTANE_STRICT_RESULT:{""suite"":""Crypto"",""benchmark"":""Decrypt"",""N"":16,""mode"":""measure"",""timer"":""Date.now"",""elapsed_ms"":1649,""elapsed_per_call_ms"":103.0625,""extra_validation_calls"":0,""correctness"":""PASS""}",,
v8_ignition,Crypto,Decrypt,13,390,16,1438,89.875,0,true,2026-09-27T17:26:33.588782+00:00,--max-opt=0 --no-lazy,Date.now,1482771500,0,974b320858e72132edd4dd56da2f4582cbe4e99b10027c89dfa44b1ea1cd4591,"[""C:\\Users\\mzyx\\Desktop\\0921\\js-interpreter-bench\\engines\\v8-official-15.6.21\\runtime\\d8.exe"", ""--snapshot_blob=C:\\Users\\mzyx\\Desktop\\0921\\js-interpreter-bench\\engines\\v8-official-15.6.21\\runtime\\snapshot_blob.bin"", ""--max-opt=0"", ""--no-lazy"", ""C:\\Users\\mzyx\\Desktop\\0921\\js-interpreter-bench\\experiments\\octane_strict\\generated\\Crypto.Decrypt.js"", ""--"", ""STRICT_CONFIG={\""N\"":16,\""mode\"":\""measure\"",\""timer\"":\""Date.now\""}""]","OCTANE_STRICT_RESULT:{""suite"":""Crypto"",""benchmark"":""Decrypt"",""N"":16,""mode"":""measure"",""timer"":""Date.now"",""elapsed_ms"":1438,""elapsed_per_call_ms"":89.875,""extra_validation_calls"":0,""correctness"":""PASS""}",,
quickjs,Typescript,Typescript,13,391,1,2048,2048,0,true,2026-09-27T17:26:35.854183+00:00,,Date.now,2251510100,0,135e157d4fd316d69e9afdb0147a5d3f71ff32877fbe7c2febd72041df50deb0,"[""C:\\Users\\mzyx\\Desktop\\0921\\js-interpreter-bench\\engines\\quickjs-upstream\\qjs.exe"", ""C:\\Users\\mzyx\\Desktop\\0921\\js-interpreter-bench\\experiments\\octane_strict\\generated\\Typescript.Typescript.js"", ""STRICT_CONFIG={\""N\"":1,\""mode\"":\""measure\"",\""timer\"":\""Date.now\""}""]","OCTANE_STRICT_RESULT:{""suite"":""Typescript"",""benchmark"":""Typescript"",""N"":1,""mode"":""measure"",""timer"":""Date.now"",""elapsed_ms"":2048,""elapsed_per_call_ms"":2048,""extra_validation_calls"":0,""correctness"":""PASS""}",,
v8_ignition,Typescript,Typescript,13,392,1,1222,1222,0,true,2026-09-27T17:26:37.168867+00:00,--max-opt=0 --no-lazy,Date.now,1298072300,0,135e157d4fd316d69e9afdb0147a5d3f71ff32877fbe7c2febd72041df50deb0,"[""C:\\Users\\mzyx\\Desktop\\0921\\js-interpreter-bench\\engines\\v8-official-15.6.21\\runtime\\d8.exe"", ""--snapshot_blob=C:\\Users\\mzyx\\Desktop\\0921\\js-interpreter-bench\\engines\\v8-official-15.6.21\\runtime\\snapshot_blob.bin"", ""--max-opt=0"", ""--no-lazy"", ""C:\\Users\\mzyx\\Desktop\\0921\\js-interpreter-bench\\experiments\\octane_strict\\generated\\Typescript.Typescript.js"", ""--"", ""STRICT_CONFIG={\""N\"":1,\""mode\"":\""measure\"",\""timer\"":\""Date.now\""}""]","OCTANE_STRICT_RESULT:{""suite"":""Typescript"",""benchmark"":""Typescript"",""N"":1,""mode"":""measure"",""timer"":""Date.now"",""elapsed_ms"":1222,""elapsed_per_call_ms"":1222,""extra_validation_calls"":0,""correctness"":""PASS""}",,
v8_ignition,Richards,Richards,13,393,512,1088,2.125,0,true,2026-09-27T17:26:38.308084+00:00,--max-opt=0 --no-lazy,Date.now,1126176300,0,d2207c68ebcf5db16fd42f8eb04fe21239b5f4726e5d3734ebd3c059754126a8,"[""C:\\Users\\mzyx\\Desktop\\0921\\js-interpreter-bench\\engines\\v8-official-15.6.21\\runtime\\d8.exe"", ""--snapshot_blob=C:\\Users\\mzyx\\Desktop\\0921\\js-interpreter-bench\\engines\\v8-official-15.6.21\\runtime\\snapshot_blob.bin"", ""--max-opt=0"", ""--no-lazy"", ""C:\\Users\\mzyx\\Desktop\\0921\\js-interpreter-bench\\experiments\\octane_strict\\generated\\Richards.Richards.js"", ""--"", ""STRICT_CONFIG={\""N\"":512,\""mode\"":\""measure\"",\""timer\"":\""Date.now\""}""]","OCTANE_STRICT_RESULT:{""suite"":""Richards"",""benchmark"":""Richards"",""N"":512,""mode"":""measure"",""timer"":""Date.now"",""elapsed_ms"":1088,""elapsed_per_call_ms"":2.125,""extra_validation_calls"":0,""correctness"":""PASS""}",,
quickjs,Richards,Richards,13,394,512,1915,3.740234375,0,true,2026-09-27T17:26:40.243869+00:00,,Date.now,1923965200,0,d2207c68ebcf5db16fd42f8eb04fe21239b5f4726e5d3734ebd3c059754126a8,"[""C:\\Users\\mzyx\\Desktop\\0921\\js-interpreter-bench\\engines\\quickjs-upstream\\qjs.exe"", ""C:\\Users\\mzyx\\Desktop\\0921\\js-interpreter-bench\\experiments\\octane_strict\\generated\\Richards.Richards.js"", ""STRICT_CONFIG={\""N\"":512,\""mode\"":\""measure\"",\""timer\"":\""Date.now\""}""]","OCTANE_STRICT_RESULT:{""suite"":""Richards"",""benchmark"":""Richards"",""N"":512,""mode"":""measure"",""timer"":""Date.now"",""elapsed_ms"":1915,""elapsed_per_call_ms"":3.740234375,""extra_validation_calls"":0,""correctness"":""PASS""}",,
v8_ignition,RayTrace,RayTrace,13,395,64,1091,17.046875,0,true,2026-09-27T17:26:41.383500+00:00,--max-opt=0 --no-lazy,Date.now,1128244300,0,fb0af35ee1cbd7396c6b23184a123f87ce6f9d1d8e29a2dcbc3bf86a98f3ae33,"[""C:\\Users\\mzyx\\Desktop\\0921\\js-interpreter-bench\\engines\\v8-official-15.6.21\\runtime\\d8.exe"", ""--snapshot_blob=C:\\Users\\mzyx\\Desktop\\0921\\js-interpreter-bench\\engines\\v8-official-15.6.21\\runtime\\snapshot_blob.bin"", ""--max-opt=0"", ""--no-lazy"", ""C:\\Users\\mzyx\\Desktop\\0921\\js-interpreter-bench\\experiments\\octane_strict\\generated\\RayTrace.RayTrace.js"", ""--"", ""STRICT_CONFIG={\""N\"":64,\""mode\"":\""measure\"",\""timer\"":\""Date.now\""}""]","OCTANE_STRICT_RESULT:{""suite"":""RayTrace"",""benchmark"":""RayTrace"",""N"":64,""mode"":""measure"",""timer"":""Date.now"",""elapsed_ms"":1091,""elapsed_per_call_ms"":17.046875,""extra_validation_calls"":0,""correctness"":""PASS""}",,
quickjs,RayTrace,RayTrace,13,396,64,2535,39.609375,0,true,2026-09-27T17:26:43.940429+00:00,,Date.now,2545989800,0,fb0af35ee1cbd7396c6b23184a123f87ce6f9d1d8e29a2dcbc3bf86a98f3ae33,"[""C:\\Users\\mzyx\\Desktop\\0921\\js-interpreter-bench\\engines\\quickjs-upstream\\qjs.exe"", ""C:\\Users\\mzyx\\Desktop\\0921\\js-interpreter-bench\\experiments\\octane_strict\\generated\\RayTrace.RayTrace.js"", ""STRICT_CONFIG={\""N\"":64,\""mode\"":\""measure\"",\""timer\"":\""Date.now\""}""]","OCTANE_STRICT_RESULT:{""suite"":""RayTrace"",""benchmark"":""RayTrace"",""N"":64,""mode"":""measure"",""timer"":""Date.now"",""elapsed_ms"":2535,""elapsed_per_call_ms"":39.609375,""extra_validation_calls"":0,""correctness"":""PASS""}",,
v8_ignition,PdfJS,PdfJS,13,397,16,1704,106.5,0,true,2026-09-27T17:26:45.812467+00:00,--max-opt=0 --no-lazy,Date.now,1858949400,0,f1966230e4a00bc61dc4c00fd600486e941235c3ee8206f897bd148dfd6e630b,"[""C:\\Users\\mzyx\\Desktop\\0921\\js-interpreter-bench\\engines\\v8-official-15.6.21\\runtime\\d8.exe"", ""--snapshot_blob=C:\\Users\\mzyx\\Desktop\\0921\\js-interpreter-bench\\engines\\v8-official-15.6.21\\runtime\\snapshot_blob.bin"", ""--max-opt=0"", ""--no-lazy"", ""C:\\Users\\mzyx\\Desktop\\0921\\js-interpreter-bench\\experiments\\octane_strict\\generated\\PdfJS.PdfJS.js"", ""--"", ""STRICT_CONFIG={\""N\"":16,\""mode\"":\""measure\"",\""timer\"":\""Date.now\""}""]","OCTANE_STRICT_RESULT:{""suite"":""PdfJS"",""benchmark"":""PdfJS"",""N"":16,""mode"":""measure"",""timer"":""Date.now"",""elapsed_ms"":1704,""elapsed_per_call_ms"":106.5,""extra_validation_calls"":0,""correctness"":""PASS""}",,
quickjs,PdfJS,PdfJS,13,398,16,3240,202.5,0,true,2026-09-27T17:26:49.288336+00:00,,Date.now,3458805700,0,f1966230e4a00bc61dc4c00fd600486e941235c3ee8206f897bd148dfd6e630b,"[""C:\\Users\\mzyx\\Desktop\\0921\\js-interpreter-bench\\engines\\quickjs-upstream\\qjs.exe"", ""C:\\Users\\mzyx\\Desktop\\0921\\js-interpreter-bench\\experiments\\octane_strict\\generated\\PdfJS.PdfJS.js"", ""STRICT_CONFIG={\""N\"":16,\""mode\"":\""measure\"",\""timer\"":\""Date.now\""}""]","OCTANE_STRICT_RESULT:{""suite"":""PdfJS"",""benchmark"":""PdfJS"",""N"":16,""mode"":""measure"",""timer"":""Date.now"",""elapsed_ms"":3240,""elapsed_per_call_ms"":202.5,""extra_validation_calls"":0,""correctness"":""PASS""}",,
v8_ignition,Crypto,Encrypt,13,399,256,1250,4.8828125,0,true,2026-09-27T17:26:50.687294+00:00,--max-opt=0 --no-lazy,Date.now,1381230600,0,c73b9c8626ff5488b879ff453a865c03adf87602c6d302855f1c6e0f91b57c92,"[""C:\\Users\\mzyx\\Desktop\\0921\\js-interpreter-bench\\engines\\v8-official-15.6.21\\runtime\\d8.exe"", ""--snapshot_blob=C:\\Users\\mzyx\\Desktop\\0921\\js-interpreter-bench\\engines\\v8-official-15.6.21\\runtime\\snapshot_blob.bin"", ""--max-opt=0"", ""--no-lazy"", ""C:\\Users\\mzyx\\Desktop\\0921\\js-interpreter-bench\\experiments\\octane_strict\\generated\\Crypto.Encrypt.js"", ""--"", ""STRICT_CONFIG={\""N\"":256,\""mode\"":\""measure\"",\""timer\"":\""Date.now\""}""]","OCTANE_STRICT_RESULT:{""suite"":""Crypto"",""benchmark"":""Encrypt"",""N"":256,""mode"":""measure"",""timer"":""Date.now"",""elapsed_ms"":1250,""elapsed_per_call_ms"":4.8828125,""extra_validation_calls"":0,""correctness"":""PASS""}",,
quickjs,Crypto,Encrypt,13,400,256,1342,5.2421875,0,true,2026-09-27T17:26:52.151657+00:00,,Date.now,1452903100,0,c73b9c8626ff5488b879ff453a865c03adf87602c6d302855f1c6e0f91b57c92,"[""C:\\Users\\mzyx\\Desktop\\0921\\js-interpreter-bench\\engines\\quickjs-upstream\\qjs.exe"", ""C:\\Users\\mzyx\\Desktop\\0921\\js-interpreter-bench\\experiments\\octane_strict\\generated\\Crypto.Encrypt.js"", ""STRICT_CONFIG={\""N\"":256,\""mode\"":\""measure\"",\""timer\"":\""Date.now\""}""]","OCTANE_STRICT_RESULT:{""suite"":""Crypto"",""benchmark"":""Encrypt"",""N"":256,""mode"":""measure"",""timer"":""Date.now"",""elapsed_ms"":1342,""elapsed_per_call_ms"":5.2421875,""extra_validation_calls"":0,""correctness"":""PASS""}",,
quickjs,RegExp,RegExp,13,401,64,14661,229.078125,0,true,2026-09-27T17:27:06.856562+00:00,,Date.now,14693208900,0,881c9e28610ead1d8cbf528614032c48b8faa700f0e4177198bbb22f15a19111,"[""C:\\Users\\mzyx\\Desktop\\0921\\js-interpreter-bench\\engines\\quickjs-upstream\\qjs.exe"", ""C:\\Users\\mzyx\\Desktop\\0921\\js-interpreter-bench\\experiments\\octane_strict\\generated\\RegExp.RegExp.js"", ""STRICT_CONFIG={\""N\"":64,\""mode\"":\""measure\"",\""timer\"":\""Date.now\""}""]","OCTANE_STRICT_RESULT:{""suite"":""RegExp"",""benchmark"":""RegExp"",""N"":64,""mode"":""measure"",""timer"":""Date.now"",""elapsed_ms"":14661,""elapsed_per_call_ms"":229.078125,""extra_validation_calls"":0,""correctness"":""PASS""}",,
v8_ignition,RegExp,RegExp,13,402,64,1238,19.34375,0,true,2026-09-27T17:27:08.161701+00:00,--max-opt=0 --no-lazy,Date.now,1294916400,0,881c9e28610ead1d8cbf528614032c48b8faa700f0e4177198bbb22f15a19111,"[""C:\\Users\\mzyx\\Desktop\\0921\\js-interpreter-bench\\engines\\v8-official-15.6.21\\runtime\\d8.exe"", ""--snapshot_blob=C:\\Users\\mzyx\\Desktop\\0921\\js-interpreter-bench\\engines\\v8-official-15.6.21\\runtime\\snapshot_blob.bin"", ""--max-opt=0"", ""--no-lazy"", ""C:\\Users\\mzyx\\Desktop\\0921\\js-interpreter-bench\\experiments\\octane_strict\\generated\\RegExp.RegExp.js"", ""--"", ""STRICT_CONFIG={\""N\"":64,\""mode\"":\""measure\"",\""timer\"":\""Date.now\""}""]","OCTANE_STRICT_RESULT:{""suite"":""RegExp"",""benchmark"":""RegExp"",""N"":64,""mode"":""measure"",""timer"":""Date.now"",""elapsed_ms"":1238,""elapsed_per_call_ms"":19.34375,""extra_validation_calls"":0,""correctness"":""PASS""}",,
quickjs,DeltaBlue,DeltaBlue,13,403,512,3922,7.66015625,0,true,2026-09-27T17:27:12.105671+00:00,,Date.now,3933249800,0,8542689bb308963c4feefd143c1707791e271d609ef4c476eb9c3dfdeeec539f,"[""C:\\Users\\mzyx\\Desktop\\0921\\js-interpreter-bench\\engines\\quickjs-upstream\\qjs.exe"", ""C:\\Users\\mzyx\\Desktop\\0921\\js-interpreter-bench\\experiments\\octane_strict\\generated\\DeltaBlue.DeltaBlue.js"", ""STRICT_CONFIG={\""N\"":512,\""mode\"":\""measure\"",\""timer\"":\""Date.now\""}""]","OCTANE_STRICT_RESULT:{""suite"":""DeltaBlue"",""benchmark"":""DeltaBlue"",""N"":512,""mode"":""measure"",""timer"":""Date.now"",""elapsed_ms"":3922,""elapsed_per_call_ms"":7.66015625,""extra_validation_calls"":0,""correctness"":""PASS""}",,
v8_ignition,DeltaBlue,DeltaBlue,13,404,512,1881,3.673828125,0,true,2026-09-27T17:27:14.034271+00:00,--max-opt=0 --no-lazy,Date.now,1917628700,0,8542689bb308963c4feefd143c1707791e271d609ef4c476eb9c3dfdeeec539f,"[""C:\\Users\\mzyx\\Desktop\\0921\\js-interpreter-bench\\engines\\v8-official-15.6.21\\runtime\\d8.exe"", ""--snapshot_blob=C:\\Users\\mzyx\\Desktop\\0921\\js-interpreter-bench\\engines\\v8-official-15.6.21\\runtime\\snapshot_blob.bin"", ""--max-opt=0"", ""--no-lazy"", ""C:\\Users\\mzyx\\Desktop\\0921\\js-interpreter-bench\\experiments\\octane_strict\\generated\\DeltaBlue.DeltaBlue.js"", ""--"", ""STRICT_CONFIG={\""N\"":512,\""mode\"":\""measure\"",\""timer\"":\""Date.now\""}""]","OCTANE_STRICT_RESULT:{""suite"":""DeltaBlue"",""benchmark"":""DeltaBlue"",""N"":512,""mode"":""measure"",""timer"":""Date.now"",""elapsed_ms"":1881,""elapsed_per_call_ms"":3.673828125,""extra_validation_calls"":0,""correctness"":""PASS""}",,
v8_ignition,CodeLoad,CodeLoadJQuery,13,405,256,1059,4.13671875,0,true,2026-09-27T17:27:15.148489+00:00,--max-opt=0 --no-lazy,Date.now,1102353500,0,20f796e914b6995cc6114a2de2953e5cf5dd579501264d69dd26188909f790af,"[""C:\\Users\\mzyx\\Desktop\\0921\\js-interpreter-bench\\engines\\v8-official-15.6.21\\runtime\\d8.exe"", ""--snapshot_blob=C:\\Users\\mzyx\\Desktop\\0921\\js-interpreter-bench\\engines\\v8-official-15.6.21\\runtime\\snapshot_blob.bin"", ""--max-opt=0"", ""--no-lazy"", ""C:\\Users\\mzyx\\Desktop\\0921\\js-interpreter-bench\\experiments\\octane_strict\\generated\\CodeLoad.CodeLoadJQuery.js"", ""--"", ""STRICT_CONFIG={\""N\"":256,\""mode\"":\""measure\"",\""timer\"":\""Date.now\""}""]","OCTANE_STRICT_RESULT:{""suite"":""CodeLoad"",""benchmark"":""CodeLoadJQuery"",""N"":256,""mode"":""measure"",""timer"":""Date.now"",""elapsed_ms"":1059,""elapsed_per_call_ms"":4.13671875,""extra_validation_calls"":0,""correctness"":""PASS""}",,
quickjs,CodeLoad,CodeLoadJQuery,13,406,256,2766,10.8046875,0,true,2026-09-27T17:27:17.938766+00:00,,Date.now,2778724100,0,20f796e914b6995cc6114a2de2953e5cf5dd579501264d69dd26188909f790af,"[""C:\\Users\\mzyx\\Desktop\\0921\\js-interpreter-bench\\engines\\quickjs-upstream\\qjs.exe"", ""C:\\Users\\mzyx\\Desktop\\0921\\js-interpreter-bench\\experiments\\octane_strict\\generated\\CodeLoad.CodeLoadJQuery.js"", ""STRICT_CONFIG={\""N\"":256,\""mode\"":\""measure\"",\""timer\"":\""Date.now\""}""]","OCTANE_STRICT_RESULT:{""suite"":""CodeLoad"",""benchmark"":""CodeLoadJQuery"",""N"":256,""mode"":""measure"",""timer"":""Date.now"",""elapsed_ms"":2766,""elapsed_per_call_ms"":10.8046875,""extra_validation_calls"":0,""correctness"":""PASS""}",,
quickjs,EarleyBoyer,Earley,13,407,512,3786,7.39453125,0,true,2026-09-27T17:27:21.756827+00:00,,Date.now,3805925100,0,c3ef3fbdd43f0dd5865a1652fa447c774869e86efba25ad910dffdea953f80a2,"[""C:\\Users\\mzyx\\Desktop\\0921\\js-interpreter-bench\\engines\\quickjs-upstream\\qjs.exe"", ""C:\\Users\\mzyx\\Desktop\\0921\\js-interpreter-bench\\experiments\\octane_strict\\generated\\EarleyBoyer.Earley.js"", ""STRICT_CONFIG={\""N\"":512,\""mode\"":\""measure\"",\""timer\"":\""Date.now\""}""]","OCTANE_STRICT_RESULT:{""suite"":""EarleyBoyer"",""benchmark"":""Earley"",""N"":512,""mode"":""measure"",""timer"":""Date.now"",""elapsed_ms"":3786,""elapsed_per_call_ms"":7.39453125,""extra_validation_calls"":0,""correctness"":""PASS""}",,
v8_ignition,EarleyBoyer,Earley,13,408,512,1093,2.134765625,0,true,2026-09-27T17:27:22.911065+00:00,--max-opt=0 --no-lazy,Date.now,1136707700,0,c3ef3fbdd43f0dd5865a1652fa447c774869e86efba25ad910dffdea953f80a2,"[""C:\\Users\\mzyx\\Desktop\\0921\\js-interpreter-bench\\engines\\v8-official-15.6.21\\runtime\\d8.exe"", ""--snapshot_blob=C:\\Users\\mzyx\\Desktop\\0921\\js-interpreter-bench\\engines\\v8-official-15.6.21\\runtime\\snapshot_blob.bin"", ""--max-opt=0"", ""--no-lazy"", ""C:\\Users\\mzyx\\Desktop\\0921\\js-interpreter-bench\\experiments\\octane_strict\\generated\\EarleyBoyer.Earley.js"", ""--"", ""STRICT_CONFIG={\""N\"":512,\""mode\"":\""measure\"",\""timer\"":\""Date.now\""}""]","OCTANE_STRICT_RESULT:{""suite"":""EarleyBoyer"",""benchmark"":""Earley"",""N"":512,""mode"":""measure"",""timer"":""Date.now"",""elapsed_ms"":1093,""elapsed_per_call_ms"":2.134765625,""extra_validation_calls"":0,""correctness"":""PASS""}",,
quickjs,NavierStokes,NavierStokes,13,409,32,1994,62.3125,0,true,2026-09-27T17:27:24.930265+00:00,,Date.now,2008581300,0,e86c3b0056fae99b5f0ffdb7d093b565b02987eef458b2c07ecb3fc39700ee3c,"[""C:\\Users\\mzyx\\Desktop\\0921\\js-interpreter-bench\\engines\\quickjs-upstream\\qjs.exe"", ""C:\\Users\\mzyx\\Desktop\\0921\\js-interpreter-bench\\experiments\\octane_strict\\generated\\NavierStokes.NavierStokes.js"", ""STRICT_CONFIG={\""N\"":32,\""mode\"":\""measure\"",\""timer\"":\""Date.now\""}""]","OCTANE_STRICT_RESULT:{""suite"":""NavierStokes"",""benchmark"":""NavierStokes"",""N"":32,""mode"":""measure"",""timer"":""Date.now"",""elapsed_ms"":1994,""elapsed_per_call_ms"":62.3125,""extra_validation_calls"":0,""correctness"":""PASS""}",,
v8_ignition,NavierStokes,NavierStokes,13,410,32,2282,71.3125,0,true,2026-09-27T17:27:27.263822+00:00,--max-opt=0 --no-lazy,Date.now,2320982100,0,e86c3b0056fae99b5f0ffdb7d093b565b02987eef458b2c07ecb3fc39700ee3c,"[""C:\\Users\\mzyx\\Desktop\\0921\\js-interpreter-bench\\engines\\v8-official-15.6.21\\runtime\\d8.exe"", ""--snapshot_blob=C:\\Users\\mzyx\\Desktop\\0921\\js-interpreter-bench\\engines\\v8-official-15.6.21\\runtime\\snapshot_blob.bin"", ""--max-opt=0"", ""--no-lazy"", ""C:\\Users\\mzyx\\Desktop\\0921\\js-interpreter-bench\\experiments\\octane_strict\\generated\\NavierStokes.NavierStokes.js"", ""--"", ""STRICT_CONFIG={\""N\"":32,\""mode\"":\""measure\"",\""timer\"":\""Date.now\""}""]","OCTANE_STRICT_RESULT:{""suite"":""NavierStokes"",""benchmark"":""NavierStokes"",""N"":32,""mode"":""measure"",""timer"":""Date.now"",""elapsed_ms"":2282,""elapsed_per_call_ms"":71.3125,""extra_validation_calls"":0,""correctness"":""PASS""}",,
v8_ignition,Gameboy,Gameboy,13,411,4,1171,292.75,0,true,2026-09-27T17:27:28.506517+00:00,--max-opt=0 --no-lazy,Date.now,1231839800,0,3fc599b60ec8be6d0ab60d00add662dde31374ecb5b24167384d72d325a08a21,"[""C:\\Users\\mzyx\\Desktop\\0921\\js-interpreter-bench\\engines\\v8-official-15.6.21\\runtime\\d8.exe"", ""--snapshot_blob=C:\\Users\\mzyx\\Desktop\\0921\\js-interpreter-bench\\engines\\v8-official-15.6.21\\runtime\\snapshot_blob.bin"", ""--max-opt=0"", ""--no-lazy"", ""C:\\Users\\mzyx\\Desktop\\0921\\js-interpreter-bench\\experiments\\octane_strict\\generated\\Gameboy.Gameboy.js"", ""--"", ""STRICT_CONFIG={\""N\"":4,\""mode\"":\""measure\"",\""timer\"":\""Date.now\""}""]","OCTANE_STRICT_RESULT:{""suite"":""Gameboy"",""benchmark"":""Gameboy"",""N"":4,""mode"":""measure"",""timer"":""Date.now"",""elapsed_ms"":1171,""elapsed_per_call_ms"":292.75,""extra_validation_calls"":0,""correctness"":""PASS""}",,
quickjs,Gameboy,Gameboy,13,412,4,1427,356.75,0,true,2026-09-27T17:27:29.989938+00:00,,Date.now,1469968900,0,3fc599b60ec8be6d0ab60d00add662dde31374ecb5b24167384d72d325a08a21,"[""C:\\Users\\mzyx\\Desktop\\0921\\js-interpreter-bench\\engines\\quickjs-upstream\\qjs.exe"", ""C:\\Users\\mzyx\\Desktop\\0921\\js-interpreter-bench\\experiments\\octane_strict\\generated\\Gameboy.Gameboy.js"", ""STRICT_CONFIG={\""N\"":4,\""mode\"":\""measure\"",\""timer\"":\""Date.now\""}""]","OCTANE_STRICT_RESULT:{""suite"":""Gameboy"",""benchmark"":""Gameboy"",""N"":4,""mode"":""measure"",""timer"":""Date.now"",""elapsed_ms"":1427,""elapsed_per_call_ms"":356.75,""extra_validation_calls"":0,""correctness"":""PASS""}",,
quickjs,Mandreel,Mandreel,13,413,1,1837,1837,0,true,2026-09-27T17:27:33.331075+00:00,,Date.now,3324378500,0,64fbf14da4005c4426dcdd6191a5f206fbcd9ce260549e924fd925408614702d,"[""C:\\Users\\mzyx\\Desktop\\0921\\js-interpreter-bench\\engines\\quickjs-upstream\\qjs.exe"", ""C:\\Users\\mzyx\\Desktop\\0921\\js-interpreter-bench\\experiments\\octane_strict\\generated\\Mandreel.Mandreel.js"", ""STRICT_CONFIG={\""N\"":1,\""mode\"":\""measure\"",\""timer\"":\""Date.now\""}""]","OCTANE_STRICT_RESULT:{""suite"":""Mandreel"",""benchmark"":""Mandreel"",""N"":1,""mode"":""measure"",""timer"":""Date.now"",""elapsed_ms"":1837,""elapsed_per_call_ms"":1837,""extra_validation_calls"":0,""correctness"":""PASS""}",,
v8_ignition,Mandreel,Mandreel,13,414,1,1451,1451,0,true,2026-09-27T17:27:36.188628+00:00,--max-opt=0 --no-lazy,Date.now,2828626600,0,64fbf14da4005c4426dcdd6191a5f206fbcd9ce260549e924fd925408614702d,"[""C:\\Users\\mzyx\\Desktop\\0921\\js-interpreter-bench\\engines\\v8-official-15.6.21\\runtime\\d8.exe"", ""--snapshot_blob=C:\\Users\\mzyx\\Desktop\\0921\\js-interpreter-bench\\engines\\v8-official-15.6.21\\runtime\\snapshot_blob.bin"", ""--max-opt=0"", ""--no-lazy"", ""C:\\Users\\mzyx\\Desktop\\0921\\js-interpreter-bench\\experiments\\octane_strict\\generated\\Mandreel.Mandreel.js"", ""--"", ""STRICT_CONFIG={\""N\"":1,\""mode\"":\""measure\"",\""timer\"":\""Date.now\""}""]","OCTANE_STRICT_RESULT:{""suite"":""Mandreel"",""benchmark"":""Mandreel"",""N"":1,""mode"":""measure"",""timer"":""Date.now"",""elapsed_ms"":1451,""elapsed_per_call_ms"":1451,""extra_validation_calls"":0,""correctness"":""PASS""}",,
quickjs,CodeLoad,CodeLoadClosure,13,415,4096,2464,0.6015625,0,true,2026-09-27T17:27:38.800081+00:00,,Date.now,2595677600,0,9c3f2890631a64f3776ae7d0cbc83510f2cadc62313f8e27b4ab278dd94390e8,"[""C:\\Users\\mzyx\\Desktop\\0921\\js-interpreter-bench\\engines\\quickjs-upstream\\qjs.exe"", ""C:\\Users\\mzyx\\Desktop\\0921\\js-interpreter-bench\\experiments\\octane_strict\\generated\\CodeLoad.CodeLoadClosure.js"", ""STRICT_CONFIG={\""N\"":4096,\""mode\"":\""measure\"",\""timer\"":\""Date.now\""}""]","OCTANE_STRICT_RESULT:{""suite"":""CodeLoad"",""benchmark"":""CodeLoadClosure"",""N"":4096,""mode"":""measure"",""timer"":""Date.now"",""elapsed_ms"":2464,""elapsed_per_call_ms"":0.6015625,""extra_validation_calls"":0,""correctness"":""PASS""}",,
v8_ignition,CodeLoad,CodeLoadClosure,13,416,4096,1200,0.29296875,0,true,2026-09-27T17:27:40.069871+00:00,--max-opt=0 --no-lazy,Date.now,1251688200,0,9c3f2890631a64f3776ae7d0cbc83510f2cadc62313f8e27b4ab278dd94390e8,"[""C:\\Users\\mzyx\\Desktop\\0921\\js-interpreter-bench\\engines\\v8-official-15.6.21\\runtime\\d8.exe"", ""--snapshot_blob=C:\\Users\\mzyx\\Desktop\\0921\\js-interpreter-bench\\engines\\v8-official-15.6.21\\runtime\\snapshot_blob.bin"", ""--max-opt=0"", ""--no-lazy"", ""C:\\Users\\mzyx\\Desktop\\0921\\js-interpreter-bench\\experiments\\octane_strict\\generated\\CodeLoad.CodeLoadClosure.js"", ""--"", ""STRICT_CONFIG={\""N\"":4096,\""mode\"":\""measure\"",\""timer\"":\""Date.now\""}""]","OCTANE_STRICT_RESULT:{""suite"":""CodeLoad"",""benchmark"":""CodeLoadClosure"",""N"":4096,""mode"":""measure"",""timer"":""Date.now"",""elapsed_ms"":1200,""elapsed_per_call_ms"":0.29296875,""extra_validation_calls"":0,""correctness"":""PASS""}",,
quickjs,EarleyBoyer,Boyer,14,417,32,3704,115.75,0,true,2026-09-27T17:27:43.807516+00:00,,Date.now,3726225600,0,e6d4262bd967274f8c7b66181bd6e39a9851606524faae200584e064d21b43b8,"[""C:\\Users\\mzyx\\Desktop\\0921\\js-interpreter-bench\\engines\\quickjs-upstream\\qjs.exe"", ""C:\\Users\\mzyx\\Desktop\\0921\\js-interpreter-bench\\experiments\\octane_strict\\generated\\EarleyBoyer.Boyer.js"", ""STRICT_CONFIG={\""N\"":32,\""mode\"":\""measure\"",\""timer\"":\""Date.now\""}""]","OCTANE_STRICT_RESULT:{""suite"":""EarleyBoyer"",""benchmark"":""Boyer"",""N"":32,""mode"":""measure"",""timer"":""Date.now"",""elapsed_ms"":3704,""elapsed_per_call_ms"":115.75,""extra_validation_calls"":0,""correctness"":""PASS""}",,
v8_ignition,EarleyBoyer,Boyer,14,418,32,1290,40.3125,0,true,2026-09-27T17:27:45.156790+00:00,--max-opt=0 --no-lazy,Date.now,1332436100,0,e6d4262bd967274f8c7b66181bd6e39a9851606524faae200584e064d21b43b8,"[""C:\\Users\\mzyx\\Desktop\\0921\\js-interpreter-bench\\engines\\v8-official-15.6.21\\runtime\\d8.exe"", ""--snapshot_blob=C:\\Users\\mzyx\\Desktop\\0921\\js-interpreter-bench\\engines\\v8-official-15.6.21\\runtime\\snapshot_blob.bin"", ""--max-opt=0"", ""--no-lazy"", ""C:\\Users\\mzyx\\Desktop\\0921\\js-interpreter-bench\\experiments\\octane_strict\\generated\\EarleyBoyer.Boyer.js"", ""--"", ""STRICT_CONFIG={\""N\"":32,\""mode\"":\""measure\"",\""timer\"":\""Date.now\""}""]","OCTANE_STRICT_RESULT:{""suite"":""EarleyBoyer"",""benchmark"":""Boyer"",""N"":32,""mode"":""measure"",""timer"":""Date.now"",""elapsed_ms"":1290,""elapsed_per_call_ms"":40.3125,""extra_validation_calls"":0,""correctness"":""PASS""}",,
v8_ignition,Mandreel,Mandreel,14,419,1,1498,1498,0,true,2026-09-27T17:27:48.059707+00:00,--max-opt=0 --no-lazy,Date.now,2886776600,0,64fbf14da4005c4426dcdd6191a5f206fbcd9ce260549e924fd925408614702d,"[""C:\\Users\\mzyx\\Desktop\\0921\\js-interpreter-bench\\engines\\v8-official-15.6.21\\runtime\\d8.exe"", ""--snapshot_blob=C:\\Users\\mzyx\\Desktop\\0921\\js-interpreter-bench\\engines\\v8-official-15.6.21\\runtime\\snapshot_blob.bin"", ""--max-opt=0"", ""--no-lazy"", ""C:\\Users\\mzyx\\Desktop\\0921\\js-interpreter-bench\\experiments\\octane_strict\\generated\\Mandreel.Mandreel.js"", ""--"", ""STRICT_CONFIG={\""N\"":1,\""mode\"":\""measure\"",\""timer\"":\""Date.now\""}""]","OCTANE_STRICT_RESULT:{""suite"":""Mandreel"",""benchmark"":""Mandreel"",""N"":1,""mode"":""measure"",""timer"":""Date.now"",""elapsed_ms"":1498,""elapsed_per_call_ms"":1498,""extra_validation_calls"":0,""correctness"":""PASS""}",,
quickjs,Mandreel,Mandreel,14,420,1,1885,1885,0,true,2026-09-27T17:27:51.483628+00:00,,Date.now,3398955700,0,64fbf14da4005c4426dcdd6191a5f206fbcd9ce260549e924fd925408614702d,"[""C:\\Users\\mzyx\\Desktop\\0921\\js-interpreter-bench\\engines\\quickjs-upstream\\qjs.exe"", ""C:\\Users\\mzyx\\Desktop\\0921\\js-interpreter-bench\\experiments\\octane_strict\\generated\\Mandreel.Mandreel.js"", ""STRICT_CONFIG={\""N\"":1,\""mode\"":\""measure\"",\""timer\"":\""Date.now\""}""]","OCTANE_STRICT_RESULT:{""suite"":""Mandreel"",""benchmark"":""Mandreel"",""N"":1,""mode"":""measure"",""timer"":""Date.now"",""elapsed_ms"":1885,""elapsed_per_call_ms"":1885,""extra_validation_calls"":0,""correctness"":""PASS""}",,
v8_ignition,CodeLoad,CodeLoadClosure,14,421,4096,1183,0.288818359375,0,true,2026-09-27T17:27:52.734100+00:00,--max-opt=0 --no-lazy,Date.now,1233543900,0,9c3f2890631a64f3776ae7d0cbc83510f2cadc62313f8e27b4ab278dd94390e8,"[""C:\\Users\\mzyx\\Desktop\\0921\\js-interpreter-bench\\engines\\v8-official-15.6.21\\runtime\\d8.exe"", ""--snapshot_blob=C:\\Users\\mzyx\\Desktop\\0921\\js-interpreter-bench\\engines\\v8-official-15.6.21\\runtime\\snapshot_blob.bin"", ""--max-opt=0"", ""--no-lazy"", ""C:\\Users\\mzyx\\Desktop\\0921\\js-interpreter-bench\\experiments\\octane_strict\\generated\\CodeLoad.CodeLoadClosure.js"", ""--"", ""STRICT_CONFIG={\""N\"":4096,\""mode\"":\""measure\"",\""timer\"":\""Date.now\""}""]","OCTANE_STRICT_RESULT:{""suite"":""CodeLoad"",""benchmark"":""CodeLoadClosure"",""N"":4096,""mode"":""measure"",""timer"":""Date.now"",""elapsed_ms"":1183,""elapsed_per_call_ms"":0.288818359375,""extra_validation_calls"":0,""correctness"":""PASS""}",,
quickjs,CodeLoad,CodeLoadClosure,14,422,4096,2470,0.60302734375,0,true,2026-09-27T17:27:55.352353+00:00,,Date.now,2607558900,0,9c3f2890631a64f3776ae7d0cbc83510f2cadc62313f8e27b4ab278dd94390e8,"[""C:\\Users\\mzyx\\Desktop\\0921\\js-interpreter-bench\\engines\\quickjs-upstream\\qjs.exe"", ""C:\\Users\\mzyx\\Desktop\\0921\\js-interpreter-bench\\experiments\\octane_strict\\generated\\CodeLoad.CodeLoadClosure.js"", ""STRICT_CONFIG={\""N\"":4096,\""mode\"":\""measure\"",\""timer\"":\""Date.now\""}""]","OCTANE_STRICT_RESULT:{""suite"":""CodeLoad"",""benchmark"":""CodeLoadClosure"",""N"":4096,""mode"":""measure"",""timer"":""Date.now"",""elapsed_ms"":2470,""elapsed_per_call_ms"":0.60302734375,""extra_validation_calls"":0,""correctness"":""PASS""}",,
quickjs,RayTrace,RayTrace,14,423,64,2497,39.015625,0,true,2026-09-27T17:27:57.870851+00:00,,Date.now,2507495100,0,fb0af35ee1cbd7396c6b23184a123f87ce6f9d1d8e29a2dcbc3bf86a98f3ae33,"[""C:\\Users\\mzyx\\Desktop\\0921\\js-interpreter-bench\\engines\\quickjs-upstream\\qjs.exe"", ""C:\\Users\\mzyx\\Desktop\\0921\\js-interpreter-bench\\experiments\\octane_strict\\generated\\RayTrace.RayTrace.js"", ""STRICT_CONFIG={\""N\"":64,\""mode\"":\""measure\"",\""timer\"":\""Date.now\""}""]","OCTANE_STRICT_RESULT:{""suite"":""RayTrace"",""benchmark"":""RayTrace"",""N"":64,""mode"":""measure"",""timer"":""Date.now"",""elapsed_ms"":2497,""elapsed_per_call_ms"":39.015625,""extra_validation_calls"":0,""correctness"":""PASS""}",,
v8_ignition,RayTrace,RayTrace,14,424,64,1086,16.96875,0,true,2026-09-27T17:27:59.008399+00:00,--max-opt=0 --no-lazy,Date.now,1125722500,0,fb0af35ee1cbd7396c6b23184a123f87ce6f9d1d8e29a2dcbc3bf86a98f3ae33,"[""C:\\Users\\mzyx\\Desktop\\0921\\js-interpreter-bench\\engines\\v8-official-15.6.21\\runtime\\d8.exe"", ""--snapshot_blob=C:\\Users\\mzyx\\Desktop\\0921\\js-interpreter-bench\\engines\\v8-official-15.6.21\\runtime\\snapshot_blob.bin"", ""--max-opt=0"", ""--no-lazy"", ""C:\\Users\\mzyx\\Desktop\\0921\\js-interpreter-bench\\experiments\\octane_strict\\generated\\RayTrace.RayTrace.js"", ""--"", ""STRICT_CONFIG={\""N\"":64,\""mode\"":\""measure\"",\""timer\"":\""Date.now\""}""]","OCTANE_STRICT_RESULT:{""suite"":""RayTrace"",""benchmark"":""RayTrace"",""N"":64,""mode"":""measure"",""timer"":""Date.now"",""elapsed_ms"":1086,""elapsed_per_call_ms"":16.96875,""extra_validation_calls"":0,""correctness"":""PASS""}",,
v8_ignition,Crypto,Decrypt,14,425,16,1395,87.1875,0,true,2026-09-27T17:28:00.457255+00:00,--max-opt=0 --no-lazy,Date.now,1438194000,0,974b320858e72132edd4dd56da2f4582cbe4e99b10027c89dfa44b1ea1cd4591,"[""C:\\Users\\mzyx\\Desktop\\0921\\js-interpreter-bench\\engines\\v8-official-15.6.21\\runtime\\d8.exe"", ""--snapshot_blob=C:\\Users\\mzyx\\Desktop\\0921\\js-interpreter-bench\\engines\\v8-official-15.6.21\\runtime\\snapshot_blob.bin"", ""--max-opt=0"", ""--no-lazy"", ""C:\\Users\\mzyx\\Desktop\\0921\\js-interpreter-bench\\experiments\\octane_strict\\generated\\Crypto.Decrypt.js"", ""--"", ""STRICT_CONFIG={\""N\"":16,\""mode\"":\""measure\"",\""timer\"":\""Date.now\""}""]","OCTANE_STRICT_RESULT:{""suite"":""Crypto"",""benchmark"":""Decrypt"",""N"":16,""mode"":""measure"",""timer"":""Date.now"",""elapsed_ms"":1395,""elapsed_per_call_ms"":87.1875,""extra_validation_calls"":0,""correctness"":""PASS""}",,
quickjs,Crypto,Decrypt,14,426,16,1618,101.125,0,true,2026-09-27T17:28:02.105755+00:00,,Date.now,1636669700,0,974b320858e72132edd4dd56da2f4582cbe4e99b10027c89dfa44b1ea1cd4591,"[""C:\\Users\\mzyx\\Desktop\\0921\\js-interpreter-bench\\engines\\quickjs-upstream\\qjs.exe"", ""C:\\Users\\mzyx\\Desktop\\0921\\js-interpreter-bench\\experiments\\octane_strict\\generated\\Crypto.Decrypt.js"", ""STRICT_CONFIG={\""N\"":16,\""mode\"":\""measure\"",\""timer\"":\""Date.now\""}""]","OCTANE_STRICT_RESULT:{""suite"":""Crypto"",""benchmark"":""Decrypt"",""N"":16,""mode"":""measure"",""timer"":""Date.now"",""elapsed_ms"":1618,""elapsed_per_call_ms"":101.125,""extra_validation_calls"":0,""correctness"":""PASS""}",,
quickjs,CodeLoad,CodeLoadJQuery,14,427,256,2807,10.96484375,0,true,2026-09-27T17:28:04.929807+00:00,,Date.now,2819772600,0,20f796e914b6995cc6114a2de2953e5cf5dd579501264d69dd26188909f790af,"[""C:\\Users\\mzyx\\Desktop\\0921\\js-interpreter-bench\\engines\\quickjs-upstream\\qjs.exe"", ""C:\\Users\\mzyx\\Desktop\\0921\\js-interpreter-bench\\experiments\\octane_strict\\generated\\CodeLoad.CodeLoadJQuery.js"", ""STRICT_CONFIG={\""N\"":256,\""mode\"":\""measure\"",\""timer\"":\""Date.now\""}""]","OCTANE_STRICT_RESULT:{""suite"":""CodeLoad"",""benchmark"":""CodeLoadJQuery"",""N"":256,""mode"":""measure"",""timer"":""Date.now"",""elapsed_ms"":2807,""elapsed_per_call_ms"":10.96484375,""extra_validation_calls"":0,""correctness"":""PASS""}",,
v8_ignition,CodeLoad,CodeLoadJQuery,14,428,256,1072,4.1875,0,true,2026-09-27T17:28:06.056990+00:00,--max-opt=0 --no-lazy,Date.now,1116104300,0,20f796e914b6995cc6114a2de2953e5cf5dd579501264d69dd26188909f790af,"[""C:\\Users\\mzyx\\Desktop\\0921\\js-interpreter-bench\\engines\\v8-official-15.6.21\\runtime\\d8.exe"", ""--snapshot_blob=C:\\Users\\mzyx\\Desktop\\0921\\js-interpreter-bench\\engines\\v8-official-15.6.21\\runtime\\snapshot_blob.bin"", ""--max-opt=0"", ""--no-lazy"", ""C:\\Users\\mzyx\\Desktop\\0921\\js-interpreter-bench\\experiments\\octane_strict\\generated\\CodeLoad.CodeLoadJQuery.js"", ""--"", ""STRICT_CONFIG={\""N\"":256,\""mode\"":\""measure\"",\""timer\"":\""Date.now\""}""]","OCTANE_STRICT_RESULT:{""suite"":""CodeLoad"",""benchmark"":""CodeLoadJQuery"",""N"":256,""mode"":""measure"",""timer"":""Date.now"",""elapsed_ms"":1072,""elapsed_per_call_ms"":4.1875,""extra_validation_calls"":0,""correctness"":""PASS""}",,
quickjs,Richards,Richards,14,429,512,1945,3.798828125,0,true,2026-09-27T17:28:08.024668+00:00,,Date.now,1955852100,0,d2207c68ebcf5db16fd42f8eb04fe21239b5f4726e5d3734ebd3c059754126a8,"[""C:\\Users\\mzyx\\Desktop\\0921\\js-interpreter-bench\\engines\\quickjs-upstream\\qjs.exe"", ""C:\\Users\\mzyx\\Desktop\\0921\\js-interpreter-bench\\experiments\\octane_strict\\generated\\Richards.Richards.js"", ""STRICT_CONFIG={\""N\"":512,\""mode\"":\""measure\"",\""timer\"":\""Date.now\""}""]","OCTANE_STRICT_RESULT:{""suite"":""Richards"",""benchmark"":""Richards"",""N"":512,""mode"":""measure"",""timer"":""Date.now"",""elapsed_ms"":1945,""elapsed_per_call_ms"":3.798828125,""extra_validation_calls"":0,""correctness"":""PASS""}",,
v8_ignition,Richards,Richards,14,430,512,1069,2.087890625,0,true,2026-09-27T17:28:09.142597+00:00,--max-opt=0 --no-lazy,Date.now,1105048800,0,d2207c68ebcf5db16fd42f8eb04fe21239b5f4726e5d3734ebd3c059754126a8,"[""C:\\Users\\mzyx\\Desktop\\0921\\js-interpreter-bench\\engines\\v8-official-15.6.21\\runtime\\d8.exe"", ""--snapshot_blob=C:\\Users\\mzyx\\Desktop\\0921\\js-interpreter-bench\\engines\\v8-official-15.6.21\\runtime\\snapshot_blob.bin"", ""--max-opt=0"", ""--no-lazy"", ""C:\\Users\\mzyx\\Desktop\\0921\\js-interpreter-bench\\experiments\\octane_strict\\generated\\Richards.Richards.js"", ""--"", ""STRICT_CONFIG={\""N\"":512,\""mode\"":\""measure\"",\""timer\"":\""Date.now\""}""]","OCTANE_STRICT_RESULT:{""suite"":""Richards"",""benchmark"":""Richards"",""N"":512,""mode"":""measure"",""timer"":""Date.now"",""elapsed_ms"":1069,""elapsed_per_call_ms"":2.087890625,""extra_validation_calls"":0,""correctness"":""PASS""}",,
quickjs,Splay,Splay,14,431,2048,4534,2.2138671875,0,true,2026-09-27T17:28:14.111929+00:00,,Date.now,4958240100,0,d6372414234d150c814a6933257aa8c98a8c6260b0d72a71ee0d08d0ee6fb17a,"[""C:\\Users\\mzyx\\Desktop\\0921\\js-interpreter-bench\\engines\\quickjs-upstream\\qjs.exe"", ""C:\\Users\\mzyx\\Desktop\\0921\\js-interpreter-bench\\experiments\\octane_strict\\generated\\Splay.Splay.js"", ""STRICT_CONFIG={\""N\"":2048,\""mode\"":\""measure\"",\""timer\"":\""Date.now\""}""]","OCTANE_STRICT_RESULT:{""suite"":""Splay"",""benchmark"":""Splay"",""N"":2048,""mode"":""measure"",""timer"":""Date.now"",""elapsed_ms"":4534,""elapsed_per_call_ms"":2.2138671875,""extra_validation_calls"":0,""correctness"":""PASS""}",,
v8_ignition,Splay,Splay,14,432,2048,1861,0.90869140625,0,true,2026-09-27T17:28:16.122246+00:00,--max-opt=0 --no-lazy,Date.now,1993150800,0,d6372414234d150c814a6933257aa8c98a8c6260b0d72a71ee0d08d0ee6fb17a,"[""C:\\Users\\mzyx\\Desktop\\0921\\js-interpreter-bench\\engines\\v8-official-15.6.21\\runtime\\d8.exe"", ""--snapshot_blob=C:\\Users\\mzyx\\Desktop\\0921\\js-interpreter-bench\\engines\\v8-official-15.6.21\\runtime\\snapshot_blob.bin"", ""--max-opt=0"", ""--no-lazy"", ""C:\\Users\\mzyx\\Desktop\\0921\\js-interpreter-bench\\experiments\\octane_strict\\generated\\Splay.Splay.js"", ""--"", ""STRICT_CONFIG={\""N\"":2048,\""mode\"":\""measure\"",\""timer\"":\""Date.now\""}""]","OCTANE_STRICT_RESULT:{""suite"":""Splay"",""benchmark"":""Splay"",""N"":2048,""mode"":""measure"",""timer"":""Date.now"",""elapsed_ms"":1861,""elapsed_per_call_ms"":0.90869140625,""extra_validation_calls"":0,""correctness"":""PASS""}",,
quickjs,Crypto,Encrypt,14,433,256,1365,5.33203125,0,true,2026-09-27T17:28:17.610610+00:00,,Date.now,1477016700,0,c73b9c8626ff5488b879ff453a865c03adf87602c6d302855f1c6e0f91b57c92,"[""C:\\Users\\mzyx\\Desktop\\0921\\js-interpreter-bench\\engines\\quickjs-upstream\\qjs.exe"", ""C:\\Users\\mzyx\\Desktop\\0921\\js-interpreter-bench\\experiments\\octane_strict\\generated\\Crypto.Encrypt.js"", ""STRICT_CONFIG={\""N\"":256,\""mode\"":\""measure\"",\""timer\"":\""Date.now\""}""]","OCTANE_STRICT_RESULT:{""suite"":""Crypto"",""benchmark"":""Encrypt"",""N"":256,""mode"":""measure"",""timer"":""Date.now"",""elapsed_ms"":1365,""elapsed_per_call_ms"":5.33203125,""extra_validation_calls"":0,""correctness"":""PASS""}",,
v8_ignition,Crypto,Encrypt,14,434,256,1226,4.7890625,0,true,2026-09-27T17:28:18.983084+00:00,--max-opt=0 --no-lazy,Date.now,1356425600,0,c73b9c8626ff5488b879ff453a865c03adf87602c6d302855f1c6e0f91b57c92,"[""C:\\Users\\mzyx\\Desktop\\0921\\js-interpreter-bench\\engines\\v8-official-15.6.21\\runtime\\d8.exe"", ""--snapshot_blob=C:\\Users\\mzyx\\Desktop\\0921\\js-interpreter-bench\\engines\\v8-official-15.6.21\\runtime\\snapshot_blob.bin"", ""--max-opt=0"", ""--no-lazy"", ""C:\\Users\\mzyx\\Desktop\\0921\\js-interpreter-bench\\experiments\\octane_strict\\generated\\Crypto.Encrypt.js"", ""--"", ""STRICT_CONFIG={\""N\"":256,\""mode\"":\""measure\"",\""timer\"":\""Date.now\""}""]","OCTANE_STRICT_RESULT:{""suite"":""Crypto"",""benchmark"":""Encrypt"",""N"":256,""mode"":""measure"",""timer"":""Date.now"",""elapsed_ms"":1226,""elapsed_per_call_ms"":4.7890625,""extra_validation_calls"":0,""correctness"":""PASS""}",,
v8_ignition,EarleyBoyer,Earley,14,435,512,1107,2.162109375,0,true,2026-09-27T17:28:20.143284+00:00,--max-opt=0 --no-lazy,Date.now,1148420800,0,c3ef3fbdd43f0dd5865a1652fa447c774869e86efba25ad910dffdea953f80a2,"[""C:\\Users\\mzyx\\Desktop\\0921\\js-interpreter-bench\\engines\\v8-official-15.6.21\\runtime\\d8.exe"", ""--snapshot_blob=C:\\Users\\mzyx\\Desktop\\0921\\js-interpreter-bench\\engines\\v8-official-15.6.21\\runtime\\snapshot_blob.bin"", ""--max-opt=0"", ""--no-lazy"", ""C:\\Users\\mzyx\\Desktop\\0921\\js-interpreter-bench\\experiments\\octane_strict\\generated\\EarleyBoyer.Earley.js"", ""--"", ""STRICT_CONFIG={\""N\"":512,\""mode\"":\""measure\"",\""timer\"":\""Date.now\""}""]","OCTANE_STRICT_RESULT:{""suite"":""EarleyBoyer"",""benchmark"":""Earley"",""N"":512,""mode"":""measure"",""timer"":""Date.now"",""elapsed_ms"":1107,""elapsed_per_call_ms"":2.162109375,""extra_validation_calls"":0,""correctness"":""PASS""}",,
quickjs,EarleyBoyer,Earley,14,436,512,3777,7.376953125,0,true,2026-09-27T17:28:23.952036+00:00,,Date.now,3796935400,0,c3ef3fbdd43f0dd5865a1652fa447c774869e86efba25ad910dffdea953f80a2,"[""C:\\Users\\mzyx\\Desktop\\0921\\js-interpreter-bench\\engines\\quickjs-upstream\\qjs.exe"", ""C:\\Users\\mzyx\\Desktop\\0921\\js-interpreter-bench\\experiments\\octane_strict\\generated\\EarleyBoyer.Earley.js"", ""STRICT_CONFIG={\""N\"":512,\""mode\"":\""measure\"",\""timer\"":\""Date.now\""}""]","OCTANE_STRICT_RESULT:{""suite"":""EarleyBoyer"",""benchmark"":""Earley"",""N"":512,""mode"":""measure"",""timer"":""Date.now"",""elapsed_ms"":3777,""elapsed_per_call_ms"":7.376953125,""extra_validation_calls"":0,""correctness"":""PASS""}",,
v8_ignition,NavierStokes,NavierStokes,14,437,32,2302,71.9375,0,true,2026-09-27T17:28:26.312441+00:00,--max-opt=0 --no-lazy,Date.now,2342985100,0,e86c3b0056fae99b5f0ffdb7d093b565b02987eef458b2c07ecb3fc39700ee3c,"[""C:\\Users\\mzyx\\Desktop\\0921\\js-interpreter-bench\\engines\\v8-official-15.6.21\\runtime\\d8.exe"", ""--snapshot_blob=C:\\Users\\mzyx\\Desktop\\0921\\js-interpreter-bench\\engines\\v8-official-15.6.21\\runtime\\snapshot_blob.bin"", ""--max-opt=0"", ""--no-lazy"", ""C:\\Users\\mzyx\\Desktop\\0921\\js-interpreter-bench\\experiments\\octane_strict\\generated\\NavierStokes.NavierStokes.js"", ""--"", ""STRICT_CONFIG={\""N\"":32,\""mode\"":\""measure\"",\""timer\"":\""Date.now\""}""]","OCTANE_STRICT_RESULT:{""suite"":""NavierStokes"",""benchmark"":""NavierStokes"",""N"":32,""mode"":""measure"",""timer"":""Date.now"",""elapsed_ms"":2302,""elapsed_per_call_ms"":71.9375,""extra_validation_calls"":0,""correctness"":""PASS""}",,
quickjs,NavierStokes,NavierStokes,14,438,32,1942,60.6875,0,true,2026-09-27T17:28:28.281251+00:00,,Date.now,1957746300,0,e86c3b0056fae99b5f0ffdb7d093b565b02987eef458b2c07ecb3fc39700ee3c,"[""C:\\Users\\mzyx\\Desktop\\0921\\js-interpreter-bench\\engines\\quickjs-upstream\\qjs.exe"", ""C:\\Users\\mzyx\\Desktop\\0921\\js-interpreter-bench\\experiments\\octane_strict\\generated\\NavierStokes.NavierStokes.js"", ""STRICT_CONFIG={\""N\"":32,\""mode\"":\""measure\"",\""timer\"":\""Date.now\""}""]","OCTANE_STRICT_RESULT:{""suite"":""NavierStokes"",""benchmark"":""NavierStokes"",""N"":32,""mode"":""measure"",""timer"":""Date.now"",""elapsed_ms"":1942,""elapsed_per_call_ms"":60.6875,""extra_validation_calls"":0,""correctness"":""PASS""}",,
quickjs,PdfJS,PdfJS,14,439,16,3199,199.9375,0,true,2026-09-27T17:28:31.713201+00:00,,Date.now,3418391200,0,f1966230e4a00bc61dc4c00fd600486e941235c3ee8206f897bd148dfd6e630b,"[""C:\\Users\\mzyx\\Desktop\\0921\\js-interpreter-bench\\engines\\quickjs-upstream\\qjs.exe"", ""C:\\Users\\mzyx\\Desktop\\0921\\js-interpreter-bench\\experiments\\octane_strict\\generated\\PdfJS.PdfJS.js"", ""STRICT_CONFIG={\""N\"":16,\""mode\"":\""measure\"",\""timer\"":\""Date.now\""}""]","OCTANE_STRICT_RESULT:{""suite"":""PdfJS"",""benchmark"":""PdfJS"",""N"":16,""mode"":""measure"",""timer"":""Date.now"",""elapsed_ms"":3199,""elapsed_per_call_ms"":199.9375,""extra_validation_calls"":0,""correctness"":""PASS""}",,
v8_ignition,PdfJS,PdfJS,14,440,16,1708,106.75,0,true,2026-09-27T17:28:33.619010+00:00,--max-opt=0 --no-lazy,Date.now,1892350200,0,f1966230e4a00bc61dc4c00fd600486e941235c3ee8206f897bd148dfd6e630b,"[""C:\\Users\\mzyx\\Desktop\\0921\\js-interpreter-bench\\engines\\v8-official-15.6.21\\runtime\\d8.exe"", ""--snapshot_blob=C:\\Users\\mzyx\\Desktop\\0921\\js-interpreter-bench\\engines\\v8-official-15.6.21\\runtime\\snapshot_blob.bin"", ""--max-opt=0"", ""--no-lazy"", ""C:\\Users\\mzyx\\Desktop\\0921\\js-interpreter-bench\\experiments\\octane_strict\\generated\\PdfJS.PdfJS.js"", ""--"", ""STRICT_CONFIG={\""N\"":16,\""mode\"":\""measure\"",\""timer\"":\""Date.now\""}""]","OCTANE_STRICT_RESULT:{""suite"":""PdfJS"",""benchmark"":""PdfJS"",""N"":16,""mode"":""measure"",""timer"":""Date.now"",""elapsed_ms"":1708,""elapsed_per_call_ms"":106.75,""extra_validation_calls"":0,""correctness"":""PASS""}",,
v8_ignition,RegExp,RegExp,14,441,64,1219,19.046875,0,true,2026-09-27T17:28:34.907527+00:00,--max-opt=0 --no-lazy,Date.now,1275468000,0,881c9e28610ead1d8cbf528614032c48b8faa700f0e4177198bbb22f15a19111,"[""C:\\Users\\mzyx\\Desktop\\0921\\js-interpreter-bench\\engines\\v8-official-15.6.21\\runtime\\d8.exe"", ""--snapshot_blob=C:\\Users\\mzyx\\Desktop\\0921\\js-interpreter-bench\\engines\\v8-official-15.6.21\\runtime\\snapshot_blob.bin"", ""--max-opt=0"", ""--no-lazy"", ""C:\\Users\\mzyx\\Desktop\\0921\\js-interpreter-bench\\experiments\\octane_strict\\generated\\RegExp.RegExp.js"", ""--"", ""STRICT_CONFIG={\""N\"":64,\""mode\"":\""measure\"",\""timer\"":\""Date.now\""}""]","OCTANE_STRICT_RESULT:{""suite"":""RegExp"",""benchmark"":""RegExp"",""N"":64,""mode"":""measure"",""timer"":""Date.now"",""elapsed_ms"":1219,""elapsed_per_call_ms"":19.046875,""extra_validation_calls"":0,""correctness"":""PASS""}",,
quickjs,RegExp,RegExp,14,442,64,14592,228,0,true,2026-09-27T17:28:49.540212+00:00,,Date.now,14622508400,0,881c9e28610ead1d8cbf528614032c48b8faa700f0e4177198bbb22f15a19111,"[""C:\\Users\\mzyx\\Desktop\\0921\\js-interpreter-bench\\engines\\quickjs-upstream\\qjs.exe"", ""C:\\Users\\mzyx\\Desktop\\0921\\js-interpreter-bench\\experiments\\octane_strict\\generated\\RegExp.RegExp.js"", ""STRICT_CONFIG={\""N\"":64,\""mode\"":\""measure\"",\""timer\"":\""Date.now\""}""]","OCTANE_STRICT_RESULT:{""suite"":""RegExp"",""benchmark"":""RegExp"",""N"":64,""mode"":""measure"",""timer"":""Date.now"",""elapsed_ms"":14592,""elapsed_per_call_ms"":228,""extra_validation_calls"":0,""correctness"":""PASS""}",,
v8_ignition,DeltaBlue,DeltaBlue,14,443,512,1859,3.630859375,0,true,2026-09-27T17:28:51.451049+00:00,--max-opt=0 --no-lazy,Date.now,1897577000,0,8542689bb308963c4feefd143c1707791e271d609ef4c476eb9c3dfdeeec539f,"[""C:\\Users\\mzyx\\Desktop\\0921\\js-interpreter-bench\\engines\\v8-official-15.6.21\\runtime\\d8.exe"", ""--snapshot_blob=C:\\Users\\mzyx\\Desktop\\0921\\js-interpreter-bench\\engines\\v8-official-15.6.21\\runtime\\snapshot_blob.bin"", ""--max-opt=0"", ""--no-lazy"", ""C:\\Users\\mzyx\\Desktop\\0921\\js-interpreter-bench\\experiments\\octane_strict\\generated\\DeltaBlue.DeltaBlue.js"", ""--"", ""STRICT_CONFIG={\""N\"":512,\""mode\"":\""measure\"",\""timer\"":\""Date.now\""}""]","OCTANE_STRICT_RESULT:{""suite"":""DeltaBlue"",""benchmark"":""DeltaBlue"",""N"":512,""mode"":""measure"",""timer"":""Date.now"",""elapsed_ms"":1859,""elapsed_per_call_ms"":3.630859375,""extra_validation_calls"":0,""correctness"":""PASS""}",,
quickjs,DeltaBlue,DeltaBlue,14,444,512,3852,7.5234375,0,true,2026-09-27T17:28:55.327318+00:00,,Date.now,3864320600,0,8542689bb308963c4feefd143c1707791e271d609ef4c476eb9c3dfdeeec539f,"[""C:\\Users\\mzyx\\Desktop\\0921\\js-interpreter-bench\\engines\\quickjs-upstream\\qjs.exe"", ""C:\\Users\\mzyx\\Desktop\\0921\\js-interpreter-bench\\experiments\\octane_strict\\generated\\DeltaBlue.DeltaBlue.js"", ""STRICT_CONFIG={\""N\"":512,\""mode\"":\""measure\"",\""timer\"":\""Date.now\""}""]","OCTANE_STRICT_RESULT:{""suite"":""DeltaBlue"",""benchmark"":""DeltaBlue"",""N"":512,""mode"":""measure"",""timer"":""Date.now"",""elapsed_ms"":3852,""elapsed_per_call_ms"":7.5234375,""extra_validation_calls"":0,""correctness"":""PASS""}",,
v8_ignition,Typescript,Typescript,14,445,1,1211,1211,0,true,2026-09-27T17:28:56.634341+00:00,--max-opt=0 --no-lazy,Date.now,1286787900,0,135e157d4fd316d69e9afdb0147a5d3f71ff32877fbe7c2febd72041df50deb0,"[""C:\\Users\\mzyx\\Desktop\\0921\\js-interpreter-bench\\engines\\v8-official-15.6.21\\runtime\\d8.exe"", ""--snapshot_blob=C:\\Users\\mzyx\\Desktop\\0921\\js-interpreter-bench\\engines\\v8-official-15.6.21\\runtime\\snapshot_blob.bin"", ""--max-opt=0"", ""--no-lazy"", ""C:\\Users\\mzyx\\Desktop\\0921\\js-interpreter-bench\\experiments\\octane_strict\\generated\\Typescript.Typescript.js"", ""--"", ""STRICT_CONFIG={\""N\"":1,\""mode\"":\""measure\"",\""timer\"":\""Date.now\""}""]","OCTANE_STRICT_RESULT:{""suite"":""Typescript"",""benchmark"":""Typescript"",""N"":1,""mode"":""measure"",""timer"":""Date.now"",""elapsed_ms"":1211,""elapsed_per_call_ms"":1211,""extra_validation_calls"":0,""correctness"":""PASS""}",,
quickjs,Typescript,Typescript,14,446,1,2060,2060,0,true,2026-09-27T17:28:58.912054+00:00,,Date.now,2261598900,0,135e157d4fd316d69e9afdb0147a5d3f71ff32877fbe7c2febd72041df50deb0,"[""C:\\Users\\mzyx\\Desktop\\0921\\js-interpreter-bench\\engines\\quickjs-upstream\\qjs.exe"", ""C:\\Users\\mzyx\\Desktop\\0921\\js-interpreter-bench\\experiments\\octane_strict\\generated\\Typescript.Typescript.js"", ""STRICT_CONFIG={\""N\"":1,\""mode\"":\""measure\"",\""timer\"":\""Date.now\""}""]","OCTANE_STRICT_RESULT:{""suite"":""Typescript"",""benchmark"":""Typescript"",""N"":1,""mode"":""measure"",""timer"":""Date.now"",""elapsed_ms"":2060,""elapsed_per_call_ms"":2060,""extra_validation_calls"":0,""correctness"":""PASS""}",,
quickjs,Gameboy,Gameboy,14,447,4,1423,355.75,0,true,2026-09-27T17:29:00.397007+00:00,,Date.now,1466526200,0,3fc599b60ec8be6d0ab60d00add662dde31374ecb5b24167384d72d325a08a21,"[""C:\\Users\\mzyx\\Desktop\\0921\\js-interpreter-bench\\engines\\quickjs-upstream\\qjs.exe"", ""C:\\Users\\mzyx\\Desktop\\0921\\js-interpreter-bench\\experiments\\octane_strict\\generated\\Gameboy.Gameboy.js"", ""STRICT_CONFIG={\""N\"":4,\""mode\"":\""measure\"",\""timer\"":\""Date.now\""}""]","OCTANE_STRICT_RESULT:{""suite"":""Gameboy"",""benchmark"":""Gameboy"",""N"":4,""mode"":""measure"",""timer"":""Date.now"",""elapsed_ms"":1423,""elapsed_per_call_ms"":355.75,""extra_validation_calls"":0,""correctness"":""PASS""}",,
v8_ignition,Gameboy,Gameboy,14,448,4,1196,299,0,true,2026-09-27T17:29:01.666795+00:00,--max-opt=0 --no-lazy,Date.now,1256277500,0,3fc599b60ec8be6d0ab60d00add662dde31374ecb5b24167384d72d325a08a21,"[""C:\\Users\\mzyx\\Desktop\\0921\\js-interpreter-bench\\engines\\v8-official-15.6.21\\runtime\\d8.exe"", ""--snapshot_blob=C:\\Users\\mzyx\\Desktop\\0921\\js-interpreter-bench\\engines\\v8-official-15.6.21\\runtime\\snapshot_blob.bin"", ""--max-opt=0"", ""--no-lazy"", ""C:\\Users\\mzyx\\Desktop\\0921\\js-interpreter-bench\\experiments\\octane_strict\\generated\\Gameboy.Gameboy.js"", ""--"", ""STRICT_CONFIG={\""N\"":4,\""mode\"":\""measure\"",\""timer\"":\""Date.now\""}""]","OCTANE_STRICT_RESULT:{""suite"":""Gameboy"",""benchmark"":""Gameboy"",""N"":4,""mode"":""measure"",""timer"":""Date.now"",""elapsed_ms"":1196,""elapsed_per_call_ms"":299,""extra_validation_calls"":0,""correctness"":""PASS""}",,
quickjs,Mandreel,Mandreel,15,449,1,1795,1795,0,true,2026-09-27T17:29:04.957433+00:00,,Date.now,3273449100,0,64fbf14da4005c4426dcdd6191a5f206fbcd9ce260549e924fd925408614702d,"[""C:\\Users\\mzyx\\Desktop\\0921\\js-interpreter-bench\\engines\\quickjs-upstream\\qjs.exe"", ""C:\\Users\\mzyx\\Desktop\\0921\\js-interpreter-bench\\experiments\\octane_strict\\generated\\Mandreel.Mandreel.js"", ""STRICT_CONFIG={\""N\"":1,\""mode\"":\""measure\"",\""timer\"":\""Date.now\""}""]","OCTANE_STRICT_RESULT:{""suite"":""Mandreel"",""benchmark"":""Mandreel"",""N"":1,""mode"":""measure"",""timer"":""Date.now"",""elapsed_ms"":1795,""elapsed_per_call_ms"":1795,""extra_validation_calls"":0,""correctness"":""PASS""}",,
v8_ignition,Mandreel,Mandreel,15,450,1,1460,1460,0,true,2026-09-27T17:29:07.799325+00:00,--max-opt=0 --no-lazy,Date.now,2819654400,0,64fbf14da4005c4426dcdd6191a5f206fbcd9ce260549e924fd925408614702d,"[""C:\\Users\\mzyx\\Desktop\\0921\\js-interpreter-bench\\engines\\v8-official-15.6.21\\runtime\\d8.exe"", ""--snapshot_blob=C:\\Users\\mzyx\\Desktop\\0921\\js-interpreter-bench\\engines\\v8-official-15.6.21\\runtime\\snapshot_blob.bin"", ""--max-opt=0"", ""--no-lazy"", ""C:\\Users\\mzyx\\Desktop\\0921\\js-interpreter-bench\\experiments\\octane_strict\\generated\\Mandreel.Mandreel.js"", ""--"", ""STRICT_CONFIG={\""N\"":1,\""mode\"":\""measure\"",\""timer\"":\""Date.now\""}""]","OCTANE_STRICT_RESULT:{""suite"":""Mandreel"",""benchmark"":""Mandreel"",""N"":1,""mode"":""measure"",""timer"":""Date.now"",""elapsed_ms"":1460,""elapsed_per_call_ms"":1460,""extra_validation_calls"":0,""correctness"":""PASS""}",,
v8_ignition,Richards,Richards,15,451,512,1092,2.1328125,0,true,2026-09-27T17:29:08.943645+00:00,--max-opt=0 --no-lazy,Date.now,1127996700,0,d2207c68ebcf5db16fd42f8eb04fe21239b5f4726e5d3734ebd3c059754126a8,"[""C:\\Users\\mzyx\\Desktop\\0921\\js-interpreter-bench\\engines\\v8-official-15.6.21\\runtime\\d8.exe"", ""--snapshot_blob=C:\\Users\\mzyx\\Desktop\\0921\\js-interpreter-bench\\engines\\v8-official-15.6.21\\runtime\\snapshot_blob.bin"", ""--max-opt=0"", ""--no-lazy"", ""C:\\Users\\mzyx\\Desktop\\0921\\js-interpreter-bench\\experiments\\octane_strict\\generated\\Richards.Richards.js"", ""--"", ""STRICT_CONFIG={\""N\"":512,\""mode\"":\""measure\"",\""timer\"":\""Date.now\""}""]","OCTANE_STRICT_RESULT:{""suite"":""Richards"",""benchmark"":""Richards"",""N"":512,""mode"":""measure"",""timer"":""Date.now"",""elapsed_ms"":1092,""elapsed_per_call_ms"":2.1328125,""extra_validation_calls"":0,""correctness"":""PASS""}",,
quickjs,Richards,Richards,15,452,512,1947,3.802734375,0,true,2026-09-27T17:29:10.911745+00:00,,Date.now,1957073600,0,d2207c68ebcf5db16fd42f8eb04fe21239b5f4726e5d3734ebd3c059754126a8,"[""C:\\Users\\mzyx\\Desktop\\0921\\js-interpreter-bench\\engines\\quickjs-upstream\\qjs.exe"", ""C:\\Users\\mzyx\\Desktop\\0921\\js-interpreter-bench\\experiments\\octane_strict\\generated\\Richards.Richards.js"", ""STRICT_CONFIG={\""N\"":512,\""mode\"":\""measure\"",\""timer\"":\""Date.now\""}""]","OCTANE_STRICT_RESULT:{""suite"":""Richards"",""benchmark"":""Richards"",""N"":512,""mode"":""measure"",""timer"":""Date.now"",""elapsed_ms"":1947,""elapsed_per_call_ms"":3.802734375,""extra_validation_calls"":0,""correctness"":""PASS""}",,
quickjs,EarleyBoyer,Earley,15,453,512,3830,7.48046875,0,true,2026-09-27T17:29:14.778053+00:00,,Date.now,3849609300,0,c3ef3fbdd43f0dd5865a1652fa447c774869e86efba25ad910dffdea953f80a2,"[""C:\\Users\\mzyx\\Desktop\\0921\\js-interpreter-bench\\engines\\quickjs-upstream\\qjs.exe"", ""C:\\Users\\mzyx\\Desktop\\0921\\js-interpreter-bench\\experiments\\octane_strict\\generated\\EarleyBoyer.Earley.js"", ""STRICT_CONFIG={\""N\"":512,\""mode\"":\""measure\"",\""timer\"":\""Date.now\""}""]","OCTANE_STRICT_RESULT:{""suite"":""EarleyBoyer"",""benchmark"":""Earley"",""N"":512,""mode"":""measure"",""timer"":""Date.now"",""elapsed_ms"":3830,""elapsed_per_call_ms"":7.48046875,""extra_validation_calls"":0,""correctness"":""PASS""}",,
v8_ignition,EarleyBoyer,Earley,15,454,512,1100,2.1484375,0,true,2026-09-27T17:29:15.934531+00:00,--max-opt=0 --no-lazy,Date.now,1144348300,0,c3ef3fbdd43f0dd5865a1652fa447c774869e86efba25ad910dffdea953f80a2,"[""C:\\Users\\mzyx\\Desktop\\0921\\js-interpreter-bench\\engines\\v8-official-15.6.21\\runtime\\d8.exe"", ""--snapshot_blob=C:\\Users\\mzyx\\Desktop\\0921\\js-interpreter-bench\\engines\\v8-official-15.6.21\\runtime\\snapshot_blob.bin"", ""--max-opt=0"", ""--no-lazy"", ""C:\\Users\\mzyx\\Desktop\\0921\\js-interpreter-bench\\experiments\\octane_strict\\generated\\EarleyBoyer.Earley.js"", ""--"", ""STRICT_CONFIG={\""N\"":512,\""mode\"":\""measure\"",\""timer\"":\""Date.now\""}""]","OCTANE_STRICT_RESULT:{""suite"":""EarleyBoyer"",""benchmark"":""Earley"",""N"":512,""mode"":""measure"",""timer"":""Date.now"",""elapsed_ms"":1100,""elapsed_per_call_ms"":2.1484375,""extra_validation_calls"":0,""correctness"":""PASS""}",,
quickjs,NavierStokes,NavierStokes,15,455,32,1940,60.625,0,true,2026-09-27T17:29:17.900357+00:00,,Date.now,1955106900,0,e86c3b0056fae99b5f0ffdb7d093b565b02987eef458b2c07ecb3fc39700ee3c,"[""C:\\Users\\mzyx\\Desktop\\0921\\js-interpreter-bench\\engines\\quickjs-upstream\\qjs.exe"", ""C:\\Users\\mzyx\\Desktop\\0921\\js-interpreter-bench\\experiments\\octane_strict\\generated\\NavierStokes.NavierStokes.js"", ""STRICT_CONFIG={\""N\"":32,\""mode\"":\""measure\"",\""timer\"":\""Date.now\""}""]","OCTANE_STRICT_RESULT:{""suite"":""NavierStokes"",""benchmark"":""NavierStokes"",""N"":32,""mode"":""measure"",""timer"":""Date.now"",""elapsed_ms"":1940,""elapsed_per_call_ms"":60.625,""extra_validation_calls"":0,""correctness"":""PASS""}",,
v8_ignition,NavierStokes,NavierStokes,15,456,32,2273,71.03125,0,true,2026-09-27T17:29:20.229662+00:00,--max-opt=0 --no-lazy,Date.now,2312085700,0,e86c3b0056fae99b5f0ffdb7d093b565b02987eef458b2c07ecb3fc39700ee3c,"[""C:\\Users\\mzyx\\Desktop\\0921\\js-interpreter-bench\\engines\\v8-official-15.6.21\\runtime\\d8.exe"", ""--snapshot_blob=C:\\Users\\mzyx\\Desktop\\0921\\js-interpreter-bench\\engines\\v8-official-15.6.21\\runtime\\snapshot_blob.bin"", ""--max-opt=0"", ""--no-lazy"", ""C:\\Users\\mzyx\\Desktop\\0921\\js-interpreter-bench\\experiments\\octane_strict\\generated\\NavierStokes.NavierStokes.js"", ""--"", ""STRICT_CONFIG={\""N\"":32,\""mode\"":\""measure\"",\""timer\"":\""Date.now\""}""]","OCTANE_STRICT_RESULT:{""suite"":""NavierStokes"",""benchmark"":""NavierStokes"",""N"":32,""mode"":""measure"",""timer"":""Date.now"",""elapsed_ms"":2273,""elapsed_per_call_ms"":71.03125,""extra_validation_calls"":0,""correctness"":""PASS""}",,
quickjs,Typescript,Typescript,15,457,1,2113,2113,0,true,2026-09-27T17:29:22.560396+00:00,,Date.now,2317206900,0,135e157d4fd316d69e9afdb0147a5d3f71ff32877fbe7c2febd72041df50deb0,"[""C:\\Users\\mzyx\\Desktop\\0921\\js-interpreter-bench\\engines\\quickjs-upstream\\qjs.exe"", ""C:\\Users\\mzyx\\Desktop\\0921\\js-interpreter-bench\\experiments\\octane_strict\\generated\\Typescript.Typescript.js"", ""STRICT_CONFIG={\""N\"":1,\""mode\"":\""measure\"",\""timer\"":\""Date.now\""}""]","OCTANE_STRICT_RESULT:{""suite"":""Typescript"",""benchmark"":""Typescript"",""N"":1,""mode"":""measure"",""timer"":""Date.now"",""elapsed_ms"":2113,""elapsed_per_call_ms"":2113,""extra_validation_calls"":0,""correctness"":""PASS""}",,
v8_ignition,Typescript,Typescript,15,458,1,1206,1206,0,true,2026-09-27T17:29:23.866278+00:00,--max-opt=0 --no-lazy,Date.now,1282061500,0,135e157d4fd316d69e9afdb0147a5d3f71ff32877fbe7c2febd72041df50deb0,"[""C:\\Users\\mzyx\\Desktop\\0921\\js-interpreter-bench\\engines\\v8-official-15.6.21\\runtime\\d8.exe"", ""--snapshot_blob=C:\\Users\\mzyx\\Desktop\\0921\\js-interpreter-bench\\engines\\v8-official-15.6.21\\runtime\\snapshot_blob.bin"", ""--max-opt=0"", ""--no-lazy"", ""C:\\Users\\mzyx\\Desktop\\0921\\js-interpreter-bench\\experiments\\octane_strict\\generated\\Typescript.Typescript.js"", ""--"", ""STRICT_CONFIG={\""N\"":1,\""mode\"":\""measure\"",\""timer\"":\""Date.now\""}""]","OCTANE_STRICT_RESULT:{""suite"":""Typescript"",""benchmark"":""Typescript"",""N"":1,""mode"":""measure"",""timer"":""Date.now"",""elapsed_ms"":1206,""elapsed_per_call_ms"":1206,""extra_validation_calls"":0,""correctness"":""PASS""}",,
v8_ignition,Crypto,Encrypt,15,459,256,1207,4.71484375,0,true,2026-09-27T17:29:25.213937+00:00,--max-opt=0 --no-lazy,Date.now,1334083600,0,c73b9c8626ff5488b879ff453a865c03adf87602c6d302855f1c6e0f91b57c92,"[""C:\\Users\\mzyx\\Desktop\\0921\\js-interpreter-bench\\engines\\v8-official-15.6.21\\runtime\\d8.exe"", ""--snapshot_blob=C:\\Users\\mzyx\\Desktop\\0921\\js-interpreter-bench\\engines\\v8-official-15.6.21\\runtime\\snapshot_blob.bin"", ""--max-opt=0"", ""--no-lazy"", ""C:\\Users\\mzyx\\Desktop\\0921\\js-interpreter-bench\\experiments\\octane_strict\\generated\\Crypto.Encrypt.js"", ""--"", ""STRICT_CONFIG={\""N\"":256,\""mode\"":\""measure\"",\""timer\"":\""Date.now\""}""]","OCTANE_STRICT_RESULT:{""suite"":""Crypto"",""benchmark"":""Encrypt"",""N"":256,""mode"":""measure"",""timer"":""Date.now"",""elapsed_ms"":1207,""elapsed_per_call_ms"":4.71484375,""extra_validation_calls"":0,""correctness"":""PASS""}",,
quickjs,Crypto,Encrypt,15,460,256,1407,5.49609375,0,true,2026-09-27T17:29:26.746720+00:00,,Date.now,1522210200,0,c73b9c8626ff5488b879ff453a865c03adf87602c6d302855f1c6e0f91b57c92,"[""C:\\Users\\mzyx\\Desktop\\0921\\js-interpreter-bench\\engines\\quickjs-upstream\\qjs.exe"", ""C:\\Users\\mzyx\\Desktop\\0921\\js-interpreter-bench\\experiments\\octane_strict\\generated\\Crypto.Encrypt.js"", ""STRICT_CONFIG={\""N\"":256,\""mode\"":\""measure\"",\""timer\"":\""Date.now\""}""]","OCTANE_STRICT_RESULT:{""suite"":""Crypto"",""benchmark"":""Encrypt"",""N"":256,""mode"":""measure"",""timer"":""Date.now"",""elapsed_ms"":1407,""elapsed_per_call_ms"":5.49609375,""extra_validation_calls"":0,""correctness"":""PASS""}",,
v8_ignition,CodeLoad,CodeLoadJQuery,15,461,256,1070,4.1796875,0,true,2026-09-27T17:29:27.878269+00:00,--max-opt=0 --no-lazy,Date.now,1113628300,0,20f796e914b6995cc6114a2de2953e5cf5dd579501264d69dd26188909f790af,"[""C:\\Users\\mzyx\\Desktop\\0921\\js-interpreter-bench\\engines\\v8-official-15.6.21\\runtime\\d8.exe"", ""--snapshot_blob=C:\\Users\\mzyx\\Desktop\\0921\\js-interpreter-bench\\engines\\v8-official-15.6.21\\runtime\\snapshot_blob.bin"", ""--max-opt=0"", ""--no-lazy"", ""C:\\Users\\mzyx\\Desktop\\0921\\js-interpreter-bench\\experiments\\octane_strict\\generated\\CodeLoad.CodeLoadJQuery.js"", ""--"", ""STRICT_CONFIG={\""N\"":256,\""mode\"":\""measure\"",\""timer\"":\""Date.now\""}""]","OCTANE_STRICT_RESULT:{""suite"":""CodeLoad"",""benchmark"":""CodeLoadJQuery"",""N"":256,""mode"":""measure"",""timer"":""Date.now"",""elapsed_ms"":1070,""elapsed_per_call_ms"":4.1796875,""extra_validation_calls"":0,""correctness"":""PASS""}",,
quickjs,CodeLoad,CodeLoadJQuery,15,462,256,2760,10.78125,0,true,2026-09-27T17:29:30.662751+00:00,,Date.now,2772678800,0,20f796e914b6995cc6114a2de2953e5cf5dd579501264d69dd26188909f790af,"[""C:\\Users\\mzyx\\Desktop\\0921\\js-interpreter-bench\\engines\\quickjs-upstream\\qjs.exe"", ""C:\\Users\\mzyx\\Desktop\\0921\\js-interpreter-bench\\experiments\\octane_strict\\generated\\CodeLoad.CodeLoadJQuery.js"", ""STRICT_CONFIG={\""N\"":256,\""mode\"":\""measure\"",\""timer\"":\""Date.now\""}""]","OCTANE_STRICT_RESULT:{""suite"":""CodeLoad"",""benchmark"":""CodeLoadJQuery"",""N"":256,""mode"":""measure"",""timer"":""Date.now"",""elapsed_ms"":2760,""elapsed_per_call_ms"":10.78125,""extra_validation_calls"":0,""correctness"":""PASS""}",,
v8_ignition,Gameboy,Gameboy,15,463,4,1213,303.25,0,true,2026-09-27T17:29:31.947536+00:00,--max-opt=0 --no-lazy,Date.now,1271897000,0,3fc599b60ec8be6d0ab60d00add662dde31374ecb5b24167384d72d325a08a21,"[""C:\\Users\\mzyx\\Desktop\\0921\\js-interpreter-bench\\engines\\v8-official-15.6.21\\runtime\\d8.exe"", ""--snapshot_blob=C:\\Users\\mzyx\\Desktop\\0921\\js-interpreter-bench\\engines\\v8-official-15.6.21\\runtime\\snapshot_blob.bin"", ""--max-opt=0"", ""--no-lazy"", ""C:\\Users\\mzyx\\Desktop\\0921\\js-interpreter-bench\\experiments\\octane_strict\\generated\\Gameboy.Gameboy.js"", ""--"", ""STRICT_CONFIG={\""N\"":4,\""mode\"":\""measure\"",\""timer\"":\""Date.now\""}""]","OCTANE_STRICT_RESULT:{""suite"":""Gameboy"",""benchmark"":""Gameboy"",""N"":4,""mode"":""measure"",""timer"":""Date.now"",""elapsed_ms"":1213,""elapsed_per_call_ms"":303.25,""extra_validation_calls"":0,""correctness"":""PASS""}",,
quickjs,Gameboy,Gameboy,15,464,4,1421,355.25,0,true,2026-09-27T17:29:33.425503+00:00,,Date.now,1465632600,0,3fc599b60ec8be6d0ab60d00add662dde31374ecb5b24167384d72d325a08a21,"[""C:\\Users\\mzyx\\Desktop\\0921\\js-interpreter-bench\\engines\\quickjs-upstream\\qjs.exe"", ""C:\\Users\\mzyx\\Desktop\\0921\\js-interpreter-bench\\experiments\\octane_strict\\generated\\Gameboy.Gameboy.js"", ""STRICT_CONFIG={\""N\"":4,\""mode\"":\""measure\"",\""timer\"":\""Date.now\""}""]","OCTANE_STRICT_RESULT:{""suite"":""Gameboy"",""benchmark"":""Gameboy"",""N"":4,""mode"":""measure"",""timer"":""Date.now"",""elapsed_ms"":1421,""elapsed_per_call_ms"":355.25,""extra_validation_calls"":0,""correctness"":""PASS""}",,
v8_ignition,Splay,Splay,15,465,2048,1941,0.94775390625,0,true,2026-09-27T17:29:35.508346+00:00,--max-opt=0 --no-lazy,Date.now,2072027700,0,d6372414234d150c814a6933257aa8c98a8c6260b0d72a71ee0d08d0ee6fb17a,"[""C:\\Users\\mzyx\\Desktop\\0921\\js-interpreter-bench\\engines\\v8-official-15.6.21\\runtime\\d8.exe"", ""--snapshot_blob=C:\\Users\\mzyx\\Desktop\\0921\\js-interpreter-bench\\engines\\v8-official-15.6.21\\runtime\\snapshot_blob.bin"", ""--max-opt=0"", ""--no-lazy"", ""C:\\Users\\mzyx\\Desktop\\0921\\js-interpreter-bench\\experiments\\octane_strict\\generated\\Splay.Splay.js"", ""--"", ""STRICT_CONFIG={\""N\"":2048,\""mode\"":\""measure\"",\""timer\"":\""Date.now\""}""]","OCTANE_STRICT_RESULT:{""suite"":""Splay"",""benchmark"":""Splay"",""N"":2048,""mode"":""measure"",""timer"":""Date.now"",""elapsed_ms"":1941,""elapsed_per_call_ms"":0.94775390625,""extra_validation_calls"":0,""correctness"":""PASS""}",,
quickjs,Splay,Splay,15,466,2048,4615,2.25341796875,0,true,2026-09-27T17:29:40.552344+00:00,,Date.now,5039096900,0,d6372414234d150c814a6933257aa8c98a8c6260b0d72a71ee0d08d0ee6fb17a,"[""C:\\Users\\mzyx\\Desktop\\0921\\js-interpreter-bench\\engines\\quickjs-upstream\\qjs.exe"", ""C:\\Users\\mzyx\\Desktop\\0921\\js-interpreter-bench\\experiments\\octane_strict\\generated\\Splay.Splay.js"", ""STRICT_CONFIG={\""N\"":2048,\""mode\"":\""measure\"",\""timer\"":\""Date.now\""}""]","OCTANE_STRICT_RESULT:{""suite"":""Splay"",""benchmark"":""Splay"",""N"":2048,""mode"":""measure"",""timer"":""Date.now"",""elapsed_ms"":4615,""elapsed_per_call_ms"":2.25341796875,""extra_validation_calls"":0,""correctness"":""PASS""}",,
quickjs,DeltaBlue,DeltaBlue,15,467,512,3899,7.615234375,0,true,2026-09-27T17:29:44.473732+00:00,,Date.now,3910544000,0,8542689bb308963c4feefd143c1707791e271d609ef4c476eb9c3dfdeeec539f,"[""C:\\Users\\mzyx\\Desktop\\0921\\js-interpreter-bench\\engines\\quickjs-upstream\\qjs.exe"", ""C:\\Users\\mzyx\\Desktop\\0921\\js-interpreter-bench\\experiments\\octane_strict\\generated\\DeltaBlue.DeltaBlue.js"", ""STRICT_CONFIG={\""N\"":512,\""mode\"":\""measure\"",\""timer\"":\""Date.now\""}""]","OCTANE_STRICT_RESULT:{""suite"":""DeltaBlue"",""benchmark"":""DeltaBlue"",""N"":512,""mode"":""measure"",""timer"":""Date.now"",""elapsed_ms"":3899,""elapsed_per_call_ms"":7.615234375,""extra_validation_calls"":0,""correctness"":""PASS""}",,
v8_ignition,DeltaBlue,DeltaBlue,15,468,512,1848,3.609375,0,true,2026-09-27T17:29:46.375949+00:00,--max-opt=0 --no-lazy,Date.now,1885658600,0,8542689bb308963c4feefd143c1707791e271d609ef4c476eb9c3dfdeeec539f,"[""C:\\Users\\mzyx\\Desktop\\0921\\js-interpreter-bench\\engines\\v8-official-15.6.21\\runtime\\d8.exe"", ""--snapshot_blob=C:\\Users\\mzyx\\Desktop\\0921\\js-interpreter-bench\\engines\\v8-official-15.6.21\\runtime\\snapshot_blob.bin"", ""--max-opt=0"", ""--no-lazy"", ""C:\\Users\\mzyx\\Desktop\\0921\\js-interpreter-bench\\experiments\\octane_strict\\generated\\DeltaBlue.DeltaBlue.js"", ""--"", ""STRICT_CONFIG={\""N\"":512,\""mode\"":\""measure\"",\""timer\"":\""Date.now\""}""]","OCTANE_STRICT_RESULT:{""suite"":""DeltaBlue"",""benchmark"":""DeltaBlue"",""N"":512,""mode"":""measure"",""timer"":""Date.now"",""elapsed_ms"":1848,""elapsed_per_call_ms"":3.609375,""extra_validation_calls"":0,""correctness"":""PASS""}",,
quickjs,RegExp,RegExp,15,469,64,14458,225.90625,0,true,2026-09-27T17:30:00.878605+00:00,,Date.now,14489064400,0,881c9e28610ead1d8cbf528614032c48b8faa700f0e4177198bbb22f15a19111,"[""C:\\Users\\mzyx\\Desktop\\0921\\js-interpreter-bench\\engines\\quickjs-upstream\\qjs.exe"", ""C:\\Users\\mzyx\\Desktop\\0921\\js-interpreter-bench\\experiments\\octane_strict\\generated\\RegExp.RegExp.js"", ""STRICT_CONFIG={\""N\"":64,\""mode\"":\""measure\"",\""timer\"":\""Date.now\""}""]","OCTANE_STRICT_RESULT:{""suite"":""RegExp"",""benchmark"":""RegExp"",""N"":64,""mode"":""measure"",""timer"":""Date.now"",""elapsed_ms"":14458,""elapsed_per_call_ms"":225.90625,""extra_validation_calls"":0,""correctness"":""PASS""}",,
v8_ignition,RegExp,RegExp,15,470,64,1259,19.671875,0,true,2026-09-27T17:30:02.211179+00:00,--max-opt=0 --no-lazy,Date.now,1315468000,0,881c9e28610ead1d8cbf528614032c48b8faa700f0e4177198bbb22f15a19111,"[""C:\\Users\\mzyx\\Desktop\\0921\\js-interpreter-bench\\engines\\v8-official-15.6.21\\runtime\\d8.exe"", ""--snapshot_blob=C:\\Users\\mzyx\\Desktop\\0921\\js-interpreter-bench\\engines\\v8-official-15.6.21\\runtime\\snapshot_blob.bin"", ""--max-opt=0"", ""--no-lazy"", ""C:\\Users\\mzyx\\Desktop\\0921\\js-interpreter-bench\\experiments\\octane_strict\\generated\\RegExp.RegExp.js"", ""--"", ""STRICT_CONFIG={\""N\"":64,\""mode\"":\""measure\"",\""timer\"":\""Date.now\""}""]","OCTANE_STRICT_RESULT:{""suite"":""RegExp"",""benchmark"":""RegExp"",""N"":64,""mode"":""measure"",""timer"":""Date.now"",""elapsed_ms"":1259,""elapsed_per_call_ms"":19.671875,""extra_validation_calls"":0,""correctness"":""PASS""}",,
quickjs,CodeLoad,CodeLoadClosure,15,471,4096,2441,0.595947265625,0,true,2026-09-27T17:30:04.795095+00:00,,Date.now,2572334500,0,9c3f2890631a64f3776ae7d0cbc83510f2cadc62313f8e27b4ab278dd94390e8,"[""C:\\Users\\mzyx\\Desktop\\0921\\js-interpreter-bench\\engines\\quickjs-upstream\\qjs.exe"", ""C:\\Users\\mzyx\\Desktop\\0921\\js-interpreter-bench\\experiments\\octane_strict\\generated\\CodeLoad.CodeLoadClosure.js"", ""STRICT_CONFIG={\""N\"":4096,\""mode\"":\""measure\"",\""timer\"":\""Date.now\""}""]","OCTANE_STRICT_RESULT:{""suite"":""CodeLoad"",""benchmark"":""CodeLoadClosure"",""N"":4096,""mode"":""measure"",""timer"":""Date.now"",""elapsed_ms"":2441,""elapsed_per_call_ms"":0.595947265625,""extra_validation_calls"":0,""correctness"":""PASS""}",,
v8_ignition,CodeLoad,CodeLoadClosure,15,472,4096,1182,0.28857421875,0,true,2026-09-27T17:30:06.043716+00:00,--max-opt=0 --no-lazy,Date.now,1230720300,0,9c3f2890631a64f3776ae7d0cbc83510f2cadc62313f8e27b4ab278dd94390e8,"[""C:\\Users\\mzyx\\Desktop\\0921\\js-interpreter-bench\\engines\\v8-official-15.6.21\\runtime\\d8.exe"", ""--snapshot_blob=C:\\Users\\mzyx\\Desktop\\0921\\js-interpreter-bench\\engines\\v8-official-15.6.21\\runtime\\snapshot_blob.bin"", ""--max-opt=0"", ""--no-lazy"", ""C:\\Users\\mzyx\\Desktop\\0921\\js-interpreter-bench\\experiments\\octane_strict\\generated\\CodeLoad.CodeLoadClosure.js"", ""--"", ""STRICT_CONFIG={\""N\"":4096,\""mode\"":\""measure\"",\""timer\"":\""Date.now\""}""]","OCTANE_STRICT_RESULT:{""suite"":""CodeLoad"",""benchmark"":""CodeLoadClosure"",""N"":4096,""mode"":""measure"",""timer"":""Date.now"",""elapsed_ms"":1182,""elapsed_per_call_ms"":0.28857421875,""extra_validation_calls"":0,""correctness"":""PASS""}",,
v8_ignition,EarleyBoyer,Boyer,15,473,32,1281,40.03125,0,true,2026-09-27T17:30:07.378846+00:00,--max-opt=0 --no-lazy,Date.now,1324830400,0,e6d4262bd967274f8c7b66181bd6e39a9851606524faae200584e064d21b43b8,"[""C:\\Users\\mzyx\\Desktop\\0921\\js-interpreter-bench\\engines\\v8-official-15.6.21\\runtime\\d8.exe"", ""--snapshot_blob=C:\\Users\\mzyx\\Desktop\\0921\\js-interpreter-bench\\engines\\v8-official-15.6.21\\runtime\\snapshot_blob.bin"", ""--max-opt=0"", ""--no-lazy"", ""C:\\Users\\mzyx\\Desktop\\0921\\js-interpreter-bench\\experiments\\octane_strict\\generated\\EarleyBoyer.Boyer.js"", ""--"", ""STRICT_CONFIG={\""N\"":32,\""mode\"":\""measure\"",\""timer\"":\""Date.now\""}""]","OCTANE_STRICT_RESULT:{""suite"":""EarleyBoyer"",""benchmark"":""Boyer"",""N"":32,""mode"":""measure"",""timer"":""Date.now"",""elapsed_ms"":1281,""elapsed_per_call_ms"":40.03125,""extra_validation_calls"":0,""correctness"":""PASS""}",,
quickjs,EarleyBoyer,Boyer,15,474,32,3767,117.71875,0,true,2026-09-27T17:30:11.180696+00:00,,Date.now,3789812300,0,e6d4262bd967274f8c7b66181bd6e39a9851606524faae200584e064d21b43b8,"[""C:\\Users\\mzyx\\Desktop\\0921\\js-interpreter-bench\\engines\\quickjs-upstream\\qjs.exe"", ""C:\\Users\\mzyx\\Desktop\\0921\\js-interpreter-bench\\experiments\\octane_strict\\generated\\EarleyBoyer.Boyer.js"", ""STRICT_CONFIG={\""N\"":32,\""mode\"":\""measure\"",\""timer\"":\""Date.now\""}""]","OCTANE_STRICT_RESULT:{""suite"":""EarleyBoyer"",""benchmark"":""Boyer"",""N"":32,""mode"":""measure"",""timer"":""Date.now"",""elapsed_ms"":3767,""elapsed_per_call_ms"":117.71875,""extra_validation_calls"":0,""correctness"":""PASS""}",,
v8_ignition,PdfJS,PdfJS,15,475,16,1698,106.125,0,true,2026-09-27T17:30:13.053879+00:00,--max-opt=0 --no-lazy,Date.now,1853842700,0,f1966230e4a00bc61dc4c00fd600486e941235c3ee8206f897bd148dfd6e630b,"[""C:\\Users\\mzyx\\Desktop\\0921\\js-interpreter-bench\\engines\\v8-official-15.6.21\\runtime\\d8.exe"", ""--snapshot_blob=C:\\Users\\mzyx\\Desktop\\0921\\js-interpreter-bench\\engines\\v8-official-15.6.21\\runtime\\snapshot_blob.bin"", ""--max-opt=0"", ""--no-lazy"", ""C:\\Users\\mzyx\\Desktop\\0921\\js-interpreter-bench\\experiments\\octane_strict\\generated\\PdfJS.PdfJS.js"", ""--"", ""STRICT_CONFIG={\""N\"":16,\""mode\"":\""measure\"",\""timer\"":\""Date.now\""}""]","OCTANE_STRICT_RESULT:{""suite"":""PdfJS"",""benchmark"":""PdfJS"",""N"":16,""mode"":""measure"",""timer"":""Date.now"",""elapsed_ms"":1698,""elapsed_per_call_ms"":106.125,""extra_validation_calls"":0,""correctness"":""PASS""}",,
quickjs,PdfJS,PdfJS,15,476,16,3214,200.875,0,true,2026-09-27T17:30:16.504201+00:00,,Date.now,3435328300,0,f1966230e4a00bc61dc4c00fd600486e941235c3ee8206f897bd148dfd6e630b,"[""C:\\Users\\mzyx\\Desktop\\0921\\js-interpreter-bench\\engines\\quickjs-upstream\\qjs.exe"", ""C:\\Users\\mzyx\\Desktop\\0921\\js-interpreter-bench\\experiments\\octane_strict\\generated\\PdfJS.PdfJS.js"", ""STRICT_CONFIG={\""N\"":16,\""mode\"":\""measure\"",\""timer\"":\""Date.now\""}""]","OCTANE_STRICT_RESULT:{""suite"":""PdfJS"",""benchmark"":""PdfJS"",""N"":16,""mode"":""measure"",""timer"":""Date.now"",""elapsed_ms"":3214,""elapsed_per_call_ms"":200.875,""extra_validation_calls"":0,""correctness"":""PASS""}",,
quickjs,Crypto,Decrypt,15,477,16,1605,100.3125,0,true,2026-09-27T17:30:18.144289+00:00,,Date.now,1622592400,0,974b320858e72132edd4dd56da2f4582cbe4e99b10027c89dfa44b1ea1cd4591,"[""C:\\Users\\mzyx\\Desktop\\0921\\js-interpreter-bench\\engines\\quickjs-upstream\\qjs.exe"", ""C:\\Users\\mzyx\\Desktop\\0921\\js-interpreter-bench\\experiments\\octane_strict\\generated\\Crypto.Decrypt.js"", ""STRICT_CONFIG={\""N\"":16,\""mode\"":\""measure\"",\""timer\"":\""Date.now\""}""]","OCTANE_STRICT_RESULT:{""suite"":""Crypto"",""benchmark"":""Decrypt"",""N"":16,""mode"":""measure"",""timer"":""Date.now"",""elapsed_ms"":1605,""elapsed_per_call_ms"":100.3125,""extra_validation_calls"":0,""correctness"":""PASS""}",,
v8_ignition,Crypto,Decrypt,15,478,16,1452,90.75,0,true,2026-09-27T17:30:19.650781+00:00,--max-opt=0 --no-lazy,Date.now,1494908700,0,974b320858e72132edd4dd56da2f4582cbe4e99b10027c89dfa44b1ea1cd4591,"[""C:\\Users\\mzyx\\Desktop\\0921\\js-interpreter-bench\\engines\\v8-official-15.6.21\\runtime\\d8.exe"", ""--snapshot_blob=C:\\Users\\mzyx\\Desktop\\0921\\js-interpreter-bench\\engines\\v8-official-15.6.21\\runtime\\snapshot_blob.bin"", ""--max-opt=0"", ""--no-lazy"", ""C:\\Users\\mzyx\\Desktop\\0921\\js-interpreter-bench\\experiments\\octane_strict\\generated\\Crypto.Decrypt.js"", ""--"", ""STRICT_CONFIG={\""N\"":16,\""mode\"":\""measure\"",\""timer\"":\""Date.now\""}""]","OCTANE_STRICT_RESULT:{""suite"":""Crypto"",""benchmark"":""Decrypt"",""N"":16,""mode"":""measure"",""timer"":""Date.now"",""elapsed_ms"":1452,""elapsed_per_call_ms"":90.75,""extra_validation_calls"":0,""correctness"":""PASS""}",,
v8_ignition,RayTrace,RayTrace,15,479,64,1087,16.984375,0,true,2026-09-27T17:30:20.786141+00:00,--max-opt=0 --no-lazy,Date.now,1122875300,0,fb0af35ee1cbd7396c6b23184a123f87ce6f9d1d8e29a2dcbc3bf86a98f3ae33,"[""C:\\Users\\mzyx\\Desktop\\0921\\js-interpreter-bench\\engines\\v8-official-15.6.21\\runtime\\d8.exe"", ""--snapshot_blob=C:\\Users\\mzyx\\Desktop\\0921\\js-interpreter-bench\\engines\\v8-official-15.6.21\\runtime\\snapshot_blob.bin"", ""--max-opt=0"", ""--no-lazy"", ""C:\\Users\\mzyx\\Desktop\\0921\\js-interpreter-bench\\experiments\\octane_strict\\generated\\RayTrace.RayTrace.js"", ""--"", ""STRICT_CONFIG={\""N\"":64,\""mode\"":\""measure\"",\""timer\"":\""Date.now\""}""]","OCTANE_STRICT_RESULT:{""suite"":""RayTrace"",""benchmark"":""RayTrace"",""N"":64,""mode"":""measure"",""timer"":""Date.now"",""elapsed_ms"":1087,""elapsed_per_call_ms"":16.984375,""extra_validation_calls"":0,""correctness"":""PASS""}",,
quickjs,RayTrace,RayTrace,15,480,64,2521,39.390625,0,true,2026-09-27T17:30:23.331557+00:00,,Date.now,2533008600,0,fb0af35ee1cbd7396c6b23184a123f87ce6f9d1d8e29a2dcbc3bf86a98f3ae33,"[""C:\\Users\\mzyx\\Desktop\\0921\\js-interpreter-bench\\engines\\quickjs-upstream\\qjs.exe"", ""C:\\Users\\mzyx\\Desktop\\0921\\js-interpreter-bench\\experiments\\octane_strict\\generated\\RayTrace.RayTrace.js"", ""STRICT_CONFIG={\""N\"":64,\""mode\"":\""measure\"",\""timer\"":\""Date.now\""}""]","OCTANE_STRICT_RESULT:{""suite"":""RayTrace"",""benchmark"":""RayTrace"",""N"":64,""mode"":""measure"",""timer"":""Date.now"",""elapsed_ms"":2521,""elapsed_per_call_ms"":39.390625,""extra_validation_calls"":0,""correctness"":""PASS""}",,
v8_ignition,Crypto,Decrypt,16,481,16,1400,87.5,0,true,2026-09-27T17:30:24.786155+00:00,--max-opt=0 --no-lazy,Date.now,1443596200,0,974b320858e72132edd4dd56da2f4582cbe4e99b10027c89dfa44b1ea1cd4591,"[""C:\\Users\\mzyx\\Desktop\\0921\\js-interpreter-bench\\engines\\v8-official-15.6.21\\runtime\\d8.exe"", ""--snapshot_blob=C:\\Users\\mzyx\\Desktop\\0921\\js-interpreter-bench\\engines\\v8-official-15.6.21\\runtime\\snapshot_blob.bin"", ""--max-opt=0"", ""--no-lazy"", ""C:\\Users\\mzyx\\Desktop\\0921\\js-interpreter-bench\\experiments\\octane_strict\\generated\\Crypto.Decrypt.js"", ""--"", ""STRICT_CONFIG={\""N\"":16,\""mode\"":\""measure\"",\""timer\"":\""Date.now\""}""]","OCTANE_STRICT_RESULT:{""suite"":""Crypto"",""benchmark"":""Decrypt"",""N"":16,""mode"":""measure"",""timer"":""Date.now"",""elapsed_ms"":1400,""elapsed_per_call_ms"":87.5,""extra_validation_calls"":0,""correctness"":""PASS""}",,
quickjs,Crypto,Decrypt,16,482,16,1664,104,0,true,2026-09-27T17:30:26.479810+00:00,,Date.now,1683104200,0,974b320858e72132edd4dd56da2f4582cbe4e99b10027c89dfa44b1ea1cd4591,"[""C:\\Users\\mzyx\\Desktop\\0921\\js-interpreter-bench\\engines\\quickjs-upstream\\qjs.exe"", ""C:\\Users\\mzyx\\Desktop\\0921\\js-interpreter-bench\\experiments\\octane_strict\\generated\\Crypto.Decrypt.js"", ""STRICT_CONFIG={\""N\"":16,\""mode\"":\""measure\"",\""timer\"":\""Date.now\""}""]","OCTANE_STRICT_RESULT:{""suite"":""Crypto"",""benchmark"":""Decrypt"",""N"":16,""mode"":""measure"",""timer"":""Date.now"",""elapsed_ms"":1664,""elapsed_per_call_ms"":104,""extra_validation_calls"":0,""correctness"":""PASS""}",,
quickjs,Richards,Richards,16,483,512,1973,3.853515625,0,true,2026-09-27T17:30:28.481723+00:00,,Date.now,1984182700,0,d2207c68ebcf5db16fd42f8eb04fe21239b5f4726e5d3734ebd3c059754126a8,"[""C:\\Users\\mzyx\\Desktop\\0921\\js-interpreter-bench\\engines\\quickjs-upstream\\qjs.exe"", ""C:\\Users\\mzyx\\Desktop\\0921\\js-interpreter-bench\\experiments\\octane_strict\\generated\\Richards.Richards.js"", ""STRICT_CONFIG={\""N\"":512,\""mode\"":\""measure\"",\""timer\"":\""Date.now\""}""]","OCTANE_STRICT_RESULT:{""suite"":""Richards"",""benchmark"":""Richards"",""N"":512,""mode"":""measure"",""timer"":""Date.now"",""elapsed_ms"":1973,""elapsed_per_call_ms"":3.853515625,""extra_validation_calls"":0,""correctness"":""PASS""}",,
v8_ignition,Richards,Richards,16,484,512,1086,2.12109375,0,true,2026-09-27T17:30:29.615515+00:00,--max-opt=0 --no-lazy,Date.now,1122570200,0,d2207c68ebcf5db16fd42f8eb04fe21239b5f4726e5d3734ebd3c059754126a8,"[""C:\\Users\\mzyx\\Desktop\\0921\\js-interpreter-bench\\engines\\v8-official-15.6.21\\runtime\\d8.exe"", ""--snapshot_blob=C:\\Users\\mzyx\\Desktop\\0921\\js-interpreter-bench\\engines\\v8-official-15.6.21\\runtime\\snapshot_blob.bin"", ""--max-opt=0"", ""--no-lazy"", ""C:\\Users\\mzyx\\Desktop\\0921\\js-interpreter-bench\\experiments\\octane_strict\\generated\\Richards.Richards.js"", ""--"", ""STRICT_CONFIG={\""N\"":512,\""mode\"":\""measure\"",\""timer\"":\""Date.now\""}""]","OCTANE_STRICT_RESULT:{""suite"":""Richards"",""benchmark"":""Richards"",""N"":512,""mode"":""measure"",""timer"":""Date.now"",""elapsed_ms"":1086,""elapsed_per_call_ms"":2.12109375,""extra_validation_calls"":0,""correctness"":""PASS""}",,
v8_ignition,CodeLoad,CodeLoadClosure,16,485,4096,1169,0.285400390625,0,true,2026-09-27T17:30:30.850247+00:00,--max-opt=0 --no-lazy,Date.now,1220819300,0,9c3f2890631a64f3776ae7d0cbc83510f2cadc62313f8e27b4ab278dd94390e8,"[""C:\\Users\\mzyx\\Desktop\\0921\\js-interpreter-bench\\engines\\v8-official-15.6.21\\runtime\\d8.exe"", ""--snapshot_blob=C:\\Users\\mzyx\\Desktop\\0921\\js-interpreter-bench\\engines\\v8-official-15.6.21\\runtime\\snapshot_blob.bin"", ""--max-opt=0"", ""--no-lazy"", ""C:\\Users\\mzyx\\Desktop\\0921\\js-interpreter-bench\\experiments\\octane_strict\\generated\\CodeLoad.CodeLoadClosure.js"", ""--"", ""STRICT_CONFIG={\""N\"":4096,\""mode\"":\""measure\"",\""timer\"":\""Date.now\""}""]","OCTANE_STRICT_RESULT:{""suite"":""CodeLoad"",""benchmark"":""CodeLoadClosure"",""N"":4096,""mode"":""measure"",""timer"":""Date.now"",""elapsed_ms"":1169,""elapsed_per_call_ms"":0.285400390625,""extra_validation_calls"":0,""correctness"":""PASS""}",,
quickjs,CodeLoad,CodeLoadClosure,16,486,4096,2458,0.60009765625,0,true,2026-09-27T17:30:33.452626+00:00,,Date.now,2590731100,0,9c3f2890631a64f3776ae7d0cbc83510f2cadc62313f8e27b4ab278dd94390e8,"[""C:\\Users\\mzyx\\Desktop\\0921\\js-interpreter-bench\\engines\\quickjs-upstream\\qjs.exe"", ""C:\\Users\\mzyx\\Desktop\\0921\\js-interpreter-bench\\experiments\\octane_strict\\generated\\CodeLoad.CodeLoadClosure.js"", ""STRICT_CONFIG={\""N\"":4096,\""mode\"":\""measure\"",\""timer\"":\""Date.now\""}""]","OCTANE_STRICT_RESULT:{""suite"":""CodeLoad"",""benchmark"":""CodeLoadClosure"",""N"":4096,""mode"":""measure"",""timer"":""Date.now"",""elapsed_ms"":2458,""elapsed_per_call_ms"":0.60009765625,""extra_validation_calls"":0,""correctness"":""PASS""}",,
v8_ignition,Typescript,Typescript,16,487,1,1218,1218,0,true,2026-09-27T17:30:34.765858+00:00,--max-opt=0 --no-lazy,Date.now,1295879300,0,135e157d4fd316d69e9afdb0147a5d3f71ff32877fbe7c2febd72041df50deb0,"[""C:\\Users\\mzyx\\Desktop\\0921\\js-interpreter-bench\\engines\\v8-official-15.6.21\\runtime\\d8.exe"", ""--snapshot_blob=C:\\Users\\mzyx\\Desktop\\0921\\js-interpreter-bench\\engines\\v8-official-15.6.21\\runtime\\snapshot_blob.bin"", ""--max-opt=0"", ""--no-lazy"", ""C:\\Users\\mzyx\\Desktop\\0921\\js-interpreter-bench\\experiments\\octane_strict\\generated\\Typescript.Typescript.js"", ""--"", ""STRICT_CONFIG={\""N\"":1,\""mode\"":\""measure\"",\""timer\"":\""Date.now\""}""]","OCTANE_STRICT_RESULT:{""suite"":""Typescript"",""benchmark"":""Typescript"",""N"":1,""mode"":""measure"",""timer"":""Date.now"",""elapsed_ms"":1218,""elapsed_per_call_ms"":1218,""extra_validation_calls"":0,""correctness"":""PASS""}",,
quickjs,Typescript,Typescript,16,488,1,2038,2038,0,true,2026-09-27T17:30:37.020996+00:00,,Date.now,2239172100,0,135e157d4fd316d69e9afdb0147a5d3f71ff32877fbe7c2febd72041df50deb0,"[""C:\\Users\\mzyx\\Desktop\\0921\\js-interpreter-bench\\engines\\quickjs-upstream\\qjs.exe"", ""C:\\Users\\mzyx\\Desktop\\0921\\js-interpreter-bench\\experiments\\octane_strict\\generated\\Typescript.Typescript.js"", ""STRICT_CONFIG={\""N\"":1,\""mode\"":\""measure\"",\""timer\"":\""Date.now\""}""]","OCTANE_STRICT_RESULT:{""suite"":""Typescript"",""benchmark"":""Typescript"",""N"":1,""mode"":""measure"",""timer"":""Date.now"",""elapsed_ms"":2038,""elapsed_per_call_ms"":2038,""extra_validation_calls"":0,""correctness"":""PASS""}",,
quickjs,Splay,Splay,16,489,2048,4568,2.23046875,0,true,2026-09-27T17:30:42.025930+00:00,,Date.now,4990954200,0,d6372414234d150c814a6933257aa8c98a8c6260b0d72a71ee0d08d0ee6fb17a,"[""C:\\Users\\mzyx\\Desktop\\0921\\js-interpreter-bench\\engines\\quickjs-upstream\\qjs.exe"", ""C:\\Users\\mzyx\\Desktop\\0921\\js-interpreter-bench\\experiments\\octane_strict\\generated\\Splay.Splay.js"", ""STRICT_CONFIG={\""N\"":2048,\""mode\"":\""measure\"",\""timer\"":\""Date.now\""}""]","OCTANE_STRICT_RESULT:{""suite"":""Splay"",""benchmark"":""Splay"",""N"":2048,""mode"":""measure"",""timer"":""Date.now"",""elapsed_ms"":4568,""elapsed_per_call_ms"":2.23046875,""extra_validation_calls"":0,""correctness"":""PASS""}",,
v8_ignition,Splay,Splay,16,490,2048,1821,0.88916015625,0,true,2026-09-27T17:30:44.013719+00:00,--max-opt=0 --no-lazy,Date.now,1977486000,0,d6372414234d150c814a6933257aa8c98a8c6260b0d72a71ee0d08d0ee6fb17a,"[""C:\\Users\\mzyx\\Desktop\\0921\\js-interpreter-bench\\engines\\v8-official-15.6.21\\runtime\\d8.exe"", ""--snapshot_blob=C:\\Users\\mzyx\\Desktop\\0921\\js-interpreter-bench\\engines\\v8-official-15.6.21\\runtime\\snapshot_blob.bin"", ""--max-opt=0"", ""--no-lazy"", ""C:\\Users\\mzyx\\Desktop\\0921\\js-interpreter-bench\\experiments\\octane_strict\\generated\\Splay.Splay.js"", ""--"", ""STRICT_CONFIG={\""N\"":2048,\""mode\"":\""measure\"",\""timer\"":\""Date.now\""}""]","OCTANE_STRICT_RESULT:{""suite"":""Splay"",""benchmark"":""Splay"",""N"":2048,""mode"":""measure"",""timer"":""Date.now"",""elapsed_ms"":1821,""elapsed_per_call_ms"":0.88916015625,""extra_validation_calls"":0,""correctness"":""PASS""}",,
quickjs,RayTrace,RayTrace,16,491,64,2534,39.59375,0,true,2026-09-27T17:30:46.571625+00:00,,Date.now,2545146900,0,fb0af35ee1cbd7396c6b23184a123f87ce6f9d1d8e29a2dcbc3bf86a98f3ae33,"[""C:\\Users\\mzyx\\Desktop\\0921\\js-interpreter-bench\\engines\\quickjs-upstream\\qjs.exe"", ""C:\\Users\\mzyx\\Desktop\\0921\\js-interpreter-bench\\experiments\\octane_strict\\generated\\RayTrace.RayTrace.js"", ""STRICT_CONFIG={\""N\"":64,\""mode\"":\""measure\"",\""timer\"":\""Date.now\""}""]","OCTANE_STRICT_RESULT:{""suite"":""RayTrace"",""benchmark"":""RayTrace"",""N"":64,""mode"":""measure"",""timer"":""Date.now"",""elapsed_ms"":2534,""elapsed_per_call_ms"":39.59375,""extra_validation_calls"":0,""correctness"":""PASS""}",,
v8_ignition,RayTrace,RayTrace,16,492,64,1097,17.140625,0,true,2026-09-27T17:30:47.715433+00:00,--max-opt=0 --no-lazy,Date.now,1133836100,0,fb0af35ee1cbd7396c6b23184a123f87ce6f9d1d8e29a2dcbc3bf86a98f3ae33,"[""C:\\Users\\mzyx\\Desktop\\0921\\js-interpreter-bench\\engines\\v8-official-15.6.21\\runtime\\d8.exe"", ""--snapshot_blob=C:\\Users\\mzyx\\Desktop\\0921\\js-interpreter-bench\\engines\\v8-official-15.6.21\\runtime\\snapshot_blob.bin"", ""--max-opt=0"", ""--no-lazy"", ""C:\\Users\\mzyx\\Desktop\\0921\\js-interpreter-bench\\experiments\\octane_strict\\generated\\RayTrace.RayTrace.js"", ""--"", ""STRICT_CONFIG={\""N\"":64,\""mode\"":\""measure\"",\""timer\"":\""Date.now\""}""]","OCTANE_STRICT_RESULT:{""suite"":""RayTrace"",""benchmark"":""RayTrace"",""N"":64,""mode"":""measure"",""timer"":""Date.now"",""elapsed_ms"":1097,""elapsed_per_call_ms"":17.140625,""extra_validation_calls"":0,""correctness"":""PASS""}",,
v8_ignition,NavierStokes,NavierStokes,16,493,32,2266,70.8125,0,true,2026-09-27T17:30:50.034558+00:00,--max-opt=0 --no-lazy,Date.now,2305197700,0,e86c3b0056fae99b5f0ffdb7d093b565b02987eef458b2c07ecb3fc39700ee3c,"[""C:\\Users\\mzyx\\Desktop\\0921\\js-interpreter-bench\\engines\\v8-official-15.6.21\\runtime\\d8.exe"", ""--snapshot_blob=C:\\Users\\mzyx\\Desktop\\0921\\js-interpreter-bench\\engines\\v8-official-15.6.21\\runtime\\snapshot_blob.bin"", ""--max-opt=0"", ""--no-lazy"", ""C:\\Users\\mzyx\\Desktop\\0921\\js-interpreter-bench\\experiments\\octane_strict\\generated\\NavierStokes.NavierStokes.js"", ""--"", ""STRICT_CONFIG={\""N\"":32,\""mode\"":\""measure\"",\""timer\"":\""Date.now\""}""]","OCTANE_STRICT_RESULT:{""suite"":""NavierStokes"",""benchmark"":""NavierStokes"",""N"":32,""mode"":""measure"",""timer"":""Date.now"",""elapsed_ms"":2266,""elapsed_per_call_ms"":70.8125,""extra_validation_calls"":0,""correctness"":""PASS""}",,
quickjs,NavierStokes,NavierStokes,16,494,32,1957,61.15625,0,true,2026-09-27T17:30:52.020224+00:00,,Date.now,1974329800,0,e86c3b0056fae99b5f0ffdb7d093b565b02987eef458b2c07ecb3fc39700ee3c,"[""C:\\Users\\mzyx\\Desktop\\0921\\js-interpreter-bench\\engines\\quickjs-upstream\\qjs.exe"", ""C:\\Users\\mzyx\\Desktop\\0921\\js-interpreter-bench\\experiments\\octane_strict\\generated\\NavierStokes.NavierStokes.js"", ""STRICT_CONFIG={\""N\"":32,\""mode\"":\""measure\"",\""timer\"":\""Date.now\""}""]","OCTANE_STRICT_RESULT:{""suite"":""NavierStokes"",""benchmark"":""NavierStokes"",""N"":32,""mode"":""measure"",""timer"":""Date.now"",""elapsed_ms"":1957,""elapsed_per_call_ms"":61.15625,""extra_validation_calls"":0,""correctness"":""PASS""}",,
quickjs,CodeLoad,CodeLoadJQuery,16,495,256,2807,10.96484375,0,true,2026-09-27T17:30:54.852034+00:00,,Date.now,2820743700,0,20f796e914b6995cc6114a2de2953e5cf5dd579501264d69dd26188909f790af,"[""C:\\Users\\mzyx\\Desktop\\0921\\js-interpreter-bench\\engines\\quickjs-upstream\\qjs.exe"", ""C:\\Users\\mzyx\\Desktop\\0921\\js-interpreter-bench\\experiments\\octane_strict\\generated\\CodeLoad.CodeLoadJQuery.js"", ""STRICT_CONFIG={\""N\"":256,\""mode\"":\""measure\"",\""timer\"":\""Date.now\""}""]","OCTANE_STRICT_RESULT:{""suite"":""CodeLoad"",""benchmark"":""CodeLoadJQuery"",""N"":256,""mode"":""measure"",""timer"":""Date.now"",""elapsed_ms"":2807,""elapsed_per_call_ms"":10.96484375,""extra_validation_calls"":0,""correctness"":""PASS""}",,
v8_ignition,CodeLoad,CodeLoadJQuery,16,496,256,1075,4.19921875,0,true,2026-09-27T17:30:55.989359+00:00,--max-opt=0 --no-lazy,Date.now,1119421900,0,20f796e914b6995cc6114a2de2953e5cf5dd579501264d69dd26188909f790af,"[""C:\\Users\\mzyx\\Desktop\\0921\\js-interpreter-bench\\engines\\v8-official-15.6.21\\runtime\\d8.exe"", ""--snapshot_blob=C:\\Users\\mzyx\\Desktop\\0921\\js-interpreter-bench\\engines\\v8-official-15.6.21\\runtime\\snapshot_blob.bin"", ""--max-opt=0"", ""--no-lazy"", ""C:\\Users\\mzyx\\Desktop\\0921\\js-interpreter-bench\\experiments\\octane_strict\\generated\\CodeLoad.CodeLoadJQuery.js"", ""--"", ""STRICT_CONFIG={\""N\"":256,\""mode\"":\""measure\"",\""timer\"":\""Date.now\""}""]","OCTANE_STRICT_RESULT:{""suite"":""CodeLoad"",""benchmark"":""CodeLoadJQuery"",""N"":256,""mode"":""measure"",""timer"":""Date.now"",""elapsed_ms"":1075,""elapsed_per_call_ms"":4.19921875,""extra_validation_calls"":0,""correctness"":""PASS""}",,
quickjs,Gameboy,Gameboy,16,497,4,1423,355.75,0,true,2026-09-27T17:30:57.471208+00:00,,Date.now,1468706700,0,3fc599b60ec8be6d0ab60d00add662dde31374ecb5b24167384d72d325a08a21,"[""C:\\Users\\mzyx\\Desktop\\0921\\js-interpreter-bench\\engines\\quickjs-upstream\\qjs.exe"", ""C:\\Users\\mzyx\\Desktop\\0921\\js-interpreter-bench\\experiments\\octane_strict\\generated\\Gameboy.Gameboy.js"", ""STRICT_CONFIG={\""N\"":4,\""mode\"":\""measure\"",\""timer\"":\""Date.now\""}""]","OCTANE_STRICT_RESULT:{""suite"":""Gameboy"",""benchmark"":""Gameboy"",""N"":4,""mode"":""measure"",""timer"":""Date.now"",""elapsed_ms"":1423,""elapsed_per_call_ms"":355.75,""extra_validation_calls"":0,""correctness"":""PASS""}",,
v8_ignition,Gameboy,Gameboy,16,498,4,1182,295.5,0,true,2026-09-27T17:30:58.731829+00:00,--max-opt=0 --no-lazy,Date.now,1241648400,0,3fc599b60ec8be6d0ab60d00add662dde31374ecb5b24167384d72d325a08a21,"[""C:\\Users\\mzyx\\Desktop\\0921\\js-interpreter-bench\\engines\\v8-official-15.6.21\\runtime\\d8.exe"", ""--snapshot_blob=C:\\Users\\mzyx\\Desktop\\0921\\js-interpreter-bench\\engines\\v8-official-15.6.21\\runtime\\snapshot_blob.bin"", ""--max-opt=0"", ""--no-lazy"", ""C:\\Users\\mzyx\\Desktop\\0921\\js-interpreter-bench\\experiments\\octane_strict\\generated\\Gameboy.Gameboy.js"", ""--"", ""STRICT_CONFIG={\""N\"":4,\""mode\"":\""measure\"",\""timer\"":\""Date.now\""}""]","OCTANE_STRICT_RESULT:{""suite"":""Gameboy"",""benchmark"":""Gameboy"",""N"":4,""mode"":""measure"",""timer"":""Date.now"",""elapsed_ms"":1182,""elapsed_per_call_ms"":295.5,""extra_validation_calls"":0,""correctness"":""PASS""}",,
quickjs,EarleyBoyer,Boyer,16,499,32,3693,115.40625,0,true,2026-09-27T17:31:02.459934+00:00,,Date.now,3715973200,0,e6d4262bd967274f8c7b66181bd6e39a9851606524faae200584e064d21b43b8,"[""C:\\Users\\mzyx\\Desktop\\0921\\js-interpreter-bench\\engines\\quickjs-upstream\\qjs.exe"", ""C:\\Users\\mzyx\\Desktop\\0921\\js-interpreter-bench\\experiments\\octane_strict\\generated\\EarleyBoyer.Boyer.js"", ""STRICT_CONFIG={\""N\"":32,\""mode\"":\""measure\"",\""timer\"":\""Date.now\""}""]","OCTANE_STRICT_RESULT:{""suite"":""EarleyBoyer"",""benchmark"":""Boyer"",""N"":32,""mode"":""measure"",""timer"":""Date.now"",""elapsed_ms"":3693,""elapsed_per_call_ms"":115.40625,""extra_validation_calls"":0,""correctness"":""PASS""}",,
v8_ignition,EarleyBoyer,Boyer,16,500,32,1284,40.125,0,true,2026-09-27T17:31:03.804586+00:00,--max-opt=0 --no-lazy,Date.now,1326986700,0,e6d4262bd967274f8c7b66181bd6e39a9851606524faae200584e064d21b43b8,"[""C:\\Users\\mzyx\\Desktop\\0921\\js-interpreter-bench\\engines\\v8-official-15.6.21\\runtime\\d8.exe"", ""--snapshot_blob=C:\\Users\\mzyx\\Desktop\\0921\\js-interpreter-bench\\engines\\v8-official-15.6.21\\runtime\\snapshot_blob.bin"", ""--max-opt=0"", ""--no-lazy"", ""C:\\Users\\mzyx\\Desktop\\0921\\js-interpreter-bench\\experiments\\octane_strict\\generated\\EarleyBoyer.Boyer.js"", ""--"", ""STRICT_CONFIG={\""N\"":32,\""mode\"":\""measure\"",\""timer\"":\""Date.now\""}""]","OCTANE_STRICT_RESULT:{""suite"":""EarleyBoyer"",""benchmark"":""Boyer"",""N"":32,""mode"":""measure"",""timer"":""Date.now"",""elapsed_ms"":1284,""elapsed_per_call_ms"":40.125,""extra_validation_calls"":0,""correctness"":""PASS""}",,
v8_ignition,DeltaBlue,DeltaBlue,16,501,512,1924,3.7578125,0,true,2026-09-27T17:31:05.778218+00:00,--max-opt=0 --no-lazy,Date.now,1962253800,0,8542689bb308963c4feefd143c1707791e271d609ef4c476eb9c3dfdeeec539f,"[""C:\\Users\\mzyx\\Desktop\\0921\\js-interpreter-bench\\engines\\v8-official-15.6.21\\runtime\\d8.exe"", ""--snapshot_blob=C:\\Users\\mzyx\\Desktop\\0921\\js-interpreter-bench\\engines\\v8-official-15.6.21\\runtime\\snapshot_blob.bin"", ""--max-opt=0"", ""--no-lazy"", ""C:\\Users\\mzyx\\Desktop\\0921\\js-interpreter-bench\\experiments\\octane_strict\\generated\\DeltaBlue.DeltaBlue.js"", ""--"", ""STRICT_CONFIG={\""N\"":512,\""mode\"":\""measure\"",\""timer\"":\""Date.now\""}""]","OCTANE_STRICT_RESULT:{""suite"":""DeltaBlue"",""benchmark"":""DeltaBlue"",""N"":512,""mode"":""measure"",""timer"":""Date.now"",""elapsed_ms"":1924,""elapsed_per_call_ms"":3.7578125,""extra_validation_calls"":0,""correctness"":""PASS""}",,
quickjs,DeltaBlue,DeltaBlue,16,502,512,3858,7.53515625,0,true,2026-09-27T17:31:09.661083+00:00,,Date.now,3871024100,0,8542689bb308963c4feefd143c1707791e271d609ef4c476eb9c3dfdeeec539f,"[""C:\\Users\\mzyx\\Desktop\\0921\\js-interpreter-bench\\engines\\quickjs-upstream\\qjs.exe"", ""C:\\Users\\mzyx\\Desktop\\0921\\js-interpreter-bench\\experiments\\octane_strict\\generated\\DeltaBlue.DeltaBlue.js"", ""STRICT_CONFIG={\""N\"":512,\""mode\"":\""measure\"",\""timer\"":\""Date.now\""}""]","OCTANE_STRICT_RESULT:{""suite"":""DeltaBlue"",""benchmark"":""DeltaBlue"",""N"":512,""mode"":""measure"",""timer"":""Date.now"",""elapsed_ms"":3858,""elapsed_per_call_ms"":7.53515625,""extra_validation_calls"":0,""correctness"":""PASS""}",,
quickjs,Crypto,Encrypt,16,503,256,1398,5.4609375,0,true,2026-09-27T17:31:11.192750+00:00,,Date.now,1513407100,0,c73b9c8626ff5488b879ff453a865c03adf87602c6d302855f1c6e0f91b57c92,"[""C:\\Users\\mzyx\\Desktop\\0921\\js-interpreter-bench\\engines\\quickjs-upstream\\qjs.exe"", ""C:\\Users\\mzyx\\Desktop\\0921\\js-interpreter-bench\\experiments\\octane_strict\\generated\\Crypto.Encrypt.js"", ""STRICT_CONFIG={\""N\"":256,\""mode\"":\""measure\"",\""timer\"":\""Date.now\""}""]","OCTANE_STRICT_RESULT:{""suite"":""Crypto"",""benchmark"":""Encrypt"",""N"":256,""mode"":""measure"",""timer"":""Date.now"",""elapsed_ms"":1398,""elapsed_per_call_ms"":5.4609375,""extra_validation_calls"":0,""correctness"":""PASS""}",,
v8_ignition,Crypto,Encrypt,16,504,256,1221,4.76953125,0,true,2026-09-27T17:31:12.562846+00:00,--max-opt=0 --no-lazy,Date.now,1353060700,0,c73b9c8626ff5488b879ff453a865c03adf87602c6d302855f1c6e0f91b57c92,"[""C:\\Users\\mzyx\\Desktop\\0921\\js-interpreter-bench\\engines\\v8-official-15.6.21\\runtime\\d8.exe"", ""--snapshot_blob=C:\\Users\\mzyx\\Desktop\\0921\\js-interpreter-bench\\engines\\v8-official-15.6.21\\runtime\\snapshot_blob.bin"", ""--max-opt=0"", ""--no-lazy"", ""C:\\Users\\mzyx\\Desktop\\0921\\js-interpreter-bench\\experiments\\octane_strict\\generated\\Crypto.Encrypt.js"", ""--"", ""STRICT_CONFIG={\""N\"":256,\""mode\"":\""measure\"",\""timer\"":\""Date.now\""}""]","OCTANE_STRICT_RESULT:{""suite"":""Crypto"",""benchmark"":""Encrypt"",""N"":256,""mode"":""measure"",""timer"":""Date.now"",""elapsed_ms"":1221,""elapsed_per_call_ms"":4.76953125,""extra_validation_calls"":0,""correctness"":""PASS""}",,
quickjs,PdfJS,PdfJS,16,505,16,3179,198.6875,0,true,2026-09-27T17:31:15.974223+00:00,,Date.now,3397659100,0,f1966230e4a00bc61dc4c00fd600486e941235c3ee8206f897bd148dfd6e630b,"[""C:\\Users\\mzyx\\Desktop\\0921\\js-interpreter-bench\\engines\\quickjs-upstream\\qjs.exe"", ""C:\\Users\\mzyx\\Desktop\\0921\\js-interpreter-bench\\experiments\\octane_strict\\generated\\PdfJS.PdfJS.js"", ""STRICT_CONFIG={\""N\"":16,\""mode\"":\""measure\"",\""timer\"":\""Date.now\""}""]","OCTANE_STRICT_RESULT:{""suite"":""PdfJS"",""benchmark"":""PdfJS"",""N"":16,""mode"":""measure"",""timer"":""Date.now"",""elapsed_ms"":3179,""elapsed_per_call_ms"":198.6875,""extra_validation_calls"":0,""correctness"":""PASS""}",,
v8_ignition,PdfJS,PdfJS,16,506,16,1694,105.875,0,true,2026-09-27T17:31:17.835800+00:00,--max-opt=0 --no-lazy,Date.now,1846283900,0,f1966230e4a00bc61dc4c00fd600486e941235c3ee8206f897bd148dfd6e630b,"[""C:\\Users\\mzyx\\Desktop\\0921\\js-interpreter-bench\\engines\\v8-official-15.6.21\\runtime\\d8.exe"", ""--snapshot_blob=C:\\Users\\mzyx\\Desktop\\0921\\js-interpreter-bench\\engines\\v8-official-15.6.21\\runtime\\snapshot_blob.bin"", ""--max-opt=0"", ""--no-lazy"", ""C:\\Users\\mzyx\\Desktop\\0921\\js-interpreter-bench\\experiments\\octane_strict\\generated\\PdfJS.PdfJS.js"", ""--"", ""STRICT_CONFIG={\""N\"":16,\""mode\"":\""measure\"",\""timer\"":\""Date.now\""}""]","OCTANE_STRICT_RESULT:{""suite"":""PdfJS"",""benchmark"":""PdfJS"",""N"":16,""mode"":""measure"",""timer"":""Date.now"",""elapsed_ms"":1694,""elapsed_per_call_ms"":105.875,""extra_validation_calls"":0,""correctness"":""PASS""}",,
v8_ignition,EarleyBoyer,Earley,16,507,512,1092,2.1328125,0,true,2026-09-27T17:31:18.984611+00:00,--max-opt=0 --no-lazy,Date.now,1136537100,0,c3ef3fbdd43f0dd5865a1652fa447c774869e86efba25ad910dffdea953f80a2,"[""C:\\Users\\mzyx\\Desktop\\0921\\js-interpreter-bench\\engines\\v8-official-15.6.21\\runtime\\d8.exe"", ""--snapshot_blob=C:\\Users\\mzyx\\Desktop\\0921\\js-interpreter-bench\\engines\\v8-official-15.6.21\\runtime\\snapshot_blob.bin"", ""--max-opt=0"", ""--no-lazy"", ""C:\\Users\\mzyx\\Desktop\\0921\\js-interpreter-bench\\experiments\\octane_strict\\generated\\EarleyBoyer.Earley.js"", ""--"", ""STRICT_CONFIG={\""N\"":512,\""mode\"":\""measure\"",\""timer\"":\""Date.now\""}""]","OCTANE_STRICT_RESULT:{""suite"":""EarleyBoyer"",""benchmark"":""Earley"",""N"":512,""mode"":""measure"",""timer"":""Date.now"",""elapsed_ms"":1092,""elapsed_per_call_ms"":2.1328125,""extra_validation_calls"":0,""correctness"":""PASS""}",,
quickjs,EarleyBoyer,Earley,16,508,512,3714,7.25390625,0,true,2026-09-27T17:31:22.732411+00:00,,Date.now,3735016200,0,c3ef3fbdd43f0dd5865a1652fa447c774869e86efba25ad910dffdea953f80a2,"[""C:\\Users\\mzyx\\Desktop\\0921\\js-interpreter-bench\\engines\\quickjs-upstream\\qjs.exe"", ""C:\\Users\\mzyx\\Desktop\\0921\\js-interpreter-bench\\experiments\\octane_strict\\generated\\EarleyBoyer.Earley.js"", ""STRICT_CONFIG={\""N\"":512,\""mode\"":\""measure\"",\""timer\"":\""Date.now\""}""]","OCTANE_STRICT_RESULT:{""suite"":""EarleyBoyer"",""benchmark"":""Earley"",""N"":512,""mode"":""measure"",""timer"":""Date.now"",""elapsed_ms"":3714,""elapsed_per_call_ms"":7.25390625,""extra_validation_calls"":0,""correctness"":""PASS""}",,
v8_ignition,Mandreel,Mandreel,16,509,1,1441,1441,0,true,2026-09-27T17:31:25.548262+00:00,--max-opt=0 --no-lazy,Date.now,2792779400,0,64fbf14da4005c4426dcdd6191a5f206fbcd9ce260549e924fd925408614702d,"[""C:\\Users\\mzyx\\Desktop\\0921\\js-interpreter-bench\\engines\\v8-official-15.6.21\\runtime\\d8.exe"", ""--snapshot_blob=C:\\Users\\mzyx\\Desktop\\0921\\js-interpreter-bench\\engines\\v8-official-15.6.21\\runtime\\snapshot_blob.bin"", ""--max-opt=0"", ""--no-lazy"", ""C:\\Users\\mzyx\\Desktop\\0921\\js-interpreter-bench\\experiments\\octane_strict\\generated\\Mandreel.Mandreel.js"", ""--"", ""STRICT_CONFIG={\""N\"":1,\""mode\"":\""measure\"",\""timer\"":\""Date.now\""}""]","OCTANE_STRICT_RESULT:{""suite"":""Mandreel"",""benchmark"":""Mandreel"",""N"":1,""mode"":""measure"",""timer"":""Date.now"",""elapsed_ms"":1441,""elapsed_per_call_ms"":1441,""extra_validation_calls"":0,""correctness"":""PASS""}",,
quickjs,Mandreel,Mandreel,16,510,1,1769,1769,0,true,2026-09-27T17:31:28.806914+00:00,,Date.now,3237151900,0,64fbf14da4005c4426dcdd6191a5f206fbcd9ce260549e924fd925408614702d,"[""C:\\Users\\mzyx\\Desktop\\0921\\js-interpreter-bench\\engines\\quickjs-upstream\\qjs.exe"", ""C:\\Users\\mzyx\\Desktop\\0921\\js-interpreter-bench\\experiments\\octane_strict\\generated\\Mandreel.Mandreel.js"", ""STRICT_CONFIG={\""N\"":1,\""mode\"":\""measure\"",\""timer\"":\""Date.now\""}""]","OCTANE_STRICT_RESULT:{""suite"":""Mandreel"",""benchmark"":""Mandreel"",""N"":1,""mode"":""measure"",""timer"":""Date.now"",""elapsed_ms"":1769,""elapsed_per_call_ms"":1769,""extra_validation_calls"":0,""correctness"":""PASS""}",,
v8_ignition,RegExp,RegExp,16,511,64,1232,19.25,0,true,2026-09-27T17:31:30.117672+00:00,--max-opt=0 --no-lazy,Date.now,1288987600,0,881c9e28610ead1d8cbf528614032c48b8faa700f0e4177198bbb22f15a19111,"[""C:\\Users\\mzyx\\Desktop\\0921\\js-interpreter-bench\\engines\\v8-official-15.6.21\\runtime\\d8.exe"", ""--snapshot_blob=C:\\Users\\mzyx\\Desktop\\0921\\js-interpreter-bench\\engines\\v8-official-15.6.21\\runtime\\snapshot_blob.bin"", ""--max-opt=0"", ""--no-lazy"", ""C:\\Users\\mzyx\\Desktop\\0921\\js-interpreter-bench\\experiments\\octane_strict\\generated\\RegExp.RegExp.js"", ""--"", ""STRICT_CONFIG={\""N\"":64,\""mode\"":\""measure\"",\""timer\"":\""Date.now\""}""]","OCTANE_STRICT_RESULT:{""suite"":""RegExp"",""benchmark"":""RegExp"",""N"":64,""mode"":""measure"",""timer"":""Date.now"",""elapsed_ms"":1232,""elapsed_per_call_ms"":19.25,""extra_validation_calls"":0,""correctness"":""PASS""}",,
quickjs,RegExp,RegExp,16,512,64,14577,227.765625,0,true,2026-09-27T17:31:44.738339+00:00,,Date.now,14608886000,0,881c9e28610ead1d8cbf528614032c48b8faa700f0e4177198bbb22f15a19111,"[""C:\\Users\\mzyx\\Desktop\\0921\\js-interpreter-bench\\engines\\quickjs-upstream\\qjs.exe"", ""C:\\Users\\mzyx\\Desktop\\0921\\js-interpreter-bench\\experiments\\octane_strict\\generated\\RegExp.RegExp.js"", ""STRICT_CONFIG={\""N\"":64,\""mode\"":\""measure\"",\""timer\"":\""Date.now\""}""]","OCTANE_STRICT_RESULT:{""suite"":""RegExp"",""benchmark"":""RegExp"",""N"":64,""mode"":""measure"",""timer"":""Date.now"",""elapsed_ms"":14577,""elapsed_per_call_ms"":227.765625,""extra_validation_calls"":0,""correctness"":""PASS""}",,
quickjs,EarleyBoyer,Earley,17,513,512,3769,7.361328125,0,true,2026-09-27T17:31:48.546007+00:00,,Date.now,3790168800,0,c3ef3fbdd43f0dd5865a1652fa447c774869e86efba25ad910dffdea953f80a2,"[""C:\\Users\\mzyx\\Desktop\\0921\\js-interpreter-bench\\engines\\quickjs-upstream\\qjs.exe"", ""C:\\Users\\mzyx\\Desktop\\0921\\js-interpreter-bench\\experiments\\octane_strict\\generated\\EarleyBoyer.Earley.js"", ""STRICT_CONFIG={\""N\"":512,\""mode\"":\""measure\"",\""timer\"":\""Date.now\""}""]","OCTANE_STRICT_RESULT:{""suite"":""EarleyBoyer"",""benchmark"":""Earley"",""N"":512,""mode"":""measure"",""timer"":""Date.now"",""elapsed_ms"":3769,""elapsed_per_call_ms"":7.361328125,""extra_validation_calls"":0,""correctness"":""PASS""}",,
v8_ignition,EarleyBoyer,Earley,17,514,512,1094,2.13671875,0,true,2026-09-27T17:31:49.702133+00:00,--max-opt=0 --no-lazy,Date.now,1136739500,0,c3ef3fbdd43f0dd5865a1652fa447c774869e86efba25ad910dffdea953f80a2,"[""C:\\Users\\mzyx\\Desktop\\0921\\js-interpreter-bench\\engines\\v8-official-15.6.21\\runtime\\d8.exe"", ""--snapshot_blob=C:\\Users\\mzyx\\Desktop\\0921\\js-interpreter-bench\\engines\\v8-official-15.6.21\\runtime\\snapshot_blob.bin"", ""--max-opt=0"", ""--no-lazy"", ""C:\\Users\\mzyx\\Desktop\\0921\\js-interpreter-bench\\experiments\\octane_strict\\generated\\EarleyBoyer.Earley.js"", ""--"", ""STRICT_CONFIG={\""N\"":512,\""mode\"":\""measure\"",\""timer\"":\""Date.now\""}""]","OCTANE_STRICT_RESULT:{""suite"":""EarleyBoyer"",""benchmark"":""Earley"",""N"":512,""mode"":""measure"",""timer"":""Date.now"",""elapsed_ms"":1094,""elapsed_per_call_ms"":2.13671875,""extra_validation_calls"":0,""correctness"":""PASS""}",,
quickjs,NavierStokes,NavierStokes,17,515,32,1867,58.34375,0,true,2026-09-27T17:31:51.595049+00:00,,Date.now,1881819900,0,e86c3b0056fae99b5f0ffdb7d093b565b02987eef458b2c07ecb3fc39700ee3c,"[""C:\\Users\\mzyx\\Desktop\\0921\\js-interpreter-bench\\engines\\quickjs-upstream\\qjs.exe"", ""C:\\Users\\mzyx\\Desktop\\0921\\js-interpreter-bench\\experiments\\octane_strict\\generated\\NavierStokes.NavierStokes.js"", ""STRICT_CONFIG={\""N\"":32,\""mode\"":\""measure\"",\""timer\"":\""Date.now\""}""]","OCTANE_STRICT_RESULT:{""suite"":""NavierStokes"",""benchmark"":""NavierStokes"",""N"":32,""mode"":""measure"",""timer"":""Date.now"",""elapsed_ms"":1867,""elapsed_per_call_ms"":58.34375,""extra_validation_calls"":0,""correctness"":""PASS""}",,
v8_ignition,NavierStokes,NavierStokes,17,516,32,2256,70.5,0,true,2026-09-27T17:31:53.901504+00:00,--max-opt=0 --no-lazy,Date.now,2294891500,0,e86c3b0056fae99b5f0ffdb7d093b565b02987eef458b2c07ecb3fc39700ee3c,"[""C:\\Users\\mzyx\\Desktop\\0921\\js-interpreter-bench\\engines\\v8-official-15.6.21\\runtime\\d8.exe"", ""--snapshot_blob=C:\\Users\\mzyx\\Desktop\\0921\\js-interpreter-bench\\engines\\v8-official-15.6.21\\runtime\\snapshot_blob.bin"", ""--max-opt=0"", ""--no-lazy"", ""C:\\Users\\mzyx\\Desktop\\0921\\js-interpreter-bench\\experiments\\octane_strict\\generated\\NavierStokes.NavierStokes.js"", ""--"", ""STRICT_CONFIG={\""N\"":32,\""mode\"":\""measure\"",\""timer\"":\""Date.now\""}""]","OCTANE_STRICT_RESULT:{""suite"":""NavierStokes"",""benchmark"":""NavierStokes"",""N"":32,""mode"":""measure"",""timer"":""Date.now"",""elapsed_ms"":2256,""elapsed_per_call_ms"":70.5,""extra_validation_calls"":0,""correctness"":""PASS""}",,
v8_ignition,EarleyBoyer,Boyer,17,517,32,1293,40.40625,0,true,2026-09-27T17:31:55.249167+00:00,--max-opt=0 --no-lazy,Date.now,1336934500,0,e6d4262bd967274f8c7b66181bd6e39a9851606524faae200584e064d21b43b8,"[""C:\\Users\\mzyx\\Desktop\\0921\\js-interpreter-bench\\engines\\v8-official-15.6.21\\runtime\\d8.exe"", ""--snapshot_blob=C:\\Users\\mzyx\\Desktop\\0921\\js-interpreter-bench\\engines\\v8-official-15.6.21\\runtime\\snapshot_blob.bin"", ""--max-opt=0"", ""--no-lazy"", ""C:\\Users\\mzyx\\Desktop\\0921\\js-interpreter-bench\\experiments\\octane_strict\\generated\\EarleyBoyer.Boyer.js"", ""--"", ""STRICT_CONFIG={\""N\"":32,\""mode\"":\""measure\"",\""timer\"":\""Date.now\""}""]","OCTANE_STRICT_RESULT:{""suite"":""EarleyBoyer"",""benchmark"":""Boyer"",""N"":32,""mode"":""measure"",""timer"":""Date.now"",""elapsed_ms"":1293,""elapsed_per_call_ms"":40.40625,""extra_validation_calls"":0,""correctness"":""PASS""}",,
quickjs,EarleyBoyer,Boyer,17,518,32,3730,116.5625,0,true,2026-09-27T17:31:59.012677+00:00,,Date.now,3752180600,0,e6d4262bd967274f8c7b66181bd6e39a9851606524faae200584e064d21b43b8,"[""C:\\Users\\mzyx\\Desktop\\0921\\js-interpreter-bench\\engines\\quickjs-upstream\\qjs.exe"", ""C:\\Users\\mzyx\\Desktop\\0921\\js-interpreter-bench\\experiments\\octane_strict\\generated\\EarleyBoyer.Boyer.js"", ""STRICT_CONFIG={\""N\"":32,\""mode\"":\""measure\"",\""timer\"":\""Date.now\""}""]","OCTANE_STRICT_RESULT:{""suite"":""EarleyBoyer"",""benchmark"":""Boyer"",""N"":32,""mode"":""measure"",""timer"":""Date.now"",""elapsed_ms"":3730,""elapsed_per_call_ms"":116.5625,""extra_validation_calls"":0,""correctness"":""PASS""}",,
quickjs,RegExp,RegExp,17,519,64,14524,226.9375,0,true,2026-09-27T17:32:13.586871+00:00,,Date.now,14555254400,0,881c9e28610ead1d8cbf528614032c48b8faa700f0e4177198bbb22f15a19111,"[""C:\\Users\\mzyx\\Desktop\\0921\\js-interpreter-bench\\engines\\quickjs-upstream\\qjs.exe"", ""C:\\Users\\mzyx\\Desktop\\0921\\js-interpreter-bench\\experiments\\octane_strict\\generated\\RegExp.RegExp.js"", ""STRICT_CONFIG={\""N\"":64,\""mode\"":\""measure\"",\""timer\"":\""Date.now\""}""]","OCTANE_STRICT_RESULT:{""suite"":""RegExp"",""benchmark"":""RegExp"",""N"":64,""mode"":""measure"",""timer"":""Date.now"",""elapsed_ms"":14524,""elapsed_per_call_ms"":226.9375,""extra_validation_calls"":0,""correctness"":""PASS""}",,
v8_ignition,RegExp,RegExp,17,520,64,1239,19.359375,0,true,2026-09-27T17:32:14.890727+00:00,--max-opt=0 --no-lazy,Date.now,1294382200,0,881c9e28610ead1d8cbf528614032c48b8faa700f0e4177198bbb22f15a19111,"[""C:\\Users\\mzyx\\Desktop\\0921\\js-interpreter-bench\\engines\\v8-official-15.6.21\\runtime\\d8.exe"", ""--snapshot_blob=C:\\Users\\mzyx\\Desktop\\0921\\js-interpreter-bench\\engines\\v8-official-15.6.21\\runtime\\snapshot_blob.bin"", ""--max-opt=0"", ""--no-lazy"", ""C:\\Users\\mzyx\\Desktop\\0921\\js-interpreter-bench\\experiments\\octane_strict\\generated\\RegExp.RegExp.js"", ""--"", ""STRICT_CONFIG={\""N\"":64,\""mode\"":\""measure\"",\""timer\"":\""Date.now\""}""]","OCTANE_STRICT_RESULT:{""suite"":""RegExp"",""benchmark"":""RegExp"",""N"":64,""mode"":""measure"",""timer"":""Date.now"",""elapsed_ms"":1239,""elapsed_per_call_ms"":19.359375,""extra_validation_calls"":0,""correctness"":""PASS""}",,
v8_ignition,CodeLoad,CodeLoadJQuery,17,521,256,1060,4.140625,0,true,2026-09-27T17:32:16.006438+00:00,--max-opt=0 --no-lazy,Date.now,1103059700,0,20f796e914b6995cc6114a2de2953e5cf5dd579501264d69dd26188909f790af,"[""C:\\Users\\mzyx\\Desktop\\0921\\js-interpreter-bench\\engines\\v8-official-15.6.21\\runtime\\d8.exe"", ""--snapshot_blob=C:\\Users\\mzyx\\Desktop\\0921\\js-interpreter-bench\\engines\\v8-official-15.6.21\\runtime\\snapshot_blob.bin"", ""--max-opt=0"", ""--no-lazy"", ""C:\\Users\\mzyx\\Desktop\\0921\\js-interpreter-bench\\experiments\\octane_strict\\generated\\CodeLoad.CodeLoadJQuery.js"", ""--"", ""STRICT_CONFIG={\""N\"":256,\""mode\"":\""measure\"",\""timer\"":\""Date.now\""}""]","OCTANE_STRICT_RESULT:{""suite"":""CodeLoad"",""benchmark"":""CodeLoadJQuery"",""N"":256,""mode"":""measure"",""timer"":""Date.now"",""elapsed_ms"":1060,""elapsed_per_call_ms"":4.140625,""extra_validation_calls"":0,""correctness"":""PASS""}",,
quickjs,CodeLoad,CodeLoadJQuery,17,522,256,2794,10.9140625,0,true,2026-09-27T17:32:18.825795+00:00,,Date.now,2807747400,0,20f796e914b6995cc6114a2de2953e5cf5dd579501264d69dd26188909f790af,"[""C:\\Users\\mzyx\\Desktop\\0921\\js-interpreter-bench\\engines\\quickjs-upstream\\qjs.exe"", ""C:\\Users\\mzyx\\Desktop\\0921\\js-interpreter-bench\\experiments\\octane_strict\\generated\\CodeLoad.CodeLoadJQuery.js"", ""STRICT_CONFIG={\""N\"":256,\""mode\"":\""measure\"",\""timer\"":\""Date.now\""}""]","OCTANE_STRICT_RESULT:{""suite"":""CodeLoad"",""benchmark"":""CodeLoadJQuery"",""N"":256,""mode"":""measure"",""timer"":""Date.now"",""elapsed_ms"":2794,""elapsed_per_call_ms"":10.9140625,""extra_validation_calls"":0,""correctness"":""PASS""}",,
v8_ignition,Crypto,Encrypt,17,523,256,1222,4.7734375,0,true,2026-09-27T17:32:20.184816+00:00,--max-opt=0 --no-lazy,Date.now,1347474800,0,c73b9c8626ff5488b879ff453a865c03adf87602c6d302855f1c6e0f91b57c92,"[""C:\\Users\\mzyx\\Desktop\\0921\\js-interpreter-bench\\engines\\v8-official-15.6.21\\runtime\\d8.exe"", ""--snapshot_blob=C:\\Users\\mzyx\\Desktop\\0921\\js-interpreter-bench\\engines\\v8-official-15.6.21\\runtime\\snapshot_blob.bin"", ""--max-opt=0"", ""--no-lazy"", ""C:\\Users\\mzyx\\Desktop\\0921\\js-interpreter-bench\\experiments\\octane_strict\\generated\\Crypto.Encrypt.js"", ""--"", ""STRICT_CONFIG={\""N\"":256,\""mode\"":\""measure\"",\""timer\"":\""Date.now\""}""]","OCTANE_STRICT_RESULT:{""suite"":""Crypto"",""benchmark"":""Encrypt"",""N"":256,""mode"":""measure"",""timer"":""Date.now"",""elapsed_ms"":1222,""elapsed_per_call_ms"":4.7734375,""extra_validation_calls"":0,""correctness"":""PASS""}",,
quickjs,Crypto,Encrypt,17,524,256,1422,5.5546875,0,true,2026-09-27T17:32:21.732448+00:00,,Date.now,1536883000,0,c73b9c8626ff5488b879ff453a865c03adf87602c6d302855f1c6e0f91b57c92,"[""C:\\Users\\mzyx\\Desktop\\0921\\js-interpreter-bench\\engines\\quickjs-upstream\\qjs.exe"", ""C:\\Users\\mzyx\\Desktop\\0921\\js-interpreter-bench\\experiments\\octane_strict\\generated\\Crypto.Encrypt.js"", ""STRICT_CONFIG={\""N\"":256,\""mode\"":\""measure\"",\""timer\"":\""Date.now\""}""]","OCTANE_STRICT_RESULT:{""suite"":""Crypto"",""benchmark"":""Encrypt"",""N"":256,""mode"":""measure"",""timer"":""Date.now"",""elapsed_ms"":1422,""elapsed_per_call_ms"":5.5546875,""extra_validation_calls"":0,""correctness"":""PASS""}",,
quickjs,Crypto,Decrypt,17,525,16,1665,104.0625,0,true,2026-09-27T17:32:23.433805+00:00,,Date.now,1684039300,0,974b320858e72132edd4dd56da2f4582cbe4e99b10027c89dfa44b1ea1cd4591,"[""C:\\Users\\mzyx\\Desktop\\0921\\js-interpreter-bench\\engines\\quickjs-upstream\\qjs.exe"", ""C:\\Users\\mzyx\\Desktop\\0921\\js-interpreter-bench\\experiments\\octane_strict\\generated\\Crypto.Decrypt.js"", ""STRICT_CONFIG={\""N\"":16,\""mode\"":\""measure\"",\""timer\"":\""Date.now\""}""]","OCTANE_STRICT_RESULT:{""suite"":""Crypto"",""benchmark"":""Decrypt"",""N"":16,""mode"":""measure"",""timer"":""Date.now"",""elapsed_ms"":1665,""elapsed_per_call_ms"":104.0625,""extra_validation_calls"":0,""correctness"":""PASS""}",,
v8_ignition,Crypto,Decrypt,17,526,16,1446,90.375,0,true,2026-09-27T17:32:24.932266+00:00,--max-opt=0 --no-lazy,Date.now,1488013000,0,974b320858e72132edd4dd56da2f4582cbe4e99b10027c89dfa44b1ea1cd4591,"[""C:\\Users\\mzyx\\Desktop\\0921\\js-interpreter-bench\\engines\\v8-official-15.6.21\\runtime\\d8.exe"", ""--snapshot_blob=C:\\Users\\mzyx\\Desktop\\0921\\js-interpreter-bench\\engines\\v8-official-15.6.21\\runtime\\snapshot_blob.bin"", ""--max-opt=0"", ""--no-lazy"", ""C:\\Users\\mzyx\\Desktop\\0921\\js-interpreter-bench\\experiments\\octane_strict\\generated\\Crypto.Decrypt.js"", ""--"", ""STRICT_CONFIG={\""N\"":16,\""mode\"":\""measure\"",\""timer\"":\""Date.now\""}""]","OCTANE_STRICT_RESULT:{""suite"":""Crypto"",""benchmark"":""Decrypt"",""N"":16,""mode"":""measure"",""timer"":""Date.now"",""elapsed_ms"":1446,""elapsed_per_call_ms"":90.375,""extra_validation_calls"":0,""correctness"":""PASS""}",,
v8_ignition,RayTrace,RayTrace,17,527,64,1115,17.421875,0,true,2026-09-27T17:32:26.099045+00:00,--max-opt=0 --no-lazy,Date.now,1154503200,0,fb0af35ee1cbd7396c6b23184a123f87ce6f9d1d8e29a2dcbc3bf86a98f3ae33,"[""C:\\Users\\mzyx\\Desktop\\0921\\js-interpreter-bench\\engines\\v8-official-15.6.21\\runtime\\d8.exe"", ""--snapshot_blob=C:\\Users\\mzyx\\Desktop\\0921\\js-interpreter-bench\\engines\\v8-official-15.6.21\\runtime\\snapshot_blob.bin"", ""--max-opt=0"", ""--no-lazy"", ""C:\\Users\\mzyx\\Desktop\\0921\\js-interpreter-bench\\experiments\\octane_strict\\generated\\RayTrace.RayTrace.js"", ""--"", ""STRICT_CONFIG={\""N\"":64,\""mode\"":\""measure\"",\""timer\"":\""Date.now\""}""]","OCTANE_STRICT_RESULT:{""suite"":""RayTrace"",""benchmark"":""RayTrace"",""N"":64,""mode"":""measure"",""timer"":""Date.now"",""elapsed_ms"":1115,""elapsed_per_call_ms"":17.421875,""extra_validation_calls"":0,""correctness"":""PASS""}",,
quickjs,RayTrace,RayTrace,17,528,64,2610,40.78125,0,true,2026-09-27T17:32:28.732898+00:00,,Date.now,2621958400,0,fb0af35ee1cbd7396c6b23184a123f87ce6f9d1d8e29a2dcbc3bf86a98f3ae33,"[""C:\\Users\\mzyx\\Desktop\\0921\\js-interpreter-bench\\engines\\quickjs-upstream\\qjs.exe"", ""C:\\Users\\mzyx\\Desktop\\0921\\js-interpreter-bench\\experiments\\octane_strict\\generated\\RayTrace.RayTrace.js"", ""STRICT_CONFIG={\""N\"":64,\""mode\"":\""measure\"",\""timer\"":\""Date.now\""}""]","OCTANE_STRICT_RESULT:{""suite"":""RayTrace"",""benchmark"":""RayTrace"",""N"":64,""mode"":""measure"",""timer"":""Date.now"",""elapsed_ms"":2610,""elapsed_per_call_ms"":40.78125,""extra_validation_calls"":0,""correctness"":""PASS""}",,
v8_ignition,PdfJS,PdfJS,17,529,16,1703,106.4375,0,true,2026-09-27T17:32:30.604284+00:00,--max-opt=0 --no-lazy,Date.now,1858052600,0,f1966230e4a00bc61dc4c00fd600486e941235c3ee8206f897bd148dfd6e630b,"[""C:\\Users\\mzyx\\Desktop\\0921\\js-interpreter-bench\\engines\\v8-official-15.6.21\\runtime\\d8.exe"", ""--snapshot_blob=C:\\Users\\mzyx\\Desktop\\0921\\js-interpreter-bench\\engines\\v8-official-15.6.21\\runtime\\snapshot_blob.bin"", ""--max-opt=0"", ""--no-lazy"", ""C:\\Users\\mzyx\\Desktop\\0921\\js-interpreter-bench\\experiments\\octane_strict\\generated\\PdfJS.PdfJS.js"", ""--"", ""STRICT_CONFIG={\""N\"":16,\""mode\"":\""measure\"",\""timer\"":\""Date.now\""}""]","OCTANE_STRICT_RESULT:{""suite"":""PdfJS"",""benchmark"":""PdfJS"",""N"":16,""mode"":""measure"",""timer"":""Date.now"",""elapsed_ms"":1703,""elapsed_per_call_ms"":106.4375,""extra_validation_calls"":0,""correctness"":""PASS""}",,
quickjs,PdfJS,PdfJS,17,530,16,3224,201.5,0,true,2026-09-27T17:32:34.073315+00:00,,Date.now,3452442200,0,f1966230e4a00bc61dc4c00fd600486e941235c3ee8206f897bd148dfd6e630b,"[""C:\\Users\\mzyx\\Desktop\\0921\\js-interpreter-bench\\engines\\quickjs-upstream\\qjs.exe"", ""C:\\Users\\mzyx\\Desktop\\0921\\js-interpreter-bench\\experiments\\octane_strict\\generated\\PdfJS.PdfJS.js"", ""STRICT_CONFIG={\""N\"":16,\""mode\"":\""measure\"",\""timer\"":\""Date.now\""}""]","OCTANE_STRICT_RESULT:{""suite"":""PdfJS"",""benchmark"":""PdfJS"",""N"":16,""mode"":""measure"",""timer"":""Date.now"",""elapsed_ms"":3224,""elapsed_per_call_ms"":201.5,""extra_validation_calls"":0,""correctness"":""PASS""}",,
quickjs,DeltaBlue,DeltaBlue,17,531,512,3836,7.4921875,0,true,2026-09-27T17:32:37.938765+00:00,,Date.now,3847051100,0,8542689bb308963c4feefd143c1707791e271d609ef4c476eb9c3dfdeeec539f,"[""C:\\Users\\mzyx\\Desktop\\0921\\js-interpreter-bench\\engines\\quickjs-upstream\\qjs.exe"", ""C:\\Users\\mzyx\\Desktop\\0921\\js-interpreter-bench\\experiments\\octane_strict\\generated\\DeltaBlue.DeltaBlue.js"", ""STRICT_CONFIG={\""N\"":512,\""mode\"":\""measure\"",\""timer\"":\""Date.now\""}""]","OCTANE_STRICT_RESULT:{""suite"":""DeltaBlue"",""benchmark"":""DeltaBlue"",""N"":512,""mode"":""measure"",""timer"":""Date.now"",""elapsed_ms"":3836,""elapsed_per_call_ms"":7.4921875,""extra_validation_calls"":0,""correctness"":""PASS""}",,
v8_ignition,DeltaBlue,DeltaBlue,17,532,512,1930,3.76953125,0,true,2026-09-27T17:32:39.918245+00:00,--max-opt=0 --no-lazy,Date.now,1967139500,0,8542689bb308963c4feefd143c1707791e271d609ef4c476eb9c3dfdeeec539f,"[""C:\\Users\\mzyx\\Desktop\\0921\\js-interpreter-bench\\engines\\v8-official-15.6.21\\runtime\\d8.exe"", ""--snapshot_blob=C:\\Users\\mzyx\\Desktop\\0921\\js-interpreter-bench\\engines\\v8-official-15.6.21\\runtime\\snapshot_blob.bin"", ""--max-opt=0"", ""--no-lazy"", ""C:\\Users\\mzyx\\Desktop\\0921\\js-interpreter-bench\\experiments\\octane_strict\\generated\\DeltaBlue.DeltaBlue.js"", ""--"", ""STRICT_CONFIG={\""N\"":512,\""mode\"":\""measure\"",\""timer\"":\""Date.now\""}""]","OCTANE_STRICT_RESULT:{""suite"":""DeltaBlue"",""benchmark"":""DeltaBlue"",""N"":512,""mode"":""measure"",""timer"":""Date.now"",""elapsed_ms"":1930,""elapsed_per_call_ms"":3.76953125,""extra_validation_calls"":0,""correctness"":""PASS""}",,
v8_ignition,Richards,Richards,17,533,512,1095,2.138671875,0,true,2026-09-27T17:32:41.062533+00:00,--max-opt=0 --no-lazy,Date.now,1131230300,0,d2207c68ebcf5db16fd42f8eb04fe21239b5f4726e5d3734ebd3c059754126a8,"[""C:\\Users\\mzyx\\Desktop\\0921\\js-interpreter-bench\\engines\\v8-official-15.6.21\\runtime\\d8.exe"", ""--snapshot_blob=C:\\Users\\mzyx\\Desktop\\0921\\js-interpreter-bench\\engines\\v8-official-15.6.21\\runtime\\snapshot_blob.bin"", ""--max-opt=0"", ""--no-lazy"", ""C:\\Users\\mzyx\\Desktop\\0921\\js-interpreter-bench\\experiments\\octane_strict\\generated\\Richards.Richards.js"", ""--"", ""STRICT_CONFIG={\""N\"":512,\""mode\"":\""measure\"",\""timer\"":\""Date.now\""}""]","OCTANE_STRICT_RESULT:{""suite"":""Richards"",""benchmark"":""Richards"",""N"":512,""mode"":""measure"",""timer"":""Date.now"",""elapsed_ms"":1095,""elapsed_per_call_ms"":2.138671875,""extra_validation_calls"":0,""correctness"":""PASS""}",,
quickjs,Richards,Richards,17,534,512,1945,3.798828125,0,true,2026-09-27T17:32:43.033488+00:00,,Date.now,1957542000,0,d2207c68ebcf5db16fd42f8eb04fe21239b5f4726e5d3734ebd3c059754126a8,"[""C:\\Users\\mzyx\\Desktop\\0921\\js-interpreter-bench\\engines\\quickjs-upstream\\qjs.exe"", ""C:\\Users\\mzyx\\Desktop\\0921\\js-interpreter-bench\\experiments\\octane_strict\\generated\\Richards.Richards.js"", ""STRICT_CONFIG={\""N\"":512,\""mode\"":\""measure\"",\""timer\"":\""Date.now\""}""]","OCTANE_STRICT_RESULT:{""suite"":""Richards"",""benchmark"":""Richards"",""N"":512,""mode"":""measure"",""timer"":""Date.now"",""elapsed_ms"":1945,""elapsed_per_call_ms"":3.798828125,""extra_validation_calls"":0,""correctness"":""PASS""}",,
v8_ignition,Splay,Splay,17,535,2048,1801,0.87939453125,0,true,2026-09-27T17:32:44.981329+00:00,--max-opt=0 --no-lazy,Date.now,1936420700,0,d6372414234d150c814a6933257aa8c98a8c6260b0d72a71ee0d08d0ee6fb17a,"[""C:\\Users\\mzyx\\Desktop\\0921\\js-interpreter-bench\\engines\\v8-official-15.6.21\\runtime\\d8.exe"", ""--snapshot_blob=C:\\Users\\mzyx\\Desktop\\0921\\js-interpreter-bench\\engines\\v8-official-15.6.21\\runtime\\snapshot_blob.bin"", ""--max-opt=0"", ""--no-lazy"", ""C:\\Users\\mzyx\\Desktop\\0921\\js-interpreter-bench\\experiments\\octane_strict\\generated\\Splay.Splay.js"", ""--"", ""STRICT_CONFIG={\""N\"":2048,\""mode\"":\""measure\"",\""timer\"":\""Date.now\""}""]","OCTANE_STRICT_RESULT:{""suite"":""Splay"",""benchmark"":""Splay"",""N"":2048,""mode"":""measure"",""timer"":""Date.now"",""elapsed_ms"":1801,""elapsed_per_call_ms"":0.87939453125,""extra_validation_calls"":0,""correctness"":""PASS""}",,
quickjs,Splay,Splay,17,536,2048,4589,2.24072265625,0,true,2026-09-27T17:32:49.998244+00:00,,Date.now,5005723000,0,d6372414234d150c814a6933257aa8c98a8c6260b0d72a71ee0d08d0ee6fb17a,"[""C:\\Users\\mzyx\\Desktop\\0921\\js-interpreter-bench\\engines\\quickjs-upstream\\qjs.exe"", ""C:\\Users\\mzyx\\Desktop\\0921\\js-interpreter-bench\\experiments\\octane_strict\\generated\\Splay.Splay.js"", ""STRICT_CONFIG={\""N\"":2048,\""mode\"":\""measure\"",\""timer\"":\""Date.now\""}""]","OCTANE_STRICT_RESULT:{""suite"":""Splay"",""benchmark"":""Splay"",""N"":2048,""mode"":""measure"",""timer"":""Date.now"",""elapsed_ms"":4589,""elapsed_per_call_ms"":2.24072265625,""extra_validation_calls"":0,""correctness"":""PASS""}",,
quickjs,Typescript,Typescript,17,537,1,2021,2021,0,true,2026-09-27T17:32:52.236690+00:00,,Date.now,2223169200,0,135e157d4fd316d69e9afdb0147a5d3f71ff32877fbe7c2febd72041df50deb0,"[""C:\\Users\\mzyx\\Desktop\\0921\\js-interpreter-bench\\engines\\quickjs-upstream\\qjs.exe"", ""C:\\Users\\mzyx\\Desktop\\0921\\js-interpreter-bench\\experiments\\octane_strict\\generated\\Typescript.Typescript.js"", ""STRICT_CONFIG={\""N\"":1,\""mode\"":\""measure\"",\""timer\"":\""Date.now\""}""]","OCTANE_STRICT_RESULT:{""suite"":""Typescript"",""benchmark"":""Typescript"",""N"":1,""mode"":""measure"",""timer"":""Date.now"",""elapsed_ms"":2021,""elapsed_per_call_ms"":2021,""extra_validation_calls"":0,""correctness"":""PASS""}",,
v8_ignition,Typescript,Typescript,17,538,1,1191,1191,0,true,2026-09-27T17:32:53.529654+00:00,--max-opt=0 --no-lazy,Date.now,1271738200,0,135e157d4fd316d69e9afdb0147a5d3f71ff32877fbe7c2febd72041df50deb0,"[""C:\\Users\\mzyx\\Desktop\\0921\\js-interpreter-bench\\engines\\v8-official-15.6.21\\runtime\\d8.exe"", ""--snapshot_blob=C:\\Users\\mzyx\\Desktop\\0921\\js-interpreter-bench\\engines\\v8-official-15.6.21\\runtime\\snapshot_blob.bin"", ""--max-opt=0"", ""--no-lazy"", ""C:\\Users\\mzyx\\Desktop\\0921\\js-interpreter-bench\\experiments\\octane_strict\\generated\\Typescript.Typescript.js"", ""--"", ""STRICT_CONFIG={\""N\"":1,\""mode\"":\""measure\"",\""timer\"":\""Date.now\""}""]","OCTANE_STRICT_RESULT:{""suite"":""Typescript"",""benchmark"":""Typescript"",""N"":1,""mode"":""measure"",""timer"":""Date.now"",""elapsed_ms"":1191,""elapsed_per_call_ms"":1191,""extra_validation_calls"":0,""correctness"":""PASS""}",,
quickjs,Mandreel,Mandreel,17,539,1,1796,1796,0,true,2026-09-27T17:32:56.813662+00:00,,Date.now,3265295800,0,64fbf14da4005c4426dcdd6191a5f206fbcd9ce260549e924fd925408614702d,"[""C:\\Users\\mzyx\\Desktop\\0921\\js-interpreter-bench\\engines\\quickjs-upstream\\qjs.exe"", ""C:\\Users\\mzyx\\Desktop\\0921\\js-interpreter-bench\\experiments\\octane_strict\\generated\\Mandreel.Mandreel.js"", ""STRICT_CONFIG={\""N\"":1,\""mode\"":\""measure\"",\""timer\"":\""Date.now\""}""]","OCTANE_STRICT_RESULT:{""suite"":""Mandreel"",""benchmark"":""Mandreel"",""N"":1,""mode"":""measure"",""timer"":""Date.now"",""elapsed_ms"":1796,""elapsed_per_call_ms"":1796,""extra_validation_calls"":0,""correctness"":""PASS""}",,
v8_ignition,Mandreel,Mandreel,17,540,1,1450,1450,0,true,2026-09-27T17:32:59.623986+00:00,--max-opt=0 --no-lazy,Date.now,2787865200,0,64fbf14da4005c4426dcdd6191a5f206fbcd9ce260549e924fd925408614702d,"[""C:\\Users\\mzyx\\Desktop\\0921\\js-interpreter-bench\\engines\\v8-official-15.6.21\\runtime\\d8.exe"", ""--snapshot_blob=C:\\Users\\mzyx\\Desktop\\0921\\js-interpreter-bench\\engines\\v8-official-15.6.21\\runtime\\snapshot_blob.bin"", ""--max-opt=0"", ""--no-lazy"", ""C:\\Users\\mzyx\\Desktop\\0921\\js-interpreter-bench\\experiments\\octane_strict\\generated\\Mandreel.Mandreel.js"", ""--"", ""STRICT_CONFIG={\""N\"":1,\""mode\"":\""measure\"",\""timer\"":\""Date.now\""}""]","OCTANE_STRICT_RESULT:{""suite"":""Mandreel"",""benchmark"":""Mandreel"",""N"":1,""mode"":""measure"",""timer"":""Date.now"",""elapsed_ms"":1450,""elapsed_per_call_ms"":1450,""extra_validation_calls"":0,""correctness"":""PASS""}",,
v8_ignition,Gameboy,Gameboy,17,541,4,1172,293,0,true,2026-09-27T17:33:00.870026+00:00,--max-opt=0 --no-lazy,Date.now,1229784700,0,3fc599b60ec8be6d0ab60d00add662dde31374ecb5b24167384d72d325a08a21,"[""C:\\Users\\mzyx\\Desktop\\0921\\js-interpreter-bench\\engines\\v8-official-15.6.21\\runtime\\d8.exe"", ""--snapshot_blob=C:\\Users\\mzyx\\Desktop\\0921\\js-interpreter-bench\\engines\\v8-official-15.6.21\\runtime\\snapshot_blob.bin"", ""--max-opt=0"", ""--no-lazy"", ""C:\\Users\\mzyx\\Desktop\\0921\\js-interpreter-bench\\experiments\\octane_strict\\generated\\Gameboy.Gameboy.js"", ""--"", ""STRICT_CONFIG={\""N\"":4,\""mode\"":\""measure\"",\""timer\"":\""Date.now\""}""]","OCTANE_STRICT_RESULT:{""suite"":""Gameboy"",""benchmark"":""Gameboy"",""N"":4,""mode"":""measure"",""timer"":""Date.now"",""elapsed_ms"":1172,""elapsed_per_call_ms"":293,""extra_validation_calls"":0,""correctness"":""PASS""}",,
quickjs,Gameboy,Gameboy,17,542,4,1510,377.5,0,true,2026-09-27T17:33:02.437151+00:00,,Date.now,1554213700,0,3fc599b60ec8be6d0ab60d00add662dde31374ecb5b24167384d72d325a08a21,"[""C:\\Users\\mzyx\\Desktop\\0921\\js-interpreter-bench\\engines\\quickjs-upstream\\qjs.exe"", ""C:\\Users\\mzyx\\Desktop\\0921\\js-interpreter-bench\\experiments\\octane_strict\\generated\\Gameboy.Gameboy.js"", ""STRICT_CONFIG={\""N\"":4,\""mode\"":\""measure\"",\""timer\"":\""Date.now\""}""]","OCTANE_STRICT_RESULT:{""suite"":""Gameboy"",""benchmark"":""Gameboy"",""N"":4,""mode"":""measure"",""timer"":""Date.now"",""elapsed_ms"":1510,""elapsed_per_call_ms"":377.5,""extra_validation_calls"":0,""correctness"":""PASS""}",,
quickjs,CodeLoad,CodeLoadClosure,17,543,4096,2437,0.594970703125,0,true,2026-09-27T17:33:05.017413+00:00,,Date.now,2567706700,0,9c3f2890631a64f3776ae7d0cbc83510f2cadc62313f8e27b4ab278dd94390e8,"[""C:\\Users\\mzyx\\Desktop\\0921\\js-interpreter-bench\\engines\\quickjs-upstream\\qjs.exe"", ""C:\\Users\\mzyx\\Desktop\\0921\\js-interpreter-bench\\experiments\\octane_strict\\generated\\CodeLoad.CodeLoadClosure.js"", ""STRICT_CONFIG={\""N\"":4096,\""mode\"":\""measure\"",\""timer\"":\""Date.now\""}""]","OCTANE_STRICT_RESULT:{""suite"":""CodeLoad"",""benchmark"":""CodeLoadClosure"",""N"":4096,""mode"":""measure"",""timer"":""Date.now"",""elapsed_ms"":2437,""elapsed_per_call_ms"":0.594970703125,""extra_validation_calls"":0,""correctness"":""PASS""}",,
v8_ignition,CodeLoad,CodeLoadClosure,17,544,4096,1171,0.285888671875,0,true,2026-09-27T17:33:06.249769+00:00,--max-opt=0 --no-lazy,Date.now,1221041400,0,9c3f2890631a64f3776ae7d0cbc83510f2cadc62313f8e27b4ab278dd94390e8,"[""C:\\Users\\mzyx\\Desktop\\0921\\js-interpreter-bench\\engines\\v8-official-15.6.21\\runtime\\d8.exe"", ""--snapshot_blob=C:\\Users\\mzyx\\Desktop\\0921\\js-interpreter-bench\\engines\\v8-official-15.6.21\\runtime\\snapshot_blob.bin"", ""--max-opt=0"", ""--no-lazy"", ""C:\\Users\\mzyx\\Desktop\\0921\\js-interpreter-bench\\experiments\\octane_strict\\generated\\CodeLoad.CodeLoadClosure.js"", ""--"", ""STRICT_CONFIG={\""N\"":4096,\""mode\"":\""measure\"",\""timer\"":\""Date.now\""}""]","OCTANE_STRICT_RESULT:{""suite"":""CodeLoad"",""benchmark"":""CodeLoadClosure"",""N"":4096,""mode"":""measure"",""timer"":""Date.now"",""elapsed_ms"":1171,""elapsed_per_call_ms"":0.285888671875,""extra_validation_calls"":0,""correctness"":""PASS""}",,
v8_ignition,RegExp,RegExp,18,545,64,1234,19.28125,0,true,2026-09-27T17:33:07.549845+00:00,--max-opt=0 --no-lazy,Date.now,1288700100,0,881c9e28610ead1d8cbf528614032c48b8faa700f0e4177198bbb22f15a19111,"[""C:\\Users\\mzyx\\Desktop\\0921\\js-interpreter-bench\\engines\\v8-official-15.6.21\\runtime\\d8.exe"", ""--snapshot_blob=C:\\Users\\mzyx\\Desktop\\0921\\js-interpreter-bench\\engines\\v8-official-15.6.21\\runtime\\snapshot_blob.bin"", ""--max-opt=0"", ""--no-lazy"", ""C:\\Users\\mzyx\\Desktop\\0921\\js-interpreter-bench\\experiments\\octane_strict\\generated\\RegExp.RegExp.js"", ""--"", ""STRICT_CONFIG={\""N\"":64,\""mode\"":\""measure\"",\""timer\"":\""Date.now\""}""]","OCTANE_STRICT_RESULT:{""suite"":""RegExp"",""benchmark"":""RegExp"",""N"":64,""mode"":""measure"",""timer"":""Date.now"",""elapsed_ms"":1234,""elapsed_per_call_ms"":19.28125,""extra_validation_calls"":0,""correctness"":""PASS""}",,
quickjs,RegExp,RegExp,18,546,64,14695,229.609375,0,true,2026-09-27T17:33:22.288747+00:00,,Date.now,14726703100,0,881c9e28610ead1d8cbf528614032c48b8faa700f0e4177198bbb22f15a19111,"[""C:\\Users\\mzyx\\Desktop\\0921\\js-interpreter-bench\\engines\\quickjs-upstream\\qjs.exe"", ""C:\\Users\\mzyx\\Desktop\\0921\\js-interpreter-bench\\experiments\\octane_strict\\generated\\RegExp.RegExp.js"", ""STRICT_CONFIG={\""N\"":64,\""mode\"":\""measure\"",\""timer\"":\""Date.now\""}""]","OCTANE_STRICT_RESULT:{""suite"":""RegExp"",""benchmark"":""RegExp"",""N"":64,""mode"":""measure"",""timer"":""Date.now"",""elapsed_ms"":14695,""elapsed_per_call_ms"":229.609375,""extra_validation_calls"":0,""correctness"":""PASS""}",,
v8_ignition,CodeLoad,CodeLoadClosure,18,547,4096,1176,0.287109375,0,true,2026-09-27T17:33:23.533414+00:00,--max-opt=0 --no-lazy,Date.now,1227488100,0,9c3f2890631a64f3776ae7d0cbc83510f2cadc62313f8e27b4ab278dd94390e8,"[""C:\\Users\\mzyx\\Desktop\\0921\\js-interpreter-bench\\engines\\v8-official-15.6.21\\runtime\\d8.exe"", ""--snapshot_blob=C:\\Users\\mzyx\\Desktop\\0921\\js-interpreter-bench\\engines\\v8-official-15.6.21\\runtime\\snapshot_blob.bin"", ""--max-opt=0"", ""--no-lazy"", ""C:\\Users\\mzyx\\Desktop\\0921\\js-interpreter-bench\\experiments\\octane_strict\\generated\\CodeLoad.CodeLoadClosure.js"", ""--"", ""STRICT_CONFIG={\""N\"":4096,\""mode\"":\""measure\"",\""timer\"":\""Date.now\""}""]","OCTANE_STRICT_RESULT:{""suite"":""CodeLoad"",""benchmark"":""CodeLoadClosure"",""N"":4096,""mode"":""measure"",""timer"":""Date.now"",""elapsed_ms"":1176,""elapsed_per_call_ms"":0.287109375,""extra_validation_calls"":0,""correctness"":""PASS""}",,
quickjs,CodeLoad,CodeLoadClosure,18,548,4096,2460,0.6005859375,0,true,2026-09-27T17:33:26.142957+00:00,,Date.now,2595958700,0,9c3f2890631a64f3776ae7d0cbc83510f2cadc62313f8e27b4ab278dd94390e8,"[""C:\\Users\\mzyx\\Desktop\\0921\\js-interpreter-bench\\engines\\quickjs-upstream\\qjs.exe"", ""C:\\Users\\mzyx\\Desktop\\0921\\js-interpreter-bench\\experiments\\octane_strict\\generated\\CodeLoad.CodeLoadClosure.js"", ""STRICT_CONFIG={\""N\"":4096,\""mode\"":\""measure\"",\""timer\"":\""Date.now\""}""]","OCTANE_STRICT_RESULT:{""suite"":""CodeLoad"",""benchmark"":""CodeLoadClosure"",""N"":4096,""mode"":""measure"",""timer"":""Date.now"",""elapsed_ms"":2460,""elapsed_per_call_ms"":0.6005859375,""extra_validation_calls"":0,""correctness"":""PASS""}",,
v8_ignition,NavierStokes,NavierStokes,18,549,32,2297,71.78125,0,true,2026-09-27T17:33:28.495638+00:00,--max-opt=0 --no-lazy,Date.now,2336002800,0,e86c3b0056fae99b5f0ffdb7d093b565b02987eef458b2c07ecb3fc39700ee3c,"[""C:\\Users\\mzyx\\Desktop\\0921\\js-interpreter-bench\\engines\\v8-official-15.6.21\\runtime\\d8.exe"", ""--snapshot_blob=C:\\Users\\mzyx\\Desktop\\0921\\js-interpreter-bench\\engines\\v8-official-15.6.21\\runtime\\snapshot_blob.bin"", ""--max-opt=0"", ""--no-lazy"", ""C:\\Users\\mzyx\\Desktop\\0921\\js-interpreter-bench\\experiments\\octane_strict\\generated\\NavierStokes.NavierStokes.js"", ""--"", ""STRICT_CONFIG={\""N\"":32,\""mode\"":\""measure\"",\""timer\"":\""Date.now\""}""]","OCTANE_STRICT_RESULT:{""suite"":""NavierStokes"",""benchmark"":""NavierStokes"",""N"":32,""mode"":""measure"",""timer"":""Date.now"",""elapsed_ms"":2297,""elapsed_per_call_ms"":71.78125,""extra_validation_calls"":0,""correctness"":""PASS""}",,
quickjs,NavierStokes,NavierStokes,18,550,32,2005,62.65625,0,true,2026-09-27T17:33:30.525834+00:00,,Date.now,2020110700,0,e86c3b0056fae99b5f0ffdb7d093b565b02987eef458b2c07ecb3fc39700ee3c,"[""C:\\Users\\mzyx\\Desktop\\0921\\js-interpreter-bench\\engines\\quickjs-upstream\\qjs.exe"", ""C:\\Users\\mzyx\\Desktop\\0921\\js-interpreter-bench\\experiments\\octane_strict\\generated\\NavierStokes.NavierStokes.js"", ""STRICT_CONFIG={\""N\"":32,\""mode\"":\""measure\"",\""timer\"":\""Date.now\""}""]","OCTANE_STRICT_RESULT:{""suite"":""NavierStokes"",""benchmark"":""NavierStokes"",""N"":32,""mode"":""measure"",""timer"":""Date.now"",""elapsed_ms"":2005,""elapsed_per_call_ms"":62.65625,""extra_validation_calls"":0,""correctness"":""PASS""}",,
quickjs,Richards,Richards,18,551,512,1938,3.78515625,0,true,2026-09-27T17:33:32.485101+00:00,,Date.now,1948829100,0,d2207c68ebcf5db16fd42f8eb04fe21239b5f4726e5d3734ebd3c059754126a8,"[""C:\\Users\\mzyx\\Desktop\\0921\\js-interpreter-bench\\engines\\quickjs-upstream\\qjs.exe"", ""C:\\Users\\mzyx\\Desktop\\0921\\js-interpreter-bench\\experiments\\octane_strict\\generated\\Richards.Richards.js"", ""STRICT_CONFIG={\""N\"":512,\""mode\"":\""measure\"",\""timer\"":\""Date.now\""}""]","OCTANE_STRICT_RESULT:{""suite"":""Richards"",""benchmark"":""Richards"",""N"":512,""mode"":""measure"",""timer"":""Date.now"",""elapsed_ms"":1938,""elapsed_per_call_ms"":3.78515625,""extra_validation_calls"":0,""correctness"":""PASS""}",,
v8_ignition,Richards,Richards,18,552,512,1086,2.12109375,0,true,2026-09-27T17:33:33.618179+00:00,--max-opt=0 --no-lazy,Date.now,1122054000,0,d2207c68ebcf5db16fd42f8eb04fe21239b5f4726e5d3734ebd3c059754126a8,"[""C:\\Users\\mzyx\\Desktop\\0921\\js-interpreter-bench\\engines\\v8-official-15.6.21\\runtime\\d8.exe"", ""--snapshot_blob=C:\\Users\\mzyx\\Desktop\\0921\\js-interpreter-bench\\engines\\v8-official-15.6.21\\runtime\\snapshot_blob.bin"", ""--max-opt=0"", ""--no-lazy"", ""C:\\Users\\mzyx\\Desktop\\0921\\js-interpreter-bench\\experiments\\octane_strict\\generated\\Richards.Richards.js"", ""--"", ""STRICT_CONFIG={\""N\"":512,\""mode\"":\""measure\"",\""timer\"":\""Date.now\""}""]","OCTANE_STRICT_RESULT:{""suite"":""Richards"",""benchmark"":""Richards"",""N"":512,""mode"":""measure"",""timer"":""Date.now"",""elapsed_ms"":1086,""elapsed_per_call_ms"":2.12109375,""extra_validation_calls"":0,""correctness"":""PASS""}",,
v8_ignition,Mandreel,Mandreel,18,553,1,1412,1412,0,true,2026-09-27T17:33:36.383034+00:00,--max-opt=0 --no-lazy,Date.now,2745574300,0,64fbf14da4005c4426dcdd6191a5f206fbcd9ce260549e924fd925408614702d,"[""C:\\Users\\mzyx\\Desktop\\0921\\js-interpreter-bench\\engines\\v8-official-15.6.21\\runtime\\d8.exe"", ""--snapshot_blob=C:\\Users\\mzyx\\Desktop\\0921\\js-interpreter-bench\\engines\\v8-official-15.6.21\\runtime\\snapshot_blob.bin"", ""--max-opt=0"", ""--no-lazy"", ""C:\\Users\\mzyx\\Desktop\\0921\\js-interpreter-bench\\experiments\\octane_strict\\generated\\Mandreel.Mandreel.js"", ""--"", ""STRICT_CONFIG={\""N\"":1,\""mode\"":\""measure\"",\""timer\"":\""Date.now\""}""]","OCTANE_STRICT_RESULT:{""suite"":""Mandreel"",""benchmark"":""Mandreel"",""N"":1,""mode"":""measure"",""timer"":""Date.now"",""elapsed_ms"":1412,""elapsed_per_call_ms"":1412,""extra_validation_calls"":0,""correctness"":""PASS""}",,
quickjs,Mandreel,Mandreel,18,554,1,1850,1850,0,true,2026-09-27T17:33:39.744497+00:00,,Date.now,3340095200,0,64fbf14da4005c4426dcdd6191a5f206fbcd9ce260549e924fd925408614702d,"[""C:\\Users\\mzyx\\Desktop\\0921\\js-interpreter-bench\\engines\\quickjs-upstream\\qjs.exe"", ""C:\\Users\\mzyx\\Desktop\\0921\\js-interpreter-bench\\experiments\\octane_strict\\generated\\Mandreel.Mandreel.js"", ""STRICT_CONFIG={\""N\"":1,\""mode\"":\""measure\"",\""timer\"":\""Date.now\""}""]","OCTANE_STRICT_RESULT:{""suite"":""Mandreel"",""benchmark"":""Mandreel"",""N"":1,""mode"":""measure"",""timer"":""Date.now"",""elapsed_ms"":1850,""elapsed_per_call_ms"":1850,""extra_validation_calls"":0,""correctness"":""PASS""}",,
quickjs,PdfJS,PdfJS,18,555,16,3292,205.75,0,true,2026-09-27T17:33:43.273138+00:00,,Date.now,3510541200,0,f1966230e4a00bc61dc4c00fd600486e941235c3ee8206f897bd148dfd6e630b,"[""C:\\Users\\mzyx\\Desktop\\0921\\js-interpreter-bench\\engines\\quickjs-upstream\\qjs.exe"", ""C:\\Users\\mzyx\\Desktop\\0921\\js-interpreter-bench\\experiments\\octane_strict\\generated\\PdfJS.PdfJS.js"", ""STRICT_CONFIG={\""N\"":16,\""mode\"":\""measure\"",\""timer\"":\""Date.now\""}""]","OCTANE_STRICT_RESULT:{""suite"":""PdfJS"",""benchmark"":""PdfJS"",""N"":16,""mode"":""measure"",""timer"":""Date.now"",""elapsed_ms"":3292,""elapsed_per_call_ms"":205.75,""extra_validation_calls"":0,""correctness"":""PASS""}",,
v8_ignition,PdfJS,PdfJS,18,556,16,1694,105.875,0,true,2026-09-27T17:33:45.138732+00:00,--max-opt=0 --no-lazy,Date.now,1850363600,0,f1966230e4a00bc61dc4c00fd600486e941235c3ee8206f897bd148dfd6e630b,"[""C:\\Users\\mzyx\\Desktop\\0921\\js-interpreter-bench\\engines\\v8-official-15.6.21\\runtime\\d8.exe"", ""--snapshot_blob=C:\\Users\\mzyx\\Desktop\\0921\\js-interpreter-bench\\engines\\v8-official-15.6.21\\runtime\\snapshot_blob.bin"", ""--max-opt=0"", ""--no-lazy"", ""C:\\Users\\mzyx\\Desktop\\0921\\js-interpreter-bench\\experiments\\octane_strict\\generated\\PdfJS.PdfJS.js"", ""--"", ""STRICT_CONFIG={\""N\"":16,\""mode\"":\""measure\"",\""timer\"":\""Date.now\""}""]","OCTANE_STRICT_RESULT:{""suite"":""PdfJS"",""benchmark"":""PdfJS"",""N"":16,""mode"":""measure"",""timer"":""Date.now"",""elapsed_ms"":1694,""elapsed_per_call_ms"":105.875,""extra_validation_calls"":0,""correctness"":""PASS""}",,
quickjs,EarleyBoyer,Boyer,18,557,32,3700,115.625,0,true,2026-09-27T17:33:48.875128+00:00,,Date.now,3723652500,0,e6d4262bd967274f8c7b66181bd6e39a9851606524faae200584e064d21b43b8,"[""C:\\Users\\mzyx\\Desktop\\0921\\js-interpreter-bench\\engines\\quickjs-upstream\\qjs.exe"", ""C:\\Users\\mzyx\\Desktop\\0921\\js-interpreter-bench\\experiments\\octane_strict\\generated\\EarleyBoyer.Boyer.js"", ""STRICT_CONFIG={\""N\"":32,\""mode\"":\""measure\"",\""timer\"":\""Date.now\""}""]","OCTANE_STRICT_RESULT:{""suite"":""EarleyBoyer"",""benchmark"":""Boyer"",""N"":32,""mode"":""measure"",""timer"":""Date.now"",""elapsed_ms"":3700,""elapsed_per_call_ms"":115.625,""extra_validation_calls"":0,""correctness"":""PASS""}",,
v8_ignition,EarleyBoyer,Boyer,18,558,32,1306,40.8125,0,true,2026-09-27T17:33:50.242128+00:00,--max-opt=0 --no-lazy,Date.now,1350031800,0,e6d4262bd967274f8c7b66181bd6e39a9851606524faae200584e064d21b43b8,"[""C:\\Users\\mzyx\\Desktop\\0921\\js-interpreter-bench\\engines\\v8-official-15.6.21\\runtime\\d8.exe"", ""--snapshot_blob=C:\\Users\\mzyx\\Desktop\\0921\\js-interpreter-bench\\engines\\v8-official-15.6.21\\runtime\\snapshot_blob.bin"", ""--max-opt=0"", ""--no-lazy"", ""C:\\Users\\mzyx\\Desktop\\0921\\js-interpreter-bench\\experiments\\octane_strict\\generated\\EarleyBoyer.Boyer.js"", ""--"", ""STRICT_CONFIG={\""N\"":32,\""mode\"":\""measure\"",\""timer\"":\""Date.now\""}""]","OCTANE_STRICT_RESULT:{""suite"":""EarleyBoyer"",""benchmark"":""Boyer"",""N"":32,""mode"":""measure"",""timer"":""Date.now"",""elapsed_ms"":1306,""elapsed_per_call_ms"":40.8125,""extra_validation_calls"":0,""correctness"":""PASS""}",,
quickjs,Crypto,Encrypt,18,559,256,1406,5.4921875,0,true,2026-09-27T17:33:51.776349+00:00,,Date.now,1522223500,0,c73b9c8626ff5488b879ff453a865c03adf87602c6d302855f1c6e0f91b57c92,"[""C:\\Users\\mzyx\\Desktop\\0921\\js-interpreter-bench\\engines\\quickjs-upstream\\qjs.exe"", ""C:\\Users\\mzyx\\Desktop\\0921\\js-interpreter-bench\\experiments\\octane_strict\\generated\\Crypto.Encrypt.js"", ""STRICT_CONFIG={\""N\"":256,\""mode\"":\""measure\"",\""timer\"":\""Date.now\""}""]","OCTANE_STRICT_RESULT:{""suite"":""Crypto"",""benchmark"":""Encrypt"",""N"":256,""mode"":""measure"",""timer"":""Date.now"",""elapsed_ms"":1406,""elapsed_per_call_ms"":5.4921875,""extra_validation_calls"":0,""correctness"":""PASS""}",,
v8_ignition,Crypto,Encrypt,18,560,256,1215,4.74609375,0,true,2026-09-27T17:33:53.136124+00:00,--max-opt=0 --no-lazy,Date.now,1344343800,0,c73b9c8626ff5488b879ff453a865c03adf87602c6d302855f1c6e0f91b57c92,"[""C:\\Users\\mzyx\\Desktop\\0921\\js-interpreter-bench\\engines\\v8-official-15.6.21\\runtime\\d8.exe"", ""--snapshot_blob=C:\\Users\\mzyx\\Desktop\\0921\\js-interpreter-bench\\engines\\v8-official-15.6.21\\runtime\\snapshot_blob.bin"", ""--max-opt=0"", ""--no-lazy"", ""C:\\Users\\mzyx\\Desktop\\0921\\js-interpreter-bench\\experiments\\octane_strict\\generated\\Crypto.Encrypt.js"", ""--"", ""STRICT_CONFIG={\""N\"":256,\""mode\"":\""measure\"",\""timer\"":\""Date.now\""}""]","OCTANE_STRICT_RESULT:{""suite"":""Crypto"",""benchmark"":""Encrypt"",""N"":256,""mode"":""measure"",""timer"":""Date.now"",""elapsed_ms"":1215,""elapsed_per_call_ms"":4.74609375,""extra_validation_calls"":0,""correctness"":""PASS""}",,
quickjs,Gameboy,Gameboy,18,561,4,1422,355.5,0,true,2026-09-27T17:33:54.612578+00:00,,Date.now,1464920000,0,3fc599b60ec8be6d0ab60d00add662dde31374ecb5b24167384d72d325a08a21,"[""C:\\Users\\mzyx\\Desktop\\0921\\js-interpreter-bench\\engines\\quickjs-upstream\\qjs.exe"", ""C:\\Users\\mzyx\\Desktop\\0921\\js-interpreter-bench\\experiments\\octane_strict\\generated\\Gameboy.Gameboy.js"", ""STRICT_CONFIG={\""N\"":4,\""mode\"":\""measure\"",\""timer\"":\""Date.now\""}""]","OCTANE_STRICT_RESULT:{""suite"":""Gameboy"",""benchmark"":""Gameboy"",""N"":4,""mode"":""measure"",""timer"":""Date.now"",""elapsed_ms"":1422,""elapsed_per_call_ms"":355.5,""extra_validation_calls"":0,""correctness"":""PASS""}",,
v8_ignition,Gameboy,Gameboy,18,562,4,1199,299.75,0,true,2026-09-27T17:33:55.888604+00:00,--max-opt=0 --no-lazy,Date.now,1257463800,0,3fc599b60ec8be6d0ab60d00add662dde31374ecb5b24167384d72d325a08a21,"[""C:\\Users\\mzyx\\Desktop\\0921\\js-interpreter-bench\\engines\\v8-official-15.6.21\\runtime\\d8.exe"", ""--snapshot_blob=C:\\Users\\mzyx\\Desktop\\0921\\js-interpreter-bench\\engines\\v8-official-15.6.21\\runtime\\snapshot_blob.bin"", ""--max-opt=0"", ""--no-lazy"", ""C:\\Users\\mzyx\\Desktop\\0921\\js-interpreter-bench\\experiments\\octane_strict\\generated\\Gameboy.Gameboy.js"", ""--"", ""STRICT_CONFIG={\""N\"":4,\""mode\"":\""measure\"",\""timer\"":\""Date.now\""}""]","OCTANE_STRICT_RESULT:{""suite"":""Gameboy"",""benchmark"":""Gameboy"",""N"":4,""mode"":""measure"",""timer"":""Date.now"",""elapsed_ms"":1199,""elapsed_per_call_ms"":299.75,""extra_validation_calls"":0,""correctness"":""PASS""}",,
v8_ignition,Crypto,Decrypt,18,563,16,1454,90.875,0,true,2026-09-27T17:33:57.397047+00:00,--max-opt=0 --no-lazy,Date.now,1497150400,0,974b320858e72132edd4dd56da2f4582cbe4e99b10027c89dfa44b1ea1cd4591,"[""C:\\Users\\mzyx\\Desktop\\0921\\js-interpreter-bench\\engines\\v8-official-15.6.21\\runtime\\d8.exe"", ""--snapshot_blob=C:\\Users\\mzyx\\Desktop\\0921\\js-interpreter-bench\\engines\\v8-official-15.6.21\\runtime\\snapshot_blob.bin"", ""--max-opt=0"", ""--no-lazy"", ""C:\\Users\\mzyx\\Desktop\\0921\\js-interpreter-bench\\experiments\\octane_strict\\generated\\Crypto.Decrypt.js"", ""--"", ""STRICT_CONFIG={\""N\"":16,\""mode\"":\""measure\"",\""timer\"":\""Date.now\""}""]","OCTANE_STRICT_RESULT:{""suite"":""Crypto"",""benchmark"":""Decrypt"",""N"":16,""mode"":""measure"",""timer"":""Date.now"",""elapsed_ms"":1454,""elapsed_per_call_ms"":90.875,""extra_validation_calls"":0,""correctness"":""PASS""}",,
quickjs,Crypto,Decrypt,18,564,16,1595,99.6875,0,true,2026-09-27T17:33:59.021607+00:00,,Date.now,1612781500,0,974b320858e72132edd4dd56da2f4582cbe4e99b10027c89dfa44b1ea1cd4591,"[""C:\\Users\\mzyx\\Desktop\\0921\\js-interpreter-bench\\engines\\quickjs-upstream\\qjs.exe"", ""C:\\Users\\mzyx\\Desktop\\0921\\js-interpreter-bench\\experiments\\octane_strict\\generated\\Crypto.Decrypt.js"", ""STRICT_CONFIG={\""N\"":16,\""mode\"":\""measure\"",\""timer\"":\""Date.now\""}""]","OCTANE_STRICT_RESULT:{""suite"":""Crypto"",""benchmark"":""Decrypt"",""N"":16,""mode"":""measure"",""timer"":""Date.now"",""elapsed_ms"":1595,""elapsed_per_call_ms"":99.6875,""extra_validation_calls"":0,""correctness"":""PASS""}",,
v8_ignition,EarleyBoyer,Earley,18,565,512,1096,2.140625,0,true,2026-09-27T17:34:00.178257+00:00,--max-opt=0 --no-lazy,Date.now,1138309500,0,c3ef3fbdd43f0dd5865a1652fa447c774869e86efba25ad910dffdea953f80a2,"[""C:\\Users\\mzyx\\Desktop\\0921\\js-interpreter-bench\\engines\\v8-official-15.6.21\\runtime\\d8.exe"", ""--snapshot_blob=C:\\Users\\mzyx\\Desktop\\0921\\js-interpreter-bench\\engines\\v8-official-15.6.21\\runtime\\snapshot_blob.bin"", ""--max-opt=0"", ""--no-lazy"", ""C:\\Users\\mzyx\\Desktop\\0921\\js-interpreter-bench\\experiments\\octane_strict\\generated\\EarleyBoyer.Earley.js"", ""--"", ""STRICT_CONFIG={\""N\"":512,\""mode\"":\""measure\"",\""timer\"":\""Date.now\""}""]","OCTANE_STRICT_RESULT:{""suite"":""EarleyBoyer"",""benchmark"":""Earley"",""N"":512,""mode"":""measure"",""timer"":""Date.now"",""elapsed_ms"":1096,""elapsed_per_call_ms"":2.140625,""extra_validation_calls"":0,""correctness"":""PASS""}",,
quickjs,EarleyBoyer,Earley,18,566,512,3769,7.361328125,0,true,2026-09-27T17:34:03.981757+00:00,,Date.now,3789510900,0,c3ef3fbdd43f0dd5865a1652fa447c774869e86efba25ad910dffdea953f80a2,"[""C:\\Users\\mzyx\\Desktop\\0921\\js-interpreter-bench\\engines\\quickjs-upstream\\qjs.exe"", ""C:\\Users\\mzyx\\Desktop\\0921\\js-interpreter-bench\\experiments\\octane_strict\\generated\\EarleyBoyer.Earley.js"", ""STRICT_CONFIG={\""N\"":512,\""mode\"":\""measure\"",\""timer\"":\""Date.now\""}""]","OCTANE_STRICT_RESULT:{""suite"":""EarleyBoyer"",""benchmark"":""Earley"",""N"":512,""mode"":""measure"",""timer"":""Date.now"",""elapsed_ms"":3769,""elapsed_per_call_ms"":7.361328125,""extra_validation_calls"":0,""correctness"":""PASS""}",,
quickjs,RayTrace,RayTrace,18,567,64,2603,40.671875,0,true,2026-09-27T17:34:06.611991+00:00,,Date.now,2613450400,0,fb0af35ee1cbd7396c6b23184a123f87ce6f9d1d8e29a2dcbc3bf86a98f3ae33,"[""C:\\Users\\mzyx\\Desktop\\0921\\js-interpreter-bench\\engines\\quickjs-upstream\\qjs.exe"", ""C:\\Users\\mzyx\\Desktop\\0921\\js-interpreter-bench\\experiments\\octane_strict\\generated\\RayTrace.RayTrace.js"", ""STRICT_CONFIG={\""N\"":64,\""mode\"":\""measure\"",\""timer\"":\""Date.now\""}""]","OCTANE_STRICT_RESULT:{""suite"":""RayTrace"",""benchmark"":""RayTrace"",""N"":64,""mode"":""measure"",""timer"":""Date.now"",""elapsed_ms"":2603,""elapsed_per_call_ms"":40.671875,""extra_validation_calls"":0,""correctness"":""PASS""}",,
v8_ignition,RayTrace,RayTrace,18,568,64,1101,17.203125,0,true,2026-09-27T17:34:07.770023+00:00,--max-opt=0 --no-lazy,Date.now,1139700500,0,fb0af35ee1cbd7396c6b23184a123f87ce6f9d1d8e29a2dcbc3bf86a98f3ae33,"[""C:\\Users\\mzyx\\Desktop\\0921\\js-interpreter-bench\\engines\\v8-official-15.6.21\\runtime\\d8.exe"", ""--snapshot_blob=C:\\Users\\mzyx\\Desktop\\0921\\js-interpreter-bench\\engines\\v8-official-15.6.21\\runtime\\snapshot_blob.bin"", ""--max-opt=0"", ""--no-lazy"", ""C:\\Users\\mzyx\\Desktop\\0921\\js-interpreter-bench\\experiments\\octane_strict\\generated\\RayTrace.RayTrace.js"", ""--"", ""STRICT_CONFIG={\""N\"":64,\""mode\"":\""measure\"",\""timer\"":\""Date.now\""}""]","OCTANE_STRICT_RESULT:{""suite"":""RayTrace"",""benchmark"":""RayTrace"",""N"":64,""mode"":""measure"",""timer"":""Date.now"",""elapsed_ms"":1101,""elapsed_per_call_ms"":17.203125,""extra_validation_calls"":0,""correctness"":""PASS""}",,
quickjs,Splay,Splay,18,569,2048,4583,2.23779296875,0,true,2026-09-27T17:34:12.785684+00:00,,Date.now,5004431700,0,d6372414234d150c814a6933257aa8c98a8c6260b0d72a71ee0d08d0ee6fb17a,"[""C:\\Users\\mzyx\\Desktop\\0921\\js-interpreter-bench\\engines\\quickjs-upstream\\qjs.exe"", ""C:\\Users\\mzyx\\Desktop\\0921\\js-interpreter-bench\\experiments\\octane_strict\\generated\\Splay.Splay.js"", ""STRICT_CONFIG={\""N\"":2048,\""mode\"":\""measure\"",\""timer\"":\""Date.now\""}""]","OCTANE_STRICT_RESULT:{""suite"":""Splay"",""benchmark"":""Splay"",""N"":2048,""mode"":""measure"",""timer"":""Date.now"",""elapsed_ms"":4583,""elapsed_per_call_ms"":2.23779296875,""extra_validation_calls"":0,""correctness"":""PASS""}",,
v8_ignition,Splay,Splay,18,570,2048,1836,0.896484375,0,true,2026-09-27T17:34:14.777545+00:00,--max-opt=0 --no-lazy,Date.now,1974055900,0,d6372414234d150c814a6933257aa8c98a8c6260b0d72a71ee0d08d0ee6fb17a,"[""C:\\Users\\mzyx\\Desktop\\0921\\js-interpreter-bench\\engines\\v8-official-15.6.21\\runtime\\d8.exe"", ""--snapshot_blob=C:\\Users\\mzyx\\Desktop\\0921\\js-interpreter-bench\\engines\\v8-official-15.6.21\\runtime\\snapshot_blob.bin"", ""--max-opt=0"", ""--no-lazy"", ""C:\\Users\\mzyx\\Desktop\\0921\\js-interpreter-bench\\experiments\\octane_strict\\generated\\Splay.Splay.js"", ""--"", ""STRICT_CONFIG={\""N\"":2048,\""mode\"":\""measure\"",\""timer\"":\""Date.now\""}""]","OCTANE_STRICT_RESULT:{""suite"":""Splay"",""benchmark"":""Splay"",""N"":2048,""mode"":""measure"",""timer"":""Date.now"",""elapsed_ms"":1836,""elapsed_per_call_ms"":0.896484375,""extra_validation_calls"":0,""correctness"":""PASS""}",,
v8_ignition,DeltaBlue,DeltaBlue,18,571,512,1866,3.64453125,0,true,2026-09-27T17:34:16.690155+00:00,--max-opt=0 --no-lazy,Date.now,1901619000,0,8542689bb308963c4feefd143c1707791e271d609ef4c476eb9c3dfdeeec539f,"[""C:\\Users\\mzyx\\Desktop\\0921\\js-interpreter-bench\\engines\\v8-official-15.6.21\\runtime\\d8.exe"", ""--snapshot_blob=C:\\Users\\mzyx\\Desktop\\0921\\js-interpreter-bench\\engines\\v8-official-15.6.21\\runtime\\snapshot_blob.bin"", ""--max-opt=0"", ""--no-lazy"", ""C:\\Users\\mzyx\\Desktop\\0921\\js-interpreter-bench\\experiments\\octane_strict\\generated\\DeltaBlue.DeltaBlue.js"", ""--"", ""STRICT_CONFIG={\""N\"":512,\""mode\"":\""measure\"",\""timer\"":\""Date.now\""}""]","OCTANE_STRICT_RESULT:{""suite"":""DeltaBlue"",""benchmark"":""DeltaBlue"",""N"":512,""mode"":""measure"",""timer"":""Date.now"",""elapsed_ms"":1866,""elapsed_per_call_ms"":3.64453125,""extra_validation_calls"":0,""correctness"":""PASS""}",,
quickjs,DeltaBlue,DeltaBlue,18,572,512,3821,7.462890625,0,true,2026-09-27T17:34:20.533514+00:00,,Date.now,3832547900,0,8542689bb308963c4feefd143c1707791e271d609ef4c476eb9c3dfdeeec539f,"[""C:\\Users\\mzyx\\Desktop\\0921\\js-interpreter-bench\\engines\\quickjs-upstream\\qjs.exe"", ""C:\\Users\\mzyx\\Desktop\\0921\\js-interpreter-bench\\experiments\\octane_strict\\generated\\DeltaBlue.DeltaBlue.js"", ""STRICT_CONFIG={\""N\"":512,\""mode\"":\""measure\"",\""timer\"":\""Date.now\""}""]","OCTANE_STRICT_RESULT:{""suite"":""DeltaBlue"",""benchmark"":""DeltaBlue"",""N"":512,""mode"":""measure"",""timer"":""Date.now"",""elapsed_ms"":3821,""elapsed_per_call_ms"":7.462890625,""extra_validation_calls"":0,""correctness"":""PASS""}",,
quickjs,CodeLoad,CodeLoadJQuery,18,573,256,2800,10.9375,0,true,2026-09-27T17:34:23.365007+00:00,,Date.now,2813654300,0,20f796e914b6995cc6114a2de2953e5cf5dd579501264d69dd26188909f790af,"[""C:\\Users\\mzyx\\Desktop\\0921\\js-interpreter-bench\\engines\\quickjs-upstream\\qjs.exe"", ""C:\\Users\\mzyx\\Desktop\\0921\\js-interpreter-bench\\experiments\\octane_strict\\generated\\CodeLoad.CodeLoadJQuery.js"", ""STRICT_CONFIG={\""N\"":256,\""mode\"":\""measure\"",\""timer\"":\""Date.now\""}""]","OCTANE_STRICT_RESULT:{""suite"":""CodeLoad"",""benchmark"":""CodeLoadJQuery"",""N"":256,""mode"":""measure"",""timer"":""Date.now"",""elapsed_ms"":2800,""elapsed_per_call_ms"":10.9375,""extra_validation_calls"":0,""correctness"":""PASS""}",,
v8_ignition,CodeLoad,CodeLoadJQuery,18,574,256,1061,4.14453125,0,true,2026-09-27T17:34:24.485356+00:00,--max-opt=0 --no-lazy,Date.now,1103590500,0,20f796e914b6995cc6114a2de2953e5cf5dd579501264d69dd26188909f790af,"[""C:\\Users\\mzyx\\Desktop\\0921\\js-interpreter-bench\\engines\\v8-official-15.6.21\\runtime\\d8.exe"", ""--snapshot_blob=C:\\Users\\mzyx\\Desktop\\0921\\js-interpreter-bench\\engines\\v8-official-15.6.21\\runtime\\snapshot_blob.bin"", ""--max-opt=0"", ""--no-lazy"", ""C:\\Users\\mzyx\\Desktop\\0921\\js-interpreter-bench\\experiments\\octane_strict\\generated\\CodeLoad.CodeLoadJQuery.js"", ""--"", ""STRICT_CONFIG={\""N\"":256,\""mode\"":\""measure\"",\""timer\"":\""Date.now\""}""]","OCTANE_STRICT_RESULT:{""suite"":""CodeLoad"",""benchmark"":""CodeLoadJQuery"",""N"":256,""mode"":""measure"",""timer"":""Date.now"",""elapsed_ms"":1061,""elapsed_per_call_ms"":4.14453125,""extra_validation_calls"":0,""correctness"":""PASS""}",,
v8_ignition,Typescript,Typescript,18,575,1,1196,1196,0,true,2026-09-27T17:34:25.773860+00:00,--max-opt=0 --no-lazy,Date.now,1273177300,0,135e157d4fd316d69e9afdb0147a5d3f71ff32877fbe7c2febd72041df50deb0,"[""C:\\Users\\mzyx\\Desktop\\0921\\js-interpreter-bench\\engines\\v8-official-15.6.21\\runtime\\d8.exe"", ""--snapshot_blob=C:\\Users\\mzyx\\Desktop\\0921\\js-interpreter-bench\\engines\\v8-official-15.6.21\\runtime\\snapshot_blob.bin"", ""--max-opt=0"", ""--no-lazy"", ""C:\\Users\\mzyx\\Desktop\\0921\\js-interpreter-bench\\experiments\\octane_strict\\generated\\Typescript.Typescript.js"", ""--"", ""STRICT_CONFIG={\""N\"":1,\""mode\"":\""measure\"",\""timer\"":\""Date.now\""}""]","OCTANE_STRICT_RESULT:{""suite"":""Typescript"",""benchmark"":""Typescript"",""N"":1,""mode"":""measure"",""timer"":""Date.now"",""elapsed_ms"":1196,""elapsed_per_call_ms"":1196,""extra_validation_calls"":0,""correctness"":""PASS""}",,
quickjs,Typescript,Typescript,18,576,1,2031,2031,0,true,2026-09-27T17:34:28.024275+00:00,,Date.now,2233025900,0,135e157d4fd316d69e9afdb0147a5d3f71ff32877fbe7c2febd72041df50deb0,"[""C:\\Users\\mzyx\\Desktop\\0921\\js-interpreter-bench\\engines\\quickjs-upstream\\qjs.exe"", ""C:\\Users\\mzyx\\Desktop\\0921\\js-interpreter-bench\\experiments\\octane_strict\\generated\\Typescript.Typescript.js"", ""STRICT_CONFIG={\""N\"":1,\""mode\"":\""measure\"",\""timer\"":\""Date.now\""}""]","OCTANE_STRICT_RESULT:{""suite"":""Typescript"",""benchmark"":""Typescript"",""N"":1,""mode"":""measure"",""timer"":""Date.now"",""elapsed_ms"":2031,""elapsed_per_call_ms"":2031,""extra_validation_calls"":0,""correctness"":""PASS""}",,
quickjs,Crypto,Decrypt,19,577,16,1639,102.4375,0,true,2026-09-27T17:34:29.700647+00:00,,Date.now,1656798000,0,974b320858e72132edd4dd56da2f4582cbe4e99b10027c89dfa44b1ea1cd4591,"[""C:\\Users\\mzyx\\Desktop\\0921\\js-interpreter-bench\\engines\\quickjs-upstream\\qjs.exe"", ""C:\\Users\\mzyx\\Desktop\\0921\\js-interpreter-bench\\experiments\\octane_strict\\generated\\Crypto.Decrypt.js"", ""STRICT_CONFIG={\""N\"":16,\""mode\"":\""measure\"",\""timer\"":\""Date.now\""}""]","OCTANE_STRICT_RESULT:{""suite"":""Crypto"",""benchmark"":""Decrypt"",""N"":16,""mode"":""measure"",""timer"":""Date.now"",""elapsed_ms"":1639,""elapsed_per_call_ms"":102.4375,""extra_validation_calls"":0,""correctness"":""PASS""}",,
v8_ignition,Crypto,Decrypt,19,578,16,1435,89.6875,0,true,2026-09-27T17:34:31.190143+00:00,--max-opt=0 --no-lazy,Date.now,1478054800,0,974b320858e72132edd4dd56da2f4582cbe4e99b10027c89dfa44b1ea1cd4591,"[""C:\\Users\\mzyx\\Desktop\\0921\\js-interpreter-bench\\engines\\v8-official-15.6.21\\runtime\\d8.exe"", ""--snapshot_blob=C:\\Users\\mzyx\\Desktop\\0921\\js-interpreter-bench\\engines\\v8-official-15.6.21\\runtime\\snapshot_blob.bin"", ""--max-opt=0"", ""--no-lazy"", ""C:\\Users\\mzyx\\Desktop\\0921\\js-interpreter-bench\\experiments\\octane_strict\\generated\\Crypto.Decrypt.js"", ""--"", ""STRICT_CONFIG={\""N\"":16,\""mode\"":\""measure\"",\""timer\"":\""Date.now\""}""]","OCTANE_STRICT_RESULT:{""suite"":""Crypto"",""benchmark"":""Decrypt"",""N"":16,""mode"":""measure"",""timer"":""Date.now"",""elapsed_ms"":1435,""elapsed_per_call_ms"":89.6875,""extra_validation_calls"":0,""correctness"":""PASS""}",,
v8_ignition,CodeLoad,CodeLoadJQuery,19,579,256,1079,4.21484375,0,true,2026-09-27T17:34:32.321730+00:00,--max-opt=0 --no-lazy,Date.now,1120512400,0,20f796e914b6995cc6114a2de2953e5cf5dd579501264d69dd26188909f790af,"[""C:\\Users\\mzyx\\Desktop\\0921\\js-interpreter-bench\\engines\\v8-official-15.6.21\\runtime\\d8.exe"", ""--snapshot_blob=C:\\Users\\mzyx\\Desktop\\0921\\js-interpreter-bench\\engines\\v8-official-15.6.21\\runtime\\snapshot_blob.bin"", ""--max-opt=0"", ""--no-lazy"", ""C:\\Users\\mzyx\\Desktop\\0921\\js-interpreter-bench\\experiments\\octane_strict\\generated\\CodeLoad.CodeLoadJQuery.js"", ""--"", ""STRICT_CONFIG={\""N\"":256,\""mode\"":\""measure\"",\""timer\"":\""Date.now\""}""]","OCTANE_STRICT_RESULT:{""suite"":""CodeLoad"",""benchmark"":""CodeLoadJQuery"",""N"":256,""mode"":""measure"",""timer"":""Date.now"",""elapsed_ms"":1079,""elapsed_per_call_ms"":4.21484375,""extra_validation_calls"":0,""correctness"":""PASS""}",,
quickjs,CodeLoad,CodeLoadJQuery,19,580,256,2760,10.78125,0,true,2026-09-27T17:34:35.107803+00:00,,Date.now,2773851700,0,20f796e914b6995cc6114a2de2953e5cf5dd579501264d69dd26188909f790af,"[""C:\\Users\\mzyx\\Desktop\\0921\\js-interpreter-bench\\engines\\quickjs-upstream\\qjs.exe"", ""C:\\Users\\mzyx\\Desktop\\0921\\js-interpreter-bench\\experiments\\octane_strict\\generated\\CodeLoad.CodeLoadJQuery.js"", ""STRICT_CONFIG={\""N\"":256,\""mode\"":\""measure\"",\""timer\"":\""Date.now\""}""]","OCTANE_STRICT_RESULT:{""suite"":""CodeLoad"",""benchmark"":""CodeLoadJQuery"",""N"":256,""mode"":""measure"",""timer"":""Date.now"",""elapsed_ms"":2760,""elapsed_per_call_ms"":10.78125,""extra_validation_calls"":0,""correctness"":""PASS""}",,
v8_ignition,Crypto,Encrypt,19,581,256,1237,4.83203125,0,true,2026-09-27T17:34:36.486607+00:00,--max-opt=0 --no-lazy,Date.now,1361679300,0,c73b9c8626ff5488b879ff453a865c03adf87602c6d302855f1c6e0f91b57c92,"[""C:\\Users\\mzyx\\Desktop\\0921\\js-interpreter-bench\\engines\\v8-official-15.6.21\\runtime\\d8.exe"", ""--snapshot_blob=C:\\Users\\mzyx\\Desktop\\0921\\js-interpreter-bench\\engines\\v8-official-15.6.21\\runtime\\snapshot_blob.bin"", ""--max-opt=0"", ""--no-lazy"", ""C:\\Users\\mzyx\\Desktop\\0921\\js-interpreter-bench\\experiments\\octane_strict\\generated\\Crypto.Encrypt.js"", ""--"", ""STRICT_CONFIG={\""N\"":256,\""mode\"":\""measure\"",\""timer\"":\""Date.now\""}""]","OCTANE_STRICT_RESULT:{""suite"":""Crypto"",""benchmark"":""Encrypt"",""N"":256,""mode"":""measure"",""timer"":""Date.now"",""elapsed_ms"":1237,""elapsed_per_call_ms"":4.83203125,""extra_validation_calls"":0,""correctness"":""PASS""}",,
quickjs,Crypto,Encrypt,19,582,256,1372,5.359375,0,true,2026-09-27T17:34:37.982079+00:00,,Date.now,1483948800,0,c73b9c8626ff5488b879ff453a865c03adf87602c6d302855f1c6e0f91b57c92,"[""C:\\Users\\mzyx\\Desktop\\0921\\js-interpreter-bench\\engines\\quickjs-upstream\\qjs.exe"", ""C:\\Users\\mzyx\\Desktop\\0921\\js-interpreter-bench\\experiments\\octane_strict\\generated\\Crypto.Encrypt.js"", ""STRICT_CONFIG={\""N\"":256,\""mode\"":\""measure\"",\""timer\"":\""Date.now\""}""]","OCTANE_STRICT_RESULT:{""suite"":""Crypto"",""benchmark"":""Encrypt"",""N"":256,""mode"":""measure"",""timer"":""Date.now"",""elapsed_ms"":1372,""elapsed_per_call_ms"":5.359375,""extra_validation_calls"":0,""correctness"":""PASS""}",,
v8_ignition,Gameboy,Gameboy,19,583,4,1181,295.25,0,true,2026-09-27T17:34:39.240805+00:00,--max-opt=0 --no-lazy,Date.now,1240332800,0,3fc599b60ec8be6d0ab60d00add662dde31374ecb5b24167384d72d325a08a21,"[""C:\\Users\\mzyx\\Desktop\\0921\\js-interpreter-bench\\engines\\v8-official-15.6.21\\runtime\\d8.exe"", ""--snapshot_blob=C:\\Users\\mzyx\\Desktop\\0921\\js-interpreter-bench\\engines\\v8-official-15.6.21\\runtime\\snapshot_blob.bin"", ""--max-opt=0"", ""--no-lazy"", ""C:\\Users\\mzyx\\Desktop\\0921\\js-interpreter-bench\\experiments\\octane_strict\\generated\\Gameboy.Gameboy.js"", ""--"", ""STRICT_CONFIG={\""N\"":4,\""mode\"":\""measure\"",\""timer\"":\""Date.now\""}""]","OCTANE_STRICT_RESULT:{""suite"":""Gameboy"",""benchmark"":""Gameboy"",""N"":4,""mode"":""measure"",""timer"":""Date.now"",""elapsed_ms"":1181,""elapsed_per_call_ms"":295.25,""extra_validation_calls"":0,""correctness"":""PASS""}",,
quickjs,Gameboy,Gameboy,19,584,4,1429,357.25,0,true,2026-09-27T17:34:40.725781+00:00,,Date.now,1473587400,0,3fc599b60ec8be6d0ab60d00add662dde31374ecb5b24167384d72d325a08a21,"[""C:\\Users\\mzyx\\Desktop\\0921\\js-interpreter-bench\\engines\\quickjs-upstream\\qjs.exe"", ""C:\\Users\\mzyx\\Desktop\\0921\\js-interpreter-bench\\experiments\\octane_strict\\generated\\Gameboy.Gameboy.js"", ""STRICT_CONFIG={\""N\"":4,\""mode\"":\""measure\"",\""timer\"":\""Date.now\""}""]","OCTANE_STRICT_RESULT:{""suite"":""Gameboy"",""benchmark"":""Gameboy"",""N"":4,""mode"":""measure"",""timer"":""Date.now"",""elapsed_ms"":1429,""elapsed_per_call_ms"":357.25,""extra_validation_calls"":0,""correctness"":""PASS""}",,
quickjs,EarleyBoyer,Earley,19,585,512,3760,7.34375,0,true,2026-09-27T17:34:44.522785+00:00,,Date.now,3779044700,0,c3ef3fbdd43f0dd5865a1652fa447c774869e86efba25ad910dffdea953f80a2,"[""C:\\Users\\mzyx\\Desktop\\0921\\js-interpreter-bench\\engines\\quickjs-upstream\\qjs.exe"", ""C:\\Users\\mzyx\\Desktop\\0921\\js-interpreter-bench\\experiments\\octane_strict\\generated\\EarleyBoyer.Earley.js"", ""STRICT_CONFIG={\""N\"":512,\""mode\"":\""measure\"",\""timer\"":\""Date.now\""}""]","OCTANE_STRICT_RESULT:{""suite"":""EarleyBoyer"",""benchmark"":""Earley"",""N"":512,""mode"":""measure"",""timer"":""Date.now"",""elapsed_ms"":3760,""elapsed_per_call_ms"":7.34375,""extra_validation_calls"":0,""correctness"":""PASS""}",,
v8_ignition,EarleyBoyer,Earley,19,586,512,1095,2.138671875,0,true,2026-09-27T17:34:45.672091+00:00,--max-opt=0 --no-lazy,Date.now,1137502600,0,c3ef3fbdd43f0dd5865a1652fa447c774869e86efba25ad910dffdea953f80a2,"[""C:\\Users\\mzyx\\Desktop\\0921\\js-interpreter-bench\\engines\\v8-official-15.6.21\\runtime\\d8.exe"", ""--snapshot_blob=C:\\Users\\mzyx\\Desktop\\0921\\js-interpreter-bench\\engines\\v8-official-15.6.21\\runtime\\snapshot_blob.bin"", ""--max-opt=0"", ""--no-lazy"", ""C:\\Users\\mzyx\\Desktop\\0921\\js-interpreter-bench\\experiments\\octane_strict\\generated\\EarleyBoyer.Earley.js"", ""--"", ""STRICT_CONFIG={\""N\"":512,\""mode\"":\""measure\"",\""timer\"":\""Date.now\""}""]","OCTANE_STRICT_RESULT:{""suite"":""EarleyBoyer"",""benchmark"":""Earley"",""N"":512,""mode"":""measure"",""timer"":""Date.now"",""elapsed_ms"":1095,""elapsed_per_call_ms"":2.138671875,""extra_validation_calls"":0,""correctness"":""PASS""}",,
v8_ignition,Richards,Richards,19,587,512,1085,2.119140625,0,true,2026-09-27T17:34:46.803737+00:00,--max-opt=0 --no-lazy,Date.now,1119620700,0,d2207c68ebcf5db16fd42f8eb04fe21239b5f4726e5d3734ebd3c059754126a8,"[""C:\\Users\\mzyx\\Desktop\\0921\\js-interpreter-bench\\engines\\v8-official-15.6.21\\runtime\\d8.exe"", ""--snapshot_blob=C:\\Users\\mzyx\\Desktop\\0921\\js-interpreter-bench\\engines\\v8-official-15.6.21\\runtime\\snapshot_blob.bin"", ""--max-opt=0"", ""--no-lazy"", ""C:\\Users\\mzyx\\Desktop\\0921\\js-interpreter-bench\\experiments\\octane_strict\\generated\\Richards.Richards.js"", ""--"", ""STRICT_CONFIG={\""N\"":512,\""mode\"":\""measure\"",\""timer\"":\""Date.now\""}""]","OCTANE_STRICT_RESULT:{""suite"":""Richards"",""benchmark"":""Richards"",""N"":512,""mode"":""measure"",""timer"":""Date.now"",""elapsed_ms"":1085,""elapsed_per_call_ms"":2.119140625,""extra_validation_calls"":0,""correctness"":""PASS""}",,
quickjs,Richards,Richards,19,588,512,1942,3.79296875,0,true,2026-09-27T17:34:48.769073+00:00,,Date.now,1951754900,0,d2207c68ebcf5db16fd42f8eb04fe21239b5f4726e5d3734ebd3c059754126a8,"[""C:\\Users\\mzyx\\Desktop\\0921\\js-interpreter-bench\\engines\\quickjs-upstream\\qjs.exe"", ""C:\\Users\\mzyx\\Desktop\\0921\\js-interpreter-bench\\experiments\\octane_strict\\generated\\Richards.Richards.js"", ""STRICT_CONFIG={\""N\"":512,\""mode\"":\""measure\"",\""timer\"":\""Date.now\""}""]","OCTANE_STRICT_RESULT:{""suite"":""Richards"",""benchmark"":""Richards"",""N"":512,""mode"":""measure"",""timer"":""Date.now"",""elapsed_ms"":1942,""elapsed_per_call_ms"":3.79296875,""extra_validation_calls"":0,""correctness"":""PASS""}",,
quickjs,NavierStokes,NavierStokes,19,589,32,1987,62.09375,0,true,2026-09-27T17:34:50.782600+00:00,,Date.now,2002191400,0,e86c3b0056fae99b5f0ffdb7d093b565b02987eef458b2c07ecb3fc39700ee3c,"[""C:\\Users\\mzyx\\Desktop\\0921\\js-interpreter-bench\\engines\\quickjs-upstream\\qjs.exe"", ""C:\\Users\\mzyx\\Desktop\\0921\\js-interpreter-bench\\experiments\\octane_strict\\generated\\NavierStokes.NavierStokes.js"", ""STRICT_CONFIG={\""N\"":32,\""mode\"":\""measure\"",\""timer\"":\""Date.now\""}""]","OCTANE_STRICT_RESULT:{""suite"":""NavierStokes"",""benchmark"":""NavierStokes"",""N"":32,""mode"":""measure"",""timer"":""Date.now"",""elapsed_ms"":1987,""elapsed_per_call_ms"":62.09375,""extra_validation_calls"":0,""correctness"":""PASS""}",,
v8_ignition,NavierStokes,NavierStokes,19,590,32,2265,70.78125,0,true,2026-09-27T17:34:53.098225+00:00,--max-opt=0 --no-lazy,Date.now,2304619800,0,e86c3b0056fae99b5f0ffdb7d093b565b02987eef458b2c07ecb3fc39700ee3c,"[""C:\\Users\\mzyx\\Desktop\\0921\\js-interpreter-bench\\engines\\v8-official-15.6.21\\runtime\\d8.exe"", ""--snapshot_blob=C:\\Users\\mzyx\\Desktop\\0921\\js-interpreter-bench\\engines\\v8-official-15.6.21\\runtime\\snapshot_blob.bin"", ""--max-opt=0"", ""--no-lazy"", ""C:\\Users\\mzyx\\Desktop\\0921\\js-interpreter-bench\\experiments\\octane_strict\\generated\\NavierStokes.NavierStokes.js"", ""--"", ""STRICT_CONFIG={\""N\"":32,\""mode\"":\""measure\"",\""timer\"":\""Date.now\""}""]","OCTANE_STRICT_RESULT:{""suite"":""NavierStokes"",""benchmark"":""NavierStokes"",""N"":32,""mode"":""measure"",""timer"":""Date.now"",""elapsed_ms"":2265,""elapsed_per_call_ms"":70.78125,""extra_validation_calls"":0,""correctness"":""PASS""}",,
quickjs,Typescript,Typescript,19,591,1,2027,2027,0,true,2026-09-27T17:34:55.340673+00:00,,Date.now,2228260700,0,135e157d4fd316d69e9afdb0147a5d3f71ff32877fbe7c2febd72041df50deb0,"[""C:\\Users\\mzyx\\Desktop\\0921\\js-interpreter-bench\\engines\\quickjs-upstream\\qjs.exe"", ""C:\\Users\\mzyx\\Desktop\\0921\\js-interpreter-bench\\experiments\\octane_strict\\generated\\Typescript.Typescript.js"", ""STRICT_CONFIG={\""N\"":1,\""mode\"":\""measure\"",\""timer\"":\""Date.now\""}""]","OCTANE_STRICT_RESULT:{""suite"":""Typescript"",""benchmark"":""Typescript"",""N"":1,""mode"":""measure"",""timer"":""Date.now"",""elapsed_ms"":2027,""elapsed_per_call_ms"":2027,""extra_validation_calls"":0,""correctness"":""PASS""}",,
v8_ignition,Typescript,Typescript,19,592,1,1203,1203,0,true,2026-09-27T17:34:56.635958+00:00,--max-opt=0 --no-lazy,Date.now,1278527800,0,135e157d4fd316d69e9afdb0147a5d3f71ff32877fbe7c2febd72041df50deb0,"[""C:\\Users\\mzyx\\Desktop\\0921\\js-interpreter-bench\\engines\\v8-official-15.6.21\\runtime\\d8.exe"", ""--snapshot_blob=C:\\Users\\mzyx\\Desktop\\0921\\js-interpreter-bench\\engines\\v8-official-15.6.21\\runtime\\snapshot_blob.bin"", ""--max-opt=0"", ""--no-lazy"", ""C:\\Users\\mzyx\\Desktop\\0921\\js-interpreter-bench\\experiments\\octane_strict\\generated\\Typescript.Typescript.js"", ""--"", ""STRICT_CONFIG={\""N\"":1,\""mode\"":\""measure\"",\""timer\"":\""Date.now\""}""]","OCTANE_STRICT_RESULT:{""suite"":""Typescript"",""benchmark"":""Typescript"",""N"":1,""mode"":""measure"",""timer"":""Date.now"",""elapsed_ms"":1203,""elapsed_per_call_ms"":1203,""extra_validation_calls"":0,""correctness"":""PASS""}",,
quickjs,Mandreel,Mandreel,19,593,1,1772,1772,0,true,2026-09-27T17:34:59.926834+00:00,,Date.now,3271273400,0,64fbf14da4005c4426dcdd6191a5f206fbcd9ce260549e924fd925408614702d,"[""C:\\Users\\mzyx\\Desktop\\0921\\js-interpreter-bench\\engines\\quickjs-upstream\\qjs.exe"", ""C:\\Users\\mzyx\\Desktop\\0921\\js-interpreter-bench\\experiments\\octane_strict\\generated\\Mandreel.Mandreel.js"", ""STRICT_CONFIG={\""N\"":1,\""mode\"":\""measure\"",\""timer\"":\""Date.now\""}""]","OCTANE_STRICT_RESULT:{""suite"":""Mandreel"",""benchmark"":""Mandreel"",""N"":1,""mode"":""measure"",""timer"":""Date.now"",""elapsed_ms"":1772,""elapsed_per_call_ms"":1772,""extra_validation_calls"":0,""correctness"":""PASS""}",,
v8_ignition,Mandreel,Mandreel,19,594,1,1420,1420,0,true,2026-09-27T17:35:02.749700+00:00,--max-opt=0 --no-lazy,Date.now,2796061500,0,64fbf14da4005c4426dcdd6191a5f206fbcd9ce260549e924fd925408614702d,"[""C:\\Users\\mzyx\\Desktop\\0921\\js-interpreter-bench\\engines\\v8-official-15.6.21\\runtime\\d8.exe"", ""--snapshot_blob=C:\\Users\\mzyx\\Desktop\\0921\\js-interpreter-bench\\engines\\v8-official-15.6.21\\runtime\\snapshot_blob.bin"", ""--max-opt=0"", ""--no-lazy"", ""C:\\Users\\mzyx\\Desktop\\0921\\js-interpreter-bench\\experiments\\octane_strict\\generated\\Mandreel.Mandreel.js"", ""--"", ""STRICT_CONFIG={\""N\"":1,\""mode\"":\""measure\"",\""timer\"":\""Date.now\""}""]","OCTANE_STRICT_RESULT:{""suite"":""Mandreel"",""benchmark"":""Mandreel"",""N"":1,""mode"":""measure"",""timer"":""Date.now"",""elapsed_ms"":1420,""elapsed_per_call_ms"":1420,""extra_validation_calls"":0,""correctness"":""PASS""}",,
v8_ignition,RayTrace,RayTrace,19,595,64,1102,17.21875,0,true,2026-09-27T17:35:03.905127+00:00,--max-opt=0 --no-lazy,Date.now,1138603300,0,fb0af35ee1cbd7396c6b23184a123f87ce6f9d1d8e29a2dcbc3bf86a98f3ae33,"[""C:\\Users\\mzyx\\Desktop\\0921\\js-interpreter-bench\\engines\\v8-official-15.6.21\\runtime\\d8.exe"", ""--snapshot_blob=C:\\Users\\mzyx\\Desktop\\0921\\js-interpreter-bench\\engines\\v8-official-15.6.21\\runtime\\snapshot_blob.bin"", ""--max-opt=0"", ""--no-lazy"", ""C:\\Users\\mzyx\\Desktop\\0921\\js-interpreter-bench\\experiments\\octane_strict\\generated\\RayTrace.RayTrace.js"", ""--"", ""STRICT_CONFIG={\""N\"":64,\""mode\"":\""measure\"",\""timer\"":\""Date.now\""}""]","OCTANE_STRICT_RESULT:{""suite"":""RayTrace"",""benchmark"":""RayTrace"",""N"":64,""mode"":""measure"",""timer"":""Date.now"",""elapsed_ms"":1102,""elapsed_per_call_ms"":17.21875,""extra_validation_calls"":0,""correctness"":""PASS""}",,
quickjs,RayTrace,RayTrace,19,596,64,2570,40.15625,0,true,2026-09-27T17:35:06.499223+00:00,,Date.now,2581205100,0,fb0af35ee1cbd7396c6b23184a123f87ce6f9d1d8e29a2dcbc3bf86a98f3ae33,"[""C:\\Users\\mzyx\\Desktop\\0921\\js-interpreter-bench\\engines\\quickjs-upstream\\qjs.exe"", ""C:\\Users\\mzyx\\Desktop\\0921\\js-interpreter-bench\\experiments\\octane_strict\\generated\\RayTrace.RayTrace.js"", ""STRICT_CONFIG={\""N\"":64,\""mode\"":\""measure\"",\""timer\"":\""Date.now\""}""]","OCTANE_STRICT_RESULT:{""suite"":""RayTrace"",""benchmark"":""RayTrace"",""N"":64,""mode"":""measure"",""timer"":""Date.now"",""elapsed_ms"":2570,""elapsed_per_call_ms"":40.15625,""extra_validation_calls"":0,""correctness"":""PASS""}",,
quickjs,CodeLoad,CodeLoadClosure,19,597,4096,2463,0.601318359375,0,true,2026-09-27T17:35:09.104129+00:00,,Date.now,2594187900,0,9c3f2890631a64f3776ae7d0cbc83510f2cadc62313f8e27b4ab278dd94390e8,"[""C:\\Users\\mzyx\\Desktop\\0921\\js-interpreter-bench\\engines\\quickjs-upstream\\qjs.exe"", ""C:\\Users\\mzyx\\Desktop\\0921\\js-interpreter-bench\\experiments\\octane_strict\\generated\\CodeLoad.CodeLoadClosure.js"", ""STRICT_CONFIG={\""N\"":4096,\""mode\"":\""measure\"",\""timer\"":\""Date.now\""}""]","OCTANE_STRICT_RESULT:{""suite"":""CodeLoad"",""benchmark"":""CodeLoadClosure"",""N"":4096,""mode"":""measure"",""timer"":""Date.now"",""elapsed_ms"":2463,""elapsed_per_call_ms"":0.601318359375,""extra_validation_calls"":0,""correctness"":""PASS""}",,
v8_ignition,CodeLoad,CodeLoadClosure,19,598,4096,1193,0.291259765625,0,true,2026-09-27T17:35:10.358402+00:00,--max-opt=0 --no-lazy,Date.now,1242932900,0,9c3f2890631a64f3776ae7d0cbc83510f2cadc62313f8e27b4ab278dd94390e8,"[""C:\\Users\\mzyx\\Desktop\\0921\\js-interpreter-bench\\engines\\v8-official-15.6.21\\runtime\\d8.exe"", ""--snapshot_blob=C:\\Users\\mzyx\\Desktop\\0921\\js-interpreter-bench\\engines\\v8-official-15.6.21\\runtime\\snapshot_blob.bin"", ""--max-opt=0"", ""--no-lazy"", ""C:\\Users\\mzyx\\Desktop\\0921\\js-interpreter-bench\\experiments\\octane_strict\\generated\\CodeLoad.CodeLoadClosure.js"", ""--"", ""STRICT_CONFIG={\""N\"":4096,\""mode\"":\""measure\"",\""timer\"":\""Date.now\""}""]","OCTANE_STRICT_RESULT:{""suite"":""CodeLoad"",""benchmark"":""CodeLoadClosure"",""N"":4096,""mode"":""measure"",""timer"":""Date.now"",""elapsed_ms"":1193,""elapsed_per_call_ms"":0.291259765625,""extra_validation_calls"":0,""correctness"":""PASS""}",,
quickjs,DeltaBlue,DeltaBlue,19,599,512,3890,7.59765625,0,true,2026-09-27T17:35:14.264138+00:00,,Date.now,3901486200,0,8542689bb308963c4feefd143c1707791e271d609ef4c476eb9c3dfdeeec539f,"[""C:\\Users\\mzyx\\Desktop\\0921\\js-interpreter-bench\\engines\\quickjs-upstream\\qjs.exe"", ""C:\\Users\\mzyx\\Desktop\\0921\\js-interpreter-bench\\experiments\\octane_strict\\generated\\DeltaBlue.DeltaBlue.js"", ""STRICT_CONFIG={\""N\"":512,\""mode\"":\""measure\"",\""timer\"":\""Date.now\""}""]","OCTANE_STRICT_RESULT:{""suite"":""DeltaBlue"",""benchmark"":""DeltaBlue"",""N"":512,""mode"":""measure"",""timer"":""Date.now"",""elapsed_ms"":3890,""elapsed_per_call_ms"":7.59765625,""extra_validation_calls"":0,""correctness"":""PASS""}",,
v8_ignition,DeltaBlue,DeltaBlue,19,600,512,1866,3.64453125,0,true,2026-09-27T17:35:16.183745+00:00,--max-opt=0 --no-lazy,Date.now,1901757700,0,8542689bb308963c4feefd143c1707791e271d609ef4c476eb9c3dfdeeec539f,"[""C:\\Users\\mzyx\\Desktop\\0921\\js-interpreter-bench\\engines\\v8-official-15.6.21\\runtime\\d8.exe"", ""--snapshot_blob=C:\\Users\\mzyx\\Desktop\\0921\\js-interpreter-bench\\engines\\v8-official-15.6.21\\runtime\\snapshot_blob.bin"", ""--max-opt=0"", ""--no-lazy"", ""C:\\Users\\mzyx\\Desktop\\0921\\js-interpreter-bench\\experiments\\octane_strict\\generated\\DeltaBlue.DeltaBlue.js"", ""--"", ""STRICT_CONFIG={\""N\"":512,\""mode\"":\""measure\"",\""timer\"":\""Date.now\""}""]","OCTANE_STRICT_RESULT:{""suite"":""DeltaBlue"",""benchmark"":""DeltaBlue"",""N"":512,""mode"":""measure"",""timer"":""Date.now"",""elapsed_ms"":1866,""elapsed_per_call_ms"":3.64453125,""extra_validation_calls"":0,""correctness"":""PASS""}",,
v8_ignition,Splay,Splay,19,601,2048,1792,0.875,0,true,2026-09-27T17:35:18.126847+00:00,--max-opt=0 --no-lazy,Date.now,1931363800,0,d6372414234d150c814a6933257aa8c98a8c6260b0d72a71ee0d08d0ee6fb17a,"[""C:\\Users\\mzyx\\Desktop\\0921\\js-interpreter-bench\\engines\\v8-official-15.6.21\\runtime\\d8.exe"", ""--snapshot_blob=C:\\Users\\mzyx\\Desktop\\0921\\js-interpreter-bench\\engines\\v8-official-15.6.21\\runtime\\snapshot_blob.bin"", ""--max-opt=0"", ""--no-lazy"", ""C:\\Users\\mzyx\\Desktop\\0921\\js-interpreter-bench\\experiments\\octane_strict\\generated\\Splay.Splay.js"", ""--"", ""STRICT_CONFIG={\""N\"":2048,\""mode\"":\""measure\"",\""timer\"":\""Date.now\""}""]","OCTANE_STRICT_RESULT:{""suite"":""Splay"",""benchmark"":""Splay"",""N"":2048,""mode"":""measure"",""timer"":""Date.now"",""elapsed_ms"":1792,""elapsed_per_call_ms"":0.875,""extra_validation_calls"":0,""correctness"":""PASS""}",,
quickjs,Splay,Splay,19,602,2048,4535,2.21435546875,0,true,2026-09-27T17:35:23.119024+00:00,,Date.now,4980405200,0,d6372414234d150c814a6933257aa8c98a8c6260b0d72a71ee0d08d0ee6fb17a,"[""C:\\Users\\mzyx\\Desktop\\0921\\js-interpreter-bench\\engines\\quickjs-upstream\\qjs.exe"", ""C:\\Users\\mzyx\\Desktop\\0921\\js-interpreter-bench\\experiments\\octane_strict\\generated\\Splay.Splay.js"", ""STRICT_CONFIG={\""N\"":2048,\""mode\"":\""measure\"",\""timer\"":\""Date.now\""}""]","OCTANE_STRICT_RESULT:{""suite"":""Splay"",""benchmark"":""Splay"",""N"":2048,""mode"":""measure"",""timer"":""Date.now"",""elapsed_ms"":4535,""elapsed_per_call_ms"":2.21435546875,""extra_validation_calls"":0,""correctness"":""PASS""}",,
v8_ignition,EarleyBoyer,Boyer,19,603,32,1292,40.375,0,true,2026-09-27T17:35:24.471318+00:00,--max-opt=0 --no-lazy,Date.now,1335050600,0,e6d4262bd967274f8c7b66181bd6e39a9851606524faae200584e064d21b43b8,"[""C:\\Users\\mzyx\\Desktop\\0921\\js-interpreter-bench\\engines\\v8-official-15.6.21\\runtime\\d8.exe"", ""--snapshot_blob=C:\\Users\\mzyx\\Desktop\\0921\\js-interpreter-bench\\engines\\v8-official-15.6.21\\runtime\\snapshot_blob.bin"", ""--max-opt=0"", ""--no-lazy"", ""C:\\Users\\mzyx\\Desktop\\0921\\js-interpreter-bench\\experiments\\octane_strict\\generated\\EarleyBoyer.Boyer.js"", ""--"", ""STRICT_CONFIG={\""N\"":32,\""mode\"":\""measure\"",\""timer\"":\""Date.now\""}""]","OCTANE_STRICT_RESULT:{""suite"":""EarleyBoyer"",""benchmark"":""Boyer"",""N"":32,""mode"":""measure"",""timer"":""Date.now"",""elapsed_ms"":1292,""elapsed_per_call_ms"":40.375,""extra_validation_calls"":0,""correctness"":""PASS""}",,
quickjs,EarleyBoyer,Boyer,19,604,32,3711,115.96875,0,true,2026-09-27T17:35:28.216055+00:00,,Date.now,3734075600,0,e6d4262bd967274f8c7b66181bd6e39a9851606524faae200584e064d21b43b8,"[""C:\\Users\\mzyx\\Desktop\\0921\\js-interpreter-bench\\engines\\quickjs-upstream\\qjs.exe"", ""C:\\Users\\mzyx\\Desktop\\0921\\js-interpreter-bench\\experiments\\octane_strict\\generated\\EarleyBoyer.Boyer.js"", ""STRICT_CONFIG={\""N\"":32,\""mode\"":\""measure\"",\""timer\"":\""Date.now\""}""]","OCTANE_STRICT_RESULT:{""suite"":""EarleyBoyer"",""benchmark"":""Boyer"",""N"":32,""mode"":""measure"",""timer"":""Date.now"",""elapsed_ms"":3711,""elapsed_per_call_ms"":115.96875,""extra_validation_calls"":0,""correctness"":""PASS""}",,
quickjs,RegExp,RegExp,19,605,64,14738,230.28125,0,true,2026-09-27T17:35:42.996898+00:00,,Date.now,14768513300,0,881c9e28610ead1d8cbf528614032c48b8faa700f0e4177198bbb22f15a19111,"[""C:\\Users\\mzyx\\Desktop\\0921\\js-interpreter-bench\\engines\\quickjs-upstream\\qjs.exe"", ""C:\\Users\\mzyx\\Desktop\\0921\\js-interpreter-bench\\experiments\\octane_strict\\generated\\RegExp.RegExp.js"", ""STRICT_CONFIG={\""N\"":64,\""mode\"":\""measure\"",\""timer\"":\""Date.now\""}""]","OCTANE_STRICT_RESULT:{""suite"":""RegExp"",""benchmark"":""RegExp"",""N"":64,""mode"":""measure"",""timer"":""Date.now"",""elapsed_ms"":14738,""elapsed_per_call_ms"":230.28125,""extra_validation_calls"":0,""correctness"":""PASS""}",,
v8_ignition,RegExp,RegExp,19,606,64,1243,19.421875,0,true,2026-09-27T17:35:44.315225+00:00,--max-opt=0 --no-lazy,Date.now,1301155500,0,881c9e28610ead1d8cbf528614032c48b8faa700f0e4177198bbb22f15a19111,"[""C:\\Users\\mzyx\\Desktop\\0921\\js-interpreter-bench\\engines\\v8-official-15.6.21\\runtime\\d8.exe"", ""--snapshot_blob=C:\\Users\\mzyx\\Desktop\\0921\\js-interpreter-bench\\engines\\v8-official-15.6.21\\runtime\\snapshot_blob.bin"", ""--max-opt=0"", ""--no-lazy"", ""C:\\Users\\mzyx\\Desktop\\0921\\js-interpreter-bench\\experiments\\octane_strict\\generated\\RegExp.RegExp.js"", ""--"", ""STRICT_CONFIG={\""N\"":64,\""mode\"":\""measure\"",\""timer\"":\""Date.now\""}""]","OCTANE_STRICT_RESULT:{""suite"":""RegExp"",""benchmark"":""RegExp"",""N"":64,""mode"":""measure"",""timer"":""Date.now"",""elapsed_ms"":1243,""elapsed_per_call_ms"":19.421875,""extra_validation_calls"":0,""correctness"":""PASS""}",,
v8_ignition,PdfJS,PdfJS,19,607,16,1699,106.1875,0,true,2026-09-27T17:35:46.181378+00:00,--max-opt=0 --no-lazy,Date.now,1852577700,0,f1966230e4a00bc61dc4c00fd600486e941235c3ee8206f897bd148dfd6e630b,"[""C:\\Users\\mzyx\\Desktop\\0921\\js-interpreter-bench\\engines\\v8-official-15.6.21\\runtime\\d8.exe"", ""--snapshot_blob=C:\\Users\\mzyx\\Desktop\\0921\\js-interpreter-bench\\engines\\v8-official-15.6.21\\runtime\\snapshot_blob.bin"", ""--max-opt=0"", ""--no-lazy"", ""C:\\Users\\mzyx\\Desktop\\0921\\js-interpreter-bench\\experiments\\octane_strict\\generated\\PdfJS.PdfJS.js"", ""--"", ""STRICT_CONFIG={\""N\"":16,\""mode\"":\""measure\"",\""timer\"":\""Date.now\""}""]","OCTANE_STRICT_RESULT:{""suite"":""PdfJS"",""benchmark"":""PdfJS"",""N"":16,""mode"":""measure"",""timer"":""Date.now"",""elapsed_ms"":1699,""elapsed_per_call_ms"":106.1875,""extra_validation_calls"":0,""correctness"":""PASS""}",,
quickjs,PdfJS,PdfJS,19,608,16,3218,201.125,0,true,2026-09-27T17:35:49.635376+00:00,,Date.now,3438144000,0,f1966230e4a00bc61dc4c00fd600486e941235c3ee8206f897bd148dfd6e630b,"[""C:\\Users\\mzyx\\Desktop\\0921\\js-interpreter-bench\\engines\\quickjs-upstream\\qjs.exe"", ""C:\\Users\\mzyx\\Desktop\\0921\\js-interpreter-bench\\experiments\\octane_strict\\generated\\PdfJS.PdfJS.js"", ""STRICT_CONFIG={\""N\"":16,\""mode\"":\""measure\"",\""timer\"":\""Date.now\""}""]","OCTANE_STRICT_RESULT:{""suite"":""PdfJS"",""benchmark"":""PdfJS"",""N"":16,""mode"":""measure"",""timer"":""Date.now"",""elapsed_ms"":3218,""elapsed_per_call_ms"":201.125,""extra_validation_calls"":0,""correctness"":""PASS""}",,
v8_ignition,Typescript,Typescript,20,609,1,1193,1193,0,true,2026-09-27T17:35:50.923408+00:00,--max-opt=0 --no-lazy,Date.now,1271074600,0,135e157d4fd316d69e9afdb0147a5d3f71ff32877fbe7c2febd72041df50deb0,"[""C:\\Users\\mzyx\\Desktop\\0921\\js-interpreter-bench\\engines\\v8-official-15.6.21\\runtime\\d8.exe"", ""--snapshot_blob=C:\\Users\\mzyx\\Desktop\\0921\\js-interpreter-bench\\engines\\v8-official-15.6.21\\runtime\\snapshot_blob.bin"", ""--max-opt=0"", ""--no-lazy"", ""C:\\Users\\mzyx\\Desktop\\0921\\js-interpreter-bench\\experiments\\octane_strict\\generated\\Typescript.Typescript.js"", ""--"", ""STRICT_CONFIG={\""N\"":1,\""mode\"":\""measure\"",\""timer\"":\""Date.now\""}""]","OCTANE_STRICT_RESULT:{""suite"":""Typescript"",""benchmark"":""Typescript"",""N"":1,""mode"":""measure"",""timer"":""Date.now"",""elapsed_ms"":1193,""elapsed_per_call_ms"":1193,""extra_validation_calls"":0,""correctness"":""PASS""}",,
quickjs,Typescript,Typescript,20,610,1,2026,2026,0,true,2026-09-27T17:35:53.164476+00:00,,Date.now,2225014900,0,135e157d4fd316d69e9afdb0147a5d3f71ff32877fbe7c2febd72041df50deb0,"[""C:\\Users\\mzyx\\Desktop\\0921\\js-interpreter-bench\\engines\\quickjs-upstream\\qjs.exe"", ""C:\\Users\\mzyx\\Desktop\\0921\\js-interpreter-bench\\experiments\\octane_strict\\generated\\Typescript.Typescript.js"", ""STRICT_CONFIG={\""N\"":1,\""mode\"":\""measure\"",\""timer\"":\""Date.now\""}""]","OCTANE_STRICT_RESULT:{""suite"":""Typescript"",""benchmark"":""Typescript"",""N"":1,""mode"":""measure"",""timer"":""Date.now"",""elapsed_ms"":2026,""elapsed_per_call_ms"":2026,""extra_validation_calls"":0,""correctness"":""PASS""}",,
v8_ignition,Crypto,Decrypt,20,611,16,1419,88.6875,0,true,2026-09-27T17:35:54.647323+00:00,--max-opt=0 --no-lazy,Date.now,1463650300,0,974b320858e72132edd4dd56da2f4582cbe4e99b10027c89dfa44b1ea1cd4591,"[""C:\\Users\\mzyx\\Desktop\\0921\\js-interpreter-bench\\engines\\v8-official-15.6.21\\runtime\\d8.exe"", ""--snapshot_blob=C:\\Users\\mzyx\\Desktop\\0921\\js-interpreter-bench\\engines\\v8-official-15.6.21\\runtime\\snapshot_blob.bin"", ""--max-opt=0"", ""--no-lazy"", ""C:\\Users\\mzyx\\Desktop\\0921\\js-interpreter-bench\\experiments\\octane_strict\\generated\\Crypto.Decrypt.js"", ""--"", ""STRICT_CONFIG={\""N\"":16,\""mode\"":\""measure\"",\""timer\"":\""Date.now\""}""]","OCTANE_STRICT_RESULT:{""suite"":""Crypto"",""benchmark"":""Decrypt"",""N"":16,""mode"":""measure"",""timer"":""Date.now"",""elapsed_ms"":1419,""elapsed_per_call_ms"":88.6875,""extra_validation_calls"":0,""correctness"":""PASS""}",,
quickjs,Crypto,Decrypt,20,612,16,1676,104.75,0,true,2026-09-27T17:35:56.356034+00:00,,Date.now,1694069200,0,974b320858e72132edd4dd56da2f4582cbe4e99b10027c89dfa44b1ea1cd4591,"[""C:\\Users\\mzyx\\Desktop\\0921\\js-interpreter-bench\\engines\\quickjs-upstream\\qjs.exe"", ""C:\\Users\\mzyx\\Desktop\\0921\\js-interpreter-bench\\experiments\\octane_strict\\generated\\Crypto.Decrypt.js"", ""STRICT_CONFIG={\""N\"":16,\""mode\"":\""measure\"",\""timer\"":\""Date.now\""}""]","OCTANE_STRICT_RESULT:{""suite"":""Crypto"",""benchmark"":""Decrypt"",""N"":16,""mode"":""measure"",""timer"":""Date.now"",""elapsed_ms"":1676,""elapsed_per_call_ms"":104.75,""extra_validation_calls"":0,""correctness"":""PASS""}",,
quickjs,Crypto,Encrypt,20,613,256,1409,5.50390625,0,true,2026-09-27T17:35:57.889017+00:00,,Date.now,1518785700,0,c73b9c8626ff5488b879ff453a865c03adf87602c6d302855f1c6e0f91b57c92,"[""C:\\Users\\mzyx\\Desktop\\0921\\js-interpreter-bench\\engines\\quickjs-upstream\\qjs.exe"", ""C:\\Users\\mzyx\\Desktop\\0921\\js-interpreter-bench\\experiments\\octane_strict\\generated\\Crypto.Encrypt.js"", ""STRICT_CONFIG={\""N\"":256,\""mode\"":\""measure\"",\""timer\"":\""Date.now\""}""]","OCTANE_STRICT_RESULT:{""suite"":""Crypto"",""benchmark"":""Encrypt"",""N"":256,""mode"":""measure"",""timer"":""Date.now"",""elapsed_ms"":1409,""elapsed_per_call_ms"":5.50390625,""extra_validation_calls"":0,""correctness"":""PASS""}",,
v8_ignition,Crypto,Encrypt,20,614,256,1193,4.66015625,0,true,2026-09-27T17:35:59.234245+00:00,--max-opt=0 --no-lazy,Date.now,1328918700,0,c73b9c8626ff5488b879ff453a865c03adf87602c6d302855f1c6e0f91b57c92,"[""C:\\Users\\mzyx\\Desktop\\0921\\js-interpreter-bench\\engines\\v8-official-15.6.21\\runtime\\d8.exe"", ""--snapshot_blob=C:\\Users\\mzyx\\Desktop\\0921\\js-interpreter-bench\\engines\\v8-official-15.6.21\\runtime\\snapshot_blob.bin"", ""--max-opt=0"", ""--no-lazy"", ""C:\\Users\\mzyx\\Desktop\\0921\\js-interpreter-bench\\experiments\\octane_strict\\generated\\Crypto.Encrypt.js"", ""--"", ""STRICT_CONFIG={\""N\"":256,\""mode\"":\""measure\"",\""timer\"":\""Date.now\""}""]","OCTANE_STRICT_RESULT:{""suite"":""Crypto"",""benchmark"":""Encrypt"",""N"":256,""mode"":""measure"",""timer"":""Date.now"",""elapsed_ms"":1193,""elapsed_per_call_ms"":4.66015625,""extra_validation_calls"":0,""correctness"":""PASS""}",,
v8_ignition,RegExp,RegExp,20,615,64,1264,19.75,0,true,2026-09-27T17:36:00.564768+00:00,--max-opt=0 --no-lazy,Date.now,1318631500,0,881c9e28610ead1d8cbf528614032c48b8faa700f0e4177198bbb22f15a19111,"[""C:\\Users\\mzyx\\Desktop\\0921\\js-interpreter-bench\\engines\\v8-official-15.6.21\\runtime\\d8.exe"", ""--snapshot_blob=C:\\Users\\mzyx\\Desktop\\0921\\js-interpreter-bench\\engines\\v8-official-15.6.21\\runtime\\snapshot_blob.bin"", ""--max-opt=0"", ""--no-lazy"", ""C:\\Users\\mzyx\\Desktop\\0921\\js-interpreter-bench\\experiments\\octane_strict\\generated\\RegExp.RegExp.js"", ""--"", ""STRICT_CONFIG={\""N\"":64,\""mode\"":\""measure\"",\""timer\"":\""Date.now\""}""]","OCTANE_STRICT_RESULT:{""suite"":""RegExp"",""benchmark"":""RegExp"",""N"":64,""mode"":""measure"",""timer"":""Date.now"",""elapsed_ms"":1264,""elapsed_per_call_ms"":19.75,""extra_validation_calls"":0,""correctness"":""PASS""}",,
quickjs,RegExp,RegExp,20,616,64,14632,228.625,0,true,2026-09-27T17:36:15.239579+00:00,,Date.now,14663197100,0,881c9e28610ead1d8cbf528614032c48b8faa700f0e4177198bbb22f15a19111,"[""C:\\Users\\mzyx\\Desktop\\0921\\js-interpreter-bench\\engines\\quickjs-upstream\\qjs.exe"", ""C:\\Users\\mzyx\\Desktop\\0921\\js-interpreter-bench\\experiments\\octane_strict\\generated\\RegExp.RegExp.js"", ""STRICT_CONFIG={\""N\"":64,\""mode\"":\""measure\"",\""timer\"":\""Date.now\""}""]","OCTANE_STRICT_RESULT:{""suite"":""RegExp"",""benchmark"":""RegExp"",""N"":64,""mode"":""measure"",""timer"":""Date.now"",""elapsed_ms"":14632,""elapsed_per_call_ms"":228.625,""extra_validation_calls"":0,""correctness"":""PASS""}",,
v8_ignition,CodeLoad,CodeLoadClosure,20,617,4096,1169,0.285400390625,0,true,2026-09-27T17:36:16.481514+00:00,--max-opt=0 --no-lazy,Date.now,1224673900,0,9c3f2890631a64f3776ae7d0cbc83510f2cadc62313f8e27b4ab278dd94390e8,"[""C:\\Users\\mzyx\\Desktop\\0921\\js-interpreter-bench\\engines\\v8-official-15.6.21\\runtime\\d8.exe"", ""--snapshot_blob=C:\\Users\\mzyx\\Desktop\\0921\\js-interpreter-bench\\engines\\v8-official-15.6.21\\runtime\\snapshot_blob.bin"", ""--max-opt=0"", ""--no-lazy"", ""C:\\Users\\mzyx\\Desktop\\0921\\js-interpreter-bench\\experiments\\octane_strict\\generated\\CodeLoad.CodeLoadClosure.js"", ""--"", ""STRICT_CONFIG={\""N\"":4096,\""mode\"":\""measure\"",\""timer\"":\""Date.now\""}""]","OCTANE_STRICT_RESULT:{""suite"":""CodeLoad"",""benchmark"":""CodeLoadClosure"",""N"":4096,""mode"":""measure"",""timer"":""Date.now"",""elapsed_ms"":1169,""elapsed_per_call_ms"":0.285400390625,""extra_validation_calls"":0,""correctness"":""PASS""}",,
quickjs,CodeLoad,CodeLoadClosure,20,618,4096,2463,0.601318359375,0,true,2026-09-27T17:36:19.096553+00:00,,Date.now,2599677100,0,9c3f2890631a64f3776ae7d0cbc83510f2cadc62313f8e27b4ab278dd94390e8,"[""C:\\Users\\mzyx\\Desktop\\0921\\js-interpreter-bench\\engines\\quickjs-upstream\\qjs.exe"", ""C:\\Users\\mzyx\\Desktop\\0921\\js-interpreter-bench\\experiments\\octane_strict\\generated\\CodeLoad.CodeLoadClosure.js"", ""STRICT_CONFIG={\""N\"":4096,\""mode\"":\""measure\"",\""timer\"":\""Date.now\""}""]","OCTANE_STRICT_RESULT:{""suite"":""CodeLoad"",""benchmark"":""CodeLoadClosure"",""N"":4096,""mode"":""measure"",""timer"":""Date.now"",""elapsed_ms"":2463,""elapsed_per_call_ms"":0.601318359375,""extra_validation_calls"":0,""correctness"":""PASS""}",,
quickjs,Gameboy,Gameboy,20,619,4,1421,355.25,0,true,2026-09-27T17:36:20.571593+00:00,,Date.now,1463615800,0,3fc599b60ec8be6d0ab60d00add662dde31374ecb5b24167384d72d325a08a21,"[""C:\\Users\\mzyx\\Desktop\\0921\\js-interpreter-bench\\engines\\quickjs-upstream\\qjs.exe"", ""C:\\Users\\mzyx\\Desktop\\0921\\js-interpreter-bench\\experiments\\octane_strict\\generated\\Gameboy.Gameboy.js"", ""STRICT_CONFIG={\""N\"":4,\""mode\"":\""measure\"",\""timer\"":\""Date.now\""}""]","OCTANE_STRICT_RESULT:{""suite"":""Gameboy"",""benchmark"":""Gameboy"",""N"":4,""mode"":""measure"",""timer"":""Date.now"",""elapsed_ms"":1421,""elapsed_per_call_ms"":355.25,""extra_validation_calls"":0,""correctness"":""PASS""}",,
v8_ignition,Gameboy,Gameboy,20,620,4,1209,302.25,0,true,2026-09-27T17:36:21.855818+00:00,--max-opt=0 --no-lazy,Date.now,1271289400,0,3fc599b60ec8be6d0ab60d00add662dde31374ecb5b24167384d72d325a08a21,"[""C:\\Users\\mzyx\\Desktop\\0921\\js-interpreter-bench\\engines\\v8-official-15.6.21\\runtime\\d8.exe"", ""--snapshot_blob=C:\\Users\\mzyx\\Desktop\\0921\\js-interpreter-bench\\engines\\v8-official-15.6.21\\runtime\\snapshot_blob.bin"", ""--max-opt=0"", ""--no-lazy"", ""C:\\Users\\mzyx\\Desktop\\0921\\js-interpreter-bench\\experiments\\octane_strict\\generated\\Gameboy.Gameboy.js"", ""--"", ""STRICT_CONFIG={\""N\"":4,\""mode\"":\""measure\"",\""timer\"":\""Date.now\""}""]","OCTANE_STRICT_RESULT:{""suite"":""Gameboy"",""benchmark"":""Gameboy"",""N"":4,""mode"":""measure"",""timer"":""Date.now"",""elapsed_ms"":1209,""elapsed_per_call_ms"":302.25,""extra_validation_calls"":0,""correctness"":""PASS""}",,
quickjs,EarleyBoyer,Boyer,20,621,32,3720,116.25,0,true,2026-09-27T17:36:25.612413+00:00,,Date.now,3744669800,0,e6d4262bd967274f8c7b66181bd6e39a9851606524faae200584e064d21b43b8,"[""C:\\Users\\mzyx\\Desktop\\0921\\js-interpreter-bench\\engines\\quickjs-upstream\\qjs.exe"", ""C:\\Users\\mzyx\\Desktop\\0921\\js-interpreter-bench\\experiments\\octane_strict\\generated\\EarleyBoyer.Boyer.js"", ""STRICT_CONFIG={\""N\"":32,\""mode\"":\""measure\"",\""timer\"":\""Date.now\""}""]","OCTANE_STRICT_RESULT:{""suite"":""EarleyBoyer"",""benchmark"":""Boyer"",""N"":32,""mode"":""measure"",""timer"":""Date.now"",""elapsed_ms"":3720,""elapsed_per_call_ms"":116.25,""extra_validation_calls"":0,""correctness"":""PASS""}",,
v8_ignition,EarleyBoyer,Boyer,20,622,32,1284,40.125,0,true,2026-09-27T17:36:26.953249+00:00,--max-opt=0 --no-lazy,Date.now,1328480000,0,e6d4262bd967274f8c7b66181bd6e39a9851606524faae200584e064d21b43b8,"[""C:\\Users\\mzyx\\Desktop\\0921\\js-interpreter-bench\\engines\\v8-official-15.6.21\\runtime\\d8.exe"", ""--snapshot_blob=C:\\Users\\mzyx\\Desktop\\0921\\js-interpreter-bench\\engines\\v8-official-15.6.21\\runtime\\snapshot_blob.bin"", ""--max-opt=0"", ""--no-lazy"", ""C:\\Users\\mzyx\\Desktop\\0921\\js-interpreter-bench\\experiments\\octane_strict\\generated\\EarleyBoyer.Boyer.js"", ""--"", ""STRICT_CONFIG={\""N\"":32,\""mode\"":\""measure\"",\""timer\"":\""Date.now\""}""]","OCTANE_STRICT_RESULT:{""suite"":""EarleyBoyer"",""benchmark"":""Boyer"",""N"":32,""mode"":""measure"",""timer"":""Date.now"",""elapsed_ms"":1284,""elapsed_per_call_ms"":40.125,""extra_validation_calls"":0,""correctness"":""PASS""}",,
quickjs,Richards,Richards,20,623,512,1936,3.78125,0,true,2026-09-27T17:36:28.912815+00:00,,Date.now,1947549900,0,d2207c68ebcf5db16fd42f8eb04fe21239b5f4726e5d3734ebd3c059754126a8,"[""C:\\Users\\mzyx\\Desktop\\0921\\js-interpreter-bench\\engines\\quickjs-upstream\\qjs.exe"", ""C:\\Users\\mzyx\\Desktop\\0921\\js-interpreter-bench\\experiments\\octane_strict\\generated\\Richards.Richards.js"", ""STRICT_CONFIG={\""N\"":512,\""mode\"":\""measure\"",\""timer\"":\""Date.now\""}""]","OCTANE_STRICT_RESULT:{""suite"":""Richards"",""benchmark"":""Richards"",""N"":512,""mode"":""measure"",""timer"":""Date.now"",""elapsed_ms"":1936,""elapsed_per_call_ms"":3.78125,""extra_validation_calls"":0,""correctness"":""PASS""}",,
v8_ignition,Richards,Richards,20,624,512,1089,2.126953125,0,true,2026-09-27T17:36:30.053052+00:00,--max-opt=0 --no-lazy,Date.now,1124026900,0,d2207c68ebcf5db16fd42f8eb04fe21239b5f4726e5d3734ebd3c059754126a8,"[""C:\\Users\\mzyx\\Desktop\\0921\\js-interpreter-bench\\engines\\v8-official-15.6.21\\runtime\\d8.exe"", ""--snapshot_blob=C:\\Users\\mzyx\\Desktop\\0921\\js-interpreter-bench\\engines\\v8-official-15.6.21\\runtime\\snapshot_blob.bin"", ""--max-opt=0"", ""--no-lazy"", ""C:\\Users\\mzyx\\Desktop\\0921\\js-interpreter-bench\\experiments\\octane_strict\\generated\\Richards.Richards.js"", ""--"", ""STRICT_CONFIG={\""N\"":512,\""mode\"":\""measure\"",\""timer\"":\""Date.now\""}""]","OCTANE_STRICT_RESULT:{""suite"":""Richards"",""benchmark"":""Richards"",""N"":512,""mode"":""measure"",""timer"":""Date.now"",""elapsed_ms"":1089,""elapsed_per_call_ms"":2.126953125,""extra_validation_calls"":0,""correctness"":""PASS""}",,
v8_ignition,NavierStokes,NavierStokes,20,625,32,2297,71.78125,0,true,2026-09-27T17:36:32.402224+00:00,--max-opt=0 --no-lazy,Date.now,2337584900,0,e86c3b0056fae99b5f0ffdb7d093b565b02987eef458b2c07ecb3fc39700ee3c,"[""C:\\Users\\mzyx\\Desktop\\0921\\js-interpreter-bench\\engines\\v8-official-15.6.21\\runtime\\d8.exe"", ""--snapshot_blob=C:\\Users\\mzyx\\Desktop\\0921\\js-interpreter-bench\\engines\\v8-official-15.6.21\\runtime\\snapshot_blob.bin"", ""--max-opt=0"", ""--no-lazy"", ""C:\\Users\\mzyx\\Desktop\\0921\\js-interpreter-bench\\experiments\\octane_strict\\generated\\NavierStokes.NavierStokes.js"", ""--"", ""STRICT_CONFIG={\""N\"":32,\""mode\"":\""measure\"",\""timer\"":\""Date.now\""}""]","OCTANE_STRICT_RESULT:{""suite"":""NavierStokes"",""benchmark"":""NavierStokes"",""N"":32,""mode"":""measure"",""timer"":""Date.now"",""elapsed_ms"":2297,""elapsed_per_call_ms"":71.78125,""extra_validation_calls"":0,""correctness"":""PASS""}",,
quickjs,NavierStokes,NavierStokes,20,626,32,1859,58.09375,0,true,2026-09-27T17:36:34.279803+00:00,,Date.now,1873890900,0,e86c3b0056fae99b5f0ffdb7d093b565b02987eef458b2c07ecb3fc39700ee3c,"[""C:\\Users\\mzyx\\Desktop\\0921\\js-interpreter-bench\\engines\\quickjs-upstream\\qjs.exe"", ""C:\\Users\\mzyx\\Desktop\\0921\\js-interpreter-bench\\experiments\\octane_strict\\generated\\NavierStokes.NavierStokes.js"", ""STRICT_CONFIG={\""N\"":32,\""mode\"":\""measure\"",\""timer\"":\""Date.now\""}""]","OCTANE_STRICT_RESULT:{""suite"":""NavierStokes"",""benchmark"":""NavierStokes"",""N"":32,""mode"":""measure"",""timer"":""Date.now"",""elapsed_ms"":1859,""elapsed_per_call_ms"":58.09375,""extra_validation_calls"":0,""correctness"":""PASS""}",,
v8_ignition,Mandreel,Mandreel,20,627,1,1483,1483,0,true,2026-09-27T17:36:37.154039+00:00,--max-opt=0 --no-lazy,Date.now,2852233200,0,64fbf14da4005c4426dcdd6191a5f206fbcd9ce260549e924fd925408614702d,"[""C:\\Users\\mzyx\\Desktop\\0921\\js-interpreter-bench\\engines\\v8-official-15.6.21\\runtime\\d8.exe"", ""--snapshot_blob=C:\\Users\\mzyx\\Desktop\\0921\\js-interpreter-bench\\engines\\v8-official-15.6.21\\runtime\\snapshot_blob.bin"", ""--max-opt=0"", ""--no-lazy"", ""C:\\Users\\mzyx\\Desktop\\0921\\js-interpreter-bench\\experiments\\octane_strict\\generated\\Mandreel.Mandreel.js"", ""--"", ""STRICT_CONFIG={\""N\"":1,\""mode\"":\""measure\"",\""timer\"":\""Date.now\""}""]","OCTANE_STRICT_RESULT:{""suite"":""Mandreel"",""benchmark"":""Mandreel"",""N"":1,""mode"":""measure"",""timer"":""Date.now"",""elapsed_ms"":1483,""elapsed_per_call_ms"":1483,""extra_validation_calls"":0,""correctness"":""PASS""}",,
quickjs,Mandreel,Mandreel,20,628,1,1764,1764,0,true,2026-09-27T17:36:40.404030+00:00,,Date.now,3227829000,0,64fbf14da4005c4426dcdd6191a5f206fbcd9ce260549e924fd925408614702d,"[""C:\\Users\\mzyx\\Desktop\\0921\\js-interpreter-bench\\engines\\quickjs-upstream\\qjs.exe"", ""C:\\Users\\mzyx\\Desktop\\0921\\js-interpreter-bench\\experiments\\octane_strict\\generated\\Mandreel.Mandreel.js"", ""STRICT_CONFIG={\""N\"":1,\""mode\"":\""measure\"",\""timer\"":\""Date.now\""}""]","OCTANE_STRICT_RESULT:{""suite"":""Mandreel"",""benchmark"":""Mandreel"",""N"":1,""mode"":""measure"",""timer"":""Date.now"",""elapsed_ms"":1764,""elapsed_per_call_ms"":1764,""extra_validation_calls"":0,""correctness"":""PASS""}",,
quickjs,Splay,Splay,20,629,2048,4542,2.2177734375,0,true,2026-09-27T17:36:45.384946+00:00,,Date.now,4960297800,0,d6372414234d150c814a6933257aa8c98a8c6260b0d72a71ee0d08d0ee6fb17a,"[""C:\\Users\\mzyx\\Desktop\\0921\\js-interpreter-bench\\engines\\quickjs-upstream\\qjs.exe"", ""C:\\Users\\mzyx\\Desktop\\0921\\js-interpreter-bench\\experiments\\octane_strict\\generated\\Splay.Splay.js"", ""STRICT_CONFIG={\""N\"":2048,\""mode\"":\""measure\"",\""timer\"":\""Date.now\""}""]","OCTANE_STRICT_RESULT:{""suite"":""Splay"",""benchmark"":""Splay"",""N"":2048,""mode"":""measure"",""timer"":""Date.now"",""elapsed_ms"":4542,""elapsed_per_call_ms"":2.2177734375,""extra_validation_calls"":0,""correctness"":""PASS""}",,
v8_ignition,Splay,Splay,20,630,2048,1802,0.8798828125,0,true,2026-09-27T17:36:47.335610+00:00,--max-opt=0 --no-lazy,Date.now,1940119800,0,d6372414234d150c814a6933257aa8c98a8c6260b0d72a71ee0d08d0ee6fb17a,"[""C:\\Users\\mzyx\\Desktop\\0921\\js-interpreter-bench\\engines\\v8-official-15.6.21\\runtime\\d8.exe"", ""--snapshot_blob=C:\\Users\\mzyx\\Desktop\\0921\\js-interpreter-bench\\engines\\v8-official-15.6.21\\runtime\\snapshot_blob.bin"", ""--max-opt=0"", ""--no-lazy"", ""C:\\Users\\mzyx\\Desktop\\0921\\js-interpreter-bench\\experiments\\octane_strict\\generated\\Splay.Splay.js"", ""--"", ""STRICT_CONFIG={\""N\"":2048,\""mode\"":\""measure\"",\""timer\"":\""Date.now\""}""]","OCTANE_STRICT_RESULT:{""suite"":""Splay"",""benchmark"":""Splay"",""N"":2048,""mode"":""measure"",""timer"":""Date.now"",""elapsed_ms"":1802,""elapsed_per_call_ms"":0.8798828125,""extra_validation_calls"":0,""correctness"":""PASS""}",,
quickjs,RayTrace,RayTrace,20,631,64,2567,40.109375,0,true,2026-09-27T17:36:49.928473+00:00,,Date.now,2578292900,0,fb0af35ee1cbd7396c6b23184a123f87ce6f9d1d8e29a2dcbc3bf86a98f3ae33,"[""C:\\Users\\mzyx\\Desktop\\0921\\js-interpreter-bench\\engines\\quickjs-upstream\\qjs.exe"", ""C:\\Users\\mzyx\\Desktop\\0921\\js-interpreter-bench\\experiments\\octane_strict\\generated\\RayTrace.RayTrace.js"", ""STRICT_CONFIG={\""N\"":64,\""mode\"":\""measure\"",\""timer\"":\""Date.now\""}""]","OCTANE_STRICT_RESULT:{""suite"":""RayTrace"",""benchmark"":""RayTrace"",""N"":64,""mode"":""measure"",""timer"":""Date.now"",""elapsed_ms"":2567,""elapsed_per_call_ms"":40.109375,""extra_validation_calls"":0,""correctness"":""PASS""}",,
v8_ignition,RayTrace,RayTrace,20,632,64,1120,17.5,0,true,2026-09-27T17:36:51.095723+00:00,--max-opt=0 --no-lazy,Date.now,1156561700,0,fb0af35ee1cbd7396c6b23184a123f87ce6f9d1d8e29a2dcbc3bf86a98f3ae33,"[""C:\\Users\\mzyx\\Desktop\\0921\\js-interpreter-bench\\engines\\v8-official-15.6.21\\runtime\\d8.exe"", ""--snapshot_blob=C:\\Users\\mzyx\\Desktop\\0921\\js-interpreter-bench\\engines\\v8-official-15.6.21\\runtime\\snapshot_blob.bin"", ""--max-opt=0"", ""--no-lazy"", ""C:\\Users\\mzyx\\Desktop\\0921\\js-interpreter-bench\\experiments\\octane_strict\\generated\\RayTrace.RayTrace.js"", ""--"", ""STRICT_CONFIG={\""N\"":64,\""mode\"":\""measure\"",\""timer\"":\""Date.now\""}""]","OCTANE_STRICT_RESULT:{""suite"":""RayTrace"",""benchmark"":""RayTrace"",""N"":64,""mode"":""measure"",""timer"":""Date.now"",""elapsed_ms"":1120,""elapsed_per_call_ms"":17.5,""extra_validation_calls"":0,""correctness"":""PASS""}",,
v8_ignition,EarleyBoyer,Earley,20,633,512,1106,2.16015625,0,true,2026-09-27T17:36:52.257595+00:00,--max-opt=0 --no-lazy,Date.now,1150011000,0,c3ef3fbdd43f0dd5865a1652fa447c774869e86efba25ad910dffdea953f80a2,"[""C:\\Users\\mzyx\\Desktop\\0921\\js-interpreter-bench\\engines\\v8-official-15.6.21\\runtime\\d8.exe"", ""--snapshot_blob=C:\\Users\\mzyx\\Desktop\\0921\\js-interpreter-bench\\engines\\v8-official-15.6.21\\runtime\\snapshot_blob.bin"", ""--max-opt=0"", ""--no-lazy"", ""C:\\Users\\mzyx\\Desktop\\0921\\js-interpreter-bench\\experiments\\octane_strict\\generated\\EarleyBoyer.Earley.js"", ""--"", ""STRICT_CONFIG={\""N\"":512,\""mode\"":\""measure\"",\""timer\"":\""Date.now\""}""]","OCTANE_STRICT_RESULT:{""suite"":""EarleyBoyer"",""benchmark"":""Earley"",""N"":512,""mode"":""measure"",""timer"":""Date.now"",""elapsed_ms"":1106,""elapsed_per_call_ms"":2.16015625,""extra_validation_calls"":0,""correctness"":""PASS""}",,
quickjs,EarleyBoyer,Earley,20,634,512,3748,7.3203125,0,true,2026-09-27T17:36:56.037312+00:00,,Date.now,3768209200,0,c3ef3fbdd43f0dd5865a1652fa447c774869e86efba25ad910dffdea953f80a2,"[""C:\\Users\\mzyx\\Desktop\\0921\\js-interpreter-bench\\engines\\quickjs-upstream\\qjs.exe"", ""C:\\Users\\mzyx\\Desktop\\0921\\js-interpreter-bench\\experiments\\octane_strict\\generated\\EarleyBoyer.Earley.js"", ""STRICT_CONFIG={\""N\"":512,\""mode\"":\""measure\"",\""timer\"":\""Date.now\""}""]","OCTANE_STRICT_RESULT:{""suite"":""EarleyBoyer"",""benchmark"":""Earley"",""N"":512,""mode"":""measure"",""timer"":""Date.now"",""elapsed_ms"":3748,""elapsed_per_call_ms"":7.3203125,""extra_validation_calls"":0,""correctness"":""PASS""}",,
quickjs,CodeLoad,CodeLoadJQuery,20,635,256,2761,10.78515625,0,true,2026-09-27T17:36:58.830976+00:00,,Date.now,2775477800,0,20f796e914b6995cc6114a2de2953e5cf5dd579501264d69dd26188909f790af,"[""C:\\Users\\mzyx\\Desktop\\0921\\js-interpreter-bench\\engines\\quickjs-upstream\\qjs.exe"", ""C:\\Users\\mzyx\\Desktop\\0921\\js-interpreter-bench\\experiments\\octane_strict\\generated\\CodeLoad.CodeLoadJQuery.js"", ""STRICT_CONFIG={\""N\"":256,\""mode\"":\""measure\"",\""timer\"":\""Date.now\""}""]","OCTANE_STRICT_RESULT:{""suite"":""CodeLoad"",""benchmark"":""CodeLoadJQuery"",""N"":256,""mode"":""measure"",""timer"":""Date.now"",""elapsed_ms"":2761,""elapsed_per_call_ms"":10.78515625,""extra_validation_calls"":0,""correctness"":""PASS""}",,
v8_ignition,CodeLoad,CodeLoadJQuery,20,636,256,1063,4.15234375,0,true,2026-09-27T17:36:59.954613+00:00,--max-opt=0 --no-lazy,Date.now,1106705000,0,20f796e914b6995cc6114a2de2953e5cf5dd579501264d69dd26188909f790af,"[""C:\\Users\\mzyx\\Desktop\\0921\\js-interpreter-bench\\engines\\v8-official-15.6.21\\runtime\\d8.exe"", ""--snapshot_blob=C:\\Users\\mzyx\\Desktop\\0921\\js-interpreter-bench\\engines\\v8-official-15.6.21\\runtime\\snapshot_blob.bin"", ""--max-opt=0"", ""--no-lazy"", ""C:\\Users\\mzyx\\Desktop\\0921\\js-interpreter-bench\\experiments\\octane_strict\\generated\\CodeLoad.CodeLoadJQuery.js"", ""--"", ""STRICT_CONFIG={\""N\"":256,\""mode\"":\""measure\"",\""timer\"":\""Date.now\""}""]","OCTANE_STRICT_RESULT:{""suite"":""CodeLoad"",""benchmark"":""CodeLoadJQuery"",""N"":256,""mode"":""measure"",""timer"":""Date.now"",""elapsed_ms"":1063,""elapsed_per_call_ms"":4.15234375,""extra_validation_calls"":0,""correctness"":""PASS""}",,
quickjs,PdfJS,PdfJS,20,637,16,3222,201.375,0,true,2026-09-27T17:37:03.411277+00:00,,Date.now,3442655100,0,f1966230e4a00bc61dc4c00fd600486e941235c3ee8206f897bd148dfd6e630b,"[""C:\\Users\\mzyx\\Desktop\\0921\\js-interpreter-bench\\engines\\quickjs-upstream\\qjs.exe"", ""C:\\Users\\mzyx\\Desktop\\0921\\js-interpreter-bench\\experiments\\octane_strict\\generated\\PdfJS.PdfJS.js"", ""STRICT_CONFIG={\""N\"":16,\""mode\"":\""measure\"",\""timer\"":\""Date.now\""}""]","OCTANE_STRICT_RESULT:{""suite"":""PdfJS"",""benchmark"":""PdfJS"",""N"":16,""mode"":""measure"",""timer"":""Date.now"",""elapsed_ms"":3222,""elapsed_per_call_ms"":201.375,""extra_validation_calls"":0,""correctness"":""PASS""}",,
v8_ignition,PdfJS,PdfJS,20,638,16,1713,107.0625,0,true,2026-09-27T17:37:05.299366+00:00,--max-opt=0 --no-lazy,Date.now,1873682000,0,f1966230e4a00bc61dc4c00fd600486e941235c3ee8206f897bd148dfd6e630b,"[""C:\\Users\\mzyx\\Desktop\\0921\\js-interpreter-bench\\engines\\v8-official-15.6.21\\runtime\\d8.exe"", ""--snapshot_blob=C:\\Users\\mzyx\\Desktop\\0921\\js-interpreter-bench\\engines\\v8-official-15.6.21\\runtime\\snapshot_blob.bin"", ""--max-opt=0"", ""--no-lazy"", ""C:\\Users\\mzyx\\Desktop\\0921\\js-interpreter-bench\\experiments\\octane_strict\\generated\\PdfJS.PdfJS.js"", ""--"", ""STRICT_CONFIG={\""N\"":16,\""mode\"":\""measure\"",\""timer\"":\""Date.now\""}""]","OCTANE_STRICT_RESULT:{""suite"":""PdfJS"",""benchmark"":""PdfJS"",""N"":16,""mode"":""measure"",""timer"":""Date.now"",""elapsed_ms"":1713,""elapsed_per_call_ms"":107.0625,""extra_validation_calls"":0,""correctness"":""PASS""}",,
v8_ignition,DeltaBlue,DeltaBlue,20,639,512,1928,3.765625,0,true,2026-09-27T17:37:07.277110+00:00,--max-opt=0 --no-lazy,Date.now,1965112000,0,8542689bb308963c4feefd143c1707791e271d609ef4c476eb9c3dfdeeec539f,"[""C:\\Users\\mzyx\\Desktop\\0921\\js-interpreter-bench\\engines\\v8-official-15.6.21\\runtime\\d8.exe"", ""--snapshot_blob=C:\\Users\\mzyx\\Desktop\\0921\\js-interpreter-bench\\engines\\v8-official-15.6.21\\runtime\\snapshot_blob.bin"", ""--max-opt=0"", ""--no-lazy"", ""C:\\Users\\mzyx\\Desktop\\0921\\js-interpreter-bench\\experiments\\octane_strict\\generated\\DeltaBlue.DeltaBlue.js"", ""--"", ""STRICT_CONFIG={\""N\"":512,\""mode\"":\""measure\"",\""timer\"":\""Date.now\""}""]","OCTANE_STRICT_RESULT:{""suite"":""DeltaBlue"",""benchmark"":""DeltaBlue"",""N"":512,""mode"":""measure"",""timer"":""Date.now"",""elapsed_ms"":1928,""elapsed_per_call_ms"":3.765625,""extra_validation_calls"":0,""correctness"":""PASS""}",,
quickjs,DeltaBlue,DeltaBlue,20,640,512,3860,7.5390625,0,true,2026-09-27T17:37:11.159204+00:00,,Date.now,3871777000,0,8542689bb308963c4feefd143c1707791e271d609ef4c476eb9c3dfdeeec539f,"[""C:\\Users\\mzyx\\Desktop\\0921\\js-interpreter-bench\\engines\\quickjs-upstream\\qjs.exe"", ""C:\\Users\\mzyx\\Desktop\\0921\\js-interpreter-bench\\experiments\\octane_strict\\generated\\DeltaBlue.DeltaBlue.js"", ""STRICT_CONFIG={\""N\"":512,\""mode\"":\""measure\"",\""timer\"":\""Date.now\""}""]","OCTANE_STRICT_RESULT:{""suite"":""DeltaBlue"",""benchmark"":""DeltaBlue"",""N"":512,""mode"":""measure"",""timer"":""Date.now"",""elapsed_ms"":3860,""elapsed_per_call_ms"":7.5390625,""extra_validation_calls"":0,""correctness"":""PASS""}",,
quickjs,RegExp,RegExp,21,641,64,14481,226.265625,0,true,2026-09-27T17:37:25.688680+00:00,,Date.now,14512799400,0,881c9e28610ead1d8cbf528614032c48b8faa700f0e4177198bbb22f15a19111,"[""C:\\Users\\mzyx\\Desktop\\0921\\js-interpreter-bench\\engines\\quickjs-upstream\\qjs.exe"", ""C:\\Users\\mzyx\\Desktop\\0921\\js-interpreter-bench\\experiments\\octane_strict\\generated\\RegExp.RegExp.js"", ""STRICT_CONFIG={\""N\"":64,\""mode\"":\""measure\"",\""timer\"":\""Date.now\""}""]","OCTANE_STRICT_RESULT:{""suite"":""RegExp"",""benchmark"":""RegExp"",""N"":64,""mode"":""measure"",""timer"":""Date.now"",""elapsed_ms"":14481,""elapsed_per_call_ms"":226.265625,""extra_validation_calls"":0,""correctness"":""PASS""}",,
v8_ignition,RegExp,RegExp,21,642,64,1251,19.546875,0,true,2026-09-27T17:37:27.006076+00:00,--max-opt=0 --no-lazy,Date.now,1307086500,0,881c9e28610ead1d8cbf528614032c48b8faa700f0e4177198bbb22f15a19111,"[""C:\\Users\\mzyx\\Desktop\\0921\\js-interpreter-bench\\engines\\v8-official-15.6.21\\runtime\\d8.exe"", ""--snapshot_blob=C:\\Users\\mzyx\\Desktop\\0921\\js-interpreter-bench\\engines\\v8-official-15.6.21\\runtime\\snapshot_blob.bin"", ""--max-opt=0"", ""--no-lazy"", ""C:\\Users\\mzyx\\Desktop\\0921\\js-interpreter-bench\\experiments\\octane_strict\\generated\\RegExp.RegExp.js"", ""--"", ""STRICT_CONFIG={\""N\"":64,\""mode\"":\""measure\"",\""timer\"":\""Date.now\""}""]","OCTANE_STRICT_RESULT:{""suite"":""RegExp"",""benchmark"":""RegExp"",""N"":64,""mode"":""measure"",""timer"":""Date.now"",""elapsed_ms"":1251,""elapsed_per_call_ms"":19.546875,""extra_validation_calls"":0,""correctness"":""PASS""}",,
quickjs,NavierStokes,NavierStokes,21,643,32,1967,61.46875,0,true,2026-09-27T17:37:29.003012+00:00,,Date.now,1985762500,0,e86c3b0056fae99b5f0ffdb7d093b565b02987eef458b2c07ecb3fc39700ee3c,"[""C:\\Users\\mzyx\\Desktop\\0921\\js-interpreter-bench\\engines\\quickjs-upstream\\qjs.exe"", ""C:\\Users\\mzyx\\Desktop\\0921\\js-interpreter-bench\\experiments\\octane_strict\\generated\\NavierStokes.NavierStokes.js"", ""STRICT_CONFIG={\""N\"":32,\""mode\"":\""measure\"",\""timer\"":\""Date.now\""}""]","OCTANE_STRICT_RESULT:{""suite"":""NavierStokes"",""benchmark"":""NavierStokes"",""N"":32,""mode"":""measure"",""timer"":""Date.now"",""elapsed_ms"":1967,""elapsed_per_call_ms"":61.46875,""extra_validation_calls"":0,""correctness"":""PASS""}",,
v8_ignition,NavierStokes,NavierStokes,21,644,32,2349,73.40625,0,true,2026-09-27T17:37:31.408748+00:00,--max-opt=0 --no-lazy,Date.now,2389504400,0,e86c3b0056fae99b5f0ffdb7d093b565b02987eef458b2c07ecb3fc39700ee3c,"[""C:\\Users\\mzyx\\Desktop\\0921\\js-interpreter-bench\\engines\\v8-official-15.6.21\\runtime\\d8.exe"", ""--snapshot_blob=C:\\Users\\mzyx\\Desktop\\0921\\js-interpreter-bench\\engines\\v8-official-15.6.21\\runtime\\snapshot_blob.bin"", ""--max-opt=0"", ""--no-lazy"", ""C:\\Users\\mzyx\\Desktop\\0921\\js-interpreter-bench\\experiments\\octane_strict\\generated\\NavierStokes.NavierStokes.js"", ""--"", ""STRICT_CONFIG={\""N\"":32,\""mode\"":\""measure\"",\""timer\"":\""Date.now\""}""]","OCTANE_STRICT_RESULT:{""suite"":""NavierStokes"",""benchmark"":""NavierStokes"",""N"":32,""mode"":""measure"",""timer"":""Date.now"",""elapsed_ms"":2349,""elapsed_per_call_ms"":73.40625,""extra_validation_calls"":0,""correctness"":""PASS""}",,
quickjs,EarleyBoyer,Earley,21,645,512,3765,7.353515625,0,true,2026-09-27T17:37:35.204595+00:00,,Date.now,3784890500,0,c3ef3fbdd43f0dd5865a1652fa447c774869e86efba25ad910dffdea953f80a2,"[""C:\\Users\\mzyx\\Desktop\\0921\\js-interpreter-bench\\engines\\quickjs-upstream\\qjs.exe"", ""C:\\Users\\mzyx\\Desktop\\0921\\js-interpreter-bench\\experiments\\octane_strict\\generated\\EarleyBoyer.Earley.js"", ""STRICT_CONFIG={\""N\"":512,\""mode\"":\""measure\"",\""timer\"":\""Date.now\""}""]","OCTANE_STRICT_RESULT:{""suite"":""EarleyBoyer"",""benchmark"":""Earley"",""N"":512,""mode"":""measure"",""timer"":""Date.now"",""elapsed_ms"":3765,""elapsed_per_call_ms"":7.353515625,""extra_validation_calls"":0,""correctness"":""PASS""}",,
v8_ignition,EarleyBoyer,Earley,21,646,512,1107,2.162109375,0,true,2026-09-27T17:37:36.371756+00:00,--max-opt=0 --no-lazy,Date.now,1148924900,0,c3ef3fbdd43f0dd5865a1652fa447c774869e86efba25ad910dffdea953f80a2,"[""C:\\Users\\mzyx\\Desktop\\0921\\js-interpreter-bench\\engines\\v8-official-15.6.21\\runtime\\d8.exe"", ""--snapshot_blob=C:\\Users\\mzyx\\Desktop\\0921\\js-interpreter-bench\\engines\\v8-official-15.6.21\\runtime\\snapshot_blob.bin"", ""--max-opt=0"", ""--no-lazy"", ""C:\\Users\\mzyx\\Desktop\\0921\\js-interpreter-bench\\experiments\\octane_strict\\generated\\EarleyBoyer.Earley.js"", ""--"", ""STRICT_CONFIG={\""N\"":512,\""mode\"":\""measure\"",\""timer\"":\""Date.now\""}""]","OCTANE_STRICT_RESULT:{""suite"":""EarleyBoyer"",""benchmark"":""Earley"",""N"":512,""mode"":""measure"",""timer"":""Date.now"",""elapsed_ms"":1107,""elapsed_per_call_ms"":2.162109375,""extra_validation_calls"":0,""correctness"":""PASS""}",,
quickjs,Mandreel,Mandreel,21,647,1,1837,1837,0,true,2026-09-27T17:37:39.730911+00:00,,Date.now,3343284900,0,64fbf14da4005c4426dcdd6191a5f206fbcd9ce260549e924fd925408614702d,"[""C:\\Users\\mzyx\\Desktop\\0921\\js-interpreter-bench\\engines\\quickjs-upstream\\qjs.exe"", ""C:\\Users\\mzyx\\Desktop\\0921\\js-interpreter-bench\\experiments\\octane_strict\\generated\\Mandreel.Mandreel.js"", ""STRICT_CONFIG={\""N\"":1,\""mode\"":\""measure\"",\""timer\"":\""Date.now\""}""]","OCTANE_STRICT_RESULT:{""suite"":""Mandreel"",""benchmark"":""Mandreel"",""N"":1,""mode"":""measure"",""timer"":""Date.now"",""elapsed_ms"":1837,""elapsed_per_call_ms"":1837,""extra_validation_calls"":0,""correctness"":""PASS""}",,
v8_ignition,Mandreel,Mandreel,21,648,1,1465,1465,0,true,2026-09-27T17:37:42.580062+00:00,--max-opt=0 --no-lazy,Date.now,2821753100,0,64fbf14da4005c4426dcdd6191a5f206fbcd9ce260549e924fd925408614702d,"[""C:\\Users\\mzyx\\Desktop\\0921\\js-interpreter-bench\\engines\\v8-official-15.6.21\\runtime\\d8.exe"", ""--snapshot_blob=C:\\Users\\mzyx\\Desktop\\0921\\js-interpreter-bench\\engines\\v8-official-15.6.21\\runtime\\snapshot_blob.bin"", ""--max-opt=0"", ""--no-lazy"", ""C:\\Users\\mzyx\\Desktop\\0921\\js-interpreter-bench\\experiments\\octane_strict\\generated\\Mandreel.Mandreel.js"", ""--"", ""STRICT_CONFIG={\""N\"":1,\""mode\"":\""measure\"",\""timer\"":\""Date.now\""}""]","OCTANE_STRICT_RESULT:{""suite"":""Mandreel"",""benchmark"":""Mandreel"",""N"":1,""mode"":""measure"",""timer"":""Date.now"",""elapsed_ms"":1465,""elapsed_per_call_ms"":1465,""extra_validation_calls"":0,""correctness"":""PASS""}",,
v8_ignition,Gameboy,Gameboy,21,649,4,1195,298.75,0,true,2026-09-27T17:37:43.852528+00:00,--max-opt=0 --no-lazy,Date.now,1256416700,0,3fc599b60ec8be6d0ab60d00add662dde31374ecb5b24167384d72d325a08a21,"[""C:\\Users\\mzyx\\Desktop\\0921\\js-interpreter-bench\\engines\\v8-official-15.6.21\\runtime\\d8.exe"", ""--snapshot_blob=C:\\Users\\mzyx\\Desktop\\0921\\js-interpreter-bench\\engines\\v8-official-15.6.21\\runtime\\snapshot_blob.bin"", ""--max-opt=0"", ""--no-lazy"", ""C:\\Users\\mzyx\\Desktop\\0921\\js-interpreter-bench\\experiments\\octane_strict\\generated\\Gameboy.Gameboy.js"", ""--"", ""STRICT_CONFIG={\""N\"":4,\""mode\"":\""measure\"",\""timer\"":\""Date.now\""}""]","OCTANE_STRICT_RESULT:{""suite"":""Gameboy"",""benchmark"":""Gameboy"",""N"":4,""mode"":""measure"",""timer"":""Date.now"",""elapsed_ms"":1195,""elapsed_per_call_ms"":298.75,""extra_validation_calls"":0,""correctness"":""PASS""}",,
quickjs,Gameboy,Gameboy,21,650,4,1429,357.25,0,true,2026-09-27T17:37:45.337756+00:00,,Date.now,1472602400,0,3fc599b60ec8be6d0ab60d00add662dde31374ecb5b24167384d72d325a08a21,"[""C:\\Users\\mzyx\\Desktop\\0921\\js-interpreter-bench\\engines\\quickjs-upstream\\qjs.exe"", ""C:\\Users\\mzyx\\Desktop\\0921\\js-interpreter-bench\\experiments\\octane_strict\\generated\\Gameboy.Gameboy.js"", ""STRICT_CONFIG={\""N\"":4,\""mode\"":\""measure\"",\""timer\"":\""Date.now\""}""]","OCTANE_STRICT_RESULT:{""suite"":""Gameboy"",""benchmark"":""Gameboy"",""N"":4,""mode"":""measure"",""timer"":""Date.now"",""elapsed_ms"":1429,""elapsed_per_call_ms"":357.25,""extra_validation_calls"":0,""correctness"":""PASS""}",,
v8_ignition,CodeLoad,CodeLoadJQuery,21,651,256,1060,4.140625,0,true,2026-09-27T17:37:46.458349+00:00,--max-opt=0 --no-lazy,Date.now,1102953000,0,20f796e914b6995cc6114a2de2953e5cf5dd579501264d69dd26188909f790af,"[""C:\\Users\\mzyx\\Desktop\\0921\\js-interpreter-bench\\engines\\v8-official-15.6.21\\runtime\\d8.exe"", ""--snapshot_blob=C:\\Users\\mzyx\\Desktop\\0921\\js-interpreter-bench\\engines\\v8-official-15.6.21\\runtime\\snapshot_blob.bin"", ""--max-opt=0"", ""--no-lazy"", ""C:\\Users\\mzyx\\Desktop\\0921\\js-interpreter-bench\\experiments\\octane_strict\\generated\\CodeLoad.CodeLoadJQuery.js"", ""--"", ""STRICT_CONFIG={\""N\"":256,\""mode\"":\""measure\"",\""timer\"":\""Date.now\""}""]","OCTANE_STRICT_RESULT:{""suite"":""CodeLoad"",""benchmark"":""CodeLoadJQuery"",""N"":256,""mode"":""measure"",""timer"":""Date.now"",""elapsed_ms"":1060,""elapsed_per_call_ms"":4.140625,""extra_validation_calls"":0,""correctness"":""PASS""}",,
quickjs,CodeLoad,CodeLoadJQuery,21,652,256,2797,10.92578125,0,true,2026-09-27T17:37:49.280456+00:00,,Date.now,2809601700,0,20f796e914b6995cc6114a2de2953e5cf5dd579501264d69dd26188909f790af,"[""C:\\Users\\mzyx\\Desktop\\0921\\js-interpreter-bench\\engines\\quickjs-upstream\\qjs.exe"", ""C:\\Users\\mzyx\\Desktop\\0921\\js-interpreter-bench\\experiments\\octane_strict\\generated\\CodeLoad.CodeLoadJQuery.js"", ""STRICT_CONFIG={\""N\"":256,\""mode\"":\""measure\"",\""timer\"":\""Date.now\""}""]","OCTANE_STRICT_RESULT:{""suite"":""CodeLoad"",""benchmark"":""CodeLoadJQuery"",""N"":256,""mode"":""measure"",""timer"":""Date.now"",""elapsed_ms"":2797,""elapsed_per_call_ms"":10.92578125,""extra_validation_calls"":0,""correctness"":""PASS""}",,
quickjs,DeltaBlue,DeltaBlue,21,653,512,3866,7.55078125,0,true,2026-09-27T17:37:53.168953+00:00,,Date.now,3877771300,0,8542689bb308963c4feefd143c1707791e271d609ef4c476eb9c3dfdeeec539f,"[""C:\\Users\\mzyx\\Desktop\\0921\\js-interpreter-bench\\engines\\quickjs-upstream\\qjs.exe"", ""C:\\Users\\mzyx\\Desktop\\0921\\js-interpreter-bench\\experiments\\octane_strict\\generated\\DeltaBlue.DeltaBlue.js"", ""STRICT_CONFIG={\""N\"":512,\""mode\"":\""measure\"",\""timer\"":\""Date.now\""}""]","OCTANE_STRICT_RESULT:{""suite"":""DeltaBlue"",""benchmark"":""DeltaBlue"",""N"":512,""mode"":""measure"",""timer"":""Date.now"",""elapsed_ms"":3866,""elapsed_per_call_ms"":7.55078125,""extra_validation_calls"":0,""correctness"":""PASS""}",,
v8_ignition,DeltaBlue,DeltaBlue,21,654,512,1890,3.69140625,0,true,2026-09-27T17:37:55.107187+00:00,--max-opt=0 --no-lazy,Date.now,1926819200,0,8542689bb308963c4feefd143c1707791e271d609ef4c476eb9c3dfdeeec539f,"[""C:\\Users\\mzyx\\Desktop\\0921\\js-interpreter-bench\\engines\\v8-official-15.6.21\\runtime\\d8.exe"", ""--snapshot_blob=C:\\Users\\mzyx\\Desktop\\0921\\js-interpreter-bench\\engines\\v8-official-15.6.21\\runtime\\snapshot_blob.bin"", ""--max-opt=0"", ""--no-lazy"", ""C:\\Users\\mzyx\\Desktop\\0921\\js-interpreter-bench\\experiments\\octane_strict\\generated\\DeltaBlue.DeltaBlue.js"", ""--"", ""STRICT_CONFIG={\""N\"":512,\""mode\"":\""measure\"",\""timer\"":\""Date.now\""}""]","OCTANE_STRICT_RESULT:{""suite"":""DeltaBlue"",""benchmark"":""DeltaBlue"",""N"":512,""mode"":""measure"",""timer"":""Date.now"",""elapsed_ms"":1890,""elapsed_per_call_ms"":3.69140625,""extra_validation_calls"":0,""correctness"":""PASS""}",,
quickjs,CodeLoad,CodeLoadClosure,21,655,4096,2456,0.599609375,0,true,2026-09-27T17:37:57.697349+00:00,,Date.now,2586857800,0,9c3f2890631a64f3776ae7d0cbc83510f2cadc62313f8e27b4ab278dd94390e8,"[""C:\\Users\\mzyx\\Desktop\\0921\\js-interpreter-bench\\engines\\quickjs-upstream\\qjs.exe"", ""C:\\Users\\mzyx\\Desktop\\0921\\js-interpreter-bench\\experiments\\octane_strict\\generated\\CodeLoad.CodeLoadClosure.js"", ""STRICT_CONFIG={\""N\"":4096,\""mode\"":\""measure\"",\""timer\"":\""Date.now\""}""]","OCTANE_STRICT_RESULT:{""suite"":""CodeLoad"",""benchmark"":""CodeLoadClosure"",""N"":4096,""mode"":""measure"",""timer"":""Date.now"",""elapsed_ms"":2456,""elapsed_per_call_ms"":0.599609375,""extra_validation_calls"":0,""correctness"":""PASS""}",,
v8_ignition,CodeLoad,CodeLoadClosure,21,656,4096,1184,0.2890625,0,true,2026-09-27T17:37:58.948537+00:00,--max-opt=0 --no-lazy,Date.now,1233029300,0,9c3f2890631a64f3776ae7d0cbc83510f2cadc62313f8e27b4ab278dd94390e8,"[""C:\\Users\\mzyx\\Desktop\\0921\\js-interpreter-bench\\engines\\v8-official-15.6.21\\runtime\\d8.exe"", ""--snapshot_blob=C:\\Users\\mzyx\\Desktop\\0921\\js-interpreter-bench\\engines\\v8-official-15.6.21\\runtime\\snapshot_blob.bin"", ""--max-opt=0"", ""--no-lazy"", ""C:\\Users\\mzyx\\Desktop\\0921\\js-interpreter-bench\\experiments\\octane_strict\\generated\\CodeLoad.CodeLoadClosure.js"", ""--"", ""STRICT_CONFIG={\""N\"":4096,\""mode\"":\""measure\"",\""timer\"":\""Date.now\""}""]","OCTANE_STRICT_RESULT:{""suite"":""CodeLoad"",""benchmark"":""CodeLoadClosure"",""N"":4096,""mode"":""measure"",""timer"":""Date.now"",""elapsed_ms"":1184,""elapsed_per_call_ms"":0.2890625,""extra_validation_calls"":0,""correctness"":""PASS""}",,
v8_ignition,Richards,Richards,21,657,512,1086,2.12109375,0,true,2026-09-27T17:38:00.080894+00:00,--max-opt=0 --no-lazy,Date.now,1120943300,0,d2207c68ebcf5db16fd42f8eb04fe21239b5f4726e5d3734ebd3c059754126a8,"[""C:\\Users\\mzyx\\Desktop\\0921\\js-interpreter-bench\\engines\\v8-official-15.6.21\\runtime\\d8.exe"", ""--snapshot_blob=C:\\Users\\mzyx\\Desktop\\0921\\js-interpreter-bench\\engines\\v8-official-15.6.21\\runtime\\snapshot_blob.bin"", ""--max-opt=0"", ""--no-lazy"", ""C:\\Users\\mzyx\\Desktop\\0921\\js-interpreter-bench\\experiments\\octane_strict\\generated\\Richards.Richards.js"", ""--"", ""STRICT_CONFIG={\""N\"":512,\""mode\"":\""measure\"",\""timer\"":\""Date.now\""}""]","OCTANE_STRICT_RESULT:{""suite"":""Richards"",""benchmark"":""Richards"",""N"":512,""mode"":""measure"",""timer"":""Date.now"",""elapsed_ms"":1086,""elapsed_per_call_ms"":2.12109375,""extra_validation_calls"":0,""correctness"":""PASS""}",,
quickjs,Richards,Richards,21,658,512,1921,3.751953125,0,true,2026-09-27T17:38:02.024353+00:00,,Date.now,1931845700,0,d2207c68ebcf5db16fd42f8eb04fe21239b5f4726e5d3734ebd3c059754126a8,"[""C:\\Users\\mzyx\\Desktop\\0921\\js-interpreter-bench\\engines\\quickjs-upstream\\qjs.exe"", ""C:\\Users\\mzyx\\Desktop\\0921\\js-interpreter-bench\\experiments\\octane_strict\\generated\\Richards.Richards.js"", ""STRICT_CONFIG={\""N\"":512,\""mode\"":\""measure\"",\""timer\"":\""Date.now\""}""]","OCTANE_STRICT_RESULT:{""suite"":""Richards"",""benchmark"":""Richards"",""N"":512,""mode"":""measure"",""timer"":""Date.now"",""elapsed_ms"":1921,""elapsed_per_call_ms"":3.751953125,""extra_validation_calls"":0,""correctness"":""PASS""}",,
quickjs,Typescript,Typescript,21,659,1,2060,2060,0,true,2026-09-27T17:38:04.306612+00:00,,Date.now,2262001300,0,135e157d4fd316d69e9afdb0147a5d3f71ff32877fbe7c2febd72041df50deb0,"[""C:\\Users\\mzyx\\Desktop\\0921\\js-interpreter-bench\\engines\\quickjs-upstream\\qjs.exe"", ""C:\\Users\\mzyx\\Desktop\\0921\\js-interpreter-bench\\experiments\\octane_strict\\generated\\Typescript.Typescript.js"", ""STRICT_CONFIG={\""N\"":1,\""mode\"":\""measure\"",\""timer\"":\""Date.now\""}""]","OCTANE_STRICT_RESULT:{""suite"":""Typescript"",""benchmark"":""Typescript"",""N"":1,""mode"":""measure"",""timer"":""Date.now"",""elapsed_ms"":2060,""elapsed_per_call_ms"":2060,""extra_validation_calls"":0,""correctness"":""PASS""}",,
v8_ignition,Typescript,Typescript,21,660,1,1211,1211,0,true,2026-09-27T17:38:05.615447+00:00,--max-opt=0 --no-lazy,Date.now,1287432900,0,135e157d4fd316d69e9afdb0147a5d3f71ff32877fbe7c2febd72041df50deb0,"[""C:\\Users\\mzyx\\Desktop\\0921\\js-interpreter-bench\\engines\\v8-official-15.6.21\\runtime\\d8.exe"", ""--snapshot_blob=C:\\Users\\mzyx\\Desktop\\0921\\js-interpreter-bench\\engines\\v8-official-15.6.21\\runtime\\snapshot_blob.bin"", ""--max-opt=0"", ""--no-lazy"", ""C:\\Users\\mzyx\\Desktop\\0921\\js-interpreter-bench\\experiments\\octane_strict\\generated\\Typescript.Typescript.js"", ""--"", ""STRICT_CONFIG={\""N\"":1,\""mode\"":\""measure\"",\""timer\"":\""Date.now\""}""]","OCTANE_STRICT_RESULT:{""suite"":""Typescript"",""benchmark"":""Typescript"",""N"":1,""mode"":""measure"",""timer"":""Date.now"",""elapsed_ms"":1211,""elapsed_per_call_ms"":1211,""extra_validation_calls"":0,""correctness"":""PASS""}",,
v8_ignition,Splay,Splay,21,661,2048,1842,0.8994140625,0,true,2026-09-27T17:38:07.602706+00:00,--max-opt=0 --no-lazy,Date.now,1973861800,0,d6372414234d150c814a6933257aa8c98a8c6260b0d72a71ee0d08d0ee6fb17a,"[""C:\\Users\\mzyx\\Desktop\\0921\\js-interpreter-bench\\engines\\v8-official-15.6.21\\runtime\\d8.exe"", ""--snapshot_blob=C:\\Users\\mzyx\\Desktop\\0921\\js-interpreter-bench\\engines\\v8-official-15.6.21\\runtime\\snapshot_blob.bin"", ""--max-opt=0"", ""--no-lazy"", ""C:\\Users\\mzyx\\Desktop\\0921\\js-interpreter-bench\\experiments\\octane_strict\\generated\\Splay.Splay.js"", ""--"", ""STRICT_CONFIG={\""N\"":2048,\""mode\"":\""measure\"",\""timer\"":\""Date.now\""}""]","OCTANE_STRICT_RESULT:{""suite"":""Splay"",""benchmark"":""Splay"",""N"":2048,""mode"":""measure"",""timer"":""Date.now"",""elapsed_ms"":1842,""elapsed_per_call_ms"":0.8994140625,""extra_validation_calls"":0,""correctness"":""PASS""}",,
quickjs,Splay,Splay,21,662,2048,4582,2.2373046875,0,true,2026-09-27T17:38:12.616262+00:00,,Date.now,5000561000,0,d6372414234d150c814a6933257aa8c98a8c6260b0d72a71ee0d08d0ee6fb17a,"[""C:\\Users\\mzyx\\Desktop\\0921\\js-interpreter-bench\\engines\\quickjs-upstream\\qjs.exe"", ""C:\\Users\\mzyx\\Desktop\\0921\\js-interpreter-bench\\experiments\\octane_strict\\generated\\Splay.Splay.js"", ""STRICT_CONFIG={\""N\"":2048,\""mode\"":\""measure\"",\""timer\"":\""Date.now\""}""]","OCTANE_STRICT_RESULT:{""suite"":""Splay"",""benchmark"":""Splay"",""N"":2048,""mode"":""measure"",""timer"":""Date.now"",""elapsed_ms"":4582,""elapsed_per_call_ms"":2.2373046875,""extra_validation_calls"":0,""correctness"":""PASS""}",,
v8_ignition,EarleyBoyer,Boyer,21,663,32,1297,40.53125,0,true,2026-09-27T17:38:13.974297+00:00,--max-opt=0 --no-lazy,Date.now,1341388000,0,e6d4262bd967274f8c7b66181bd6e39a9851606524faae200584e064d21b43b8,"[""C:\\Users\\mzyx\\Desktop\\0921\\js-interpreter-bench\\engines\\v8-official-15.6.21\\runtime\\d8.exe"", ""--snapshot_blob=C:\\Users\\mzyx\\Desktop\\0921\\js-interpreter-bench\\engines\\v8-official-15.6.21\\runtime\\snapshot_blob.bin"", ""--max-opt=0"", ""--no-lazy"", ""C:\\Users\\mzyx\\Desktop\\0921\\js-interpreter-bench\\experiments\\octane_strict\\generated\\EarleyBoyer.Boyer.js"", ""--"", ""STRICT_CONFIG={\""N\"":32,\""mode\"":\""measure\"",\""timer\"":\""Date.now\""}""]","OCTANE_STRICT_RESULT:{""suite"":""EarleyBoyer"",""benchmark"":""Boyer"",""N"":32,""mode"":""measure"",""timer"":""Date.now"",""elapsed_ms"":1297,""elapsed_per_call_ms"":40.53125,""extra_validation_calls"":0,""correctness"":""PASS""}",,
quickjs,EarleyBoyer,Boyer,21,664,32,3707,115.84375,0,true,2026-09-27T17:38:17.716942+00:00,,Date.now,3730429500,0,e6d4262bd967274f8c7b66181bd6e39a9851606524faae200584e064d21b43b8,"[""C:\\Users\\mzyx\\Desktop\\0921\\js-interpreter-bench\\engines\\quickjs-upstream\\qjs.exe"", ""C:\\Users\\mzyx\\Desktop\\0921\\js-interpreter-bench\\experiments\\octane_strict\\generated\\EarleyBoyer.Boyer.js"", ""STRICT_CONFIG={\""N\"":32,\""mode\"":\""measure\"",\""timer\"":\""Date.now\""}""]","OCTANE_STRICT_RESULT:{""suite"":""EarleyBoyer"",""benchmark"":""Boyer"",""N"":32,""mode"":""measure"",""timer"":""Date.now"",""elapsed_ms"":3707,""elapsed_per_call_ms"":115.84375,""extra_validation_calls"":0,""correctness"":""PASS""}",,
v8_ignition,PdfJS,PdfJS,21,665,16,1709,106.8125,0,true,2026-09-27T17:38:19.601568+00:00,--max-opt=0 --no-lazy,Date.now,1864951700,0,f1966230e4a00bc61dc4c00fd600486e941235c3ee8206f897bd148dfd6e630b,"[""C:\\Users\\mzyx\\Desktop\\0921\\js-interpreter-bench\\engines\\v8-official-15.6.21\\runtime\\d8.exe"", ""--snapshot_blob=C:\\Users\\mzyx\\Desktop\\0921\\js-interpreter-bench\\engines\\v8-official-15.6.21\\runtime\\snapshot_blob.bin"", ""--max-opt=0"", ""--no-lazy"", ""C:\\Users\\mzyx\\Desktop\\0921\\js-interpreter-bench\\experiments\\octane_strict\\generated\\PdfJS.PdfJS.js"", ""--"", ""STRICT_CONFIG={\""N\"":16,\""mode\"":\""measure\"",\""timer\"":\""Date.now\""}""]","OCTANE_STRICT_RESULT:{""suite"":""PdfJS"",""benchmark"":""PdfJS"",""N"":16,""mode"":""measure"",""timer"":""Date.now"",""elapsed_ms"":1709,""elapsed_per_call_ms"":106.8125,""extra_validation_calls"":0,""correctness"":""PASS""}",,
quickjs,PdfJS,PdfJS,21,666,16,3195,199.6875,0,true,2026-09-27T17:38:23.029511+00:00,,Date.now,3413883900,0,f1966230e4a00bc61dc4c00fd600486e941235c3ee8206f897bd148dfd6e630b,"[""C:\\Users\\mzyx\\Desktop\\0921\\js-interpreter-bench\\engines\\quickjs-upstream\\qjs.exe"", ""C:\\Users\\mzyx\\Desktop\\0921\\js-interpreter-bench\\experiments\\octane_strict\\generated\\PdfJS.PdfJS.js"", ""STRICT_CONFIG={\""N\"":16,\""mode\"":\""measure\"",\""timer\"":\""Date.now\""}""]","OCTANE_STRICT_RESULT:{""suite"":""PdfJS"",""benchmark"":""PdfJS"",""N"":16,""mode"":""measure"",""timer"":""Date.now"",""elapsed_ms"":3195,""elapsed_per_call_ms"":199.6875,""extra_validation_calls"":0,""correctness"":""PASS""}",,
v8_ignition,RayTrace,RayTrace,21,667,64,1105,17.265625,0,true,2026-09-27T17:38:24.190957+00:00,--max-opt=0 --no-lazy,Date.now,1143003900,0,fb0af35ee1cbd7396c6b23184a123f87ce6f9d1d8e29a2dcbc3bf86a98f3ae33,"[""C:\\Users\\mzyx\\Desktop\\0921\\js-interpreter-bench\\engines\\v8-official-15.6.21\\runtime\\d8.exe"", ""--snapshot_blob=C:\\Users\\mzyx\\Desktop\\0921\\js-interpreter-bench\\engines\\v8-official-15.6.21\\runtime\\snapshot_blob.bin"", ""--max-opt=0"", ""--no-lazy"", ""C:\\Users\\mzyx\\Desktop\\0921\\js-interpreter-bench\\experiments\\octane_strict\\generated\\RayTrace.RayTrace.js"", ""--"", ""STRICT_CONFIG={\""N\"":64,\""mode\"":\""measure\"",\""timer\"":\""Date.now\""}""]","OCTANE_STRICT_RESULT:{""suite"":""RayTrace"",""benchmark"":""RayTrace"",""N"":64,""mode"":""measure"",""timer"":""Date.now"",""elapsed_ms"":1105,""elapsed_per_call_ms"":17.265625,""extra_validation_calls"":0,""correctness"":""PASS""}",,
quickjs,RayTrace,RayTrace,21,668,64,2514,39.28125,0,true,2026-09-27T17:38:26.726421+00:00,,Date.now,2523966100,0,fb0af35ee1cbd7396c6b23184a123f87ce6f9d1d8e29a2dcbc3bf86a98f3ae33,"[""C:\\Users\\mzyx\\Desktop\\0921\\js-interpreter-bench\\engines\\quickjs-upstream\\qjs.exe"", ""C:\\Users\\mzyx\\Desktop\\0921\\js-interpreter-bench\\experiments\\octane_strict\\generated\\RayTrace.RayTrace.js"", ""STRICT_CONFIG={\""N\"":64,\""mode\"":\""measure\"",\""timer\"":\""Date.now\""}""]","OCTANE_STRICT_RESULT:{""suite"":""RayTrace"",""benchmark"":""RayTrace"",""N"":64,""mode"":""measure"",""timer"":""Date.now"",""elapsed_ms"":2514,""elapsed_per_call_ms"":39.28125,""extra_validation_calls"":0,""correctness"":""PASS""}",,
quickjs,Crypto,Decrypt,21,669,16,1654,103.375,0,true,2026-09-27T17:38:28.409623+00:00,,Date.now,1672340300,0,974b320858e72132edd4dd56da2f4582cbe4e99b10027c89dfa44b1ea1cd4591,"[""C:\\Users\\mzyx\\Desktop\\0921\\js-interpreter-bench\\engines\\quickjs-upstream\\qjs.exe"", ""C:\\Users\\mzyx\\Desktop\\0921\\js-interpreter-bench\\experiments\\octane_strict\\generated\\Crypto.Decrypt.js"", ""STRICT_CONFIG={\""N\"":16,\""mode\"":\""measure\"",\""timer\"":\""Date.now\""}""]","OCTANE_STRICT_RESULT:{""suite"":""Crypto"",""benchmark"":""Decrypt"",""N"":16,""mode"":""measure"",""timer"":""Date.now"",""elapsed_ms"":1654,""elapsed_per_call_ms"":103.375,""extra_validation_calls"":0,""correctness"":""PASS""}",,
v8_ignition,Crypto,Decrypt,21,670,16,1449,90.5625,0,true,2026-09-27T17:38:29.917745+00:00,--max-opt=0 --no-lazy,Date.now,1491142300,0,974b320858e72132edd4dd56da2f4582cbe4e99b10027c89dfa44b1ea1cd4591,"[""C:\\Users\\mzyx\\Desktop\\0921\\js-interpreter-bench\\engines\\v8-official-15.6.21\\runtime\\d8.exe"", ""--snapshot_blob=C:\\Users\\mzyx\\Desktop\\0921\\js-interpreter-bench\\engines\\v8-official-15.6.21\\runtime\\snapshot_blob.bin"", ""--max-opt=0"", ""--no-lazy"", ""C:\\Users\\mzyx\\Desktop\\0921\\js-interpreter-bench\\experiments\\octane_strict\\generated\\Crypto.Decrypt.js"", ""--"", ""STRICT_CONFIG={\""N\"":16,\""mode\"":\""measure\"",\""timer\"":\""Date.now\""}""]","OCTANE_STRICT_RESULT:{""suite"":""Crypto"",""benchmark"":""Decrypt"",""N"":16,""mode"":""measure"",""timer"":""Date.now"",""elapsed_ms"":1449,""elapsed_per_call_ms"":90.5625,""extra_validation_calls"":0,""correctness"":""PASS""}",,
v8_ignition,Crypto,Encrypt,21,671,256,1217,4.75390625,0,true,2026-09-27T17:38:31.274505+00:00,--max-opt=0 --no-lazy,Date.now,1346097800,0,c73b9c8626ff5488b879ff453a865c03adf87602c6d302855f1c6e0f91b57c92,"[""C:\\Users\\mzyx\\Desktop\\0921\\js-interpreter-bench\\engines\\v8-official-15.6.21\\runtime\\d8.exe"", ""--snapshot_blob=C:\\Users\\mzyx\\Desktop\\0921\\js-interpreter-bench\\engines\\v8-official-15.6.21\\runtime\\snapshot_blob.bin"", ""--max-opt=0"", ""--no-lazy"", ""C:\\Users\\mzyx\\Desktop\\0921\\js-interpreter-bench\\experiments\\octane_strict\\generated\\Crypto.Encrypt.js"", ""--"", ""STRICT_CONFIG={\""N\"":256,\""mode\"":\""measure\"",\""timer\"":\""Date.now\""}""]","OCTANE_STRICT_RESULT:{""suite"":""Crypto"",""benchmark"":""Encrypt"",""N"":256,""mode"":""measure"",""timer"":""Date.now"",""elapsed_ms"":1217,""elapsed_per_call_ms"":4.75390625,""extra_validation_calls"":0,""correctness"":""PASS""}",,
quickjs,Crypto,Encrypt,21,672,256,1400,5.46875,0,true,2026-09-27T17:38:32.800957+00:00,,Date.now,1515485400,0,c73b9c8626ff5488b879ff453a865c03adf87602c6d302855f1c6e0f91b57c92,"[""C:\\Users\\mzyx\\Desktop\\0921\\js-interpreter-bench\\engines\\quickjs-upstream\\qjs.exe"", ""C:\\Users\\mzyx\\Desktop\\0921\\js-interpreter-bench\\experiments\\octane_strict\\generated\\Crypto.Encrypt.js"", ""STRICT_CONFIG={\""N\"":256,\""mode\"":\""measure\"",\""timer\"":\""Date.now\""}""]","OCTANE_STRICT_RESULT:{""suite"":""Crypto"",""benchmark"":""Encrypt"",""N"":256,""mode"":""measure"",""timer"":""Date.now"",""elapsed_ms"":1400,""elapsed_per_call_ms"":5.46875,""extra_validation_calls"":0,""correctness"":""PASS""}",,
v8_ignition,NavierStokes,NavierStokes,22,673,32,2282,71.3125,0,true,2026-09-27T17:38:35.140551+00:00,--max-opt=0 --no-lazy,Date.now,2322074100,0,e86c3b0056fae99b5f0ffdb7d093b565b02987eef458b2c07ecb3fc39700ee3c,"[""C:\\Users\\mzyx\\Desktop\\0921\\js-interpreter-bench\\engines\\v8-official-15.6.21\\runtime\\d8.exe"", ""--snapshot_blob=C:\\Users\\mzyx\\Desktop\\0921\\js-interpreter-bench\\engines\\v8-official-15.6.21\\runtime\\snapshot_blob.bin"", ""--max-opt=0"", ""--no-lazy"", ""C:\\Users\\mzyx\\Desktop\\0921\\js-interpreter-bench\\experiments\\octane_strict\\generated\\NavierStokes.NavierStokes.js"", ""--"", ""STRICT_CONFIG={\""N\"":32,\""mode\"":\""measure\"",\""timer\"":\""Date.now\""}""]","OCTANE_STRICT_RESULT:{""suite"":""NavierStokes"",""benchmark"":""NavierStokes"",""N"":32,""mode"":""measure"",""timer"":""Date.now"",""elapsed_ms"":2282,""elapsed_per_call_ms"":71.3125,""extra_validation_calls"":0,""correctness"":""PASS""}",,
quickjs,NavierStokes,NavierStokes,22,674,32,1914,59.8125,0,true,2026-09-27T17:38:37.080666+00:00,,Date.now,1929426400,0,e86c3b0056fae99b5f0ffdb7d093b565b02987eef458b2c07ecb3fc39700ee3c,"[""C:\\Users\\mzyx\\Desktop\\0921\\js-interpreter-bench\\engines\\quickjs-upstream\\qjs.exe"", ""C:\\Users\\mzyx\\Desktop\\0921\\js-interpreter-bench\\experiments\\octane_strict\\generated\\NavierStokes.NavierStokes.js"", ""STRICT_CONFIG={\""N\"":32,\""mode\"":\""measure\"",\""timer\"":\""Date.now\""}""]","OCTANE_STRICT_RESULT:{""suite"":""NavierStokes"",""benchmark"":""NavierStokes"",""N"":32,""mode"":""measure"",""timer"":""Date.now"",""elapsed_ms"":1914,""elapsed_per_call_ms"":59.8125,""extra_validation_calls"":0,""correctness"":""PASS""}",,
quickjs,Richards,Richards,22,675,512,1942,3.79296875,0,true,2026-09-27T17:38:39.051378+00:00,,Date.now,1953443300,0,d2207c68ebcf5db16fd42f8eb04fe21239b5f4726e5d3734ebd3c059754126a8,"[""C:\\Users\\mzyx\\Desktop\\0921\\js-interpreter-bench\\engines\\quickjs-upstream\\qjs.exe"", ""C:\\Users\\mzyx\\Desktop\\0921\\js-interpreter-bench\\experiments\\octane_strict\\generated\\Richards.Richards.js"", ""STRICT_CONFIG={\""N\"":512,\""mode\"":\""measure\"",\""timer\"":\""Date.now\""}""]","OCTANE_STRICT_RESULT:{""suite"":""Richards"",""benchmark"":""Richards"",""N"":512,""mode"":""measure"",""timer"":""Date.now"",""elapsed_ms"":1942,""elapsed_per_call_ms"":3.79296875,""extra_validation_calls"":0,""correctness"":""PASS""}",,
v8_ignition,Richards,Richards,22,676,512,1119,2.185546875,0,true,2026-09-27T17:38:40.218578+00:00,--max-opt=0 --no-lazy,Date.now,1157019000,0,d2207c68ebcf5db16fd42f8eb04fe21239b5f4726e5d3734ebd3c059754126a8,"[""C:\\Users\\mzyx\\Desktop\\0921\\js-interpreter-bench\\engines\\v8-official-15.6.21\\runtime\\d8.exe"", ""--snapshot_blob=C:\\Users\\mzyx\\Desktop\\0921\\js-interpreter-bench\\engines\\v8-official-15.6.21\\runtime\\snapshot_blob.bin"", ""--max-opt=0"", ""--no-lazy"", ""C:\\Users\\mzyx\\Desktop\\0921\\js-interpreter-bench\\experiments\\octane_strict\\generated\\Richards.Richards.js"", ""--"", ""STRICT_CONFIG={\""N\"":512,\""mode\"":\""measure\"",\""timer\"":\""Date.now\""}""]","OCTANE_STRICT_RESULT:{""suite"":""Richards"",""benchmark"":""Richards"",""N"":512,""mode"":""measure"",""timer"":""Date.now"",""elapsed_ms"":1119,""elapsed_per_call_ms"":2.185546875,""extra_validation_calls"":0,""correctness"":""PASS""}",,
v8_ignition,Typescript,Typescript,22,677,1,1235,1235,0,true,2026-09-27T17:38:41.553873+00:00,--max-opt=0 --no-lazy,Date.now,1317749400,0,135e157d4fd316d69e9afdb0147a5d3f71ff32877fbe7c2febd72041df50deb0,"[""C:\\Users\\mzyx\\Desktop\\0921\\js-interpreter-bench\\engines\\v8-official-15.6.21\\runtime\\d8.exe"", ""--snapshot_blob=C:\\Users\\mzyx\\Desktop\\0921\\js-interpreter-bench\\engines\\v8-official-15.6.21\\runtime\\snapshot_blob.bin"", ""--max-opt=0"", ""--no-lazy"", ""C:\\Users\\mzyx\\Desktop\\0921\\js-interpreter-bench\\experiments\\octane_strict\\generated\\Typescript.Typescript.js"", ""--"", ""STRICT_CONFIG={\""N\"":1,\""mode\"":\""measure\"",\""timer\"":\""Date.now\""}""]","OCTANE_STRICT_RESULT:{""suite"":""Typescript"",""benchmark"":""Typescript"",""N"":1,""mode"":""measure"",""timer"":""Date.now"",""elapsed_ms"":1235,""elapsed_per_call_ms"":1235,""extra_validation_calls"":0,""correctness"":""PASS""}",,
quickjs,Typescript,Typescript,22,678,1,2040,2040,0,true,2026-09-27T17:38:43.812987+00:00,,Date.now,2242049200,0,135e157d4fd316d69e9afdb0147a5d3f71ff32877fbe7c2febd72041df50deb0,"[""C:\\Users\\mzyx\\Desktop\\0921\\js-interpreter-bench\\engines\\quickjs-upstream\\qjs.exe"", ""C:\\Users\\mzyx\\Desktop\\0921\\js-interpreter-bench\\experiments\\octane_strict\\generated\\Typescript.Typescript.js"", ""STRICT_CONFIG={\""N\"":1,\""mode\"":\""measure\"",\""timer\"":\""Date.now\""}""]","OCTANE_STRICT_RESULT:{""suite"":""Typescript"",""benchmark"":""Typescript"",""N"":1,""mode"":""measure"",""timer"":""Date.now"",""elapsed_ms"":2040,""elapsed_per_call_ms"":2040,""extra_validation_calls"":0,""correctness"":""PASS""}",,
v8_ignition,RegExp,RegExp,22,679,64,1250,19.53125,0,true,2026-09-27T17:38:45.129424+00:00,--max-opt=0 --no-lazy,Date.now,1303499400,0,881c9e28610ead1d8cbf528614032c48b8faa700f0e4177198bbb22f15a19111,"[""C:\\Users\\mzyx\\Desktop\\0921\\js-interpreter-bench\\engines\\v8-official-15.6.21\\runtime\\d8.exe"", ""--snapshot_blob=C:\\Users\\mzyx\\Desktop\\0921\\js-interpreter-bench\\engines\\v8-official-15.6.21\\runtime\\snapshot_blob.bin"", ""--max-opt=0"", ""--no-lazy"", ""C:\\Users\\mzyx\\Desktop\\0921\\js-interpreter-bench\\experiments\\octane_strict\\generated\\RegExp.RegExp.js"", ""--"", ""STRICT_CONFIG={\""N\"":64,\""mode\"":\""measure\"",\""timer\"":\""Date.now\""}""]","OCTANE_STRICT_RESULT:{""suite"":""RegExp"",""benchmark"":""RegExp"",""N"":64,""mode"":""measure"",""timer"":""Date.now"",""elapsed_ms"":1250,""elapsed_per_call_ms"":19.53125,""extra_validation_calls"":0,""correctness"":""PASS""}",,
quickjs,RegExp,RegExp,22,680,64,14580,227.8125,0,true,2026-09-27T17:38:59.753069+00:00,,Date.now,14611096700,0,881c9e28610ead1d8cbf528614032c48b8faa700f0e4177198bbb22f15a19111,"[""C:\\Users\\mzyx\\Desktop\\0921\\js-interpreter-bench\\engines\\quickjs-upstream\\qjs.exe"", ""C:\\Users\\mzyx\\Desktop\\0921\\js-interpreter-bench\\experiments\\octane_strict\\generated\\RegExp.RegExp.js"", ""STRICT_CONFIG={\""N\"":64,\""mode\"":\""measure\"",\""timer\"":\""Date.now\""}""]","OCTANE_STRICT_RESULT:{""suite"":""RegExp"",""benchmark"":""RegExp"",""N"":64,""mode"":""measure"",""timer"":""Date.now"",""elapsed_ms"":14580,""elapsed_per_call_ms"":227.8125,""extra_validation_calls"":0,""correctness"":""PASS""}",,
quickjs,PdfJS,PdfJS,22,681,16,3223,201.4375,0,true,2026-09-27T17:39:03.221016+00:00,,Date.now,3446017400,0,f1966230e4a00bc61dc4c00fd600486e941235c3ee8206f897bd148dfd6e630b,"[""C:\\Users\\mzyx\\Desktop\\0921\\js-interpreter-bench\\engines\\quickjs-upstream\\qjs.exe"", ""C:\\Users\\mzyx\\Desktop\\0921\\js-interpreter-bench\\experiments\\octane_strict\\generated\\PdfJS.PdfJS.js"", ""STRICT_CONFIG={\""N\"":16,\""mode\"":\""measure\"",\""timer\"":\""Date.now\""}""]","OCTANE_STRICT_RESULT:{""suite"":""PdfJS"",""benchmark"":""PdfJS"",""N"":16,""mode"":""measure"",""timer"":""Date.now"",""elapsed_ms"":3223,""elapsed_per_call_ms"":201.4375,""extra_validation_calls"":0,""correctness"":""PASS""}",,
v8_ignition,PdfJS,PdfJS,22,682,16,1696,106,0,true,2026-09-27T17:39:05.095625+00:00,--max-opt=0 --no-lazy,Date.now,1860434500,0,f1966230e4a00bc61dc4c00fd600486e941235c3ee8206f897bd148dfd6e630b,"[""C:\\Users\\mzyx\\Desktop\\0921\\js-interpreter-bench\\engines\\v8-official-15.6.21\\runtime\\d8.exe"", ""--snapshot_blob=C:\\Users\\mzyx\\Desktop\\0921\\js-interpreter-bench\\engines\\v8-official-15.6.21\\runtime\\snapshot_blob.bin"", ""--max-opt=0"", ""--no-lazy"", ""C:\\Users\\mzyx\\Desktop\\0921\\js-interpreter-bench\\experiments\\octane_strict\\generated\\PdfJS.PdfJS.js"", ""--"", ""STRICT_CONFIG={\""N\"":16,\""mode\"":\""measure\"",\""timer\"":\""Date.now\""}""]","OCTANE_STRICT_RESULT:{""suite"":""PdfJS"",""benchmark"":""PdfJS"",""N"":16,""mode"":""measure"",""timer"":""Date.now"",""elapsed_ms"":1696,""elapsed_per_call_ms"":106,""extra_validation_calls"":0,""correctness"":""PASS""}",,
v8_ignition,Mandreel,Mandreel,22,683,1,1454,1454,0,true,2026-09-27T17:39:07.939246+00:00,--max-opt=0 --no-lazy,Date.now,2825275700,0,64fbf14da4005c4426dcdd6191a5f206fbcd9ce260549e924fd925408614702d,"[""C:\\Users\\mzyx\\Desktop\\0921\\js-interpreter-bench\\engines\\v8-official-15.6.21\\runtime\\d8.exe"", ""--snapshot_blob=C:\\Users\\mzyx\\Desktop\\0921\\js-interpreter-bench\\engines\\v8-official-15.6.21\\runtime\\snapshot_blob.bin"", ""--max-opt=0"", ""--no-lazy"", ""C:\\Users\\mzyx\\Desktop\\0921\\js-interpreter-bench\\experiments\\octane_strict\\generated\\Mandreel.Mandreel.js"", ""--"", ""STRICT_CONFIG={\""N\"":1,\""mode\"":\""measure\"",\""timer\"":\""Date.now\""}""]","OCTANE_STRICT_RESULT:{""suite"":""Mandreel"",""benchmark"":""Mandreel"",""N"":1,""mode"":""measure"",""timer"":""Date.now"",""elapsed_ms"":1454,""elapsed_per_call_ms"":1454,""extra_validation_calls"":0,""correctness"":""PASS""}",,
quickjs,Mandreel,Mandreel,22,684,1,1817,1817,0,true,2026-09-27T17:39:11.262291+00:00,,Date.now,3299752700,0,64fbf14da4005c4426dcdd6191a5f206fbcd9ce260549e924fd925408614702d,"[""C:\\Users\\mzyx\\Desktop\\0921\\js-interpreter-bench\\engines\\quickjs-upstream\\qjs.exe"", ""C:\\Users\\mzyx\\Desktop\\0921\\js-interpreter-bench\\experiments\\octane_strict\\generated\\Mandreel.Mandreel.js"", ""STRICT_CONFIG={\""N\"":1,\""mode\"":\""measure\"",\""timer\"":\""Date.now\""}""]","OCTANE_STRICT_RESULT:{""suite"":""Mandreel"",""benchmark"":""Mandreel"",""N"":1,""mode"":""measure"",""timer"":""Date.now"",""elapsed_ms"":1817,""elapsed_per_call_ms"":1817,""extra_validation_calls"":0,""correctness"":""PASS""}",,
quickjs,Crypto,Encrypt,22,685,256,1346,5.2578125,0,true,2026-09-27T17:39:12.738312+00:00,,Date.now,1455024200,0,c73b9c8626ff5488b879ff453a865c03adf87602c6d302855f1c6e0f91b57c92,"[""C:\\Users\\mzyx\\Desktop\\0921\\js-interpreter-bench\\engines\\quickjs-upstream\\qjs.exe"", ""C:\\Users\\mzyx\\Desktop\\0921\\js-interpreter-bench\\experiments\\octane_strict\\generated\\Crypto.Encrypt.js"", ""STRICT_CONFIG={\""N\"":256,\""mode\"":\""measure\"",\""timer\"":\""Date.now\""}""]","OCTANE_STRICT_RESULT:{""suite"":""Crypto"",""benchmark"":""Encrypt"",""N"":256,""mode"":""measure"",""timer"":""Date.now"",""elapsed_ms"":1346,""elapsed_per_call_ms"":5.2578125,""extra_validation_calls"":0,""correctness"":""PASS""}",,
v8_ignition,Crypto,Encrypt,22,686,256,1230,4.8046875,0,true,2026-09-27T17:39:14.116911+00:00,--max-opt=0 --no-lazy,Date.now,1361919400,0,c73b9c8626ff5488b879ff453a865c03adf87602c6d302855f1c6e0f91b57c92,"[""C:\\Users\\mzyx\\Desktop\\0921\\js-interpreter-bench\\engines\\v8-official-15.6.21\\runtime\\d8.exe"", ""--snapshot_blob=C:\\Users\\mzyx\\Desktop\\0921\\js-interpreter-bench\\engines\\v8-official-15.6.21\\runtime\\snapshot_blob.bin"", ""--max-opt=0"", ""--no-lazy"", ""C:\\Users\\mzyx\\Desktop\\0921\\js-interpreter-bench\\experiments\\octane_strict\\generated\\Crypto.Encrypt.js"", ""--"", ""STRICT_CONFIG={\""N\"":256,\""mode\"":\""measure\"",\""timer\"":\""Date.now\""}""]","OCTANE_STRICT_RESULT:{""suite"":""Crypto"",""benchmark"":""Encrypt"",""N"":256,""mode"":""measure"",""timer"":""Date.now"",""elapsed_ms"":1230,""elapsed_per_call_ms"":4.8046875,""extra_validation_calls"":0,""correctness"":""PASS""}",,
v8_ignition,Crypto,Decrypt,22,687,16,1556,97.25,0,true,2026-09-27T17:39:15.727449+00:00,--max-opt=0 --no-lazy,Date.now,1600126900,0,974b320858e72132edd4dd56da2f4582cbe4e99b10027c89dfa44b1ea1cd4591,"[""C:\\Users\\mzyx\\Desktop\\0921\\js-interpreter-bench\\engines\\v8-official-15.6.21\\runtime\\d8.exe"", ""--snapshot_blob=C:\\Users\\mzyx\\Desktop\\0921\\js-interpreter-bench\\engines\\v8-official-15.6.21\\runtime\\snapshot_blob.bin"", ""--max-opt=0"", ""--no-lazy"", ""C:\\Users\\mzyx\\Desktop\\0921\\js-interpreter-bench\\experiments\\octane_strict\\generated\\Crypto.Decrypt.js"", ""--"", ""STRICT_CONFIG={\""N\"":16,\""mode\"":\""measure\"",\""timer\"":\""Date.now\""}""]","OCTANE_STRICT_RESULT:{""suite"":""Crypto"",""benchmark"":""Decrypt"",""N"":16,""mode"":""measure"",""timer"":""Date.now"",""elapsed_ms"":1556,""elapsed_per_call_ms"":97.25,""extra_validation_calls"":0,""correctness"":""PASS""}",,
quickjs,Crypto,Decrypt,22,688,16,1868,116.75,0,true,2026-09-27T17:39:17.629431+00:00,,Date.now,1890172700,0,974b320858e72132edd4dd56da2f4582cbe4e99b10027c89dfa44b1ea1cd4591,"[""C:\\Users\\mzyx\\Desktop\\0921\\js-interpreter-bench\\engines\\quickjs-upstream\\qjs.exe"", ""C:\\Users\\mzyx\\Desktop\\0921\\js-interpreter-bench\\experiments\\octane_strict\\generated\\Crypto.Decrypt.js"", ""STRICT_CONFIG={\""N\"":16,\""mode\"":\""measure\"",\""timer\"":\""Date.now\""}""]","OCTANE_STRICT_RESULT:{""suite"":""Crypto"",""benchmark"":""Decrypt"",""N"":16,""mode"":""measure"",""timer"":""Date.now"",""elapsed_ms"":1868,""elapsed_per_call_ms"":116.75,""extra_validation_calls"":0,""correctness"":""PASS""}",,
v8_ignition,CodeLoad,CodeLoadClosure,22,689,4096,1413,0.344970703125,0,true,2026-09-27T17:39:19.120186+00:00,--max-opt=0 --no-lazy,Date.now,1469983900,0,9c3f2890631a64f3776ae7d0cbc83510f2cadc62313f8e27b4ab278dd94390e8,"[""C:\\Users\\mzyx\\Desktop\\0921\\js-interpreter-bench\\engines\\v8-official-15.6.21\\runtime\\d8.exe"", ""--snapshot_blob=C:\\Users\\mzyx\\Desktop\\0921\\js-interpreter-bench\\engines\\v8-official-15.6.21\\runtime\\snapshot_blob.bin"", ""--max-opt=0"", ""--no-lazy"", ""C:\\Users\\mzyx\\Desktop\\0921\\js-interpreter-bench\\experiments\\octane_strict\\generated\\CodeLoad.CodeLoadClosure.js"", ""--"", ""STRICT_CONFIG={\""N\"":4096,\""mode\"":\""measure\"",\""timer\"":\""Date.now\""}""]","OCTANE_STRICT_RESULT:{""suite"":""CodeLoad"",""benchmark"":""CodeLoadClosure"",""N"":4096,""mode"":""measure"",""timer"":""Date.now"",""elapsed_ms"":1413,""elapsed_per_call_ms"":0.344970703125,""extra_validation_calls"":0,""correctness"":""PASS""}",,
quickjs,CodeLoad,CodeLoadClosure,22,690,4096,2654,0.64794921875,0,true,2026-09-27T17:39:21.921304+00:00,,Date.now,2791277700,0,9c3f2890631a64f3776ae7d0cbc83510f2cadc62313f8e27b4ab278dd94390e8,"[""C:\\Users\\mzyx\\Desktop\\0921\\js-interpreter-bench\\engines\\quickjs-upstream\\qjs.exe"", ""C:\\Users\\mzyx\\Desktop\\0921\\js-interpreter-bench\\experiments\\octane_strict\\generated\\CodeLoad.CodeLoadClosure.js"", ""STRICT_CONFIG={\""N\"":4096,\""mode\"":\""measure\"",\""timer\"":\""Date.now\""}""]","OCTANE_STRICT_RESULT:{""suite"":""CodeLoad"",""benchmark"":""CodeLoadClosure"",""N"":4096,""mode"":""measure"",""timer"":""Date.now"",""elapsed_ms"":2654,""elapsed_per_call_ms"":0.64794921875,""extra_validation_calls"":0,""correctness"":""PASS""}",,
v8_ignition,DeltaBlue,DeltaBlue,22,691,512,1889,3.689453125,0,true,2026-09-27T17:39:23.861007+00:00,--max-opt=0 --no-lazy,Date.now,1927566200,0,8542689bb308963c4feefd143c1707791e271d609ef4c476eb9c3dfdeeec539f,"[""C:\\Users\\mzyx\\Desktop\\0921\\js-interpreter-bench\\engines\\v8-official-15.6.21\\runtime\\d8.exe"", ""--snapshot_blob=C:\\Users\\mzyx\\Desktop\\0921\\js-interpreter-bench\\engines\\v8-official-15.6.21\\runtime\\snapshot_blob.bin"", ""--max-opt=0"", ""--no-lazy"", ""C:\\Users\\mzyx\\Desktop\\0921\\js-interpreter-bench\\experiments\\octane_strict\\generated\\DeltaBlue.DeltaBlue.js"", ""--"", ""STRICT_CONFIG={\""N\"":512,\""mode\"":\""measure\"",\""timer\"":\""Date.now\""}""]","OCTANE_STRICT_RESULT:{""suite"":""DeltaBlue"",""benchmark"":""DeltaBlue"",""N"":512,""mode"":""measure"",""timer"":""Date.now"",""elapsed_ms"":1889,""elapsed_per_call_ms"":3.689453125,""extra_validation_calls"":0,""correctness"":""PASS""}",,
quickjs,DeltaBlue,DeltaBlue,22,692,512,3921,7.658203125,0,true,2026-09-27T17:39:27.806633+00:00,,Date.now,3931571000,0,8542689bb308963c4feefd143c1707791e271d609ef4c476eb9c3dfdeeec539f,"[""C:\\Users\\mzyx\\Desktop\\0921\\js-interpreter-bench\\engines\\quickjs-upstream\\qjs.exe"", ""C:\\Users\\mzyx\\Desktop\\0921\\js-interpreter-bench\\experiments\\octane_strict\\generated\\DeltaBlue.DeltaBlue.js"", ""STRICT_CONFIG={\""N\"":512,\""mode\"":\""measure\"",\""timer\"":\""Date.now\""}""]","OCTANE_STRICT_RESULT:{""suite"":""DeltaBlue"",""benchmark"":""DeltaBlue"",""N"":512,""mode"":""measure"",""timer"":""Date.now"",""elapsed_ms"":3921,""elapsed_per_call_ms"":7.658203125,""extra_validation_calls"":0,""correctness"":""PASS""}",,
quickjs,EarleyBoyer,Boyer,22,693,32,3681,115.03125,0,true,2026-09-27T17:39:31.523316+00:00,,Date.now,3704670000,0,e6d4262bd967274f8c7b66181bd6e39a9851606524faae200584e064d21b43b8,"[""C:\\Users\\mzyx\\Desktop\\0921\\js-interpreter-bench\\engines\\quickjs-upstream\\qjs.exe"", ""C:\\Users\\mzyx\\Desktop\\0921\\js-interpreter-bench\\experiments\\octane_strict\\generated\\EarleyBoyer.Boyer.js"", ""STRICT_CONFIG={\""N\"":32,\""mode\"":\""measure\"",\""timer\"":\""Date.now\""}""]","OCTANE_STRICT_RESULT:{""suite"":""EarleyBoyer"",""benchmark"":""Boyer"",""N"":32,""mode"":""measure"",""timer"":""Date.now"",""elapsed_ms"":3681,""elapsed_per_call_ms"":115.03125,""extra_validation_calls"":0,""correctness"":""PASS""}",,
v8_ignition,EarleyBoyer,Boyer,22,694,32,1308,40.875,0,true,2026-09-27T17:39:32.895101+00:00,--max-opt=0 --no-lazy,Date.now,1351750200,0,e6d4262bd967274f8c7b66181bd6e39a9851606524faae200584e064d21b43b8,"[""C:\\Users\\mzyx\\Desktop\\0921\\js-interpreter-bench\\engines\\v8-official-15.6.21\\runtime\\d8.exe"", ""--snapshot_blob=C:\\Users\\mzyx\\Desktop\\0921\\js-interpreter-bench\\engines\\v8-official-15.6.21\\runtime\\snapshot_blob.bin"", ""--max-opt=0"", ""--no-lazy"", ""C:\\Users\\mzyx\\Desktop\\0921\\js-interpreter-bench\\experiments\\octane_strict\\generated\\EarleyBoyer.Boyer.js"", ""--"", ""STRICT_CONFIG={\""N\"":32,\""mode\"":\""measure\"",\""timer\"":\""Date.now\""}""]","OCTANE_STRICT_RESULT:{""suite"":""EarleyBoyer"",""benchmark"":""Boyer"",""N"":32,""mode"":""measure"",""timer"":""Date.now"",""elapsed_ms"":1308,""elapsed_per_call_ms"":40.875,""extra_validation_calls"":0,""correctness"":""PASS""}",,
v8_ignition,EarleyBoyer,Earley,22,695,512,1097,2.142578125,0,true,2026-09-27T17:39:34.043972+00:00,--max-opt=0 --no-lazy,Date.now,1137907400,0,c3ef3fbdd43f0dd5865a1652fa447c774869e86efba25ad910dffdea953f80a2,"[""C:\\Users\\mzyx\\Desktop\\0921\\js-interpreter-bench\\engines\\v8-official-15.6.21\\runtime\\d8.exe"", ""--snapshot_blob=C:\\Users\\mzyx\\Desktop\\0921\\js-interpreter-bench\\engines\\v8-official-15.6.21\\runtime\\snapshot_blob.bin"", ""--max-opt=0"", ""--no-lazy"", ""C:\\Users\\mzyx\\Desktop\\0921\\js-interpreter-bench\\experiments\\octane_strict\\generated\\EarleyBoyer.Earley.js"", ""--"", ""STRICT_CONFIG={\""N\"":512,\""mode\"":\""measure\"",\""timer\"":\""Date.now\""}""]","OCTANE_STRICT_RESULT:{""suite"":""EarleyBoyer"",""benchmark"":""Earley"",""N"":512,""mode"":""measure"",""timer"":""Date.now"",""elapsed_ms"":1097,""elapsed_per_call_ms"":2.142578125,""extra_validation_calls"":0,""correctness"":""PASS""}",,
quickjs,EarleyBoyer,Earley,22,696,512,3778,7.37890625,0,true,2026-09-27T17:39:37.854468+00:00,,Date.now,3797593900,0,c3ef3fbdd43f0dd5865a1652fa447c774869e86efba25ad910dffdea953f80a2,"[""C:\\Users\\mzyx\\Desktop\\0921\\js-interpreter-bench\\engines\\quickjs-upstream\\qjs.exe"", ""C:\\Users\\mzyx\\Desktop\\0921\\js-interpreter-bench\\experiments\\octane_strict\\generated\\EarleyBoyer.Earley.js"", ""STRICT_CONFIG={\""N\"":512,\""mode\"":\""measure\"",\""timer\"":\""Date.now\""}""]","OCTANE_STRICT_RESULT:{""suite"":""EarleyBoyer"",""benchmark"":""Earley"",""N"":512,""mode"":""measure"",""timer"":""Date.now"",""elapsed_ms"":3778,""elapsed_per_call_ms"":7.37890625,""extra_validation_calls"":0,""correctness"":""PASS""}",,
quickjs,RayTrace,RayTrace,22,697,64,2541,39.703125,0,true,2026-09-27T17:39:40.417941+00:00,,Date.now,2552737400,0,fb0af35ee1cbd7396c6b23184a123f87ce6f9d1d8e29a2dcbc3bf86a98f3ae33,"[""C:\\Users\\mzyx\\Desktop\\0921\\js-interpreter-bench\\engines\\quickjs-upstream\\qjs.exe"", ""C:\\Users\\mzyx\\Desktop\\0921\\js-interpreter-bench\\experiments\\octane_strict\\generated\\RayTrace.RayTrace.js"", ""STRICT_CONFIG={\""N\"":64,\""mode\"":\""measure\"",\""timer\"":\""Date.now\""}""]","OCTANE_STRICT_RESULT:{""suite"":""RayTrace"",""benchmark"":""RayTrace"",""N"":64,""mode"":""measure"",""timer"":""Date.now"",""elapsed_ms"":2541,""elapsed_per_call_ms"":39.703125,""extra_validation_calls"":0,""correctness"":""PASS""}",,
v8_ignition,RayTrace,RayTrace,22,698,64,1094,17.09375,0,true,2026-09-27T17:39:41.564579+00:00,--max-opt=0 --no-lazy,Date.now,1130178700,0,fb0af35ee1cbd7396c6b23184a123f87ce6f9d1d8e29a2dcbc3bf86a98f3ae33,"[""C:\\Users\\mzyx\\Desktop\\0921\\js-interpreter-bench\\engines\\v8-official-15.6.21\\runtime\\d8.exe"", ""--snapshot_blob=C:\\Users\\mzyx\\Desktop\\0921\\js-interpreter-bench\\engines\\v8-official-15.6.21\\runtime\\snapshot_blob.bin"", ""--max-opt=0"", ""--no-lazy"", ""C:\\Users\\mzyx\\Desktop\\0921\\js-interpreter-bench\\experiments\\octane_strict\\generated\\RayTrace.RayTrace.js"", ""--"", ""STRICT_CONFIG={\""N\"":64,\""mode\"":\""measure\"",\""timer\"":\""Date.now\""}""]","OCTANE_STRICT_RESULT:{""suite"":""RayTrace"",""benchmark"":""RayTrace"",""N"":64,""mode"":""measure"",""timer"":""Date.now"",""elapsed_ms"":1094,""elapsed_per_call_ms"":17.09375,""extra_validation_calls"":0,""correctness"":""PASS""}",,
quickjs,Splay,Splay,22,699,2048,4562,2.2275390625,0,true,2026-09-27T17:39:46.594604+00:00,,Date.now,5018001000,0,d6372414234d150c814a6933257aa8c98a8c6260b0d72a71ee0d08d0ee6fb17a,"[""C:\\Users\\mzyx\\Desktop\\0921\\js-interpreter-bench\\engines\\quickjs-upstream\\qjs.exe"", ""C:\\Users\\mzyx\\Desktop\\0921\\js-interpreter-bench\\experiments\\octane_strict\\generated\\Splay.Splay.js"", ""STRICT_CONFIG={\""N\"":2048,\""mode\"":\""measure\"",\""timer\"":\""Date.now\""}""]","OCTANE_STRICT_RESULT:{""suite"":""Splay"",""benchmark"":""Splay"",""N"":2048,""mode"":""measure"",""timer"":""Date.now"",""elapsed_ms"":4562,""elapsed_per_call_ms"":2.2275390625,""extra_validation_calls"":0,""correctness"":""PASS""}",,
v8_ignition,Splay,Splay,22,700,2048,1849,0.90283203125,0,true,2026-09-27T17:39:48.584747+00:00,--max-opt=0 --no-lazy,Date.now,1980645500,0,d6372414234d150c814a6933257aa8c98a8c6260b0d72a71ee0d08d0ee6fb17a,"[""C:\\Users\\mzyx\\Desktop\\0921\\js-interpreter-bench\\engines\\v8-official-15.6.21\\runtime\\d8.exe"", ""--snapshot_blob=C:\\Users\\mzyx\\Desktop\\0921\\js-interpreter-bench\\engines\\v8-official-15.6.21\\runtime\\snapshot_blob.bin"", ""--max-opt=0"", ""--no-lazy"", ""C:\\Users\\mzyx\\Desktop\\0921\\js-interpreter-bench\\experiments\\octane_strict\\generated\\Splay.Splay.js"", ""--"", ""STRICT_CONFIG={\""N\"":2048,\""mode\"":\""measure\"",\""timer\"":\""Date.now\""}""]","OCTANE_STRICT_RESULT:{""suite"":""Splay"",""benchmark"":""Splay"",""N"":2048,""mode"":""measure"",""timer"":""Date.now"",""elapsed_ms"":1849,""elapsed_per_call_ms"":0.90283203125,""extra_validation_calls"":0,""correctness"":""PASS""}",,
quickjs,Gameboy,Gameboy,22,701,4,1457,364.25,0,true,2026-09-27T17:39:50.101818+00:00,,Date.now,1501865600,0,3fc599b60ec8be6d0ab60d00add662dde31374ecb5b24167384d72d325a08a21,"[""C:\\Users\\mzyx\\Desktop\\0921\\js-interpreter-bench\\engines\\quickjs-upstream\\qjs.exe"", ""C:\\Users\\mzyx\\Desktop\\0921\\js-interpreter-bench\\experiments\\octane_strict\\generated\\Gameboy.Gameboy.js"", ""STRICT_CONFIG={\""N\"":4,\""mode\"":\""measure\"",\""timer\"":\""Date.now\""}""]","OCTANE_STRICT_RESULT:{""suite"":""Gameboy"",""benchmark"":""Gameboy"",""N"":4,""mode"":""measure"",""timer"":""Date.now"",""elapsed_ms"":1457,""elapsed_per_call_ms"":364.25,""extra_validation_calls"":0,""correctness"":""PASS""}",,
v8_ignition,Gameboy,Gameboy,22,702,4,1186,296.5,0,true,2026-09-27T17:39:51.365537+00:00,--max-opt=0 --no-lazy,Date.now,1245427700,0,3fc599b60ec8be6d0ab60d00add662dde31374ecb5b24167384d72d325a08a21,"[""C:\\Users\\mzyx\\Desktop\\0921\\js-interpreter-bench\\engines\\v8-official-15.6.21\\runtime\\d8.exe"", ""--snapshot_blob=C:\\Users\\mzyx\\Desktop\\0921\\js-interpreter-bench\\engines\\v8-official-15.6.21\\runtime\\snapshot_blob.bin"", ""--max-opt=0"", ""--no-lazy"", ""C:\\Users\\mzyx\\Desktop\\0921\\js-interpreter-bench\\experiments\\octane_strict\\generated\\Gameboy.Gameboy.js"", ""--"", ""STRICT_CONFIG={\""N\"":4,\""mode\"":\""measure\"",\""timer\"":\""Date.now\""}""]","OCTANE_STRICT_RESULT:{""suite"":""Gameboy"",""benchmark"":""Gameboy"",""N"":4,""mode"":""measure"",""timer"":""Date.now"",""elapsed_ms"":1186,""elapsed_per_call_ms"":296.5,""extra_validation_calls"":0,""correctness"":""PASS""}",,
quickjs,CodeLoad,CodeLoadJQuery,22,703,256,2792,10.90625,0,true,2026-09-27T17:39:54.183254+00:00,,Date.now,2805735000,0,20f796e914b6995cc6114a2de2953e5cf5dd579501264d69dd26188909f790af,"[""C:\\Users\\mzyx\\Desktop\\0921\\js-interpreter-bench\\engines\\quickjs-upstream\\qjs.exe"", ""C:\\Users\\mzyx\\Desktop\\0921\\js-interpreter-bench\\experiments\\octane_strict\\generated\\CodeLoad.CodeLoadJQuery.js"", ""STRICT_CONFIG={\""N\"":256,\""mode\"":\""measure\"",\""timer\"":\""Date.now\""}""]","OCTANE_STRICT_RESULT:{""suite"":""CodeLoad"",""benchmark"":""CodeLoadJQuery"",""N"":256,""mode"":""measure"",""timer"":""Date.now"",""elapsed_ms"":2792,""elapsed_per_call_ms"":10.90625,""extra_validation_calls"":0,""correctness"":""PASS""}",,
v8_ignition,CodeLoad,CodeLoadJQuery,22,704,256,1075,4.19921875,0,true,2026-09-27T17:39:55.312801+00:00,--max-opt=0 --no-lazy,Date.now,1118985500,0,20f796e914b6995cc6114a2de2953e5cf5dd579501264d69dd26188909f790af,"[""C:\\Users\\mzyx\\Desktop\\0921\\js-interpreter-bench\\engines\\v8-official-15.6.21\\runtime\\d8.exe"", ""--snapshot_blob=C:\\Users\\mzyx\\Desktop\\0921\\js-interpreter-bench\\engines\\v8-official-15.6.21\\runtime\\snapshot_blob.bin"", ""--max-opt=0"", ""--no-lazy"", ""C:\\Users\\mzyx\\Desktop\\0921\\js-interpreter-bench\\experiments\\octane_strict\\generated\\CodeLoad.CodeLoadJQuery.js"", ""--"", ""STRICT_CONFIG={\""N\"":256,\""mode\"":\""measure\"",\""timer\"":\""Date.now\""}""]","OCTANE_STRICT_RESULT:{""suite"":""CodeLoad"",""benchmark"":""CodeLoadJQuery"",""N"":256,""mode"":""measure"",""timer"":""Date.now"",""elapsed_ms"":1075,""elapsed_per_call_ms"":4.19921875,""extra_validation_calls"":0,""correctness"":""PASS""}",,
quickjs,Typescript,Typescript,23,705,1,2056,2056,0,true,2026-09-27T17:39:57.585925+00:00,,Date.now,2256896300,0,135e157d4fd316d69e9afdb0147a5d3f71ff32877fbe7c2febd72041df50deb0,"[""C:\\Users\\mzyx\\Desktop\\0921\\js-interpreter-bench\\engines\\quickjs-upstream\\qjs.exe"", ""C:\\Users\\mzyx\\Desktop\\0921\\js-interpreter-bench\\experiments\\octane_strict\\generated\\Typescript.Typescript.js"", ""STRICT_CONFIG={\""N\"":1,\""mode\"":\""measure\"",\""timer\"":\""Date.now\""}""]","OCTANE_STRICT_RESULT:{""suite"":""Typescript"",""benchmark"":""Typescript"",""N"":1,""mode"":""measure"",""timer"":""Date.now"",""elapsed_ms"":2056,""elapsed_per_call_ms"":2056,""extra_validation_calls"":0,""correctness"":""PASS""}",,
v8_ignition,Typescript,Typescript,23,706,1,1214,1214,0,true,2026-09-27T17:39:58.897657+00:00,--max-opt=0 --no-lazy,Date.now,1288778800,0,135e157d4fd316d69e9afdb0147a5d3f71ff32877fbe7c2febd72041df50deb0,"[""C:\\Users\\mzyx\\Desktop\\0921\\js-interpreter-bench\\engines\\v8-official-15.6.21\\runtime\\d8.exe"", ""--snapshot_blob=C:\\Users\\mzyx\\Desktop\\0921\\js-interpreter-bench\\engines\\v8-official-15.6.21\\runtime\\snapshot_blob.bin"", ""--max-opt=0"", ""--no-lazy"", ""C:\\Users\\mzyx\\Desktop\\0921\\js-interpreter-bench\\experiments\\octane_strict\\generated\\Typescript.Typescript.js"", ""--"", ""STRICT_CONFIG={\""N\"":1,\""mode\"":\""measure\"",\""timer\"":\""Date.now\""}""]","OCTANE_STRICT_RESULT:{""suite"":""Typescript"",""benchmark"":""Typescript"",""N"":1,""mode"":""measure"",""timer"":""Date.now"",""elapsed_ms"":1214,""elapsed_per_call_ms"":1214,""extra_validation_calls"":0,""correctness"":""PASS""}",,
quickjs,DeltaBlue,DeltaBlue,23,707,512,3867,7.552734375,0,true,2026-09-27T17:40:02.787904+00:00,,Date.now,3877363600,0,8542689bb308963c4feefd143c1707791e271d609ef4c476eb9c3dfdeeec539f,"[""C:\\Users\\mzyx\\Desktop\\0921\\js-interpreter-bench\\engines\\quickjs-upstream\\qjs.exe"", ""C:\\Users\\mzyx\\Desktop\\0921\\js-interpreter-bench\\experiments\\octane_strict\\generated\\DeltaBlue.DeltaBlue.js"", ""STRICT_CONFIG={\""N\"":512,\""mode\"":\""measure\"",\""timer\"":\""Date.now\""}""]","OCTANE_STRICT_RESULT:{""suite"":""DeltaBlue"",""benchmark"":""DeltaBlue"",""N"":512,""mode"":""measure"",""timer"":""Date.now"",""elapsed_ms"":3867,""elapsed_per_call_ms"":7.552734375,""extra_validation_calls"":0,""correctness"":""PASS""}",,
v8_ignition,DeltaBlue,DeltaBlue,23,708,512,1884,3.6796875,0,true,2026-09-27T17:40:04.726200+00:00,--max-opt=0 --no-lazy,Date.now,1920588600,0,8542689bb308963c4feefd143c1707791e271d609ef4c476eb9c3dfdeeec539f,"[""C:\\Users\\mzyx\\Desktop\\0921\\js-interpreter-bench\\engines\\v8-official-15.6.21\\runtime\\d8.exe"", ""--snapshot_blob=C:\\Users\\mzyx\\Desktop\\0921\\js-interpreter-bench\\engines\\v8-official-15.6.21\\runtime\\snapshot_blob.bin"", ""--max-opt=0"", ""--no-lazy"", ""C:\\Users\\mzyx\\Desktop\\0921\\js-interpreter-bench\\experiments\\octane_strict\\generated\\DeltaBlue.DeltaBlue.js"", ""--"", ""STRICT_CONFIG={\""N\"":512,\""mode\"":\""measure\"",\""timer\"":\""Date.now\""}""]","OCTANE_STRICT_RESULT:{""suite"":""DeltaBlue"",""benchmark"":""DeltaBlue"",""N"":512,""mode"":""measure"",""timer"":""Date.now"",""elapsed_ms"":1884,""elapsed_per_call_ms"":3.6796875,""extra_validation_calls"":0,""correctness"":""PASS""}",,
v8_ignition,CodeLoad,CodeLoadJQuery,23,709,256,1072,4.1875,0,true,2026-09-27T17:40:05.853110+00:00,--max-opt=0 --no-lazy,Date.now,1115396500,0,20f796e914b6995cc6114a2de2953e5cf5dd579501264d69dd26188909f790af,"[""C:\\Users\\mzyx\\Desktop\\0921\\js-interpreter-bench\\engines\\v8-official-15.6.21\\runtime\\d8.exe"", ""--snapshot_blob=C:\\Users\\mzyx\\Desktop\\0921\\js-interpreter-bench\\engines\\v8-official-15.6.21\\runtime\\snapshot_blob.bin"", ""--max-opt=0"", ""--no-lazy"", ""C:\\Users\\mzyx\\Desktop\\0921\\js-interpreter-bench\\experiments\\octane_strict\\generated\\CodeLoad.CodeLoadJQuery.js"", ""--"", ""STRICT_CONFIG={\""N\"":256,\""mode\"":\""measure\"",\""timer\"":\""Date.now\""}""]","OCTANE_STRICT_RESULT:{""suite"":""CodeLoad"",""benchmark"":""CodeLoadJQuery"",""N"":256,""mode"":""measure"",""timer"":""Date.now"",""elapsed_ms"":1072,""elapsed_per_call_ms"":4.1875,""extra_validation_calls"":0,""correctness"":""PASS""}",,
quickjs,CodeLoad,CodeLoadJQuery,23,710,256,2817,11.00390625,0,true,2026-09-27T17:40:08.695003+00:00,,Date.now,2831523100,0,20f796e914b6995cc6114a2de2953e5cf5dd579501264d69dd26188909f790af,"[""C:\\Users\\mzyx\\Desktop\\0921\\js-interpreter-bench\\engines\\quickjs-upstream\\qjs.exe"", ""C:\\Users\\mzyx\\Desktop\\0921\\js-interpreter-bench\\experiments\\octane_strict\\generated\\CodeLoad.CodeLoadJQuery.js"", ""STRICT_CONFIG={\""N\"":256,\""mode\"":\""measure\"",\""timer\"":\""Date.now\""}""]","OCTANE_STRICT_RESULT:{""suite"":""CodeLoad"",""benchmark"":""CodeLoadJQuery"",""N"":256,""mode"":""measure"",""timer"":""Date.now"",""elapsed_ms"":2817,""elapsed_per_call_ms"":11.00390625,""extra_validation_calls"":0,""correctness"":""PASS""}",,
v8_ignition,Gameboy,Gameboy,23,711,4,1195,298.75,0,true,2026-09-27T17:40:09.971299+00:00,--max-opt=0 --no-lazy,Date.now,1256883800,0,3fc599b60ec8be6d0ab60d00add662dde31374ecb5b24167384d72d325a08a21,"[""C:\\Users\\mzyx\\Desktop\\0921\\js-interpreter-bench\\engines\\v8-official-15.6.21\\runtime\\d8.exe"", ""--snapshot_blob=C:\\Users\\mzyx\\Desktop\\0921\\js-interpreter-bench\\engines\\v8-official-15.6.21\\runtime\\snapshot_blob.bin"", ""--max-opt=0"", ""--no-lazy"", ""C:\\Users\\mzyx\\Desktop\\0921\\js-interpreter-bench\\experiments\\octane_strict\\generated\\Gameboy.Gameboy.js"", ""--"", ""STRICT_CONFIG={\""N\"":4,\""mode\"":\""measure\"",\""timer\"":\""Date.now\""}""]","OCTANE_STRICT_RESULT:{""suite"":""Gameboy"",""benchmark"":""Gameboy"",""N"":4,""mode"":""measure"",""timer"":""Date.now"",""elapsed_ms"":1195,""elapsed_per_call_ms"":298.75,""extra_validation_calls"":0,""correctness"":""PASS""}",,
quickjs,Gameboy,Gameboy,23,712,4,1427,356.75,0,true,2026-09-27T17:40:11.452999+00:00,,Date.now,1469510500,0,3fc599b60ec8be6d0ab60d00add662dde31374ecb5b24167384d72d325a08a21,"[""C:\\Users\\mzyx\\Desktop\\0921\\js-interpreter-bench\\engines\\quickjs-upstream\\qjs.exe"", ""C:\\Users\\mzyx\\Desktop\\0921\\js-interpreter-bench\\experiments\\octane_strict\\generated\\Gameboy.Gameboy.js"", ""STRICT_CONFIG={\""N\"":4,\""mode\"":\""measure\"",\""timer\"":\""Date.now\""}""]","OCTANE_STRICT_RESULT:{""suite"":""Gameboy"",""benchmark"":""Gameboy"",""N"":4,""mode"":""measure"",""timer"":""Date.now"",""elapsed_ms"":1427,""elapsed_per_call_ms"":356.75,""extra_validation_calls"":0,""correctness"":""PASS""}",,
v8_ignition,Splay,Splay,23,713,2048,1846,0.9013671875,0,true,2026-09-27T17:40:13.445226+00:00,--max-opt=0 --no-lazy,Date.now,1975511800,0,d6372414234d150c814a6933257aa8c98a8c6260b0d72a71ee0d08d0ee6fb17a,"[""C:\\Users\\mzyx\\Desktop\\0921\\js-interpreter-bench\\engines\\v8-official-15.6.21\\runtime\\d8.exe"", ""--snapshot_blob=C:\\Users\\mzyx\\Desktop\\0921\\js-interpreter-bench\\engines\\v8-official-15.6.21\\runtime\\snapshot_blob.bin"", ""--max-opt=0"", ""--no-lazy"", ""C:\\Users\\mzyx\\Desktop\\0921\\js-interpreter-bench\\experiments\\octane_strict\\generated\\Splay.Splay.js"", ""--"", ""STRICT_CONFIG={\""N\"":2048,\""mode\"":\""measure\"",\""timer\"":\""Date.now\""}""]","OCTANE_STRICT_RESULT:{""suite"":""Splay"",""benchmark"":""Splay"",""N"":2048,""mode"":""measure"",""timer"":""Date.now"",""elapsed_ms"":1846,""elapsed_per_call_ms"":0.9013671875,""extra_validation_calls"":0,""correctness"":""PASS""}",,
quickjs,Splay,Splay,23,714,2048,4548,2.220703125,0,true,2026-09-27T17:40:18.421699+00:00,,Date.now,4965518400,0,d6372414234d150c814a6933257aa8c98a8c6260b0d72a71ee0d08d0ee6fb17a,"[""C:\\Users\\mzyx\\Desktop\\0921\\js-interpreter-bench\\engines\\quickjs-upstream\\qjs.exe"", ""C:\\Users\\mzyx\\Desktop\\0921\\js-interpreter-bench\\experiments\\octane_strict\\generated\\Splay.Splay.js"", ""STRICT_CONFIG={\""N\"":2048,\""mode\"":\""measure\"",\""timer\"":\""Date.now\""}""]","OCTANE_STRICT_RESULT:{""suite"":""Splay"",""benchmark"":""Splay"",""N"":2048,""mode"":""measure"",""timer"":""Date.now"",""elapsed_ms"":4548,""elapsed_per_call_ms"":2.220703125,""extra_validation_calls"":0,""correctness"":""PASS""}",,
quickjs,EarleyBoyer,Earley,23,715,512,3768,7.359375,0,true,2026-09-27T17:40:22.226783+00:00,,Date.now,3788037800,0,c3ef3fbdd43f0dd5865a1652fa447c774869e86efba25ad910dffdea953f80a2,"[""C:\\Users\\mzyx\\Desktop\\0921\\js-interpreter-bench\\engines\\quickjs-upstream\\qjs.exe"", ""C:\\Users\\mzyx\\Desktop\\0921\\js-interpreter-bench\\experiments\\octane_strict\\generated\\EarleyBoyer.Earley.js"", ""STRICT_CONFIG={\""N\"":512,\""mode\"":\""measure\"",\""timer\"":\""Date.now\""}""]","OCTANE_STRICT_RESULT:{""suite"":""EarleyBoyer"",""benchmark"":""Earley"",""N"":512,""mode"":""measure"",""timer"":""Date.now"",""elapsed_ms"":3768,""elapsed_per_call_ms"":7.359375,""extra_validation_calls"":0,""correctness"":""PASS""}",,
v8_ignition,EarleyBoyer,Earley,23,716,512,1105,2.158203125,0,true,2026-09-27T17:40:23.390135+00:00,--max-opt=0 --no-lazy,Date.now,1146425700,0,c3ef3fbdd43f0dd5865a1652fa447c774869e86efba25ad910dffdea953f80a2,"[""C:\\Users\\mzyx\\Desktop\\0921\\js-interpreter-bench\\engines\\v8-official-15.6.21\\runtime\\d8.exe"", ""--snapshot_blob=C:\\Users\\mzyx\\Desktop\\0921\\js-interpreter-bench\\engines\\v8-official-15.6.21\\runtime\\snapshot_blob.bin"", ""--max-opt=0"", ""--no-lazy"", ""C:\\Users\\mzyx\\Desktop\\0921\\js-interpreter-bench\\experiments\\octane_strict\\generated\\EarleyBoyer.Earley.js"", ""--"", ""STRICT_CONFIG={\""N\"":512,\""mode\"":\""measure\"",\""timer\"":\""Date.now\""}""]","OCTANE_STRICT_RESULT:{""suite"":""EarleyBoyer"",""benchmark"":""Earley"",""N"":512,""mode"":""measure"",""timer"":""Date.now"",""elapsed_ms"":1105,""elapsed_per_call_ms"":2.158203125,""extra_validation_calls"":0,""correctness"":""PASS""}",,
quickjs,Crypto,Decrypt,23,717,16,1677,104.8125,0,true,2026-09-27T17:40:25.097440+00:00,,Date.now,1695156800,0,974b320858e72132edd4dd56da2f4582cbe4e99b10027c89dfa44b1ea1cd4591,"[""C:\\Users\\mzyx\\Desktop\\0921\\js-interpreter-bench\\engines\\quickjs-upstream\\qjs.exe"", ""C:\\Users\\mzyx\\Desktop\\0921\\js-interpreter-bench\\experiments\\octane_strict\\generated\\Crypto.Decrypt.js"", ""STRICT_CONFIG={\""N\"":16,\""mode\"":\""measure\"",\""timer\"":\""Date.now\""}""]","OCTANE_STRICT_RESULT:{""suite"":""Crypto"",""benchmark"":""Decrypt"",""N"":16,""mode"":""measure"",""timer"":""Date.now"",""elapsed_ms"":1677,""elapsed_per_call_ms"":104.8125,""extra_validation_calls"":0,""correctness"":""PASS""}",,
v8_ignition,Crypto,Decrypt,23,718,16,1443,90.1875,0,true,2026-09-27T17:40:26.593804+00:00,--max-opt=0 --no-lazy,Date.now,1485491400,0,974b320858e72132edd4dd56da2f4582cbe4e99b10027c89dfa44b1ea1cd4591,"[""C:\\Users\\mzyx\\Desktop\\0921\\js-interpreter-bench\\engines\\v8-official-15.6.21\\runtime\\d8.exe"", ""--snapshot_blob=C:\\Users\\mzyx\\Desktop\\0921\\js-interpreter-bench\\engines\\v8-official-15.6.21\\runtime\\snapshot_blob.bin"", ""--max-opt=0"", ""--no-lazy"", ""C:\\Users\\mzyx\\Desktop\\0921\\js-interpreter-bench\\experiments\\octane_strict\\generated\\Crypto.Decrypt.js"", ""--"", ""STRICT_CONFIG={\""N\"":16,\""mode\"":\""measure\"",\""timer\"":\""Date.now\""}""]","OCTANE_STRICT_RESULT:{""suite"":""Crypto"",""benchmark"":""Decrypt"",""N"":16,""mode"":""measure"",""timer"":""Date.now"",""elapsed_ms"":1443,""elapsed_per_call_ms"":90.1875,""extra_validation_calls"":0,""correctness"":""PASS""}",,
v8_ignition,Richards,Richards,23,719,512,1093,2.134765625,0,true,2026-09-27T17:40:27.735012+00:00,--max-opt=0 --no-lazy,Date.now,1129362900,0,d2207c68ebcf5db16fd42f8eb04fe21239b5f4726e5d3734ebd3c059754126a8,"[""C:\\Users\\mzyx\\Desktop\\0921\\js-interpreter-bench\\engines\\v8-official-15.6.21\\runtime\\d8.exe"", ""--snapshot_blob=C:\\Users\\mzyx\\Desktop\\0921\\js-interpreter-bench\\engines\\v8-official-15.6.21\\runtime\\snapshot_blob.bin"", ""--max-opt=0"", ""--no-lazy"", ""C:\\Users\\mzyx\\Desktop\\0921\\js-interpreter-bench\\experiments\\octane_strict\\generated\\Richards.Richards.js"", ""--"", ""STRICT_CONFIG={\""N\"":512,\""mode\"":\""measure\"",\""timer\"":\""Date.now\""}""]","OCTANE_STRICT_RESULT:{""suite"":""Richards"",""benchmark"":""Richards"",""N"":512,""mode"":""measure"",""timer"":""Date.now"",""elapsed_ms"":1093,""elapsed_per_call_ms"":2.134765625,""extra_validation_calls"":0,""correctness"":""PASS""}",,
quickjs,Richards,Richards,23,720,512,1961,3.830078125,0,true,2026-09-27T17:40:29.717837+00:00,,Date.now,1970971300,0,d2207c68ebcf5db16fd42f8eb04fe21239b5f4726e5d3734ebd3c059754126a8,"[""C:\\Users\\mzyx\\Desktop\\0921\\js-interpreter-bench\\engines\\quickjs-upstream\\qjs.exe"", ""C:\\Users\\mzyx\\Desktop\\0921\\js-interpreter-bench\\experiments\\octane_strict\\generated\\Richards.Richards.js"", ""STRICT_CONFIG={\""N\"":512,\""mode\"":\""measure\"",\""timer\"":\""Date.now\""}""]","OCTANE_STRICT_RESULT:{""suite"":""Richards"",""benchmark"":""Richards"",""N"":512,""mode"":""measure"",""timer"":""Date.now"",""elapsed_ms"":1961,""elapsed_per_call_ms"":3.830078125,""extra_validation_calls"":0,""correctness"":""PASS""}",,
quickjs,NavierStokes,NavierStokes,23,721,32,1976,61.75,0,true,2026-09-27T17:40:31.720210+00:00,,Date.now,1991274500,0,e86c3b0056fae99b5f0ffdb7d093b565b02987eef458b2c07ecb3fc39700ee3c,"[""C:\\Users\\mzyx\\Desktop\\0921\\js-interpreter-bench\\engines\\quickjs-upstream\\qjs.exe"", ""C:\\Users\\mzyx\\Desktop\\0921\\js-interpreter-bench\\experiments\\octane_strict\\generated\\NavierStokes.NavierStokes.js"", ""STRICT_CONFIG={\""N\"":32,\""mode\"":\""measure\"",\""timer\"":\""Date.now\""}""]","OCTANE_STRICT_RESULT:{""suite"":""NavierStokes"",""benchmark"":""NavierStokes"",""N"":32,""mode"":""measure"",""timer"":""Date.now"",""elapsed_ms"":1976,""elapsed_per_call_ms"":61.75,""extra_validation_calls"":0,""correctness"":""PASS""}",,
v8_ignition,NavierStokes,NavierStokes,23,722,32,2341,73.15625,0,true,2026-09-27T17:40:34.117055+00:00,--max-opt=0 --no-lazy,Date.now,2380967400,0,e86c3b0056fae99b5f0ffdb7d093b565b02987eef458b2c07ecb3fc39700ee3c,"[""C:\\Users\\mzyx\\Desktop\\0921\\js-interpreter-bench\\engines\\v8-official-15.6.21\\runtime\\d8.exe"", ""--snapshot_blob=C:\\Users\\mzyx\\Desktop\\0921\\js-interpreter-bench\\engines\\v8-official-15.6.21\\runtime\\snapshot_blob.bin"", ""--max-opt=0"", ""--no-lazy"", ""C:\\Users\\mzyx\\Desktop\\0921\\js-interpreter-bench\\experiments\\octane_strict\\generated\\NavierStokes.NavierStokes.js"", ""--"", ""STRICT_CONFIG={\""N\"":32,\""mode\"":\""measure\"",\""timer\"":\""Date.now\""}""]","OCTANE_STRICT_RESULT:{""suite"":""NavierStokes"",""benchmark"":""NavierStokes"",""N"":32,""mode"":""measure"",""timer"":""Date.now"",""elapsed_ms"":2341,""elapsed_per_call_ms"":73.15625,""extra_validation_calls"":0,""correctness"":""PASS""}",,
quickjs,Mandreel,Mandreel,23,723,1,1854,1854,0,true,2026-09-27T17:40:37.489524+00:00,,Date.now,3354895600,0,64fbf14da4005c4426dcdd6191a5f206fbcd9ce260549e924fd925408614702d,"[""C:\\Users\\mzyx\\Desktop\\0921\\js-interpreter-bench\\engines\\quickjs-upstream\\qjs.exe"", ""C:\\Users\\mzyx\\Desktop\\0921\\js-interpreter-bench\\experiments\\octane_strict\\generated\\Mandreel.Mandreel.js"", ""STRICT_CONFIG={\""N\"":1,\""mode\"":\""measure\"",\""timer\"":\""Date.now\""}""]","OCTANE_STRICT_RESULT:{""suite"":""Mandreel"",""benchmark"":""Mandreel"",""N"":1,""mode"":""measure"",""timer"":""Date.now"",""elapsed_ms"":1854,""elapsed_per_call_ms"":1854,""extra_validation_calls"":0,""correctness"":""PASS""}",,
v8_ignition,Mandreel,Mandreel,23,724,1,1438,1438,0,true,2026-09-27T17:40:40.332917+00:00,--max-opt=0 --no-lazy,Date.now,2816716000,0,64fbf14da4005c4426dcdd6191a5f206fbcd9ce260549e924fd925408614702d,"[""C:\\Users\\mzyx\\Desktop\\0921\\js-interpreter-bench\\engines\\v8-official-15.6.21\\runtime\\d8.exe"", ""--snapshot_blob=C:\\Users\\mzyx\\Desktop\\0921\\js-interpreter-bench\\engines\\v8-official-15.6.21\\runtime\\snapshot_blob.bin"", ""--max-opt=0"", ""--no-lazy"", ""C:\\Users\\mzyx\\Desktop\\0921\\js-interpreter-bench\\experiments\\octane_strict\\generated\\Mandreel.Mandreel.js"", ""--"", ""STRICT_CONFIG={\""N\"":1,\""mode\"":\""measure\"",\""timer\"":\""Date.now\""}""]","OCTANE_STRICT_RESULT:{""suite"":""Mandreel"",""benchmark"":""Mandreel"",""N"":1,""mode"":""measure"",""timer"":""Date.now"",""elapsed_ms"":1438,""elapsed_per_call_ms"":1438,""extra_validation_calls"":0,""correctness"":""PASS""}",,
v8_ignition,EarleyBoyer,Boyer,23,725,32,1294,40.4375,0,true,2026-09-27T17:40:41.686446+00:00,--max-opt=0 --no-lazy,Date.now,1336999200,0,e6d4262bd967274f8c7b66181bd6e39a9851606524faae200584e064d21b43b8,"[""C:\\Users\\mzyx\\Desktop\\0921\\js-interpreter-bench\\engines\\v8-official-15.6.21\\runtime\\d8.exe"", ""--snapshot_blob=C:\\Users\\mzyx\\Desktop\\0921\\js-interpreter-bench\\engines\\v8-official-15.6.21\\runtime\\snapshot_blob.bin"", ""--max-opt=0"", ""--no-lazy"", ""C:\\Users\\mzyx\\Desktop\\0921\\js-interpreter-bench\\experiments\\octane_strict\\generated\\EarleyBoyer.Boyer.js"", ""--"", ""STRICT_CONFIG={\""N\"":32,\""mode\"":\""measure\"",\""timer\"":\""Date.now\""}""]","OCTANE_STRICT_RESULT:{""suite"":""EarleyBoyer"",""benchmark"":""Boyer"",""N"":32,""mode"":""measure"",""timer"":""Date.now"",""elapsed_ms"":1294,""elapsed_per_call_ms"":40.4375,""extra_validation_calls"":0,""correctness"":""PASS""}",,
quickjs,EarleyBoyer,Boyer,23,726,32,3719,116.21875,0,true,2026-09-27T17:40:45.439033+00:00,,Date.now,3741412900,0,e6d4262bd967274f8c7b66181bd6e39a9851606524faae200584e064d21b43b8,"[""C:\\Users\\mzyx\\Desktop\\0921\\js-interpreter-bench\\engines\\quickjs-upstream\\qjs.exe"", ""C:\\Users\\mzyx\\Desktop\\0921\\js-interpreter-bench\\experiments\\octane_strict\\generated\\EarleyBoyer.Boyer.js"", ""STRICT_CONFIG={\""N\"":32,\""mode\"":\""measure\"",\""timer\"":\""Date.now\""}""]","OCTANE_STRICT_RESULT:{""suite"":""EarleyBoyer"",""benchmark"":""Boyer"",""N"":32,""mode"":""measure"",""timer"":""Date.now"",""elapsed_ms"":3719,""elapsed_per_call_ms"":116.21875,""extra_validation_calls"":0,""correctness"":""PASS""}",,
v8_ignition,PdfJS,PdfJS,23,727,16,1705,106.5625,0,true,2026-09-27T17:40:47.315450+00:00,--max-opt=0 --no-lazy,Date.now,1858142800,0,f1966230e4a00bc61dc4c00fd600486e941235c3ee8206f897bd148dfd6e630b,"[""C:\\Users\\mzyx\\Desktop\\0921\\js-interpreter-bench\\engines\\v8-official-15.6.21\\runtime\\d8.exe"", ""--snapshot_blob=C:\\Users\\mzyx\\Desktop\\0921\\js-interpreter-bench\\engines\\v8-official-15.6.21\\runtime\\snapshot_blob.bin"", ""--max-opt=0"", ""--no-lazy"", ""C:\\Users\\mzyx\\Desktop\\0921\\js-interpreter-bench\\experiments\\octane_strict\\generated\\PdfJS.PdfJS.js"", ""--"", ""STRICT_CONFIG={\""N\"":16,\""mode\"":\""measure\"",\""timer\"":\""Date.now\""}""]","OCTANE_STRICT_RESULT:{""suite"":""PdfJS"",""benchmark"":""PdfJS"",""N"":16,""mode"":""measure"",""timer"":""Date.now"",""elapsed_ms"":1705,""elapsed_per_call_ms"":106.5625,""extra_validation_calls"":0,""correctness"":""PASS""}",,
quickjs,PdfJS,PdfJS,23,728,16,3228,201.75,0,true,2026-09-27T17:40:50.781787+00:00,,Date.now,3449820100,0,f1966230e4a00bc61dc4c00fd600486e941235c3ee8206f897bd148dfd6e630b,"[""C:\\Users\\mzyx\\Desktop\\0921\\js-interpreter-bench\\engines\\quickjs-upstream\\qjs.exe"", ""C:\\Users\\mzyx\\Desktop\\0921\\js-interpreter-bench\\experiments\\octane_strict\\generated\\PdfJS.PdfJS.js"", ""STRICT_CONFIG={\""N\"":16,\""mode\"":\""measure\"",\""timer\"":\""Date.now\""}""]","OCTANE_STRICT_RESULT:{""suite"":""PdfJS"",""benchmark"":""PdfJS"",""N"":16,""mode"":""measure"",""timer"":""Date.now"",""elapsed_ms"":3228,""elapsed_per_call_ms"":201.75,""extra_validation_calls"":0,""correctness"":""PASS""}",,
v8_ignition,RayTrace,RayTrace,23,729,64,1101,17.203125,0,true,2026-09-27T17:40:51.932034+00:00,--max-opt=0 --no-lazy,Date.now,1138087200,0,fb0af35ee1cbd7396c6b23184a123f87ce6f9d1d8e29a2dcbc3bf86a98f3ae33,"[""C:\\Users\\mzyx\\Desktop\\0921\\js-interpreter-bench\\engines\\v8-official-15.6.21\\runtime\\d8.exe"", ""--snapshot_blob=C:\\Users\\mzyx\\Desktop\\0921\\js-interpreter-bench\\engines\\v8-official-15.6.21\\runtime\\snapshot_blob.bin"", ""--max-opt=0"", ""--no-lazy"", ""C:\\Users\\mzyx\\Desktop\\0921\\js-interpreter-bench\\experiments\\octane_strict\\generated\\RayTrace.RayTrace.js"", ""--"", ""STRICT_CONFIG={\""N\"":64,\""mode\"":\""measure\"",\""timer\"":\""Date.now\""}""]","OCTANE_STRICT_RESULT:{""suite"":""RayTrace"",""benchmark"":""RayTrace"",""N"":64,""mode"":""measure"",""timer"":""Date.now"",""elapsed_ms"":1101,""elapsed_per_call_ms"":17.203125,""extra_validation_calls"":0,""correctness"":""PASS""}",,
quickjs,RayTrace,RayTrace,23,730,64,2569,40.140625,0,true,2026-09-27T17:40:54.523342+00:00,,Date.now,2579291400,0,fb0af35ee1cbd7396c6b23184a123f87ce6f9d1d8e29a2dcbc3bf86a98f3ae33,"[""C:\\Users\\mzyx\\Desktop\\0921\\js-interpreter-bench\\engines\\quickjs-upstream\\qjs.exe"", ""C:\\Users\\mzyx\\Desktop\\0921\\js-interpreter-bench\\experiments\\octane_strict\\generated\\RayTrace.RayTrace.js"", ""STRICT_CONFIG={\""N\"":64,\""mode\"":\""measure\"",\""timer\"":\""Date.now\""}""]","OCTANE_STRICT_RESULT:{""suite"":""RayTrace"",""benchmark"":""RayTrace"",""N"":64,""mode"":""measure"",""timer"":""Date.now"",""elapsed_ms"":2569,""elapsed_per_call_ms"":40.140625,""extra_validation_calls"":0,""correctness"":""PASS""}",,
quickjs,RegExp,RegExp,23,731,64,14630,228.59375,0,true,2026-09-27T17:41:09.201315+00:00,,Date.now,14661850900,0,881c9e28610ead1d8cbf528614032c48b8faa700f0e4177198bbb22f15a19111,"[""C:\\Users\\mzyx\\Desktop\\0921\\js-interpreter-bench\\engines\\quickjs-upstream\\qjs.exe"", ""C:\\Users\\mzyx\\Desktop\\0921\\js-interpreter-bench\\experiments\\octane_strict\\generated\\RegExp.RegExp.js"", ""STRICT_CONFIG={\""N\"":64,\""mode\"":\""measure\"",\""timer\"":\""Date.now\""}""]","OCTANE_STRICT_RESULT:{""suite"":""RegExp"",""benchmark"":""RegExp"",""N"":64,""mode"":""measure"",""timer"":""Date.now"",""elapsed_ms"":14630,""elapsed_per_call_ms"":228.59375,""extra_validation_calls"":0,""correctness"":""PASS""}",,
v8_ignition,RegExp,RegExp,23,732,64,1230,19.21875,0,true,2026-09-27T17:41:10.502536+00:00,--max-opt=0 --no-lazy,Date.now,1289480500,0,881c9e28610ead1d8cbf528614032c48b8faa700f0e4177198bbb22f15a19111,"[""C:\\Users\\mzyx\\Desktop\\0921\\js-interpreter-bench\\engines\\v8-official-15.6.21\\runtime\\d8.exe"", ""--snapshot_blob=C:\\Users\\mzyx\\Desktop\\0921\\js-interpreter-bench\\engines\\v8-official-15.6.21\\runtime\\snapshot_blob.bin"", ""--max-opt=0"", ""--no-lazy"", ""C:\\Users\\mzyx\\Desktop\\0921\\js-interpreter-bench\\experiments\\octane_strict\\generated\\RegExp.RegExp.js"", ""--"", ""STRICT_CONFIG={\""N\"":64,\""mode\"":\""measure\"",\""timer\"":\""Date.now\""}""]","OCTANE_STRICT_RESULT:{""suite"":""RegExp"",""benchmark"":""RegExp"",""N"":64,""mode"":""measure"",""timer"":""Date.now"",""elapsed_ms"":1230,""elapsed_per_call_ms"":19.21875,""extra_validation_calls"":0,""correctness"":""PASS""}",,
v8_ignition,Crypto,Encrypt,23,733,256,1232,4.8125,0,true,2026-09-27T17:41:11.877974+00:00,--max-opt=0 --no-lazy,Date.now,1364148000,0,c73b9c8626ff5488b879ff453a865c03adf87602c6d302855f1c6e0f91b57c92,"[""C:\\Users\\mzyx\\Desktop\\0921\\js-interpreter-bench\\engines\\v8-official-15.6.21\\runtime\\d8.exe"", ""--snapshot_blob=C:\\Users\\mzyx\\Desktop\\0921\\js-interpreter-bench\\engines\\v8-official-15.6.21\\runtime\\snapshot_blob.bin"", ""--max-opt=0"", ""--no-lazy"", ""C:\\Users\\mzyx\\Desktop\\0921\\js-interpreter-bench\\experiments\\octane_strict\\generated\\Crypto.Encrypt.js"", ""--"", ""STRICT_CONFIG={\""N\"":256,\""mode\"":\""measure\"",\""timer\"":\""Date.now\""}""]","OCTANE_STRICT_RESULT:{""suite"":""Crypto"",""benchmark"":""Encrypt"",""N"":256,""mode"":""measure"",""timer"":""Date.now"",""elapsed_ms"":1232,""elapsed_per_call_ms"":4.8125,""extra_validation_calls"":0,""correctness"":""PASS""}",,
quickjs,Crypto,Encrypt,23,734,256,1376,5.375,0,true,2026-09-27T17:41:13.378662+00:00,,Date.now,1488820200,0,c73b9c8626ff5488b879ff453a865c03adf87602c6d302855f1c6e0f91b57c92,"[""C:\\Users\\mzyx\\Desktop\\0921\\js-interpreter-bench\\engines\\quickjs-upstream\\qjs.exe"", ""C:\\Users\\mzyx\\Desktop\\0921\\js-interpreter-bench\\experiments\\octane_strict\\generated\\Crypto.Encrypt.js"", ""STRICT_CONFIG={\""N\"":256,\""mode\"":\""measure\"",\""timer\"":\""Date.now\""}""]","OCTANE_STRICT_RESULT:{""suite"":""Crypto"",""benchmark"":""Encrypt"",""N"":256,""mode"":""measure"",""timer"":""Date.now"",""elapsed_ms"":1376,""elapsed_per_call_ms"":5.375,""extra_validation_calls"":0,""correctness"":""PASS""}",,
quickjs,CodeLoad,CodeLoadClosure,23,735,4096,2454,0.59912109375,0,true,2026-09-27T17:41:15.982477+00:00,,Date.now,2593657500,0,9c3f2890631a64f3776ae7d0cbc83510f2cadc62313f8e27b4ab278dd94390e8,"[""C:\\Users\\mzyx\\Desktop\\0921\\js-interpreter-bench\\engines\\quickjs-upstream\\qjs.exe"", ""C:\\Users\\mzyx\\Desktop\\0921\\js-interpreter-bench\\experiments\\octane_strict\\generated\\CodeLoad.CodeLoadClosure.js"", ""STRICT_CONFIG={\""N\"":4096,\""mode\"":\""measure\"",\""timer\"":\""Date.now\""}""]","OCTANE_STRICT_RESULT:{""suite"":""CodeLoad"",""benchmark"":""CodeLoadClosure"",""N"":4096,""mode"":""measure"",""timer"":""Date.now"",""elapsed_ms"":2454,""elapsed_per_call_ms"":0.59912109375,""extra_validation_calls"":0,""correctness"":""PASS""}",,
v8_ignition,CodeLoad,CodeLoadClosure,23,736,4096,1168,0.28515625,0,true,2026-09-27T17:41:17.221190+00:00,--max-opt=0 --no-lazy,Date.now,1219591200,0,9c3f2890631a64f3776ae7d0cbc83510f2cadc62313f8e27b4ab278dd94390e8,"[""C:\\Users\\mzyx\\Desktop\\0921\\js-interpreter-bench\\engines\\v8-official-15.6.21\\runtime\\d8.exe"", ""--snapshot_blob=C:\\Users\\mzyx\\Desktop\\0921\\js-interpreter-bench\\engines\\v8-official-15.6.21\\runtime\\snapshot_blob.bin"", ""--max-opt=0"", ""--no-lazy"", ""C:\\Users\\mzyx\\Desktop\\0921\\js-interpreter-bench\\experiments\\octane_strict\\generated\\CodeLoad.CodeLoadClosure.js"", ""--"", ""STRICT_CONFIG={\""N\"":4096,\""mode\"":\""measure\"",\""timer\"":\""Date.now\""}""]","OCTANE_STRICT_RESULT:{""suite"":""CodeLoad"",""benchmark"":""CodeLoadClosure"",""N"":4096,""mode"":""measure"",""timer"":""Date.now"",""elapsed_ms"":1168,""elapsed_per_call_ms"":0.28515625,""extra_validation_calls"":0,""correctness"":""PASS""}",,
quickjs,EarleyBoyer,Boyer,24,737,32,3715,116.09375,0,true,2026-09-27T17:41:20.974063+00:00,,Date.now,3738332700,0,e6d4262bd967274f8c7b66181bd6e39a9851606524faae200584e064d21b43b8,"[""C:\\Users\\mzyx\\Desktop\\0921\\js-interpreter-bench\\engines\\quickjs-upstream\\qjs.exe"", ""C:\\Users\\mzyx\\Desktop\\0921\\js-interpreter-bench\\experiments\\octane_strict\\generated\\EarleyBoyer.Boyer.js"", ""STRICT_CONFIG={\""N\"":32,\""mode\"":\""measure\"",\""timer\"":\""Date.now\""}""]","OCTANE_STRICT_RESULT:{""suite"":""EarleyBoyer"",""benchmark"":""Boyer"",""N"":32,""mode"":""measure"",""timer"":""Date.now"",""elapsed_ms"":3715,""elapsed_per_call_ms"":116.09375,""extra_validation_calls"":0,""correctness"":""PASS""}",,
v8_ignition,EarleyBoyer,Boyer,24,738,32,1291,40.34375,0,true,2026-09-27T17:41:22.322279+00:00,--max-opt=0 --no-lazy,Date.now,1336343200,0,e6d4262bd967274f8c7b66181bd6e39a9851606524faae200584e064d21b43b8,"[""C:\\Users\\mzyx\\Desktop\\0921\\js-interpreter-bench\\engines\\v8-official-15.6.21\\runtime\\d8.exe"", ""--snapshot_blob=C:\\Users\\mzyx\\Desktop\\0921\\js-interpreter-bench\\engines\\v8-official-15.6.21\\runtime\\snapshot_blob.bin"", ""--max-opt=0"", ""--no-lazy"", ""C:\\Users\\mzyx\\Desktop\\0921\\js-interpreter-bench\\experiments\\octane_strict\\generated\\EarleyBoyer.Boyer.js"", ""--"", ""STRICT_CONFIG={\""N\"":32,\""mode\"":\""measure\"",\""timer\"":\""Date.now\""}""]","OCTANE_STRICT_RESULT:{""suite"":""EarleyBoyer"",""benchmark"":""Boyer"",""N"":32,""mode"":""measure"",""timer"":""Date.now"",""elapsed_ms"":1291,""elapsed_per_call_ms"":40.34375,""extra_validation_calls"":0,""correctness"":""PASS""}",,
v8_ignition,DeltaBlue,DeltaBlue,24,739,512,1928,3.765625,0,true,2026-09-27T17:41:24.297466+00:00,--max-opt=0 --no-lazy,Date.now,1963781400,0,8542689bb308963c4feefd143c1707791e271d609ef4c476eb9c3dfdeeec539f,"[""C:\\Users\\mzyx\\Desktop\\0921\\js-interpreter-bench\\engines\\v8-official-15.6.21\\runtime\\d8.exe"", ""--snapshot_blob=C:\\Users\\mzyx\\Desktop\\0921\\js-interpreter-bench\\engines\\v8-official-15.6.21\\runtime\\snapshot_blob.bin"", ""--max-opt=0"", ""--no-lazy"", ""C:\\Users\\mzyx\\Desktop\\0921\\js-interpreter-bench\\experiments\\octane_strict\\generated\\DeltaBlue.DeltaBlue.js"", ""--"", ""STRICT_CONFIG={\""N\"":512,\""mode\"":\""measure\"",\""timer\"":\""Date.now\""}""]","OCTANE_STRICT_RESULT:{""suite"":""DeltaBlue"",""benchmark"":""DeltaBlue"",""N"":512,""mode"":""measure"",""timer"":""Date.now"",""elapsed_ms"":1928,""elapsed_per_call_ms"":3.765625,""extra_validation_calls"":0,""correctness"":""PASS""}",,
quickjs,DeltaBlue,DeltaBlue,24,740,512,3906,7.62890625,0,true,2026-09-27T17:41:28.224845+00:00,,Date.now,3917260200,0,8542689bb308963c4feefd143c1707791e271d609ef4c476eb9c3dfdeeec539f,"[""C:\\Users\\mzyx\\Desktop\\0921\\js-interpreter-bench\\engines\\quickjs-upstream\\qjs.exe"", ""C:\\Users\\mzyx\\Desktop\\0921\\js-interpreter-bench\\experiments\\octane_strict\\generated\\DeltaBlue.DeltaBlue.js"", ""STRICT_CONFIG={\""N\"":512,\""mode\"":\""measure\"",\""timer\"":\""Date.now\""}""]","OCTANE_STRICT_RESULT:{""suite"":""DeltaBlue"",""benchmark"":""DeltaBlue"",""N"":512,""mode"":""measure"",""timer"":""Date.now"",""elapsed_ms"":3906,""elapsed_per_call_ms"":7.62890625,""extra_validation_calls"":0,""correctness"":""PASS""}",,
quickjs,Gameboy,Gameboy,24,741,4,1440,360,0,true,2026-09-27T17:41:29.725255+00:00,,Date.now,1482557900,0,3fc599b60ec8be6d0ab60d00add662dde31374ecb5b24167384d72d325a08a21,"[""C:\\Users\\mzyx\\Desktop\\0921\\js-interpreter-bench\\engines\\quickjs-upstream\\qjs.exe"", ""C:\\Users\\mzyx\\Desktop\\0921\\js-interpreter-bench\\experiments\\octane_strict\\generated\\Gameboy.Gameboy.js"", ""STRICT_CONFIG={\""N\"":4,\""mode\"":\""measure\"",\""timer\"":\""Date.now\""}""]","OCTANE_STRICT_RESULT:{""suite"":""Gameboy"",""benchmark"":""Gameboy"",""N"":4,""mode"":""measure"",""timer"":""Date.now"",""elapsed_ms"":1440,""elapsed_per_call_ms"":360,""extra_validation_calls"":0,""correctness"":""PASS""}",,
v8_ignition,Gameboy,Gameboy,24,742,4,1187,296.75,0,true,2026-09-27T17:41:30.983600+00:00,--max-opt=0 --no-lazy,Date.now,1245758400,0,3fc599b60ec8be6d0ab60d00add662dde31374ecb5b24167384d72d325a08a21,"[""C:\\Users\\mzyx\\Desktop\\0921\\js-interpreter-bench\\engines\\v8-official-15.6.21\\runtime\\d8.exe"", ""--snapshot_blob=C:\\Users\\mzyx\\Desktop\\0921\\js-interpreter-bench\\engines\\v8-official-15.6.21\\runtime\\snapshot_blob.bin"", ""--max-opt=0"", ""--no-lazy"", ""C:\\Users\\mzyx\\Desktop\\0921\\js-interpreter-bench\\experiments\\octane_strict\\generated\\Gameboy.Gameboy.js"", ""--"", ""STRICT_CONFIG={\""N\"":4,\""mode\"":\""measure\"",\""timer\"":\""Date.now\""}""]","OCTANE_STRICT_RESULT:{""suite"":""Gameboy"",""benchmark"":""Gameboy"",""N"":4,""mode"":""measure"",""timer"":""Date.now"",""elapsed_ms"":1187,""elapsed_per_call_ms"":296.75,""extra_validation_calls"":0,""correctness"":""PASS""}",,
quickjs,Crypto,Encrypt,24,743,256,1369,5.34765625,0,true,2026-09-27T17:41:32.473983+00:00,,Date.now,1479960100,0,c73b9c8626ff5488b879ff453a865c03adf87602c6d302855f1c6e0f91b57c92,"[""C:\\Users\\mzyx\\Desktop\\0921\\js-interpreter-bench\\engines\\quickjs-upstream\\qjs.exe"", ""C:\\Users\\mzyx\\Desktop\\0921\\js-interpreter-bench\\experiments\\octane_strict\\generated\\Crypto.Encrypt.js"", ""STRICT_CONFIG={\""N\"":256,\""mode\"":\""measure\"",\""timer\"":\""Date.now\""}""]","OCTANE_STRICT_RESULT:{""suite"":""Crypto"",""benchmark"":""Encrypt"",""N"":256,""mode"":""measure"",""timer"":""Date.now"",""elapsed_ms"":1369,""elapsed_per_call_ms"":5.34765625,""extra_validation_calls"":0,""correctness"":""PASS""}",,
v8_ignition,Crypto,Encrypt,24,744,256,1235,4.82421875,0,true,2026-09-27T17:41:33.846576+00:00,--max-opt=0 --no-lazy,Date.now,1360891500,0,c73b9c8626ff5488b879ff453a865c03adf87602c6d302855f1c6e0f91b57c92,"[""C:\\Users\\mzyx\\Desktop\\0921\\js-interpreter-bench\\engines\\v8-official-15.6.21\\runtime\\d8.exe"", ""--snapshot_blob=C:\\Users\\mzyx\\Desktop\\0921\\js-interpreter-bench\\engines\\v8-official-15.6.21\\runtime\\snapshot_blob.bin"", ""--max-opt=0"", ""--no-lazy"", ""C:\\Users\\mzyx\\Desktop\\0921\\js-interpreter-bench\\experiments\\octane_strict\\generated\\Crypto.Encrypt.js"", ""--"", ""STRICT_CONFIG={\""N\"":256,\""mode\"":\""measure\"",\""timer\"":\""Date.now\""}""]","OCTANE_STRICT_RESULT:{""suite"":""Crypto"",""benchmark"":""Encrypt"",""N"":256,""mode"":""measure"",""timer"":""Date.now"",""elapsed_ms"":1235,""elapsed_per_call_ms"":4.82421875,""extra_validation_calls"":0,""correctness"":""PASS""}",,
v8_ignition,NavierStokes,NavierStokes,24,745,32,2272,71,0,true,2026-09-27T17:41:36.170496+00:00,--max-opt=0 --no-lazy,Date.now,2312912500,0,e86c3b0056fae99b5f0ffdb7d093b565b02987eef458b2c07ecb3fc39700ee3c,"[""C:\\Users\\mzyx\\Desktop\\0921\\js-interpreter-bench\\engines\\v8-official-15.6.21\\runtime\\d8.exe"", ""--snapshot_blob=C:\\Users\\mzyx\\Desktop\\0921\\js-interpreter-bench\\engines\\v8-official-15.6.21\\runtime\\snapshot_blob.bin"", ""--max-opt=0"", ""--no-lazy"", ""C:\\Users\\mzyx\\Desktop\\0921\\js-interpreter-bench\\experiments\\octane_strict\\generated\\NavierStokes.NavierStokes.js"", ""--"", ""STRICT_CONFIG={\""N\"":32,\""mode\"":\""measure\"",\""timer\"":\""Date.now\""}""]","OCTANE_STRICT_RESULT:{""suite"":""NavierStokes"",""benchmark"":""NavierStokes"",""N"":32,""mode"":""measure"",""timer"":""Date.now"",""elapsed_ms"":2272,""elapsed_per_call_ms"":71,""extra_validation_calls"":0,""correctness"":""PASS""}",,
quickjs,NavierStokes,NavierStokes,24,746,32,1893,59.15625,0,true,2026-09-27T17:41:38.083922+00:00,,Date.now,1909086600,0,e86c3b0056fae99b5f0ffdb7d093b565b02987eef458b2c07ecb3fc39700ee3c,"[""C:\\Users\\mzyx\\Desktop\\0921\\js-interpreter-bench\\engines\\quickjs-upstream\\qjs.exe"", ""C:\\Users\\mzyx\\Desktop\\0921\\js-interpreter-bench\\experiments\\octane_strict\\generated\\NavierStokes.NavierStokes.js"", ""STRICT_CONFIG={\""N\"":32,\""mode\"":\""measure\"",\""timer\"":\""Date.now\""}""]","OCTANE_STRICT_RESULT:{""suite"":""NavierStokes"",""benchmark"":""NavierStokes"",""N"":32,""mode"":""measure"",""timer"":""Date.now"",""elapsed_ms"":1893,""elapsed_per_call_ms"":59.15625,""extra_validation_calls"":0,""correctness"":""PASS""}",,
quickjs,CodeLoad,CodeLoadJQuery,24,747,256,2775,10.83984375,0,true,2026-09-27T17:41:40.889465+00:00,,Date.now,2788394000,0,20f796e914b6995cc6114a2de2953e5cf5dd579501264d69dd26188909f790af,"[""C:\\Users\\mzyx\\Desktop\\0921\\js-interpreter-bench\\engines\\quickjs-upstream\\qjs.exe"", ""C:\\Users\\mzyx\\Desktop\\0921\\js-interpreter-bench\\experiments\\octane_strict\\generated\\CodeLoad.CodeLoadJQuery.js"", ""STRICT_CONFIG={\""N\"":256,\""mode\"":\""measure\"",\""timer\"":\""Date.now\""}""]","OCTANE_STRICT_RESULT:{""suite"":""CodeLoad"",""benchmark"":""CodeLoadJQuery"",""N"":256,""mode"":""measure"",""timer"":""Date.now"",""elapsed_ms"":2775,""elapsed_per_call_ms"":10.83984375,""extra_validation_calls"":0,""correctness"":""PASS""}",,
v8_ignition,CodeLoad,CodeLoadJQuery,24,748,256,1073,4.19140625,0,true,2026-09-27T17:41:42.018119+00:00,--max-opt=0 --no-lazy,Date.now,1117254600,0,20f796e914b6995cc6114a2de2953e5cf5dd579501264d69dd26188909f790af,"[""C:\\Users\\mzyx\\Desktop\\0921\\js-interpreter-bench\\engines\\v8-official-15.6.21\\runtime\\d8.exe"", ""--snapshot_blob=C:\\Users\\mzyx\\Desktop\\0921\\js-interpreter-bench\\engines\\v8-official-15.6.21\\runtime\\snapshot_blob.bin"", ""--max-opt=0"", ""--no-lazy"", ""C:\\Users\\mzyx\\Desktop\\0921\\js-interpreter-bench\\experiments\\octane_strict\\generated\\CodeLoad.CodeLoadJQuery.js"", ""--"", ""STRICT_CONFIG={\""N\"":256,\""mode\"":\""measure\"",\""timer\"":\""Date.now\""}""]","OCTANE_STRICT_RESULT:{""suite"":""CodeLoad"",""benchmark"":""CodeLoadJQuery"",""N"":256,""mode"":""measure"",""timer"":""Date.now"",""elapsed_ms"":1073,""elapsed_per_call_ms"":4.19140625,""extra_validation_calls"":0,""correctness"":""PASS""}",,
v8_ignition,EarleyBoyer,Earley,24,749,512,1109,2.166015625,0,true,2026-09-27T17:41:43.180947+00:00,--max-opt=0 --no-lazy,Date.now,1151223600,0,c3ef3fbdd43f0dd5865a1652fa447c774869e86efba25ad910dffdea953f80a2,"[""C:\\Users\\mzyx\\Desktop\\0921\\js-interpreter-bench\\engines\\v8-official-15.6.21\\runtime\\d8.exe"", ""--snapshot_blob=C:\\Users\\mzyx\\Desktop\\0921\\js-interpreter-bench\\engines\\v8-official-15.6.21\\runtime\\snapshot_blob.bin"", ""--max-opt=0"", ""--no-lazy"", ""C:\\Users\\mzyx\\Desktop\\0921\\js-interpreter-bench\\experiments\\octane_strict\\generated\\EarleyBoyer.Earley.js"", ""--"", ""STRICT_CONFIG={\""N\"":512,\""mode\"":\""measure\"",\""timer\"":\""Date.now\""}""]","OCTANE_STRICT_RESULT:{""suite"":""EarleyBoyer"",""benchmark"":""Earley"",""N"":512,""mode"":""measure"",""timer"":""Date.now"",""elapsed_ms"":1109,""elapsed_per_call_ms"":2.166015625,""extra_validation_calls"":0,""correctness"":""PASS""}",,
quickjs,EarleyBoyer,Earley,24,750,512,3739,7.302734375,0,true,2026-09-27T17:41:46.952796+00:00,,Date.now,3760653200,0,c3ef3fbdd43f0dd5865a1652fa447c774869e86efba25ad910dffdea953f80a2,"[""C:\\Users\\mzyx\\Desktop\\0921\\js-interpreter-bench\\engines\\quickjs-upstream\\qjs.exe"", ""C:\\Users\\mzyx\\Desktop\\0921\\js-interpreter-bench\\experiments\\octane_strict\\generated\\EarleyBoyer.Earley.js"", ""STRICT_CONFIG={\""N\"":512,\""mode\"":\""measure\"",\""timer\"":\""Date.now\""}""]","OCTANE_STRICT_RESULT:{""suite"":""EarleyBoyer"",""benchmark"":""Earley"",""N"":512,""mode"":""measure"",""timer"":""Date.now"",""elapsed_ms"":3739,""elapsed_per_call_ms"":7.302734375,""extra_validation_calls"":0,""correctness"":""PASS""}",,
v8_ignition,CodeLoad,CodeLoadClosure,24,751,4096,1183,0.288818359375,0,true,2026-09-27T17:41:48.210763+00:00,--max-opt=0 --no-lazy,Date.now,1236772600,0,9c3f2890631a64f3776ae7d0cbc83510f2cadc62313f8e27b4ab278dd94390e8,"[""C:\\Users\\mzyx\\Desktop\\0921\\js-interpreter-bench\\engines\\v8-official-15.6.21\\runtime\\d8.exe"", ""--snapshot_blob=C:\\Users\\mzyx\\Desktop\\0921\\js-interpreter-bench\\engines\\v8-official-15.6.21\\runtime\\snapshot_blob.bin"", ""--max-opt=0"", ""--no-lazy"", ""C:\\Users\\mzyx\\Desktop\\0921\\js-interpreter-bench\\experiments\\octane_strict\\generated\\CodeLoad.CodeLoadClosure.js"", ""--"", ""STRICT_CONFIG={\""N\"":4096,\""mode\"":\""measure\"",\""timer\"":\""Date.now\""}""]","OCTANE_STRICT_RESULT:{""suite"":""CodeLoad"",""benchmark"":""CodeLoadClosure"",""N"":4096,""mode"":""measure"",""timer"":""Date.now"",""elapsed_ms"":1183,""elapsed_per_call_ms"":0.288818359375,""extra_validation_calls"":0,""correctness"":""PASS""}",,
quickjs,CodeLoad,CodeLoadClosure,24,752,4096,2462,0.60107421875,0,true,2026-09-27T17:41:50.818212+00:00,,Date.now,2596170400,0,9c3f2890631a64f3776ae7d0cbc83510f2cadc62313f8e27b4ab278dd94390e8,"[""C:\\Users\\mzyx\\Desktop\\0921\\js-interpreter-bench\\engines\\quickjs-upstream\\qjs.exe"", ""C:\\Users\\mzyx\\Desktop\\0921\\js-interpreter-bench\\experiments\\octane_strict\\generated\\CodeLoad.CodeLoadClosure.js"", ""STRICT_CONFIG={\""N\"":4096,\""mode\"":\""measure\"",\""timer\"":\""Date.now\""}""]","OCTANE_STRICT_RESULT:{""suite"":""CodeLoad"",""benchmark"":""CodeLoadClosure"",""N"":4096,""mode"":""measure"",""timer"":""Date.now"",""elapsed_ms"":2462,""elapsed_per_call_ms"":0.60107421875,""extra_validation_calls"":0,""correctness"":""PASS""}",,
quickjs,Richards,Richards,24,753,512,1942,3.79296875,0,true,2026-09-27T17:41:52.781566+00:00,,Date.now,1951805200,0,d2207c68ebcf5db16fd42f8eb04fe21239b5f4726e5d3734ebd3c059754126a8,"[""C:\\Users\\mzyx\\Desktop\\0921\\js-interpreter-bench\\engines\\quickjs-upstream\\qjs.exe"", ""C:\\Users\\mzyx\\Desktop\\0921\\js-interpreter-bench\\experiments\\octane_strict\\generated\\Richards.Richards.js"", ""STRICT_CONFIG={\""N\"":512,\""mode\"":\""measure\"",\""timer\"":\""Date.now\""}""]","OCTANE_STRICT_RESULT:{""suite"":""Richards"",""benchmark"":""Richards"",""N"":512,""mode"":""measure"",""timer"":""Date.now"",""elapsed_ms"":1942,""elapsed_per_call_ms"":3.79296875,""extra_validation_calls"":0,""correctness"":""PASS""}",,
v8_ignition,Richards,Richards,24,754,512,1097,2.142578125,0,true,2026-09-27T17:41:53.926279+00:00,--max-opt=0 --no-lazy,Date.now,1133264900,0,d2207c68ebcf5db16fd42f8eb04fe21239b5f4726e5d3734ebd3c059754126a8,"[""C:\\Users\\mzyx\\Desktop\\0921\\js-interpreter-bench\\engines\\v8-official-15.6.21\\runtime\\d8.exe"", ""--snapshot_blob=C:\\Users\\mzyx\\Desktop\\0921\\js-interpreter-bench\\engines\\v8-official-15.6.21\\runtime\\snapshot_blob.bin"", ""--max-opt=0"", ""--no-lazy"", ""C:\\Users\\mzyx\\Desktop\\0921\\js-interpreter-bench\\experiments\\octane_strict\\generated\\Richards.Richards.js"", ""--"", ""STRICT_CONFIG={\""N\"":512,\""mode\"":\""measure\"",\""timer\"":\""Date.now\""}""]","OCTANE_STRICT_RESULT:{""suite"":""Richards"",""benchmark"":""Richards"",""N"":512,""mode"":""measure"",""timer"":""Date.now"",""elapsed_ms"":1097,""elapsed_per_call_ms"":2.142578125,""extra_validation_calls"":0,""correctness"":""PASS""}",,
v8_ignition,Crypto,Decrypt,24,755,16,1420,88.75,0,true,2026-09-27T17:41:55.400138+00:00,--max-opt=0 --no-lazy,Date.now,1463078900,0,974b320858e72132edd4dd56da2f4582cbe4e99b10027c89dfa44b1ea1cd4591,"[""C:\\Users\\mzyx\\Desktop\\0921\\js-interpreter-bench\\engines\\v8-official-15.6.21\\runtime\\d8.exe"", ""--snapshot_blob=C:\\Users\\mzyx\\Desktop\\0921\\js-interpreter-bench\\engines\\v8-official-15.6.21\\runtime\\snapshot_blob.bin"", ""--max-opt=0"", ""--no-lazy"", ""C:\\Users\\mzyx\\Desktop\\0921\\js-interpreter-bench\\experiments\\octane_strict\\generated\\Crypto.Decrypt.js"", ""--"", ""STRICT_CONFIG={\""N\"":16,\""mode\"":\""measure\"",\""timer\"":\""Date.now\""}""]","OCTANE_STRICT_RESULT:{""suite"":""Crypto"",""benchmark"":""Decrypt"",""N"":16,""mode"":""measure"",""timer"":""Date.now"",""elapsed_ms"":1420,""elapsed_per_call_ms"":88.75,""extra_validation_calls"":0,""correctness"":""PASS""}",,
quickjs,Crypto,Decrypt,24,756,16,1597,99.8125,0,true,2026-09-27T17:41:57.028613+00:00,,Date.now,1616038400,0,974b320858e72132edd4dd56da2f4582cbe4e99b10027c89dfa44b1ea1cd4591,"[""C:\\Users\\mzyx\\Desktop\\0921\\js-interpreter-bench\\engines\\quickjs-upstream\\qjs.exe"", ""C:\\Users\\mzyx\\Desktop\\0921\\js-interpreter-bench\\experiments\\octane_strict\\generated\\Crypto.Decrypt.js"", ""STRICT_CONFIG={\""N\"":16,\""mode\"":\""measure\"",\""timer\"":\""Date.now\""}""]","OCTANE_STRICT_RESULT:{""suite"":""Crypto"",""benchmark"":""Decrypt"",""N"":16,""mode"":""measure"",""timer"":""Date.now"",""elapsed_ms"":1597,""elapsed_per_call_ms"":99.8125,""extra_validation_calls"":0,""correctness"":""PASS""}",,
quickjs,Splay,Splay,24,757,2048,4645,2.26806640625,0,true,2026-09-27T17:42:02.106492+00:00,,Date.now,5067277500,0,d6372414234d150c814a6933257aa8c98a8c6260b0d72a71ee0d08d0ee6fb17a,"[""C:\\Users\\mzyx\\Desktop\\0921\\js-interpreter-bench\\engines\\quickjs-upstream\\qjs.exe"", ""C:\\Users\\mzyx\\Desktop\\0921\\js-interpreter-bench\\experiments\\octane_strict\\generated\\Splay.Splay.js"", ""STRICT_CONFIG={\""N\"":2048,\""mode\"":\""measure\"",\""timer\"":\""Date.now\""}""]","OCTANE_STRICT_RESULT:{""suite"":""Splay"",""benchmark"":""Splay"",""N"":2048,""mode"":""measure"",""timer"":""Date.now"",""elapsed_ms"":4645,""elapsed_per_call_ms"":2.26806640625,""extra_validation_calls"":0,""correctness"":""PASS""}",,
v8_ignition,Splay,Splay,24,758,2048,1872,0.9140625,0,true,2026-09-27T17:42:04.134599+00:00,--max-opt=0 --no-lazy,Date.now,2011920900,0,d6372414234d150c814a6933257aa8c98a8c6260b0d72a71ee0d08d0ee6fb17a,"[""C:\\Users\\mzyx\\Desktop\\0921\\js-interpreter-bench\\engines\\v8-official-15.6.21\\runtime\\d8.exe"", ""--snapshot_blob=C:\\Users\\mzyx\\Desktop\\0921\\js-interpreter-bench\\engines\\v8-official-15.6.21\\runtime\\snapshot_blob.bin"", ""--max-opt=0"", ""--no-lazy"", ""C:\\Users\\mzyx\\Desktop\\0921\\js-interpreter-bench\\experiments\\octane_strict\\generated\\Splay.Splay.js"", ""--"", ""STRICT_CONFIG={\""N\"":2048,\""mode\"":\""measure\"",\""timer\"":\""Date.now\""}""]","OCTANE_STRICT_RESULT:{""suite"":""Splay"",""benchmark"":""Splay"",""N"":2048,""mode"":""measure"",""timer"":""Date.now"",""elapsed_ms"":1872,""elapsed_per_call_ms"":0.9140625,""extra_validation_calls"":0,""correctness"":""PASS""}",,
quickjs,PdfJS,PdfJS,24,759,16,3218,201.125,0,true,2026-09-27T17:42:07.587251+00:00,,Date.now,3439845000,0,f1966230e4a00bc61dc4c00fd600486e941235c3ee8206f897bd148dfd6e630b,"[""C:\\Users\\mzyx\\Desktop\\0921\\js-interpreter-bench\\engines\\quickjs-upstream\\qjs.exe"", ""C:\\Users\\mzyx\\Desktop\\0921\\js-interpreter-bench\\experiments\\octane_strict\\generated\\PdfJS.PdfJS.js"", ""STRICT_CONFIG={\""N\"":16,\""mode\"":\""measure\"",\""timer\"":\""Date.now\""}""]","OCTANE_STRICT_RESULT:{""suite"":""PdfJS"",""benchmark"":""PdfJS"",""N"":16,""mode"":""measure"",""timer"":""Date.now"",""elapsed_ms"":3218,""elapsed_per_call_ms"":201.125,""extra_validation_calls"":0,""correctness"":""PASS""}",,
v8_ignition,PdfJS,PdfJS,24,760,16,1713,107.0625,0,true,2026-09-27T17:42:09.473201+00:00,--max-opt=0 --no-lazy,Date.now,1869944200,0,f1966230e4a00bc61dc4c00fd600486e941235c3ee8206f897bd148dfd6e630b,"[""C:\\Users\\mzyx\\Desktop\\0921\\js-interpreter-bench\\engines\\v8-official-15.6.21\\runtime\\d8.exe"", ""--snapshot_blob=C:\\Users\\mzyx\\Desktop\\0921\\js-interpreter-bench\\engines\\v8-official-15.6.21\\runtime\\snapshot_blob.bin"", ""--max-opt=0"", ""--no-lazy"", ""C:\\Users\\mzyx\\Desktop\\0921\\js-interpreter-bench\\experiments\\octane_strict\\generated\\PdfJS.PdfJS.js"", ""--"", ""STRICT_CONFIG={\""N\"":16,\""mode\"":\""measure\"",\""timer\"":\""Date.now\""}""]","OCTANE_STRICT_RESULT:{""suite"":""PdfJS"",""benchmark"":""PdfJS"",""N"":16,""mode"":""measure"",""timer"":""Date.now"",""elapsed_ms"":1713,""elapsed_per_call_ms"":107.0625,""extra_validation_calls"":0,""correctness"":""PASS""}",,
quickjs,RayTrace,RayTrace,24,761,64,2580,40.3125,0,true,2026-09-27T17:42:12.078029+00:00,,Date.now,2592666100,0,fb0af35ee1cbd7396c6b23184a123f87ce6f9d1d8e29a2dcbc3bf86a98f3ae33,"[""C:\\Users\\mzyx\\Desktop\\0921\\js-interpreter-bench\\engines\\quickjs-upstream\\qjs.exe"", ""C:\\Users\\mzyx\\Desktop\\0921\\js-interpreter-bench\\experiments\\octane_strict\\generated\\RayTrace.RayTrace.js"", ""STRICT_CONFIG={\""N\"":64,\""mode\"":\""measure\"",\""timer\"":\""Date.now\""}""]","OCTANE_STRICT_RESULT:{""suite"":""RayTrace"",""benchmark"":""RayTrace"",""N"":64,""mode"":""measure"",""timer"":""Date.now"",""elapsed_ms"":2580,""elapsed_per_call_ms"":40.3125,""extra_validation_calls"":0,""correctness"":""PASS""}",,
v8_ignition,RayTrace,RayTrace,24,762,64,1087,16.984375,0,true,2026-09-27T17:42:13.212750+00:00,--max-opt=0 --no-lazy,Date.now,1124535800,0,fb0af35ee1cbd7396c6b23184a123f87ce6f9d1d8e29a2dcbc3bf86a98f3ae33,"[""C:\\Users\\mzyx\\Desktop\\0921\\js-interpreter-bench\\engines\\v8-official-15.6.21\\runtime\\d8.exe"", ""--snapshot_blob=C:\\Users\\mzyx\\Desktop\\0921\\js-interpreter-bench\\engines\\v8-official-15.6.21\\runtime\\snapshot_blob.bin"", ""--max-opt=0"", ""--no-lazy"", ""C:\\Users\\mzyx\\Desktop\\0921\\js-interpreter-bench\\experiments\\octane_strict\\generated\\RayTrace.RayTrace.js"", ""--"", ""STRICT_CONFIG={\""N\"":64,\""mode\"":\""measure\"",\""timer\"":\""Date.now\""}""]","OCTANE_STRICT_RESULT:{""suite"":""RayTrace"",""benchmark"":""RayTrace"",""N"":64,""mode"":""measure"",""timer"":""Date.now"",""elapsed_ms"":1087,""elapsed_per_call_ms"":16.984375,""extra_validation_calls"":0,""correctness"":""PASS""}",,
v8_ignition,RegExp,RegExp,24,763,64,1260,19.6875,0,true,2026-09-27T17:42:14.550408+00:00,--max-opt=0 --no-lazy,Date.now,1321583500,0,881c9e28610ead1d8cbf528614032c48b8faa700f0e4177198bbb22f15a19111,"[""C:\\Users\\mzyx\\Desktop\\0921\\js-interpreter-bench\\engines\\v8-official-15.6.21\\runtime\\d8.exe"", ""--snapshot_blob=C:\\Users\\mzyx\\Desktop\\0921\\js-interpreter-bench\\engines\\v8-official-15.6.21\\runtime\\snapshot_blob.bin"", ""--max-opt=0"", ""--no-lazy"", ""C:\\Users\\mzyx\\Desktop\\0921\\js-interpreter-bench\\experiments\\octane_strict\\generated\\RegExp.RegExp.js"", ""--"", ""STRICT_CONFIG={\""N\"":64,\""mode\"":\""measure\"",\""timer\"":\""Date.now\""}""]","OCTANE_STRICT_RESULT:{""suite"":""RegExp"",""benchmark"":""RegExp"",""N"":64,""mode"":""measure"",""timer"":""Date.now"",""elapsed_ms"":1260,""elapsed_per_call_ms"":19.6875,""extra_validation_calls"":0,""correctness"":""PASS""}",,
quickjs,RegExp,RegExp,24,764,64,14653,228.953125,0,true,2026-09-27T17:42:29.246436+00:00,,Date.now,14684377500,0,881c9e28610ead1d8cbf528614032c48b8faa700f0e4177198bbb22f15a19111,"[""C:\\Users\\mzyx\\Desktop\\0921\\js-interpreter-bench\\engines\\quickjs-upstream\\qjs.exe"", ""C:\\Users\\mzyx\\Desktop\\0921\\js-interpreter-bench\\experiments\\octane_strict\\generated\\RegExp.RegExp.js"", ""STRICT_CONFIG={\""N\"":64,\""mode\"":\""measure\"",\""timer\"":\""Date.now\""}""]","OCTANE_STRICT_RESULT:{""suite"":""RegExp"",""benchmark"":""RegExp"",""N"":64,""mode"":""measure"",""timer"":""Date.now"",""elapsed_ms"":14653,""elapsed_per_call_ms"":228.953125,""extra_validation_calls"":0,""correctness"":""PASS""}",,
v8_ignition,Typescript,Typescript,24,765,1,1194,1194,0,true,2026-09-27T17:42:30.538888+00:00,--max-opt=0 --no-lazy,Date.now,1271813000,0,135e157d4fd316d69e9afdb0147a5d3f71ff32877fbe7c2febd72041df50deb0,"[""C:\\Users\\mzyx\\Desktop\\0921\\js-interpreter-bench\\engines\\v8-official-15.6.21\\runtime\\d8.exe"", ""--snapshot_blob=C:\\Users\\mzyx\\Desktop\\0921\\js-interpreter-bench\\engines\\v8-official-15.6.21\\runtime\\snapshot_blob.bin"", ""--max-opt=0"", ""--no-lazy"", ""C:\\Users\\mzyx\\Desktop\\0921\\js-interpreter-bench\\experiments\\octane_strict\\generated\\Typescript.Typescript.js"", ""--"", ""STRICT_CONFIG={\""N\"":1,\""mode\"":\""measure\"",\""timer\"":\""Date.now\""}""]","OCTANE_STRICT_RESULT:{""suite"":""Typescript"",""benchmark"":""Typescript"",""N"":1,""mode"":""measure"",""timer"":""Date.now"",""elapsed_ms"":1194,""elapsed_per_call_ms"":1194,""extra_validation_calls"":0,""correctness"":""PASS""}",,
quickjs,Typescript,Typescript,24,766,1,2048,2048,0,true,2026-09-27T17:42:32.806574+00:00,,Date.now,2251215700,0,135e157d4fd316d69e9afdb0147a5d3f71ff32877fbe7c2febd72041df50deb0,"[""C:\\Users\\mzyx\\Desktop\\0921\\js-interpreter-bench\\engines\\quickjs-upstream\\qjs.exe"", ""C:\\Users\\mzyx\\Desktop\\0921\\js-interpreter-bench\\experiments\\octane_strict\\generated\\Typescript.Typescript.js"", ""STRICT_CONFIG={\""N\"":1,\""mode\"":\""measure\"",\""timer\"":\""Date.now\""}""]","OCTANE_STRICT_RESULT:{""suite"":""Typescript"",""benchmark"":""Typescript"",""N"":1,""mode"":""measure"",""timer"":""Date.now"",""elapsed_ms"":2048,""elapsed_per_call_ms"":2048,""extra_validation_calls"":0,""correctness"":""PASS""}",,
v8_ignition,Mandreel,Mandreel,24,767,1,1515,1515,0,true,2026-09-27T17:42:35.737148+00:00,--max-opt=0 --no-lazy,Date.now,2903908300,0,64fbf14da4005c4426dcdd6191a5f206fbcd9ce260549e924fd925408614702d,"[""C:\\Users\\mzyx\\Desktop\\0921\\js-interpreter-bench\\engines\\v8-official-15.6.21\\runtime\\d8.exe"", ""--snapshot_blob=C:\\Users\\mzyx\\Desktop\\0921\\js-interpreter-bench\\engines\\v8-official-15.6.21\\runtime\\snapshot_blob.bin"", ""--max-opt=0"", ""--no-lazy"", ""C:\\Users\\mzyx\\Desktop\\0921\\js-interpreter-bench\\experiments\\octane_strict\\generated\\Mandreel.Mandreel.js"", ""--"", ""STRICT_CONFIG={\""N\"":1,\""mode\"":\""measure\"",\""timer\"":\""Date.now\""}""]","OCTANE_STRICT_RESULT:{""suite"":""Mandreel"",""benchmark"":""Mandreel"",""N"":1,""mode"":""measure"",""timer"":""Date.now"",""elapsed_ms"":1515,""elapsed_per_call_ms"":1515,""extra_validation_calls"":0,""correctness"":""PASS""}",,
quickjs,Mandreel,Mandreel,24,768,1,1845,1845,0,true,2026-09-27T17:42:39.092781+00:00,,Date.now,3332848900,0,64fbf14da4005c4426dcdd6191a5f206fbcd9ce260549e924fd925408614702d,"[""C:\\Users\\mzyx\\Desktop\\0921\\js-interpreter-bench\\engines\\quickjs-upstream\\qjs.exe"", ""C:\\Users\\mzyx\\Desktop\\0921\\js-interpreter-bench\\experiments\\octane_strict\\generated\\Mandreel.Mandreel.js"", ""STRICT_CONFIG={\""N\"":1,\""mode\"":\""measure\"",\""timer\"":\""Date.now\""}""]","OCTANE_STRICT_RESULT:{""suite"":""Mandreel"",""benchmark"":""Mandreel"",""N"":1,""mode"":""measure"",""timer"":""Date.now"",""elapsed_ms"":1845,""elapsed_per_call_ms"":1845,""extra_validation_calls"":0,""correctness"":""PASS""}",,
v8_ignition,PdfJS,PdfJS,25,769,16,1700,106.25,0,true,2026-09-27T17:42:40.966897+00:00,--max-opt=0 --no-lazy,Date.now,1856425400,0,f1966230e4a00bc61dc4c00fd600486e941235c3ee8206f897bd148dfd6e630b,"[""C:\\Users\\mzyx\\Desktop\\0921\\js-interpreter-bench\\engines\\v8-official-15.6.21\\runtime\\d8.exe"", ""--snapshot_blob=C:\\Users\\mzyx\\Desktop\\0921\\js-interpreter-bench\\engines\\v8-official-15.6.21\\runtime\\snapshot_blob.bin"", ""--max-opt=0"", ""--no-lazy"", ""C:\\Users\\mzyx\\Desktop\\0921\\js-interpreter-bench\\experiments\\octane_strict\\generated\\PdfJS.PdfJS.js"", ""--"", ""STRICT_CONFIG={\""N\"":16,\""mode\"":\""measure\"",\""timer\"":\""Date.now\""}""]","OCTANE_STRICT_RESULT:{""suite"":""PdfJS"",""benchmark"":""PdfJS"",""N"":16,""mode"":""measure"",""timer"":""Date.now"",""elapsed_ms"":1700,""elapsed_per_call_ms"":106.25,""extra_validation_calls"":0,""correctness"":""PASS""}",,
quickjs,PdfJS,PdfJS,25,770,16,3227,201.6875,0,true,2026-09-27T17:42:44.430952+00:00,,Date.now,3449595000,0,f1966230e4a00bc61dc4c00fd600486e941235c3ee8206f897bd148dfd6e630b,"[""C:\\Users\\mzyx\\Desktop\\0921\\js-interpreter-bench\\engines\\quickjs-upstream\\qjs.exe"", ""C:\\Users\\mzyx\\Desktop\\0921\\js-interpreter-bench\\experiments\\octane_strict\\generated\\PdfJS.PdfJS.js"", ""STRICT_CONFIG={\""N\"":16,\""mode\"":\""measure\"",\""timer\"":\""Date.now\""}""]","OCTANE_STRICT_RESULT:{""suite"":""PdfJS"",""benchmark"":""PdfJS"",""N"":16,""mode"":""measure"",""timer"":""Date.now"",""elapsed_ms"":3227,""elapsed_per_call_ms"":201.6875,""extra_validation_calls"":0,""correctness"":""PASS""}",,
quickjs,NavierStokes,NavierStokes,25,771,32,1989,62.15625,0,true,2026-09-27T17:42:46.446972+00:00,,Date.now,2003317400,0,e86c3b0056fae99b5f0ffdb7d093b565b02987eef458b2c07ecb3fc39700ee3c,"[""C:\\Users\\mzyx\\Desktop\\0921\\js-interpreter-bench\\engines\\quickjs-upstream\\qjs.exe"", ""C:\\Users\\mzyx\\Desktop\\0921\\js-interpreter-bench\\experiments\\octane_strict\\generated\\NavierStokes.NavierStokes.js"", ""STRICT_CONFIG={\""N\"":32,\""mode\"":\""measure\"",\""timer\"":\""Date.now\""}""]","OCTANE_STRICT_RESULT:{""suite"":""NavierStokes"",""benchmark"":""NavierStokes"",""N"":32,""mode"":""measure"",""timer"":""Date.now"",""elapsed_ms"":1989,""elapsed_per_call_ms"":62.15625,""extra_validation_calls"":0,""correctness"":""PASS""}",,
v8_ignition,NavierStokes,NavierStokes,25,772,32,2284,71.375,0,true,2026-09-27T17:42:48.783425+00:00,--max-opt=0 --no-lazy,Date.now,2323939100,0,e86c3b0056fae99b5f0ffdb7d093b565b02987eef458b2c07ecb3fc39700ee3c,"[""C:\\Users\\mzyx\\Desktop\\0921\\js-interpreter-bench\\engines\\v8-official-15.6.21\\runtime\\d8.exe"", ""--snapshot_blob=C:\\Users\\mzyx\\Desktop\\0921\\js-interpreter-bench\\engines\\v8-official-15.6.21\\runtime\\snapshot_blob.bin"", ""--max-opt=0"", ""--no-lazy"", ""C:\\Users\\mzyx\\Desktop\\0921\\js-interpreter-bench\\experiments\\octane_strict\\generated\\NavierStokes.NavierStokes.js"", ""--"", ""STRICT_CONFIG={\""N\"":32,\""mode\"":\""measure\"",\""timer\"":\""Date.now\""}""]","OCTANE_STRICT_RESULT:{""suite"":""NavierStokes"",""benchmark"":""NavierStokes"",""N"":32,""mode"":""measure"",""timer"":""Date.now"",""elapsed_ms"":2284,""elapsed_per_call_ms"":71.375,""extra_validation_calls"":0,""correctness"":""PASS""}",,
v8_ignition,CodeLoad,CodeLoadJQuery,25,773,256,1069,4.17578125,0,true,2026-09-27T17:42:49.906637+00:00,--max-opt=0 --no-lazy,Date.now,1111535300,0,20f796e914b6995cc6114a2de2953e5cf5dd579501264d69dd26188909f790af,"[""C:\\Users\\mzyx\\Desktop\\0921\\js-interpreter-bench\\engines\\v8-official-15.6.21\\runtime\\d8.exe"", ""--snapshot_blob=C:\\Users\\mzyx\\Desktop\\0921\\js-interpreter-bench\\engines\\v8-official-15.6.21\\runtime\\snapshot_blob.bin"", ""--max-opt=0"", ""--no-lazy"", ""C:\\Users\\mzyx\\Desktop\\0921\\js-interpreter-bench\\experiments\\octane_strict\\generated\\CodeLoad.CodeLoadJQuery.js"", ""--"", ""STRICT_CONFIG={\""N\"":256,\""mode\"":\""measure\"",\""timer\"":\""Date.now\""}""]","OCTANE_STRICT_RESULT:{""suite"":""CodeLoad"",""benchmark"":""CodeLoadJQuery"",""N"":256,""mode"":""measure"",""timer"":""Date.now"",""elapsed_ms"":1069,""elapsed_per_call_ms"":4.17578125,""extra_validation_calls"":0,""correctness"":""PASS""}",,
quickjs,CodeLoad,CodeLoadJQuery,25,774,256,2819,11.01171875,0,true,2026-09-27T17:42:52.750669+00:00,,Date.now,2832575000,0,20f796e914b6995cc6114a2de2953e5cf5dd579501264d69dd26188909f790af,"[""C:\\Users\\mzyx\\Desktop\\0921\\js-interpreter-bench\\engines\\quickjs-upstream\\qjs.exe"", ""C:\\Users\\mzyx\\Desktop\\0921\\js-interpreter-bench\\experiments\\octane_strict\\generated\\CodeLoad.CodeLoadJQuery.js"", ""STRICT_CONFIG={\""N\"":256,\""mode\"":\""measure\"",\""timer\"":\""Date.now\""}""]","OCTANE_STRICT_RESULT:{""suite"":""CodeLoad"",""benchmark"":""CodeLoadJQuery"",""N"":256,""mode"":""measure"",""timer"":""Date.now"",""elapsed_ms"":2819,""elapsed_per_call_ms"":11.01171875,""extra_validation_calls"":0,""correctness"":""PASS""}",,
quickjs,Crypto,Decrypt,25,775,16,1644,102.75,0,true,2026-09-27T17:42:54.429943+00:00,,Date.now,1661395600,0,974b320858e72132edd4dd56da2f4582cbe4e99b10027c89dfa44b1ea1cd4591,"[""C:\\Users\\mzyx\\Desktop\\0921\\js-interpreter-bench\\engines\\quickjs-upstream\\qjs.exe"", ""C:\\Users\\mzyx\\Desktop\\0921\\js-interpreter-bench\\experiments\\octane_strict\\generated\\Crypto.Decrypt.js"", ""STRICT_CONFIG={\""N\"":16,\""mode\"":\""measure\"",\""timer\"":\""Date.now\""}""]","OCTANE_STRICT_RESULT:{""suite"":""Crypto"",""benchmark"":""Decrypt"",""N"":16,""mode"":""measure"",""timer"":""Date.now"",""elapsed_ms"":1644,""elapsed_per_call_ms"":102.75,""extra_validation_calls"":0,""correctness"":""PASS""}",,
v8_ignition,Crypto,Decrypt,25,776,16,1424,89,0,true,2026-09-27T17:42:55.907907+00:00,--max-opt=0 --no-lazy,Date.now,1467396700,0,974b320858e72132edd4dd56da2f4582cbe4e99b10027c89dfa44b1ea1cd4591,"[""C:\\Users\\mzyx\\Desktop\\0921\\js-interpreter-bench\\engines\\v8-official-15.6.21\\runtime\\d8.exe"", ""--snapshot_blob=C:\\Users\\mzyx\\Desktop\\0921\\js-interpreter-bench\\engines\\v8-official-15.6.21\\runtime\\snapshot_blob.bin"", ""--max-opt=0"", ""--no-lazy"", ""C:\\Users\\mzyx\\Desktop\\0921\\js-interpreter-bench\\experiments\\octane_strict\\generated\\Crypto.Decrypt.js"", ""--"", ""STRICT_CONFIG={\""N\"":16,\""mode\"":\""measure\"",\""timer\"":\""Date.now\""}""]","OCTANE_STRICT_RESULT:{""suite"":""Crypto"",""benchmark"":""Decrypt"",""N"":16,""mode"":""measure"",""timer"":""Date.now"",""elapsed_ms"":1424,""elapsed_per_call_ms"":89,""extra_validation_calls"":0,""correctness"":""PASS""}",,
quickjs,EarleyBoyer,Earley,25,777,512,3769,7.361328125,0,true,2026-09-27T17:42:59.708576+00:00,,Date.now,3789270700,0,c3ef3fbdd43f0dd5865a1652fa447c774869e86efba25ad910dffdea953f80a2,"[""C:\\Users\\mzyx\\Desktop\\0921\\js-interpreter-bench\\engines\\quickjs-upstream\\qjs.exe"", ""C:\\Users\\mzyx\\Desktop\\0921\\js-interpreter-bench\\experiments\\octane_strict\\generated\\EarleyBoyer.Earley.js"", ""STRICT_CONFIG={\""N\"":512,\""mode\"":\""measure\"",\""timer\"":\""Date.now\""}""]","OCTANE_STRICT_RESULT:{""suite"":""EarleyBoyer"",""benchmark"":""Earley"",""N"":512,""mode"":""measure"",""timer"":""Date.now"",""elapsed_ms"":3769,""elapsed_per_call_ms"":7.361328125,""extra_validation_calls"":0,""correctness"":""PASS""}",,
v8_ignition,EarleyBoyer,Earley,25,778,512,1092,2.1328125,0,true,2026-09-27T17:43:00.855269+00:00,--max-opt=0 --no-lazy,Date.now,1134868900,0,c3ef3fbdd43f0dd5865a1652fa447c774869e86efba25ad910dffdea953f80a2,"[""C:\\Users\\mzyx\\Desktop\\0921\\js-interpreter-bench\\engines\\v8-official-15.6.21\\runtime\\d8.exe"", ""--snapshot_blob=C:\\Users\\mzyx\\Desktop\\0921\\js-interpreter-bench\\engines\\v8-official-15.6.21\\runtime\\snapshot_blob.bin"", ""--max-opt=0"", ""--no-lazy"", ""C:\\Users\\mzyx\\Desktop\\0921\\js-interpreter-bench\\experiments\\octane_strict\\generated\\EarleyBoyer.Earley.js"", ""--"", ""STRICT_CONFIG={\""N\"":512,\""mode\"":\""measure\"",\""timer\"":\""Date.now\""}""]","OCTANE_STRICT_RESULT:{""suite"":""EarleyBoyer"",""benchmark"":""Earley"",""N"":512,""mode"":""measure"",""timer"":""Date.now"",""elapsed_ms"":1092,""elapsed_per_call_ms"":2.1328125,""extra_validation_calls"":0,""correctness"":""PASS""}",,
quickjs,RegExp,RegExp,25,779,64,14601,228.140625,0,true,2026-09-27T17:43:15.499934+00:00,,Date.now,14632751700,0,881c9e28610ead1d8cbf528614032c48b8faa700f0e4177198bbb22f15a19111,"[""C:\\Users\\mzyx\\Desktop\\0921\\js-interpreter-bench\\engines\\quickjs-upstream\\qjs.exe"", ""C:\\Users\\mzyx\\Desktop\\0921\\js-interpreter-bench\\experiments\\octane_strict\\generated\\RegExp.RegExp.js"", ""STRICT_CONFIG={\""N\"":64,\""mode\"":\""measure\"",\""timer\"":\""Date.now\""}""]","OCTANE_STRICT_RESULT:{""suite"":""RegExp"",""benchmark"":""RegExp"",""N"":64,""mode"":""measure"",""timer"":""Date.now"",""elapsed_ms"":14601,""elapsed_per_call_ms"":228.140625,""extra_validation_calls"":0,""correctness"":""PASS""}",,
v8_ignition,RegExp,RegExp,25,780,64,1225,19.140625,0,true,2026-09-27T17:43:16.792323+00:00,--max-opt=0 --no-lazy,Date.now,1280931200,0,881c9e28610ead1d8cbf528614032c48b8faa700f0e4177198bbb22f15a19111,"[""C:\\Users\\mzyx\\Desktop\\0921\\js-interpreter-bench\\engines\\v8-official-15.6.21\\runtime\\d8.exe"", ""--snapshot_blob=C:\\Users\\mzyx\\Desktop\\0921\\js-interpreter-bench\\engines\\v8-official-15.6.21\\runtime\\snapshot_blob.bin"", ""--max-opt=0"", ""--no-lazy"", ""C:\\Users\\mzyx\\Desktop\\0921\\js-interpreter-bench\\experiments\\octane_strict\\generated\\RegExp.RegExp.js"", ""--"", ""STRICT_CONFIG={\""N\"":64,\""mode\"":\""measure\"",\""timer\"":\""Date.now\""}""]","OCTANE_STRICT_RESULT:{""suite"":""RegExp"",""benchmark"":""RegExp"",""N"":64,""mode"":""measure"",""timer"":""Date.now"",""elapsed_ms"":1225,""elapsed_per_call_ms"":19.140625,""extra_validation_calls"":0,""correctness"":""PASS""}",,
v8_ignition,Richards,Richards,25,781,512,1080,2.109375,0,true,2026-09-27T17:43:17.920253+00:00,--max-opt=0 --no-lazy,Date.now,1116846000,0,d2207c68ebcf5db16fd42f8eb04fe21239b5f4726e5d3734ebd3c059754126a8,"[""C:\\Users\\mzyx\\Desktop\\0921\\js-interpreter-bench\\engines\\v8-official-15.6.21\\runtime\\d8.exe"", ""--snapshot_blob=C:\\Users\\mzyx\\Desktop\\0921\\js-interpreter-bench\\engines\\v8-official-15.6.21\\runtime\\snapshot_blob.bin"", ""--max-opt=0"", ""--no-lazy"", ""C:\\Users\\mzyx\\Desktop\\0921\\js-interpreter-bench\\experiments\\octane_strict\\generated\\Richards.Richards.js"", ""--"", ""STRICT_CONFIG={\""N\"":512,\""mode\"":\""measure\"",\""timer\"":\""Date.now\""}""]","OCTANE_STRICT_RESULT:{""suite"":""Richards"",""benchmark"":""Richards"",""N"":512,""mode"":""measure"",""timer"":""Date.now"",""elapsed_ms"":1080,""elapsed_per_call_ms"":2.109375,""extra_validation_calls"":0,""correctness"":""PASS""}",,
quickjs,Richards,Richards,25,782,512,1931,3.771484375,0,true,2026-09-27T17:43:19.874185+00:00,,Date.now,1942058500,0,d2207c68ebcf5db16fd42f8eb04fe21239b5f4726e5d3734ebd3c059754126a8,"[""C:\\Users\\mzyx\\Desktop\\0921\\js-interpreter-bench\\engines\\quickjs-upstream\\qjs.exe"", ""C:\\Users\\mzyx\\Desktop\\0921\\js-interpreter-bench\\experiments\\octane_strict\\generated\\Richards.Richards.js"", ""STRICT_CONFIG={\""N\"":512,\""mode\"":\""measure\"",\""timer\"":\""Date.now\""}""]","OCTANE_STRICT_RESULT:{""suite"":""Richards"",""benchmark"":""Richards"",""N"":512,""mode"":""measure"",""timer"":""Date.now"",""elapsed_ms"":1931,""elapsed_per_call_ms"":3.771484375,""extra_validation_calls"":0,""correctness"":""PASS""}",,
v8_ignition,RayTrace,RayTrace,25,783,64,1097,17.140625,0,true,2026-09-27T17:43:21.018257+00:00,--max-opt=0 --no-lazy,Date.now,1132409800,0,fb0af35ee1cbd7396c6b23184a123f87ce6f9d1d8e29a2dcbc3bf86a98f3ae33,"[""C:\\Users\\mzyx\\Desktop\\0921\\js-interpreter-bench\\engines\\v8-official-15.6.21\\runtime\\d8.exe"", ""--snapshot_blob=C:\\Users\\mzyx\\Desktop\\0921\\js-interpreter-bench\\engines\\v8-official-15.6.21\\runtime\\snapshot_blob.bin"", ""--max-opt=0"", ""--no-lazy"", ""C:\\Users\\mzyx\\Desktop\\0921\\js-interpreter-bench\\experiments\\octane_strict\\generated\\RayTrace.RayTrace.js"", ""--"", ""STRICT_CONFIG={\""N\"":64,\""mode\"":\""measure\"",\""timer\"":\""Date.now\""}""]","OCTANE_STRICT_RESULT:{""suite"":""RayTrace"",""benchmark"":""RayTrace"",""N"":64,""mode"":""measure"",""timer"":""Date.now"",""elapsed_ms"":1097,""elapsed_per_call_ms"":17.140625,""extra_validation_calls"":0,""correctness"":""PASS""}",,
quickjs,RayTrace,RayTrace,25,784,64,2546,39.78125,0,true,2026-09-27T17:43:23.586165+00:00,,Date.now,2556544800,0,fb0af35ee1cbd7396c6b23184a123f87ce6f9d1d8e29a2dcbc3bf86a98f3ae33,"[""C:\\Users\\mzyx\\Desktop\\0921\\js-interpreter-bench\\engines\\quickjs-upstream\\qjs.exe"", ""C:\\Users\\mzyx\\Desktop\\0921\\js-interpreter-bench\\experiments\\octane_strict\\generated\\RayTrace.RayTrace.js"", ""STRICT_CONFIG={\""N\"":64,\""mode\"":\""measure\"",\""timer\"":\""Date.now\""}""]","OCTANE_STRICT_RESULT:{""suite"":""RayTrace"",""benchmark"":""RayTrace"",""N"":64,""mode"":""measure"",""timer"":""Date.now"",""elapsed_ms"":2546,""elapsed_per_call_ms"":39.78125,""extra_validation_calls"":0,""correctness"":""PASS""}",,
v8_ignition,EarleyBoyer,Boyer,25,785,32,1283,40.09375,0,true,2026-09-27T17:43:24.924670+00:00,--max-opt=0 --no-lazy,Date.now,1327083000,0,e6d4262bd967274f8c7b66181bd6e39a9851606524faae200584e064d21b43b8,"[""C:\\Users\\mzyx\\Desktop\\0921\\js-interpreter-bench\\engines\\v8-official-15.6.21\\runtime\\d8.exe"", ""--snapshot_blob=C:\\Users\\mzyx\\Desktop\\0921\\js-interpreter-bench\\engines\\v8-official-15.6.21\\runtime\\snapshot_blob.bin"", ""--max-opt=0"", ""--no-lazy"", ""C:\\Users\\mzyx\\Desktop\\0921\\js-interpreter-bench\\experiments\\octane_strict\\generated\\EarleyBoyer.Boyer.js"", ""--"", ""STRICT_CONFIG={\""N\"":32,\""mode\"":\""measure\"",\""timer\"":\""Date.now\""}""]","OCTANE_STRICT_RESULT:{""suite"":""EarleyBoyer"",""benchmark"":""Boyer"",""N"":32,""mode"":""measure"",""timer"":""Date.now"",""elapsed_ms"":1283,""elapsed_per_call_ms"":40.09375,""extra_validation_calls"":0,""correctness"":""PASS""}",,
quickjs,EarleyBoyer,Boyer,25,786,32,3714,116.0625,0,true,2026-09-27T17:43:28.671216+00:00,,Date.now,3736698300,0,e6d4262bd967274f8c7b66181bd6e39a9851606524faae200584e064d21b43b8,"[""C:\\Users\\mzyx\\Desktop\\0921\\js-interpreter-bench\\engines\\quickjs-upstream\\qjs.exe"", ""C:\\Users\\mzyx\\Desktop\\0921\\js-interpreter-bench\\experiments\\octane_strict\\generated\\EarleyBoyer.Boyer.js"", ""STRICT_CONFIG={\""N\"":32,\""mode\"":\""measure\"",\""timer\"":\""Date.now\""}""]","OCTANE_STRICT_RESULT:{""suite"":""EarleyBoyer"",""benchmark"":""Boyer"",""N"":32,""mode"":""measure"",""timer"":""Date.now"",""elapsed_ms"":3714,""elapsed_per_call_ms"":116.0625,""extra_validation_calls"":0,""correctness"":""PASS""}",,
quickjs,Typescript,Typescript,25,787,1,2040,2040,0,true,2026-09-27T17:43:30.921779+00:00,,Date.now,2239023500,0,135e157d4fd316d69e9afdb0147a5d3f71ff32877fbe7c2febd72041df50deb0,"[""C:\\Users\\mzyx\\Desktop\\0921\\js-interpreter-bench\\engines\\quickjs-upstream\\qjs.exe"", ""C:\\Users\\mzyx\\Desktop\\0921\\js-interpreter-bench\\experiments\\octane_strict\\generated\\Typescript.Typescript.js"", ""STRICT_CONFIG={\""N\"":1,\""mode\"":\""measure\"",\""timer\"":\""Date.now\""}""]","OCTANE_STRICT_RESULT:{""suite"":""Typescript"",""benchmark"":""Typescript"",""N"":1,""mode"":""measure"",""timer"":""Date.now"",""elapsed_ms"":2040,""elapsed_per_call_ms"":2040,""extra_validation_calls"":0,""correctness"":""PASS""}",,
v8_ignition,Typescript,Typescript,25,788,1,1194,1194,0,true,2026-09-27T17:43:32.214768+00:00,--max-opt=0 --no-lazy,Date.now,1271030400,0,135e157d4fd316d69e9afdb0147a5d3f71ff32877fbe7c2febd72041df50deb0,"[""C:\\Users\\mzyx\\Desktop\\0921\\js-interpreter-bench\\engines\\v8-official-15.6.21\\runtime\\d8.exe"", ""--snapshot_blob=C:\\Users\\mzyx\\Desktop\\0921\\js-interpreter-bench\\engines\\v8-official-15.6.21\\runtime\\snapshot_blob.bin"", ""--max-opt=0"", ""--no-lazy"", ""C:\\Users\\mzyx\\Desktop\\0921\\js-interpreter-bench\\experiments\\octane_strict\\generated\\Typescript.Typescript.js"", ""--"", ""STRICT_CONFIG={\""N\"":1,\""mode\"":\""measure\"",\""timer\"":\""Date.now\""}""]","OCTANE_STRICT_RESULT:{""suite"":""Typescript"",""benchmark"":""Typescript"",""N"":1,""mode"":""measure"",""timer"":""Date.now"",""elapsed_ms"":1194,""elapsed_per_call_ms"":1194,""extra_validation_calls"":0,""correctness"":""PASS""}",,
quickjs,CodeLoad,CodeLoadClosure,25,789,4096,2459,0.600341796875,0,true,2026-09-27T17:43:34.819994+00:00,,Date.now,2591505300,0,9c3f2890631a64f3776ae7d0cbc83510f2cadc62313f8e27b4ab278dd94390e8,"[""C:\\Users\\mzyx\\Desktop\\0921\\js-interpreter-bench\\engines\\quickjs-upstream\\qjs.exe"", ""C:\\Users\\mzyx\\Desktop\\0921\\js-interpreter-bench\\experiments\\octane_strict\\generated\\CodeLoad.CodeLoadClosure.js"", ""STRICT_CONFIG={\""N\"":4096,\""mode\"":\""measure\"",\""timer\"":\""Date.now\""}""]","OCTANE_STRICT_RESULT:{""suite"":""CodeLoad"",""benchmark"":""CodeLoadClosure"",""N"":4096,""mode"":""measure"",""timer"":""Date.now"",""elapsed_ms"":2459,""elapsed_per_call_ms"":0.600341796875,""extra_validation_calls"":0,""correctness"":""PASS""}",,
v8_ignition,CodeLoad,CodeLoadClosure,25,790,4096,1166,0.28466796875,0,true,2026-09-27T17:43:36.046884+00:00,--max-opt=0 --no-lazy,Date.now,1214842100,0,9c3f2890631a64f3776ae7d0cbc83510f2cadc62313f8e27b4ab278dd94390e8,"[""C:\\Users\\mzyx\\Desktop\\0921\\js-interpreter-bench\\engines\\v8-official-15.6.21\\runtime\\d8.exe"", ""--snapshot_blob=C:\\Users\\mzyx\\Desktop\\0921\\js-interpreter-bench\\engines\\v8-official-15.6.21\\runtime\\snapshot_blob.bin"", ""--max-opt=0"", ""--no-lazy"", ""C:\\Users\\mzyx\\Desktop\\0921\\js-interpreter-bench\\experiments\\octane_strict\\generated\\CodeLoad.CodeLoadClosure.js"", ""--"", ""STRICT_CONFIG={\""N\"":4096,\""mode\"":\""measure\"",\""timer\"":\""Date.now\""}""]","OCTANE_STRICT_RESULT:{""suite"":""CodeLoad"",""benchmark"":""CodeLoadClosure"",""N"":4096,""mode"":""measure"",""timer"":""Date.now"",""elapsed_ms"":1166,""elapsed_per_call_ms"":0.28466796875,""extra_validation_calls"":0,""correctness"":""PASS""}",,
v8_ignition,Gameboy,Gameboy,25,791,4,1184,296,0,true,2026-09-27T17:43:37.300954+00:00,--max-opt=0 --no-lazy,Date.now,1242281800,0,3fc599b60ec8be6d0ab60d00add662dde31374ecb5b24167384d72d325a08a21,"[""C:\\Users\\mzyx\\Desktop\\0921\\js-interpreter-bench\\engines\\v8-official-15.6.21\\runtime\\d8.exe"", ""--snapshot_blob=C:\\Users\\mzyx\\Desktop\\0921\\js-interpreter-bench\\engines\\v8-official-15.6.21\\runtime\\snapshot_blob.bin"", ""--max-opt=0"", ""--no-lazy"", ""C:\\Users\\mzyx\\Desktop\\0921\\js-interpreter-bench\\experiments\\octane_strict\\generated\\Gameboy.Gameboy.js"", ""--"", ""STRICT_CONFIG={\""N\"":4,\""mode\"":\""measure\"",\""timer\"":\""Date.now\""}""]","OCTANE_STRICT_RESULT:{""suite"":""Gameboy"",""benchmark"":""Gameboy"",""N"":4,""mode"":""measure"",""timer"":""Date.now"",""elapsed_ms"":1184,""elapsed_per_call_ms"":296,""extra_validation_calls"":0,""correctness"":""PASS""}",,
quickjs,Gameboy,Gameboy,25,792,4,1434,358.5,0,true,2026-09-27T17:43:38.790407+00:00,,Date.now,1478033900,0,3fc599b60ec8be6d0ab60d00add662dde31374ecb5b24167384d72d325a08a21,"[""C:\\Users\\mzyx\\Desktop\\0921\\js-interpreter-bench\\engines\\quickjs-upstream\\qjs.exe"", ""C:\\Users\\mzyx\\Desktop\\0921\\js-interpreter-bench\\experiments\\octane_strict\\generated\\Gameboy.Gameboy.js"", ""STRICT_CONFIG={\""N\"":4,\""mode\"":\""measure\"",\""timer\"":\""Date.now\""}""]","OCTANE_STRICT_RESULT:{""suite"":""Gameboy"",""benchmark"":""Gameboy"",""N"":4,""mode"":""measure"",""timer"":""Date.now"",""elapsed_ms"":1434,""elapsed_per_call_ms"":358.5,""extra_validation_calls"":0,""correctness"":""PASS""}",,
v8_ignition,Splay,Splay,25,793,2048,1830,0.8935546875,0,true,2026-09-27T17:43:40.775790+00:00,--max-opt=0 --no-lazy,Date.now,1966867000,0,d6372414234d150c814a6933257aa8c98a8c6260b0d72a71ee0d08d0ee6fb17a,"[""C:\\Users\\mzyx\\Desktop\\0921\\js-interpreter-bench\\engines\\v8-official-15.6.21\\runtime\\d8.exe"", ""--snapshot_blob=C:\\Users\\mzyx\\Desktop\\0921\\js-interpreter-bench\\engines\\v8-official-15.6.21\\runtime\\snapshot_blob.bin"", ""--max-opt=0"", ""--no-lazy"", ""C:\\Users\\mzyx\\Desktop\\0921\\js-interpreter-bench\\experiments\\octane_strict\\generated\\Splay.Splay.js"", ""--"", ""STRICT_CONFIG={\""N\"":2048,\""mode\"":\""measure\"",\""timer\"":\""Date.now\""}""]","OCTANE_STRICT_RESULT:{""suite"":""Splay"",""benchmark"":""Splay"",""N"":2048,""mode"":""measure"",""timer"":""Date.now"",""elapsed_ms"":1830,""elapsed_per_call_ms"":0.8935546875,""extra_validation_calls"":0,""correctness"":""PASS""}",,
quickjs,Splay,Splay,25,794,2048,4579,2.23583984375,0,true,2026-09-27T17:43:45.784703+00:00,,Date.now,4998608900,0,d6372414234d150c814a6933257aa8c98a8c6260b0d72a71ee0d08d0ee6fb17a,"[""C:\\Users\\mzyx\\Desktop\\0921\\js-interpreter-bench\\engines\\quickjs-upstream\\qjs.exe"", ""C:\\Users\\mzyx\\Desktop\\0921\\js-interpreter-bench\\experiments\\octane_strict\\generated\\Splay.Splay.js"", ""STRICT_CONFIG={\""N\"":2048,\""mode\"":\""measure\"",\""timer\"":\""Date.now\""}""]","OCTANE_STRICT_RESULT:{""suite"":""Splay"",""benchmark"":""Splay"",""N"":2048,""mode"":""measure"",""timer"":""Date.now"",""elapsed_ms"":4579,""elapsed_per_call_ms"":2.23583984375,""extra_validation_calls"":0,""correctness"":""PASS""}",,
quickjs,Mandreel,Mandreel,25,795,1,1838,1838,0,true,2026-09-27T17:43:49.144803+00:00,,Date.now,3342042800,0,64fbf14da4005c4426dcdd6191a5f206fbcd9ce260549e924fd925408614702d,"[""C:\\Users\\mzyx\\Desktop\\0921\\js-interpreter-bench\\engines\\quickjs-upstream\\qjs.exe"", ""C:\\Users\\mzyx\\Desktop\\0921\\js-interpreter-bench\\experiments\\octane_strict\\generated\\Mandreel.Mandreel.js"", ""STRICT_CONFIG={\""N\"":1,\""mode\"":\""measure\"",\""timer\"":\""Date.now\""}""]","OCTANE_STRICT_RESULT:{""suite"":""Mandreel"",""benchmark"":""Mandreel"",""N"":1,""mode"":""measure"",""timer"":""Date.now"",""elapsed_ms"":1838,""elapsed_per_call_ms"":1838,""extra_validation_calls"":0,""correctness"":""PASS""}",,
v8_ignition,Mandreel,Mandreel,25,796,1,1498,1498,0,true,2026-09-27T17:43:52.053702+00:00,--max-opt=0 --no-lazy,Date.now,2881853300,0,64fbf14da4005c4426dcdd6191a5f206fbcd9ce260549e924fd925408614702d,"[""C:\\Users\\mzyx\\Desktop\\0921\\js-interpreter-bench\\engines\\v8-official-15.6.21\\runtime\\d8.exe"", ""--snapshot_blob=C:\\Users\\mzyx\\Desktop\\0921\\js-interpreter-bench\\engines\\v8-official-15.6.21\\runtime\\snapshot_blob.bin"", ""--max-opt=0"", ""--no-lazy"", ""C:\\Users\\mzyx\\Desktop\\0921\\js-interpreter-bench\\experiments\\octane_strict\\generated\\Mandreel.Mandreel.js"", ""--"", ""STRICT_CONFIG={\""N\"":1,\""mode\"":\""measure\"",\""timer\"":\""Date.now\""}""]","OCTANE_STRICT_RESULT:{""suite"":""Mandreel"",""benchmark"":""Mandreel"",""N"":1,""mode"":""measure"",""timer"":""Date.now"",""elapsed_ms"":1498,""elapsed_per_call_ms"":1498,""extra_validation_calls"":0,""correctness"":""PASS""}",,
v8_ignition,Crypto,Encrypt,25,797,256,1234,4.8203125,0,true,2026-09-27T17:43:53.432263+00:00,--max-opt=0 --no-lazy,Date.now,1362736900,0,c73b9c8626ff5488b879ff453a865c03adf87602c6d302855f1c6e0f91b57c92,"[""C:\\Users\\mzyx\\Desktop\\0921\\js-interpreter-bench\\engines\\v8-official-15.6.21\\runtime\\d8.exe"", ""--snapshot_blob=C:\\Users\\mzyx\\Desktop\\0921\\js-interpreter-bench\\engines\\v8-official-15.6.21\\runtime\\snapshot_blob.bin"", ""--max-opt=0"", ""--no-lazy"", ""C:\\Users\\mzyx\\Desktop\\0921\\js-interpreter-bench\\experiments\\octane_strict\\generated\\Crypto.Encrypt.js"", ""--"", ""STRICT_CONFIG={\""N\"":256,\""mode\"":\""measure\"",\""timer\"":\""Date.now\""}""]","OCTANE_STRICT_RESULT:{""suite"":""Crypto"",""benchmark"":""Encrypt"",""N"":256,""mode"":""measure"",""timer"":""Date.now"",""elapsed_ms"":1234,""elapsed_per_call_ms"":4.8203125,""extra_validation_calls"":0,""correctness"":""PASS""}",,
quickjs,Crypto,Encrypt,25,798,256,1364,5.328125,0,true,2026-09-27T17:43:54.920562+00:00,,Date.now,1476172500,0,c73b9c8626ff5488b879ff453a865c03adf87602c6d302855f1c6e0f91b57c92,"[""C:\\Users\\mzyx\\Desktop\\0921\\js-interpreter-bench\\engines\\quickjs-upstream\\qjs.exe"", ""C:\\Users\\mzyx\\Desktop\\0921\\js-interpreter-bench\\experiments\\octane_strict\\generated\\Crypto.Encrypt.js"", ""STRICT_CONFIG={\""N\"":256,\""mode\"":\""measure\"",\""timer\"":\""Date.now\""}""]","OCTANE_STRICT_RESULT:{""suite"":""Crypto"",""benchmark"":""Encrypt"",""N"":256,""mode"":""measure"",""timer"":""Date.now"",""elapsed_ms"":1364,""elapsed_per_call_ms"":5.328125,""extra_validation_calls"":0,""correctness"":""PASS""}",,
quickjs,DeltaBlue,DeltaBlue,25,799,512,3865,7.548828125,0,true,2026-09-27T17:43:58.813265+00:00,,Date.now,3876536500,0,8542689bb308963c4feefd143c1707791e271d609ef4c476eb9c3dfdeeec539f,"[""C:\\Users\\mzyx\\Desktop\\0921\\js-interpreter-bench\\engines\\quickjs-upstream\\qjs.exe"", ""C:\\Users\\mzyx\\Desktop\\0921\\js-interpreter-bench\\experiments\\octane_strict\\generated\\DeltaBlue.DeltaBlue.js"", ""STRICT_CONFIG={\""N\"":512,\""mode\"":\""measure\"",\""timer\"":\""Date.now\""}""]","OCTANE_STRICT_RESULT:{""suite"":""DeltaBlue"",""benchmark"":""DeltaBlue"",""N"":512,""mode"":""measure"",""timer"":""Date.now"",""elapsed_ms"":3865,""elapsed_per_call_ms"":7.548828125,""extra_validation_calls"":0,""correctness"":""PASS""}",,
v8_ignition,DeltaBlue,DeltaBlue,25,800,512,1869,3.650390625,0,true,2026-09-27T17:44:00.732161+00:00,--max-opt=0 --no-lazy,Date.now,1906857700,0,8542689bb308963c4feefd143c1707791e271d609ef4c476eb9c3dfdeeec539f,"[""C:\\Users\\mzyx\\Desktop\\0921\\js-interpreter-bench\\engines\\v8-official-15.6.21\\runtime\\d8.exe"", ""--snapshot_blob=C:\\Users\\mzyx\\Desktop\\0921\\js-interpreter-bench\\engines\\v8-official-15.6.21\\runtime\\snapshot_blob.bin"", ""--max-opt=0"", ""--no-lazy"", ""C:\\Users\\mzyx\\Desktop\\0921\\js-interpreter-bench\\experiments\\octane_strict\\generated\\DeltaBlue.DeltaBlue.js"", ""--"", ""STRICT_CONFIG={\""N\"":512,\""mode\"":\""measure\"",\""timer\"":\""Date.now\""}""]","OCTANE_STRICT_RESULT:{""suite"":""DeltaBlue"",""benchmark"":""DeltaBlue"",""N"":512,""mode"":""measure"",""timer"":""Date.now"",""elapsed_ms"":1869,""elapsed_per_call_ms"":3.650390625,""extra_validation_calls"":0,""correctness"":""PASS""}",,
v8_ignition,Typescript,Typescript,26,801,1,1190,1190,0,true,2026-09-27T17:44:02.011424+00:00,--max-opt=0 --no-lazy,Date.now,1266336000,0,135e157d4fd316d69e9afdb0147a5d3f71ff32877fbe7c2febd72041df50deb0,"[""C:\\Users\\mzyx\\Desktop\\0921\\js-interpreter-bench\\engines\\v8-official-15.6.21\\runtime\\d8.exe"", ""--snapshot_blob=C:\\Users\\mzyx\\Desktop\\0921\\js-interpreter-bench\\engines\\v8-official-15.6.21\\runtime\\snapshot_blob.bin"", ""--max-opt=0"", ""--no-lazy"", ""C:\\Users\\mzyx\\Desktop\\0921\\js-interpreter-bench\\experiments\\octane_strict\\generated\\Typescript.Typescript.js"", ""--"", ""STRICT_CONFIG={\""N\"":1,\""mode\"":\""measure\"",\""timer\"":\""Date.now\""}""]","OCTANE_STRICT_RESULT:{""suite"":""Typescript"",""benchmark"":""Typescript"",""N"":1,""mode"":""measure"",""timer"":""Date.now"",""elapsed_ms"":1190,""elapsed_per_call_ms"":1190,""extra_validation_calls"":0,""correctness"":""PASS""}",,
quickjs,Typescript,Typescript,26,802,1,2053,2053,0,true,2026-09-27T17:44:04.282371+00:00,,Date.now,2254663700,0,135e157d4fd316d69e9afdb0147a5d3f71ff32877fbe7c2febd72041df50deb0,"[""C:\\Users\\mzyx\\Desktop\\0921\\js-interpreter-bench\\engines\\quickjs-upstream\\qjs.exe"", ""C:\\Users\\mzyx\\Desktop\\0921\\js-interpreter-bench\\experiments\\octane_strict\\generated\\Typescript.Typescript.js"", ""STRICT_CONFIG={\""N\"":1,\""mode\"":\""measure\"",\""timer\"":\""Date.now\""}""]","OCTANE_STRICT_RESULT:{""suite"":""Typescript"",""benchmark"":""Typescript"",""N"":1,""mode"":""measure"",""timer"":""Date.now"",""elapsed_ms"":2053,""elapsed_per_call_ms"":2053,""extra_validation_calls"":0,""correctness"":""PASS""}",,
v8_ignition,RegExp,RegExp,26,803,64,1237,19.328125,0,true,2026-09-27T17:44:05.596744+00:00,--max-opt=0 --no-lazy,Date.now,1294219700,0,881c9e28610ead1d8cbf528614032c48b8faa700f0e4177198bbb22f15a19111,"[""C:\\Users\\mzyx\\Desktop\\0921\\js-interpreter-bench\\engines\\v8-official-15.6.21\\runtime\\d8.exe"", ""--snapshot_blob=C:\\Users\\mzyx\\Desktop\\0921\\js-interpreter-bench\\engines\\v8-official-15.6.21\\runtime\\snapshot_blob.bin"", ""--max-opt=0"", ""--no-lazy"", ""C:\\Users\\mzyx\\Desktop\\0921\\js-interpreter-bench\\experiments\\octane_strict\\generated\\RegExp.RegExp.js"", ""--"", ""STRICT_CONFIG={\""N\"":64,\""mode\"":\""measure\"",\""timer\"":\""Date.now\""}""]","OCTANE_STRICT_RESULT:{""suite"":""RegExp"",""benchmark"":""RegExp"",""N"":64,""mode"":""measure"",""timer"":""Date.now"",""elapsed_ms"":1237,""elapsed_per_call_ms"":19.328125,""extra_validation_calls"":0,""correctness"":""PASS""}",,
quickjs,RegExp,RegExp,26,804,64,14837,231.828125,0,true,2026-09-27T17:44:20.476413+00:00,,Date.now,14868420300,0,881c9e28610ead1d8cbf528614032c48b8faa700f0e4177198bbb22f15a19111,"[""C:\\Users\\mzyx\\Desktop\\0921\\js-interpreter-bench\\engines\\quickjs-upstream\\qjs.exe"", ""C:\\Users\\mzyx\\Desktop\\0921\\js-interpreter-bench\\experiments\\octane_strict\\generated\\RegExp.RegExp.js"", ""STRICT_CONFIG={\""N\"":64,\""mode\"":\""measure\"",\""timer\"":\""Date.now\""}""]","OCTANE_STRICT_RESULT:{""suite"":""RegExp"",""benchmark"":""RegExp"",""N"":64,""mode"":""measure"",""timer"":""Date.now"",""elapsed_ms"":14837,""elapsed_per_call_ms"":231.828125,""extra_validation_calls"":0,""correctness"":""PASS""}",,
v8_ignition,NavierStokes,NavierStokes,26,805,32,2270,70.9375,0,true,2026-09-27T17:44:22.804417+00:00,--max-opt=0 --no-lazy,Date.now,2309863100,0,e86c3b0056fae99b5f0ffdb7d093b565b02987eef458b2c07ecb3fc39700ee3c,"[""C:\\Users\\mzyx\\Desktop\\0921\\js-interpreter-bench\\engines\\v8-official-15.6.21\\runtime\\d8.exe"", ""--snapshot_blob=C:\\Users\\mzyx\\Desktop\\0921\\js-interpreter-bench\\engines\\v8-official-15.6.21\\runtime\\snapshot_blob.bin"", ""--max-opt=0"", ""--no-lazy"", ""C:\\Users\\mzyx\\Desktop\\0921\\js-interpreter-bench\\experiments\\octane_strict\\generated\\NavierStokes.NavierStokes.js"", ""--"", ""STRICT_CONFIG={\""N\"":32,\""mode\"":\""measure\"",\""timer\"":\""Date.now\""}""]","OCTANE_STRICT_RESULT:{""suite"":""NavierStokes"",""benchmark"":""NavierStokes"",""N"":32,""mode"":""measure"",""timer"":""Date.now"",""elapsed_ms"":2270,""elapsed_per_call_ms"":70.9375,""extra_validation_calls"":0,""correctness"":""PASS""}",,
quickjs,NavierStokes,NavierStokes,26,806,32,1982,61.9375,0,true,2026-09-27T17:44:24.812420+00:00,,Date.now,1997907600,0,e86c3b0056fae99b5f0ffdb7d093b565b02987eef458b2c07ecb3fc39700ee3c,"[""C:\\Users\\mzyx\\Desktop\\0921\\js-interpreter-bench\\engines\\quickjs-upstream\\qjs.exe"", ""C:\\Users\\mzyx\\Desktop\\0921\\js-interpreter-bench\\experiments\\octane_strict\\generated\\NavierStokes.NavierStokes.js"", ""STRICT_CONFIG={\""N\"":32,\""mode\"":\""measure\"",\""timer\"":\""Date.now\""}""]","OCTANE_STRICT_RESULT:{""suite"":""NavierStokes"",""benchmark"":""NavierStokes"",""N"":32,""mode"":""measure"",""timer"":""Date.now"",""elapsed_ms"":1982,""elapsed_per_call_ms"":61.9375,""extra_validation_calls"":0,""correctness"":""PASS""}",,
quickjs,Richards,Richards,26,807,512,1951,3.810546875,0,true,2026-09-27T17:44:26.790533+00:00,,Date.now,1960544900,0,d2207c68ebcf5db16fd42f8eb04fe21239b5f4726e5d3734ebd3c059754126a8,"[""C:\\Users\\mzyx\\Desktop\\0921\\js-interpreter-bench\\engines\\quickjs-upstream\\qjs.exe"", ""C:\\Users\\mzyx\\Desktop\\0921\\js-interpreter-bench\\experiments\\octane_strict\\generated\\Richards.Richards.js"", ""STRICT_CONFIG={\""N\"":512,\""mode\"":\""measure\"",\""timer\"":\""Date.now\""}""]","OCTANE_STRICT_RESULT:{""suite"":""Richards"",""benchmark"":""Richards"",""N"":512,""mode"":""measure"",""timer"":""Date.now"",""elapsed_ms"":1951,""elapsed_per_call_ms"":3.810546875,""extra_validation_calls"":0,""correctness"":""PASS""}",,
v8_ignition,Richards,Richards,26,808,512,1093,2.134765625,0,true,2026-09-27T17:44:27.930918+00:00,--max-opt=0 --no-lazy,Date.now,1130042400,0,d2207c68ebcf5db16fd42f8eb04fe21239b5f4726e5d3734ebd3c059754126a8,"[""C:\\Users\\mzyx\\Desktop\\0921\\js-interpreter-bench\\engines\\v8-official-15.6.21\\runtime\\d8.exe"", ""--snapshot_blob=C:\\Users\\mzyx\\Desktop\\0921\\js-interpreter-bench\\engines\\v8-official-15.6.21\\runtime\\snapshot_blob.bin"", ""--max-opt=0"", ""--no-lazy"", ""C:\\Users\\mzyx\\Desktop\\0921\\js-interpreter-bench\\experiments\\octane_strict\\generated\\Richards.Richards.js"", ""--"", ""STRICT_CONFIG={\""N\"":512,\""mode\"":\""measure\"",\""timer\"":\""Date.now\""}""]","OCTANE_STRICT_RESULT:{""suite"":""Richards"",""benchmark"":""Richards"",""N"":512,""mode"":""measure"",""timer"":""Date.now"",""elapsed_ms"":1093,""elapsed_per_call_ms"":2.134765625,""extra_validation_calls"":0,""correctness"":""PASS""}",,
v8_ignition,DeltaBlue,DeltaBlue,26,809,512,1882,3.67578125,0,true,2026-09-27T17:44:29.861483+00:00,--max-opt=0 --no-lazy,Date.now,1919233900,0,8542689bb308963c4feefd143c1707791e271d609ef4c476eb9c3dfdeeec539f,"[""C:\\Users\\mzyx\\Desktop\\0921\\js-interpreter-bench\\engines\\v8-official-15.6.21\\runtime\\d8.exe"", ""--snapshot_blob=C:\\Users\\mzyx\\Desktop\\0921\\js-interpreter-bench\\engines\\v8-official-15.6.21\\runtime\\snapshot_blob.bin"", ""--max-opt=0"", ""--no-lazy"", ""C:\\Users\\mzyx\\Desktop\\0921\\js-interpreter-bench\\experiments\\octane_strict\\generated\\DeltaBlue.DeltaBlue.js"", ""--"", ""STRICT_CONFIG={\""N\"":512,\""mode\"":\""measure\"",\""timer\"":\""Date.now\""}""]","OCTANE_STRICT_RESULT:{""suite"":""DeltaBlue"",""benchmark"":""DeltaBlue"",""N"":512,""mode"":""measure"",""timer"":""Date.now"",""elapsed_ms"":1882,""elapsed_per_call_ms"":3.67578125,""extra_validation_calls"":0,""correctness"":""PASS""}",,
quickjs,DeltaBlue,DeltaBlue,26,810,512,3881,7.580078125,0,true,2026-09-27T17:44:33.764478+00:00,,Date.now,3892771500,0,8542689bb308963c4feefd143c1707791e271d609ef4c476eb9c3dfdeeec539f,"[""C:\\Users\\mzyx\\Desktop\\0921\\js-interpreter-bench\\engines\\quickjs-upstream\\qjs.exe"", ""C:\\Users\\mzyx\\Desktop\\0921\\js-interpreter-bench\\experiments\\octane_strict\\generated\\DeltaBlue.DeltaBlue.js"", ""STRICT_CONFIG={\""N\"":512,\""mode\"":\""measure\"",\""timer\"":\""Date.now\""}""]","OCTANE_STRICT_RESULT:{""suite"":""DeltaBlue"",""benchmark"":""DeltaBlue"",""N"":512,""mode"":""measure"",""timer"":""Date.now"",""elapsed_ms"":3881,""elapsed_per_call_ms"":7.580078125,""extra_validation_calls"":0,""correctness"":""PASS""}",,
quickjs,Crypto,Encrypt,26,811,256,1413,5.51953125,0,true,2026-09-27T17:44:35.300446+00:00,,Date.now,1523759000,0,c73b9c8626ff5488b879ff453a865c03adf87602c6d302855f1c6e0f91b57c92,"[""C:\\Users\\mzyx\\Desktop\\0921\\js-interpreter-bench\\engines\\quickjs-upstream\\qjs.exe"", ""C:\\Users\\mzyx\\Desktop\\0921\\js-interpreter-bench\\experiments\\octane_strict\\generated\\Crypto.Encrypt.js"", ""STRICT_CONFIG={\""N\"":256,\""mode\"":\""measure\"",\""timer\"":\""Date.now\""}""]","OCTANE_STRICT_RESULT:{""suite"":""Crypto"",""benchmark"":""Encrypt"",""N"":256,""mode"":""measure"",""timer"":""Date.now"",""elapsed_ms"":1413,""elapsed_per_call_ms"":5.51953125,""extra_validation_calls"":0,""correctness"":""PASS""}",,
v8_ignition,Crypto,Encrypt,26,812,256,1252,4.890625,0,true,2026-09-27T17:44:36.698420+00:00,--max-opt=0 --no-lazy,Date.now,1386645300,0,c73b9c8626ff5488b879ff453a865c03adf87602c6d302855f1c6e0f91b57c92,"[""C:\\Users\\mzyx\\Desktop\\0921\\js-interpreter-bench\\engines\\v8-official-15.6.21\\runtime\\d8.exe"", ""--snapshot_blob=C:\\Users\\mzyx\\Desktop\\0921\\js-interpreter-bench\\engines\\v8-official-15.6.21\\runtime\\snapshot_blob.bin"", ""--max-opt=0"", ""--no-lazy"", ""C:\\Users\\mzyx\\Desktop\\0921\\js-interpreter-bench\\experiments\\octane_strict\\generated\\Crypto.Encrypt.js"", ""--"", ""STRICT_CONFIG={\""N\"":256,\""mode\"":\""measure\"",\""timer\"":\""Date.now\""}""]","OCTANE_STRICT_RESULT:{""suite"":""Crypto"",""benchmark"":""Encrypt"",""N"":256,""mode"":""measure"",""timer"":""Date.now"",""elapsed_ms"":1252,""elapsed_per_call_ms"":4.890625,""extra_validation_calls"":0,""correctness"":""PASS""}",,
quickjs,RayTrace,RayTrace,26,813,64,2603,40.671875,0,true,2026-09-27T17:44:39.327239+00:00,,Date.now,2615793900,0,fb0af35ee1cbd7396c6b23184a123f87ce6f9d1d8e29a2dcbc3bf86a98f3ae33,"[""C:\\Users\\mzyx\\Desktop\\0921\\js-interpreter-bench\\engines\\quickjs-upstream\\qjs.exe"", ""C:\\Users\\mzyx\\Desktop\\0921\\js-interpreter-bench\\experiments\\octane_strict\\generated\\RayTrace.RayTrace.js"", ""STRICT_CONFIG={\""N\"":64,\""mode\"":\""measure\"",\""timer\"":\""Date.now\""}""]","OCTANE_STRICT_RESULT:{""suite"":""RayTrace"",""benchmark"":""RayTrace"",""N"":64,""mode"":""measure"",""timer"":""Date.now"",""elapsed_ms"":2603,""elapsed_per_call_ms"":40.671875,""extra_validation_calls"":0,""correctness"":""PASS""}",,
v8_ignition,RayTrace,RayTrace,26,814,64,1096,17.125,0,true,2026-09-27T17:44:40.473732+00:00,--max-opt=0 --no-lazy,Date.now,1133826000,0,fb0af35ee1cbd7396c6b23184a123f87ce6f9d1d8e29a2dcbc3bf86a98f3ae33,"[""C:\\Users\\mzyx\\Desktop\\0921\\js-interpreter-bench\\engines\\v8-official-15.6.21\\runtime\\d8.exe"", ""--snapshot_blob=C:\\Users\\mzyx\\Desktop\\0921\\js-interpreter-bench\\engines\\v8-official-15.6.21\\runtime\\snapshot_blob.bin"", ""--max-opt=0"", ""--no-lazy"", ""C:\\Users\\mzyx\\Desktop\\0921\\js-interpreter-bench\\experiments\\octane_strict\\generated\\RayTrace.RayTrace.js"", ""--"", ""STRICT_CONFIG={\""N\"":64,\""mode\"":\""measure\"",\""timer\"":\""Date.now\""}""]","OCTANE_STRICT_RESULT:{""suite"":""RayTrace"",""benchmark"":""RayTrace"",""N"":64,""mode"":""measure"",""timer"":""Date.now"",""elapsed_ms"":1096,""elapsed_per_call_ms"":17.125,""extra_validation_calls"":0,""correctness"":""PASS""}",,
quickjs,EarleyBoyer,Boyer,26,815,32,3735,116.71875,0,true,2026-09-27T17:44:44.235051+00:00,,Date.now,3756322800,0,e6d4262bd967274f8c7b66181bd6e39a9851606524faae200584e064d21b43b8,"[""C:\\Users\\mzyx\\Desktop\\0921\\js-interpreter-bench\\engines\\quickjs-upstream\\qjs.exe"", ""C:\\Users\\mzyx\\Desktop\\0921\\js-interpreter-bench\\experiments\\octane_strict\\generated\\EarleyBoyer.Boyer.js"", ""STRICT_CONFIG={\""N\"":32,\""mode\"":\""measure\"",\""timer\"":\""Date.now\""}""]","OCTANE_STRICT_RESULT:{""suite"":""EarleyBoyer"",""benchmark"":""Boyer"",""N"":32,""mode"":""measure"",""timer"":""Date.now"",""elapsed_ms"":3735,""elapsed_per_call_ms"":116.71875,""extra_validation_calls"":0,""correctness"":""PASS""}",,
v8_ignition,EarleyBoyer,Boyer,26,816,32,1297,40.53125,0,true,2026-09-27T17:44:45.592546+00:00,--max-opt=0 --no-lazy,Date.now,1340265200,0,e6d4262bd967274f8c7b66181bd6e39a9851606524faae200584e064d21b43b8,"[""C:\\Users\\mzyx\\Desktop\\0921\\js-interpreter-bench\\engines\\v8-official-15.6.21\\runtime\\d8.exe"", ""--snapshot_blob=C:\\Users\\mzyx\\Desktop\\0921\\js-interpreter-bench\\engines\\v8-official-15.6.21\\runtime\\snapshot_blob.bin"", ""--max-opt=0"", ""--no-lazy"", ""C:\\Users\\mzyx\\Desktop\\0921\\js-interpreter-bench\\experiments\\octane_strict\\generated\\EarleyBoyer.Boyer.js"", ""--"", ""STRICT_CONFIG={\""N\"":32,\""mode\"":\""measure\"",\""timer\"":\""Date.now\""}""]","OCTANE_STRICT_RESULT:{""suite"":""EarleyBoyer"",""benchmark"":""Boyer"",""N"":32,""mode"":""measure"",""timer"":""Date.now"",""elapsed_ms"":1297,""elapsed_per_call_ms"":40.53125,""extra_validation_calls"":0,""correctness"":""PASS""}",,
v8_ignition,Mandreel,Mandreel,26,817,1,1438,1438,0,true,2026-09-27T17:44:48.399662+00:00,--max-opt=0 --no-lazy,Date.now,2790052200,0,64fbf14da4005c4426dcdd6191a5f206fbcd9ce260549e924fd925408614702d,"[""C:\\Users\\mzyx\\Desktop\\0921\\js-interpreter-bench\\engines\\v8-official-15.6.21\\runtime\\d8.exe"", ""--snapshot_blob=C:\\Users\\mzyx\\Desktop\\0921\\js-interpreter-bench\\engines\\v8-official-15.6.21\\runtime\\snapshot_blob.bin"", ""--max-opt=0"", ""--no-lazy"", ""C:\\Users\\mzyx\\Desktop\\0921\\js-interpreter-bench\\experiments\\octane_strict\\generated\\Mandreel.Mandreel.js"", ""--"", ""STRICT_CONFIG={\""N\"":1,\""mode\"":\""measure\"",\""timer\"":\""Date.now\""}""]","OCTANE_STRICT_RESULT:{""suite"":""Mandreel"",""benchmark"":""Mandreel"",""N"":1,""mode"":""measure"",""timer"":""Date.now"",""elapsed_ms"":1438,""elapsed_per_call_ms"":1438,""extra_validation_calls"":0,""correctness"":""PASS""}",,
quickjs,Mandreel,Mandreel,26,818,1,1848,1848,0,true,2026-09-27T17:44:51.753335+00:00,,Date.now,3328628200,0,64fbf14da4005c4426dcdd6191a5f206fbcd9ce260549e924fd925408614702d,"[""C:\\Users\\mzyx\\Desktop\\0921\\js-interpreter-bench\\engines\\quickjs-upstream\\qjs.exe"", ""C:\\Users\\mzyx\\Desktop\\0921\\js-interpreter-bench\\experiments\\octane_strict\\generated\\Mandreel.Mandreel.js"", ""STRICT_CONFIG={\""N\"":1,\""mode\"":\""measure\"",\""timer\"":\""Date.now\""}""]","OCTANE_STRICT_RESULT:{""suite"":""Mandreel"",""benchmark"":""Mandreel"",""N"":1,""mode"":""measure"",""timer"":""Date.now"",""elapsed_ms"":1848,""elapsed_per_call_ms"":1848,""extra_validation_calls"":0,""correctness"":""PASS""}",,
v8_ignition,Crypto,Decrypt,26,819,16,1403,87.6875,0,true,2026-09-27T17:44:53.223094+00:00,--max-opt=0 --no-lazy,Date.now,1448445100,0,974b320858e72132edd4dd56da2f4582cbe4e99b10027c89dfa44b1ea1cd4591,"[""C:\\Users\\mzyx\\Desktop\\0921\\js-interpreter-bench\\engines\\v8-official-15.6.21\\runtime\\d8.exe"", ""--snapshot_blob=C:\\Users\\mzyx\\Desktop\\0921\\js-interpreter-bench\\engines\\v8-official-15.6.21\\runtime\\snapshot_blob.bin"", ""--max-opt=0"", ""--no-lazy"", ""C:\\Users\\mzyx\\Desktop\\0921\\js-interpreter-bench\\experiments\\octane_strict\\generated\\Crypto.Decrypt.js"", ""--"", ""STRICT_CONFIG={\""N\"":16,\""mode\"":\""measure\"",\""timer\"":\""Date.now\""}""]","OCTANE_STRICT_RESULT:{""suite"":""Crypto"",""benchmark"":""Decrypt"",""N"":16,""mode"":""measure"",""timer"":""Date.now"",""elapsed_ms"":1403,""elapsed_per_call_ms"":87.6875,""extra_validation_calls"":0,""correctness"":""PASS""}",,
quickjs,Crypto,Decrypt,26,820,16,1666,104.125,0,true,2026-09-27T17:44:54.921479+00:00,,Date.now,1685232500,0,974b320858e72132edd4dd56da2f4582cbe4e99b10027c89dfa44b1ea1cd4591,"[""C:\\Users\\mzyx\\Desktop\\0921\\js-interpreter-bench\\engines\\quickjs-upstream\\qjs.exe"", ""C:\\Users\\mzyx\\Desktop\\0921\\js-interpreter-bench\\experiments\\octane_strict\\generated\\Crypto.Decrypt.js"", ""STRICT_CONFIG={\""N\"":16,\""mode\"":\""measure\"",\""timer\"":\""Date.now\""}""]","OCTANE_STRICT_RESULT:{""suite"":""Crypto"",""benchmark"":""Decrypt"",""N"":16,""mode"":""measure"",""timer"":""Date.now"",""elapsed_ms"":1666,""elapsed_per_call_ms"":104.125,""extra_validation_calls"":0,""correctness"":""PASS""}",,
quickjs,CodeLoad,CodeLoadJQuery,26,821,256,2788,10.890625,0,true,2026-09-27T17:44:57.734297+00:00,,Date.now,2801617900,0,20f796e914b6995cc6114a2de2953e5cf5dd579501264d69dd26188909f790af,"[""C:\\Users\\mzyx\\Desktop\\0921\\js-interpreter-bench\\engines\\quickjs-upstream\\qjs.exe"", ""C:\\Users\\mzyx\\Desktop\\0921\\js-interpreter-bench\\experiments\\octane_strict\\generated\\CodeLoad.CodeLoadJQuery.js"", ""STRICT_CONFIG={\""N\"":256,\""mode\"":\""measure\"",\""timer\"":\""Date.now\""}""]","OCTANE_STRICT_RESULT:{""suite"":""CodeLoad"",""benchmark"":""CodeLoadJQuery"",""N"":256,""mode"":""measure"",""timer"":""Date.now"",""elapsed_ms"":2788,""elapsed_per_call_ms"":10.890625,""extra_validation_calls"":0,""correctness"":""PASS""}",,
v8_ignition,CodeLoad,CodeLoadJQuery,26,822,256,1091,4.26171875,0,true,2026-09-27T17:44:58.885556+00:00,--max-opt=0 --no-lazy,Date.now,1135121900,0,20f796e914b6995cc6114a2de2953e5cf5dd579501264d69dd26188909f790af,"[""C:\\Users\\mzyx\\Desktop\\0921\\js-interpreter-bench\\engines\\v8-official-15.6.21\\runtime\\d8.exe"", ""--snapshot_blob=C:\\Users\\mzyx\\Desktop\\0921\\js-interpreter-bench\\engines\\v8-official-15.6.21\\runtime\\snapshot_blob.bin"", ""--max-opt=0"", ""--no-lazy"", ""C:\\Users\\mzyx\\Desktop\\0921\\js-interpreter-bench\\experiments\\octane_strict\\generated\\CodeLoad.CodeLoadJQuery.js"", ""--"", ""STRICT_CONFIG={\""N\"":256,\""mode\"":\""measure\"",\""timer\"":\""Date.now\""}""]","OCTANE_STRICT_RESULT:{""suite"":""CodeLoad"",""benchmark"":""CodeLoadJQuery"",""N"":256,""mode"":""measure"",""timer"":""Date.now"",""elapsed_ms"":1091,""elapsed_per_call_ms"":4.26171875,""extra_validation_calls"":0,""correctness"":""PASS""}",,
quickjs,PdfJS,PdfJS,26,823,16,3260,203.75,0,true,2026-09-27T17:45:02.381218+00:00,,Date.now,3480262000,0,f1966230e4a00bc61dc4c00fd600486e941235c3ee8206f897bd148dfd6e630b,"[""C:\\Users\\mzyx\\Desktop\\0921\\js-interpreter-bench\\engines\\quickjs-upstream\\qjs.exe"", ""C:\\Users\\mzyx\\Desktop\\0921\\js-interpreter-bench\\experiments\\octane_strict\\generated\\PdfJS.PdfJS.js"", ""STRICT_CONFIG={\""N\"":16,\""mode\"":\""measure\"",\""timer\"":\""Date.now\""}""]","OCTANE_STRICT_RESULT:{""suite"":""PdfJS"",""benchmark"":""PdfJS"",""N"":16,""mode"":""measure"",""timer"":""Date.now"",""elapsed_ms"":3260,""elapsed_per_call_ms"":203.75,""extra_validation_calls"":0,""correctness"":""PASS""}",,
v8_ignition,PdfJS,PdfJS,26,824,16,1701,106.3125,0,true,2026-09-27T17:45:04.256651+00:00,--max-opt=0 --no-lazy,Date.now,1854905800,0,f1966230e4a00bc61dc4c00fd600486e941235c3ee8206f897bd148dfd6e630b,"[""C:\\Users\\mzyx\\Desktop\\0921\\js-interpreter-bench\\engines\\v8-official-15.6.21\\runtime\\d8.exe"", ""--snapshot_blob=C:\\Users\\mzyx\\Desktop\\0921\\js-interpreter-bench\\engines\\v8-official-15.6.21\\runtime\\snapshot_blob.bin"", ""--max-opt=0"", ""--no-lazy"", ""C:\\Users\\mzyx\\Desktop\\0921\\js-interpreter-bench\\experiments\\octane_strict\\generated\\PdfJS.PdfJS.js"", ""--"", ""STRICT_CONFIG={\""N\"":16,\""mode\"":\""measure\"",\""timer\"":\""Date.now\""}""]","OCTANE_STRICT_RESULT:{""suite"":""PdfJS"",""benchmark"":""PdfJS"",""N"":16,""mode"":""measure"",""timer"":""Date.now"",""elapsed_ms"":1701,""elapsed_per_call_ms"":106.3125,""extra_validation_calls"":0,""correctness"":""PASS""}",,
quickjs,Gameboy,Gameboy,26,825,4,1421,355.25,0,true,2026-09-27T17:45:05.735702+00:00,,Date.now,1465202000,0,3fc599b60ec8be6d0ab60d00add662dde31374ecb5b24167384d72d325a08a21,"[""C:\\Users\\mzyx\\Desktop\\0921\\js-interpreter-bench\\engines\\quickjs-upstream\\qjs.exe"", ""C:\\Users\\mzyx\\Desktop\\0921\\js-interpreter-bench\\experiments\\octane_strict\\generated\\Gameboy.Gameboy.js"", ""STRICT_CONFIG={\""N\"":4,\""mode\"":\""measure\"",\""timer\"":\""Date.now\""}""]","OCTANE_STRICT_RESULT:{""suite"":""Gameboy"",""benchmark"":""Gameboy"",""N"":4,""mode"":""measure"",""timer"":""Date.now"",""elapsed_ms"":1421,""elapsed_per_call_ms"":355.25,""extra_validation_calls"":0,""correctness"":""PASS""}",,
v8_ignition,Gameboy,Gameboy,26,826,4,1189,297.25,0,true,2026-09-27T17:45:06.996672+00:00,--max-opt=0 --no-lazy,Date.now,1248111100,0,3fc599b60ec8be6d0ab60d00add662dde31374ecb5b24167384d72d325a08a21,"[""C:\\Users\\mzyx\\Desktop\\0921\\js-interpreter-bench\\engines\\v8-official-15.6.21\\runtime\\d8.exe"", ""--snapshot_blob=C:\\Users\\mzyx\\Desktop\\0921\\js-interpreter-bench\\engines\\v8-official-15.6.21\\runtime\\snapshot_blob.bin"", ""--max-opt=0"", ""--no-lazy"", ""C:\\Users\\mzyx\\Desktop\\0921\\js-interpreter-bench\\experiments\\octane_strict\\generated\\Gameboy.Gameboy.js"", ""--"", ""STRICT_CONFIG={\""N\"":4,\""mode\"":\""measure\"",\""timer\"":\""Date.now\""}""]","OCTANE_STRICT_RESULT:{""suite"":""Gameboy"",""benchmark"":""Gameboy"",""N"":4,""mode"":""measure"",""timer"":""Date.now"",""elapsed_ms"":1189,""elapsed_per_call_ms"":297.25,""extra_validation_calls"":0,""correctness"":""PASS""}",,
quickjs,Splay,Splay,26,827,2048,4621,2.25634765625,0,true,2026-09-27T17:45:12.056921+00:00,,Date.now,5049227800,0,d6372414234d150c814a6933257aa8c98a8c6260b0d72a71ee0d08d0ee6fb17a,"[""C:\\Users\\mzyx\\Desktop\\0921\\js-interpreter-bench\\engines\\quickjs-upstream\\qjs.exe"", ""C:\\Users\\mzyx\\Desktop\\0921\\js-interpreter-bench\\experiments\\octane_strict\\generated\\Splay.Splay.js"", ""STRICT_CONFIG={\""N\"":2048,\""mode\"":\""measure\"",\""timer\"":\""Date.now\""}""]","OCTANE_STRICT_RESULT:{""suite"":""Splay"",""benchmark"":""Splay"",""N"":2048,""mode"":""measure"",""timer"":""Date.now"",""elapsed_ms"":4621,""elapsed_per_call_ms"":2.25634765625,""extra_validation_calls"":0,""correctness"":""PASS""}",,
v8_ignition,Splay,Splay,26,828,2048,1822,0.8896484375,0,true,2026-09-27T17:45:14.036945+00:00,--max-opt=0 --no-lazy,Date.now,1963065300,0,d6372414234d150c814a6933257aa8c98a8c6260b0d72a71ee0d08d0ee6fb17a,"[""C:\\Users\\mzyx\\Desktop\\0921\\js-interpreter-bench\\engines\\v8-official-15.6.21\\runtime\\d8.exe"", ""--snapshot_blob=C:\\Users\\mzyx\\Desktop\\0921\\js-interpreter-bench\\engines\\v8-official-15.6.21\\runtime\\snapshot_blob.bin"", ""--max-opt=0"", ""--no-lazy"", ""C:\\Users\\mzyx\\Desktop\\0921\\js-interpreter-bench\\experiments\\octane_strict\\generated\\Splay.Splay.js"", ""--"", ""STRICT_CONFIG={\""N\"":2048,\""mode\"":\""measure\"",\""timer\"":\""Date.now\""}""]","OCTANE_STRICT_RESULT:{""suite"":""Splay"",""benchmark"":""Splay"",""N"":2048,""mode"":""measure"",""timer"":""Date.now"",""elapsed_ms"":1822,""elapsed_per_call_ms"":0.8896484375,""extra_validation_calls"":0,""correctness"":""PASS""}",,
v8_ignition,EarleyBoyer,Earley,26,829,512,1115,2.177734375,0,true,2026-09-27T17:45:15.208976+00:00,--max-opt=0 --no-lazy,Date.now,1160198100,0,c3ef3fbdd43f0dd5865a1652fa447c774869e86efba25ad910dffdea953f80a2,"[""C:\\Users\\mzyx\\Desktop\\0921\\js-interpreter-bench\\engines\\v8-official-15.6.21\\runtime\\d8.exe"", ""--snapshot_blob=C:\\Users\\mzyx\\Desktop\\0921\\js-interpreter-bench\\engines\\v8-official-15.6.21\\runtime\\snapshot_blob.bin"", ""--max-opt=0"", ""--no-lazy"", ""C:\\Users\\mzyx\\Desktop\\0921\\js-interpreter-bench\\experiments\\octane_strict\\generated\\EarleyBoyer.Earley.js"", ""--"", ""STRICT_CONFIG={\""N\"":512,\""mode\"":\""measure\"",\""timer\"":\""Date.now\""}""]","OCTANE_STRICT_RESULT:{""suite"":""EarleyBoyer"",""benchmark"":""Earley"",""N"":512,""mode"":""measure"",""timer"":""Date.now"",""elapsed_ms"":1115,""elapsed_per_call_ms"":2.177734375,""extra_validation_calls"":0,""correctness"":""PASS""}",,
quickjs,EarleyBoyer,Earley,26,830,512,3770,7.36328125,0,true,2026-09-27T17:45:19.010602+00:00,,Date.now,3790317100,0,c3ef3fbdd43f0dd5865a1652fa447c774869e86efba25ad910dffdea953f80a2,"[""C:\\Users\\mzyx\\Desktop\\0921\\js-interpreter-bench\\engines\\quickjs-upstream\\qjs.exe"", ""C:\\Users\\mzyx\\Desktop\\0921\\js-interpreter-bench\\experiments\\octane_strict\\generated\\EarleyBoyer.Earley.js"", ""STRICT_CONFIG={\""N\"":512,\""mode\"":\""measure\"",\""timer\"":\""Date.now\""}""]","OCTANE_STRICT_RESULT:{""suite"":""EarleyBoyer"",""benchmark"":""Earley"",""N"":512,""mode"":""measure"",""timer"":""Date.now"",""elapsed_ms"":3770,""elapsed_per_call_ms"":7.36328125,""extra_validation_calls"":0,""correctness"":""PASS""}",,
v8_ignition,CodeLoad,CodeLoadClosure,26,831,4096,1178,0.28759765625,0,true,2026-09-27T17:45:20.257252+00:00,--max-opt=0 --no-lazy,Date.now,1229120700,0,9c3f2890631a64f3776ae7d0cbc83510f2cadc62313f8e27b4ab278dd94390e8,"[""C:\\Users\\mzyx\\Desktop\\0921\\js-interpreter-bench\\engines\\v8-official-15.6.21\\runtime\\d8.exe"", ""--snapshot_blob=C:\\Users\\mzyx\\Desktop\\0921\\js-interpreter-bench\\engines\\v8-official-15.6.21\\runtime\\snapshot_blob.bin"", ""--max-opt=0"", ""--no-lazy"", ""C:\\Users\\mzyx\\Desktop\\0921\\js-interpreter-bench\\experiments\\octane_strict\\generated\\CodeLoad.CodeLoadClosure.js"", ""--"", ""STRICT_CONFIG={\""N\"":4096,\""mode\"":\""measure\"",\""timer\"":\""Date.now\""}""]","OCTANE_STRICT_RESULT:{""suite"":""CodeLoad"",""benchmark"":""CodeLoadClosure"",""N"":4096,""mode"":""measure"",""timer"":""Date.now"",""elapsed_ms"":1178,""elapsed_per_call_ms"":0.28759765625,""extra_validation_calls"":0,""correctness"":""PASS""}",,
quickjs,CodeLoad,CodeLoadClosure,26,832,4096,2458,0.60009765625,0,true,2026-09-27T17:45:22.858324+00:00,,Date.now,2589476200,0,9c3f2890631a64f3776ae7d0cbc83510f2cadc62313f8e27b4ab278dd94390e8,"[""C:\\Users\\mzyx\\Desktop\\0921\\js-interpreter-bench\\engines\\quickjs-upstream\\qjs.exe"", ""C:\\Users\\mzyx\\Desktop\\0921\\js-interpreter-bench\\experiments\\octane_strict\\generated\\CodeLoad.CodeLoadClosure.js"", ""STRICT_CONFIG={\""N\"":4096,\""mode\"":\""measure\"",\""timer\"":\""Date.now\""}""]","OCTANE_STRICT_RESULT:{""suite"":""CodeLoad"",""benchmark"":""CodeLoadClosure"",""N"":4096,""mode"":""measure"",""timer"":""Date.now"",""elapsed_ms"":2458,""elapsed_per_call_ms"":0.60009765625,""extra_validation_calls"":0,""correctness"":""PASS""}",,
v8_ignition,EarleyBoyer,Boyer,27,833,32,1283,40.09375,0,true,2026-09-27T17:45:24.199227+00:00,--max-opt=0 --no-lazy,Date.now,1325222100,0,e6d4262bd967274f8c7b66181bd6e39a9851606524faae200584e064d21b43b8,"[""C:\\Users\\mzyx\\Desktop\\0921\\js-interpreter-bench\\engines\\v8-official-15.6.21\\runtime\\d8.exe"", ""--snapshot_blob=C:\\Users\\mzyx\\Desktop\\0921\\js-interpreter-bench\\engines\\v8-official-15.6.21\\runtime\\snapshot_blob.bin"", ""--max-opt=0"", ""--no-lazy"", ""C:\\Users\\mzyx\\Desktop\\0921\\js-interpreter-bench\\experiments\\octane_strict\\generated\\EarleyBoyer.Boyer.js"", ""--"", ""STRICT_CONFIG={\""N\"":32,\""mode\"":\""measure\"",\""timer\"":\""Date.now\""}""]","OCTANE_STRICT_RESULT:{""suite"":""EarleyBoyer"",""benchmark"":""Boyer"",""N"":32,""mode"":""measure"",""timer"":""Date.now"",""elapsed_ms"":1283,""elapsed_per_call_ms"":40.09375,""extra_validation_calls"":0,""correctness"":""PASS""}",,
quickjs,EarleyBoyer,Boyer,27,834,32,3697,115.53125,0,true,2026-09-27T17:45:27.928979+00:00,,Date.now,3718314600,0,e6d4262bd967274f8c7b66181bd6e39a9851606524faae200584e064d21b43b8,"[""C:\\Users\\mzyx\\Desktop\\0921\\js-interpreter-bench\\engines\\quickjs-upstream\\qjs.exe"", ""C:\\Users\\mzyx\\Desktop\\0921\\js-interpreter-bench\\experiments\\octane_strict\\generated\\EarleyBoyer.Boyer.js"", ""STRICT_CONFIG={\""N\"":32,\""mode\"":\""measure\"",\""timer\"":\""Date.now\""}""]","OCTANE_STRICT_RESULT:{""suite"":""EarleyBoyer"",""benchmark"":""Boyer"",""N"":32,""mode"":""measure"",""timer"":""Date.now"",""elapsed_ms"":3697,""elapsed_per_call_ms"":115.53125,""extra_validation_calls"":0,""correctness"":""PASS""}",,
v8_ignition,Gameboy,Gameboy,27,835,4,1183,295.75,0,true,2026-09-27T17:45:29.188540+00:00,--max-opt=0 --no-lazy,Date.now,1240894100,0,3fc599b60ec8be6d0ab60d00add662dde31374ecb5b24167384d72d325a08a21,"[""C:\\Users\\mzyx\\Desktop\\0921\\js-interpreter-bench\\engines\\v8-official-15.6.21\\runtime\\d8.exe"", ""--snapshot_blob=C:\\Users\\mzyx\\Desktop\\0921\\js-interpreter-bench\\engines\\v8-official-15.6.21\\runtime\\snapshot_blob.bin"", ""--max-opt=0"", ""--no-lazy"", ""C:\\Users\\mzyx\\Desktop\\0921\\js-interpreter-bench\\experiments\\octane_strict\\generated\\Gameboy.Gameboy.js"", ""--"", ""STRICT_CONFIG={\""N\"":4,\""mode\"":\""measure\"",\""timer\"":\""Date.now\""}""]","OCTANE_STRICT_RESULT:{""suite"":""Gameboy"",""benchmark"":""Gameboy"",""N"":4,""mode"":""measure"",""timer"":""Date.now"",""elapsed_ms"":1183,""elapsed_per_call_ms"":295.75,""extra_validation_calls"":0,""correctness"":""PASS""}",,
quickjs,Gameboy,Gameboy,27,836,4,1429,357.25,0,true,2026-09-27T17:45:30.672844+00:00,,Date.now,1472798400,0,3fc599b60ec8be6d0ab60d00add662dde31374ecb5b24167384d72d325a08a21,"[""C:\\Users\\mzyx\\Desktop\\0921\\js-interpreter-bench\\engines\\quickjs-upstream\\qjs.exe"", ""C:\\Users\\mzyx\\Desktop\\0921\\js-interpreter-bench\\experiments\\octane_strict\\generated\\Gameboy.Gameboy.js"", ""STRICT_CONFIG={\""N\"":4,\""mode\"":\""measure\"",\""timer\"":\""Date.now\""}""]","OCTANE_STRICT_RESULT:{""suite"":""Gameboy"",""benchmark"":""Gameboy"",""N"":4,""mode"":""measure"",""timer"":""Date.now"",""elapsed_ms"":1429,""elapsed_per_call_ms"":357.25,""extra_validation_calls"":0,""correctness"":""PASS""}",,
v8_ignition,Crypto,Encrypt,27,837,256,1247,4.87109375,0,true,2026-09-27T17:45:32.065995+00:00,--max-opt=0 --no-lazy,Date.now,1374851500,0,c73b9c8626ff5488b879ff453a865c03adf87602c6d302855f1c6e0f91b57c92,"[""C:\\Users\\mzyx\\Desktop\\0921\\js-interpreter-bench\\engines\\v8-official-15.6.21\\runtime\\d8.exe"", ""--snapshot_blob=C:\\Users\\mzyx\\Desktop\\0921\\js-interpreter-bench\\engines\\v8-official-15.6.21\\runtime\\snapshot_blob.bin"", ""--max-opt=0"", ""--no-lazy"", ""C:\\Users\\mzyx\\Desktop\\0921\\js-interpreter-bench\\experiments\\octane_strict\\generated\\Crypto.Encrypt.js"", ""--"", ""STRICT_CONFIG={\""N\"":256,\""mode\"":\""measure\"",\""timer\"":\""Date.now\""}""]","OCTANE_STRICT_RESULT:{""suite"":""Crypto"",""benchmark"":""Encrypt"",""N"":256,""mode"":""measure"",""timer"":""Date.now"",""elapsed_ms"":1247,""elapsed_per_call_ms"":4.87109375,""extra_validation_calls"":0,""correctness"":""PASS""}",,
quickjs,Crypto,Encrypt,27,838,256,1354,5.2890625,0,true,2026-09-27T17:45:33.542040+00:00,,Date.now,1465890600,0,c73b9c8626ff5488b879ff453a865c03adf87602c6d302855f1c6e0f91b57c92,"[""C:\\Users\\mzyx\\Desktop\\0921\\js-interpreter-bench\\engines\\quickjs-upstream\\qjs.exe"", ""C:\\Users\\mzyx\\Desktop\\0921\\js-interpreter-bench\\experiments\\octane_strict\\generated\\Crypto.Encrypt.js"", ""STRICT_CONFIG={\""N\"":256,\""mode\"":\""measure\"",\""timer\"":\""Date.now\""}""]","OCTANE_STRICT_RESULT:{""suite"":""Crypto"",""benchmark"":""Encrypt"",""N"":256,""mode"":""measure"",""timer"":""Date.now"",""elapsed_ms"":1354,""elapsed_per_call_ms"":5.2890625,""extra_validation_calls"":0,""correctness"":""PASS""}",,
quickjs,Crypto,Decrypt,27,839,16,1642,102.625,0,true,2026-09-27T17:45:35.213674+00:00,,Date.now,1659665800,0,974b320858e72132edd4dd56da2f4582cbe4e99b10027c89dfa44b1ea1cd4591,"[""C:\\Users\\mzyx\\Desktop\\0921\\js-interpreter-bench\\engines\\quickjs-upstream\\qjs.exe"", ""C:\\Users\\mzyx\\Desktop\\0921\\js-interpreter-bench\\experiments\\octane_strict\\generated\\Crypto.Decrypt.js"", ""STRICT_CONFIG={\""N\"":16,\""mode\"":\""measure\"",\""timer\"":\""Date.now\""}""]","OCTANE_STRICT_RESULT:{""suite"":""Crypto"",""benchmark"":""Decrypt"",""N"":16,""mode"":""measure"",""timer"":""Date.now"",""elapsed_ms"":1642,""elapsed_per_call_ms"":102.625,""extra_validation_calls"":0,""correctness"":""PASS""}",,
v8_ignition,Crypto,Decrypt,27,840,16,1433,89.5625,0,true,2026-09-27T17:45:36.701970+00:00,--max-opt=0 --no-lazy,Date.now,1476748300,0,974b320858e72132edd4dd56da2f4582cbe4e99b10027c89dfa44b1ea1cd4591,"[""C:\\Users\\mzyx\\Desktop\\0921\\js-interpreter-bench\\engines\\v8-official-15.6.21\\runtime\\d8.exe"", ""--snapshot_blob=C:\\Users\\mzyx\\Desktop\\0921\\js-interpreter-bench\\engines\\v8-official-15.6.21\\runtime\\snapshot_blob.bin"", ""--max-opt=0"", ""--no-lazy"", ""C:\\Users\\mzyx\\Desktop\\0921\\js-interpreter-bench\\experiments\\octane_strict\\generated\\Crypto.Decrypt.js"", ""--"", ""STRICT_CONFIG={\""N\"":16,\""mode\"":\""measure\"",\""timer\"":\""Date.now\""}""]","OCTANE_STRICT_RESULT:{""suite"":""Crypto"",""benchmark"":""Decrypt"",""N"":16,""mode"":""measure"",""timer"":""Date.now"",""elapsed_ms"":1433,""elapsed_per_call_ms"":89.5625,""extra_validation_calls"":0,""correctness"":""PASS""}",,
quickjs,Mandreel,Mandreel,27,841,1,1843,1843,0,true,2026-09-27T17:45:40.027433+00:00,,Date.now,3308330200,0,64fbf14da4005c4426dcdd6191a5f206fbcd9ce260549e924fd925408614702d,"[""C:\\Users\\mzyx\\Desktop\\0921\\js-interpreter-bench\\engines\\quickjs-upstream\\qjs.exe"", ""C:\\Users\\mzyx\\Desktop\\0921\\js-interpreter-bench\\experiments\\octane_strict\\generated\\Mandreel.Mandreel.js"", ""STRICT_CONFIG={\""N\"":1,\""mode\"":\""measure\"",\""timer\"":\""Date.now\""}""]","OCTANE_STRICT_RESULT:{""suite"":""Mandreel"",""benchmark"":""Mandreel"",""N"":1,""mode"":""measure"",""timer"":""Date.now"",""elapsed_ms"":1843,""elapsed_per_call_ms"":1843,""extra_validation_calls"":0,""correctness"":""PASS""}",,
v8_ignition,Mandreel,Mandreel,27,842,1,1445,1445,0,true,2026-09-27T17:45:42.872100+00:00,--max-opt=0 --no-lazy,Date.now,2816930400,0,64fbf14da4005c4426dcdd6191a5f206fbcd9ce260549e924fd925408614702d,"[""C:\\Users\\mzyx\\Desktop\\0921\\js-interpreter-bench\\engines\\v8-official-15.6.21\\runtime\\d8.exe"", ""--snapshot_blob=C:\\Users\\mzyx\\Desktop\\0921\\js-interpreter-bench\\engines\\v8-official-15.6.21\\runtime\\snapshot_blob.bin"", ""--max-opt=0"", ""--no-lazy"", ""C:\\Users\\mzyx\\Desktop\\0921\\js-interpreter-bench\\experiments\\octane_strict\\generated\\Mandreel.Mandreel.js"", ""--"", ""STRICT_CONFIG={\""N\"":1,\""mode\"":\""measure\"",\""timer\"":\""Date.now\""}""]","OCTANE_STRICT_RESULT:{""suite"":""Mandreel"",""benchmark"":""Mandreel"",""N"":1,""mode"":""measure"",""timer"":""Date.now"",""elapsed_ms"":1445,""elapsed_per_call_ms"":1445,""extra_validation_calls"":0,""correctness"":""PASS""}",,
quickjs,EarleyBoyer,Earley,27,843,512,3790,7.40234375,0,true,2026-09-27T17:45:46.696976+00:00,,Date.now,3809451500,0,c3ef3fbdd43f0dd5865a1652fa447c774869e86efba25ad910dffdea953f80a2,"[""C:\\Users\\mzyx\\Desktop\\0921\\js-interpreter-bench\\engines\\quickjs-upstream\\qjs.exe"", ""C:\\Users\\mzyx\\Desktop\\0921\\js-interpreter-bench\\experiments\\octane_strict\\generated\\EarleyBoyer.Earley.js"", ""STRICT_CONFIG={\""N\"":512,\""mode\"":\""measure\"",\""timer\"":\""Date.now\""}""]","OCTANE_STRICT_RESULT:{""suite"":""EarleyBoyer"",""benchmark"":""Earley"",""N"":512,""mode"":""measure"",""timer"":""Date.now"",""elapsed_ms"":3790,""elapsed_per_call_ms"":7.40234375,""extra_validation_calls"":0,""correctness"":""PASS""}",,
v8_ignition,EarleyBoyer,Earley,27,844,512,1114,2.17578125,0,true,2026-09-27T17:45:47.867875+00:00,--max-opt=0 --no-lazy,Date.now,1160413600,0,c3ef3fbdd43f0dd5865a1652fa447c774869e86efba25ad910dffdea953f80a2,"[""C:\\Users\\mzyx\\Desktop\\0921\\js-interpreter-bench\\engines\\v8-official-15.6.21\\runtime\\d8.exe"", ""--snapshot_blob=C:\\Users\\mzyx\\Desktop\\0921\\js-interpreter-bench\\engines\\v8-official-15.6.21\\runtime\\snapshot_blob.bin"", ""--max-opt=0"", ""--no-lazy"", ""C:\\Users\\mzyx\\Desktop\\0921\\js-interpreter-bench\\experiments\\octane_strict\\generated\\EarleyBoyer.Earley.js"", ""--"", ""STRICT_CONFIG={\""N\"":512,\""mode\"":\""measure\"",\""timer\"":\""Date.now\""}""]","OCTANE_STRICT_RESULT:{""suite"":""EarleyBoyer"",""benchmark"":""Earley"",""N"":512,""mode"":""measure"",""timer"":""Date.now"",""elapsed_ms"":1114,""elapsed_per_call_ms"":2.17578125,""extra_validation_calls"":0,""correctness"":""PASS""}",,
quickjs,RegExp,RegExp,27,845,64,14516,226.8125,0,true,2026-09-27T17:46:02.432240+00:00,,Date.now,14549006900,0,881c9e28610ead1d8cbf528614032c48b8faa700f0e4177198bbb22f15a19111,"[""C:\\Users\\mzyx\\Desktop\\0921\\js-interpreter-bench\\engines\\quickjs-upstream\\qjs.exe"", ""C:\\Users\\mzyx\\Desktop\\0921\\js-interpreter-bench\\experiments\\octane_strict\\generated\\RegExp.RegExp.js"", ""STRICT_CONFIG={\""N\"":64,\""mode\"":\""measure\"",\""timer\"":\""Date.now\""}""]","OCTANE_STRICT_RESULT:{""suite"":""RegExp"",""benchmark"":""RegExp"",""N"":64,""mode"":""measure"",""timer"":""Date.now"",""elapsed_ms"":14516,""elapsed_per_call_ms"":226.8125,""extra_validation_calls"":0,""correctness"":""PASS""}",,
v8_ignition,RegExp,RegExp,27,846,64,1230,19.21875,0,true,2026-09-27T17:46:03.734593+00:00,--max-opt=0 --no-lazy,Date.now,1284772000,0,881c9e28610ead1d8cbf528614032c48b8faa700f0e4177198bbb22f15a19111,"[""C:\\Users\\mzyx\\Desktop\\0921\\js-interpreter-bench\\engines\\v8-official-15.6.21\\runtime\\d8.exe"", ""--snapshot_blob=C:\\Users\\mzyx\\Desktop\\0921\\js-interpreter-bench\\engines\\v8-official-15.6.21\\runtime\\snapshot_blob.bin"", ""--max-opt=0"", ""--no-lazy"", ""C:\\Users\\mzyx\\Desktop\\0921\\js-interpreter-bench\\experiments\\octane_strict\\generated\\RegExp.RegExp.js"", ""--"", ""STRICT_CONFIG={\""N\"":64,\""mode\"":\""measure\"",\""timer\"":\""Date.now\""}""]","OCTANE_STRICT_RESULT:{""suite"":""RegExp"",""benchmark"":""RegExp"",""N"":64,""mode"":""measure"",""timer"":""Date.now"",""elapsed_ms"":1230,""elapsed_per_call_ms"":19.21875,""extra_validation_calls"":0,""correctness"":""PASS""}",,
quickjs,DeltaBlue,DeltaBlue,27,847,512,3889,7.595703125,0,true,2026-09-27T17:46:07.645583+00:00,,Date.now,3900382700,0,8542689bb308963c4feefd143c1707791e271d609ef4c476eb9c3dfdeeec539f,"[""C:\\Users\\mzyx\\Desktop\\0921\\js-interpreter-bench\\engines\\quickjs-upstream\\qjs.exe"", ""C:\\Users\\mzyx\\Desktop\\0921\\js-interpreter-bench\\experiments\\octane_strict\\generated\\DeltaBlue.DeltaBlue.js"", ""STRICT_CONFIG={\""N\"":512,\""mode\"":\""measure\"",\""timer\"":\""Date.now\""}""]","OCTANE_STRICT_RESULT:{""suite"":""DeltaBlue"",""benchmark"":""DeltaBlue"",""N"":512,""mode"":""measure"",""timer"":""Date.now"",""elapsed_ms"":3889,""elapsed_per_call_ms"":7.595703125,""extra_validation_calls"":0,""correctness"":""PASS""}",,
v8_ignition,DeltaBlue,DeltaBlue,27,848,512,1907,3.724609375,0,true,2026-09-27T17:46:09.600184+00:00,--max-opt=0 --no-lazy,Date.now,1943209400,0,8542689bb308963c4feefd143c1707791e271d609ef4c476eb9c3dfdeeec539f,"[""C:\\Users\\mzyx\\Desktop\\0921\\js-interpreter-bench\\engines\\v8-official-15.6.21\\runtime\\d8.exe"", ""--snapshot_blob=C:\\Users\\mzyx\\Desktop\\0921\\js-interpreter-bench\\engines\\v8-official-15.6.21\\runtime\\snapshot_blob.bin"", ""--max-opt=0"", ""--no-lazy"", ""C:\\Users\\mzyx\\Desktop\\0921\\js-interpreter-bench\\experiments\\octane_strict\\generated\\DeltaBlue.DeltaBlue.js"", ""--"", ""STRICT_CONFIG={\""N\"":512,\""mode\"":\""measure\"",\""timer\"":\""Date.now\""}""]","OCTANE_STRICT_RESULT:{""suite"":""DeltaBlue"",""benchmark"":""DeltaBlue"",""N"":512,""mode"":""measure"",""timer"":""Date.now"",""elapsed_ms"":1907,""elapsed_per_call_ms"":3.724609375,""extra_validation_calls"":0,""correctness"":""PASS""}",,
quickjs,CodeLoad,CodeLoadClosure,27,849,4096,2459,0.600341796875,0,true,2026-09-27T17:46:12.203240+00:00,,Date.now,2590432600,0,9c3f2890631a64f3776ae7d0cbc83510f2cadc62313f8e27b4ab278dd94390e8,"[""C:\\Users\\mzyx\\Desktop\\0921\\js-interpreter-bench\\engines\\quickjs-upstream\\qjs.exe"", ""C:\\Users\\mzyx\\Desktop\\0921\\js-interpreter-bench\\experiments\\octane_strict\\generated\\CodeLoad.CodeLoadClosure.js"", ""STRICT_CONFIG={\""N\"":4096,\""mode\"":\""measure\"",\""timer\"":\""Date.now\""}""]","OCTANE_STRICT_RESULT:{""suite"":""CodeLoad"",""benchmark"":""CodeLoadClosure"",""N"":4096,""mode"":""measure"",""timer"":""Date.now"",""elapsed_ms"":2459,""elapsed_per_call_ms"":0.600341796875,""extra_validation_calls"":0,""correctness"":""PASS""}",,
v8_ignition,CodeLoad,CodeLoadClosure,27,850,4096,1170,0.28564453125,0,true,2026-09-27T17:46:13.439047+00:00,--max-opt=0 --no-lazy,Date.now,1219393600,0,9c3f2890631a64f3776ae7d0cbc83510f2cadc62313f8e27b4ab278dd94390e8,"[""C:\\Users\\mzyx\\Desktop\\0921\\js-interpreter-bench\\engines\\v8-official-15.6.21\\runtime\\d8.exe"", ""--snapshot_blob=C:\\Users\\mzyx\\Desktop\\0921\\js-interpreter-bench\\engines\\v8-official-15.6.21\\runtime\\snapshot_blob.bin"", ""--max-opt=0"", ""--no-lazy"", ""C:\\Users\\mzyx\\Desktop\\0921\\js-interpreter-bench\\experiments\\octane_strict\\generated\\CodeLoad.CodeLoadClosure.js"", ""--"", ""STRICT_CONFIG={\""N\"":4096,\""mode\"":\""measure\"",\""timer\"":\""Date.now\""}""]","OCTANE_STRICT_RESULT:{""suite"":""CodeLoad"",""benchmark"":""CodeLoadClosure"",""N"":4096,""mode"":""measure"",""timer"":""Date.now"",""elapsed_ms"":1170,""elapsed_per_call_ms"":0.28564453125,""extra_validation_calls"":0,""correctness"":""PASS""}",,
quickjs,NavierStokes,NavierStokes,27,851,32,1982,61.9375,0,true,2026-09-27T17:46:15.447586+00:00,,Date.now,1997222700,0,e86c3b0056fae99b5f0ffdb7d093b565b02987eef458b2c07ecb3fc39700ee3c,"[""C:\\Users\\mzyx\\Desktop\\0921\\js-interpreter-bench\\engines\\quickjs-upstream\\qjs.exe"", ""C:\\Users\\mzyx\\Desktop\\0921\\js-interpreter-bench\\experiments\\octane_strict\\generated\\NavierStokes.NavierStokes.js"", ""STRICT_CONFIG={\""N\"":32,\""mode\"":\""measure\"",\""timer\"":\""Date.now\""}""]","OCTANE_STRICT_RESULT:{""suite"":""NavierStokes"",""benchmark"":""NavierStokes"",""N"":32,""mode"":""measure"",""timer"":""Date.now"",""elapsed_ms"":1982,""elapsed_per_call_ms"":61.9375,""extra_validation_calls"":0,""correctness"":""PASS""}",,
v8_ignition,NavierStokes,NavierStokes,27,852,32,2309,72.15625,0,true,2026-09-27T17:46:17.814885+00:00,--max-opt=0 --no-lazy,Date.now,2349657700,0,e86c3b0056fae99b5f0ffdb7d093b565b02987eef458b2c07ecb3fc39700ee3c,"[""C:\\Users\\mzyx\\Desktop\\0921\\js-interpreter-bench\\engines\\v8-official-15.6.21\\runtime\\d8.exe"", ""--snapshot_blob=C:\\Users\\mzyx\\Desktop\\0921\\js-interpreter-bench\\engines\\v8-official-15.6.21\\runtime\\snapshot_blob.bin"", ""--max-opt=0"", ""--no-lazy"", ""C:\\Users\\mzyx\\Desktop\\0921\\js-interpreter-bench\\experiments\\octane_strict\\generated\\NavierStokes.NavierStokes.js"", ""--"", ""STRICT_CONFIG={\""N\"":32,\""mode\"":\""measure\"",\""timer\"":\""Date.now\""}""]","OCTANE_STRICT_RESULT:{""suite"":""NavierStokes"",""benchmark"":""NavierStokes"",""N"":32,""mode"":""measure"",""timer"":""Date.now"",""elapsed_ms"":2309,""elapsed_per_call_ms"":72.15625,""extra_validation_calls"":0,""correctness"":""PASS""}",,
v8_ignition,Splay,Splay,27,853,2048,1871,0.91357421875,0,true,2026-09-27T17:46:19.826012+00:00,--max-opt=0 --no-lazy,Date.now,1999923800,0,d6372414234d150c814a6933257aa8c98a8c6260b0d72a71ee0d08d0ee6fb17a,"[""C:\\Users\\mzyx\\Desktop\\0921\\js-interpreter-bench\\engines\\v8-official-15.6.21\\runtime\\d8.exe"", ""--snapshot_blob=C:\\Users\\mzyx\\Desktop\\0921\\js-interpreter-bench\\engines\\v8-official-15.6.21\\runtime\\snapshot_blob.bin"", ""--max-opt=0"", ""--no-lazy"", ""C:\\Users\\mzyx\\Desktop\\0921\\js-interpreter-bench\\experiments\\octane_strict\\generated\\Splay.Splay.js"", ""--"", ""STRICT_CONFIG={\""N\"":2048,\""mode\"":\""measure\"",\""timer\"":\""Date.now\""}""]","OCTANE_STRICT_RESULT:{""suite"":""Splay"",""benchmark"":""Splay"",""N"":2048,""mode"":""measure"",""timer"":""Date.now"",""elapsed_ms"":1871,""elapsed_per_call_ms"":0.91357421875,""extra_validation_calls"":0,""correctness"":""PASS""}",,
quickjs,Splay,Splay,27,854,2048,4543,2.21826171875,0,true,2026-09-27T17:46:24.822999+00:00,,Date.now,4985646900,0,d6372414234d150c814a6933257aa8c98a8c6260b0d72a71ee0d08d0ee6fb17a,"[""C:\\Users\\mzyx\\Desktop\\0921\\js-interpreter-bench\\engines\\quickjs-upstream\\qjs.exe"", ""C:\\Users\\mzyx\\Desktop\\0921\\js-interpreter-bench\\experiments\\octane_strict\\generated\\Splay.Splay.js"", ""STRICT_CONFIG={\""N\"":2048,\""mode\"":\""measure\"",\""timer\"":\""Date.now\""}""]","OCTANE_STRICT_RESULT:{""suite"":""Splay"",""benchmark"":""Splay"",""N"":2048,""mode"":""measure"",""timer"":""Date.now"",""elapsed_ms"":4543,""elapsed_per_call_ms"":2.21826171875,""extra_validation_calls"":0,""correctness"":""PASS""}",,
v8_ignition,RayTrace,RayTrace,27,855,64,1094,17.09375,0,true,2026-09-27T17:46:25.964166+00:00,--max-opt=0 --no-lazy,Date.now,1131349000,0,fb0af35ee1cbd7396c6b23184a123f87ce6f9d1d8e29a2dcbc3bf86a98f3ae33,"[""C:\\Users\\mzyx\\Desktop\\0921\\js-interpreter-bench\\engines\\v8-official-15.6.21\\runtime\\d8.exe"", ""--snapshot_blob=C:\\Users\\mzyx\\Desktop\\0921\\js-interpreter-bench\\engines\\v8-official-15.6.21\\runtime\\snapshot_blob.bin"", ""--max-opt=0"", ""--no-lazy"", ""C:\\Users\\mzyx\\Desktop\\0921\\js-interpreter-bench\\experiments\\octane_strict\\generated\\RayTrace.RayTrace.js"", ""--"", ""STRICT_CONFIG={\""N\"":64,\""mode\"":\""measure\"",\""timer\"":\""Date.now\""}""]","OCTANE_STRICT_RESULT:{""suite"":""RayTrace"",""benchmark"":""RayTrace"",""N"":64,""mode"":""measure"",""timer"":""Date.now"",""elapsed_ms"":1094,""elapsed_per_call_ms"":17.09375,""extra_validation_calls"":0,""correctness"":""PASS""}",,
quickjs,RayTrace,RayTrace,27,856,64,2566,40.09375,0,true,2026-09-27T17:46:28.553820+00:00,,Date.now,2577183400,0,fb0af35ee1cbd7396c6b23184a123f87ce6f9d1d8e29a2dcbc3bf86a98f3ae33,"[""C:\\Users\\mzyx\\Desktop\\0921\\js-interpreter-bench\\engines\\quickjs-upstream\\qjs.exe"", ""C:\\Users\\mzyx\\Desktop\\0921\\js-interpreter-bench\\experiments\\octane_strict\\generated\\RayTrace.RayTrace.js"", ""STRICT_CONFIG={\""N\"":64,\""mode\"":\""measure\"",\""timer\"":\""Date.now\""}""]","OCTANE_STRICT_RESULT:{""suite"":""RayTrace"",""benchmark"":""RayTrace"",""N"":64,""mode"":""measure"",""timer"":""Date.now"",""elapsed_ms"":2566,""elapsed_per_call_ms"":40.09375,""extra_validation_calls"":0,""correctness"":""PASS""}",,
v8_ignition,CodeLoad,CodeLoadJQuery,27,857,256,1061,4.14453125,0,true,2026-09-27T17:46:29.673512+00:00,--max-opt=0 --no-lazy,Date.now,1103438500,0,20f796e914b6995cc6114a2de2953e5cf5dd579501264d69dd26188909f790af,"[""C:\\Users\\mzyx\\Desktop\\0921\\js-interpreter-bench\\engines\\v8-official-15.6.21\\runtime\\d8.exe"", ""--snapshot_blob=C:\\Users\\mzyx\\Desktop\\0921\\js-interpreter-bench\\engines\\v8-official-15.6.21\\runtime\\snapshot_blob.bin"", ""--max-opt=0"", ""--no-lazy"", ""C:\\Users\\mzyx\\Desktop\\0921\\js-interpreter-bench\\experiments\\octane_strict\\generated\\CodeLoad.CodeLoadJQuery.js"", ""--"", ""STRICT_CONFIG={\""N\"":256,\""mode\"":\""measure\"",\""timer\"":\""Date.now\""}""]","OCTANE_STRICT_RESULT:{""suite"":""CodeLoad"",""benchmark"":""CodeLoadJQuery"",""N"":256,""mode"":""measure"",""timer"":""Date.now"",""elapsed_ms"":1061,""elapsed_per_call_ms"":4.14453125,""extra_validation_calls"":0,""correctness"":""PASS""}",,
quickjs,CodeLoad,CodeLoadJQuery,27,858,256,2804,10.953125,0,true,2026-09-27T17:46:32.505093+00:00,,Date.now,2818735700,0,20f796e914b6995cc6114a2de2953e5cf5dd579501264d69dd26188909f790af,"[""C:\\Users\\mzyx\\Desktop\\0921\\js-interpreter-bench\\engines\\quickjs-upstream\\qjs.exe"", ""C:\\Users\\mzyx\\Desktop\\0921\\js-interpreter-bench\\experiments\\octane_strict\\generated\\CodeLoad.CodeLoadJQuery.js"", ""STRICT_CONFIG={\""N\"":256,\""mode\"":\""measure\"",\""timer\"":\""Date.now\""}""]","OCTANE_STRICT_RESULT:{""suite"":""CodeLoad"",""benchmark"":""CodeLoadJQuery"",""N"":256,""mode"":""measure"",""timer"":""Date.now"",""elapsed_ms"":2804,""elapsed_per_call_ms"":10.953125,""extra_validation_calls"":0,""correctness"":""PASS""}",,
v8_ignition,Richards,Richards,27,859,512,1079,2.107421875,0,true,2026-09-27T17:46:33.630939+00:00,--max-opt=0 --no-lazy,Date.now,1114272300,0,d2207c68ebcf5db16fd42f8eb04fe21239b5f4726e5d3734ebd3c059754126a8,"[""C:\\Users\\mzyx\\Desktop\\0921\\js-interpreter-bench\\engines\\v8-official-15.6.21\\runtime\\d8.exe"", ""--snapshot_blob=C:\\Users\\mzyx\\Desktop\\0921\\js-interpreter-bench\\engines\\v8-official-15.6.21\\runtime\\snapshot_blob.bin"", ""--max-opt=0"", ""--no-lazy"", ""C:\\Users\\mzyx\\Desktop\\0921\\js-interpreter-bench\\experiments\\octane_strict\\generated\\Richards.Richards.js"", ""--"", ""STRICT_CONFIG={\""N\"":512,\""mode\"":\""measure\"",\""timer\"":\""Date.now\""}""]","OCTANE_STRICT_RESULT:{""suite"":""Richards"",""benchmark"":""Richards"",""N"":512,""mode"":""measure"",""timer"":""Date.now"",""elapsed_ms"":1079,""elapsed_per_call_ms"":2.107421875,""extra_validation_calls"":0,""correctness"":""PASS""}",,
quickjs,Richards,Richards,27,860,512,1950,3.80859375,0,true,2026-09-27T17:46:35.603036+00:00,,Date.now,1960736800,0,d2207c68ebcf5db16fd42f8eb04fe21239b5f4726e5d3734ebd3c059754126a8,"[""C:\\Users\\mzyx\\Desktop\\0921\\js-interpreter-bench\\engines\\quickjs-upstream\\qjs.exe"", ""C:\\Users\\mzyx\\Desktop\\0921\\js-interpreter-bench\\experiments\\octane_strict\\generated\\Richards.Richards.js"", ""STRICT_CONFIG={\""N\"":512,\""mode\"":\""measure\"",\""timer\"":\""Date.now\""}""]","OCTANE_STRICT_RESULT:{""suite"":""Richards"",""benchmark"":""Richards"",""N"":512,""mode"":""measure"",""timer"":""Date.now"",""elapsed_ms"":1950,""elapsed_per_call_ms"":3.80859375,""extra_validation_calls"":0,""correctness"":""PASS""}",,
quickjs,Typescript,Typescript,27,861,1,2037,2037,0,true,2026-09-27T17:46:37.860596+00:00,,Date.now,2242577300,0,135e157d4fd316d69e9afdb0147a5d3f71ff32877fbe7c2febd72041df50deb0,"[""C:\\Users\\mzyx\\Desktop\\0921\\js-interpreter-bench\\engines\\quickjs-upstream\\qjs.exe"", ""C:\\Users\\mzyx\\Desktop\\0921\\js-interpreter-bench\\experiments\\octane_strict\\generated\\Typescript.Typescript.js"", ""STRICT_CONFIG={\""N\"":1,\""mode\"":\""measure\"",\""timer\"":\""Date.now\""}""]","OCTANE_STRICT_RESULT:{""suite"":""Typescript"",""benchmark"":""Typescript"",""N"":1,""mode"":""measure"",""timer"":""Date.now"",""elapsed_ms"":2037,""elapsed_per_call_ms"":2037,""extra_validation_calls"":0,""correctness"":""PASS""}",,
v8_ignition,Typescript,Typescript,27,862,1,1208,1208,0,true,2026-09-27T17:46:39.161499+00:00,--max-opt=0 --no-lazy,Date.now,1284106700,0,135e157d4fd316d69e9afdb0147a5d3f71ff32877fbe7c2febd72041df50deb0,"[""C:\\Users\\mzyx\\Desktop\\0921\\js-interpreter-bench\\engines\\v8-official-15.6.21\\runtime\\d8.exe"", ""--snapshot_blob=C:\\Users\\mzyx\\Desktop\\0921\\js-interpreter-bench\\engines\\v8-official-15.6.21\\runtime\\snapshot_blob.bin"", ""--max-opt=0"", ""--no-lazy"", ""C:\\Users\\mzyx\\Desktop\\0921\\js-interpreter-bench\\experiments\\octane_strict\\generated\\Typescript.Typescript.js"", ""--"", ""STRICT_CONFIG={\""N\"":1,\""mode\"":\""measure\"",\""timer\"":\""Date.now\""}""]","OCTANE_STRICT_RESULT:{""suite"":""Typescript"",""benchmark"":""Typescript"",""N"":1,""mode"":""measure"",""timer"":""Date.now"",""elapsed_ms"":1208,""elapsed_per_call_ms"":1208,""extra_validation_calls"":0,""correctness"":""PASS""}",,
v8_ignition,PdfJS,PdfJS,27,863,16,1715,107.1875,0,true,2026-09-27T17:46:41.045252+00:00,--max-opt=0 --no-lazy,Date.now,1867640500,0,f1966230e4a00bc61dc4c00fd600486e941235c3ee8206f897bd148dfd6e630b,"[""C:\\Users\\mzyx\\Desktop\\0921\\js-interpreter-bench\\engines\\v8-official-15.6.21\\runtime\\d8.exe"", ""--snapshot_blob=C:\\Users\\mzyx\\Desktop\\0921\\js-interpreter-bench\\engines\\v8-official-15.6.21\\runtime\\snapshot_blob.bin"", ""--max-opt=0"", ""--no-lazy"", ""C:\\Users\\mzyx\\Desktop\\0921\\js-interpreter-bench\\experiments\\octane_strict\\generated\\PdfJS.PdfJS.js"", ""--"", ""STRICT_CONFIG={\""N\"":16,\""mode\"":\""measure\"",\""timer\"":\""Date.now\""}""]","OCTANE_STRICT_RESULT:{""suite"":""PdfJS"",""benchmark"":""PdfJS"",""N"":16,""mode"":""measure"",""timer"":""Date.now"",""elapsed_ms"":1715,""elapsed_per_call_ms"":107.1875,""extra_validation_calls"":0,""correctness"":""PASS""}",,
quickjs,PdfJS,PdfJS,27,864,16,3243,202.6875,0,true,2026-09-27T17:46:44.526277+00:00,,Date.now,3467950400,0,f1966230e4a00bc61dc4c00fd600486e941235c3ee8206f897bd148dfd6e630b,"[""C:\\Users\\mzyx\\Desktop\\0921\\js-interpreter-bench\\engines\\quickjs-upstream\\qjs.exe"", ""C:\\Users\\mzyx\\Desktop\\0921\\js-interpreter-bench\\experiments\\octane_strict\\generated\\PdfJS.PdfJS.js"", ""STRICT_CONFIG={\""N\"":16,\""mode\"":\""measure\"",\""timer\"":\""Date.now\""}""]","OCTANE_STRICT_RESULT:{""suite"":""PdfJS"",""benchmark"":""PdfJS"",""N"":16,""mode"":""measure"",""timer"":""Date.now"",""elapsed_ms"":3243,""elapsed_per_call_ms"":202.6875,""extra_validation_calls"":0,""correctness"":""PASS""}",,
v8_ignition,CodeLoad,CodeLoadClosure,28,865,4096,1185,0.289306640625,0,true,2026-09-27T17:46:45.775490+00:00,--max-opt=0 --no-lazy,Date.now,1235309300,0,9c3f2890631a64f3776ae7d0cbc83510f2cadc62313f8e27b4ab278dd94390e8,"[""C:\\Users\\mzyx\\Desktop\\0921\\js-interpreter-bench\\engines\\v8-official-15.6.21\\runtime\\d8.exe"", ""--snapshot_blob=C:\\Users\\mzyx\\Desktop\\0921\\js-interpreter-bench\\engines\\v8-official-15.6.21\\runtime\\snapshot_blob.bin"", ""--max-opt=0"", ""--no-lazy"", ""C:\\Users\\mzyx\\Desktop\\0921\\js-interpreter-bench\\experiments\\octane_strict\\generated\\CodeLoad.CodeLoadClosure.js"", ""--"", ""STRICT_CONFIG={\""N\"":4096,\""mode\"":\""measure\"",\""timer\"":\""Date.now\""}""]","OCTANE_STRICT_RESULT:{""suite"":""CodeLoad"",""benchmark"":""CodeLoadClosure"",""N"":4096,""mode"":""measure"",""timer"":""Date.now"",""elapsed_ms"":1185,""elapsed_per_call_ms"":0.289306640625,""extra_validation_calls"":0,""correctness"":""PASS""}",,
quickjs,CodeLoad,CodeLoadClosure,28,866,4096,2463,0.601318359375,0,true,2026-09-27T17:46:48.383825+00:00,,Date.now,2596229900,0,9c3f2890631a64f3776ae7d0cbc83510f2cadc62313f8e27b4ab278dd94390e8,"[""C:\\Users\\mzyx\\Desktop\\0921\\js-interpreter-bench\\engines\\quickjs-upstream\\qjs.exe"", ""C:\\Users\\mzyx\\Desktop\\0921\\js-interpreter-bench\\experiments\\octane_strict\\generated\\CodeLoad.CodeLoadClosure.js"", ""STRICT_CONFIG={\""N\"":4096,\""mode\"":\""measure\"",\""timer\"":\""Date.now\""}""]","OCTANE_STRICT_RESULT:{""suite"":""CodeLoad"",""benchmark"":""CodeLoadClosure"",""N"":4096,""mode"":""measure"",""timer"":""Date.now"",""elapsed_ms"":2463,""elapsed_per_call_ms"":0.601318359375,""extra_validation_calls"":0,""correctness"":""PASS""}",,
v8_ignition,Mandreel,Mandreel,28,867,1,1479,1479,0,true,2026-09-27T17:46:51.276060+00:00,--max-opt=0 --no-lazy,Date.now,2867067700,0,64fbf14da4005c4426dcdd6191a5f206fbcd9ce260549e924fd925408614702d,"[""C:\\Users\\mzyx\\Desktop\\0921\\js-interpreter-bench\\engines\\v8-official-15.6.21\\runtime\\d8.exe"", ""--snapshot_blob=C:\\Users\\mzyx\\Desktop\\0921\\js-interpreter-bench\\engines\\v8-official-15.6.21\\runtime\\snapshot_blob.bin"", ""--max-opt=0"", ""--no-lazy"", ""C:\\Users\\mzyx\\Desktop\\0921\\js-interpreter-bench\\experiments\\octane_strict\\generated\\Mandreel.Mandreel.js"", ""--"", ""STRICT_CONFIG={\""N\"":1,\""mode\"":\""measure\"",\""timer\"":\""Date.now\""}""]","OCTANE_STRICT_RESULT:{""suite"":""Mandreel"",""benchmark"":""Mandreel"",""N"":1,""mode"":""measure"",""timer"":""Date.now"",""elapsed_ms"":1479,""elapsed_per_call_ms"":1479,""extra_validation_calls"":0,""correctness"":""PASS""}",,
quickjs,Mandreel,Mandreel,28,868,1,1851,1851,0,true,2026-09-27T17:46:54.646581+00:00,,Date.now,3355624200,0,64fbf14da4005c4426dcdd6191a5f206fbcd9ce260549e924fd925408614702d,"[""C:\\Users\\mzyx\\Desktop\\0921\\js-interpreter-bench\\engines\\quickjs-upstream\\qjs.exe"", ""C:\\Users\\mzyx\\Desktop\\0921\\js-interpreter-bench\\experiments\\octane_strict\\generated\\Mandreel.Mandreel.js"", ""STRICT_CONFIG={\""N\"":1,\""mode\"":\""measure\"",\""timer\"":\""Date.now\""}""]","OCTANE_STRICT_RESULT:{""suite"":""Mandreel"",""benchmark"":""Mandreel"",""N"":1,""mode"":""measure"",""timer"":""Date.now"",""elapsed_ms"":1851,""elapsed_per_call_ms"":1851,""extra_validation_calls"":0,""correctness"":""PASS""}",,
quickjs,PdfJS,PdfJS,28,869,16,3230,201.875,0,true,2026-09-27T17:46:58.122727+00:00,,Date.now,3452281500,0,f1966230e4a00bc61dc4c00fd600486e941235c3ee8206f897bd148dfd6e630b,"[""C:\\Users\\mzyx\\Desktop\\0921\\js-interpreter-bench\\engines\\quickjs-upstream\\qjs.exe"", ""C:\\Users\\mzyx\\Desktop\\0921\\js-interpreter-bench\\experiments\\octane_strict\\generated\\PdfJS.PdfJS.js"", ""STRICT_CONFIG={\""N\"":16,\""mode\"":\""measure\"",\""timer\"":\""Date.now\""}""]","OCTANE_STRICT_RESULT:{""suite"":""PdfJS"",""benchmark"":""PdfJS"",""N"":16,""mode"":""measure"",""timer"":""Date.now"",""elapsed_ms"":3230,""elapsed_per_call_ms"":201.875,""extra_validation_calls"":0,""correctness"":""PASS""}",,
v8_ignition,PdfJS,PdfJS,28,870,16,1704,106.5,0,true,2026-09-27T17:47:00.005359+00:00,--max-opt=0 --no-lazy,Date.now,1862162300,0,f1966230e4a00bc61dc4c00fd600486e941235c3ee8206f897bd148dfd6e630b,"[""C:\\Users\\mzyx\\Desktop\\0921\\js-interpreter-bench\\engines\\v8-official-15.6.21\\runtime\\d8.exe"", ""--snapshot_blob=C:\\Users\\mzyx\\Desktop\\0921\\js-interpreter-bench\\engines\\v8-official-15.6.21\\runtime\\snapshot_blob.bin"", ""--max-opt=0"", ""--no-lazy"", ""C:\\Users\\mzyx\\Desktop\\0921\\js-interpreter-bench\\experiments\\octane_strict\\generated\\PdfJS.PdfJS.js"", ""--"", ""STRICT_CONFIG={\""N\"":16,\""mode\"":\""measure\"",\""timer\"":\""Date.now\""}""]","OCTANE_STRICT_RESULT:{""suite"":""PdfJS"",""benchmark"":""PdfJS"",""N"":16,""mode"":""measure"",""timer"":""Date.now"",""elapsed_ms"":1704,""elapsed_per_call_ms"":106.5,""extra_validation_calls"":0,""correctness"":""PASS""}",,
v8_ignition,Crypto,Decrypt,28,871,16,1454,90.875,0,true,2026-09-27T17:47:01.516122+00:00,--max-opt=0 --no-lazy,Date.now,1498663600,0,974b320858e72132edd4dd56da2f4582cbe4e99b10027c89dfa44b1ea1cd4591,"[""C:\\Users\\mzyx\\Desktop\\0921\\js-interpreter-bench\\engines\\v8-official-15.6.21\\runtime\\d8.exe"", ""--snapshot_blob=C:\\Users\\mzyx\\Desktop\\0921\\js-interpreter-bench\\engines\\v8-official-15.6.21\\runtime\\snapshot_blob.bin"", ""--max-opt=0"", ""--no-lazy"", ""C:\\Users\\mzyx\\Desktop\\0921\\js-interpreter-bench\\experiments\\octane_strict\\generated\\Crypto.Decrypt.js"", ""--"", ""STRICT_CONFIG={\""N\"":16,\""mode\"":\""measure\"",\""timer\"":\""Date.now\""}""]","OCTANE_STRICT_RESULT:{""suite"":""Crypto"",""benchmark"":""Decrypt"",""N"":16,""mode"":""measure"",""timer"":""Date.now"",""elapsed_ms"":1454,""elapsed_per_call_ms"":90.875,""extra_validation_calls"":0,""correctness"":""PASS""}",,
quickjs,Crypto,Decrypt,28,872,16,1650,103.125,0,true,2026-09-27T17:47:03.195712+00:00,,Date.now,1668506600,0,974b320858e72132edd4dd56da2f4582cbe4e99b10027c89dfa44b1ea1cd4591,"[""C:\\Users\\mzyx\\Desktop\\0921\\js-interpreter-bench\\engines\\quickjs-upstream\\qjs.exe"", ""C:\\Users\\mzyx\\Desktop\\0921\\js-interpreter-bench\\experiments\\octane_strict\\generated\\Crypto.Decrypt.js"", ""STRICT_CONFIG={\""N\"":16,\""mode\"":\""measure\"",\""timer\"":\""Date.now\""}""]","OCTANE_STRICT_RESULT:{""suite"":""Crypto"",""benchmark"":""Decrypt"",""N"":16,""mode"":""measure"",""timer"":""Date.now"",""elapsed_ms"":1650,""elapsed_per_call_ms"":103.125,""extra_validation_calls"":0,""correctness"":""PASS""}",,
v8_ignition,DeltaBlue,DeltaBlue,28,873,512,1904,3.71875,0,true,2026-09-27T17:47:05.154367+00:00,--max-opt=0 --no-lazy,Date.now,1940881300,0,8542689bb308963c4feefd143c1707791e271d609ef4c476eb9c3dfdeeec539f,"[""C:\\Users\\mzyx\\Desktop\\0921\\js-interpreter-bench\\engines\\v8-official-15.6.21\\runtime\\d8.exe"", ""--snapshot_blob=C:\\Users\\mzyx\\Desktop\\0921\\js-interpreter-bench\\engines\\v8-official-15.6.21\\runtime\\snapshot_blob.bin"", ""--max-opt=0"", ""--no-lazy"", ""C:\\Users\\mzyx\\Desktop\\0921\\js-interpreter-bench\\experiments\\octane_strict\\generated\\DeltaBlue.DeltaBlue.js"", ""--"", ""STRICT_CONFIG={\""N\"":512,\""mode\"":\""measure\"",\""timer\"":\""Date.now\""}""]","OCTANE_STRICT_RESULT:{""suite"":""DeltaBlue"",""benchmark"":""DeltaBlue"",""N"":512,""mode"":""measure"",""timer"":""Date.now"",""elapsed_ms"":1904,""elapsed_per_call_ms"":3.71875,""extra_validation_calls"":0,""correctness"":""PASS""}",,
quickjs,DeltaBlue,DeltaBlue,28,874,512,3877,7.572265625,0,true,2026-09-27T17:47:09.053338+00:00,,Date.now,3887709700,0,8542689bb308963c4feefd143c1707791e271d609ef4c476eb9c3dfdeeec539f,"[""C:\\Users\\mzyx\\Desktop\\0921\\js-interpreter-bench\\engines\\quickjs-upstream\\qjs.exe"", ""C:\\Users\\mzyx\\Desktop\\0921\\js-interpreter-bench\\experiments\\octane_strict\\generated\\DeltaBlue.DeltaBlue.js"", ""STRICT_CONFIG={\""N\"":512,\""mode\"":\""measure\"",\""timer\"":\""Date.now\""}""]","OCTANE_STRICT_RESULT:{""suite"":""DeltaBlue"",""benchmark"":""DeltaBlue"",""N"":512,""mode"":""measure"",""timer"":""Date.now"",""elapsed_ms"":3877,""elapsed_per_call_ms"":7.572265625,""extra_validation_calls"":0,""correctness"":""PASS""}",,
quickjs,Gameboy,Gameboy,28,875,4,1407,351.75,0,true,2026-09-27T17:47:10.516658+00:00,,Date.now,1450937600,0,3fc599b60ec8be6d0ab60d00add662dde31374ecb5b24167384d72d325a08a21,"[""C:\\Users\\mzyx\\Desktop\\0921\\js-interpreter-bench\\engines\\quickjs-upstream\\qjs.exe"", ""C:\\Users\\mzyx\\Desktop\\0921\\js-interpreter-bench\\experiments\\octane_strict\\generated\\Gameboy.Gameboy.js"", ""STRICT_CONFIG={\""N\"":4,\""mode\"":\""measure\"",\""timer\"":\""Date.now\""}""]","OCTANE_STRICT_RESULT:{""suite"":""Gameboy"",""benchmark"":""Gameboy"",""N"":4,""mode"":""measure"",""timer"":""Date.now"",""elapsed_ms"":1407,""elapsed_per_call_ms"":351.75,""extra_validation_calls"":0,""correctness"":""PASS""}",,
v8_ignition,Gameboy,Gameboy,28,876,4,1186,296.5,0,true,2026-09-27T17:47:11.774848+00:00,--max-opt=0 --no-lazy,Date.now,1245821200,0,3fc599b60ec8be6d0ab60d00add662dde31374ecb5b24167384d72d325a08a21,"[""C:\\Users\\mzyx\\Desktop\\0921\\js-interpreter-bench\\engines\\v8-official-15.6.21\\runtime\\d8.exe"", ""--snapshot_blob=C:\\Users\\mzyx\\Desktop\\0921\\js-interpreter-bench\\engines\\v8-official-15.6.21\\runtime\\snapshot_blob.bin"", ""--max-opt=0"", ""--no-lazy"", ""C:\\Users\\mzyx\\Desktop\\0921\\js-interpreter-bench\\experiments\\octane_strict\\generated\\Gameboy.Gameboy.js"", ""--"", ""STRICT_CONFIG={\""N\"":4,\""mode\"":\""measure\"",\""timer\"":\""Date.now\""}""]","OCTANE_STRICT_RESULT:{""suite"":""Gameboy"",""benchmark"":""Gameboy"",""N"":4,""mode"":""measure"",""timer"":""Date.now"",""elapsed_ms"":1186,""elapsed_per_call_ms"":296.5,""extra_validation_calls"":0,""correctness"":""PASS""}",,
quickjs,EarleyBoyer,Boyer,28,877,32,3731,116.59375,0,true,2026-09-27T17:47:15.540791+00:00,,Date.now,3753790600,0,e6d4262bd967274f8c7b66181bd6e39a9851606524faae200584e064d21b43b8,"[""C:\\Users\\mzyx\\Desktop\\0921\\js-interpreter-bench\\engines\\quickjs-upstream\\qjs.exe"", ""C:\\Users\\mzyx\\Desktop\\0921\\js-interpreter-bench\\experiments\\octane_strict\\generated\\EarleyBoyer.Boyer.js"", ""STRICT_CONFIG={\""N\"":32,\""mode\"":\""measure\"",\""timer\"":\""Date.now\""}""]","OCTANE_STRICT_RESULT:{""suite"":""EarleyBoyer"",""benchmark"":""Boyer"",""N"":32,""mode"":""measure"",""timer"":""Date.now"",""elapsed_ms"":3731,""elapsed_per_call_ms"":116.59375,""extra_validation_calls"":0,""correctness"":""PASS""}",,
v8_ignition,EarleyBoyer,Boyer,28,878,32,1293,40.40625,0,true,2026-09-27T17:47:16.896316+00:00,--max-opt=0 --no-lazy,Date.now,1337500100,0,e6d4262bd967274f8c7b66181bd6e39a9851606524faae200584e064d21b43b8,"[""C:\\Users\\mzyx\\Desktop\\0921\\js-interpreter-bench\\engines\\v8-official-15.6.21\\runtime\\d8.exe"", ""--snapshot_blob=C:\\Users\\mzyx\\Desktop\\0921\\js-interpreter-bench\\engines\\v8-official-15.6.21\\runtime\\snapshot_blob.bin"", ""--max-opt=0"", ""--no-lazy"", ""C:\\Users\\mzyx\\Desktop\\0921\\js-interpreter-bench\\experiments\\octane_strict\\generated\\EarleyBoyer.Boyer.js"", ""--"", ""STRICT_CONFIG={\""N\"":32,\""mode\"":\""measure\"",\""timer\"":\""Date.now\""}""]","OCTANE_STRICT_RESULT:{""suite"":""EarleyBoyer"",""benchmark"":""Boyer"",""N"":32,""mode"":""measure"",""timer"":""Date.now"",""elapsed_ms"":1293,""elapsed_per_call_ms"":40.40625,""extra_validation_calls"":0,""correctness"":""PASS""}",,
quickjs,Crypto,Encrypt,28,879,256,1421,5.55078125,0,true,2026-09-27T17:47:18.445222+00:00,,Date.now,1537910500,0,c73b9c8626ff5488b879ff453a865c03adf87602c6d302855f1c6e0f91b57c92,"[""C:\\Users\\mzyx\\Desktop\\0921\\js-interpreter-bench\\engines\\quickjs-upstream\\qjs.exe"", ""C:\\Users\\mzyx\\Desktop\\0921\\js-interpreter-bench\\experiments\\octane_strict\\generated\\Crypto.Encrypt.js"", ""STRICT_CONFIG={\""N\"":256,\""mode\"":\""measure\"",\""timer\"":\""Date.now\""}""]","OCTANE_STRICT_RESULT:{""suite"":""Crypto"",""benchmark"":""Encrypt"",""N"":256,""mode"":""measure"",""timer"":""Date.now"",""elapsed_ms"":1421,""elapsed_per_call_ms"":5.55078125,""extra_validation_calls"":0,""correctness"":""PASS""}",,
v8_ignition,Crypto,Encrypt,28,880,256,1224,4.78125,0,true,2026-09-27T17:47:19.811506+00:00,--max-opt=0 --no-lazy,Date.now,1354616600,0,c73b9c8626ff5488b879ff453a865c03adf87602c6d302855f1c6e0f91b57c92,"[""C:\\Users\\mzyx\\Desktop\\0921\\js-interpreter-bench\\engines\\v8-official-15.6.21\\runtime\\d8.exe"", ""--snapshot_blob=C:\\Users\\mzyx\\Desktop\\0921\\js-interpreter-bench\\engines\\v8-official-15.6.21\\runtime\\snapshot_blob.bin"", ""--max-opt=0"", ""--no-lazy"", ""C:\\Users\\mzyx\\Desktop\\0921\\js-interpreter-bench\\experiments\\octane_strict\\generated\\Crypto.Encrypt.js"", ""--"", ""STRICT_CONFIG={\""N\"":256,\""mode\"":\""measure\"",\""timer\"":\""Date.now\""}""]","OCTANE_STRICT_RESULT:{""suite"":""Crypto"",""benchmark"":""Encrypt"",""N"":256,""mode"":""measure"",""timer"":""Date.now"",""elapsed_ms"":1224,""elapsed_per_call_ms"":4.78125,""extra_validation_calls"":0,""correctness"":""PASS""}",,
quickjs,Richards,Richards,28,881,512,1943,3.794921875,0,true,2026-09-27T17:47:21.776575+00:00,,Date.now,1953359900,0,d2207c68ebcf5db16fd42f8eb04fe21239b5f4726e5d3734ebd3c059754126a8,"[""C:\\Users\\mzyx\\Desktop\\0921\\js-interpreter-bench\\engines\\quickjs-upstream\\qjs.exe"", ""C:\\Users\\mzyx\\Desktop\\0921\\js-interpreter-bench\\experiments\\octane_strict\\generated\\Richards.Richards.js"", ""STRICT_CONFIG={\""N\"":512,\""mode\"":\""measure\"",\""timer\"":\""Date.now\""}""]","OCTANE_STRICT_RESULT:{""suite"":""Richards"",""benchmark"":""Richards"",""N"":512,""mode"":""measure"",""timer"":""Date.now"",""elapsed_ms"":1943,""elapsed_per_call_ms"":3.794921875,""extra_validation_calls"":0,""correctness"":""PASS""}",,
v8_ignition,Richards,Richards,28,882,512,1077,2.103515625,0,true,2026-09-27T17:47:22.906367+00:00,--max-opt=0 --no-lazy,Date.now,1113508000,0,d2207c68ebcf5db16fd42f8eb04fe21239b5f4726e5d3734ebd3c059754126a8,"[""C:\\Users\\mzyx\\Desktop\\0921\\js-interpreter-bench\\engines\\v8-official-15.6.21\\runtime\\d8.exe"", ""--snapshot_blob=C:\\Users\\mzyx\\Desktop\\0921\\js-interpreter-bench\\engines\\v8-official-15.6.21\\runtime\\snapshot_blob.bin"", ""--max-opt=0"", ""--no-lazy"", ""C:\\Users\\mzyx\\Desktop\\0921\\js-interpreter-bench\\experiments\\octane_strict\\generated\\Richards.Richards.js"", ""--"", ""STRICT_CONFIG={\""N\"":512,\""mode\"":\""measure\"",\""timer\"":\""Date.now\""}""]","OCTANE_STRICT_RESULT:{""suite"":""Richards"",""benchmark"":""Richards"",""N"":512,""mode"":""measure"",""timer"":""Date.now"",""elapsed_ms"":1077,""elapsed_per_call_ms"":2.103515625,""extra_validation_calls"":0,""correctness"":""PASS""}",,
v8_ignition,RegExp,RegExp,28,883,64,1229,19.203125,0,true,2026-09-27T17:47:24.200993+00:00,--max-opt=0 --no-lazy,Date.now,1283897200,0,881c9e28610ead1d8cbf528614032c48b8faa700f0e4177198bbb22f15a19111,"[""C:\\Users\\mzyx\\Desktop\\0921\\js-interpreter-bench\\engines\\v8-official-15.6.21\\runtime\\d8.exe"", ""--snapshot_blob=C:\\Users\\mzyx\\Desktop\\0921\\js-interpreter-bench\\engines\\v8-official-15.6.21\\runtime\\snapshot_blob.bin"", ""--max-opt=0"", ""--no-lazy"", ""C:\\Users\\mzyx\\Desktop\\0921\\js-interpreter-bench\\experiments\\octane_strict\\generated\\RegExp.RegExp.js"", ""--"", ""STRICT_CONFIG={\""N\"":64,\""mode\"":\""measure\"",\""timer\"":\""Date.now\""}""]","OCTANE_STRICT_RESULT:{""suite"":""RegExp"",""benchmark"":""RegExp"",""N"":64,""mode"":""measure"",""timer"":""Date.now"",""elapsed_ms"":1229,""elapsed_per_call_ms"":19.203125,""extra_validation_calls"":0,""correctness"":""PASS""}",,
quickjs,RegExp,RegExp,28,884,64,14638,228.71875,0,true,2026-09-27T17:47:38.882525+00:00,,Date.now,14668459200,0,881c9e28610ead1d8cbf528614032c48b8faa700f0e4177198bbb22f15a19111,"[""C:\\Users\\mzyx\\Desktop\\0921\\js-interpreter-bench\\engines\\quickjs-upstream\\qjs.exe"", ""C:\\Users\\mzyx\\Desktop\\0921\\js-interpreter-bench\\experiments\\octane_strict\\generated\\RegExp.RegExp.js"", ""STRICT_CONFIG={\""N\"":64,\""mode\"":\""measure\"",\""timer\"":\""Date.now\""}""]","OCTANE_STRICT_RESULT:{""suite"":""RegExp"",""benchmark"":""RegExp"",""N"":64,""mode"":""measure"",""timer"":""Date.now"",""elapsed_ms"":14638,""elapsed_per_call_ms"":228.71875,""extra_validation_calls"":0,""correctness"":""PASS""}",,
v8_ignition,EarleyBoyer,Earley,28,885,512,1143,2.232421875,0,true,2026-09-27T17:47:40.085415+00:00,--max-opt=0 --no-lazy,Date.now,1186479700,0,c3ef3fbdd43f0dd5865a1652fa447c774869e86efba25ad910dffdea953f80a2,"[""C:\\Users\\mzyx\\Desktop\\0921\\js-interpreter-bench\\engines\\v8-official-15.6.21\\runtime\\d8.exe"", ""--snapshot_blob=C:\\Users\\mzyx\\Desktop\\0921\\js-interpreter-bench\\engines\\v8-official-15.6.21\\runtime\\snapshot_blob.bin"", ""--max-opt=0"", ""--no-lazy"", ""C:\\Users\\mzyx\\Desktop\\0921\\js-interpreter-bench\\experiments\\octane_strict\\generated\\EarleyBoyer.Earley.js"", ""--"", ""STRICT_CONFIG={\""N\"":512,\""mode\"":\""measure\"",\""timer\"":\""Date.now\""}""]","OCTANE_STRICT_RESULT:{""suite"":""EarleyBoyer"",""benchmark"":""Earley"",""N"":512,""mode"":""measure"",""timer"":""Date.now"",""elapsed_ms"":1143,""elapsed_per_call_ms"":2.232421875,""extra_validation_calls"":0,""correctness"":""PASS""}",,
quickjs,EarleyBoyer,Earley,28,886,512,3771,7.365234375,0,true,2026-09-27T17:47:43.890921+00:00,,Date.now,3791382200,0,c3ef3fbdd43f0dd5865a1652fa447c774869e86efba25ad910dffdea953f80a2,"[""C:\\Users\\mzyx\\Desktop\\0921\\js-interpreter-bench\\engines\\quickjs-upstream\\qjs.exe"", ""C:\\Users\\mzyx\\Desktop\\0921\\js-interpreter-bench\\experiments\\octane_strict\\generated\\EarleyBoyer.Earley.js"", ""STRICT_CONFIG={\""N\"":512,\""mode\"":\""measure\"",\""timer\"":\""Date.now\""}""]","OCTANE_STRICT_RESULT:{""suite"":""EarleyBoyer"",""benchmark"":""Earley"",""N"":512,""mode"":""measure"",""timer"":""Date.now"",""elapsed_ms"":3771,""elapsed_per_call_ms"":7.365234375,""extra_validation_calls"":0,""correctness"":""PASS""}",,
quickjs,CodeLoad,CodeLoadJQuery,28,887,256,2807,10.96484375,0,true,2026-09-27T17:47:46.727850+00:00,,Date.now,2820540700,0,20f796e914b6995cc6114a2de2953e5cf5dd579501264d69dd26188909f790af,"[""C:\\Users\\mzyx\\Desktop\\0921\\js-interpreter-bench\\engines\\quickjs-upstream\\qjs.exe"", ""C:\\Users\\mzyx\\Desktop\\0921\\js-interpreter-bench\\experiments\\octane_strict\\generated\\CodeLoad.CodeLoadJQuery.js"", ""STRICT_CONFIG={\""N\"":256,\""mode\"":\""measure\"",\""timer\"":\""Date.now\""}""]","OCTANE_STRICT_RESULT:{""suite"":""CodeLoad"",""benchmark"":""CodeLoadJQuery"",""N"":256,""mode"":""measure"",""timer"":""Date.now"",""elapsed_ms"":2807,""elapsed_per_call_ms"":10.96484375,""extra_validation_calls"":0,""correctness"":""PASS""}",,
v8_ignition,CodeLoad,CodeLoadJQuery,28,888,256,1067,4.16796875,0,true,2026-09-27T17:47:47.858470+00:00,--max-opt=0 --no-lazy,Date.now,1111897100,0,20f796e914b6995cc6114a2de2953e5cf5dd579501264d69dd26188909f790af,"[""C:\\Users\\mzyx\\Desktop\\0921\\js-interpreter-bench\\engines\\v8-official-15.6.21\\runtime\\d8.exe"", ""--snapshot_blob=C:\\Users\\mzyx\\Desktop\\0921\\js-interpreter-bench\\engines\\v8-official-15.6.21\\runtime\\snapshot_blob.bin"", ""--max-opt=0"", ""--no-lazy"", ""C:\\Users\\mzyx\\Desktop\\0921\\js-interpreter-bench\\experiments\\octane_strict\\generated\\CodeLoad.CodeLoadJQuery.js"", ""--"", ""STRICT_CONFIG={\""N\"":256,\""mode\"":\""measure\"",\""timer\"":\""Date.now\""}""]","OCTANE_STRICT_RESULT:{""suite"":""CodeLoad"",""benchmark"":""CodeLoadJQuery"",""N"":256,""mode"":""measure"",""timer"":""Date.now"",""elapsed_ms"":1067,""elapsed_per_call_ms"":4.16796875,""extra_validation_calls"":0,""correctness"":""PASS""}",,
quickjs,RayTrace,RayTrace,28,889,64,2591,40.484375,0,true,2026-09-27T17:47:50.471302+00:00,,Date.now,2602614500,0,fb0af35ee1cbd7396c6b23184a123f87ce6f9d1d8e29a2dcbc3bf86a98f3ae33,"[""C:\\Users\\mzyx\\Desktop\\0921\\js-interpreter-bench\\engines\\quickjs-upstream\\qjs.exe"", ""C:\\Users\\mzyx\\Desktop\\0921\\js-interpreter-bench\\experiments\\octane_strict\\generated\\RayTrace.RayTrace.js"", ""STRICT_CONFIG={\""N\"":64,\""mode\"":\""measure\"",\""timer\"":\""Date.now\""}""]","OCTANE_STRICT_RESULT:{""suite"":""RayTrace"",""benchmark"":""RayTrace"",""N"":64,""mode"":""measure"",""timer"":""Date.now"",""elapsed_ms"":2591,""elapsed_per_call_ms"":40.484375,""extra_validation_calls"":0,""correctness"":""PASS""}",,
v8_ignition,RayTrace,RayTrace,28,890,64,1098,17.15625,0,true,2026-09-27T17:47:51.625361+00:00,--max-opt=0 --no-lazy,Date.now,1136075500,0,fb0af35ee1cbd7396c6b23184a123f87ce6f9d1d8e29a2dcbc3bf86a98f3ae33,"[""C:\\Users\\mzyx\\Desktop\\0921\\js-interpreter-bench\\engines\\v8-official-15.6.21\\runtime\\d8.exe"", ""--snapshot_blob=C:\\Users\\mzyx\\Desktop\\0921\\js-interpreter-bench\\engines\\v8-official-15.6.21\\runtime\\snapshot_blob.bin"", ""--max-opt=0"", ""--no-lazy"", ""C:\\Users\\mzyx\\Desktop\\0921\\js-interpreter-bench\\experiments\\octane_strict\\generated\\RayTrace.RayTrace.js"", ""--"", ""STRICT_CONFIG={\""N\"":64,\""mode\"":\""measure\"",\""timer\"":\""Date.now\""}""]","OCTANE_STRICT_RESULT:{""suite"":""RayTrace"",""benchmark"":""RayTrace"",""N"":64,""mode"":""measure"",""timer"":""Date.now"",""elapsed_ms"":1098,""elapsed_per_call_ms"":17.15625,""extra_validation_calls"":0,""correctness"":""PASS""}",,
quickjs,Splay,Splay,28,891,2048,4607,2.24951171875,0,true,2026-09-27T17:47:56.676169+00:00,,Date.now,5039609400,0,d6372414234d150c814a6933257aa8c98a8c6260b0d72a71ee0d08d0ee6fb17a,"[""C:\\Users\\mzyx\\Desktop\\0921\\js-interpreter-bench\\engines\\quickjs-upstream\\qjs.exe"", ""C:\\Users\\mzyx\\Desktop\\0921\\js-interpreter-bench\\experiments\\octane_strict\\generated\\Splay.Splay.js"", ""STRICT_CONFIG={\""N\"":2048,\""mode\"":\""measure\"",\""timer\"":\""Date.now\""}""]","OCTANE_STRICT_RESULT:{""suite"":""Splay"",""benchmark"":""Splay"",""N"":2048,""mode"":""measure"",""timer"":""Date.now"",""elapsed_ms"":4607,""elapsed_per_call_ms"":2.24951171875,""extra_validation_calls"":0,""correctness"":""PASS""}",,
v8_ignition,Splay,Splay,28,892,2048,1863,0.90966796875,0,true,2026-09-27T17:47:58.688221+00:00,--max-opt=0 --no-lazy,Date.now,1996196100,0,d6372414234d150c814a6933257aa8c98a8c6260b0d72a71ee0d08d0ee6fb17a,"[""C:\\Users\\mzyx\\Desktop\\0921\\js-interpreter-bench\\engines\\v8-official-15.6.21\\runtime\\d8.exe"", ""--snapshot_blob=C:\\Users\\mzyx\\Desktop\\0921\\js-interpreter-bench\\engines\\v8-official-15.6.21\\runtime\\snapshot_blob.bin"", ""--max-opt=0"", ""--no-lazy"", ""C:\\Users\\mzyx\\Desktop\\0921\\js-interpreter-bench\\experiments\\octane_strict\\generated\\Splay.Splay.js"", ""--"", ""STRICT_CONFIG={\""N\"":2048,\""mode\"":\""measure\"",\""timer\"":\""Date.now\""}""]","OCTANE_STRICT_RESULT:{""suite"":""Splay"",""benchmark"":""Splay"",""N"":2048,""mode"":""measure"",""timer"":""Date.now"",""elapsed_ms"":1863,""elapsed_per_call_ms"":0.90966796875,""extra_validation_calls"":0,""correctness"":""PASS""}",,
v8_ignition,Typescript,Typescript,28,893,1,1211,1211,0,true,2026-09-27T17:47:59.988301+00:00,--max-opt=0 --no-lazy,Date.now,1286263600,0,135e157d4fd316d69e9afdb0147a5d3f71ff32877fbe7c2febd72041df50deb0,"[""C:\\Users\\mzyx\\Desktop\\0921\\js-interpreter-bench\\engines\\v8-official-15.6.21\\runtime\\d8.exe"", ""--snapshot_blob=C:\\Users\\mzyx\\Desktop\\0921\\js-interpreter-bench\\engines\\v8-official-15.6.21\\runtime\\snapshot_blob.bin"", ""--max-opt=0"", ""--no-lazy"", ""C:\\Users\\mzyx\\Desktop\\0921\\js-interpreter-bench\\experiments\\octane_strict\\generated\\Typescript.Typescript.js"", ""--"", ""STRICT_CONFIG={\""N\"":1,\""mode\"":\""measure\"",\""timer\"":\""Date.now\""}""]","OCTANE_STRICT_RESULT:{""suite"":""Typescript"",""benchmark"":""Typescript"",""N"":1,""mode"":""measure"",""timer"":""Date.now"",""elapsed_ms"":1211,""elapsed_per_call_ms"":1211,""extra_validation_calls"":0,""correctness"":""PASS""}",,
quickjs,Typescript,Typescript,28,894,1,2069,2069,0,true,2026-09-27T17:48:02.272671+00:00,,Date.now,2268390800,0,135e157d4fd316d69e9afdb0147a5d3f71ff32877fbe7c2febd72041df50deb0,"[""C:\\Users\\mzyx\\Desktop\\0921\\js-interpreter-bench\\engines\\quickjs-upstream\\qjs.exe"", ""C:\\Users\\mzyx\\Desktop\\0921\\js-interpreter-bench\\experiments\\octane_strict\\generated\\Typescript.Typescript.js"", ""STRICT_CONFIG={\""N\"":1,\""mode\"":\""measure\"",\""timer\"":\""Date.now\""}""]","OCTANE_STRICT_RESULT:{""suite"":""Typescript"",""benchmark"":""Typescript"",""N"":1,""mode"":""measure"",""timer"":""Date.now"",""elapsed_ms"":2069,""elapsed_per_call_ms"":2069,""extra_validation_calls"":0,""correctness"":""PASS""}",,
v8_ignition,NavierStokes,NavierStokes,28,895,32,2299,71.84375,0,true,2026-09-27T17:48:04.618300+00:00,--max-opt=0 --no-lazy,Date.now,2339264700,0,e86c3b0056fae99b5f0ffdb7d093b565b02987eef458b2c07ecb3fc39700ee3c,"[""C:\\Users\\mzyx\\Desktop\\0921\\js-interpreter-bench\\engines\\v8-official-15.6.21\\runtime\\d8.exe"", ""--snapshot_blob=C:\\Users\\mzyx\\Desktop\\0921\\js-interpreter-bench\\engines\\v8-official-15.6.21\\runtime\\snapshot_blob.bin"", ""--max-opt=0"", ""--no-lazy"", ""C:\\Users\\mzyx\\Desktop\\0921\\js-interpreter-bench\\experiments\\octane_strict\\generated\\NavierStokes.NavierStokes.js"", ""--"", ""STRICT_CONFIG={\""N\"":32,\""mode\"":\""measure\"",\""timer\"":\""Date.now\""}""]","OCTANE_STRICT_RESULT:{""suite"":""NavierStokes"",""benchmark"":""NavierStokes"",""N"":32,""mode"":""measure"",""timer"":""Date.now"",""elapsed_ms"":2299,""elapsed_per_call_ms"":71.84375,""extra_validation_calls"":0,""correctness"":""PASS""}",,
quickjs,NavierStokes,NavierStokes,28,896,32,1899,59.34375,0,true,2026-09-27T17:48:06.543015+00:00,,Date.now,1913841300,0,e86c3b0056fae99b5f0ffdb7d093b565b02987eef458b2c07ecb3fc39700ee3c,"[""C:\\Users\\mzyx\\Desktop\\0921\\js-interpreter-bench\\engines\\quickjs-upstream\\qjs.exe"", ""C:\\Users\\mzyx\\Desktop\\0921\\js-interpreter-bench\\experiments\\octane_strict\\generated\\NavierStokes.NavierStokes.js"", ""STRICT_CONFIG={\""N\"":32,\""mode\"":\""measure\"",\""timer\"":\""Date.now\""}""]","OCTANE_STRICT_RESULT:{""suite"":""NavierStokes"",""benchmark"":""NavierStokes"",""N"":32,""mode"":""measure"",""timer"":""Date.now"",""elapsed_ms"":1899,""elapsed_per_call_ms"":59.34375,""extra_validation_calls"":0,""correctness"":""PASS""}",,
v8_ignition,Crypto,Encrypt,29,897,256,1227,4.79296875,0,true,2026-09-27T17:48:07.912562+00:00,--max-opt=0 --no-lazy,Date.now,1357231000,0,c73b9c8626ff5488b879ff453a865c03adf87602c6d302855f1c6e0f91b57c92,"[""C:\\Users\\mzyx\\Desktop\\0921\\js-interpreter-bench\\engines\\v8-official-15.6.21\\runtime\\d8.exe"", ""--snapshot_blob=C:\\Users\\mzyx\\Desktop\\0921\\js-interpreter-bench\\engines\\v8-official-15.6.21\\runtime\\snapshot_blob.bin"", ""--max-opt=0"", ""--no-lazy"", ""C:\\Users\\mzyx\\Desktop\\0921\\js-interpreter-bench\\experiments\\octane_strict\\generated\\Crypto.Encrypt.js"", ""--"", ""STRICT_CONFIG={\""N\"":256,\""mode\"":\""measure\"",\""timer\"":\""Date.now\""}""]","OCTANE_STRICT_RESULT:{""suite"":""Crypto"",""benchmark"":""Encrypt"",""N"":256,""mode"":""measure"",""timer"":""Date.now"",""elapsed_ms"":1227,""elapsed_per_call_ms"":4.79296875,""extra_validation_calls"":0,""correctness"":""PASS""}",,
quickjs,Crypto,Encrypt,29,898,256,1337,5.22265625,0,true,2026-09-27T17:48:09.371100+00:00,,Date.now,1447522800,0,c73b9c8626ff5488b879ff453a865c03adf87602c6d302855f1c6e0f91b57c92,"[""C:\\Users\\mzyx\\Desktop\\0921\\js-interpreter-bench\\engines\\quickjs-upstream\\qjs.exe"", ""C:\\Users\\mzyx\\Desktop\\0921\\js-interpreter-bench\\experiments\\octane_strict\\generated\\Crypto.Encrypt.js"", ""STRICT_CONFIG={\""N\"":256,\""mode\"":\""measure\"",\""timer\"":\""Date.now\""}""]","OCTANE_STRICT_RESULT:{""suite"":""Crypto"",""benchmark"":""Encrypt"",""N"":256,""mode"":""measure"",""timer"":""Date.now"",""elapsed_ms"":1337,""elapsed_per_call_ms"":5.22265625,""extra_validation_calls"":0,""correctness"":""PASS""}",,
quickjs,Mandreel,Mandreel,29,899,1,1787,1787,0,true,2026-09-27T17:48:12.671093+00:00,,Date.now,3284691300,0,64fbf14da4005c4426dcdd6191a5f206fbcd9ce260549e924fd925408614702d,"[""C:\\Users\\mzyx\\Desktop\\0921\\js-interpreter-bench\\engines\\quickjs-upstream\\qjs.exe"", ""C:\\Users\\mzyx\\Desktop\\0921\\js-interpreter-bench\\experiments\\octane_strict\\generated\\Mandreel.Mandreel.js"", ""STRICT_CONFIG={\""N\"":1,\""mode\"":\""measure\"",\""timer\"":\""Date.now\""}""]","OCTANE_STRICT_RESULT:{""suite"":""Mandreel"",""benchmark"":""Mandreel"",""N"":1,""mode"":""measure"",""timer"":""Date.now"",""elapsed_ms"":1787,""elapsed_per_call_ms"":1787,""extra_validation_calls"":0,""correctness"":""PASS""}",,
v8_ignition,Mandreel,Mandreel,29,900,1,1452,1452,0,true,2026-09-27T17:48:15.521819+00:00,--max-opt=0 --no-lazy,Date.now,2821584200,0,64fbf14da4005c4426dcdd6191a5f206fbcd9ce260549e924fd925408614702d,"[""C:\\Users\\mzyx\\Desktop\\0921\\js-interpreter-bench\\engines\\v8-official-15.6.21\\runtime\\d8.exe"", ""--snapshot_blob=C:\\Users\\mzyx\\Desktop\\0921\\js-interpreter-bench\\engines\\v8-official-15.6.21\\runtime\\snapshot_blob.bin"", ""--max-opt=0"", ""--no-lazy"", ""C:\\Users\\mzyx\\Desktop\\0921\\js-interpreter-bench\\experiments\\octane_strict\\generated\\Mandreel.Mandreel.js"", ""--"", ""STRICT_CONFIG={\""N\"":1,\""mode\"":\""measure\"",\""timer\"":\""Date.now\""}""]","OCTANE_STRICT_RESULT:{""suite"":""Mandreel"",""benchmark"":""Mandreel"",""N"":1,""mode"":""measure"",""timer"":""Date.now"",""elapsed_ms"":1452,""elapsed_per_call_ms"":1452,""extra_validation_calls"":0,""correctness"":""PASS""}",,
v8_ignition,CodeLoad,CodeLoadJQuery,29,901,256,1051,4.10546875,0,true,2026-09-27T17:48:16.630718+00:00,--max-opt=0 --no-lazy,Date.now,1093337800,0,20f796e914b6995cc6114a2de2953e5cf5dd579501264d69dd26188909f790af,"[""C:\\Users\\mzyx\\Desktop\\0921\\js-interpreter-bench\\engines\\v8-official-15.6.21\\runtime\\d8.exe"", ""--snapshot_blob=C:\\Users\\mzyx\\Desktop\\0921\\js-interpreter-bench\\engines\\v8-official-15.6.21\\runtime\\snapshot_blob.bin"", ""--max-opt=0"", ""--no-lazy"", ""C:\\Users\\mzyx\\Desktop\\0921\\js-interpreter-bench\\experiments\\octane_strict\\generated\\CodeLoad.CodeLoadJQuery.js"", ""--"", ""STRICT_CONFIG={\""N\"":256,\""mode\"":\""measure\"",\""timer\"":\""Date.now\""}""]","OCTANE_STRICT_RESULT:{""suite"":""CodeLoad"",""benchmark"":""CodeLoadJQuery"",""N"":256,""mode"":""measure"",""timer"":""Date.now"",""elapsed_ms"":1051,""elapsed_per_call_ms"":4.10546875,""extra_validation_calls"":0,""correctness"":""PASS""}",,
quickjs,CodeLoad,CodeLoadJQuery,29,902,256,2796,10.921875,0,true,2026-09-27T17:48:19.451928+00:00,,Date.now,2809679100,0,20f796e914b6995cc6114a2de2953e5cf5dd579501264d69dd26188909f790af,"[""C:\\Users\\mzyx\\Desktop\\0921\\js-interpreter-bench\\engines\\quickjs-upstream\\qjs.exe"", ""C:\\Users\\mzyx\\Desktop\\0921\\js-interpreter-bench\\experiments\\octane_strict\\generated\\CodeLoad.CodeLoadJQuery.js"", ""STRICT_CONFIG={\""N\"":256,\""mode\"":\""measure\"",\""timer\"":\""Date.now\""}""]","OCTANE_STRICT_RESULT:{""suite"":""CodeLoad"",""benchmark"":""CodeLoadJQuery"",""N"":256,""mode"":""measure"",""timer"":""Date.now"",""elapsed_ms"":2796,""elapsed_per_call_ms"":10.921875,""extra_validation_calls"":0,""correctness"":""PASS""}",,
v8_ignition,RayTrace,RayTrace,29,903,64,1082,16.90625,0,true,2026-09-27T17:48:20.586254+00:00,--max-opt=0 --no-lazy,Date.now,1121495900,0,fb0af35ee1cbd7396c6b23184a123f87ce6f9d1d8e29a2dcbc3bf86a98f3ae33,"[""C:\\Users\\mzyx\\Desktop\\0921\\js-interpreter-bench\\engines\\v8-official-15.6.21\\runtime\\d8.exe"", ""--snapshot_blob=C:\\Users\\mzyx\\Desktop\\0921\\js-interpreter-bench\\engines\\v8-official-15.6.21\\runtime\\snapshot_blob.bin"", ""--max-opt=0"", ""--no-lazy"", ""C:\\Users\\mzyx\\Desktop\\0921\\js-interpreter-bench\\experiments\\octane_strict\\generated\\RayTrace.RayTrace.js"", ""--"", ""STRICT_CONFIG={\""N\"":64,\""mode\"":\""measure\"",\""timer\"":\""Date.now\""}""]","OCTANE_STRICT_RESULT:{""suite"":""RayTrace"",""benchmark"":""RayTrace"",""N"":64,""mode"":""measure"",""timer"":""Date.now"",""elapsed_ms"":1082,""elapsed_per_call_ms"":16.90625,""extra_validation_calls"":0,""correctness"":""PASS""}",,
quickjs,RayTrace,RayTrace,29,904,64,2544,39.75,0,true,2026-09-27T17:48:23.152762+00:00,,Date.now,2555157700,0,fb0af35ee1cbd7396c6b23184a123f87ce6f9d1d8e29a2dcbc3bf86a98f3ae33,"[""C:\\Users\\mzyx\\Desktop\\0921\\js-interpreter-bench\\engines\\quickjs-upstream\\qjs.exe"", ""C:\\Users\\mzyx\\Desktop\\0921\\js-interpreter-bench\\experiments\\octane_strict\\generated\\RayTrace.RayTrace.js"", ""STRICT_CONFIG={\""N\"":64,\""mode\"":\""measure\"",\""timer\"":\""Date.now\""}""]","OCTANE_STRICT_RESULT:{""suite"":""RayTrace"",""benchmark"":""RayTrace"",""N"":64,""mode"":""measure"",""timer"":""Date.now"",""elapsed_ms"":2544,""elapsed_per_call_ms"":39.75,""extra_validation_calls"":0,""correctness"":""PASS""}",,
quickjs,RegExp,RegExp,29,905,64,14616,228.375,0,true,2026-09-27T17:48:37.816985+00:00,,Date.now,14647437300,0,881c9e28610ead1d8cbf528614032c48b8faa700f0e4177198bbb22f15a19111,"[""C:\\Users\\mzyx\\Desktop\\0921\\js-interpreter-bench\\engines\\quickjs-upstream\\qjs.exe"", ""C:\\Users\\mzyx\\Desktop\\0921\\js-interpreter-bench\\experiments\\octane_strict\\generated\\RegExp.RegExp.js"", ""STRICT_CONFIG={\""N\"":64,\""mode\"":\""measure\"",\""timer\"":\""Date.now\""}""]","OCTANE_STRICT_RESULT:{""suite"":""RegExp"",""benchmark"":""RegExp"",""N"":64,""mode"":""measure"",""timer"":""Date.now"",""elapsed_ms"":14616,""elapsed_per_call_ms"":228.375,""extra_validation_calls"":0,""correctness"":""PASS""}",,
v8_ignition,RegExp,RegExp,29,906,64,1232,19.25,0,true,2026-09-27T17:48:39.116554+00:00,--max-opt=0 --no-lazy,Date.now,1287777400,0,881c9e28610ead1d8cbf528614032c48b8faa700f0e4177198bbb22f15a19111,"[""C:\\Users\\mzyx\\Desktop\\0921\\js-interpreter-bench\\engines\\v8-official-15.6.21\\runtime\\d8.exe"", ""--snapshot_blob=C:\\Users\\mzyx\\Desktop\\0921\\js-interpreter-bench\\engines\\v8-official-15.6.21\\runtime\\snapshot_blob.bin"", ""--max-opt=0"", ""--no-lazy"", ""C:\\Users\\mzyx\\Desktop\\0921\\js-interpreter-bench\\experiments\\octane_strict\\generated\\RegExp.RegExp.js"", ""--"", ""STRICT_CONFIG={\""N\"":64,\""mode\"":\""measure\"",\""timer\"":\""Date.now\""}""]","OCTANE_STRICT_RESULT:{""suite"":""RegExp"",""benchmark"":""RegExp"",""N"":64,""mode"":""measure"",""timer"":""Date.now"",""elapsed_ms"":1232,""elapsed_per_call_ms"":19.25,""extra_validation_calls"":0,""correctness"":""PASS""}",,
v8_ignition,EarleyBoyer,Boyer,29,907,32,1280,40,0,true,2026-09-27T17:48:40.449449+00:00,--max-opt=0 --no-lazy,Date.now,1322511200,0,e6d4262bd967274f8c7b66181bd6e39a9851606524faae200584e064d21b43b8,"[""C:\\Users\\mzyx\\Desktop\\0921\\js-interpreter-bench\\engines\\v8-official-15.6.21\\runtime\\d8.exe"", ""--snapshot_blob=C:\\Users\\mzyx\\Desktop\\0921\\js-interpreter-bench\\engines\\v8-official-15.6.21\\runtime\\snapshot_blob.bin"", ""--max-opt=0"", ""--no-lazy"", ""C:\\Users\\mzyx\\Desktop\\0921\\js-interpreter-bench\\experiments\\octane_strict\\generated\\EarleyBoyer.Boyer.js"", ""--"", ""STRICT_CONFIG={\""N\"":32,\""mode\"":\""measure\"",\""timer\"":\""Date.now\""}""]","OCTANE_STRICT_RESULT:{""suite"":""EarleyBoyer"",""benchmark"":""Boyer"",""N"":32,""mode"":""measure"",""timer"":""Date.now"",""elapsed_ms"":1280,""elapsed_per_call_ms"":40,""extra_validation_calls"":0,""correctness"":""PASS""}",,
quickjs,EarleyBoyer,Boyer,29,908,32,3692,115.375,0,true,2026-09-27T17:48:44.177592+00:00,,Date.now,3716290700,0,e6d4262bd967274f8c7b66181bd6e39a9851606524faae200584e064d21b43b8,"[""C:\\Users\\mzyx\\Desktop\\0921\\js-interpreter-bench\\engines\\quickjs-upstream\\qjs.exe"", ""C:\\Users\\mzyx\\Desktop\\0921\\js-interpreter-bench\\experiments\\octane_strict\\generated\\EarleyBoyer.Boyer.js"", ""STRICT_CONFIG={\""N\"":32,\""mode\"":\""measure\"",\""timer\"":\""Date.now\""}""]","OCTANE_STRICT_RESULT:{""suite"":""EarleyBoyer"",""benchmark"":""Boyer"",""N"":32,""mode"":""measure"",""timer"":""Date.now"",""elapsed_ms"":3692,""elapsed_per_call_ms"":115.375,""extra_validation_calls"":0,""correctness"":""PASS""}",,
v8_ignition,PdfJS,PdfJS,29,909,16,1713,107.0625,0,true,2026-09-27T17:48:46.063966+00:00,--max-opt=0 --no-lazy,Date.now,1866622800,0,f1966230e4a00bc61dc4c00fd600486e941235c3ee8206f897bd148dfd6e630b,"[""C:\\Users\\mzyx\\Desktop\\0921\\js-interpreter-bench\\engines\\v8-official-15.6.21\\runtime\\d8.exe"", ""--snapshot_blob=C:\\Users\\mzyx\\Desktop\\0921\\js-interpreter-bench\\engines\\v8-official-15.6.21\\runtime\\snapshot_blob.bin"", ""--max-opt=0"", ""--no-lazy"", ""C:\\Users\\mzyx\\Desktop\\0921\\js-interpreter-bench\\experiments\\octane_strict\\generated\\PdfJS.PdfJS.js"", ""--"", ""STRICT_CONFIG={\""N\"":16,\""mode\"":\""measure\"",\""timer\"":\""Date.now\""}""]","OCTANE_STRICT_RESULT:{""suite"":""PdfJS"",""benchmark"":""PdfJS"",""N"":16,""mode"":""measure"",""timer"":""Date.now"",""elapsed_ms"":1713,""elapsed_per_call_ms"":107.0625,""extra_validation_calls"":0,""correctness"":""PASS""}",,
quickjs,PdfJS,PdfJS,29,910,16,3190,199.375,0,true,2026-09-27T17:48:49.489253+00:00,,Date.now,3411902100,0,f1966230e4a00bc61dc4c00fd600486e941235c3ee8206f897bd148dfd6e630b,"[""C:\\Users\\mzyx\\Desktop\\0921\\js-interpreter-bench\\engines\\quickjs-upstream\\qjs.exe"", ""C:\\Users\\mzyx\\Desktop\\0921\\js-interpreter-bench\\experiments\\octane_strict\\generated\\PdfJS.PdfJS.js"", ""STRICT_CONFIG={\""N\"":16,\""mode\"":\""measure\"",\""timer\"":\""Date.now\""}""]","OCTANE_STRICT_RESULT:{""suite"":""PdfJS"",""benchmark"":""PdfJS"",""N"":16,""mode"":""measure"",""timer"":""Date.now"",""elapsed_ms"":3190,""elapsed_per_call_ms"":199.375,""extra_validation_calls"":0,""correctness"":""PASS""}",,
quickjs,EarleyBoyer,Earley,29,911,512,3764,7.3515625,0,true,2026-09-27T17:48:53.290589+00:00,,Date.now,3784264100,0,c3ef3fbdd43f0dd5865a1652fa447c774869e86efba25ad910dffdea953f80a2,"[""C:\\Users\\mzyx\\Desktop\\0921\\js-interpreter-bench\\engines\\quickjs-upstream\\qjs.exe"", ""C:\\Users\\mzyx\\Desktop\\0921\\js-interpreter-bench\\experiments\\octane_strict\\generated\\EarleyBoyer.Earley.js"", ""STRICT_CONFIG={\""N\"":512,\""mode\"":\""measure\"",\""timer\"":\""Date.now\""}""]","OCTANE_STRICT_RESULT:{""suite"":""EarleyBoyer"",""benchmark"":""Earley"",""N"":512,""mode"":""measure"",""timer"":""Date.now"",""elapsed_ms"":3764,""elapsed_per_call_ms"":7.3515625,""extra_validation_calls"":0,""correctness"":""PASS""}",,
v8_ignition,EarleyBoyer,Earley,29,912,512,1096,2.140625,0,true,2026-09-27T17:48:54.448015+00:00,--max-opt=0 --no-lazy,Date.now,1139658500,0,c3ef3fbdd43f0dd5865a1652fa447c774869e86efba25ad910dffdea953f80a2,"[""C:\\Users\\mzyx\\Desktop\\0921\\js-interpreter-bench\\engines\\v8-official-15.6.21\\runtime\\d8.exe"", ""--snapshot_blob=C:\\Users\\mzyx\\Desktop\\0921\\js-interpreter-bench\\engines\\v8-official-15.6.21\\runtime\\snapshot_blob.bin"", ""--max-opt=0"", ""--no-lazy"", ""C:\\Users\\mzyx\\Desktop\\0921\\js-interpreter-bench\\experiments\\octane_strict\\generated\\EarleyBoyer.Earley.js"", ""--"", ""STRICT_CONFIG={\""N\"":512,\""mode\"":\""measure\"",\""timer\"":\""Date.now\""}""]","OCTANE_STRICT_RESULT:{""suite"":""EarleyBoyer"",""benchmark"":""Earley"",""N"":512,""mode"":""measure"",""timer"":""Date.now"",""elapsed_ms"":1096,""elapsed_per_call_ms"":2.140625,""extra_validation_calls"":0,""correctness"":""PASS""}",,
v8_ignition,Splay,Splay,29,913,2048,1824,0.890625,0,true,2026-09-27T17:48:56.424900+00:00,--max-opt=0 --no-lazy,Date.now,1964444000,0,d6372414234d150c814a6933257aa8c98a8c6260b0d72a71ee0d08d0ee6fb17a,"[""C:\\Users\\mzyx\\Desktop\\0921\\js-interpreter-bench\\engines\\v8-official-15.6.21\\runtime\\d8.exe"", ""--snapshot_blob=C:\\Users\\mzyx\\Desktop\\0921\\js-interpreter-bench\\engines\\v8-official-15.6.21\\runtime\\snapshot_blob.bin"", ""--max-opt=0"", ""--no-lazy"", ""C:\\Users\\mzyx\\Desktop\\0921\\js-interpreter-bench\\experiments\\octane_strict\\generated\\Splay.Splay.js"", ""--"", ""STRICT_CONFIG={\""N\"":2048,\""mode\"":\""measure\"",\""timer\"":\""Date.now\""}""]","OCTANE_STRICT_RESULT:{""suite"":""Splay"",""benchmark"":""Splay"",""N"":2048,""mode"":""measure"",""timer"":""Date.now"",""elapsed_ms"":1824,""elapsed_per_call_ms"":0.890625,""extra_validation_calls"":0,""correctness"":""PASS""}",,
quickjs,Splay,Splay,29,914,2048,4539,2.21630859375,0,true,2026-09-27T17:49:01.393940+00:00,,Date.now,4958286200,0,d6372414234d150c814a6933257aa8c98a8c6260b0d72a71ee0d08d0ee6fb17a,"[""C:\\Users\\mzyx\\Desktop\\0921\\js-interpreter-bench\\engines\\quickjs-upstream\\qjs.exe"", ""C:\\Users\\mzyx\\Desktop\\0921\\js-interpreter-bench\\experiments\\octane_strict\\generated\\Splay.Splay.js"", ""STRICT_CONFIG={\""N\"":2048,\""mode\"":\""measure\"",\""timer\"":\""Date.now\""}""]","OCTANE_STRICT_RESULT:{""suite"":""Splay"",""benchmark"":""Splay"",""N"":2048,""mode"":""measure"",""timer"":""Date.now"",""elapsed_ms"":4539,""elapsed_per_call_ms"":2.21630859375,""extra_validation_calls"":0,""correctness"":""PASS""}",,
quickjs,CodeLoad,CodeLoadClosure,29,915,4096,2452,0.5986328125,0,true,2026-09-27T17:49:03.992581+00:00,,Date.now,2582127100,0,9c3f2890631a64f3776ae7d0cbc83510f2cadc62313f8e27b4ab278dd94390e8,"[""C:\\Users\\mzyx\\Desktop\\0921\\js-interpreter-bench\\engines\\quickjs-upstream\\qjs.exe"", ""C:\\Users\\mzyx\\Desktop\\0921\\js-interpreter-bench\\experiments\\octane_strict\\generated\\CodeLoad.CodeLoadClosure.js"", ""STRICT_CONFIG={\""N\"":4096,\""mode\"":\""measure\"",\""timer\"":\""Date.now\""}""]","OCTANE_STRICT_RESULT:{""suite"":""CodeLoad"",""benchmark"":""CodeLoadClosure"",""N"":4096,""mode"":""measure"",""timer"":""Date.now"",""elapsed_ms"":2452,""elapsed_per_call_ms"":0.5986328125,""extra_validation_calls"":0,""correctness"":""PASS""}",,
v8_ignition,CodeLoad,CodeLoadClosure,29,916,4096,1191,0.290771484375,0,true,2026-09-27T17:49:05.244407+00:00,--max-opt=0 --no-lazy,Date.now,1241427400,0,9c3f2890631a64f3776ae7d0cbc83510f2cadc62313f8e27b4ab278dd94390e8,"[""C:\\Users\\mzyx\\Desktop\\0921\\js-interpreter-bench\\engines\\v8-official-15.6.21\\runtime\\d8.exe"", ""--snapshot_blob=C:\\Users\\mzyx\\Desktop\\0921\\js-interpreter-bench\\engines\\v8-official-15.6.21\\runtime\\snapshot_blob.bin"", ""--max-opt=0"", ""--no-lazy"", ""C:\\Users\\mzyx\\Desktop\\0921\\js-interpreter-bench\\experiments\\octane_strict\\generated\\CodeLoad.CodeLoadClosure.js"", ""--"", ""STRICT_CONFIG={\""N\"":4096,\""mode\"":\""measure\"",\""timer\"":\""Date.now\""}""]","OCTANE_STRICT_RESULT:{""suite"":""CodeLoad"",""benchmark"":""CodeLoadClosure"",""N"":4096,""mode"":""measure"",""timer"":""Date.now"",""elapsed_ms"":1191,""elapsed_per_call_ms"":0.290771484375,""extra_validation_calls"":0,""correctness"":""PASS""}",,
quickjs,NavierStokes,NavierStokes,29,917,32,1925,60.15625,0,true,2026-09-27T17:49:07.199097+00:00,,Date.now,1940995600,0,e86c3b0056fae99b5f0ffdb7d093b565b02987eef458b2c07ecb3fc39700ee3c,"[""C:\\Users\\mzyx\\Desktop\\0921\\js-interpreter-bench\\engines\\quickjs-upstream\\qjs.exe"", ""C:\\Users\\mzyx\\Desktop\\0921\\js-interpreter-bench\\experiments\\octane_strict\\generated\\NavierStokes.NavierStokes.js"", ""STRICT_CONFIG={\""N\"":32,\""mode\"":\""measure\"",\""timer\"":\""Date.now\""}""]","OCTANE_STRICT_RESULT:{""suite"":""NavierStokes"",""benchmark"":""NavierStokes"",""N"":32,""mode"":""measure"",""timer"":""Date.now"",""elapsed_ms"":1925,""elapsed_per_call_ms"":60.15625,""extra_validation_calls"":0,""correctness"":""PASS""}",,
v8_ignition,NavierStokes,NavierStokes,29,918,32,2265,70.78125,0,true,2026-09-27T17:49:09.513456+00:00,--max-opt=0 --no-lazy,Date.now,2304321900,0,e86c3b0056fae99b5f0ffdb7d093b565b02987eef458b2c07ecb3fc39700ee3c,"[""C:\\Users\\mzyx\\Desktop\\0921\\js-interpreter-bench\\engines\\v8-official-15.6.21\\runtime\\d8.exe"", ""--snapshot_blob=C:\\Users\\mzyx\\Desktop\\0921\\js-interpreter-bench\\engines\\v8-official-15.6.21\\runtime\\snapshot_blob.bin"", ""--max-opt=0"", ""--no-lazy"", ""C:\\Users\\mzyx\\Desktop\\0921\\js-interpreter-bench\\experiments\\octane_strict\\generated\\NavierStokes.NavierStokes.js"", ""--"", ""STRICT_CONFIG={\""N\"":32,\""mode\"":\""measure\"",\""timer\"":\""Date.now\""}""]","OCTANE_STRICT_RESULT:{""suite"":""NavierStokes"",""benchmark"":""NavierStokes"",""N"":32,""mode"":""measure"",""timer"":""Date.now"",""elapsed_ms"":2265,""elapsed_per_call_ms"":70.78125,""extra_validation_calls"":0,""correctness"":""PASS""}",,
quickjs,Crypto,Decrypt,29,919,16,1630,101.875,0,true,2026-09-27T17:49:11.172543+00:00,,Date.now,1647176700,0,974b320858e72132edd4dd56da2f4582cbe4e99b10027c89dfa44b1ea1cd4591,"[""C:\\Users\\mzyx\\Desktop\\0921\\js-interpreter-bench\\engines\\quickjs-upstream\\qjs.exe"", ""C:\\Users\\mzyx\\Desktop\\0921\\js-interpreter-bench\\experiments\\octane_strict\\generated\\Crypto.Decrypt.js"", ""STRICT_CONFIG={\""N\"":16,\""mode\"":\""measure\"",\""timer\"":\""Date.now\""}""]","OCTANE_STRICT_RESULT:{""suite"":""Crypto"",""benchmark"":""Decrypt"",""N"":16,""mode"":""measure"",""timer"":""Date.now"",""elapsed_ms"":1630,""elapsed_per_call_ms"":101.875,""extra_validation_calls"":0,""correctness"":""PASS""}",,
v8_ignition,Crypto,Decrypt,29,920,16,1438,89.875,0,true,2026-09-27T17:49:12.665006+00:00,--max-opt=0 --no-lazy,Date.now,1481060700,0,974b320858e72132edd4dd56da2f4582cbe4e99b10027c89dfa44b1ea1cd4591,"[""C:\\Users\\mzyx\\Desktop\\0921\\js-interpreter-bench\\engines\\v8-official-15.6.21\\runtime\\d8.exe"", ""--snapshot_blob=C:\\Users\\mzyx\\Desktop\\0921\\js-interpreter-bench\\engines\\v8-official-15.6.21\\runtime\\snapshot_blob.bin"", ""--max-opt=0"", ""--no-lazy"", ""C:\\Users\\mzyx\\Desktop\\0921\\js-interpreter-bench\\experiments\\octane_strict\\generated\\Crypto.Decrypt.js"", ""--"", ""STRICT_CONFIG={\""N\"":16,\""mode\"":\""measure\"",\""timer\"":\""Date.now\""}""]","OCTANE_STRICT_RESULT:{""suite"":""Crypto"",""benchmark"":""Decrypt"",""N"":16,""mode"":""measure"",""timer"":""Date.now"",""elapsed_ms"":1438,""elapsed_per_call_ms"":89.875,""extra_validation_calls"":0,""correctness"":""PASS""}",,
quickjs,DeltaBlue,DeltaBlue,29,921,512,3899,7.615234375,0,true,2026-09-27T17:49:16.586823+00:00,,Date.now,3910071900,0,8542689bb308963c4feefd143c1707791e271d609ef4c476eb9c3dfdeeec539f,"[""C:\\Users\\mzyx\\Desktop\\0921\\js-interpreter-bench\\engines\\quickjs-upstream\\qjs.exe"", ""C:\\Users\\mzyx\\Desktop\\0921\\js-interpreter-bench\\experiments\\octane_strict\\generated\\DeltaBlue.DeltaBlue.js"", ""STRICT_CONFIG={\""N\"":512,\""mode\"":\""measure\"",\""timer\"":\""Date.now\""}""]","OCTANE_STRICT_RESULT:{""suite"":""DeltaBlue"",""benchmark"":""DeltaBlue"",""N"":512,""mode"":""measure"",""timer"":""Date.now"",""elapsed_ms"":3899,""elapsed_per_call_ms"":7.615234375,""extra_validation_calls"":0,""correctness"":""PASS""}",,
v8_ignition,DeltaBlue,DeltaBlue,29,922,512,1860,3.6328125,0,true,2026-09-27T17:49:18.501509+00:00,--max-opt=0 --no-lazy,Date.now,1897501300,0,8542689bb308963c4feefd143c1707791e271d609ef4c476eb9c3dfdeeec539f,"[""C:\\Users\\mzyx\\Desktop\\0921\\js-interpreter-bench\\engines\\v8-official-15.6.21\\runtime\\d8.exe"", ""--snapshot_blob=C:\\Users\\mzyx\\Desktop\\0921\\js-interpreter-bench\\engines\\v8-official-15.6.21\\runtime\\snapshot_blob.bin"", ""--max-opt=0"", ""--no-lazy"", ""C:\\Users\\mzyx\\Desktop\\0921\\js-interpreter-bench\\experiments\\octane_strict\\generated\\DeltaBlue.DeltaBlue.js"", ""--"", ""STRICT_CONFIG={\""N\"":512,\""mode\"":\""measure\"",\""timer\"":\""Date.now\""}""]","OCTANE_STRICT_RESULT:{""suite"":""DeltaBlue"",""benchmark"":""DeltaBlue"",""N"":512,""mode"":""measure"",""timer"":""Date.now"",""elapsed_ms"":1860,""elapsed_per_call_ms"":3.6328125,""extra_validation_calls"":0,""correctness"":""PASS""}",,
v8_ignition,Gameboy,Gameboy,29,923,4,1186,296.5,0,true,2026-09-27T17:49:19.756978+00:00,--max-opt=0 --no-lazy,Date.now,1244780200,0,3fc599b60ec8be6d0ab60d00add662dde31374ecb5b24167384d72d325a08a21,"[""C:\\Users\\mzyx\\Desktop\\0921\\js-interpreter-bench\\engines\\v8-official-15.6.21\\runtime\\d8.exe"", ""--snapshot_blob=C:\\Users\\mzyx\\Desktop\\0921\\js-interpreter-bench\\engines\\v8-official-15.6.21\\runtime\\snapshot_blob.bin"", ""--max-opt=0"", ""--no-lazy"", ""C:\\Users\\mzyx\\Desktop\\0921\\js-interpreter-bench\\experiments\\octane_strict\\generated\\Gameboy.Gameboy.js"", ""--"", ""STRICT_CONFIG={\""N\"":4,\""mode\"":\""measure\"",\""timer\"":\""Date.now\""}""]","OCTANE_STRICT_RESULT:{""suite"":""Gameboy"",""benchmark"":""Gameboy"",""N"":4,""mode"":""measure"",""timer"":""Date.now"",""elapsed_ms"":1186,""elapsed_per_call_ms"":296.5,""extra_validation_calls"":0,""correctness"":""PASS""}",,
quickjs,Gameboy,Gameboy,29,924,4,1422,355.5,0,true,2026-09-27T17:49:21.235708+00:00,,Date.now,1466247000,0,3fc599b60ec8be6d0ab60d00add662dde31374ecb5b24167384d72d325a08a21,"[""C:\\Users\\mzyx\\Desktop\\0921\\js-interpreter-bench\\engines\\quickjs-upstream\\qjs.exe"", ""C:\\Users\\mzyx\\Desktop\\0921\\js-interpreter-bench\\experiments\\octane_strict\\generated\\Gameboy.Gameboy.js"", ""STRICT_CONFIG={\""N\"":4,\""mode\"":\""measure\"",\""timer\"":\""Date.now\""}""]","OCTANE_STRICT_RESULT:{""suite"":""Gameboy"",""benchmark"":""Gameboy"",""N"":4,""mode"":""measure"",""timer"":""Date.now"",""elapsed_ms"":1422,""elapsed_per_call_ms"":355.5,""extra_validation_calls"":0,""correctness"":""PASS""}",,
v8_ignition,Richards,Richards,29,925,512,1064,2.078125,0,true,2026-09-27T17:49:22.346378+00:00,--max-opt=0 --no-lazy,Date.now,1099526900,0,d2207c68ebcf5db16fd42f8eb04fe21239b5f4726e5d3734ebd3c059754126a8,"[""C:\\Users\\mzyx\\Desktop\\0921\\js-interpreter-bench\\engines\\v8-official-15.6.21\\runtime\\d8.exe"", ""--snapshot_blob=C:\\Users\\mzyx\\Desktop\\0921\\js-interpreter-bench\\engines\\v8-official-15.6.21\\runtime\\snapshot_blob.bin"", ""--max-opt=0"", ""--no-lazy"", ""C:\\Users\\mzyx\\Desktop\\0921\\js-interpreter-bench\\experiments\\octane_strict\\generated\\Richards.Richards.js"", ""--"", ""STRICT_CONFIG={\""N\"":512,\""mode\"":\""measure\"",\""timer\"":\""Date.now\""}""]","OCTANE_STRICT_RESULT:{""suite"":""Richards"",""benchmark"":""Richards"",""N"":512,""mode"":""measure"",""timer"":""Date.now"",""elapsed_ms"":1064,""elapsed_per_call_ms"":2.078125,""extra_validation_calls"":0,""correctness"":""PASS""}",,
quickjs,Richards,Richards,29,926,512,1939,3.787109375,0,true,2026-09-27T17:49:24.309003+00:00,,Date.now,1949744600,0,d2207c68ebcf5db16fd42f8eb04fe21239b5f4726e5d3734ebd3c059754126a8,"[""C:\\Users\\mzyx\\Desktop\\0921\\js-interpreter-bench\\engines\\quickjs-upstream\\qjs.exe"", ""C:\\Users\\mzyx\\Desktop\\0921\\js-interpreter-bench\\experiments\\octane_strict\\generated\\Richards.Richards.js"", ""STRICT_CONFIG={\""N\"":512,\""mode\"":\""measure\"",\""timer\"":\""Date.now\""}""]","OCTANE_STRICT_RESULT:{""suite"":""Richards"",""benchmark"":""Richards"",""N"":512,""mode"":""measure"",""timer"":""Date.now"",""elapsed_ms"":1939,""elapsed_per_call_ms"":3.787109375,""extra_validation_calls"":0,""correctness"":""PASS""}",,
quickjs,Typescript,Typescript,29,927,1,2033,2033,0,true,2026-09-27T17:49:26.565676+00:00,,Date.now,2236595400,0,135e157d4fd316d69e9afdb0147a5d3f71ff32877fbe7c2febd72041df50deb0,"[""C:\\Users\\mzyx\\Desktop\\0921\\js-interpreter-bench\\engines\\quickjs-upstream\\qjs.exe"", ""C:\\Users\\mzyx\\Desktop\\0921\\js-interpreter-bench\\experiments\\octane_strict\\generated\\Typescript.Typescript.js"", ""STRICT_CONFIG={\""N\"":1,\""mode\"":\""measure\"",\""timer\"":\""Date.now\""}""]","OCTANE_STRICT_RESULT:{""suite"":""Typescript"",""benchmark"":""Typescript"",""N"":1,""mode"":""measure"",""timer"":""Date.now"",""elapsed_ms"":2033,""elapsed_per_call_ms"":2033,""extra_validation_calls"":0,""correctness"":""PASS""}",,
v8_ignition,Typescript,Typescript,29,928,1,1196,1196,0,true,2026-09-27T17:49:27.861933+00:00,--max-opt=0 --no-lazy,Date.now,1273972300,0,135e157d4fd316d69e9afdb0147a5d3f71ff32877fbe7c2febd72041df50deb0,"[""C:\\Users\\mzyx\\Desktop\\0921\\js-interpreter-bench\\engines\\v8-official-15.6.21\\runtime\\d8.exe"", ""--snapshot_blob=C:\\Users\\mzyx\\Desktop\\0921\\js-interpreter-bench\\engines\\v8-official-15.6.21\\runtime\\snapshot_blob.bin"", ""--max-opt=0"", ""--no-lazy"", ""C:\\Users\\mzyx\\Desktop\\0921\\js-interpreter-bench\\experiments\\octane_strict\\generated\\Typescript.Typescript.js"", ""--"", ""STRICT_CONFIG={\""N\"":1,\""mode\"":\""measure\"",\""timer\"":\""Date.now\""}""]","OCTANE_STRICT_RESULT:{""suite"":""Typescript"",""benchmark"":""Typescript"",""N"":1,""mode"":""measure"",""timer"":""Date.now"",""elapsed_ms"":1196,""elapsed_per_call_ms"":1196,""extra_validation_calls"":0,""correctness"":""PASS""}",,
quickjs,Crypto,Encrypt,30,929,256,1406,5.4921875,0,true,2026-09-27T17:49:29.398538+00:00,,Date.now,1522360600,0,c73b9c8626ff5488b879ff453a865c03adf87602c6d302855f1c6e0f91b57c92,"[""C:\\Users\\mzyx\\Desktop\\0921\\js-interpreter-bench\\engines\\quickjs-upstream\\qjs.exe"", ""C:\\Users\\mzyx\\Desktop\\0921\\js-interpreter-bench\\experiments\\octane_strict\\generated\\Crypto.Encrypt.js"", ""STRICT_CONFIG={\""N\"":256,\""mode\"":\""measure\"",\""timer\"":\""Date.now\""}""]","OCTANE_STRICT_RESULT:{""suite"":""Crypto"",""benchmark"":""Encrypt"",""N"":256,""mode"":""measure"",""timer"":""Date.now"",""elapsed_ms"":1406,""elapsed_per_call_ms"":5.4921875,""extra_validation_calls"":0,""correctness"":""PASS""}",,
v8_ignition,Crypto,Encrypt,30,930,256,1233,4.81640625,0,true,2026-09-27T17:49:30.775909+00:00,--max-opt=0 --no-lazy,Date.now,1360766400,0,c73b9c8626ff5488b879ff453a865c03adf87602c6d302855f1c6e0f91b57c92,"[""C:\\Users\\mzyx\\Desktop\\0921\\js-interpreter-bench\\engines\\v8-official-15.6.21\\runtime\\d8.exe"", ""--snapshot_blob=C:\\Users\\mzyx\\Desktop\\0921\\js-interpreter-bench\\engines\\v8-official-15.6.21\\runtime\\snapshot_blob.bin"", ""--max-opt=0"", ""--no-lazy"", ""C:\\Users\\mzyx\\Desktop\\0921\\js-interpreter-bench\\experiments\\octane_strict\\generated\\Crypto.Encrypt.js"", ""--"", ""STRICT_CONFIG={\""N\"":256,\""mode\"":\""measure\"",\""timer\"":\""Date.now\""}""]","OCTANE_STRICT_RESULT:{""suite"":""Crypto"",""benchmark"":""Encrypt"",""N"":256,""mode"":""measure"",""timer"":""Date.now"",""elapsed_ms"":1233,""elapsed_per_call_ms"":4.81640625,""extra_validation_calls"":0,""correctness"":""PASS""}",,
v8_ignition,Typescript,Typescript,30,931,1,1208,1208,0,true,2026-09-27T17:49:32.074352+00:00,--max-opt=0 --no-lazy,Date.now,1283573400,0,135e157d4fd316d69e9afdb0147a5d3f71ff32877fbe7c2febd72041df50deb0,"[""C:\\Users\\mzyx\\Desktop\\0921\\js-interpreter-bench\\engines\\v8-official-15.6.21\\runtime\\d8.exe"", ""--snapshot_blob=C:\\Users\\mzyx\\Desktop\\0921\\js-interpreter-bench\\engines\\v8-official-15.6.21\\runtime\\snapshot_blob.bin"", ""--max-opt=0"", ""--no-lazy"", ""C:\\Users\\mzyx\\Desktop\\0921\\js-interpreter-bench\\experiments\\octane_strict\\generated\\Typescript.Typescript.js"", ""--"", ""STRICT_CONFIG={\""N\"":1,\""mode\"":\""measure\"",\""timer\"":\""Date.now\""}""]","OCTANE_STRICT_RESULT:{""suite"":""Typescript"",""benchmark"":""Typescript"",""N"":1,""mode"":""measure"",""timer"":""Date.now"",""elapsed_ms"":1208,""elapsed_per_call_ms"":1208,""extra_validation_calls"":0,""correctness"":""PASS""}",,
quickjs,Typescript,Typescript,30,932,1,2062,2062,0,true,2026-09-27T17:49:34.352572+00:00,,Date.now,2261345200,0,135e157d4fd316d69e9afdb0147a5d3f71ff32877fbe7c2febd72041df50deb0,"[""C:\\Users\\mzyx\\Desktop\\0921\\js-interpreter-bench\\engines\\quickjs-upstream\\qjs.exe"", ""C:\\Users\\mzyx\\Desktop\\0921\\js-interpreter-bench\\experiments\\octane_strict\\generated\\Typescript.Typescript.js"", ""STRICT_CONFIG={\""N\"":1,\""mode\"":\""measure\"",\""timer\"":\""Date.now\""}""]","OCTANE_STRICT_RESULT:{""suite"":""Typescript"",""benchmark"":""Typescript"",""N"":1,""mode"":""measure"",""timer"":""Date.now"",""elapsed_ms"":2062,""elapsed_per_call_ms"":2062,""extra_validation_calls"":0,""correctness"":""PASS""}",,
v8_ignition,Mandreel,Mandreel,30,933,1,1493,1493,0,true,2026-09-27T17:49:37.244774+00:00,--max-opt=0 --no-lazy,Date.now,2872973500,0,64fbf14da4005c4426dcdd6191a5f206fbcd9ce260549e924fd925408614702d,"[""C:\\Users\\mzyx\\Desktop\\0921\\js-interpreter-bench\\engines\\v8-official-15.6.21\\runtime\\d8.exe"", ""--snapshot_blob=C:\\Users\\mzyx\\Desktop\\0921\\js-interpreter-bench\\engines\\v8-official-15.6.21\\runtime\\snapshot_blob.bin"", ""--max-opt=0"", ""--no-lazy"", ""C:\\Users\\mzyx\\Desktop\\0921\\js-interpreter-bench\\experiments\\octane_strict\\generated\\Mandreel.Mandreel.js"", ""--"", ""STRICT_CONFIG={\""N\"":1,\""mode\"":\""measure\"",\""timer\"":\""Date.now\""}""]","OCTANE_STRICT_RESULT:{""suite"":""Mandreel"",""benchmark"":""Mandreel"",""N"":1,""mode"":""measure"",""timer"":""Date.now"",""elapsed_ms"":1493,""elapsed_per_call_ms"":1493,""extra_validation_calls"":0,""correctness"":""PASS""}",,
quickjs,Mandreel,Mandreel,30,934,1,1804,1804,0,true,2026-09-27T17:49:40.545086+00:00,,Date.now,3278422600,0,64fbf14da4005c4426dcdd6191a5f206fbcd9ce260549e924fd925408614702d,"[""C:\\Users\\mzyx\\Desktop\\0921\\js-interpreter-bench\\engines\\quickjs-upstream\\qjs.exe"", ""C:\\Users\\mzyx\\Desktop\\0921\\js-interpreter-bench\\experiments\\octane_strict\\generated\\Mandreel.Mandreel.js"", ""STRICT_CONFIG={\""N\"":1,\""mode\"":\""measure\"",\""timer\"":\""Date.now\""}""]","OCTANE_STRICT_RESULT:{""suite"":""Mandreel"",""benchmark"":""Mandreel"",""N"":1,""mode"":""measure"",""timer"":""Date.now"",""elapsed_ms"":1804,""elapsed_per_call_ms"":1804,""extra_validation_calls"":0,""correctness"":""PASS""}",,
v8_ignition,Crypto,Decrypt,30,935,16,1462,91.375,0,true,2026-09-27T17:49:42.068933+00:00,--max-opt=0 --no-lazy,Date.now,1504248200,0,974b320858e72132edd4dd56da2f4582cbe4e99b10027c89dfa44b1ea1cd4591,"[""C:\\Users\\mzyx\\Desktop\\0921\\js-interpreter-bench\\engines\\v8-official-15.6.21\\runtime\\d8.exe"", ""--snapshot_blob=C:\\Users\\mzyx\\Desktop\\0921\\js-interpreter-bench\\engines\\v8-official-15.6.21\\runtime\\snapshot_blob.bin"", ""--max-opt=0"", ""--no-lazy"", ""C:\\Users\\mzyx\\Desktop\\0921\\js-interpreter-bench\\experiments\\octane_strict\\generated\\Crypto.Decrypt.js"", ""--"", ""STRICT_CONFIG={\""N\"":16,\""mode\"":\""measure\"",\""timer\"":\""Date.now\""}""]","OCTANE_STRICT_RESULT:{""suite"":""Crypto"",""benchmark"":""Decrypt"",""N"":16,""mode"":""measure"",""timer"":""Date.now"",""elapsed_ms"":1462,""elapsed_per_call_ms"":91.375,""extra_validation_calls"":0,""correctness"":""PASS""}",,
quickjs,Crypto,Decrypt,30,936,16,1582,98.875,0,true,2026-09-27T17:49:43.679683+00:00,,Date.now,1599525300,0,974b320858e72132edd4dd56da2f4582cbe4e99b10027c89dfa44b1ea1cd4591,"[""C:\\Users\\mzyx\\Desktop\\0921\\js-interpreter-bench\\engines\\quickjs-upstream\\qjs.exe"", ""C:\\Users\\mzyx\\Desktop\\0921\\js-interpreter-bench\\experiments\\octane_strict\\generated\\Crypto.Decrypt.js"", ""STRICT_CONFIG={\""N\"":16,\""mode\"":\""measure\"",\""timer\"":\""Date.now\""}""]","OCTANE_STRICT_RESULT:{""suite"":""Crypto"",""benchmark"":""Decrypt"",""N"":16,""mode"":""measure"",""timer"":""Date.now"",""elapsed_ms"":1582,""elapsed_per_call_ms"":98.875,""extra_validation_calls"":0,""correctness"":""PASS""}",,
quickjs,PdfJS,PdfJS,30,937,16,3220,201.25,0,true,2026-09-27T17:49:47.139747+00:00,,Date.now,3440711300,0,f1966230e4a00bc61dc4c00fd600486e941235c3ee8206f897bd148dfd6e630b,"[""C:\\Users\\mzyx\\Desktop\\0921\\js-interpreter-bench\\engines\\quickjs-upstream\\qjs.exe"", ""C:\\Users\\mzyx\\Desktop\\0921\\js-interpreter-bench\\experiments\\octane_strict\\generated\\PdfJS.PdfJS.js"", ""STRICT_CONFIG={\""N\"":16,\""mode\"":\""measure\"",\""timer\"":\""Date.now\""}""]","OCTANE_STRICT_RESULT:{""suite"":""PdfJS"",""benchmark"":""PdfJS"",""N"":16,""mode"":""measure"",""timer"":""Date.now"",""elapsed_ms"":3220,""elapsed_per_call_ms"":201.25,""extra_validation_calls"":0,""correctness"":""PASS""}",,
v8_ignition,PdfJS,PdfJS,30,938,16,1694,105.875,0,true,2026-09-27T17:49:49.016698+00:00,--max-opt=0 --no-lazy,Date.now,1860286100,0,f1966230e4a00bc61dc4c00fd600486e941235c3ee8206f897bd148dfd6e630b,"[""C:\\Users\\mzyx\\Desktop\\0921\\js-interpreter-bench\\engines\\v8-official-15.6.21\\runtime\\d8.exe"", ""--snapshot_blob=C:\\Users\\mzyx\\Desktop\\0921\\js-interpreter-bench\\engines\\v8-official-15.6.21\\runtime\\snapshot_blob.bin"", ""--max-opt=0"", ""--no-lazy"", ""C:\\Users\\mzyx\\Desktop\\0921\\js-interpreter-bench\\experiments\\octane_strict\\generated\\PdfJS.PdfJS.js"", ""--"", ""STRICT_CONFIG={\""N\"":16,\""mode\"":\""measure\"",\""timer\"":\""Date.now\""}""]","OCTANE_STRICT_RESULT:{""suite"":""PdfJS"",""benchmark"":""PdfJS"",""N"":16,""mode"":""measure"",""timer"":""Date.now"",""elapsed_ms"":1694,""elapsed_per_call_ms"":105.875,""extra_validation_calls"":0,""correctness"":""PASS""}",,
quickjs,CodeLoad,CodeLoadJQuery,30,939,256,2792,10.90625,0,true,2026-09-27T17:49:51.835779+00:00,,Date.now,2806023900,0,20f796e914b6995cc6114a2de2953e5cf5dd579501264d69dd26188909f790af,"[""C:\\Users\\mzyx\\Desktop\\0921\\js-interpreter-bench\\engines\\quickjs-upstream\\qjs.exe"", ""C:\\Users\\mzyx\\Desktop\\0921\\js-interpreter-bench\\experiments\\octane_strict\\generated\\CodeLoad.CodeLoadJQuery.js"", ""STRICT_CONFIG={\""N\"":256,\""mode\"":\""measure\"",\""timer\"":\""Date.now\""}""]","OCTANE_STRICT_RESULT:{""suite"":""CodeLoad"",""benchmark"":""CodeLoadJQuery"",""N"":256,""mode"":""measure"",""timer"":""Date.now"",""elapsed_ms"":2792,""elapsed_per_call_ms"":10.90625,""extra_validation_calls"":0,""correctness"":""PASS""}",,
v8_ignition,CodeLoad,CodeLoadJQuery,30,940,256,1074,4.1953125,0,true,2026-09-27T17:49:52.965622+00:00,--max-opt=0 --no-lazy,Date.now,1117640200,0,20f796e914b6995cc6114a2de2953e5cf5dd579501264d69dd26188909f790af,"[""C:\\Users\\mzyx\\Desktop\\0921\\js-interpreter-bench\\engines\\v8-official-15.6.21\\runtime\\d8.exe"", ""--snapshot_blob=C:\\Users\\mzyx\\Desktop\\0921\\js-interpreter-bench\\engines\\v8-official-15.6.21\\runtime\\snapshot_blob.bin"", ""--max-opt=0"", ""--no-lazy"", ""C:\\Users\\mzyx\\Desktop\\0921\\js-interpreter-bench\\experiments\\octane_strict\\generated\\CodeLoad.CodeLoadJQuery.js"", ""--"", ""STRICT_CONFIG={\""N\"":256,\""mode\"":\""measure\"",\""timer\"":\""Date.now\""}""]","OCTANE_STRICT_RESULT:{""suite"":""CodeLoad"",""benchmark"":""CodeLoadJQuery"",""N"":256,""mode"":""measure"",""timer"":""Date.now"",""elapsed_ms"":1074,""elapsed_per_call_ms"":4.1953125,""extra_validation_calls"":0,""correctness"":""PASS""}",,
v8_ignition,CodeLoad,CodeLoadClosure,30,941,4096,1164,0.2841796875,0,true,2026-09-27T17:49:54.193726+00:00,--max-opt=0 --no-lazy,Date.now,1215934300,0,9c3f2890631a64f3776ae7d0cbc83510f2cadc62313f8e27b4ab278dd94390e8,"[""C:\\Users\\mzyx\\Desktop\\0921\\js-interpreter-bench\\engines\\v8-official-15.6.21\\runtime\\d8.exe"", ""--snapshot_blob=C:\\Users\\mzyx\\Desktop\\0921\\js-interpreter-bench\\engines\\v8-official-15.6.21\\runtime\\snapshot_blob.bin"", ""--max-opt=0"", ""--no-lazy"", ""C:\\Users\\mzyx\\Desktop\\0921\\js-interpreter-bench\\experiments\\octane_strict\\generated\\CodeLoad.CodeLoadClosure.js"", ""--"", ""STRICT_CONFIG={\""N\"":4096,\""mode\"":\""measure\"",\""timer\"":\""Date.now\""}""]","OCTANE_STRICT_RESULT:{""suite"":""CodeLoad"",""benchmark"":""CodeLoadClosure"",""N"":4096,""mode"":""measure"",""timer"":""Date.now"",""elapsed_ms"":1164,""elapsed_per_call_ms"":0.2841796875,""extra_validation_calls"":0,""correctness"":""PASS""}",,
quickjs,CodeLoad,CodeLoadClosure,30,942,4096,2458,0.60009765625,0,true,2026-09-27T17:49:56.793855+00:00,,Date.now,2588967200,0,9c3f2890631a64f3776ae7d0cbc83510f2cadc62313f8e27b4ab278dd94390e8,"[""C:\\Users\\mzyx\\Desktop\\0921\\js-interpreter-bench\\engines\\quickjs-upstream\\qjs.exe"", ""C:\\Users\\mzyx\\Desktop\\0921\\js-interpreter-bench\\experiments\\octane_strict\\generated\\CodeLoad.CodeLoadClosure.js"", ""STRICT_CONFIG={\""N\"":4096,\""mode\"":\""measure\"",\""timer\"":\""Date.now\""}""]","OCTANE_STRICT_RESULT:{""suite"":""CodeLoad"",""benchmark"":""CodeLoadClosure"",""N"":4096,""mode"":""measure"",""timer"":""Date.now"",""elapsed_ms"":2458,""elapsed_per_call_ms"":0.60009765625,""extra_validation_calls"":0,""correctness"":""PASS""}",,
v8_ignition,DeltaBlue,DeltaBlue,30,943,512,1897,3.705078125,0,true,2026-09-27T17:49:58.738776+00:00,--max-opt=0 --no-lazy,Date.now,1933131800,0,8542689bb308963c4feefd143c1707791e271d609ef4c476eb9c3dfdeeec539f,"[""C:\\Users\\mzyx\\Desktop\\0921\\js-interpreter-bench\\engines\\v8-official-15.6.21\\runtime\\d8.exe"", ""--snapshot_blob=C:\\Users\\mzyx\\Desktop\\0921\\js-interpreter-bench\\engines\\v8-official-15.6.21\\runtime\\snapshot_blob.bin"", ""--max-opt=0"", ""--no-lazy"", ""C:\\Users\\mzyx\\Desktop\\0921\\js-interpreter-bench\\experiments\\octane_strict\\generated\\DeltaBlue.DeltaBlue.js"", ""--"", ""STRICT_CONFIG={\""N\"":512,\""mode\"":\""measure\"",\""timer\"":\""Date.now\""}""]","OCTANE_STRICT_RESULT:{""suite"":""DeltaBlue"",""benchmark"":""DeltaBlue"",""N"":512,""mode"":""measure"",""timer"":""Date.now"",""elapsed_ms"":1897,""elapsed_per_call_ms"":3.705078125,""extra_validation_calls"":0,""correctness"":""PASS""}",,
quickjs,DeltaBlue,DeltaBlue,30,944,512,3878,7.57421875,0,true,2026-09-27T17:50:02.639957+00:00,,Date.now,3889139500,0,8542689bb308963c4feefd143c1707791e271d609ef4c476eb9c3dfdeeec539f,"[""C:\\Users\\mzyx\\Desktop\\0921\\js-interpreter-bench\\engines\\quickjs-upstream\\qjs.exe"", ""C:\\Users\\mzyx\\Desktop\\0921\\js-interpreter-bench\\experiments\\octane_strict\\generated\\DeltaBlue.DeltaBlue.js"", ""STRICT_CONFIG={\""N\"":512,\""mode\"":\""measure\"",\""timer\"":\""Date.now\""}""]","OCTANE_STRICT_RESULT:{""suite"":""DeltaBlue"",""benchmark"":""DeltaBlue"",""N"":512,""mode"":""measure"",""timer"":""Date.now"",""elapsed_ms"":3878,""elapsed_per_call_ms"":7.57421875,""extra_validation_calls"":0,""correctness"":""PASS""}",,
quickjs,RayTrace,RayTrace,30,945,64,2571,40.171875,0,true,2026-09-27T17:50:05.237304+00:00,,Date.now,2582515600,0,fb0af35ee1cbd7396c6b23184a123f87ce6f9d1d8e29a2dcbc3bf86a98f3ae33,"[""C:\\Users\\mzyx\\Desktop\\0921\\js-interpreter-bench\\engines\\quickjs-upstream\\qjs.exe"", ""C:\\Users\\mzyx\\Desktop\\0921\\js-interpreter-bench\\experiments\\octane_strict\\generated\\RayTrace.RayTrace.js"", ""STRICT_CONFIG={\""N\"":64,\""mode\"":\""measure\"",\""timer\"":\""Date.now\""}""]","OCTANE_STRICT_RESULT:{""suite"":""RayTrace"",""benchmark"":""RayTrace"",""N"":64,""mode"":""measure"",""timer"":""Date.now"",""elapsed_ms"":2571,""elapsed_per_call_ms"":40.171875,""extra_validation_calls"":0,""correctness"":""PASS""}",,
v8_ignition,RayTrace,RayTrace,30,946,64,1096,17.125,0,true,2026-09-27T17:50:06.384282+00:00,--max-opt=0 --no-lazy,Date.now,1135712400,0,fb0af35ee1cbd7396c6b23184a123f87ce6f9d1d8e29a2dcbc3bf86a98f3ae33,"[""C:\\Users\\mzyx\\Desktop\\0921\\js-interpreter-bench\\engines\\v8-official-15.6.21\\runtime\\d8.exe"", ""--snapshot_blob=C:\\Users\\mzyx\\Desktop\\0921\\js-interpreter-bench\\engines\\v8-official-15.6.21\\runtime\\snapshot_blob.bin"", ""--max-opt=0"", ""--no-lazy"", ""C:\\Users\\mzyx\\Desktop\\0921\\js-interpreter-bench\\experiments\\octane_strict\\generated\\RayTrace.RayTrace.js"", ""--"", ""STRICT_CONFIG={\""N\"":64,\""mode\"":\""measure\"",\""timer\"":\""Date.now\""}""]","OCTANE_STRICT_RESULT:{""suite"":""RayTrace"",""benchmark"":""RayTrace"",""N"":64,""mode"":""measure"",""timer"":""Date.now"",""elapsed_ms"":1096,""elapsed_per_call_ms"":17.125,""extra_validation_calls"":0,""correctness"":""PASS""}",,
quickjs,Gameboy,Gameboy,30,947,4,1435,358.75,0,true,2026-09-27T17:50:07.874896+00:00,,Date.now,1478592800,0,3fc599b60ec8be6d0ab60d00add662dde31374ecb5b24167384d72d325a08a21,"[""C:\\Users\\mzyx\\Desktop\\0921\\js-interpreter-bench\\engines\\quickjs-upstream\\qjs.exe"", ""C:\\Users\\mzyx\\Desktop\\0921\\js-interpreter-bench\\experiments\\octane_strict\\generated\\Gameboy.Gameboy.js"", ""STRICT_CONFIG={\""N\"":4,\""mode\"":\""measure\"",\""timer\"":\""Date.now\""}""]","OCTANE_STRICT_RESULT:{""suite"":""Gameboy"",""benchmark"":""Gameboy"",""N"":4,""mode"":""measure"",""timer"":""Date.now"",""elapsed_ms"":1435,""elapsed_per_call_ms"":358.75,""extra_validation_calls"":0,""correctness"":""PASS""}",,
v8_ignition,Gameboy,Gameboy,30,948,4,1196,299,0,true,2026-09-27T17:50:09.150411+00:00,--max-opt=0 --no-lazy,Date.now,1257499400,0,3fc599b60ec8be6d0ab60d00add662dde31374ecb5b24167384d72d325a08a21,"[""C:\\Users\\mzyx\\Desktop\\0921\\js-interpreter-bench\\engines\\v8-official-15.6.21\\runtime\\d8.exe"", ""--snapshot_blob=C:\\Users\\mzyx\\Desktop\\0921\\js-interpreter-bench\\engines\\v8-official-15.6.21\\runtime\\snapshot_blob.bin"", ""--max-opt=0"", ""--no-lazy"", ""C:\\Users\\mzyx\\Desktop\\0921\\js-interpreter-bench\\experiments\\octane_strict\\generated\\Gameboy.Gameboy.js"", ""--"", ""STRICT_CONFIG={\""N\"":4,\""mode\"":\""measure\"",\""timer\"":\""Date.now\""}""]","OCTANE_STRICT_RESULT:{""suite"":""Gameboy"",""benchmark"":""Gameboy"",""N"":4,""mode"":""measure"",""timer"":""Date.now"",""elapsed_ms"":1196,""elapsed_per_call_ms"":299,""extra_validation_calls"":0,""correctness"":""PASS""}",,
v8_ignition,RegExp,RegExp,30,949,64,1278,19.96875,0,true,2026-09-27T17:50:10.499658+00:00,--max-opt=0 --no-lazy,Date.now,1337346000,0,881c9e28610ead1d8cbf528614032c48b8faa700f0e4177198bbb22f15a19111,"[""C:\\Users\\mzyx\\Desktop\\0921\\js-interpreter-bench\\engines\\v8-official-15.6.21\\runtime\\d8.exe"", ""--snapshot_blob=C:\\Users\\mzyx\\Desktop\\0921\\js-interpreter-bench\\engines\\v8-official-15.6.21\\runtime\\snapshot_blob.bin"", ""--max-opt=0"", ""--no-lazy"", ""C:\\Users\\mzyx\\Desktop\\0921\\js-interpreter-bench\\experiments\\octane_strict\\generated\\RegExp.RegExp.js"", ""--"", ""STRICT_CONFIG={\""N\"":64,\""mode\"":\""measure\"",\""timer\"":\""Date.now\""}""]","OCTANE_STRICT_RESULT:{""suite"":""RegExp"",""benchmark"":""RegExp"",""N"":64,""mode"":""measure"",""timer"":""Date.now"",""elapsed_ms"":1278,""elapsed_per_call_ms"":19.96875,""extra_validation_calls"":0,""correctness"":""PASS""}",,
quickjs,RegExp,RegExp,30,950,64,14718,229.96875,0,true,2026-09-27T17:50:25.263042+00:00,,Date.now,14751902200,0,881c9e28610ead1d8cbf528614032c48b8faa700f0e4177198bbb22f15a19111,"[""C:\\Users\\mzyx\\Desktop\\0921\\js-interpreter-bench\\engines\\quickjs-upstream\\qjs.exe"", ""C:\\Users\\mzyx\\Desktop\\0921\\js-interpreter-bench\\experiments\\octane_strict\\generated\\RegExp.RegExp.js"", ""STRICT_CONFIG={\""N\"":64,\""mode\"":\""measure\"",\""timer\"":\""Date.now\""}""]","OCTANE_STRICT_RESULT:{""suite"":""RegExp"",""benchmark"":""RegExp"",""N"":64,""mode"":""measure"",""timer"":""Date.now"",""elapsed_ms"":14718,""elapsed_per_call_ms"":229.96875,""extra_validation_calls"":0,""correctness"":""PASS""}",,
v8_ignition,EarleyBoyer,Earley,30,951,512,1105,2.158203125,0,true,2026-09-27T17:50:26.423890+00:00,--max-opt=0 --no-lazy,Date.now,1148449500,0,c3ef3fbdd43f0dd5865a1652fa447c774869e86efba25ad910dffdea953f80a2,"[""C:\\Users\\mzyx\\Desktop\\0921\\js-interpreter-bench\\engines\\v8-official-15.6.21\\runtime\\d8.exe"", ""--snapshot_blob=C:\\Users\\mzyx\\Desktop\\0921\\js-interpreter-bench\\engines\\v8-official-15.6.21\\runtime\\snapshot_blob.bin"", ""--max-opt=0"", ""--no-lazy"", ""C:\\Users\\mzyx\\Desktop\\0921\\js-interpreter-bench\\experiments\\octane_strict\\generated\\EarleyBoyer.Earley.js"", ""--"", ""STRICT_CONFIG={\""N\"":512,\""mode\"":\""measure\"",\""timer\"":\""Date.now\""}""]","OCTANE_STRICT_RESULT:{""suite"":""EarleyBoyer"",""benchmark"":""Earley"",""N"":512,""mode"":""measure"",""timer"":""Date.now"",""elapsed_ms"":1105,""elapsed_per_call_ms"":2.158203125,""extra_validation_calls"":0,""correctness"":""PASS""}",,
quickjs,EarleyBoyer,Earley,30,952,512,3780,7.3828125,0,true,2026-09-27T17:50:30.236980+00:00,,Date.now,3801273800,0,c3ef3fbdd43f0dd5865a1652fa447c774869e86efba25ad910dffdea953f80a2,"[""C:\\Users\\mzyx\\Desktop\\0921\\js-interpreter-bench\\engines\\quickjs-upstream\\qjs.exe"", ""C:\\Users\\mzyx\\Desktop\\0921\\js-interpreter-bench\\experiments\\octane_strict\\generated\\EarleyBoyer.Earley.js"", ""STRICT_CONFIG={\""N\"":512,\""mode\"":\""measure\"",\""timer\"":\""Date.now\""}""]","OCTANE_STRICT_RESULT:{""suite"":""EarleyBoyer"",""benchmark"":""Earley"",""N"":512,""mode"":""measure"",""timer"":""Date.now"",""elapsed_ms"":3780,""elapsed_per_call_ms"":7.3828125,""extra_validation_calls"":0,""correctness"":""PASS""}",,
v8_ignition,NavierStokes,NavierStokes,30,953,32,2317,72.40625,0,true,2026-09-27T17:50:32.610987+00:00,--max-opt=0 --no-lazy,Date.now,2356251000,0,e86c3b0056fae99b5f0ffdb7d093b565b02987eef458b2c07ecb3fc39700ee3c,"[""C:\\Users\\mzyx\\Desktop\\0921\\js-interpreter-bench\\engines\\v8-official-15.6.21\\runtime\\d8.exe"", ""--snapshot_blob=C:\\Users\\mzyx\\Desktop\\0921\\js-interpreter-bench\\engines\\v8-official-15.6.21\\runtime\\snapshot_blob.bin"", ""--max-opt=0"", ""--no-lazy"", ""C:\\Users\\mzyx\\Desktop\\0921\\js-interpreter-bench\\experiments\\octane_strict\\generated\\NavierStokes.NavierStokes.js"", ""--"", ""STRICT_CONFIG={\""N\"":32,\""mode\"":\""measure\"",\""timer\"":\""Date.now\""}""]","OCTANE_STRICT_RESULT:{""suite"":""NavierStokes"",""benchmark"":""NavierStokes"",""N"":32,""mode"":""measure"",""timer"":""Date.now"",""elapsed_ms"":2317,""elapsed_per_call_ms"":72.40625,""extra_validation_calls"":0,""correctness"":""PASS""}",,
quickjs,NavierStokes,NavierStokes,30,954,32,1882,58.8125,0,true,2026-09-27T17:50:34.520032+00:00,,Date.now,1898033000,0,e86c3b0056fae99b5f0ffdb7d093b565b02987eef458b2c07ecb3fc39700ee3c,"[""C:\\Users\\mzyx\\Desktop\\0921\\js-interpreter-bench\\engines\\quickjs-upstream\\qjs.exe"", ""C:\\Users\\mzyx\\Desktop\\0921\\js-interpreter-bench\\experiments\\octane_strict\\generated\\NavierStokes.NavierStokes.js"", ""STRICT_CONFIG={\""N\"":32,\""mode\"":\""measure\"",\""timer\"":\""Date.now\""}""]","OCTANE_STRICT_RESULT:{""suite"":""NavierStokes"",""benchmark"":""NavierStokes"",""N"":32,""mode"":""measure"",""timer"":""Date.now"",""elapsed_ms"":1882,""elapsed_per_call_ms"":58.8125,""extra_validation_calls"":0,""correctness"":""PASS""}",,
quickjs,Richards,Richards,30,955,512,1951,3.810546875,0,true,2026-09-27T17:50:36.492229+00:00,,Date.now,1961343300,0,d2207c68ebcf5db16fd42f8eb04fe21239b5f4726e5d3734ebd3c059754126a8,"[""C:\\Users\\mzyx\\Desktop\\0921\\js-interpreter-bench\\engines\\quickjs-upstream\\qjs.exe"", ""C:\\Users\\mzyx\\Desktop\\0921\\js-interpreter-bench\\experiments\\octane_strict\\generated\\Richards.Richards.js"", ""STRICT_CONFIG={\""N\"":512,\""mode\"":\""measure\"",\""timer\"":\""Date.now\""}""]","OCTANE_STRICT_RESULT:{""suite"":""Richards"",""benchmark"":""Richards"",""N"":512,""mode"":""measure"",""timer"":""Date.now"",""elapsed_ms"":1951,""elapsed_per_call_ms"":3.810546875,""extra_validation_calls"":0,""correctness"":""PASS""}",,
v8_ignition,Richards,Richards,30,956,512,1088,2.125,0,true,2026-09-27T17:50:37.635112+00:00,--max-opt=0 --no-lazy,Date.now,1126165000,0,d2207c68ebcf5db16fd42f8eb04fe21239b5f4726e5d3734ebd3c059754126a8,"[""C:\\Users\\mzyx\\Desktop\\0921\\js-interpreter-bench\\engines\\v8-official-15.6.21\\runtime\\d8.exe"", ""--snapshot_blob=C:\\Users\\mzyx\\Desktop\\0921\\js-interpreter-bench\\engines\\v8-official-15.6.21\\runtime\\snapshot_blob.bin"", ""--max-opt=0"", ""--no-lazy"", ""C:\\Users\\mzyx\\Desktop\\0921\\js-interpreter-bench\\experiments\\octane_strict\\generated\\Richards.Richards.js"", ""--"", ""STRICT_CONFIG={\""N\"":512,\""mode\"":\""measure\"",\""timer\"":\""Date.now\""}""]","OCTANE_STRICT_RESULT:{""suite"":""Richards"",""benchmark"":""Richards"",""N"":512,""mode"":""measure"",""timer"":""Date.now"",""elapsed_ms"":1088,""elapsed_per_call_ms"":2.125,""extra_validation_calls"":0,""correctness"":""PASS""}",,
quickjs,Splay,Splay,30,957,2048,4607,2.24951171875,0,true,2026-09-27T17:50:42.702196+00:00,,Date.now,5056007000,0,d6372414234d150c814a6933257aa8c98a8c6260b0d72a71ee0d08d0ee6fb17a,"[""C:\\Users\\mzyx\\Desktop\\0921\\js-interpreter-bench\\engines\\quickjs-upstream\\qjs.exe"", ""C:\\Users\\mzyx\\Desktop\\0921\\js-interpreter-bench\\experiments\\octane_strict\\generated\\Splay.Splay.js"", ""STRICT_CONFIG={\""N\"":2048,\""mode\"":\""measure\"",\""timer\"":\""Date.now\""}""]","OCTANE_STRICT_RESULT:{""suite"":""Splay"",""benchmark"":""Splay"",""N"":2048,""mode"":""measure"",""timer"":""Date.now"",""elapsed_ms"":4607,""elapsed_per_call_ms"":2.24951171875,""extra_validation_calls"":0,""correctness"":""PASS""}",,
v8_ignition,Splay,Splay,30,958,2048,1833,0.89501953125,0,true,2026-09-27T17:50:44.686917+00:00,--max-opt=0 --no-lazy,Date.now,1972837800,0,d6372414234d150c814a6933257aa8c98a8c6260b0d72a71ee0d08d0ee6fb17a,"[""C:\\Users\\mzyx\\Desktop\\0921\\js-interpreter-bench\\engines\\v8-official-15.6.21\\runtime\\d8.exe"", ""--snapshot_blob=C:\\Users\\mzyx\\Desktop\\0921\\js-interpreter-bench\\engines\\v8-official-15.6.21\\runtime\\snapshot_blob.bin"", ""--max-opt=0"", ""--no-lazy"", ""C:\\Users\\mzyx\\Desktop\\0921\\js-interpreter-bench\\experiments\\octane_strict\\generated\\Splay.Splay.js"", ""--"", ""STRICT_CONFIG={\""N\"":2048,\""mode\"":\""measure\"",\""timer\"":\""Date.now\""}""]","OCTANE_STRICT_RESULT:{""suite"":""Splay"",""benchmark"":""Splay"",""N"":2048,""mode"":""measure"",""timer"":""Date.now"",""elapsed_ms"":1833,""elapsed_per_call_ms"":0.89501953125,""extra_validation_calls"":0,""correctness"":""PASS""}",,
quickjs,EarleyBoyer,Boyer,30,959,32,3792,118.5,0,true,2026-09-27T17:50:48.512556+00:00,,Date.now,3815271400,0,e6d4262bd967274f8c7b66181bd6e39a9851606524faae200584e064d21b43b8,"[""C:\\Users\\mzyx\\Desktop\\0921\\js-interpreter-bench\\engines\\quickjs-upstream\\qjs.exe"", ""C:\\Users\\mzyx\\Desktop\\0921\\js-interpreter-bench\\experiments\\octane_strict\\generated\\EarleyBoyer.Boyer.js"", ""STRICT_CONFIG={\""N\"":32,\""mode\"":\""measure\"",\""timer\"":\""Date.now\""}""]","OCTANE_STRICT_RESULT:{""suite"":""EarleyBoyer"",""benchmark"":""Boyer"",""N"":32,""mode"":""measure"",""timer"":""Date.now"",""elapsed_ms"":3792,""elapsed_per_call_ms"":118.5,""extra_validation_calls"":0,""correctness"":""PASS""}",,
v8_ignition,EarleyBoyer,Boyer,30,960,32,1307,40.84375,0,true,2026-09-27T17:50:49.873383+00:00,--max-opt=0 --no-lazy,Date.now,1350268900,0,e6d4262bd967274f8c7b66181bd6e39a9851606524faae200584e064d21b43b8,"[""C:\\Users\\mzyx\\Desktop\\0921\\js-interpreter-bench\\engines\\v8-official-15.6.21\\runtime\\d8.exe"", ""--snapshot_blob=C:\\Users\\mzyx\\Desktop\\0921\\js-interpreter-bench\\engines\\v8-official-15.6.21\\runtime\\snapshot_blob.bin"", ""--max-opt=0"", ""--no-lazy"", ""C:\\Users\\mzyx\\Desktop\\0921\\js-interpreter-bench\\experiments\\octane_strict\\generated\\EarleyBoyer.Boyer.js"", ""--"", ""STRICT_CONFIG={\""N\"":32,\""mode\"":\""measure\"",\""timer\"":\""Date.now\""}""]","OCTANE_STRICT_RESULT:{""suite"":""EarleyBoyer"",""benchmark"":""Boyer"",""N"":32,""mode"":""measure"",""timer"":""Date.now"",""elapsed_ms"":1307,""elapsed_per_call_ms"":40.84375,""extra_validation_calls"":0,""correctness"":""PASS""}",,
